Aw_Tm,Aw_G,Aw_W,Aw_Wpct,Aw_Poss,Aw_TotPoss,Aw_OppPoss,Aw_TotOppPoss,Aw_PassOffEff,Aw_RushOffEff,Aw_PassDefEff,Aw_RushDefEff,Aw_TmOffEff,Aw_TmDefEff,Aw_TmEff,Aw_TmLuckW,Aw_Pts,Aw_TotPts,Aw_TotScorePlays,Aw_OppPts,Aw_TotOppPts,Aw_TotOppScorePlays,Aw_TmDiv,Aw_WStreak,Aw_AvgMoV,Aw_TotPtDiff,Aw_OppSOS,Aw_PassCmppct,Aw_PassAdjYdsAtt,Aw_RushYdsAtt,Aw_PassTDG,Aw_RushTDG,Aw_FGpct,Aw_PenYdsG,Aw_TOVG,Aw_TO,Aw_Dwn3Conv,Aw_OppPassCmppct,Aw_OppPassAdjYdsAtt,Aw_OppRushYdsAtt,Aw_OppPassTDG,Aw_OppRushTDG,Aw_OppFGpct,Aw_OppPenYdsG,Aw_OppTOVG,Aw_OppDwn3Conv,Aw_TmLuck,Game Date,Aw_Season,Aw_OffEffAdj,Aw_DefEffAdj,Hm_Tm,Hm_G,Hm_W,Hm_Wpct,Hm_Poss,Hm_TotPoss,Hm_OppPoss,Hm_TotOppPoss,Hm_PassOffEff,Hm_RushOffEff,Hm_PassDefEff,Hm_RushDefEff,Hm_TmOffEff,Hm_TmDefEff,Hm_TmEff,Hm_TmLuckW,Hm_Pts,Hm_TotPts,Hm_TotScorePlays,Hm_OppPts,Hm_TotOppPts,Hm_TotOppScorePlays,Hm_TmDiv,Hm_WStreak,Hm_AvgMoV,Hm_TotPtDiff,Hm_OppSOS,Hm_PassCmppct,Hm_PassAdjYdsAtt,Hm_RushYdsAtt,Hm_PassTDG,Hm_RushTDG,Hm_FGpct,Hm_PenYdsG,Hm_TOVG,Hm_TO,Hm_Dwn3Conv,Hm_OppPassCmppct,Hm_OppPassAdjYdsAtt,Hm_OppRushYdsAtt,Hm_OppPassTDG,Hm_OppRushTDG,Hm_OppFGpct,Hm_OppPenYdsG,Hm_OppTOVG,Hm_OppDwn3Conv,Hm_TmLuck,Hm_Season,Hm_OffEffAdj,Hm_DefEffAdj,Matchup,Home Team,Home Pts,Home Elo,Home Lg Rank,Away Team,Away Pts,Away Elo,Away Lg Rank,Home W,Home Pt Diff,Home Spread,Home Spread W,Home Moneyline,Away Moneyline,Divisional Game,Playoff Game
TAM,1.0,1.0,1.0,11.0,11,11.0,11,25.099999999999994,-0.7857142857142856,11.299999999999997,-1.6363636363636358,2.8181818181818183,2.1818181818181817,0.6363636363636367,0.6471561715666957,31.0,31.0,5.0,24.0,24.0,5.0,NFC South,1,7.0,7,0.5,0.7190000000000001,9.88,3.2142857142857144,4.0,0.0,1.0,48.0,1.0,-1.0,0.3,0.6920000000000001,9.28,2.363636363636364,2.0,0.0,1.0,74.0,0.0,0.3,0.3528438284333043,2016-09-18,2016,0.6149290129242292,0.1603835583787747,ARI,1.0,0.0,0.0,9.0,9,9.0,9,2.5,0.8421052631578947,5.200000000000003,-0.580645161290323,2.3333333333333335,2.5555555555555554,-0.22222222222222188,0.44630705217803657,21.0,21.0,3.0,23.0,23.0,5.0,NFC West,-1,-2.0,-2,0.5,0.649,7.89,4.842105263157895,2.0,1.0,0.0,58.0,0.0,2.0,0.5,0.727,8.39,3.419354838709677,1.0,1.0,1.0,69.0,2.0,0.5,-0.44630705217803657,2016,0.18456431594065448,-0.24794836232113143,TAM vs. ARI,ARI,40,1450.0,17.0,TAM,7,1550.0,1.0,1,33,-7.5,1,-330.0,289.0,0,0
ARI,2.0,1.0,0.5,10.5,21,11.5,23,8.100000000000001,0.17105263157894735,-28.7,-0.2665130568356373,2.8333333333333335,1.5277777777777777,1.3055555555555558,1.4304917754667814,30.5,61.0,9.0,15.0,30.0,6.0,NFC West,1,15.5,31,1.0,0.589,9.4,4.171052631578947,2.5,1.0,0.5,44.0,0.0,7.0,0.4642857142857143,0.623,4.78,3.7334869431643627,1.0,0.5,0.5,54.0,3.5,0.4642857142857143,-0.4304917754667814,2016-09-25,2016,0.33632319097140395,0.0742836814608546,BUF,2.0,0.0,0.0,9.0,18,9.0,18,-4.949999999999996,-0.38267543859649145,6.099999999999994,-0.8095238095238095,2.111111111111111,2.6625,-0.5513888888888889,0.5840584059910943,19.0,38.0,5.0,25.0,50.0,10.0,AFC East,-2,-6.0,-12,0.0,0.6475,7.355,3.6173245614035086,1.5,0.5,0.5,74.0,0.5,1.0,0.2653846153846154,0.6865,9.445,3.1904761904761907,1.0,1.5,1.0,42.5,1.0,0.2653846153846154,-0.5840584059910943,2016,0.19665855472345914,0.11553933166914049,ARI vs. BUF,BUF,33,1400.0,25.0,ARI,18,1514.0064999802885,9.0,1,15,5.0,1,195.0,-218.0,0,0
LAR,3.0,2.0,0.6666666666666666,11.333333333333334,34,11.0,33,-32.86666666666667,-0.8207992973210364,-13.699999999999998,-0.6213924963924962,1.3611111111111114,1.7987567987567987,-0.43764568764568756,1.5162816326931745,15.333333333333334,46.0,8.0,21.0,63.0,9.0,NFC West,2,-5.666666666666667,-17,0.75,0.5413333333333333,5.003333333333333,3.1792007026789637,0.6666666666666666,0.6666666666666666,1.0,83.0,1.3333333333333333,0.0,0.3038461538461539,0.6263333333333333,6.41,3.3786075036075034,1.3333333333333333,1.3333333333333333,0.5,68.0,1.3333333333333333,0.3038461538461539,0.4837183673068255,2016-10-02,2016,0.27323281312210396,0.225792578846075,ARI,3.0,1.0,0.3333333333333333,12.0,36,11.333333333333334,34,-16.7,0.11403508771929823,-36.833333333333336,0.6556579621095752,2.288888888888889,2.0185185185185186,0.27037037037037054,1.6225732089705613,26.333333333333332,79.0,12.0,21.0,63.0,11.0,NFC West,-1,5.333333333333333,16,0.5,0.566,6.800000000000001,4.114035087719298,1.6666666666666667,1.3333333333333333,0.6666666666666666,46.0,1.6666666666666667,3.0,0.42063492063492064,0.602,3.7733333333333334,4.655657962109575,0.6666666666666666,1.3333333333333333,0.6666666666666666,61.0,2.6666666666666665,0.42063492063492064,-0.6225732089705613,2016,0.26415853233660425,0.14854602648356693,LAR vs. ARI,ARI,13,1448.1642063695244,16.0,LAR,17,1559.9838184071837,6.0,0,-4,-10.0,0,-414.0,357.0,1,0
ARI,4.0,1.0,0.25,12.0,48,11.25,45,-23.224999999999998,0.2655263157894736,-25.475,-0.0626043545047752,1.9875,1.900252525252525,0.08724747474747485,1.9687730286452885,23.0,92.0,15.0,20.0,80.0,14.0,NFC West,-2,3.0,12,0.5555555555555555,0.5680000000000001,6.095000000000001,4.265526315789474,1.5,1.0,0.75,45.75,2.5,-1.0,0.4308608058608059,0.6015,5.2225,3.937395645495225,1.0,1.0,0.75,66.75,2.25,0.4308608058608059,-0.9687730286452885,2016-10-06,2016,0.23681460713708685,0.15798431999425536,SFO,4.0,1.0,0.25,12.5,50,12.0,48,-27.25,-0.4796400762752262,-9.200000000000003,0.16349422029646465,1.8075587606837606,2.2742424242424244,-0.46668366355866364,1.679935879417179,22.5,90.0,15.0,26.75,107.0,19.0,NFC West,-3,-4.25,-17,0.38888888888888884,0.58925,5.1775,3.520359923724774,1.0,1.75,0.8333333333333334,31.75,1.5,2.0,0.39859943977591034,0.62325,7.015,4.163494220296465,2.0,0.75,0.8333333333333334,61.75,2.0,0.39859943977591034,-0.679935879417179,2016,0.24900480904371156,0.22958967859934165,ARI vs. SFO,SFO,21,1400.2486398273843,17.0,ARI,33,1413.7228144852554,17.0,0,-12,3.5,0,169.0,-188.0,1,0
NYJ,5.0,1.0,0.2,10.4,52,9.4,47,-28.98,0.18736185383244203,15.86,-0.945377867746289,1.83,2.908888888888889,-1.0788888888888888,1.4476911793166822,18.4,92.0,18.0,27.2,136.0,21.0,AFC East,-3,-8.8,-44,0.47916666666666663,0.5846,5.002000000000001,4.187361853832442,1.0,0.6,0.95,47.6,2.6,-9.0,0.41944055944055947,0.716,9.644,3.0546221322537113,2.4,0.2,0.95,48.6,0.8,0.41944055944055947,-0.44769117931668223,2016-10-17,2016,0.315159841431922,0.31744036269936027,ARI,5.0,2.0,0.4,12.4,62,11.6,58,-23.4,0.3421507823613085,-29.880000000000003,-0.011194594714931227,2.0614285714285714,1.8432789432789434,0.21814962814962824,2.713598985809482,25.0,125.0,20.0,20.2,101.0,17.0,NFC West,1,4.8,24,0.47916666666666663,0.533,5.99,4.342150782361308,1.6,1.2,0.8,46.6,2.0,2.0,0.4071886446886447,0.5974,4.598000000000001,3.988805405285069,1.0,1.2,0.75,60.2,2.4,0.4071886446886447,-0.7135989858094818,2016,0.27654200091551734,0.19265109393530622,NYJ vs. ARI,ARI,28,1461.784696441998,15.0,NYJ,3,1386.6178640610829,22.0,1,25,-7.5,1,-350.0,305.0,0,0
SEA,5.0,4.0,0.8,10.6,53,10.6,53,-3.5600000000000023,-0.8812861869313483,-28.820000000000004,-0.8192544802867385,1.9521212121212124,1.4581818181818182,0.4939393939393941,2.8186843620447135,21.0,105.0,21.0,15.6,78.0,14.0,NFC West,3,5.4,27,0.4083333333333333,0.6679999999999999,7.74,3.1187138130686516,1.2,1.0,0.9333333333333333,66.8,1.0,1.0,0.38403846153846155,0.5832,5.2780000000000005,3.1807455197132617,0.8,0.6,0.8,55.8,1.2,0.38403846153846155,1.1813156379552865,2016-10-23,2016,0.4898401071587209,0.2737298827599019,ARI,6.0,3.0,0.5,11.833333333333334,71,11.5,69,-20.249999999999996,0.4327446995868048,-33.76666666666667,-0.28313835273863314,2.236375661375661,1.5815203315203314,0.6548553298553299,3.708600521557497,25.5,153.0,24.0,17.333333333333332,104.0,18.0,NFC West,2,8.166666666666666,49,0.42333333333333334,0.5585,6.158333333333334,4.432744699586805,1.5,1.5,0.8,49.5,1.6666666666666667,4.0,0.4302329614829615,0.588,4.3133333333333335,3.7168616472613665,0.8333333333333334,1.0,0.8,64.0,2.3333333333333335,0.4302329614829615,-0.7086005215574969,2016,0.29810701287000013,0.18658258601923927,SEA vs. ARI,ARI,6,1501.1329922287714,14.0,SEA,6,1634.3871581418966,3.0,0,0,-2.5,0,-134.0,121.0,1,0
ARI,7.0,3.0,0.42857142857142855,11.857142857142858,83,11.571428571428571,81,-20.52857142857143,0.30914796644119946,-31.914285714285715,-0.423141144452663,1.9883219954648526,1.427017427017427,0.5613045684474256,4.208600521557497,22.714285714285715,159.0,26.0,15.714285714285714,110.0,20.0,NFC West,0,7.0,49,0.48611111111111116,0.5632857142857143,6.185714285714285,4.309147966441199,1.2857142857142858,1.2857142857142858,0.75,48.857142857142854,1.4285714285714286,4.0,0.4367983207268921,0.5967142857142856,4.488571428571428,3.5768588555473366,0.7142857142857143,0.8571428571428571,0.7777777777777778,67.71428571428571,2.0,0.4367983207268921,-1.2086005215574973,2016-10-30,2016,0.25916761865663523,0.1690087999450618,CAR,6.0,1.0,0.16666666666666666,12.166666666666666,73,11.666666666666666,70,-23.683333333333334,0.3224147063730398,-4.766666666666666,-0.7209718339028685,2.140967365967366,2.547295066045066,-0.4063277000777001,2.5178890957999336,26.833333333333332,161.0,26.0,29.333333333333332,176.0,29.0,NFC South,-4,-2.5,-15,0.6333333333333333,0.6031666666666666,5.898333333333333,4.322414706373039,1.6666666666666667,1.1666666666666667,0.6944444444444443,61.0,2.6666666666666665,-8.0,0.3794823232323232,0.643,7.706666666666666,3.2790281660971314,2.1666666666666665,0.8333333333333334,0.8533333333333333,59.5,1.3333333333333333,0.3794823232323232,-1.5178890957999336,2016,0.2660613778748898,0.24043146719476652,ARI vs. CAR,CAR,30,1340.9847455747836,26.0,ARI,20,1469.4217229345568,17.0,1,10,-2.5,1,-134.0,121.0,0,0
SFO,8.0,1.0,0.125,12.5,100,12.25,98,-28.3875,0.2763447611154215,-2.3125000000000018,1.0492743162425116,1.6706063034188035,2.6817640692640694,-1.011157765845266,2.379195964871231,20.875,167.0,30.0,32.5,260.0,44.0,NFC West,-7,-11.625,-93,0.4064625850340136,0.5589999999999999,5.225,4.276344761115421,1.125,1.25,0.9166666666666666,40.25,2.125,-6.0,0.34163793722617253,0.612125,7.6075,5.049274316242512,2.25,1.5,0.8333333333333333,60.75,1.375,0.34163793722617253,-1.379195964871231,2016-11-13,2016,0.24828015131732883,0.3154532876857983,ARI,8.0,3.0,0.375,11.75,94,11.375,91,-17.112499999999997,0.07050447063604953,-30.75,-0.3806651680627468,1.9670544733044732,1.6236402486402486,0.34341422466422467,4.485288089381994,22.375,179.0,29.0,17.5,140.0,25.0,NFC West,-1,4.875,39,0.4404761904761905,0.588,6.3125,4.07050447063605,1.5,1.125,0.75,53.75,1.5,3.0,0.4238651973026973,0.587,4.890000000000001,3.619334831937253,0.625,1.0,0.8095238095238095,64.25,1.875,0.4238651973026973,-1.485288089381994,2016,0.25123224123393906,0.18937884308440955,SFO vs. ARI,ARI,23,1413.7228144852554,17.0,SFO,20,1400.2486398273843,17.0,1,3,-14.0,0,-850.0,671.0,1,0
ARI,9.0,4.0,0.4444444444444444,11.88888888888889,107,11.444444444444445,103,-18.12222222222222,0.004699626072623728,-28.67777777777778,-0.4534484033573622,1.9450740617407283,1.628420961754295,0.3166530999864333,5.0673481258183575,22.444444444444443,202.0,34.0,17.77777777777778,160.0,29.0,NFC West,1,4.666666666666667,42,0.4010416666666667,0.5906666666666667,6.275555555555556,4.0046996260726235,1.4444444444444444,1.1111111111111112,0.7857142857142857,48.888888888888886,1.7777777777777777,0.0,0.4323246198246198,0.5847777777777777,5.154444444444445,3.546551596642638,0.6666666666666666,1.0,0.8333333333333334,68.22222222222223,1.7777777777777777,0.4323246198246198,-1.0673481258183575,2016-11-20,2016,0.2800728595245855,0.21687907697008374,MIN,9.0,5.0,0.5555555555555556,10.11111111111111,91,10.777777777777779,97,-3.8666666666666663,-1.3536613669947002,-26.755555555555556,0.06663615855519896,1.9714365881032547,1.6217732884399552,0.3496632996632997,4.975197275105034,19.444444444444443,175.0,28.0,16.88888888888889,152.0,30.0,NFC North,-4,2.5555555555555554,23,0.5824404761904762,0.6788888888888889,7.155555555555556,2.6463386330053,1.2222222222222223,0.5555555555555556,0.8333333333333333,56.333333333333336,0.6666666666666666,12.0,0.3861036624194519,0.5896666666666667,5.104444444444444,4.066636158555199,1.1111111111111112,0.4444444444444444,0.8958333333333333,44.0,2.0,0.3861036624194519,0.0248027248949656,2016,0.3085402640989732,0.27576641666305723,ARI vs. MIN,MIN,30,1442.77749058882,9.0,ARI,24,1434.6178519968348,15.0,1,6,-2.0,1,-125.0,113.0,0,0
ARI,10.0,4.0,0.4,11.9,119,11.2,112,-20.45,0.08637252060821847,-26.3,-0.508103563021626,1.9505666555666559,1.798912198912199,0.15165445665445665,5.43813322247199,22.6,226.0,38.0,19.0,190.0,32.0,NFC West,-1,3.6,36,0.41820987654320985,0.5841999999999999,5.924,4.086372520608219,1.5,1.1,0.8125,53.6,1.8,-1.0,0.4198613886113886,0.5977,5.228,3.4918964369783736,0.7,1.0,0.8518518518518519,68.7,1.7,0.4198613886113886,-1.4381332224719898,2016-11-27,2016,0.2734041491983734,0.21605333650080027,ATL,10.0,6.0,0.6,9.9,99,10.6,106,12.379999999999999,0.18872784983719657,-0.5400000000000006,0.1505513784461153,3.341868686868687,2.6923737373737375,0.6494949494949493,5.481085979312326,32.0,320.0,56.0,28.3,283.0,48.0,NFC South,-1,3.7,37,0.5568783068783069,0.6787,9.662,4.188727849837196,2.4,0.9,0.95,62.0,0.8,3.0,0.3966355866355866,0.6839999999999999,7.233,4.150551378446115,2.3,0.9,0.8074074074074074,56.7,1.1,0.3966355866355866,0.5189140206876743,2016,0.5950092779378887,0.4310451632009513,ARI vs. ATL,ATL,38,1542.707252145726,8.0,ARI,19,1385.7919025380563,19.0,1,19,-3.5,1,-187.0,168.0,0,0
WAS,11.0,6.0,0.5454545454545454,9.727272727272727,107,9.727272727272727,107,2.0636363636363653,0.38310710816683446,-7.718181818181818,0.7076820839978736,2.6592657342657344,2.5935100253282073,0.0657557089375271,5.96754007019565,25.454545454545453,280.0,54.0,24.0,264.0,44.0,NFC East,-1,1.4545454545454546,16,0.5398015873015873,0.6837272727272727,8.210909090909091,4.3831071081668345,1.8181818181818181,0.8181818181818182,0.8181818181818182,54.81818181818182,1.0909090909090908,2.0,0.47176426514661807,0.6654545454545455,7.194545454545454,4.707682083997874,1.2727272727272727,1.4545454545454546,0.8166666666666667,69.27272727272727,1.2727272727272727,0.47176426514661807,0.032459929804350196,2016-12-04,2016,0.5061621378160024,0.37504523102072335,ARI,11.0,4.0,0.36363636363636365,11.727272727272727,129,11.0,121,-20.472727272727273,0.09150748626721163,-23.627272727272725,-0.4740335421408722,1.945969686878778,2.0192131101222013,-0.07324342324342327,5.600223241716594,22.272727272727273,245.0,42.0,20.727272727272727,228.0,38.0,NFC West,-2,1.5454545454545454,17,0.4363888888888889,0.5816363636363636,5.929090909090909,4.091507486267211,1.5454545454545454,1.0,0.8333333333333334,54.18181818181818,1.7272727272727273,-1.0,0.4147500227045681,0.612909090909091,5.391818181818182,3.5259664578591274,0.8181818181818182,1.1818181818181819,0.8666666666666666,64.54545454545455,1.6363636363636365,0.4147500227045681,-1.600223241716594,2016,0.27821749390268014,0.23981331090516111,WAS vs. ARI,ARI,31,1356.954156102993,24.0,WAS,23,1543.1961122249113,11.0,1,8,-2.5,1,-133.0,120.0,0,0
ARI,12.0,5.0,0.4166666666666667,11.5,138,10.833333333333334,130,-18.466666666666665,0.056104084633832874,-23.758333333333336,-0.36508630251802177,2.0708425833425834,2.0639083139083136,0.006934269434269447,6.2700559193482635,23.0,276.0,47.0,20.916666666666668,251.0,43.0,NFC West,1,2.0833333333333335,25,0.4463039485766758,0.5875,6.052499999999999,4.056104084633833,1.6666666666666667,1.0,0.8,53.916666666666664,1.5833333333333333,1.0,0.43227085414585414,0.6091666666666667,5.44,3.6349136974819785,0.8333333333333334,1.1666666666666667,0.8787878787878788,62.083333333333336,1.6666666666666667,0.43227085414585414,-1.2700559193482635,2016-12-11,2016,0.30453343707163744,0.2681971765820671,MIA,12.0,7.0,0.5833333333333334,10.916666666666666,131,11.083333333333334,133,-11.158333333333331,0.4511772018186491,-12.958333333333334,0.8602104604218693,2.0193202630702634,2.112684537684538,-0.09336427461427466,5.6390503920279915,21.25,255.0,41.0,23.166666666666668,278.0,50.0,AFC East,-1,-1.9166666666666667,-23,0.4508494031221304,0.6594166666666667,6.595833333333334,4.451177201818649,1.3333333333333333,1.0,0.8099999999999999,72.16666666666667,1.3333333333333333,1.0,0.34550310800310796,0.6209166666666667,6.484166666666667,4.860210460421869,1.75,0.75,0.8636363636363636,60.333333333333336,1.4166666666666667,0.34550310800310796,1.3609496079720085,2016,0.34847260427916815,0.38724779473596516,ARI vs. MIA,MIA,26,1567.709552987464,9.0,ARI,23,1431.4536660863569,20.0,1,3,2.0,1,111.0,-123.0,0,0
NOR,13.0,5.0,0.38461538461538464,10.923076923076923,142,10.384615384615385,135,0.4846153846153833,0.1079833420727087,-6.076923076923077,-0.13596270234082544,2.4900782977706055,2.688125122740507,-0.1980468249699019,6.196051037709737,27.53846153846154,358.0,63.0,27.0,351.0,63.0,NFC South,-2,0.5384615384615384,7,0.5052128427128427,0.7080000000000001,7.5576923076923075,4.107983342072709,2.3846153846153846,0.8461538461538461,0.8166666666666667,61.07692307692308,1.6923076923076923,-5.0,0.47052309179006013,0.6360769230769231,7.599230769230768,3.8640372976591744,1.4615384615384615,1.0769230769230769,0.9583333333333334,54.07692307692308,1.3076923076923077,0.47052309179006013,-1.1960510377097373,2016-12-18,2016,0.40284332861553984,0.3878340653129838,ARI,13.0,5.0,0.38461538461538464,11.692307692307692,152,11.153846153846153,145,-20.253846153846155,0.24267157669903663,-20.123076923076926,-0.43873971349058094,2.037920626382165,2.0384794692487,-0.0005588428665351722,6.6979208578785165,23.0,299.0,51.0,21.307692307692307,277.0,47.0,NFC West,-1,1.6923076923076923,22,0.457723063973064,0.5842307692307692,5.761538461538462,4.242671576699037,1.6923076923076923,1.0,0.7727272727272727,53.92307692307692,1.7692307692307692,0.0,0.42268788903404286,0.6176923076923077,5.7784615384615385,3.5612602865094187,1.0,1.0769230769230769,0.8888888888888888,66.38461538461539,1.7692307692307692,0.42268788903404286,-1.6979208578785165,2016,0.2917034596397751,0.25686881680621204,NOR vs. ARI,ARI,41,1400.1153957652734,21.0,NOR,48,1423.9104875061926,21.0,0,-7,-3.0,0,-154.0,139.0,0,0
ARI,14.0,5.0,0.35714285714285715,11.571428571428571,162,11.071428571428571,155,-18.142857142857142,0.49200455931577214,-16.885714285714286,-0.4029368768126823,2.1852120102120103,2.2357309357309356,-0.05051892551892553,7.105596964955771,24.285714285714285,340.0,56.0,23.214285714285715,325.0,55.0,NFC West,-2,1.0714285714285714,15,0.45209939633016555,0.5925,5.973571428571428,4.492004559315772,1.7142857142857142,1.1428571428571428,0.7083333333333334,53.785714285714285,1.7857142857142858,-1.0,0.42821018267446836,0.6286428571428572,6.017857142857143,3.5970631231873176,1.2142857142857142,1.1428571428571428,0.8974358974358974,64.92857142857143,1.7142857142857142,0.42821018267446836,-2.1055969649557706,2016-12-24,2016,0.29368896382825255,0.27612542254720396,SEA,14.0,9.0,0.6428571428571429,10.428571428571429,146,10.428571428571429,146,-7.864285714285715,-0.009165337249043956,-18.62857142857143,-0.5741443245682734,2.1197358197358196,1.6174825174825176,0.5022533022533023,7.845531483437476,21.285714285714285,298.0,58.0,16.785714285714285,235.0,42.0,NFC West,1,4.5,63,0.4668116071962226,0.6567857142857143,7.132857142857143,3.990834662750956,1.2857142857142858,0.8571428571428571,0.9285714285714286,64.0,1.2142857142857142,-1.0,0.37611763236763235,0.6149285714285714,6.152142857142857,3.4258556754317264,1.0,0.7857142857142857,0.7083333333333334,58.214285714285715,1.1428571428571428,0.37611763236763235,1.154468516562524,2016,0.43001916534277224,0.2908452434910107,ARI vs. SEA,SEA,31,1634.3871581418966,3.0,ARI,34,1501.1329922287714,14.0,0,-3,-9.0,0,-380.0,330.0,1,0
ARI,15.0,6.0,0.4,11.666666666666666,175,11.2,168,-16.506666666666668,0.4086295427177092,-14.8,-0.45014849243257754,2.213890183890184,2.245656565656566,-0.031766381766381774,7.660110603138438,24.933333333333334,374.0,62.0,23.733333333333334,356.0,60.0,NFC West,1,1.2,18,0.46572494965352107,0.5925333333333334,6.306,4.4086295427177085,1.6666666666666667,1.2666666666666666,0.7051282051282051,55.86666666666667,1.7333333333333334,-1.0,0.4070702445702446,0.6296666666666667,6.198666666666667,3.5498515075674226,1.4,1.0666666666666667,0.869047619047619,63.266666666666666,1.6666666666666667,0.4070702445702446,-1.6601106031384383,2017-01-01,2016,0.31507548289730164,0.2938068904014658,LAR,15.0,4.0,0.26666666666666666,11.4,171,10.933333333333334,164,-30.74666666666667,-0.6459862654126699,-3.4066666666666663,-0.09030512745863624,1.3103885003885005,2.183465423465423,-0.873076923076923,5.228750813227815,14.533333333333333,218.0,40.0,23.333333333333332,350.0,53.0,NFC West,-6,-8.8,-132,0.4925903461617747,0.5780666666666666,4.761333333333334,3.35401373458733,0.9333333333333333,0.6,0.8833333333333334,68.66666666666667,1.7333333333333334,-10.0,0.3250595190842869,0.6586666666666667,6.965999999999999,3.909694872541364,1.9333333333333333,0.7333333333333333,0.8518518518518519,57.93333333333333,1.0666666666666667,0.3250595190842869,-1.2287508132278147,2016,0.21475632260073582,0.2751529296337097,ARI vs. LAR,LAR,6,1559.9838184071837,6.0,ARI,44,1448.1642063695244,16.0,0,-38,7.0,0,252.0,-285.0,1,0
ATL,1.0,0.0,0.0,11.0,11,11.0,11,11.299999999999997,-1.6363636363636358,25.099999999999994,-0.7857142857142856,2.1818181818181817,2.8181818181818183,-0.6363636363636367,0.3528438284333043,24.0,24.0,5.0,31.0,31.0,5.0,NFC South,-1,-7.0,-7,0.5,0.6920000000000001,9.28,2.363636363636364,2.0,0.0,1.0,74.0,0.0,1.0,0.23076923076923078,0.7190000000000001,9.88,3.2142857142857144,4.0,0.0,1.0,48.0,1.0,0.23076923076923078,-0.3528438284333043,2016-09-18,2016,0.29416189616667987,-0.16038355837877463,LVR,1.0,1.0,1.0,10.0,10,11.0,11,-1.5,2.4230769230769234,31.0,0.0,3.5,3.090909090909091,0.40909090909090917,0.517168363591455,35.0,35.0,6.0,34.0,34.0,6.0,AFC West,1,1.0,1,0.5,0.632,8.92,6.423076923076923,1.0,3.0,1.0,141.0,0.0,1.0,0.36363636363636365,0.667,11.88,4.0,4.0,0.0,0.5,53.0,1.0,0.36363636363636365,0.482831636408545,2016,0.889698981845127,0.26336271076829726,ATL vs. LVR,LVR,28,1550.0,1.0,ATL,35,1450.0,17.0,0,-7,-4.0,0,-195.0,175.0,0,0
ATL,2.0,1.0,0.5,10.5,21,10.5,21,20.949999999999996,-0.42163009404388685,20.049999999999997,0.7071428571428573,2.840909090909091,2.809090909090909,0.031818181818181746,0.9820587317796715,29.5,59.0,11.0,29.5,59.0,9.0,NFC South,1,0.0,0,1.0,0.7285,10.58,3.578369905956113,2.5,0.5,1.0,73.5,0.5,0.0,0.3653846153846154,0.7375,8.93,4.707142857142857,3.5,0.5,0.5,53.0,0.5,0.3653846153846154,0.017941268220328488,2016-09-26,2016,0.5285084273910384,0.21813027176149896,NOR,2.0,0.0,0.0,11.0,22,10.0,20,9.5,-0.42307692307692313,0.5,0.21153846153846168,2.1363636363636362,2.55,-0.4136363636363637,0.8622293760344106,23.5,47.0,9.0,25.5,51.0,9.0,NFC South,-2,-2.0,-4,1.0,0.663,8.975000000000001,3.5769230769230766,2.5,0.0,0.5833333333333333,64.5,0.5,2.0,0.2972027972027972,0.706,8.765,4.211538461538462,0.5,1.5,0.875,83.0,1.5,0.2972027972027972,-0.8622293760344106,2016,0.23272580944750693,0.03099839039225761,ATL vs. NOR,NOR,32,1414.0064999802885,25.0,ATL,45,1514.0064999802885,9.0,0,-13,-2.5,0,-157.0,142.0,1,0
CAR,3.0,1.0,0.3333333333333333,12.333333333333334,37,11.666666666666666,35,-26.46666666666667,0.47100225225225234,-26.5,-0.6599616858237547,1.9666666666666668,2.073611111111111,-0.10694444444444444,1.3843212838396197,25.333333333333332,76.0,14.0,23.333333333333332,70.0,11.0,NFC South,-1,2.0,6,1.0,0.5853333333333334,5.37,4.471002252252252,1.6666666666666667,0.6666666666666666,0.7222222222222222,66.66666666666667,2.6666666666666665,-2.0,0.48055555555555557,0.6023333333333333,4.93,3.3400383141762453,1.3333333333333333,1.0,1.0,38.0,2.0,0.48055555555555557,-0.3843212838396197,2016-10-02,2016,0.3299054236598678,0.16926157978823034,ATL,3.0,2.0,0.6666666666666666,9.666666666666666,29,10.333333333333334,31,17.66666666666666,0.7189132706374087,12.066666666666663,0.8047619047619049,3.768939393939394,2.9393939393939394,0.8295454545454545,1.6737410338750576,34.666666666666664,104.0,17.0,30.333333333333332,91.0,14.0,NFC South,2,4.333333333333333,13,0.5,0.7080000000000001,9.996666666666668,4.718913270637409,2.3333333333333335,1.3333333333333333,1.0,60.666666666666664,0.3333333333333333,2.0,0.39510489510489516,0.714,8.263333333333334,4.804761904761905,3.3333333333333335,0.6666666666666666,0.6666666666666666,60.333333333333336,1.0,0.39510489510489516,0.32625896612494243,2016,0.6499586485531496,0.3501895217822494,CAR vs. ATL,ATL,48,1550.0,6.0,CAR,33,1476.135291917265,16.0,1,15,2.5,1,125.0,-138.0,1,0
ATL,4.0,3.0,0.75,10.0,40,10.75,43,23.749999999999996,0.4391849529780566,6.024999999999999,0.4202380952380953,3.9176136363636362,2.8920454545454546,1.0255681818181817,2.3822231527588675,38.0,152.0,24.0,31.0,124.0,18.0,NFC South,3,7.0,28,0.4444444444444444,0.7202500000000001,10.985,4.4391849529780565,2.75,1.25,1.0,64.75,0.5,3.0,0.4501748251748252,0.697,7.755000000000001,4.420238095238095,3.25,0.5,0.75,59.0,1.25,0.4501748251748252,0.6177768472411325,2016-10-09,2016,0.6926665270861698,0.3786045537810488,DEN,4.0,4.0,1.0,10.25,41,10.75,43,-5.100000000000001,-0.38296287843981236,-41.25,0.1397240510925858,2.749368686868687,1.5321969696969697,1.2171717171717171,3.0483144268124387,27.75,111.0,18.0,16.0,64.0,12.0,AFC West,4,11.75,47,0.27777777777777773,0.65725,7.345,3.6170371215601875,1.75,1.0,0.9333333333333332,51.25,1.25,3.0,0.42132867132867136,0.55825,3.5925000000000002,4.1397240510925855,0.5,1.25,0.8888888888888888,79.25,2.0,0.42132867132867136,0.9516855731875613,2016,0.5434776848620494,0.2756989934782019,ATL vs. DEN,DEN,16,1649.6278253794435,1.0,ATL,23,1589.527324184883,3.0,0,-7,-3.5,0,-195.0,175.0,0,0
ATL,5.0,4.0,0.8,10.0,50,10.8,54,18.159999999999997,0.3138479623824453,0.05999999999999943,0.23619047619047623,3.594090909090909,2.6045454545454545,0.9895454545454545,3.0849017788427036,35.0,175.0,29.0,28.0,140.0,22.0,NFC South,4,7.0,35,0.5833333333333333,0.6834,10.716,4.313847962382445,2.4,1.2,1.0,67.4,0.6,3.0,0.39347319347319354,0.689,7.106,4.236190476190476,2.8,0.4,0.8,58.6,1.2,0.39347319347319354,0.9150982211572964,2016-10-16,2016,0.6861513936542464,0.4004894846868908,SEA,4.0,3.0,0.75,10.5,42,10.5,42,-1.4000000000000021,-0.768274400330852,-36.1,-0.7462903225806452,1.8492424242424241,1.2772727272727273,0.571969696969697,2.2714007705585924,19.75,79.0,16.0,13.5,54.0,10.0,NFC West,2,6.25,25,0.27777777777777773,0.666,7.9125,3.231725599669148,1.5,0.5,1.0,76.0,1.25,-1.0,0.39076236263736264,0.56825,4.6625,3.253709677419355,0.25,0.75,0.75,53.25,1.0,0.39076236263736264,0.7285992294414076,2016,0.45034278375632447,0.2219404303238933,ATL vs. SEA,SEA,26,1573.864708082735,3.0,ATL,24,1648.0912317339132,2.0,1,2,-7.0,0,-302.0,266.0,0,0
LAC,6.0,2.0,0.3333333333333333,11.5,69,11.5,69,3.750000000000002,-0.6135457548113016,-16.116666666666667,0.24487464547836066,2.517640692640693,2.242676767676768,0.27496392496392497,3.3851961150638052,28.833333333333332,173.0,31.0,25.833333333333332,155.0,28.0,AFC West,1,3.0,18,0.31,0.6688333333333333,8.57,3.3864542451886983,2.0,1.0,0.9444444444444443,39.5,2.1666666666666665,-2.0,0.38517871017871014,0.6401666666666667,6.026666666666666,4.244874645478361,1.6666666666666667,1.3333333333333333,0.6933333333333334,63.0,1.8333333333333333,0.38517871017871014,-1.3851961150638052,2016-10-23,2016,0.34555294790585034,0.24447948980244794,ATL,6.0,4.0,0.6666666666666666,10.166666666666666,61,10.833333333333334,65,15.18333333333333,0.07635478346685254,-1.9833333333333343,-0.02539682539682538,3.3587121212121214,2.5643939393939394,0.7943181818181816,3.5376181873565824,33.166666666666664,199.0,33.0,27.666666666666668,166.0,27.0,NFC South,-1,5.5,33,0.6166666666666666,0.6766666666666667,10.22,4.0763547834668525,2.5,1.0,1.0,67.16666666666667,0.8333333333333334,1.0,0.3733488733488734,0.6868333333333333,7.096666666666667,3.9746031746031747,2.3333333333333335,0.8333333333333334,0.7777777777777778,53.833333333333336,1.0,0.3733488733488734,0.4623818126434176,2016,0.5826737699924394,0.3781648947214674,LAC vs. ATL,ATL,30,1587.5687816747516,4.0,LAC,33,1436.764268707669,22.0,0,-3,-4.5,0,-208.0,186.0,0,0
GNB,6.0,4.0,0.6666666666666666,9.666666666666666,58,9.833333333333334,59,-8.850000000000001,0.14261775362318843,-12.833333333333334,-1.0214029931421236,2.517087542087542,2.112794612794613,0.4042929292929293,3.4066418402566616,23.333333333333332,140.0,27.0,20.5,123.0,24.0,NFC North,1,2.8333333333333335,17,0.5933333333333334,0.619,6.761666666666667,4.142617753623188,2.1666666666666665,0.3333333333333333,0.9333333333333333,46.166666666666664,1.6666666666666667,-2.0,0.506030701754386,0.5956666666666667,6.978333333333333,2.9785970068578767,1.6666666666666667,0.16666666666666666,0.9444444444444443,86.83333333333333,1.3333333333333333,0.506030701754386,0.5933581597433384,2016-10-30,2016,0.5115536503249142,0.37921072269446365,ATL,7.0,4.0,0.5714285714285714,10.142857142857142,71,10.857142857142858,76,10.857142857142856,0.20830410011444503,-4.200000000000001,-0.16462585034013605,3.3074675324675327,2.626623376623377,0.6808441558441557,3.9813858032576963,32.714285714285715,229.0,38.0,28.428571428571427,199.0,34.0,NFC South,-2,4.285714285714286,30,0.5694444444444444,0.6724285714285714,9.73,4.208304100114445,2.2857142857142856,1.0,0.9642857142857143,67.57142857142857,0.8571428571428571,2.0,0.39144189144189145,0.6744285714285715,7.1085714285714285,3.835374149659864,2.142857142857143,1.0,0.8095238095238095,48.142857142857146,1.1428571428571428,0.39144189144189145,0.01861419674230369,2016,0.5366344858676207,0.384648275731651,GNB vs. ATL,ATL,33,1517.1337506604573,9.0,GNB,32,1565.8063039262045,5.0,1,1,-3.0,0,-154.0,139.0,0,0
ATL,8.0,5.0,0.625,9.875,79,10.625,85,13.024999999999997,0.2743713507580341,-0.8000000000000007,0.06647869674185464,3.409659090909091,2.742739898989899,0.6669191919191918,4.499609934473099,32.75,262.0,44.0,28.875,231.0,39.0,NFC South,1,3.875,31,0.5833333333333333,0.6883750000000001,9.717500000000001,4.2743713507580345,2.375,1.0,0.96875,64.875,0.75,2.0,0.39806721056721056,0.68225,7.2162500000000005,4.0664786967418545,2.375,0.875,0.8333333333333334,50.625,1.0,0.39806721056721056,0.5003900655269007,2016-11-03,2016,0.5917993083594677,0.4301694302287487,TAM,7.0,3.0,0.42857142857142855,11.857142857142858,83,12.0,84,-16.528571428571432,-0.18444780465686378,-6.971428571428571,0.18343150896722335,1.8841991341991342,2.240105132962276,-0.35590599876314155,2.938725716594604,21.714285714285715,152.0,25.0,27.0,189.0,31.0,NFC South,-1,-5.285714285714286,-37,0.4384920634920635,0.5921428571428571,6.104285714285715,3.8155521953431366,2.0,0.5714285714285714,0.5444444444444444,59.714285714285715,1.7142857142857142,-2.0,0.37619701726844584,0.5948571428571429,7.78,4.183431508967224,2.0,1.0,0.7619047619047619,78.85714285714286,1.4285714285714286,0.37619701726844584,0.06127428340539609,2016,0.3038414063427451,0.319556977526475,ATL vs. TAM,TAM,28,1500.0,1.0,ATL,43,1500.0,1.0,0,-15,4.5,0,184.0,-205.0,1,0
ATL,9.0,6.0,0.6666666666666666,9.777777777777779,88,10.555555555555555,95,16.288888888888884,0.24388564511825253,1.0111111111111104,0.0035366193260930106,3.5616722783389445,2.749102132435466,0.8125701459034791,5.233943056539146,33.888888888888886,305.0,52.0,28.77777777777778,259.0,43.0,NFC South,2,5.111111111111111,46,0.5639880952380952,0.6935555555555556,9.961111111111112,4.243885645118253,2.5555555555555554,1.0,0.9722222222222222,61.44444444444444,0.7777777777777778,3.0,0.42050418717085386,0.6828888888888889,7.354444444444444,4.003536619326093,2.5555555555555554,0.7777777777777778,0.8333333333333334,54.44444444444444,1.1111111111111112,0.42050418717085386,0.7660569434608542,2016-11-13,2016,0.6412057589140966,0.44086602171791434,PHI,8.0,4.0,0.5,10.875,87,10.625,85,-13.95,0.1212141779788839,-18.9625,0.1621182058682059,2.372150072150072,1.7104166666666667,0.6617334054834054,5.180155187651509,25.25,202.0,37.0,18.125,145.0,25.0,NFC East,-2,7.125,57,0.6078231292517007,0.635625,6.42875,4.121214177978883,1.125,1.0,0.9270833333333333,67.5,1.125,6.0,0.33560606060606063,0.586375,6.08,4.162118205868206,1.5,0.5,0.7857142857142857,51.875,1.875,0.33560606060606063,-1.1801551876515086,2016,0.36254922134611234,0.21396488280692982,ATL vs. PHI,PHI,24,1494.5439794463884,10.0,ATL,15,1608.5494069030503,4.0,1,9,-2.0,1,-123.0,111.0,0,0
KAN,11.0,8.0,0.7272727272727273,10.636363636363637,117,11.090909090909092,122,-7.954545454545454,0.03918996562537231,-11.772727272727273,0.4302351399195252,2.238150738150738,1.8003655435473618,0.43778519460337634,6.601312141984898,22.90909090909091,252.0,45.0,19.454545454545453,214.0,39.0,AFC West,1,3.4545454545454546,38,0.5600396825396825,0.6709090909090909,6.834545454545454,4.039189965625372,1.1818181818181819,0.6363636363636364,0.856060606060606,47.54545454545455,0.9090909090909091,14.0,0.35001738457620807,0.6223636363636363,6.869999999999999,4.4302351399195254,1.8181818181818181,0.36363636363636365,0.7041666666666666,49.09090909090909,2.1818181818181817,0.35001738457620807,1.3986878580151023,2016-12-04,2016,0.43352055447605253,0.3312584399870261,ATL,11.0,7.0,0.6363636363636364,9.818181818181818,108,10.545454545454545,116,11.536363636363633,0.15944956045805742,-2.3727272727272735,0.14985190248348149,3.421900826446281,2.620339761248852,0.8015610651974289,6.318995960067722,32.54545454545455,358.0,62.0,27.454545454545453,302.0,52.0,NFC South,1,5.090909090909091,56,0.5411904761904762,0.6865454545454546,9.422727272727274,4.159449560458057,2.3636363636363638,1.0909090909090908,0.9545454545454546,58.45454545454545,0.8181818181818182,3.0,0.4009818464363919,0.6723636363636364,7.119090909090909,4.149851902483482,2.272727272727273,0.8181818181818182,0.8266666666666665,57.0,1.0909090909090908,0.4009818464363919,0.6810040399322776,2016,0.6096146889526947,0.4352760267057041,KAN vs. ATL,ATL,28,1571.5449985807895,6.0,KAN,29,1655.9409273814213,4.0,0,-1,-5.0,0,-208.0,186.0,0,0
ATL,12.0,7.0,0.5833333333333334,9.75,117,10.25,123,9.666666666666664,0.16838431930877484,-0.15000000000000094,0.2699400015189489,3.3960016835016833,2.74721620971621,0.6487854737854737,6.798216328826985,32.166666666666664,386.0,68.0,27.583333333333332,331.0,55.0,NFC South,-1,4.583333333333333,55,0.5581070444706808,0.68325,9.286666666666667,4.168384319308775,2.25,1.1666666666666667,0.9583333333333334,56.083333333333336,0.8333333333333334,3.0,0.41756669256669254,0.6863333333333334,7.479166666666667,4.2699400015189495,2.1666666666666665,0.9166666666666666,0.8266666666666665,62.916666666666664,1.0833333333333333,0.41756669256669254,0.20178367117301477,2016-12-11,2016,0.5909695795155021,0.41741063815346596,LAR,12.0,4.0,0.3333333333333333,11.25,135,10.833333333333334,130,-25.583333333333332,-0.6991693414521706,-7.441666666666666,0.2659691653893484,1.3922591297591298,2.056712731712732,-0.6644536019536019,4.680199132433008,15.0,180.0,34.0,21.833333333333332,262.0,42.0,NFC West,-3,-6.833333333333333,-82,0.5114653023743932,0.5928333333333333,5.36,3.3008306585478295,1.0833333333333333,0.4166666666666667,0.8703703703703703,67.0,1.5833333333333333,-6.0,0.3241357541667139,0.6493333333333333,6.595833333333334,4.265969165389349,1.75,0.75,0.8333333333333334,53.583333333333336,1.0833333333333333,0.3241357541667139,-0.6801991324330077,2016,0.23757606759091215,0.27784079258834216,ATL vs. LAR,LAR,14,1340.6911607554302,24.0,ATL,42,1533.457169987428,9.0,0,-28,4.5,0,186.0,-208.0,0,0
SFO,13.0,1.0,0.07692307692307693,11.923076923076923,155,11.846153846153847,154,-25.315384615384616,0.8266004869570923,-2.846153846153847,0.728946273334728,1.614895254318331,2.5848958733574117,-0.9700006190390806,3.714695413746799,19.307692307692307,251.0,46.0,30.23076923076923,393.0,68.0,NFC West,-12,-10.923076923076923,-142,0.4191528379028379,0.5470769230769231,5.260769230769231,4.826600486957092,1.2307692307692308,0.9230769230769231,0.893939393939394,52.76923076923077,1.5384615384615385,-3.0,0.34264553947811865,0.6187692307692308,7.811538461538461,4.728946273334728,2.0,1.4615384615384615,0.9027777777777778,51.84615384615385,1.3076923076923077,0.34264553947811865,-2.714695413746799,2016-12-18,2016,0.23480099799883236,0.3153849709616472,ATL,13.0,8.0,0.6153846153846154,9.923076923076923,129,10.538461538461538,137,10.153846153846152,0.0508162947465614,-3.8538461538461544,0.28930916528170536,3.4040015540015536,2.612814962814963,0.7911865911865911,7.729316368554779,32.92307692307692,428.0,72.0,26.53846153846154,345.0,57.0,NFC South,1,6.384615384615385,83,0.5393759018759019,0.6768461538461538,9.290000000000001,4.050816294746562,2.3076923076923075,1.1538461538461537,0.9583333333333334,54.84615384615385,0.7692307692307693,8.0,0.40911481680712447,0.6785384615384615,7.125384615384615,4.289309165281706,2.0,1.0,0.8266666666666665,66.15384615384616,1.3846153846153846,0.40911481680712447,0.27068363144522056,2016,0.569761014587988,0.392716994380897,SFO vs. ATL,ATL,41,1558.250778007852,7.0,SFO,13,1152.3708478332803,31.0,1,28,-13.5,1,-900.0,704.0,0,0
ATL,14.0,9.0,0.6428571428571429,9.928571428571429,139,10.5,147,12.599999999999998,0.19352802282215545,-4.0357142857142865,0.3650727963330121,3.4537157287157285,2.519042465471037,0.9346732632446918,8.667642416735527,33.5,469.0,79.0,25.571428571428573,358.0,59.0,NFC South,2,7.928571428571429,111,0.5038026076487615,0.6820714285714286,9.644285714285715,4.193528022822155,2.2857142857142856,1.2857142857142858,0.9615384615384616,52.857142857142854,0.7857142857142857,8.0,0.4195748695748696,0.6733571428571429,7.0600000000000005,4.365072796333012,2.0,0.9285714285714286,0.8266666666666665,62.857142857142854,1.3571428571428572,0.4195748695748696,0.3323575832644732,2016-12-24,2016,0.5818377436165948,0.38222016395170255,CAR,14.0,6.0,0.42857142857142855,11.642857142857142,163,11.428571428571429,160,-23.964285714285715,-0.09460478165478811,-11.785714285714286,-0.45801141824893704,2.018268636125779,2.2179466366966367,-0.19967800057085766,6.9183575645303685,24.071428571428573,337.0,60.0,25.142857142857142,352.0,62.0,NFC South,2,-1.0714285714285714,-15,0.5853650622881392,0.5455,6.21,3.905395218345212,1.3571428571428572,1.0714285714285714,0.8027777777777777,54.714285714285715,1.7142857142857142,1.0,0.3758905835061297,0.6616428571428571,6.536428571428572,3.541988581751063,1.7142857142857142,0.7142857142857143,0.8555555555555555,59.42857142857143,1.7857142857142858,0.3758905835061297,-0.9183575645303685,2016,0.34395203598956087,0.33440260312460585,ATL vs. CAR,CAR,16,1476.135291917265,16.0,ATL,33,1550.0,6.0,0,-17,3.0,0,136.0,-150.0,1,0
NOR,15.0,7.0,0.4666666666666667,10.733333333333333,161,10.266666666666667,154,2.3866666666666654,0.09560169216193894,-5.78,0.14692756273318938,2.7076974876974877,2.7808195508195506,-0.0731220631220631,7.435531102199179,29.133333333333333,437.0,77.0,27.733333333333334,416.0,72.0,NFC South,2,1.4,21,0.5013284334712906,0.7100666666666666,7.774666666666667,4.095601692161939,2.4,1.0,0.8472222222222222,59.93333333333333,1.5333333333333334,-2.0,0.4784216001863061,0.6417333333333333,7.568,4.146927562733189,1.5333333333333334,1.2,0.8928571428571429,54.53333333333333,1.4,0.4784216001863061,-0.435531102199179,2017-01-01,2016,0.4643743706545189,0.4227886409704152,ATL,15.0,10.0,0.6666666666666666,10.0,150,10.466666666666667,157,13.039999999999997,0.33618171018956733,-7.5600000000000005,0.4189954794760286,3.423468013468013,2.457772967772968,0.9656950456950457,9.515214960766826,33.46666666666667,502.0,86.0,24.933333333333334,374.0,63.0,NFC South,3,8.533333333333333,128,0.49842895200038057,0.6911333333333334,9.599333333333334,4.336181710189567,2.2666666666666666,1.2666666666666666,0.9500000000000001,52.333333333333336,0.7333333333333333,10.0,0.4201746401746401,0.6564,6.764666666666667,4.418995479476028,1.9333333333333333,0.8666666666666667,0.8424242424242423,60.266666666666666,1.4,0.4201746401746401,0.4847850392331736,2016,0.5918628948329124,0.3874910647438174,NOR vs. ATL,ATL,38,1514.0064999802885,9.0,NOR,32,1414.0064999802885,25.0,1,6,-7.5,0,-350.0,305.0,1,0
SEA,1.0,11.0,11.0,10.470588235294118,178,10.588235294117647,180,-5.017647058823529,-0.0647959468091542,-15.523529411764704,-0.6782337980555491,2.210802596096714,1.6378513643219526,0.5729512317747613,9.810235686528515,22.352941176470587,380.0,74.0,17.529411764705884,298.0,53.0,NFC West,2,4.823529411764706,82,0.44509544275169277,0.6594705882352941,7.355882352941177,3.935204053190846,1.4705882352941178,0.8235294117647058,0.9117647058823529,59.411764705882355,1.0588235294117647,1.0,0.385219711084763,0.6198823529411764,6.61,3.321766201944451,0.9411764705882353,0.9411764705882353,0.7261904761904762,58.411764705882355,1.1176470588235294,0.385219711084763,1.1897643134714855,2017-01-14,2016,0.910351456162303,0.3503194922999374,ATL,16.0,11.0,0.6875,10.0,160,10.5,168,14.662499999999998,0.4685794442118102,-8.100000000000001,0.5015039141826899,3.4470012626262627,2.485980339105339,0.9610209235209235,10.115651681357019,33.75,540.0,92.0,25.375,406.0,69.0,NFC South,4,8.375,134,0.4963114663114663,0.6948125,9.69875,4.4685794442118105,2.375,1.25,0.9533333333333334,53.0,0.6875,11.0,0.42800463425463425,0.651625,6.761875,4.50150391418269,1.9375,0.9375,0.8555555555555555,60.875,1.375,0.42800463425463425,0.8843483186429815,2016,0.6067812677012321,0.40774554835802296,SEA vs. ATL,ATL,36,1654.2606206019052,5.0,SEA,20,1571.7055008394266,3.0,1,16,-6.5,1,-272.0,241.0,0,1
GNB,2.0,12.0,6.0,10.38888888888889,187,10.222222222222221,184,3.027777777777777,0.547498585186968,-6.5777777777777775,0.05934628695210228,2.781829590162923,2.3983496441829772,0.3834799459799459,10.665035610924964,28.0,504.0,89.0,24.0,432.0,79.0,NFC North,8,4.0,72,0.556234451822687,0.6503888888888889,7.907777777777778,4.547498585186968,2.5555555555555554,0.7777777777777778,0.8958333333333334,48.27777777777778,1.0,10.0,0.4620390939469886,0.6378333333333334,7.416666666666667,4.059346286952103,2.0,0.6111111111111112,0.9509803921568628,58.666666666666664,1.5555555555555556,0.4620390939469886,1.3349643890750365,2017-01-22,2016,0.7936145203948617,0.5012559422199128,ATL,1.0,12.0,12.0,9.941176470588236,169,10.352941176470589,176,15.21176470588235,0.4065331888727788,-9.23529411764706,0.5196227315556969,3.4795306001188355,2.486805025040319,0.9927255750785162,10.916731093738589,33.88235294117647,576.0,98.0,25.058823529411764,426.0,73.0,NFC South,5,8.823529411764707,150,1.1527919996669995,0.6952941176470588,9.737058823529411,4.406533188872778,2.411764705882353,1.2352941176470589,0.95625,50.470588235294116,0.6470588235294118,13.0,0.43223965576906753,0.6466470588235295,6.674117647058823,4.519622731555697,1.9411764705882353,0.8823529411764706,0.8666666666666666,59.64705882352941,1.411764705882353,0.43223965576906753,1.0832689062614111,2016,1.2080494249326525,0.4493103986197899,GNB vs. ATL,ATL,33,1517.1337506604573,9.0,GNB,32,1565.8063039262045,5.0,1,1,-3.0,0,-154.0,139.0,0,0
BAL,1.0,1.0,1.0,8.0,8,9.0,9,-3.9000000000000057,-1.0357142857142856,-23.099999999999994,-1.291666666666667,1.625,0.7777777777777778,0.8472222222222222,0.8126196907175841,13.0,13.0,3.0,7.0,7.0,1.0,AFC North,1,6.0,6,0.5,0.667,7.42,2.9642857142857144,1.0,0.0,1.0,35.0,1.0,-1.0,0.4,0.682,4.32,2.708333333333333,0.0,1.0,0.0,89.0,0.0,0.4,0.1873803092824159,2016-09-18,2016,0.4452676159809059,0.020820034364712876,CLE,1.0,0.0,0.0,10.0,10,12.0,12,-48.6,1.7142857142857144,0.09999999999999432,-0.08823529411764719,1.0,2.4166666666666665,-1.4166666666666665,0.07423639092015197,10.0,10.0,2.0,29.0,29.0,5.0,AFC North,-1,-19.0,-19,0.5,0.462,4.73,5.714285714285714,0.0,1.0,1.0,15.0,1.0,-1.0,0.2,0.595,8.38,3.911764705882353,2.0,1.0,0.6666666666666666,46.0,0.0,0.2,-0.07423639092015197,2016,0.18515272181596962,-0.030931829550063333,BAL vs. CLE,CLE,20,1450.0,17.0,BAL,25,1550.0,1.0,0,-5,4.0,0,171.0,-190.0,1,0
BAL,2.0,2.0,1.0,9.5,19,10.0,20,-15.650000000000006,-0.9793956043956042,-22.5,0.5063405797101446,1.9488636363636365,1.297979797979798,0.6508838383838385,1.4418345940639514,19.0,38.0,8.0,13.5,27.0,4.0,AFC North,2,5.5,11,0.0,0.6115,6.51,3.020604395604396,1.5,0.0,1.0,32.0,1.5,-1.0,0.5125,0.644,5.07,4.506340579710145,1.0,1.0,0.0,74.0,1.0,0.5125,0.5581654059360486,2016-09-25,2016,0.5385611380917996,0.15581654059360486,JAX,2.0,0.0,0.0,10.0,20,10.0,20,-19.85,0.05944055944055959,13.950000000000003,0.042857142857142705,1.914141414141414,3.2272727272727275,-1.3131313131313131,0.49188610771937374,18.5,37.0,7.0,32.5,65.0,11.0,AFC South,-2,-14.0,-28,0.0,0.6174999999999999,6.215,4.059440559440559,1.5,0.5,0.5,86.0,2.0,-3.0,0.22424242424242424,0.634,9.255,4.042857142857143,3.0,1.0,1.0,23.5,0.5,0.22424242424242424,-0.49188610771937374,2016,0.2639199311491096,0.13973132037717226,BAL vs. JAX,JAX,17,1400.0,25.0,BAL,19,1585.9935000197115,1.0,0,-2,1.0,0,104.0,-115.0,0,0
LVR,3.0,2.0,0.6666666666666666,10.333333333333334,31,11.0,33,-2.5333333333333314,1.8476923076923077,2.699999999999998,1.011494252873563,2.6151515151515152,2.4747474747474745,0.14040404040404034,1.6665642408499424,26.666666666666668,80.0,13.0,26.333333333333332,79.0,14.0,AFC West,1,0.3333333333333333,1,0.25,0.6626666666666666,7.73,5.847692307692308,1.6666666666666667,1.6666666666666667,0.6666666666666666,85.66666666666667,0.3333333333333333,4.0,0.3883061383061383,0.649,9.153333333333334,5.011494252873564,2.3333333333333335,0.6666666666666666,0.8333333333333334,65.33333333333333,1.6666666666666667,0.3883061383061383,0.33343575915005763,2016-10-02,2016,0.4659641383758145,0.32998081442526067,BAL,3.0,3.0,1.0,10.666666666666666,32,11.0,33,-22.96666666666667,-0.7135364635364637,-29.066666666666666,-0.23386818495514175,1.7864219114219113,1.3012173012173012,0.4852046102046102,2.0073568071652197,19.0,57.0,13.0,14.666666666666666,44.0,7.0,AFC North,3,4.333333333333333,13,0.0,0.6493333333333333,5.25,3.286463536463536,1.0,0.3333333333333333,1.0,40.666666666666664,2.0,-1.0,0.4185897435897436,0.64,4.0200000000000005,3.766131815044858,1.3333333333333333,0.6666666666666666,0.16666666666666666,74.33333333333333,1.6666666666666667,0.4185897435897436,0.9926431928347803,2016,0.5406704323630431,0.21160103383680265,LVR vs. BAL,BAL,27,1611.5211706611783,1.0,LVR,28,1540.0161815928163,6.0,0,-1,-3.5,0,-185.0,166.0,0,0
WAS,4.0,2.0,0.5,9.25,37,9.5,38,-6.125,0.4959464555052788,-6.324999999999999,0.9589285714285715,2.6694444444444443,2.974747474747475,-0.3053030303030304,1.8010026309625236,24.75,99.0,21.0,28.0,112.0,20.0,NFC East,2,-3.25,-13,0.3333333333333333,0.6739999999999999,7.192500000000001,4.495946455505279,1.5,0.75,1.0,62.75,1.25,3.0,0.4135416666666667,0.7052499999999999,7.335,4.958928571428571,1.25,2.0,1.0,87.25,2.0,0.4135416666666667,0.19899736903747645,2016-10-09,2016,0.5958036807418041,0.4209207064522995,BAL,4.0,3.0,0.75,11.5,46,11.5,46,-21.625,-0.28515234765234776,-15.95,-0.3596116650321458,1.8219592907092907,1.5143745143745142,0.30758477633477643,2.4858223078910457,21.0,84.0,18.0,18.0,72.0,11.0,AFC North,-1,3.0,12,0.2222222222222222,0.64075,5.39,3.714847652347652,1.0,0.75,1.0,56.75,1.75,-1.0,0.3874717194570136,0.6585000000000001,5.0075,3.640388334967854,2.0,0.5,0.16666666666666666,79.0,1.5,0.3874717194570136,0.5141776921089543,2016,0.4416043394454412,0.21008670985433966,WAS vs. BAL,BAL,10,1551.3736451451205,3.0,WAS,16,1509.089894407672,12.0,0,-6,-4.0,0,-195.0,175.0,0,0
BAL,5.0,3.0,0.6,11.8,59,11.6,58,-21.5,0.2139833850360165,-15.879999999999999,-0.4876893320257166,1.6114135864135863,1.478166278166278,0.13324730824730832,2.732965230664226,18.8,94.0,20.0,17.6,88.0,13.0,AFC North,-2,1.2,6,0.29166666666666663,0.6402,5.1979999999999995,4.213983385036016,1.0,0.6,1.0,58.4,1.6,0.0,0.34997737556561087,0.6682,5.104,3.5123106679742833,1.8,0.4,0.25,72.4,1.6,0.34997737556561087,0.26703476933577397,2016-10-16,2016,0.3570871030058152,0.19128086897022437,NYG,5.0,2.0,0.4,10.6,53,10.2,51,-13.62,-0.07547619047619056,-13.579999999999998,-0.5468444055944056,1.712929292929293,2.145909090909091,-0.4329797979797979,2.017603338254237,17.8,89.0,17.0,21.6,108.0,24.0,NFC East,-3,-3.8,-19,0.41666666666666663,0.6374000000000001,6.7780000000000005,3.9245238095238095,1.0,0.6,0.9375,62.6,2.0,-7.0,0.3770940170940171,0.6118,6.678,3.4531555944055947,1.2,0.6,0.8333333333333333,58.0,0.6,0.3770940170940171,-0.017603338254236878,2016,0.3196254462251999,0.37481380345842474,BAL vs. NYG,NYG,27,1438.750297682602,15.0,BAL,23,1495.318390541646,10.0,1,4,-3.5,1,-190.0,171.0,0,0
BAL,6.0,3.0,0.5,11.666666666666666,70,11.666666666666666,70,-22.46666666666667,0.13985794906847526,-13.299999999999999,-0.7005254237469206,1.691329503829504,1.6068052318052317,0.08452427202427208,3.1390892140207063,19.5,117.0,25.0,19.166666666666668,115.0,18.0,AFC North,-3,0.3333333333333333,2,0.31333333333333335,0.6238333333333334,5.348333333333333,4.1398579490684755,0.8333333333333334,0.8333333333333334,1.0,67.16666666666667,1.3333333333333333,3.0,0.3379441092676387,0.6728333333333333,5.583333333333333,3.299474576253079,2.0,0.3333333333333333,0.4,80.16666666666667,1.8333333333333333,0.3379441092676387,-0.1390892140207063,2016-10-23,2016,0.34886373726067227,0.20832474797054115,NYJ,6.0,1.0,0.16666666666666666,10.5,63,9.333333333333334,56,-33.016666666666666,-0.11767464561582212,12.466666666666667,-0.6401958421695264,1.5704545454545455,2.9425925925925926,-1.372138047138047,1.452689643568667,15.833333333333334,95.0,19.0,27.333333333333332,164.0,25.0,AFC East,-4,-11.5,-69,0.46333333333333326,0.5773333333333334,4.65,3.8823253543841774,0.8333333333333334,0.5,0.9583333333333334,53.5,2.5,-11.0,0.3751748251748252,0.711,9.203333333333333,3.359804157830473,2.1666666666666665,0.6666666666666666,0.95,51.166666666666664,0.6666666666666666,0.3751748251748252,-0.4526896435686669,2016,0.278833060243903,0.3383415443773314,BAL vs. NYJ,NYJ,24,1347.2695682743094,26.0,BAL,16,1437.248767943143,14.0,1,8,-2.0,1,-123.0,111.0,0,0
PIT,7.0,4.0,0.5714285714285714,10.857142857142858,76,11.0,77,-6.828571428571429,0.5413725163725164,-3.357142857142855,0.4812051257284523,2.2854256854256856,2.0236652236652235,0.26176046176046175,3.820443043865085,24.285714285714285,170.0,28.0,21.428571428571427,150.0,29.0,AFC North,-2,2.857142857142857,20,0.6583333333333333,0.641,7.214285714285714,4.541372516372516,2.4285714285714284,0.5714285714285714,0.82,62.857142857142854,1.2857142857142858,-1.0,0.4355628615082397,0.679,7.702857142857143,4.481205125728453,1.1428571428571428,1.1428571428571428,0.7666666666666666,54.0,1.1428571428571428,0.4355628615082397,0.17955695613491507,2016-11-06,2016,0.3778714187439429,0.3324808009794296,BAL,7.0,3.0,0.42857142857142855,11.857142857142858,83,12.0,84,-26.014285714285712,-0.3086931865127355,-8.914285714285713,-0.6041133668746499,1.6255351791066077,1.6221595864453007,0.003375592661307016,3.415776781845203,19.0,133.0,28.0,19.857142857142858,139.0,22.0,AFC North,-4,-0.8571428571428571,-6,0.2888888888888889,0.6158571428571429,5.051428571428572,3.6913068134872646,0.7142857142857143,0.7142857142857143,1.0,62.57142857142857,1.5714285714285714,2.0,0.3202786242702209,0.6611428571428571,6.272857142857142,3.3958866331253503,2.0,0.42857142857142855,0.4166666666666667,72.28571428571429,1.8571428571428572,0.3202786242702209,-0.41577678184520295,2016,0.31731196232071307,0.2089335217676965,PIT vs. BAL,BAL,21,1374.5816610186132,17.0,PIT,14,1503.1498366046144,9.0,1,7,3.5,1,140.0,-155.0,1,0
CLE,9.0,0.0,0.0,10.555555555555555,95,10.777777777777779,97,-22.255555555555556,0.5752938520148665,8.488888888888887,0.700445924165089,1.737395320728654,2.9433702100368766,-1.2059748893082225,2.3153604657756475,18.666666666666668,168.0,30.0,30.333333333333332,273.0,44.0,AFC North,-9,-11.666666666666666,-105,0.4949404761904762,0.6052222222222222,5.802222222222222,4.575293852014866,1.1111111111111112,0.8888888888888888,0.75,49.77777777777778,1.3333333333333333,-4.0,0.3672500339167006,0.6552222222222223,8.974444444444444,4.700445924165089,2.4444444444444446,1.3333333333333333,0.6875,53.22222222222222,0.8888888888888888,0.3672500339167006,-2.3153604657756475,2016-11-10,2016,0.23454875558681937,0.2865110418165768,BAL,8.0,4.0,0.5,12.0,96,12.25,98,-25.1875,-0.5545892968193331,-12.1625,-0.7785991960153187,1.6242663586413586,1.544389638139638,0.07987672050172057,4.139089214020706,19.25,154.0,31.0,19.125,153.0,24.0,AFC North,1,0.125,1,0.3292517006802721,0.6155,5.2225,3.445410703180667,0.75,0.625,1.0,66.5,1.5,2.0,0.30965556094232566,0.642375,6.08875,3.2214008039846815,1.875,0.5,0.4166666666666667,75.625,1.75,0.30965556094232566,-0.1390892140207063,2016,0.31730238849656006,0.21002788120344776,CLE vs. BAL,BAL,28,1550.0,1.0,CLE,7,1450.0,17.0,1,21,-7.5,1,-345.0,301.0,1,0
BAL,9.0,5.0,0.5555555555555556,11.88888888888889,107,12.11111111111111,109,-22.91111111111111,-0.5485238193949628,-16.744444444444444,-0.8544813366290013,1.7266206016206016,1.4434978601645267,0.28312274145607486,5.103017838984254,20.22222222222222,182.0,36.0,17.77777777777778,160.0,25.0,AFC North,2,2.4444444444444446,22,0.28809523809523807,0.6284444444444444,5.311111111111111,3.451476180605037,1.0,0.5555555555555556,1.0,65.88888888888889,1.5555555555555556,3.0,0.3400642023191043,0.6318888888888889,5.558888888888889,3.1455186633709986,1.7777777777777777,0.4444444444444444,0.4166666666666667,71.11111111111111,1.8888888888888888,0.3400642023191043,-0.10301783898425398,2016-11-20,2016,0.33259746396320544,0.20124827117777133,DAL,9.0,8.0,0.8888888888888888,9.222222222222221,83,9.444444444444445,85,8.4,0.7966066130237704,-1.8555555555555558,0.12117958077176609,3.1933501683501686,1.9777216610549944,1.215628507295174,6.39255367175126,28.666666666666668,258.0,47.0,18.88888888888889,170.0,33.0,NFC East,8,9.777777777777779,88,0.34375,0.6851111111111111,9.081111111111111,4.796606613023771,1.5555555555555556,1.7777777777777777,0.8571428571428571,56.0,0.7777777777777778,3.0,0.4705468823115882,0.6973333333333334,7.197777777777778,4.121179580771766,1.6666666666666667,0.4444444444444444,0.7708333333333334,39.22222222222222,1.1111111111111112,0.4705468823115882,1.6074463282487397,2016,0.6674029148965072,0.4144388612185731,BAL vs. DAL,DAL,27,1723.5310544831716,1.0,BAL,17,1463.7595150172758,9.0,1,10,-7.0,1,-300.0,264.0,0,0
CIN,10.0,3.0,0.3,10.6,106,10.8,108,-8.900000000000002,0.14616070461687114,-8.89,0.5232645440363877,1.920378787878788,2.2088539238539235,-0.28847513597513597,4.388813320180322,19.9,199.0,38.0,22.6,226.0,40.0,AFC North,-2,-2.7,-27,0.6138007054673721,0.6544000000000001,7.3069999999999995,4.146160704616871,1.1,1.1,0.6759259259259259,47.9,1.1,2.0,0.37212121212121213,0.6512,6.85,4.523264544036388,1.9,0.8,0.8928571428571429,58.9,1.3,0.37212121212121213,-1.388813320180322,2016-11-27,2016,0.30870291871051675,0.28189580295628436,BAL,10.0,5.0,0.5,11.5,115,11.8,118,-20.8,-0.26242143745546653,-12.37,-0.7756998696327677,1.7664585414585414,1.5991480741480741,0.16731046731046736,5.353429541253046,19.9,199.0,39.0,18.7,187.0,30.0,AFC North,-1,1.2,12,0.3548500881834215,0.6313,5.6,3.7375785625445332,1.0,0.6,1.0,72.9,1.4,3.0,0.3393911154205272,0.6437,6.0,3.224300130367232,1.9,0.4,0.5,68.5,1.7,0.3393911154205272,-0.35342954125304615,2016,0.3271445633835923,0.21982806251051576,CIN vs. BAL,BAL,19,1445.44773425544,12.0,CIN,14,1358.4081387818355,24.0,1,5,-3.5,1,-185.0,166.0,1,0
MIA,11.0,7.0,0.6363636363636364,10.909090909090908,120,11.090909090909092,122,-8.718181818181817,0.5035569474385263,-15.427272727272726,0.8020477750056756,2.153308055580783,1.9906971816062724,0.1626108739745103,5.626613943061583,22.636363636363637,249.0,40.0,21.818181818181817,240.0,44.0,AFC East,6,0.8181818181818182,9,0.4413888888888889,0.6534545454545454,6.968181818181819,4.503556947438526,1.3636363636363635,1.0909090909090908,0.8999999999999999,73.54545454545455,1.1818181818181819,2.0,0.348940453485908,0.610090909090909,6.308181818181819,4.802047775005676,1.5454545454545454,0.7272727272727273,0.85,59.63636363636363,1.3636363636363635,0.348940453485908,1.3733860569384166,2016-12-04,2016,0.37495109263449744,0.3728979035061776,BAL,11.0,6.0,0.5454545454545454,11.545454545454545,127,11.727272727272727,129,-20.454545454545453,-0.32341342798981804,-13.354545454545455,-0.7779089723934253,1.7498107952653408,1.569473455837092,0.18033733942824856,6.02686279048146,19.818181818181817,218.0,44.0,18.272727272727273,201.0,33.0,AFC North,1,1.5454545454545454,17,0.3493650793650794,0.637,5.58090909090909,3.676586572010182,1.0,0.5454545454545454,1.0,72.54545454545455,1.3636363636363635,4.0,0.33694646856411564,0.6344545454545455,5.986363636363635,3.222091027606575,1.8181818181818181,0.36363636363636365,0.5625,63.63636363636363,1.7272727272727273,0.33694646856411564,-0.02686279048146023,2016,0.3456106207722375,0.23193342347717535,MIA vs. BAL,BAL,38,1483.1773594562494,11.0,MIA,6,1638.7079465572112,6.0,1,32,-3.5,1,-185.0,166.0,0,0
BAL,12.0,7.0,0.5833333333333334,11.5,138,11.666666666666666,140,-17.566666666666666,-0.17146230899066653,-15.408333333333333,-0.7234998913606399,1.891872016872017,1.4841385466385466,0.4077334702334703,7.014426341515052,21.333333333333332,256.0,50.0,17.25,207.0,34.0,AFC North,2,4.083333333333333,49,0.37545585727403913,0.6455833333333333,5.8175,3.8285376910093336,1.25,0.5833333333333334,1.0,72.16666666666667,1.4166666666666667,5.0,0.3467463840625606,0.642,5.695833333333333,3.2765001086393606,1.75,0.3333333333333333,0.5,63.083333333333336,1.8333333333333333,0.3467463840625606,-0.014426341515052066,2016-12-12,2016,0.3618832626354151,0.22232708594552872,NWE,12.0,10.0,0.8333333333333334,10.333333333333334,124,10.416666666666666,125,7.383333333333334,0.016324729117897396,-12.783333333333333,-0.09355125841824923,2.5708754208754208,1.7282358844858845,0.8426395363895364,8.188001195431013,26.583333333333332,319.0,57.0,17.25,207.0,39.0,AFC East,3,9.333333333333334,112,0.39737964056145875,0.6806666666666666,8.738333333333333,4.016324729117898,1.9166666666666667,1.1666666666666667,0.7954545454545454,54.75,0.6666666666666666,5.0,0.44456789125906776,0.6114166666666666,6.656666666666666,3.9064487415817504,1.4166666666666667,0.5,0.735,57.0,1.0833333333333333,0.44456789125906776,1.8119988045689865,2016,0.5290886638846991,0.33311196891879363,BAL vs. NWE,NWE,30,1665.1763451985478,2.0,BAL,23,1554.1757530259963,9.0,1,7,-6.0,1,-248.0,221.0,0,0
PHI,13.0,5.0,0.38461538461538464,10.615384615384615,138,10.23076923076923,133,-19.553846153846152,0.1332977937359933,-7.953846153846153,-0.017292808764380527,2.1451676528599606,2.147202797202797,-0.002035144342836701,6.80141352692875,22.307692307692307,290.0,53.0,20.923076923076923,272.0,50.0,NFC East,-4,1.3846153846153846,18,0.5634018759018758,0.6348461538461538,5.7153846153846155,4.133297793735993,1.0,0.9230769230769231,0.8347222222222221,65.3076923076923,1.3846153846153846,1.0,0.3724711562946857,0.6160000000000001,7.496153846153846,3.9827071912356193,1.6153846153846154,0.6923076923076923,0.7430555555555555,53.07692307692308,1.4615384615384615,0.3724711562946857,-1.8014135269287497,2016-12-18,2016,0.33083895377523764,0.29492731269725997,BAL,13.0,7.0,0.5384615384615384,11.615384615384615,151,11.76923076923077,153,-16.93076923076923,-0.23519597752984603,-12.976923076923075,-0.6944732724985787,1.8824380747457672,1.5474888359503742,0.3349492387953927,7.362001164233212,21.46153846153846,279.0,55.0,18.23076923076923,237.0,38.0,AFC North,-1,3.230769230769231,42,0.4136123136123136,0.6506923076923077,5.815384615384615,3.764804022470154,1.3076923076923077,0.5384615384615384,0.9807692307692307,70.23076923076923,1.3846153846153846,7.0,0.3489197391346713,0.6432307692307693,6.1,3.3055267275014213,1.8461538461538463,0.38461538461538464,0.5,61.92307692307692,1.9230769230769231,0.3489197391346713,-0.36200116423321216,2016,0.3540957391580098,0.22234487469036598,PHI vs. BAL,BAL,27,1519.6278295456402,13.0,PHI,26,1343.2046933664474,21.0,1,1,-5.0,0,-225.0,201.0,0,0
BAL,14.0,8.0,0.5714285714285714,11.571428571428571,162,11.714285714285714,164,-17.071428571428573,-0.054705788658666536,-15.507142857142856,-0.6129131515306351,1.9233028875886018,1.605785087927945,0.31751779966065685,7.8843474124313575,21.857142857142858,306.0,60.0,18.785714285714285,263.0,44.0,AFC North,1,3.0714285714285716,43,0.4113817806125498,0.6422857142857143,5.837857142857142,3.9452942113413334,1.3571428571428572,0.5714285714285714,0.9821428571428571,69.64285714285714,1.4285714285714286,6.0,0.34997092659907786,0.6347142857142857,5.857857142857143,3.387086848469365,1.7142857142857142,0.5,0.55,59.642857142857146,1.8571428571428572,0.34997092659907786,0.1156525875686425,2016-12-25,2016,0.37342996263409106,0.25134525864678586,PIT,14.0,9.0,0.6428571428571429,10.357142857142858,145,10.357142857142858,145,-8.435714285714287,0.25662647819440665,-12.521428571428572,-0.06399535534046007,2.466831581117295,1.9211643515214942,0.545667229595801,8.440681580606242,24.357142857142858,341.0,61.0,19.714285714285715,276.0,51.0,AFC North,5,4.642857142857143,65,0.56657381080458,0.6348571428571429,7.267857142857143,4.2566264781944065,1.9285714285714286,0.7857142857142857,0.8766666666666666,70.0,1.0714285714285714,3.0,0.43084455810296146,0.6425714285714286,6.6899999999999995,3.93600464465954,1.2142857142857142,0.9285714285714286,0.7818181818181817,56.285714285714285,1.2857142857142858,0.43084455810296146,0.5593184193937581,2016,0.43749676038572377,0.34065282728526186,BAL vs. PIT,PIT,31,1503.1498366046144,9.0,BAL,27,1374.5816610186132,17.0,1,4,-5.5,0,-250.0,222.0,1,0
BAL,15.0,8.0,0.5333333333333333,11.533333333333333,173,11.6,174,-17.246666666666666,-0.004904889927575932,-14.273333333333333,-0.453870456580108,1.9587190587190586,1.7053994153994154,0.25331964331964335,8.303216821540339,22.2,333.0,66.0,19.6,294.0,49.0,AFC North,-1,2.6,39,0.4279157350585922,0.6449333333333332,5.783333333333333,3.995095110072424,1.3333333333333333,0.6,0.9833333333333333,71.33333333333333,1.4,7.0,0.36193364913953147,0.6408666666666666,5.970666666666667,3.5461295434198923,1.8,0.5333333333333333,0.5909090909090909,58.666666666666664,1.8666666666666667,0.36193364913953147,-0.3032168215403388,2017-01-01,2016,0.3737910172556214,0.2571426726990511,CIN,15.0,5.0,0.3333333333333333,10.466666666666667,157,10.6,159,-8.966666666666669,-0.13086818066933278,-16.213333333333335,0.40491765950663205,1.953989898989899,2.0097746697746697,-0.0557847707847708,7.257117970406796,19.866666666666667,298.0,58.0,20.333333333333332,305.0,59.0,AFC North,-2,-0.4666666666666667,-7,0.547540356468928,0.6545333333333333,7.112,3.869131819330667,1.1333333333333333,1.0,0.7202380952380952,47.06666666666667,1.1333333333333333,1.0,0.4003030303030303,0.6292666666666666,6.154,4.404917659506633,1.4666666666666666,0.7333333333333333,0.8541666666666666,60.6,1.2,0.4003030303030303,-2.257117970406796,2016,0.3138374342744823,0.2904947755748423,BAL vs. CIN,CIN,27,1358.4081387818355,24.0,BAL,10,1445.44773425544,12.0,1,17,2.5,1,125.0,-138.0,1,0
NYJ,1.0,0.0,0.0,10.0,10,10.0,10,-23.200000000000003,1.0666666666666664,8.200000000000003,-1.0,2.2,2.3,-0.09999999999999964,0.47368666330491616,22.0,22.0,5.0,23.0,23.0,5.0,AFC East,-1,-1.0,-1,0.5,0.5429999999999999,5.23,5.066666666666666,2.0,0.0,0.75,95.0,1.0,0.0,0.3333333333333333,0.767,9.97,3.0,1.0,1.0,0.75,44.0,1.0,0.3333333333333333,-0.47368666330491616,2016-09-15,2016,0.2631566683475419,-0.23684333165245808,BUF,1.0,0.0,0.0,9.0,9,8.0,8,-23.099999999999994,-1.291666666666667,-3.9000000000000057,-1.0357142857142856,0.7777777777777778,1.625,-0.8472222222222222,0.18738030928241586,7.0,7.0,1.0,13.0,13.0,3.0,AFC East,-1,-6.0,-6,0.5,0.682,4.32,2.708333333333333,0.0,1.0,0.0,89.0,0.0,1.0,0.23076923076923078,0.667,7.42,2.9642857142857144,1.0,0.0,1.0,35.0,1.0,0.23076923076923078,-0.18738030928241586,2016,0.09029107674639823,-0.07026761598090592,NYJ vs. BUF,BUF,31,1450.0,17.0,NYJ,37,1450.0,17.0,0,-6,-1.5,0,-125.0,113.0,1,0
BUF,3.0,1.0,0.3333333333333333,9.666666666666666,29,11.0,33,-20.999999999999996,0.5782163742690057,-18.033333333333335,-0.5396825396825397,2.4074074074074074,2.1750000000000003,0.23240740740740748,1.3919769724873143,23.666666666666668,71.0,10.0,22.666666666666668,68.0,13.0,AFC East,1,1.0,3,0.25,0.6183333333333333,5.490000000000001,4.578216374269005,1.0,1.3333333333333333,0.6666666666666666,74.33333333333333,0.6666666666666666,5.0,0.2794871794871795,0.631,6.830000000000001,3.4603174603174605,0.6666666666666666,1.6666666666666667,1.0,45.0,2.3333333333333335,0.2794871794871795,-0.39197697248731433,2016-10-02,2016,0.29977276178306733,0.21115453896631223,NWE,3.0,3.0,1.0,10.666666666666666,32,11.333333333333334,34,0.16666666666666666,0.13326222918752606,-15.166666666666666,0.41804743339831063,2.541245791245791,1.3931623931623933,1.148083398083398,2.2004440849614055,27.0,81.0,15.0,15.0,45.0,7.0,AFC East,3,12.0,36,0.5,0.664,7.946666666666666,4.133262229187526,1.3333333333333333,1.6666666666666667,0.8333333333333334,49.666666666666664,1.0,4.0,0.4702380952380952,0.6483333333333333,6.183333333333334,4.418047433398311,1.3333333333333333,0.6666666666666666,0.5,50.0,2.3333333333333335,0.4702380952380952,0.7995559150385945,2016,0.5936806117247804,0.19212638632617804,BUF vs. NWE,NWE,0,1638.008106127738,1.0,BUF,16,1465.842293610764,16.0,0,-16,-3.5,0,-170.0,153.0,1,0
BUF,4.0,2.0,0.5,9.5,38,10.5,42,-17.15,0.4805372807017543,-17.675,-0.38203463203463206,2.25,1.63125,0.61875,2.390578583794725,21.75,87.0,14.0,17.0,68.0,13.0,AFC East,2,4.75,19,0.5,0.63675,5.8100000000000005,4.480537280701754,1.0,1.0,0.6875,70.75,0.5,6.0,0.3262820512820513,0.63075,6.855,3.617965367965368,0.5,1.25,0.75,52.25,2.0,0.3262820512820513,-0.3905785837947251,2016-10-09,2016,0.33244670938732795,0.2019195143492177,LAR,4.0,3.0,0.75,11.25,45,11.25,45,-22.5,-1.1699472990777338,-20.974999999999998,-0.2860443722943722,1.4071969696969697,1.6199009324009324,-0.21270396270396263,2.1700818130184474,15.75,63.0,11.0,19.0,76.0,12.0,NFC West,3,-3.25,-13,0.611111111111111,0.5559999999999999,6.145,2.8300527009222662,1.0,0.5,1.0,83.25,1.25,4.0,0.33502747252747256,0.61325,5.8025,3.713955627705628,1.25,1.0,0.6666666666666666,62.25,2.25,0.33502747252747256,0.8299181869815526,2016,0.29516166698220603,0.25532787913210353,BUF vs. LAR,LAR,19,1594.425210291453,3.0,BUF,30,1538.7721378487024,12.0,0,-11,2.5,0,116.0,-128.0,0,0
SFO,5.0,1.0,0.2,12.6,63,12.4,62,-31.3,-0.34482317213129204,-12.180000000000001,0.26052510596690137,1.7691239316239316,2.290822510822511,-0.5216985791985793,1.9351099222529857,22.2,111.0,18.0,28.0,140.0,24.0,NFC West,-4,-5.8,-29,0.35416666666666663,0.5875999999999999,4.561999999999999,3.655176827868708,1.0,1.8,0.8333333333333334,32.2,1.8,-1.0,0.3760224089635854,0.5772,6.725999999999999,4.260525105966901,2.0,1.0,0.875,59.4,1.6,0.3760224089635854,-0.9351099222529857,2016-10-16,2016,0.23227943301411508,0.2372818124707366,BUF,5.0,3.0,0.6,9.6,48,10.8,54,-14.759999999999996,1.014059454191033,-21.28,-0.4021794297656367,2.4,1.6216666666666668,0.7783333333333333,3.137548668659079,23.4,117.0,18.0,17.4,87.0,18.0,AFC East,3,6.0,30,0.5625,0.6138,5.970000000000001,5.014059454191033,1.2,1.0,0.75,68.6,0.4,9.0,0.32769230769230767,0.64,6.4719999999999995,3.597820570234363,0.4,1.2,0.8,49.8,2.2,0.32769230769230767,-0.137548668659079,2016,0.3646838498505691,0.25749675542272804,SFO vs. BUF,BUF,45,1596.7134541747632,10.0,SFO,16,1352.186757870642,22.0,1,29,-7.5,1,-305.0,269.0,0,0
BUF,6.0,4.0,0.6666666666666666,10.0,60,11.0,66,-11.666666666666666,1.3639889390985882,-21.916666666666668,-0.21014952480469726,2.625,1.573611111111111,1.051388888888889,4.058165301143411,27.0,162.0,25.0,17.166666666666668,103.0,22.0,AFC East,4,9.833333333333334,59,0.49000000000000005,0.6103333333333333,6.326666666666667,5.363988939098587,1.3333333333333333,1.5,0.7916666666666666,69.0,0.6666666666666666,8.0,0.37564102564102564,0.608,6.468333333333334,3.7898504751953026,0.5,1.0,0.8333333333333334,50.166666666666664,2.0,0.37564102564102564,-0.05816530114341134,2016-10-23,2016,0.41262740964281863,0.27454637215869937,MIA,6.0,2.0,0.3333333333333333,11.5,69,11.166666666666666,67,-19.766666666666666,0.35181623931623934,-6.05,0.8051467505695683,1.705744255744256,2.0152680652680655,-0.3095238095238096,2.4822526783570344,19.666666666666668,118.0,20.0,22.333333333333332,134.0,25.0,AFC East,1,-2.6666666666666665,-16,0.4766666666666667,0.6535,6.071666666666666,4.351816239316239,1.0,1.1666666666666667,0.82,67.0,1.8333333333333333,-5.0,0.3293706293706294,0.6481666666666667,7.095,4.805146750569569,1.5,0.6666666666666666,0.8,61.666666666666664,1.0,0.3293706293706294,-0.48225267835703445,2016,0.266557841625264,0.2809544354255576,BUF vs. MIA,MIA,28,1446.5854631244165,22.0,BUF,25,1616.3746024827185,4.0,1,3,2.5,1,121.0,-134.0,1,0
NWE,7.0,6.0,0.8571428571428571,10.428571428571429,73,10.428571428571429,73,10.042857142857144,-0.06384791513373246,-12.657142857142858,-0.18690824282929544,2.388167388167388,1.5307997557997557,0.8573676323676322,4.72399777867756,25.142857142857142,176.0,30.0,15.285714285714286,107.0,20.0,AFC East,3,9.857142857142858,69,0.39999999999999997,0.6950000000000001,9.154285714285715,3.9361520848662677,1.7142857142857142,1.2857142857142858,0.6666666666666666,54.142857142857146,0.8571428571428571,3.0,0.4295418167266907,0.6431428571428571,6.518571428571429,3.8130917571707044,1.2857142857142858,0.42857142857142855,0.67,53.714285714285715,1.2857142857142858,0.4295418167266907,1.2760022213224396,2016-10-30,2016,0.4858709718975992,0.2847750380165338,BUF,7.0,4.0,0.5714285714285714,10.142857142857142,71,10.857142857142858,76,-12.085714285714285,1.032769740006582,-19.014285714285712,0.11919156377284448,2.574675324675325,1.7488095238095238,0.8258658008658009,4.491418831244476,26.714285714285715,187.0,29.0,18.714285714285715,131.0,27.0,AFC East,-1,8.0,56,0.46388888888888885,0.5945714285714285,6.545714285714285,5.032769740006581,1.2857142857142858,1.5714285714285714,0.8214285714285714,65.57142857142857,0.5714285714285714,8.0,0.35494505494505496,0.6068571428571429,6.79,4.119191563772844,0.5714285714285714,1.1428571428571428,0.8571428571428571,59.57142857142857,1.7142857142857142,0.35494505494505496,-0.4914188312444763,2016,0.3797763659837227,0.279570848790224,NWE vs. BUF,BUF,25,1465.842293610764,16.0,NWE,41,1638.008106127738,1.0,0,-16,5.5,0,210.0,-235.0,1,0
BUF,8.0,4.0,0.5,10.125,81,10.75,86,-14.8875,1.2065581378903747,-12.4875,-0.0044030338726741,2.565340909090909,2.042708333333333,0.5226325757575758,4.727834845680044,26.5,212.0,33.0,21.5,172.0,34.0,AFC East,-2,5.0,40,0.5200680272108843,0.58275,6.3812500000000005,5.206558137890375,1.125,1.75,0.78125,67.875,0.5,8.0,0.3490384615384615,0.614375,7.32375,3.995596966127326,1.0,1.125,0.875,66.625,1.5,0.3490384615384615,-0.7278348456800439,2016-11-07,2016,0.37034174396999775,0.30996165006813736,SEA,7.0,4.0,0.5714285714285714,10.428571428571429,73,10.571428571428571,74,-8.842857142857143,-0.7595210932747136,-22.914285714285715,-0.7163455885114871,1.822943722943723,1.5098124098124097,0.31313131313131326,3.6894694586983463,18.714285714285715,131.0,26.0,15.571428571428571,109.0,22.0,NFC West,-1,3.142857142857143,22,0.41111111111111115,0.6611428571428571,7.272857142857142,3.2404789067252864,0.8571428571428571,0.8571428571428571,0.9047619047619048,71.42857142857143,0.8571428571428571,1.0,0.36986049664621096,0.6112857142857143,5.7871428571428565,3.283654411488513,0.7142857142857143,0.5714285714285714,0.7857142857142857,47.714285714285715,1.0,0.36986049664621096,0.3105305413016537,2016,0.3719643719644677,0.26801481063443316,BUF vs. SEA,SEA,31,1498.8742191635183,9.0,BUF,25,1509.683041551648,12.0,1,6,-5.5,1,-220.0,197.0,0,0
BUF,9.0,4.0,0.4444444444444444,10.11111111111111,91,10.555555555555555,95,-14.82222222222222,1.1017358886510933,-7.644444444444446,-0.1428026967757103,2.558080808080808,2.1984567901234566,0.3596240179573514,5.1030719820708725,26.333333333333332,237.0,37.0,22.555555555555557,203.0,39.0,AFC East,-3,3.7777777777777777,34,0.5264880952380953,0.5948888888888889,6.35,5.101735888651094,1.1111111111111112,1.7777777777777777,0.75,73.11111111111111,0.5555555555555556,7.0,0.38868778280542987,0.6315555555555555,7.727777777777778,3.8571973032242894,1.1111111111111112,1.2222222222222223,0.8888888888888888,67.55555555555556,1.3333333333333333,0.38868778280542987,-1.1030719820708725,2016-11-20,2016,0.356759873825858,0.31459671660729355,CIN,9.0,3.0,0.3333333333333333,10.666666666666666,96,10.88888888888889,98,-5.1111111111111125,0.22412917796936296,-6.522222222222222,0.4278102776874896,2.0004208754208754,2.276504359837693,-0.2760834844168178,4.052955092943542,20.77777777777778,187.0,36.0,23.333333333333332,210.0,36.0,AFC North,-1,-2.5555555555555554,-23,0.6349702380952381,0.6651111111111112,7.764444444444444,4.224129177969363,1.1111111111111112,1.1111111111111112,0.6759259259259259,50.44444444444444,1.0,3.0,0.3542087542087542,0.6453333333333333,7.142222222222222,4.427810277687489,2.111111111111111,0.7777777777777778,0.875,57.111111111111114,1.3333333333333333,0.3542087542087542,-1.0529550929435416,2016,0.33112687112735245,0.2835528533492432,BUF vs. CIN,CIN,12,1400.1395651083014,22.0,BUF,16,1458.128028611017,16.0,0,-4,-2.5,0,-136.0,123.0,0,0
JAX,10.0,2.0,0.2,11.3,113,11.0,110,-21.509999999999998,0.18370746510832708,-5.489999999999997,-0.274696121530595,1.7535042735042734,2.4461538461538463,-0.6926495726495727,3.484491729334216,19.3,193.0,36.0,26.5,265.0,50.0,AFC South,-5,-7.2,-72,0.5026014109347443,0.6014,5.479,4.183707465108327,1.8,0.3,0.7222222222222222,75.8,2.2,-15.0,0.3324007854890208,0.6548,7.015000000000001,3.725303878469405,1.4,1.0,0.9333333333333333,63.7,0.7,0.3324007854890208,-1.484491729334216,2016-11-27,2016,0.27129052897696304,0.34161401230299016,BUF,10.0,5.0,0.5,10.1,101,10.5,105,-16.36,1.129797593903631,-11.180000000000001,-0.18407798265369482,2.4622727272727274,2.098611111111111,0.36366161616161624,5.767213754834093,25.3,253.0,41.0,21.5,215.0,41.0,AFC East,1,3.8,38,0.505026455026455,0.6058,6.1370000000000005,5.129797593903631,1.0,1.7,0.775,73.3,0.6,8.0,0.37481900452488687,0.6242,7.274000000000001,3.8159220173463053,1.1,1.2,0.8888888888888888,63.3,1.4,0.37481900452488687,-0.7672137548340929,2016,0.37479627331861604,0.3214707010017164,JAX vs. BUF,BUF,28,1499.859454937483,12.0,JAX,21,1327.6867155741593,25.0,1,7,-8.5,0,-350.0,305.0,0,0
BUF,11.0,6.0,0.5454545454545454,10.090909090909092,111,10.454545454545455,115,-13.863636363636363,1.1430761825456206,-11.227272727272728,-0.08134853459918205,2.49297520661157,2.0987373737373733,0.3942378328741966,6.431355527597313,25.545454545454547,281.0,45.0,21.454545454545453,236.0,44.0,AFC East,2,4.090909090909091,45,0.4745238095238095,0.6113636363636364,6.442727272727273,5.143076182545621,1.0,1.8181818181818181,0.775,69.45454545454545,0.5454545454545454,8.0,0.3786233374468669,0.612909090909091,7.165454545454546,3.918651465400818,1.1818181818181819,1.1818181818181819,0.8888888888888888,63.0,1.2727272727272727,0.3786233374468669,-0.4313555275973133,2016-12-04,2016,0.38950778153818255,0.3328224164313978,LVR,11.0,9.0,0.8181818181818182,11.363636363636363,125,11.636363636363637,128,-1.4636363636363618,0.18870792781007173,-8.500000000000002,0.5824372707440684,2.460857324493688,2.2015812470357927,0.2592760774578956,6.260386367792781,27.90909090909091,307.0,54.0,25.0,275.0,50.0,AFC West,5,2.909090909090909,32,0.4966666666666667,0.6602727272727272,7.6036363636363635,4.188707927810071,2.0,1.0909090909090908,0.7383333333333333,78.81818181818181,0.8181818181818182,10.0,0.38722792359155994,0.6144545454545455,7.709090909090909,4.582437270744069,1.8181818181818181,1.0909090909090908,0.9166666666666666,73.36363636363636,1.7272727272727273,0.38722792359155994,2.7396136322072193,2016,0.5395920990103199,0.4524010522800859,BUF vs. LVR,LVR,38,1739.9155843262922,2.0,BUF,24,1526.9288235027418,11.0,1,14,-3.0,1,-150.0,136.0,0,0
PIT,12.0,7.0,0.5833333333333334,10.583333333333334,127,10.583333333333334,127,-4.066666666666668,0.21113811618575687,-10.883333333333333,0.05562975739380186,2.402970177970178,1.86635841010841,0.5366117678617678,7.1636292265379495,24.166666666666668,290.0,49.0,19.666666666666668,236.0,44.0,AFC North,3,4.5,54,0.5891676505312868,0.6464166666666666,7.545000000000001,4.211138116185757,2.1666666666666665,0.6666666666666666,0.8458333333333333,69.25,1.0,4.0,0.43488641668788725,0.65025,6.816666666666666,4.055629757393802,1.25,0.8333333333333334,0.76,54.666666666666664,1.3333333333333333,0.43488641668788725,-0.16362922653794953,2016-12-11,2016,0.380565726968268,0.3128610984464109,BUF,12.0,6.0,0.5,10.166666666666666,122,10.583333333333334,127,-16.599999999999998,1.3033753895557079,-10.516666666666667,-0.04592365671591688,2.4670454545454548,2.187731481481481,0.2793139730639731,6.683144898340092,25.416666666666668,305.0,49.0,22.833333333333332,274.0,51.0,AFC East,-1,2.5833333333333335,31,0.5057654466745376,0.6032500000000001,6.203333333333333,5.303375389555708,0.9166666666666666,1.9166666666666667,0.7954545454545454,69.75,0.6666666666666666,6.0,0.39707139265962793,0.6070833333333333,7.2825,3.954076343284083,1.25,1.25,0.9,63.166666666666664,1.1666666666666667,0.39707139265962793,-0.6831448983400916,2016,0.37877452184517457,0.3452490880476741,PIT vs. BUF,BUF,20,1504.241478085955,14.0,PIT,27,1575.2711406948624,9.0,0,-7,1.0,0,104.0,-115.0,0,0
CLE,13.0,0.0,0.0,10.538461538461538,137,10.615384615384615,138,-28.73076923076923,0.36140697605998606,5.284615384615383,0.6519549262706233,1.5028010451087375,2.833944687790842,-1.3311436426821042,2.7128070739810575,15.923076923076923,207.0,38.0,28.846153846153847,375.0,60.0,AFC North,-13,-12.923076923076923,-168,0.4947751322751323,0.5772307692307692,5.044615384615384,4.361406976059986,1.0,0.6923076923076923,0.8181818181818182,46.46153846153846,1.6153846153846154,-10.0,0.3395980088287781,0.6567692307692308,8.264615384615384,4.651954926270624,2.3076923076923075,1.0769230769230769,0.7272727272727273,57.92307692307692,0.8461538461538461,0.3395980088287781,-2.7128070739810575,2016-12-18,2016,0.21949092149843896,0.31060845906417867,BUF,13.0,6.0,0.46153846153846156,10.153846153846153,132,10.538461538461538,137,-15.576923076923077,1.1817482228377474,-14.492307692307694,0.08947706413036245,2.431118881118881,2.2271367521367518,0.203982128982129,7.0124680604164595,25.0,325.0,52.0,23.153846153846153,301.0,56.0,AFC East,-2,1.8461538461538463,24,0.5122294372294373,0.603,6.350769230769231,5.181748222837748,1.0,1.8461538461538463,0.7954545454545454,67.92307692307692,0.6923076923076923,8.0,0.3921684650191437,0.6025384615384616,6.933076923076923,4.089477064130363,1.1538461538461537,1.3846153846153846,0.9090909090909091,61.76923076923077,1.3076923076923077,0.3921684650191437,-1.0124680604164595,2016,0.3632585436237436,0.34548107165450775,CLE vs. BUF,BUF,33,1464.323397977261,19.0,CLE,13,1145.5272464059408,32.0,1,20,-10.5,1,-465.0,397.0,0,0
MIA,14.0,9.0,0.6428571428571429,11.214285714285714,157,11.5,161,-6.014285714285713,0.1837876612959986,-17.692857142857143,0.9891060905295342,2.075434684363256,1.994545930260216,0.08088875410303976,7.118269897372226,22.5,315.0,49.0,22.428571428571427,314.0,57.0,AFC East,2,0.07142857142857142,1,0.4372078775924929,0.6642857142857144,7.432142857142857,4.183787661295999,1.6428571428571428,0.8571428571428571,0.8272727272727273,75.28571428571429,1.4285714285714286,5.0,0.3478854478854479,0.6099285714285714,5.92,4.989106090529534,1.7142857142857142,0.7142857142857143,0.8461538461538461,58.57142857142857,1.7857142857142858,0.3478854478854479,1.881730102627774,2016-12-24,2016,0.3540513080203644,0.3763347896405427,BUF,14.0,7.0,0.5,10.071428571428571,141,10.357142857142858,145,-14.421428571428573,1.3116233497779084,-15.114285714285716,0.16131713778091478,2.5193722943722947,2.184126984126984,0.3352453102453103,7.913415200664955,25.571428571428573,358.0,58.0,22.428571428571427,314.0,59.0,AFC East,1,3.142857142857143,44,0.4728271728271728,0.6085,6.442857142857143,5.311623349777909,1.0,1.9285714285714286,0.8125,66.07142857142857,0.6428571428571429,8.0,0.39590246354952235,0.6028571428571429,6.851428571428571,4.161317137780915,1.0714285714285714,1.3571428571428572,0.9166666666666666,61.0,1.2142857142857142,0.39590246354952235,-0.9134152006649554,2016,0.38450958376972266,0.3512849769264865,MIA vs. BUF,BUF,31,1616.3746024827185,4.0,MIA,34,1446.5854631244165,22.0,0,-3,-4.5,0,-220.0,197.0,1,0
BUF,15.0,7.0,0.4666666666666667,10.2,153,10.533333333333333,158,-12.32,1.3275831536702654,-14.960000000000003,0.3417907321042924,2.5236363636363635,2.2128774928774932,0.3107588707588708,8.358901562482288,25.933333333333334,389.0,63.0,23.2,348.0,65.0,AFC East,-1,2.7333333333333334,41,0.4849721706864564,0.6123999999999999,6.658,5.327583153670266,1.1333333333333333,1.8666666666666667,0.7756410256410257,64.0,0.6,9.0,0.39913859560918385,0.5982,6.901333333333333,4.341790732104292,1.1333333333333333,1.4,0.8974358974358974,57.93333333333333,1.2,0.39913859560918385,-1.3589015624822878,2017-01-01,2016,0.3744615257357803,0.34669679259014824,NYJ,15.0,4.0,0.26666666666666666,11.066666666666666,166,10.266666666666667,154,-32.24666666666666,0.22038625252612393,0.8933333333333328,-0.31871177913360593,1.5054834054834056,2.643785288785289,-1.1383018833018832,4.571499672046647,16.333333333333332,245.0,48.0,26.6,399.0,66.0,AFC East,-2,-10.266666666666667,-154,0.4593317396888826,0.5596,4.898,4.220386252526124,0.9333333333333333,0.6666666666666666,0.875,54.8,2.2666666666666666,-23.0,0.352982387982388,0.6516000000000001,8.224666666666668,3.681288220866394,2.0,0.6666666666666666,0.9102564102564104,43.4,0.7333333333333333,0.352982387982388,-0.571499672046647,2016,0.2781397653581369,0.38367143794152436,BUF vs. NYJ,NYJ,30,1450.0,17.0,BUF,10,1450.0,17.0,1,20,3.5,1,171.0,-190.0,1,0
SFO,1.0,1.0,1.0,13.0,13,13.0,13,-15.799999999999997,-0.42857142857142794,-67.0,-1.1739130434782608,2.1538461538461537,0.0,2.1538461538461537,0.999628401414209,28.0,28.0,4.0,0.0,0.0,0.0,NFC West,1,28.0,28,0.5,0.629,5.43,3.571428571428572,1.0,3.0,,10.0,1.0,1.0,0.47058823529411764,0.486,0.86,2.8260869565217392,0.0,0.0,,102.0,2.0,0.47058823529411764,0.0003715985857910553,2016-09-18,2016,0.307806645718705,0.0,CAR,1.0,0.0,0.0,10.0,10,9.0,9,-32.8,0.90625,-34.0,1.1034482758620694,2.0,2.3333333333333335,-0.3333333333333335,0.4711239954543948,20.0,20.0,4.0,21.0,21.0,3.0,NFC South,-1,-1.0,-1,0.5,0.545,4.58,4.90625,1.0,1.0,0.6666666666666666,85.0,1.0,2.0,0.6,0.6920000000000001,3.42,5.103448275862069,1.0,2.0,,22.0,3.0,0.6,-0.4711239954543948,2016,0.21155040181824206,-0.15704133181813162,SFO vs. CAR,CAR,46,1450.0,17.0,SFO,27,1550.0,1.0,1,19,-12.0,1,-550.0,447.0,0,0
MIN,2.0,2.0,1.0,10.5,21,11.0,22,-2.8999999999999986,-2.1574675324675323,-24.25,-0.7411067193675889,2.0972222222222223,1.3636363636363638,0.7335858585858586,1.3553005513151382,21.0,42.0,7.0,15.0,30.0,5.0,NFC North,2,6.0,12,1.0,0.6275,8.315000000000001,1.8425324675324677,1.0,0.0,0.8333333333333333,88.0,0.5,5.0,0.3571428571428571,0.583,5.164999999999999,3.258893280632411,1.5,0.5,1.0,41.0,3.0,0.3571428571428571,0.6446994486848618,2016-09-25,2016,0.44078324144747694,0.18689766462327975,CAR,2.0,1.0,0.5,12.5,25,12.5,25,-10.5,0.8315033783783785,-34.9,-0.1982758620689653,2.533333333333333,2.010416666666667,0.5229166666666667,1.2506225763496774,33.0,66.0,12.0,24.0,48.0,8.0,NFC South,1,9.0,18,1.0,0.5725,7.14,4.831503378378379,2.5,0.5,0.8333333333333333,67.5,2.5,1.0,0.5333333333333333,0.5820000000000001,4.305,3.8017241379310347,1.5,1.5,1.0,36.0,3.0,0.5333333333333333,-0.25062257634967744,2016,0.4198505816760774,0.11990038778405161,MIN vs. CAR,CAR,10,1514.0064999802885,9.0,MIN,22,1600.0,1.0,0,-12,-6.0,0,-260.0,231.0,0,0
TAM,4.0,1.0,0.25,12.0,48,11.75,47,-27.475,-0.5490342990342988,3.7250000000000014,-0.8008996212121211,1.7026515151515151,2.712121212121212,-1.0094696969696968,1.1169809377827942,19.25,77.0,11.0,32.0,128.0,21.0,NFC South,-3,-12.75,-51,0.5,0.58625,4.8825,3.450965700965701,2.0,0.5,0.3333333333333333,59.0,2.75,-9.0,0.37427884615384616,0.593,8.84,3.199100378787879,2.25,1.0,1.0,65.25,0.5,0.37427884615384616,-0.11698093778279417,2016-10-10,2016,0.22246463377286074,0.32203936333277294,CAR,4.0,1.0,0.25,12.25,49,11.5,46,-22.875,0.1699183558558559,-9.375,-0.594971264367816,2.1625,2.646117424242424,-0.48361742424242415,1.6758391649558095,27.25,109.0,18.0,29.5,118.0,18.0,NFC South,-2,-2.25,-9,0.8888888888888888,0.6005,5.585,4.169918355855856,2.0,0.5,0.7916666666666666,63.75,2.5,-3.0,0.46979166666666666,0.641,7.185,3.4050287356321842,2.0,1.0,1.0,47.75,1.75,0.46979166666666666,-0.6758391649558095,2016,0.30528007668773177,0.22736355994997515,TAM vs. CAR,CAR,14,1436.6079677323823,17.0,TAM,17,1414.2530642961078,17.0,0,-3,-6.0,0,-244.0,217.0,1,0
CAR,5.0,1.0,0.2,12.0,60,11.4,57,-24.839999999999996,0.4239346846846848,-9.26,-0.665166200683442,1.9845454545454548,2.4259848484848483,-0.4414393939393939,2.062789463553029,24.6,123.0,20.0,27.0,135.0,22.0,NFC South,-3,-2.4,-12,0.7291666666666666,0.609,5.8100000000000005,4.423934684684685,1.6,0.8,0.6333333333333333,63.0,2.8,-7.0,0.40083333333333326,0.6328,7.228,3.334833799316558,1.8,0.8,0.9,46.2,1.4,0.40083333333333326,-1.0627894635530288,2016-10-16,2016,0.26248070242979804,0.22673204140994163,NOR,4.0,1.0,0.25,11.0,44,10.5,42,-3.0,-0.3512443438914027,1.0249999999999986,0.30815018315018317,2.5973484848484847,3.288392857142857,-0.6910443722943722,1.6877154375304797,28.5,114.0,19.0,32.5,130.0,21.0,NFC South,1,-4.0,-16,0.611111111111111,0.658,7.205,3.648755656108597,2.5,1.0,0.7222222222222222,59.5,1.25,1.0,0.435994560994561,0.6825,8.3525,4.308150183150183,1.25,2.0,0.9375,61.75,1.5,0.435994560994561,-0.6877154375304797,2016,0.35757617435750505,0.28903557030869004,CAR vs. NOR,NOR,41,1436.543057610655,17.0,CAR,38,1383.3952707839308,22.0,1,3,2.5,1,126.0,-139.0,1,0
CAR,7.0,2.0,0.2857142857142857,11.857142857142858,83,11.571428571428571,81,-23.52857142857143,0.26445070070070076,-3.114285714285714,-0.8465472862024586,2.2636863136863137,2.4431360306360306,-0.1794497169497169,3.2412015279754365,27.285714285714285,191.0,31.0,28.0,196.0,32.0,NFC South,1,-0.7142857142857143,-5,0.5992063492063492,0.5911428571428571,6.155714285714287,4.264450700700701,1.4285714285714286,1.2857142857142858,0.738095238095238,58.0,2.4285714285714284,-7.0,0.3864950525664811,0.6598571428571428,7.634285714285714,3.1534527137975417,2.2857142857142856,0.7142857142857143,0.8533333333333333,63.57142857142857,1.4285714285714286,0.3864950525664811,-1.2412015279754365,2016-11-06,2016,0.3072680768205877,0.26857416420597185,LAR,7.0,3.0,0.42857142857142855,11.142857142857142,78,10.428571428571429,73,-21.685714285714287,-0.8582860517793051,-10.257142857142856,-0.1433888069602355,1.6401931401931402,2.207661386232815,-0.5674682460396746,3.0844854419766814,17.142857142857142,120.0,22.0,22.0,154.0,23.0,NFC West,-3,-4.857142857142857,-34,0.5388888888888889,0.6212857142857143,5.971428571428571,3.1417139482206946,1.1428571428571428,0.5714285714285714,1.0,68.28571428571429,1.8571428571428572,-3.0,0.40197058580517225,0.6237142857142857,6.607142857142857,3.8566111930397646,1.5714285714285714,0.8571428571428571,0.8333333333333334,57.714285714285715,1.4285714285714286,0.40197058580517225,-0.0844854419766814,2016,0.2786471067335403,0.2662560368581924,CAR vs. LAR,LAR,10,1428.7883311710966,17.0,CAR,13,1408.669955609071,23.0,0,-3,3.0,0,127.0,-140.0,0,0
KAN,8.0,6.0,0.75,10.75,86,11.375,91,-3.4250000000000007,0.0980025031011873,-15.6625,0.8304838543809134,2.2733707264957266,1.7065122377622377,0.5668584887334888,5.009611203943987,23.125,185.0,34.0,18.875,151.0,26.0,AFC West,4,4.25,34,0.5829931972789115,0.669625,7.455,4.0980025031011875,1.375,0.625,0.8020833333333333,47.125,0.875,13.0,0.36117586457659984,0.62975,6.15375,4.830483854380914,1.875,0.375,0.5933333333333334,43.5,2.5,0.36117586457659984,0.9903887960560134,2016-11-13,2016,0.44429246957253554,0.2853710284305719,CAR,8.0,3.0,0.375,11.625,93,11.5,92,-22.0,0.026394363113113162,-5.9125,-0.8069053460153865,2.1432255244755245,2.25138039044289,-0.10815486596736591,3.8918300993421124,25.5,204.0,34.0,25.75,206.0,34.0,NFC South,2,-0.25,-2,0.5748299319727891,0.595375,6.1875,4.026394363113113,1.375,1.125,0.7291666666666666,55.125,2.125,-6.0,0.388183170995671,0.65075,7.3725,3.1930946539846135,2.125,0.625,0.7666666666666666,69.25,1.375,0.388183170995671,-0.8918300993421124,2016,0.3248357212666239,0.2821708921499568,KAN vs. CAR,CAR,17,1461.5619909515772,20.0,KAN,20,1657.4440539685668,3.0,0,-3,-3.0,0,-170.0,153.0,0,0
NOR,9.0,4.0,0.4444444444444444,11.0,99,10.555555555555555,95,5.955555555555555,-0.04990369108016157,-3.877777777777778,0.18385874921822637,2.6652982819649487,2.8881784881784878,-0.22288020621353954,4.465322105208994,29.444444444444443,265.0,46.0,29.22222222222222,263.0,44.0,NFC South,-1,0.2222222222222222,2,0.5136904761904761,0.7011111111111111,8.152222222222223,3.9500963089198384,2.6666666666666665,0.8888888888888888,0.7857142857142857,57.111111111111114,1.4444444444444444,2.0,0.5087042949788048,0.6545555555555556,7.949999999999999,4.183858749218227,1.4444444444444444,1.3333333333333333,0.9444444444444444,54.666666666666664,1.6666666666666667,0.5087042949788048,-0.465322105208994,2016-11-17,2016,0.44062310119010806,0.3877495056968471,CAR,9.0,3.0,0.3333333333333333,11.444444444444445,103,11.333333333333334,102,-22.12222222222222,-0.04167244351631321,-9.255555555555555,-0.6561380853470102,2.0939782439782437,2.2234492359492357,-0.12947099197099193,4.296710695956138,24.555555555555557,221.0,37.0,25.11111111111111,226.0,38.0,NFC South,-1,-0.5555555555555556,-5,0.5967261904761905,0.5964444444444444,6.134444444444444,3.9583275564836864,1.3333333333333333,1.1111111111111112,0.7592592592592592,54.888888888888886,2.111111111111111,-7.0,0.39267075517075517,0.6515555555555556,6.904444444444445,3.3438619146529898,1.8888888888888888,0.5555555555555556,0.7999999999999999,66.55555555555556,1.3333333333333333,0.39267075517075517,-1.296710695956138,2016,0.3074667791258068,0.2774782064854758,NOR vs. CAR,CAR,23,1383.3952707839308,22.0,NOR,20,1436.543057610655,17.0,1,3,-3.5,0,-184.0,166.0,1,0
CAR,10.0,4.0,0.4,11.4,114,11.2,112,-22.97,-0.25232001397949666,-8.6,-0.5625242768123092,2.0936713286713284,2.201104312354312,-0.10743298368298367,4.878770732392501,24.4,244.0,42.0,24.6,246.0,42.0,NFC South,1,-0.2,-2,0.5798059964726632,0.5791999999999999,6.106,3.7476799860205032,1.3,1.1,0.7833333333333333,53.9,1.9,-5.0,0.39458015024191495,0.6658999999999999,6.803,3.4374757231876907,1.9,0.5,0.7833333333333333,64.7,1.4,0.39458015024191495,-0.8787707323925007,2016-11-27,2016,0.33604528880659207,0.3045460975352812,LVR,10.0,8.0,0.8,11.3,113,11.4,114,-1.3299999999999983,0.4269335593007564,-7.730000000000001,0.5246809978184752,2.4152763902763903,2.193167943167943,0.22210844710844707,5.707489841968831,27.2,272.0,49.0,24.3,243.0,45.0,AFC West,4,2.9,29,0.5074074074074074,0.6596,7.581999999999999,4.426933559300756,2.0,1.1,0.7092592592592593,82.1,0.7,10.0,0.37261738261738264,0.6275999999999999,7.708,4.524680997818475,1.8,0.9,0.9166666666666666,74.0,1.7,0.37261738261738264,2.2925101580311686,2016,0.5330380511004666,0.44575697992228297,CAR vs. LVR,LVR,35,1718.3360093462688,2.0,CAR,32,1494.181487367119,19.0,1,3,-3.5,0,-164.0,148.0,0,0
CAR,11.0,4.0,0.36363636363636365,11.636363636363637,128,11.272727272727273,124,-22.354545454545452,-0.12392728543590606,-8.072727272727272,-0.7107991959290788,2.1111297793115975,2.266155435473617,-0.15502565616201977,5.325874206568552,25.09090909090909,276.0,47.0,25.545454545454547,281.0,47.0,NFC South,-1,-0.45454545454545453,-5,0.6018253968253968,0.5704545454545454,6.252727272727273,3.876072714564094,1.3636363636363635,1.2727272727272727,0.7833333333333333,55.09090909090909,1.9090909090909092,-5.0,0.38598195476537717,0.666,6.895454545454545,3.289200804070921,1.9090909090909092,0.5454545454545454,0.8074074074074074,63.0,1.4545454545454546,0.38598195476537717,-1.3258742065685523,2016-12-04,2016,0.32292891497960086,0.29888849874727125,SEA,11.0,7.0,0.6363636363636364,10.363636363636363,114,10.454545454545455,115,-5.854545454545455,-0.3668132746564876,-20.09090909090909,-0.558256514945819,2.024609733700643,1.676795931341386,0.347813802359257,5.8279886870467195,20.363636363636363,224.0,44.0,17.0,187.0,34.0,NFC West,-1,3.3636363636363638,37,0.4897222222222222,0.652909090909091,7.574545454545455,3.633186725343512,1.1818181818181819,0.8181818181818182,0.9090909090909091,64.54545454545455,0.8181818181818182,5.0,0.3453618351345624,0.631909090909091,5.963636363636363,3.441743485054181,0.9090909090909091,0.8181818181818182,0.7,56.90909090909091,1.2727272727272727,0.3453618351345624,1.1720113129532805,2016,0.42708811624397475,0.3002754028777957,CAR vs. SEA,SEA,40,1595.9909883125592,6.0,CAR,7,1472.6019123870956,24.0,1,33,-8.5,1,-385.0,334.0,0,0
LAC,12.0,5.0,0.4166666666666667,11.166666666666666,134,11.166666666666666,134,-6.558333333333333,-0.26819025632302973,-16.083333333333332,0.010166367573488322,2.5489653864653863,2.4277486402486406,0.12121674621674622,6.309838221012124,27.833333333333332,334.0,56.0,26.583333333333332,319.0,53.0,AFC West,-1,1.25,15,0.4614915387642661,0.63325,7.496666666666666,3.7318097436769704,2.0833333333333335,0.8333333333333334,0.7222222222222222,46.833333333333336,2.0833333333333335,-1.0,0.42908111088258144,0.6343333333333333,6.464166666666666,4.010166367573489,1.4166666666666667,1.3333333333333333,0.7883333333333333,60.333333333333336,2.0,0.42908111088258144,-1.3098382210121242,2016-12-11,2016,0.3722941913080355,0.3193896606258441,CAR,12.0,4.0,0.3333333333333333,11.5,138,11.25,135,-24.0,-0.09375874180831072,-8.133333333333333,-0.29524409052119577,1.9935356310356311,2.3803394522144523,-0.38680382117882117,5.341689483279807,23.583333333333332,283.0,48.0,26.75,321.0,55.0,NFC South,-2,-3.1666666666666665,-38,0.6049652367834186,0.55825,6.128333333333333,3.9062412581916894,1.3333333333333333,1.1666666666666667,0.7833333333333333,55.75,1.9166666666666667,-6.0,0.3885390140904847,0.6703333333333333,6.895833333333333,3.7047559094788043,1.8333333333333333,0.75,0.8266666666666665,60.833333333333336,1.4166666666666667,0.3885390140904847,-1.341689483279807,2016,0.3089365367165273,0.3279056039627226,LAC vs. CAR,CAR,28,1439.64831706177,24.0,LAC,16,1499.1673164489846,20.0,1,12,-1.0,1,-112.0,102.0,0,0
CAR,13.0,5.0,0.38461538461538464,11.538461538461538,150,11.307692307692308,147,-25.815384615384612,-0.13917810984734752,-10.930769230769231,-0.3571483912503346,2.019673915827762,2.2998005199928278,-0.2801266041650657,6.131915681811321,23.923076923076923,311.0,54.0,25.923076923076923,337.0,58.0,NFC South,1,-2.0,-26,0.5892736892736893,0.5437692307692308,6.001538461538461,3.8608218901526525,1.3076923076923077,1.1538461538461537,0.8030303030303029,54.15384615384615,1.8461538461538463,-2.0,0.3842924232630115,0.6601538461538462,6.6123076923076916,3.6428516087496656,1.8461538461538463,0.6923076923076923,0.8424242424242423,58.61538461538461,1.6923076923076923,0.3842924232630115,-1.1319156818113214,2016-12-19,2016,0.32865464265753264,0.3298528992438218,WAS,13.0,7.0,0.5384615384615384,9.615384615384615,125,9.615384615384615,125,0.9307692307692315,0.4384373412470763,-7.461538461538462,0.546539672653033,2.6774983563445103,2.6474999359614744,0.0299984203830357,6.9167208023762194,25.384615384615383,330.0,63.0,24.384615384615383,317.0,53.0,NFC East,1,1.0,13,0.5148599086099086,0.6735384615384615,8.22,4.438437341247076,1.7692307692307692,0.9230769230769231,0.7692307692307693,55.69230769230769,1.1538461538461537,1.0,0.4561282043748107,0.6667692307692307,7.0976923076923075,4.546539672653033,1.3846153846153846,1.3076923076923077,0.8055555555555555,66.6923076923077,1.2307692307692308,0.4561282043748107,0.08327919762378055,2016,0.5072286704309528,0.3941007984455756,CAR vs. WAS,WAS,15,1506.3132790610127,13.0,CAR,26,1498.1309715525094,21.0,0,-11,-7.0,0,-296.0,261.0,0,0
CAR,15.0,6.0,0.4,11.533333333333333,173,11.4,171,-26.16,-0.010036926645918183,-9.72,-0.2719217681434524,1.9903840603840603,2.2700835275835276,-0.2796994671994672,7.070785020499068,23.533333333333335,353.0,64.0,25.666666666666668,385.0,69.0,NFC South,-1,-2.1333333333333333,-32,0.5894716394716395,0.5370666666666666,5.971333333333333,3.989963073354082,1.3333333333333333,1.0,0.8179487179487179,52.666666666666664,1.7333333333333334,-1.0,0.3686089890501655,0.6720666666666666,6.698666666666667,3.7280782318565477,1.7333333333333334,0.7333333333333333,0.8512820512820513,58.46666666666667,1.6666666666666667,0.3686089890501655,-1.070785020499068,2017-01-01,2016,0.34353362569867424,0.34780344389300755,TAM,15.0,8.0,0.5333333333333333,10.6,159,10.866666666666667,163,-12.433333333333335,-0.5278514922981993,-12.919999999999998,0.42970011171624073,2.1931869981869982,2.2059042809042806,-0.012717282717282726,7.718761721418512,22.466666666666665,337.0,57.0,23.533333333333335,353.0,63.0,NFC South,-2,-1.0666666666666667,-16,0.5092619681905396,0.6213333333333334,6.682666666666666,3.472148507701801,1.8666666666666667,0.5333333333333333,0.6871794871794872,59.733333333333334,1.6666666666666667,1.0,0.4368065268065268,0.6315333333333333,6.8919999999999995,4.429700111716241,1.5333333333333334,0.9333333333333333,0.8,67.73333333333333,1.7333333333333334,0.4368065268065268,0.28123827858148776,2016,0.3652119840164129,0.36798282681007516,CAR vs. TAM,TAM,17,1414.2530642961078,17.0,CAR,16,1436.6079677323823,17.0,1,1,-3.5,0,-190.0,171.0,1,0
PHI,1.0,1.0,1.0,12.0,12,10.0,10,0.09999999999999432,-0.08823529411764719,-48.6,1.7142857142857144,2.4166666666666665,1.0,1.4166666666666665,0.925763609079848,29.0,29.0,5.0,10.0,10.0,2.0,NFC East,1,19.0,19,0.5,0.595,8.38,3.911764705882353,2.0,1.0,0.6666666666666666,46.0,0.0,1.0,0.3333333333333333,0.462,4.73,5.714285714285714,0.0,1.0,1.0,15.0,1.0,0.3333333333333333,0.074236390920152,2016-09-19,2016,0.44759849621673004,0.0148472781840304,CHI,1.0,0.0,0.0,12.0,12,11.0,11,-28.200000000000003,-0.3500000000000001,-12.799999999999997,-0.3142857142857145,1.1666666666666667,2.090909090909091,-0.9242424242424241,0.23567210592339943,14.0,14.0,2.0,23.0,23.0,5.0,NFC North,-1,-9.0,-9,0.5,0.552,5.52,3.65,1.0,1.0,,30.0,1.0,0.0,0.3076923076923077,0.629,6.0,3.6857142857142855,2.0,0.0,1.0,69.0,1.0,0.3076923076923077,-0.23567210592339943,2016,0.12738798234610008,-0.10712368451063613,PHI vs. CHI,CHI,14,1450.0,17.0,PHI,29,1550.0,1.0,0,-15,-3.0,0,-160.0,144.0,0,0
CHI,2.0,0.0,0.0,11.0,22,11.0,22,-24.25,-0.39722222222222214,-13.699999999999996,-0.5946428571428573,1.2833333333333332,2.3636363636363633,-1.08030303030303,0.38678163379459574,14.0,28.0,3.0,26.0,52.0,11.0,NFC North,-2,-12.0,-24,1.0,0.6380000000000001,5.775,3.602777777777778,0.5,1.0,0.0,45.0,2.0,-3.0,0.35384615384615387,0.6234999999999999,5.9399999999999995,3.4053571428571425,1.5,1.0,1.0,51.5,0.5,0.35384615384615387,-0.38678163379459574,2016-09-25,2016,0.10999216133218664,0.15330459155135107,DAL,2.0,1.0,0.5,8.5,17,9.0,18,-14.399999999999999,-0.6166666666666667,-3.799999999999997,0.7659313725490193,2.6875,2.388888888888889,0.29861111111111116,1.0635221115400244,23.0,46.0,10.0,21.5,43.0,8.0,NFC East,1,1.5,3,0.0,0.6445000000000001,7.154999999999999,3.3833333333333333,0.0,2.0,1.0,44.5,0.5,1.0,0.5441176470588236,0.644,7.43,4.765931372549019,2.0,0.5,1.0,45.5,1.0,0.5441176470588236,-0.0635221115400244,2016,0.569552320135287,0.20810619743555012,CHI vs. DAL,DAL,31,1500.0,9.0,CHI,17,1414.0064999802885,25.0,1,14,-6.5,1,-260.0,231.0,0,0
DET,3.0,1.0,0.3333333333333333,9.333333333333334,28,8.666666666666666,26,2.999999999999995,0.3212560386473428,15.899999999999997,1.0774853801169593,2.8555555555555556,3.25,-0.39444444444444443,1.3923164357235736,27.0,81.0,14.0,28.333333333333332,85.0,15.0,NFC North,-2,-1.3333333333333333,-4,0.25,0.676,8.24,4.321256038647342,2.3333333333333335,0.6666666666666666,0.8888888888888888,98.0,0.6666666666666666,-1.0,0.521494708994709,0.681,9.293333333333333,5.077485380116959,3.3333333333333335,0.0,0.8333333333333334,57.666666666666664,0.3333333333333333,0.521494708994709,-0.39231643572357355,2016-10-02,2016,0.4346139273794044,0.3091699162070051,CHI,3.0,0.0,0.0,10.333333333333334,31,10.666666666666666,32,-18.433333333333334,0.25899470899470894,-1.2666666666666657,-0.11187572590011625,1.4851851851851852,2.609090909090909,-1.1239057239057237,0.5808428629874801,15.0,45.0,6.0,27.666666666666668,83.0,16.0,NFC North,-3,-12.666666666666666,-38,0.75,0.6293333333333334,6.243333333333333,4.258994708994709,1.0,0.6666666666666666,0.5,45.0,2.0,-4.0,0.3025641025641026,0.6796666666666668,7.683333333333334,3.8881242740998836,1.3333333333333333,1.6666666666666667,0.8333333333333334,49.333333333333336,0.6666666666666666,0.3025641025641026,-0.5808428629874801,2016,0.15607465400080775,0.23652618950208665,DET vs. CHI,CHI,17,1376.135291917265,29.0,DET,14,1438.008106127738,16.0,1,3,3.0,1,159.0,-177.0,1,0
CHI,4.0,1.0,0.25,10.0,40,10.25,41,-9.024999999999999,0.17700465243568697,-12.2,-0.16724012775842056,1.586111111111111,2.345707070707071,-0.7595959595959596,1.1938925643902607,15.5,62.0,9.0,24.25,97.0,18.0,NFC North,1,-8.75,-35,0.611111111111111,0.6665000000000001,7.0024999999999995,4.177004652435687,1.25,0.5,0.5,47.5,1.5,-2.0,0.3230769230769231,0.6695,6.505,3.832759872241579,1.0,1.25,0.875,56.0,1.0,0.3230769230769231,-0.1938925643902607,2016-10-09,2016,0.21409354325304783,0.30798740146936165,IND,4.0,1.0,0.25,10.25,41,10.0,40,-12.600000000000001,-0.09872662425293988,-1.8500000000000014,0.005509934785927428,2.6386363636363637,3.151262626262626,-0.5126262626262625,1.693224630094962,27.0,108.0,20.0,31.25,125.0,21.0,AFC South,-1,-4.25,-17,0.5,0.6192500000000001,6.3625,3.90127337574706,2.0,1.0,1.0,70.75,1.25,-1.0,0.4356763538748833,0.67625,7.987500000000001,4.005509934785927,1.25,1.25,0.95,87.25,1.0,0.4356763538748833,-0.693224630094962,2016,0.4032652890128095,0.30276426730003625,CHI vs. IND,IND,29,1411.9085494518545,17.0,CHI,23,1434.9465551636551,17.0,1,6,-4.0,1,-202.0,181.0,0,0
JAX,4.0,1.0,0.25,11.0,44,11.0,44,-21.75,-0.22643735574770063,-7.299999999999999,-0.08402597402597434,1.9658119658119657,2.5926573426573425,-0.6268453768453769,1.4884676423743093,21.0,84.0,16.0,27.75,111.0,21.0,AFC South,1,-6.75,-27,0.4444444444444444,0.61075,5.3675,3.7735626442522996,1.75,0.5,0.625,98.0,1.75,-2.0,0.2740530303030303,0.659,6.41,3.915974025974026,2.0,1.0,1.0,45.75,1.25,0.2740530303030303,-0.4884676423743093,2016-10-16,2016,0.31923021432960824,0.29967147448942905,CHI,5.0,1.0,0.2,10.0,50,10.2,51,-3.219999999999999,0.65739319563276,-7.6,-0.00045876887340305926,1.7288888888888887,2.456565656565657,-0.7276767676767677,1.5599031910775227,17.0,85.0,14.0,25.2,126.0,25.0,NFC North,-1,-8.2,-41,0.5208333333333334,0.6866000000000001,7.634,4.65739319563276,1.4,0.4,0.5625,54.0,1.4,-3.0,0.3029059829059829,0.6792,6.938,3.9995412311265968,1.2,1.0,0.9,58.4,0.8,0.3029059829059829,-0.5599031910775227,2016,0.24864542129965875,0.3372643930316154,JAX vs. CHI,CHI,16,1381.635970252261,22.0,JAX,17,1438.6990718239435,17.0,0,-1,-2.5,0,-139.0,126.0,0,0
CHI,6.0,1.0,0.16666666666666666,10.166666666666666,61,10.166666666666666,61,-6.283333333333331,0.4490622309285346,-9.116666666666667,-0.2170489740611692,1.683164983164983,2.3304713804713804,-0.6473063973063974,2.0240447700053408,16.833333333333332,101.0,18.0,23.833333333333332,143.0,28.0,NFC North,-2,-7.0,-42,0.4666666666666667,0.6741666666666667,7.371666666666666,4.449062230928535,1.1666666666666667,0.5,0.65,59.5,1.1666666666666667,-1.0,0.32104910340204457,0.6669999999999999,6.983333333333333,3.782951025938831,1.1666666666666667,1.0,0.9166666666666666,57.0,1.0,0.32104910340204457,-1.0240447700053408,2016-10-20,2016,0.2447191096718685,0.3041714383602471,GNB,5.0,3.0,0.6,9.8,49,10.2,51,-10.720000000000002,0.07548913043478259,0.3400000000000006,-1.1923502584372148,2.4427272727272724,2.2853535353535355,0.1573737373737374,2.5007425864419064,22.8,114.0,22.0,22.6,113.0,23.0,NFC North,-1,0.2,1,0.7,0.6035999999999999,6.8180000000000005,4.075489130434782,2.0,0.4,1.0,44.2,1.8,-3.0,0.4947368421052632,0.6378,8.144,2.807649741562785,2.0,0.2,0.9333333333333332,82.6,1.2,0.4947368421052632,0.4992574135580936,2016,0.49381086978889005,0.40581537455622024,CHI vs. GNB,GNB,26,1542.0156440555916,11.0,CHI,10,1339.7749587737835,26.0,1,16,-7.5,1,-335.0,293.0,1,0
MIN,6.0,5.0,0.8333333333333334,10.5,63,11.333333333333334,68,-4.133333333333333,-1.4512857012857012,-39.666666666666664,-0.21666316775012429,2.142340067340067,1.2474747474747476,0.8948653198653199,4.1439454572387335,21.5,129.0,20.0,14.0,84.0,15.0,NFC North,-1,7.5,45,0.7033333333333334,0.6563333333333333,7.411666666666666,2.5487142987142986,1.1666666666666667,0.5,0.861111111111111,68.0,0.8333333333333334,11.0,0.406328320802005,0.5593333333333333,3.748333333333333,3.783336832249876,0.8333333333333334,0.5,0.8333333333333333,47.333333333333336,2.6666666666666665,0.406328320802005,0.8560545427612665,2016-10-31,2016,0.3627542086117072,0.2152961228956348,CHI,7.0,1.0,0.14285714285714285,9.857142857142858,69,10.0,70,-16.628571428571426,0.3611009598435059,-7.742857142857143,-0.11771899640025676,1.6212842712842712,2.4102453102453105,-0.788961038961039,2.1181455161905856,15.857142857142858,111.0,19.0,24.142857142857142,169.0,33.0,NFC North,-3,-8.285714285714286,-58,0.48888888888888893,0.6328571428571428,6.482857142857142,4.3611009598435055,1.0,0.42857142857142855,0.7083333333333334,66.42857142857143,1.2857142857142858,-2.0,0.31089923148746684,0.6711428571428572,6.911428571428572,3.8822810035997435,1.4285714285714286,0.8571428571428571,0.880952380952381,56.857142857142854,1.0,0.31089923148746684,-1.1181455161905856,2016,0.23137729853494593,0.3287779550320626,MIN vs. CHI,CHI,20,1315.9842989031708,28.0,MIN,10,1632.4135717493978,2.0,1,10,5.5,1,205.0,-230.0,1,0
CHI,8.0,2.0,0.25,9.75,78,9.875,79,-14.612499999999999,0.4969978226216883,-8.5875,-0.20717078851689136,1.696401515151515,2.2478535353535354,-0.5514520202020202,2.9560554969459822,16.375,131.0,23.0,22.375,179.0,35.0,NFC North,1,-6.0,-48,0.5380952380952381,0.634375,6.74125,4.4969978226216885,1.0,0.5,0.75,60.625,1.125,-2.0,0.33453682755153347,0.665,6.79375,3.7928292114831086,1.375,0.75,0.8958333333333334,51.0,0.875,0.33453682755153347,-0.9560554969459822,2016-11-13,2016,0.25963256982410643,0.33471211646659904,TAM,8.0,3.0,0.375,11.625,93,11.625,93,-12.525000000000002,-0.2238918290747558,-0.7999999999999989,0.16050257034632043,1.9986742424242425,2.5573142135642133,-0.5586399711399711,3.204392594528558,22.5,180.0,29.0,29.0,232.0,39.0,NFC South,-2,-6.5,-52,0.4651360544217687,0.604125,6.39875,3.7761081709252444,2.25,0.5,0.5444444444444444,62.875,1.75,-3.0,0.40060096153846153,0.612375,8.29625,4.1605025703463205,2.25,1.0,0.7916666666666666,73.25,1.375,0.40060096153846153,-0.20439259452855785,2016,0.3038610413423008,0.35622135593197074,CHI vs. TAM,TAM,36,1427.933465586627,20.0,CHI,10,1402.0590602996176,25.0,1,26,2.5,1,131.0,-145.0,0,0
CHI,9.0,2.0,0.2222222222222222,9.88888888888889,89,10.0,90,-18.299999999999997,0.6751091756637229,-7.28888888888889,-0.3418579052049787,1.6089225589225589,2.3617283950617285,-0.7528058361391694,3.0018894214174954,15.666666666666666,141.0,25.0,23.88888888888889,215.0,40.0,NFC North,-1,-8.222222222222221,-74,0.5177083333333333,0.6231111111111112,6.328888888888889,4.675109175663723,1.0,0.4444444444444444,0.78125,62.111111111111114,1.4444444444444444,-5.0,0.3175680891367166,0.6685555555555556,6.964444444444444,3.658142094795021,1.4444444444444444,0.7777777777777778,0.9074074074074073,54.77777777777778,0.8888888888888888,0.3175680891367166,-1.0018894214174954,2016-11-20,2016,0.24962891943141402,0.3455857075843212,NYG,9.0,6.0,0.6666666666666666,11.333333333333334,102,11.222222222222221,101,-12.677777777777779,-0.619285368468375,-23.53333333333333,-0.44818743454613025,1.7900112233445569,1.8776899026899028,-0.08767867934534594,4.533450898771703,20.22222222222222,182.0,31.0,20.444444444444443,184.0,40.0,NFC East,4,-0.2222222222222222,-2,0.4641369047619047,0.6421111111111111,6.477777777777778,3.380714631531625,1.6666666666666667,0.4444444444444444,0.9583333333333334,56.666666666666664,2.0,-8.0,0.34644160258195345,0.5923333333333334,5.844444444444445,3.55181256545387,0.8888888888888888,0.8888888888888888,0.8796296296296295,60.77777777777778,1.1111111111111112,0.34644160258195345,1.4665491012282974,2016,0.35344555788461574,0.4165698174357887,CHI vs. NYG,NYG,22,1621.695433090699,5.0,CHI,16,1355.7758178426309,25.0,1,6,-7.0,0,-283.0,250.0,0,0
TEN,11.0,5.0,0.45454545454545453,10.909090909090908,120,10.363636363636363,114,1.0818181818181798,0.649488681851739,-12.47272727272727,0.0682028511672781,2.3166878575969485,2.4835497835497837,-0.16686192595283503,5.2964832540369935,25.545454545454547,281.0,49.0,25.0,275.0,44.0,AFC South,-1,0.5454545454545454,6,0.44027777777777777,0.6524545454545454,8.233636363636363,4.649488681851739,2.1818181818181817,1.0,0.85,65.0,1.1818181818181819,-2.0,0.462567735295008,0.6208181818181818,6.911818181818182,4.068202851167278,1.6363636363636365,0.5454545454545454,0.8833333333333332,85.0909090909091,1.0,0.462567735295008,-0.2964832540369935,2016-11-27,2016,0.39732751556983886,0.34047427178817563,CHI,10.0,2.0,0.2,10.0,100,10.0,100,-18.729999999999997,0.5795982580973507,-7.010000000000001,-0.35594797675344636,1.5934848484848483,2.3455555555555554,-0.752070707070707,3.321679791405869,15.7,157.0,28.0,23.7,237.0,44.0,NFC North,-2,-8.0,-80,0.5342592592592593,0.6174999999999999,6.353,4.57959825809735,1.0,0.5,0.75,59.9,1.4,-6.0,0.31914461355637824,0.6599999999999999,7.01,3.644052023246554,1.5,0.8,0.9166666666666666,52.8,0.8,0.31914461355637824,-1.3216797914058689,2016,0.2429929658406357,0.3378460891781418,TEN vs. CHI,CHI,21,1337.9875129453412,25.0,TEN,27,1441.5281975614407,18.0,0,-6,6.5,1,222.0,-250.0,0,0
SFO,11.0,1.0,0.09090909090909091,12.090909090909092,133,11.909090909090908,131,-23.009090909090908,0.492142029247964,-0.30000000000000104,0.8387546866683149,1.7251792399519672,2.665758483940302,-0.9405792439883349,3.356484829694472,20.727272727272727,228.0,41.0,31.272727272727273,344.0,59.0,NFC West,-10,-10.545454545454545,-116,0.4598015873015873,0.5638181818181818,5.705454545454545,4.492142029247964,1.3636363636363635,1.0,0.9444444444444444,50.45454545454545,1.8181818181818181,-5.0,0.36381918734859914,0.616,7.858181818181818,4.838754686668315,2.3636363636363638,1.2727272727272727,0.8833333333333334,52.54545454545455,1.3636363636363635,0.36381918734859914,-2.356484829694472,2016-12-04,2016,0.24223111550411938,0.3129544726218086,CHI,11.0,2.0,0.18181818181818182,10.090909090909092,111,9.909090909090908,109,-19.5,0.5558331271959386,-3.972727272727273,-0.22014079391379135,1.622176308539945,2.405050505050505,-0.7828741965105602,3.6770272989575976,16.181818181818183,178.0,31.0,24.0,264.0,49.0,NFC North,-3,-7.818181818181818,-86,0.5262878787878787,0.6085454545454545,6.257272727272727,4.555833127195939,1.1818181818181819,0.45454545454545453,0.75,58.81818181818182,1.4545454545454546,-8.0,0.3382598091154241,0.6592727272727272,7.424545454545455,3.779859206086208,1.5454545454545454,0.8181818181818182,0.9242424242424242,58.72727272727273,0.7272727272727273,0.3382598091154241,-1.6770272989575976,2016,0.23670119060795616,0.34013816709848016,SFO vs. CHI,CHI,26,1302.4622200962972,29.0,SFO,6,1225.3770222447354,31.0,1,20,0.0,1,107.0,-118.0,0,0
CHI,12.0,3.0,0.25,10.166666666666666,122,9.916666666666666,119,-18.241666666666664,0.47201369992961034,-8.441666666666668,-0.18954082579352438,1.6839646464646465,2.2546296296296298,-0.5706649831649832,4.647001685116599,17.0,204.0,35.0,22.5,270.0,51.0,NFC North,1,-5.5,-66,0.4867079889807162,0.60875,6.5874999999999995,4.472013699929611,1.0833333333333333,0.6666666666666666,0.775,57.25,1.4166666666666667,-9.0,0.3457857774034245,0.6320833333333333,6.839166666666667,3.8104591742064753,1.4166666666666667,0.75,0.9305555555555555,62.666666666666664,0.6666666666666666,0.3457857774034245,-1.6470016851165994,2016-12-11,2016,0.24751020561538184,0.3340356541029786,DET,12.0,8.0,0.6666666666666666,9.25,111,9.166666666666666,110,-0.033333333333333805,-0.24453181138154437,-0.15000000000000036,0.29145347809070177,2.5354617604617604,2.335452279202279,0.20000948125948134,6.5633554576633095,22.916666666666668,275.0,51.0,20.916666666666668,251.0,47.0,NFC North,4,2.0,24,0.4844680571953299,0.6753333333333332,7.651666666666667,3.755468188618456,1.75,0.3333333333333333,0.9166666666666666,58.25,0.6666666666666666,6.0,0.4237539081289081,0.73575,7.2558333333333325,4.291453478090702,1.8333333333333333,0.5,0.8181818181818182,56.0,1.1666666666666667,0.4237539081289081,1.4366445423366905,2016,0.5144661198642427,0.442819919310473,CHI vs. DET,DET,20,1438.008106127738,16.0,CHI,17,1376.135291917265,29.0,1,3,-7.5,0,-314.0,276.0,1,0
GNB,13.0,7.0,0.5384615384615384,10.076923076923077,131,9.923076923076923,129,0.06923076923076749,0.331468460029673,-5.8538461538461535,-0.15911242405640827,2.6735320235320237,2.4452284894592586,0.22830353407276485,7.244667177120051,25.615384615384617,333.0,60.0,24.0,312.0,56.0,NFC North,3,1.6153846153846154,21,0.5521013708513708,0.6467692307692308,7.5200000000000005,4.331468460029673,2.4615384615384617,0.5384615384615384,0.8484848484848485,51.30769230769231,1.3076923076923077,1.0,0.47031586834218414,0.6395384615384615,7.4653846153846155,3.840887575943592,1.9230769230769231,0.6923076923076923,0.9722222222222222,63.38461538461539,1.3846153846153846,0.47031586834218414,-0.24466717712005082,2016-12-18,2016,0.4493951669834392,0.3925454013603322,CHI,13.0,3.0,0.23076923076923078,9.923076923076923,129,9.76923076923077,127,-17.523076923076925,0.5443022388490522,-10.661538461538461,-0.16946625677644012,1.7412420912420912,2.2735042735042734,-0.5322621822621822,5.0518822817306255,17.0,221.0,37.0,22.307692307692307,290.0,55.0,NFC North,-1,-5.3076923076923075,-69,0.5017045454545455,0.61,6.619230769230769,4.544302238849053,1.0769230769230769,0.6153846153846154,0.7954545454545454,63.53846153846154,1.3076923076923077,-7.0,0.3499561022185457,0.6296153846153847,6.618461538461539,3.83053374322356,1.3846153846153846,0.7692307692307693,0.9358974358974359,62.07692307692308,0.7692307692307693,0.3499561022185457,-2.0518822817306255,2016,0.24155059962788722,0.33140307359467935,GNB vs. CHI,CHI,27,1339.7749587737835,26.0,GNB,30,1542.0156440555916,11.0,0,-3,4.5,1,201.0,-225.0,1,0
WAS,14.0,7.0,0.5,9.857142857142858,138,9.857142857142858,138,-0.7714285714285712,0.28074676192723014,-6.921428571428572,0.5421331592384224,2.568666056166056,2.601249940535655,-0.03258388436959873,7.130278919657172,24.642857142857142,345.0,67.0,24.5,343.0,59.0,NFC East,-1,0.14285714285714285,2,0.5048410990718684,0.6740714285714285,8.029285714285715,4.28074676192723,1.6428571428571428,0.9285714285714286,0.7857142857142857,56.714285714285715,1.2857142857142858,-2.0,0.4354523802528004,0.6597142857142858,7.227857142857142,4.542133159238422,1.4285714285714286,1.2142857142857142,0.8051282051282052,66.35714285714286,1.1428571428571428,0.4354523802528004,-0.1302789196571723,2016-12-24,2016,0.4809892921236902,0.3930194325777572,CHI,14.0,3.0,0.21428571428571427,10.0,140,9.857142857142858,138,-17.62857142857143,0.5768520789312627,-11.085714285714285,0.2587875441734298,1.7921923314780457,2.305916305916306,-0.5137239744382601,5.489778533974421,17.714285714285715,248.0,42.0,22.857142857142858,320.0,61.0,NFC North,-2,-5.142857142857143,-72,0.5045320064550833,0.6162857142857143,6.576428571428571,4.576852078931262,1.1428571428571428,0.6428571428571429,0.8125,61.857142857142854,1.5,-11.0,0.3517449520600781,0.6284285714285714,6.664285714285714,4.25878754417343,1.2857142857142858,0.9285714285714286,0.9404761904761905,62.214285714285715,0.7142857142857143,0.3517449520600781,-2.4897785339744214,2016,0.24664760284340526,0.3318444665774122,WAS vs. CHI,CHI,21,1307.7144989923927,29.0,WAS,41,1455.1359680041685,17.0,0,-20,3.0,0,140.0,-155.0,0,0
CHI,15.0,3.0,0.2,10.0,150,9.866666666666667,148,-18.966666666666665,0.6307029659768709,-10.073333333333332,0.37105885075234396,1.8127128427128425,2.425521885521886,-0.6128090428090427,5.659775661628874,17.933333333333334,269.0,45.0,24.066666666666666,361.0,68.0,NFC North,-3,-6.133333333333334,-92,0.5042082917082917,0.6152,6.359999999999999,4.63070296597687,1.2,0.6666666666666666,0.75,61.2,1.7333333333333334,-16.0,0.37496195525607295,0.6279333333333333,6.886666666666667,4.371058850752345,1.2666666666666666,1.1333333333333333,0.9444444444444444,62.93333333333333,0.6666666666666666,0.37496195525607295,-2.659775661628874,2017-01-01,2016,0.2468044867674225,0.34735822297713365,MIN,15.0,7.0,0.4666666666666667,10.066666666666666,151,10.8,162,-5.0600000000000005,-0.8080128449329901,-16.886666666666667,0.10679038352075514,1.9532323232323232,1.8605387205387205,0.09269360269360269,7.439017057160524,19.266666666666666,289.0,51.0,19.8,297.0,57.0,NFC North,-2,-0.5333333333333333,-8,0.5580494901923473,0.7008,6.849333333333333,3.19198715506701,1.1333333333333333,0.5333333333333333,0.9047619047619048,57.8,1.0,7.0,0.36339102418049785,0.6110000000000001,5.974666666666666,4.106790383520755,1.4,0.6,0.9119047619047619,51.733333333333334,1.4666666666666666,0.36339102418049785,-0.4390170571605241,2016,0.3278631920904253,0.31809713075796303,CHI vs. MIN,MIN,38,1632.4135717493978,2.0,CHI,10,1315.9842989031708,28.0,1,28,-6.0,1,-255.0,227.0,1,0
CIN,1.0,1.0,1.0,10.0,10,10.0,10,8.200000000000003,-1.0,-23.200000000000003,1.0666666666666664,2.3,2.2,0.09999999999999964,0.5263133366950838,23.0,23.0,5.0,22.0,22.0,5.0,AFC North,1,1.0,1,0.5,0.767,9.97,3.0,1.0,1.0,0.75,44.0,1.0,0.0,0.2727272727272727,0.5429999999999999,5.23,5.066666666666666,2.0,0.0,0.75,95.0,1.0,0.2727272727272727,0.47368666330491616,2016-09-18,2016,0.7368433316524581,0.23684333165245808,PIT,1.0,1.0,1.0,9.0,9,9.0,9,11.299999999999997,0.9000000000000004,-27.299999999999997,0.583333333333333,4.222222222222222,1.7777777777777777,2.4444444444444446,0.885952057208045,38.0,38.0,6.0,16.0,16.0,4.0,AFC North,1,22.0,22,0.5,0.73,8.24,4.9,3.0,2.0,1.0,81.0,1.0,1.0,0.6428571428571429,0.698,5.56,4.583333333333333,0.0,1.0,1.0,55.0,2.0,0.6428571428571429,0.11404794279195496,2016,0.74269862852797,0.0506879745742022,CIN vs. PIT,PIT,24,1550.0,1.0,CIN,16,1550.0,1.0,1,8,-3.0,1,-162.0,146.0,1,0
DEN,2.0,2.0,1.0,9.0,18,10.0,20,-27.700000000000003,0.7130144605116797,-35.65,0.4293154761904765,3.0555555555555554,2.0,1.0555555555555556,1.3074867851504597,27.5,55.0,8.0,20.0,40.0,8.0,AFC West,2,7.5,15,0.0,0.6795,5.0600000000000005,4.71301446051168,0.5,1.5,0.8,38.0,2.0,-1.0,0.4772727272727273,0.535,4.105,4.429315476190476,1.0,1.0,0.8333333333333333,89.5,1.5,0.4772727272727273,0.6925132148495403,2016-09-25,2016,0.5983362699665645,0.33850264296990806,CIN,2.0,1.0,0.5,12.5,25,12.5,25,-3.75,-1.222222222222222,-22.85,0.25555555555555554,1.6833333333333331,1.9000000000000001,-0.2166666666666669,0.803000904519581,19.5,39.0,9.0,23.0,46.0,9.0,AFC North,-1,-3.5,-7,1.0,0.6705,8.56,2.7777777777777777,1.0,0.5,0.875,37.5,1.5,0.0,0.26136363636363635,0.5285,5.59,4.2555555555555555,2.5,0.0,0.875,74.5,1.5,0.26136363636363635,0.19699909548041905,2016,0.3954598371864754,0.21545983718647543,DEN vs. CIN,CIN,17,1500.0,9.0,DEN,29,1585.9935000197115,1.0,0,-12,-3.5,0,-183.0,165.0,0,0
MIA,3.0,1.0,0.3333333333333333,12.666666666666666,38,12.0,36,-14.633333333333335,0.05833333333333327,-5.766666666666666,0.3393640350877192,1.6327006327006328,1.8881118881118883,-0.2554112554112555,1.3756832156350118,21.333333333333332,64.0,11.0,22.333333333333332,67.0,12.0,AFC East,1,-1.0,-3,0.5,0.6346666666666666,6.623333333333334,4.058333333333334,1.6666666666666667,1.0,0.8333333333333334,52.0,2.3333333333333335,-3.0,0.31025641025641026,0.6486666666666666,7.403333333333333,4.339364035087719,1.3333333333333333,0.6666666666666666,0.6666666666666666,75.0,1.3333333333333333,0.31025641025641026,-0.37568321563501184,2016-09-29,2016,0.2532235493685515,0.1804796427072209,CIN,3.0,1.0,0.3333333333333333,12.0,36,12.0,36,-12.333333333333334,-0.5044699872286077,-4.900000000000001,-0.4093397745571659,1.6373737373737374,2.1454545454545455,-0.5080808080808082,1.0229821803873786,18.666666666666668,56.0,12.0,25.0,75.0,14.0,AFC North,-2,-6.333333333333333,-19,1.0,0.6726666666666666,7.256666666666668,3.495530012771392,0.6666666666666666,1.0,0.9166666666666666,48.0,1.6666666666666667,-1.0,0.31313131313131315,0.5713333333333334,7.373333333333334,3.590660225442834,3.0,0.0,0.9166666666666666,63.333333333333336,1.3333333333333333,0.31313131313131315,-0.022982180387378648,2016,0.33077975773473567,0.25628008772756206,MIA vs. CIN,CIN,22,1462.1287919369763,16.0,MIA,7,1464.0064999802885,16.0,1,15,-7.5,1,-340.0,297.0,0,0
CIN,4.0,2.0,0.5,11.5,46,11.75,47,-6.675000000000001,-0.8580822201511855,-9.825,-0.11469713861018216,1.778030303030303,1.7681818181818183,0.009848484848484829,1.9608277712470525,19.5,78.0,18.0,20.5,82.0,15.0,AFC North,1,-1.0,-4,0.7777777777777778,0.6819999999999999,7.9025,3.1419177798488143,0.75,0.75,0.9375,46.0,1.25,1.0,0.28484848484848485,0.5785,6.880000000000001,3.885302861389818,2.5,0.0,0.9166666666666666,64.5,1.5,0.28484848484848485,0.03917222875294746,2016-10-09,2016,0.39513641368235364,0.24248714591113943,DAL,4.0,3.0,0.75,9.0,36,9.0,36,2.0249999999999986,0.14867104440275192,-5.924999999999997,0.6896159325799285,2.7854166666666664,2.138888888888889,0.6465277777777778,2.5631178270383685,25.25,101.0,19.0,19.25,77.0,14.0,NFC East,3,6.0,24,0.1111111111111111,0.7000000000000001,8.51,4.148671044402752,0.75,2.0,0.75,44.75,0.5,3.0,0.49283804430863254,0.649,7.2925,4.689615932579929,1.75,0.5,1.0,42.0,1.25,0.49283804430863254,0.43688217296163145,2016,0.585421953376882,0.33414132237126976,CIN vs. DAL,DAL,28,1573.6160682553505,3.0,CIN,14,1512.399013215418,12.0,1,14,2.5,1,115.0,-127.0,0,0
CIN,5.0,2.0,0.4,10.8,54,10.8,54,-4.820000000000002,-0.4759394603314748,-4.459999999999999,0.34962159945668186,1.7724242424242427,2.2145454545454544,-0.4421212121212122,2.1229177904916563,18.4,92.0,20.0,22.0,110.0,19.0,AFC North,-1,-3.6,-18,0.7708333333333333,0.687,7.732000000000001,3.5240605396685254,1.0,0.6,0.75,46.6,1.0,2.0,0.3112121212121212,0.6128,7.5200000000000005,4.349621599456682,2.2,0.6,0.9166666666666666,60.6,1.4,0.3112121212121212,-0.1229177904916563,2016-10-16,2016,0.3612653488524699,0.272831711039476,NWE,5.0,4.0,0.8,10.6,53,10.6,53,1.6400000000000006,-0.14186084430566623,-13.26,-0.26621699450646813,2.0747474747474746,1.4514529914529914,0.6232944832944833,3.1013912252099014,22.8,114.0,20.0,14.8,74.0,13.0,AFC East,1,8.0,40,0.3333333333333333,0.6609999999999999,8.412,3.858139155694334,1.4,1.2,0.6,56.8,0.8,4.0,0.4046918767507003,0.6416000000000001,6.378,3.7337830054935317,1.4,0.4,0.5833333333333334,49.0,1.6,0.4046918767507003,0.8986087747900986,2016,0.44517802073887536,0.2403091097066841,CIN vs. NWE,NWE,35,1585.5553784153108,2.0,CIN,17,1471.1188055495495,15.0,1,18,-7.5,1,-335.0,293.0,0,0
CLE,6.0,0.0,0.0,10.833333333333334,65,11.5,69,-20.016666666666666,0.5025419176234392,5.416666666666662,0.06416094973969717,1.7255374255374256,2.5953583453583455,-0.8698209198209198,1.6324708208721563,18.833333333333332,113.0,20.0,29.333333333333332,176.0,29.0,AFC North,-6,-10.5,-63,0.4966666666666667,0.6023333333333333,6.151666666666666,4.502541917623439,1.1666666666666667,0.8333333333333334,0.7,61.666666666666664,1.3333333333333333,-1.0,0.3775946275946276,0.6601666666666667,8.448333333333332,4.064160949739697,2.6666666666666665,0.8333333333333334,0.6944444444444443,62.333333333333336,1.1666666666666667,0.3775946275946276,-1.6324708208721563,2016-10-23,2016,0.22397585533988945,0.23588972510798903,CIN,6.0,2.0,0.3333333333333333,10.333333333333334,62,10.5,63,-3.8333333333333357,-0.4382828836095623,2.6000000000000014,0.1971484343298436,1.8311868686868689,2.4936026936026936,-0.662415824915825,2.2758923266820315,18.166666666666668,109.0,23.0,24.166666666666668,145.0,25.0,AFC North,-2,-6.0,-36,0.7766666666666666,0.6853333333333333,7.825,3.561717116390438,1.0,0.6666666666666666,0.7916666666666666,46.5,0.8333333333333334,2.0,0.3287878787878788,0.6488333333333333,8.256666666666666,4.1971484343298435,2.3333333333333335,0.6666666666666666,0.9375,59.666666666666664,1.1666666666666667,0.3287878787878788,-0.27589232668203145,2016,0.35390988302772386,0.3124409836850508,CLE vs. CIN,CIN,31,1437.0167563008974,22.0,CLE,17,1280.6975935769146,30.0,1,14,-11.5,1,-575.0,480.0,1,0
WAS,7.0,4.0,0.5714285714285714,9.571428571428571,67,9.571428571428571,67,-7.042857142857143,0.6337487732011057,-10.557142857142855,1.0671142141066954,2.4051587301587305,2.5240315240315243,-0.11887279387279392,3.6294171427270014,22.714285714285715,159.0,31.0,23.142857142857142,162.0,28.0,NFC East,-1,-0.42857142857142855,-3,0.5,0.6715714285714286,7.088571428571429,4.633748773201106,1.4285714285714286,0.7142857142857143,0.8571428571428571,56.0,1.4285714285714286,-1.0,0.43466117216117217,0.6542857142857142,7.095714285714286,5.067114214106695,1.0,1.2857142857142858,0.9523809523809524,79.71428571428571,1.2857142857142858,0.43466117216117217,0.37058285727299856,2016-10-30,2016,0.4871813828901129,0.38033330491182077,CIN,7.0,3.0,0.42857142857142855,10.285714285714286,72,10.428571428571429,73,0.3285714285714261,0.34337657595370824,-5.0857142857142845,0.5865667898651407,2.0124458874458875,2.3802308802308803,-0.3677849927849928,3.081831097489147,20.0,140.0,28.0,23.142857142857142,162.0,28.0,AFC North,1,-3.142857142857143,-22,0.6472222222222223,0.6844285714285715,8.379999999999999,4.343376575953708,1.1428571428571428,0.8571428571428571,0.7261904761904762,44.142857142857146,0.8571428571428571,3.0,0.35324675324675325,0.6418571428571429,7.411428571428572,4.586566789865141,2.0,0.8571428571428571,0.95,56.142857142857146,1.2857142857142858,0.35324675324675325,-0.08183109748914719,2016,0.3843427168061585,0.32428322753484123,WAS vs. CIN,CIN,27,1465.924982465806,17.0,WAS,27,1550.8997430896088,9.0,0,0,-3.0,0,-150.0,136.0,0,0
CIN,8.0,3.0,0.375,10.5,84,10.75,86,-2.2375000000000025,0.3282322817372725,-4.9125,0.416471747583611,2.0421401515151514,2.342317404817405,-0.3001772533022533,3.581831097489147,20.875,167.0,32.0,23.625,189.0,33.0,AFC North,0,-2.75,-22,0.6363945578231293,0.67925,8.04125,4.3282322817372725,1.125,1.125,0.6354166666666666,49.25,1.0,2.0,0.37575757575757573,0.6465,7.47,4.416471747583611,2.0,0.875,0.875,62.375,1.25,0.37575757575757573,-0.5818310974891472,2016-11-14,2016,0.3532461382148025,0.3078482177076427,NYG,8.0,5.0,0.625,11.25,90,11.125,89,-11.8375,-0.7615108543417368,-22.9625,-0.4281239073426574,1.7950126262626263,1.9040678071928072,-0.10905518093018084,4.0045748942260975,20.125,161.0,28.0,20.5,164.0,36.0,NFC East,3,-0.375,-3,0.4768707482993197,0.642875,6.7225,3.238489145658263,1.5,0.5,0.9583333333333334,61.875,2.0,-7.0,0.33617537433326905,0.597375,5.88125,3.5718760926573427,0.875,0.875,0.8645833333333333,60.875,1.125,0.33617537433326905,0.9954251057739025,2016,0.3498220874467629,0.40426306714587146,CIN vs. NYG,NYG,21,1593.91930311411,6.0,CIN,20,1427.9156950848906,18.0,1,1,1.0,1,102.0,-113.0,0,0
PHI,11.0,5.0,0.45454545454545453,10.727272727272727,118,10.363636363636363,114,-17.87272727272727,0.29905013459193025,-13.454545454545455,0.06352519534337722,2.1972734336370703,1.9739669421487605,0.2233064914883096,6.29687634043516,23.09090909090909,254.0,47.0,19.363636363636363,213.0,39.0,NFC East,-2,3.727272727272727,41,0.5988095238095238,0.6324545454545455,5.945454545454546,4.299050134591931,1.0,1.0,0.9016666666666666,64.27272727272727,1.1818181818181819,3.0,0.3519578905942542,0.599909090909091,6.807272727272727,4.063525195343377,1.5454545454545454,0.5454545454545454,0.7916666666666667,52.81818181818182,1.4545454545454546,0.3519578905942542,-1.2968763404351602,2016-12-04,2016,0.35134577195650807,0.2706713099864663,CIN,11.0,3.0,0.2727272727272727,10.636363636363637,117,10.909090909090908,120,-10.200000000000001,0.06014609510624651,-9.627272727272727,0.39084655518459493,1.8615013774104683,2.1519884156247793,-0.29048703821431093,4.715380070951907,19.363636363636363,213.0,41.0,22.272727272727273,245.0,45.0,AFC North,-3,-2.909090909090909,-32,0.6024206349206349,0.6441818181818182,7.174545454545455,4.060146095106247,1.0909090909090908,1.0,0.7083333333333333,44.90909090909091,1.1818181818181819,1.0,0.36670110192837463,0.6550909090909092,6.717272727272728,4.390846555184595,1.8181818181818181,0.7272727272727273,0.90625,59.81818181818182,1.2727272727272727,0.36670110192837463,-1.7153800709519071,2016,0.29578043286011796,0.2824302248539123,PHI vs. CIN,CIN,32,1320.6785135810262,27.0,PHI,14,1448.4187995679345,19.0,1,18,-1.0,1,-118.0,107.0,0,0
CIN,12.0,4.0,0.3333333333333333,10.583333333333334,127,10.916666666666666,131,-6.850000000000001,-0.07617921079907201,-12.316666666666668,0.25739881593675584,1.9730429292929292,2.0787166537166537,-0.10567372442372443,5.5918294746460795,20.416666666666668,245.0,48.0,21.583333333333332,259.0,47.0,AFC North,1,-1.1666666666666667,-14,0.5889774367047095,0.6523333333333333,7.576666666666667,3.923820789200928,1.1666666666666667,1.0,0.7348484848484849,43.083333333333336,1.25,2.0,0.3778093434343434,0.6505,6.422499999999999,4.257398815936756,1.75,0.75,0.8055555555555556,62.166666666666664,1.4166666666666667,0.3778093434343434,-1.5918294746460795,2016-12-11,2016,0.3278163944993361,0.2812875411524391,CLE,12.0,0.0,0.0,10.666666666666666,128,10.666666666666666,128,-25.758333333333336,0.08470604224680307,5.1166666666666645,0.5725125736352806,1.535441872941873,2.8784400784400788,-1.3429982054982055,2.590846602031094,16.416666666666668,197.0,36.0,29.333333333333332,352.0,56.0,AFC North,-12,-12.916666666666666,-155,0.5094516594516594,0.5895833333333333,5.345833333333334,4.084706042246803,1.0833333333333333,0.6666666666666666,0.8,47.5,1.6666666666666667,-9.0,0.3321835571835572,0.652,8.396666666666667,4.57251257363528,2.3333333333333335,1.0833333333333333,0.75,59.166666666666664,0.9166666666666666,0.3321835571835572,-2.590846602031094,2016,0.22052703276489624,0.30658371763428305,CIN vs. CLE,CLE,10,1280.6975935769146,30.0,CIN,23,1437.0167563008974,22.0,0,-13,4.0,0,169.0,-188.0,1,0
PIT,13.0,8.0,0.6153846153846154,10.538461538461538,137,10.538461538461538,137,-8.53846153846154,0.3267648545011382,-10.3,0.029983023919064974,2.425818625818626,1.876638532407763,0.5491800934108626,7.834306064461582,24.384615384615383,317.0,54.0,19.692307692307693,256.0,47.0,AFC North,4,4.6923076923076925,61,0.581737012987013,0.6388461538461538,7.1753846153846155,4.326764854501138,2.0,0.8461538461538461,0.8629629629629629,67.38461538461539,1.1538461538461537,2.0,0.4344006483712366,0.6463846153846154,6.916923076923077,4.029983023919065,1.3076923076923077,0.8461538461538461,0.76,54.0,1.3076923076923077,0.4344006483712366,0.16569393553841838,2016-12-18,2016,0.3991844315098679,0.3210486327738943,CIN,13.0,5.0,0.38461538461538464,10.538461538461538,137,10.76923076923077,140,-5.761538461538463,0.053162509869682545,-16.323076923076925,0.5208156902353271,1.9981934731934732,2.004285458131612,-0.00609198493813881,6.469869002696115,20.615384615384617,268.0,52.0,20.692307692307693,269.0,49.0,AFC North,2,-0.07692307692307693,-1,0.5398959836459837,0.6570769230769231,7.507692307692308,4.053162509869683,1.2307692307692308,1.0,0.7152777777777778,43.07692307692308,1.1538461538461537,3.0,0.38977272727272727,0.6334615384615384,6.038461538461538,4.520815690235327,1.6153846153846154,0.7692307692307693,0.825,60.0,1.3846153846153846,0.38977272727272727,-1.4698690026961154,2016,0.3366461605052229,0.2835035268504892,PIT vs. CIN,CIN,20,1550.0,1.0,PIT,24,1550.0,1.0,0,-4,3.0,0,140.0,-155.0,1,0
CIN,14.0,5.0,0.35714285714285715,10.357142857142858,145,10.571428571428571,148,-8.307142857142859,-0.04247154695774375,-15.664285714285715,0.436816539947582,2.0340367965367965,2.0754079254079256,-0.04137112887112889,6.863493486551455,20.571428571428573,288.0,56.0,20.928571428571427,293.0,56.0,AFC North,-1,-0.35714285714285715,-5,0.5457028014720322,0.6525,7.238571428571428,3.9575284530422565,1.1428571428571428,1.0714285714285714,0.7371794871794872,46.142857142857146,1.1428571428571428,2.0,0.39764610389610394,0.6298571428571428,6.212142857142857,4.436816539947582,1.5714285714285714,0.7142857142857143,0.8409090909090909,63.142857142857146,1.2857142857142858,0.39764610389610394,-1.8634934865514552,2016-12-24,2016,0.3348001796813391,0.30098666252563633,HOU,14.0,8.0,0.5714285714285714,10.928571428571429,153,10.857142857142858,152,-28.52857142857143,0.2351702168680297,-16.414285714285715,0.11880340632690263,1.681035631035631,1.9714896214896214,-0.2904539904539905,6.243231840435835,17.857142857142858,250.0,52.0,21.0,294.0,53.0,AFC South,2,-3.142857142857143,-44,0.5775075351998429,0.5997142857142858,4.6499999999999995,4.235170216868029,1.0,0.42857142857142855,0.8722222222222222,57.714285714285715,1.6428571428571428,-8.0,0.38406078048935194,0.6014285714285714,6.240714285714286,4.118803406326903,1.2857142857142858,0.8571428571428571,0.8472222222222222,59.92857142857143,1.0714285714285714,0.38406078048935194,1.7567681595641647,2016,0.3825172475711189,0.3675322896883932,CIN vs. HOU,HOU,12,1524.3128531620464,11.0,CIN,10,1386.6767795793758,23.0,1,2,-3.0,0,-154.0,139.0,0,0
CLE,2.0,0.0,0.0,10.5,21,11.5,23,-35.25,2.0093167701863353,-13.650000000000006,-0.505656108597285,1.4090909090909092,2.3446969696969697,-0.9356060606060607,0.4450214875737848,15.0,30.0,5.0,27.0,54.0,10.0,AFC North,-2,-12.0,-24,1.0,0.534,5.275,6.009316770186335,1.0,1.0,0.5,37.0,1.5,-1.0,0.3666666666666667,0.5755,6.99,3.494343891402715,2.0,0.5,0.8333333333333333,37.5,1.0,0.3666666666666667,-0.4450214875737848,2016-09-25,2016,0.18511648957454943,0.12064750270135113,MIA,2.0,0.0,0.0,12.0,24,11.5,23,-18.450000000000003,-0.2124999999999999,-0.29999999999999716,-0.13157894736842124,1.3776223776223777,1.9090909090909092,-0.5314685314685315,0.7464683122886446,17.0,34.0,6.0,21.5,43.0,8.0,AFC East,-2,-4.5,-9,1.0,0.6315,6.33,3.7875,1.0,1.0,0.75,44.5,2.0,-1.0,0.3653846153846154,0.657,7.67,3.8684210526315788,2.0,0.5,0.75,67.0,1.5,0.3653846153846154,-0.7464683122886446,2016,0.15669146096391942,0.044092467428061805,CLE vs. MIA,MIA,30,1414.0064999802885,25.0,CLE,24,1414.0064999802885,25.0,1,6,-10.0,0,-420.0,361.0,0,0
CLE,3.0,0.0,0.0,11.333333333333334,34,12.333333333333334,37,-29.066666666666674,1.7666278467908902,-11.433333333333337,-0.13710407239819014,1.5547785547785546,2.277417027417027,-0.7226384726384726,0.8158065842274176,18.0,54.0,9.0,28.0,84.0,15.0,AFC North,-3,-10.0,-30,0.5,0.5666666666666667,5.8066666666666675,5.76662784679089,0.6666666666666666,1.0,0.5,55.0,1.3333333333333333,1.0,0.3333333333333333,0.5973333333333333,7.0633333333333335,3.86289592760181,2.3333333333333335,0.6666666666666666,0.8888888888888888,47.333333333333336,1.6666666666666667,0.3333333333333333,-0.8158065842274176,2016-10-02,2016,0.19272294845052199,0.16002613726656523,WAS,3.0,1.0,0.3333333333333333,9.333333333333334,28,9.666666666666666,29,-12.266666666666666,0.13562091503267956,-2.0666666666666678,0.6714285714285716,2.411111111111111,3.2255892255892253,-0.8144781144781147,1.0624104532556549,22.666666666666668,68.0,16.0,30.666666666666668,92.0,16.0,NFC East,1,-8.0,-24,0.5,0.6393333333333333,7.48,4.135620915032679,1.0,0.6666666666666666,1.0,58.666666666666664,1.3333333333333333,1.0,0.38472222222222224,0.707,8.18,4.671428571428572,1.3333333333333333,2.3333333333333335,1.0,82.66666666666667,1.6666666666666667,0.38472222222222224,-0.06241045325565486,2016,0.5595408660465419,0.35633830744723594,CLE vs. WAS,WAS,31,1474.472329358533,16.0,CLE,20,1364.0064999802885,29.0,1,11,-7.5,1,-340.0,297.0,0,0
NWE,4.0,3.0,0.75,10.25,41,10.75,43,-4.024999999999999,0.12267394461791725,-12.774999999999999,0.360410575048733,1.9059343434343434,1.4893162393162394,0.41661810411810407,2.2004440849614055,20.25,81.0,15.0,15.25,61.0,11.0,AFC East,-1,5.0,20,0.4444444444444444,0.6555,7.6925,4.122673944617917,1.0,1.25,0.625,55.75,1.0,3.0,0.37351190476190477,0.65925,6.33,4.360410575048733,1.25,0.5,0.5833333333333334,52.5,1.75,0.37351190476190477,0.7995559150385945,2016-10-09,2016,0.43898377271694455,0.24299485503153803,CLE,4.0,0.0,0.0,10.75,43,11.5,46,-26.575000000000003,1.7803280279503104,-5.5000000000000036,0.29140271493212655,1.7216394716394716,2.5691738816738816,-0.84753441003441,1.077214406520549,18.5,74.0,13.0,28.75,115.0,20.0,AFC North,-4,-10.25,-41,0.4444444444444444,0.6,5.555,5.78032802795031,0.75,1.0,0.625,66.5,1.75,-1.0,0.41666666666666663,0.6425,6.88,4.2914027149321265,2.5,0.75,0.9166666666666666,54.25,1.5,0.41666666666666663,-1.077214406520549,2016,0.22090821346065617,0.20899843407385338,NWE vs. CLE,CLE,13,1329.3889349311494,30.0,NWE,33,1565.0782618897997,3.0,0,-20,10.0,0,385.0,-450.0,0,0
CLE,5.0,0.0,0.0,10.6,53,11.6,58,-24.3,0.8697169678147938,0.4599999999999966,-0.006877828054298795,1.6373115773115774,2.6053391053391053,-0.968027528027528,1.1762672662720528,17.4,87.0,15.0,29.6,148.0,25.0,AFC North,-5,-12.2,-61,0.5208333333333333,0.5942000000000001,5.758,4.869716967814794,1.0,0.8,0.625,60.2,1.6,-2.0,0.41025641025641024,0.6506000000000001,7.7620000000000005,3.9931221719457013,2.6,0.8,0.8333333333333333,55.6,1.2,0.41025641025641024,-1.1762672662720528,2016-10-16,2016,0.21643770190912906,0.24342523566620233,TEN,5.0,2.0,0.4,10.6,53,10.0,50,-19.42,0.9097688406351148,-27.860000000000003,0.1979233954451347,1.7666666666666664,2.028888888888889,-0.26222222222222225,2.140121154251863,18.4,92.0,17.0,20.2,101.0,16.0,AFC South,1,-1.8,-9,0.6041666666666666,0.6042,5.851999999999999,4.909768840635115,1.4,0.8,0.9,59.2,1.6,-2.0,0.4076190476190476,0.6076,5.458,4.197923395445135,0.8,0.4,0.8666666666666666,75.4,1.2,0.4076190476190476,-0.140121154251863,2016,0.3117658127461069,0.24703224612788077,CLE vs. TEN,TEN,28,1471.1399270756376,15.0,CLE,26,1308.9118184056383,28.0,1,2,-7.5,0,-325.0,285.0,0,0
NYJ,7.0,2.0,0.2857142857142857,11.0,77,9.857142857142858,69,-25.814285714285713,-0.10452698561942249,3.9285714285714284,-0.9773107218595941,1.5910018552875695,2.698046398046398,-1.1070445427588285,2.1760020757441696,17.0,119.0,23.0,25.714285714285715,180.0,28.0,AFC East,1,-8.714285714285714,-61,0.4694444444444444,0.5792857142857143,5.472857142857143,3.8954730143805776,1.0,0.5714285714285714,0.8928571428571429,49.42857142857143,2.4285714285714284,-10.0,0.37514985014985014,0.6905714285714285,8.355714285714287,3.0226892781404056,1.8571428571428572,0.5714285714285714,0.9583333333333334,48.857142857142854,1.0,0.37514985014985014,-0.1760020757441696,2016-10-30,2016,0.29119100604431186,0.3376230680728018,CLE,7.0,0.0,0.0,10.714285714285714,75,11.285714285714286,79,-24.47142857142857,0.8483326326882228,8.257142857142853,0.774042718824502,1.7218892218892219,2.667450010307153,-0.9455607884179313,1.8265320500650406,18.571428571428573,130.0,23.0,29.571428571428573,207.0,34.0,AFC North,-7,-11.0,-77,0.4694444444444444,0.6020000000000001,5.607142857142857,4.848332632688222,1.0,1.0,0.75,57.857142857142854,1.4285714285714286,-2.0,0.38487702773417054,0.6628571428571428,8.914285714285715,4.774042718824502,2.5714285714285716,1.0,0.6428571428571429,57.714285714285715,1.1428571428571428,0.38487702773417054,-1.8265320500650406,2016,0.22664716733048393,0.25659658281697767,NYJ vs. CLE,CLE,28,1251.7893674120062,30.0,NYJ,31,1409.936675198839,27.0,0,-3,2.5,0,121.0,-134.0,0,0
DAL,7.0,6.0,0.8571428571428571,9.285714285714286,65,9.428571428571429,66,2.385714285714286,0.8699227881734191,-5.957142857142857,0.44325171084767845,2.936904761904762,1.9746031746031747,0.9623015873015872,4.851065811594893,26.857142857142858,188.0,35.0,18.571428571428573,130.0,25.0,NFC East,6,8.285714285714286,58,0.375,0.6702857142857143,8.572857142857142,4.869922788173419,1.2857142857142858,1.7142857142857142,0.8333333333333334,52.57142857142857,0.8571428571428571,4.0,0.4328276765251555,0.6811428571428572,6.782857142857144,4.443251710847679,1.5714285714285714,0.42857142857142855,0.8333333333333334,40.0,1.4285714285714286,0.4328276765251555,1.1489341884051072,2016-11-06,2016,0.6268410914157775,0.38684708811715945,CLE,8.0,0.0,0.0,10.875,87,11.25,90,-25.087500000000002,0.714513275824417,4.512499999999996,0.7880016646857251,1.7983197358197358,2.6862914862914864,-0.8879717504717505,2.2665165444924833,19.75,158.0,28.0,29.75,238.0,39.0,AFC North,-8,-10.0,-80,0.44319727891156463,0.592875,5.615,4.714513275824417,1.125,1.0,0.7857142857142857,51.875,1.5,-4.0,0.39926739926739924,0.638875,8.69,4.788001664685725,2.375,1.25,0.6875,55.125,1.0,0.39926739926739924,-2.2665165444924833,2016,0.23065738039398057,0.25639702050665714,DAL vs. CLE,CLE,10,1223.0969356838227,26.0,DAL,35,1700.1091863031502,2.0,0,-25,7.0,0,255.0,-289.0,0,0
PIT,9.0,4.0,0.4444444444444444,11.222222222222221,101,11.222222222222221,101,-6.4555555555555575,0.03510260045347765,-2.6999999999999997,0.24139709012596106,2.1916947250280585,2.10698437365104,0.08471035137701804,4.506798830250051,23.77777777777778,214.0,36.0,22.88888888888889,206.0,39.0,AFC North,-4,0.8888888888888888,8,0.6566964285714285,0.6446666666666666,7.2555555555555555,4.035102600453477,2.3333333333333335,0.6666666666666666,0.7944444444444444,64.33333333333333,1.1111111111111112,0.0,0.41099333672863086,0.6726666666666666,7.867777777777778,4.241397090125961,1.2222222222222223,1.1111111111111112,0.825,63.333333333333336,1.1111111111111112,0.41099333672863086,-0.5067988302500508,2016-11-20,2016,0.3363644027623742,0.32149047923019586,CLE,10.0,0.0,0.0,10.6,106,10.8,108,-25.369999999999997,0.37161062065953365,7.169999999999997,0.5804013317485801,1.6272921522921522,2.9035786435786437,-1.2762864912864913,2.351431840812099,17.5,175.0,31.0,30.1,301.0,49.0,AFC North,-10,-12.6,-126,0.4955026455026455,0.5995,5.354,4.371610620659533,1.1,0.8,0.75,48.3,1.5,-5.0,0.35052503052503053,0.6628999999999999,8.678999999999998,4.58040133174858,2.5,1.2,0.7222222222222222,54.0,1.0,0.35052503052503053,-2.351431840812099,2016,0.2236845405045518,0.3016479998150066,PIT vs. CLE,CLE,9,1195.5889646239066,28.0,PIT,24,1418.0580854858465,15.0,0,-15,8.0,0,272.0,-309.0,1,0
NYG,10.0,7.0,0.7,11.2,112,11.2,112,-11.860000000000001,-0.6056326936905031,-23.439999999999998,-0.43136869109151715,1.8310101010101012,1.835375457875458,-0.004365356865356784,5.213660528783329,20.4,204.0,35.0,20.0,200.0,43.0,NFC East,5,0.4,4,0.4372574955908289,0.6362,6.572,3.394367306309497,1.7,0.5,0.9642857142857143,54.5,1.8,-7.0,0.3475117280380438,0.5898,5.917,3.5686313089084827,0.9,0.9,0.8416666666666666,58.7,1.1,0.3475117280380438,1.786339471216671,2016-11-27,2016,0.36832310847552097,0.4141183904127829,CLE,11.0,0.0,0.0,10.272727272727273,113,10.454545454545455,115,-26.645454545454548,0.20496070409607955,4.218181818181816,0.6380271847065013,1.5962396189668917,2.9513052603961696,-1.3550656414292777,2.440540643755215,16.727272727272727,184.0,33.0,29.545454545454547,325.0,53.0,AFC North,-11,-12.818181818181818,-141,0.49039682539682533,0.5915454545454545,5.201818181818182,4.20496070409608,1.0909090909090908,0.7272727272727273,0.7777777777777778,48.63636363636363,1.5454545454545454,-7.0,0.3429015429015429,0.6607272727272727,8.31181818181818,4.638027184706501,2.272727272727273,1.1818181818181819,0.75,55.45454545454545,0.9090909090909091,0.3429015429015429,-2.440540643755215,2016,0.22724228379410935,0.31672043152646134,NYG vs. CLE,CLE,13,1173.8447528929637,28.0,NYG,27,1639.483737987989,4.0,0,-14,6.5,0,237.0,-267.0,0,0
LAC,14.0,5.0,0.35714285714285715,11.214285714285714,157,11.142857142857142,156,-9.942857142857141,-0.3571500898353242,-18.62142857142857,0.031270420326147894,2.3839616732473874,2.3833083583083585,0.0006533149390292195,6.919175301890418,26.142857142857142,366.0,62.0,26.142857142857142,366.0,64.0,AFC West,-3,0.0,0,0.4753054637670022,0.6217142857142858,7.095714285714286,3.6428499101646756,2.0714285714285716,0.7142857142857143,0.7619047619047619,45.57142857142857,2.2857142857142856,-5.0,0.43335157489569254,0.6153571428571428,6.277142857142857,4.031270420326147,1.3571428571428572,1.2142857142857142,0.8236111111111111,55.285714285714285,1.9285714285714286,0.43335157489569254,-1.9191753018904176,2016-12-24,2016,0.3407693954880774,0.32471281166621485,CLE,14.0,0.0,0.0,10.357142857142858,145,10.5,147,-28.335714285714285,0.4138234845727081,4.9499999999999975,0.8196724315370074,1.5115295418866848,2.8934248291391147,-1.38189528725243,2.8118599337325616,15.714285714285714,220.0,41.0,29.142857142857142,408.0,66.0,AFC North,-14,-13.428571428571429,-188,0.4922184652953883,0.5793571428571429,5.097857142857143,4.413823484572708,0.9285714285714286,0.7142857142857143,0.8333333333333334,46.785714285714285,1.5,-10.0,0.3348215276786705,0.6584285714285715,8.22,4.819672431537008,2.2142857142857144,1.2142857142857142,0.75,56.785714285714285,0.7857142857142857,0.3348215276786705,-2.8118599337325616,2016,0.2259673609443177,0.3267333548948741,LAC vs. CLE,CLE,20,1131.7645155627192,32.0,LAC,17,1422.579003766809,23.0,1,3,4.5,1,179.0,-199.0,0,0
CLE,15.0,1.0,0.06666666666666667,10.333333333333334,155,10.533333333333333,158,-27.946666666666665,0.404626056865562,3.1799999999999984,0.617659181715242,1.5440942390942392,2.8035601435601434,-1.2594659044659045,3.4069793371185364,16.0,240.0,45.0,28.333333333333332,425.0,69.0,AFC North,1,-12.333333333333334,-185,0.4825702075702076,0.586,5.060666666666666,4.404626056865562,0.8666666666666667,0.8,0.8461538461538461,46.6,1.4,-9.0,0.33916675916675915,0.6478666666666667,8.131333333333334,4.617659181715242,2.2,1.1333333333333333,0.717948717948718,59.13333333333333,0.8,0.33916675916675915,-2.4069793371185364,2017-01-01,2016,0.24373588379770578,0.33751832309654894,PIT,15.0,10.0,0.6666666666666666,10.333333333333334,155,10.4,156,-7.673333333333335,0.35769986449659774,-13.0,-0.01357515216391656,2.509042809042809,1.9567230917230918,0.5523197173197173,9.02181217149726,24.8,372.0,66.0,20.2,303.0,57.0,AFC North,6,4.6,69,0.5669205794205794,0.641,7.286666666666666,4.357699864496597,2.0,0.8,0.8878787878787878,68.33333333333333,1.1333333333333333,2.0,0.4306930161341926,0.6451999999999999,6.578666666666667,3.9864248478360835,1.2,0.9333333333333333,0.7999999999999999,58.86666666666667,1.2666666666666666,0.4306930161341926,0.9781878285027403,2016,0.45357436416394875,0.36485329325840005,CLE vs. PIT,PIT,27,1418.0580854858465,15.0,CLE,24,1195.5889646239066,28.0,1,3,-3.5,0,-190.0,171.0,1,0
DAL,1.0,0.0,0.0,8.0,8,9.0,9,-30.599999999999994,-0.6333333333333333,9.700000000000003,0.708333333333333,2.375,2.2222222222222223,0.15277777777777768,0.46964609489650455,19.0,19.0,5.0,20.0,20.0,3.0,NFC East,-1,-1.0,-1,0.5,0.556,5.04,3.3666666666666667,0.0,1.0,1.0,50.0,0.0,1.0,0.5882352941176471,0.679,7.79,4.708333333333333,3.0,0.0,,40.0,1.0,0.5882352941176471,-0.46964609489650455,2016-09-18,2016,0.33147119068968467,-0.1565486982988348,WAS,1.0,0.0,0.0,9.0,9,9.0,9,-27.299999999999997,0.583333333333333,11.299999999999997,0.9000000000000004,1.7777777777777777,4.222222222222222,-2.4444444444444446,0.11404794279195492,16.0,16.0,4.0,38.0,38.0,6.0,NFC East,-1,-22.0,-22,0.5,0.698,5.56,4.583333333333333,0.0,1.0,1.0,55.0,2.0,-1.0,0.3,0.73,8.24,4.9,3.0,2.0,1.0,81.0,1.0,0.3,-0.11404794279195492,2016,0.3937564698702422,-0.0760319618613033,DAL vs. WAS,WAS,23,1450.0,17.0,DAL,27,1450.0,17.0,0,-4,-3.5,0,-185.0,166.0,1,0
DAL,3.0,2.0,0.6666666666666666,9.0,27,9.0,27,-1.7333333333333343,-0.1265582655826559,-4.799999999999997,1.0344304388422032,2.8249999999999997,2.222222222222222,0.6027777777777779,1.86946088234714,25.666666666666668,77.0,15.0,20.0,60.0,11.0,NFC East,2,5.666666666666667,17,0.0,0.6936666666666667,8.493333333333332,3.8734417344173444,0.3333333333333333,2.3333333333333335,0.8333333333333334,44.666666666666664,0.6666666666666666,2.0,0.5142602495543672,0.6333333333333333,7.346666666666667,5.034430438842203,2.0,0.3333333333333333,1.0,45.333333333333336,1.3333333333333333,0.5142602495543672,0.13053911765286008,2016-10-02,2016,0.5797294662320112,0.2893324727676723,SFO,3.0,1.0,0.3333333333333333,13.666666666666666,41,13.0,39,-33.23333333333333,-0.5245775729646697,-16.700000000000003,-0.10679403105770557,1.7804487179487178,2.1434343434343437,-0.36298562548562563,1.3735928241084074,24.333333333333332,73.0,12.0,27.666666666666668,83.0,15.0,NFC West,-2,-3.3333333333333335,-10,0.25,0.5536666666666666,4.526666666666666,3.47542242703533,1.0,2.0,0.75,31.666666666666668,1.6666666666666667,3.0,0.3409897292250233,0.5913333333333334,6.5,3.893205968942295,2.0,0.6666666666666666,1.0,67.33333333333333,2.6666666666666665,0.3409897292250233,-0.37359282410840744,2016,0.256234846428448,0.2085137404989221,DAL vs. SFO,SFO,17,1435.9935000197115,16.0,DAL,24,1537.8712080630237,6.0,0,-7,1.0,0,111.0,-123.0,0,0
DAL,5.0,4.0,0.8,8.6,43,8.8,44,5.019999999999999,0.5603161458670292,-4.219999999999999,0.7622190618534164,3.0283333333333333,2.061111111111111,0.9672222222222222,3.401027807793765,25.8,129.0,23.0,18.2,91.0,16.0,NFC East,4,7.6,38,0.20833333333333331,0.7100000000000001,8.824,4.560316145867029,0.8,2.2,0.75,44.8,0.6,2.0,0.494270435446906,0.6606,7.244,4.762219061853417,1.8,0.4,0.75,43.4,1.0,0.494270435446906,0.5989721922062352,2016-10-16,2016,0.5989598159104345,0.33447070488772623,GNB,4.0,3.0,0.75,9.75,39,10.25,41,-11.100000000000001,0.2818614130434782,-3.375,-1.9374075200162157,2.653409090909091,2.106691919191919,0.5467171717171717,2.3167912169302967,24.5,98.0,18.0,20.75,83.0,17.0,NFC North,2,3.75,15,0.6666666666666666,0.5700000000000001,6.9225,4.281861413043478,2.25,0.5,1.0,49.5,1.25,-1.0,0.48380566801619435,0.6305,7.8825,2.0625924799837843,1.75,0.25,0.9166666666666666,88.25,1.0,0.48380566801619435,0.6832087830697033,2016,0.5403702442003505,0.38179603239137166,DAL vs. GNB,GNB,16,1588.17815971182,8.0,DAL,30,1614.8962759212186,2.0,0,-14,-5.0,0,-237.0,211.0,0,0
PHI,6.0,4.0,0.6666666666666666,10.166666666666666,61,9.833333333333334,59,-10.533333333333333,0.1813411261940674,-20.616666666666664,0.2578242744909412,2.5696127946127945,1.5444444444444445,1.02516835016835,4.428629319687733,26.0,156.0,27.0,14.666666666666666,88.0,15.0,NFC East,1,11.333333333333334,68,0.5700000000000001,0.6306666666666666,6.8500000000000005,4.181341126194067,1.3333333333333333,0.8333333333333334,0.9444444444444443,76.16666666666667,1.0,6.0,0.3474747474747475,0.6008333333333333,5.888333333333333,4.257824274490941,1.0,0.5,0.75,50.166666666666664,2.0,0.3474747474747475,-0.4286293196877331,2016-10-30,2016,0.4110027551050033,0.19370214747085876,DAL,6.0,5.0,0.8333333333333334,8.833333333333334,53,9.0,54,6.716666666666666,0.7649099195356556,-5.05,0.5101825515445136,3.023611111111111,1.9842592592592592,1.0393518518518519,4.217076438282155,26.5,159.0,29.0,17.833333333333332,107.0,20.0,NFC East,5,8.666666666666666,52,0.31666666666666665,0.7028333333333334,8.885,4.764909919535655,1.1666666666666667,1.8333333333333333,0.8,47.333333333333336,0.8333333333333334,4.0,0.45734657499363385,0.6735000000000001,7.103333333333333,4.5101825515445135,1.6666666666666667,0.3333333333333333,0.8,40.0,1.5,0.45734657499363385,0.7829235617178449,2016,0.6185685009113757,0.35697059022949656,PHI vs. DAL,DAL,29,1661.058791577447,1.0,PHI,23,1583.7206038870818,5.0,1,6,-5.0,1,-225.0,201.0,1,0
DAL,8.0,7.0,0.875,9.0,72,9.25,74,7.125000000000002,0.7611824396517417,-5.1625,0.32053755468402634,3.1947916666666667,1.8840277777777779,1.3107638888888888,5.802221890311729,27.875,223.0,40.0,17.5,140.0,27.0,NFC East,7,10.375,83,0.32142857142857145,0.68475,8.907499999999999,4.7611824396517415,1.5,1.75,0.8333333333333334,50.75,0.75,4.0,0.4620575502928444,0.684,6.8475,4.320537554684027,1.5,0.375,0.7857142857142857,39.125,1.25,0.4620575502928444,1.1977781096882714,2016-11-13,2016,0.6387345909505745,0.37388515027294483,PIT,8.0,4.0,0.5,11.25,90,11.25,90,-10.337500000000002,0.22370095182595184,-5.362499999999999,0.13657172639170617,2.124747474747475,1.9726301476301478,0.15211732711732712,4.0971306116895825,23.0,184.0,30.0,21.375,171.0,32.0,AFC North,-3,1.625,13,0.6255102040816326,0.62475,6.9125,4.223700951825951,2.25,0.625,0.82,67.375,1.25,-1.0,0.4123675038197097,0.67075,7.5425,4.136571726391706,1.125,1.0,0.7999999999999999,59.0,1.125,0.4123675038197097,-0.09713061168958248,2016,0.32928622451293404,0.30679419503601857,DAL vs. PIT,PIT,30,1435.4481099663456,10.0,DAL,35,1706.1410300026726,1.0,0,-5,-3.0,0,-173.0,156.0,0,0
WAS,10.0,6.0,0.6,9.9,99,10.0,100,0.20000000000000143,0.5266809768782548,-9.29,0.6351169590643275,2.600192307692308,2.410003885003885,0.19018842268842268,5.570271912625192,25.4,254.0,49.0,23.3,233.0,39.0,NFC East,3,2.1,21,0.4997795414462082,0.6747,8.072,4.526680976878255,1.7,0.9,0.85,57.3,1.2,2.0,0.4656073583279466,0.6612,7.039,4.6351169590643275,1.3,1.3,0.7962962962962963,73.7,1.4,0.4656073583279466,0.4297280873748077,2016-11-24,2016,0.5162188649306724,0.36775939540761754,DAL,10.0,9.0,0.9,9.2,92,9.3,93,10.260000000000002,0.7102792850547267,-1.85,0.3403116226945895,3.174015151515152,1.9924494949494949,1.1815656565656565,7.142141969482469,28.5,285.0,52.0,18.7,187.0,36.0,NFC East,9,9.8,98,0.3672839506172839,0.6916,9.17,4.710279285054726,1.7,1.6,0.875,54.9,0.7,3.0,0.4818255274137627,0.6933,7.298,4.34031162269459,1.6,0.5,0.7962962962962963,48.9,1.0,0.4818255274137627,1.857858030517531,2016,0.670226758246643,0.42030418182648505,WAS vs. DAL,DAL,31,1450.0,17.0,WAS,26,1450.0,17.0,1,5,-5.5,0,-231.0,206.0,1,0
DAL,11.0,10.0,0.9090909090909091,9.0,99,9.181818181818182,101,10.054545454545455,0.7760114712618728,0.20000000000000026,0.21368042254532058,3.288065722156631,2.1067722681359045,1.1812934540207267,7.744873811912011,28.727272727272727,316.0,57.0,19.363636363636363,213.0,41.0,NFC East,10,9.363636363636363,103,0.39055555555555554,0.6930909090909091,9.131818181818183,4.776011471261873,1.6363636363636365,1.7272727272727273,0.8888888888888888,52.18181818181818,0.6363636363636364,3.0,0.4834777521943297,0.7006363636363636,7.507272727272727,4.213680422545321,1.7272727272727273,0.45454545454545453,0.7666666666666667,47.18181818181818,0.9090909090909091,0.4834777521943297,2.2551261880879894,2016-12-01,2016,0.6937944836740271,0.4522593822786747,MIN,11.0,6.0,0.5454545454545454,9.909090909090908,109,10.818181818181818,119,-5.372727272727274,-1.0961774820865728,-27.41818181818182,0.21532021995254488,2.0473370064279157,1.6541781450872362,0.3931588613406795,5.9838099180772675,19.818181818181817,218.0,34.0,17.454545454545453,192.0,38.0,NFC North,-1,2.3636363636363638,26,0.5703968253968255,0.6965454545454546,6.829999999999999,2.903822517913427,1.0909090909090908,0.6363636363636364,0.8666666666666666,56.36363636363637,0.7272727272727273,12.0,0.3760428566648662,0.5825454545454546,4.959090909090909,4.215320219952544,1.1818181818181819,0.45454545454545453,0.9166666666666666,46.18181818181818,1.8181818181818181,0.3760428566648662,0.016190081922732524,2016,0.31238570707704166,0.29076793209554147,DAL vs. MIN,MIN,15,1456.713569470125,11.0,DAL,17,1768.9886167985758,1.0,0,-2,3.0,1,138.0,-153.0,0,0
DAL,12.0,11.0,0.9166666666666666,9.166666666666666,110,9.416666666666666,113,9.625000000000002,0.7946771819900501,-0.7999999999999995,0.24411933470163152,3.142848124098124,2.035374579124579,1.1074735449735449,8.318493924432634,27.75,333.0,60.0,19.0,228.0,45.0,NFC East,11,8.75,105,0.4046372819100092,0.6909166666666667,9.0375,4.79467718199005,1.5833333333333333,1.6666666666666667,0.9,54.333333333333336,0.75,2.0,0.45244719877072814,0.7007500000000001,7.326666666666667,4.244119334701632,1.6666666666666667,0.4166666666666667,0.7878787878787878,48.0,0.9166666666666666,0.45244719877072814,2.6815060755673663,2016-12-11,2016,0.6673411852530621,0.45403228126882855,NYG,12.0,8.0,0.6666666666666666,11.333333333333334,136,11.5,138,-11.291666666666666,-0.5170395904210983,-21.40833333333333,-0.4709818457508675,1.80497927997928,1.783519952269952,0.02145932770932781,6.281343996239984,20.416666666666668,245.0,40.0,19.75,237.0,51.0,NFC East,-1,0.6666666666666666,8,0.4073429096156369,0.62775,6.5275,3.482960409578902,1.8333333333333333,0.4166666666666667,0.9642857142857143,55.75,1.75,-5.0,0.3455371626424258,0.5929166666666666,6.109999999999999,3.529018154249133,1.0,0.75,0.8680555555555555,61.416666666666664,1.3333333333333333,0.3455371626424258,1.7186560037600156,2016,0.3362415687196082,0.39169773924623236,DAL vs. NYG,NYG,10,1500.0,1.0,DAL,7,1500.0,1.0,1,3,3.5,1,166.0,-185.0,1,0
TAM,13.0,8.0,0.6153846153846154,10.538461538461538,137,11.0,143,-9.392307692307694,-0.5196821248129406,-15.023076923076921,0.36126998001998,2.207128982128982,2.0984987234987234,0.10863025863025864,7.016546464351884,22.53846153846154,293.0,49.0,22.76923076923077,296.0,51.0,NFC South,5,-0.23076923076923078,-3,0.4879118566618567,0.629,6.9653846153846155,3.4803178751870596,1.8461538461538463,0.5384615384615384,0.6303030303030304,61.38461538461539,1.4615384615384615,6.0,0.4334947104177873,0.6083076923076922,6.677692307692308,4.36126998001998,1.6923076923076923,0.7692307692307693,0.7948717948717949,66.61538461538461,1.9230769230769231,0.4334947104177873,0.983453535648116,2016-12-18,2016,0.38472163012170557,0.3561894192135847,DAL,13.0,11.0,0.8461538461538461,9.615384615384615,125,9.76923076923077,127,4.576923076923078,0.7581635526062,-2.6923076923076925,0.13443183343087667,2.936988011988012,1.9337523587523588,1.0032356532356532,8.618909519809854,26.153846153846153,340.0,61.0,18.307692307692307,238.0,47.0,NFC East,-1,7.846153846153846,102,0.426473063973064,0.6730769230769231,8.513076923076923,4.7581635526062005,1.5384615384615385,1.5384615384615385,0.8181818181818182,54.30769230769231,0.9230769230769231,2.0,0.4227717732242619,0.6935384615384615,7.153076923076923,4.1344318334308765,1.6153846153846154,0.38461538461538464,0.8055555555555555,48.15384615384615,1.0769230769230769,0.4227717732242619,2.381090480190146,2016,0.5773824734102148,0.4093950651538079,TAM vs. DAL,DAL,26,1706.562867843465,1.0,TAM,20,1678.4573421879968,7.0,1,6,-7.0,0,-295.0,260.0,0,0
DET,14.0,9.0,0.6428571428571429,9.214285714285714,129,9.071428571428571,127,-4.742857142857143,-0.2796846245783807,0.17142857142857032,0.319407603069341,2.3946815089672233,2.2967141984999127,0.09796731046731054,7.236589335623575,21.5,301.0,57.0,20.357142857142858,285.0,52.0,NFC North,-1,1.1428571428571428,16,0.48241971703510167,0.6656428571428572,7.250714285714286,3.7203153754216194,1.5714285714285714,0.35714285714285715,0.9285714285714286,54.92857142857143,0.8571428571428571,2.0,0.42444212533498243,0.7262857142857142,7.295714285714285,4.319407603069341,1.7857142857142858,0.42857142857142855,0.8461538461538461,61.214285714285715,1.0,0.42444212533498243,1.7634106643764254,2016-12-26,2016,0.497516283427163,0.4317757899592656,DAL,14.0,12.0,0.8571428571428571,9.714285714285714,136,10.0,140,4.050000000000002,0.8312411559914715,-5.885714285714286,0.024829559614385488,2.896034322820037,1.9055173001601573,0.9905170226598798,9.26953809117653,26.142857142857142,366.0,67.0,18.428571428571427,258.0,51.0,NFC East,1,7.714285714285714,108,0.4410047217739525,0.6885,8.428571428571429,4.831241155991472,1.4285714285714286,1.5714285714285714,0.8055555555555555,56.92857142857143,0.9285714285714286,5.0,0.4200463168950564,0.6787142857142857,6.905714285714287,4.0248295596143855,1.6428571428571428,0.35714285714285715,0.8205128205128205,47.214285714285715,1.2857142857142858,0.4200463168950564,2.73046190882347,2016,0.588729489438641,0.40931303946428416,DET vs. DAL,DAL,42,1752.5269572247612,1.0,DET,21,1623.6087465691485,6.0,1,21,-6.5,1,-280.0,248.0,0,0
DAL,15.0,13.0,0.8666666666666667,9.733333333333333,146,10.0,150,6.913333333333335,0.8736028567031512,-8.1,0.056507588973426455,2.982965367965368,1.9184828134828136,1.0644825544825545,10.107448071931927,27.2,408.0,73.0,18.6,279.0,54.0,NFC East,2,8.6,129,0.4554227518513233,0.6934,8.790666666666668,4.873602856703152,1.6,1.6,0.8055555555555555,56.266666666666666,0.8666666666666667,7.0,0.42537656243538596,0.6711333333333334,6.712000000000001,4.056507588973426,1.5333333333333334,0.5333333333333333,0.7619047619047619,48.2,1.3333333333333333,0.42537656243538596,2.892551928068073,2017-01-01,2016,0.5964183976022691,0.40542124627363374,PHI,15.0,6.0,0.4,10.6,159,10.4,156,-21.946666666666665,0.14090487153025852,-10.733333333333333,0.17512401018198132,2.176721056721057,2.13010101010101,0.04662004662004658,7.914053268278751,22.666666666666668,340.0,62.0,21.2,318.0,60.0,NFC East,1,1.4666666666666666,22,0.5723978402549832,0.6224666666666666,5.515333333333333,4.1409048715302585,0.9333333333333333,1.0,0.8583333333333333,58.93333333333333,1.3333333333333333,4.0,0.3746601873072461,0.6096,7.160666666666667,4.175124010181981,1.6,0.6666666666666666,0.7797619047619048,53.46666666666667,1.6,0.3746601873072461,-1.9140532682787512,2016,0.3401797473235713,0.3098960700441346,DAL vs. PHI,PHI,27,1583.7206038870818,5.0,DAL,13,1661.058791577447,1.0,1,14,-6.5,1,-245.0,218.0,1,0
GNB,1.0,11.0,11.0,10.411764705882353,177,10.294117647058824,175,3.576470588235293,0.513960439678935,-7.08235294117647,-0.040103931462479946,2.7454666248783894,2.336814655932303,0.4086519689460865,10.110521972742296,27.647058823529413,470.0,83.0,23.58823529411765,401.0,73.0,NFC North,7,4.0588235294117645,69,0.540217855061605,0.6503529411764707,7.933529411764706,4.513960439678935,2.588235294117647,0.7058823529411765,0.888888888888889,49.8235294117647,1.0,10.0,0.4571323026818383,0.6381764705882353,7.379411764705883,3.95989606853752,1.9411764705882353,0.6470588235294118,0.9479166666666666,59.1764705882353,1.588235294117647,0.4571323026818383,0.8894780272577041,2017-01-15,2016,0.8860264195615223,0.37103940565607085,DAL,16.0,13.0,0.8125,9.75,156,10.0625,161,3.287500000000001,0.774359821016347,-8.06875,0.04047586466258729,2.8777800324675327,1.9519867285492285,0.925793303918304,10.257754030207806,26.3125,421.0,76.0,19.125,306.0,59.0,NFC East,-1,7.1875,115,0.4517279017279017,0.6845625,8.361875,4.774359821016347,1.5625,1.5,0.8205128205128205,54.9375,0.9375,5.0,0.424832193949841,0.6684375,6.688125,4.040475864662588,1.5625,0.5625,0.7555555555555556,49.0,1.25,0.424832193949841,2.7422459697921937,2016,0.5706773612596981,0.4063635528795573,GNB vs. DAL,DAL,31,1694.988449245923,2.0,GNB,34,1708.7844808527543,3.0,0,-3,-5.5,0,-231.0,206.0,0,1
IND,1.0,0.0,0.0,10.0,10,10.0,10,18.0,0.3157894736842106,27.799999999999997,0.833333333333333,3.5,3.9,-0.3999999999999999,0.43623259315169693,35.0,35.0,6.0,39.0,39.0,6.0,AFC South,-1,-4.0,-4,0.5,0.66,9.53,4.315789473684211,4.0,0.0,1.0,45.0,0.0,0.0,0.5625,0.795,10.05,4.833333333333333,3.0,2.0,1.0,70.0,0.0,0.5625,-0.43623259315169693,2016-09-18,2016,0.3382604441089818,-0.2617395558910182,DEN,1.0,1.0,1.0,9.0,9,10.0,10,-34.0,1.1034482758620694,-32.8,0.90625,2.3333333333333335,2.0,0.3333333333333335,0.5288760045456051,21.0,21.0,3.0,20.0,20.0,4.0,AFC West,1,1.0,1,0.5,0.6920000000000001,3.42,5.103448275862069,1.0,2.0,,22.0,3.0,-2.0,0.5,0.545,4.58,4.90625,1.0,1.0,0.6666666666666666,85.0,1.0,0.5,0.4711239954543949,2016,0.49037466515146494,0.18844959818175797,IND vs. DEN,DEN,34,1550.0,1.0,IND,20,1450.0,17.0,1,14,-5.0,1,-224.0,200.0,0,0
DEN,3.0,3.0,1.0,9.666666666666666,29,10.333333333333334,31,-8.133333333333335,-0.10436717125308315,-33.6,0.5965551450465246,2.9158249158249157,1.8484848484848484,1.0673400673400673,2.087505509282662,28.0,84.0,13.0,19.0,57.0,11.0,AFC West,3,9.0,27,0.25,0.672,7.02,3.895632828746917,1.6666666666666667,1.0,0.9,39.0,1.6666666666666667,0.0,0.48484848484848486,0.5823333333333334,4.286666666666666,4.5965551450465245,0.6666666666666666,1.3333333333333333,0.8888888888888888,82.66666666666667,1.6666666666666667,0.48484848484848486,0.912494490717338,2016-10-02,2016,0.5846256135554643,0.3444885956762443,TAM,3.0,1.0,0.3333333333333333,12.0,36,11.666666666666666,35,-15.233333333333336,-0.32178932178932146,3.633333333333335,-0.6616161616161614,2.0757575757575757,2.866161616161616,-0.7904040404040403,1.077789855312571,23.333333333333332,70.0,10.0,33.666666666666664,101.0,16.0,NFC South,-2,-10.333333333333334,-31,0.25,0.6196666666666667,6.006666666666667,3.6782106782106787,2.6666666666666665,0.3333333333333333,0.3333333333333333,55.666666666666664,2.6666666666666665,-6.0,0.39487179487179486,0.5863333333333333,9.013333333333334,3.3383838383838387,2.3333333333333335,1.0,1.0,57.666666666666664,0.6666666666666666,0.39487179487179486,-0.0777898553125711,2016,0.2705750133969842,0.29290821252379867,DEN vs. TAM,TAM,7,1440.0161815928163,16.0,DEN,27,1623.864708082735,1.0,0,-20,3.5,0,156.0,-173.0,0,0
DEN,5.0,4.0,0.8,10.4,52,10.6,53,-8.84,-0.4063703027518499,-33.839999999999996,0.07427924087406863,2.4904040404040404,1.685757575757576,0.8046464646464646,3.345635800728603,25.4,127.0,22.0,17.4,87.0,17.0,AFC West,-1,8.0,40,0.3958333333333333,0.6572,6.7780000000000005,3.59362969724815,1.6,0.8,0.95,52.4,1.2,3.0,0.3870629370629371,0.5538000000000001,4.8020000000000005,4.074279240874068,0.6,1.2,0.9166666666666666,79.0,1.8,0.3870629370629371,0.6543641992713969,2016-10-13,2016,0.4784462014768105,0.29858185429288203,LAC,5.0,1.0,0.2,11.4,57,11.4,57,6.660000000000002,-0.6190135264632171,-14.76,0.04384957457403278,2.6711688311688313,2.4745454545454546,0.19662337662337662,2.6281434371917185,30.4,152.0,26.0,28.4,142.0,25.0,AFC West,-3,2.0,10,0.1875,0.6784,9.002,3.380986473536783,2.2,1.2,0.9333333333333332,43.4,2.2,-2.0,0.416060606060606,0.6482,6.272,4.043849574574033,1.8,1.6,0.7,55.0,1.8,0.416060606060606,-1.6281434371917185,2016,0.30760796713338706,0.20805759322879663,DEN vs. LAC,LAC,21,1357.435221591141,22.0,DEN,13,1591.063917830413,2.0,1,8,3.0,1,136.0,-150.0,1,0
HOU,6.0,4.0,0.6666666666666666,11.5,69,11.5,69,-27.23333333333333,0.20408367050523926,-21.983333333333334,0.35959870548686346,1.5920745920745922,1.9198394198394197,-0.32776482776482785,2.868434390005847,18.0,108.0,22.0,21.166666666666668,127.0,24.0,AFC South,1,-3.1666666666666665,-19,0.7466666666666667,0.5931666666666667,4.921666666666667,4.204083670505239,1.3333333333333333,0.16666666666666666,0.8266666666666665,48.166666666666664,1.6666666666666667,-4.0,0.36913364413364413,0.5848333333333333,6.126666666666666,4.359598705486864,0.6666666666666666,1.3333333333333333,1.0,59.0,1.0,0.36913364413364413,1.1315656099941531,2016-10-24,2016,0.37897208555524486,0.35545307884024074,DEN,6.0,4.0,0.6666666666666666,10.666666666666666,64,10.833333333333334,65,-11.183333333333335,-0.13030858562654157,-30.0,-0.03580178203023018,2.2558922558922556,1.6964646464646467,0.5594276094276095,3.588583122856516,23.333333333333332,140.0,25.0,18.0,108.0,22.0,AFC West,-2,5.333333333333333,32,0.35666666666666663,0.6476666666666667,6.448333333333333,3.869691414373458,1.5,0.6666666666666666,0.8933333333333333,60.833333333333336,1.3333333333333333,3.0,0.3892191142191142,0.5650000000000001,5.07,3.96419821796977,0.6666666666666666,1.0,0.9333333333333332,69.16666666666667,1.8333333333333333,0.3892191142191142,0.41141687714348407,2016,0.41740995293902894,0.30525941358245295,HOU vs. DEN,DEN,27,1511.734870713885,4.0,HOU,9,1585.9278153486232,4.0,1,18,-8.5,1,-385.0,334.0,0,0
LAC,7.0,3.0,0.42857142857142855,11.428571428571429,80,11.285714285714286,79,0.7142857142857163,-0.6687535041239727,-15.971428571428572,0.3527496961243091,2.586549165120594,2.350865800865801,0.23568336425479283,3.941428499162692,29.428571428571427,206.0,38.0,26.428571428571427,185.0,33.0,AFC West,2,3.0,21,0.36944444444444446,0.6589999999999999,8.371428571428572,3.331246495876027,1.8571428571428572,1.1428571428571428,0.9523809523809523,35.857142857142854,2.142857142857143,-3.0,0.410510323010323,0.6411428571428571,6.135714285714286,4.352749696124309,1.5714285714285714,1.2857142857142858,0.7027777777777778,64.0,1.7142857142857142,0.410510323010323,-0.9414284991626918,2016-10-30,2016,0.4111173518425316,0.30186773874797684,DEN,7.0,5.0,0.7142857142857143,10.714285714285714,75,11.0,77,-11.271428571428572,0.09238855925888277,-31.414285714285715,0.19788418683123124,2.2842712842712842,1.5612554112554113,0.723015873015873,4.51968316258431,23.857142857142858,167.0,30.0,16.714285714285715,117.0,25.0,AFC West,1,7.142857142857143,50,0.4083333333333334,0.6351428571428571,6.538571428571428,4.092388559258883,1.4285714285714286,0.8571428571428571,0.9111111111111111,64.0,1.1428571428571428,5.0,0.37257742257742255,0.561,4.802857142857143,4.197884186831231,0.5714285714285714,0.8571428571428571,0.9444444444444443,61.42857142857143,1.8571428571428572,0.37257742257742255,0.48031683741568987,2016,0.42744667642375367,0.3005712818838446,LAC vs. DEN,DEN,27,1591.063917830413,2.0,LAC,19,1357.435221591141,22.0,1,8,-3.5,1,-177.0,159.0,1,0
DEN,8.0,6.0,0.75,11.0,88,11.25,90,-14.325000000000001,-0.1341600106484776,-34.125,0.2644948173234812,2.2583527583527583,1.5487907925407924,0.7095619658119658,5.216632555992588,24.25,194.0,34.0,17.0,136.0,27.0,AFC West,2,7.25,58,0.41122448979591836,0.6215,6.45125,3.8658399893515223,1.25,1.0,0.9238095238095239,61.625,1.375,5.0,0.3676719114219114,0.544125,4.60375,4.264494817323481,0.75,0.75,0.8095238095238094,60.25,2.0,0.3676719114219114,0.7833674440074123,2016-11-06,2016,0.42419672314808526,0.291876279150278,LVR,8.0,6.0,0.75,11.5,92,11.375,91,-1.2749999999999986,0.7124460188933873,-4.5875,0.8424042775761242,2.340686396936397,2.299152236652237,0.041534160284160265,4.313500571869696,26.875,215.0,38.0,25.375,203.0,37.0,AFC West,2,1.5,12,0.45,0.65925,7.50625,4.712446018893387,2.125,1.0,0.661904761904762,91.0,0.75,7.0,0.3756743256743257,0.640375,8.09625,4.842404277576124,1.875,1.0,0.8958333333333334,66.875,1.625,0.3756743256743257,1.686499428130304,2016,0.5001181769958581,0.44148417423189734,DEN vs. LVR,LVR,30,1631.1584810982831,3.0,DEN,20,1612.9986570323315,3.0,1,10,-1.0,1,-102.0,-108.0,1,0
DEN,9.0,6.0,0.6666666666666666,11.222222222222221,101,11.222222222222221,101,-15.033333333333335,-0.25814223168753564,-32.56666666666667,0.35396955338314606,2.1783648450315116,1.6797332297332295,0.49863161529828204,5.493320123817085,23.77777777777778,214.0,38.0,18.444444444444443,166.0,33.0,AFC West,-1,5.333333333333333,48,0.45357142857142857,0.6064444444444445,6.517777777777777,3.7418577683124647,1.3333333333333333,0.8888888888888888,0.9333333333333333,66.33333333333333,1.4444444444444444,3.0,0.35712250712250715,0.5553333333333333,4.733333333333333,4.353969553383146,0.6666666666666666,1.0,0.8020833333333333,61.55555555555556,1.7777777777777777,0.35712250712250715,0.5066798761829148,2016-11-13,2016,0.3974189607205179,0.308823361841624,NOR,8.0,4.0,0.5,10.875,87,10.5,84,5.4125,-0.03233212865565788,-1.1625000000000014,0.35886811989753165,2.758877233877234,2.96510989010989,-0.2062326562326562,4.014565560323697,30.25,242.0,42.0,29.75,238.0,39.0,NFC South,2,0.5,4,0.4918367346938775,0.69825,8.0375,3.967667871344342,2.625,1.0,0.75,61.125,1.125,4.0,0.5167367762955999,0.65825,8.36875,4.358868119897531,1.375,1.5,0.96875,60.25,1.625,0.5167367762955999,-0.014565560323696936,2016,0.4818796644632252,0.4054046773026426,DEN vs. NOR,NOR,23,1531.7787727849366,10.0,DEN,25,1565.609688480527,4.0,0,-2,-3.0,0,-150.0,136.0,0,0
KAN,10.0,7.0,0.7,10.4,104,10.9,109,-6.44,0.12387819295714028,-15.169999999999998,0.5469428644377936,2.2311965811965813,1.7727097902097904,0.458486790986791,6.039208394228694,22.2,222.0,41.0,18.7,187.0,34.0,AFC West,-1,3.5,35,0.5444885361552028,0.6789,7.0409999999999995,4.12387819295714,1.2,0.6,0.8416666666666666,45.2,1.0,13.0,0.35560735832794654,0.6258,6.381,4.546942864437794,1.7,0.4,0.7095238095238096,44.3,2.3,0.35560735832794654,0.9607916057713064,2016-11-27,2016,0.43210813061213804,0.310703591372683,DEN,10.0,7.0,0.7,11.2,112,11.3,113,-16.09,-0.35394963014040365,-28.28,0.29952497899721237,2.1878010878010876,1.7034265734265734,0.4843745143745144,6.042563578931789,23.9,239.0,43.0,18.9,189.0,37.0,AFC West,1,5.0,50,0.45873015873015865,0.6083000000000001,6.326,3.6460503698595965,1.4,0.8,0.912962962962963,60.7,1.5,5.0,0.37930499325236167,0.5722,5.167,4.299524978997212,0.9,0.9,0.824074074074074,57.9,2.0,0.37930499325236167,0.9574364210682109,2016,0.4206872911660117,0.32603995361019805,KAN vs. DEN,DEN,27,1610.756357675949,4.0,KAN,30,1605.131518697356,4.0,0,-3,-3.5,0,-179.0,161.0,1,0
DEN,11.0,7.0,0.6363636363636364,11.363636363636363,125,11.454545454545455,126,-12.609090909090908,-0.388758036969745,-27.80909090909091,0.19886886202543783,2.1777212686303598,1.7583598219961856,0.419361446634174,6.480459831175585,24.181818181818183,266.0,48.0,19.90909090909091,219.0,41.0,AFC West,-1,4.2727272727272725,47,0.4828571428571428,0.6064545454545455,6.819999999999999,3.6112419630302552,1.5454545454545454,0.7272727272727273,0.8883333333333333,64.0,1.4545454545454546,4.0,0.3857318120476015,0.5739090909090909,5.130909090909091,4.198868862025438,0.9090909090909091,0.9090909090909091,0.8416666666666666,59.09090909090909,1.8181818181818181,0.3857318120476015,0.519540168824415,2016-12-04,2016,0.4021366749844159,0.31118408868816816,JAX,11.0,2.0,0.18181818181818182,11.181818181818182,123,10.909090909090908,120,-20.61818181818182,0.25300187245720146,-3.9818181818181797,-0.13373628603094848,1.785003885003885,2.478321678321678,-0.6933177933177933,3.8203499565709955,19.454545454545453,214.0,39.0,26.636363636363637,293.0,54.0,AFC South,-6,-7.181818181818182,-79,0.5023412698412699,0.5921818181818183,5.533636363636363,4.253001872457201,1.8181818181818181,0.36363636363636365,0.7222222222222222,74.36363636363636,2.0,-15.0,0.3506673807475946,0.6559090909090909,7.240909090909091,3.8662637139690514,1.3636363636363635,1.1818181818181819,0.9333333333333333,60.72727272727273,0.6363636363636364,0.3506673807475946,-1.8203499565709955,2016,0.264601885952499,0.33462204723118655,DEN vs. JAX,JAX,10,1300.6173470089004,29.0,DEN,20,1559.9469489918838,6.0,0,-10,3.5,0,160.0,-178.0,0,0
DEN,12.0,8.0,0.6666666666666666,11.583333333333334,139,11.666666666666666,140,-14.766666666666666,-0.38017105769845677,-30.683333333333334,0.18668242176893202,2.115292115292115,1.6713536463536462,0.44393846893846906,7.318369811930981,23.833333333333332,286.0,51.0,19.083333333333332,229.0,43.0,AFC West,1,4.75,57,0.45548996458087365,0.5975833333333334,6.605833333333333,3.619828942301543,1.4166666666666667,0.75,0.8984848484848484,61.333333333333336,1.3333333333333333,7.0,0.35999775078722446,0.5637500000000001,4.88,4.186682421768932,0.8333333333333334,0.9166666666666666,0.856060606060606,59.583333333333336,1.9166666666666667,0.35999775078722446,0.6816301880690192,2016-12-11,2016,0.38774768560642686,0.29899410600414755,TEN,12.0,6.0,0.5,10.75,129,10.416666666666666,125,3.191666666666665,0.6901922112376573,-13.699999999999998,0.08903443175182313,2.3736305361305363,2.4356782106782107,-0.062047674547674535,5.941135746485265,25.666666666666668,308.0,54.0,24.666666666666668,296.0,47.0,AFC South,1,1.0,12,0.41843434343434344,0.6524166666666666,8.511666666666667,4.690192211237657,2.1666666666666665,1.0,0.8636363636363636,69.41666666666667,1.0833333333333333,0.0,0.46189921189921185,0.6123333333333333,6.7775,4.0890344317518235,1.75,0.5,0.8833333333333332,82.0,1.0833333333333333,0.46189921189921185,0.05886425351473523,2016,0.42065805535516515,0.3465110799434617,DEN vs. TEN,TEN,13,1477.0534904104848,18.0,DEN,10,1578.296814981389,5.0,1,3,-2.0,1,-128.0,116.0,0,0
NWE,13.0,11.0,0.8461538461538461,10.538461538461538,137,10.615384615384615,138,8.061538461538463,-0.01155823821069827,-12.515384615384615,-0.1632780846937685,2.5506305660151813,1.7313893371585678,0.8192412288566134,8.840426372712853,26.846153846153847,349.0,61.0,17.692307692307693,230.0,44.0,AFC East,4,9.153846153846153,119,0.4128757816257816,0.678923076923077,8.90846153846154,3.9884417617893018,2.0,1.1538461538461537,0.7954545454545454,54.23076923076923,0.8461538461538461,3.0,0.44883189962375486,0.6191538461538462,6.59,3.836721915306231,1.4615384615384615,0.46153846153846156,0.7363636363636363,56.23076923076923,1.0769230769230769,0.44883189962375486,2.1595736272871466,2016-12-18,2016,0.5192217806089365,0.34728051259790105,DEN,13.0,8.0,0.6153846153846154,11.461538461538462,149,11.538461538461538,150,-14.200000000000001,-0.5047732840293447,-32.815384615384616,0.19430025745703614,2.0295004141157986,1.6427879812495196,0.3867124328662791,7.667741240564305,22.76923076923077,296.0,53.0,18.615384615384617,242.0,46.0,AFC West,-1,4.153846153846154,54,0.4591991341991342,0.6048461538461539,6.615384615384615,3.495226715970655,1.3846153846153846,0.6923076923076923,0.9069444444444444,63.30769230769231,1.3846153846153846,5.0,0.3532846370903051,0.5423846153846154,4.772307692307693,4.194300257457036,0.7692307692307693,0.9230769230769231,0.8680555555555555,59.23076923076923,1.7692307692307692,0.3532846370903051,0.33225875943569516,2016,0.36479592888492096,0.2909148220174574,NWE vs. DEN,DEN,3,1514.1255930895725,7.0,NWE,16,1699.724268678904,1.0,0,-13,3.0,0,136.0,-150.0,0,0
DEN,14.0,8.0,0.5714285714285714,11.5,161,11.571428571428571,162,-15.335714285714285,-0.5107348561785091,-32.84285714285714,0.1437916310086398,1.902393241678956,1.620684077826935,0.2817091638520211,7.686313777107846,21.357142857142858,299.0,54.0,18.428571428571427,258.0,50.0,AFC West,-2,2.9285714285714284,41,0.4889648812725736,0.6062857142857142,6.510714285714286,3.4892651438214908,1.2857142857142858,0.6428571428571429,0.9141025641025641,62.285714285714285,1.5,2.0,0.3399547820600452,0.5393571428571429,4.826428571428572,4.14379163100864,0.7142857142857143,0.9285714285714286,0.8782051282051282,57.142857142857146,1.6428571428571428,0.3399547820600452,0.3136862228921542,2016-12-25,2016,0.3429188358634323,0.29351160103377766,KAN,14.0,10.0,0.7142857142857143,10.428571428571429,146,11.071428571428571,155,-8.071428571428571,0.1454677840956036,-15.957142857142856,0.461252870808638,2.3012186226471942,1.8316003441003441,0.46961827854685,8.313622237996453,22.785714285714285,319.0,53.0,19.571428571428573,274.0,52.0,AFC West,-1,3.2142857142857144,45,0.5852734871965641,0.6721428571428572,7.117857142857143,4.145467784095604,1.0714285714285714,0.8571428571428571,0.8680555555555555,54.57142857142857,1.0714285714285714,13.0,0.3493179264712878,0.606,6.5685714285714285,4.461252870808638,1.5,0.6428571428571429,0.7848484848484848,48.357142857142854,2.0,0.3493179264712878,1.6863777620035467,2016,0.40674071496388847,0.3519316330065367,DEN vs. KAN,KAN,33,1605.131518697356,4.0,DEN,10,1610.756357675949,4.0,1,23,-3.5,1,-190.0,171.0,1,0
LVR,15.0,12.0,0.8,11.333333333333334,170,11.4,171,-4.726666666666665,0.3633367727509256,-11.280000000000001,0.49660439136270956,2.4290731490731488,2.150856550856551,0.27821659821659817,8.510789139323425,27.333333333333332,410.0,74.0,24.066666666666666,361.0,63.0,AFC West,2,3.2666666666666666,49,0.5104811854811855,0.6353333333333333,7.327333333333333,4.363336772750926,1.8666666666666667,1.1333333333333333,0.7987179487179487,74.8,0.7333333333333333,18.0,0.38863950863950864,0.6099333333333334,7.447333333333334,4.49660439136271,1.6666666666666667,1.1333333333333333,0.9358974358974359,67.93333333333334,1.9333333333333333,0.38863950863950864,3.4892108606765753,2017-01-01,2016,0.5365496485059085,0.4295595649990738,DEN,15.0,8.0,0.5333333333333333,11.6,174,11.6,174,-18.10666666666667,-0.4433525324332752,-30.98,0.29636768443689265,1.8268490768490768,1.6959718059718059,0.13087727087727094,7.742059423830755,20.6,309.0,56.0,19.4,291.0,56.0,AFC West,-3,1.2,18,0.5050592264877979,0.5922000000000001,6.290666666666667,3.556647467566725,1.2,0.6666666666666666,0.9202380952380952,62.8,1.6,0.0,0.33506890770048664,0.5502666666666667,4.938666666666666,4.296367684436892,0.8,1.0,0.8630952380952381,57.666666666666664,1.6,0.33506890770048664,0.25794057616924526,2016,0.3273734376496083,0.3059174989522903,LVR vs. DEN,DEN,24,1612.9986570323315,3.0,LVR,6,1631.1584810982831,3.0,1,18,-1.0,1,-118.0,107.0,1,0
TEN,1.0,0.0,0.0,11.0,11,9.0,9,-15.400000000000006,-1.0909090909090908,-22.700000000000003,-1.678571428571428,1.4545454545454546,2.7777777777777777,-1.323232323232323,0.25774915008764243,16.0,16.0,3.0,25.0,25.0,4.0,AFC South,-1,-9.0,-9,0.5,0.61,6.02,2.909090909090909,2.0,0.0,1.0,10.0,3.0,-3.0,0.5714285714285714,0.545,7.15,2.321428571428572,0.0,0.0,0.6666666666666666,39.0,0.0,0.5714285714285714,-0.25774915008764243,2016-09-18,2016,0.2024320499760975,-0.11455517781672991,DET,1.0,1.0,1.0,10.0,10,10.0,10,27.799999999999997,0.833333333333333,18.0,0.3157894736842106,3.9,3.5,0.3999999999999999,0.5637674068483032,39.0,39.0,6.0,35.0,35.0,6.0,NFC North,1,4.0,4,0.5,0.795,10.05,4.833333333333333,3.0,2.0,1.0,70.0,0.0,0.0,0.5555555555555556,0.66,9.53,4.315789473684211,4.0,0.0,1.0,45.0,0.0,0.5555555555555556,0.4362325931516968,2016,0.861739555891018,0.2617395558910181,TEN vs. DET,DET,15,1550.0,1.0,TEN,16,1450.0,17.0,0,-1,-6.0,0,-260.0,231.0,0,0
DET,2.0,1.0,0.5,9.5,19,9.0,18,-0.8000000000000043,1.3949275362318838,9.549999999999997,1.0537280701754388,2.783333333333333,2.75,0.033333333333333326,1.0256027113292951,27.0,54.0,9.0,25.5,51.0,9.0,NFC North,-1,1.5,3,0.0,0.6725000000000001,7.69,5.394927536231884,2.0,1.0,1.0,104.0,0.5,0.0,0.4965277777777778,0.7090000000000001,8.084999999999999,5.053728070175438,3.0,0.0,0.75,64.0,0.5,0.4965277777777778,-0.025602711329295147,2016-09-25,2016,0.4676204104746406,0.2435993221676762,GNB,2.0,1.0,0.5,10.0,20,10.5,21,-19.0,-0.29565217391304355,0.10000000000000142,-2.395104895104895,2.1363636363636362,1.9861111111111112,0.1502525252525253,0.9808263152407392,20.5,41.0,7.0,20.0,40.0,8.0,NFC North,-1,0.5,1,1.0,0.5720000000000001,5.67,3.7043478260869565,1.5,1.0,1.0,48.0,1.5,-1.0,0.4807692307692308,0.6625,8.265,1.604895104895105,1.5,0.5,1.0,108.0,1.0,0.4807692307692308,0.019173684759260845,2016,0.3533553948328706,0.19412832090652585,DET vs. GNB,GNB,34,1500.0,9.0,DET,27,1485.9935000197115,9.0,1,7,-6.0,1,-260.0,231.0,1,0
PHI,3.0,3.0,1.0,11.0,33,9.666666666666666,29,3.800000000000002,-0.2655228758169934,-36.6,0.056613756613756706,2.8176767676767676,0.9111111111111111,1.9065656565656564,2.771493278077405,30.666666666666668,92.0,17.0,9.0,27.0,4.0,NFC East,3,21.666666666666668,65,0.5,0.6516666666666667,8.42,3.7344771241830066,1.6666666666666667,1.6666666666666667,0.8888888888888888,59.666666666666664,0.0,6.0,0.3111111111111111,0.5770000000000001,4.926666666666667,4.056613756613757,0.0,0.6666666666666666,0.5,50.666666666666664,2.0,0.3111111111111111,0.2285067219225949,2016-10-09,2016,0.5543900431584253,0.10246007916885494,DET,4.0,1.0,0.25,9.25,37,8.75,35,-9.000000000000004,0.15760869565217372,16.724999999999998,0.7908726557773746,2.5305555555555554,2.9097222222222223,-0.37916666666666665,1.7792667343207929,23.75,95.0,16.0,25.5,102.0,18.0,NFC North,-3,-1.75,-7,0.16666666666666666,0.66675,6.9225,4.157608695652174,1.75,0.5,0.9166666666666666,92.5,1.0,-3.0,0.47445436507936506,0.70525,9.29,4.790872655777375,3.0,0.0,0.75,57.0,0.25,0.47445436507936506,-0.7792667343207929,2016,0.3481873800734278,0.28552284844446946,PHI vs. DET,DET,24,1379.196842881348,17.0,PHI,23,1638.008106127738,1.0,1,1,3.5,1,166.0,-185.0,0,0
LAR,5.0,3.0,0.6,11.4,57,11.0,55,-25.14,-1.0325095634001182,-17.82,0.4007941317941318,1.4424242424242424,1.8959207459207459,-0.4534965034965035,2.4231117281540935,16.4,82.0,16.0,21.2,106.0,16.0,NFC West,-1,-4.8,-24,0.5833333333333333,0.5801999999999999,5.904,2.967490436599882,0.8,0.6,1.0,74.6,1.6,1.0,0.3346886446886447,0.595,5.964,4.4007941317941315,1.4,1.0,0.75,61.8,1.8,0.3346886446886447,0.5768882718459065,2016-10-16,2016,0.3130884643843316,0.26629168127103453,DET,5.0,2.0,0.4,9.0,45,8.8,44,-0.7400000000000005,-0.08132045088566846,13.739999999999998,0.9374600293838045,2.6244444444444444,2.838888888888889,-0.21444444444444438,2.3044619481269857,23.8,119.0,20.0,25.0,125.0,23.0,NFC North,1,-1.2,-6,0.375,0.6854,7.330000000000001,3.9186795491143314,2.0,0.4,0.9333333333333332,77.6,1.0,-2.0,0.4462301587301587,0.7158,8.796,4.9374600293838045,2.8,0.0,0.8,67.8,0.6,0.4462301587301587,-0.3044619481269857,2016,0.41738116016649013,0.38635170542308783,LAR vs. DET,DET,31,1460.802229351267,15.0,LAR,28,1536.483893965392,10.0,1,3,-2.5,1,-145.0,131.0,0,0
WAS,6.0,4.0,0.6666666666666666,9.833333333333334,59,9.833333333333334,59,-9.049999999999999,0.6589137986196808,-12.516666666666666,1.0870718462823727,2.451851851851852,2.528036778036778,-0.07618492618492624,3.2245365461129762,23.666666666666668,142.0,28.0,23.666666666666668,142.0,24.0,NFC East,4,0.0,0,0.5,0.6553333333333333,6.9750000000000005,4.658913798619681,1.5,0.6666666666666666,0.9166666666666666,62.0,1.3333333333333333,1.0,0.40710470085470085,0.6598333333333333,6.726666666666667,5.087071846282373,1.0,1.3333333333333333,1.0,88.0,1.5,0.40710470085470085,0.7754634538870238,2016-10-23,2016,0.5359123635842843,0.39155684433132365,DET,6.0,3.0,0.5,8.666666666666666,52,8.666666666666666,52,5.899999999999999,-0.2023824270201083,15.683333333333332,0.6903076002440794,2.9251322751322753,2.949074074074074,-0.023941798941798858,2.864477453699543,25.0,150.0,25.0,25.5,153.0,27.0,NFC North,2,-0.5,-3,0.42000000000000004,0.6948333333333334,7.963333333333334,3.7976175729798918,2.3333333333333335,0.3333333333333333,0.9444444444444443,75.0,0.8333333333333334,-1.0,0.46276755651755647,0.7371666666666666,9.028333333333334,4.69030760024408,2.8333333333333335,0.16666666666666666,0.8,66.83333333333333,0.6666666666666666,0.46276755651755647,0.1355225463004568,2016,0.49162840915869044,0.44442022035292417,WAS vs. DET,DET,20,1521.5246390275474,14.0,WAS,17,1613.8872777601086,4.0,1,3,1.0,1,-105.0,-105.0,0,0
DET,7.0,4.0,0.5714285714285714,8.571428571428571,60,8.571428571428571,60,5.228571428571428,-0.03813230586685971,14.157142857142857,0.6606577460220188,2.8643990929705216,2.831349206349206,0.033049886621315264,3.459596857085518,24.285714285714285,170.0,29.0,24.285714285714285,170.0,30.0,NFC North,3,0.0,0,0.4611111111111111,0.6842857142857143,8.155714285714286,3.96186769413314,2.142857142857143,0.42857142857142855,0.9047619047619048,68.57142857142857,0.7142857142857143,1.0,0.4442769532055246,0.7417142857142858,8.848571428571429,4.660657746022019,2.5714285714285716,0.2857142857142857,0.75,60.142857142857146,0.8571428571428571,0.4442769532055246,0.540403142914482,2016-10-30,2016,0.5206468836774285,0.46717165306532016,HOU,7.0,4.0,0.5714285714285714,11.571428571428571,81,11.428571428571429,80,-29.04285714285714,0.40350028900449075,-20.52857142857143,0.5123090944989442,1.4717782217782218,1.9962259962259963,-0.5244477744477746,2.9373343502780522,16.714285714285715,117.0,25.0,22.0,154.0,29.0,AFC South,-1,-5.285714285714286,-37,0.7333333333333334,0.5851428571428572,4.675714285714286,4.403500289004491,1.1428571428571428,0.14285714285714285,0.8555555555555555,43.42857142857143,1.7142857142857142,-6.0,0.37195582195582194,0.5812857142857143,6.262857142857143,4.512309094498944,0.7142857142857143,1.4285714285714286,1.0,62.42857142857143,0.8571428571428571,0.37195582195582194,1.0626656497219478,2016,0.3554967217690453,0.36574518543202944,DET vs. HOU,HOU,20,1525.4099837707977,9.0,DET,13,1584.5121736980473,9.0,1,7,-1.0,1,-109.0,-101.0,0,0
DET,8.0,4.0,0.5,8.75,70,8.625,69,3.1499999999999986,-0.015508624776359337,9.9125,0.50146262454346,2.6688492063492064,2.7552083333333335,-0.08635912698412693,3.724438177424968,22.875,183.0,32.0,23.75,190.0,34.0,NFC North,-1,-0.875,-7,0.4768707482993197,0.681125,7.90125,3.984491375223641,2.0,0.375,0.875,69.375,0.625,2.0,0.4228332431457431,0.73525,8.34125,4.50146262454346,2.375,0.375,0.7857142857142857,58.75,0.875,0.4228332431457431,0.2755618225750318,2016-11-06,2016,0.4728892470042875,0.44813243110063605,MIN,7.0,5.0,0.7142857142857143,10.285714285714286,72,11.0,77,-5.614285714285714,-1.36300679157822,-34.07142857142857,0.021185265081174225,1.995021645021645,1.3867243867243868,0.6082972582972583,4.306035476483337,19.857142857142858,139.0,22.0,14.857142857142858,104.0,19.0,NFC North,-2,5.0,35,0.6099206349206349,0.6514285714285714,7.2057142857142855,2.63699320842178,1.1428571428571428,0.42857142857142855,0.8809523809523808,59.714285714285715,0.7142857142857143,11.0,0.37025943980831194,0.5715714285714286,4.434285714285714,4.021185265081174,0.8571428571428571,0.5714285714285714,0.861111111111111,43.42857142857143,2.2857142857142856,0.37025943980831194,0.6939645235166632,2016,0.33584765777255277,0.23596535426125528,DET vs. MIN,MIN,16,1546.338810352951,5.0,DET,22,1526.0877882806449,12.0,0,-6,-4.0,0,-194.0,174.0,1,0
JAX,9.0,2.0,0.2222222222222222,11.11111111111111,100,11.0,99,-20.977777777777778,0.307000064112133,-5.644444444444442,0.06515245755859815,1.7859449192782526,2.4553224553224555,-0.6693775360442028,3.1622237254986705,19.333333333333332,174.0,32.0,26.555555555555557,239.0,47.0,AFC South,-4,-7.222222222222222,-65,0.4959821428571428,0.5983333333333333,5.605555555555556,4.307000064112133,1.7777777777777777,0.3333333333333333,0.6875,81.44444444444444,2.111111111111111,-14.0,0.33758817435288024,0.6467777777777778,6.908888888888889,4.065152457558598,1.5555555555555556,1.0,0.925925925925926,67.22222222222223,0.5555555555555556,0.33758817435288024,-1.1622237254986705,2016-11-20,2016,0.2786764897600473,0.3606907799119669,DET,9.0,5.0,0.5555555555555556,9.0,81,8.666666666666666,78,1.3555555555555543,-0.02711877757898609,9.033333333333333,0.34796677737196446,2.594532627865961,2.646604938271605,-0.052072310405643675,4.404647807436595,22.77777777777778,205.0,37.0,22.88888888888889,206.0,37.0,NFC North,1,-0.1111111111111111,-1,0.506547619047619,0.6764444444444444,7.66888888888889,3.9728812224210137,2.0,0.3333333333333333,0.8888888888888888,68.0,0.6666666666666666,1.0,0.43140732724066055,0.7396666666666667,8.19,4.347966777371965,2.2222222222222223,0.4444444444444444,0.75,58.22222222222222,0.7777777777777778,0.43140732724066055,0.5953521925634053,2016,0.4870069014058244,0.4530313833687265,JAX vs. DET,DET,26,1578.9988487050416,9.0,JAX,19,1348.6709869815106,25.0,1,7,-5.5,1,-230.0,205.0,0,0
MIN,10.0,6.0,0.6,10.0,100,10.9,109,-3.97,-1.3182952302952302,-28.22,0.14211539984253618,2.1076262626262627,1.6595959595959595,0.44803030303030306,5.604412178451402,20.5,205.0,31.0,17.6,176.0,34.0,NFC North,1,2.9,29,0.5671075837742504,0.6824,7.029000000000001,2.68170476970477,1.2,0.6,0.8518518518518517,58.0,0.7,13.0,0.39364714233135284,0.5833,4.869999999999999,4.142115399842536,1.2,0.5,0.9074074074074073,49.2,2.0,0.39364714233135284,0.39558782154859795,2016-11-24,2016,0.32226322246800654,0.2930733815895893,DET,10.0,6.0,0.6,9.2,92,9.1,91,0.8099999999999994,-0.35774023315442083,5.5,0.22057750704217544,2.5714430014430016,2.5280982905982907,0.04334471084471092,5.082379803601049,23.1,231.0,40.0,22.5,225.0,41.0,NFC North,2,0.6,6,0.4749559082892416,0.6815,7.699000000000001,3.642259766845579,1.8,0.4,0.9,64.4,0.8,2.0,0.42398088023088026,0.7286,7.805,4.220577507042175,2.2,0.4,0.7777777777777778,54.9,1.0,0.42398088023088026,0.9176201963989508,2016,0.47467913897386743,0.44683783302456814,MIN vs. DET,DET,16,1526.0877882806449,12.0,MIN,13,1546.338810352951,5.0,1,3,-2.0,1,-119.0,108.0,1,0
DET,11.0,7.0,0.6363636363636364,9.272727272727273,102,9.090909090909092,100,-1.0272727272727282,-0.2390939918628706,3.236363636363636,0.3027977336747049,2.4831300013118196,2.4295843045843046,0.05354569672751499,5.702982063975184,22.454545454545453,247.0,44.0,21.636363636363637,238.0,44.0,NFC North,3,0.8181818181818182,9,0.4874603174603174,0.6718181818181818,7.530909090909091,3.7609060081371295,1.7272727272727273,0.36363636363636365,0.9090909090909091,60.0,0.7272727272727273,3.0,0.4243982028072937,0.7385454545454546,7.535454545454545,4.302797733674705,2.0,0.45454545454545453,0.8,53.54545454545455,1.0,0.4243982028072937,1.2970179360248162,2016-12-04,2016,0.48223599749116924,0.4518807174409926,NOR,11.0,5.0,0.45454545454545453,11.0,121,10.727272727272727,118,8.736363636363635,0.21473788911623146,-6.354545454545455,-0.039508715979304186,2.733728897365261,2.7122286804104987,0.021500216954762393,5.764906550281673,30.363636363636363,334.0,57.0,27.90909090909091,307.0,52.0,NFC South,1,2.4545454545454546,27,0.48428571428571426,0.7171818181818183,8.30090909090909,4.214737889116232,2.8181818181818183,0.9090909090909091,0.7708333333333333,55.18181818181818,1.4545454545454546,1.0,0.4861426749127284,0.6309090909090909,7.584545454545454,3.960491284020696,1.5454545454545454,1.1818181818181819,0.95,54.45454545454545,1.5454545454545454,0.4861426749127284,-0.7649065502816734,2016,0.4383173002508975,0.3699729271073598,DET vs. NOR,NOR,13,1475.6510382515676,19.0,DET,28,1634.872990689866,6.0,0,-15,-6.5,0,-284.0,251.0,0,0
DET,13.0,9.0,0.6923076923076923,9.153846153846153,119,9.0,117,-2.9000000000000004,-0.22022716654999702,-0.8230769230769238,0.3776312648439057,2.5327339327339327,2.3426152906922137,0.19011864204171905,7.158474861049283,22.692307692307693,295.0,55.0,20.615384615384617,268.0,49.0,NFC North,5,2.076923076923077,27,0.4649290524290524,0.6695384615384616,7.368461538461539,3.779772833450003,1.6923076923076923,0.38461538461538464,0.9230769230769231,58.0,0.7692307692307693,4.0,0.4296189921189921,0.7272307692307692,7.2361538461538455,4.377631264843905,1.7692307692307692,0.46153846153846156,0.8333333333333334,62.38461538461539,1.0769230769230769,0.4296189921189921,1.8415251389507166,2016-12-18,2016,0.5276560327358044,0.44591369612661746,NYG,13.0,9.0,0.6923076923076923,11.538461538461538,150,11.76923076923077,153,-12.37692307692308,-0.5681764051439508,-24.069230769230767,-0.4101370883854161,1.721079774925929,1.6822235456850843,0.03885622924084472,6.980928400862763,19.615384615384617,255.0,42.0,18.76923076923077,244.0,52.0,NFC East,1,0.8461538461538461,11,0.449786556036556,0.6261538461538462,6.415384615384616,3.431823594856049,1.7692307692307692,0.38461538461538464,0.96875,55.30769230769231,1.8461538461538463,-5.0,0.3299463918897117,0.5826153846153846,5.810769230769231,3.589862911614584,1.0,0.6923076923076923,0.8012820512820512,60.84615384615385,1.4615384615384615,0.3299463918897117,2.019071599137237,2016,0.32348769598141747,0.36651167579443755,DET vs. NYG,NYG,17,1653.4490375247178,5.0,DET,6,1676.9916206664743,5.0,1,11,-4.0,1,-196.0,176.0,0,0
GNB,15.0,9.0,0.6,10.266666666666667,154,10.133333333333333,152,0.8866666666666655,0.5867895735716103,-5.793333333333333,-0.027897434182220474,2.70999037999038,2.421723276723277,0.2882671032671032,8.536321482508567,26.733333333333334,401.0,72.0,24.266666666666666,364.0,66.0,NFC North,5,2.466666666666667,37,0.5254275486418344,0.6492666666666668,7.664666666666666,4.58678957357161,2.4,0.7333333333333333,0.8717948717948718,50.13333333333333,1.1333333333333333,7.0,0.4583763166657903,0.6461333333333333,7.422,3.9721025658177793,2.0,0.6666666666666666,0.9761904761904762,62.266666666666666,1.6,0.4583763166657903,0.46367851749143263,2017-01-01,2016,0.4819847849607719,0.4186854307694889,DET,15.0,9.0,0.6,9.266666666666667,139,9.133333333333333,137,-7.033333333333333,-0.22770564960648867,3.293333333333332,0.39589154064249604,2.3750360750360753,2.4235999185999186,-0.0485638435638435,7.398679354868179,21.466666666666665,322.0,60.0,21.8,327.0,58.0,NFC North,-2,-0.3333333333333333,-5,0.509185655614227,0.6589333333333334,7.034000000000001,3.772294350393511,1.4666666666666666,0.5333333333333333,0.8666666666666667,55.4,0.9333333333333333,0.0,0.4239237614237614,0.7286666666666667,7.733333333333333,4.395891540642496,1.9333333333333333,0.5333333333333333,0.8461538461538461,60.266666666666666,0.9333333333333333,0.4239237614237614,1.6013206451318212,2016,0.47773584590307394,0.4403292444854723,GNB vs. DET,DET,24,1485.9935000197115,9.0,GNB,31,1500.0,9.0,0,-7,3.5,0,171.0,-190.0,1,0
DET,16.0,9.0,0.5625,9.3125,149,9.1875,147,-6.918750000000001,-0.23728357031560693,4.681249999999999,0.4296160612878239,2.3765963203463203,2.465874923687424,-0.0892786033411033,7.751523183301483,21.625,346.0,64.0,22.375,358.0,63.0,NFC North,-3,-0.75,-12,0.5152399452399452,0.657375,7.093125000000001,3.762716429684393,1.5,0.5625,0.84375,53.8125,0.9375,-1.0,0.423470193001443,0.726375,7.851249999999999,4.429616061287824,2.0625,0.5,0.8571428571428571,61.1875,0.875,0.423470193001443,1.248476816698517,2017-01-07,2016,0.4630463574952622,0.4352270575901388,SEA,16.0,10.0,0.625,10.625,170,10.6875,171,-6.41875,-0.10996411453735791,-14.787500000000001,-0.6747900771006876,2.1458527583527585,1.698550407925408,0.4473023504273505,8.840261300369512,22.125,354.0,69.0,18.25,292.0,51.0,NFC West,1,3.875,62,0.43726847226847226,0.6527499999999999,7.295,3.890035885462642,1.4375,0.8125,0.90625,60.625,1.125,1.0,0.37413969302756067,0.6234375,6.6675,3.3252099228993126,1.0,1.0,0.7051282051282051,57.8125,1.1875,0.37413969302756067,1.1597386996304877,2016,0.43530219495386163,0.30122319944486653,DET vs. SEA,SEA,26,1517.8700563195457,8.0,DET,6,1544.5739144379331,11.0,1,20,-8.0,1,-390.0,338.0,0,1
GNB,1.0,1.0,1.0,9.0,9,9.0,9,-4.900000000000006,-0.20000000000000018,-16.700000000000003,-2.1538461538461533,3.0,2.5555555555555554,0.44444444444444464,0.5938760166435199,27.0,27.0,5.0,23.0,23.0,5.0,NFC North,1,4.0,4,0.5,0.588,7.03,3.8,2.0,1.0,1.0,24.0,0.0,1.0,0.5,0.615,7.05,1.8461538461538465,1.0,1.0,1.0,79.0,1.0,0.5,0.40612398335648014,2016-09-18,2016,0.7811799907536002,0.22562443519804454,MIN,1.0,1.0,1.0,9.0,9,11.0,11,-22.700000000000003,-1.678571428571428,-15.400000000000006,-1.0909090909090908,2.7777777777777777,1.4545454545454546,1.323232323232323,0.7422508499123576,25.0,25.0,4.0,16.0,16.0,3.0,NFC North,1,9.0,9,0.5,0.545,7.15,2.321428571428572,0.0,0.0,0.6666666666666666,39.0,0.0,3.0,0.42857142857142855,0.61,6.02,2.909090909090909,2.0,0.0,1.0,10.0,3.0,0.42857142857142855,0.25774915008764243,2016,0.5589996222611743,0.07029522275117521,GNB vs. MIN,MIN,17,1550.0,1.0,GNB,14,1550.0,1.0,1,3,1.5,1,108.0,-119.0,1,0
NYG,4.0,2.0,0.5,10.5,42,10.0,40,-10.95,0.18898809523809512,-8.224999999999998,-0.831993006993007,1.7775252525252525,2.159659090909091,-0.38213383838383824,1.7202819643380725,18.25,73.0,13.0,21.25,85.0,19.0,NFC East,-2,-3.0,-12,0.3333333333333333,0.66825,7.057499999999999,4.188988095238095,1.0,0.75,0.9166666666666666,65.5,2.25,-8.0,0.39444444444444443,0.637,7.1875,3.168006993006993,1.0,0.75,0.7916666666666666,58.25,0.25,0.39444444444444443,0.27971803566192754,2016-10-09,2016,0.3311686575214587,0.3894665167348539,GNB,3.0,2.0,0.6666666666666666,9.333333333333334,28,10.0,30,-3.133333333333335,0.17789855072463764,3.599999999999999,-2.2054322489105096,2.8409090909090913,2.324074074074074,0.5168350168350169,1.6141125908464609,25.0,75.0,13.0,22.333333333333332,67.0,13.0,NFC North,1,2.6666666666666665,8,0.75,0.5896666666666667,7.683333333333334,4.177898550724637,2.3333333333333335,0.6666666666666666,1.0,47.0,1.0,0.0,0.4871794871794872,0.6693333333333333,8.623333333333333,1.7945677510894902,2.0,0.3333333333333333,0.8888888888888888,100.66666666666667,1.0,0.4871794871794872,0.38588740915353914,2016,0.5240063847499525,0.34462818132217793,NYG vs. GNB,GNB,23,1547.9853938919734,6.0,NYG,16,1478.9430635024485,12.0,1,7,-7.0,0,-308.0,271.0,0,0
IND,8.0,3.0,0.375,10.5,84,10.375,83,-7.3375,0.20975127120686343,0.7624999999999993,0.49145936728157413,2.5394570707070705,2.7960858585858586,-0.25662878787878785,3.5499684237050277,26.0,208.0,39.0,28.75,230.0,42.0,AFC South,-1,-2.75,-22,0.5023809523809524,0.63575,6.95125,4.209751271206864,2.0,0.625,1.0,71.125,1.0,-1.0,0.38219257254183725,0.66475,8.105,4.491459367281574,1.75,0.875,0.9125,70.75,0.875,0.38219257254183725,-0.5499684237050277,2016-11-06,2016,0.4323679039814046,0.4079839250066096,GNB,7.0,4.0,0.5714285714285714,9.571428571428571,67,9.571428571428571,67,-4.300000000000002,0.3628452925792743,-6.971428571428573,-0.770225121941369,2.6654401154401155,2.400252525252525,0.26518759018759014,3.8884177090412577,24.571428571428573,172.0,32.0,22.285714285714285,156.0,30.0,NFC North,-1,2.2857142857142856,16,0.5896825396825397,0.6358571428571428,6.934285714285714,4.362845292579275,2.4285714285714284,0.2857142857142857,0.9444444444444445,49.285714285714285,1.4285714285714286,-2.0,0.5194548872180451,0.6248571428571428,7.357142857142857,3.229774878058631,1.8571428571428572,0.2857142857142857,0.9523809523809523,81.0,1.1428571428571428,0.5194548872180451,0.11158229095874228,2016,0.4852252309396157,0.39093276914448244,IND vs. GNB,GNB,26,1508.847226015653,9.0,IND,31,1453.3829198755643,18.0,0,-5,-7.5,0,-340.0,297.0,0,0
GNB,8.0,4.0,0.5,9.75,78,9.625,77,-4.512500000000001,0.5806475257437071,-9.512500000000001,-0.7944826959844122,2.6277146464646464,2.4877209595959595,0.13999368686868685,4.285685866611716,24.75,198.0,37.0,23.375,187.0,34.0,NFC North,-2,1.375,11,0.5590136054421768,0.632,6.95125,4.580647525743707,2.5,0.25,0.9047619047619048,46.25,1.375,-1.0,0.49618969298245613,0.626625,7.1325,3.2055173040155878,1.75,0.5,0.9583333333333333,75.25,1.25,0.49618969298245613,-0.2856858666117157,2016-11-13,2016,0.4574192675246258,0.3705952606090936,TEN,9.0,4.0,0.4444444444444444,10.777777777777779,97,10.11111111111111,91,-4.322222222222225,0.7315601080325184,-11.444444444444443,0.0809170378735596,2.2409090909090907,2.5407407407407407,-0.2998316498316498,4.173146004446881,24.11111111111111,217.0,38.0,25.11111111111111,226.0,35.0,AFC South,-1,-1.0,-9,0.43229166666666663,0.6419999999999999,7.59,4.731560108032518,1.8888888888888888,1.1111111111111112,0.8125,60.111111111111114,1.4444444444444444,-6.0,0.47012247012247005,0.6345555555555555,6.898888888888889,4.08091703787356,1.5555555555555556,0.4444444444444444,0.9166666666666666,84.33333333333333,0.7777777777777778,0.47012247012247005,-0.1731460044468811,2016,0.38421586693129267,0.3344809399809025,GNB vs. TEN,TEN,47,1436.073502527195,16.0,GNB,25,1450.9323923514744,10.0,1,22,3.0,1,127.0,-140.0,0,0
GNB,9.0,4.0,0.4444444444444444,10.222222222222221,92,10.0,90,-7.033333333333335,0.6614302792935517,-3.0666666666666678,-0.598679959154603,2.5341590508257172,2.6130169213502548,-0.0788578705245372,4.468691672330375,24.77777777777778,223.0,42.0,26.0,234.0,42.0,NFC North,-3,-1.2222222222222223,-11,0.5446924603174603,0.6264444444444445,6.751111111111111,4.661430279293551,2.4444444444444446,0.3333333333333333,0.9166666666666666,53.0,1.5555555555555556,-4.0,0.470687134502924,0.6393333333333333,7.953333333333333,3.401320040845397,2.111111111111111,0.5555555555555556,0.9629629629629629,74.11111111111111,1.1111111111111112,0.470687134502924,-0.4686916723303751,2016-11-20,2016,0.4327475238672998,0.3905122836569435,WAS,9.0,5.0,0.5555555555555556,9.88888888888889,89,9.88888888888889,89,-4.699999999999999,0.4703862706054682,-10.177777777777777,0.6589018843404809,2.4224358974358977,2.4353578520245187,-0.012921954588621283,4.780045714093678,23.555555555555557,212.0,42.0,23.22222222222222,209.0,35.0,NFC East,2,0.3333333333333333,3,0.5066964285714286,0.671888888888889,7.398888888888889,4.470386270605468,1.5555555555555556,0.6666666666666666,0.8333333333333334,59.22222222222222,1.3333333333333333,0.0,0.4459129378247025,0.6664444444444445,6.924444444444444,4.658901884340481,1.1111111111111112,1.4444444444444444,0.8333333333333334,75.33333333333333,1.3333333333333333,0.4459129378247025,0.21995428590632216,2016,0.4834432958902191,0.3591740324678169,GNB vs. WAS,WAS,42,1539.5592898102584,9.0,GNB,24,1398.7953289822092,15.0,1,18,-2.5,1,-133.0,120.0,0,0
GNB,10.0,4.0,0.4,10.3,103,10.0,100,-6.460000000000001,0.6373925145220913,1.6700000000000004,-0.4354786299058094,2.498924963924964,2.7717152292152294,-0.2727902652902653,4.678465473798861,24.7,247.0,46.0,27.6,276.0,49.0,NFC North,-4,-2.9,-29,0.5458994708994709,0.6252,6.883,4.637392514522092,2.5,0.3,0.8703703703703703,53.6,1.6,-6.0,0.4702850877192982,0.6454,8.571000000000002,3.564521370094191,2.2,0.8,0.9666666666666666,70.7,1.0,0.4702850877192982,-0.6784654737988607,2016-11-28,2016,0.41630154194684704,0.40775519178385583,PHI,10.0,5.0,0.5,11.1,111,10.8,108,-16.71,0.2789551480511233,-16.47,0.20559200059200067,2.2312864912864914,1.7213636363636364,0.5099228549228549,6.146570382159282,24.1,241.0,44.0,18.6,186.0,34.0,NFC East,-1,5.5,55,0.6208994708994708,0.629,6.079,4.278955148051123,1.1,1.0,0.8907407407407406,66.5,1.2,4.0,0.3416991341991342,0.583,6.583,4.2055920005920004,1.5,0.5,0.7685185185185186,53.0,1.6,0.3416991341991342,-1.1465703821592816,2016,0.35094675962611854,0.24723759908017076,GNB vs. PHI,PHI,13,1518.8588142111907,12.0,GNB,27,1368.0127250139878,19.0,0,-14,-4.0,0,-196.0,176.0,0,0
HOU,11.0,6.0,0.5454545454545454,11.0,121,11.0,121,-28.545454545454547,0.3342041147155862,-12.745454545454548,0.05341878753960099,1.6613336158790704,1.9984248075157167,-0.3370911916366463,4.823227091995056,17.636363636363637,194.0,39.0,21.454545454545453,236.0,44.0,AFC South,-2,-3.8181818181818183,-42,0.6399206349206349,0.597,4.58909090909091,4.334204114715586,1.0909090909090908,0.36363636363636365,0.8466666666666667,54.63636363636363,1.7272727272727273,-9.0,0.39399943490852585,0.6173636363636364,6.657272727272727,4.053418787539601,1.2727272727272727,0.9090909090909091,0.8666666666666666,59.90909090909091,0.9090909090909091,0.39399943490852585,1.1767729080049438,2016-12-04,2016,0.35679499880705695,0.36948009613239485,GNB,11.0,5.0,0.45454545454545453,9.909090909090908,109,9.727272727272727,107,-4.354545454545455,0.45607111709800513,-1.1636363636363634,-0.3504351180961903,2.680840876295422,2.688572286299559,-0.007731410004137301,5.528159515522982,24.90909090909091,274.0,51.0,26.272727272727273,289.0,52.0,NFC North,1,-1.3636363636363635,-15,0.5413095238095238,0.6382727272727272,7.079999999999999,4.456071117098005,2.4545454545454546,0.36363636363636365,0.8833333333333334,53.36363636363637,1.4545454545454546,-5.0,0.49246696286169966,0.6473636363636364,8.210909090909091,3.64956488190381,2.0,0.8181818181818182,0.9696969696969696,68.0909090909091,1.0,0.49246696286169966,-0.5281595155229821,2016,0.4454244075966038,0.4184670392462234,HOU vs. GNB,GNB,21,1438.4527396572444,19.0,HOU,13,1503.907682827601,11.0,1,8,-7.0,1,-312.0,274.0,0,0
SEA,12.0,8.0,0.6666666666666666,10.416666666666666,125,10.416666666666666,125,-6.1000000000000005,0.02007633731201282,-21.925,-0.4918938688590641,2.158922558922559,1.5953962703962705,0.5635262885262886,6.812173410335464,22.0,264.0,52.0,16.166666666666668,194.0,35.0,NFC West,1,5.833333333333333,70,0.4782598714416896,0.6583333333333333,7.5183333333333335,4.0200763373120125,1.1666666666666667,1.0,0.9166666666666666,62.25,0.8333333333333334,6.0,0.35824834887334883,0.6145833333333334,5.863333333333333,3.508106131140936,0.9166666666666666,0.75,0.7,57.416666666666664,1.3333333333333333,0.35824834887334883,1.1878265896645361,2016-12-11,2016,0.4571779884417039,0.2843826204255059,GNB,12.0,6.0,0.5,9.916666666666666,119,9.666666666666666,116,-3.3583333333333343,0.43409083169881235,-1.4499999999999993,-0.2749358952918782,2.63243746993747,2.584894966144966,0.04754250379250378,6.285212193395069,24.583333333333332,295.0,54.0,25.166666666666668,302.0,54.0,NFC North,2,-0.5833333333333334,-7,0.5416863439590712,0.6406666666666666,7.156666666666666,4.434090831698812,2.4166666666666665,0.4166666666666667,0.8833333333333334,51.416666666666664,1.4166666666666667,-5.0,0.4792058270676692,0.6458333333333334,8.06,3.7250641047081223,2.0,0.75,0.9696969696969696,63.416666666666664,1.0,0.4792058270676692,-0.2852121933950693,2016,0.44299617756069065,0.4156598718079499,SEA vs. GNB,GNB,38,1497.7625798270492,14.0,SEA,10,1628.9445836378848,5.0,1,28,3.0,1,131.0,-145.0,0,0
MIN,14.0,7.0,0.5,9.928571428571429,139,10.714285714285714,150,-6.007142857142858,-0.9121566195710609,-20.164285714285715,0.20965636329604717,1.9439393939393939,1.7672438672438673,0.17669552669552666,7.1685676147928366,18.857142857142858,264.0,46.0,18.5,259.0,51.0,NFC North,-1,0.35714285714285715,5,0.5570203300972532,0.7022857142857143,6.748571428571429,3.0878433804289394,1.0,0.5714285714285714,0.8974358974358974,56.92857142857143,0.9285714285714286,9.0,0.3655380020981525,0.6033571428571429,5.690714285714286,4.209656363296047,1.2142857142857142,0.5714285714285714,0.905128205128205,53.92857142857143,1.5714285714285714,0.3655380020981525,-0.16856761479283655,2016-12-24,2016,0.3269506113666647,0.31162050078360254,GNB,14.0,8.0,0.5714285714285714,10.142857142857142,142,10.0,140,-1.1214285714285726,0.7239412097791063,-6.792857142857143,-0.07631867948095053,2.6773706452277883,2.4458939869654155,0.2314766582623725,7.806770924876255,25.928571428571427,363.0,66.0,24.214285714285715,339.0,61.0,NFC North,4,1.7142857142857142,24,0.5273835139219755,0.644357142857143,7.501428571428572,4.723941209779106,2.2857142857142856,0.7142857142857143,0.8611111111111112,52.214285714285715,1.2142857142857142,5.0,0.45815044917488523,0.6437142857142858,7.3621428571428575,3.9236813205190493,1.9285714285714286,0.7142857142857143,0.9743589743589743,61.714285714285715,1.5714285714285714,0.45815044917488523,0.1932290751237451,2016,0.4712037821721163,0.41060559876660635,MIN vs. GNB,GNB,38,1550.0,1.0,MIN,25,1550.0,1.0,1,13,-6.0,1,-265.0,235.0,1,0
NYG,16.0,11.0,0.6875,11.5,184,11.625,186,-12.850000000000001,-0.45242457917946005,-24.91875,-0.4948591913306945,1.7025439837939838,1.602383553946054,0.10016042984792992,9.088542129977334,19.375,310.0,53.0,17.75,284.0,59.0,NFC East,1,1.625,26,0.4653481703481704,0.6304375,6.351875,3.54757542082054,1.625,0.375,0.9772727272727273,53.5625,1.6875,-2.0,0.3477160245155601,0.586125,5.750625,3.5051408086693057,0.9375,0.625,0.8072916666666666,53.3125,1.5625,0.3477160245155601,1.9114578700226659,2017-01-08,2016,0.32245491410027216,0.3352741983640246,GNB,16.0,10.0,0.625,10.25,164,10.125,162,2.424999999999999,0.6085829671588685,-5.75625,-0.0499633683553555,2.7343659812409813,2.420365571928072,0.3140004093129093,9.183477654075263,27.0,432.0,77.0,24.25,388.0,70.0,NFC North,6,2.75,44,0.5303990453990454,0.6519375000000001,7.786875,4.608582967158869,2.5,0.6875,0.880952380952381,51.6875,1.0625,8.0,0.4633816430280246,0.645375,7.456875,3.9500366316446445,2.0,0.6875,0.9444444444444444,60.25,1.5625,0.4633816430280246,0.8165223459247368,2016,0.49347264505952926,0.42714373619395507,NYG vs. GNB,GNB,23,1547.9853938919734,6.0,NYG,16,1478.9430635024485,12.0,1,7,-7.0,0,-308.0,271.0,0,0
KAN,1.0,1.0,1.0,12.0,12,11.0,11,-5.0,0.36842105263157876,-3.799999999999997,0.84375,2.75,2.4545454545454546,0.2954545454545454,0.6167058713669417,33.0,33.0,6.0,27.0,27.0,5.0,AFC West,1,6.0,6,0.5,0.708,6.77,4.368421052631579,2.0,2.0,1.0,46.0,1.0,-1.0,0.35714285714285715,0.6940000000000001,7.03,4.84375,1.0,2.0,0.6666666666666666,30.0,0.0,0.35714285714285715,0.38329412863305834,2016-09-18,2016,0.6916470643165291,0.17422460392411743,HOU,1.0,1.0,1.0,11.0,11,12.0,12,-12.799999999999997,-0.3142857142857145,-28.200000000000003,-0.3500000000000001,2.090909090909091,1.1666666666666667,0.9242424242424241,0.7643278940766005,23.0,23.0,5.0,14.0,14.0,2.0,AFC South,1,9.0,9,0.5,0.629,6.0,3.6857142857142855,2.0,0.0,1.0,69.0,1.0,0.0,0.6,0.552,5.52,3.65,1.0,1.0,,30.0,1.0,0.6,0.2356721059233995,2016,0.5616691390560906,0.03927868432056658,KAN vs. HOU,HOU,19,1550.0,1.0,KAN,12,1550.0,1.0,1,7,1.0,1,-103.0,-107.0,0,0
HOU,2.0,2.0,1.0,12.0,24,12.5,25,-22.9,-0.7306722689075631,-30.85,0.9565789473684212,1.7762237762237763,1.044871794871795,0.7313519813519812,1.5125385233338215,21.0,42.0,10.0,13.0,26.0,6.0,AFC South,2,8.0,16,1.0,0.6025,5.79,3.269327731092437,1.5,0.0,0.9,56.5,1.5,1.0,0.43333333333333335,0.5465,5.085,4.956578947368421,0.5,0.5,1.0,53.5,2.0,0.43333333333333335,0.48746147666617845,2016-09-22,2016,0.5182211409721205,0.1784953771999414,NWE,2.0,2.0,1.0,10.0,20,11.0,22,14.450000000000003,-0.17190152801358272,-2.0,0.6085526315789473,2.686868686868687,2.08974358974359,0.597125097125097,1.2008491193886592,27.0,54.0,10.0,22.5,45.0,7.0,AFC East,2,4.5,9,0.0,0.7064999999999999,9.365,3.8280984719864173,2.0,1.0,0.75,67.0,1.5,1.0,0.5625,0.6799999999999999,7.6899999999999995,4.608552631578947,2.0,1.0,0.5,53.5,2.0,0.5625,0.7991508806113408,2016,0.6997877201528352,0.28622854918816787,HOU vs. NWE,NWE,27,1585.9935000197115,1.0,HOU,0,1600.0,1.0,1,27,-1.0,1,-117.0,106.0,0,0
TEN,3.0,1.0,0.3333333333333333,10.333333333333334,31,9.666666666666666,29,-22.600000000000005,0.9807122953674678,-24.400000000000002,0.39931677018633555,1.4292929292929293,1.9966329966329965,-0.5673400673400674,1.0173030650017956,14.0,42.0,8.0,19.0,57.0,10.0,AFC South,-1,-5.0,-15,0.75,0.6276666666666667,5.453333333333333,4.980712295367468,1.3333333333333333,0.3333333333333333,0.8333333333333334,54.333333333333336,2.3333333333333335,-5.0,0.3849206349206349,0.5650000000000001,6.256666666666667,4.399316770186336,0.6666666666666666,0.3333333333333333,0.8888888888888888,78.33333333333333,0.6666666666666666,0.3849206349206349,-0.01730306500179557,2016-10-02,2016,0.25657608042995306,0.227896199425081,HOU,3.0,2.0,0.6666666666666666,12.0,36,12.333333333333334,37,-29.099999999999998,-0.47476916692602966,-30.033333333333335,0.885582546108862,1.1841491841491842,1.4465811965811965,-0.26243201243201253,1.5125385233338215,14.0,42.0,10.0,17.666666666666668,53.0,11.0,AFC South,-1,-3.6666666666666665,-11,1.0,0.5966666666666667,4.916666666666667,3.525230833073971,1.0,0.0,0.9,52.0,2.0,-2.0,0.4222222222222222,0.5573333333333333,5.093333333333334,4.885582546108862,0.3333333333333333,1.3333333333333333,1.0,40.666666666666664,1.3333333333333333,0.4222222222222222,0.48746147666617845,2016,0.3229130996913129,0.24650519138133303,TEN vs. HOU,HOU,27,1547.9853938919734,6.0,TEN,20,1459.9838184071837,16.0,1,7,-4.0,1,-196.0,176.0,1,0
HOU,4.0,3.0,0.75,11.75,47,12.0,48,-26.474999999999998,-0.1581602085278555,-34.225,0.6329369095816465,1.5017482517482517,1.539481351981352,-0.03773310023310028,2.183215361257454,17.25,69.0,14.0,18.25,73.0,15.0,AFC South,1,-1.0,-4,0.7777777777777778,0.6165,4.9975000000000005,3.8418397914721445,1.25,0.0,0.8222222222222223,53.75,2.0,-3.0,0.42083333333333334,0.53,5.1225000000000005,4.632936909581646,0.25,1.5,1.0,53.75,1.25,0.42083333333333334,0.8167846387425461,2016-10-09,2016,0.3586967284169981,0.29818629990176143,MIN,4.0,4.0,1.0,10.5,42,11.5,46,-3.3999999999999986,-1.6866883116883118,-35.9,-0.3497200263504612,2.1440656565656564,1.0984848484848486,1.045580808080808,3.110037517857534,22.0,88.0,14.0,12.5,50.0,9.0,NFC North,4,9.5,38,0.7222222222222222,0.655,7.66,2.313311688311688,1.0,0.5,0.7916666666666666,63.75,0.25,10.0,0.36607142857142855,0.58325,4.24,3.650279973649539,0.75,0.75,0.8333333333333334,54.0,2.75,0.36607142857142855,0.8899624821424661,2016,0.40749687351187214,0.19026990401783803,HOU vs. MIN,MIN,31,1670.4493152217535,1.0,HOU,13,1585.5850052451865,3.0,1,18,-6.0,1,-250.0,222.0,0,0
IND,5.0,2.0,0.4,10.2,51,10.0,50,-7.920000000000002,0.054352033930981494,2.5199999999999987,0.5201974215129523,2.690909090909091,2.9810101010101007,-0.29010101010101,2.3272140034077,27.4,137.0,27.0,29.6,148.0,26.0,AFC South,1,-2.2,-11,0.4375,0.639,6.824,4.054352033930981,2.0,0.8,1.0,70.2,1.0,0.0,0.39854108309990666,0.6944000000000001,8.422,4.520197421512952,1.4,1.0,0.9099999999999999,85.8,1.0,0.39854108309990666,-0.3272140034077,2016-10-16,2016,0.49476557610977295,0.3819697436455992,HOU,5.0,3.0,0.6,11.6,58,11.4,57,-30.54,-0.08367102396514152,-23.220000000000002,0.22526844658423614,1.4377622377622377,1.9204739704739704,-0.48271173271173284,2.2962993285361004,16.4,82.0,17.0,20.8,104.0,19.0,AFC South,-1,-4.4,-22,0.8333333333333333,0.5836,4.618,3.9163289760348583,1.2,0.0,0.7833333333333333,46.0,1.8,-4.0,0.35205128205128206,0.5706,6.064,4.225268446584236,0.6,1.4,1.0,62.4,1.0,0.35205128205128206,0.7037006714638996,2016,0.33435486694788374,0.31358004476425994,IND vs. HOU,HOU,26,1547.5607357393174,10.0,IND,23,1465.2191343632487,15.0,1,3,-3.0,0,-160.0,144.0,1,0
HOU,8.0,5.0,0.625,11.25,90,11.25,90,-27.8875,0.27644984965312297,-19.387500000000003,0.4661276005437191,1.5655837218337219,1.9091977466977468,-0.3436140248640249,3.6724930299386025,17.125,137.0,29.0,20.875,167.0,32.0,AFC South,1,-3.75,-30,0.710204081632653,0.59825,4.69,4.276449849653123,1.125,0.25,0.8761904761904761,44.125,1.625,-7.0,0.3754613442113442,0.591,6.245,4.466127600543719,0.75,1.25,0.9523809523809524,64.0,0.75,0.3754613442113442,1.3275069700613975,2016-11-13,2016,0.37569125296080635,0.3701114208916177,JAX,8.0,2.0,0.25,11.25,90,11.25,90,-21.424999999999997,0.3908296175806951,-4.374999999999997,-0.11230954585263764,1.7466880341880342,2.428904428904429,-0.6822163947163948,2.7406873033508443,19.125,153.0,28.0,26.875,215.0,44.0,AFC South,-3,-7.75,-62,0.4775510204081632,0.5915,5.68875,4.390829617580695,1.75,0.375,0.6428571428571429,85.625,2.125,-12.0,0.3062572843822844,0.66275,7.161250000000001,3.8876904541473625,1.5,1.125,1.0,64.5,0.625,0.3062572843822844,-0.7406873033508443,2016,0.2823066048696894,0.38251355368411505,HOU vs. JAX,JAX,21,1371.4157484198645,24.0,HOU,24,1583.8343691882,7.0,0,-3,-3.0,0,-156.0,141.0,1,0
HOU,9.0,6.0,0.6666666666666666,11.0,99,11.11111111111111,100,-26.54444444444444,0.4107163646748298,-19.166666666666668,0.3739316045237098,1.6879262712596046,1.9303979970646639,-0.2424717258050592,4.250956607790776,17.88888888888889,161.0,32.0,20.88888888888889,188.0,36.0,AFC South,2,-3.0,-27,0.6526785714285714,0.5894444444444444,4.7122222222222225,4.41071636467483,1.2222222222222223,0.2222222222222222,0.8083333333333333,49.111111111111114,1.4444444444444444,-5.0,0.38559526892860224,0.5978888888888889,6.1,4.37393160452371,0.8888888888888888,1.1111111111111112,0.9583333333333334,62.22222222222222,0.8888888888888888,0.38559526892860224,1.7490433922092237,2016-11-21,2016,0.38604869646542667,0.38996173568836895,LVR,9.0,7.0,0.7777777777777778,11.444444444444445,103,11.555555555555555,104,-3.366666666666665,0.7521483992230626,-6.377777777777778,0.6099149134009993,2.3836404336404335,2.214631047964381,0.16900938567605228,5.036813004045199,27.22222222222222,245.0,44.0,24.77777777777778,223.0,41.0,AFC West,3,2.4444444444444446,22,0.4875,0.6576666666666666,7.313333333333333,4.752148399223063,1.8888888888888888,1.2222222222222223,0.6729166666666666,88.88888888888889,0.6666666666666666,9.0,0.37361527361527364,0.6232222222222222,7.9799999999999995,4.609914913400999,1.8888888888888888,0.8888888888888888,0.9074074074074073,71.0,1.6666666666666667,0.37361527361527364,1.9631869959548007,2016,0.5203670203042192,0.4364216526005842,HOU vs. LVR,LVR,27,1678.547449650088,2.0,HOU,20,1606.579130626554,5.0,1,7,-6.5,1,-253.0,225.0,0,0
LAC,10.0,4.0,0.4,11.4,114,11.4,114,-7.159999999999999,-0.37005052980985786,-12.99,0.11997741886596373,2.6345160395160394,2.454965034965035,0.17955100455100453,5.216927315903257,29.2,292.0,50.0,27.8,278.0,46.0,AFC West,-1,1.4,14,0.4367724867724868,0.6289,7.544,3.6299494701901422,2.0,0.9,0.8666666666666666,43.9,2.2,-3.0,0.42853369669546143,0.635,6.6659999999999995,4.119977418865964,1.6,1.4,0.7770833333333333,63.1,1.9,0.42853369669546143,-1.2169273159032574,2016-11-27,2016,0.3852224861445939,0.31405381006004396,HOU,10.0,6.0,0.6,10.9,109,11.0,110,-25.880000000000003,0.3454023039649226,-15.55,0.08653844407133886,1.7191336441336442,2.0073581973581973,-0.2882245532245533,4.580279769867143,18.1,181.0,36.0,21.5,215.0,41.0,AFC South,-1,-3.4,-34,0.6665784832451499,0.5972,4.767,4.3454023039649226,1.2,0.3,0.8296296296296296,54.3,1.5,-6.0,0.39703574203574205,0.6058,6.49,4.086538444071339,1.1,1.0,0.9629629629629629,58.1,0.9,0.39703574203574205,1.4197202301328566,2016,0.3771650718209017,0.388371390395861,LAC vs. HOU,HOU,13,1566.790570930373,7.0,LAC,21,1475.2072494436586,21.0,0,-8,2.5,0,116.0,-128.0,0,0
HOU,12.0,6.0,0.5,10.833333333333334,130,10.916666666666666,131,-26.549999999999997,0.352650068118917,-11.050000000000002,0.06499286293694195,1.6432595182595182,2.006889406889407,-0.36362988862988876,5.066174414122969,17.25,207.0,41.0,21.416666666666668,257.0,47.0,AFC South,-3,-4.166666666666667,-50,0.6230683457956185,0.5996666666666667,4.74,4.352650068118916,1.1666666666666667,0.3333333333333333,0.8466666666666667,51.083333333333336,1.6666666666666667,-9.0,0.394499481999482,0.6215,6.769166666666667,4.0649928629369425,1.3333333333333333,0.9166666666666666,0.8666666666666666,57.416666666666664,0.9166666666666666,0.394499481999482,0.933825585877031,2016-12-11,2016,0.33992746732112705,0.35680012883983486,IND,12.0,6.0,0.5,10.166666666666666,122,10.25,123,-6.766666666666666,-0.09503900760122148,-1.591666666666668,0.4420339613358804,2.5570496632996633,2.5701178451178452,-0.013068181818181812,5.848337682035691,25.916666666666668,311.0,55.0,25.916666666666668,311.0,56.0,AFC South,1,0.0,0,0.4873475009838646,0.6396666666666667,7.2058333333333335,3.9049609923987787,2.0,0.75,0.8636363636363636,59.333333333333336,1.1666666666666667,-3.0,0.420500176566353,0.64,7.975833333333334,4.442033961335881,1.9166666666666667,0.6666666666666666,0.9060606060606061,71.41666666666667,0.9166666666666666,0.420500176566353,0.15166231796430907,2016,0.4565173685027575,0.4230982993265591,HOU vs. IND,IND,17,1465.2191343632487,15.0,HOU,22,1547.5607357393174,10.0,0,-5,-6.5,0,-270.0,239.0,1,0
JAX,13.0,2.0,0.15384615384615385,11.307692307692308,147,11.0,143,-23.1,0.182870680203327,-5.83076923076923,-0.2173676114843153,1.688409880717573,2.4206067436836665,-0.7321968629660938,4.240189125903242,18.46153846153846,240.0,45.0,26.0,338.0,63.0,AFC South,-8,-7.538461538461538,-98,0.5133146945646946,0.5836923076923077,5.365384615384615,4.182870680203327,1.6153846153846154,0.38461538461538464,0.7363636363636363,76.6923076923077,1.9230769230769231,-17.0,0.3560134247351442,0.6477692307692308,7.16,3.7826323885156845,1.2307692307692308,1.1538461538461537,0.9444444444444445,61.0,0.6153846153846154,0.3560134247351442,-2.2401891259032416,2016-12-18,2016,0.25337074271813403,0.33075206297369325,HOU,13.0,7.0,0.5384615384615384,10.76923076923077,140,10.846153846153847,141,-27.884615384615383,0.3649227645675556,-12.707692307692309,0.1779421298905105,1.6860857091626325,1.9832825294363756,-0.2971968202737434,5.71435583589023,17.615384615384617,229.0,47.0,21.076923076923077,274.0,50.0,AFC South,1,-3.4615384615384617,-45,0.6128126503126503,0.5983846153846154,4.650769230769231,4.364922764567556,1.0769230769230769,0.38461538461538464,0.8606060606060606,56.69230769230769,1.6153846153846154,-7.0,0.39162589547204935,0.6146923076923076,6.616153846153846,4.177942129890511,1.3846153846153846,0.8461538461538461,0.8333333333333333,57.53846153846154,1.0769230769230769,0.39162589547204935,1.2856441641097698,2016,0.3689149866555819,0.36240164113774603,JAX vs. HOU,HOU,21,1583.8343691882,7.0,JAX,20,1371.4157484198645,24.0,1,1,-3.5,0,-185.0,166.0,1,0
HOU,15.0,9.0,0.6,10.933333333333334,164,10.933333333333334,164,-28.220000000000002,0.21671442463238327,-16.533333333333335,0.019655109063003835,1.6416938616938619,1.8956125356125357,-0.253918673918674,6.849607356580495,17.466666666666665,262.0,55.0,20.266666666666666,304.0,55.0,AFC South,3,-2.8,-42,0.5617672010529153,0.6011333333333333,4.696,4.216714424632383,0.9333333333333333,0.4666666666666667,0.882051282051282,55.53333333333333,1.5333333333333334,-7.0,0.37750434750434747,0.6068666666666667,6.180666666666667,4.019655109063004,1.2666666666666666,0.8,0.8205128205128205,59.93333333333333,1.0666666666666667,0.37750434750434747,2.1503926434195053,2017-01-01,2016,0.3834437379626312,0.36108601438539545,TEN,15.0,8.0,0.5333333333333333,10.8,162,10.466666666666667,157,-5.6800000000000015,0.5714312730952161,-13.606666666666666,-0.02162959745568438,2.195167055167055,2.3485425685425687,-0.15337551337551336,7.286676468198847,23.8,357.0,64.0,24.066666666666666,361.0,59.0,AFC South,-1,-0.26666666666666666,-4,0.4415380254665969,0.6112,7.740666666666667,4.571431273095216,1.8666666666666667,1.0,0.8928571428571429,64.13333333333334,1.1333333333333333,0.0,0.44690032190032186,0.6178666666666667,6.776,3.9783704025443156,1.6,0.6,0.9102564102564101,77.06666666666666,1.1333333333333333,0.44690032190032186,0.7133235318011533,2016,0.4138488502202773,0.36861405026593125,HOU vs. TEN,TEN,24,1459.9838184071837,16.0,HOU,17,1547.9853938919734,6.0,1,7,-3.0,1,-164.0,148.0,1,0
LVR,16.0,12.0,0.75,11.4375,183,11.5,184,-6.124999999999998,0.3132844744539927,-10.850000000000001,0.43900411690254026,2.3061022311022312,2.1318126318126316,0.17428959928959925,8.546860514359876,26.0,416.0,75.0,24.0625,385.0,67.0,AFC West,-1,1.9375,31,0.512004662004662,0.6346875,7.140625,4.313284474453993,1.8125,1.0625,0.7987179487179487,77.9375,0.875,16.0,0.3757131757131757,0.6111875,7.446875,4.43900411690254,1.6875,1.125,0.9047619047619048,66.375,1.875,0.3757131757131757,3.453139485640124,2017-01-07,2016,0.49828738436578185,0.41995935650064137,HOU,16.0,9.0,0.5625,10.875,174,10.8125,173,-28.0,0.0838515912746775,-17.28125,-0.009590576632744235,1.6453379953379954,1.9438034188034188,-0.29846542346542354,7.1559504118892665,17.4375,279.0,58.0,20.5,328.0,58.0,AFC South,-1,-3.0625,-49,0.5598716098716099,0.5974375,4.745,4.083851591274677,0.9375,0.5,0.8547619047619047,54.25,1.5,-7.0,0.3664103257853258,0.607375,6.05375,3.9904094233672556,1.25,0.8125,0.8333333333333333,59.3125,1.0625,0.3664103257853258,1.8440495881107335,2016,0.3717510330856403,0.35294612576243595,LVR vs. HOU,HOU,27,1501.589532454676,11.0,LVR,14,1660.531325656937,3.0,1,13,-4.0,1,-208.0,186.0,0,1
HOU,1.0,10.0,10.0,11.058823529411764,188,11.117647058823529,189,-26.935294117647057,0.008063529755846207,-20.50588235294118,-0.06504883402969766,1.6619987855281972,1.8809326294620412,-0.218933843933844,7.981810671765061,18.0,306.0,63.0,20.11764705882353,342.0,60.0,AFC South,1,-2.1176470588235294,-36,0.5717546342546342,0.5952352941176471,4.908235294117647,4.008063529755846,0.9411764705882353,0.5882352941176471,0.8644444444444445,54.88235294117647,1.411764705882353,-4.0,0.3605430517195223,0.5951764705882353,5.728823529411764,3.9349511659703023,1.2352941176470589,0.8235294117647058,0.8333333333333333,59.529411764705884,1.1764705882352942,0.3605430517195223,2.0181893282349392,2017-01-14,2016,1.0114145089297935,0.6406950248364887,NWE,16.0,14.0,0.875,10.625,170,10.625,170,7.3,-0.10469666094230196,-17.93125,-0.22639966393891842,2.6074252136752136,1.5366465132090132,1.0707787004662004,11.717494228260794,27.5625,441.0,78.0,15.625,250.0,48.0,AFC East,7,11.9375,191,0.4348183298183298,0.667625,8.785,3.895303339057698,2.0,1.1875,0.8154761904761905,51.1875,0.6875,12.0,0.45771104916325506,0.6070625,6.025625,3.7736003360610817,1.3125,0.375,0.7384615384615384,58.125,1.4375,0.45771104916325506,2.2825057717392063,2016,0.5242777390425213,0.30498539597186836,HOU vs. NWE,NWE,27,1585.9935000197115,1.0,HOU,0,1600.0,1.0,1,27,-1.0,1,-117.0,106.0,0,0
LAC,2.0,1.0,0.5,11.0,22,11.5,23,14.500000000000007,0.5647321428571428,-14.0,1.3205741626794256,2.9545454545454546,2.0113636363636362,0.9431818181818181,1.297532004270165,32.5,65.0,11.0,23.5,47.0,8.0,AFC West,1,9.0,18,0.0,0.687,9.255,4.564732142857142,2.5,1.5,0.8333333333333333,26.5,0.5,3.0,0.5025641025641026,0.6639999999999999,6.074999999999999,5.320574162679426,2.0,1.0,0.5,69.5,2.0,0.5025641025641026,-0.297532004270165,2016-09-25,2016,0.42561699893245875,0.12216834708344956,IND,2.0,0.0,0.0,10.0,20,9.5,19,-10.25,0.1340852130325818,3.1999999999999957,0.5779569892473115,2.75,3.8388888888888886,-1.0888888888888888,0.6576218125468422,27.5,55.0,10.0,36.5,73.0,11.0,AFC South,-2,-9.0,-18,1.0,0.5925,6.58,4.134085213032582,2.5,0.5,1.0,69.5,1.0,-1.0,0.4955357142857143,0.7310000000000001,8.375,4.577956989247312,1.5,1.5,0.9,62.0,0.5,0.4955357142857143,-0.6576218125468422,2016,0.3355945468632895,0.09910947531538783,LAC vs. IND,IND,26,1414.0064999802885,25.0,LAC,22,1500.0,9.0,1,4,-1.5,1,-127.0,115.0,0,0
IND,3.0,1.0,0.3333333333333333,10.0,30,9.666666666666666,29,-10.300000000000002,-0.05163549900391976,-0.7666666666666705,-0.22253847775669433,2.6999999999999997,3.2925925925925927,-0.5925925925925926,1.255328377851166,27.0,81.0,15.0,31.666666666666668,95.0,15.0,AFC South,1,-4.666666666666667,-14,0.75,0.6113333333333334,7.016666666666666,3.9483645009960804,2.0,1.0,1.0,68.33333333333333,1.3333333333333333,0.0,0.4044312169312169,0.7096666666666667,8.276666666666667,3.7774615222433057,1.0,1.3333333333333333,0.9333333333333332,68.0,1.3333333333333333,0.4044312169312169,-0.2553283778511659,2016-10-02,2016,0.45744527035813903,0.3008054520946266,JAX,3.0,0.0,0.0,11.0,33,11.0,33,-27.3,-0.5318015318015318,-3.233333333333332,-0.03203463203463238,1.7119917119917119,2.6386946386946386,-0.9267029267029266,0.9263638946181052,18.0,54.0,10.0,28.0,84.0,16.0,AFC South,-3,-10.0,-30,0.5,0.6223333333333333,4.783333333333333,3.468198468198468,1.6666666666666667,0.3333333333333333,0.5,82.33333333333333,2.3333333333333335,-3.0,0.2744949494949495,0.6643333333333333,7.080000000000001,3.9679653679653675,2.0,1.0,1.0,35.0,1.3333333333333333,0.2744949494949495,-0.9263638946181052,2016,0.2094581924628177,0.17351694632434667,IND vs. JAX,JAX,30,1374.472329358533,29.0,IND,27,1476.135291917265,16.0,1,3,-1.0,1,-106.0,-104.0,1,0
IND,6.0,2.0,0.3333333333333333,10.5,63,10.166666666666666,61,-9.233333333333334,0.21716836160915123,0.31666666666666526,0.7073073750703175,2.561868686868687,2.878114478114478,-0.31624579124579116,2.7550789419379536,26.666666666666668,160.0,32.0,29.0,174.0,31.0,AFC South,-1,-2.3333333333333335,-14,0.47000000000000003,0.6418333333333334,6.760000000000001,4.2171683616091515,1.8333333333333333,0.8333333333333334,1.0,65.5,1.0,0.0,0.3916413787737317,0.6855000000000001,8.091666666666667,4.707307375070317,1.5,1.0,0.9249999999999999,81.33333333333333,1.0,0.3916413787737317,-0.7550789419379536,2016-10-23,2016,0.4440144811057817,0.3595424939888619,TEN,6.0,3.0,0.5,10.666666666666666,64,10.333333333333334,62,-11.150000000000004,0.8280331736475418,-22.98333333333333,-0.057286059351276654,1.8964646464646464,2.051851851851852,-0.1553872053872054,2.6839175996517595,20.0,120.0,21.0,21.166666666666668,127.0,21.0,AFC South,2,-1.1666666666666667,-7,0.4833333333333333,0.6215,6.8566666666666665,4.828033173647541,1.6666666666666667,0.8333333333333334,0.75,65.33333333333333,1.5,-3.0,0.4294261294261294,0.6135,5.901666666666666,3.9427139406487233,1.0,0.5,0.8888888888888888,74.33333333333333,1.0,0.4294261294261294,0.31608240034824053,2016,0.3454107562690444,0.3001014258261103,IND vs. TEN,TEN,26,1499.3541519043613,14.0,IND,34,1426.8520547539429,22.0,0,-8,-4.0,0,-195.0,175.0,1,0
KAN,6.0,4.0,0.6666666666666666,10.333333333333334,62,11.0,66,-3.766666666666668,0.45109649122807016,-12.983333333333334,0.5396034725078845,2.3506054131054133,1.9014180264180265,0.4491873866873867,3.4772672561573734,22.666666666666668,136.0,23.0,20.5,123.0,22.0,AFC West,2,2.1666666666666665,13,0.6733333333333333,0.6901666666666667,7.383333333333333,4.45109649122807,1.1666666666666667,0.8333333333333334,0.7777777777777777,43.666666666666664,1.1666666666666667,7.0,0.3967463908640379,0.6596666666666667,6.4383333333333335,4.539603472507885,1.8333333333333333,0.5,0.7416666666666667,42.833333333333336,2.3333333333333335,0.3967463908640379,0.5227327438426266,2016-10-30,2016,0.403287239538657,0.3068184857690348,IND,7.0,3.0,0.42857142857142855,10.285714285714286,72,10.142857142857142,71,-4.800000000000002,0.09685859566498678,-0.7285714285714298,0.6674879541419048,2.7355699855699855,2.8383838383838382,-0.10281385281385279,3.408879122263227,27.714285714285715,194.0,37.0,28.571428571428573,200.0,36.0,AFC South,1,-0.8571428571428571,-6,0.47500000000000003,0.649,7.262857142857143,4.096858595664987,2.0,0.7142857142857143,1.0,74.85714285714286,0.8571428571428571,1.0,0.3928354675203415,0.6725714285714286,7.890000000000001,4.6674879541419045,1.5714285714285714,1.0,0.9357142857142857,75.14285714285714,1.0,0.3928354675203415,-0.40887912226322687,2016,0.4838719691989297,0.4049906470795248,KAN vs. IND,IND,14,1487.1370847723958,17.0,KAN,30,1604.2695693904975,5.0,0,-16,3.0,0,126.0,-139.0,0,0
TEN,10.0,5.0,0.5,11.0,110,10.5,105,0.959999999999998,0.7551782907776536,-13.02,0.20359456485543448,2.3783566433566437,2.465238095238095,-0.08688145188145187,4.990140198728222,26.4,264.0,46.0,25.1,251.0,40.0,AFC South,1,1.3,13,0.43981481481481477,0.6519,8.283,4.755178290777653,2.2,1.1,0.8333333333333334,60.6,1.3,-3.0,0.47311022311022305,0.6293,6.723999999999999,4.203594564855434,1.6,0.5,0.9259259259259258,86.6,1.0,0.47311022311022305,0.009859801271778323,2016-11-20,2016,0.41859413714409255,0.34323275433416295,IND,9.0,4.0,0.4444444444444444,10.444444444444445,94,10.444444444444445,94,-9.555555555555555,0.07930271726324367,0.01111111111111048,0.6707708995719256,2.601739618406285,2.7480359147025815,-0.14629629629629626,4.15270026613457,26.555555555555557,239.0,43.0,28.444444444444443,256.0,47.0,AFC South,1,-1.8888888888888888,-17,0.5110119047619047,0.6361111111111111,6.796666666666667,4.079302717263244,1.8888888888888888,0.7777777777777778,1.0,67.11111111111111,1.1111111111111112,-2.0,0.39528228670385535,0.6581111111111111,7.989999999999999,4.6707708995719255,1.8888888888888888,0.7777777777777778,0.8851851851851852,65.66666666666667,0.8888888888888888,0.39528228670385535,-0.15270026613456977,2016,0.4496854474659734,0.4359610963258572,TEN vs. IND,IND,24,1426.8520547539429,22.0,TEN,17,1499.3541519043613,14.0,1,7,-3.0,1,-140.0,127.0,1,0
PIT,10.0,5.0,0.5,10.8,108,10.8,108,-8.34,0.15302091183670133,-6.369999999999999,0.07110353495951878,2.3153823953823953,2.024857364857365,0.2905250305250305,5.417690027306935,23.8,238.0,40.0,21.5,215.0,41.0,AFC North,1,2.3,23,0.5837301587301587,0.6441,6.994,4.153020911836701,2.1,0.7,0.8238095238095238,64.9,1.0,2.0,0.41156066972243444,0.6566,7.449000000000001,4.071103534959518,1.2,1.0,0.8444444444444444,62.2,1.2,0.41156066972243444,-0.41769002730693483,2016-11-24,2016,0.3549003693590024,0.32580991563001455,IND,10.0,5.0,0.5,10.3,103,10.4,104,-9.3,-0.05719898303450925,0.23999999999999916,0.5629530688739923,2.6082323232323232,2.643232323232323,-0.03499999999999999,4.846357210825798,26.3,263.0,47.0,27.3,273.0,50.0,AFC South,2,-1.0,-10,0.5097883597883598,0.6261,6.9959999999999996,3.942801016965491,1.9,0.8,0.9444444444444444,67.4,1.1,-3.0,0.39742072470013645,0.6580999999999999,7.965000000000001,4.562953068873992,1.9,0.7,0.8966666666666667,70.0,0.8,0.39742072470013645,0.15364278917420204,2016,0.46332156416620146,0.44007898024875974,PIT vs. IND,IND,7,1557.9801218747627,12.0,PIT,28,1439.8022972167896,12.0,0,-21,8.0,0,346.0,-400.0,0,0
IND,11.0,5.0,0.45454545454545453,10.090909090909092,111,10.181818181818182,112,-11.636363636363637,-0.05595164465587799,3.9545454545454533,0.6120889967819992,2.450665748393021,2.7211202938475663,-0.27045454545454545,4.882428585862249,24.545454545454547,270.0,48.0,27.363636363636363,301.0,54.0,AFC South,-1,-2.8181818181818183,-31,0.5088095238095238,0.6257272727272727,6.726363636363636,3.944048355344122,1.8181818181818181,0.7272727272727273,0.85,62.18181818181818,1.1818181818181819,-5.0,0.4097764163940635,0.6589090909090909,8.457272727272727,4.612088996781999,2.0,0.7272727272727273,0.8966666666666667,69.72727272727273,0.7272727272727273,0.4097764163940635,0.11757141413775063,2016-12-05,2016,0.4370544044869878,0.4434649808144793,NYJ,11.0,3.0,0.2727272727272727,10.727272727272727,118,9.909090909090908,109,-23.07272727272727,0.2875727953361063,-5.436363636363637,-0.6156675776064322,1.686835891381346,2.5176961926961927,-0.8308603013148468,3.7706477107304437,17.818181818181817,196.0,37.0,24.181818181818183,266.0,45.0,AFC East,-3,-6.363636363636363,-70,0.4420238095238095,0.5844545454545454,5.762727272727273,4.287572795336106,1.0909090909090908,0.7272727272727273,0.875,50.63636363636363,2.0,-13.0,0.3775746980292434,0.6469090909090909,7.387272727272728,3.384332422393568,1.6363636363636365,0.5454545454545454,0.95,46.18181818181818,0.8181818181818182,0.3775746980292434,-0.7706477107304437,2016,0.2915917062426607,0.34638936865482073,IND vs. NYJ,NYJ,10,1330.4716569072384,27.0,IND,41,1491.5998637765665,19.0,0,-31,-1.0,0,-123.0,111.0,0,0
IND,13.0,6.0,0.46153846153846156,10.153846153846153,132,10.23076923076923,133,-8.753846153846153,0.030220403239898105,-4.846153846153848,0.44743097369090645,2.491122766122766,2.541647241647242,-0.05052447552447554,6.200156260268431,25.23076923076923,328.0,58.0,25.615384615384617,333.0,62.0,AFC South,-1,-0.38461538461538464,-5,0.48840187590187584,0.6314615384615384,7.019230769230769,4.030220403239898,2.0,0.6923076923076923,0.8333333333333334,59.30769230769231,1.3076923076923077,-5.0,0.4202052911894541,0.6356153846153846,7.6376923076923084,4.447430973690906,1.7692307692307692,0.6923076923076923,0.9138888888888889,75.46153846153847,0.9230769230769231,0.4202052911894541,-0.20015626026843059,2016-12-18,2016,0.43262875110980825,0.42312915665896894,MIN,13.0,7.0,0.5384615384615384,10.0,130,10.76923076923077,140,-4.953846153846154,-0.9652284962902022,-23.684615384615384,0.22386069893420463,2.0421911421911423,1.6416472416472416,0.40054390054390054,7.152440655469003,19.846153846153847,258.0,44.0,17.307692307692307,225.0,45.0,NFC North,1,2.5384615384615383,33,0.5649771524771524,0.6976923076923077,6.8961538461538465,3.034771503709798,1.0769230769230769,0.6153846153846154,0.8888888888888888,59.23076923076923,0.7692307692307693,12.0,0.36801528431083086,0.5920769230769231,5.331538461538462,4.223860698934205,1.1538461538461537,0.46153846153846156,0.8972222222222221,53.84615384615385,1.6923076923076923,0.36801528431083086,-0.15244065546900298,2016,0.33449266932506744,0.29293415961752467,IND vs. MIN,MIN,6,1470.9467826453374,13.0,IND,34,1459.26637149487,19.0,0,-28,-5.0,0,-239.0,213.0,0,0
IND,14.0,7.0,0.5,10.142857142857142,142,10.142857142857142,142,-6.299999999999999,0.029847517294191123,-5.907142857142858,0.39959860255425433,2.5560425685425687,2.407720057720058,0.1483225108225108,7.184029300944597,25.857142857142858,362.0,64.0,24.214285714285715,339.0,64.0,AFC South,1,1.6428571428571428,23,0.4922526191756961,0.6399285714285714,7.257857142857143,4.029847517294192,2.0,0.7857142857142857,0.8461538461538461,59.0,1.2142857142857142,-2.0,0.428652165994603,0.6446428571428572,7.437142857142858,4.399598602554255,1.6428571428571428,0.6428571428571429,0.9205128205128206,72.0,1.0714285714285714,0.428652165994603,-0.18402930094459702,2016-12-24,2016,0.4447797408146609,0.4125865818609385,LVR,14.0,11.0,0.7857142857142857,11.428571428571429,160,11.5,161,-6.414285714285713,0.269598279684872,-11.535714285714286,0.5142189907457603,2.3668640882926595,2.1259177330605903,0.24094635523206948,7.851981039768107,26.928571428571427,377.0,69.0,24.0,336.0,59.0,AFC West,1,2.9285714285714284,41,0.5112874305181998,0.6324285714285713,7.192857142857143,4.269598279684872,1.7857142857142858,1.0714285714285714,0.7987179487179487,73.5,0.7857142857142857,15.0,0.37354233068518783,0.6067142857142857,7.392857142857143,4.51421899074576,1.6428571428571428,1.1428571428571428,0.9305555555555555,71.21428571428571,1.8571428571428572,0.37354233068518783,3.1480189602318926,2016,0.5282202269000004,0.4226855007336654,IND vs. LVR,LVR,33,1720.9661519651293,3.0,IND,25,1510.9466847817157,17.0,1,8,-3.5,1,-174.0,157.0,0,0
JAX,15.0,3.0,0.2,11.266666666666667,169,11.2,168,-23.513333333333332,0.048487922842883405,-9.713333333333333,-0.3584927901681271,1.8148037148037148,2.29999592999593,-0.48519221519221517,5.581923184111999,19.866666666666667,298.0,55.0,25.066666666666666,376.0,71.0,AFC South,1,-5.2,-78,0.5192618889047461,0.5806,5.374666666666667,4.048487922842884,1.5333333333333334,0.4666666666666667,0.7769230769230769,75.53333333333333,1.8,-16.0,0.34615180571062926,0.6343333333333334,6.818,3.641507209831873,1.2,1.0666666666666667,0.9523809523809524,60.86666666666667,0.7333333333333333,0.34615180571062926,-2.581923184111999,2017-01-01,2016,0.2694257297332702,0.32169978330478094,IND,15.0,7.0,0.4666666666666667,10.133333333333333,152,10.133333333333333,152,-6.393333333333333,0.04452434947457838,-4.253333333333334,0.48467040742901574,2.5523063973063973,2.467205387205387,0.0851010101010101,7.52522120138928,25.8,387.0,68.0,24.8,372.0,69.0,AFC South,-1,1.0,15,0.5132141667855954,0.6409333333333334,7.321333333333333,4.044524349474579,2.0,0.8,0.8571428571428571,56.53333333333333,1.3333333333333333,-5.0,0.4334086882616294,0.6467333333333334,7.555333333333334,4.484670407429016,1.7333333333333334,0.7333333333333333,0.9205128205128206,73.4,1.0,0.4334086882616294,-0.5252212013892796,2016,0.4317039290813724,0.4077893583790087,JAX vs. IND,IND,24,1476.135291917265,16.0,JAX,20,1374.472329358533,29.0,1,4,-5.5,0,-250.0,222.0,1,0
JAX,1.0,0.0,0.0,9.0,9,9.0,9,-16.700000000000003,-2.1538461538461533,-4.900000000000006,-0.20000000000000018,2.5555555555555554,3.0,-0.44444444444444464,0.40612398335648026,23.0,23.0,5.0,27.0,27.0,5.0,AFC South,-1,-4.0,-4,0.5,0.615,7.05,1.8461538461538465,1.0,1.0,1.0,79.0,1.0,-1.0,0.26666666666666666,0.588,7.03,3.8,2.0,1.0,1.0,24.0,0.0,0.26666666666666666,-0.40612398335648026,2016-09-18,2016,0.329931120357511,-0.2256244351980446,LAC,1.0,0.0,0.0,11.0,11,12.0,12,-3.799999999999997,0.84375,-5.0,0.36842105263157876,2.4545454545454546,2.75,-0.2954545454545454,0.38329412863305845,27.0,27.0,5.0,33.0,33.0,6.0,AFC West,-1,-6.0,-6,0.5,0.6940000000000001,7.03,4.84375,1.0,2.0,0.6666666666666666,30.0,0.0,1.0,0.4666666666666667,0.708,6.77,4.368421052631579,2.0,2.0,1.0,46.0,1.0,0.4666666666666667,-0.38329412863305845,2016,0.28032085062133705,-0.19164706431652923,JAX vs. LAC,LAC,38,1450.0,17.0,JAX,14,1450.0,17.0,1,24,-3.0,1,-145.0,131.0,0,0
LVR,6.0,4.0,0.6666666666666666,11.0,66,11.166666666666666,67,-1.9833333333333318,0.6884901166944511,3.099999999999999,0.7331594071385359,2.3054390054390055,2.50998075998076,-0.20454175454175458,2.836713124492029,25.333333333333332,152.0,26.0,27.166666666666668,163.0,29.0,AFC West,-1,-1.8333333333333333,-11,0.45,0.6623333333333333,7.383333333333333,4.688490116694451,2.0,1.0,0.6599999999999999,68.5,0.8333333333333334,5.0,0.362010212010212,0.6813333333333333,9.056666666666667,4.733159407138536,2.0,1.1666666666666667,0.8611111111111112,58.166666666666664,1.6666666666666667,0.362010212010212,1.1632868755079708,2016-10-23,2016,0.4703168150586042,0.44461522236251527,JAX,5.0,2.0,0.4,10.8,54,11.0,55,-20.740000000000002,-0.44114988459816046,-10.159999999999998,-0.18573929773929798,1.9126495726495727,2.365034965034965,-0.4523853923853924,2.024326063446491,20.2,101.0,19.0,25.4,127.0,25.0,AFC South,2,-5.2,-26,0.3833333333333333,0.6098,5.736,3.5588501154018397,1.6,0.6,0.7,88.4,1.8,-4.0,0.2592424242424242,0.6496000000000001,6.340000000000001,3.8142607022607025,1.6,1.0,1.0,54.0,1.0,0.2592424242424242,-0.02432606344649102,2016,0.35014001775746917,0.3614249033230462,LVR vs. JAX,JAX,16,1480.5600833024207,20.0,LVR,33,1555.1543019742044,4.0,0,-17,-1.5,0,-123.0,111.0,0,0
JAX,6.0,2.0,0.3333333333333333,11.0,66,11.166666666666666,67,-24.25,0.05945842950153294,-10.899999999999997,-0.11556706184157184,1.816096866096866,2.429195804195804,-0.6130989380989381,2.176753519415191,19.5,117.0,23.0,26.666666666666668,160.0,32.0,AFC South,-1,-7.166666666666667,-43,0.44000000000000006,0.5973333333333334,5.435,4.059458429501533,1.5,0.5,0.75,94.0,2.0,-7.0,0.2673174048174048,0.645,6.275000000000001,3.884432938158428,1.5,1.1666666666666667,1.0,64.5,0.8333333333333334,0.2673174048174048,-0.17675351941519102,2016-10-27,2016,0.3382188612460874,0.3839400183550096,TEN,7.0,3.0,0.42857142857142855,10.571428571428571,74,10.142857142857142,71,-10.55714285714286,0.7709672100652399,-16.585714285714285,-0.13838805087252284,1.9969696969696968,2.2984126984126982,-0.30144300144300146,3.0301174193264866,20.857142857142858,146.0,26.0,23.0,161.0,26.0,AFC South,-1,-2.142857142857143,-15,0.4583333333333333,0.6177142857142857,6.831428571428572,4.77096721006524,1.7142857142857142,0.8571428571428571,0.7857142857142857,61.42857142857143,1.4285714285714286,-4.0,0.45379382522239664,0.6247142857142858,6.527142857142857,3.8616119491274774,1.2857142857142858,0.42857142857142855,0.9047619047619048,82.42857142857143,0.8571428571428571,0.45379382522239664,-0.030117419326486594,2016,0.3498396662114119,0.31230774063885586,JAX vs. TEN,TEN,36,1439.0691218859083,17.0,JAX,22,1441.1330940828498,25.0,1,14,-3.0,1,-144.0,130.0,1,0
JAX,7.0,2.0,0.2857142857142857,11.0,77,11.142857142857142,78,-21.3,0.102912420092223,-2.7142857142857113,0.040477402142440076,1.8423687423687423,2.5497002997003,-0.7073315573315574,2.4141205525792584,19.857142857142858,139.0,26.0,28.0,196.0,39.0,AFC South,-2,-8.142857142857142,-57,0.4380952380952381,0.5992857142857143,5.668571428571428,4.102912420092223,1.7142857142857142,0.42857142857142855,0.75,91.28571428571429,1.8571428571428572,-8.0,0.2950632700632701,0.6708571428571428,7.365714285714286,4.04047740214244,1.5714285714285714,1.2857142857142858,1.0,63.0,0.7142857142857143,0.2950632700632701,-0.4141205525792584,2016-11-06,2016,0.3176862071112046,0.3989913891014816,KAN,7.0,5.0,0.7142857142857143,10.571428571428571,74,11.142857142857142,78,-1.6285714285714294,0.28083402951824,-14.714285714285714,0.6053744050067582,2.3719474969474965,1.7964535464535465,0.5754939504939506,4.3361779547155725,23.714285714285715,166.0,29.0,19.571428571428573,137.0,24.0,AFC West,3,4.142857142857143,29,0.6325396825396825,0.6787142857142856,7.701428571428571,4.28083402951824,1.4285714285714286,0.7142857142857143,0.7738095238095237,43.142857142857146,1.0,9.0,0.4025683350263182,0.6429999999999999,6.2,4.605374405006758,1.8571428571428572,0.42857142857142855,0.7416666666666667,43.142857142857146,2.2857142857142856,0.4025683350263182,0.6638220452844275,2016,0.4290556743499004,0.2929152547377771,JAX vs. KAN,KAN,19,1638.0237342873288,5.0,JAX,14,1390.8360681011025,23.0,1,5,-7.0,0,-300.0,264.0,0,0
MIN,12.0,6.0,0.5,10.083333333333334,121,10.833333333333334,130,-5.908333333333334,-0.9565837445442709,-24.724999999999998,0.2807102016231661,1.980892255892256,1.6451178451178452,0.3357744107744108,6.410189805556645,19.416666666666668,233.0,38.0,17.416666666666668,209.0,41.0,NFC North,-2,2.0,24,0.601187196641742,0.6970000000000001,6.7058333333333335,3.0434162554557296,1.0833333333333333,0.5833333333333334,0.8787878787878788,56.416666666666664,0.75,13.0,0.375955951942794,0.5895833333333333,5.2124999999999995,4.280710201623166,1.1666666666666667,0.5,0.9242424242424242,48.833333333333336,1.8333333333333333,0.375955951942794,-0.4101898055566453,2016-12-11,2016,0.30331459186559745,0.27832193459754967,JAX,12.0,2.0,0.16666666666666666,11.416666666666666,137,11.166666666666666,134,-24.09166666666667,0.2363043479980487,-6.858333333333332,-0.14640111933789332,1.695777370777371,2.390842490842491,-0.6950651200651201,3.9824399758155993,18.666666666666668,224.0,41.0,26.083333333333332,313.0,57.0,AFC South,-7,-7.416666666666667,-89,0.5145251213433032,0.5805,5.2491666666666665,4.236304347998049,1.6666666666666667,0.4166666666666667,0.75,73.58333333333333,2.0833333333333335,-18.0,0.34922287679640623,0.6429166666666667,6.991666666666667,3.8535988806621067,1.25,1.1666666666666667,0.9393939393939394,58.333333333333336,0.5833333333333334,0.34922287679640623,-1.9824399758155993,2016,0.24982965997053555,0.31965231429011864,MIN vs. JAX,JAX,16,1282.2674810193953,29.0,MIN,25,1442.499218822075,14.0,0,-9,3.0,0,153.0,-170.0,0,0
TEN,14.0,8.0,0.5714285714285714,10.714285714285714,150,10.428571428571429,146,-3.728571428571429,0.690819221173446,-15.450000000000001,0.04825400272605245,2.250774225774226,2.269542362399505,-0.01876813662527946,7.157286530953209,24.285714285714285,340.0,61.0,23.071428571428573,323.0,52.0,AFC South,3,1.2142857142857142,17,0.46451347797501646,0.6207857142857142,7.968571428571429,4.690819221173446,1.8571428571428572,1.0714285714285714,0.8846153846153846,65.21428571428571,1.1428571428571428,0.0,0.45331156938299794,0.6125714285714287,6.5807142857142855,4.048254002726052,1.5714285714285714,0.5714285714285714,0.9027777777777777,79.35714285714286,1.1428571428571428,0.45331156938299794,0.8427134690467906,2016-12-24,2016,0.43114548648183537,0.35216296496596533,JAX,14.0,2.0,0.14285714285714285,11.285714285714286,158,11.142857142857142,156,-26.064285714285713,0.12337991733166079,-8.049999999999999,-0.30552798946585036,1.697679304822162,2.363090877376592,-0.6654115725544296,4.7113131213576365,18.571428571428573,260.0,48.0,25.642857142857142,359.0,68.0,AFC South,-9,-7.071428571428571,-99,0.515249067172144,0.5726428571428571,5.079285714285715,4.12337991733166,1.5,0.42857142857142855,0.7583333333333333,77.71428571428571,1.8571428571428572,-16.0,0.3470674108804361,0.6455714285714286,6.9799999999999995,3.6944720105341498,1.1428571428571428,1.1428571428571428,0.9487179487179488,61.714285714285715,0.7142857142857143,0.3470674108804361,-2.7113131213576365,2016,0.24496246391267334,0.3203437306537,TEN vs. JAX,JAX,38,1441.1330940828498,25.0,TEN,17,1439.0691218859083,17.0,1,21,4.0,1,175.0,-195.0,1,0
NYJ,2.0,1.0,0.5,10.0,20,9.5,19,-3.5500000000000043,0.24166666666666647,10.700000000000003,-0.23684210526315796,2.95,2.8722222222222222,0.07777777777777795,1.0770085665962377,29.5,59.0,12.0,27.0,54.0,9.0,AFC East,1,2.5,5,0.0,0.6244999999999999,8.350000000000001,4.241666666666666,1.5,1.5,0.875,72.5,1.0,0.0,0.47435897435897434,0.69,10.18,3.763157894736842,2.0,0.5,0.875,51.5,1.0,0.47435897435897434,-0.07700856659623767,2016-09-25,2016,0.5768974300211287,0.21860323422720684,KAN,2.0,1.0,0.5,12.5,25,12.0,24,-19.25,1.3157894736842106,-18.4,-0.15165441176470584,1.8365384615384617,1.958041958041958,-0.12150349650349646,0.8684952421097205,22.5,45.0,10.0,23.0,46.0,10.0,AFC West,-1,-0.5,-1,1.0,0.6245,5.71,5.315789473684211,1.0,1.0,1.0,61.5,2.0,-2.0,0.2857142857142857,0.635,6.305,3.8483455882352944,1.0,1.0,0.7333333333333334,37.0,1.0,0.2857142857142857,0.1315047578902795,2016,0.4263009515780559,0.23573015789380825,NYJ vs. KAN,KAN,24,1500.0,9.0,NYJ,3,1500.0,9.0,1,21,-3.0,1,-166.0,150.0,0,0
KAN,3.0,2.0,0.6666666666666666,11.0,33,12.0,36,-11.766666666666666,0.43274853801169594,-39.53333333333333,0.3382909982174689,2.2243589743589745,1.3886946386946386,0.8356643356643357,1.8613082989367145,23.0,69.0,12.0,16.333333333333332,49.0,11.0,AFC West,1,6.666666666666667,20,0.75,0.669,6.239999999999999,4.432748538011696,1.0,0.6666666666666666,1.0,60.666666666666664,1.6666666666666667,5.0,0.34603174603174597,0.5750000000000001,3.5833333333333335,4.338290998217469,0.6666666666666666,0.6666666666666666,0.8222222222222223,29.666666666666668,3.3333333333333335,0.34603174603174597,0.13869170106328554,2016-10-02,2016,0.3804474789167619,0.21782971029348283,PIT,3.0,2.0,0.6666666666666666,11.0,33,11.333333333333334,34,-17.366666666666667,-0.2518518518518517,-5.699999999999998,-0.2314814814814814,2.051851851851852,2.0814814814814815,-0.029629629629629523,1.6124252925147946,21.666666666666668,65.0,11.0,22.0,66.0,14.0,AFC North,-1,-0.3333333333333333,-1,1.0,0.5963333333333334,6.07,3.7481481481481485,2.0,0.6666666666666666,0.8333333333333334,70.66666666666667,1.6666666666666667,-1.0,0.4727527374586198,0.6713333333333332,7.903333333333333,3.7685185185185186,1.0,1.0,1.0,61.666666666666664,1.3333333333333333,0.4727527374586198,0.3875747074852054,2016,0.37639718972057834,0.32770633239993013,KAN vs. PIT,PIT,43,1547.9853938919734,6.0,KAN,14,1550.0,6.0,1,29,-3.0,1,-177.0,159.0,0,0
KAN,4.0,2.0,0.5,11.25,45,11.75,47,-13.925,0.5328947368421052,-17.025,0.6864105563554094,1.9599358974358976,2.0187937062937062,-0.05885780885780878,1.9267155098943467,20.75,83.0,14.0,23.0,92.0,17.0,AFC West,-1,-2.25,-9,0.7222222222222222,0.65175,6.005,4.532894736842105,1.25,0.5,0.75,55.5,1.75,3.0,0.37717086834733893,0.635,6.27,4.686410556355409,1.75,0.75,0.8222222222222223,39.25,2.5,0.37717086834733893,0.0732844901056533,2016-10-16,2016,0.31681101589710636,0.2779033847435963,LVR,5.0,4.0,0.8,11.2,56,11.6,58,1.5000000000000029,0.8732469635627531,2.3,0.7647912885662431,2.5665268065268068,2.434199134199134,0.13232767232767226,2.7426123783067844,28.4,142.0,24.0,27.4,137.0,24.0,AFC West,3,1.0,5,0.4375,0.6654,7.708,4.873246963562753,2.2,1.2,0.7,77.2,0.6,7.0,0.35441225441225443,0.6524,8.928,4.764791288566243,2.4,0.8,0.9,67.8,2.0,0.35441225441225443,1.2573876216932156,2016,0.536347510430847,0.43509414800219715,KAN vs. LVR,LVR,10,1622.0696359306787,2.0,KAN,26,1499.7100781247675,12.0,0,-16,1.0,0,111.0,-123.0,1,0
NOR,5.0,2.0,0.4,11.4,57,11.0,55,1.1400000000000006,-0.48099547511312213,-2.7600000000000025,0.2094831094831095,2.708648018648019,3.2153296703296705,-0.5066816516816516,2.232615805283575,31.0,155.0,26.0,33.6,168.0,27.0,NFC South,2,-2.6,-13,0.5083333333333333,0.6652,7.784000000000001,3.5190045248868778,2.8,1.0,0.7083333333333333,72.8,1.2,2.0,0.4487956487956488,0.6607999999999999,7.95,4.209483109483109,1.4,2.2,0.95,59.6,1.6,0.4487956487956488,-0.23261580528357495,2016-10-23,2016,0.43491925986886687,0.3698886300267035,KAN,5.0,3.0,0.6,10.8,54,11.4,57,-9.720000000000002,0.5413157894736842,-17.5,0.5020696215549157,2.1457264957264957,1.815034965034965,0.33069153069153073,2.8326147637091017,21.8,109.0,19.0,20.4,102.0,19.0,AFC West,1,1.4,7,0.7416666666666667,0.6866,6.744,4.541315789473684,1.0,1.0,0.7333333333333333,46.4,1.4,5.0,0.4094290023701788,0.6374000000000001,6.168,4.502069621554916,1.6,0.6,0.7416666666666667,36.4,2.4,0.4094290023701788,0.1673852362908983,2016,0.3636308129241743,0.2778256824193932,NOR vs. KAN,KAN,27,1566.6254120812418,11.0,NOR,21,1478.9535828198025,20.0,1,6,-6.0,0,-245.0,218.0,0,0
TAM,9.0,4.0,0.4444444444444444,11.555555555555555,104,11.555555555555555,104,-10.788888888888891,-0.3567210523675249,-6.022222222222221,0.3760022847522848,2.14023569023569,2.3741782908449576,-0.23394260060926722,4.158558670057044,24.0,216.0,34.0,26.88888888888889,242.0,41.0,NFC South,1,-2.888888888888889,-26,0.4382440476190476,0.6144444444444445,6.613333333333333,3.643278947632475,2.2222222222222223,0.5555555555555556,0.6095238095238095,65.33333333333333,1.6666666666666667,0.0,0.41534900284900284,0.6035555555555555,7.711111111111112,4.3760022847522855,2.111111111111111,0.8888888888888888,0.8148148148148148,73.33333333333333,1.6666666666666667,0.41534900284900284,-0.15855867005704383,2016-11-20,2016,0.3211634671133125,0.3434819385979286,KAN,9.0,7.0,0.7777777777777778,10.666666666666666,96,11.222222222222221,101,-7.044444444444445,0.14822444720105535,-16.488888888888887,0.6730737709439537,2.2429962013295346,1.705788655788656,0.5372075455408789,5.604730607329962,22.77777777777778,205.0,38.0,18.666666666666668,168.0,29.0,AFC West,5,4.111111111111111,37,0.5569940476190476,0.6683333333333333,6.977777777777778,4.148224447201056,1.2222222222222223,0.5555555555555556,0.824074074074074,46.888888888888886,0.8888888888888888,14.0,0.3395637314754962,0.627,6.104444444444444,4.673073770943954,1.7777777777777777,0.4444444444444444,0.6611111111111111,44.55555555555556,2.4444444444444446,0.3395637314754962,1.3952693926700377,2016,0.4571993482887285,0.29973906753292745,TAM vs. KAN,KAN,17,1681.9047079026057,2.0,TAM,19,1474.216708043614,15.0,0,-2,-7.0,0,-290.0,256.0,0,0
LVR,12.0,10.0,0.8333333333333334,11.416666666666666,137,11.583333333333334,139,-1.5666666666666653,0.20162810049256574,-11.683333333333335,0.7894563870709516,2.51967476967477,2.199934324934325,0.3197404447404447,7.008596997050002,28.75,345.0,61.0,24.916666666666668,299.0,54.0,AFC West,6,3.8333333333333335,46,0.5011019283746556,0.6505,7.684166666666667,4.201628100492566,2.0,1.1666666666666667,0.7621212121212121,77.66666666666667,0.75,12.0,0.3870102120102121,0.6060833333333333,7.364166666666667,4.789456387070952,1.6666666666666667,1.25,0.9242424242424242,73.33333333333333,1.75,0.3870102120102121,2.9914030029499976,2016-12-08,2016,0.5562503547323296,0.45295909002356116,KAN,12.0,9.0,0.75,10.333333333333334,124,10.916666666666666,131,-5.266666666666667,0.16849989273234886,-11.699999999999998,0.4166044338151204,2.396876271876272,1.9095943408443408,0.487281931031931,7.122091773225635,23.416666666666668,281.0,48.0,20.166666666666668,242.0,45.0,AFC West,2,3.25,39,0.5669782237964056,0.6849999999999999,7.218333333333334,4.168499892732349,1.1666666666666667,0.75,0.856060606060606,54.25,0.9166666666666666,14.0,0.3458492691948574,0.6244166666666667,6.946666666666666,4.41660443381512,1.75,0.5,0.7370370370370369,47.5,2.0833333333333335,0.3458492691948574,1.8779082267743652,2016,0.44767445892820534,0.36864241107178525,LVR vs. KAN,KAN,21,1499.7100781247675,12.0,LVR,13,1622.0696359306787,2.0,1,8,-3.5,1,-199.0,179.0,1,0
TEN,13.0,7.0,0.5384615384615384,10.692307692307692,139,10.384615384615385,135,-1.5461538461538473,0.6590785246589365,-13.215384615384616,-0.07166052453677865,2.2910435718128026,2.3252414252414253,-0.034197853428622645,6.591764317851941,24.692307692307693,321.0,57.0,23.53846153846154,306.0,49.0,AFC South,2,1.1538461538461537,15,0.4391203703703703,0.6242307692307693,8.124615384615385,4.659078524658937,2.0,1.0,0.875,68.3076923076923,1.0,2.0,0.455214657137734,0.6184615384615385,6.773846153846154,3.9283394754632215,1.6923076923076923,0.46153846153846156,0.8939393939393938,82.38461538461539,1.1538461538461537,0.455214657137734,0.4082356821480593,2016-12-18,2016,0.42294932699636933,0.3464407683334786,KAN,13.0,10.0,0.7692307692307693,10.384615384615385,135,11.076923076923077,144,-5.269230769230769,0.03303124001504566,-14.715384615384615,0.41185322426606635,2.3593543208927823,1.839625545394776,0.5197287754980062,7.879144451097722,23.23076923076923,302.0,50.0,19.615384615384617,255.0,48.0,AFC West,3,3.6153846153846154,47,0.5891744829244829,0.6826153846153846,7.352307692307692,4.033031240015045,1.1538461538461537,0.7692307692307693,0.856060606060606,55.69230769230769,1.0769230769230769,11.0,0.3542105142218264,0.6083076923076922,6.616923076923077,4.411853224266067,1.6153846153846154,0.5384615384615384,0.7633333333333333,50.15384615384615,1.9230769230769231,0.3542105142218264,2.120855548902278,2016,0.43079360538183126,0.3620732192026225,TEN vs. KAN,KAN,17,1753.7711919441697,3.0,TEN,19,1541.2247123023012,13.0,0,-2,-6.0,0,-242.0,216.0,0,0
KAN,15.0,11.0,0.7333333333333333,10.533333333333333,158,11.2,168,-7.86,0.29793209398472553,-18.686666666666664,0.4638360127547288,2.3311373811373812,1.7607757057757059,0.5703616753616754,9.257876591273543,23.466666666666665,352.0,59.0,18.933333333333334,284.0,54.0,AFC West,1,4.533333333333333,68,0.5842845646417075,0.6742,7.077333333333333,4.297932093984726,1.1333333333333333,0.9333333333333333,0.8525641025641026,55.266666666666666,1.0666666666666667,15.0,0.36132418235359415,0.5919333333333333,6.344666666666667,4.4638360127547285,1.4,0.6666666666666666,0.8027777777777777,49.8,2.066666666666667,0.36132418235359415,1.7421234087264565,2017-01-01,2016,0.41678703844508896,0.33733121590128123,LAC,15.0,5.0,0.3333333333333333,11.2,168,11.066666666666666,166,-10.719999999999999,-0.48070850489893413,-18.88,0.04757653023543916,2.328061198061198,2.357754467754468,-0.0296932696932697,7.324055898504443,25.533333333333335,383.0,65.0,25.733333333333334,386.0,68.0,AFC West,-4,-0.2,-3,0.44135507349793063,0.6136,7.082,3.519291495101066,2.066666666666667,0.6666666666666666,0.7333333333333333,48.666666666666664,2.2,-6.0,0.42668369212486856,0.6196,6.161333333333333,4.047576530235439,1.2666666666666666,1.2666666666666666,0.8371794871794871,54.53333333333333,1.8,0.42668369212486856,-2.324055898504443,2016,0.326958875633814,0.3188611240569068,KAN vs. LAC,LAC,27,1500.0,1.0,KAN,37,1500.0,1.0,0,-10,5.5,0,210.0,-235.0,1,0
PIT,1.0,12.0,12.0,10.411764705882353,177,10.529411764705882,179,-6.623529411764707,0.29082761153061143,-12.423529411764704,0.07485665845480752,2.5321116791705025,1.9057058954117778,0.6264057837587249,10.488819826817172,25.235294117647058,429.0,75.0,19.941176470588236,339.0,64.0,AFC North,8,5.294117647058823,90,0.5392846736596737,0.6462352941176471,7.290588235294117,4.290827611530611,2.0588235294117645,0.8823529411764706,0.8972222222222221,66.3529411764706,1.1764705882352942,6.0,0.41877208239664987,0.6593529411764706,6.472941176470589,4.074856658454808,1.2352941176470589,0.8823529411764706,0.7928571428571428,57.88235294117647,1.5294117647058822,0.41877208239664987,1.5111801731828276,2017-01-15,2016,1.0640593954164523,0.5403102295178825,KAN,16.0,12.0,0.75,10.375,166,10.9375,175,-6.5875,0.23697262843326083,-19.05625,0.4949424158037121,2.474503794816295,1.8917986527361528,0.5827051420801421,9.936344992099535,24.3125,389.0,65.0,19.4375,311.0,58.0,AFC West,2,4.875,78,0.5675544825544826,0.6789375,7.20875,4.236972628433261,1.1875,0.9375,0.8630952380952381,53.0,1.0625,16.0,0.38040808762316114,0.591125,6.3081249999999995,4.494942415803712,1.4375,0.625,0.8179487179487179,49.8125,2.0625,0.38040808762316114,2.063655007900465,2016,0.4420698702987689,0.3534614251636525,PIT vs. KAN,KAN,16,1712.8032109008946,3.0,PIT,18,1722.0810094717835,1.0,0,-2,-2.5,0,-139.0,126.0,0,1
NOR,3.0,0.0,0.0,10.666666666666666,32,9.333333333333334,28,5.033333333333331,0.051282051282051246,4.033333333333331,1.1410256410256412,2.4909090909090907,3.5749999999999997,-1.084090909090909,1.1705470739390247,26.333333333333332,79.0,14.0,32.0,96.0,15.0,NFC South,-3,-5.666666666666667,-17,0.75,0.6643333333333333,8.293333333333335,4.051282051282051,2.6666666666666665,0.3333333333333333,0.7222222222222222,68.0,1.0,0.0,0.37762237762237766,0.6930000000000001,8.786666666666667,5.141025641025641,1.0,2.0,0.9166666666666666,67.0,1.0,0.37762237762237766,-1.1705470739390247,2016-10-02,2016,0.26679521838389225,0.1481165939394599,LAC,3.0,1.0,0.3333333333333333,10.666666666666666,32,11.0,33,6.76666666666667,-0.23135504201680682,-12.800000000000002,0.7393571340939761,2.703030303030303,2.2075757575757575,0.4954545454545454,1.6998254389658412,29.0,87.0,15.0,24.333333333333332,73.0,13.0,AFC West,-1,4.666666666666667,14,0.0,0.6803333333333335,8.863333333333335,3.7686449579831933,1.6666666666666667,1.3333333333333333,0.8888888888888888,44.333333333333336,1.3333333333333333,2.0,0.4562548562548563,0.6589999999999999,6.68,4.739357134093976,1.6666666666666667,1.3333333333333333,0.6666666666666666,68.33333333333333,2.0,0.4562548562548563,-0.6998254389658412,2016,0.35940227516158735,0.17072999286307136,NOR vs. LAC,LAC,34,1437.8712080630237,16.0,NOR,35,1378.012999960577,29.0,0,-1,-4.0,0,-196.0,176.0,0,0
LAC,4.0,1.0,0.25,11.5,46,11.25,45,3.075000000000003,-0.7211353291316528,-16.375,0.16481196821754096,2.6344155844155845,2.3848484848484848,0.24956709956709955,2.182657075374386,30.25,121.0,21.0,27.0,108.0,18.0,AFC West,-2,3.25,13,0.0,0.673,8.41,3.278864670868347,1.75,1.5,0.9166666666666666,44.75,1.75,1.0,0.4575757575757576,0.654,5.995,4.164811968217541,1.75,1.75,0.6666666666666666,59.75,2.0,0.4575757575757576,-1.1826570753743861,2016-10-09,2016,0.32154457291922767,0.1817342924625614,LVR,4.0,3.0,0.75,11.0,44,11.75,47,3.950000000000003,1.2015587044534413,-2.375,1.0086206896551724,2.4998251748251747,2.338203463203463,0.16162171162171154,2.1880987401241168,27.0,108.0,17.0,26.5,106.0,19.0,AFC West,2,0.5,2,0.5,0.6755,7.79,5.201558704453442,2.25,1.25,0.6666666666666666,87.5,0.5,4.0,0.3537296037296037,0.6405000000000001,8.3175,5.008620689655173,2.0,1.0,0.875,75.25,1.5,0.3537296037296037,0.8119012598758832,2016,0.4647859171471023,0.38524534009383926,LAC vs. LVR,LVR,34,1600.1637071088744,3.0,LAC,31,1379.3411504129454,17.0,1,3,-3.5,0,-185.0,166.0,1,0
TEN,8.0,4.0,0.5,10.625,85,10.25,82,-3.4375000000000018,0.7966893320628989,-14.962499999999999,-0.07563499905891208,2.1564393939393938,2.261111111111111,-0.10467171717171714,3.792750386162419,22.75,182.0,33.0,22.875,183.0,29.0,AFC South,1,-0.125,-1,0.4404761904761904,0.6437499999999999,7.7162500000000005,4.796689332062899,1.75,1.0,0.8125,60.5,1.25,-3.0,0.47206959706959706,0.623,6.595,3.924365000941088,1.5,0.375,0.9047619047619048,81.5,0.875,0.47206959706959706,0.20724961383758078,2016-11-06,2016,0.3982929959656473,0.3186131689044052,LAC,8.0,3.0,0.375,11.625,93,11.5,92,-6.012499999999998,-0.4938131622623223,-18.4375,0.09365598410877046,2.445922827172827,2.3166229603729604,0.12929986679986677,4.244479105754414,28.125,225.0,40.0,26.5,212.0,37.0,AFC West,-1,1.625,13,0.4187074829931973,0.629875,7.72625,3.506186837737678,1.875,1.0,0.8333333333333333,37.875,2.25,-3.0,0.4106671208693268,0.62675,6.09875,4.0936559841087705,1.375,1.375,0.7452380952380953,61.625,1.875,0.4106671208693268,-1.2444791057544142,2016,0.36320004807771966,0.2893400449552808,TEN vs. LAC,LAC,43,1466.4533449813423,18.0,TEN,35,1489.3661478676556,12.0,1,8,-3.5,1,-179.0,161.0,0,0
MIA,8.0,4.0,0.5,10.875,87,11.0,88,-17.2625,0.5609231913919414,-10.862499999999999,0.8178752144423278,2.051183191808192,2.083041958041958,-0.031858766233766295,3.6428751648994893,21.625,173.0,29.0,22.75,182.0,34.0,AFC East,3,-1.125,-9,0.48928571428571427,0.638375,6.32,4.560923191391941,1.0,1.25,0.8714285714285713,75.5,1.375,-3.0,0.3559294871794872,0.62625,6.825,4.817875214442328,1.375,0.875,0.8571428571428571,61.5,1.0,0.3559294871794872,0.35712483510051074,2016-11-13,2016,0.3482135347958546,0.35531568805883146,LAC,9.0,4.0,0.4444444444444444,11.333333333333334,102,11.555555555555555,104,-3.488888888888887,-0.29079688497391615,-17.655555555555555,0.10664157651773747,2.7050178216844882,2.383294483294483,0.32172333839000505,4.864083487469953,29.77777777777778,268.0,46.0,27.444444444444443,247.0,42.0,AFC West,1,2.3333333333333335,21,0.42886904761904765,0.6406666666666667,7.904444444444445,3.7092031150260834,1.8888888888888888,1.0,0.8518518518518517,45.55555555555556,2.0,0.0,0.4155424912777854,0.6268888888888889,6.152222222222222,4.106641576517737,1.5555555555555556,1.4444444444444444,0.7452380952380953,61.111111111111114,2.0,0.4155424912777854,-0.8640834874699532,2016,0.40768209104181063,0.3202013819725021,MIA vs. LAC,LAC,24,1519.7459903218032,16.0,MIA,31,1557.8467062298478,10.0,0,-7,-4.0,0,-198.0,178.0,0,0
TAM,11.0,6.0,0.5454545454545454,11.0,121,11.181818181818182,123,-8.563636363636364,-0.4024814721815272,-10.954545454545453,0.46013724911452186,2.108425160697888,2.177013642922734,-0.06858848222484583,5.643922572704854,22.636363636363637,249.0,41.0,24.0,264.0,45.0,NFC South,3,-1.3636363636363635,-15,0.49837301587301586,0.6268181818181818,6.915454545454545,3.5975185278184725,2.090909090909091,0.45454545454545453,0.5851851851851851,63.45454545454545,1.6363636363636365,2.0,0.43538885357067175,0.611,7.078181818181818,4.4601372491145215,1.8181818181818181,0.8181818181818182,0.8484848484848485,65.18181818181819,1.8181818181818181,0.43538885357067175,0.3560774272951459,2016-12-04,2016,0.34981155110375733,0.34443716498764343,LAC,11.0,5.0,0.45454545454545453,11.363636363636363,125,11.454545454545455,126,-5.118181818181817,-0.36166209780694153,-16.827272727272728,0.12927240098925996,2.5685683003864823,2.330271243907607,0.23829705647887464,5.973979993775345,28.454545454545453,313.0,53.0,26.454545454545453,291.0,49.0,AFC West,1,2.0,22,0.4530952380952381,0.6383636363636364,7.615454545454545,3.6383379021930584,2.090909090909091,0.8181818181818182,0.7878787878787878,47.0,2.090909090909091,0.0,0.4226339391446343,0.6313636363636363,6.315454545454545,4.12927240098926,1.4545454545454546,1.3636363636363635,0.8018518518518518,62.63636363636363,2.090909090909091,0.4226339391446343,-0.9739799937753446,2016,0.38645749842175037,0.3191017173917807,TAM vs. LAC,LAC,21,1538.0901375464302,19.0,TAM,28,1616.3600011913425,11.0,0,-7,-3.5,0,-185.0,166.0,0,0
LVR,13.0,10.0,0.7692307692307693,11.538461538461538,150,11.538461538461538,150,-5.36153846153846,0.2134135319683237,-11.192307692307692,0.6062218501737557,2.402776710469018,2.1775617544848314,0.22521495598418673,7.251544319177915,27.53846153846154,358.0,64.0,24.615384615384617,320.0,56.0,AFC West,-1,2.923076923076923,38,0.5218434343434343,0.6323846153846154,7.297692307692308,4.213413531968324,1.8461538461538463,1.1538461538461537,0.7819444444444444,78.0,0.6923076923076923,15.0,0.37860771706925556,0.6097692307692307,7.486923076923077,4.606221850173755,1.6153846153846154,1.2307692307692308,0.9242424242424242,73.3076923076923,1.8461538461538463,0.37860771706925556,2.748455680822085,2016-12-18,2016,0.5168723915756992,0.4235453939107881,LAC,13.0,5.0,0.38461538461538464,11.23076923076923,146,11.23076923076923,146,-9.476923076923075,-0.3321756212212582,-18.50769230769231,-0.043247239648763806,2.4554552285321516,2.420485924332078,0.034969304200073416,6.51961202248061,26.923076923076923,350.0,59.0,26.692307692307693,347.0,59.0,AFC West,-2,0.23076923076923078,3,0.45081168831168833,0.6259230769230769,7.166923076923077,3.6678243787787417,2.076923076923077,0.7692307692307693,0.7435897435897435,45.69230769230769,2.3076923076923075,-5.0,0.42566067040048944,0.614,6.311538461538461,3.956752760351236,1.3846153846153846,1.3076923076923077,0.8075757575757575,58.38461538461539,1.9230769230769231,0.42566067040048944,-1.5196120224806098,2016,0.35687191289443837,0.32578655989127714,LVR vs. LAC,LAC,16,1379.3411504129454,17.0,LVR,19,1600.1637071088744,3.0,0,-3,2.5,0,116.0,-128.0,1,0
SEA,1.0,1.0,1.0,12.0,12,11.0,11,-24.299999999999997,-0.5,-30.400000000000006,-0.7999999999999998,1.0,0.9090909090909091,0.09090909090909094,0.6063755161446597,12.0,12.0,3.0,10.0,10.0,2.0,NFC West,1,2.0,2,0.5,0.628,5.0,3.5,1.0,0.0,1.0,69.0,2.0,-2.0,0.3125,0.552,5.17,3.2,0.0,1.0,0.5,40.0,0.0,0.3125,0.3936244838553403,2016-09-18,2016,0.34840612096383505,0.07156808797369825,LAR,1.0,0.0,0.0,13.0,13,13.0,13,-67.0,-1.1739130434782608,-15.799999999999997,-0.42857142857142794,0.0,2.1538461538461537,-2.1538461538461537,0.0,0.0,0.0,0.0,28.0,28.0,4.0,NFC West,-1,-28.0,-28,0.5,0.486,0.86,2.8260869565217392,0.0,0.0,,102.0,2.0,-1.0,0.2,0.629,5.43,3.571428571428572,1.0,3.0,,10.0,1.0,0.2,0.0,2016,0.0,0.0,SEA vs. LAR,LAR,9,1450.0,17.0,SEA,3,1550.0,1.0,1,6,5.5,1,210.0,-235.0,1,0
LAR,2.0,1.0,0.5,11.0,22,11.0,22,-42.25,-1.3069565217391304,-16.449999999999996,-0.8184523809523807,0.5,1.2435897435897436,-0.7435897435897435,0.9311000397277945,4.5,9.0,3.0,15.5,31.0,5.0,NFC West,1,-11.0,-22,1.0,0.5429999999999999,4.08,2.6930434782608694,0.0,0.0,1.0,90.0,1.0,0.0,0.225,0.629,6.13,3.1815476190476195,0.5,1.5,1.0,62.0,1.0,0.225,0.06889996027220546,2016-09-25,2016,0.14106136092765034,0.12146590457638697,TAM,2.0,1.0,0.5,12.5,25,11.5,23,-18.750000000000004,-0.3690476190476186,12.5,-1.068181818181818,1.6590909090909092,2.757575757575758,-1.0984848484848484,0.6629714482779508,19.0,38.0,6.0,32.0,64.0,11.0,NFC South,-1,-13.0,-26,0.0,0.619,5.525,3.6309523809523814,2.5,0.0,0.5,43.5,3.0,-6.0,0.3423076923076923,0.6105,10.094999999999999,2.931818181818182,2.5,0.5,1.0,52.0,0.0,0.3423076923076923,0.33702855172204915,2016,0.28044342620664586,0.3197242188900552,LAR vs. TAM,TAM,32,1485.9935000197115,9.0,LAR,37,1514.0064999802885,9.0,0,-5,-3.5,0,-173.0,156.0,0,0
NYG,6.0,3.0,0.5,10.833333333333334,65,10.333333333333334,62,-11.416666666666666,-0.357014472455649,-15.866666666666665,-0.49416520979020984,1.8024410774410775,2.136742424242424,-0.3343013468013467,2.6114793548977566,19.333333333333332,116.0,22.0,21.833333333333332,131.0,29.0,NFC East,1,-2.5,-15,0.4533333333333333,0.6471666666666667,6.978333333333333,3.642985527544351,1.3333333333333333,0.5,0.95,72.0,2.1666666666666665,-10.0,0.36186406186406184,0.6001666666666666,6.581666666666667,3.5058347902097906,1.0,0.8333333333333334,0.861111111111111,66.83333333333333,0.5,0.36186406186406184,0.3885206451022434,2016-10-23,2016,0.36037808767243423,0.42007284598915334,LAR,6.0,3.0,0.5,10.833333333333334,65,10.333333333333334,62,-16.716666666666665,-0.9513337270758561,-8.333333333333334,0.1993797252130586,1.7853535353535352,2.318029193029193,-0.5326756576756577,2.863096222581536,18.333333333333332,110.0,20.0,22.833333333333332,137.0,21.0,NFC West,-2,-4.5,-27,0.5466666666666666,0.6241666666666666,6.618333333333333,3.048666272924144,1.1666666666666667,0.6666666666666666,1.0,72.5,1.5,0.0,0.39001831501831496,0.6195,6.825,4.199379725213059,1.8333333333333333,0.8333333333333334,0.8,61.833333333333336,1.5,0.39001831501831496,0.13690377741846405,2016,0.3147130142265879,0.2899865035639455,NYG vs. LAR,LAR,10,1475.7614842891114,14.0,NYG,17,1496.819920281105,14.0,0,-7,3.0,0,131.0,-145.0,0,0
LAR,8.0,3.0,0.375,11.125,89,10.375,83,-22.1625,-0.8171767658951272,-10.3875,-0.3304652060902061,1.5488053613053614,2.0942037129537128,-0.5453983516483516,3.4338568706100054,16.25,130.0,24.0,20.875,167.0,26.0,NFC West,-4,-4.625,-37,0.5027210884353741,0.617,5.9175,3.182823234104873,1.125,0.5,0.8888888888888888,73.375,1.75,-4.0,0.3874385482938114,0.623875,6.5825000000000005,3.669534793909794,1.5,0.75,0.8095238095238095,54.875,1.25,0.3874385482938114,-0.43385687061000544,2016-11-13,2016,0.2550385324513481,0.25710801410262024,NYJ,9.0,3.0,0.3333333333333333,10.88888888888889,98,9.88888888888889,89,-26.48888888888889,0.31341022811611063,-2.200000000000001,-0.7535719194710423,1.806132756132756,2.7327397910731244,-0.9266070349403682,3.1421415646732074,19.22222222222222,173.0,33.0,26.11111111111111,235.0,37.0,AFC East,-1,-6.888888888888889,-62,0.4056547619047619,0.5718888888888889,5.511111111111111,4.31341022811611,1.0,0.8888888888888888,0.9166666666666666,51.111111111111114,2.111111111111111,-10.0,0.37393809893809893,0.661,7.73,3.2464280805289576,1.7777777777777777,0.6666666666666666,0.96875,48.666666666666664,1.0,0.37393809893809893,-0.14214156467320738,2016,0.33141647207005004,0.3629722373371927,LAR vs. NYJ,NYJ,6,1400.0267644175156,23.0,LAR,9,1375.8962958285904,20.0,0,-3,1.0,0,104.0,-115.0,0,0
MIA,9.0,5.0,0.5555555555555556,10.777777777777779,97,11.11111111111111,100,-12.122222222222222,0.525265059015059,-14.122222222222222,0.6066298202450321,2.1677183927183927,2.073815073815074,0.09390331890331886,4.290031336466185,22.666666666666668,204.0,33.0,22.88888888888889,206.0,38.0,AFC East,4,-0.2222222222222222,-2,0.48368055555555556,0.6461111111111111,6.872222222222223,4.525265059015059,1.1111111111111112,1.2222222222222223,0.8875,76.11111111111111,1.3333333333333333,0.0,0.3608262108262108,0.6147777777777778,6.544444444444444,4.606629820245032,1.5555555555555556,0.7777777777777778,0.875,57.888888888888886,1.3333333333333333,0.3608262108262108,0.7099686635338154,2016-11-20,2016,0.36704348899956,0.3677542324603167,LAR,9.0,4.0,0.4444444444444444,11.0,99,10.333333333333334,93,-22.944444444444443,-0.762327059880636,-12.633333333333333,-0.12041351652462767,1.4767158767158766,1.9281810781810782,-0.4514652014652014,4.157169302785508,15.444444444444445,139.0,27.0,19.22222222222222,173.0,27.0,NFC West,1,-3.7777777777777777,-34,0.48154761904761906,0.6114444444444445,5.834444444444444,3.237672940119364,1.0,0.4444444444444444,0.9047619047619048,71.33333333333333,1.5555555555555556,-3.0,0.38360550698011997,0.6205555555555555,6.31,3.8795864834753724,1.4444444444444444,0.6666666666666666,0.8095238095238095,52.22222222222222,1.2222222222222223,0.38360550698011997,-0.15716930278550834,2016,0.2679645665822573,0.2529945386198223,MIA vs. LAR,LAR,10,1429.36337644663,15.0,MIA,14,1602.3854471079924,9.0,0,-4,-1.0,0,-107.0,-103.0,0,0
LAR,10.0,4.0,0.4,11.1,111,10.6,106,-24.19,-0.7218086396068581,-12.799999999999999,0.007417308812045631,1.4123776223776223,1.843055278055278,-0.43067765567765565,4.467742867756805,14.9,149.0,29.0,18.7,187.0,29.0,NFC West,-1,-3.8,-38,0.48977072310405645,0.6051,5.654,3.278191360393142,0.9,0.5,0.8541666666666666,71.2,1.5,-3.0,0.3606295716667233,0.6291,6.082,4.007417308812046,1.5,0.6,0.8095238095238095,55.2,1.2,0.3606295716667233,-0.4677428677568054,2016-11-27,2016,0.24904095210365104,0.23342967625948363,NOR,10.0,4.0,0.4,10.9,109,10.6,106,5.089999999999999,-0.01691332197214539,-6.55,-0.04934194051841105,2.5987684537684537,2.8084515484515484,-0.20968309468309468,4.8832620687726305,28.5,285.0,50.0,28.6,286.0,49.0,NFC South,-2,-0.1,-1,0.4936507936507937,0.7105,7.926,3.983086678027855,2.6,0.8,0.7708333333333333,56.2,1.5,0.0,0.48860309625015513,0.6315,7.739999999999999,3.9506580594815888,1.4,1.3,0.95,53.7,1.5,0.48860309625015513,-0.8832620687726305,2016,0.4181989876709803,0.37520769682088784,LAR vs. NOR,NOR,49,1429.551953239934,19.0,LAR,21,1402.3904204027388,19.0,1,28,-7.5,1,-330.0,289.0,0,0
LAR,11.0,4.0,0.36363636363636365,11.181818181818182,123,10.727272727272727,118,-22.39090909090909,-0.6508420787869834,-7.527272727272727,0.23685664437458695,1.4430705657978384,2.0467169194441923,-0.6036463536463536,4.5860983862477624,15.454545454545455,170.0,32.0,21.454545454545453,236.0,36.0,NFC West,-2,-6.0,-66,0.4807936507936508,0.606909090909091,5.6881818181818184,3.3491579212130165,1.0909090909090908,0.45454545454545453,0.8541666666666666,70.36363636363636,1.5454545454545454,-4.0,0.3460268833333849,0.6431818181818182,6.624545454545455,4.236856644374587,1.8181818181818181,0.7272727272727273,0.8095238095238095,54.27272727272727,1.1818181818181819,0.3460268833333849,-0.5860983862477624,2016-12-04,2016,0.24630070335555923,0.2610943436787986,NWE,11.0,9.0,0.8181818181818182,10.181818181818182,112,10.272727272727273,113,8.645454545454546,-0.03548274064881413,-8.427272727272728,0.009832193613658198,2.607621671258035,1.809590661863389,0.7980310093946457,7.282101941616258,26.636363636363637,293.0,51.0,17.90909090909091,197.0,37.0,AFC East,2,8.727272727272727,96,0.4007539682539682,0.6773636363636363,8.961818181818181,3.9645172593511857,2.0,1.1818181818181819,0.775,55.54545454545455,0.7272727272727273,3.0,0.46225588137352847,0.6271818181818182,7.102727272727273,4.009832193613658,1.4545454545454546,0.5454545454545454,0.7055555555555555,59.45454545454545,1.0,0.46225588137352847,1.7178980583837422,2016,0.5264714293649113,0.3488030797748982,LAR vs. NWE,NWE,26,1649.576170562873,2.0,LAR,10,1356.2913353911051,24.0,1,16,-13.0,1,-750.0,604.0,0,0
LAR,13.0,4.0,0.3076923076923077,11.461538461538462,149,10.923076923076923,142,-27.33076923076923,-0.6052533051531743,-5.638461538461538,0.14089461420555235,1.362085350546889,2.1677348292732908,-0.8056494787264017,4.7490990927052135,14.923076923076923,194.0,36.0,23.384615384615383,304.0,46.0,NFC West,-4,-8.461538461538462,-110,0.5174543049543049,0.5922307692307692,5.1692307692307695,3.394746694846826,1.0,0.5384615384615384,0.8703703703703703,69.92307692307692,1.8461538461538463,-11.0,0.3321692675824612,0.6455384615384615,6.806153846153847,4.1408946142055525,1.8461538461538463,0.7692307692307693,0.8333333333333334,52.53846153846154,1.0,0.3321692675824612,-0.7490990927052135,2016-12-15,2016,0.22768840096159645,0.2803583107993284,SEA,13.0,8.0,0.6153846153846154,10.615384615384615,138,10.538461538461538,137,-10.146153846153847,0.11320655988564497,-17.06923076923077,-0.5232866481775976,2.052023190484729,1.7162632239555315,0.33575996652919743,6.852718426610482,21.076923076923077,274.0,54.0,17.846153846153847,232.0,41.0,NFC West,-1,3.230769230769231,42,0.4800715488215488,0.6510769230769231,6.9653846153846155,4.113206559885645,1.1538461538461537,0.9230769230769231,0.9230769230769231,62.30769230769231,1.2307692307692308,0.0,0.3691523220369374,0.6226923076923078,6.326153846153845,3.4767133518224025,1.0769230769230769,0.8461538461538461,0.6818181818181818,56.84615384615385,1.2307692307692308,0.3691523220369374,1.1472815733895176,2016,0.4258379068913233,0.30266060893260543,LAR vs. SEA,SEA,24,1550.0,1.0,LAR,3,1450.0,17.0,1,21,-15.0,1,-1100.0,828.0,1,0
SFO,14.0,1.0,0.07142857142857142,11.785714285714286,165,11.714285714285714,164,-23.964285714285715,0.8639861664601571,0.5285714285714279,0.8232201457968815,1.5924027361527362,2.6931175966890253,-1.100714860536289,3.7763693655660515,18.857142857142858,264.0,48.0,31.0,434.0,75.0,NFC West,-13,-12.142857142857142,-170,0.43424759001682073,0.5512857142857143,5.328571428571428,4.863986166460157,1.2857142857142858,0.8571428571428571,0.893939393939394,50.42857142857143,1.5,-3.0,0.35113789105385745,0.6281428571428572,8.27142857142857,4.823220145796881,2.0,1.5714285714285714,0.9102564102564104,50.07142857142857,1.2857142857142858,0.35113789105385745,-2.7763693655660515,2016-12-24,2016,0.23321829889732879,0.33396005992271177,LAR,14.0,4.0,0.2857142857142857,11.285714285714286,158,10.714285714285714,150,-28.157142857142855,-0.6502562203313088,-3.6785714285714284,0.016544998905155754,1.2886030636030636,2.2271823414680556,-0.9385792778649921,4.756286035878219,14.071428571428571,197.0,37.0,23.428571428571427,328.0,50.0,NFC West,-5,-9.357142857142858,-131,0.5249874057566365,0.5866428571428571,5.077857142857143,3.3497437796686915,0.9285714285714286,0.5,0.8833333333333334,70.35714285714286,1.7142857142857142,-10.0,0.32630003418371395,0.6516428571428571,6.985,4.016544998905156,1.9285714285714286,0.7142857142857143,0.8518518518518519,54.92857142857143,1.0,0.32630003418371395,-0.7562860358782189,2016,0.22152686106351985,0.2915169991457567,SFO vs. LAR,LAR,21,1500.0,1.0,SFO,22,1500.0,1.0,0,-1,-6.0,0,-253.0,225.0,1,0
LVR,2.0,1.0,0.5,10.0,20,10.5,21,6.75,2.3115384615384618,30.799999999999997,0.39655172413793105,3.15,3.2954545454545454,-0.1454545454545455,0.8879534602450878,31.5,63.0,10.0,34.5,69.0,12.0,AFC West,-1,-3.0,-6,0.0,0.694,8.45,6.311538461538461,2.0,2.0,0.5,99.5,0.0,2.0,0.39015151515151514,0.716,11.88,4.396551724137931,3.5,0.5,0.75,63.0,1.0,0.39015151515151514,0.11204653975491219,2016-09-25,2016,0.528011634938728,0.31772758278711777,TEN,2.0,1.0,0.5,9.5,19,9.0,18,-7.150000000000006,0.35037878787878807,-26.050000000000004,0.13897515527950333,1.7272727272727273,2.2222222222222223,-0.4949494949494949,0.7959138456066503,16.0,32.0,6.0,20.0,40.0,7.0,AFC South,1,-4.0,-8,1.0,0.6839999999999999,6.33,4.350378787878788,2.0,0.0,0.75,46.5,2.0,-3.0,0.49404761904761907,0.5475000000000001,6.24,4.138975155279503,0.5,0.0,0.8333333333333333,88.5,0.5,0.49404761904761907,0.20408615439334965,2016,0.34801360332526576,0.23412786335426244,LVR vs. TEN,TEN,10,1514.0064999802885,9.0,LVR,17,1485.9935000197115,9.0,0,-7,1.5,0,109.0,-120.0,0,0
LVR,7.0,5.0,0.7142857142857143,11.142857142857142,78,11.285714285714286,79,-3.785714285714284,0.6237478311162522,-3.3142857142857145,0.9944937775473165,2.368947718947719,2.341888270459699,0.027059448488019906,3.684285668523329,26.428571428571427,185.0,33.0,25.571428571428573,179.0,33.0,AFC West,1,0.8571428571428571,6,0.44166666666666665,0.6565714285714286,7.178571428571429,4.623747831116252,1.8571428571428572,1.1428571428571428,0.7166666666666667,75.42857142857143,0.7142857142857143,8.0,0.37378653092938807,0.6604285714285715,8.324285714285715,4.994493777547317,1.8571428571428572,1.0,0.880952380952381,67.28571428571429,1.8571428571428572,0.37378653092938807,1.3157143314766708,2016-10-30,2016,0.5025981189354032,0.4365616147174144,TAM,6.0,3.0,0.5,11.833333333333334,71,11.666666666666666,70,-17.033333333333335,-0.17815206839597067,-10.85,-0.008218795093794936,1.8648989898989898,2.2563131313131315,-0.3914141414141414,2.567940619940971,21.333333333333332,128.0,21.0,26.5,159.0,26.0,NFC South,2,-5.166666666666667,-31,0.38333333333333336,0.6075,6.038333333333334,3.8218479316040295,2.0,0.5,0.4533333333333333,59.0,2.0,-3.0,0.3876144688644689,0.581,7.4433333333333325,3.991781204906205,1.6666666666666667,1.1666666666666667,0.8333333333333334,58.666666666666664,1.5,0.3876144688644689,0.4320593800590289,2016,0.31707334972121975,0.33627034257508276,LVR vs. TAM,TAM,24,1498.967233823177,16.0,LVR,30,1594.581291193775,3.0,0,-6,-1.0,0,-117.0,106.0,0,0
MIA,1.0,0.0,0.0,11.0,11,12.0,12,-30.400000000000006,-0.7999999999999998,-24.299999999999997,-0.5,0.9090909090909091,1.0,-0.09090909090909094,0.3936244838553403,10.0,10.0,2.0,12.0,12.0,3.0,AFC East,-1,-2.0,-2,0.5,0.552,5.17,3.2,0.0,1.0,0.5,40.0,0.0,2.0,0.23076923076923078,0.628,5.0,3.5,1.0,0.0,1.0,69.0,2.0,0.23076923076923078,-0.3936244838553403,2016-09-18,2016,0.11025009384448357,-0.09840612096383505,NWE,1.0,1.0,1.0,9.0,9,9.0,9,5.200000000000003,-0.580645161290323,2.5,0.8421052631578947,2.5555555555555554,2.3333333333333335,0.22222222222222188,0.5536929478219634,23.0,23.0,5.0,21.0,21.0,3.0,AFC East,1,2.0,2,0.5,0.727,8.39,3.419354838709677,1.0,1.0,1.0,69.0,2.0,-2.0,0.625,0.649,7.89,4.842105263157895,2.0,1.0,0.0,58.0,0.0,0.625,0.44630705217803657,2016,0.8035039178766871,0.14876901739267884,MIA vs. NWE,NWE,31,1550.0,1.0,MIA,24,1450.0,17.0,1,7,-5.5,1,-230.0,205.0,1,0
TEN,4.0,1.0,0.25,10.5,42,10.0,40,-28.650000000000002,0.7042842215256009,-22.95,0.4974042443064184,1.5265151515151514,2.111111111111111,-0.5845959595959596,1.346626227078163,15.5,62.0,12.0,21.0,84.0,14.0,AFC South,-2,-5.5,-22,0.7222222222222222,0.58275,5.3925,4.704284221525601,1.0,0.75,0.875,64.0,2.0,-4.0,0.40535714285714286,0.59275,6.0025,4.497404244306418,1.0,0.25,0.8333333333333333,73.5,1.0,0.40535714285714286,-0.34662622707816304,2016-10-09,2016,0.2609552694944169,0.23217020513066072,MIA,4.0,1.0,0.25,12.25,49,11.5,46,-17.125,0.23605769230769225,-1.75,-0.22520670341394033,1.3836163836163837,1.966083916083916,-0.5824675324675326,1.4378376247753382,17.75,71.0,12.0,22.25,89.0,18.0,AFC East,-1,-4.5,-18,0.4444444444444444,0.626,6.3175,4.236057692307693,1.5,0.75,0.8333333333333334,56.0,2.25,-5.0,0.27814685314685317,0.6639999999999999,8.0125,3.7747932965860596,1.25,0.5,0.75,66.25,1.0,0.27814685314685317,-0.43783762477533816,2016,0.21809157399334664,0.25064631931545606,TEN vs. MIA,MIA,17,1413.7362787018471,17.0,TEN,30,1422.3842070539706,17.0,0,-13,-2.5,0,-134.0,121.0,0,0
PIT,5.0,4.0,0.8,10.8,54,11.2,56,4.4799999999999995,-0.09662393162393154,-9.02,0.07483660130718954,2.632929292929293,1.7422222222222223,0.8907070707070707,3.433934114278516,27.8,139.0,22.0,18.6,93.0,19.0,AFC North,2,9.2,46,0.7291666666666666,0.6654,8.443999999999999,3.903376068376068,3.0,0.6,0.875,58.0,1.2,0.0,0.49274255156608093,0.6544,7.192,4.074836601307189,1.2,0.6,0.8,48.6,1.2,0.49274255156608093,0.5660658857214842,2016-10-16,2016,0.45353129439212087,0.3098401851025293,MIA,5.0,1.0,0.2,11.8,59,11.4,57,-23.2,-0.011153846153846203,2.1,0.16617610068348182,1.446893106893107,2.1183216783216787,-0.6714285714285715,1.6443426976016382,17.6,88.0,14.0,23.8,119.0,23.0,AFC East,-2,-6.2,-31,0.3958333333333333,0.6342,5.71,3.988846153846154,1.2,0.8,0.875,61.4,2.2,-7.0,0.2952447552447553,0.6692,7.948,4.166176100683482,1.6,0.6,0.8,61.0,0.8,0.2952447552447553,-0.6443426976016382,2016,0.20670916011382057,0.27080743142162217,PIT vs. MIA,MIA,30,1364.98055868018,22.0,PIT,15,1623.7862436430996,2.0,1,15,7.5,1,269.0,-305.0,0,0
NYJ,8.0,3.0,0.375,11.0,88,10.125,81,-25.3,0.019253173297291093,-0.2375000000000007,-0.8829246594049226,1.7443993506493507,2.652457264957265,-0.9080579143079143,2.736017581316727,18.75,150.0,28.0,26.0,208.0,33.0,AFC East,2,-7.25,-58,0.40238095238095234,0.56575,5.67875,4.019253173297291,1.0,0.875,0.90625,47.875,2.125,-8.0,0.38658945221445223,0.6703749999999999,8.02,3.1170753405950773,1.875,0.625,0.9642857142857143,44.0,1.125,0.38658945221445223,0.2639824186832729,2016-11-06,2016,0.3286811189249029,0.3699250305810926,MIA,7.0,3.0,0.42857142857142855,11.285714285714286,79,11.142857142857142,78,-17.17142857142857,0.600876504447933,-7.2714285714285705,0.5537621498388507,1.8620665049236478,2.052047952047952,-0.18998144712430437,3.0489991482559695,20.857142857142858,146.0,25.0,22.714285714285715,159.0,29.0,AFC East,2,-1.8571428571428572,-13,0.5083333333333333,0.6458571428571428,6.45,4.600876504447933,1.0,1.2857142857142858,0.85,74.0,1.5714285714285714,-5.0,0.3418414918414919,0.6269999999999999,7.204285714285715,4.5537621498388505,1.4285714285714286,0.8571428571428571,0.8333333333333334,59.285714285714285,0.8571428571428571,0.3418414918414919,-0.048999148255969516,2016,0.31424054483472114,0.3160787998179064,NYJ vs. MIA,MIA,27,1519.2443637203403,17.0,NYJ,23,1438.6291069270228,18.0,1,4,-3.5,1,-190.0,171.0,1,0
SFO,10.0,1.0,0.1,12.3,123,12.1,121,-24.589999999999996,0.16935623217276047,-3.080000000000001,0.9572455399505311,1.657697163947164,2.622334332334332,-0.9646371683871685,3.0036410012611676,20.4,204.0,37.0,31.3,313.0,54.0,NFC West,-9,-10.9,-109,0.44422398589065254,0.5572,5.63,4.169356232172761,1.2,1.1,0.9375,49.0,1.8,-3.0,0.350201106083459,0.6109,7.567,4.957245539950531,2.3,1.3,0.8703703703703703,53.6,1.5,0.350201106083459,-2.0036410012611676,2016-11-27,2016,0.24054088044986735,0.3122342032495016,MIA,10.0,6.0,0.6,11.0,110,11.2,112,-12.34,0.5885280267977636,-16.25,0.5102525525062431,2.058638861138861,1.9497668997669,0.10887196137196131,4.9794577714948876,21.8,218.0,35.0,21.6,216.0,40.0,AFC East,5,0.2,2,0.479320987654321,0.6521,6.587999999999999,4.588528026797763,1.2,1.1,0.8875,76.7,1.3,0.0,0.33383449883449884,0.6081,6.293,4.510252552506243,1.4,0.8,0.8333333333333334,59.1,1.3,0.33383449883449884,1.0205422285051124,2016,0.3506536163615263,0.35787650816089683,SFO vs. MIA,MIA,31,1629.3584031518835,7.0,SFO,24,1234.7265656500629,27.0,1,7,-7.0,0,-310.0,273.0,0,0
MIA,13.0,8.0,0.6153846153846154,11.23076923076923,146,11.307692307692308,147,-8.492307692307692,0.31473429051249996,-15.169230769230769,0.9849236158879933,1.9973212684751145,2.076543968851661,-0.07922270037654656,6.211185453497738,21.615384615384617,281.0,45.0,23.153846153846153,301.0,54.0,AFC East,1,-1.5384615384615385,-20,0.4480008417508417,0.664076923076923,6.845384615384615,4.3147342905125,1.4615384615384615,0.9230769230769231,0.8272727272727273,75.6923076923077,1.4615384615384615,2.0,0.34259458490227723,0.6150769230769231,6.16,4.984923615887993,1.7692307692307692,0.7692307692307693,0.8333333333333334,59.84615384615385,1.6153846153846154,0.34259458490227723,1.7888145465022616,2016-12-17,2016,0.35063048187176066,0.3896368317692947,NYJ,13.0,4.0,0.3076923076923077,10.846153846153847,141,10.153846153846153,132,-26.592307692307692,0.1872868707789032,-2.4153846153846157,-0.1624737052681208,1.6446886446886446,2.526045962584424,-0.8813573178957795,4.476553644345673,17.615384615384617,229.0,44.0,24.923076923076923,324.0,55.0,AFC East,1,-7.3076923076923075,-95,0.41317640692640695,0.5783076923076923,5.458461538461539,4.1872868707789035,1.0,0.7692307692307693,0.8958333333333334,54.07692307692308,2.0,-16.0,0.37465333811487656,0.6527692307692308,7.613076923076923,3.8375262947318793,1.7692307692307692,0.6153846153846154,0.9027777777777778,43.15384615384615,0.7692307692307693,0.37465333811487656,-0.4765536443456728,2016,0.3006173702393838,0.3693412293478951,MIA vs. NYJ,NYJ,13,1438.6291069270228,18.0,MIA,34,1519.2443637203403,17.0,0,-21,2.5,0,131.0,-145.0,1,0
NWE,15.0,13.0,0.8666666666666667,10.666666666666666,160,10.733333333333333,161,6.013333333333334,-0.12087184063730601,-18.686666666666667,-0.19221761254933906,2.547920227920228,1.5353859103859102,1.0125343175343173,10.81982336459385,27.066666666666666,406.0,72.0,15.733333333333333,236.0,46.0,AFC East,6,11.333333333333334,170,0.4182577343291629,0.6631333333333332,8.712,3.879128159362694,1.9333333333333333,1.2,0.8269230769230769,50.333333333333336,0.7333333333333333,10.0,0.4493362302185832,0.6004666666666666,6.035333333333333,3.807782387450661,1.2666666666666666,0.4,0.7384615384615384,57.13333333333333,1.4,0.4493362302185832,2.1801766354061503,2017-01-01,2016,0.5154052990621846,0.30819384067440286,MIA,15.0,10.0,0.6666666666666666,11.333333333333334,170,11.533333333333333,173,-6.466666666666666,0.36276322071837064,-15.373333333333335,1.0265670450384496,2.1114313464313463,2.033798423798424,0.07763292263292258,7.672783535554894,23.266666666666666,349.0,55.0,23.0,345.0,62.0,AFC East,3,0.26666666666666666,4,0.4416930291930292,0.6555333333333333,7.443333333333333,4.36276322071837,1.6666666666666667,0.9333333333333333,0.813888888888889,71.26666666666667,1.4,4.0,0.35247086247086246,0.6137333333333334,6.17,5.026567045038449,1.8,0.7333333333333333,0.8095238095238095,57.0,1.6666666666666667,0.35247086247086246,2.3272164644451063,2016,0.3737242766841101,0.39009149163606804,NWE vs. MIA,MIA,14,1450.0,17.0,NWE,35,1550.0,1.0,0,-21,7.5,0,323.0,-372.0,1,0
MIA,16.0,10.0,0.625,11.1875,179,11.4375,183,-6.474999999999999,0.2938948672495594,-12.75,0.9710272943787189,2.0766891095016096,2.1254360223110225,-0.04874691280941286,7.77511267188795,22.6875,363.0,57.0,23.75,380.0,68.0,AFC East,-1,-1.0625,-17,0.470024605024605,0.6586875,7.345625,4.293894867249559,1.6875,0.875,0.813888888888889,71.375,1.4375,2.0,0.3668997668997669,0.6213124999999999,6.401875,4.971027294378719,1.875,0.75,0.8,57.4375,1.5625,0.3668997668997669,2.2248873281120503,2017-01-08,2016,0.36271598383463227,0.4000315363086132,PIT,16.0,11.0,0.6875,10.5,168,10.5625,169,-7.237500000000001,0.2393614801084175,-12.8,0.17477329484632823,2.4820353257853256,1.949812513875014,0.5322228119103118,9.591148963150228,24.9375,399.0,70.0,20.4375,327.0,61.0,AFC North,7,4.5,72,0.5335703185703186,0.6415,7.266875,4.239361480108418,2.0625,0.8125,0.8878787878787878,66.75,1.125,5.0,0.4171675597686627,0.6501875,6.4818750000000005,4.174773294846328,1.25,0.9375,0.7769230769230769,57.5,1.4375,0.4171675597686627,1.4088510368497715,2016,0.45335549575129613,0.3701700862602944,MIA vs. PIT,PIT,30,1682.3110679653385,5.0,MIA,12,1610.207734878499,8.0,1,18,-11.0,1,-603.0,500.0,0,1
NYG,3.0,2.0,0.6666666666666666,10.0,30,9.666666666666666,29,-2.366666666666665,0.14087301587301582,-11.6,-0.8264957264957266,2.0922558922558925,2.1522727272727273,-0.060016835016834934,1.6087176383704103,21.0,63.0,11.0,20.333333333333332,61.0,15.0,NFC East,-1,0.6666666666666666,2,0.0,0.7056666666666667,7.81,4.140873015873016,1.3333333333333333,0.6666666666666666,0.875,64.33333333333333,2.3333333333333335,-6.0,0.4703703703703703,0.6086666666666667,6.973333333333334,3.1735042735042733,1.0,0.3333333333333333,0.8888888888888888,65.33333333333333,0.3333333333333333,0.4703703703703703,0.39128236162958974,2016-10-03,2016,0.4144900664213943,0.4122900623499293,MIN,3.0,3.0,1.0,10.333333333333334,31,11.333333333333334,34,-5.166666666666667,-1.9660894660894659,-35.63333333333333,-0.5774044795783926,2.1314814814814818,1.1868686868686869,0.9446127946127946,2.221601843825196,21.333333333333332,64.0,10.0,13.333333333333334,40.0,7.0,NFC North,3,8.0,24,0.75,0.6326666666666667,7.603333333333334,2.033910533910534,1.0,0.0,0.8888888888888888,72.66666666666667,0.3333333333333333,8.0,0.3214285714285714,0.5923333333333334,4.053333333333334,3.4225955204216074,1.0,0.6666666666666666,0.75,49.0,3.0,0.3214285714285714,0.7783981561748039,2016,0.4062793716316993,0.19067438326689828,NYG vs. MIN,MIN,24,1637.8712080630237,1.0,NYG,10,1511.5211706611783,6.0,1,14,-3.5,1,-195.0,175.0,0,0
MIN,5.0,5.0,1.0,10.2,51,11.4,57,1.4400000000000006,-1.6304317304317304,-38.08,-0.23691887822322605,2.4041414141414146,1.1151515151515152,1.288989898989899,3.996953550578887,23.8,119.0,18.0,12.6,63.0,12.0,NFC North,5,11.2,56,0.7291666666666666,0.6706,8.094,2.36956826956827,1.2,0.6,0.8333333333333333,70.4,0.2,11.0,0.39285714285714285,0.557,4.012,3.763081121776774,0.8,0.6,0.7916666666666666,46.2,2.4,0.39285714285714285,1.003046449421113,2016-10-23,2016,0.4237444552532551,0.21065458734404688,PHI,5.0,3.0,0.6,10.0,50,9.4,47,-3.1199999999999988,0.24068627450980395,-18.339999999999996,0.42050024050024054,2.7017171717171715,1.6866666666666668,1.015050505050505,3.5756212263475797,27.0,135.0,24.0,15.6,78.0,13.0,NFC East,-2,11.4,57,0.4625,0.6426000000000001,7.734,4.2406862745098035,1.4,1.0,0.9333333333333332,80.8,0.4,6.0,0.34424242424242424,0.604,6.266,4.420500240500241,1.0,0.6,0.7,49.0,1.6,0.34424242424242424,-0.5756212263475797,2016,0.42474036227063233,0.18943371939353815,MIN vs. PHI,PHI,21,1507.6605909088569,11.0,MIN,10,1708.473584727623,1.0,1,11,2.5,1,116.0,-128.0,0,0
MIN,8.0,5.0,0.625,10.125,81,11.0,88,-4.6625,-1.3026309426309426,-31.4375,0.003537106946027435,1.9678661616161617,1.4633838383838385,0.5044823232323232,4.625825846471711,19.375,155.0,25.0,15.75,126.0,24.0,NFC North,-3,3.625,29,0.59421768707483,0.666875,7.1775,2.6973690573690576,1.125,0.5,0.8333333333333333,59.0,0.625,12.0,0.37754843840370156,0.5800000000000001,4.60625,4.003537106946028,1.0,0.5,0.8809523809523808,45.125,2.125,0.37754843840370156,0.37417415352828876,2016-11-13,2016,0.3230777065404432,0.25139230068846435,WAS,8.0,4.0,0.5,10.0,80,9.875,79,-6.625,0.45775598300258036,-11.7625,0.9615027151211362,2.3641292735042736,2.4897775835275837,-0.12564831002331006,4.129417142727002,23.25,186.0,36.0,23.625,189.0,32.0,NFC East,0,-0.375,-3,0.4897959183673469,0.6725,7.1875,4.45775598300258,1.5,0.75,0.8125,62.25,1.375,0.0,0.4391520550527903,0.652875,6.9175,4.961502715121136,1.0,1.5,0.8333333333333334,80.375,1.375,0.4391520550527903,-0.1294171427270019,2016,0.44272028572160615,0.3478776130264809,MIN vs. WAS,WAS,26,1488.9090304705242,12.0,MIN,20,1493.4277499285542,6.0,1,6,-2.5,1,-145.0,131.0,0,0
NWE,6.0,5.0,0.8333333333333334,10.333333333333334,62,10.166666666666666,61,7.6833333333333345,-0.21242026880544648,-10.866666666666667,-0.2635141620887234,2.377104377104377,1.5637108262108264,0.8133935508935508,3.948416689019526,24.833333333333332,149.0,26.0,15.166666666666666,91.0,16.0,AFC East,2,9.666666666666666,58,0.3466666666666667,0.6890000000000001,9.0,3.7875797311945534,1.6666666666666667,1.1666666666666667,0.6666666666666666,56.5,0.6666666666666666,4.0,0.4039098972922502,0.6475000000000001,6.696666666666666,3.7364858379112764,1.3333333333333333,0.5,0.6875,48.5,1.3333333333333333,0.4039098972922502,1.0515833109804742,2016-10-23,2016,0.4928525970040116,0.26455009009750713,PIT,6.0,4.0,0.6666666666666666,10.666666666666666,64,11.0,66,-4.066666666666666,0.5861467236467237,-7.949999999999998,0.42347494553376913,2.444107744107744,1.951851851851852,0.4922558922558922,3.5960241335231196,25.666666666666668,154.0,24.0,20.5,123.0,25.0,AFC North,-1,5.166666666666667,31,0.6233333333333333,0.645,7.508333333333333,4.586146723646723,2.6666666666666665,0.6666666666666666,0.875,59.166666666666664,1.3333333333333333,-2.0,0.4560733384262796,0.6703333333333333,7.3066666666666675,4.423474945533769,1.0,1.0,0.7666666666666666,56.333333333333336,1.0,0.4560733384262796,0.40397586647688044,2016,0.400248491654805,0.34116009258061114,NWE vs. PIT,PIT,16,1542.1813391988635,4.0,NWE,27,1619.657427663963,1.0,0,-11,7.5,0,260.0,-295.0,0,0
SEA,8.0,5.0,0.625,10.25,82,10.5,84,-3.8500000000000014,-0.8208309566153744,-21.8375,-0.5939076531054459,2.025631313131313,1.6335858585858585,0.3920454545454547,4.314232322307517,20.25,162.0,31.0,16.75,134.0,26.0,NFC West,1,3.5,28,0.4238095238095238,0.674625,7.733750000000001,3.1791690433846256,1.0,1.0,0.9166666666666666,71.875,0.75,2.0,0.3593422202797203,0.621375,5.82625,3.406092346894554,0.75,0.75,0.75,56.125,1.0,0.3593422202797203,0.6857676776924828,2016-11-13,2016,0.4104554847690045,0.2973660113392925,NWE,8.0,7.0,0.875,10.375,83,10.375,83,12.9375,-0.16456257791592893,-15.387500000000001,0.1393399029089819,2.6021464646464647,1.6519497863247863,0.9501966783216782,5.487581764241993,27.125,217.0,37.0,16.5,132.0,24.0,AFC East,4,10.625,85,0.4244897959183674,0.6915,9.3925,3.835437422084071,2.0,1.25,0.7142857142857143,61.875,0.75,3.0,0.4623875511743159,0.62525,6.3575,4.139339902908982,1.125,0.75,0.6416666666666667,57.5,1.125,0.4623875511743159,1.5124182357580072,2016,0.5300594498841058,0.3076777675575183,SEA vs. NWE,NWE,24,1692.7215905933583,1.0,SEA,31,1550.4292321041494,6.0,0,-7,-7.5,0,-310.0,273.0,0,0
NWE,9.0,7.0,0.7777777777777778,10.222222222222221,92,10.222222222222221,92,10.222222222222221,-0.26929372005225427,-11.244444444444445,0.08966965728661647,2.6093153759820424,1.851115859449193,0.7581995165328498,5.840425592675297,26.77777777777778,241.0,41.0,18.11111111111111,163.0,31.0,AFC East,-1,8.666666666666666,78,0.44955357142857144,0.6945555555555556,9.247777777777777,3.7307062799477455,1.7777777777777777,1.4444444444444444,0.75,61.77777777777778,0.8888888888888888,1.0,0.47767782326605857,0.6308888888888888,6.804444444444445,4.089669657286617,1.3333333333333333,0.6666666666666666,0.6928571428571428,57.77777777777778,1.0,0.47767782326605857,1.159574407324703,2016-11-20,2016,0.5030707134061749,0.3429309258780988,SFO,9.0,1.0,0.1111111111111111,12.444444444444445,112,12.333333333333334,111,-26.577777777777776,0.1305604225787874,-4.966666666666669,0.874717266611701,1.6701685660018992,2.5803714803714803,-0.9102029143695811,2.7971359284348676,20.77777777777778,187.0,34.0,31.444444444444443,283.0,49.0,NFC West,-8,-10.666666666666666,-96,0.4025297619047619,0.5598888888888889,5.452222222222222,4.130560422578787,1.1111111111111112,1.2222222222222223,0.9285714285714286,46.888888888888886,2.0,-3.0,0.34942980041019256,0.612111111111111,7.426666666666667,4.874717266611701,2.111111111111111,1.4444444444444444,0.8541666666666666,55.111111111111114,1.6666666666666667,0.34942980041019256,-1.7971359284348676,2016,0.2429537484456493,0.30424458409078226,NWE vs. SFO,SFO,17,1244.8976588857065,27.0,NWE,30,1623.317050434992,2.0,0,-13,10.5,0,423.0,-500.0,0,0
NWE,10.0,8.0,0.8,10.2,102,10.3,103,10.59,-0.07236434804702885,-10.790000000000001,0.13255454340980663,2.6483838383838383,1.820549728049728,0.8278341103341103,6.633920519848997,27.1,271.0,46.0,18.0,180.0,34.0,AFC East,1,9.1,91,0.41194885361552025,0.6851,9.206,3.927635651952971,2.0,1.3,0.7777777777777778,59.6,0.8,1.0,0.4799100409394527,0.6211,6.8469999999999995,4.132554543409807,1.4,0.6,0.73125,58.8,0.9,0.4799100409394527,1.3660794801510026,2016-11-27,2016,0.512587898124457,0.3421812643933341,NYJ,10.0,3.0,0.3,10.8,108,9.9,99,-26.9,0.43806920530449955,-4.900000000000001,-0.7105676687004087,1.6855194805194806,2.549465811965812,-0.8639463314463315,3.4188291324977045,17.9,179.0,34.0,24.4,244.0,40.0,AFC East,-2,-6.5,-65,0.40224867724867724,0.5740999999999999,5.373,4.438069205304499,1.0,0.8,0.9166666666666666,49.1,2.0,-11.0,0.3698776223776224,0.6516,7.474000000000001,3.2894323312995914,1.6,0.6,0.9722222222222222,49.3,0.9,0.3698776223776224,-0.4188291324977045,2016,0.3016294532361834,0.3467139744445372,NWE vs. NYJ,NYJ,17,1346.5596837994758,24.0,NWE,22,1633.4881436706355,2.0,0,-5,9.0,1,361.0,-420.0,1,0
NYJ,14.0,4.0,0.2857142857142857,11.071428571428571,155,10.214285714285714,143,-28.3,0.2484433986425219,-0.3714285714285716,-0.25933404907172064,1.5935374149659864,2.566393328893329,-0.9728559139273425,4.569469200471185,17.285714285714285,242.0,47.0,25.571428571428573,358.0,59.0,AFC East,-1,-8.285714285714286,-116,0.42873088450011526,0.5757857142857142,5.268571428571429,4.248443398642522,1.0,0.7142857142857143,0.9038461538461539,53.214285714285715,2.142857142857143,-19.0,0.3717019092019092,0.6537857142857143,8.145,3.740665950928279,1.9285714285714286,0.5714285714285714,0.9027777777777778,45.07142857142857,0.7857142857142857,0.3717019092019092,-0.5694692004711852,2016-12-24,2016,0.2908916809114536,0.3663343242618382,NWE,14.0,12.0,0.8571428571428571,10.642857142857142,149,10.714285714285714,150,5.114285714285715,-0.04736268639711359,-13.771428571428572,-0.1936321710811884,2.4636807636807636,1.625575813075813,0.8381049506049505,9.821853836169312,26.071428571428573,365.0,65.0,16.642857142857142,233.0,45.0,AFC East,5,9.428571428571429,132,0.42845338422261503,0.6661428571428571,8.667142857142858,3.952637313602886,1.8571428571428572,1.1428571428571428,0.8125,52.5,0.7857142857142857,6.0,0.4377808815834026,0.6195714285714286,6.4871428571428575,3.8063678289188116,1.3571428571428572,0.42857142857142855,0.7583333333333333,55.714285714285715,1.2142857142857142,0.4377808815834026,2.1781461638306876,2016,0.5041128958048872,0.32524598922494324,NYJ vs. NWE,NWE,41,1633.4881436706355,2.0,NYJ,3,1346.5596837994758,24.0,1,38,-17.0,1,-1500.0,1051.0,1,0
PIT,2.0,13.0,6.5,10.277777777777779,185,10.444444444444445,188,-7.827777777777778,0.3318600644847931,-13.455555555555556,0.09053922504858804,2.516438808105475,1.8985987777654445,0.6178400303400304,11.058156618470143,24.833333333333332,447.0,81.0,19.72222222222222,355.0,67.0,AFC North,9,5.111111111111111,92,0.5516796928561635,0.6461666666666667,7.195555555555556,4.331860064484793,1.9444444444444444,0.8333333333333334,0.905128205128205,65.61111111111111,1.1666666666666667,7.0,0.42143289263387307,0.6553888888888888,6.3438888888888885,4.090539225048588,1.2222222222222223,0.8888888888888888,0.8066666666666666,58.0,1.5555555555555556,0.42143289263387307,1.941843381529857,2017-01-22,2016,0.862944091632212,0.5242114536236713,NWE,1.0,15.0,15.0,10.823529411764707,184,10.882352941176471,185,4.976470588235294,-0.12032452620277656,-20.064705882352943,-0.1798339548069616,2.596904402786756,1.509000639882993,1.0879037629037627,12.573984381725126,27.941176470588236,475.0,83.0,15.647058823529411,266.0,52.0,AFC East,8,12.294117647058824,209,1.0326421842046842,0.6562352941176471,8.622941176470588,3.8796754737972234,2.0,1.1764705882352942,0.8277777777777777,51.11764705882353,0.8235294117647058,12.0,0.45179527316205514,0.6051764705882353,5.767058823529412,3.8201660451930386,1.2941176470588236,0.35294117647058826,0.7571428571428571,59.11764705882353,1.5294117647058822,0.45179527316205514,2.4260156182748744,2016,1.5454309582435575,0.6819070927042891,PIT vs. NWE,NWE,36,1796.0588819992868,1.0,PIT,17,1770.746144204666,5.0,1,19,-5.5,1,-218.0,195.0,0,1
NOR,1.0,0.0,0.0,11.0,11,10.0,10,31.0,0.0,-1.5,2.4230769230769234,3.090909090909091,3.5,-0.40909090909090917,0.48283163640854493,34.0,34.0,6.0,35.0,35.0,6.0,NFC South,-1,-1.0,-1,0.5,0.667,11.88,4.0,4.0,0.0,0.5,53.0,1.0,-1.0,0.36363636363636365,0.632,8.92,6.423076923076923,1.0,3.0,1.0,141.0,0.0,0.36363636363636365,-0.48283163640854493,2016-09-18,2016,0.28209183468624816,-0.289698981845127,NYG,1.0,1.0,1.0,9.0,9,8.0,8,9.700000000000003,0.708333333333333,-30.599999999999994,-0.6333333333333333,2.2222222222222223,2.375,-0.15277777777777768,0.5303539051034953,20.0,20.0,3.0,19.0,19.0,5.0,NFC East,1,1.0,1,0.5,0.679,7.79,4.708333333333333,3.0,0.0,,40.0,1.0,-1.0,0.5,0.556,5.04,3.3666666666666667,0.0,1.0,1.0,50.0,0.0,0.5,0.46964609489650466,2016,0.4898820316321682,0.29352880931031544,NOR vs. NYG,NYG,16,1550.0,1.0,NOR,13,1450.0,17.0,1,3,-3.5,0,-190.0,171.0,0,0
SEA,6.0,4.0,0.6666666666666666,10.833333333333334,65,10.833333333333334,65,-6.4333333333333345,-0.9449314715655973,-27.71666666666667,-0.7547841389776874,1.7101010101010103,1.2984848484848486,0.41161616161616177,3.3186843620447135,18.5,111.0,23.0,14.0,84.0,16.0,NFC West,0,4.5,27,0.42666666666666664,0.6648333333333333,7.373333333333334,3.055068528434403,1.0,0.8333333333333334,0.8888888888888888,70.66666666666667,0.8333333333333334,1.0,0.355746336996337,0.5846666666666667,5.456666666666667,3.245215861022313,0.6666666666666666,0.5,0.75,54.0,1.0,0.355746336996337,0.6813156379552865,2016-10-30,2016,0.3940263068537734,0.23307961591611434,NOR,6.0,2.0,0.3333333333333333,11.0,66,10.5,63,2.5499999999999994,-0.27961744138214706,2.0333333333333314,0.17456925790259126,2.646095571095571,3.241941391941392,-0.5958458208458207,2.5879633128353037,29.333333333333332,176.0,29.0,32.5,195.0,31.0,NFC South,-1,-3.1666666666666665,-19,0.5266666666666666,0.6828333333333334,7.785,3.720382558617853,2.8333333333333335,0.8333333333333334,0.7083333333333333,73.16666666666667,1.3333333333333333,0.0,0.4811392311392311,0.6686666666666666,8.388333333333334,4.174569257902591,1.5,1.8333333333333333,0.9583333333333334,54.666666666666664,1.3333333333333333,0.4811392311392311,-0.5879633128353037,2016,0.39633602001963686,0.36183369656641684,SEA vs. NOR,NOR,25,1441.3094255105466,25.0,SEA,20,1566.0984274361113,5.0,1,5,1.0,1,-105.0,-105.0,0,0
NOR,7.0,3.0,0.42857142857142855,10.714285714285714,75,10.142857142857142,71,3.028571428571429,-0.30905984771530975,-1.585714285714287,0.2000509605551622,2.664907314907315,3.135949764521193,-0.47104244961387814,3.217178216181671,28.714285714285715,201.0,35.0,30.714285714285715,215.0,34.0,NFC South,1,-2.0,-14,0.5499999999999999,0.6954285714285715,7.782857142857142,3.69094015228469,2.5714285714285716,0.8571428571428571,0.7666666666666666,64.14285714285714,1.2857142857142858,0.0,0.49811934097648386,0.6644285714285714,8.142857142857142,4.200050960555162,1.2857142857142858,1.7142857142857142,0.9642857142857143,57.714285714285715,1.2857142857142858,0.49811934097648386,-0.21717821618167088,2016-11-06,2016,0.45218811892122196,0.39560551438596214,SFO,7.0,1.0,0.14285714285714285,12.428571428571429,87,12.285714285714286,86,-32.699999999999996,0.1057385505184649,-5.800000000000002,0.927061803596884,1.656517094017094,2.576777983920841,-0.9202608899037471,2.1765833090132576,20.571428571428573,144.0,25.0,31.285714285714285,219.0,37.0,NFC West,-6,-10.714285714285714,-75,0.40277777777777773,0.5509999999999999,4.55,4.105738550518465,1.0,1.4285714285714286,0.9,34.857142857142854,1.8571428571428572,-2.0,0.3586973250838797,0.5970000000000001,7.291428571428571,4.927061803596884,2.142857142857143,1.4285714285714286,0.8611111111111112,63.714285714285715,1.5714285714285714,0.3586973250838797,-1.1765833090132576,2016,0.23905651440832276,0.2964558431337367,NOR vs. SFO,SFO,23,1301.0241369840692,28.0,NOR,41,1508.5336337831393,16.0,0,-18,5.0,0,190.0,-212.0,0,0
NOR,12.0,5.0,0.4166666666666667,10.916666666666666,131,10.583333333333334,127,4.891666666666665,0.2107319539121011,-4.916666666666667,-0.061578641821608514,2.614251489251489,2.7454688829688827,-0.13121739371739374,5.904533156593548,28.916666666666668,347.0,60.0,27.916666666666668,335.0,59.0,NFC South,-1,1.0,12,0.49811097992916176,0.7161666666666666,7.9575000000000005,4.210731953912101,2.5833333333333335,0.9166666666666666,0.7962962962962963,57.5,1.5833333333333333,-2.0,0.48409232379820616,0.6378333333333334,7.700833333333333,3.938421358178392,1.5833333333333333,1.0833333333333333,0.9545454545454546,53.166666666666664,1.4166666666666667,0.48409232379820616,-0.9045331565935477,2016-12-11,2016,0.42349110089337605,0.3908350024678351,TAM,12.0,7.0,0.5833333333333334,10.75,129,11.0,132,-8.508333333333335,-0.4772746828330667,-11.908333333333331,0.4851258116883117,2.224389730639731,2.190040283790284,0.03434944684944687,6.3080643454680745,23.083333333333332,277.0,45.0,23.75,285.0,48.0,NFC South,4,-0.6666666666666666,-8,0.49438869211596487,0.6301666666666667,7.014166666666667,3.5227253171669335,2.0,0.5,0.5933333333333334,61.083333333333336,1.5833333333333333,3.0,0.4311577311577312,0.6081666666666666,7.004166666666666,4.485125811688312,1.8333333333333333,0.8333333333333334,0.7777777777777778,63.5,1.8333333333333333,0.4311577311577312,0.6919356545319255,2016,0.36895161786430014,0.3543010804403614,NOR vs. TAM,TAM,16,1655.282822288788,9.0,NOR,11,1447.0850074054013,20.0,1,5,-2.0,1,-128.0,116.0,1,0
TAM,14.0,8.0,0.5714285714285714,10.714285714285714,150,11.0,154,-12.10714285714286,-0.5825619730405877,-14.15,0.4626971243042672,2.159367021867022,2.1174371263656977,0.04192989550132409,7.365917892985208,22.357142857142858,313.0,53.0,23.0,322.0,57.0,NFC South,-1,-0.6428571428571429,-9,0.5154689327766251,0.6187857142857143,6.731428571428571,3.4174380269594122,1.8571428571428572,0.5,0.6611111111111111,59.5,1.6428571428571428,3.0,0.42634032634032637,0.628357142857143,6.724285714285714,4.462697124304268,1.5714285714285714,0.8571428571428571,0.7857142857142857,68.35714285714286,1.8571428571428572,0.42634032634032637,0.634082107014792,2016-12-24,2016,0.3693363579389447,0.36045578854352656,NOR,14.0,6.0,0.42857142857142855,10.857142857142858,152,10.357142857142858,145,2.249999999999999,0.10473453192465808,-4.978571428571429,0.1404155859216145,2.6550727050727048,2.7889733282590425,-0.13390062318633747,6.788374930632483,29.0,406.0,71.0,28.0,392.0,68.0,NFC South,1,1.0,14,0.4959361151668844,0.7125,7.67,4.104734531924658,2.5,0.9285714285714286,0.8333333333333333,60.0,1.6428571428571428,-4.0,0.4828326668662803,0.6406428571428571,7.68,4.140415585921614,1.5,1.2142857142857142,0.8846153846153846,53.92857142857143,1.3571428571428572,0.4828326668662803,-0.7883749306324832,2016,0.44080140034073956,0.4090593619295523,TAM vs. NOR,NOR,31,1447.0850074054013,20.0,TAM,24,1655.282822288788,9.0,1,7,-3.0,1,-170.0,153.0,1,0
WAS,2.0,0.0,0.0,9.0,18,9.0,18,-22.299999999999997,0.7034313725490193,6.549999999999997,0.15000000000000013,2.1666666666666665,3.611111111111111,-1.4444444444444446,0.5201719261484352,19.5,39.0,9.0,32.5,65.0,11.0,NFC East,-2,-13.0,-26,0.0,0.6535,6.3149999999999995,4.703431372549019,0.5,1.0,1.0,53.0,1.5,-1.0,0.35833333333333334,0.7315,8.754999999999999,4.15,1.5,2.5,1.0,60.0,1.0,0.35833333333333334,-0.5201719261484352,2016-09-25,2016,0.3699570184628912,0.14661413367686704,NYG,2.0,2.0,1.0,9.5,19,9.5,19,6.100000000000001,-0.6458333333333335,-21.299999999999997,-0.7397435897435898,1.9111111111111112,1.7784090909090908,0.13270202020202027,1.1509561654776297,18.0,36.0,6.0,16.0,32.0,8.0,NFC East,2,2.0,4,0.0,0.7295,8.2,3.3541666666666665,1.5,0.0,0.75,32.5,2.0,-4.0,0.48333333333333334,0.6075,5.555,3.26025641025641,0.5,0.5,0.8333333333333333,63.0,0.0,0.48333333333333334,0.8490438345223703,2016,0.44984902650353215,0.38927238621523585,WAS vs. NYG,NYG,27,1585.9935000197115,1.0,WAS,29,1400.0,25.0,0,-2,-3.5,0,-174.0,157.0,1,0
PHI,7.0,4.0,0.5714285714285714,10.428571428571429,73,10.142857142857142,71,-10.657142857142857,0.16138763197586733,-21.04285714285714,0.4352779495636639,2.4763347763347765,1.6690476190476191,0.8072871572871572,4.794639946374995,25.571428571428573,179.0,32.0,16.714285714285715,117.0,21.0,NFC East,-1,8.857142857142858,62,0.6138888888888889,0.6444285714285715,6.565714285714286,4.161387631975868,1.2857142857142858,0.8571428571428571,0.9523809523809523,71.0,1.0,6.0,0.354978354978355,0.5828571428571429,6.0042857142857144,4.435277949563664,1.1428571428571428,0.5714285714285714,0.7857142857142857,55.0,1.8571428571428572,0.354978354978355,-0.7946399463749954,2016-11-06,2016,0.38859397596086137,0.21994479099823963,NYG,7.0,4.0,0.5714285714285714,10.857142857142858,76,10.714285714285714,75,-12.9,-0.6202981192476992,-20.957142857142856,-0.4664273226773227,1.7657287157287158,1.9413836163836165,-0.17565490065490058,3.390090135502611,19.0,133.0,24.0,20.142857142857142,141.0,31.0,NFC East,2,-1.1428571428571428,-8,0.4611111111111111,0.6474285714285715,6.738571428571428,3.3797018807523007,1.1428571428571428,0.5714285714285714,0.9583333333333334,66.42857142857143,2.0,-7.0,0.34024438385340644,0.6007142857142858,5.9399999999999995,3.5335726773226774,1.0,0.7142857142857143,0.8809523809523808,63.42857142857143,1.0,0.34024438385340644,0.6099098644973888,2016,0.343304204413416,0.39029943961794106,PHI vs. NYG,NYG,28,1543.7930733991195,9.0,PHI,23,1544.6702091613786,9.0,1,5,-3.0,1,-149.0,135.0,1,0
NYG,11.0,8.0,0.7272727272727273,11.363636363636363,125,11.545454545454545,127,-9.41818181818182,-0.564043189550289,-22.763636363636362,-0.5047074680918555,1.853365826093099,1.7473110223110224,0.1060548037820766,6.0633545705074505,21.0,231.0,38.0,19.363636363636363,213.0,46.0,NFC East,6,1.6363636363636365,18,0.393531746031746,0.628909090909091,6.822727272727272,3.4359568104497114,1.8181818181818181,0.45454545454545453,0.9642857142857143,58.63636363636363,1.7272727272727273,-5.0,0.343891780733886,0.5878181818181818,6.009090909090909,3.4952925319081447,0.9090909090909091,0.8181818181818182,0.856060606060606,56.54545454545455,1.2727272727272727,0.343891780733886,1.9366454294925495,2016-12-04,2016,0.3575218373241577,0.3930463061966051,PIT,11.0,6.0,0.5454545454545454,10.545454545454545,116,10.545454545454545,116,-3.845454545454547,0.23942339947537114,-8.97272727272727,0.06068700806596567,2.4230749048930864,1.9203248771430592,0.5027500277500278,6.3816186522704825,24.181818181818183,266.0,44.0,20.181818181818183,222.0,42.0,AFC North,2,4.0,44,0.5753571428571428,0.6461818181818182,7.574545454545454,4.239423399475371,2.1818181818181817,0.7272727272727273,0.8238095238095238,65.0909090909091,0.9090909090909091,4.0,0.43199730305345274,0.6534545454545454,7.1381818181818195,4.060687008065965,1.1818181818181819,0.9090909090909091,0.76,57.45454545454545,1.2727272727272727,0.43199730305345274,-0.38161865227048253,2016,0.3661510809561902,0.31659248950206875,NYG vs. PIT,PIT,24,1506.182555314986,11.0,NYG,14,1645.8975233014328,4.0,1,10,-7.0,1,-315.0,277.0,0,0
NYG,14.0,10.0,0.7142857142857143,11.428571428571429,160,11.642857142857142,163,-10.557142857142859,-0.5588423762050972,-24.4,-0.45602955199698414,1.719574076716934,1.6049218638504352,0.11465221286649867,7.902813926288472,19.428571428571427,272.0,45.0,17.857142857142858,250.0,54.0,NFC East,2,1.5714285714285714,22,0.46844202805741264,0.6324285714285713,6.533571428571428,3.441157623794903,1.7857142857142858,0.35714285714285715,0.9722222222222222,54.642857142857146,1.7142857142857142,-3.0,0.33971212580235133,0.5849285714285715,5.804285714285714,3.543970448003016,0.9285714285714286,0.6428571428571429,0.8154761904761905,57.57142857142857,1.5,0.33971212580235133,2.097186073711528,2016-12-22,2016,0.32338097023081197,0.3572515547679327,PHI,14.0,5.0,0.35714285714285715,10.642857142857142,149,10.285714285714286,144,-21.614285714285717,0.15573140997289606,-8.735714285714286,0.14763286805212286,2.160772560772561,2.1691558441558443,-0.008383283383283424,7.279067278730604,22.571428571428573,316.0,59.0,21.357142857142858,299.0,55.0,NFC East,-5,1.2142857142857142,17,0.5614833884064653,0.6269285714285714,5.500714285714286,4.155731409972896,0.9285714285714286,1.0,0.8474358974358973,62.785714285714285,1.3571428571428572,2.0,0.3776121054482399,0.6100714285714286,7.398571428571429,4.147632868052122,1.6428571428571428,0.7142857142857143,0.7628205128205128,53.714285714285715,1.5,0.3776121054482399,-2.2790672787306043,2016,0.33151247869362144,0.2924857637251075,NYG vs. PHI,PHI,24,1544.6702091613786,9.0,NYG,19,1543.7930733991195,9.0,1,5,-2.0,1,-126.0,114.0,1,0
NYG,15.0,10.0,0.6666666666666666,11.466666666666667,172,11.533333333333333,173,-12.433333333333335,-0.4842528844580907,-24.546666666666667,-0.43007202630829633,1.7104913604913605,1.657927072927073,0.05256428756428765,8.267827936740325,19.4,291.0,50.0,18.266666666666666,274.0,57.0,NFC East,-1,1.1333333333333333,17,0.4604920872778015,0.6304666666666667,6.3533333333333335,3.515747115541909,1.7333333333333334,0.3333333333333333,0.975,54.333333333333336,1.8,-5.0,0.3473676810518916,0.5832666666666667,5.798666666666667,3.5699279736917036,0.9333333333333333,0.6666666666666666,0.8277777777777777,54.06666666666667,1.4666666666666666,0.3473676810518916,1.732172063259675,2017-01-01,2016,0.32426690045076895,0.34556216092709113,WAS,15.0,8.0,0.5333333333333333,9.866666666666667,148,9.866666666666667,148,-0.4466666666666669,0.39155412065589096,-8.973333333333334,0.59829864093022,2.670754985754986,2.567833277833278,0.10292170792170782,7.96028179200272,25.733333333333334,386.0,74.0,24.266666666666666,364.0,62.0,NFC East,1,1.4666666666666666,22,0.4840871430157145,0.6705333333333333,8.160666666666666,4.391554120655892,1.6,1.1333333333333333,0.8,57.8,1.2,3.0,0.4474478625949214,0.6557333333333334,6.968,4.59829864093022,1.4666666666666666,1.2,0.7476190476190476,65.4,1.4,0.4474478625949214,0.03971820799728043,2016,0.501323940266576,0.3921002382413655,NYG vs. WAS,WAS,10,1400.0,25.0,NYG,19,1585.9935000197115,1.0,0,-9,-10.0,0,-430.0,369.0,1,0
SEA,3.0,2.0,0.6666666666666666,10.666666666666666,32,10.666666666666666,32,-12.1,-0.5371863799283155,-32.0,-0.6283870967741936,1.5656565656565657,1.1363636363636365,0.42929292929292934,1.521812472827384,17.333333333333332,52.0,11.0,12.333333333333334,37.0,8.0,NFC West,1,5.0,15,0.25,0.6483333333333333,6.923333333333333,3.462813620071685,1.0,0.6666666666666666,1.0,77.66666666666667,1.6666666666666667,-4.0,0.4210164835164836,0.5706666666666668,5.1433333333333335,3.3716129032258064,0.0,1.0,0.6666666666666666,51.0,0.3333333333333333,0.4210164835164836,0.4781875271726159,2016-10-02,2016,0.3985423208218622,0.20651562726438466,NYJ,3.0,1.0,0.3333333333333333,10.666666666666666,32,9.0,27,-29.633333333333336,0.6005050505050504,8.200000000000003,-0.6023391812865498,2.0500000000000003,2.9148148148148145,-0.8648148148148147,1.084195509769244,20.666666666666668,62.0,13.0,26.0,78.0,11.0,AFC East,-1,-5.333333333333333,-16,0.25,0.568,4.946666666666667,4.60050505050505,1.0,1.0,0.9166666666666666,53.333333333333336,3.3333333333333335,-7.0,0.4829059829059829,0.7126666666666667,9.22,3.3976608187134505,1.6666666666666667,0.3333333333333333,0.9166666666666666,54.0,1.0,0.4829059829059829,-0.08419550976924395,2016,0.3948485247187482,0.260170980154794,SEA vs. NYJ,NYJ,17,1450.0,16.0,SEA,27,1535.9935000197115,6.0,0,-10,1.0,0,102.0,-113.0,0,0
NYJ,4.0,1.0,0.25,10.5,42,9.25,37,-34.325,0.1753787878787878,13.825,-0.8171390013495278,1.9625000000000001,2.861111111111111,-0.898611111111111,1.3346072120380357,19.75,79.0,15.0,26.25,105.0,16.0,AFC East,-2,-6.5,-26,0.38888888888888884,0.5662499999999999,4.515000000000001,4.175378787878787,1.0,0.75,0.9375,55.0,3.25,-10.0,0.4788461538461538,0.71425,9.635000000000002,3.1828609986504723,2.0,0.25,0.9375,58.25,0.75,0.4788461538461538,-0.3346072120380357,2016-10-09,2016,0.3272672132108897,0.2881505716715637,PIT,4.0,3.0,0.75,11.0,44,11.5,46,-0.40000000000000036,0.24380341880341894,-9.375,0.03472222222222221,2.5161616161616163,1.8527777777777779,0.6633838383838384,2.5470180815571624,27.0,108.0,17.0,20.0,80.0,16.0,AFC North,1,7.0,28,0.8888888888888888,0.651,8.135,4.243803418803418,2.75,0.75,0.8333333333333334,70.0,1.25,1.0,0.4909281894576012,0.6535,7.2525,4.034722222222222,1.25,0.75,0.75,56.25,1.5,0.4909281894576012,0.45298191844283764,2016,0.4301175716677741,0.3002592972558989,NYJ vs. PIT,PIT,31,1598.275315767206,3.0,NYJ,13,1412.1287919369763,17.0,1,18,-10.0,1,-390.0,338.0,0,0
NYJ,12.0,3.0,0.25,10.75,129,10.0,120,-26.366666666666664,0.1445607766771451,-1.0833333333333333,-0.6081119461392295,1.6220238095238095,2.6184942372442372,-0.9964704277204278,3.804738614557002,17.166666666666668,206.0,39.0,25.583333333333332,307.0,52.0,AFC East,-4,-8.416666666666666,-101,0.44316214088941364,0.57175,5.505833333333334,4.144560776677145,1.0833333333333333,0.6666666666666666,0.8863636363636364,53.916666666666664,2.0833333333333335,-15.0,0.3688374125874126,0.6590833333333334,7.811666666666667,3.3918880538607703,1.8333333333333333,0.5833333333333334,0.9545454545454546,44.666666666666664,0.8333333333333334,0.3688374125874126,-0.8047386145570021,2016-12-11,2016,0.28205115893557936,0.36816221669655275,SFO,12.0,1.0,0.08333333333333333,11.916666666666666,143,11.833333333333334,142,-25.891666666666666,0.4633850954380847,-0.641666666666668,0.7313584627792885,1.6314143032893034,2.6405816405816407,-1.0091673372923373,3.3865104435354696,19.5,234.0,43.0,30.833333333333332,370.0,63.0,NFC West,-11,-11.333333333333334,-136,0.4345303686212777,0.5445833333333333,5.263333333333333,4.463385095438085,1.25,0.9166666666666666,0.95,55.083333333333336,1.6666666666666667,-4.0,0.35731044554573965,0.6155833333333333,8.055,4.731358462779289,2.1666666666666665,1.4166666666666667,0.893939393939394,51.5,1.3333333333333333,0.35731044554573965,-2.3865104435354696,2016,0.24089746557574288,0.3184564800805548,NYJ vs. SFO,SFO,17,1186.2919598786048,30.0,NYJ,23,1302.129017555305,27.0,0,-6,-3.0,0,-146.0,132.0,0,0
PIT,2.0,2.0,1.0,12.0,24,12.0,24,-5.600000000000001,0.1722222222222225,-21.5,-0.4305555555555556,2.9111111111111114,1.422222222222222,1.488888888888889,1.609264489383548,31.0,62.0,10.0,16.0,32.0,8.0,AFC North,2,15.0,30,1.0,0.622,7.095000000000001,4.1722222222222225,3.0,1.0,1.0,67.5,1.5,1.0,0.5273109243697479,0.6359999999999999,6.355,3.5694444444444446,0.5,0.5,1.0,43.0,2.0,0.5273109243697479,0.39073551061645206,2016-09-25,2016,0.4980698980450942,0.23178925176940868,PHI,2.0,2.0,1.0,11.5,23,10.0,20,-7.25,-0.4816176470588236,-34.45,0.6349206349206351,2.5265151515151514,1.2,1.3265151515151514,1.7746540812086518,29.0,58.0,11.0,12.0,24.0,3.0,NFC East,2,17.0,34,0.0,0.6065,7.130000000000001,3.5183823529411766,1.5,1.5,0.8333333333333333,40.0,0.0,4.0,0.26666666666666666,0.5930000000000001,5.380000000000001,4.634920634920635,0.0,1.0,0.5,37.5,2.0,0.26666666666666666,0.22534591879134824,2016,0.5321479371022789,0.09190094390935112,PIT vs. PHI,PHI,34,1585.9935000197115,1.0,PIT,3,1600.0,1.0,1,31,3.5,1,171.0,-190.0,0,0
PHI,4.0,3.0,0.75,10.5,42,9.25,37,3.3000000000000007,0.18181022408963587,-19.374999999999996,-0.21679894179894177,2.7521464646464646,1.4333333333333333,1.318813131313131,3.2462980642712123,28.75,115.0,22.0,12.75,51.0,8.0,NFC East,-1,16.0,64,0.4166666666666667,0.67825,8.02,4.181810224089636,1.75,1.25,0.9166666666666666,72.5,0.5,5.0,0.346969696969697,0.62275,5.9350000000000005,3.7832010582010582,0.75,0.5,0.625,42.5,1.75,0.346969696969697,-0.24629806427121226,2016-10-16,2016,0.49155620586924603,0.1488487532826372,WAS,5.0,3.0,0.6,9.8,49,10.2,51,-8.02,0.19675716440422306,-9.26,1.209248120300752,2.402222222222222,2.5336441336441338,-0.13142191142191154,2.5538597081893437,23.0,115.0,23.0,24.4,122.0,22.0,NFC East,3,-1.4,-7,0.4375,0.6806,6.852000000000001,4.196757164404223,1.4,0.6,0.9,59.4,1.4,2.0,0.38083333333333336,0.6918,6.754,5.209248120300751,1.2,1.6,1.0,82.8,1.8,0.38083333333333336,0.4461402918106563,2016,0.5112703131087555,0.3835885741954292,PHI vs. WAS,WAS,27,1565.1451490111465,10.0,PHI,20,1556.402719657819,8.0,1,7,3.0,1,136.0,-150.0,1,0
PHI,9.0,5.0,0.5555555555555556,10.88888888888889,98,10.666666666666666,96,-14.011111111111111,0.2714886260397097,-19.38888888888889,0.10991703769481559,2.3510020843354176,1.671885521885522,0.6791165624498957,5.933012264878329,25.11111111111111,226.0,42.0,17.77777777777778,160.0,29.0,NFC East,1,7.333333333333333,66,0.6151785714285715,0.6421111111111111,6.3966666666666665,4.27148862603971,1.0,1.1111111111111112,0.8907407407407406,68.55555555555556,1.1111111111111112,6.0,0.337999037999038,0.5817777777777777,6.178888888888888,4.1099170376948155,1.4444444444444444,0.4444444444444444,0.78125,53.55555555555556,1.7777777777777777,0.337999037999038,-0.9330122648783288,2016-11-20,2016,0.38414227310103194,0.23720213462792647,SEA,9.0,6.0,0.6666666666666666,10.11111111111111,91,10.333333333333334,93,-0.9888888888888895,-0.7638155511794781,-20.688888888888886,-0.6509337868873806,2.1832772166105503,1.7483726150392818,0.43490460157126837,4.961388493874213,21.444444444444443,193.0,38.0,17.555555555555557,158.0,30.0,NFC West,2,3.888888888888889,35,0.48020833333333335,0.6747777777777778,8.027777777777779,3.236184448820522,1.2222222222222223,0.8888888888888888,0.925925925925926,70.55555555555556,0.6666666666666666,4.0,0.3749708624708625,0.6322222222222222,6.077777777777778,3.3490662131126196,0.6666666666666666,1.0,0.7777777777777778,56.666666666666664,1.1111111111111112,0.3749708624708625,1.038611506125787,2016,0.46577196243318675,0.3239645701120354,PHI vs. SEA,SEA,26,1619.833772262516,5.0,PHI,15,1560.3861342037128,9.0,1,11,-6.5,1,-265.0,235.0,0,0
WAS,12.0,6.0,0.5,9.666666666666666,116,9.666666666666666,116,-0.20833333333333215,0.4206259602640426,-6.7749999999999995,0.6209307992202729,2.6506232193732195,2.664421226921227,-0.013798007548007604,6.29770739256398,25.25,303.0,59.0,24.583333333333332,295.0,49.0,NFC East,-2,0.6666666666666666,8,0.5237865669683852,0.6740833333333334,8.024166666666668,4.420625960264043,1.75,0.8333333333333334,0.8333333333333334,53.166666666666664,1.1666666666666667,0.0,0.4703293642631878,0.6643333333333333,7.2124999999999995,4.620930799220273,1.4166666666666667,1.4166666666666667,0.7878787878787878,67.75,1.1666666666666667,0.4703293642631878,-0.2977073925639804,2016-12-11,2016,0.49600234471172777,0.3767330012675036,PHI,12.0,5.0,0.4166666666666667,10.75,129,10.333333333333334,124,-19.875,0.17325209706014658,-9.833333333333332,-0.07308170224836885,2.12022792022792,2.0761363636363637,0.04409155659155652,6.420426936740989,22.333333333333332,268.0,49.0,20.416666666666668,245.0,46.0,NFC East,-3,1.9166666666666667,23,0.5691656828020464,0.62975,5.715,4.173252097060146,1.0,1.0,0.8196969696969696,66.25,1.3333333333333333,2.0,0.3618437526525762,0.61175,7.239999999999999,3.9269182977516315,1.5833333333333333,0.5833333333333334,0.8106060606060606,50.333333333333336,1.5,0.3618437526525762,-1.4204269367409887,2016,0.3348831266793873,0.2961427156652652,WAS vs. PHI,PHI,22,1556.402719657819,8.0,WAS,27,1565.1451490111465,10.0,0,-5,1.5,0,109.0,-120.0,1,0
SFO,2.0,1.0,0.5,14.5,29,14.0,28,-25.799999999999997,-0.964285714285714,-27.6,-0.20857814336075187,1.9206730769230769,1.5333333333333334,0.38733974358974343,1.2201298205189264,27.5,55.0,9.0,23.0,46.0,8.0,NFC West,-1,4.5,9,0.0,0.5505,5.3100000000000005,3.035714285714286,1.5,2.0,1.0,30.0,2.0,2.0,0.37815126050420167,0.5429999999999999,5.279999999999999,3.791421856639248,2.0,0.0,1.0,76.0,3.0,0.37815126050420167,-0.22012982051892638,2016-09-25,2016,0.27618675198844245,0.11141002564015337,SEA,2.0,1.0,0.5,10.5,21,10.0,20,-20.699999999999996,-0.8541666666666667,-23.950000000000003,-1.1199999999999999,0.6666666666666666,0.9545454545454546,-0.2878787878787879,0.6752754764168651,7.5,15.0,4.0,9.5,19.0,5.0,NFC West,-1,-2.0,-4,0.0,0.6285000000000001,5.915,3.145833333333333,0.5,0.0,1.0,91.5,1.5,-3.0,0.31009615384615385,0.5760000000000001,6.234999999999999,2.88,0.0,0.5,0.75,59.0,0.0,0.31009615384615385,0.32472452358313486,2016,0.22140233557934616,0.16559056544789186,SFO vs. SEA,SEA,37,1485.9935000197115,9.0,SFO,18,1485.9935000197115,9.0,1,19,-10.5,1,-458.0,391.0,1,0
SEA,10.0,7.0,0.7,10.3,103,10.6,106,0.08999999999999915,-0.5807673293948636,-22.72,-0.5512250235832579,2.1816161616161613,1.688919968919969,0.4926961926961928,5.74783037659326,21.9,219.0,43.0,17.3,173.0,32.0,NFC West,3,4.6,46,0.48858024691358026,0.6667,8.247,3.419232670605136,1.3,0.9,0.9,68.3,0.6,6.0,0.37080710955710955,0.6201000000000001,5.792,3.448774976416742,0.8,0.9,0.7777777777777778,55.8,1.2,0.37080710955710955,1.2521696234067399,2016-11-27,2016,0.4697507706859124,0.30949946032926007,TAM,10.0,5.0,0.5,11.2,112,11.2,112,-10.040000000000003,-0.3798724765425371,-5.519999999999999,0.3288782467532468,2.163712121212121,2.3492604617604615,-0.18554834054834052,4.7240808831583125,23.5,235.0,39.0,25.9,259.0,44.0,NFC South,2,-2.4,-24,0.47597001763668434,0.6144999999999999,6.839,3.6201275234574632,2.1,0.5,0.6583333333333333,63.0,1.6,1.0,0.4425641025641026,0.6205999999999999,7.7010000000000005,4.328878246753247,2.0,0.9,0.8333333333333334,69.0,1.7,0.4425641025641026,0.27591911684168746,2016,0.35782218353288014,0.36441110816163774,SEA vs. TAM,TAM,14,1550.9898972488636,12.0,SEA,5,1661.361092255038,4.0,1,9,5.0,1,197.0,-220.0,0,0
SEA,15.0,9.0,0.6,10.6,159,10.6,159,-6.38,-0.08262838883984844,-16.96,-0.5864427489074001,2.1373944573944574,1.684009324009324,0.4533851333851334,8.291017845254808,21.933333333333334,329.0,63.0,17.933333333333334,269.0,48.0,NFC West,-1,4.0,60,0.4589781250495536,0.6559333333333334,7.239333333333334,3.9173716111601515,1.4666666666666666,0.8,0.9,62.4,1.2,-1.0,0.3824156725627314,0.6134666666666667,6.472666666666667,3.4135572510926,1.0,0.9333333333333333,0.7051282051282051,60.0,1.1333333333333333,0.3824156725627314,0.7089821547451916,2017-01-01,2016,0.4149542455970428,0.29602982952946294,SFO,15.0,2.0,0.13333333333333333,11.933333333333334,179,11.8,177,-22.34,0.700639962259365,-3.973333333333334,0.7292583429736411,1.5910044585044585,2.621268731268731,-1.0302642727642728,4.303904588216456,19.066666666666666,286.0,51.0,30.333333333333332,455.0,78.0,NFC West,1,-11.266666666666667,-169,0.42363806828092543,0.565,5.42,4.700639962259364,1.3333333333333333,0.8666666666666667,0.893939393939394,53.733333333333334,1.5333333333333334,-3.0,0.35272869831693365,0.6167999999999999,7.742,4.729258342973641,1.9333333333333333,1.6,0.9102564102564104,49.733333333333334,1.3333333333333333,0.35272869831693365,-2.303904588216456,2016,0.24115488491655893,0.3436141024930759,SEA vs. SFO,SFO,23,1485.9935000197115,9.0,SEA,25,1485.9935000197115,9.0,0,-2,11.5,1,423.0,-500.0,1,0
TAM,5.0,2.0,0.4,11.8,59,11.6,58,-23.740000000000002,-0.6284166284166283,-3.5599999999999996,-0.3527196969696968,1.6712121212121211,2.4242424242424243,-0.7530303030303029,1.7300306391855749,18.8,94.0,15.0,28.4,142.0,23.0,NFC South,1,-9.6,-48,0.4375,0.5890000000000001,5.386,3.371583371583372,1.8,0.4,0.4,55.2,2.2,-5.0,0.379423076923077,0.603,8.414,3.6472803030303034,1.8,1.2,0.8,64.2,1.2,0.379423076923077,0.26996936081442513,2016-10-23,2016,0.267964543770225,0.33865274240941995,SFO,6.0,1.0,0.16666666666666666,12.5,75,12.333333333333334,74,-30.266666666666666,-0.16235264344274336,-9.516666666666667,0.7360436489118117,1.6964921652421652,2.534018759018759,-0.837526593776594,2.014493289768654,21.166666666666668,127.0,22.0,30.833333333333332,185.0,31.0,NFC West,-5,-9.666666666666666,-58,0.4033333333333333,0.5643333333333332,4.876666666666666,3.8376473565572566,1.0,1.5,0.875,35.5,1.6666666666666667,0.0,0.351813545931193,0.5798333333333333,6.956666666666666,4.736043648911812,2.0,1.5,0.9,61.333333333333336,1.6666666666666667,0.351813545931193,-1.0144932897686538,2016,0.24373588361131027,0.27826736039903543,TAM vs. SFO,SFO,17,1332.525609562687,26.0,TAM,34,1467.4657612445594,15.0,0,-17,-1.0,0,-115.0,104.0,0,0
