Aw_Tm,Aw_G,Aw_W,Aw_Wpct,Aw_Poss,Aw_TotPoss,Aw_OppPoss,Aw_TotOppPoss,Aw_PassOffEff,Aw_RushOffEff,Aw_PassDefEff,Aw_RushDefEff,Aw_TmOffEff,Aw_TmDefEff,Aw_TmEff,Aw_TmLuckW,Aw_Pts,Aw_TotPts,Aw_TotScorePlays,Aw_OppPts,Aw_TotOppPts,Aw_TotOppScorePlays,Aw_TmDiv,Aw_WStreak,Aw_AvgMoV,Aw_TotPtDiff,Aw_OppSOS,Aw_PassCmppct,Aw_PassAdjYdsAtt,Aw_RushYdsAtt,Aw_PassTDG,Aw_RushTDG,Aw_FGpct,Aw_PenYdsG,Aw_TOVG,Aw_TO,Aw_Dwn3Conv,Aw_OppPassCmppct,Aw_OppPassAdjYdsAtt,Aw_OppRushYdsAtt,Aw_OppPassTDG,Aw_OppRushTDG,Aw_OppFGpct,Aw_OppPenYdsG,Aw_OppTOVG,Aw_OppDwn3Conv,Aw_TmLuck,Game Date,Aw_Season,Aw_OffEffAdj,Aw_DefEffAdj,Hm_Tm,Hm_G,Hm_W,Hm_Wpct,Hm_Poss,Hm_TotPoss,Hm_OppPoss,Hm_TotOppPoss,Hm_PassOffEff,Hm_RushOffEff,Hm_PassDefEff,Hm_RushDefEff,Hm_TmOffEff,Hm_TmDefEff,Hm_TmEff,Hm_TmLuckW,Hm_Pts,Hm_TotPts,Hm_TotScorePlays,Hm_OppPts,Hm_TotOppPts,Hm_TotOppScorePlays,Hm_TmDiv,Hm_WStreak,Hm_AvgMoV,Hm_TotPtDiff,Hm_OppSOS,Hm_PassCmppct,Hm_PassAdjYdsAtt,Hm_RushYdsAtt,Hm_PassTDG,Hm_RushTDG,Hm_FGpct,Hm_PenYdsG,Hm_TOVG,Hm_TO,Hm_Dwn3Conv,Hm_OppPassCmppct,Hm_OppPassAdjYdsAtt,Hm_OppRushYdsAtt,Hm_OppPassTDG,Hm_OppRushTDG,Hm_OppFGpct,Hm_OppPenYdsG,Hm_OppTOVG,Hm_OppDwn3Conv,Hm_TmLuck,Hm_Season,Hm_OffEffAdj,Hm_DefEffAdj,Matchup,Home Team,Home Elo,Home Lg Rank,Away Team,Away Elo,Away Lg Rank,Home W,Home Pt Diff,Home Spread,Home Spread W,Home Moneyline,Away Moneyline,Divisional Game,Playoff Game
ARI,1.0,0.0,0.0,15.0,15,16.0,16,-27.299999999999997,0.741847826086957,7.700000000000003,-0.5027173913043477,1.8,1.6875,0.11250000000000004,0.5,27.0,27.0,6.0,27.0,27.0,5.0,NFC West,0,0.0,0,0.5,0.537,5.0,4.869565217391305,2.0,0.0,1.0,35.0,1.0,1.0,0.4090909090909091,0.6,9.36,3.625,3.0,0.0,1.0,59.0,2.0,0.4090909090909091,-0.5,2019-09-15,2019,0.2,-0.15625,BAL,1.0,1.0,1.0,10.0,10,11.0,11,58.30000000000001,1.633152173913044,-51.2,-2.3777173913043477,5.9,0.9090909090909091,4.990909090909091,0.9853222654503284,59.0,59.0,9.0,10.0,10.0,2.0,AFC North,1,49.0,49,0.5,0.885,19.15,5.760869565217392,6.0,2.0,1.0,40.0,0.0,3.0,0.6363636363636364,0.469,3.41,1.75,1.0,0.0,1.0,64.0,3.0,0.6363636363636364,0.014677734549671584,2019,0.9132099610947044,0.002668679009031197,ARI vs. BAL,BAL,1550.0,1.0,ARI,1450.0,16.0,1,6,-13.0,0,-665.0,513.0,0,0
CAR,2.0,0.0,0.0,13.0,26,11.5,23,-30.950000000000003,-0.34053203661327225,-15.600000000000001,0.07893583450210384,1.576923076923077,2.159090909090909,-0.5821678321678321,0.7383118476210178,20.5,41.0,9.0,25.0,50.0,10.0,NFC South,-2,-4.5,-9,0.0,0.574,5.32,3.7871853546910756,0.0,1.5,0.8333333333333333,48.0,2.0,-3.0,0.3344155844155844,0.615,6.205,4.206653225806452,1.0,1.5,0.7083333333333333,54.5,0.5,0.3344155844155844,-0.7383118476210178,2019-09-22,2019,0.2183691032963623,0.05688872877803962,ARI,2.0,0.0,0.0,12.0,24,12.5,25,-19.449999999999996,-0.7838438735177864,5.450000000000003,0.4423583662714101,1.8444444444444446,2.1215277777777777,-0.27708333333333324,0.8281849702113291,22.0,44.0,10.0,25.0,50.0,10.0,NFC West,-1,-3.0,-6,1.0,0.581,6.615,3.3438735177865615,1.0,0.5,1.0,52.5,0.5,1.0,0.29545454545454547,0.6245,8.705,4.570075757575758,2.5,0.0,1.0,60.5,1.0,0.29545454545454547,-0.8281849702113291,2019,0.24412813120597313,0.034363005957734186,CAR vs. ARI,ARI,1414.0064999802885,23.0,CAR,1400.0,23.0,0,-18,-2.5,0,-131.0,118.0,0,0
SEA,3.0,2.0,0.6666666666666666,11.666666666666666,35,11.333333333333334,34,19.2,-0.2578494814364376,-0.7333333333333343,-0.3553312629399585,2.1818181818181817,2.400699300699301,-0.2188811188811189,1.4559665785785603,25.333333333333332,76.0,11.0,26.333333333333332,79.0,12.0,NFC West,-1,-1.0,-3,0.25,0.723,9.486666666666666,3.86986790986791,2.3333333333333335,1.3333333333333333,0.0,67.0,1.3333333333333333,1.0,0.35836385836385837,0.6593333333333333,7.239999999999999,3.77238612836439,2.0,0.6666666666666666,0.8333333333333333,68.33333333333333,1.6666666666666667,0.35836385836385837,0.5440334214214397,2019-09-29,2019,0.37127969176796033,0.2992980495789929,ARI,3.0,0.0,0.0,11.666666666666666,35,11.666666666666666,35,-23.366666666666664,-0.06513504611330682,17.3,0.7792148341762651,1.8356902356902356,2.6810185185185182,-0.8453282828282828,1.0074707769743196,21.333333333333332,64.0,14.0,29.333333333333332,88.0,16.0,NFC West,-2,-8.0,-24,0.5,0.62,5.006666666666667,4.062582345191041,1.3333333333333333,0.3333333333333333,1.0,52.333333333333336,1.0,0.0,0.3734402852049911,0.66,9.906666666666666,4.906932225480613,3.0,0.3333333333333333,1.0,52.0,1.0,0.3734402852049911,-1.0074707769743196,2019,0.26567056307009074,0.15124254827057984,SEA vs. ARI,ARI,1361.991893872262,26.0,SEA,1523.864708082735,8.0,0,-17,5.5,0,209.0,-238.0,1,0
ARI,4.0,0.0,0.0,10.75,43,10.75,43,-24.224999999999998,0.16921936758893297,16.0,0.6172965926209271,1.6892676767676766,2.8545138888888886,-1.165246212121212,1.094218601877335,18.5,74.0,16.0,28.75,115.0,20.0,NFC West,-3,-10.25,-41,0.5555555555555555,0.637,5.0125,4.296936758893281,1.0,0.5,0.8333333333333334,50.25,1.0,-1.0,0.36341354723707664,0.6915,9.6175,4.745013983925275,2.5,0.5,1.0,55.25,0.75,0.36341354723707664,-1.094218601877335,2019-10-06,2019,0.27030524633699204,0.22160248815379824,CIN,4.0,0.0,0.0,11.75,47,11.0,44,-23.5,-1.3626797973193852,15.824999999999996,0.009227053140096753,1.1729020979020979,2.5568181818181817,-1.383916083916084,0.964342815020718,14.25,57.0,11.0,27.5,110.0,19.0,AFC North,-4,-13.25,-53,0.6666666666666666,0.60725,5.3999999999999995,2.7650375939849625,1.25,0.25,0.7916666666666666,57.75,2.5,-5.0,0.3646103896103896,0.7255,9.565,4.1369444444444445,2.0,1.25,0.7777777777777777,55.5,1.25,0.3646103896103896,-0.964342815020718,2019,0.17761823954666012,0.21975844610571796,ARI vs. CIN,CIN,1336.9160182128549,26.0,ARI,1333.7362267244305,26.0,0,-3,-3.0,0,-154.0,139.0,0,0
ATL,5.0,1.0,0.2,9.4,47,9.4,47,-6.06,-0.4159526854219947,21.240000000000002,-0.30921893929196387,2.2848484848484847,3.3955555555555557,-1.1107070707070708,1.4991821865696071,20.4,102.0,17.0,30.4,152.0,25.0,NFC South,-3,-10.0,-50,0.5833333333333333,0.7108000000000001,6.75,3.711764705882353,2.2,0.4,0.75,75.4,1.8,-5.0,0.45392857142857146,0.7310000000000001,10.187999999999999,3.8184984520123835,2.4,1.2,1.0,73.0,0.8,0.45392857142857146,-0.4991821865696071,2019-10-13,2019,0.3255910758651774,0.3724274269606801,ARI,5.0,1.0,0.2,10.6,53,10.4,52,-22.08,0.7098320158102769,14.319999999999999,0.6074242306184809,1.8714141414141416,2.794722222222222,-0.9233080808080807,1.6663536633470812,20.0,100.0,22.0,27.6,138.0,25.0,NFC West,1,-7.6,-38,0.41666666666666663,0.6346,5.5600000000000005,4.837549407114625,0.8,0.8,0.8266666666666665,59.4,0.8,-1.0,0.38303853009735367,0.6954,9.284,4.735141621922828,2.4,0.4,1.0,56.2,0.6,0.38303853009735367,-0.6663536633470812,2019,0.3597744128542046,0.32054291698585763,ATL vs. ARI,ARI,1384.1938227280723,24.0,ATL,1369.0569499627543,24.0,1,1,3.0,1,145.0,-161.0,0,0
ARI,6.0,2.0,0.3333333333333333,10.333333333333334,62,10.166666666666666,61,-13.700000000000001,0.48978067784289686,19.13333333333333,0.5049006269646762,2.1891414141414143,2.940046296296296,-0.7509048821548822,2.184034169237962,22.333333333333332,134.0,28.0,28.5,171.0,31.0,NFC West,2,-6.166666666666667,-37,0.37333333333333335,0.6505,6.435,4.617498069147245,1.1666666666666667,0.8333333333333334,0.8555555555555555,59.0,0.6666666666666666,-1.0,0.40894236482471774,0.7183333333333333,9.685,4.6326180182690235,2.6666666666666665,0.3333333333333333,1.0,58.833333333333336,0.5,0.40894236482471774,-0.1840341692379619,2019-10-20,2019,0.4377608689820889,0.4079096741902273,NYG,6.0,2.0,0.3333333333333333,10.833333333333334,65,10.5,63,-26.55,0.8729924516655574,2.166666666666669,-0.01072392725205984,1.6937710437710436,2.6289173789173788,-0.9351463351463352,2.0091672925519513,18.5,111.0,16.0,26.666666666666668,160.0,26.0,NFC East,-2,-8.166666666666666,-49,0.6,0.614,5.055,5.000709842969905,1.1666666666666667,0.8333333333333334,0.8,49.833333333333336,2.5,-7.0,0.3681235431235432,0.6905,8.328333333333333,4.116993464052288,1.6666666666666667,1.1666666666666667,0.7,55.333333333333336,1.3333333333333333,0.3681235431235432,-0.009167292551951256,2019,0.2457777521004328,0.3432847894011885,ARI vs. NYG,NYG,1437.667107837068,15.0,ARI,1432.016828853533,15.0,0,-6,-3.5,0,-188.0,168.0,0,0
ARI,7.0,3.0,0.42857142857142855,10.285714285714286,72,10.285714285714286,72,-15.271428571428572,0.41660426194968153,12.214285714285712,0.5379032477314389,2.262121212121212,2.792766955266955,-0.5306457431457431,2.828686661686233,23.0,161.0,33.0,27.428571428571427,192.0,33.0,NFC West,3,-4.428571428571429,-31,0.3666666666666667,0.6528571428571429,6.121428571428572,4.54432165325403,1.0,1.1428571428571428,0.8761904761904761,62.714285714285715,0.5714285714285714,2.0,0.4171886936592819,0.7055714285714286,8.835714285714285,4.665620639035787,2.4285714285714284,0.42857142857142855,0.8571428571428571,61.142857142857146,0.8571428571428571,0.4171886936592819,0.17131333831376683,2019-10-27,2019,0.46955027810387756,0.4040740876276871,NOR,7.0,6.0,0.8571428571428571,10.0,70,10.428571428571429,73,-3.52857142857143,0.15574379120512186,-10.557142857142859,-0.14349379916150085,2.2968253968253967,2.0072649572649572,0.2895604395604395,4.045517765039985,23.428571428571427,164.0,30.0,21.0,147.0,24.0,NFC South,5,2.4285714285714284,17,0.75,0.690857142857143,7.055714285714286,4.28346118250947,1.5714285714285714,0.5714285714285714,0.875,56.42857142857143,0.7142857142857143,4.0,0.43285286142429,0.6174285714285714,6.934285714285714,3.984223592142847,1.4285714285714286,1.0,1.0,43.714285714285715,1.2857142857142858,0.43285286142429,1.9544822349600146,2019,0.5482336062220416,0.37359603451866996,ARI vs. NOR,NOR,1708.163932089515,3.0,ARI,1482.8298976848423,16.0,1,22,-12.5,1,-625.0,467.0,0,0
SFO,7.0,7.0,1.0,10.714285714285714,75,11.142857142857142,78,-7.82857142857143,0.4918375349418496,-44.542857142857144,0.3042629090970054,2.706890331890332,0.9426930212644499,1.764197310625882,6.178111913608135,29.571428571428573,207.0,35.0,11.0,77.0,13.0,NFC West,7,18.571428571428573,130,0.3222222222222222,0.6977142857142857,6.902857142857143,4.619554926246197,1.2857142857142858,1.8571428571428572,0.7261904761904762,49.714285714285715,1.7142857142857142,4.0,0.46695910298851473,0.5535714285714286,2.7014285714285715,4.431980300401353,0.7142857142857143,0.2857142857142857,0.75,60.0,2.2857142857142856,0.46695910298851473,0.8218880863918647,2019-10-31,2019,0.5214592057594577,0.1624259068188539,ARI,8.0,3.0,0.375,10.25,82,10.125,81,-16.762500000000003,0.30310950983838236,12.737499999999999,0.545217909231276,2.0918560606060606,2.8742266414141415,-0.7823705808080808,2.8793227614162604,21.25,170.0,36.0,27.875,223.0,38.0,NFC West,-1,-6.625,-53,0.436734693877551,0.641125,6.08,4.43082690114273,0.875,1.0,0.8916666666666666,59.25,0.5,3.0,0.385873440285205,0.7162499999999999,8.85875,4.672935300535624,2.5,0.5,0.8125,55.375,0.875,0.385873440285205,0.12067723858373958,2019,0.4456469216295955,0.4175705788058366,SFO vs. ARI,ARI,1461.3650036813524,20.0,SFO,1732.8946507485389,1.0,0,-3,10.5,1,365.0,-445.0,1,0
ARI,9.0,3.0,0.3333333333333333,10.11111111111111,91,10.0,90,-12.200000000000001,0.5499258444940212,15.333333333333334,0.3880100442972103,2.1680695847362514,2.900547138047138,-0.7324775533108867,3.312576291517326,21.666666666666668,195.0,40.0,27.88888888888889,251.0,42.0,NFC West,-2,-6.222222222222222,-56,0.5071428571428571,0.6485555555555556,6.5344444444444445,4.677643235798369,1.0,1.0,0.9037037037037037,59.888888888888886,0.4444444444444444,3.0,0.37077639136462665,0.7207777777777777,9.045555555555556,4.515727435601558,2.6666666666666665,0.4444444444444444,0.8125,57.55555555555556,0.7777777777777778,0.37077639136462665,-0.3125762915173258,2019-11-10,2019,0.42429419821649206,0.3986071552546572,TAM,8.0,2.0,0.25,12.25,98,12.25,98,-14.65,-0.3868750347361847,1.0625,-0.7381016022393352,2.4187257187257187,2.640595148315737,-0.22186942959001787,3.52123996396547,28.75,230.0,40.0,31.5,252.0,43.0,NFC South,-4,-2.75,-22,0.5040816326530612,0.595,6.73625,3.7408423565681628,2.0,1.0,0.8916666666666666,68.875,2.25,-5.0,0.37795121545121546,0.646375,7.811249999999999,3.3896157890650125,2.375,0.75,0.85625,61.75,1.625,0.37795121545121546,-1.5212399639654701,2019,0.3305489814303331,0.3004932162620979,ARI vs. TAM,TAM,1365.3426916139151,23.0,ARI,1444.0440651516833,21.0,1,3,-5.5,0,-235.0,207.0,0,0
ARI,10.0,3.0,0.3,10.2,102,10.2,102,-11.120000000000001,0.498828187580851,11.12,0.39028345458320834,2.1967171717171716,2.860492424242424,-0.6637752525252525,3.7504725437611217,22.2,222.0,45.0,28.1,281.0,48.0,NFC West,-3,-5.9,-59,0.47857142857142854,0.6458999999999999,6.674000000000001,4.626545578885199,1.2,0.9,0.9133333333333333,62.6,0.6,4.0,0.343698752228164,0.7112,8.700999999999999,4.518000845887556,2.5,0.6,0.8333333333333334,61.2,1.0,0.343698752228164,-0.7504725437611217,2019-11-17,2019,0.40806738777524465,0.3882130567641825,SFO,9.0,8.0,0.8888888888888888,10.88888888888889,98,11.333333333333334,102,-6.166666666666668,0.18530163337061184,-33.98888888888889,0.5389009895420586,2.641514349847683,1.2418476585143252,1.399666691333358,7.175521591854101,28.77777777777778,259.0,43.0,14.333333333333334,129.0,21.0,NFC West,-1,14.444444444444445,130,0.3857638888888889,0.6847777777777778,6.998888888888889,4.31301902467496,1.5555555555555556,1.4444444444444444,0.7291666666666666,51.44444444444444,1.6666666666666667,5.0,0.4795302827165572,0.5876666666666667,3.7666666666666666,4.666618380846406,0.8888888888888888,0.4444444444444444,0.8125,62.22222222222222,2.2222222222222223,0.4795302827165572,0.8244784081458993,2019,0.4789711695581334,0.20186715312752057,ARI vs. SFO,SFO,1732.8946507485389,1.0,ARI,1461.3650036813524,20.0,1,10,-10.0,0,-429.0,353.0,1,0
LAR,11.0,6.0,0.5454545454545454,11.0,121,11.0,121,-21.10909090909091,-0.4366769206922658,-10.509090909090911,-0.546012316470673,2.090771349862259,2.1038126015398744,-0.013041251677615294,6.154284996623557,22.636363636363637,249.0,44.0,22.09090909090909,243.0,42.0,NFC West,-1,0.5454545454545454,6,0.5494444444444444,0.608,6.2727272727272725,3.691040470612082,1.0,1.1818181818181819,0.8416666666666666,57.72727272727273,1.8181818181818181,-5.0,0.3282795042153331,0.6333636363636364,7.025454545454545,3.5817050748336743,1.6363636363636365,0.7272727272727273,0.7575757575757575,59.36363636363637,1.3636363636363635,0.3282795042153331,-0.15428499662355666,2019-12-01,2019,0.3585360331694692,0.31068371911480885,ARI,11.0,3.0,0.2727272727272727,10.272727272727273,113,10.272727272727273,113,-10.163636363636364,0.5691422258640148,11.372727272727273,0.14223553079438747,2.2118916437098255,2.897968319559229,-0.6860766758494031,4.066681076503017,22.545454545454547,248.0,50.0,28.818181818181817,317.0,53.0,NFC West,-4,-6.2727272727272725,-69,0.5196031746031746,0.6532727272727272,6.538181818181818,4.6968596171683625,1.2727272727272727,0.9090909090909091,0.9212121212121211,66.36363636363636,0.7272727272727273,4.0,0.33972613838924,0.7152727272727272,8.713636363636363,4.269952922098735,2.6363636363636362,0.5454545454545454,0.85,67.18181818181819,1.0909090909090908,0.33972613838924,-1.0666810765030172,2019,0.399570350904947,0.38090579480719233,LAR vs. ARI,ARI,1367.7123753883004,25.0,LAR,1498.8376492148236,9.0,0,-27,2.5,0,125.0,-139.0,1,0
PIT,12.0,7.0,0.5833333333333334,10.75,129,11.583333333333334,139,-19.958333333333332,-0.49937859798937473,-19.933333333333334,-0.3754016660500916,1.9194185444185443,1.6538947163947164,0.2655238280238281,6.594755096593262,19.666666666666668,236.0,44.0,18.75,225.0,40.0,AFC North,2,0.9166666666666666,11,0.4570149547422275,0.6273333333333334,5.68,3.6283387933149727,1.25,0.5,0.8888888888888888,63.5,1.5833333333333333,11.0,0.3423125485625486,0.6169166666666667,5.511666666666667,3.752315725254256,1.5833333333333333,0.4166666666666667,0.6818181818181818,75.66666666666667,2.5,0.3423125485625486,0.4052449034067376,2019-12-08,2019,0.3526038603035507,0.2735070720241424,ARI,12.0,3.0,0.25,10.333333333333334,124,10.333333333333334,124,-13.350000000000001,0.47138805141744494,11.808333333333332,0.15307278728615958,2.080597643097643,2.914046717171717,-0.833449074074074,4.089755912236496,21.25,255.0,51.0,29.25,351.0,58.0,NFC West,-5,-8.0,-96,0.5219532992260265,0.6454166666666666,6.1866666666666665,4.599105442721792,1.1666666666666667,0.9166666666666666,0.9212121212121211,61.416666666666664,0.75,3.0,0.3242361396773161,0.7167499999999999,8.834166666666667,4.280790178590507,2.5833333333333335,0.5833333333333334,0.8333333333333333,68.33333333333333,1.0,0.3242361396773161,-1.0897559122364964,2019,0.3739398175241524,0.38628639589400754,PIT vs. ARI,ARI,1335.735130967329,26.0,PIT,1589.7436274444265,11.0,0,-6,2.5,0,117.0,-130.0,0,0
CLE,13.0,6.0,0.46153846153846156,10.76923076923077,140,10.76923076923077,140,-27.384615384615383,0.8437435484092446,-11.015384615384615,0.540142460163021,2.0278734086426393,2.1044289044289046,-0.07655549578626507,6.279927905308227,21.0,273.0,51.0,22.384615384615383,291.0,50.0,AFC North,1,-1.3846153846153846,-18,0.5709175084175084,0.5778461538461538,5.5200000000000005,4.971460939713593,1.1538461538461537,1.0769230769230769,0.8787878787878788,73.53846153846153,1.6923076923076923,-5.0,0.34734176080329926,0.6200769230769231,6.774615384615384,4.667859851467369,1.5384615384615385,0.8461538461538461,0.7243589743589743,56.30769230769231,1.3076923076923077,0.34734176080329926,-0.2799279053082273,2019-12-15,2019,0.35644158067542875,0.32198000260142234,ARI,13.0,3.0,0.23076923076923078,10.384615384615385,135,10.23076923076923,133,-15.153846153846153,0.36586245792136296,11.961538461538462,0.13147354277919748,2.0394327894327895,2.886470473970474,-0.8470376845376845,4.417940882447826,20.923076923076923,272.0,54.0,28.76923076923077,374.0,62.0,NFC West,-6,-7.846153846153846,-102,0.527068302068302,0.647076923076923,5.890000000000001,4.493579849225711,1.2307692307692308,0.8461538461538461,0.9277777777777777,62.46153846153846,0.9230769230769231,2.0,0.32726692613570446,0.7263846153846154,8.782307692307693,4.259190934083545,2.4615384615384617,0.5384615384615384,0.8472222222222222,64.61538461538461,1.0769230769230769,0.32726692613570446,-1.4179408824478257,2019,0.3563710497708361,0.37946076650563026,CLE vs. ARI,ARI,1316.9218778517072,27.0,CLE,1520.80699699953,15.0,1,14,3.0,1,140.0,-156.0,0,0
ARI,14.0,4.0,0.2857142857142857,10.285714285714286,144,10.142857142857142,142,-14.171428571428573,0.5061169584868734,10.349999999999998,0.29929530835708096,2.1953463203463204,2.870770202020202,-0.6754238816738817,5.1661515117050465,22.142857142857142,310.0,60.0,28.428571428571427,398.0,66.0,NFC West,1,-6.285714285714286,-88,0.5220275451044681,0.6551428571428571,6.023571428571429,4.633834349791221,1.2142857142857142,1.0714285714285714,0.9333333333333333,60.42857142857143,0.9285714285714286,3.0,0.339605002840297,0.7243571428571428,8.547142857142857,4.427012699661429,2.4285714285714284,0.5714285714285714,0.8205128205128205,63.92857142857143,1.1428571428571428,0.339605002840297,-1.1661515117050465,2019-12-22,2019,0.3819597764373498,0.392874245587257,SEA,14.0,11.0,0.7857142857142857,11.071428571428571,155,10.928571428571429,153,6.557142857142855,0.5246035538006096,-17.7,0.4435346518763583,2.419076756576757,2.319955044955045,0.0991217116217117,7.674835683077914,26.5,371.0,63.0,24.642857142857142,345.0,56.0,NFC West,1,1.8571428571428572,26,0.45695842618919547,0.6791428571428572,8.596428571428572,4.6523209451049565,2.0,1.0,0.8125,57.0,1.3571428571428572,13.0,0.3897012651214332,0.6306428571428572,6.241428571428571,4.5712520431807055,1.2857142857142858,1.2142857142857142,0.7222222222222222,49.57142857142857,2.2857142857142856,0.3897012651214332,3.325164316922086,2019,0.5029886414590283,0.4268016814881591,ARI vs. SEA,SEA,1523.864708082735,8.0,ARI,1361.991893872262,26.0,0,-14,-8.0,0,-385.0,322.0,1,0
ARI,15.0,5.0,0.3333333333333333,10.4,156,10.266666666666667,154,-14.206666666666669,0.6188613351674588,7.906666666666666,0.3074944617129856,2.198989898989899,2.7516077441077442,-0.5526178451178451,6.015845553429168,22.466666666666665,337.0,65.0,27.4,411.0,69.0,NFC West,2,-4.933333333333334,-74,0.5408623122908837,0.6485333333333333,6.064000000000001,4.746578726471807,1.2,1.1333333333333333,0.9142857142857144,59.53333333333333,0.8666666666666667,4.0,0.3391868915398327,0.7104666666666667,8.306666666666667,4.435211853017334,2.3333333333333335,0.5333333333333333,0.8333333333333333,63.333333333333336,1.1333333333333333,0.3391868915398327,-1.015845553429168,2019-12-29,2019,0.38844873462696755,0.38783837957289496,LAR,15.0,8.0,0.5333333333333333,11.0,165,10.866666666666667,163,-16.986666666666668,-0.5142877128554876,-13.953333333333335,-0.1951479324695678,2.2249339549339546,2.1563312613312613,0.0686026936026936,8.606008797377873,24.2,363.0,61.0,22.666666666666668,340.0,58.0,NFC West,-2,1.5333333333333334,23,0.5605541284112713,0.6233333333333333,6.58,3.61342967844886,1.2666666666666666,1.2666666666666666,0.7371794871794872,53.86666666666667,1.6,-5.0,0.3600545424074836,0.6254666666666666,6.686000000000001,3.93256945883478,1.4,0.9333333333333333,0.8095238095238094,51.06666666666667,1.2666666666666666,0.3600545424074836,-0.6060087973778732,2019,0.3547609952969494,0.31773067065524885,ARI vs. LAR,LAR,1498.8376492148236,9.0,ARI,1367.7123753883004,25.0,1,7,-7.0,0,-271.0,235.0,1,0
PHI,1.0,1.0,1.0,9.0,9,10.0,10,21.0,-0.15997545582047668,16.700000000000003,-1.973871237458194,3.5555555555555554,2.7,0.8555555555555552,0.5993267578210705,32.0,32.0,5.0,27.0,27.0,5.0,NFC East,1,5.0,5,0.5,0.718,9.56,3.967741935483871,3.0,1.0,1.0,55.0,0.0,0.0,0.6470588235294118,0.682,9.77,2.1538461538461537,3.0,0.0,1.0,96.0,0.0,0.6470588235294118,0.4006732421789295,2019-09-15,2019,0.7781518012105165,0.20033662108946476,ATL,1.0,0.0,0.0,9.0,9,9.0,9,-17.099999999999994,0.1664002557544757,40.400000000000006,0.3985983981693364,1.3333333333333333,3.111111111111111,-1.777777777777778,0.11835551849095732,12.0,12.0,2.0,28.0,28.0,4.0,NFC South,-1,-16.0,-16,0.5,0.7170000000000001,4.83,4.294117647058823,2.0,0.0,,78.0,3.0,-3.0,0.25,0.8,11.7,4.526315789473684,1.0,3.0,,100.0,0.0,0.25,-0.11835551849095732,2019,0.19592099589089837,-0.052602452662647674,PHI vs. ATL,ATL,1450.0,16.0,PHI,1550.0,1.0,1,4,1.0,1,-105.0,-105.0,0,0
ATL,2.0,1.0,0.5,10.0,20,10.5,21,-19.25,-0.30418797953964183,0.6500000000000021,-0.6978928299008391,1.7575757575757573,2.388888888888889,-0.6313131313131315,0.724731034635617,18.0,36.0,6.0,24.0,48.0,8.0,NFC South,1,-6.0,-12,1.0,0.6725000000000001,5.15,3.8235294117647056,2.5,0.0,0.5,68.0,3.0,-3.0,0.275,0.6915,7.59,3.4298245614035086,1.0,2.0,1.0,80.0,1.5,0.275,0.27526896536438294,2019-09-22,2019,0.3412903448046574,0.24290837435512055,IND,2.0,1.0,0.5,9.5,19,10.0,20,4.799999999999997,1.4039225373944046,3.3500000000000014,1.431806418219462,2.283333333333333,2.4393939393939394,-0.15606060606060623,0.9363073097549014,21.5,43.0,7.0,23.5,47.0,8.0,AFC South,1,-2.0,-4,1.0,0.6925,6.375,5.531639928698752,2.5,0.5,0.3333333333333333,37.5,1.0,0.0,0.5192307692307692,0.7070000000000001,7.26,5.55952380952381,2.0,1.0,0.75,47.5,1.0,0.5192307692307692,0.0636926902450986,2019,0.3801539166240971,0.2127385380490197,ATL vs. IND,IND,1514.0064999802885,10.0,ATL,1514.0064999802885,10.0,1,3,-1.0,1,-116.0,105.0,0,0
TEN,3.0,1.0,0.3333333333333333,11.333333333333334,34,11.0,33,-2.699999999999998,0.22545721187025572,-13.6,0.6762041773231035,1.921717171717172,1.6005050505050502,0.3212121212121213,1.455720051877468,22.333333333333332,67.0,10.0,17.333333333333332,52.0,9.0,AFC South,-2,5.0,15,0.0,0.6123333333333333,7.5633333333333335,4.353174603174604,1.3333333333333333,1.0,0.75,76.66666666666667,0.3333333333333333,4.0,0.25686274509803925,0.644,5.460000000000001,4.803921568627451,2.0,0.3333333333333333,1.0,92.33333333333333,1.6666666666666667,0.25686274509803925,-0.455720051877468,2019-09-29,2019,0.24943921060024826,0.14038908619295745,ATL,3.0,1.0,0.3333333333333333,8.666666666666666,26,9.0,27,-5.800000000000002,-0.028697783461210324,6.06666666666667,-0.7439454614797865,2.5050505050505047,3.092592592592593,-0.5875420875420877,1.1553942429826474,20.0,60.0,10.0,25.0,75.0,13.0,NFC South,-1,-5.0,-15,0.75,0.7326666666666667,6.56,4.099019607843137,2.6666666666666665,0.0,0.75,88.0,2.3333333333333335,-4.0,0.45,0.7133333333333334,8.123333333333333,3.383771929824561,1.3333333333333333,1.6666666666666667,1.0,66.33333333333333,1.0,0.45,-0.15539424298264737,2019,0.3646930457714555,0.2960478375459949,TEN vs. ATL,ATL,1464.0064999802885,16.0,TEN,1423.864708082735,16.0,0,-14,-3.5,0,-174.0,156.0,0,0
ATL,4.0,1.0,0.25,9.0,36,9.25,37,-7.925000000000001,-0.20051150895140646,11.975,-0.5751825615829856,2.128787878787879,2.9194444444444443,-0.7906565656565657,1.2669585689503098,17.5,70.0,12.0,24.75,99.0,17.0,NFC South,-2,-7.25,-29,0.611111111111111,0.7145,6.6375,3.927205882352941,2.0,0.25,0.6666666666666666,78.5,2.0,-5.0,0.4267857142857143,0.70175,8.75,3.552534829721362,1.75,1.25,1.0,69.0,0.75,0.4267857142857143,-0.2669585689503098,2019-10-06,2019,0.3110867859208075,0.31393043464759957,HOU,4.0,2.0,0.5,9.75,39,10.25,41,-7.900000000000002,0.9374167880174747,-4.300000000000001,0.7135524499654938,2.0277777777777777,1.9136363636363636,0.11414141414141421,1.9243159115956756,19.5,78.0,13.0,19.5,78.0,17.0,AFC South,-1,0.0,0,0.27777777777777773,0.643,6.785,5.065134179321822,1.5,1.0,0.5,65.5,1.0,2.0,0.4755244755244755,0.70525,6.8775,4.841269841269842,1.25,0.5,0.9375,55.5,1.5,0.4755244755244755,0.07568408840432439,2019,0.33964034070036037,0.3188209116028873,ATL vs. HOU,HOU,1484.5149591452866,10.0,ATL,1408.2552001502413,24.0,1,21,-4.0,1,-207.0,184.0,0,0
LAR,6.0,3.0,0.5,11.166666666666666,67,11.333333333333334,68,-20.25,0.010014090177133728,-9.816666666666668,-0.5340905790251026,2.264393939393939,2.267618492618493,-0.003224553224553136,3.1047751301359554,25.5,153.0,28.0,25.666666666666668,154.0,28.0,NFC West,-3,-0.16666666666666666,-1,0.7166666666666666,0.6161666666666666,5.826666666666667,4.137731481481482,1.1666666666666667,1.5,0.8333333333333333,61.166666666666664,2.0,-3.0,0.32982703570938865,0.6463333333333333,7.215,3.593626812279245,1.5,1.1666666666666667,0.8055555555555555,61.166666666666664,1.5,0.32982703570938865,-0.10477513013595541,2019-10-20,2019,0.41061267750296826,0.33594680479459127,ATL,6.0,1.0,0.16666666666666666,9.333333333333334,56,9.333333333333334,56,2.1499999999999986,-0.3479134697357202,22.400000000000002,-0.35942845140897034,2.515151515151515,3.4592592592592593,-0.9441077441077441,1.9815016806787265,22.5,135.0,23.0,31.0,186.0,31.0,NFC South,-4,-8.5,-51,0.5066666666666666,0.7311666666666667,7.573333333333333,3.7798039215686274,2.5,0.3333333333333333,0.8,74.83333333333333,1.5,-5.0,0.46918290043290045,0.7308333333333333,10.291666666666666,3.768288939895377,2.5,1.1666666666666667,1.0,70.33333333333333,0.6666666666666666,0.46918290043290045,-0.9815016806787265,2019,0.34352815876306336,0.3707543092230937,LAR vs. ATL,ATL,1321.233943837294,25.0,LAR,1478.365806785211,11.0,0,-27,3.0,0,139.0,-154.0,0,0
SEA,7.0,5.0,0.7142857142857143,10.714285714285714,75,10.285714285714286,72,14.542857142857141,-0.08440436179792751,-17.400000000000002,0.6008675934141774,2.450974025974026,2.5285619142762,-0.07758788830217396,3.6517095714390355,25.857142857142858,181.0,30.0,25.142857142857142,176.0,28.0,NFC West,-1,0.7142857142857143,5,0.38611111111111107,0.6970000000000001,9.595714285714285,4.04331302950642,2.142857142857143,1.0,0.65,56.285714285714285,1.1428571428571428,4.0,0.403552190106812,0.6147142857142857,6.424285714285714,4.728584984718525,1.1428571428571428,1.2857142857142858,0.75,64.57142857142857,1.7142857142857142,0.403552190106812,1.3482904285609645,2019-10-27,2019,0.47704516734634084,0.4082383571422758,ATL,7.0,1.0,0.14285714285714285,9.571428571428571,67,9.428571428571429,66,-1.2142857142857164,-0.5259806966264765,19.485714285714288,-0.5406125856797386,2.2857142857142856,3.4936507936507937,-1.2079365079365079,2.0245780596374616,20.714285714285715,145.0,25.0,31.857142857142858,223.0,37.0,NFC South,-5,-11.142857142857142,-78,0.5055555555555555,0.7220000000000001,7.188571428571429,3.601736694677871,2.2857142857142856,0.2857142857142857,0.75,71.0,1.7142857142857142,-8.0,0.4378710575139147,0.7128571428571429,10.065714285714288,3.587104805624609,2.4285714285714284,1.1428571428571428,0.9583333333333334,63.714285714285715,0.5714285714285714,0.4378710575139147,-1.0245780596374616,2019,0.3185192931962974,0.3984645276913721,SEA vs. ATL,ATL,1292.4217677585757,25.0,SEA,1573.8147491414702,6.0,0,-7,7.5,1,275.0,-323.0,0,0
ATL,8.0,1.0,0.125,9.625,77,9.375,75,-1.2750000000000021,-0.4688448422847398,20.725,-0.41703098941311767,2.25,3.4319444444444445,-1.1819444444444445,2.353901221713829,20.625,165.0,29.0,31.25,250.0,42.0,NFC South,-6,-10.625,-85,0.535374149659864,0.7255,7.29,3.6588725490196077,2.125,0.375,0.7142857142857143,67.125,1.875,-11.0,0.424803841991342,0.7112499999999999,10.12625,3.71068640189123,2.375,1.125,0.9642857142857143,63.25,0.5,0.424803841991342,-1.353901221713829,2019-11-10,2019,0.31288452040632947,0.395226914480032,NOR,8.0,7.0,0.875,9.875,79,10.375,83,-1.0375000000000005,0.21082838477074856,-12.637500000000003,-0.18697629363390222,2.4402777777777778,1.8688568376068377,0.5714209401709403,4.994881665309958,24.375,195.0,35.0,19.5,156.0,27.0,NFC South,6,4.875,39,0.7040816326530612,0.7033750000000001,7.30125,4.3385457760750965,1.75,0.625,0.8214285714285714,51.25,0.75,3.0,0.45166292041292044,0.610125,6.79125,3.9407410976704456,1.25,0.875,1.0,42.625,1.125,0.45166292041292044,2.0051183346900423,2019,0.554080920433784,0.3661719804768541,ATL vs. NOR,NOR,1729.6288260930048,3.0,ATL,1275.8989114162864,27.0,0,-17,-14.0,0,-649.0,503.0,1,0
ATL,9.0,2.0,0.2222222222222222,9.555555555555555,86,9.444444444444445,85,-3.622222222222225,-0.4080659751823433,16.77777777777778,-0.30407695325961787,2.3209876543209877,3.1506172839506172,-0.8296296296296296,3.2790371474134314,21.22222222222222,191.0,35.0,28.77777777777778,259.0,45.0,NFC South,1,-7.555555555555555,-68,0.577827380952381,0.7083333333333334,7.016666666666667,3.7196514161220042,2.111111111111111,0.3333333333333333,0.75,65.0,1.7777777777777777,-12.0,0.42204785954785956,0.7118888888888889,9.624444444444444,3.82364043804473,2.111111111111111,1.0,0.96875,66.22222222222223,0.4444444444444444,0.42204785954785956,-1.2790371474134314,2019-11-17,2019,0.349139147080788,0.39535075603450404,CAR,9.0,5.0,0.5555555555555556,12.11111111111111,109,11.777777777777779,106,-18.41111111111111,0.971056646114544,-21.1,0.9618138534924131,2.1193377428671547,2.1941638608305274,-0.07482611796337285,4.6805370140226845,25.0,225.0,40.0,25.333333333333332,228.0,40.0,NFC South,-1,-0.3333333333333333,-3,0.48055555555555557,0.606,6.004444444444444,5.098774037418892,1.1111111111111112,1.5555555555555556,0.7518518518518519,51.0,1.6666666666666667,4.0,0.3347948347948348,0.6432222222222221,5.4911111111111115,5.089531244796761,1.1111111111111112,1.8888888888888888,0.7685185185185185,65.55555555555556,2.111111111111111,0.3347948347948348,0.3194629859773155,2019,0.3799984907636011,0.34882444385649125,ATL vs. CAR,CAR,1557.0731034449364,9.0,ATL,1369.0611326094142,22.0,0,-26,-3.5,0,-199.0,177.0,1,0
TAM,10.0,3.0,0.3,12.1,121,11.7,117,-18.82,-0.23119735220366344,2.839999999999999,-0.6100723790999567,2.33952602952603,2.782930664107135,-0.44340463458110524,4.245433730966278,27.7,277.0,49.0,31.3,313.0,53.0,NFC South,-1,-3.6,-36,0.5155202821869488,0.5972999999999999,6.259,3.8965200391006847,1.9,1.0,0.9133333333333333,70.0,2.5,-10.0,0.3874891774891775,0.6593,7.839,3.517645012204391,2.5,0.6,0.885,65.7,1.5,0.3874891774891775,-1.245433730966278,2019-11-24,2019,0.35452375800219205,0.35127522415280965,ATL,10.0,3.0,0.3,9.5,95,9.6,96,-2.440000000000002,-0.572338809102236,9.39,-0.17310766373075745,2.411111111111111,2.862828282828283,-0.4517171717171717,4.274435735220794,22.0,220.0,40.0,26.2,262.0,46.0,NFC South,2,-4.2,-42,0.575352733686067,0.7062999999999999,7.2989999999999995,3.555378582202112,2.0,0.4,0.75,60.5,1.6,-8.0,0.42270021645021644,0.7027,8.842,3.9546097275735903,1.9,0.9,0.9722222222222222,66.4,0.8,0.42270021645021644,-1.274435735220794,2019,0.36739217956965076,0.37018328768733694,TAM vs. ATL,ATL,1443.7537273572368,20.0,TAM,1403.4873195742257,20.0,0,-13,-3.5,0,-183.0,163.0,1,0
NOR,11.0,9.0,0.8181818181818182,9.818181818181818,108,10.363636363636363,114,1.0363636363636362,0.4071963936307611,-14.363636363636367,-0.09096967063087598,2.523921028466483,2.018489086670905,0.5054319417955782,6.46216935854842,24.727272727272727,272.0,49.0,20.90909090909091,230.0,42.0,NFC South,2,3.8181818181818183,42,0.5886904761904762,0.7193636363636364,7.279090909090908,4.534913784935108,1.8181818181818181,0.5454545454545454,0.875,63.54545454545455,0.6363636363636364,8.0,0.4365240819786274,0.6071818181818182,6.392727272727272,4.036747720673471,1.5454545454545454,0.7272727272727273,0.9629629629629629,42.63636363636363,1.3636363636363635,0.4365240819786274,2.5378306414515803,2019-11-28,2019,0.5583785365581881,0.4199273420581869,ATL,11.0,3.0,0.2727272727272727,9.909090909090908,109,9.727272727272727,107,-5.472727272727274,-0.6228277711206098,9.281818181818183,-0.17700266570268813,2.334776334776335,2.8918273645546373,-0.5570510297783025,4.524099885283674,22.0,242.0,45.0,27.0,297.0,51.0,NFC South,-1,-5.0,-55,0.5478174603174603,0.6883636363636364,7.057272727272727,3.504889620183738,1.9090909090909092,0.45454545454545453,0.775,60.45454545454545,1.6363636363636365,-8.0,0.40700019677292404,0.6972727272727273,8.957272727272727,3.9507147256016597,2.0,0.9090909090909091,0.975,65.0,0.9090909090909091,0.40700019677292404,-1.5240998852836736,2019,0.355642623154491,0.3672650007226275,NOR vs. ATL,ATL,1275.8989114162864,27.0,NOR,1729.6288260930048,3.0,0,-8,7.0,0,272.0,-319.0,1,0
CAR,12.0,5.0,0.4166666666666667,12.083333333333334,145,11.5,138,-19.783333333333335,0.7426753972962196,-17.008333333333333,1.0976931505553311,1.9720790647261237,2.3731060606060606,-0.40102699587993706,5.448192350283636,23.333333333333332,280.0,50.0,26.666666666666668,320.0,57.0,NFC South,-4,-3.3333333333333335,-40,0.45895316804407715,0.6083333333333333,5.701666666666667,4.870392788600568,1.25,1.3333333333333333,0.7666666666666667,49.583333333333336,1.8333333333333333,-2.0,0.32109383671883673,0.6471666666666667,5.991666666666667,5.225410541859679,1.1666666666666667,1.8333333333333333,0.7847222222222222,66.5,1.6666666666666667,0.32109383671883673,-0.4481923502836356,2019-12-08,2019,0.33194849568150475,0.3631962777982082,ATL,12.0,3.0,0.25,10.166666666666666,122,9.75,117,-6.791666666666668,-0.6296454958795111,7.341666666666668,-0.06641407802134495,2.2555962555962554,2.8675084175084176,-0.6119121619121619,4.819040557141511,21.666666666666668,260.0,49.0,26.916666666666668,323.0,57.0,NFC South,-2,-5.25,-63,0.5723960383051292,0.6893333333333334,6.8175,3.4980718954248364,1.9166666666666667,0.4166666666666667,0.7651515151515151,56.916666666666664,1.75,-11.0,0.4043335137085137,0.6875833333333333,8.759166666666667,4.061303313283003,1.9166666666666667,0.9166666666666666,0.9772727272727273,69.66666666666667,0.8333333333333334,0.4043335137085137,-1.819040557141511,2019,0.34075615621589206,0.3727312594322891,CAR vs. ATL,ATL,1369.0611326094142,22.0,CAR,1557.0731034449364,9.0,1,20,-3.5,1,-180.0,161.0,1,0
ATL,13.0,4.0,0.3076923076923077,10.307692307692308,134,9.923076923076923,129,-5.676923076923078,-0.5165164109121908,4.6000000000000005,-0.029171675546610862,2.3384991077298767,2.775135975135975,-0.43663686740609814,5.656950537896908,23.076923076923077,300.0,57.0,26.384615384615383,343.0,61.0,NFC South,1,-3.3076923076923075,-43,0.5594185906685907,0.6815384615384615,7.066923076923077,3.611200980392157,1.9230769230769231,0.5384615384615384,0.7847222222222222,57.0,1.6153846153846154,-7.0,0.4052822177822178,0.6872307692307692,8.413846153846153,4.098545715757736,1.8461538461538463,0.9230769230769231,0.9791666666666666,67.6923076923077,1.0769230769230769,0.4052822177822178,-1.6569505378969076,2019-12-15,2019,0.37115603865664537,0.37622302754221143,SFO,13.0,11.0,0.8461538461538461,10.76923076923077,140,10.923076923076923,142,3.1999999999999984,0.36824830078751797,-23.746153846153845,0.530639814757281,2.8103840603840604,1.617083344006421,1.1933007163776392,9.763547538310112,30.53846153846154,397.0,66.0,17.615384615384617,229.0,39.0,NFC West,1,12.923076923076923,168,0.4864688552188552,0.6986923076923077,8.074615384615385,4.495965692091866,2.0,1.3076923076923077,0.7777777777777777,60.69230769230769,1.4615384615384615,6.0,0.4572290517426264,0.6118461538461538,4.476153846153846,4.658357206061629,1.3076923076923077,0.5384615384615384,0.8636363636363636,60.53846153846154,1.9230769230769231,0.4572290517426264,1.236452461689888,2019,0.516266957401941,0.2796433618666878,ATL vs. SFO,SFO,1745.1640692936885,1.0,ATL,1425.1061032165935,25.0,0,-7,-10.5,0,-460.0,376.0,0,0
JAX,14.0,5.0,0.35714285714285715,10.714285714285714,150,10.428571428571429,146,-11.192857142857141,0.17576735613259037,-4.1,0.8006510806802805,1.646825396825397,2.464835164835165,-0.818009768009768,5.276301844480012,17.857142857142858,250.0,51.0,25.214285714285715,353.0,59.0,AFC South,1,-7.357142857142857,-103,0.36967156774849086,0.6211428571428571,6.687142857142858,4.303484747436938,1.4285714285714286,0.21428571428571427,0.9285714285714286,78.71428571428571,1.2857142857142858,-3.0,0.3321157367375855,0.6434285714285713,7.772142857142858,4.928368471984628,1.5,1.3571428571428572,0.856060606060606,55.92857142857143,1.0714285714285714,0.3321157367375855,-0.27630184448001227,2019-12-22,2019,0.3332898123483426,0.36726917376500945,ATL,14.0,5.0,0.35714285714285715,10.285714285714286,144,10.0,140,-5.692857142857144,-0.4566021952259162,3.5214285714285722,-0.004464623497560304,2.3786063143205998,2.71976911976912,-0.3411628054485197,6.315023965235539,23.5,329.0,61.0,26.071428571428573,365.0,66.0,NFC South,2,-2.5714285714285716,-36,0.5814751487828411,0.6786428571428571,7.003571428571428,3.6711151960784316,1.9285714285714286,0.5714285714285714,0.8012820512820512,59.92857142857143,1.5714285714285714,-6.0,0.41479502640216925,0.6843571428571428,8.26,4.123252767806788,1.7857142857142858,0.9285714285714286,0.9807692307692307,67.64285714285714,1.1428571428571428,0.41479502640216925,-1.3150239652355387,2019,0.3838211994645993,0.3934736828032931,JAX vs. ATL,ATL,1511.4293543261922,21.0,JAX,1361.7274670757215,21.0,1,12,-7.5,1,-313.0,268.0,0,0
ATL,15.0,6.0,0.4,10.266666666666667,154,10.0,150,-6.2666666666666675,-0.36800987496447835,1.3866666666666674,0.040096303093098334,2.38003256003256,2.6184511784511786,-0.23841861841861842,7.152933945990935,23.533333333333335,353.0,65.0,25.133333333333333,377.0,69.0,NFC South,3,-1.6,-24,0.5654514136656994,0.6808,7.000666666666666,3.7597075163398697,1.8666666666666667,0.6666666666666666,0.7797619047619048,60.2,1.6,-7.0,0.42303946053946057,0.6679333333333334,8.111333333333333,4.167813694397446,1.7333333333333334,0.8666666666666667,0.9821428571428571,65.53333333333333,1.1333333333333333,0.42303946053946057,-1.1529339459909353,2019-12-29,2019,0.38963605779679183,0.3939766923229447,TAM,15.0,7.0,0.4666666666666667,11.866666666666667,178,11.933333333333334,179,-14.766666666666667,-0.4823902233252134,-9.706666666666667,-0.8494382127306813,2.5024501424501424,2.437826791944439,0.06462335050570342,7.734419485364072,29.066666666666666,436.0,73.0,28.066666666666666,421.0,72.0,NFC South,-1,1.0,15,0.4769246626389484,0.6102666666666666,6.8919999999999995,3.645327167979134,2.066666666666667,1.0,0.8866666666666667,67.6,2.533333333333333,-11.0,0.4207293360234537,0.6228666666666667,6.749333333333333,3.2782791785736665,1.9333333333333333,0.7333333333333333,0.9011111111111112,61.2,1.8,0.4207293360234537,-0.7344194853640724,2019,0.3900327256810572,0.3557250640796227,ATL vs. TAM,TAM,1403.4873195742257,20.0,ATL,1443.7537273572368,20.0,0,-6,-1.0,0,-120.0,109.0,1,0
BAL,2.0,2.0,1.0,9.5,19,10.0,20,30.750000000000007,1.510293148880106,-31.4,-2.3436264822134385,4.227777777777778,1.398989898989899,2.828787878787879,1.6571372952389993,41.0,82.0,14.0,13.5,27.0,6.0,AFC North,2,27.5,55,0.0,0.767,13.6,5.638010540184453,4.0,1.0,1.0,51.0,0.0,3.0,0.5681818181818181,0.5469999999999999,5.82,1.784090909090909,0.5,0.5,1.0,67.0,1.5,0.5681818181818181,0.34286270476100067,2019-09-22,2019,0.863159943859316,0.2014294057141501,KAN,2.0,2.0,1.0,9.5,19,9.5,19,34.8,-1.2500950136819702,-6.450000000000006,1.798269450800916,3.6222222222222222,1.9444444444444444,1.6777777777777778,1.6550003692070911,34.0,68.0,12.0,18.0,36.0,7.0,AFC West,2,16.0,32,1.0,0.7085,12.305,2.8776223776223775,3.5,0.5,1.0,84.5,0.5,3.0,0.5357142857142857,0.7115,6.905,5.925986842105264,2.0,0.0,1.0,61.5,2.0,0.5357142857142857,0.34499963079290885,2019,0.7405261991977607,0.24776308988290424,BAL vs. KAN,KAN,1600.0,1.0,BAL,1585.9935000197115,1.0,1,5,-4.5,1,-216.0,191.0,0,0
CLE,3.0,1.0,0.3333333333333333,12.0,36,11.0,33,-32.53333333333333,0.0028381642512077163,-2.4666666666666686,-0.12176501035196659,1.361111111111111,1.9520202020202022,-0.5909090909090909,1.3123535933890667,16.333333333333332,49.0,10.0,22.0,66.0,11.0,AFC North,-1,-5.666666666666667,-17,0.5,0.567,5.1866666666666665,4.1305555555555555,1.0,0.6666666666666666,1.0,109.0,1.6666666666666667,-1.0,0.2608974358974359,0.6523333333333333,7.44,4.0059523809523805,1.6666666666666667,0.3333333333333333,0.8888888888888888,64.0,1.3333333333333333,0.2608974358974359,-0.31235359338906665,2019-09-29,2019,0.24885614876027162,0.1875162674012148,BAL,3.0,2.0,0.6666666666666666,9.333333333333334,28,9.666666666666666,29,10.100000000000003,1.7455396354852881,-10.666666666666663,-1.0716567852437417,3.8555555555555556,2.154882154882155,1.700673400673401,2.0609994678326404,36.666666666666664,110.0,19.0,20.0,60.0,12.0,AFC North,-1,16.666666666666668,50,0.5,0.682,10.996666666666668,5.873257026789635,2.6666666666666665,2.0,1.0,54.0,0.0,3.0,0.506993006993007,0.608,7.69,3.056060606060606,1.3333333333333333,0.6666666666666666,1.0,55.0,1.0,0.506993006993007,-0.06099946783264043,2019,0.6647739298949981,0.2674483492644634,CLE vs. BAL,BAL,1538.008106127738,8.0,CLE,1464.0064999802885,16.0,0,-15,-7.5,0,-327.0,279.0,1,0
BAL,4.0,2.0,0.5,9.75,39,10.0,40,5.825000000000003,1.768604689132707,-8.374999999999996,-0.17187883331061748,3.459848484848485,2.525252525252525,0.9345959595959598,2.3081423906058203,33.75,135.0,23.0,25.0,100.0,19.0,AFC North,-2,8.75,35,0.4444444444444444,0.688,9.66,5.896322080437055,2.75,1.5,1.0,44.25,0.75,1.0,0.48024475524475524,0.61725,8.2825,3.9558385579937303,1.25,1.5,1.0,51.5,1.0,0.48024475524475524,-0.30814239060582027,2019-10-06,2019,0.5443123398465778,0.3196580911155588,PIT,4.0,1.0,0.25,10.5,42,10.75,43,-12.900000000000002,-0.6889805031924595,-3.424999999999999,-0.11980340571341086,1.808857808857809,2.036363636363636,-0.22750582750582726,1.8477738383885676,19.0,76.0,15.0,22.0,88.0,16.0,AFC North,1,-3.0,-12,0.6666666666666666,0.638,6.37,3.438736888111888,1.5,0.5,1.0,52.75,1.25,4.0,0.2765151515151515,0.698,7.195,4.007913985590937,1.75,0.75,0.75,69.75,2.25,0.2765151515151515,-0.8477738383885676,2019,0.2814487644295922,0.20020708480106347,BAL vs. PIT,PIT,1436.9160182128549,24.0,BAL,1477.516594960469,10.0,0,-3,3.5,1,160.0,-179.0,1,0
CIN,5.0,0.0,0.0,11.2,56,10.8,54,-17.28,-0.9765568813337688,9.959999999999997,0.5818381642512078,1.4494327894327894,2.5654545454545454,-1.116021756021756,1.3922077535509718,16.0,80.0,16.0,27.2,136.0,25.0,AFC North,-5,-11.2,-56,0.5,0.6279999999999999,5.909999999999999,3.151160509970579,1.4,0.2,0.8333333333333333,58.2,2.0,-5.0,0.37502164502164503,0.7054,9.202,4.709555555555555,1.6,1.4,0.7833333333333333,63.6,1.0,0.37502164502164503,-1.3922077535509718,2019-10-13,2019,0.20615955693994445,0.2414622450415767,BAL,5.0,3.0,0.6,10.2,51,10.2,51,-5.019999999999998,1.279340273045296,-10.359999999999996,-0.15252022911988988,3.2012121212121216,2.4383838383838383,0.762828282828283,2.8802774520755667,32.2,161.0,29.0,24.6,123.0,24.0,AFC North,1,7.6,38,0.3958333333333333,0.6862,7.9,5.407057664349644,2.4,1.4,1.0,53.8,1.2,0.0,0.4641958041958042,0.6292,7.704000000000001,3.9751971621844575,1.2,1.4,1.0,56.4,1.2,0.4641958041958042,0.11972254792443326,2019,0.5822429564306218,0.387738592745829,CIN vs. BAL,BAL,1521.7001541834231,8.0,CIN,1286.4584222092128,28.0,1,6,-10.5,0,-531.0,425.0,1,0
BAL,6.0,4.0,0.6666666666666666,9.833333333333334,59,9.833333333333334,59,-6.866666666666664,1.4207996545684172,-15.383333333333331,-0.4221959466268233,3.1468434343434346,2.3861531986531985,0.7606902356902357,3.5520924818642374,30.666666666666668,184.0,34.0,23.333333333333332,140.0,26.0,AFC North,2,7.333333333333333,44,0.31666666666666665,0.6778333333333334,7.734999999999999,5.548517045872765,2.0,1.5,1.0,58.333333333333336,1.1666666666666667,0.0,0.4868298368298369,0.614,7.155,3.705521444677524,1.0,1.3333333333333333,1.0,50.333333333333336,1.1666666666666667,0.4868298368298369,0.4479075181357626,2019-10-20,2019,0.6192905525893105,0.40012880076703344,SEA,6.0,5.0,0.8333333333333334,10.833333333333334,65,10.833333333333334,65,22.766666666666662,-0.09000603636737026,-15.133333333333335,0.4413460432482173,2.5928030303030303,2.2357031857031857,0.35709984459984456,3.467758201927426,27.5,165.0,26.0,24.333333333333332,146.0,24.0,NFC West,3,3.1666666666666665,19,0.32999999999999996,0.7318333333333333,10.316666666666666,4.037711354936977,2.3333333333333335,1.1666666666666667,0.625,62.666666666666664,1.0,6.0,0.3727716727716728,0.6421666666666667,6.32,4.569063434552565,1.3333333333333333,1.3333333333333333,0.6875,62.833333333333336,2.0,0.3727716727716728,1.5322417980725742,2019,0.5021494532048383,0.40198411065061995,BAL vs. SEA,SEA,1637.145684040176,3.0,BAL,1542.2192593744471,6.0,0,-14,-3.0,0,-157.0,141.0,0,0
NWE,8.0,8.0,1.0,11.875,95,12.0,96,-6.2250000000000005,-0.8823783194770494,-60.125,0.24417946184250539,2.7010198135198134,0.6376540126540127,2.063365800865801,7.3306299591582125,31.25,250.0,37.0,7.625,61.0,8.0,AFC East,8,23.625,189,0.2761904761904762,0.646375,7.3062499999999995,3.2453390718272983,1.625,1.5,0.75,54.5,1.0,17.0,0.40851301476301477,0.527625,1.22625,4.371896853146853,0.25,0.25,0.8333333333333334,59.5,3.125,0.40851301476301477,0.6693700408417875,2019-11-03,2019,0.4220614361988765,0.07988927125876862,BAL,7.0,5.0,0.7142857142857143,9.428571428571429,66,9.857142857142858,69,-10.314285714285713,1.4403992602600633,-18.157142857142855,-0.36913857059174443,3.309539270253556,2.273845598845599,1.0356936714079572,4.368141112352628,30.571428571428573,214.0,38.0,22.285714285714285,156.0,30.0,AFC North,3,8.285714285714286,58,0.40277777777777785,0.6452857142857144,7.637142857142857,5.568116651564411,1.7142857142857142,1.4285714285714286,1.0,60.714285714285715,1.0,2.0,0.47222777222777224,0.596,6.885714285714286,3.758578820712603,1.0,1.1428571428571428,0.9642857142857143,45.714285714285715,1.2857142857142858,0.47222777222777224,0.6318588876473719,2019,0.6277286530965371,0.41191670109611006,NWE vs. BAL,BAL,1605.550194273153,6.0,NWE,1732.41481862154,1.0,1,17,3.0,1,135.0,-150.0,0,0
BAL,8.0,6.0,0.75,9.375,75,10.0,80,-8.087499999999999,1.3846285812535362,-18.525,-0.29484327612199634,3.4097357503607504,2.216887626262626,1.1928481240981241,5.179366164945282,31.375,251.0,43.0,22.0,176.0,34.0,AFC North,4,9.375,75,0.48809523809523814,0.657,7.67125,5.512345972557884,1.625,1.625,1.0,57.375,1.125,2.0,0.4756993006993007,0.603,6.6850000000000005,3.8328741151823515,1.0,1.125,0.96875,46.0,1.375,0.4756993006993007,0.8206338350547178,2019-11-10,2019,0.6321454248455881,0.4154711724872819,CIN,8.0,0.0,0.0,10.75,86,10.375,83,-24.362500000000004,-1.0664401245207877,4.537499999999998,0.6825217848941307,1.4738709207459206,2.577367424242424,-1.1034965034965036,2.082368751998755,15.5,124.0,23.0,26.25,210.0,39.0,AFC North,-8,-10.75,-86,0.5006802721088436,0.600625,5.42375,3.06127726678356,1.125,0.375,0.8958333333333333,50.125,1.875,-9.0,0.38495670995670994,0.6475,9.3075,4.810239176198478,1.375,1.25,0.8761904761904761,73.5,0.75,0.38495670995670994,-2.082368751998755,2019,0.19782778881399507,0.28883677510850686,BAL vs. CIN,CIN,1286.4584222092128,28.0,BAL,1521.7001541834231,8.0,0,-36,10.5,0,358.0,-435.0,1,0
HOU,9.0,6.0,0.6666666666666666,9.88888888888889,89,10.11111111111111,91,1.7666666666666673,0.8064964232366866,-1.7888888888888883,0.13835907114892654,2.689113355780022,2.103367003367003,0.5857463524130192,5.250207603452911,26.444444444444443,238.0,41.0,21.22222222222222,191.0,35.0,AFC South,2,5.222222222222222,47,0.4354166666666667,0.6986666666666667,7.898888888888889,4.934213814541034,2.0,1.1111111111111112,0.7083333333333334,65.0,1.2222222222222223,3.0,0.4681707181707182,0.6537777777777778,7.563333333333333,4.266076462453274,2.0,0.3333333333333333,0.90625,60.333333333333336,1.5555555555555556,0.4681707181707182,0.7497923965470887,2019-11-17,2019,0.4990530440180158,0.37392275198919184,BAL,9.0,7.0,0.7777777777777778,9.11111111111111,82,10.0,90,-3.4888888888888854,1.4291505263316457,-20.399999999999995,-0.28460706669781316,3.8086540003206673,2.1150112233445566,1.6936427769761102,6.138064914904024,33.333333333333336,300.0,48.0,21.0,189.0,37.0,AFC North,5,12.333333333333334,111,0.42708333333333337,0.6748888888888889,8.122222222222222,5.556867917635993,1.7777777777777777,1.6666666666666667,1.0,54.888888888888886,1.1111111111111112,4.0,0.4969178969178969,0.5952222222222222,6.405555555555555,3.843110324606535,1.0,1.0,0.9722222222222222,41.44444444444444,1.5555555555555556,0.4969178969178969,0.8619350850959764,2019,0.6414266722013642,0.40480444215870504,HOU vs. BAL,BAL,1679.909962075801,4.0,HOU,1622.1655036166187,7.0,1,34,-4.0,1,-217.0,192.0,0,0
BAL,10.0,8.0,0.8,9.1,91,10.0,100,0.8300000000000018,1.5653556264599384,-23.009999999999998,-0.058918099158466665,3.8833441558441555,1.9735101010101008,1.9098340548340549,7.123135189214491,34.1,341.0,55.0,19.6,196.0,38.0,AFC North,6,14.5,145,0.45370370370370366,0.6815,8.477,5.693073017764286,2.0,1.6,0.9629629629629629,55.9,1.0,6.0,0.5027816627816628,0.5957,5.982,4.068799292145881,0.9,1.0,0.875,43.3,1.6,0.5027816627816628,0.8768648107855093,2019-11-25,2019,0.6573929281243989,0.3753208628098494,LAR,10.0,6.0,0.6,11.3,113,11.3,113,-19.27,-0.3120173180755021,-15.060000000000002,-0.7815918089873056,2.224848484848485,1.7516938616938618,0.4731546231546232,6.1459201741111675,24.3,243.0,42.0,19.8,198.0,35.0,NFC West,1,4.5,45,0.5216049382716049,0.5985,6.6049999999999995,3.8157000732288453,1.1,1.3,0.824074074074074,57.9,1.8,-3.0,0.3388852324146442,0.6271,6.445,3.346125582317042,1.3,0.7,0.7333333333333333,58.7,1.5,0.3388852324146442,-0.14592017411116753,2019,0.3662578342365761,0.27424141053637974,BAL vs. LAR,LAR,1523.0026797203163,8.0,BAL,1721.6755471929764,3.0,0,-39,3.5,0,145.0,-162.0,0,0
SFO,11.0,10.0,0.9090909090909091,10.909090909090908,120,11.181818181818182,123,-0.05454545454545532,0.02660569934967533,-30.1,0.5612041410764783,2.7645447986357077,1.3036604809332084,1.4608843177024995,8.833471727889894,30.181818181818183,332.0,55.0,14.818181818181818,163.0,27.0,NFC West,2,15.363636363636363,169,0.4186111111111111,0.6926363636363636,7.743636363636363,4.154323090654024,1.8181818181818181,1.3636363636363635,0.7833333333333333,60.72727272727273,1.5454545454545454,6.0,0.4646040308473464,0.6034545454545455,3.8009090909090912,4.688921532380825,1.0,0.45454545454545453,0.8333333333333334,64.9090909090909,2.090909090909091,0.4646040308473464,1.1665282721101065,2019-12-01,2019,0.5069386780045877,0.22283537571838352,BAL,11.0,9.0,0.8181818181818182,9.0,99,9.818181818181818,108,3.936363636363638,1.5875762612086397,-24.509090909090904,-0.20658672167677905,4.041676505312869,1.8622819100091825,2.179394595303686,8.114770366702102,35.09090909090909,386.0,62.0,18.363636363636363,202.0,40.0,AFC North,7,16.727272727272727,184,0.4683333333333334,0.6828181818181819,8.872727272727273,5.715293652512987,2.272727272727273,1.5454545454545454,0.9666666666666666,56.81818181818182,0.9090909090909091,8.0,0.5116196934378753,0.6054545454545455,5.706363636363637,3.9211306696275687,0.8181818181818182,0.9090909090909091,0.8863636363636364,44.45454545454545,1.6363636363636365,0.5116196934378753,0.8852296332978984,2019,0.676661374898503,0.3665060482591885,SFO vs. BAL,BAL,1745.8405776984691,3.0,SFO,1743.8612443042257,1.0,1,3,-5.5,0,-242.0,212.0,0,0
BAL,12.0,10.0,0.8333333333333334,8.916666666666666,107,9.666666666666666,116,2.466666666666668,1.501652667358873,-21.75,-0.03334761081240978,3.913203463203463,1.8841750841750844,2.029028379028379,8.709889770088077,33.833333333333336,406.0,66.0,18.25,219.0,43.0,AFC North,8,15.583333333333334,187,0.5084022038567494,0.6766666666666667,8.585833333333333,5.629370058663221,2.1666666666666665,1.5,0.9696969696969696,54.0,0.9166666666666666,8.0,0.493984718984719,0.6144999999999999,5.933333333333334,4.094369780491938,0.8333333333333334,0.9166666666666666,0.8541666666666666,45.25,1.5833333333333333,0.493984718984719,1.2901102299119227,2019-12-08,2019,0.6831365071450053,0.3796513935964172,BUF,12.0,9.0,0.75,10.5,126,10.666666666666666,128,-9.483333333333333,0.5131638221009904,-24.166666666666668,0.24505125202088998,2.1423310485810485,1.4802496114996115,0.6620814370814371,7.807305400311078,21.416666666666668,257.0,44.0,15.666666666666666,188.0,29.0,AFC East,3,5.75,69,0.30647710874983597,0.6249166666666667,6.950833333333333,4.640881213405338,1.4166666666666667,1.0,0.6833333333333333,60.166666666666664,1.0833333333333333,2.0,0.3834249084249084,0.61375,5.131666666666667,4.372768643325238,0.75,0.9166666666666666,0.6,53.583333333333336,1.25,0.3834249084249084,1.192694599688922,2019,0.3839143931126406,0.2302006141868351,BAL vs. BUF,BUF,1604.1221929975643,6.0,BAL,1795.555731807097,1.0,0,-7,6.5,0,230.0,-264.0,0,0
NYJ,13.0,5.0,0.38461538461538464,11.076923076923077,144,11.461538461538462,149,-22.87692307692308,-0.8420684249545166,-12.807692307692305,-1.1443951615614596,1.612920412920413,2.0392897700590007,-0.426369357138588,4.692323082344478,17.384615384615383,226.0,35.0,23.153846153846153,301.0,55.0,AFC East,1,-5.769230769230769,-75,0.39265873015873015,0.6213076923076923,5.088461538461538,3.2856489663498314,1.1538461538461537,0.46153846153846156,0.6083333333333333,74.46153846153847,1.6153846153846154,-5.0,0.28549635382214567,0.6202307692307693,6.556923076923076,2.9833222297428885,1.4615384615384615,0.8461538461538461,0.8159722222222222,61.0,1.2307692307692308,0.28549635382214567,0.3076769176555221,2019-12-12,2019,0.24880806202881584,0.3494694013789642,BAL,13.0,11.0,0.8461538461538461,9.153846153846153,119,9.923076923076923,129,2.3923076923076936,1.3436824763661313,-23.192307692307693,-0.0004730454321909806,3.766033966033966,1.8398302552148706,1.9262037108190952,9.403546714779305,33.07692307692308,430.0,70.0,18.153846153846153,236.0,47.0,AFC North,9,14.923076923076923,194,0.5285353535353535,0.6738461538461539,8.399230769230769,5.471399867670479,2.230769230769231,1.3846153846153846,0.9722222222222222,57.46153846153846,0.9230769230769231,8.0,0.47696491542645386,0.6007692307692307,5.723846153846154,4.127244345872157,0.8461538461538461,0.8461538461538461,0.8653846153846154,45.53846153846154,1.5384615384615385,0.47696491542645386,1.5964532852206954,2019,0.6604729993312533,0.381057426598314,NYJ vs. BAL,BAL,1820.4926398004588,1.0,NYJ,1437.0470967206206,21.0,1,21,-17.0,1,-1105.0,775.0,0,0
BAL,14.0,12.0,0.8571428571428571,9.285714285714286,130,10.0,140,4.4071428571428575,1.410851393381265,-22.699999999999996,0.011271406053131181,3.7697588126159554,1.844777444777445,1.9249813678385106,10.241456695534701,33.714285714285715,472.0,76.0,18.357142857142858,257.0,49.0,AFC North,10,15.357142857142858,215,0.5174645866953559,0.6703571428571429,8.727857142857143,5.538568784685613,2.4285714285714284,1.3571428571428572,0.9722222222222222,55.857142857142854,0.8571428571428571,10.0,0.46075313575313576,0.5980714285714285,5.765714285714286,4.138988797357479,0.9285714285714286,0.7857142857142857,0.8035714285714286,49.0,1.5714285714285714,0.46075313575313576,1.7585433044652987,2019-12-22,2019,0.6580490610655839,0.3689635826116325,CLE,14.0,6.0,0.42857142857142855,10.642857142857142,149,10.642857142857142,149,-26.185714285714283,0.9606888850135532,-10.328571428571431,0.6679483891398416,2.0735014985014986,2.2556998556998558,-0.18219835719835725,6.5317172760510065,21.214285714285715,297.0,55.0,23.5,329.0,56.0,AFC North,-1,-2.2857142857142856,-32,0.5447522562907179,0.5864285714285714,5.517857142857143,5.0884062763179,1.2142857142857142,1.0714285714285714,0.8472222222222222,72.21428571428571,1.7142857142857142,-6.0,0.36845000237857384,0.6300714285714285,6.845,4.795665780444189,1.5,1.0714285714285714,0.744047619047619,54.714285714285715,1.2857142857142858,0.36845000237857384,-0.5317172760510065,2019,0.3551081255115986,0.33471899930064414,BAL vs. CLE,CLE,1464.0064999802885,16.0,BAL,1538.008106127738,8.0,0,-16,9.5,0,311.0,-370.0,1,0
PIT,15.0,8.0,0.5333333333333333,10.866666666666667,163,11.466666666666667,172,-21.25333333333333,-0.5155225471285598,-21.2,-0.5055597871774978,1.8127428127428127,1.626146076146076,0.18659673659673667,7.735102268550259,18.6,279.0,52.0,18.333333333333332,275.0,50.0,AFC North,-2,0.26666666666666666,4,0.4519010751153608,0.6434,5.326666666666667,3.612194844175788,1.2,0.4,0.9111111111111111,56.4,1.8666666666666667,8.0,0.338019203019203,0.6136666666666667,5.344666666666667,3.6221576041268495,1.5333333333333334,0.4,0.75,72.2,2.4,0.338019203019203,0.26489773144974116,2019-12-29,2019,0.32465222169136465,0.2764515064234446,BAL,15.0,13.0,0.8666666666666667,9.266666666666667,139,9.933333333333334,149,5.453333333333334,1.446613474402224,-22.293333333333333,-0.0646611804373674,3.748071188071188,1.8329033929033929,1.9151677951677952,11.08964615082001,33.53333333333333,503.0,81.0,18.133333333333333,272.0,52.0,AFC North,11,15.4,231,0.5111150754007897,0.6686666666666666,8.786666666666667,5.574330865706572,2.466666666666667,1.3333333333333333,0.9743589743589743,55.46666666666667,0.8666666666666667,10.0,0.4724605024605025,0.5985999999999999,5.742666666666667,4.06305621086698,1.0,0.7333333333333333,0.8166666666666667,49.86666666666667,1.5333333333333334,0.4724605024605025,1.9103538491799892,2019,0.6569489984573522,0.3701737808310333,PIT vs. BAL,BAL,1477.516594960469,10.0,PIT,1436.9160182128549,24.0,1,18,2.0,1,122.0,-135.0,1,0
TEN,1.0,10.0,10.0,10.705882352941176,182,10.941176470588236,186,5.905882352941179,0.790083429773976,-13.376470588235295,-0.10815013072836133,2.4114413364413365,1.8629233511586452,0.5485179852826912,9.38955545303231,24.823529411764707,422.0,60.0,20.235294117647058,344.0,63.0,AFC South,2,4.588235294117647,78,0.46570720945720945,0.6634705882352941,8.667058823529413,4.917800821078323,1.7647058823529411,1.2941176470588236,0.55,56.294117647058826,1.0588235294117647,7.0,0.38454538541043737,0.6391764705882352,6.398235294117647,4.019567260575987,1.4705882352941178,0.8823529411764706,0.8375,61.94117647058823,1.4705882352941178,0.38454538541043737,0.61044454696769,2020-01-11,2019,0.5309157847146231,0.20676347558583047,BAL,16.0,14.0,0.875,9.375,150,9.9375,159,1.4875000000000003,1.4149791589319272,-24.34375,-0.07131958492090151,3.672907647907648,1.7808469308469308,1.892060717060717,12.009487840366551,33.1875,531.0,86.0,17.625,282.0,54.0,AFC North,12,15.5625,249,0.5125962925962926,0.659625,8.344375,5.542696550236275,2.3125,1.3125,0.9761904761904762,54.1875,0.9375,10.0,0.4702754710567211,0.5836875,5.57625,4.056397806383446,0.9375,0.75,0.828125,49.6875,1.5625,0.4702754710567211,1.9905121596334485,2019,0.6446600190535319,0.36064766376580426,TEN vs. BAL,BAL,1851.7490177456532,1.0,TEN,1655.5497052469352,6.0,0,-16,-10.0,0,-439.0,361.0,0,1
BUF,1.0,1.0,1.0,11.0,11,11.0,11,-30.099999999999994,0.9922826086956524,-17.099999999999994,-0.8896221532091095,1.5454545454545454,1.4545454545454546,0.09090909090909083,0.535858421072182,17.0,17.0,3.0,16.0,16.0,1.0,AFC East,1,1.0,1,0.5,0.649,4.65,5.12,1.0,1.0,1.0,55.0,4.0,-3.0,0.5,0.6829999999999999,4.27,3.238095238095238,1.0,0.0,0.0,67.0,1.0,0.5,0.46414157892781804,2019-09-15,2019,0.3993113397075867,0.042194688993438006,NYG,1.0,0.0,0.0,11.0,11,9.0,9,-6.0,4.754635549872123,58.30000000000001,-1.1610507246376809,1.5454545454545454,3.888888888888889,-2.3434343434343434,0.1529745361903755,17.0,17.0,3.0,35.0,35.0,5.0,NFC East,-1,-18.0,-18,0.5,0.688,7.06,8.882352941176471,1.0,1.0,1.0,70.0,2.0,-2.0,0.18181818181818182,0.7809999999999999,15.16,2.966666666666667,4.0,1.0,,47.0,0.0,0.18181818181818182,-0.1529745361903755,2019,0.23100694467535213,-0.08498585343909756,BUF vs. NYG,NYG,1450.0,16.0,BUF,1550.0,1.0,0,-14,1.0,0,102.0,-113.0,0,0
CIN,2.0,0.0,0.0,12.0,24,11.5,23,-3.450000000000003,-2.255536940176528,29.64999999999999,0.39561594202898576,1.541958041958042,2.7386363636363633,-1.1966783216783217,0.5815447804606777,18.5,37.0,7.0,31.0,62.0,10.0,AFC North,-2,-12.5,-25,1.0,0.6525,7.67,1.8721804511278195,2.0,0.0,0.5833333333333333,58.5,2.0,-2.0,0.45,0.696,11.29,4.523333333333333,2.5,1.5,0.6666666666666666,65.0,1.0,0.45,-0.5815447804606777,2019-09-22,2019,0.20685805284948452,0.0909685259868092,BUF,2.0,2.0,1.0,11.0,22,11.0,22,-15.599999999999994,0.6528708439897706,-27.849999999999998,0.7163302277432715,2.0454545454545454,1.3636363636363638,0.6818181818181818,1.3737684018275784,22.5,45.0,7.0,15.0,30.0,3.0,AFC East,2,7.5,15,0.0,0.641,6.61,4.780588235294118,1.0,2.0,1.0,60.0,2.0,-1.0,0.4423076923076923,0.6305,4.035,4.844047619047619,1.0,0.5,0.0,53.5,1.5,0.4423076923076923,0.6262315981724216,2019,0.4178095724365216,0.11087942714811964,CIN vs. BUF,BUF,1585.9935000197115,1.0,CIN,1414.0064999802885,23.0,1,4,-5.5,0,-252.0,220.0,0,0
NWE,3.0,3.0,1.0,11.333333333333334,34,11.333333333333334,34,14.066666666666668,-0.969327803029702,-58.866666666666674,-1.773871237458194,3.247619047619047,0.5,2.747619047619047,2.8553844799633987,35.333333333333336,106.0,17.0,5.666666666666667,17.0,1.0,AFC East,3,29.666666666666668,89,0.0,0.6856666666666666,9.63,3.158389588274646,2.3333333333333335,1.3333333333333333,0.8333333333333334,59.666666666666664,1.0,3.0,0.48181818181818176,0.527,1.6766666666666667,2.353846153846154,0.0,0.0,1.0,47.666666666666664,2.0,0.48181818181818176,0.14461552003660127,2019-09-29,2019,0.5241025866727669,0.021025642353300015,BUF,3.0,3.0,1.0,11.333333333333334,34,11.666666666666666,35,-16.766666666666662,0.6797118025954347,-31.133333333333336,0.2595424249028371,1.946969696969697,1.344988344988345,0.6019813519813519,1.9964163171824496,22.0,66.0,11.0,15.666666666666666,47.0,6.0,AFC East,3,6.333333333333333,19,0.0,0.6403333333333333,6.406666666666666,4.807429193899782,1.0,1.6666666666666667,0.8333333333333333,58.333333333333336,2.0,1.0,0.4230769230769231,0.6056666666666667,4.263333333333333,4.387259816207185,1.0,0.6666666666666666,0.3333333333333333,53.666666666666664,2.3333333333333335,0.4230769230769231,1.0035836828175504,2019,0.431759024617579,0.17163335330386004,NWE vs. BUF,BUF,1613.0839817871451,1.0,NWE,1611.5211706611783,1.0,0,-6,7.0,1,274.0,-321.0,1,0
BUF,4.0,3.0,0.75,12.0,48,11.75,47,-30.424999999999997,1.0119454132113983,-36.875,-0.03292470306200257,1.6387987012987013,1.342074592074592,0.2967241092241092,2.24355923995563,19.0,76.0,13.0,15.75,63.0,8.0,AFC East,-1,3.25,13,0.3333333333333333,0.6052500000000001,5.1450000000000005,5.139662804515746,0.75,1.5,0.7222222222222222,62.75,2.5,-2.0,0.3557692307692308,0.56975,3.8699999999999997,4.094792688242345,0.75,0.75,0.5,54.75,2.0,0.3557692307692308,0.7564407600443701,2019-10-06,2019,0.32205067646133756,0.1598485429806115,TEN,4.0,2.0,0.5,11.0,44,10.75,43,5.399999999999999,0.151869443429546,-13.774999999999999,0.32816496163682884,2.0412878787878785,1.4503787878787877,0.5909090909090909,2.344155725909806,22.75,91.0,14.0,15.5,62.0,11.0,AFC South,1,7.25,29,0.1111111111111111,0.626,8.33,4.279586834733894,1.75,0.75,0.8333333333333334,76.75,0.25,5.0,0.3080316742081448,0.648,5.812500000000001,4.455882352941177,1.5,0.5,0.75,81.75,1.5,0.3080316742081448,-0.3441557259098058,2019,0.2908057945299018,0.16985050590111708,BUF vs. TEN,TEN,1479.6160079127822,10.0,BUF,1562.8590767038788,3.0,0,-7,-3.5,0,-182.0,162.0,0,0
MIA,5.0,0.0,0.0,11.0,55,9.6,48,-44.88,-1.0177173913043478,20.440000000000005,0.47295664906278734,0.8075757575757576,3.8262337662337664,-3.018658008658009,0.5677141894676676,8.4,42.0,9.0,36.0,180.0,28.0,AFC East,-5,-27.6,-138,0.5833333333333334,0.5509999999999999,3.196,3.1100000000000003,0.6,0.2,0.75,43.8,2.2,-9.0,0.2695238095238095,0.7038,11.325999999999999,4.600674040367135,2.8,1.4,0.7,67.8,0.4,0.2695238095238095,-0.5677141894676676,2019-10-20,2019,0.14505662652651272,0.40043334456210544,BUF,5.0,4.0,0.8,11.6,58,11.6,58,-25.059999999999995,0.7914202597156565,-33.56,-0.09632768515491605,1.591038961038961,1.200932400932401,0.3901065601065601,3.081469220711026,18.0,90.0,15.0,14.0,70.0,9.0,AFC East,1,4.0,20,0.375,0.628,5.36,4.919137651020004,1.0,1.2,0.7222222222222222,65.8,2.2,-3.0,0.34615384615384615,0.5740000000000001,4.459999999999999,4.031389706149431,0.6,0.8,0.4,55.8,1.6,0.34615384615384615,0.9185307792889739,2019,0.3061309023770159,0.15264405866758884,MIA vs. BUF,BUF,1601.103521391526,3.0,MIA,1291.6788714448348,27.0,1,10,-17.0,0,-1137.0,793.0,1,0
PHI,7.0,3.0,0.42857142857142855,10.571428571428571,74,11.0,77,-9.400000000000002,-0.15907061618212376,-8.871428571428575,-0.6005393945995928,2.380952380952381,2.5040816326530613,-0.12312925170068031,3.259267995632916,24.428571428571427,171.0,27.0,26.571428571428573,186.0,32.0,NFC East,-2,-2.142857142857143,-15,0.43333333333333335,0.6081428571428571,6.78,3.968646775122224,1.8571428571428572,0.8571428571428571,1.0,57.57142857142857,1.8571428571428572,-2.0,0.47033685268979386,0.6612857142857144,6.874285714285714,3.5271779967047547,2.0,1.0,0.738095238095238,58.857142857142854,1.5714285714285714,0.47033685268979386,-0.259267995632916,2019-10-27,2019,0.35135089598052366,0.34082267929452076,BUF,6.0,5.0,0.8333333333333334,11.0,66,11.166666666666666,67,-19.366666666666664,0.8193900715021777,-30.166666666666668,-0.16267041395759918,1.9716991341991343,1.3896658896658896,0.5820332445332445,3.7971286119861754,20.166666666666668,121.0,20.0,15.166666666666666,91.0,12.0,AFC East,2,5.0,30,0.3,0.6258333333333334,5.928333333333334,4.9471074628065255,1.1666666666666667,1.0,0.7916666666666666,68.66666666666667,1.8333333333333333,-1.0,0.3384615384615384,0.5878333333333333,4.8933333333333335,3.9650469773467485,0.6666666666666666,1.0,0.4,55.666666666666664,1.6666666666666667,0.3384615384615384,1.2028713880138246,2019,0.3637813832330215,0.18516033994071118,PHI vs. BUF,BUF,1615.5191288444316,5.0,PHI,1436.982792948852,16.0,0,-18,-1.0,0,-122.0,111.0,0,0
WAS,8.0,1.0,0.125,9.75,78,9.75,78,-22.1875,-0.07821741211686856,-4.374999999999999,0.24470231909161855,1.2913742507492507,2.5581845238095235,-1.266810273060273,1.5500251612556681,12.375,99.0,19.0,24.375,195.0,34.0,NFC East,-2,-12.0,-96,0.6496598639455782,0.6587500000000001,4.57,4.0494999791874795,1.125,0.25,0.6666666666666666,60.0,1.75,-3.0,0.2517205017205017,0.7335,7.0725,4.372419710395966,1.75,0.75,0.90625,52.5,1.375,0.2517205017205017,-0.5500251612556681,2019-11-03,2019,0.22684218258997163,0.351440936726454,BUF,7.0,5.0,0.7142857142857143,11.142857142857142,78,11.285714285714286,79,-19.471428571428568,0.8126604339583884,-25.62857142857143,0.030476185097394977,1.8447897340754482,1.5601898101898102,0.2845999238856381,3.910212579264822,19.142857142857142,134.0,22.0,17.428571428571427,122.0,17.0,AFC East,-1,1.7142857142857142,12,0.32142857142857145,0.6037142857142858,5.901428571428572,4.940377825262736,1.2857142857142858,0.8571428571428571,0.6333333333333333,67.0,1.7142857142857142,-1.0,0.3472527472527473,0.6049999999999999,5.224285714285714,4.158193576401742,0.7142857142857143,1.2857142857142858,0.5,54.0,1.5714285714285714,0.3472527472527473,1.089787420735178,2019,0.325962130505813,0.2179500653752225,WAS vs. BUF,BUF,1541.8714209251166,7.0,WAS,1346.6593016317863,27.0,1,15,-10.5,1,-449.0,368.0,0,0
BUF,8.0,6.0,0.75,10.75,86,11.0,88,-16.099999999999998,0.5861388468261874,-24.8125,0.20091937935152493,1.9891910173160174,1.490166083916084,0.49902493339993337,4.8211037763217055,19.75,158.0,26.0,16.375,131.0,20.0,AFC East,1,3.375,27,0.2933673469387755,0.61575,6.20125,4.713856238130535,1.25,1.0,0.6944444444444443,61.125,1.5,-1.0,0.3663461538461539,0.614625,5.2299999999999995,4.328636770655873,0.625,1.125,0.5714285714285714,49.125,1.375,0.3663461538461539,1.1788962236782945,2019-11-10,2019,0.346876892173889,0.23235500635449696,CLE,8.0,2.0,0.25,11.375,91,10.875,87,-33.625,1.0705192858116397,3.174999999999999,0.6982806737817393,1.6996212121212122,2.3428030303030303,-0.6431818181818182,3.0059983909412002,19.0,152.0,30.0,25.625,205.0,34.0,AFC North,-4,-6.625,-53,0.6738095238095239,0.5755,4.93625,5.198236677115987,0.875,1.125,1.0,78.875,2.125,-8.0,0.2950174825174825,0.6507499999999999,7.94625,4.825998065086087,2.0,0.75,0.8020833333333333,49.125,1.125,0.2950174825174825,-1.0059983909412002,2019,0.28821435202165385,0.29281042343103336,BUF vs. CLE,CLE,1379.991300305492,23.0,BUF,1566.4034032989398,5.0,1,3,-3.0,0,-151.0,136.0,0,0
BUF,9.0,6.0,0.6666666666666666,10.666666666666666,96,10.666666666666666,96,-17.288888888888884,0.5290437092561279,-21.955555555555556,0.3481648663726673,1.9459475709475709,1.5884809634809636,0.35746660746660747,5.220667055731513,19.333333333333332,174.0,28.0,16.666666666666668,150.0,24.0,AFC East,-1,2.6666666666666665,24,0.28794642857142855,0.607,6.216666666666667,4.656761100560476,1.1111111111111112,1.1111111111111112,0.5952380952380951,58.77777777777778,1.3333333333333333,-1.0,0.3683760683760684,0.6223333333333333,5.412222222222223,4.475882257677015,0.7777777777777778,1.0,0.625,51.44444444444444,1.2222222222222223,0.3683760683760684,0.7793329442684866,2019-11-17,2019,0.3169228268975899,0.2438703595630135,MIA,9.0,2.0,0.2222222222222222,10.555555555555555,95,9.88888888888889,89,-32.144444444444446,-1.1147319362136294,1.5999999999999999,0.455571967326752,1.3326038159371492,3.140079365079365,-1.8074755491422156,2.395395639222106,13.222222222222221,119.0,22.0,29.77777777777778,268.0,45.0,AFC East,2,-16.555555555555557,-149,0.5293154761904761,0.5925555555555556,4.342222222222222,3.012985455090718,1.0,0.4444444444444444,0.75,44.44444444444444,2.111111111111111,-12.0,0.34845339845339846,0.6493333333333333,8.803333333333333,4.5832893586311,2.2222222222222223,0.8888888888888888,0.7685185185185186,69.11111111111111,0.7777777777777778,0.34845339845339846,-0.3953956392221061,2019,0.22140502448785226,0.42722496408864574,BUF vs. MIA,MIA,1291.6788714448348,27.0,BUF,1601.103521391526,3.0,0,-17,7.0,0,263.0,-307.0,1,0
DEN,10.0,3.0,0.3,10.3,103,10.7,107,-15.95,0.17006392587199232,-11.709999999999999,-0.5811154543628554,1.7152991452991455,1.960180375180375,-0.24488122988122987,4.58782164926731,17.2,172.0,35.0,19.7,197.0,39.0,AFC West,-1,-2.5,-25,0.5058201058201058,0.6282,6.326,4.29778131717634,0.9,0.8,0.8166666666666667,58.4,1.1,-2.0,0.2843079143079143,0.6595,6.606999999999999,3.5466019369414923,1.0,0.7,0.8854166666666666,60.5,0.9,0.2843079143079143,-1.58782164926731,2019-11-24,2019,0.2858507206559652,0.2701635099799765,BUF,10.0,7.0,0.7,10.8,108,10.8,108,-13.789999999999997,0.557485246258904,-21.03,0.07749971752804274,2.0596861471861474,1.5962995337995338,0.46338661338661336,6.031892108324168,21.1,211.0,35.0,17.0,170.0,26.0,AFC East,1,4.1,41,0.2806437389770723,0.6099,6.553,4.685202637563252,1.3,1.1,0.6458333333333333,57.9,1.2,0.0,0.36725274725274726,0.6312,5.493,4.20521710883239,0.7,1.1,0.625,50.7,1.2,0.36725274725274726,0.9681078916758317,2019,0.35544794093393894,0.2399729677625663,DEN vs. BUF,BUF,1528.489082683665,6.0,DEN,1428.4135569338257,20.0,1,17,-3.5,1,-190.0,170.0,0,0
BUF,11.0,8.0,0.7272727272727273,10.636363636363637,117,10.727272727272727,118,-13.254545454545452,0.6035113120897109,-25.372727272727275,0.14975270763418908,2.0744621540076085,1.47845412163594,0.5960080323716688,7.020863517592032,21.0,231.0,39.0,15.727272727272727,173.0,27.0,AFC East,2,5.2727272727272725,58,0.2825793650793651,0.609,6.593636363636364,4.731228703394058,1.3636363636363635,1.0,0.6851851851851851,60.81818181818182,1.1818181818181819,0.0,0.37932067932067937,0.6101818181818182,5.008181818181818,4.277470098938537,0.6363636363636364,1.0,0.6666666666666666,52.45454545454545,1.1818181818181819,0.37932067932067937,0.9791364824079682,2019-11-28,2019,0.36300413583054447,0.2283795724383784,DAL,11.0,6.0,0.5454545454545454,10.181818181818182,112,10.181818181818182,112,-0.8545454545454525,0.28775051868227897,-12.581818181818182,0.13438169106949038,2.682667584940312,1.916368227731864,0.7662993572084481,6.846701791812705,26.818181818181817,295.0,52.0,19.09090909090909,210.0,41.0,NFC East,-1,7.7272727272727275,85,0.4066666666666666,0.6756363636363637,8.238181818181818,4.415467909986627,1.9090909090909092,1.0909090909090908,0.7583333333333333,70.27272727272727,1.2727272727272727,-2.0,0.4725977231324825,0.6378181818181818,6.358181818181818,4.262099082373838,1.0909090909090908,0.9090909090909091,0.9074074074074073,63.90909090909091,1.0909090909090908,0.4725977231324825,-0.8467017918127047,2019,0.4285483009949183,0.3046146319283109,BUF vs. DAL,DAL,1491.4962174061202,9.0,BUF,1564.4725672076474,6.0,0,-11,-6.5,0,-298.0,256.0,0,0
BUF,13.0,9.0,0.6923076923076923,10.692307692307692,139,10.76923076923077,140,-11.869230769230768,0.5039990464878706,-22.192307692307693,0.1837427083618391,2.078128068512684,1.520230410615026,0.5578976578976579,8.11364845561985,21.076923076923077,274.0,48.0,16.307692307692307,212.0,33.0,AFC East,-1,4.769230769230769,62,0.35038179413179416,0.6103846153846154,6.663076923076924,4.631716437792218,1.3846153846153846,0.9230769230769231,0.712121212121212,59.30769230769231,1.0769230769230769,2.0,0.37203023221122766,0.6157692307692308,5.21076923076923,4.311460099666187,0.9230769230769231,0.8461538461538461,0.6363636363636364,57.07692307692308,1.2307692307692308,0.37203023221122766,0.8863515443801493,2019-12-15,2019,0.36886822032664485,0.2336536269035961,PIT,13.0,8.0,0.6153846153846154,10.615384615384615,138,11.538461538461538,150,-17.361538461538462,-0.47078927439821877,-21.23076923076923,-0.41578958897174767,1.968352160659853,1.6455531647839339,0.3227989958759191,7.266570126381933,19.923076923076923,259.0,48.0,18.615384615384617,242.0,43.0,AFC North,3,1.3076923076923077,17,0.4397637085137085,0.643846153846154,5.8707692307692305,3.656928116906129,1.2307692307692308,0.46153846153846156,0.8974358974358974,60.15384615384615,1.6153846153846154,12.0,0.3439528420297651,0.6207692307692307,5.266923076923077,3.7119278023326,1.6153846153846154,0.38461538461538464,0.7083333333333334,75.61538461538461,2.5384615384615383,0.3439528420297651,0.7334298736180669,2019,0.367449628725567,0.2807884536233728,BUF vs. PIT,PIT,1608.5568805600485,10.0,BUF,1579.185285004202,7.0,0,-7,-1.0,0,-112.0,101.0,0,0
BUF,14.0,10.0,0.7142857142857143,10.714285714285714,150,10.928571428571429,153,-13.599999999999998,0.41752306032978,-24.807142857142857,0.13598535430405026,2.0400799597228167,1.466587579087579,0.5734923806352378,8.892259236224705,20.785714285714285,291.0,51.0,15.857142857142858,222.0,35.0,AFC East,1,4.928571428571429,69,0.3707666265358573,0.6039285714285715,6.49,4.545240451634127,1.3571428571428572,0.9285714285714286,0.736111111111111,60.07142857142857,1.1428571428571428,5.0,0.3760688890940992,0.615,4.872142857142856,4.263702745608398,0.9285714285714286,0.7857142857142857,0.6666666666666666,55.142857142857146,1.5,0.3760688890940992,1.1077407637752952,2019-12-21,2019,0.36690227569168576,0.23051863993096888,NWE,14.0,11.0,0.7857142857142857,11.571428571428571,162,11.428571428571429,160,-13.678571428571429,-0.40189538214767967,-41.357142857142854,0.023614969831844097,2.333699633699634,1.2249437070865643,1.1087559266130695,10.568359140723677,26.571428571428573,372.0,60.0,12.928571428571429,181.0,30.0,AFC East,1,13.642857142857142,191,0.39870215254830643,0.601,6.477857142857142,3.7258220091566683,1.5714285714285714,1.0714285714285714,0.7857142857142857,53.142857142857146,0.8571428571428571,24.0,0.3788682197820853,0.5689285714285715,3.2271428571428573,4.151332361136192,0.7142857142857143,0.42857142857142855,0.90625,59.92857142857143,2.5714285714285716,0.3788682197820853,0.4316408592763228,2019,0.3817894407215959,0.17988804722245075,BUF vs. NWE,NWE,1611.5211706611783,1.0,BUF,1613.0839817871451,1.0,1,7,-7.0,0,-289.0,250.0,1,0
NYJ,15.0,6.0,0.4,11.066666666666666,166,11.466666666666667,172,-21.30666666666667,-0.8169605093567163,-11.346666666666666,-0.9147204784683544,1.6221067821067823,2.0774854774854776,-0.45537869537869546,5.607270178815901,17.533333333333335,263.0,41.0,23.533333333333335,353.0,63.0,AFC East,1,-6.0,-90,0.43782051282051276,0.6170000000000001,5.328,3.3107568819476314,1.2,0.4,0.5902777777777778,72.8,1.6,-6.0,0.2937793796617326,0.6242666666666666,6.756666666666666,3.212996912835993,1.6666666666666667,0.8,0.8301282051282051,57.46666666666667,1.2,0.2937793796617326,0.3927298211840986,2019-12-29,2019,0.2534545874170876,0.3514503793544954,BUF,15.0,10.0,0.6666666666666666,10.666666666666666,160,10.8,162,-12.853333333333332,0.3811736968875048,-22.42,0.12411945697777609,2.0174079624079626,1.5465928515928515,0.4708151108151108,9.198602291533476,20.533333333333335,308.0,54.0,16.4,246.0,40.0,AFC East,-1,4.133333333333334,62,0.40040574504860216,0.597,6.6113333333333335,4.508891088191853,1.4,0.8666666666666667,0.7564102564102563,59.13333333333333,1.0666666666666667,6.0,0.3631188419423713,0.6265333333333333,5.1353333333333335,4.251836848282124,0.9333333333333333,0.8,0.6923076923076923,53.46666666666667,1.4666666666666666,0.3631188419423713,0.8013977084665243,2019,0.35553144844049683,0.24364440672372878,NYJ vs. BUF,BUF,1500.0,1.0,NYJ,1500.0,1.0,0,-7,1.5,0,112.0,-124.0,1,0
BUF,16.0,10.0,0.625,10.6875,171,10.8125,173,-15.2,0.327493003875514,-22.61875,0.057453728034217416,1.925410873848374,1.5237944347319348,0.40161643911643913,9.336547765252112,19.625,314.0,56.0,16.1875,259.0,43.0,AFC East,-2,3.4375,55,0.40037869537869536,0.5925,6.4262500000000005,4.455210395179861,1.3125,0.8125,0.7738095238095237,57.9375,1.1875,4.0,0.358281057178116,0.6273124999999999,5.091875,4.185171119338565,0.9375,0.75,0.6785714285714286,50.9375,1.4375,0.358281057178116,0.6634522347478882,2020-01-04,2019,0.3410648118223251,0.24332675075656038,HOU,16.0,10.0,0.625,10.0,160,9.875,158,-7.13125,0.49478808384442763,-0.8625000000000007,0.5776087838587841,2.3833648989898992,2.5053394522144523,-0.1219745532245532,8.014020546272342,23.625,378.0,64.0,24.0625,385.0,66.0,AFC South,-1,-0.4375,-7,0.5168168868168868,0.6683125,7.0874999999999995,4.622505475148776,1.6875,1.0625,0.7435897435897435,55.75,1.375,0.0,0.43476523476523476,0.648375,7.886875,4.7053261751631315,2.0625,0.75,0.8273809523809524,53.6875,1.375,0.43476523476523476,1.9859794537276585,2019,0.44964948634319146,0.44346307118118095,BUF vs. HOU,HOU,1625.1196945399663,8.0,BUF,1518.7483906537996,8.0,1,3,-2.5,1,-144.0,130.0,0,1
TAM,1.0,0.0,0.0,10.0,10,9.0,9,-56.9,0.5261287625418065,-21.099999999999994,-1.0652173913043477,1.7,3.4444444444444446,-1.7444444444444447,0.1940612291928844,17.0,17.0,2.0,31.0,31.0,4.0,NFC South,-1,-14.0,-14,0.5,0.556,1.64,4.653846153846154,1.0,0.0,1.0,87.0,4.0,-2.0,0.45454545454545453,0.667,4.93,3.0625,1.0,0.0,0.75,87.0,2.0,0.45454545454545453,-0.1940612291928844,2019-09-12,2019,0.16118775416142314,-0.08624943519683755,CAR,1.0,0.0,0.0,13.0,13,12.0,12,-30.400000000000006,1.3940217391304346,-31.400000000000006,1.0597826086956523,2.076923076923077,2.5,-0.4230769230769229,0.4378962522437961,27.0,27.0,5.0,30.0,30.0,6.0,NFC South,-1,-3.0,-3,0.5,0.6579999999999999,4.5,5.521739130434782,0.0,3.0,0.6666666666666666,46.0,3.0,-2.0,0.45454545454545453,0.59,4.05,5.1875,1.0,2.0,0.75,43.0,1.0,0.45454545454545453,-0.4378962522437961,2019,0.2161937491370015,-0.21894812612189807,TAM vs. CAR,CAR,1450.0,16.0,TAM,1450.0,16.0,0,-6,-6.5,0,-277.0,240.0,1,0
CAR,3.0,1.0,0.3333333333333333,12.0,36,11.333333333333334,34,-6.966666666666669,0.25728789891981024,-20.8,0.5100514258999533,2.317948717948718,2.0454545454545454,0.2724941724941725,1.5590260408580272,26.333333333333332,79.0,15.0,23.333333333333332,70.0,14.0,NFC South,1,3.0,9,0.0,0.6263333333333333,7.6499999999999995,4.385005290224158,1.3333333333333333,1.3333333333333333,0.8888888888888888,43.666666666666664,1.6666666666666667,-2.0,0.3562770562770563,0.6426666666666666,4.733333333333333,4.637768817204301,1.3333333333333333,1.0,0.8055555555555555,53.666666666666664,1.0,0.3562770562770563,-0.5590260408580272,2019-09-29,2019,0.33902416099194066,0.19778073949007471,HOU,3.0,2.0,0.6666666666666666,9.666666666666666,29,10.0,30,3.799999999999997,0.565188787185355,-1.0,1.2082614446744886,2.3703703703703707,2.066666666666667,0.3037037037037038,1.6771729888224955,22.666666666666668,68.0,11.0,20.666666666666668,62.0,13.0,AFC South,2,2.0,6,0.25,0.6513333333333334,8.233333333333333,4.692906178489703,2.0,1.0,0.5,60.333333333333336,0.6666666666666666,1.0,0.5128205128205128,0.7050000000000001,7.18,5.335978835978836,1.6666666666666667,0.3333333333333333,0.9166666666666666,62.333333333333336,1.0,0.5128205128205128,0.32282701117750445,2019,0.4201275531373856,0.33551945717008397,CAR vs. HOU,HOU,1547.9853938919734,8.0,CAR,1452.0146061080266,16.0,0,-6,-5.5,0,-257.0,224.0,0,0
JAX,4.0,2.0,0.5,10.5,42,10.25,41,5.699999999999999,1.2338349269913917,-4.599999999999998,-0.053678929765886174,2.0184343434343432,2.140656565656566,-0.12222222222222234,2.188143156936709,21.0,84.0,18.0,21.0,84.0,16.0,AFC South,2,0.0,0,0.16666666666666666,0.6895,7.987500000000001,5.36155231829574,2.0,0.0,1.0,68.75,0.75,-1.0,0.2995754245754246,0.61025,8.05,4.0740384615384615,1.5,0.75,1.0,62.75,0.5,0.2995754245754246,-0.18814315693670913,2019-10-06,2019,0.40841323318535255,0.27432749688422353,CAR,4.0,2.0,0.5,11.75,47,11.0,44,-8.775000000000002,0.0003222906494850797,-26.35,0.8960637670534235,2.1020979020979023,1.7840909090909092,0.31800699300699303,2.311883118084847,23.75,95.0,19.0,20.0,80.0,16.0,NFC South,2,3.75,15,0.2222222222222222,0.64625,7.2299999999999995,4.128039681953832,1.0,1.25,0.9166666666666666,41.5,2.0,-3.0,0.3922077922077922,0.6365,4.16,5.023781158357771,1.0,1.0,0.7291666666666666,60.5,1.25,0.3922077922077922,-0.31188311808484714,2019,0.37273521678929733,0.24437426199228662,JAX vs. CAR,CAR,1515.4850408547134,10.0,JAX,1499.9782503356148,10.0,1,7,-3.0,1,-189.0,169.0,0,0
CAR,5.0,3.0,0.6,11.8,59,11.2,56,-11.020000000000001,1.2858254653698296,-21.0,0.8525978579625144,2.2483449883449884,1.8772727272727274,0.3710722610722611,2.945169393690569,25.8,129.0,23.0,21.4,107.0,21.0,NFC South,3,4.4,22,0.29166666666666663,0.6266,6.946,5.4135428566741775,1.0,1.6,0.7333333333333333,47.2,1.6,0.0,0.38043290043290046,0.6274,5.138,4.980315249266862,1.2,1.0,0.7833333333333333,65.2,1.6,0.38043290043290046,0.05483060630943104,2019-10-13,2019,0.3941054371020912,0.3041122954732073,TAM,5.0,2.0,0.4,11.0,55,11.2,56,-6.000000000000002,-0.21057474900041512,-6.359999999999999,-1.1151247844205692,2.6605594405594406,2.724273504273504,-0.06371406371406381,2.4078968587571303,29.4,147.0,25.0,29.6,148.0,24.0,NFC South,-1,-0.2,-1,0.4375,0.6113999999999999,7.470000000000001,3.917142642303932,2.2,0.8,0.8933333333333333,62.4,1.2,4.0,0.359007659007659,0.6472,7.444,3.0125926068837785,1.8,0.8,0.95,68.4,2.0,0.359007659007659,-0.40789685875713033,2019,0.41746392193117,0.3078945549636745,CAR vs. TAM,TAM,1450.0,16.0,CAR,1450.0,16.0,0,-11,2.0,0,113.0,-125.0,1,0
CAR,6.0,4.0,0.6666666666666666,12.666666666666666,76,12.333333333333334,74,-8.816666666666668,0.7226487823609148,-26.816666666666666,0.5225453164180375,2.2363659216600396,1.8051346801346801,0.4312312415253592,3.6428308684527346,27.666666666666668,166.0,30.0,22.166666666666668,133.0,25.0,NFC South,4,5.5,33,0.31333333333333335,0.6263333333333333,7.085,4.850366173665263,1.1666666666666667,1.6666666666666667,0.7111111111111111,44.333333333333336,1.5,6.0,0.3503607503607504,0.6155,4.775,4.650262707722385,1.1666666666666667,1.1666666666666667,0.8194444444444443,66.0,2.5,0.3503607503607504,0.3571691315472654,2019-10-27,2019,0.4182348112860043,0.3016424060555893,SFO,6.0,6.0,1.0,10.5,63,10.666666666666666,64,-10.4,0.2442194963337596,-39.23333333333333,-0.09742458469575155,2.449705387205387,0.94504662004662,1.504658767158767,5.215818059178084,26.0,156.0,27.0,10.666666666666666,64.0,11.0,NFC West,6,15.333333333333334,92,0.2533333333333333,0.6776666666666666,6.91,4.371936887638108,1.1666666666666667,1.3333333333333333,0.6805555555555555,52.833333333333336,1.8333333333333333,2.0,0.46145228681993383,0.5601666666666667,3.31,4.030292806608596,0.8333333333333334,0.16666666666666666,0.7,58.333333333333336,2.1666666666666665,0.46145228681993383,0.7841819408219157,2019,0.4845844243444225,0.16569271184646112,CAR vs. SFO,SFO,1696.228156491827,1.0,CAR,1601.2825004306476,6.0,1,38,-4.5,1,-208.0,184.0,0,0
TEN,8.0,4.0,0.5,11.125,89,10.875,87,-4.9,-0.43688401772503094,-14.85,-0.2921703947279394,1.7408143939393939,1.587689393939394,0.153125,3.6821817982342924,18.5,148.0,24.0,16.875,135.0,26.0,AFC South,2,1.625,13,0.2785714285714286,0.639875,7.2675,3.690833373579317,1.5,0.625,0.75,67.25,0.75,7.0,0.32384600693424226,0.63425,6.11,3.8355469965764084,1.5,0.375,0.9,71.5,1.625,0.32384600693424226,0.31781820176570763,2019-11-03,2019,0.2803758944415407,0.27336677190504083,CAR,7.0,4.0,0.5714285714285714,12.857142857142858,90,12.285714285714286,86,-18.47142857142857,1.0071829380027195,-21.900000000000002,0.7304025235855163,2.049538136933095,2.154401154401154,-0.10486301746805944,3.680537014022684,25.571428571428573,179.0,32.0,26.285714285714285,184.0,33.0,NFC South,-1,-0.7142857142857143,-5,0.42777777777777776,0.6102857142857143,5.937142857142858,5.134900329307067,1.0,1.5714285714285714,0.7523809523809524,48.0,1.7142857142857142,4.0,0.32228723657295083,0.6444285714285715,5.072857142857144,4.858119914889864,1.2857142857142858,1.7142857142857142,0.8452380952380951,61.0,2.2857142857142856,0.32228723657295083,0.3194629859773159,2019,0.3717822469067843,0.34641574507849077,TEN vs. CAR,CAR,1564.6160061739354,12.0,TEN,1483.6456298240214,13.0,1,10,-3.5,1,-179.0,160.0,0,0
CAR,8.0,5.0,0.625,12.625,101,12.25,98,-18.4125,0.9562294877484272,-21.650000000000002,0.8433756294623785,2.134254960725549,2.0934343434343434,0.040820617291205535,4.403849446198187,26.125,209.0,37.0,25.5,204.0,36.0,NFC South,1,0.625,5,0.43809523809523804,0.600375,6.0112499999999995,5.083946879052775,1.125,1.625,0.7208333333333333,51.625,1.625,6.0,0.32664418914418913,0.650375,5.2075000000000005,4.971093020766726,1.25,1.75,0.7395833333333333,65.75,2.375,0.32664418914418913,0.596150553801813,2019-11-10,2019,0.3936356070429048,0.3488028315521241,GNB,9.0,7.0,0.7777777777777778,10.333333333333334,93,10.333333333333334,93,1.1111111111111143,-0.24595157258200728,-11.411111111111111,0.5220737532236389,2.5166666666666666,2.172663139329806,0.3440035273368608,5.517852936165243,25.11111111111111,226.0,39.0,21.0,189.0,36.0,NFC North,-1,4.111111111111111,37,0.5340773809523809,0.6552222222222223,8.19111111111111,3.8817658187223407,1.8888888888888888,1.1111111111111112,0.9523809523809523,47.22222222222222,0.7777777777777778,7.0,0.36293274626607963,0.6296666666666666,7.248888888888889,4.6497911445279865,1.2222222222222223,1.1111111111111112,0.7666666666666666,74.77777777777777,1.5555555555555556,0.36293274626607963,1.4821470638347574,2019,0.4884154545872826,0.4078342823154735,CAR vs. GNB,GNB,1630.3473735882844,3.0,CAR,1603.1699097668416,10.0,1,8,-5.0,1,-227.0,200.0,0,0
CAR,10.0,5.0,0.5,12.0,120,11.5,115,-22.28,0.9745125757059881,-18.17,0.6605530367050447,1.9346766958531663,2.296969696969697,-0.3622930011165305,4.685138426215322,22.8,228.0,41.0,25.7,257.0,45.0,NFC South,-2,-2.9,-29,0.45185185185185184,0.6073999999999999,5.584,5.102229967010336,1.0,1.4,0.7766666666666666,52.7,1.9,0.0,0.3156010656010656,0.6477,5.926,4.788270428009392,1.1,1.8,0.7666666666666666,61.0,1.9,0.3156010656010656,0.31486157378467805,2019-11-24,2019,0.3524244371043098,0.3644945833220092,NOR,10.0,8.0,0.8,9.7,97,10.3,103,-0.18000000000000044,0.20513221656871644,-16.770000000000003,-0.10453627787387365,2.4672222222222224,1.9385198135198134,0.5287024087024087,5.907655720365752,23.8,238.0,43.0,19.9,199.0,36.0,NFC South,1,3.9,39,0.5985449735449735,0.7144,7.199,4.332849607873064,1.7,0.5,0.8611111111111112,57.6,0.6,8.0,0.4401764901764902,0.604,6.226,4.023181113430474,1.4,0.7,1.0,44.4,1.4,0.4401764901764902,2.092344279634248,2019,0.5360523752827553,0.38769358647265334,CAR vs. NOR,NOR,1659.4581909048295,3.0,CAR,1482.3805086971138,13.0,1,3,-10.0,0,-457.0,374.0,1,0
WAS,11.0,2.0,0.18181818181818182,10.0,110,10.090909090909092,111,-25.227272727272727,-0.109438091552716,-5.5636363636363635,0.15056999926122894,1.3159030363575819,2.502688977688978,-1.186785941331396,2.40166070403358,13.090909090909092,144.0,29.0,24.454545454545453,269.0,47.0,NFC East,1,-11.363636363636363,-125,0.5784126984126984,0.6298181818181818,4.533636363636363,4.018279299751632,1.0,0.18181818181818182,0.7222222222222222,56.72727272727273,1.5454545454545454,0.0,0.2596633164814983,0.7079090909090909,7.04,4.278287390565577,1.8181818181818181,0.8181818181818182,0.8181818181818182,50.90909090909091,1.5454545454545454,0.2596633164814983,-0.40166070403358,2019-12-01,2019,0.2540097847793604,0.36946924398887937,CAR,11.0,5.0,0.45454545454545453,11.909090909090908,131,11.454545454545455,126,-19.372727272727275,0.8899838326235439,-15.318181818181818,0.8212153210274231,2.0149953433375893,2.369146005509642,-0.35415066217205254,5.130624788032654,23.545454545454547,259.0,47.0,26.454545454545453,291.0,51.0,NFC South,-3,-2.909090909090909,-32,0.4866666666666667,0.6102727272727273,5.809090909090909,5.017701223927892,1.1818181818181819,1.3636363636363635,0.7666666666666667,50.18181818181818,1.8181818181818181,0.0,0.32187509460236735,0.6587272727272727,6.121818181818182,4.948932712331771,1.2727272727272727,1.7272727272727273,0.7878787878787878,66.63636363636364,1.8181818181818181,0.32187509460236735,-0.13062478803265432,2019,0.3545181366845699,0.3631588281459846,WAS vs. CAR,CAR,1455.8649316623887,15.0,WAS,1335.5200190931546,25.0,0,-8,-10.5,0,-482.0,391.0,0,0
SEA,13.0,10.0,0.7692307692307693,11.153846153846153,145,10.923076923076923,142,5.876923076923074,0.534058106139,-15.715384615384616,0.4105540398133357,2.374390353236507,2.3305809575040346,0.04380939573247273,7.045620779731546,26.23076923076923,341.0,58.0,24.692307692307693,321.0,52.0,NFC West,-1,1.5384615384615385,20,0.462987012987013,0.6743846153846154,8.491538461538461,4.661775497443347,2.0,0.9230769230769231,0.7954545454545454,58.30769230769231,1.3846153846153846,11.0,0.3889090547461588,0.6333846153846154,6.439230769230769,4.538271431117684,1.3076923076923077,1.1538461538461537,0.696969696969697,52.23076923076923,2.230769230769231,0.3889090547461588,2.9543792202684536,2019-12-15,2019,0.49090397600826013,0.42125011888080155,CAR,13.0,5.0,0.38461538461538464,12.076923076923077,157,11.538461538461538,150,-20.43846153846154,0.7176801478234487,-15.107692307692307,1.0779500319507405,1.9485858033369345,2.4469696969696972,-0.49838389363276236,5.61028236952824,23.076923076923077,300.0,54.0,27.692307692307693,360.0,65.0,NFC South,-5,-4.615384615384615,-60,0.44154040404040407,0.6140769230769231,5.591538461538462,4.845397539127797,1.2307692307692308,1.3076923076923077,0.7861111111111111,49.15384615384615,2.0,-6.0,0.3194712338943108,0.6426153846153846,6.304615384615385,5.205667423255088,1.2307692307692308,1.8461538461538463,0.8012820512820512,65.84615384615384,1.5384615384615385,0.3194712338943108,-0.6102823695282398,2019,0.3278024262839172,0.3796572543490587,SEA vs. CAR,CAR,1336.8385327472351,21.0,SEA,1674.2719816176696,3.0,0,-6,6.0,0,218.0,-250.0,0,0
CAR,14.0,5.0,0.35714285714285715,12.0,168,11.428571428571429,160,-22.085714285714285,0.7287231807428919,-12.928571428571429,1.0296460563400829,1.965245258942738,2.4864718614718617,-0.5212266025291236,5.981067466181872,23.142857142857142,324.0,58.0,27.857142857142858,390.0,70.0,NFC South,-6,-4.714285714285714,-66,0.4667473552088937,0.6127142857142857,5.454285714285715,4.85644057204724,1.2142857142857142,1.3571428571428572,0.8025641025641026,46.714285714285715,2.0714285714285716,-8.0,0.32911939251224964,0.6496428571428572,6.565714285714286,5.15736344764443,1.2857142857142858,1.8571428571428572,0.8154761904761905,64.0,1.5,0.32911939251224964,-0.9810674661818721,2019-12-22,2019,0.3210451050006171,0.3755916416818165,IND,14.0,6.0,0.42857142857142855,10.142857142857142,142,9.857142857142858,138,-14.485714285714284,0.004629838032396868,-0.5285714285714265,-0.026664079536750034,2.201461038961039,2.4768037518037516,-0.2753427128427129,6.568687141124111,21.642857142857142,303.0,53.0,23.5,329.0,58.0,AFC South,-4,-1.8571428571428572,-26,0.5473140107755492,0.6157857142857143,6.101428571428571,4.1323472293367445,1.5714285714285714,0.8571428571428571,0.7272727272727273,45.285714285714285,1.3571428571428572,0.0,0.4251563912278198,0.7126428571428571,7.414285714285714,4.101053311767598,1.8571428571428572,0.5714285714285714,0.8928571428571429,69.07142857142857,1.3571428571428572,0.4251563912278198,-0.5686871411241112,2019,0.3580782603221439,0.3731967628441002,CAR vs. IND,IND,1389.5458574093968,18.0,CAR,1324.3003429538371,21.0,1,32,-7.5,1,-308.0,264.0,0,0
NOR,15.0,12.0,0.8,9.933333333333334,149,10.666666666666666,160,6.433333333333334,0.3681734661963502,-10.006666666666668,0.07321283764202026,2.7974410774410776,2.041122766122766,0.7563183113183113,9.292391886379324,27.733333333333334,416.0,75.0,22.066666666666666,331.0,59.0,NFC South,2,5.666666666666667,85,0.5732808857808858,0.7245333333333334,7.925333333333333,4.495890857500698,2.2,0.6666666666666666,0.9107142857142857,66.13333333333334,0.5333333333333333,12.0,0.423013283013283,0.6192,6.796666666666667,4.200930228946368,1.8,0.7333333333333333,0.9393939393939394,43.93333333333333,1.3333333333333333,0.423013283013283,2.707608113620676,2019-12-29,2019,0.5942150373698214,0.4107286994598416,CAR,15.0,5.0,0.3333333333333333,11.866666666666667,178,11.2,168,-24.30666666666667,0.6811509521302187,-14.62,1.1399884931637876,1.8742289083465555,2.6373737373737374,-0.763144829027182,5.993503915148281,22.0,330.0,60.0,28.533333333333335,428.0,74.0,NFC South,-7,-6.533333333333333,-98,0.4640205033062176,0.6133333333333333,5.185333333333333,4.8088683434345665,1.1333333333333333,1.2666666666666666,0.8166666666666667,46.666666666666664,2.1333333333333333,-11.0,0.32622571872571876,0.6409333333333334,6.390000000000001,5.267705884468135,1.2,1.9333333333333333,0.8277777777777777,59.733333333333334,1.4,0.32622571872571876,-0.9935039151482812,2019,0.3147527210079038,0.3819367897932648,NOR vs. CAR,CAR,1482.3805086971138,13.0,NOR,1659.4581909048295,3.0,0,-32,13.5,0,510.0,-660.0,1,0
CHI,1.0,0.0,0.0,12.0,12,11.0,11,-39.8,-1.0610507246376808,-13.799999999999997,-1.9913537549407119,0.25,0.9090909090909091,-0.6590909090909091,0.05450503159276654,3.0,3.0,1.0,10.0,10.0,2.0,NFC North,-1,-7.0,-7,0.5,0.578,3.62,3.066666666666667,0.0,0.0,1.0,107.0,1.0,-1.0,0.2,0.6,6.2,2.136363636363636,1.0,0.0,1.0,71.0,0.0,0.2,-0.05450503159276654,2019-09-15,2019,0.07879124736726945,-0.00991000574413935,DEN,1.0,0.0,0.0,8.0,8,7.0,7,2.799999999999997,0.0027173913043476716,21.0,-0.6277173913043477,2.0,3.4285714285714284,-1.4285714285714284,0.27668756782449705,16.0,16.0,4.0,24.0,24.0,4.0,AFC West,-1,-8.0,-8,0.5,0.677,8.68,4.130434782608695,1.0,0.0,0.75,44.0,0.0,0.0,0.46153846153846156,0.846,10.73,3.5,1.0,2.0,1.0,62.0,0.0,0.46153846153846156,-0.27668756782449705,2019,0.36165621608775145,-0.15810718161399834,CHI vs. DEN,DEN,1450.0,16.0,CHI,1450.0,16.0,0,-2,3.0,1,132.0,-147.0,0,0
CHI,2.0,1.0,0.5,10.5,21,10.0,20,-34.9,0.04354697651174422,-15.799999999999997,-1.1845355731225298,1.0138888888888888,1.2323232323232323,-0.21843434343434348,0.63296860944494,9.5,19.0,5.0,12.0,24.0,5.0,NFC North,1,-2.5,-5,0.0,0.5854999999999999,4.03,4.171264367816092,0.0,0.5,1.0,86.0,0.5,0.0,0.23636363636363636,0.6499999999999999,5.67,2.943181818181818,1.0,0.0,1.0,76.0,0.5,0.23636363636363636,0.36703139055505996,2019-09-23,2019,0.28178945125655475,0.1708789238193825,WAS,2.0,0.0,0.0,9.0,18,8.5,17,9.399999999999999,-1.6684413732048002,21.700000000000003,0.9885065176140584,2.6625,3.7152777777777777,-1.0527777777777776,0.6850138509037802,24.0,48.0,8.0,31.5,63.0,10.0,NFC East,-2,-7.5,-15,1.0,0.6925,8.235,2.4592760180995477,2.5,0.5,1.0,70.0,0.0,1.0,0.30341880341880345,0.7925,9.379999999999999,5.116223908918406,3.0,1.0,1.0,61.0,0.5,0.30341880341880345,-0.6850138509037802,2019,0.2922191442436044,0.09264298502829994,CHI vs. WAS,WAS,1414.0064999802885,23.0,CHI,1500.0,10.0,0,-16,5.0,0,204.0,-232.0,0,0
MIN,3.0,2.0,0.6666666666666666,10.333333333333334,31,10.666666666666666,32,1.4666666666666686,1.676376175947114,-5.966666666666664,0.22486727892738134,2.834656084656084,1.462962962962963,1.3716931216931219,2.1170639135336313,26.0,78.0,13.0,15.666666666666666,47.0,7.0,NFC North,1,10.333333333333334,31,0.75,0.6506666666666666,8.573333333333332,5.804093567251461,1.0,2.3333333333333335,0.75,86.33333333333333,1.3333333333333333,2.0,0.45441595441595445,0.7193333333333335,5.923333333333333,4.352584670231729,2.0,0.3333333333333333,0.0,65.66666666666667,2.0,0.45441595441595445,-0.11706391353363133,2019-09-29,2019,0.40299106585013755,0.13729742297150607,CHI,3.0,2.0,0.6666666666666666,10.0,30,10.333333333333334,31,-18.799999999999997,-0.09687447942695308,-19.03333333333333,-1.0703580839450406,1.8240740740740742,1.2760942760942762,0.5479797979797981,1.4811580647302487,16.666666666666668,50.0,9.0,13.0,39.0,8.0,NFC North,2,3.6666666666666665,11,0.0,0.6589999999999999,5.083333333333333,4.030842911877394,1.0,0.3333333333333333,0.8333333333333334,77.0,0.6666666666666666,4.0,0.3627039627039627,0.6659999999999999,5.27,3.0573593073593073,1.3333333333333333,0.0,0.8333333333333334,71.0,2.0,0.3627039627039627,0.5188419352697513,2019,0.35188419352697514,0.21667457507696786,MIN vs. CHI,CHI,1537.8712080630237,8.0,MIN,1550.0,8.0,1,10,1.0,1,-102.0,-108.0,1,0
CHI,4.0,3.0,0.75,10.0,40,10.0,40,-14.674999999999997,-0.5591306619417563,-17.875,-1.2096979107848673,1.7680555555555557,1.1237373737373737,0.644318181818182,2.3920492617871325,16.5,66.0,13.0,11.25,45.0,9.0,NFC North,3,5.25,21,0.2222222222222222,0.6759999999999999,5.4575000000000005,3.5685867293625915,1.0,0.25,0.875,70.25,0.5,6.0,0.350152972027972,0.6869999999999999,5.217499999999999,2.9180194805194803,1.0,0.25,0.8333333333333334,67.0,2.0,0.350152972027972,0.6079507382128675,2019-10-06,2019,0.3743959974797955,0.2029472290244738,LVR,4.0,2.0,0.5,9.0,36,9.25,37,-3.6249999999999982,1.0134010297482843,6.875,-0.47424329103390883,2.271031746031746,2.807954545454545,-0.5369227994227994,1.559441358832327,19.75,79.0,12.0,25.5,102.0,18.0,AFC West,1,-5.75,-23,0.7222222222222222,0.7305,6.7775,5.1411184210526315,1.5,0.75,0.75,69.5,1.0,-1.0,0.45806277056277056,0.64875,8.935,3.6534741002704387,2.25,0.75,0.75,63.0,0.75,0.45806277056277056,0.44055864116767296,2019,0.3700465534306394,0.4184463212230954,CHI vs. LVR,LVR,1515.842293610764,10.0,CHI,1589.615972825212,3.0,1,3,6.5,1,232.0,-266.0,0,0
NOR,6.0,5.0,0.8333333333333334,9.666666666666666,58,10.0,60,-4.116666666666668,0.15060636924241444,-9.816666666666668,0.11578156143373557,2.1796296296296296,2.0212962962962964,0.15833333333333327,3.3419794862191257,21.333333333333332,128.0,24.0,20.333333333333332,122.0,21.0,NFC South,4,1.0,6,0.78,0.7051666666666666,6.858333333333333,4.278323760546762,1.5,0.3333333333333333,0.95,60.0,0.8333333333333334,2.0,0.4272172272172272,0.6153333333333334,7.241666666666667,4.243498952738084,1.3333333333333333,1.1666666666666667,1.0,49.333333333333336,1.1666666666666667,0.4272172272172272,1.6580205137808743,2019-10-20,2019,0.5281393457779913,0.388384529970551,CHI,5.0,3.0,0.6,10.0,50,10.0,50,-14.819999999999999,-0.778730360755451,-15.0,-0.9266351402220968,1.8344444444444445,1.378989898989899,0.45545454545454567,2.813585683934959,17.4,87.0,16.0,13.8,69.0,13.0,NFC North,-1,3.6,18,0.29166666666666663,0.6874,5.3260000000000005,3.3489870305488965,1.2,0.4,0.875,71.2,0.8,6.0,0.3528496503496504,0.7058,5.606,3.2010822510822505,0.8,0.8,0.875,67.4,2.0,0.3528496503496504,0.18641431606504089,2019,0.33193051622816266,0.21769354443538214,NOR vs. CHI,CHI,1529.1558230925405,8.0,NOR,1678.4131615239785,3.0,0,-11,-4.0,0,-213.0,188.0,0,0
LAC,7.0,2.0,0.2857142857142857,9.428571428571429,66,9.0,63,-5.114285714285715,-0.6688269563424841,3.471428571428571,-0.08210144583910221,2.2717687074829933,2.2506132756132757,0.021155431869717547,3.2281338729957114,20.0,140.0,26.0,20.142857142857142,141.0,23.0,AFC West,-3,-0.14285714285714285,-1,0.1722222222222222,0.6697142857142857,7.577142857142857,3.458890434961863,1.5714285714285714,0.42857142857142855,0.7857142857142857,56.285714285714285,1.7142857142857142,-4.0,0.4975857475857476,0.7434285714285714,7.688571428571429,4.045615945465245,1.7142857142857142,0.7142857142857143,0.47619047619047616,60.0,1.1428571428571428,0.4975857475857476,-1.2281338729957114,2019-10-27,2019,0.3248236348530552,0.24887283655577921,CHI,6.0,3.0,0.5,10.5,63,10.333333333333334,62,-14.85,-0.9321329610850291,-12.5,-0.7411012296881863,1.8492165242165244,1.6491582491582493,0.2000582750582752,3.1100474051141,18.666666666666668,112.0,19.0,17.5,105.0,19.0,NFC North,-2,1.1666666666666667,7,0.4,0.6778333333333334,5.286666666666666,3.1955844302193186,1.3333333333333333,0.3333333333333333,0.9,61.0,1.0,4.0,0.32181915306915304,0.689,6.044999999999999,3.386616161616162,1.0,1.0,0.8,62.0,1.6666666666666667,0.32181915306915304,-0.11004740511409983,2019,0.29605581826146055,0.24975564328718308,LAC vs. CHI,CHI,1499.405052527004,14.0,LAC,1312.612168494078,21.0,0,-1,-3.5,0,-182.0,163.0,0,0
CHI,7.0,3.0,0.42857142857142855,10.571428571428571,74,10.285714285714286,72,-16.757142857142856,-0.7796224661539543,-13.314285714285715,-0.7963321099190664,1.792834942834943,1.6564213564213564,0.13641358641358653,3.5741889840419176,18.285714285714285,128.0,23.0,17.428571428571427,122.0,22.0,NFC North,-3,0.8571428571428571,6,0.38095238095238093,0.6748571428571429,5.2700000000000005,3.3480949251503938,1.1428571428571428,0.42857142857142855,0.85,58.285714285714285,1.1428571428571428,3.0,0.32686539650825364,0.684142857142857,6.018571428571429,3.3313852813852813,1.0,1.0,0.75,60.714285714285715,1.5714285714285714,0.32686539650825364,-0.5741889840419176,2019-11-03,2019,0.2853159331409959,0.23684095704578934,PHI,8.0,4.0,0.5,10.75,86,11.125,89,-8.025000000000002,0.009482683269061709,-10.275000000000002,-0.4289366441876871,2.40625,2.326488095238095,0.07976190476190476,4.146184028354269,25.25,202.0,32.0,24.875,199.0,34.0,NFC East,1,0.375,3,0.4904761904761905,0.620625,6.83375,4.13720007457341,1.75,1.125,1.0,55.875,1.75,-2.0,0.47821141277023627,0.6375,6.7325,3.6987807471166603,2.0,0.875,0.6458333333333333,58.625,1.5,0.47821141277023627,-0.14618402835426902,2019,0.36529376612305725,0.3272889649381388,CHI vs. PHI,PHI,1510.630500868167,13.0,CHI,1424.845340013296,16.0,1,8,-5.0,1,-226.0,199.0,0,0
DET,8.0,3.0,0.375,10.5,84,10.75,86,3.1499999999999986,-0.4633799852893101,-1.7624999999999993,0.6141310257033648,2.4837910353535353,2.6093434343434345,-0.125552398989899,3.886181149638083,25.5,204.0,36.0,27.125,217.0,37.0,NFC North,-1,-1.625,-13,0.6687074829931973,0.644875,8.55625,3.6643374060150373,2.375,0.25,0.7708333333333333,58.25,1.375,1.0,0.4185897435897436,0.6085,8.216249999999999,4.741848417007713,2.0,1.125,0.6428571428571429,54.25,1.5,0.4185897435897436,-0.8861811496380829,2019-11-10,2019,0.3810974384122455,0.3287954904991147,CHI,8.0,3.0,0.375,10.625,85,10.25,82,-19.4125,-0.7675787762421978,-12.85,-0.6913266986636551,1.727821484071484,1.724368686868687,0.0034527972027972864,3.8293630268777243,17.75,142.0,25.0,18.0,144.0,27.0,NFC North,-4,-0.25,-2,0.3979591836734694,0.65,5.21875,3.3601386150621497,1.0,0.625,0.85,59.75,1.125,2.0,0.31100722194472197,0.6819999999999999,6.0575,3.4363906926406926,1.0,1.0,0.7857142857142857,62.5,1.375,0.31100722194472197,-0.8293630268777243,2019,0.26362635930596606,0.2539743876132644,DET vs. CHI,CHI,1386.945909688914,19.0,DET,1439.8466568856277,19.0,1,7,-6.0,1,-270.0,235.0,1,0
CHI,9.0,4.0,0.4444444444444444,10.777777777777779,97,10.444444444444445,94,-14.377777777777775,-0.7659275112491034,-14.466666666666665,-0.6698557056648844,1.7210265043598378,1.6531425364758698,0.06788396788396797,4.564521706538274,18.0,162.0,28.0,17.444444444444443,157.0,30.0,NFC North,1,0.5555555555555556,5,0.3950892857142857,0.6551111111111111,5.628888888888889,3.361789880055244,1.2222222222222223,0.5555555555555556,0.85,59.44444444444444,1.0,3.0,0.2949693824693825,0.6714444444444445,5.949999999999999,3.4578616856394633,1.0,0.8888888888888888,0.8125,64.0,1.3333333333333333,0.2949693824693825,-0.5645217065382742,2019-11-17,2019,0.27055371387964294,0.26366944303055767,LAR,9.0,5.0,0.5555555555555556,11.333333333333334,102,11.222222222222221,101,-18.066666666666666,-0.24752776745530358,-12.47777777777778,-0.7523926702113379,2.3003367003367003,1.881511698178365,0.4188250021583355,5.254734618747837,25.11111111111111,226.0,39.0,21.22222222222222,191.0,34.0,NFC West,-1,3.888888888888889,35,0.53125,0.5971111111111111,6.5488888888888885,3.8801896238490436,1.2222222222222223,1.2222222222222223,0.8020833333333333,60.55555555555556,1.7777777777777777,-2.0,0.3432058137940491,0.6376666666666666,6.764444444444444,3.37532472109301,1.3333333333333333,0.7777777777777778,0.8148148148148148,62.44444444444444,1.5555555555555556,0.3432058137940491,-0.254734618747837,2019,0.3715308822100592,0.28970189544837577,CHI vs. LAR,LAR,1477.776932537949,9.0,CHI,1444.5006479926742,16.0,1,10,-5.0,1,-233.0,204.0,0,0
NYG,10.0,2.0,0.2,11.0,110,10.4,104,-18.080000000000002,0.28224505636707836,1.2200000000000017,-0.17559269823292656,1.8385003885003883,2.837249417249417,-0.9987490287490287,3.281959685657897,20.3,203.0,31.0,28.9,289.0,46.0,NFC East,-6,-8.6,-86,0.48478835978835977,0.6279999999999999,5.51,4.409962447671426,1.7,0.6,0.7142857142857143,55.1,2.4,-12.0,0.388235236985237,0.6853,8.025,3.952124693071421,1.7,1.2,0.7145833333333333,65.0,1.2,0.388235236985237,-1.2819596856578972,2019-11-24,2019,0.24569022704055016,0.34137486005743917,CHI,10.0,4.0,0.4,10.9,109,10.5,105,-16.77,-0.7937731659212945,-16.03,-0.6921124624641248,1.6072571872571875,1.6423737373737375,-0.03511655011655003,4.673336151174944,16.9,169.0,29.0,17.4,174.0,33.0,NFC North,-1,-0.5,-5,0.4129188712522046,0.6428,5.423,3.3339442253830534,1.2,0.5,0.7285714285714285,56.0,1.0,4.0,0.30076656186950307,0.6654,6.066,3.435604928840223,0.9,1.0,0.8333333333333334,61.0,1.4,0.30076656186950307,-0.6733361511749436,2019,0.24814059781277675,0.2616951495345018,NYG vs. CHI,CHI,1399.274900810307,16.0,NYG,1262.2951001300132,25.0,1,5,-6.0,0,-252.0,220.0,0,0
CHI,11.0,5.0,0.45454545454545453,11.0,121,10.636363636363637,117,-18.145454545454545,-0.8695862773197539,-15.963636363636363,-0.5325787114063095,1.605082291445928,1.5991276400367307,0.005954651409196932,5.346769400403359,17.09090909090909,188.0,33.0,17.09090909090909,188.0,35.0,NFC North,1,0.0,0,0.3916269841269841,0.6398181818181818,5.373636363636364,3.258131113984594,1.1818181818181819,0.5454545454545454,0.7625,54.54545454545455,1.0909090909090908,3.0,0.2976665713965179,0.6579090909090909,5.953636363636363,3.5951386798980383,1.0,0.9090909090909091,0.75,58.63636363636363,1.3636363636363635,0.2976665713965179,-0.3467694004033586,2019-11-28,2019,0.26412968428752004,0.2625198686758993,DET,11.0,3.0,0.2727272727272727,10.818181818181818,119,10.818181818181818,119,-4.281818181818182,-0.24276216865175665,-2.5636363636363626,0.23756630591338254,2.2622209860846225,2.5244260789715334,-0.2622050928869111,4.901495764954129,23.636363636363637,260.0,47.0,26.454545454545453,291.0,50.0,NFC North,-4,-2.8181818181818183,-31,0.5711507936507936,0.629909090909091,7.696363636363636,3.884955222652591,2.090909090909091,0.36363636363636365,0.7916666666666666,63.27272727272727,1.4545454545454546,-1.0,0.41810411810411807,0.6024545454545455,8.06181818181818,4.3652836972177305,2.0,0.9090909090909091,0.7222222222222222,54.45454545454545,1.3636363636363635,0.41810411810411807,-1.901495764954129,2019,0.3266842620681099,0.3093393519880012,CHI vs. DET,DET,1439.8466568856277,19.0,CHI,1386.945909688914,19.0,0,-4,5.5,1,203.0,-230.0,1,0
DAL,12.0,6.0,0.5,10.166666666666666,122,10.083333333333334,121,-1.6916666666666653,0.3715492454816391,-8.866666666666667,0.08312833616578823,2.584111952861953,1.9974116161616162,0.5867003367003367,7.0602599090936575,25.833333333333332,310.0,54.0,19.666666666666668,236.0,46.0,NFC East,-2,6.166666666666667,74,0.43581267217630854,0.6737500000000001,8.0925,4.499266636785987,1.9166666666666667,1.0,0.6893939393939393,69.91666666666667,1.3333333333333333,-4.0,0.4780863744099038,0.6513333333333333,6.735,4.210845727470136,1.1666666666666667,0.9166666666666666,0.8833333333333334,63.0,1.0,0.4780863744099038,-1.0602599090936575,2019-12-05,2019,0.4035150033531028,0.31489534723257007,CHI,12.0,6.0,0.5,10.833333333333334,130,10.666666666666666,128,-15.191666666666668,-0.8222566237749916,-15.858333333333334,-0.5080995273237386,1.6935476560476561,1.617382154882155,0.07616550116550122,5.953144916548018,17.666666666666668,212.0,37.0,17.333333333333332,208.0,39.0,NFC North,2,0.3333333333333333,4,0.38081791945428306,0.6500833333333333,5.685,3.3054607675293557,1.3333333333333333,0.5,0.7888888888888889,57.416666666666664,1.0833333333333333,3.0,0.3145276904468081,0.6513333333333333,6.014166666666667,3.619617863980609,1.0833333333333333,0.8333333333333334,0.7727272727272727,60.833333333333336,1.3333333333333333,0.3145276904468081,0.04685508345198208,2019,0.2857266910818739,0.280486554853273,DAL vs. CHI,CHI,1460.8651036359877,14.0,DAL,1451.846591616203,14.0,1,7,3.0,1,150.0,-167.0,0,0
CHI,13.0,7.0,0.5384615384615384,10.846153846153847,141,10.692307692307692,139,-12.961538461538462,-0.7348938773858471,-15.984615384615385,-0.4998183839935757,1.7800579762118223,1.6608003108003107,0.11925766541151163,6.600301088114714,18.692307692307693,243.0,42.0,17.846153846153847,232.0,43.0,NFC North,3,0.8461538461538461,11,0.39074975949975954,0.6571538461538461,5.858461538461539,3.3928235139185006,1.4615384615384615,0.5384615384615384,0.8099999999999999,55.30769230769231,1.1538461538461537,1.0,0.3352050475919254,0.6436153846153846,6.094615384615385,3.6278990073107718,1.0769230769230769,0.9230769230769231,0.75,60.15384615384615,1.2307692307692308,0.3352050475919254,0.3996989118852863,2019-12-15,2019,0.3070307442985172,0.2950675446657816,GNB,13.0,10.0,0.7692307692307693,9.846153846153847,128,10.0,130,-1.0384615384615352,0.05722476922309711,-12.353846153846156,0.48738782299995126,2.5036324786324786,2.157123432123432,0.34650904650904657,7.81806450504763,23.76923076923077,309.0,53.0,20.76923076923077,270.0,52.0,NFC North,2,3.0,39,0.5191197691197691,0.6449230769230769,7.7446153846153845,4.184942160527445,1.7692307692307692,1.0769230769230769,0.9666666666666666,48.23076923076923,0.6923076923076923,11.0,0.3615832885063654,0.627076923076923,7.093846153846154,4.6151052143042985,1.2307692307692308,1.0769230769230769,0.8444444444444444,65.61538461538461,1.5384615384615385,0.3615832885063654,2.18193549495237,2019,0.483559243529132,0.43636724599853444,CHI vs. GNB,GNB,1500.0,1.0,CHI,1500.0,1.0,1,8,-4.0,1,-218.0,192.0,1,0
KAN,14.0,10.0,0.7142857142857143,9.857142857142858,138,10.0,140,2.7928571428571445,-0.023013726058810517,-17.400000000000002,0.8605599399870355,2.909325396825397,2.0697330447330446,0.8395923520923521,9.177349865702348,28.142857142857142,394.0,71.0,20.285714285714285,284.0,52.0,AFC West,4,7.857142857142857,110,0.639614658845428,0.6524285714285715,8.463571428571429,4.104703665245537,1.9285714285714286,0.9285714285714286,0.882051282051282,65.64285714285714,1.0,7.0,0.4676499096141953,0.6130714285714286,6.039285714285714,4.988277331291384,1.3571428571428572,0.9285714285714286,0.7884615384615384,53.857142857142854,1.5,0.4676499096141953,0.8226501342976515,2019-12-22,2019,0.54472472025628,0.36672337090993773,CHI,14.0,7.0,0.5,11.0,154,10.785714285714286,151,-14.657142857142857,-0.7232701601260575,-16.5,-0.46133497975386895,1.7243395493395492,1.667171717171717,0.057167832167832236,6.8432484102426265,18.285714285714285,256.0,45.0,18.071428571428573,253.0,46.0,NFC North,-1,0.21428571428571427,3,0.41986368332522184,0.6492857142857142,5.775714285714286,3.4044472311782905,1.4285714285714286,0.5,0.8272727272727273,53.857142857142854,1.2857142857142858,-2.0,0.34340468704964505,0.6322857142857143,6.117857142857143,3.6663824115504786,1.0714285714285714,1.0,0.75,58.0,1.1428571428571428,0.34340468704964505,0.15675158975737347,2019,0.2954795090626539,0.28628693147059564,KAN vs. CHI,CHI,1479.8322218501598,14.0,KAN,1703.0968567676853,7.0,0,-23,6.5,0,254.0,-295.0,0,0
CHI,15.0,7.0,0.4666666666666667,10.733333333333333,161,10.533333333333333,158,-16.18,-0.6441727028106707,-14.653333333333334,-0.4620823129376939,1.637955007955008,1.8036459836459835,-0.16569097569097566,6.84920088670392,17.266666666666666,259.0,46.0,18.6,279.0,51.0,NFC North,-2,-1.3333333333333333,-20,0.44089382839382846,0.6412666666666667,5.651333333333333,3.483544688493677,1.3333333333333333,0.4666666666666667,0.8416666666666667,53.6,1.2,-2.0,0.3482888190241132,0.6365999999999999,6.284,3.665635078366654,1.1333333333333333,1.0,0.7692307692307693,58.86666666666667,1.0666666666666667,0.3482888190241132,0.1507991132960802,2019-12-29,2019,0.2885866497770682,0.3045108669949789,MIN,15.0,10.0,0.6666666666666666,10.266666666666667,154,10.6,159,6.253333333333332,0.1457407016506493,-16.5,0.15047436316161658,2.642438857438857,1.7544710844710845,0.8879677729677731,9.488079709953212,25.866666666666667,388.0,67.0,18.8,282.0,55.0,NFC North,-1,7.066666666666666,106,0.5450977593834737,0.7036,8.485333333333333,4.273458092954997,1.7333333333333334,1.2,0.875,57.0,1.1333333333333333,13.0,0.4320653420653421,0.6572,5.712000000000001,4.278191754465964,1.5333333333333334,0.4666666666666667,0.7884615384615384,45.266666666666666,2.0,0.4320653420653421,0.5119202900467883,2019,0.4499128395814436,0.3346564427474102,CHI vs. MIN,MIN,1550.0,8.0,CHI,1537.8712080630237,8.0,0,-2,5.5,1,203.0,-230.0,1,0
SFO,1.0,1.0,1.0,9.0,9,10.0,10,-21.099999999999994,-1.0652173913043477,-56.9,0.5261287625418065,3.4444444444444446,1.7,1.7444444444444447,0.8059387708071155,31.0,31.0,4.0,17.0,17.0,2.0,NFC West,1,14.0,14,0.5,0.667,4.93,3.0625,1.0,0.0,0.75,87.0,2.0,2.0,0.38461538461538464,0.556,1.64,4.653846153846154,1.0,0.0,1.0,87.0,4.0,0.38461538461538464,0.1940612291928845,2019-09-15,2019,0.530693879641282,0.0388122458385769,CIN,1.0,0.0,0.0,13.0,13,12.0,12,4.599999999999994,-1.6991459627329193,27.099999999999994,-1.2477173913043478,1.5384615384615385,1.75,-0.21153846153846145,0.4711239954543948,20.0,20.0,4.0,21.0,21.0,3.0,AFC North,-1,-1.0,-1,0.5,0.6859999999999999,8.53,2.4285714285714284,2.0,0.0,0.6666666666666666,57.0,3.0,-2.0,0.4,0.7,10.0,2.88,2.0,1.0,,55.0,1.0,0.4,-0.4711239954543948,2019,0.16273107832172468,-0.11778099886359872,SFO vs. CIN,CIN,1450.0,16.0,SFO,1550.0,1.0,0,-24,-1.0,0,-107.0,-103.0,0,0
CIN,3.0,0.0,0.0,12.333333333333334,37,11.666666666666666,35,-14.866666666666669,-1.7217023537103628,13.399999999999997,0.5082085346215782,1.4638694638694638,2.4090909090909087,-0.9452214452214452,0.9588968651058063,18.0,54.0,10.0,27.666666666666668,83.0,14.0,AFC North,-3,-9.666666666666666,-29,1.0,0.6203333333333333,6.6866666666666665,2.406015037593985,1.6666666666666667,0.3333333333333333,0.7222222222222222,57.0,2.6666666666666665,-4.0,0.39090909090909093,0.677,9.526666666666666,4.635925925925926,2.0,1.3333333333333333,0.6666666666666666,61.666666666666664,1.3333333333333333,0.39090909090909093,-0.9588968651058063,2019-09-30,2019,0.18388316530578325,0.13881375131922585,PIT,3.0,0.0,0.0,11.0,33,11.0,33,-24.900000000000002,-0.42273487382183017,11.9,-0.06453383156906363,1.4118104118104118,2.6151515151515152,-1.203341103341103,0.8532197883034791,16.333333333333332,49.0,10.0,28.333333333333332,85.0,15.0,AFC North,-3,-12.0,-36,1.0,0.5603333333333333,5.266666666666667,3.704982517482518,1.3333333333333333,0.3333333333333333,1.0,58.0,1.3333333333333333,3.0,0.25757575757575757,0.7413333333333334,9.08,4.0631835597352834,2.3333333333333335,1.0,0.6666666666666666,73.0,2.3333333333333335,0.25757575757575757,-0.8532197883034791,2019,0.2168464860299516,0.17375457752977588,CIN vs. PIT,PIT,1386.9160182128549,26.0,CIN,1386.9160182128549,26.0,1,24,-3.5,1,-179.0,160.0,1,0
JAX,6.0,2.0,0.3333333333333333,10.5,63,10.333333333333334,62,-4.533333333333332,0.7685594230433496,-7.633333333333333,1.0142341756472193,1.8317340067340069,2.1400673400673402,-0.3083333333333334,2.6928023550496225,19.5,117.0,25.0,21.833333333333332,131.0,23.0,AFC South,-2,-2.3333333333333335,-14,0.36,0.6386666666666666,7.443333333333334,4.896276814347697,1.6666666666666667,0.16666666666666666,1.0,62.333333333333336,1.1666666666666667,-5.0,0.32425907425907424,0.6093333333333333,7.454999999999999,5.141951566951566,1.3333333333333333,1.0,0.8,59.333333333333336,0.3333333333333333,0.32425907425907424,-0.6928023550496225,2019-10-20,2019,0.35100513524804083,0.2663052307361793,CIN,6.0,0.0,0.0,10.666666666666666,64,10.333333333333334,62,-21.150000000000002,-1.108893156805056,5.6166666666666645,0.8395478972400104,1.5620273245273246,2.6170454545454547,-1.05501813001813,1.720392723762301,16.166666666666668,97.0,18.0,26.5,159.0,30.0,AFC North,-6,-10.333333333333334,-62,0.52,0.613,5.66,3.018824234499292,1.1666666666666667,0.3333333333333333,0.861111111111111,51.833333333333336,1.8333333333333333,-5.0,0.3882756132756133,0.6938333333333334,8.82,4.9672652885443584,1.3333333333333333,1.5,0.8266666666666665,66.5,1.0,0.3882756132756133,-1.720392723762301,2019,0.20060659107364215,0.26448445776110474,JAX vs. CIN,CIN,1265.9393170181886,27.0,JAX,1428.4379209228107,15.0,0,-10,4.0,0,189.0,-214.0,0,0
CIN,7.0,0.0,0.0,11.0,77,10.571428571428571,74,-25.5,-1.3044394760192404,2.4285714285714266,0.8312372716038036,1.5256937506937507,2.56461038961039,-1.0389166389166389,1.9708044260310926,16.285714285714285,114.0,21.0,26.571428571428573,186.0,35.0,AFC North,-7,-10.285714285714286,-72,0.4888888888888889,0.5985714285714285,5.327142857142857,2.8232779152851073,1.1428571428571428,0.42857142857142855,0.8809523809523808,51.57142857142857,2.142857142857143,-9.0,0.3923314780457638,0.6617142857142857,8.73857142857143,4.958954662908151,1.2857142857142858,1.2857142857142858,0.8555555555555555,75.57142857142857,0.8571428571428571,0.3923314780457638,-1.9708044260310926,2019-10-27,2019,0.1959426847000873,0.27224294418708833,LAR,7.0,4.0,0.5714285714285714,11.0,77,11.285714285714286,79,-17.071428571428573,-0.22394755003450648,-11.471428571428573,-0.6855610760173756,2.4694805194805194,2.0735431235431236,0.395937395937396,4.061698751177221,27.142857142857142,190.0,34.0,23.428571428571427,164.0,30.0,NFC West,1,3.7142857142857144,26,0.625,0.6145714285714287,6.238571428571428,3.9037698412698414,1.2857142857142858,1.4285714285714286,0.8194444444444443,55.857142857142854,1.7142857142857142,0.0,0.354137459179476,0.6492857142857142,6.881428571428572,3.442156315286972,1.4285714285714286,1.0,0.7619047619047619,59.285714285714285,1.7142857142857142,0.354137459179476,-0.06169875117722068,2019,0.4376664980704536,0.3221501581639844,CIN vs. LAR,LAR,1507.1779828639294,11.0,CIN,1237.7566185941882,27.0,1,14,-12.0,1,-594.0,467.0,0,0
CIN,9.0,0.0,0.0,10.666666666666666,96,10.0,90,-25.58888888888889,-0.9704709319411834,7.7333333333333325,0.8050555962343964,1.4545519295519296,3.0687710437710436,-1.6142191142191142,2.1236700020400137,15.222222222222221,137.0,26.0,28.77777777777778,259.0,44.0,AFC North,-9,-13.555555555555555,-122,0.5318452380952381,0.5931111111111111,5.2844444444444445,3.157246459363164,1.1111111111111112,0.3333333333333333,0.9074074074074073,45.111111111111114,2.0,-11.0,0.394035594035594,0.6664444444444445,9.576666666666666,4.932772987538744,1.5555555555555556,1.3333333333333333,0.8761904761904761,69.22222222222223,0.7777777777777778,0.394035594035594,-2.1236700020400137,2019-11-17,2019,0.2069265971608329,0.31920804927190044,LVR,9.0,5.0,0.5555555555555556,9.222222222222221,83,9.444444444444445,85,5.300000000000001,0.5840127189955567,4.877777777777777,-0.42114082902883543,2.5426807760141092,2.871885521885522,-0.3292047458714126,3.9727817095528337,23.11111111111111,208.0,33.0,26.666666666666668,240.0,40.0,AFC West,2,-3.5555555555555554,-32,0.6493055555555556,0.711,8.251111111111111,4.7117301102999045,1.6666666666666667,1.0,0.7962962962962963,81.88888888888889,0.8888888888888888,2.0,0.473008473008473,0.6675555555555556,8.622222222222222,3.706576562275512,2.6666666666666665,0.6666666666666666,0.875,55.77777777777778,1.1111111111111112,0.473008473008473,1.0272182904471663,2019,0.44296948271051734,0.47201141387959045,CIN vs. LVR,LVR,1577.1314855430248,9.0,CIN,1213.388344978757,26.0,1,7,-13.0,0,-605.0,474.0,0,0
PIT,10.0,5.0,0.5,10.8,108,11.6,116,-19.939999999999998,-0.5796318919579591,-18.29,-0.4761289971897165,1.9477466977466977,1.7777505827505826,0.1699961149961151,5.106739339705892,20.0,200.0,36.0,20.2,202.0,35.0,AFC North,-1,-0.2,-2,0.5080687830687831,0.638,5.417,3.5480854993463886,1.3,0.5,0.8666666666666666,62.0,1.7,9.0,0.3395250582750583,0.6412,5.494,3.6515883941146314,1.7,0.5,0.6111111111111112,79.5,2.6,0.3395250582750583,-0.106739339705892,2019-11-24,2019,0.3297753553431369,0.2683311406123222,CIN,10.0,0.0,0.0,10.7,107,10.0,100,-29.420000000000005,-0.4998319415138634,7.26,0.6441312386569926,1.4000058275058274,2.9318939393939396,-1.531888111888112,2.3450592214351587,14.7,147.0,28.0,27.6,276.0,47.0,AFC North,-10,-12.9,-129,0.5344797178130511,0.5757,4.846,3.6278854497904844,1.0,0.4,0.8666666666666666,44.6,2.0,-11.0,0.37770895770895774,0.6859999999999999,9.474,4.77184862996134,1.5,1.3,0.8916666666666666,66.5,0.9,0.37770895770895774,-2.3450592214351587,2019,0.20031620728954724,0.31278221659254757,PIT vs. CIN,CIN,1386.9160182128549,26.0,PIT,1386.9160182128549,26.0,0,-6,5.5,0,199.0,-225.0,1,0
NYJ,11.0,4.0,0.36363636363636365,11.272727272727273,124,11.727272727272727,129,-22.89090909090909,-0.8944103241208574,-10.77272727272727,-1.18854636454527,1.651633215269579,2.0191606373424555,-0.3675274220728767,4.12081865679725,18.0,198.0,28.0,23.454545454545453,258.0,44.0,AFC East,3,-5.454545454545454,-60,0.4461904761904762,0.6307272727272727,4.969090909090909,3.2333070671834903,1.1818181818181819,0.5454545454545454,0.5104166666666666,70.36363636363636,1.8181818181818181,-5.0,0.2610105877485557,0.6272727272727273,6.6481818181818175,2.939171026759077,1.6363636363636365,0.9090909090909091,0.825,66.36363636363636,1.3636363636363635,0.2610105877485557,-0.12081865679725023,2019-12-01,2019,0.22332630323290104,0.30633120444039535,CIN,11.0,0.0,0.0,10.909090909090908,120,10.181818181818182,112,-28.681818181818183,-0.45734533738226246,3.5727272727272723,0.5907095928710334,1.3426626403899131,2.7865702479338843,-1.4439076075439712,2.5922021442083385,14.272727272727273,157.0,30.0,26.545454545454547,292.0,51.0,AFC North,-11,-12.272727272727273,-135,0.531031746031746,0.5653636363636363,5.028181818181818,3.6703720539220854,1.0,0.36363636363636365,0.8787878787878788,47.72727272727273,2.0,-12.0,0.35852329488693124,0.6673636363636364,9.13090909090909,4.718426984175381,1.4545454545454546,1.1818181818181819,0.9037037037037037,67.45454545454545,0.9090909090909091,0.35852329488693124,-2.5922021442083385,2019,0.19108631490435596,0.3066539696796872,NYJ vs. CIN,CIN,1188.8592570442015,28.0,NYJ,1467.6753047242269,19.0,1,16,2.5,1,111.0,-123.0,0,0
CIN,12.0,1.0,0.08333333333333333,10.833333333333334,130,10.166666666666666,122,-27.383333333333336,-0.6165430085424363,0.6749999999999995,0.5014289128172027,1.4141074203574204,2.6043560606060607,-1.1902486402486403,3.5482329413115155,14.916666666666666,179.0,34.0,24.833333333333332,298.0,53.0,AFC North,1,-9.916666666666666,-119,0.5158139839958022,0.5678333333333333,5.179166666666666,3.5111743827619115,1.0,0.4166666666666667,0.8611111111111112,45.0,1.8333333333333333,-12.0,0.3584082584082584,0.6603333333333333,8.7325,4.629146304121551,1.3333333333333333,1.0833333333333333,0.9133333333333333,70.66666666666667,0.8333333333333334,0.3584082584082584,-2.5482329413115155,2019-12-08,2019,0.206000051279108,0.30597244133230167,CLE,12.0,5.0,0.4166666666666667,11.0,132,10.916666666666666,131,-24.5,0.8074146761014266,-9.4,0.44794798541971037,1.9156128593628594,2.103872053872054,-0.18825919450919457,5.582978511899951,20.5,246.0,47.0,22.666666666666668,272.0,45.0,AFC North,-1,-2.1666666666666665,-26,0.6152433425160697,0.5878333333333333,5.6433333333333335,4.935132067405774,1.25,1.0,0.8666666666666666,77.16666666666667,1.6666666666666667,-4.0,0.3276757964257964,0.6225833333333334,6.854166666666667,4.575665376724058,1.6666666666666667,0.8333333333333334,0.7013888888888888,52.75,1.3333333333333333,0.3276757964257964,-0.5829785118999506,2019,0.3387626325383222,0.29819718000286405,CIN vs. CLE,CLE,1499.5430890265704,18.0,CIN,1272.130780524683,32.0,1,8,-6.5,1,-269.0,234.0,1,0
NWE,13.0,10.0,0.7692307692307693,11.615384615384615,151,11.384615384615385,148,-13.561538461538463,-0.5359667660587052,-39.861538461538466,-0.051282540849987304,2.2754527523758292,1.2358368127598898,1.0396159396159397,9.661274696849189,26.0,338.0,55.0,12.923076923076923,168.0,27.0,AFC East,-2,13.076923076923077,170,0.42551707551707557,0.6074615384615385,6.562307692307693,3.5917506252456426,1.5384615384615385,1.0769230769230769,0.7692307692307693,54.92307692307692,0.9230769230769231,19.0,0.37504489602905894,0.5705384615384615,3.4976923076923074,4.07643485045436,0.6923076923076923,0.46153846153846156,0.8928571428571429,62.61538461538461,2.3846153846153846,0.37504489602905894,0.3387253031508113,2019-12-15,2019,0.37372893106128097,0.17315259001303115,CIN,13.0,1.0,0.07692307692307693,10.692307692307692,139,10.0,130,-27.615384615384617,-0.4424646111866527,-4.1461538461538465,0.5612951515314994,1.467723088876935,2.6636363636363636,-1.1959132747594288,3.851283547903238,15.23076923076923,198.0,39.0,25.0,325.0,57.0,AFC North,-1,-9.76923076923077,-127,0.5075517075517075,0.5695384615384615,5.228461538461539,3.685252780117695,0.9230769230769231,0.46153846153846156,0.8717948717948718,49.15384615384615,1.7692307692307692,-11.0,0.35006916160762314,0.6447692307692308,8.371538461538462,4.6890125428358465,1.2307692307692308,1.1538461538461537,0.9212121212121211,67.53846153846153,0.9230769230769231,0.35006916160762314,-2.851283547903238,2019,0.21903704572870708,0.30856617619497956,NWE vs. CIN,CIN,1250.8668725517234,32.0,NWE,1604.5293557793334,3.0,0,-21,10.5,0,381.0,-468.0,0,0
CIN,14.0,1.0,0.07142857142857142,10.785714285714286,151,10.071428571428571,141,-29.985714285714288,-0.33962552405220237,-4.935714285714286,0.6169906841860817,1.4402666777666777,2.694155844155844,-1.2538891663891665,3.94419910402875,15.071428571428571,211.0,42.0,25.642857142857142,359.0,62.0,AFC North,-2,-10.571428571428571,-148,0.5276808661424046,0.568,4.834285714285714,3.7880918672521453,0.9285714285714286,0.42857142857142855,0.880952380952381,47.42857142857143,2.0,-16.0,0.34704224347081486,0.6356428571428571,8.157857142857143,4.744708075490429,1.2857142857142858,1.1428571428571428,0.9277777777777777,64.85714285714286,0.8571428571428571,0.34704224347081486,-2.94419910402875,2019-12-22,2019,0.21965167342989236,0.31583569176809395,MIA,14.0,3.0,0.21428571428571427,10.642857142857142,149,10.357142857142858,145,-25.864285714285717,-0.8449739943504245,0.8785714285714279,0.39431504749881013,1.6757215007215007,3.0879614433185862,-1.4122399425970855,4.078275814587486,17.214285714285715,241.0,45.0,31.071428571428573,435.0,75.0,AFC East,-2,-13.857142857142858,-194,0.4802242629165706,0.6007857142857143,5.0878571428571435,3.282743396953923,1.2142857142857142,0.5714285714285714,0.8041666666666666,49.07142857142857,1.7857142857142858,-12.0,0.3432496075353218,0.6482142857142857,8.477857142857143,4.522032438803158,2.357142857142857,1.0,0.7948717948717949,68.07142857142857,0.9285714285714286,0.3432496075353218,-1.078275814587486,2019,0.27875243928262855,0.4404577901014476,CIN vs. MIA,MIA,1279.4598053322811,28.0,CIN,1239.3178217958068,32.0,1,3,1.5,1,107.0,-118.0,0,0
CLE,15.0,6.0,0.4,10.533333333333333,158,10.533333333333333,158,-25.546666666666667,0.8214617999256931,-8.3,0.7532373371102291,2.0463791763791765,2.334949494949495,-0.2885703185703186,6.683527820765698,20.8,312.0,58.0,24.0,360.0,61.0,AFC North,-2,-3.2,-48,0.5670658706372992,0.5877333333333332,5.511333333333334,4.949179191230041,1.2666666666666666,1.0,0.8589743589743589,71.53333333333333,1.6666666666666667,-6.0,0.3605533355533356,0.6310666666666667,7.029333333333333,4.880954728414577,1.6,1.0666666666666667,0.7611111111111111,54.4,1.2666666666666666,0.3605533355533356,-0.6835278207656978,2019-12-29,2019,0.3503609225297846,0.3427446425878871,CIN,15.0,1.0,0.06666666666666667,11.066666666666666,166,10.333333333333334,155,-27.813333333333336,-0.43483164853567874,-4.48,0.4889121066043669,1.4998044548044547,2.6954978354978354,-1.1956933806933807,4.395626696330097,16.4,246.0,48.0,26.466666666666665,397.0,68.0,AFC North,-3,-10.066666666666666,-151,0.505295498152641,0.5694,5.048666666666667,3.6928857427686688,1.1333333333333333,0.4,0.888888888888889,49.4,1.9333333333333333,-16.0,0.3387209087209087,0.6329999999999999,8.179333333333334,4.616629497908715,1.4666666666666666,1.1333333333333333,0.8948717948717948,63.666666666666664,0.8666666666666667,0.3387209087209087,-3.3956266963300967,2019,0.22369876248038367,0.31014941275249613,CLE vs. CIN,CIN,1272.130780524683,32.0,CLE,1499.5430890265704,18.0,1,10,2.5,1,124.0,-137.0,1,0
CLE,1.0,0.0,0.0,12.0,12,12.0,12,-40.5,0.972282608695652,27.799999999999997,0.26513975155279557,1.0833333333333333,3.5833333333333335,-2.5,0.055455898424004176,13.0,13.0,2.0,43.0,43.0,6.0,AFC North,-1,-30.0,-30,0.5,0.6579999999999999,3.39,5.1,1.0,1.0,,182.0,3.0,-3.0,0.1,0.583,11.5,4.392857142857143,3.0,1.0,1.0,54.0,0.0,0.1,-0.055455898424004176,2019-09-16,2019,0.1574240169293326,-0.027727949212002057,NYJ,1.0,0.0,0.0,11.0,11,11.0,11,-17.099999999999994,-0.8896221532091095,-30.099999999999994,0.9922826086956524,1.4545454545454546,1.5454545454545454,-0.09090909090909083,0.46414157892781804,16.0,16.0,1.0,17.0,17.0,3.0,AFC East,-1,-1.0,-1,0.5,0.6829999999999999,4.27,3.238095238095238,1.0,0.0,0.0,67.0,1.0,3.0,0.4117647058823529,0.649,4.65,5.12,1.0,1.0,1.0,55.0,4.0,0.4117647058823529,-0.46414157892781804,2019,0.048714401915652905,-0.126584066980314,CLE vs. NYJ,NYJ,1450.0,16.0,CLE,1450.0,16.0,0,-20,6.5,0,241.0,-278.0,0,0
LAR,2.0,2.0,1.0,11.0,22,11.5,23,-10.700000000000003,0.38269927536231907,-35.150000000000006,0.0581521739130435,2.6,1.4884615384615385,1.1115384615384616,1.4932037874839985,28.5,57.0,11.0,18.0,36.0,8.0,NFC West,2,10.5,21,1.0,0.6345000000000001,7.115,4.510416666666667,1.0,2.0,0.875,54.0,1.0,2.0,0.4570135746606335,0.6145,4.279999999999999,4.185869565217391,0.0,1.5,0.8333333333333333,66.5,2.0,0.4570135746606335,0.5067962125160015,2019-09-22,2019,0.6266990531290004,0.26205151522017417,CLE,2.0,1.0,0.5,12.0,24,11.5,23,-29.65,0.08894927536231867,7.199999999999996,0.006211180124223947,1.5,1.9280303030303032,-0.428030303030303,1.0475122730496165,18.0,36.0,7.0,23.0,46.0,7.0,AFC North,1,-5.0,-10,0.0,0.6004999999999999,5.695,4.216666666666667,1.0,1.0,1.0,133.5,2.0,-3.0,0.20384615384615384,0.6625,8.475,4.133928571428571,1.5,0.5,1.0,71.5,0.5,0.20384615384615384,-0.04751227304961647,2019,0.2847377935135976,0.14494378453592793,LAR vs. CLE,CLE,1500.0,10.0,LAR,1600.0,1.0,0,-7,4.0,0,190.0,-215.0,0,0
CLE,4.0,2.0,0.5,11.75,47,11.0,44,-24.775,0.6339923788105947,-3.6000000000000014,0.368126204754766,1.9299242424242424,2.0321969696969697,-0.10227272727272735,2.065210670615887,22.25,89.0,17.0,22.75,91.0,15.0,AFC North,1,-0.5,-2,0.5555555555555555,0.5865,6.405,4.761709770114942,1.0,1.5,1.0,92.0,1.5,1.0,0.3110576923076923,0.66575,6.9925,4.495843596059114,2.0,0.25,0.9166666666666666,51.75,1.75,0.3110576923076923,-0.06521067061588681,2019-10-07,2019,0.355805418082606,0.2501240905725096,SFO,3.0,3.0,1.0,10.666666666666666,32,11.333333333333334,34,-2.5666666666666678,0.34867149758454136,-29.73333333333333,-0.9408691518245291,3.057239057239057,1.5946386946386948,1.4626003626003625,2.301893501945492,32.0,96.0,15.0,18.0,54.0,9.0,NFC West,3,14.0,42,0.0,0.6926666666666668,7.8999999999999995,4.476388888888889,1.6666666666666667,1.3333333333333333,0.8055555555555555,77.66666666666667,2.6666666666666665,-1.0,0.4952084952084952,0.5646666666666667,4.7299999999999995,3.1868482394798185,1.6666666666666667,0.0,0.8333333333333334,63.0,2.3333333333333335,0.4952084952084952,0.698106498054508,2019,0.577829140321017,0.23806822041657424,CLE vs. SFO,SFO,1613.0839817871451,1.0,CLE,1524.4980111475572,10.0,1,28,-5.0,1,-226.0,199.0,0,0
SEA,5.0,4.0,0.8,10.8,54,10.8,54,24.079999999999995,-0.17720060748523797,-9.14,0.04682539682539692,2.5295454545454548,2.1737529137529137,0.35579254079254075,2.8892946240752524,26.6,133.0,20.0,23.6,118.0,20.0,NFC West,2,3.0,15,0.3125,0.7388,10.416,3.95051678381911,2.4,1.0,0.5,62.2,1.0,3.0,0.355018315018315,0.6516,6.859999999999999,4.174542788129744,1.4,1.0,0.6875,58.8,1.6,0.355018315018315,1.1107053759247476,2019-10-13,2019,0.4526448426610924,0.3785707685870183,CLE,5.0,2.0,0.4,11.8,59,11.2,56,-37.379999999999995,0.8149837581209397,-1.4600000000000022,0.8439574855429433,1.593939393939394,2.1424242424242426,-0.5484848484848486,2.069142000065642,18.4,92.0,18.0,24.4,122.0,20.0,AFC North,-1,-6.0,-30,0.6666666666666666,0.5442,5.024,4.942701149425288,0.8,1.2,1.0,84.6,2.0,-3.0,0.267027972027972,0.6706,7.05,4.971674876847291,2.0,0.6,0.7833333333333333,48.2,1.4,0.267027972027972,-0.06914200006564197,2019,0.3008659118604015,0.2807755714238827,SEA vs. CLE,CLE,1486.977295145699,18.0,SEA,1603.2853131893082,3.0,0,-4,-1.0,0,-113.0,102.0,0,0
CLE,6.0,2.0,0.3333333333333333,11.666666666666666,70,11.166666666666666,67,-38.666666666666664,1.0814780109945028,1.4833333333333318,0.7609590411561141,1.7525252525252526,2.2702020202020203,-0.5176767676767677,2.4906784222134686,20.0,120.0,22.0,25.666666666666668,154.0,26.0,AFC North,-2,-5.666666666666667,-34,0.6933333333333334,0.5526666666666666,4.79,5.2091954022988505,0.8333333333333334,1.5,1.0,84.33333333333333,2.3333333333333335,-6.0,0.28502331002331,0.6749999999999999,7.511666666666667,4.8886764324604615,2.0,0.8333333333333334,0.8194444444444443,51.0,1.3333333333333333,0.28502331002331,-0.4906784222134686,2019-10-27,2019,0.28858351121738973,0.2916476642349498,NWE,7.0,7.0,1.0,12.0,84,12.142857142857142,85,-6.3428571428571425,-0.8367478700625676,-64.92857142857143,-0.1637313773183337,2.736230436230436,0.5599162742019885,2.1763141620284476,6.480935917434091,31.857142857142858,223.0,33.0,6.857142857142857,48.0,5.0,AFC East,7,25.0,175,0.26666666666666666,0.6592857142857144,7.242857142857142,3.2909695212417804,1.5714285714285714,1.7142857142857142,0.7857142857142857,57.714285714285715,1.1428571428571428,14.0,0.42222915972915975,0.5108571428571429,0.8214285714285714,3.963986013986014,0.14285714285714285,0.2857142857142857,0.75,55.857142857142854,3.142857142857143,0.42222915972915975,0.519064082565909,2019,0.42198829034808666,0.05478205111399923,CLE vs. NWE,NWE,1714.2171738148386,1.0,CLE,1453.1169242948313,15.0,1,14,-9.5,1,-367.0,309.0,0,0
CLE,7.0,2.0,0.2857142857142857,11.571428571428571,81,11.142857142857142,78,-36.92857142857143,1.3697747717050566,0.49999999999999795,0.4805661116511804,1.670995670995671,2.2965367965367967,-0.6255411255411255,2.640984380489347,19.0,133.0,25.0,25.857142857142858,181.0,30.0,AFC North,-3,-6.857142857142857,-48,0.7444444444444445,0.5658571428571428,4.685714285714285,5.4974921630094045,0.8571428571428571,1.2857142857142858,1.0,84.42857142857143,2.4285714285714284,-9.0,0.28001998001998,0.658,7.545714285714285,4.608283502955528,2.0,0.7142857142857143,0.7738095238095237,48.285714285714285,1.1428571428571428,0.28001998001998,-0.6409843804893471,2019-11-03,2019,0.2803798774034679,0.2944514076654205,DEN,8.0,2.0,0.25,10.5,84,10.75,86,-18.375,-0.01893771453089238,-16.95,-0.33934044905468547,1.5232905982905982,1.905907287157287,-0.3826166888666888,3.5467116763626825,15.625,125.0,26.0,18.875,151.0,30.0,AFC West,-2,-3.25,-26,0.5095238095238095,0.654,5.797499999999999,4.108779676773455,0.75,0.75,0.8020833333333334,61.75,1.125,-2.0,0.278996003996004,0.640375,6.19375,3.7883769422496623,0.75,0.75,0.869047619047619,64.5,0.875,0.278996003996004,-1.5467116763626825,2019,0.24968079823596764,0.2377887350423249,CLE vs. DEN,DEN,1400.564642984943,24.0,CLE,1434.91927948813,22.0,1,5,4.0,1,173.0,-194.0,0,0
PIT,9.0,5.0,0.5555555555555556,10.444444444444445,94,11.444444444444445,103,-14.622222222222222,-0.5881779475861381,-19.41111111111111,-0.40055568355793214,2.108607441940775,1.7957912457912455,0.3128161961495296,5.037839379433687,21.444444444444443,193.0,35.0,20.11111111111111,181.0,32.0,AFC North,4,1.3333333333333333,12,0.5299107142857142,0.6507777777777778,5.973333333333333,3.5395394437182097,1.3333333333333333,0.5555555555555556,0.9629629629629629,64.33333333333333,1.4444444444444444,13.0,0.35704804454804456,0.6534444444444445,5.308888888888889,3.7271617077464154,1.6666666666666667,0.4444444444444444,0.6875,74.88888888888889,2.888888888888889,0.35704804454804456,-0.03783937943368709,2019-11-14,2019,0.37077496657189235,0.27485344105514775,CLE,9.0,3.0,0.3333333333333333,11.0,99,10.777777777777779,97,-29.788888888888884,1.1211425610038803,-0.1555555555555562,0.6287253332166186,1.7746632996632998,2.26026936026936,-0.48560606060606065,3.6064351115313924,19.0,171.0,34.0,24.555555555555557,221.0,36.0,AFC North,1,-5.555555555555555,-50,0.6833333333333333,0.5875555555555556,5.151111111111111,5.248859952308227,1.0,1.0,1.0,77.88888888888889,1.8888888888888888,-8.0,0.3026418026418026,0.6381111111111112,7.767777777777777,4.756442724520967,1.7777777777777777,0.8888888888888888,0.7129629629629629,48.111111111111114,1.0,0.3026418026418026,-0.6064351115313924,2019,0.32029316072719716,0.3048892737512828,PIT vs. CLE,CLE,1454.509413048404,18.0,PIT,1593.1631205997785,9.0,1,14,-3.0,1,-163.0,146.0,1,0
MIA,10.0,2.0,0.2,10.7,107,10.1,101,-30.2,-1.2391074047996244,3.21,0.4913606785224657,1.366010101010101,3.134404761904762,-1.768394660894661,2.584170586629452,13.9,139.0,24.0,30.5,305.0,52.0,AFC East,-1,-16.6,-166,0.5445767195767196,0.6044,4.529999999999999,2.888609986504723,0.9,0.6,0.75,44.4,2.0,-13.0,0.34217948717948715,0.648,8.881,4.619078069826814,2.3,0.9,0.7916666666666667,67.2,0.7,0.34217948717948715,-0.584170586629452,2019-11-24,2019,0.21119617375784405,0.4332902272230381,CLE,10.0,4.0,0.4,11.2,112,11.1,111,-27.630000000000003,0.8933994229159147,-6.92,0.515581060764522,1.758735431235431,2.0842424242424245,-0.32550699300699304,4.537535151259187,19.2,192.0,37.0,22.8,228.0,37.0,AFC North,2,-3.6,-36,0.6691358024691358,0.5819,5.352,5.021116814220262,1.1,1.0,0.875,82.2,1.7,-4.0,0.3098776223776224,0.6266,7.031999999999999,4.64329845206887,1.7,0.8,0.6416666666666666,47.4,1.3,0.3098776223776224,-0.5375351512591866,2019,0.31259928518161617,0.2820821616246938,MIA vs. CLE,CLE,1523.4673788599932,16.0,MIA,1359.866618257081,26.0,1,17,-11.0,1,-446.0,365.0,0,0
CLE,11.0,5.0,0.45454545454545453,11.090909090909092,122,11.090909090909092,122,-23.545454545454547,0.8545478943504363,-9.636363636363637,0.5116448378491701,1.971577664759483,2.093112947658402,-0.12153528289891931,5.3181371915605,21.181818181818183,233.0,44.0,22.90909090909091,252.0,41.0,AFC North,3,-1.7272727272727273,-19,0.6222222222222222,0.5931818181818183,5.760909090909092,4.982265285654784,1.2727272727272727,1.0909090909090908,0.8518518518518519,81.0909090909091,1.6363636363636365,-3.0,0.32716147488874764,0.6185454545454546,6.723636363636363,4.639362229153518,1.7272727272727273,0.8181818181818182,0.6742424242424242,51.63636363636363,1.3636363636363635,0.32716147488874764,-0.3181371915605,2019-12-01,2019,0.3502250101127705,0.2957946163532187,PIT,11.0,6.0,0.5454545454545454,10.909090909090908,120,11.727272727272727,129,-21.154545454545453,-0.5218023440516499,-18.563636363636363,-0.43579720617849255,1.8918909373454829,1.6860669633396907,0.20582397400579228,5.859596416932712,19.636363636363637,216.0,40.0,19.272727272727273,212.0,37.0,AFC North,1,0.36363636363636365,4,0.45726190476190476,0.6237272727272727,5.442727272727272,3.6059150472526977,1.2727272727272727,0.45454545454545453,0.8787878787878788,63.36363636363637,1.6363636363636365,10.0,0.3370682347955075,0.624909090909091,5.617272727272727,3.691920185125855,1.6363636363636365,0.45454545454545453,0.65,79.45454545454545,2.5454545454545454,0.3370682347955075,0.14040358306728784,2019,0.33758798736567536,0.2644079863097179,CLE vs. PIT,PIT,1593.1631205997785,9.0,CLE,1454.509413048404,18.0,1,7,1.0,1,103.0,-113.0,1,0
DAL,1.0,1.0,1.0,9.0,9,11.0,11,58.30000000000001,-1.1610507246376809,-6.0,4.754635549872123,3.888888888888889,1.5454545454545454,2.3434343434343434,0.8470254638096245,35.0,35.0,5.0,17.0,17.0,3.0,NFC East,1,18.0,18,0.5,0.7809999999999999,15.16,2.966666666666667,4.0,1.0,,47.0,0.0,2.0,0.6,0.688,7.06,8.882352941176471,1.0,1.0,1.0,70.0,2.0,0.6,0.1529745361903755,2019-09-15,2019,0.6405414089946532,0.04172032805192059,WAS,1.0,0.0,0.0,10.0,10,9.0,9,16.700000000000003,-1.973871237458194,21.0,-0.15997545582047668,2.7,3.5555555555555554,-0.8555555555555552,0.4006732421789294,27.0,27.0,5.0,32.0,32.0,5.0,NFC East,-1,-5.0,-5,0.5,0.682,9.77,2.1538461538461537,3.0,0.0,1.0,96.0,0.0,0.0,0.38461538461538464,0.718,9.56,3.967741935483871,3.0,1.0,1.0,55.0,0.0,0.38461538461538464,-0.4006732421789294,2019,0.2996633789105353,-0.2225962456549608,DAL vs. WAS,WAS,1450.0,16.0,DAL,1550.0,1.0,0,-10,6.0,0,233.0,-268.0,1,0
MIA,2.0,0.0,0.0,12.0,24,10.0,20,-67.55000000000001,-1.8527173913043478,40.85000000000001,0.5241459627329195,0.45454545454545453,5.1,-4.6454545454545455,0.014677734549671547,5.0,10.0,2.0,51.0,102.0,14.0,AFC East,-2,-46.0,-92,1.0,0.4655,1.2200000000000002,2.275,0.5,0.0,1.0,43.0,3.5,-6.0,0.21666666666666667,0.7995000000000001,14.844999999999999,4.651863354037268,4.0,2.0,0.75,47.0,0.5,0.21666666666666667,-0.014677734549671547,2019-09-22,2019,0.08272176106043035,0.3448627929076149,DAL,2.0,2.0,1.0,8.5,17,9.5,19,40.35000000000001,0.4879688832054563,-1.9500000000000028,1.6958120204603584,3.8819444444444446,2.0852272727272725,1.7967171717171717,1.5626848550847736,33.0,66.0,10.0,19.0,38.0,6.0,NFC East,2,14.0,28,0.0,0.824,12.18,4.6156862745098035,3.5,1.0,1.0,57.0,0.5,1.0,0.6181818181818182,0.6955,6.88,5.8235294117647065,1.5,1.0,1.0,57.0,1.0,0.6181818181818182,0.4373151449152264,2019,0.7168573955633019,0.22694449656556204,MIA vs. DAL,DAL,1585.9935000197115,1.0,MIA,1414.0064999802885,23.0,1,25,-22.0,1,-2540.0,1454.0,0,0
DAL,3.0,3.0,1.0,9.0,27,10.0,30,23.83333333333334,1.2533283603296395,-13.233333333333334,0.754635549872123,3.6212962962962965,1.571969696969697,2.049326599326599,2.542689939366801,32.333333333333336,97.0,15.0,14.666666666666666,44.0,8.0,NFC East,3,17.666666666666668,53,0.0,0.7473333333333333,10.58,5.381045751633987,3.0,1.3333333333333333,0.75,71.33333333333333,0.6666666666666666,1.0,0.5787878787878787,0.6263333333333333,6.303333333333334,4.882352941176471,1.0,0.6666666666666666,0.8333333333333333,49.666666666666664,1.0,0.5787878787878787,0.457310060633199,2019-09-29,2019,0.6402426038209628,0.21842756094517324,NOR,3.0,2.0,0.6666666666666666,10.0,30,10.333333333333334,31,-7.399999999999999,0.44685127674258157,7.399999999999996,1.143371423262728,2.4,2.687037037037037,-0.2870370370370372,1.2263932722264053,24.0,72.0,12.0,27.333333333333332,82.0,13.0,NFC South,1,-3.3333333333333335,-10,1.0,0.673,6.8,4.574568668046929,1.3333333333333333,0.6666666666666666,0.875,68.33333333333333,1.0,0.0,0.40559440559440557,0.662,9.133333333333333,5.271088814567076,2.0,1.6666666666666667,1.0,62.333333333333336,1.0,0.40559440559440557,0.7736067277735947,2019,0.5031475637031461,0.3877084673231907,DAL vs. NOR,NOR,1562.1287919369763,8.0,DAL,1613.0839817871451,1.0,1,2,2.5,1,127.0,-140.0,0,0
GNB,4.0,3.0,0.75,11.25,45,11.25,45,-6.449999999999999,-0.7032608695652174,-26.575,0.7858790999237224,1.9522727272727274,1.6926587301587301,0.25961399711399724,2.7435559057982877,21.25,85.0,15.0,17.25,69.0,12.0,NFC North,-1,4.0,16,0.4444444444444444,0.61875,7.375,3.4244565217391303,1.5,1.0,0.8888888888888888,52.25,1.0,4.0,0.3169191919191919,0.5747499999999999,5.1375,4.91359649122807,1.0,1.25,0.8333333333333334,81.75,2.0,0.3169191919191919,0.2564440942017123,2019-10-06,2019,0.35470367451680934,0.21709627294678083,DAL,4.0,3.0,0.75,9.25,37,9.75,39,10.825000000000003,0.4705669224211426,-16.725,0.6173806479113386,2.9659722222222222,1.512310606060606,1.4536616161616163,2.936314423222141,26.75,107.0,17.0,14.0,56.0,12.0,NFC East,-1,12.75,51,0.2222222222222222,0.72725,9.2,4.5982843137254905,2.25,1.25,0.8333333333333334,69.5,1.25,-1.0,0.525,0.6615,5.595,4.745098039215686,0.75,0.5,0.8888888888888888,57.25,1.0,0.525,0.0636855767778588,2019,0.4667746946298892,0.23566812129060455,GNB vs. DAL,DAL,1555.8030684854623,3.0,GNB,1549.7707471653662,3.0,0,-10,-3.5,0,-181.0,162.0,0,0
DAL,5.0,3.0,0.6,9.8,49,10.2,51,5.000000000000003,0.7128148215808064,-16.9,0.4959472469647531,2.772777777777778,1.7765151515151516,0.9962626262626262,3.2409146167604206,26.2,131.0,21.0,18.0,90.0,18.0,NFC East,-2,8.2,41,0.35416666666666663,0.7045999999999999,8.931999999999999,4.840532212885154,2.2,1.2,0.7083333333333334,80.4,1.6,-4.0,0.47000000000000003,0.6586000000000001,5.74,4.6236646382691005,0.6,1.2,0.9166666666666666,61.4,0.8,0.47000000000000003,-0.24091461676042059,2019-10-13,2019,0.4079216042776782,0.26534720352279384,NYJ,4.0,0.0,0.0,12.0,48,12.0,48,-39.55,-1.0178646344121172,-17.074999999999996,-0.660616497306902,0.8306277056277056,2.1057900432900434,-1.2751623376623378,0.6331694214619792,9.75,39.0,3.0,25.25,101.0,16.0,AFC East,-4,-15.5,-62,0.5,0.63675,2.4225,3.1098527568922307,0.25,0.25,0.3333333333333333,68.75,1.5,2.0,0.1922268907563025,0.61125,6.605,3.4671008939974457,1.25,1.25,1.0,71.5,2.0,0.1922268907563025,-0.6331694214619792,2019,0.052606727789656575,0.19723588154483507,DAL vs. NYJ,NYJ,1343.5711721631455,28.0,DAL,1504.9350348858952,8.0,1,2,7.0,1,270.0,-316.0,0,0
PHI,6.0,3.0,0.5,10.666666666666666,64,11.0,66,-7.1499999999999995,-0.1821532965188959,-9.766666666666671,-0.8876763951488004,2.611111111111111,2.3608225108225107,0.2502886002886003,3.216191616674181,26.833333333333332,161.0,25.0,24.833333333333332,149.0,25.0,NFC East,-1,2.0,12,0.42000000000000004,0.607,6.993333333333333,3.945564094785452,2.0,1.0,1.0,60.5,1.5,1.0,0.49317077258253733,0.6418333333333334,6.859999999999999,3.2400409961555474,2.1666666666666665,0.6666666666666666,0.6944444444444443,57.833333333333336,1.6666666666666667,0.49317077258253733,-0.21619161667418085,2019-10-20,2019,0.376550024956108,0.3020081050079431,DAL,6.0,3.0,0.5,9.833333333333334,59,10.0,60,2.250000000000002,0.5384123939430847,-12.049999999999999,0.19200314058656964,2.677314814814815,1.9248737373737372,0.7524410774410776,3.6895422995094034,25.5,153.0,26.0,19.0,114.0,22.0,NFC East,-3,6.5,39,0.2833333333333333,0.7038333333333333,8.568333333333333,4.666129785247432,1.8333333333333333,1.3333333333333333,0.7166666666666666,78.33333333333333,1.3333333333333333,-3.0,0.4897058823529412,0.6686666666666667,6.455000000000001,4.319720531890917,0.8333333333333334,1.1666666666666667,0.9333333333333332,68.66666666666667,0.8333333333333334,0.4897058823529412,-0.6895422995094034,2019,0.39003361642021334,0.26341685947442534,PHI vs. DAL,DAL,1433.250131482292,11.0,PHI,1495.9027508854006,11.0,1,27,-3.0,1,-165.0,148.0,1,0
DAL,7.0,4.0,0.5714285714285714,10.0,70,10.0,70,1.4285714285714306,0.621822424622023,-13.6,0.16163490133684671,2.7753607503607505,1.7927489177489178,0.9826118326118326,4.646465920550668,27.142857142857142,190.0,33.0,17.714285714285715,124.0,24.0,NFC East,1,9.428571428571429,66,0.3194444444444444,0.7144285714285713,8.338571428571429,4.74953981592637,1.7142857142857142,1.5714285714285714,0.7638888888888888,76.42857142857143,1.2857142857142858,0.0,0.5013805522208884,0.6609999999999999,6.318571428571429,4.289352292641195,0.8571428571428571,1.0,0.9444444444444443,64.57142857142857,1.2857142857142858,0.5013805522208884,-0.6464659205506678,2019-11-04,2019,0.42789107065679177,0.2622139140954775,NYG,8.0,2.0,0.25,10.75,86,10.25,82,-20.95,0.6474362030442931,1.7875000000000014,-0.23181439852828967,1.8339646464646464,2.73974358974359,-0.9057789432789433,2.7617829576741375,19.75,158.0,22.0,27.25,218.0,35.0,NFC East,-4,-7.5,-60,0.5238095238095238,0.6244999999999999,5.3862499999999995,4.775153594348641,1.5,0.75,0.6666666666666666,52.25,2.375,-9.0,0.3906759906759907,0.6988749999999999,8.06875,3.8959029927760582,1.625,1.25,0.7166666666666667,61.5,1.25,0.3906759906759907,-0.7617829576741375,2019,0.2314546147255363,0.33283170195336154,DAL vs. NYG,NYG,1500.0,1.0,DAL,1500.0,1.0,0,-19,6.5,0,255.0,-297.0,1,0
MIN,9.0,6.0,0.6666666666666666,9.777777777777779,88,10.222222222222221,92,11.866666666666667,0.5259227739973242,-11.188888888888888,0.4142636940590905,2.7870570787237456,1.6910052910052908,1.0960517877184544,5.918589299850556,26.0,234.0,41.0,17.555555555555557,158.0,31.0,NFC North,-1,8.444444444444445,76,0.5543154761904762,0.7074444444444444,9.43888888888889,4.653640165301672,1.7777777777777777,1.3333333333333333,0.7857142857142857,68.33333333333333,1.1111111111111112,4.0,0.42989726323059657,0.6852222222222222,5.922222222222222,4.541981085363438,1.6666666666666667,0.2222222222222222,0.8571428571428571,53.22222222222222,1.5555555555555556,0.42989726323059657,0.08141070014944418,2019-11-10,2019,0.47012353371985754,0.302564893363083,DAL,8.0,5.0,0.625,10.125,81,10.125,81,1.4625000000000021,0.7447966142978932,-15.6125,0.19364768293851564,2.848895202020202,1.7732007575757576,1.0756944444444445,5.493002916961187,28.375,227.0,39.0,17.75,142.0,29.0,NFC East,2,10.625,85,0.3095238095238095,0.70375,8.2675,4.872514005602241,1.875,1.375,0.7619047619047619,79.875,1.375,1.0,0.4841625286478228,0.657625,5.97375,4.3213650742428635,0.875,0.875,0.9523809523809523,65.375,1.5,0.4841625286478228,-0.4930029169611867,2019,0.451810009627336,0.2912082027903172,MIN vs. DAL,DAL,1522.2672541055342,10.0,MIN,1586.7555241475538,7.0,0,-4,-3.5,0,-179.0,160.0,0,0
DAL,9.0,5.0,0.5555555555555556,10.11111111111111,91,10.0,90,1.1888888888888909,0.4559314217562302,-12.733333333333334,0.18571823024486417,2.7990179573512908,1.9218574635241303,0.8771604938271605,5.902671135521656,27.88888888888889,251.0,43.0,18.88888888888889,170.0,34.0,NFC East,-1,9.0,81,0.35416666666666663,0.6917777777777778,8.313333333333333,4.583648813060578,2.0,1.2222222222222223,0.7291666666666666,75.33333333333333,1.3333333333333333,0.0,0.4970333587980647,0.6644444444444445,6.181111111111111,4.313435621549212,1.0,0.8888888888888888,0.9583333333333333,62.0,1.3333333333333333,0.4970333587980647,-0.9026711355216559,2019-11-17,2019,0.425134482506189,0.29791256962007867,DET,9.0,3.0,0.3333333333333333,10.666666666666666,96,10.88888888888889,98,-0.24444444444444635,-0.46723640488768875,1.3111111111111124,0.4622589793691745,2.3281846240179576,2.5046015712682377,-0.17641694725028062,4.1510224699775335,24.11111111111111,217.0,39.0,26.333333333333332,237.0,40.0,NFC North,-2,-2.2222222222222223,-20,0.6319940476190476,0.6384444444444444,8.17111111111111,3.660480986416659,2.2222222222222223,0.2222222222222222,0.7962962962962963,60.22222222222222,1.3333333333333333,0.0,0.41528964862298196,0.6182222222222222,8.293333333333333,4.589976370673522,2.111111111111111,1.0,0.6428571428571429,54.55555555555556,1.3333333333333333,0.41528964862298196,-1.1510224699775335,2019,0.3542941246190697,0.31061122585135903,DAL vs. DET,DET,1382.291918581867,18.0,DAL,1481.44273259721,9.0,0,-8,7.5,0,310.0,-369.0,0,0
DAL,10.0,6.0,0.6,10.1,101,10.0,100,2.640000000000002,0.3100665404501724,-10.82,0.1865175252328001,2.8691161616161613,1.9996717171717173,0.8694444444444445,6.551761119954867,28.6,286.0,49.0,19.7,197.0,38.0,NFC East,1,8.9,89,0.35185185185185186,0.6856,8.556000000000001,4.43778393175452,2.1,1.2,0.7592592592592592,72.3,1.3,-1.0,0.5044728800611153,0.6557000000000001,6.4510000000000005,4.314234916537147,1.1,1.0,0.9583333333333333,64.7,1.2,0.5044728800611153,-0.5517611199548673,2019-11-24,2019,0.4583799060615955,0.32103307744171505,NWE,10.0,9.0,0.9,11.8,118,11.7,117,-9.559999999999999,-0.7597883798318138,-50.33,0.26770949887864004,2.4843006993006993,1.0045676545676545,1.4797330447330448,8.298015687170412,28.7,287.0,45.0,10.8,108.0,15.0,AFC East,1,17.9,179,0.3559082892416226,0.6386000000000001,6.881,3.367929011472534,1.5,1.3,0.8,57.3,1.0,18.0,0.39652195027195025,0.546,2.257,4.395426890182987,0.4,0.5,0.9,54.9,2.8,0.39652195027195025,0.7019843128295875,2019,0.40812652040451813,0.124384414267046,DAL vs. NWE,NWE,1698.7766715833889,1.0,DAL,1517.548927257803,8.0,1,4,-5.5,0,-231.0,203.0,0,0
LAR,13.0,8.0,0.6153846153846154,10.923076923076923,142,10.846153846153847,141,-17.176923076923078,-0.3100238062809377,-15.323076923076924,-0.4377032071044251,2.2222610722610723,1.931664275895045,0.29059679636602714,8.01285464239912,23.923076923076923,311.0,53.0,20.153846153846153,262.0,45.0,NFC West,2,3.769230769230769,49,0.5500420875420876,0.6237692307692307,6.673076923076923,3.81769358502341,1.1538461538461537,1.2307692307692308,0.7569444444444445,56.61538461538461,1.6923076923076923,-5.0,0.3602207244741181,0.6259230769230769,6.458461538461538,3.6900141841999226,1.3846153846153846,0.6923076923076923,0.7777777777777777,55.69230769230769,1.3076923076923077,0.3602207244741181,-0.012854642399119598,2019-12-15,2019,0.37287037050533406,0.2942834375843097,DAL,13.0,6.0,0.46153846153846156,10.23076923076923,133,10.153846153846153,132,-2.9076923076923062,0.31216509859600367,-7.1230769230769235,0.10084608563641134,2.553166278166278,2.0605477855477856,0.4926184926184926,7.413103737526962,25.692307692307693,334.0,58.0,20.53846153846154,267.0,51.0,NFC East,-3,5.153846153846154,67,0.44116161616161614,0.6643076923076923,8.013076923076923,4.439882489900351,1.8461538461538463,1.0769230769230769,0.6736111111111112,68.53846153846153,1.2307692307692308,-2.0,0.4720797302245266,0.6583076923076923,6.827692307692308,4.228563476940759,1.3076923076923077,0.9230769230769231,0.893939393939394,60.46153846153846,1.0769230769230769,0.4720797302245266,-1.4131037375269617,2019,0.3886870926682685,0.3146455182902826,LAR vs. DAL,DAL,1403.1441684087486,15.0,LAR,1608.98843776969,10.0,1,23,1.0,1,104.0,-115.0,0,0
DAL,14.0,7.0,0.5,10.214285714285714,143,10.142857142857142,142,-0.999999999999999,0.41249095249201034,-7.842857142857143,-0.08894926475731636,2.6850829725829723,2.063365800865801,0.6217171717171717,8.26543594436554,27.0,378.0,66.0,20.571428571428573,288.0,54.0,NFC East,1,6.428571428571429,90,0.45456338533261614,0.6634285714285715,8.223571428571429,4.540208343796358,1.8571428571428572,1.2142857142857142,0.6987179487179488,64.78571428571429,1.1428571428571428,-1.0,0.4768212879557417,0.658,6.7,4.038768126547032,1.3571428571428572,0.9285714285714286,0.893939393939394,58.214285714285715,1.0714285714285714,0.4768212879557417,-1.2654359443655405,2019-12-22,2019,0.4198207930428943,0.31874570372447725,PHI,14.0,7.0,0.5,11.071428571428571,155,11.142857142857142,156,-9.535714285714286,0.14882659424089292,-10.207142857142859,-0.2540357078592851,2.2497113997114,2.18104514533086,0.06866625438054005,7.040700993207402,23.857142857142858,334.0,56.0,23.428571428571427,328.0,57.0,NFC East,2,0.42857142857142855,6,0.4715421330805946,0.6308571428571429,6.464285714285714,4.27654398554524,1.7857142857142858,0.8571428571428571,0.9423076923076923,53.642857142857146,1.6428571428571428,-6.0,0.4607364099485948,0.6098571428571429,6.942857142857143,3.8736816834450627,1.8571428571428572,0.8571428571428571,0.782051282051282,63.642857142857146,1.2142857142857142,0.4607364099485948,-0.04070099320740184,2019,0.3602399743688412,0.33822346308936724,DAL vs. PHI,PHI,1495.9027508854006,11.0,DAL,1433.250131482292,11.0,1,8,2.0,1,109.0,-120.0,1,0
WAS,15.0,3.0,0.2,10.133333333333333,152,10.266666666666667,154,-20.026666666666664,0.16941592224200933,-3.539999999999999,0.5426603947441081,1.6394400044400044,2.606012321012321,-0.9665723165723165,4.148818566943138,16.666666666666668,250.0,48.0,25.866666666666667,388.0,65.0,NFC East,-3,-9.2,-138,0.5474640438926153,0.6322,5.206,4.2971333135463565,1.1333333333333333,0.6,0.7708333333333334,55.0,1.2666666666666666,2.0,0.29760591260591257,0.6921333333333333,7.110666666666666,4.670377786048456,2.066666666666667,0.8666666666666667,0.7857142857142857,48.266666666666666,1.4,0.29760591260591257,-1.148818566943138,2019-12-29,2019,0.29160381964330234,0.36161333036740084,DAL,15.0,7.0,0.4666666666666667,10.266666666666667,154,10.133333333333333,152,-2.6799999999999993,0.33481039623891984,-6.813333333333334,-0.09597825097156291,2.560622895622896,2.0391414141414144,0.5214814814814815,8.446776205335995,25.8,387.0,69.0,20.333333333333332,305.0,57.0,NFC East,-1,5.466666666666667,82,0.4578088578088578,0.6570666666666667,8.064666666666666,4.462527787543268,1.7333333333333334,1.1333333333333333,0.7202380952380952,61.8,1.1333333333333333,-2.0,0.45931891637773986,0.6658000000000001,6.808666666666666,4.0317391403327845,1.3333333333333333,0.9333333333333333,0.8472222222222222,56.333333333333336,1.0,0.45931891637773986,-1.4467762053359952,2019,0.4048365549055482,0.31383059486660014,WAS vs. DAL,DAL,1550.0,1.0,WAS,1450.0,16.0,1,31,-13.0,1,-621.0,485.0,1,0
DEN,2.0,0.0,0.0,8.5,17,8.0,16,-7.5,-0.1875,-4.5,0.2602136431784108,1.7777777777777777,2.603174603174603,-0.8253968253968252,0.6982239899723235,15.0,30.0,7.0,20.0,40.0,8.0,AFC West,-2,-5.0,-10,0.0,0.6885,6.91,3.9402173913043477,1.0,0.0,0.875,62.5,0.5,-1.0,0.33791208791208793,0.7195,7.585000000000001,4.387931034482758,0.5,1.5,1.0,63.5,0.0,0.33791208791208793,-0.6982239899723235,2019-09-22,2019,0.26801270794687454,0.07544400250691913,GNB,2.0,2.0,1.0,12.5,25,13.0,26,-7.399999999999999,-0.8777173913043481,-43.9,1.0722826086956523,1.2045454545454546,0.6964285714285714,0.5081168831168832,1.6012610917459753,15.5,31.0,5.0,9.5,19.0,4.0,NFC North,2,6.0,12,1.0,0.6234999999999999,6.495,3.2499999999999996,1.5,0.5,1.0,53.0,1.0,3.0,0.25,0.5079999999999999,4.2,5.2,0.5,0.5,0.75,103.5,2.5,0.25,0.3987389082540247,2019,0.23987389082540247,0.10759530063492498,DEN vs. GNB,GNB,1600.0,1.0,DEN,1400.0,23.0,1,11,-7.0,1,-327.0,278.0,0,0
JAX,3.0,1.0,0.3333333333333333,10.0,30,10.0,30,9.699999999999998,0.6613699102829541,-5.766666666666666,-0.11233277591973234,1.969023569023569,2.126936026936027,-0.1579124579124581,1.640859565450588,19.333333333333332,58.0,12.0,20.0,60.0,12.0,AFC South,1,-0.6666666666666666,-2,0.25,0.7273333333333333,8.366666666666667,4.789087301587302,2.0,0.0,1.0,57.0,1.0,-2.0,0.3041958041958042,0.6206666666666667,7.943333333333334,4.015384615384615,1.0,1.0,1.0,67.66666666666667,0.3333333333333333,0.3041958041958042,-0.640859565450588,2019-09-29,2019,0.31455205793992164,0.18121872460658828,DEN,3.0,0.0,0.0,9.0,27,8.666666666666666,26,-15.566666666666668,-0.19388825324180012,-4.266666666666666,-0.08648800599700139,1.7185185185185186,2.6354497354497357,-0.9169312169312169,0.9226429003142891,15.333333333333334,46.0,10.0,22.333333333333332,67.0,13.0,AFC West,-3,-7.0,-21,0.5,0.6890000000000001,5.94,3.9338291380625474,0.6666666666666666,0.6666666666666666,0.9166666666666666,50.666666666666664,1.3333333333333333,-4.0,0.4030525030525031,0.6749999999999999,7.986666666666667,4.041229385307346,0.6666666666666666,1.6666666666666667,0.8888888888888888,60.0,0.0,0.4030525030525031,-0.9226429003142891,2019,0.25646383946737167,0.17955951661428515,JAX vs. DEN,DEN,1375.9746926647958,26.0,JAX,1462.1287919369763,16.0,0,-2,-2.5,0,-137.0,124.0,0,0
DEN,4.0,0.0,0.0,9.5,38,9.5,38,-11.95,-0.114845537757437,-4.774999999999999,0.6729414897814251,1.8343434343434344,2.518253968253968,-0.6839105339105338,1.375359308828168,17.5,70.0,14.0,23.25,93.0,19.0,AFC West,-4,-5.75,-23,0.4444444444444444,0.6615,6.547499999999999,4.01287185354691,1.25,0.5,0.9375,50.0,1.25,-5.0,0.3931984681984682,0.65025,7.702500000000001,4.800658881085773,1.0,1.25,0.9166666666666666,71.0,0.0,0.3931984681984682,-1.375359308828168,2019-10-06,2019,0.2417432215553003,0.203080086396479,LAC,4.0,2.0,0.5,9.0,36,9.0,36,5.024999999999999,0.3427515841646279,7.3749999999999964,-0.23739499440300338,2.6547619047619047,2.0152777777777775,0.6394841269841269,2.239009533783853,22.5,90.0,17.0,18.5,74.0,12.0,AFC West,1,4.0,16,0.16666666666666666,0.6995,8.71,4.470468975468975,1.75,0.75,0.8333333333333333,62.0,1.25,-1.0,0.5116550116550116,0.7384999999999999,7.9350000000000005,3.890322396901344,2.0,0.5,0.16666666666666666,49.75,1.0,0.5116550116550116,-0.23900953378385292,2019,0.4440058189282951,0.23008253885134558,DEN vs. LAC,LAC,1480.7079104761792,10.0,DEN,1338.1252342661576,26.0,0,-7,-4.0,0,-226.0,199.0,1,0
TEN,5.0,2.0,0.4,11.0,55,10.6,53,0.25999999999999945,0.0515076320383228,-11.739999999999998,0.244395898456001,1.7603030303030303,1.4403030303030302,0.32,2.506245745154409,19.6,98.0,15.0,15.2,76.0,13.0,AFC South,-1,4.4,22,0.2708333333333333,0.619,8.028,4.179225023342671,1.4,0.8,0.625,73.4,0.2,6.0,0.30356819650937295,0.6622,5.894,4.372113289760348,1.6,0.4,0.75,81.0,1.4,0.30356819650937295,-0.5062457451544091,2019-10-13,2019,0.24511386844612312,0.17139171816223653,DEN,5.0,1.0,0.2,9.8,49,10.0,50,-11.679999999999998,0.2763300915331809,-12.099999999999998,0.15030971356427053,1.831111111111111,2.2312698412698415,-0.40015873015873016,2.110517988488718,18.0,90.0,18.0,21.2,106.0,21.0,AFC West,1,-3.2,-16,0.4583333333333333,0.6692,6.578,4.4040474828375284,1.2,0.6,0.8833333333333334,64.4,1.4,-4.0,0.36910422910422913,0.6536,6.6659999999999995,4.2780271048686185,0.8,1.0,0.8666666666666666,65.4,0.6,0.36910422910422913,-1.1105179884887182,2019,0.28575786207021664,0.24271648896694767,TEN vs. DEN,DEN,1407.565250305886,24.0,TEN,1441.3715632251349,18.0,1,16,-1.0,1,-121.0,109.0,0,0
KAN,6.0,4.0,0.6666666666666666,9.5,57,9.666666666666666,58,10.716666666666669,-0.1835748671618235,-15.083333333333336,1.2377719799897413,3.0188552188552187,2.48973063973064,0.529124579124579,3.4667779233301466,28.666666666666668,172.0,30.0,24.0,144.0,28.0,AFC West,-2,4.666666666666667,28,0.7533333333333333,0.6375000000000001,9.863333333333333,3.9441425241425243,2.3333333333333335,0.8333333333333334,0.8333333333333333,75.83333333333333,1.1666666666666667,3.0,0.48412698412698413,0.648,6.283333333333334,5.365489371294089,1.3333333333333333,1.3333333333333333,0.9166666666666666,58.5,1.6666666666666667,0.48412698412698413,0.5332220766698534,2019-10-17,2019,0.5730896558482327,0.4452017762837813,DEN,6.0,2.0,0.3333333333333333,10.333333333333334,62,10.666666666666666,64,-15.466666666666667,0.11454439994914829,-20.983333333333334,-0.25317099439002305,1.7310541310541312,1.8593915343915344,-0.1283374033374033,3.109119599796129,17.666666666666668,106.0,22.0,17.666666666666668,106.0,21.0,AFC West,2,0.0,0,0.44666666666666666,0.6648333333333333,6.208333333333333,4.242261791253496,1.0,0.6666666666666666,0.9027777777777778,62.166666666666664,1.3333333333333333,-2.0,0.3313963813963814,0.6426666666666666,5.701666666666667,3.8745463969143246,0.6666666666666666,0.8333333333333334,0.8666666666666666,61.166666666666664,1.0,0.3313963813963814,-1.109119599796129,2019,0.2892456150658203,0.2127825218861492,KAN vs. DEN,DEN,1462.4150738217395,15.0,KAN,1548.6588328051507,6.0,0,-24,3.0,0,134.0,-149.0,1,0
DEN,7.0,2.0,0.2857142857142857,10.571428571428571,74,10.714285714285714,75,-17.54285714285714,-0.008499801522439565,-17.071428571428573,-0.3833971992402176,1.5551892551892552,1.9833745619459904,-0.4281853067567352,3.1306954662856588,16.0,112.0,23.0,19.428571428571427,136.0,26.0,AFC West,-1,-3.4285714285714284,-24,0.48333333333333334,0.6581428571428571,5.884285714285714,4.1192175897819086,0.8571428571428571,0.7142857142857143,0.7738095238095238,58.0,1.2857142857142858,-3.0,0.29504305218590937,0.6461428571428571,5.9871428571428575,3.74432019206413,0.8571428571428571,0.7142857142857143,0.8888888888888888,59.0,0.8571428571428571,0.29504305218590937,-1.1306954662856588,2019-10-27,2019,0.26060618585990314,0.24114651024109118,IND,6.0,4.0,0.6666666666666666,9.166666666666666,55,9.333333333333334,56,-1.1999999999999993,-0.0841672181186246,0.16666666666666904,0.6026397515527955,2.726599326599327,2.5856902356902354,0.14090909090909085,3.221737321360245,23.833333333333332,143.0,25.0,23.0,138.0,24.0,AFC South,2,0.8333333333333334,5,0.7,0.6558333333333334,6.953333333333333,4.043550173185723,2.3333333333333335,0.5,0.7083333333333333,40.666666666666664,1.0,1.0,0.4826007326007326,0.6973333333333334,7.615000000000001,4.730357142857144,1.8333333333333333,0.6666666666666666,0.9166666666666666,80.33333333333333,1.1666666666666667,0.4826007326007326,0.7782626786397548,2019,0.5135047483817996,0.41273304847426817,DEN vs. IND,IND,1624.6938333141625,10.0,DEN,1424.577755749861,21.0,1,2,-6.0,0,-238.0,209.0,0,0
DEN,9.0,3.0,0.3333333333333333,10.333333333333334,93,10.666666666666666,96,-13.899999999999999,0.23008676582761256,-16.233333333333334,-0.4154436342088625,1.650332383665717,1.9052509219175886,-0.25491853825187155,4.181697665910829,16.555555555555557,149.0,30.0,18.88888888888889,170.0,35.0,AFC West,1,-2.3333333333333335,-21,0.481547619047619,0.648,6.347777777777777,4.357804157131961,0.8888888888888888,0.7777777777777778,0.8240740740740741,61.0,1.1111111111111112,-3.0,0.285033485033485,0.6406666666666667,6.248888888888889,3.712273757095485,0.7777777777777778,0.6666666666666666,0.8854166666666666,61.77777777777778,0.7777777777777778,0.285033485033485,-1.1816976659108294,2019-11-17,2019,0.28022589011072296,0.27620437695963074,MIN,10.0,7.0,0.7,9.7,97,10.2,102,11.709999999999999,0.48555875746715704,-10.169999999999998,0.18733831279547403,2.819462481962482,1.761904761904762,1.0575577200577202,6.5089210812900875,26.2,262.0,46.0,18.2,182.0,35.0,NFC North,1,8.0,80,0.5621693121693121,0.7086,9.279,4.613276148771504,1.8,1.3,0.8125,65.0,1.0,5.0,0.4440503940503941,0.6763,6.198,4.315055704099821,1.8,0.2,0.8125,51.8,1.5,0.4440503940503941,0.4910789187099125,2019,0.4975150827429443,0.32567427662239895,DEN vs. MIN,MIN,1627.5800456558782,6.0,DEN,1455.492622167581,21.0,1,4,-10.0,0,-412.0,341.0,0,0
LAC,11.0,4.0,0.36363636363636365,9.727272727272727,107,9.272727272727273,102,-13.263636363636364,-0.38609492950246005,-4.763636363636363,-0.018401106485876773,2.2228059818968906,2.150413223140496,0.0723927587563951,5.407850240778603,20.363636363636363,224.0,43.0,19.818181818181817,218.0,37.0,AFC West,-2,0.5454545454545454,6,0.35083333333333333,0.6526363636363637,6.814545454545455,3.7416224618018874,1.3636363636363635,0.6363636363636364,0.7772727272727273,56.54545454545455,1.8181818181818181,-9.0,0.43372536554354735,0.7080909090909091,6.86090909090909,4.109316284818471,1.3636363636363635,0.8181818181818182,0.6,64.18181818181819,1.0,0.43372536554354735,-1.407850240778603,2019-12-01,2019,0.35043537777954126,0.28334183697967175,DEN,11.0,3.0,0.2727272727272727,10.272727272727273,113,10.545454545454545,116,-20.754545454545454,0.23390198794687048,-11.363636363636363,-0.43158023393007044,1.5866355866355866,1.9840023612750883,-0.39736677463950193,4.598850239999447,15.909090909090908,175.0,36.0,19.727272727272727,217.0,43.0,AFC West,-2,-3.8181818181818183,-42,0.5252380952380953,0.6074545454545454,5.765454545454546,4.361619379251218,0.8181818181818182,0.7272727272727273,0.8333333333333333,59.45454545454545,1.0909090909090908,-2.0,0.2749906658997568,0.6540909090909092,6.642727272727272,3.696137157374277,1.0909090909090908,0.6363636363636364,0.898148148148148,63.18181818181818,0.9090909090909091,0.2749906658997568,-1.5988502399994466,2019,0.2722778691552855,0.2831108461442193,LAC vs. DEN,DEN,1338.1252342661576,26.0,LAC,1480.7079104761792,10.0,1,3,4.5,1,183.0,-207.0,1,0
DEN,12.0,4.0,0.3333333333333333,10.333333333333334,124,10.583333333333334,127,-20.316666666666666,0.1504337063426023,-10.15,-0.4091318935963175,1.6286583786583788,1.9701839826839826,-0.34152560402560406,5.180910276435809,16.5,198.0,41.0,19.75,237.0,47.0,AFC West,1,-3.25,-39,0.5105470287288468,0.6104166666666667,5.6691666666666665,4.27815109764695,0.9166666666666666,0.6666666666666666,0.8472222222222222,56.583333333333336,1.0833333333333333,-1.0,0.29096366596366596,0.6570833333333334,6.775833333333334,3.7185854977080304,1.1666666666666667,0.5833333333333334,0.875,64.75,1.0,0.29096366596366596,-1.1809102764358093,2019-12-08,2019,0.29810663888852945,0.3028196961991581,HOU,12.0,8.0,0.6666666666666666,9.75,117,9.916666666666666,119,1.025000000000001,0.6134321000362105,-1.4083333333333339,0.43901482271047526,2.5196127946127946,2.297895622895623,0.22171717171717178,6.499378424907969,24.416666666666668,293.0,50.0,22.583333333333332,271.0,49.0,AFC South,2,1.8333333333333333,22,0.5245638200183654,0.6876666666666668,7.89,4.7411494913405585,2.0,0.9166666666666666,0.6666666666666667,62.583333333333336,1.1666666666666667,1.0,0.4549159174159174,0.648,7.6125,4.566732214014823,2.0833333333333335,0.5,0.9015151515151515,58.083333333333336,1.25,0.4549159174159174,1.5006215750920306,2019,0.4807913666343316,0.42894289718453044,DEN vs. HOU,HOU,1688.5061213568326,8.0,DEN,1443.2419985385843,22.0,0,-14,-8.0,0,-389.0,325.0,0,0
DEN,13.0,5.0,0.38461538461538464,10.153846153846153,132,10.615384615384615,138,-16.084615384615386,0.07775541678001638,-12.284615384615384,-0.2266454633500821,1.8687615803000417,1.9864635364635364,-0.1177019561634946,5.929120905693031,18.153846153846153,236.0,46.0,20.076923076923077,261.0,51.0,AFC West,2,-1.9230769230769231,-25,0.5235569985569986,0.6261538461538462,6.133076923076923,4.205472808084364,1.0769230769230769,0.6923076923076923,0.8589743589743589,56.07692307692308,1.0769230769230769,1.0,0.3166587685818455,0.6496153846153846,6.577692307692308,3.9010719279542654,1.1538461538461537,0.6923076923076923,0.8863636363636364,63.15384615384615,1.1538461538461537,0.3166587685818455,-0.929120905693031,2019-12-15,2019,0.3235783440198838,0.31472398763080006,KAN,13.0,9.0,0.6923076923076923,10.0,130,10.153846153846153,132,1.9230769230769253,0.009655786652384637,-14.884615384615387,0.9776069141889366,2.911965811965812,2.200097125097125,0.7118686868686868,8.185293491076736,28.53846153846154,371.0,66.0,21.615384615384617,281.0,51.0,AFC West,3,6.923076923076923,90,0.6608645983645983,0.6415384615384615,8.386153846153846,4.137373177956732,1.9230769230769231,1.0,0.8722222222222222,67.23076923076923,1.0,7.0,0.4616649376264761,0.6256153846153847,6.207692307692308,5.105324305493284,1.4615384615384615,1.0,0.7708333333333334,52.46153846153846,1.5384615384615385,0.4616649376264761,0.8147065089232637,2019,0.5395092482774766,0.3808566619784886,DEN vs. KAN,KAN,1548.6588328051507,6.0,DEN,1462.4150738217395,15.0,1,20,-10.0,1,-426.0,352.0,1,0
DET,14.0,3.0,0.21428571428571427,10.928571428571429,153,10.714285714285714,150,-10.857142857142858,-0.39163063988394964,1.6500000000000006,-0.08408982878623039,2.053974497724498,2.5505772005772007,-0.49660270285270286,5.501208349457848,21.714285714285715,304.0,55.0,26.642857142857142,373.0,63.0,NFC North,-7,-4.928571428571429,-69,0.5610968091737323,0.619,6.952857142857143,3.736086751420398,1.8571428571428572,0.42857142857142855,0.7628205128205128,58.5,1.5714285714285714,-5.0,0.4240460927960928,0.6326428571428571,8.407857142857143,4.043627562518117,2.142857142857143,0.7857142857142857,0.75,58.07142857142857,1.2142857142857142,0.4240460927960928,-2.5012083494578476,2019-12-22,2019,0.29525375386546143,0.31496374951626455,DEN,14.0,5.0,0.35714285714285715,10.0,140,10.428571428571429,146,-18.514285714285712,0.02498354953589515,-10.4,-0.24243631534681534,1.7620643245643244,2.049930426716141,-0.28786610215181646,5.937064531067418,17.071428571428573,239.0,47.0,20.285714285714285,284.0,56.0,AFC West,-1,-3.2142857142857144,-45,0.5365378211532057,0.6135714285714285,5.97,4.152700940840242,1.0,0.6428571428571429,0.869047619047619,57.214285714285715,1.0714285714285714,1.0,0.31955048919334633,0.6599285714285715,6.784285714285715,3.8852810759575322,1.2142857142857142,0.6428571428571429,0.8958333333333334,61.857142857142854,1.1428571428571428,0.31955048919334633,-0.9370645310674179,2019,0.3132438607346078,0.3304913827104817,DET vs. DEN,DEN,1493.9573075418807,21.0,DET,1229.1306725159527,28.0,1,10,-9.5,1,-400.0,333.0,0,0
LVR,15.0,7.0,0.4666666666666667,9.466666666666667,142,9.466666666666667,142,-0.43333333333333335,0.21598055972817762,1.1066666666666662,-0.31536715230198015,2.1585714285714284,2.908316498316498,-0.7497450697450697,6.009411854496446,19.866666666666667,298.0,50.0,26.866666666666667,403.0,64.0,AFC West,1,-7.0,-105,0.5270697556411842,0.7133333333333333,7.714,4.343697951032525,1.4,0.8666666666666667,0.7797619047619048,68.73333333333333,1.0666666666666667,-2.0,0.4436030636030636,0.646,8.437999999999999,3.8123502390023676,2.1333333333333333,1.0,0.7847222222222222,46.8,0.9333333333333333,0.4436030636030636,0.9905881455035539,2019-12-29,2019,0.3753659189085341,0.45042142784611616,DEN,15.0,6.0,0.4,9.933333333333334,149,10.266666666666667,154,-17.28666666666667,0.05116712317684868,-11.433333333333334,-0.1966931489820794,1.8445933695933694,2.054935064935065,-0.21034169534169533,6.686652828798627,17.733333333333334,266.0,52.0,20.066666666666666,301.0,58.0,AFC West,1,-2.3333333333333335,-35,0.5135198135198135,0.6236666666666667,5.999333333333333,4.178884514481196,1.0,0.7333333333333333,0.8777777777777778,56.733333333333334,1.0,1.0,0.32602490102490106,0.6492666666666668,6.651333333333333,3.931024242322268,1.2,0.6,0.9038461538461539,62.266666666666666,1.0666666666666667,0.32602490102490106,-0.6866528287986267,2019,0.3330174733344391,0.33427451771847605,LVR vs. DEN,DEN,1500.0,1.0,LVR,1500.0,1.0,1,1,-5.5,0,-221.0,195.0,1,0
LAC,1.0,1.0,1.0,9.0,9,9.0,9,18.5,1.8246635610766049,18.099999999999994,2.0237977602108037,3.3333333333333335,2.6666666666666665,0.666666666666667,0.6292149033463672,30.0,30.0,5.0,24.0,24.0,4.0,AFC West,1,6.0,6,0.5,0.735,9.56,5.9523809523809526,3.0,1.0,1.0,20.0,2.0,-2.0,0.6363636363636364,0.778,7.89,6.151515151515151,2.0,1.0,0.3333333333333333,10.0,0.0,0.6363636363636364,0.3707850966536328,2019-09-15,2019,0.7615472759186849,0.16479337629050345,DET,1.0,0.0,0.0,16.0,16,15.0,15,7.700000000000003,-0.5027173913043477,-27.299999999999997,0.741847826086957,1.6875,1.8,-0.11250000000000004,0.5,27.0,27.0,5.0,27.0,27.0,6.0,NFC North,0,0.0,0,0.5,0.6,9.36,3.625,3.0,0.0,1.0,59.0,2.0,-1.0,0.3333333333333333,0.537,5.0,4.869565217391305,2.0,0.0,1.0,35.0,1.0,0.3333333333333333,-0.5,2019,0.15625,-0.2,LAC vs. DET,DET,1450.0,16.0,LAC,1550.0,1.0,1,3,1.0,1,-103.0,-107.0,0,0
DET,2.0,1.0,0.5,12.5,25,12.5,25,-0.29999999999999716,-0.6366459627329191,-27.5,1.0470652173913049,1.5659722222222223,1.4,0.1659722222222222,1.1506285713666762,20.0,40.0,7.0,18.5,37.0,8.0,NFC North,2,1.5,3,1.0,0.6665,7.93,3.491071428571429,2.5,0.0,0.5,65.0,2.0,-1.0,0.3666666666666667,0.56,5.859999999999999,5.1747826086956525,1.0,0.5,0.6666666666666666,52.5,1.5,0.3666666666666667,-0.15062857136667618,2019-09-22,2019,0.2589120000086654,0.1358994285813318,PHI,2.0,1.0,0.5,10.5,21,10.5,21,-9.05,-0.9771797568957457,-2.3500000000000014,-1.3743237261459766,2.611111111111111,2.440909090909091,0.17020202020202013,0.9929512416764108,26.0,52.0,9.0,25.5,51.0,9.0,NFC East,-1,0.5,1,0.0,0.6505,6.5200000000000005,3.150537634408602,2.0,1.0,1.0,57.5,1.5,0.0,0.5735294117647058,0.655,7.619999999999999,2.753393665158371,3.0,0.0,0.75,77.0,1.5,0.5735294117647058,0.007048758323589199,2019,0.4300818767836262,0.21579616249791195,DET vs. PHI,PHI,1485.9935000197115,10.0,DET,1514.0064999802885,10.0,0,-3,-4.0,0,-212.0,188.0,0,0
KAN,3.0,3.0,1.0,9.333333333333334,28,9.333333333333334,28,33.46666666666667,-0.3426358062227628,-14.700000000000005,1.937523836765828,3.6370370370370373,2.3333333333333335,1.3037037037037036,2.25113819661345,33.666666666666664,101.0,18.0,21.333333333333332,64.0,12.0,AFC West,3,12.333333333333334,37,1.0,0.7156666666666668,12.013333333333334,3.785081585081585,3.3333333333333335,0.6666666666666666,1.0,66.66666666666667,0.3333333333333333,3.0,0.5423280423280423,0.645,6.533333333333334,6.0652412280701755,1.3333333333333333,1.3333333333333333,1.0,61.0,1.3333333333333333,0.5423280423280423,0.74886180338655,2019-09-29,2019,0.8033275292971179,0.3926945433409357,DET,3.0,2.0,0.6666666666666666,11.666666666666666,35,12.0,36,-5.033333333333331,-0.7765269151138713,-20.633333333333336,0.7332487922705319,1.9439814814814815,1.6606060606060604,0.28337542087542095,1.7199653630196456,22.333333333333332,67.0,11.0,20.333333333333332,61.0,12.0,NFC North,3,2.0,6,0.75,0.632,7.59,3.3511904761904763,2.0,0.3333333333333333,0.5555555555555555,63.666666666666664,1.3333333333333333,1.0,0.38730158730158726,0.5493333333333333,6.553333333333334,4.86096618357488,1.3333333333333333,0.6666666666666666,0.7777777777777777,45.0,1.6666666666666667,0.38730158730158726,0.28003463698035436,2019,0.34362267625508475,0.253337181886706,KAN vs. DET,DET,1559.9838184071837,8.0,KAN,1647.9853938919734,1.0,0,-4,7.5,1,307.0,-364.0,0,0
DET,4.0,2.0,0.5,11.5,46,11.75,47,-0.02499999999999858,-0.28575310559006184,-20.225,0.7480072463768119,2.139804292929293,2.018181818181818,0.12162247474747478,2.1463452504990235,24.25,97.0,17.0,23.75,95.0,17.0,NFC North,-1,0.5,2,0.8333333333333334,0.6285,8.0525,3.841964285714286,2.25,0.25,0.6666666666666666,59.75,1.5,2.0,0.38663003663003664,0.5547500000000001,6.79,4.875724637681159,1.0,1.25,0.75,46.5,2.0,0.38663003663003664,-0.14634525049902347,2019-10-14,2019,0.3560441888125902,0.2580432486250883,GNB,5.0,4.0,0.8,11.4,57,11.4,57,-8.679999999999998,-0.5605659670164916,-24.919999999999998,0.9650645635828703,2.1284848484848484,1.7541269841269842,0.3743578643578645,3.4389557122600087,23.8,119.0,21.0,18.6,93.0,16.0,NFC North,1,5.2,26,0.5208333333333333,0.6244,7.164,3.567151424287856,1.2,1.6,0.9166666666666666,57.4,0.8,7.0,0.3035353535353535,0.5826,5.682,5.092781954887218,1.2,1.2,0.7083333333333334,90.2,2.2,0.3035353535353535,0.5610442877399913,2019,0.4097611580439993,0.25605862668013984,DET vs. GNB,GNB,1600.6387807649332,3.0,DET,1522.3842070539706,10.0,1,1,-3.5,0,-198.0,176.0,1,0
MIN,6.0,4.0,0.6666666666666666,9.833333333333334,59,10.5,63,10.266666666666666,0.8062621654306269,-12.933333333333332,-0.236273541036968,2.687530062530062,1.4611111111111112,1.2264189514189514,3.9467285992602976,25.0,150.0,26.0,15.5,93.0,17.0,NFC North,2,9.5,57,0.6533333333333333,0.7126666666666667,9.166666666666666,4.9339795567349745,1.5,1.5,0.875,76.0,1.5,1.0,0.4004014504014504,0.6786666666666666,5.576666666666667,3.8914438502673794,1.6666666666666667,0.16666666666666666,0.75,56.833333333333336,1.6666666666666667,0.4004014504014504,0.05327140073970238,2019-10-20,2019,0.4445905548565883,0.2272635286046956,DET,5.0,2.0,0.4,11.2,56,11.6,58,-3.9,-0.49414596273291905,-18.3,0.9452761119440283,2.1518434343434345,2.0327272727272727,0.1191161616161617,2.6200319138039396,23.8,119.0,23.0,23.6,118.0,22.0,NFC North,-2,0.2,1,0.825,0.6154,7.959999999999999,3.633571428571429,1.8,0.4,0.7333333333333333,57.8,1.2,5.0,0.35545787545787544,0.5668,6.8260000000000005,5.072993503248376,1.2,1.0,0.8,46.8,2.2,0.35545787545787544,-0.6200319138039396,2019,0.3597830927946764,0.2564113720562528,MIN vs. DET,DET,1483.45929353673,14.0,MIN,1599.5198881089018,6.0,0,-12,2.5,0,124.0,-137.0,1,0
NYG,7.0,2.0,0.2857142857142857,10.857142857142858,76,10.428571428571429,73,-26.942857142857143,0.85341052604648,-1.6714285714285697,-0.012399685274567076,1.7245310245310246,2.6390720390720395,-0.9145410145410146,2.3645148001036795,18.857142857142858,132.0,18.0,26.714285714285715,187.0,31.0,NFC East,-3,-7.857142857142857,-55,0.5555555555555556,0.6161428571428571,4.867142857142857,4.981127917350827,1.1428571428571428,0.8571428571428571,0.6666666666666666,53.42857142857143,2.5714285714285716,-10.0,0.36315351315351313,0.687142857142857,7.744285714285715,4.1153177060297805,1.4285714285714286,1.4285714285714286,0.76,59.57142857142857,1.1428571428571428,0.36315351315351313,-0.36451480010367954,2019-10-27,2019,0.22450889774085295,0.34187874989586287,DET,6.0,2.0,0.3333333333333333,11.0,66,11.166666666666666,67,-1.4833333333333343,-0.4247412008281572,-8.333333333333334,0.8475249424837134,2.293202861952862,2.4717171717171715,-0.17851430976430974,2.930605478775237,24.833333333333332,149.0,28.0,26.666666666666668,160.0,28.0,NFC North,-3,-1.8333333333333333,-11,0.7933333333333333,0.624,8.066666666666666,3.7029761904761904,2.1666666666666665,0.3333333333333333,0.7777777777777777,59.333333333333336,1.1666666666666667,4.0,0.3871239871239871,0.59,7.736666666666667,4.975242333788061,1.6666666666666667,1.1666666666666667,0.6666666666666666,49.0,1.8333333333333333,0.3871239871239871,-0.9306054787752371,2019,0.35844203685427617,0.2834404144136651,NYG vs. DET,DET,1449.567018341063,20.0,NYG,1386.8540390057583,21.0,1,5,-6.5,0,-267.0,232.0,0,0
DET,7.0,3.0,0.42857142857142855,10.714285714285714,75,11.0,77,2.442857142857142,-0.6165949423247559,-4.142857142857143,0.6129665138473237,2.4576659451659455,2.49004329004329,-0.032377344877344845,3.5333373212047787,25.714285714285715,180.0,32.0,26.571428571428573,186.0,32.0,NFC North,1,-0.8571428571428571,-6,0.7087301587301588,0.6464285714285714,8.391428571428571,3.511122448979592,2.2857142857142856,0.2857142857142857,0.738095238095238,61.57142857142857,1.2857142857142858,3.0,0.41345321345321345,0.6032857142857143,7.92,4.740683905151672,2.0,1.0,0.6666666666666666,48.285714285714285,1.7142857142857142,0.41345321345321345,-0.5333373212047787,2019-11-03,2019,0.3941584870884707,0.32455140208060684,LVR,7.0,3.0,0.42857142857142855,9.285714285714286,65,9.285714285714286,65,5.228571428571429,0.721037648468999,11.914285714285715,-0.7340487786543781,2.3643990929705216,2.99978354978355,-0.6353844568130284,2.7783419465000168,21.571428571428573,151.0,24.0,27.428571428571427,192.0,32.0,AFC West,-2,-5.857142857142857,-41,0.7202380952380952,0.7252857142857143,8.124285714285715,4.848755039773346,1.7142857142857142,0.8571428571428571,0.8571428571428571,77.71428571428571,1.1428571428571428,-3.0,0.4836116264687694,0.6894285714285715,9.357142857142858,3.3936686126499693,2.7142857142857144,0.7142857142857143,0.8125,56.714285714285715,0.7142857142857143,0.4836116264687694,0.22165805349998324,2019,0.38092262260219695,0.4375671598065923,DET vs. LVR,LVR,1485.1348540814402,16.0,DET,1490.6386506313072,16.0,1,7,-2.5,1,-143.0,129.0,0,0
DET,10.0,3.0,0.3,10.6,106,10.8,108,0.4199999999999989,-0.4011416463864975,2.7500000000000013,0.3157613423018223,2.3653661616161616,2.604141414141414,-0.23877525252525253,4.501932485544321,24.4,244.0,43.0,27.2,272.0,46.0,NFC North,-3,-2.8,-28,0.6235008818342151,0.6323000000000001,8.242,3.72657574491785,2.2,0.4,0.7962962962962963,63.1,1.2,1.0,0.41991452991452993,0.6194,8.538,4.44347873360617,2.2,1.0,0.6875,53.6,1.3,0.41991452991452993,-1.5019324855443212,2019-11-24,2019,0.34473292747320206,0.31936213487496407,WAS,10.0,1.0,0.1,9.9,99,9.8,98,-22.18,-0.06594349491088614,-0.9899999999999999,0.03152373831778661,1.2747660672660672,2.6298809523809523,-1.355114885114885,1.8012239834433879,12.5,125.0,25.0,25.3,253.0,43.0,NFC East,-4,-12.8,-128,0.609347442680776,0.6495,4.657,4.061773896393461,1.1,0.2,0.6875,56.1,1.5,-2.0,0.25705821955821956,0.7181,7.5200000000000005,4.159241129622134,1.9,0.9,0.825,49.5,1.3,0.25705821955821956,-0.8012239834433879,2019,0.23229232365041952,0.35974221297136155,DET vs. WAS,WAS,1275.483284309115,27.0,DET,1346.1857239212743,20.0,1,3,4.0,1,169.0,-190.0,0,0
DET,12.0,3.0,0.25,10.833333333333334,130,10.666666666666666,128,-5.150000000000001,-0.24243436313206515,-0.9083333333333327,0.19263324418871663,2.225217722092722,2.5362794612794612,-0.3110617391867392,5.29512024880947,23.333333333333332,280.0,51.0,26.25,315.0,54.0,NFC North,-5,-2.9166666666666665,-35,0.560550308277581,0.6256666666666667,7.611666666666667,3.885283028172282,2.0833333333333335,0.3333333333333333,0.8106060606060606,65.08333333333333,1.4166666666666667,-1.0,0.4249287749287749,0.6158333333333333,8.149166666666666,4.320350635493065,2.0833333333333335,0.8333333333333334,0.75,57.333333333333336,1.3333333333333333,0.4249287749287749,-2.2951202488094697,2019-12-08,2019,0.3172749149427673,0.30603092875279203,MIN,12.0,8.0,0.6666666666666666,10.0,120,10.333333333333334,124,11.108333333333334,0.3522614099205836,-11.591666666666667,0.20377429539852232,2.762430856180856,1.9168650793650794,0.8455657768157768,7.481034180124176,26.583333333333332,319.0,54.0,20.166666666666668,242.0,47.0,NFC North,-1,6.416666666666667,77,0.5646399055489965,0.7078333333333333,9.145833333333334,4.479978801224931,1.9166666666666667,1.25,0.8333333333333334,60.75,1.25,3.0,0.4464308839308839,0.6575000000000001,6.27,4.331491686702869,1.75,0.4166666666666667,0.825,48.583333333333336,1.5,0.4464308839308839,0.5189658198758238,2019,0.4694612182453434,0.3638383021062928,DET vs. MIN,MIN,1599.5198881089018,6.0,DET,1483.45929353673,14.0,1,13,-12.0,1,-587.0,463.0,1,0
TAM,13.0,6.0,0.46153846153846156,11.846153846153847,154,11.923076923076923,155,-14.73076923076923,-0.4398225221001806,-4.5,-0.7385786941335492,2.5033650110573187,2.5564668112179425,-0.05310180016062374,6.445869459046074,29.076923076923077,378.0,64.0,29.307692307692307,381.0,65.0,NFC South,3,-0.23076923076923078,-3,0.4836099086099086,0.6127692307692307,6.80076923076923,3.687894869204167,2.0,1.0769230769230769,0.9333333333333333,69.15384615384616,2.4615384615384617,-10.0,0.40627140581891713,0.6300769230769231,7.222307692307693,3.3891386971707984,2.230769230769231,0.6153846153846154,0.885897435897436,67.15384615384616,1.6923076923076923,0.40627140581891713,-0.4458694590460741,2019-12-15,2019,0.4013308464640616,0.3727138884178686,DET,13.0,3.0,0.23076923076923078,10.846153846153847,141,10.692307692307692,139,-8.107692307692307,-0.29654704362084217,-0.04615384615384572,0.09698497045256377,2.1029981770366386,2.481041181041181,-0.37804300400454244,5.37181841221221,22.076923076923077,287.0,52.0,25.76923076923077,335.0,58.0,NFC North,-6,-3.6923076923076925,-48,0.5693933381433381,0.6236923076923078,7.201538461538462,3.8311703476835057,2.0,0.3076923076923077,0.7430555555555555,62.23076923076923,1.4615384615384615,-3.0,0.42589579224194607,0.63,8.173846153846153,4.224702361756911,2.0,0.8461538461538461,0.7727272727272727,57.15384615384615,1.2307692307692308,0.42589579224194607,-2.3718184122122103,2019,0.3015086975258947,0.3090395861049761,TAM vs. DET,DET,1244.4419275084736,27.0,TAM,1541.5678906664757,15.0,0,-21,5.5,0,210.0,-239.0,0,0
GNB,15.0,12.0,0.8,10.2,153,10.4,156,-4.673333333333331,0.16034359226388226,-16.246666666666666,0.3465774981297484,2.4044301994301995,1.9874556924556925,0.41697450697450705,9.453156710969752,23.533333333333335,353.0,61.0,19.533333333333335,293.0,57.0,NFC North,4,4.0,60,0.534441748727463,0.6346,7.3966666666666665,4.28806098356823,1.6,1.2,0.9696969696969696,45.13333333333333,0.8,12.0,0.3594039294039294,0.6132666666666666,6.58,4.474294889434096,1.2,0.9333333333333333,0.8666666666666666,61.2,1.6,0.3594039294039294,2.5468432890302477,2019-12-29,2019,0.46638668437073866,0.40306413139945474,DET,15.0,3.0,0.2,10.733333333333333,161,10.6,159,-11.860000000000003,-0.3359411852167381,1.5333333333333343,-0.050634696590468486,2.0587095312095314,2.5805387205387205,-0.5218291893291893,5.75162005172664,21.4,321.0,57.0,26.666666666666668,400.0,68.0,NFC North,-8,-5.266666666666667,-79,0.5465286697429554,0.6110666666666666,6.808666666666666,3.7917762060876097,1.8,0.4,0.7797619047619048,59.13333333333333,1.4666666666666666,-5.0,0.4200187775187775,0.6414666666666666,8.274666666666667,4.077082694713879,2.066666666666667,0.8666666666666667,0.7692307692307693,57.53333333333333,1.1333333333333333,0.4200187775187775,-2.75162005172664,2019,0.28909219753688675,0.3207085268270811,GNB vs. DET,DET,1522.3842070539706,10.0,GNB,1600.6387807649332,3.0,0,-3,13.5,1,508.0,-656.0,1,0
MIN,1.0,1.0,1.0,9.0,9,9.0,9,40.400000000000006,0.3985983981693364,-17.099999999999994,0.1664002557544757,3.111111111111111,1.3333333333333333,1.777777777777778,0.8816444815090427,28.0,28.0,4.0,12.0,12.0,2.0,NFC North,1,16.0,16,0.5,0.8,11.7,4.526315789473684,1.0,3.0,,100.0,0.0,3.0,0.5,0.7170000000000001,4.83,4.294117647058823,2.0,0.0,,78.0,3.0,0.5,0.11835551849095727,2019-09-15,2019,0.4970468971070921,0.026301226331323837,GNB,1.0,1.0,1.0,11.0,11,12.0,12,-13.799999999999997,-1.9913537549407119,-39.8,-1.0610507246376808,0.9090909090909091,0.25,0.6590909090909091,0.9454949684072335,10.0,10.0,2.0,3.0,3.0,1.0,NFC North,1,7.0,7,0.5,0.6,6.2,2.136363636363636,1.0,0.0,1.0,71.0,0.0,1.0,0.16666666666666666,0.578,3.62,3.066666666666667,0.0,0.0,1.0,107.0,1.0,0.16666666666666666,0.05450503159276654,2019,0.19172818756232118,0.004542085966063878,MIN vs. GNB,GNB,1550.0,1.0,MIN,1550.0,1.0,1,5,-3.0,1,-165.0,148.0,1,0
PHI,3.0,1.0,0.3333333333333333,10.666666666666666,32,10.333333333333334,31,-8.333333333333336,-0.6162478572541685,-6.400000000000001,-1.2683120907225762,2.468013468013468,2.5272727272727273,-0.05925925925925942,1.4236144500234413,25.333333333333332,76.0,13.0,26.0,78.0,13.0,NFC East,-2,-0.6666666666666666,-2,0.25,0.6096666666666667,6.993333333333333,3.5114695340501796,2.0,1.0,1.0,48.333333333333336,1.6666666666666667,-2.0,0.5618401206636501,0.6243333333333333,7.383333333333333,2.8594053005817712,2.3333333333333335,0.3333333333333333,0.7222222222222222,71.66666666666667,1.0,0.5618401206636501,-0.42361445002344134,2019-09-26,2019,0.3488855432259923,0.22035496935156193,GNB,3.0,3.0,1.0,11.666666666666666,35,12.0,36,-6.199999999999998,-0.845108695652174,-39.833333333333336,0.6459668192219681,1.7030303030303031,0.9976190476190476,0.7054112554112555,2.3768421814040095,19.333333333333332,58.0,10.0,11.666666666666666,35.0,7.0,NFC North,3,7.666666666666667,23,0.5,0.611,7.260000000000001,3.282608695652174,1.3333333333333333,1.0,0.8333333333333333,53.0,0.6666666666666666,6.0,0.2407407407407407,0.5686666666666665,4.133333333333334,4.773684210526316,0.3333333333333333,1.0,0.8333333333333334,78.0,2.6666666666666665,0.2407407407407407,0.6231578185959905,2019,0.3450626493900943,0.17001948824233273,PHI vs. GNB,GNB,1624.0253073352042,1.0,PHI,1440.0161815928163,16.0,0,-7,-3.5,0,-190.0,169.0,0,0
LVR,5.0,3.0,0.6,9.2,46,9.4,47,-3.5999999999999988,0.8518440122044245,2.419999999999999,-0.7108204640291731,2.2968253968253967,2.6663636363636365,-0.36953823953823955,2.1379049366845004,20.6,103.0,16.0,24.6,123.0,21.0,AFC West,2,-4.0,-20,0.7291666666666666,0.7405999999999999,6.854000000000001,4.9795614035087725,1.2,1.2,0.8,69.4,1.2,-1.0,0.46645021645021645,0.6656000000000001,8.108,3.4168969272751744,2.2,0.8,0.75,65.4,1.0,0.46645021645021645,0.8620950633154996,2019-10-20,2019,0.4077979174480348,0.43448509076436376,GNB,6.0,5.0,0.8333333333333334,11.333333333333334,68,11.166666666666666,67,-8.999999999999998,-0.1780797101449275,-24.0,0.5829342377683339,2.1222222222222222,1.8284391534391535,0.29378306878306887,3.9652690489550926,23.666666666666668,142.0,26.0,19.166666666666668,115.0,22.0,NFC North,2,4.5,27,0.5166666666666666,0.6228333333333333,7.131666666666667,3.94963768115942,1.3333333333333333,1.3333333333333333,0.9333333333333332,55.833333333333336,1.1666666666666667,4.0,0.30850168350168344,0.5793333333333333,6.0,4.710651629072681,1.0,1.1666666666666667,0.7666666666666666,83.5,1.8333333333333333,0.30850168350168344,1.0347309510449074,2019,0.4482916782528617,0.3302589077686268,LVR vs. GNB,GNB,1639.563694282174,3.0,LVR,1576.3024433434357,8.0,1,18,-5.5,1,-241.0,211.0,0,0
GNB,7.0,6.0,0.8571428571428571,11.0,77,10.857142857142858,76,0.614285714285718,-0.36964285714285705,-16.342857142857145,0.6242697193293794,2.4857142857142853,1.948185941043084,0.5375283446712019,4.755495247486607,26.285714285714285,184.0,32.0,19.857142857142858,139.0,26.0,NFC North,3,6.428571428571429,45,0.5305555555555556,0.649,8.514285714285714,3.7580745341614907,1.8571428571428572,1.2857142857142858,0.9333333333333332,50.714285714285715,1.0,6.0,0.35014430014430015,0.6071428571428571,6.728571428571429,4.751987110633727,1.2857142857142858,1.0,0.8055555555555555,85.42857142857143,1.8571428571428572,0.35014430014430015,1.244504752513393,2019-10-27,2019,0.48946966990803076,0.35405474354388766,KAN,7.0,5.0,0.7142857142857143,9.714285714285714,68,10.0,70,10.100000000000003,-0.32374337590176083,-17.214285714285715,0.9542666956552116,2.977200577200577,2.2054834054834056,0.7717171717171717,4.445202056840616,28.857142857142858,202.0,35.0,21.428571428571427,150.0,29.0,AFC West,1,7.428571428571429,52,0.6833333333333332,0.6417142857142857,9.554285714285713,3.803974015402587,2.2857142857142856,0.7142857142857143,0.861111111111111,71.57142857142857,1.0,4.0,0.46258503401360546,0.6437142857142858,5.948571428571428,5.081984086959559,1.1428571428571428,1.2857142857142858,0.7857142857142857,54.857142857142854,1.5714285714285714,0.46258503401360546,0.5547979431593841,2019,0.5554998487617194,0.3879370211257595,GNB vs. KAN,KAN,1586.4961508770298,6.0,GNB,1680.558961441137,3.0,0,-7,5.0,0,202.0,-230.0,0,0
GNB,8.0,7.0,0.875,10.625,85,10.625,85,3.387500000000003,-0.2720944816053511,-13.675,0.5802713305001636,2.659375,2.0379960317460317,0.6213789682539683,5.402651419053303,26.875,215.0,37.0,20.375,163.0,30.0,NFC North,4,6.5,52,0.5568027210884353,0.655,8.647499999999999,3.8556229096989965,2.0,1.25,0.9444444444444443,47.5,0.875,7.0,0.38329933954933953,0.614625,6.89125,4.707988721804512,1.375,1.0,0.7619047619047619,78.5,1.75,0.38329933954933953,1.5973485809466972,2019-11-03,2019,0.5222086727868056,0.3792947903358837,LAC,8.0,3.0,0.375,9.5,76,9.25,74,-6.750000000000001,-0.726188260712717,-0.4875000000000007,-0.05490870218015259,2.200297619047619,2.151104797979798,0.049192821067821024,3.763992294067893,19.625,157.0,29.0,19.625,157.0,27.0,AFC West,1,0.0,0,0.21904761904761902,0.667875,7.3625,3.4015291305916304,1.5,0.5,0.75,55.875,1.625,-3.0,0.4603875291375291,0.732625,7.37375,4.072808689124195,1.5,0.75,0.49166666666666664,57.75,1.25,0.4603875291375291,-0.7639922940678932,2019,0.3451385254474196,0.28441251361514674,GNB vs. LAC,LAC,1387.171881007786,20.0,GNB,1717.343552128175,3.0,1,15,4.0,1,184.0,-208.0,0,0
GNB,10.0,8.0,0.8,10.1,101,10.1,101,-0.6699999999999975,-0.030424450750537613,-12.110000000000001,0.5788337692056229,2.565,2.155396825396825,0.40960317460317464,6.241165368340746,25.0,250.0,43.0,20.5,205.0,39.0,NFC North,1,4.5,45,0.5441798941798941,0.6483,8.148,4.09729294055381,1.7,1.3,0.9583333333333333,48.9,0.7,9.0,0.37108391608391605,0.6317999999999999,7.119,4.70655116050997,1.2,1.1,0.7925925925925925,71.9,1.6,0.37108391608391605,1.758834631659254,2019-11-24,2019,0.500623652634998,0.4154401491432781,SFO,10.0,9.0,0.9,10.9,109,11.3,113,-4.160000000000001,-0.06705290067583144,-30.65,0.612239151457418,2.704635642135642,1.354026529026529,1.3506091131091131,7.859313059112204,29.5,295.0,48.0,15.5,155.0,26.0,NFC West,1,14.0,140,0.37623456790123455,0.6919000000000001,7.183,4.0606644906285165,1.8,1.3,0.7592592592592592,59.0,1.7,5.0,0.4777311005987476,0.6016,3.908,4.739956542761766,1.0,0.5,0.8333333333333334,66.4,2.2,0.4777311005987476,1.1406869408877958,2019,0.49059905794735253,0.23332554023281651,GNB vs. SFO,SFO,1696.7852144607857,1.0,GNB,1676.4441799101896,2.0,1,29,-3.0,1,-175.0,156.0,0,0
GNB,11.0,8.0,0.7272727272727273,10.090909090909092,111,10.181818181818182,112,-2.8454545454545426,-0.02303549729439045,-7.281818181818182,0.6137753992419065,2.4045454545454543,2.2652367834186014,0.13930867112685305,6.267006699563057,23.454545454545453,258.0,44.0,22.0,242.0,46.0,NFC North,-1,1.4545454545454546,16,0.5797619047619047,0.645909090909091,7.655454545454545,4.104681894009957,1.6363636363636365,1.1818181818181819,0.9583333333333333,49.0,0.7272727272727273,8.0,0.343409620682348,0.638,7.685454545454545,4.741492790546254,1.2727272727272727,1.1818181818181819,0.8133333333333332,72.45454545454545,1.4545454545454546,0.343409620682348,1.7329933004369433,2019-12-01,2019,0.45884660542115113,0.43808254206176894,NYG,11.0,2.0,0.18181818181818182,11.090909090909092,122,10.545454545454545,116,-17.827272727272728,0.35320085116751154,-1.79090909090909,-0.3076040339666921,1.7774245956064136,2.723257045984319,-0.9458324503779049,3.6085264364294827,19.727272727272727,217.0,33.0,28.0,308.0,50.0,NFC East,-7,-8.272727272727273,-91,0.47630952380952374,0.6239090909090909,5.448181818181818,4.480918242471859,1.7272727272727273,0.5454545454545454,0.625,53.27272727272727,2.272727272727273,-11.0,0.3605168821077912,0.6784545454545454,7.739090909090908,3.8201133573376556,1.6363636363636365,1.1818181818181819,0.7462962962962963,62.72727272727273,1.2727272727272727,0.3605168821077912,-1.6085264364294827,2019,0.2309378745140291,0.32881949700511426,GNB vs. NYG,NYG,1231.0464269328247,25.0,GNB,1629.3681500667494,6.0,0,-18,6.5,0,223.0,-256.0,0,0
WAS,12.0,3.0,0.25,10.166666666666666,122,10.416666666666666,125,-26.09166666666667,0.244594189023537,-7.125,0.06487938338076422,1.4076333388833389,2.419131562881563,-1.011498223998224,3.0840931417825983,14.416666666666666,173.0,35.0,24.166666666666668,290.0,50.0,NFC East,2,-9.75,-117,0.5671520398793125,0.6206666666666667,4.535833333333334,4.372311580327884,0.9166666666666666,0.4166666666666667,0.725,57.416666666666664,1.4166666666666667,2.0,0.2607519795019795,0.6978333333333334,6.830000000000001,4.192596774685112,1.8333333333333333,0.8333333333333334,0.8181818181818182,50.25,1.5833333333333333,0.2607519795019795,-0.0840931417825983,2019-12-08,2019,0.2848748224300608,0.3638635619405801,GNB,12.0,9.0,0.75,9.916666666666666,119,10.0,120,-0.4916666666666636,-0.11188719359009203,-10.891666666666667,0.5118608765729286,2.527083333333333,2.211883718133718,0.3151996151996153,7.15392273228441,24.083333333333332,289.0,49.0,21.25,255.0,49.0,NFC North,1,2.8333333333333335,34,0.5435852026761118,0.6450833333333333,7.833333333333333,4.015830197714256,1.8333333333333333,1.0833333333333333,0.9629629629629629,49.416666666666664,0.6666666666666666,11.0,0.3596639471639471,0.6299166666666666,7.326666666666667,4.639578267877276,1.25,1.0833333333333333,0.8303030303030302,69.0,1.5833333333333333,0.3596639471639471,1.8460772677155903,2019,0.4751104944804369,0.43712346258198886,WAS vs. GNB,GNB,1638.5392178021027,6.0,WAS,1402.1781035117515,26.0,1,5,-13.0,0,-752.0,568.0,0,0
GNB,14.0,11.0,0.7857142857142857,10.0,140,10.214285714285714,143,-2.6214285714285688,0.05591937680447012,-14.092857142857143,0.4117057045178982,2.4498015873015873,2.0744717584003296,0.37532982890125755,8.575117182919717,23.571428571428573,330.0,56.0,20.214285714285715,283.0,55.0,NFC North,3,3.357142857142857,47,0.5206075975306744,0.6335,7.6499999999999995,4.183636768108817,1.7142857142857142,1.1428571428571428,0.9666666666666666,46.92857142857143,0.6428571428571429,14.0,0.35956543456543455,0.6213571428571428,6.922857142857143,4.5394230958222455,1.2142857142857142,1.0,0.8564102564102564,63.42857142857143,1.6428571428571428,0.35956543456543455,2.4248828170802827,2019-12-23,2019,0.4692823662022938,0.423760516952755,MIN,14.0,10.0,0.7142857142857143,10.071428571428571,141,10.428571428571429,146,10.014285714285714,0.19652342257600625,-15.292857142857144,0.0453452027663283,2.7762394351680064,1.753416821273964,1.0228226138940426,9.366119238003247,27.0,378.0,65.0,18.5,259.0,50.0,NFC North,2,8.5,119,0.5265887958195651,0.7181428571428572,8.964285714285714,4.324240813880354,1.7857142857142858,1.2857142857142858,0.8636363636363636,58.92857142857143,1.1428571428571428,11.0,0.4438795331652475,0.6577142857142857,5.845,4.173062594070676,1.6428571428571428,0.35714285714285715,0.7708333333333334,47.07142857142857,1.9285714285714286,0.4438795331652475,0.6338807619967533,2019,0.48186537463515144,0.3335098033756544,GNB vs. MIN,MIN,1550.0,1.0,GNB,1550.0,1.0,0,-13,-4.0,0,-202.0,179.0,1,0
SEA,1.0,12.0,12.0,10.764705882352942,183,10.588235294117647,180,3.9411764705882337,0.36114721808827177,-15.411764705882353,0.5941206412396424,2.3353181132592895,2.327568020215079,0.007750093044210743,9.019893030662134,24.823529411764707,422.0,72.0,23.941176470588236,407.0,69.0,NFC West,1,0.8823529411764706,15,0.47429211413586414,0.6617058823529413,8.42,4.488864609392619,1.8823529411764706,0.9411764705882353,0.8035714285714286,58.588235294117645,1.1764705882352942,12.0,0.39081840881148844,0.6401176470588235,6.59235294117647,4.721838032543991,1.1176470588235294,1.2941176470588236,0.7555555555555556,49.588235294117645,1.8823529411764706,0.39081840881148844,2.980106969337866,2020-01-12,2019,1.5659437256411277,1.1423743382461822,GNB,16.0,13.0,0.8125,10.3125,165,10.5,168,-6.181249999999998,0.1423397807908679,-18.106250000000003,0.49443406754011743,2.3739449786324784,1.9674063783438784,0.40653860028860034,10.035216747406116,23.5,376.0,66.0,19.5625,313.0,61.0,NFC North,5,3.9375,63,0.5121456321456321,0.625625,7.283125,4.270057172095216,1.625,1.125,0.9513888888888888,48.375,0.8125,12.0,0.3619411838161838,0.602,6.395625,4.622151458844465,1.1875,0.9375,0.8755555555555555,60.5,1.5625,0.3619411838161838,2.964783252593884,2019,0.4741195813148471,0.4076829532768701,SEA vs. GNB,GNB,1737.2064923566315,2.0,SEA,1613.593143589891,2.0,1,5,-4.5,1,-224.0,197.0,0,1
GNB,1.0,14.0,14.0,10.176470588235293,173,10.352941176470589,176,-5.088235294117645,0.10488543733428657,-16.75294117647059,0.49215064839240386,2.4401835093011566,2.0207942384412974,0.41938927085985916,10.649701506129603,23.764705882352942,404.0,70.0,19.764705882352942,336.0,65.0,NFC North,6,4.0,68,1.2301365301365301,0.6237058823529411,7.4541176470588235,4.232602828638634,1.6470588235294117,1.1764705882352942,0.9513888888888888,47.294117647058826,0.7647058823529411,12.0,0.37846565199506377,0.6064117647058823,6.56,4.619868039696751,1.1764705882352942,1.0,0.8520833333333333,59.705882352941174,1.4705882352941178,0.37846565199506377,3.3502984938703975,2020-01-19,2019,1.7602363848030511,1.2373261483044082,SFO,1.0,14.0,14.0,10.705882352941176,182,10.882352941176471,185,-0.7235294117647074,0.4226762338110012,-21.00588235294118,0.24141851137023107,2.7842712842712842,1.7508842464724819,1.0333870377988024,12.197148273972338,29.764705882352942,506.0,86.0,18.823529411764707,320.0,53.0,NFC West,3,10.941176470588236,186,1.1531300296925298,0.6894117647058824,7.881176470588235,4.5503936251153485,1.7058823529411764,1.4705882352941178,0.8333333333333333,57.470588235294116,1.4705882352941178,4.0,0.44670456897965544,0.6194705882352941,4.784705882352942,4.369135902674579,1.411764705882353,0.6470588235294118,0.8571428571428571,57.1764705882353,1.7058823529411764,0.44670456897965544,1.8028517260276615,2019,1.3244244419691147,0.5164926566457625,GNB vs. SFO,SFO,1696.7852144607857,1.0,GNB,1676.4441799101896,2.0,1,29,-3.0,1,-175.0,156.0,0,0
JAX,1.0,0.0,0.0,9.0,9,9.0,9,28.19999999999999,0.9347826086956523,39.099999999999994,0.21843645484949814,2.888888888888889,4.444444444444445,-1.5555555555555558,0.26484132033944996,26.0,26.0,5.0,40.0,40.0,8.0,AFC South,-1,-14.0,-14,0.5,0.818,10.97,5.0625,3.0,0.0,1.0,71.0,2.0,-2.0,0.5,0.735,12.88,4.346153846153846,3.0,1.0,1.0,55.0,0.0,0.5,-0.26484132033944996,2019-09-15,2019,0.4084214887003056,-0.23541450696839994,HOU,1.0,0.0,0.0,9.0,9,10.0,10,9.599999999999994,3.6983695652173916,5.0,2.9199016563147007,3.111111111111111,3.0,0.11111111111111116,0.45921255941274186,28.0,28.0,4.0,30.0,30.0,6.0,AFC South,-1,-2.0,-2,0.5,0.667,8.3,7.826086956521739,3.0,1.0,,69.0,1.0,0.0,0.5384615384615384,0.7440000000000001,8.3,7.047619047619048,2.0,1.0,0.75,48.0,1.0,0.5384615384615384,-0.45921255941274186,2019,0.24034997359433694,-0.2755275356476451,JAX vs. HOU,HOU,1450.0,16.0,JAX,1450.0,16.0,1,1,-7.5,0,-336.0,286.0,1,0
HOU,2.0,1.0,0.5,9.5,19,10.0,20,-11.350000000000001,1.885326086956522,-1.1499999999999986,1.848473084886129,2.2055555555555557,2.1,0.10555555555555562,1.006496150898863,20.5,41.0,7.0,21.0,42.0,9.0,AFC South,1,-0.5,-1,0.0,0.6095,6.51,6.01304347826087,1.5,1.0,1.0,58.0,0.5,1.0,0.46923076923076923,0.7205000000000001,7.15,5.976190476190476,1.5,0.5,0.875,59.0,1.0,0.46923076923076923,-0.006496150898863018,2019-09-22,2019,0.36722439325547257,0.22353836604775582,LAC,2.0,1.0,0.5,9.5,19,9.0,18,-4.600000000000001,1.5884730848861288,4.899999999999999,0.6266116130246566,2.166666666666667,2.0555555555555554,0.11111111111111127,0.9785863319796911,20.0,40.0,7.0,18.5,37.0,6.0,AFC West,-1,1.5,3,0.0,0.659,8.14,5.7161904761904765,1.5,1.0,0.6666666666666666,45.0,2.0,-2.0,0.548951048951049,0.7555000000000001,7.195,4.754329004329004,2.0,0.5,0.16666666666666666,40.5,1.0,0.548951048951049,0.021413668020308863,2019,0.3723656756879516,0.1702356113367181,HOU vs. LAC,LAC,1485.9935000197115,10.0,HOU,1500.0,10.0,0,-7,-3.0,0,-168.0,151.0,0,0
HOU,5.0,3.0,0.6,9.8,49,10.4,52,5.340000000000001,0.9008605403884044,-3.1599999999999993,0.3152984817115255,2.6822222222222223,2.1127272727272723,0.5694949494949495,2.692092293976378,26.2,131.0,21.0,22.0,110.0,22.0,AFC South,1,4.2,21,0.2708333333333333,0.6839999999999999,8.616,5.028577931692752,2.2,1.0,0.625,70.2,1.0,2.0,0.5342657342657342,0.7034,6.942,4.443015873015873,1.6,0.6,0.95,57.0,1.4,0.5342657342657342,0.30790770602362194,2019-10-13,2019,0.4549635176591676,0.364515267432768,KAN,5.0,4.0,0.8,9.6,48,9.6,48,13.960000000000003,-0.35838272596968235,-13.600000000000003,1.3742844883949006,3.089292929292929,2.3676767676767674,0.7216161616161616,3.113934094896842,29.6,148.0,26.0,22.6,113.0,23.0,AFC West,-1,7.0,35,0.7916666666666666,0.6564,10.288,3.7693346653346653,2.2,1.0,0.9166666666666666,75.2,1.0,2.0,0.4809523809523809,0.6348,6.540000000000001,5.5020018796992485,1.4,1.0,1.0,56.2,1.4,0.4809523809523809,0.8860659051031581,2019,0.6376571397195088,0.468247982572386,HOU vs. KAN,KAN,1610.9567917412774,3.0,HOU,1523.7132093327734,8.0,0,-7,-3.5,0,-186.0,166.0,0,0
HOU,6.0,4.0,0.6666666666666666,9.833333333333334,59,10.166666666666666,61,0.7000000000000005,0.8432520233176612,-3.5499999999999994,0.37782613923918307,2.751851851851852,2.205050505050505,0.5468013468013468,3.339248465543074,27.0,162.0,26.0,22.333333333333332,134.0,26.0,AFC South,2,4.666666666666667,28,0.37666666666666665,0.6890000000000001,8.013333333333334,4.970969414622009,2.0,1.3333333333333333,0.6,70.16666666666667,1.3333333333333333,1.0,0.5146658896658897,0.6766666666666667,7.075,4.505543530543531,1.8333333333333333,0.5,0.875,60.666666666666664,1.5,0.5146658896658897,0.6607515344569261,2019-10-20,2019,0.4892077398188702,0.4021298904259018,IND,5.0,3.0,0.6,9.0,45,9.0,45,-6.039999999999999,0.2476197395954431,4.320000000000002,0.7153778467908907,2.6719191919191916,2.6846464646464647,-0.012727272727272832,2.5693121440784057,22.6,113.0,21.0,23.0,115.0,19.0,AFC South,1,-0.4,-2,0.7083333333333333,0.657,6.337999999999999,4.375337130899791,2.0,0.6,0.7083333333333333,39.8,1.0,0.0,0.4791208791208791,0.7016,7.838000000000001,4.843095238095239,2.0,0.6,0.9,85.6,1.0,0.4791208791208791,0.4306878559215943,2019,0.5068641998860155,0.37414697450004575,HOU vs. IND,IND,1572.7924198734336,8.0,HOU,1586.0111682689,6.0,1,7,-1.5,1,-120.0,109.0,1,0
LVR,6.0,3.0,0.5,9.166666666666666,55,9.333333333333334,56,1.9333333333333336,0.8552504449529624,11.733333333333334,-0.8455206765460499,2.3584656084656084,2.999747474747475,-0.6412818662818663,2.3476787381529864,21.166666666666668,127.0,20.0,27.5,165.0,27.0,AFC West,-1,-6.333333333333333,-38,0.75,0.7461666666666668,7.561666666666667,4.98296783625731,1.5,1.0,0.8333333333333334,74.0,1.3333333333333333,-3.0,0.49476911976911975,0.6890000000000001,9.558333333333332,3.2821967147582978,2.6666666666666665,0.8333333333333334,0.75,57.833333333333336,0.8333333333333334,0.49476911976911975,0.6523212618470136,2019-10-27,2019,0.4031709855664857,0.45420438711270644,HOU,7.0,4.0,0.5714285714285714,10.0,70,10.142857142857142,71,-2.3428571428571416,0.7283516307526122,0.24285714285714327,0.07483640410659076,2.6574314574314575,2.3186147186147186,0.33881673881673885,3.686823288261234,26.428571428571427,185.0,31.0,23.428571428571427,164.0,30.0,AFC South,-1,3.0,21,0.4138888888888889,0.6871428571428572,7.797142857142857,4.85606902205696,1.8571428571428572,1.2857142857142858,0.6666666666666666,67.85714285714286,1.4285714285714286,0.0,0.4887612387612387,0.6728571428571428,7.497142857142857,4.202553795410938,2.142857142857143,0.42857142857142855,0.875,58.42857142857143,1.4285714285714286,0.4887612387612387,0.31317671173876604,2019,0.46267036339571777,0.3810770650948953,LVR vs. HOU,HOU,1534.1097548281712,11.0,LVR,1535.3071761844726,14.0,1,3,-5.0,0,-236.0,207.0,0,0
HOU,8.0,5.0,0.625,9.875,79,10.125,81,-0.42499999999999893,0.6291555029954923,3.3375000000000004,0.05495196228891913,2.7002525252525253,2.3287878787878786,0.3714646464646465,4.256160079914204,26.5,212.0,36.0,23.5,188.0,34.0,AFC South,1,3.0,24,0.4261904761904762,0.68775,7.84125,4.75687289429984,2.0,1.125,0.7142857142857143,65.625,1.25,0.0,0.4812375124875125,0.6637500000000001,7.9975000000000005,4.182669353593267,2.25,0.375,0.8928571428571429,63.625,1.25,0.4812375124875125,0.7438399200857964,2019-11-03,2019,0.4980668308909631,0.40631258839956336,JAX,8.0,4.0,0.5,10.875,87,10.75,86,-3.05,0.5662148183869066,-16.4,0.3457105696236132,1.9571338383838384,1.938966588966589,0.01816724941724933,4.269089859784286,21.625,173.0,36.0,20.375,163.0,28.0,AFC South,2,1.25,10,0.28095238095238095,0.6185,7.85625,4.693932209691254,1.75,0.125,1.0,71.75,1.0,1.0,0.3332678351060704,0.6085,6.3075,4.473427960927961,1.375,0.875,0.8333333333333334,61.125,1.125,0.3332678351060704,-0.2690898597842857,2019,0.39987466242495073,0.27393238942738374,HOU vs. JAX,JAX,1450.0,16.0,HOU,1450.0,16.0,0,-23,-1.0,0,-113.0,103.0,1,0
IND,10.0,6.0,0.6,10.1,101,9.8,98,-11.069999999999999,0.29659587908836166,-8.66,0.06552131443435827,2.3723232323232324,2.2218181818181817,0.15050505050505045,5.495242887282377,22.7,227.0,41.0,20.6,206.0,38.0,AFC South,1,2.1,21,0.5315255731922398,0.6299,6.206,4.42431327039271,1.9,0.7,0.7604166666666666,48.1,1.5,-3.0,0.43105228105228105,0.689,6.4670000000000005,4.193238705738706,1.4,0.6,0.85,75.1,1.2,0.43105228105228105,0.5047571127176234,2019-11-21,2019,0.42643073427863626,0.36855180641149965,HOU,10.0,6.0,0.6,9.9,99,10.0,100,-3.0599999999999996,0.9230750417825831,2.3599999999999994,0.4036433167954911,2.4902020202020205,2.3485858585858588,0.1416161616161617,5.265137329142444,24.5,245.0,42.0,23.2,232.0,42.0,AFC South,-1,1.3,13,0.47345679012345676,0.6888,7.325999999999999,5.050792433086931,1.8,1.1,0.6296296296296297,64.5,1.3,1.0,0.4413536463536463,0.6625,7.973999999999999,4.531360708099839,2.2,0.4,0.8796296296296297,60.8,1.4,0.4413536463536463,0.7348626708575559,2019,0.4554184163394115,0.4088642321760173,IND vs. HOU,HOU,1586.0111682689,6.0,IND,1572.7924198734336,8.0,1,3,-3.5,0,-183.0,164.0,1,0
NWE,11.0,10.0,0.9090909090909091,11.818181818181818,130,11.636363636363637,128,-11.436363636363637,-0.725896404443795,-49.00909090909091,0.24924411725361317,2.3569400296673026,0.9876234876234876,1.3693165420438147,9.003075015312575,27.272727272727273,300.0,48.0,10.636363636363637,117.0,18.0,AFC East,2,16.636363636363637,183,0.3803174603174603,0.6222727272727272,6.749090909090909,3.4018209868605527,1.4545454545454546,1.1818181818181819,0.7727272727272727,57.18181818181818,0.9090909090909091,19.0,0.37995501972774703,0.5487272727272727,2.5118181818181817,4.376961508557961,0.36363636363636365,0.45454545454545453,0.875,54.45454545454545,2.6363636363636362,0.37995501972774703,0.9969249846874249,2019-12-01,2019,0.40269398549999746,0.1405856887246972,HOU,11.0,7.0,0.6363636363636364,9.818181818181818,108,9.909090909090908,109,-2.381818181818181,0.8389120933201348,-0.07272727272727376,0.39962684216636823,2.465840220385675,2.306795224977043,0.15904499540863187,5.860256732528419,24.09090909090909,265.0,46.0,22.636363636363637,249.0,45.0,AFC South,1,1.4545454545454546,16,0.48611111111111105,0.6837272727272727,7.544545454545454,4.966629484624483,1.8181818181818181,1.0,0.6666666666666667,61.09090909090909,1.2727272727272727,0.0,0.4466851330487694,0.6604545454545454,7.6890909090909085,4.527344233470716,2.0,0.5454545454545454,0.8916666666666666,57.90909090909091,1.2727272727272727,0.4466851330487694,1.139743267471581,2019,0.47005739924553264,0.4180887798467232,NWE vs. HOU,HOU,1624.4492205022268,8.0,NWE,1724.8293814350716,1.0,1,6,3.5,1,154.0,-172.0,0,0
HOU,13.0,8.0,0.6153846153846154,9.846153846153847,128,9.76923076923077,127,-1.9692307692307682,0.7172597615414822,1.369230769230768,0.34413798573497595,2.4936285936285936,2.4865190365190366,0.007109557109557168,6.7511677956507485,24.384615384615383,317.0,54.0,23.76923076923077,309.0,54.0,AFC South,-1,0.6153846153846154,8,0.5086279461279462,0.6778461538461538,7.606153846153846,4.844977152845829,1.9230769230769231,1.0,0.696969696969697,61.15384615384615,1.3076923076923077,-1.0,0.4554253438868824,0.6608461538461537,7.926923076923076,4.471855377039324,2.1538461538461537,0.5384615384615384,0.9097222222222222,57.46153846153846,1.2307692307692308,0.4554253438868824,1.2488322043492515,2019-12-15,2019,0.4624020066315262,0.4333355172833796,TEN,13.0,8.0,0.6153846153846154,10.923076923076923,142,11.0,143,6.630769230769232,0.5448491374712231,-11.76153846153846,-0.19823159387737374,2.3381701631701635,1.8093240093240093,0.528846153846154,7.008622736785404,24.46153846153846,318.0,46.0,19.615384615384617,255.0,48.0,AFC South,4,4.846153846153846,63,0.38612914862914866,0.6787692307692308,8.725384615384614,4.672566528775571,1.6923076923076923,1.2307692307692308,0.6111111111111112,62.23076923076923,1.1538461538461537,5.0,0.3655889359509269,0.6413846153846154,6.543846153846155,3.9294857974269743,1.5384615384615385,0.6923076923076923,0.7833333333333333,68.6923076923077,1.5384615384615385,0.3655889359509269,0.9913772632145958,2019,0.3486475374365501,0.3354416937247448,HOU vs. TEN,TEN,1627.929145523143,10.0,HOU,1608.1003044391125,10.0,0,-3,-3.0,0,-165.0,148.0,1,0
HOU,14.0,9.0,0.6428571428571429,9.857142857142858,138,9.714285714285714,136,-2.4928571428571416,0.656904250623923,0.46428571428571325,0.4405360710484936,2.486940836940837,2.4755772005772,0.0113636363636364,7.329631373502922,24.357142857142858,341.0,58.0,23.571428571428573,330.0,57.0,AFC South,1,0.7857142857142857,11,0.5168399976092284,0.6797142857142857,7.549285714285714,4.78462164192827,1.9285714285714286,1.0,0.7222222222222222,58.714285714285715,1.3571428571428572,-2.0,0.4586092478949622,0.6561428571428571,7.8707142857142856,4.568253462352842,2.142857142857143,0.5714285714285714,0.8397435897435896,55.5,1.2142857142857142,0.4586092478949622,1.670368626497078,2019-12-21,2019,0.4704354970687528,0.4391864557302172,TAM,14.0,7.0,0.5,11.785714285714286,165,11.928571428571429,167,-11.985714285714286,-0.5825539290137787,-7.507142857142857,-0.8020886010743205,2.571306471306471,2.4750525151785654,0.09625395612790567,7.316479521800436,29.714285714285715,416.0,69.0,28.428571428571427,398.0,68.0,NFC South,4,1.2857142857142858,18,0.4641606256990872,0.6166428571428572,7.132857142857143,3.5451634622905686,2.142857142857143,1.0,0.9023809523809524,69.21428571428571,2.357142857142857,-8.0,0.4129663054032802,0.6249285714285715,6.972142857142857,3.325628790230027,2.0714285714285716,0.7142857142857143,0.8940476190476191,63.07142857142857,1.7857142857142858,0.4129663054032802,-0.3164795218004359,2019,0.40872853376440255,0.36889623289887524,HOU vs. TAM,TAM,1556.8791456589963,14.0,HOU,1660.9508098287515,10.0,0,-3,3.0,0,135.0,-150.0,0,0
TEN,15.0,8.0,0.5333333333333333,10.933333333333334,164,11.0,165,6.986666666666668,0.6919867871143338,-9.873333333333333,-0.15984419295459343,2.32555944055944,1.9391919191919191,0.38636752136752145,7.756725909704816,24.466666666666665,367.0,53.0,21.133333333333333,317.0,58.0,AFC South,-2,3.3333333333333335,50,0.43104633461776315,0.6699333333333333,8.798666666666666,4.819704178418681,1.8,1.2,0.55,59.666666666666664,1.1333333333333333,5.0,0.3691514367984956,0.6494666666666667,6.684,3.9678731983497544,1.6666666666666667,0.8,0.8227272727272728,66.0,1.4666666666666666,0.3691514367984956,0.2432740902951842,2019-12-29,2019,0.32841200275839216,0.33378177666146286,HOU,15.0,10.0,0.6666666666666666,10.0,150,9.933333333333334,149,-5.0266666666666655,0.512288448854346,-3.146666666666668,0.4724937767329075,2.448922558922559,2.413102823102823,0.035819735819735854,7.911691409939285,24.266666666666666,364.0,62.0,23.333333333333332,350.0,61.0,AFC South,2,0.9333333333333333,14,0.5156371406371406,0.6739999999999999,7.287999999999999,4.640005840158693,1.8,1.0,0.7435897435897435,57.13333333333333,1.4,1.0,0.4470829170829171,0.6471333333333333,7.580666666666667,4.600211168037256,2.066666666666667,0.6,0.8273809523809524,54.8,1.4666666666666666,0.4470829170829171,2.0883085900607146,2019,0.47087783670389527,0.43909925010903966,TEN vs. HOU,HOU,1608.1003044391125,10.0,TEN,1627.929145523143,10.0,0,-21,10.0,0,308.0,-366.0,1,0
HOU,1.0,11.0,11.0,10.058823529411764,171,9.941176470588236,169,-5.741176470588235,0.4742128954666922,-2.3176470588235296,0.6380797931629136,2.3608140225787286,2.4595708213355274,-0.09875679875679873,8.600019677284694,23.529411764705884,400.0,68.0,23.764705882352942,404.0,71.0,AFC South,1,-0.23529411764705882,-4,0.5235783313908314,0.6760588235294118,7.232941176470588,4.60193028677104,1.6470588235294117,1.0588235294117647,0.7619047619047619,53.64705882352941,1.3529411764705883,0.0,0.43634013045777753,0.6408823529411765,7.75764705882353,4.765797184467261,2.0,0.7058823529411765,0.8388888888888889,54.294117647058826,1.3529411764705883,0.43634013045777753,2.3999803227153063,2020-01-12,2019,1.3520389587405897,1.0082757568803948,KAN,16.0,12.0,0.75,9.5,152,9.8125,157,1.9625000000000012,0.13256398295191418,-18.94375,0.7939570917574308,3.0545882936507938,1.9690521284271285,1.0855361652236653,10.887056780516204,28.1875,451.0,80.0,19.25,308.0,56.0,AFC West,6,8.9375,143,0.6098882598882599,0.6544375,8.31625,4.2602813742562615,1.875,1.0,0.8977777777777778,64.3125,0.9375,8.0,0.48703458000333,0.611625,5.81125,4.9216744830617785,1.3125,0.875,0.8035714285714286,52.75,1.4375,0.48703458000333,1.112943219483796,2019,0.5629257637988091,0.35920574056174065,HOU vs. KAN,KAN,1610.9567917412774,3.0,HOU,1523.7132093327734,8.0,0,-7,-3.5,0,-186.0,166.0,0,0
IND,1.0,0.0,0.0,9.0,9,9.0,9,18.099999999999994,2.0237977602108037,18.5,1.8246635610766049,2.6666666666666665,3.3333333333333335,-0.666666666666667,0.3707850966536328,24.0,24.0,4.0,30.0,30.0,5.0,AFC South,-1,-6.0,-6,0.5,0.778,7.89,6.151515151515151,2.0,1.0,0.3333333333333333,10.0,0.0,2.0,0.5384615384615384,0.735,9.56,5.9523809523809526,3.0,1.0,1.0,20.0,2.0,0.5384615384615384,-0.3707850966536328,2019-09-15,2019,0.279651068153941,-0.20599172036312935,TEN,1.0,1.0,1.0,12.0,12,12.0,12,27.799999999999997,0.26513975155279557,-40.5,0.972282608695652,3.5833333333333335,1.0833333333333333,2.5,0.9445441015759958,43.0,43.0,6.0,13.0,13.0,2.0,AFC South,1,30.0,30,0.5,0.583,11.5,4.392857142857143,3.0,1.0,1.0,54.0,0.0,3.0,0.2,0.6579999999999999,3.39,5.1,1.0,1.0,,182.0,3.0,0.2,0.055455898424004224,2019,0.5277279492120022,0.009242649737334036,IND vs. TEN,TEN,1550.0,1.0,IND,1450.0,16.0,0,-2,-3.0,0,-178.0,160.0,1,0
LVR,3.0,1.0,0.3333333333333333,8.666666666666666,26,8.666666666666666,26,-6.633333333333333,0.7687738367658282,15.1,-0.43033163442202343,1.9947089947089947,3.016666666666667,-1.021957671957672,0.9122851872656313,16.0,48.0,8.0,26.0,78.0,14.0,AFC West,-2,-10.0,-30,0.75,0.7483333333333334,6.573333333333333,4.896491228070176,1.3333333333333333,0.6666666666666666,0.6666666666666666,66.0,1.0,-2.0,0.4718614718614718,0.6910000000000002,9.883333333333333,3.697385756882324,2.0,1.0,0.875,72.33333333333333,0.3333333333333333,0.4718614718614718,0.08771481273436865,2019-09-29,2019,0.3166886987419866,0.37471804331129693,IND,3.0,2.0,0.6666666666666666,8.333333333333334,25,8.666666666666666,26,8.833333333333334,0.6572647833837094,9.266666666666666,1.1286318150448589,3.022222222222222,2.95959595959596,0.06262626262626252,1.505644101407871,23.333333333333332,70.0,12.0,23.666666666666668,71.0,12.0,AFC South,2,-0.3333333333333333,-1,0.75,0.714,7.313333333333333,4.784982174688057,2.3333333333333335,0.6666666666666666,0.6666666666666666,38.0,0.6666666666666666,1.0,0.5544871794871794,0.7556666666666666,7.966666666666668,5.256349206349206,2.3333333333333335,0.6666666666666666,0.8333333333333334,74.33333333333333,1.0,0.5544871794871794,0.49435589859212903,2019,0.5590969437747406,0.38374706132186603,LVR vs. IND,IND,1564.0064999802885,8.0,LVR,1450.0,16.0,0,-7,-5.5,0,-242.0,212.0,0,0
IND,4.0,2.0,0.5,9.0,36,9.0,36,2.1750000000000007,0.3414540223203908,8.3,1.2832945134575573,2.812121212121212,2.9946969696969696,-0.18257575757575772,1.8584879298411754,23.5,94.0,16.0,25.5,102.0,16.0,AFC South,-1,-2.0,-8,0.611111111111111,0.666,7.0075,4.469171413624738,2.5,0.5,0.611111111111111,37.25,1.0,0.0,0.5096153846153846,0.736,7.822500000000001,5.411011904761905,2.25,0.75,0.875,75.75,1.0,0.5096153846153846,0.1415120701588246,2019-10-06,2019,0.460168007795425,0.34905689668431383,KAN,4.0,4.0,1.0,9.75,39,9.75,39,20.35,-0.05890620249315903,-7.275000000000004,1.7497849583197127,3.5005050505050503,2.4318181818181817,1.0686868686868687,2.8247583091340727,33.75,135.0,23.0,23.5,94.0,18.0,AFC West,4,10.25,41,0.8888888888888888,0.6795,10.885,4.068811188811189,2.5,1.25,0.8888888888888888,62.75,1.0,2.0,0.5178571428571428,0.63825,7.26,5.87750234962406,1.75,1.0,1.0,57.75,1.5,0.5178571428571428,1.1752416908659273,2019,0.7630164031404894,0.4817586566383763,IND vs. KAN,KAN,1685.5850052451865,1.0,IND,1498.1642063695244,10.0,0,-6,-10.5,0,-504.0,407.0,0,0
IND,7.0,5.0,0.7142857142857143,9.428571428571429,66,9.428571428571429,66,-3.328571428571427,-0.07656378663824404,-3.3142857142857127,0.5034050576752443,2.531890331890332,2.402020202020202,0.12987012987012977,3.805721111283222,22.571428571428573,158.0,29.0,21.571428571428573,151.0,27.0,AFC South,3,1.0,7,0.6309523809523809,0.6478571428571429,7.051428571428572,4.051153604666104,2.0,0.5714285714285714,0.7166666666666666,49.57142857142857,1.0,0.0,0.46127681841967555,0.687,7.268571428571429,4.631122448979592,1.5714285714285714,0.7142857142857143,0.9285714285714286,81.42857142857143,1.0,0.46127681841967555,1.1942788887167781,2019-11-03,2019,0.5143594973436939,0.4204448701198118,PIT,7.0,3.0,0.42857142857142855,10.285714285714286,72,10.714285714285714,75,-14.200000000000001,-0.31338890017458615,-16.442857142857143,-0.5669652534586136,2.1115551115551114,1.916017316017316,0.1955377955377957,3.795155981485845,21.428571428571427,150.0,28.0,20.714285714285715,145.0,27.0,AFC North,2,0.7142857142857143,5,0.48333333333333334,0.6478571428571429,6.091428571428572,3.8143284911297615,1.4285714285714286,0.7142857142857143,0.9523809523809524,57.42857142857143,1.2857142857142858,10.0,0.35947385947385946,0.6685714285714285,5.602857142857142,3.5607521378457343,1.7142857142857142,0.5714285714285714,0.75,70.0,2.7142857142857144,0.35947385947385946,-0.7951559814858449,2019,0.34471355658411973,0.26767769238072797,IND vs. PIT,PIT,1472.9281630285052,16.0,IND,1648.70694607908,7.0,1,2,-1.0,1,-117.0,107.0,0,0
MIA,8.0,1.0,0.125,10.375,83,9.625,77,-31.4875,-1.0746472158657512,9.625,0.5586555509487429,1.3325126262626261,3.4075892857142858,-2.0750766594516596,1.731253866458886,12.875,103.0,18.0,32.0,256.0,42.0,AFC East,1,-19.125,-153,0.5156462585034014,0.587125,4.45375,3.0530701754385965,1.125,0.375,0.7,46.25,2.125,-13.0,0.34513507326007326,0.67275,9.66,4.68637294225309,2.375,1.0,0.7395833333333334,74.625,0.5,0.34513507326007326,-0.7312538664588859,2019-11-10,2019,0.1970443228971989,0.42741450910507595,IND,8.0,5.0,0.625,9.75,78,9.375,75,-2.562499999999999,0.016179943812975772,-4.974999999999998,0.3745147515527954,2.4654040404040405,2.462878787878788,0.0025252525252524582,4.2584375197971,22.75,182.0,33.0,22.125,177.0,32.0,AFC South,-1,0.625,5,0.6020408163265306,0.6515,6.9925,4.143897335117323,2.125,0.5,0.6805555555555555,54.5,1.25,-1.0,0.44528388278388276,0.694,6.92375,4.502232142857143,1.5,0.625,0.9375,80.0,1.125,0.44528388278388276,0.7415624802028997,2019,0.46229416962611486,0.412883332277488,MIA vs. IND,IND,1575.3684679536157,10.0,MIA,1314.705561711183,26.0,0,-4,-11.0,0,-481.0,390.0,0,0
JAX,9.0,4.0,0.4444444444444444,10.777777777777779,97,10.666666666666666,96,-7.466666666666665,0.5928149432360265,-12.433333333333334,0.5545453713505718,1.7730078563411895,2.0124147457480794,-0.2394068894068895,4.275042336245579,19.555555555555557,176.0,37.0,21.0,189.0,33.0,AFC South,-1,-1.4444444444444444,-13,0.32395833333333335,0.6135555555555556,7.437777777777778,4.7205323345403745,1.5555555555555556,0.1111111111111111,1.0,67.55555555555556,1.3333333333333333,-2.0,0.3366421160538808,0.6282222222222222,6.535555555555556,4.682262762654919,1.4444444444444444,0.8888888888888888,0.8095238095238095,61.0,1.1111111111111112,0.3366421160538808,-0.27504233624557894,2019-11-17,2019,0.36978629273644165,0.2950504663239536,IND,9.0,5.0,0.5555555555555556,10.0,90,9.666666666666666,87,-9.233333333333333,-0.026628572349485433,-8.577777777777776,0.17341203482507866,2.302581369248036,2.337373737373737,-0.03479236812570151,4.59429574703388,21.555555555555557,194.0,36.0,21.444444444444443,193.0,36.0,AFC South,-2,0.1111111111111111,1,0.5424107142857143,0.6304444444444445,6.432222222222222,4.101088818954862,2.0,0.4444444444444444,0.7261904761904762,51.22222222222222,1.4444444444444444,-2.0,0.4385429385429385,0.6875555555555555,6.537777777777778,4.301129426129426,1.3333333333333333,0.6666666666666666,0.9444444444444444,74.44444444444444,1.2222222222222223,0.4385429385429385,0.4057042529661201,2019,0.41803130013182754,0.38646916105591356,JAX vs. IND,IND,1493.6036192800807,9.0,JAX,1460.495356581088,16.0,1,20,-2.5,1,-134.0,121.0,1,0
TEN,11.0,6.0,0.5454545454545454,11.090909090909092,122,11.0,121,2.0818181818181825,0.4703536578546601,-12.854545454545452,-0.16180993373913607,2.0828512396694214,1.818595041322314,0.26425619834710745,5.364773985222892,22.272727272727273,245.0,37.0,19.727272727272727,217.0,42.0,AFC South,2,2.5454545454545454,28,0.3588095238095238,0.6611818181818182,8.209090909090909,4.5980710491590076,1.5454545454545454,1.1818181818181819,0.6428571428571429,68.63636363636364,1.0909090909090908,4.0,0.33097891413399433,0.6343636363636364,6.3936363636363645,3.9659074575652116,1.5454545454545454,0.6363636363636364,0.85,75.72727272727273,1.4545454545454546,0.33097891413399433,0.6352260147771078,2019-12-01,2019,0.320792371495345,0.33559691406509284,IND,11.0,6.0,0.5454545454545454,10.0,110,9.727272727272727,107,-12.281818181818181,0.3023109897053415,-7.472727272727272,0.05931779573083955,2.328374655647383,2.2218549127640035,0.10651974288337919,5.900123483896401,22.181818181818183,244.0,44.0,20.545454545454547,226.0,42.0,AFC South,-1,1.6363636363636365,18,0.5383730158730159,0.6308181818181818,6.081818181818182,4.430028381009689,1.7272727272727273,0.8181818181818182,0.787037037037037,46.36363636363637,1.3636363636363635,-2.0,0.44641116459298275,0.6839090909090909,6.763636363636365,4.187035187035187,1.4545454545454546,0.5454545454545454,0.8636363636363636,70.72727272727273,1.1818181818181819,0.44641116459298275,0.09987651610359904,2019,0.40363187331285816,0.3604034100903578,TEN vs. IND,IND,1450.0,16.0,TEN,1550.0,1.0,0,-14,1.0,0,-101.0,-109.0,1,0
IND,12.0,6.0,0.5,10.166666666666666,122,9.833333333333334,118,-13.433333333333332,0.21786418017675624,-4.941666666666665,0.13817597458901842,2.25239898989899,2.2715488215488215,-0.019149831649831712,6.094184713089286,21.75,261.0,47.0,21.416666666666668,257.0,46.0,AFC South,-2,0.3333333333333333,4,0.5390167912895185,0.6303333333333333,6.073333333333333,4.345581571481104,1.6666666666666667,0.8333333333333334,0.7333333333333333,45.833333333333336,1.5,-3.0,0.44393245643245643,0.6913333333333332,6.874166666666667,4.265893365893366,1.5,0.5833333333333334,0.875,67.58333333333333,1.25,0.44393245643245643,-0.09418471308928567,2019-12-08,2019,0.38222221207978385,0.35428495988551756,TAM,12.0,5.0,0.4166666666666667,11.833333333333334,142,11.916666666666666,143,-16.208333333333332,-0.3557122353807857,-4.266666666666667,-0.7061504693693159,2.4480898730898732,2.5264501565972153,-0.07836028350734238,5.8972970513474205,28.333333333333332,340.0,58.0,28.833333333333332,346.0,60.0,NFC South,2,-0.5,-6,0.4821199003017185,0.6043333333333333,6.666666666666667,3.772005155923562,1.8333333333333333,1.0833333333333333,0.9277777777777777,66.25,2.3333333333333335,-7.0,0.3956829118593825,0.6385833333333334,7.1691666666666665,3.4215669219350318,2.25,0.5833333333333334,0.9041666666666667,69.83333333333333,1.75,0.3956829118593825,-0.8972970513474205,2019,0.3779089031818366,0.3532413618409993,IND vs. TAM,TAM,1497.985270984466,18.0,IND,1453.1454370517415,14.0,1,3,-3.0,0,-166.0,149.0,0,0
IND,13.0,6.0,0.46153846153846156,10.307692307692308,134,10.0,130,-12.961538461538462,0.11435790544744055,-4.330769230769229,0.016074287102715523,2.3034965034965036,2.3404040404040405,-0.03690753690753697,6.545612305390632,22.76923076923077,296.0,52.0,22.692307692307693,295.0,52.0,AFC South,-3,0.07692307692307693,1,0.5288209475709476,0.6224615384615385,6.21076923076923,4.242075296751788,1.6923076923076923,0.8461538461538461,0.7272727272727273,45.0,1.4615384615384615,0.0,0.4386299597838059,0.693076923076923,6.992307692307692,4.143791678407063,1.6923076923076923,0.6153846153846154,0.8846153846153846,70.38461538461539,1.4615384615384615,0.4386299597838059,-0.5456123053906321,2019-12-16,2019,0.3717727670032647,0.3524426982956729,NOR,13.0,10.0,0.7692307692307693,9.923076923076923,129,10.692307692307692,139,2.576923076923076,0.445984586261827,-11.207692307692309,0.07053659719450706,2.657303807303807,2.1221534875381027,0.5351503197657044,7.642033472884389,26.46153846153846,344.0,63.0,22.76923076923077,296.0,54.0,NFC South,-1,3.6923076923076925,48,0.582747113997114,0.7077692307692308,7.507692307692308,4.5737019775661745,2.0,0.6153846153846154,0.8958333333333334,66.92307692307692,0.6153846153846154,11.0,0.41971618125464283,0.6253076923076922,6.604615384615385,4.198253988498855,1.8461538461538463,0.6923076923076923,0.9393939393939394,42.61538461538461,1.4615384615384615,0.41971618125464283,2.357966527115611,2019,0.5769540198021965,0.42907038874612236,IND vs. NOR,NOR,1650.202731991923,3.0,IND,1409.562817369732,15.0,1,27,-8.0,1,-376.0,315.0,0,0
IND,15.0,7.0,0.4666666666666667,10.0,150,9.866666666666667,148,-16.07333333333333,0.18330668940994724,-4.186666666666665,-0.02387715746411366,2.3713636363636366,2.351683501683502,0.019680134680134652,7.556250692157702,22.733333333333334,341.0,57.0,22.333333333333332,335.0,60.0,AFC South,1,0.4,6,0.5337303569446427,0.6093333333333334,5.956666666666666,4.3110240807142945,1.4666666666666666,1.0,0.75,42.266666666666666,1.2666666666666666,3.0,0.42105505605505605,0.7066,7.014666666666667,4.103840233840234,1.7333333333333334,0.5333333333333333,0.9,67.53333333333333,1.4666666666666666,0.42105505605505605,-0.5562506921577022,2019-12-29,2019,0.36590831579867156,0.3633445758876297,JAX,15.0,5.0,0.3333333333333333,10.666666666666666,160,10.4,156,-12.346666666666666,0.2083128174145723,-4.779999999999999,0.8054265158813052,1.617037037037037,2.4605128205128204,-0.8434757834757834,5.4383918637246165,17.466666666666665,262.0,54.0,25.133333333333333,377.0,63.0,AFC South,-1,-7.666666666666667,-115,0.36877665984808844,0.6089333333333333,6.6433333333333335,4.33603020871892,1.4,0.2,0.9333333333333333,75.86666666666666,1.2666666666666666,-2.0,0.32426040190746075,0.6479333333333333,7.718,4.933143907185653,1.4666666666666666,1.4,0.8263888888888888,56.46666666666667,1.1333333333333333,0.32426040190746075,-0.43839186372461647,2019,0.3276361830661962,0.365120219053568,IND vs. JAX,JAX,1460.495356581088,16.0,IND,1493.6036192800807,9.0,1,18,5.0,1,204.0,-232.0,1,0
TEN,2.0,1.0,0.5,11.5,23,11.0,22,8.0,0.6520445134575574,-24.5,0.8781649616368288,2.5643939393939394,1.4916666666666667,1.0727272727272728,1.3790218884747274,30.0,60.0,9.0,16.0,32.0,5.0,AFC South,-1,14.0,28,0.0,0.631,8.23,4.779761904761905,2.0,1.0,0.75,64.5,0.0,5.0,0.15000000000000002,0.6325,4.125,5.0058823529411764,2.0,0.5,,123.5,2.5,0.15000000000000002,-0.3790218884747274,2019-09-19,2019,0.3171478913853794,0.07056569449150825,JAX,2.0,0.0,0.0,9.5,19,9.5,19,10.449999999999996,0.8559135610766049,3.3999999999999986,0.14535953177257532,2.0444444444444443,2.8722222222222222,-0.827777777777778,0.7175577288533288,19.0,38.0,8.0,26.5,53.0,11.0,AFC South,-2,-7.5,-15,0.0,0.7575000000000001,8.485,4.9836309523809526,2.0,0.0,1.0,70.5,1.5,-3.0,0.3653846153846154,0.6435,8.8,4.273076923076923,1.5,1.0,1.0,51.0,0.0,0.3653846153846154,-0.7175577288533288,2019,0.26998784655719393,0.08175960480561535,TEN vs. JAX,JAX,1400.0,23.0,TEN,1485.9935000197115,10.0,1,13,1.5,1,113.0,-125.0,1,0
NOR,5.0,4.0,0.8,9.8,49,10.2,51,-3.460000000000001,0.20627112135176687,-1.7000000000000028,0.3394813519813522,2.3266666666666667,2.2922222222222226,0.03444444444444437,2.479924959937761,23.0,115.0,21.0,23.2,116.0,19.0,NFC South,3,-0.2,-1,0.875,0.7128,6.886,4.333988512656115,1.6,0.4,0.9375,65.0,1.0,1.0,0.43573759573759574,0.6418,7.958,4.4671987432857,1.6,1.4,1.0,56.2,1.2,0.43573759573759574,1.5200750400622391,2019-10-13,2019,0.5588635748624776,0.41129970886738254,JAX,5.0,2.0,0.4,10.8,54,10.6,53,4.640000000000001,1.122814785912889,-7.679999999999998,1.2426244890375326,2.0647474747474748,2.279191919191919,-0.21444444444444458,2.5548568813309878,22.2,111.0,23.0,23.6,118.0,20.0,AFC South,-1,-1.4,-7,0.25,0.6698000000000001,8.2,5.250532177217236,2.0,0.2,1.0,71.8,1.2,-4.0,0.33196803196803193,0.5978,7.601999999999999,5.37034188034188,1.4,1.2,0.75,64.2,0.4,0.33196803196803193,-0.5548568813309878,2019,0.3786603397384714,0.2600108014089821,NOR vs. JAX,JAX,1452.2083762515672,18.0,NOR,1654.6427061952218,3.0,0,-7,-2.5,0,-139.0,126.0,0,0
NYJ,6.0,1.0,0.16666666666666666,11.5,69,11.833333333333334,71,-40.4,-0.912815553376194,-16.516666666666662,-0.8212187560903642,0.9981962481962482,2.193603618603619,-1.1954073704073707,1.1845417387129964,10.5,63.0,7.0,26.0,156.0,26.0,AFC East,-1,-15.5,-93,0.62,0.6016666666666667,2.73,3.2149018379281533,0.5,0.3333333333333333,0.5,73.33333333333333,2.1666666666666665,-4.0,0.1917876241405653,0.639,6.358333333333333,3.3064986352139836,1.0,1.6666666666666667,0.9583333333333334,74.33333333333333,1.5,0.1917876241405653,-0.1845417387129964,2019-10-27,2019,0.0983290044178962,0.293901208435357,JAX,7.0,3.0,0.42857142857142855,10.714285714285714,75,10.714285714285714,75,-6.271428571428571,0.7703900080066656,-13.914285714285715,0.5153839517969954,1.8914862914862915,2.021156621156621,-0.12967032967032976,3.442390652780831,20.571428571428573,144.0,30.0,21.142857142857142,148.0,26.0,AFC South,1,-0.5714285714285714,-4,0.3,0.6144285714285714,7.558571428571429,4.898107399311014,1.5714285714285714,0.14285714285714285,1.0,72.0,1.0,-1.0,0.3136506350792065,0.5954285714285714,6.865714285714286,4.643101343101343,1.2857142857142858,1.0,0.8333333333333334,58.0,0.8571428571428571,0.3136506350792065,-0.4423906527808308,2019,0.37472053412680967,0.27523398671942556,NYJ vs. JAX,JAX,1456.620619346811,16.0,NYJ,1398.8231541689936,24.0,1,14,-7.0,1,-295.0,254.0,0,0
JAX,10.0,4.0,0.4,10.8,108,10.7,107,-7.659999999999999,0.4429839320042113,-13.95,0.819652428418413,1.713888888888889,2.1111732711732714,-0.39728438228438234,4.374095195997083,18.9,189.0,39.0,22.2,222.0,38.0,AFC South,-2,-3.3,-33,0.34969135802469137,0.6224000000000001,7.276999999999999,4.570701323308559,1.6,0.1,0.9,68.9,1.3,-1.0,0.3458350473056355,0.6279,6.2989999999999995,4.947369819722761,1.4,1.1,0.8333333333333334,56.9,1.2,0.3458350473056355,-0.3740951959970831,2019-11-24,2019,0.34760211792232754,0.3063405444412251,TEN,10.0,5.0,0.5,11.1,111,10.9,109,-3.2900000000000005,0.26652439913419723,-12.09,-0.1985525213159482,1.909318181818182,1.8337878787878785,0.07553030303030306,4.511765891882739,20.3,203.0,31.0,19.7,197.0,38.0,AFC South,1,0.6,6,0.35423280423280423,0.6495,7.4079999999999995,4.394241790438545,1.5,0.9,0.6428571428571429,70.1,1.0,5.0,0.3140768055473938,0.6311,6.508000000000001,3.929164869988399,1.7,0.5,0.8285714285714285,72.9,1.5,0.3140768055473938,0.4882341081172612,2019,0.2929146462627343,0.3307824734939963,JAX vs. TEN,TEN,1485.9935000197115,10.0,JAX,1400.0,23.0,1,22,-4.5,1,-225.0,198.0,1,0
TAM,11.0,4.0,0.36363636363636365,12.0,132,11.909090909090908,131,-16.363636363636363,-0.22981147340532992,-0.6727272727272733,-0.6571310165730831,2.4160980433707704,2.6727941102272657,-0.2566960668564947,4.995769580903398,28.363636363636363,312.0,54.0,30.454545454545453,335.0,58.0,NFC South,1,-2.090909090909091,-23,0.493968253968254,0.6014545454545455,6.609090909090909,3.8979059178990174,2.0,1.0,0.9212121212121211,68.27272727272727,2.4545454545454546,-10.0,0.3942209305845669,0.6456363636363637,7.548181818181818,3.4705863747312646,2.3636363636363638,0.6363636363636364,0.8954545454545454,65.18181818181819,1.5454545454545454,0.3942209305845669,-0.9957695809033984,2019-12-01,2019,0.372058156082105,0.36241871221901656,JAX,11.0,4.0,0.36363636363636365,10.909090909090908,120,10.727272727272727,118,-8.827272727272726,0.42140502382464534,-7.6090909090909085,0.9731973208403109,1.7095959595959593,2.2663558663558665,-0.5567599067599068,4.52108710265693,19.0,209.0,43.0,24.0,264.0,44.0,AFC South,-3,-5.0,-55,0.3647222222222222,0.6264545454545455,7.092727272727273,4.549122415128993,1.4545454545454546,0.2727272727272727,0.9090909090909091,72.0909090909091,1.2727272727272727,0.0,0.34974903290411313,0.6415454545454545,7.20090909090909,5.100914712144658,1.4545454545454546,1.3636363636363635,0.8333333333333334,56.63636363636363,1.2727272727272727,0.34974903290411313,-0.5210871026569297,2019,0.3413585262013273,0.3213190812658668,TAM vs. JAX,JAX,1379.5685183787232,19.0,TAM,1459.2563150609672,19.0,0,-17,3.0,0,140.0,-155.0,0,0
LAC,12.0,4.0,0.3333333333333333,9.833333333333334,118,9.416666666666666,113,-11.891666666666666,-0.3674370312043414,-5.658333333333332,-0.08084413022074936,2.1890873015873016,2.1454545454545455,0.04363275613275611,5.8257902043422405,20.333333333333332,244.0,47.0,20.083333333333332,241.0,42.0,AFC West,-3,0.25,3,0.343732782369146,0.6557499999999999,6.933333333333334,3.7602803601000065,1.4166666666666667,0.5833333333333334,0.7680555555555556,58.666666666666664,1.8333333333333333,-10.0,0.4253593628593628,0.7026666666666667,6.673333333333333,4.046873261083598,1.4166666666666667,0.75,0.6333333333333333,60.916666666666664,1.0,0.4253593628593628,-1.8257902043422405,2019-12-08,2019,0.33770329124005277,0.2841569405734704,JAX,12.0,4.0,0.3333333333333333,11.0,132,10.666666666666666,128,-11.741666666666667,0.28250756766193513,-8.183333333333332,0.7470458260110519,1.6435185185185184,2.3108262108262108,-0.6673076923076923,4.619559632212907,18.333333333333332,220.0,45.0,24.333333333333332,292.0,48.0,AFC South,-4,-6.0,-72,0.36462350780532593,0.621,6.751666666666666,4.410224958966283,1.4166666666666667,0.25,0.9166666666666666,76.16666666666667,1.5,-3.0,0.3444128039716275,0.6410833333333333,7.209166666666666,4.874763217315399,1.3333333333333333,1.4166666666666667,0.8518518518518519,55.583333333333336,1.25,0.3444128039716275,-0.6195596322129067,2019,0.3233079649939515,0.32438876149334667,LAC vs. JAX,JAX,1340.8395624552245,22.0,LAC,1347.260482856639,22.0,0,-35,3.5,0,160.0,-179.0,0,0
JAX,13.0,4.0,0.3076923076923077,10.846153846153847,141,10.538461538461538,137,-12.092307692307692,0.237573875166201,-3.615384615384615,0.8720640400637134,1.6025641025641024,2.5176857330703486,-0.915121630506246,4.6470869411336455,17.692307692307693,230.0,47.0,25.923076923076923,337.0,55.0,AFC South,-5,-8.23076923076923,-107,0.36201599326599326,0.6238461538461538,6.604615384615385,4.365291266470549,1.3846153846153846,0.23076923076923078,0.9230769230769231,78.07692307692308,1.3846153846153846,-3.0,0.3384323318712459,0.6459230769230769,7.823076923076922,4.999781431368062,1.5384615384615385,1.4615384615384615,0.8666666666666666,56.30769230769231,1.1538461538461537,0.3384323318712459,-0.6470869411336455,2019-12-15,2019,0.3167413604837527,0.3505952937886858,LVR,13.0,6.0,0.46153846153846156,9.538461538461538,124,9.538461538461538,124,-0.8461538461538461,0.3139500057756218,2.1538461538461537,-0.08942865399392358,2.1487789987789987,3.03951048951049,-0.8907314907314908,4.944969813151585,19.846153846153847,258.0,42.0,28.153846153846153,366.0,57.0,AFC West,-3,-8.307692307692308,-108,0.5595117845117845,0.7093846153846154,7.617692307692308,4.44166739707997,1.4615384615384615,0.8461538461538461,0.7638888888888888,71.76923076923077,1.2307692307692308,-2.0,0.44541612233919925,0.6470769230769231,8.616923076923076,4.038288737310424,2.3076923076923075,1.0,0.7416666666666667,46.15384615384615,1.0769230769230769,0.44541612233919925,1.0550301868484153,2019,0.36619805697744007,0.4616232758376921,JAX vs. LVR,LVR,1438.6562275206134,15.0,JAX,1291.7635019940917,25.0,0,-4,-7.0,0,-297.0,255.0,0,0
KAN,1.0,1.0,1.0,9.0,9,9.0,9,39.099999999999994,0.21843645484949814,28.19999999999999,0.9347826086956523,4.444444444444445,2.888888888888889,1.5555555555555558,0.7351586796605502,40.0,40.0,8.0,26.0,26.0,5.0,AFC West,1,14.0,14,0.5,0.735,12.88,4.346153846153846,3.0,1.0,1.0,55.0,0.0,2.0,0.5,0.818,10.97,5.0625,3.0,0.0,1.0,71.0,2.0,0.5,0.26484132033944985,2019-09-15,2019,1.1243033958572886,0.14713406685524993,LVR,1.0,1.0,1.0,7.0,7,8.0,8,21.0,-0.6277173913043477,2.799999999999997,0.0027173913043476716,3.4285714285714284,2.0,1.4285714285714284,0.7233124321755029,24.0,24.0,4.0,16.0,16.0,4.0,AFC West,1,8.0,8,0.5,0.846,10.73,3.5,1.0,2.0,1.0,62.0,0.0,0.0,0.7142857142857143,0.677,8.68,4.130434782608695,1.0,0.0,0.75,44.0,0.0,0.7142857142857143,0.2766875678244971,2019,0.7295357530425697,0.13834378391224855,KAN vs. LVR,LVR,1550.0,1.0,KAN,1550.0,1.0,0,-18,7.0,0,252.0,-293.0,1,0
MIN,8.0,6.0,0.75,9.5,76,10.0,80,14.1875,0.6631833502155888,-12.399999999999999,-0.03882200360381294,2.8958558802308803,1.631547619047619,1.2643082611832612,5.490724361320302,26.375,211.0,37.0,16.5,132.0,25.0,NFC North,4,9.875,79,0.5442176870748299,0.733375,9.723749999999999,4.790900741519937,1.625,1.5,0.75,73.75,1.25,3.0,0.4419677544677545,0.681625,5.77,4.088895387700535,1.75,0.125,0.8333333333333334,56.75,1.625,0.4419677544677545,0.5092756386796982,2019-11-03,2019,0.5178342082749159,0.2933310796359257,KAN,8.0,5.0,0.625,9.625,77,9.75,78,9.462500000000002,-0.24924012782708416,-12.212500000000002,0.886326377092959,2.9383838383838383,2.41417297979798,0.5242108585858585,4.798045885273921,28.25,226.0,39.0,22.625,181.0,34.0,AFC West,-1,5.625,45,0.7081632653061225,0.644875,9.36375,3.8784772634772633,2.25,0.75,0.8095238095238094,66.375,1.0,3.0,0.4729437229437229,0.650375,6.4025,5.014043768397307,1.375,1.25,0.8125,51.125,1.375,0.4729437229437229,0.20195411472607905,2019,0.5192795624583069,0.3924141665075107,MIN vs. KAN,KAN,1549.7115601899918,9.0,MIN,1650.922453624862,5.0,1,3,5.5,1,198.0,-225.0,0,0
KAN,9.0,6.0,0.6666666666666666,9.88888888888889,89,10.0,90,8.244444444444447,0.2272253614161828,-11.600000000000001,0.7242721312216533,2.8526374859708192,2.3588945005611675,0.493742985409652,5.370180946743667,28.0,252.0,45.0,22.666666666666668,204.0,38.0,AFC West,1,5.333333333333333,48,0.7133928571428572,0.6525555555555556,9.116666666666667,4.354942752720531,2.111111111111111,0.7777777777777778,0.8333333333333333,61.77777777777778,1.0,2.0,0.4545824545824545,0.6336666666666667,6.486666666666666,4.851989522526001,1.5555555555555556,1.1111111111111112,0.8333333333333334,48.22222222222222,1.2222222222222223,0.4545824545824545,0.629819053256333,2019-11-10,2019,0.5410010704076592,0.4048557086712848,TEN,9.0,4.0,0.4444444444444444,11.222222222222221,101,10.88888888888889,98,-6.566666666666667,-0.20676497457775925,-15.200000000000001,-0.19308975798390382,1.7325757575757577,1.7143097643097642,0.018265993265993305,3.9588693660587895,18.666666666666668,168.0,27.0,18.333333333333332,165.0,31.0,AFC South,-1,0.3333333333333333,3,0.3151785714285714,0.6456666666666666,7.143333333333334,3.9209524167265886,1.4444444444444444,0.7777777777777778,0.6428571428571429,70.77777777777777,1.0,5.0,0.32119645060821533,0.6227777777777779,6.156666666666667,3.934627633320444,1.5555555555555556,0.5555555555555556,0.8333333333333334,72.11111111111111,1.5555555555555556,0.32119645060821533,0.041130633941210526,2019,0.2685484346715211,0.28262477284827386,KAN vs. TEN,TEN,1445.0917262311154,16.0,KAN,1613.8784896673,7.0,1,3,5.0,1,205.0,-233.0,0,0
KAN,10.0,6.0,0.6,10.0,100,10.0,100,9.010000000000002,0.17973108614412975,-7.820000000000002,1.1044577943536686,2.858282828282828,2.4730050505050505,0.3852777777777777,5.817284420919718,28.4,284.0,52.0,23.9,239.0,42.0,AFC West,-1,4.5,45,0.6835097001763669,0.6578999999999999,9.172,4.307448477448477,2.2,0.7,0.8296296296296296,63.6,1.0,2.0,0.45912420912420904,0.6387,6.817,5.232175185658017,1.6,1.2,0.8333333333333334,49.8,1.2,0.45912420912420904,0.18271557908028235,2019-11-18,2019,0.5295012101121747,0.38567405432137186,LAC,10.0,4.0,0.4,9.5,95,9.1,91,-9.49,-0.5014063675327977,-2.4799999999999995,-0.08895095948551117,2.3034199134199134,2.1472727272727274,0.1561471861471861,5.101507185469832,20.7,207.0,39.0,19.4,194.0,33.0,AFC West,-1,1.3,13,0.32314814814814813,0.6641,7.140000000000001,3.6263110237715503,1.4,0.7,0.78,56.2,1.6,-6.0,0.44376456876456877,0.7195,7.063,4.0387664318188365,1.4,0.7,0.5599999999999999,60.4,1.0,0.44376456876456877,-1.1015071854698322,2019,0.3653065471228174,0.28642886030713793,KAN vs. LAC,LAC,1432.9634218317717,17.0,KAN,1541.3343669260064,8.0,0,-7,5.5,0,213.0,-243.0,1,0
LVR,11.0,6.0,0.5454545454545454,9.545454545454545,105,9.727272727272727,107,0.3909090909090919,0.310465290093192,0.6818181818181818,-0.113521140627138,2.2576479076479075,2.7133608815427,-0.4557129738947921,4.754553293288935,20.727272727272727,228.0,37.0,25.818181818181817,284.0,47.0,AFC West,-1,-5.090909090909091,-56,0.5494444444444444,0.7109090909090909,7.781818181818181,4.43818268139754,1.4545454545454546,0.9090909090909091,0.7878787878787878,74.0,1.0909090909090908,1.0,0.4597342051887507,0.647,8.242727272727272,4.01419625067721,2.3636363636363638,0.7272727272727273,0.8020833333333334,52.63636363636363,1.1818181818181819,0.4597342051887507,1.245446706711065,2019-12-01,2019,0.39227837934918564,0.4490535218482753,KAN,11.0,7.0,0.6363636363636364,10.090909090909092,111,10.181818181818182,112,5.681818181818184,0.2258552986319786,-11.745454545454548,1.0737815813034182,2.7967860422405875,2.376974288337925,0.4198117539026629,6.510941365610947,28.0,308.0,56.0,23.272727272727273,256.0,46.0,AFC West,1,4.7272727272727275,52,0.6551587301587302,0.652090909090909,8.77818181818182,4.3535726899363265,2.090909090909091,0.8181818181818182,0.8466666666666667,67.0909090909091,1.0,5.0,0.45934368661641384,0.6295454545454545,6.520909090909091,5.201498972607766,1.5454545454545454,1.0909090909090908,0.825,50.72727272727273,1.4545454545454546,0.45934368661641384,0.4890586343890533,2019,0.5269347121423317,0.3916369295307601,LVR vs. KAN,KAN,1550.0,1.0,LVR,1550.0,1.0,1,31,-11.5,1,-451.0,369.0,1,0
KAN,12.0,8.0,0.6666666666666666,9.916666666666666,119,10.083333333333334,121,3.550000000000002,0.1389196434361353,-13.258333333333335,1.046990000252771,2.980387205387205,2.262226430976431,0.7181607744107743,7.4826148649929,29.0,348.0,61.0,22.083333333333332,265.0,48.0,AFC West,2,6.916666666666667,83,0.6451856224583498,0.6408333333333334,8.5725,4.266637034740483,2.0,1.0,0.8606060606060606,61.5,0.9166666666666666,8.0,0.47409534909534906,0.6326666666666667,6.366666666666667,5.174707391557119,1.5,1.0,0.7954545454545454,54.75,1.5833333333333333,0.47409534909534906,0.5173851350070997,2019-12-08,2019,0.5347062277559055,0.3807400044630446,NWE,12.0,10.0,0.8333333333333334,11.666666666666666,140,11.416666666666666,137,-11.825000000000001,-0.5927148200155078,-41.71666666666667,0.07290312197523237,2.343861693861694,1.1645807895807896,1.1792809042809043,9.363953322933025,26.833333333333332,322.0,52.0,12.083333333333334,145.0,22.0,AFC East,-1,14.75,177,0.40359438541256726,0.613,6.750833333333333,3.53500257128884,1.5833333333333333,1.0833333333333333,0.7916666666666666,57.416666666666664,0.9166666666666666,18.0,0.39240974847592497,0.5639166666666667,3.276666666666667,4.20062051327958,0.6666666666666666,0.4166666666666667,0.875,56.5,2.4166666666666665,0.39240974847592497,0.6360466770669753,2019,0.3911157304806445,0.15571352000941208,KAN vs. NWE,NWE,1660.7724805804658,1.0,KAN,1617.1632240521292,8.0,0,-7,-3.0,0,-150.0,135.0,0,0
LAC,15.0,5.0,0.3333333333333333,9.8,147,9.4,141,-8.986666666666668,-0.3894492435752198,-4.846666666666666,-0.16071326492595447,2.2711351611351613,2.228215488215488,0.04291967291967292,7.142822729448461,21.066666666666666,316.0,59.0,20.933333333333334,314.0,55.0,AFC West,-2,0.13333333333333333,2,0.37394807573378996,0.6655333333333334,7.299333333333334,3.7382681477291277,1.4666666666666666,0.7333333333333333,0.8144444444444444,55.46666666666667,1.9333333333333333,-16.0,0.44483294483294483,0.7144666666666667,6.784666666666666,3.967004126378393,1.3333333333333333,0.8666666666666667,0.7066666666666667,61.333333333333336,0.8666666666666667,0.44483294483294483,-2.1428227294484614,2019-12-29,2019,0.34402424442745616,0.3083426713382197,KAN,15.0,11.0,0.7333333333333333,9.666666666666666,145,9.8,147,3.353333333333335,-0.052982476155639384,-18.740000000000002,0.8340687239615493,2.962989417989418,1.9603222703222702,1.0026671476671476,10.171397389241056,28.0,420.0,76.0,19.133333333333333,287.0,53.0,AFC West,5,8.866666666666667,133,0.6296421832136118,0.6554,8.473333333333333,4.074734915148708,1.9333333333333333,0.9333333333333333,0.8904761904761905,66.0,0.9333333333333333,7.0,0.47283688533688534,0.6074666666666667,5.897333333333333,4.961786115265897,1.2666666666666666,0.8666666666666667,0.8035714285714286,53.6,1.4,0.47283688533688534,0.8286026107589439,2019,0.5530914015713471,0.3564244618459066,LAC vs. KAN,KAN,1541.3343669260064,8.0,LAC,1432.9634218317717,17.0,1,10,-10.0,0,-389.0,325.0,1,0
TEN,2.0,11.0,5.5,10.666666666666666,192,10.944444444444445,197,6.088888888888891,0.8426980988732284,-14.755555555555556,0.022946707285616454,2.433027928861262,1.82003367003367,0.6129942588275923,10.271199934541352,25.0,450.0,64.0,19.77777777777778,356.0,66.0,AFC South,3,5.222222222222222,94,0.48978325595972655,0.6562222222222222,8.715,4.970415490177576,1.8333333333333333,1.2777777777777777,0.55,54.27777777777778,1.0,10.0,0.3930962828021652,0.6328333333333334,6.301666666666667,4.1506640985899645,1.4444444444444444,0.8333333333333334,0.8500000000000001,61.611111111111114,1.5555555555555556,0.3930962828021652,0.728800065458648,2020-01-19,2019,0.4548000109097746,0.28959595005144867,KAN,1.0,13.0,13.0,9.705882352941176,165,10.0,170,3.8470588235294128,0.21249140911611164,-18.27058823529412,0.7677521501767659,3.105675860087625,1.993497025849967,1.1121788342376577,11.651982481304842,29.529411764705884,502.0,88.0,19.941176470588236,339.0,60.0,AFC West,7,9.588235294117647,163,1.2592702436452436,0.6545882352941177,8.526470588235293,4.340208800420459,2.0588235294117645,1.0588235294117647,0.9041666666666667,62.705882352941174,0.9411764705882353,8.0,0.4730913694148988,0.6107058823529412,5.908235294117647,4.895469541481114,1.3529411764705883,0.8823529411764706,0.7833333333333333,54.76470588235294,1.411764705882353,0.4730913694148988,1.3480175186951584,2019,1.252276009970751,0.47577088895123243,TEN vs. KAN,KAN,1773.396291731597,4.0,TEN,1731.1227796764824,6.0,1,11,-7.5,1,-337.0,286.0,0,1
LAC,3.0,1.0,0.3333333333333333,9.666666666666666,29,9.333333333333334,28,-3.300000000000002,1.034928111341155,14.633333333333331,-0.2739541954358886,2.111111111111111,2.27037037037037,-0.1592592592592592,1.3079094940560585,20.0,60.0,11.0,21.333333333333332,64.0,10.0,AFC West,-2,-1.3333333333333333,-4,0.25,0.664,7.84,5.1626455026455025,1.6666666666666667,0.6666666666666666,0.7777777777777777,53.0,1.6666666666666667,-2.0,0.47707847707847706,0.7486666666666667,8.69,3.8537631958684586,2.3333333333333335,0.6666666666666666,0.1111111111111111,48.666666666666664,1.0,0.47707847707847706,-0.3079094940560585,2019-09-29,2019,0.34037925937222246,0.20143934594570734,MIA,3.0,0.0,0.0,11.666666666666666,35,10.0,30,-56.96666666666667,-1.611050724637681,24.16666666666667,1.2774464133479482,0.48484848484848486,4.433333333333334,-3.9484848484848487,0.034672650267644135,5.333333333333333,16.0,4.0,44.333333333333336,133.0,19.0,AFC East,-3,-39.0,-117,1.0,0.47300000000000003,2.5300000000000002,2.5166666666666666,0.3333333333333333,0.0,0.8333333333333333,40.333333333333336,2.6666666666666665,-6.0,0.2111111111111111,0.731,12.356666666666667,5.405163804652296,3.3333333333333335,2.0,0.6666666666666666,64.66666666666667,0.6666666666666666,0.2111111111111111,-0.034672650267644135,2019,0.11296485141837546,0.41490244049905284,LAC vs. MIA,MIA,1386.9160182128549,26.0,LAC,1438.008106127738,16.0,0,-20,15.0,0,602.0,-806.0,0,0
PIT,5.0,1.0,0.2,10.6,53,11.0,55,-13.98,-0.5662015650253636,-12.419999999999998,-0.2313862028315982,1.865268065268065,2.0624242424242425,-0.19715617715617695,2.2756387769188215,19.8,99.0,20.0,22.8,114.0,22.0,AFC North,-1,-3.0,-15,0.625,0.6458,6.174,3.561515826278984,1.4,0.6,1.0,57.4,1.4,5.0,0.2878787878787879,0.6942,5.928,3.8963311884727494,1.6,0.8,0.8,74.2,2.4,0.2878787878787879,-1.2756387769188215,2019-10-13,2019,0.28108386589291917,0.2179488978464943,LAC,5.0,2.0,0.4,9.6,48,9.4,47,-4.260000000000001,-0.1138422109291672,3.7799999999999985,0.17829052621672775,2.3404761904761906,1.9758585858585858,0.36461760461760456,2.503850854123303,20.6,103.0,19.0,18.8,94.0,16.0,AFC West,-1,1.8,9,0.125,0.693,7.4719999999999995,4.01387518037518,1.4,0.6,0.8,58.2,1.6,-2.0,0.47086247086247085,0.7308,7.688,4.306007917521075,1.8,0.6,0.26666666666666666,64.2,1.2,0.47086247086247085,-0.5038508541233031,2019,0.3559451407152385,0.2380356865277751,PIT vs. LAC,LAC,1411.267894436451,18.0,PIT,1392.732458989901,24.0,0,-7,-6.0,0,-252.0,220.0,0,0
LAC,6.0,2.0,0.3333333333333333,9.666666666666666,58,9.166666666666666,55,-7.300000000000001,-0.401869026705983,1.1333333333333329,0.0346966140372893,2.233730158730159,2.1465488215488215,0.08718133718133714,2.8101939094320745,20.0,120.0,22.0,19.666666666666668,118.0,19.0,AFC West,-2,0.3333333333333333,2,0.13999999999999999,0.676,7.234999999999999,3.725848364598365,1.5,0.5,0.75,60.833333333333336,1.8333333333333333,-4.0,0.48960761460761465,0.734,7.298333333333333,4.162414005341637,1.6666666666666667,0.6666666666666666,0.38888888888888884,61.0,1.1666666666666667,0.48960761460761465,-0.8101939094320745,2019-10-20,2019,0.32809118963360445,0.24123125975997148,TEN,6.0,2.0,0.3333333333333333,11.5,69,11.0,66,-10.683333333333335,-0.3355060623283128,-15.516666666666666,0.08793257238483172,1.4669191919191917,1.4053807303807304,0.06153846153846154,2.506245745154409,16.333333333333332,98.0,15.0,15.333333333333334,92.0,17.0,AFC South,-2,1.0,6,0.25666666666666665,0.6138333333333333,6.836666666666667,3.7922113289760353,1.1666666666666667,0.6666666666666666,0.625,67.83333333333333,0.6666666666666666,4.0,0.276783020900668,0.659,5.6383333333333345,4.215649963689179,1.3333333333333333,0.5,0.8333333333333334,76.0,1.3333333333333333,0.276783020900668,-0.5062457451544091,2019,0.19904906720455037,0.19291369275852283,LAC vs. TEN,TEN,1386.521739709281,15.0,LAC,1358.6029586367797,15.0,1,3,-3.0,0,-157.0,141.0,0,0
LAC,9.0,4.0,0.4444444444444444,9.333333333333334,84,9.11111111111111,82,-5.255555555555556,-0.6392236611878105,-2.3333333333333335,-0.05289754642627528,2.316931216931217,2.064870931537598,0.2520602853936187,4.648790776955953,20.333333333333332,183.0,35.0,18.666666666666668,168.0,29.0,AFC West,2,1.6666666666666667,15,0.30104166666666665,0.677,7.667777777777778,3.488493730116537,1.3333333333333333,0.6666666666666666,0.7555555555555555,54.666666666666664,1.4444444444444444,-3.0,0.4597384097384098,0.7242222222222222,7.058888888888889,4.074819844878072,1.4444444444444444,0.6666666666666666,0.5481481481481482,56.333333333333336,1.1111111111111112,0.4597384097384098,-0.6487907769559529,2019-11-07,2019,0.38663005662240957,0.2888686551060669,LVR,8.0,4.0,0.5,9.25,74,9.25,74,6.437500000000001,0.7086932684973306,11.4375,-0.5661520920777297,2.4994047619047617,2.9581439393939393,-0.45873917748917753,3.4254981180667126,22.75,182.0,29.0,27.0,216.0,36.0,AFC West,1,-4.25,-34,0.6785714285714286,0.7152499999999999,8.395,4.836410659801678,1.75,1.0,0.8125,80.0,1.0,-1.0,0.49046786546786547,0.6825,9.40125,3.561565299226618,2.75,0.625,0.85,54.0,0.875,0.49046786546786547,0.5745018819332874,2019,0.4200347205676779,0.4606116009283756,LAC vs. LVR,LVR,1535.92684782712,14.0,LAC,1474.1680595476764,16.0,1,2,1.0,1,106.0,-117.0,1,0
MIN,13.0,9.0,0.6923076923076923,10.076923076923077,131,10.384615384615385,135,11.046153846153846,0.24433404651274862,-14.053846153846154,0.11533787194585399,2.689796314796315,1.8183649683649685,0.8714313464313465,8.404336016721436,26.076923076923077,339.0,58.0,19.153846153846153,249.0,48.0,NFC North,1,6.923076923076923,90,0.5384199134199134,0.714923076923077,9.093846153846155,4.372051437817096,1.8461538461538463,1.2307692307692308,0.85,60.30769230769231,1.1538461538461537,5.0,0.43956257417795885,0.6530769230769231,5.9630769230769225,4.243055263250202,1.6923076923076923,0.38461538461538464,0.75,47.0,1.5384615384615385,0.43956257417795885,0.5956639832785644,2019-12-15,2019,0.46303494482099633,0.3444967927050548,LAC,13.0,5.0,0.38461538461538464,9.76923076923077,127,9.384615384615385,122,-7.038461538461539,-0.1566893665966496,-6.476923076923076,-0.09782769211012313,2.405311355311355,2.065889665889666,0.3394216894216894,6.798262895421502,22.23076923076923,289.0,54.0,19.307692307692307,251.0,44.0,AFC West,1,2.923076923076923,38,0.3428661616161616,0.6594615384615385,7.568461538461539,3.9710280247076977,1.6153846153846154,0.6923076923076923,0.7858974358974359,59.15384615384615,1.6923076923076923,-10.0,0.45033171956248874,0.6992307692307692,6.532307692307692,4.029889699194225,1.3846153846153846,0.6923076923076923,0.6615384615384615,64.0,0.9230769230769231,0.45033171956248874,-1.7982628954215016,2019,0.366380256600387,0.28302423240949176,MIN vs. LAC,LAC,1396.336543317772,21.0,MIN,1623.9781408057947,7.0,0,-29,1.0,0,107.0,-118.0,0,0
LVR,14.0,6.0,0.42857142857142855,9.5,133,9.5,133,-1.528571428571429,0.282402334555624,2.0357142857142856,-0.12787784951609674,2.1222789115646257,2.981132756132756,-0.8588538445681303,5.315754909805218,19.571428571428573,274.0,46.0,27.571428571428573,386.0,61.0,AFC West,-4,-8.0,-112,0.5401410555256709,0.7023571428571429,7.581428571428572,4.410119725859972,1.4285714285714286,0.7857142857142857,0.7628205128205128,70.28571428571429,1.1428571428571428,-2.0,0.43957471100328244,0.6427142857142857,8.555714285714286,3.999839541788251,2.2857142857142856,0.9285714285714286,0.7651515151515151,49.07142857142857,1.0,0.43957471100328244,0.6842450901947821,2019-12-22,2019,0.36276867569761545,0.448302336467176,LAC,14.0,5.0,0.35714285714285715,9.857142857142858,138,9.428571428571429,132,-8.77857142857143,-0.20725151873742503,-6.257142857142857,-0.12119819185951752,2.2984384662956088,2.1968975468975467,0.10154091939806224,6.8364796741396905,21.357142857142858,299.0,56.0,20.714285714285715,290.0,51.0,AFC West,-1,0.6428571428571429,9,0.369746279361664,0.6636428571428572,7.335714285714286,3.9204658725669224,1.5714285714285714,0.6428571428571429,0.8011904761904762,58.357142857142854,2.0714285714285716,-16.0,0.4571262071262071,0.7035714285714285,6.585714285714286,4.00651919944483,1.3571428571428572,0.7857142857142857,0.6857142857142857,62.357142857142854,0.9285714285714286,0.4571262071262071,-1.8364796741396905,2019,0.3525658065466757,0.30808416483705403,LVR vs. LAC,LAC,1474.1680595476764,16.0,LVR,1535.92684782712,14.0,0,-7,-7.5,0,-321.0,274.0,1,0
NOR,1.0,1.0,1.0,10.0,10,9.0,9,5.0,2.9199016563147007,9.599999999999994,3.6983695652173916,3.0,3.111111111111111,-0.11111111111111116,0.5407874405872581,30.0,30.0,6.0,28.0,28.0,4.0,NFC South,1,2.0,2,0.5,0.7440000000000001,8.3,7.047619047619048,2.0,1.0,0.75,48.0,1.0,0.0,0.6363636363636364,0.667,8.3,7.826086956521739,3.0,1.0,,69.0,1.0,0.6363636363636364,0.45921255941274186,2019-09-15,2019,0.8755275356476451,0.20409447085010748,LAR,1.0,1.0,1.0,12.0,12,13.0,13,-31.400000000000006,1.0597826086956523,-30.400000000000006,1.3940217391304346,2.5,2.076923076923077,0.4230769230769229,0.562103747756204,30.0,30.0,6.0,27.0,27.0,5.0,NFC West,1,3.0,3,0.5,0.59,4.05,5.1875,1.0,2.0,0.75,43.0,1.0,2.0,0.5294117647058824,0.6579999999999999,4.5,5.521739130434782,0.0,3.0,0.6666666666666666,46.0,3.0,0.5294117647058824,0.437896252243796,2019,0.718948126121898,0.1684216354783831,NOR vs. LAR,LAR,1550.0,1.0,NOR,1550.0,1.0,1,18,-2.0,1,-118.0,107.0,0,0
TAM,3.0,1.0,0.3333333333333333,11.333333333333334,34,11.333333333333334,34,-15.700000000000001,-0.0011665228179952674,-14.199999999999998,-1.1595156369183828,1.9675990675990676,2.3960113960113962,-0.42841232841232846,1.3748434003121996,22.666666666666668,68.0,13.0,25.666666666666668,77.0,13.0,NFC South,-1,-3.0,-9,0.0,0.606,6.666666666666667,4.126550868486352,1.6666666666666667,0.3333333333333333,0.8222222222222223,61.0,1.6666666666666667,0.0,0.3023088023088023,0.5986666666666667,6.949999999999999,2.9682017543859645,1.0,0.6666666666666666,0.9166666666666666,65.33333333333333,1.6666666666666667,0.3023088023088023,-0.37484340031219965,2019-09-29,2019,0.33457878231315097,0.20712780192099411,LAR,3.0,3.0,1.0,10.666666666666666,32,11.666666666666666,35,-14.4,0.12922705314009683,-36.199999999999996,-0.01769323671497573,2.4,1.3534188034188037,1.0465811965811966,2.2283624671445486,25.666666666666668,77.0,15.0,16.333333333333332,49.0,11.0,NFC West,3,9.333333333333334,28,0.75,0.6336666666666667,6.533333333333334,4.256944444444445,1.3333333333333333,1.3333333333333333,0.8055555555555555,52.333333333333336,1.6666666666666667,0.0,0.4475328592975652,0.5763333333333334,4.243333333333333,4.110024154589372,0.3333333333333333,1.0,0.8888888888888888,64.33333333333333,1.6666666666666667,0.4475328592975652,0.7716375328554514,2019,0.5893183645086643,0.2903620272515235,TAM vs. LAR,LAR,1635.9935000197115,1.0,TAM,1437.8712080630237,16.0,0,-15,-9.0,0,-473.0,385.0,0,0
LAR,4.0,3.0,0.75,11.0,44,11.5,46,-16.125,-0.29864542160737795,-22.25,-0.31186594202898543,2.6333333333333333,2.2650641025641027,0.36826923076923085,2.548152837132922,29.25,117.0,21.0,26.0,104.0,19.0,NFC West,-1,3.25,13,0.611111111111111,0.64075,6.3525,3.8290719696969697,1.5,1.5,0.8541666666666666,65.75,2.25,-3.0,0.4265587353822648,0.603,5.6875,3.815851449275362,1.25,1.25,0.9166666666666666,73.0,1.5,0.4265587353822648,0.45184716286707793,2019-10-03,2019,0.531186309205731,0.35644073964388306,SEA,4.0,3.0,0.75,10.75,43,10.5,42,17.424999999999997,-0.16050164408860002,-7.25,-0.048427795031055765,2.4801136363636362,2.1130244755244756,0.3670891608391608,2.369218753675545,25.75,103.0,15.0,22.25,89.0,14.0,NFC West,1,3.5,14,0.16666666666666666,0.73875,9.3025,3.9672157472157474,2.0,1.25,0.5,66.5,1.0,2.0,0.3687728937728938,0.6665,6.6875,4.079289596273292,1.5,0.75,0.6666666666666666,62.25,1.5,0.3687728937728938,0.6307812463244549,2019,0.403847201714342,0.3025651038603712,LAR vs. SEA,SEA,1552.1203752305664,3.0,LAR,1560.2166584529027,3.0,1,1,-1.5,0,-122.0,111.0,1,0
SFO,4.0,4.0,1.0,11.0,44,11.5,46,-0.15000000000000213,0.9483242753623191,-44.25,-0.320914545027817,2.9387626262626263,1.258479020979021,1.6802836052836052,3.297962172495737,31.75,127.0,20.0,14.25,57.0,10.0,NFC West,4,17.5,70,0.16666666666666666,0.6920000000000001,7.745,5.076041666666667,1.75,1.5,0.6666666666666666,66.75,2.0,3.0,0.4651563714063714,0.51725,3.4225,3.806802846276531,1.25,0.0,0.875,61.0,2.75,0.4651563714063714,0.7020378275042631,2019-10-13,2019,0.5343224803982117,0.20119770801653603,LAR,5.0,3.0,0.6,11.2,56,11.4,57,-16.240000000000002,-0.15334870443566082,-7.660000000000004,-0.2982920458375463,2.59,2.3575058275058276,0.23249417249417256,3.028076966733215,29.2,146.0,27.0,26.8,134.0,24.0,NFC West,-2,2.4,12,0.6458333333333333,0.631,6.5920000000000005,3.9743686868686865,1.4,1.6,0.8333333333333333,61.6,2.2,-4.0,0.39579244285126636,0.6302,7.523999999999999,3.8294253454668015,1.8,1.0,0.8333333333333333,67.4,1.4,0.39579244285126636,-0.028076966733214803,2019,0.47943543535072575,0.33447772911720297,SFO vs. LAR,LAR,1509.051720494161,8.0,SFO,1650.6046977890037,1.0,0,-13,-3.0,0,-148.0,133.0,1,0
LAR,8.0,5.0,0.625,10.75,86,11.0,88,-12.525,-0.24076493403939048,-12.087500000000002,-0.5249215245191561,2.494128787878788,1.953239121989122,0.5408896658896659,4.950134425209558,26.75,214.0,38.0,21.75,174.0,32.0,NFC West,2,5.0,40,0.5357142857142857,0.60625,7.12,3.8869524572649574,1.375,1.375,0.8452380952380951,56.25,1.5,0.0,0.3771779690897338,0.645,6.7837499999999995,3.6027958667851916,1.375,0.875,0.7916666666666666,56.875,1.5,0.3771779690897338,0.0498655747904424,2019-11-10,2019,0.4446146683750535,0.3204484352177474,PIT,8.0,4.0,0.5,10.125,81,10.875,87,-14.5,-0.3401799615658063,-14.0375,-0.4129213396548476,2.2087218337218335,1.9265151515151515,0.2822066822066823,4.342439572971966,22.0,176.0,33.0,21.125,169.0,31.0,AFC North,3,0.875,7,0.5163265306122449,0.6597500000000001,5.89375,3.787537429738541,1.375,0.625,0.9583333333333334,59.0,1.375,11.0,0.36261655011655014,0.669625,5.725,3.7147960516495,1.875,0.5,0.7142857142857143,72.375,2.75,0.36261655011655014,-0.3424395729719656,2019,0.38996835508013133,0.29652927189349004,LAR vs. PIT,PIT,1546.2666411539697,14.0,LAR,1524.673411983758,9.0,1,5,4.0,1,189.0,-214.0,0,0
SEA,12.0,10.0,0.8333333333333334,11.333333333333334,136,11.0,132,9.299999999999997,0.5019044769576916,-16.383333333333333,0.4030290400255236,2.4611451048951047,2.291462703962704,0.16968240093240103,6.927265261240589,27.416666666666668,329.0,56.0,24.416666666666668,293.0,48.0,NFC West,5,3.0,36,0.4520464384100748,0.6796666666666668,8.835833333333333,4.629621868262039,2.1666666666666665,1.0,0.775,57.833333333333336,1.4166666666666667,10.0,0.3915562378797673,0.6288333333333334,6.343333333333334,4.530746431329871,1.25,1.0833333333333333,0.7666666666666667,54.916666666666664,2.25,0.3915562378797673,3.0727347387594106,2019-12-08,2019,0.5172016822123326,0.42644650723513366,LAR,12.0,7.0,0.5833333333333334,11.0,132,11.0,132,-17.966666666666665,-0.3775969599099393,-13.666666666666666,-0.5508369457226856,2.1741161616161615,1.9815251877751878,0.19259097384097387,7.1312101608900775,23.583333333333332,283.0,49.0,20.833333333333332,250.0,43.0,NFC West,1,2.75,33,0.5242883379247015,0.6184166666666667,6.596666666666667,3.7501204313944085,1.0833333333333333,1.1666666666666667,0.8257575757575758,59.666666666666664,1.6666666666666667,-4.0,0.3453673233084998,0.6271666666666667,6.633333333333333,3.576880445581662,1.5,0.75,0.7575757575757575,55.0,1.3333333333333333,0.3453673233084998,-0.13121016089007753,2019,0.3671532210330721,0.2950492191172517,SEA vs. LAR,LAR,1560.2166584529027,3.0,SEA,1552.1203752305664,3.0,1,16,-1.0,1,-120.0,109.0,1,0
LAR,14.0,8.0,0.5714285714285714,10.857142857142858,152,10.785714285714286,151,-17.178571428571427,-0.4704713072519976,-12.52857142857143,-0.28381533137267356,2.2135281385281385,2.1079739704739704,0.10555416805416806,8.16052243556054,23.714285714285715,332.0,56.0,21.857142857142858,306.0,53.0,NFC West,-1,1.8571428571428572,26,0.5432341163110394,0.6259285714285714,6.5564285714285715,3.65724608405235,1.2142857142857142,1.2142857142857142,0.7569444444444445,54.642857142857146,1.6428571428571428,-6.0,0.35830019653549067,0.6277857142857143,6.78,3.843902059931674,1.4285714285714286,0.8571428571428571,0.7948717948717948,52.857142857142854,1.2142857142857142,0.35830019653549067,-0.1605224355605408,2019-12-21,2019,0.3641967780115647,0.321897971104679,SFO,14.0,11.0,0.7857142857142857,10.785714285714286,151,10.857142857142858,152,2.22142857142857,0.36456821166984504,-22.47142857142857,0.5157571571814503,2.752499484642342,1.7087202480059622,1.0437792366363794,10.10547411097148,29.928571428571427,419.0,71.0,18.428571428571427,258.0,43.0,NFC West,-1,11.5,161,0.4727168131014285,0.6950000000000001,7.944999999999999,4.492285602974193,1.9285714285714286,1.2857142857142858,0.7948717948717948,61.142857142857146,1.5,5.0,0.44837935757053404,0.6139285714285715,4.597857142857143,4.643474548485798,1.3571428571428572,0.5714285714285714,0.875,63.214285714285715,1.8571428571428572,0.44837935757053404,0.8945258890285199,2019,0.500241881798025,0.2807634460658958,LAR vs. SFO,SFO,1650.6046977890037,1.0,LAR,1509.051720494161,8.0,1,3,-7.0,0,-320.0,274.0,1,0
LVR,2.0,1.0,0.5,8.5,17,9.0,18,-10.05,1.017019450800916,16.65,-1.3579545454545454,2.2142857142857144,2.4,-0.18571428571428572,0.8034707426289619,17.0,34.0,6.0,22.0,44.0,8.0,AFC West,-1,-5.0,-10,1.0,0.7255,6.785,5.144736842105264,1.0,1.0,1.0,57.0,1.0,-1.0,0.5714285714285714,0.6795,10.205,2.7697628458498023,2.5,0.0,0.75,79.0,0.5,0.5714285714285714,0.1965292573710381,2019-09-22,2019,0.3876228101243009,0.26589539052689737,MIN,2.0,1.0,0.5,11.5,23,11.5,23,-3.799999999999997,1.8021071700991609,-9.049999999999997,0.20115961404324567,2.126984126984127,1.4166666666666665,0.7103174603174603,1.2258783581703008,22.0,44.0,7.0,16.5,33.0,5.0,NFC North,-1,5.5,11,1.0,0.619,8.24,5.9298245614035086,1.0,2.0,0.5,100.0,2.0,1.0,0.40384615384615385,0.682,5.8100000000000005,4.328877005347593,2.0,0.5,,56.5,2.5,0.40384615384615385,-0.22587835817030077,2019,0.26997503245234555,0.08414365672061948,LVR vs. MIN,MIN,1500.0,10.0,LVR,1500.0,10.0,1,20,-8.5,1,-405.0,337.0,0,0
LVR,10.0,6.0,0.6,9.3,93,9.6,96,5.070000000000001,0.44519264914203693,-2.0,-0.005434848892750343,2.4584126984126984,2.6756060606060603,-0.21719336219336222,4.751392490157689,22.5,225.0,36.0,25.0,250.0,42.0,AFC West,3,-2.5,-25,0.5771604938271605,0.7261,8.281,4.572910040446384,1.6,1.0,0.8166666666666667,77.9,1.0,2.0,0.47237429237429235,0.6427,7.85,4.122282542411598,2.4,0.7,0.8214285714285714,54.2,1.2,0.47237429237429235,1.2486075098423113,2019-11-24,2019,0.4354299681229282,0.4483765785556011,NYJ,10.0,3.0,0.3,11.3,113,11.7,117,-27.93,-0.8644129507358418,-7.209999999999998,-1.2037201709602714,1.5077056277056278,2.1960767010767013,-0.6883710733710735,3.1239794599284965,16.4,164.0,23.0,25.5,255.0,43.0,AFC East,2,-9.1,-91,0.4291005291005291,0.6248,4.249,3.2633044405685054,1.1,0.5,0.4880952380952381,73.7,1.9,-6.0,0.24544497985674457,0.6341,7.034000000000001,2.9239972203440763,1.8,1.0,0.8611111111111112,69.5,1.3,0.24544497985674457,-0.12397945992849646,2019,0.20101634727579168,0.3262127207034826,LVR vs. NYJ,NYJ,1392.1261011387703,20.0,LVR,1588.100853508614,8.0,1,31,3.5,1,158.0,-177.0,0,0
TEN,12.0,7.0,0.5833333333333334,11.083333333333334,133,11.083333333333334,133,3.8166666666666678,0.5149588482025206,-13.958333333333334,-0.20757999964734816,2.144128787878788,1.78510101010101,0.3590277777777778,6.1707127560300075,23.0,276.0,41.0,19.5,234.0,45.0,AFC South,3,3.5,42,0.37577725304998033,0.6705,8.199166666666667,4.642676239506868,1.5833333333333333,1.1666666666666667,0.6875,65.66666666666667,1.1666666666666667,5.0,0.3354486200074436,0.6335833333333333,6.359166666666667,3.9201373916569993,1.5,0.6666666666666666,0.7833333333333333,72.75,1.5833333333333333,0.3354486200074436,0.8292872439699925,2019-12-08,2019,0.32957442168093337,0.3335325350743419,LVR,12.0,6.0,0.5,9.5,114,9.583333333333334,115,-2.133333333333333,0.3472833999767304,-1.0333333333333339,-0.17217542588472157,2.152843915343915,2.903914141414141,-0.751070226070226,4.782879793906981,19.75,237.0,39.0,27.0,324.0,52.0,AFC West,-2,-7.25,-87,0.557346189164371,0.70725,7.5225,4.4750007912810785,1.4166666666666667,0.8333333333333334,0.7638888888888888,76.08333333333333,1.25,-2.0,0.4492007992007992,0.6361666666666667,8.081666666666667,3.9555419654196258,2.25,0.9166666666666666,0.8240740740740741,48.25,1.0833333333333333,0.4492007992007992,1.2171202060930186,2019,0.37680386552458167,0.4603552541426355,TEN vs. LVR,LVR,1471.613805643426,14.0,TEN,1594.9715674003303,11.0,0,-21,3.0,0,137.0,-152.0,0,0
NWE,1.0,1.0,1.0,10.0,10,9.0,9,26.599999999999994,-0.7139242878560719,-34.400000000000006,-1.666178929765886,3.3,0.3333333333333333,2.9666666666666663,0.9966082501519646,33.0,33.0,7.0,3.0,3.0,1.0,AFC East,1,30.0,30,0.5,0.6759999999999999,11.51,3.413793103448276,3.0,0.0,1.0,55.0,0.0,1.0,0.5,0.574,4.91,2.4615384615384617,0.0,0.0,1.0,54.0,1.0,0.5,0.0033917498480353636,2019-09-15,2019,0.7023742248936247,0.0003768610942261515,MIA,1.0,0.0,0.0,11.0,11,10.0,10,-51.2,-2.3777173913043477,58.30000000000001,1.633152173913044,0.9090909090909091,5.9,-4.990909090909091,0.014677734549671547,10.0,10.0,2.0,59.0,59.0,9.0,AFC East,-1,-49.0,-49,0.5,0.469,3.41,1.75,1.0,0.0,1.0,64.0,3.0,-3.0,0.3,0.885,19.15,5.760869565217392,6.0,2.0,1.0,40.0,0.0,0.3,-0.014677734549671547,2019,0.17914950280915062,-0.013209961094704426,NWE vs. MIA,MIA,1450.0,16.0,NWE,1550.0,1.0,0,-43,18.0,0,880.0,-1300.0,1,0
WAS,5.0,0.0,0.0,10.6,53,10.0,50,-25.380000000000003,-0.3898053033922598,6.980000000000001,0.5182216217124642,1.499965034965035,3.1264285714285713,-1.6264635364635365,0.8687360672147878,14.6,73.0,13.0,30.2,151.0,23.0,NFC East,-5,-15.6,-78,0.7083333333333333,0.6572,4.01,3.7379120879120875,1.4,0.4,0.8333333333333334,66.2,2.2,-4.0,0.24257964257964257,0.7567999999999999,7.709999999999999,4.645939013016812,2.6,0.8,0.9,56.2,1.4,0.24257964257964257,-0.8687360672147878,2019-10-13,2019,0.20266577783474624,0.2880762818162395,MIA,4.0,0.0,0.0,10.75,43,9.25,37,-46.325,-1.2402173913043477,25.625000000000004,0.5246403106697227,0.6761363636363636,4.396428571428571,-3.720292207792208,0.10357261053984956,6.5,26.0,6.0,40.75,163.0,25.0,AFC East,-4,-34.25,-137,0.7777777777777778,0.53175,3.3150000000000004,2.8875,0.5,0.0,0.6666666666666666,43.5,2.25,-7.0,0.2833333333333333,0.74975,12.0975,4.65235770197407,3.0,1.75,0.75,70.75,0.5,0.2833333333333333,-0.10357261053984956,2019,0.13592188567884245,0.4892613833547551,WAS vs. MIA,MIA,1344.2162138644137,26.0,WAS,1326.5697945263744,28.0,0,-1,6.0,1,210.0,-240.0,0,0
MIA,6.0,0.0,0.0,10.666666666666666,64,9.333333333333334,56,-39.6,-0.9304951690821256,18.55,0.5540037292914534,1.0618686868686869,3.834361471861472,-2.772492784992785,0.8520547981925184,10.5,63.0,12.0,35.166666666666664,211.0,33.0,AFC East,-6,-24.666666666666668,-148,0.6266666666666667,0.5686666666666667,3.84,3.1972222222222224,0.6666666666666666,0.5,0.75,45.666666666666664,2.1666666666666665,-11.0,0.31434676434676434,0.6890000000000001,10.899999999999999,4.6817211205958005,2.6666666666666665,1.1666666666666667,0.75,70.33333333333333,0.3333333333333333,0.31434676434676434,-0.8520547981925184,2019-10-28,2019,0.1608732875564838,0.40738747517752055,PIT,6.0,2.0,0.3333333333333333,10.166666666666666,61,10.833333333333334,65,-13.666666666666666,-0.5857134619977867,-14.1,-0.49982235329134217,2.0543900543900544,2.002020202020202,0.05236985236985255,2.9692957216100497,20.5,123.0,23.0,21.833333333333332,131.0,25.0,AFC North,1,-1.3333333333333333,-8,0.58,0.6631666666666667,6.036666666666666,3.5420039293065613,1.3333333333333333,0.6666666666666666,1.0,55.333333333333336,1.3333333333333333,7.0,0.3424630924630925,0.677,5.948333333333333,3.6278950380130053,1.6666666666666667,0.6666666666666666,0.75,74.16666666666667,2.5,0.3424630924630925,-0.9692957216100497,2019,0.31613715410647225,0.25837847938397124,MIA vs. PIT,PIT,1445.3973947895722,15.0,MIA,1277.2632639919293,27.0,1,13,-14.0,0,-630.0,491.0,0,0
NYJ,7.0,1.0,0.14285714285714285,11.428571428571429,80,11.857142857142858,83,-39.457142857142856,-0.9026994894067466,-11.371428571428568,-0.8271891493562274,1.0504019789734076,2.2254697683269113,-1.1750677893535038,1.357842531709541,11.142857142857142,78.0,9.0,26.428571428571427,185.0,32.0,AFC East,-2,-15.285714285714286,-107,0.5880952380952381,0.6157142857142858,2.6828571428571424,3.2250179018976013,0.7142857142857143,0.2857142857142857,0.5,74.71428571428571,2.2857142857142856,-6.0,0.1961354238665163,0.6401428571428571,6.87,3.3005282419481206,1.2857142857142858,1.4285714285714286,0.9642857142857143,73.71428571428571,1.4285714285714286,0.1961354238665163,-0.35784253170954106,2019-11-03,2019,0.10674895931181096,0.31075566090412166,MIA,7.0,0.0,0.0,10.571428571428571,74,9.571428571428571,67,-38.300000000000004,-0.9361133812792851,13.414285714285715,0.6635115495019053,1.1101731601731601,3.637244897959184,-2.5270717377860237,1.0261945383167235,11.0,77.0,14.0,34.0,238.0,38.0,AFC East,-7,-23.0,-161,0.5777777777777778,0.5757142857142857,3.795714285714286,3.191604010025063,0.8571428571428571,0.42857142857142855,0.75,45.57142857142857,2.4285714285714284,-14.0,0.3230115122972266,0.67,10.26,4.791228940806254,2.5714285714285716,1.1428571428571428,0.7380952380952381,70.28571428571429,0.42857142857142855,0.3230115122972266,-1.0261945383167235,2019,0.16145420166711558,0.4029948988144232,NYJ vs. MIA,MIA,1249.7324957529963,29.0,NYJ,1357.0649902493014,26.0,1,8,3.5,1,167.0,-187.0,1,0
PHI,11.0,5.0,0.45454545454545453,10.909090909090908,120,11.272727272727273,124,-11.772727272727273,0.029997852089526603,-15.8,-0.21038698427509442,2.093939393939394,2.0652695789059425,0.0286698150334514,5.293739465884062,22.09090909090909,243.0,41.0,22.454545454545453,247.0,43.0,NFC East,-2,-0.36363636363636365,-4,0.5550793650793651,0.6240909090909091,6.325454545454545,4.157715243393874,1.5454545454545454,0.9090909090909091,1.0,52.36363636363637,1.8181818181818181,-5.0,0.4394762100644453,0.6053636363636363,6.341818181818183,3.917330407029253,1.6363636363636365,0.9090909090909091,0.7166666666666666,65.27272727272727,1.3636363636363635,0.4394762100644453,-0.2937394658840624,2019-12-01,2019,0.332542940832389,0.3059891517353265,MIA,11.0,2.0,0.18181818181818182,10.727272727272727,118,10.090909090909092,111,-30.8,-1.0835264944818719,4.490909090909091,0.4890581267200281,1.440174471992654,3.222186147186147,-1.7820116751934933,2.8035685463281386,14.818181818181818,163.0,28.0,31.454545454545453,346.0,59.0,AFC East,-2,-16.636363636363637,-183,0.5301190476190476,0.5983636363636363,4.449090909090909,3.0441908968224753,1.0,0.6363636363636364,0.7857142857142857,48.90909090909091,2.0,-14.0,0.3500333000333,0.6532727272727272,8.969090909090909,4.616775518024376,2.3636363636363638,1.0,0.7803030303030304,67.45454545454545,0.7272727272727273,0.3500333000333,-0.8035685463281386,2019,0.21995383721326048,0.44438120865408665,PHI vs. MIA,MIA,1331.8121554032325,25.0,PHI,1487.1572589509285,15.0,1,6,10.5,1,382.0,-469.0,0,0
MIA,12.0,3.0,0.25,10.666666666666666,128,10.166666666666666,122,-26.575,-1.0955424025504117,3.4583333333333326,0.5078356054811547,1.628493265993266,3.18851911976912,-1.5600258537758538,3.40689044961946,16.666666666666668,200.0,34.0,31.416666666666668,377.0,65.0,AFC East,1,-14.75,-177,0.5232487209759937,0.6068333333333333,4.8825,3.0321749887539364,1.25,0.6666666666666666,0.8125,49.75,1.9166666666666667,-14.0,0.3555860805860806,0.6495833333333333,8.781666666666666,4.635552996785502,2.4166666666666665,0.9166666666666666,0.7777777777777778,69.41666666666667,0.75,0.3555860805860806,-0.4068904496194601,2019-12-08,2019,0.2566183103599859,0.47032248686798844,NYJ,12.0,4.0,0.3333333333333333,11.166666666666666,134,11.583333333333334,139,-23.583333333333332,-0.8599310110920307,-10.966666666666663,-1.2868106167751932,1.5639971139971138,2.0342305842305843,-0.4702334702334703,4.164787859694074,17.0,204.0,30.0,23.333333333333332,280.0,48.0,AFC East,-1,-6.333333333333333,-76,0.4056277056277056,0.62675,4.9174999999999995,3.2677863802123173,1.0833333333333333,0.5,0.5648148148148148,73.33333333333333,1.6666666666666667,-5.0,0.2735734309263721,0.6245833333333334,6.664166666666667,2.8409067745291545,1.5833333333333333,0.9166666666666666,0.8106060606060606,62.083333333333336,1.25,0.2735734309263721,-0.16478785969407372,2019,0.22080619664749865,0.3118046659080842,MIA vs. NYJ,NYJ,1357.0649902493014,26.0,MIA,1249.7324957529963,29.0,1,1,-5.0,0,-213.0,189.0,1,0
MIA,13.0,3.0,0.23076923076923078,10.615384615384615,138,10.153846153846153,132,-27.215384615384615,-0.9678398868924304,2.0846153846153834,0.4204853749591929,1.6647630147630148,3.1124791874791877,-1.4477161727161727,3.8793552269690554,17.0,221.0,41.0,30.692307692307693,399.0,70.0,AFC East,-1,-13.692307692307692,-178,0.5074224386724386,0.6038461538461538,4.912307692307692,3.159877504411917,1.1538461538461537,0.6153846153846154,0.8194444444444444,49.61538461538461,1.8461538461538463,-14.0,0.3519019442096365,0.6423846153846154,8.655384615384616,4.5482027662635405,2.3846153846153846,0.8461538461538461,0.7948717948717949,70.84615384615384,0.7692307692307693,0.3519019442096365,-0.8793552269690554,2019-12-15,2019,0.2770047021707184,0.4536393555432203,NYG,13.0,2.0,0.15384615384615385,10.923076923076923,142,10.692307692307692,139,-19.653846153846153,0.21525331528865,0.08461538461538637,-0.3779321244446746,1.7379490167951706,2.7203200645508336,-0.9823710477556631,4.0497953739194585,19.0,247.0,39.0,27.846153846153847,362.0,59.0,NFC East,-9,-8.846153846153847,-115,0.492252886002886,0.608,5.439230769230769,4.342970706592998,1.6923076923076923,0.46153846153846156,0.7,51.61538461538461,2.1538461538461537,-13.0,0.34534578669194055,0.6737692307692308,7.8246153846153845,3.749785266859673,1.8461538461538463,1.0769230769230769,0.746969696969697,59.53846153846154,1.1538461538461537,0.34534578669194055,-2.0497953739194585,2019,0.23134235125522273,0.32488216543373105,MIA vs. NYG,NYG,1197.246626011203,31.0,MIA,1350.1452433040488,27.0,1,16,-3.5,1,-185.0,165.0,0,0
MIA,15.0,4.0,0.26666666666666666,10.866666666666667,163,10.666666666666666,160,-24.013333333333332,-0.8755882600297056,0.9933333333333323,0.2501795515785996,1.744959114959115,3.0376529026529027,-1.2926937876937878,4.626848222286139,18.6,279.0,51.0,31.333333333333332,470.0,81.0,AFC East,1,-12.733333333333333,-191,0.4510245706674278,0.6004666666666666,5.314000000000001,3.2521291312746423,1.4,0.6,0.7765151515151515,48.93333333333333,1.7333333333333334,-12.0,0.34536630036630034,0.6442666666666667,8.449333333333334,4.377896942882947,2.466666666666667,0.9333333333333333,0.8095238095238095,68.66666666666667,0.9333333333333333,0.34536630036630034,-0.6268482222861387,2019-12-29,2019,0.299808073890964,0.4513438724978428,NWE,15.0,12.0,0.8,11.4,171,11.333333333333334,170,-12.033333333333333,-0.3779025637105052,-38.76,0.013526145756097977,2.3558974358974356,1.2566141266141266,1.0992833092833092,11.262016085414905,26.4,396.0,65.0,13.2,198.0,33.0,AFC East,2,13.2,198,0.42124383552954986,0.6134666666666667,6.6339999999999995,3.7498148275938425,1.5333333333333334,1.0666666666666667,0.8,51.6,0.8666666666666667,23.0,0.38694367179661293,0.5643333333333334,3.5660000000000003,4.141243537060445,0.8,0.4,0.9166666666666666,59.0,2.4,0.38694367179661293,0.7379839145850955,2019,0.39881830582769245,0.19072685065933653,MIA vs. NWE,NWE,1550.0,1.0,MIA,1450.0,16.0,0,-3,-17.5,0,-1117.0,781.0,1,0
MIN,4.0,2.0,0.5,10.0,40,10.5,42,-2.5,0.8503527841342486,-5.049999999999997,-0.3178243431760055,2.2926587301587302,1.4972222222222222,0.795436507936508,2.2061727164767473,21.0,84.0,14.0,15.75,63.0,11.0,NFC North,-1,5.25,21,0.7222222222222222,0.6755,7.694999999999999,4.978070175438596,0.75,2.0,0.75,78.5,1.5,0.0,0.43696581196581197,0.7212500000000001,6.0875,3.809893048128342,1.75,0.25,0.5,61.75,1.5,0.43696581196581197,-0.2061727164767473,2019-10-06,2019,0.3319598873082846,0.1829291673735463,NYG,4.0,2.0,0.5,11.0,44,11.0,44,-14.15,1.7608473731505097,-2.0249999999999986,-0.34193307757885716,1.9712121212121212,2.2729215229215227,-0.30170940170940175,1.826679845765436,21.75,87.0,13.0,24.25,97.0,17.0,NFC East,2,-2.5,-10,0.5,0.66175,6.41,5.888564764454857,1.25,1.25,0.75,53.5,2.5,-5.0,0.3771853146853147,0.643,7.905,3.7857843137254905,2.0,1.0,0.9,50.0,1.25,0.3771853146853147,0.17332015423456393,2019,0.30825660230141666,0.3065138785340204,MIN vs. NYG,NYG,1512.1287919369763,10.0,MIN,1498.2552352378111,10.0,0,-18,5.5,0,213.0,-243.0,0,0
PHI,5.0,3.0,0.6,10.4,52,11.0,55,-4.68,-0.37485865937998736,-19.160000000000004,-0.9368110530605481,2.8,2.142077922077922,0.6579220779220778,3.0369058099111905,28.2,141.0,21.0,22.2,111.0,19.0,NFC East,2,6.0,30,0.375,0.6016,7.212000000000001,3.7528587319243605,2.0,1.2,1.0,62.8,1.2,2.0,0.5251382604323781,0.6184000000000001,5.75,3.1909063382437997,1.8,0.6,0.6333333333333333,63.4,1.6,0.5251382604323781,-0.036905809911190524,2019-10-13,2019,0.4008652999687115,0.2738137804061359,MIN,5.0,3.0,0.6,9.6,48,10.2,51,4.880000000000001,1.0959152196347648,-11.619999999999997,-0.4398029528016739,2.534126984126984,1.42,1.1141269841269843,3.1260144060232884,22.4,112.0,20.0,14.6,73.0,13.0,NFC North,1,7.8,39,0.6666666666666666,0.7034,8.518,5.223632610939112,1.0,1.6,0.8333333333333334,85.2,1.4,0.0,0.4404817404817405,0.6876,5.5120000000000005,3.6879144385026734,1.6,0.2,0.6666666666666666,58.4,1.4,0.4404817404817405,-0.1260144060232884,2019,0.406165466164726,0.19749730479096958,PHI vs. MIN,MIN,1550.2507400362606,8.0,PHI,1545.1718989580418,8.0,1,18,-3.5,1,-176.0,157.0,0,0
WAS,7.0,1.0,0.14285714285714285,10.142857142857142,71,10.0,70,-20.75714285714286,-0.2586459865186573,-6.485714285714286,0.2640705483963055,1.2921828171828171,2.584353741496599,-1.2921709243137816,1.4045944882869699,12.857142857142858,90.0,16.0,25.142857142857142,176.0,29.0,NFC East,-1,-12.285714285714286,-86,0.6388888888888888,0.6508571428571429,4.637142857142857,3.8690714047856902,1.2857142857142858,0.2857142857142857,0.6,62.0,1.7142857142857142,-2.0,0.24686424686424685,0.7118571428571429,6.582857142857143,4.391787939700653,2.0,0.7142857142857143,0.8928571428571429,49.42857142857143,1.4285714285714286,0.24686424686424685,-0.40459448828696987,2019-10-24,2019,0.21232693800283398,0.33115665273403655,MIN,7.0,5.0,0.7142857142857143,9.714285714285714,68,10.428571428571429,73,14.728571428571428,0.7423345839665573,-9.571428571428571,-0.21362266250373654,2.970263863121006,1.6809523809523808,1.2893114821686251,4.6361550342890006,27.428571428571427,192.0,32.0,17.571428571428573,123.0,22.0,NFC North,3,9.857142857142858,69,0.611111111111111,0.7117142857142857,9.612857142857141,4.870051975270905,1.8571428571428572,1.5714285714285714,0.7,73.71428571428571,1.2857142857142858,2.0,0.428915528915529,0.6769999999999999,6.008571428571429,3.914094728800611,2.0,0.14285714285714285,0.8,58.285714285714285,1.5714285714285714,0.428915528915529,0.36384496571099945,2019,0.4950484010562016,0.27398158365096276,WAS vs. MIN,MIN,1633.4121633045688,6.0,WAS,1364.1695919520796,25.0,1,10,-16.5,0,-1023.0,729.0,0,0
MIN,11.0,8.0,0.7272727272727273,9.818181818181818,108,10.181818181818182,112,13.281818181818181,0.2530387035384345,-12.372727272727273,0.13665831765692274,2.786288206742752,1.8108225108225107,0.9754656959202415,7.102797097933607,26.272727272727273,289.0,50.0,18.636363636363637,205.0,40.0,NFC North,2,7.636363636363637,84,0.5392857142857144,0.7195454545454546,9.32909090909091,4.3807560948427815,1.9090909090909092,1.2727272727272727,0.8125,63.54545454545455,1.0909090909090908,4.0,0.441560964288237,0.6557272727272727,6.191818181818181,4.26437570896127,1.7272727272727273,0.2727272727272727,0.8055555555555556,50.27272727272727,1.4545454545454546,0.441560964288237,0.8972029020663932,2019-12-02,2019,0.5007240278647471,0.3538052890281297,SEA,11.0,9.0,0.8181818181818182,11.272727272727273,124,10.909090909090908,120,10.418181818181814,0.46189124299419837,-16.70909090909091,0.3084215727438236,2.404582538673448,2.2725047679593136,0.1320777707141344,6.305502343431158,26.545454545454547,292.0,49.0,23.90909090909091,263.0,44.0,NFC West,4,2.6363636363636362,29,0.4245238095238095,0.6799090909090909,8.990909090909092,4.589608634298546,2.1818181818181817,0.9090909090909091,0.75,60.36363636363637,1.3636363636363635,9.0,0.3847280170809583,0.6333636363636364,6.2718181818181815,4.436138964048172,1.1818181818181819,1.0909090909090908,0.7407407407407408,57.18181818181818,2.1818181818181817,0.3847280170809583,2.694497656568842,2019,0.49195776038993644,0.423149921885628,MIN vs. SEA,SEA,1710.399023667457,3.0,MIN,1654.6591108896334,5.0,1,7,-2.5,1,-154.0,138.0,0,0
MIN,16.0,10.0,0.625,10.1875,163,10.5,168,1.8062499999999986,0.2969188016101928,-16.668750000000003,0.17352855497808206,2.6092308732933733,1.7906499750249751,0.8185808982683983,9.929056734737582,25.4375,407.0,72.0,18.9375,303.0,60.0,NFC North,-2,6.5,104,0.5398690198690199,0.6953125,8.061875,4.424636192914541,1.625,1.1875,0.8846153846153846,55.9375,1.25,11.0,0.43283903596403595,0.6600625,5.6575,4.30124594628243,1.4375,0.5,0.8035714285714286,44.5625,1.9375,0.43283903596403595,0.07094326526241801,2020-01-05,2019,0.4436763478139931,0.3364049835996076,NOR,16.0,13.0,0.8125,10.0,160,10.8125,173,7.50625,0.2925374304596995,-12.26875,-0.04698419055601663,2.861237373737374,1.9616295163170163,0.8996078574203574,10.260132352838362,28.625,458.0,80.0,21.3125,341.0,61.0,NFC South,3,7.3125,117,0.5572843822843824,0.7195625,8.083125,4.420254821764047,2.25,0.75,0.9107142857142857,64.75,0.5,15.0,0.41930222555222557,0.6136875,6.624375,4.080733200748331,1.6875,0.75,0.9444444444444445,44.5625,1.4375,0.41930222555222557,2.7398676471616383,2019,0.5856208639738012,0.390943615056669,MIN vs. NOR,NOR,1714.9025466770977,2.0,MIN,1531.9183724924949,8.0,0,-6,-7.5,0,-355.0,300.0,0,1
MIN,1.0,11.0,11.0,10.294117647058824,175,10.588235294117647,180,1.3647058823529397,0.23664608437992574,-16.158823529411766,0.25615422595800835,2.583197684668273,1.783356839239192,0.7998408454290807,10.579685306104258,25.470588235294116,433.0,77.0,19.0,323.0,64.0,NFC North,1,6.470588235294118,110,0.5569084561272062,0.6904705882352941,8.054705882352941,4.364363475684273,1.588235294117647,1.2352941176470589,0.8928571428571429,54.1764705882353,1.2352941176470589,12.0,0.44005765476353714,0.6679411764705883,5.674117647058823,4.383871617262356,1.411764705882353,0.5294117647058824,0.7944444444444444,45.0,1.9411764705882353,0.44005765476353714,0.42031469389574205,2020-01-11,2019,0.6249384653141266,0.14944522449626385,SFO,16.0,13.0,0.8125,10.625,170,10.8125,173,0.9374999999999982,0.4597354098487956,-20.925,0.38323950528739226,2.8176632395382395,1.8082311785436787,1.009432060994561,11.283896098875353,29.9375,479.0,81.0,19.375,310.0,51.0,NFC West,2,10.5625,169,0.49667203167203167,0.6963125,8.054375,4.587452801153143,1.75,1.4375,0.8222222222222222,58.6875,1.4375,4.0,0.4485819378742173,0.6129375,4.86625,4.51095689659174,1.4375,0.6875,0.8461538461538461,59.8125,1.6875,0.4485819378742173,1.7161039011246473,2019,0.527575152937903,0.30799179875627064,MIN vs. SFO,SFO,1728.8709735870598,2.0,MIN,1606.0599782605047,4.0,1,17,-7.0,1,-323.0,276.0,0,1
NYJ,2.0,0.0,0.0,11.0,22,11.5,23,-15.25,-0.5711697722567286,-24.449999999999996,0.0989492753623189,0.8636363636363636,1.731060606060606,-0.8674242424242424,0.47208520430220574,9.5,19.0,2.0,20.0,40.0,8.0,AFC East,-2,-10.5,-21,0.0,0.7124999999999999,4.859999999999999,3.556547619047619,0.5,0.0,0.5,78.0,1.0,3.0,0.2773109243697479,0.596,6.325,4.226666666666667,1.0,1.0,1.0,70.0,2.5,0.2773109243697479,-0.47208520430220574,2019-09-22,2019,0.06945067253171792,0.0918112688170077,NWE,2.0,2.0,1.0,10.0,20,11.0,22,25.0,-0.6493922681516384,-59.150000000000006,-1.496948160535117,3.8,0.16666666666666666,3.633333333333333,1.9964737814051996,38.0,76.0,12.0,1.5,3.0,1.0,AFC East,2,36.5,73,0.0,0.6950000000000001,11.024999999999999,3.4783251231527093,2.5,1.0,0.75,54.5,0.5,4.0,0.5227272727272727,0.518,1.9700000000000002,2.6307692307692307,0.0,0.0,1.0,38.0,2.5,0.5227272727272727,0.003526218594800401,2019,0.6010578655784401,0.022807414058972738,NYJ vs. NWE,NWE,1585.9935000197115,1.0,NYJ,1400.0,23.0,1,16,-20.5,0,-1962.0,1203.0,1,0
NWE,4.0,4.0,1.0,11.5,46,12.0,48,-2.9749999999999996,-0.9545773740114069,-62.0,-0.8282418668288232,2.769047619047619,0.5535714285714286,2.2154761904761906,3.608241557190219,30.5,122.0,19.0,6.75,27.0,3.0,AFC East,4,23.75,95,0.3333333333333333,0.62975,7.895,3.173140017292941,1.75,1.25,0.875,59.25,1.0,6.0,0.4308080808080808,0.52025,1.5975000000000001,3.2994755244755245,0.0,0.25,0.75,54.75,2.5,0.4308080808080808,0.3917584428097811,2019-10-06,2019,0.4534967957249231,0.05299622566890283,WAS,4.0,0.0,0.0,10.0,40,9.0,36,-20.400000000000002,-1.2678272814142377,8.700000000000003,0.4760026712629635,1.740340909090909,3.31875,-1.5784090909090909,0.8440113387914777,16.5,66.0,12.0,29.5,118.0,17.0,NFC East,-4,-13.0,-52,0.611111111111111,0.6547499999999999,4.7075,2.85989010989011,1.75,0.25,0.8333333333333334,64.75,2.25,-3.0,0.2804972804972805,0.78325,7.7375,4.603720062567311,2.5,0.75,0.875,56.5,1.5,0.2804972804972805,-0.8440113387914777,2019,0.23669914959063917,0.25452643917045054,NWE vs. WAS,WAS,1340.1417918975535,26.0,NWE,1661.7460757444449,1.0,0,-26,15.5,0,695.0,-963.0,0,0
NYG,5.0,2.0,0.4,10.6,53,10.4,52,-18.9,1.2231344202595384,5.2600000000000025,0.14208653026428006,1.799191919191919,2.5183372183372184,-0.7191452991452991,1.9068381562188952,19.4,97.0,15.0,25.0,125.0,23.0,NFC East,-1,-5.6,-28,0.5,0.6399999999999999,5.77,5.350851811563886,1.2,1.0,0.8,51.8,2.2,-5.0,0.40174825174825174,0.6774,8.686,4.269803921568628,2.0,0.8,0.9333333333333332,62.4,1.2,0.40174825174825174,0.09316184378110481,2019-10-10,2019,0.2882921798366663,0.36208739387294386,NWE,5.0,5.0,1.0,12.0,60,12.2,61,-2.3600000000000008,-0.626242414507032,-58.660000000000004,-0.03813697172392807,2.6866666666666665,0.5505494505494506,2.136117216117216,4.583516828766909,31.0,155.0,25.0,6.8,34.0,4.0,AFC East,5,24.2,121,0.25,0.634,7.836,3.501474976797316,2.0,1.2,0.9,58.4,1.0,7.0,0.4113131313131313,0.5496000000000001,1.522,4.08958041958042,0.0,0.4,0.75,58.2,2.4,0.4113131313131313,0.4164831712330912,2019,0.4513735976027576,0.05792109077027005,NYG vs. NWE,NWE,1675.3180731156242,1.0,NYG,1460.1332871385273,18.0,1,21,-16.5,1,-1071.0,756.0,0,0
NWE,6.0,6.0,1.0,11.833333333333334,71,12.166666666666666,73,-4.183333333333334,-0.65099804789482,-59.68333333333334,-0.178067041653998,2.7691919191919188,0.6532356532356532,2.115956265956266,5.481187692433853,31.666666666666668,190.0,28.0,8.0,48.0,5.0,AFC East,6,23.666666666666668,142,0.27999999999999997,0.6543333333333333,7.62,3.4767193434095276,1.6666666666666667,1.5,0.75,52.0,1.1666666666666667,9.0,0.4196840196840197,0.5386666666666667,1.515,3.9496503496503497,0.16666666666666666,0.3333333333333333,0.75,55.166666666666664,2.6666666666666665,0.4196840196840197,0.5188123075661473,2019-10-21,2019,0.4284665366475402,0.06300014049733045,NYJ,5.0,1.0,0.2,11.4,57,11.6,58,-29.2,-1.0798351857905633,-15.959999999999997,-0.5952131466946263,1.197835497835498,2.1246320346320346,-0.9267965367965371,1.1845417387129964,12.6,63.0,7.0,24.6,123.0,21.0,AFC East,1,-12.0,-60,0.525,0.6532,3.944,3.047882205513784,0.6,0.4,0.5,76.0,1.4,1.0,0.193781512605042,0.629,6.634,3.5325042446097212,1.0,1.4,0.95,70.8,1.6,0.193781512605042,-0.1845417387129964,2019,0.11827441343511938,0.2762918051276796,NWE vs. NYJ,NYJ,1400.0,23.0,NWE,1585.9935000197115,1.0,0,-33,9.5,0,311.0,-371.0,1,0
NWE,9.0,8.0,0.8888888888888888,11.777777777777779,106,11.666666666666666,105,-7.877777777777778,-0.7593114189611283,-52.611111111111114,0.32751883588309894,2.602926702926703,1.0235936902603568,1.5793330126663458,7.5194049065655575,30.0,270.0,41.0,10.88888888888889,98.0,13.0,AFC East,-1,19.11111111111111,172,0.33095238095238094,0.647,7.0811111111111105,3.3684059723432194,1.5555555555555556,1.4444444444444444,0.7777777777777778,53.77777777777778,1.1111111111111112,17.0,0.4058577225243892,0.5511111111111111,1.9688888888888887,4.455236227187446,0.3333333333333333,0.5555555555555556,0.875,56.666666666666664,3.0,0.4058577225243892,0.4805950934344425,2019-11-17,2019,0.40744695894215116,0.11666427112661139,PHI,9.0,5.0,0.5555555555555556,10.666666666666666,96,11.11111111111111,100,-8.200000000000001,0.013285849586301968,-13.355555555555558,-0.4571962333734889,2.3833333333333333,2.2094035594035595,0.17392977392977393,4.891009985518463,24.88888888888889,224.0,37.0,23.666666666666668,213.0,36.0,NFC East,2,1.2222222222222223,11,0.48273809523809524,0.6257777777777778,6.777777777777778,4.14100324089065,1.6666666666666667,1.1111111111111112,1.0,58.0,1.5555555555555556,-1.0,0.47445952740070385,0.6195555555555556,6.524444444444445,3.670521157930859,1.7777777777777777,1.0,0.6458333333333333,59.888888888888886,1.4444444444444444,0.47445952740070385,0.10899001448153722,2019,0.3900840631201584,0.3243596005792615,NWE vs. PHI,PHI,1548.529931192549,13.0,NWE,1664.9278953144944,2.0,0,-7,4.5,0,186.0,-210.0,0,0
TEN,16.0,9.0,0.5625,10.8125,173,10.9375,175,8.637500000000003,0.7833834810913713,-11.675,-0.13533626785145306,2.423267531080031,1.9054924242424243,0.5177751068376069,8.65439677337176,25.125,402.0,58.0,20.6875,331.0,60.0,AFC South,1,4.4375,71,0.44675435675435676,0.6697500000000001,9.02875,4.911100872395719,1.8125,1.3125,0.55,58.25,1.0625,6.0,0.3773294719985897,0.6453125,6.52125,3.9923811234528945,1.5625,0.875,0.8227272727272728,64.0625,1.4375,0.3773294719985897,0.3456032266282403,2020-01-04,2019,0.3425018017140311,0.32883435485631946,NWE,16.0,12.0,0.75,11.3125,181,11.1875,179,-12.0375,-0.2997659904351203,-36.61875,-0.06632430258290711,2.358653846153846,1.3655757437007436,0.9930781024531025,11.692679293761936,26.25,420.0,69.0,14.0625,225.0,37.0,AFC East,-1,12.1875,195,0.41093869093869095,0.609625,6.67625,3.8279514008692272,1.5625,1.0625,0.8125,51.75,0.9375,21.0,0.383593025642658,0.57025,3.834375,4.061393088721441,0.8125,0.4375,0.925,57.5,2.25,0.383593025642658,0.3073207062380643,2019,0.38853768257266114,0.1977551906881314,TEN vs. NWE,NWE,1580.6462117291228,5.0,TEN,1609.7246910701565,11.0,0,-7,-4.5,0,-214.0,190.0,0,1
NOR,2.0,1.0,0.5,10.0,20,9.5,19,-17.45,0.8210921325051765,9.799999999999997,1.7019927536231887,1.95,2.905555555555556,-0.9555555555555557,0.6096874008594636,19.5,39.0,9.0,27.5,55.0,9.0,NFC South,-1,-8.0,-16,1.0,0.6575000000000001,6.18,4.948809523809524,1.0,0.5,0.875,67.5,1.0,0.0,0.47202797202797203,0.673,9.24,5.829710144927536,2.0,1.5,1.0,67.0,1.0,0.47202797202797203,0.3903125991405364,2019-09-22,2019,0.5378203348066207,0.32928456295433756,SEA,2.0,2.0,1.0,11.5,23,12.0,24,27.5,-0.39983860342555966,-7.450000000000003,-0.3821816770186335,2.1477272727272725,1.9510489510489513,0.19667832167832155,1.0726724499455016,24.5,49.0,7.0,23.0,46.0,9.0,NFC West,2,1.5,3,0.0,0.7645,9.77,3.727878787878788,2.5,1.0,0.0,74.0,1.5,1.0,0.358974358974359,0.637,6.84,3.7455357142857144,2.0,0.5,0.8333333333333333,67.5,2.0,0.358974358974359,0.9273275500544984,2019,0.44546288805177153,0.3613739156352185,NOR vs. SEA,SEA,1585.9935000197115,1.0,NOR,1500.0,10.0,0,-6,-5.0,0,-225.0,199.0,0,0
TAM,4.0,2.0,0.5,11.25,45,11.5,46,-6.875000000000002,-0.2994709066062501,-15.974999999999998,-1.2652024391512375,2.7256993006993007,2.6303418803418803,0.09535742035742029,2.055053030323826,30.75,123.0,21.0,29.25,117.0,19.0,NFC South,1,1.5,6,0.3333333333333333,0.62525,7.505,3.8282464846980977,2.25,0.75,0.8666666666666667,70.5,1.5,3.0,0.3805777555777556,0.6145,6.664999999999999,2.86251495215311,1.25,1.0,0.9375,75.5,2.25,0.3805777555777556,-0.055053030323826135,2019-10-06,2019,0.46024381312888696,0.3040977849122136,NOR,4.0,3.0,0.75,9.75,39,10.25,41,-12.35,0.3865424430641825,-1.5000000000000036,0.38809921962095906,2.1333333333333333,2.265277777777778,-0.1319444444444446,1.832768788371065,21.0,84.0,16.0,23.0,92.0,15.0,NFC South,2,-2.0,-8,1.0,0.6965000000000001,5.967499999999999,4.514259834368531,1.0,0.5,0.9166666666666666,71.25,1.0,2.0,0.4113386613386613,0.66325,8.115,4.515816610925307,1.5,1.5,1.0,62.75,1.5,0.4113386613386613,1.167231211628935,2019,0.529972431961942,0.3811491961855733,TAM vs. NOR,NOR,1619.4097052386594,3.0,TAM,1513.6480496298325,10.0,1,7,-3.0,1,-148.0,133.0,1,0
NOR,9.0,7.0,0.7777777777777778,9.88888888888889,89,10.222222222222221,92,-2.566666666666667,0.2540202682371521,-13.722222222222225,-0.15751615415937653,2.2691358024691355,1.9821937321937324,0.28694207027540364,5.069745739610355,22.666666666666668,204.0,38.0,20.22222222222222,182.0,33.0,NFC South,-1,2.4444444444444446,22,0.6316964285714286,0.7048888888888889,7.113333333333333,4.3817376595415,1.5555555555555556,0.5555555555555556,0.84375,55.55555555555556,0.6666666666666666,4.0,0.42925592925592926,0.6057777777777777,6.573333333333333,3.9702012371449715,1.3333333333333333,0.7777777777777778,1.0,43.22222222222222,1.1111111111111112,0.42925592925592926,1.9302542603896446,2019-11-17,2019,0.5185389037388346,0.3957710031314713,TAM,9.0,3.0,0.3333333333333333,12.222222222222221,110,12.11111111111111,109,-16.0,-0.29825068119247633,0.7888888888888883,-0.6517626158391513,2.427756194422861,2.619922960119039,-0.19216676569617752,4.083343711721675,28.88888888888889,260.0,46.0,31.0,279.0,48.0,NFC South,1,-2.111111111111111,-19,0.48273809523809524,0.5983333333333333,6.61,3.8294667101118716,1.8888888888888888,1.1111111111111112,0.9037037037037037,71.66666666666667,2.3333333333333335,-6.0,0.3878084878084878,0.6436666666666667,7.8244444444444445,3.4759547754651963,2.4444444444444446,0.6666666666666666,0.8722222222222222,64.55555555555556,1.6666666666666667,0.3878084878084878,-1.0833437117216747,2019,0.36784463561697267,0.3384296654815083,NOR vs. TAM,TAM,1513.6480496298325,10.0,NOR,1619.4097052386594,3.0,0,-17,5.0,0,202.0,-230.0,1,0
SFO,12.0,10.0,0.8333333333333334,10.666666666666666,128,10.916666666666666,131,0.6666666666666655,0.18041210846184008,-28.733333333333334,0.5608115572377252,2.711249398749399,1.4033554408554407,1.307893957893958,9.23835232450392,29.083333333333332,349.0,58.0,15.25,183.0,31.0,NFC West,-1,13.833333333333334,166,0.45493572084481176,0.6944166666666667,7.800833333333333,4.308129499766188,1.75,1.3333333333333333,0.7575757575757575,60.166666666666664,1.5,6.0,0.4536648060545119,0.6039166666666667,3.936666666666667,4.688528948542073,1.0,0.5,0.85,61.416666666666664,2.0,0.4536648060545119,0.7616476754960804,2019-12-08,2019,0.4818851335799301,0.23194088927504994,NOR,12.0,10.0,0.8333333333333334,9.833333333333334,118,10.583333333333334,127,-0.21666666666666679,0.4691017263676502,-14.941666666666668,-0.1421089037639217,2.530260942760943,1.9656662781662781,0.5645946645946646,7.167228686690582,24.833333333333332,298.0,55.0,20.666666666666668,248.0,46.0,NFC South,3,4.166666666666667,50,0.5599665486029122,0.7078333333333333,7.220833333333334,4.5968191176719975,1.75,0.5833333333333334,0.8863636363636364,68.33333333333333,0.5833333333333334,11.0,0.4168137418137418,0.6149166666666667,6.208333333333333,3.9856084875404263,1.5833333333333333,0.6666666666666666,0.9333333333333333,40.583333333333336,1.5,0.4168137418137418,2.8327713133094177,2019,0.5761316541186567,0.4175245934463473,SFO vs. NOR,NOR,1701.220711090013,1.0,SFO,1694.1460901955982,1.0,0,-2,-1.0,0,-116.0,105.0,0,0
NOR,14.0,11.0,0.7857142857142857,9.785714285714286,137,10.5,147,5.885714285714286,0.3725383411109963,-12.85714285714286,-0.03606137677389852,2.771067821067821,2.0330710955710956,0.7379967254967256,8.61895863715091,27.0,378.0,69.0,21.642857142857142,303.0,55.0,NFC South,1,5.357142857142857,75,0.5734233715002947,0.7262857142857143,7.892857142857143,4.5002557324153445,2.142857142857143,0.5714285714285714,0.9038461538461539,65.85714285714286,0.5714285714285714,11.0,0.429418993704708,0.6184285714285714,6.467142857142856,4.091656014530449,1.7142857142857142,0.7142857142857143,0.9393939393939394,43.07142857142857,1.3571428571428572,0.429418993704708,2.381041362849089,2019-12-22,2019,0.5893075359940497,0.41105795673309037,TEN,14.0,8.0,0.5714285714285714,10.785714285714286,151,10.928571428571429,153,5.350000000000001,0.6269107119464373,-11.585714285714285,-0.19319486512215758,2.337824675324675,1.8515151515151516,0.4863095238095239,7.430159158933231,24.214285714285715,339.0,49.0,19.928571428571427,279.0,52.0,AFC South,-1,4.285714285714286,60,0.4037641845334153,0.6727857142857143,8.612142857142857,4.754628103250785,1.7142857142857142,1.2142857142857142,0.55,59.92857142857143,1.1428571428571428,6.0,0.3680468690972893,0.6458571428571428,6.562857142857143,3.93452252618219,1.5714285714285714,0.7142857142857143,0.805,65.71428571428571,1.5714285714285714,0.3680468690972893,0.5698408410667692,2019,0.33771154267373305,0.3294265750399029,NOR vs. TEN,TEN,1575.078640133504,11.0,NOR,1670.2196919522582,2.0,0,-10,3.5,0,159.0,-178.0,0,0
NYG,2.0,0.0,0.0,11.0,22,10.0,20,-22.3,3.538459079283888,28.60000000000001,-0.4237958226768961,1.4090909090909092,3.217171717171717,-1.808080808080808,0.31506455543497913,15.5,31.0,5.0,31.5,63.0,9.0,NFC East,-2,-16.0,-32,1.0,0.633,5.43,7.666176470588235,1.0,1.0,0.5,55.0,2.0,-4.0,0.2159090909090909,0.707,11.865,3.7039215686274516,2.5,2.0,,56.0,0.0,0.2159090909090909,-0.31506455543497913,2019-09-22,2019,0.19146993688238872,0.1541104750271297,TAM,2.0,1.0,0.5,10.5,21,11.0,22,-28.349999999999998,-0.18789108857481907,-26.299999999999997,-1.5701516018306634,1.759090909090909,2.2606837606837606,-0.5015928515928517,0.8936456338156628,18.5,37.0,6.0,22.5,45.0,8.0,NFC South,1,-4.0,-8,0.0,0.5980000000000001,5.0,3.9398263027295286,1.0,0.5,0.8333333333333333,76.5,2.0,-1.0,0.3106060606060606,0.5785,5.535,2.557565789473684,0.5,0.0,0.875,68.5,1.5,0.3106060606060606,0.10635436618433725,2019,0.3009077665977624,0.20115533930624313,NYG vs. TAM,TAM,1500.0,10.0,NYG,1414.0064999802885,23.0,0,-1,-5.0,0,-230.0,202.0,0,0
WAS,3.0,0.0,0.0,9.666666666666666,29,8.666666666666666,26,-2.2333333333333343,-1.3929619506665543,18.933333333333337,0.5330985479745897,2.2295454545454545,3.625,-1.3954545454545455,0.8368243956184716,21.0,63.0,11.0,31.333333333333332,94.0,14.0,NFC East,-3,-10.333333333333334,-31,0.75,0.6943333333333334,6.9799999999999995,2.734755440637793,2.3333333333333335,0.3333333333333333,0.75,67.0,1.6666666666666667,-3.0,0.31339031339031337,0.797,8.65,4.660815939278938,3.0,0.6666666666666666,0.8333333333333334,60.333333333333336,0.6666666666666666,0.31339031339031337,-0.8368243956184716,2019-09-29,2019,0.27350496147352654,0.20877510847873587,NYG,3.0,1.0,0.3333333333333333,11.333333333333334,34,11.0,33,-11.533333333333333,2.246224817157985,22.26666666666667,-0.15843634555271327,1.828282828282828,2.9396529396529396,-1.1113701113701113,0.8338667889384421,21.0,63.0,10.0,31.333333333333332,94.0,16.0,NFC East,1,-10.333333333333334,-31,0.75,0.6349999999999999,6.88,6.373942208462332,1.3333333333333333,1.3333333333333333,0.6666666666666666,56.333333333333336,2.0,-5.0,0.2977855477855478,0.6786666666666666,11.243333333333334,3.9692810457516345,2.6666666666666665,1.3333333333333333,0.8,47.333333333333336,0.3333333333333333,0.2977855477855478,0.16613321106155787,2019,0.31040521677074095,0.3500821351210599,WAS vs. NYG,NYG,1476.135291917265,16.0,WAS,1376.135291917265,26.0,1,21,-3.0,1,-163.0,146.0,1,0
NYG,9.0,2.0,0.2222222222222222,10.777777777777779,97,10.333333333333334,93,-21.922222222222224,0.6219140865005048,1.7777777777777795,-0.027655471799703513,1.812008978675645,2.809065009065009,-0.9970560303893637,2.915245961263619,19.555555555555557,176.0,27.0,28.333333333333332,255.0,41.0,NFC East,-5,-8.777777777777779,-79,0.5297619047619048,0.6255555555555555,5.183333333333334,4.7496314778048525,1.4444444444444444,0.6666666666666666,0.7142857142857143,54.333333333333336,2.4444444444444446,-10.0,0.3819897694897695,0.6911111111111111,8.035555555555554,4.100061919504644,1.7777777777777777,1.1111111111111112,0.7214285714285714,66.22222222222223,1.3333333333333333,0.3819897694897695,-0.915245961263619,2019-11-10,2019,0.2500439393423623,0.34704290990226,NYJ,8.0,1.0,0.125,11.25,90,11.5,92,-36.6375,-0.8117791080963277,-7.924999999999997,-0.9793385129330758,1.1441017316017317,2.3083971583971583,-1.1642954267954269,1.6527832035673786,12.0,96.0,13.0,26.375,211.0,36.0,AFC East,-3,-14.375,-115,0.5040816326530612,0.62525,3.03,3.31593828320802,0.75,0.25,0.55,78.5,2.125,-7.0,0.21626135302605892,0.6435,7.14375,3.148378878371272,1.5,1.25,0.90625,70.875,1.25,0.21626135302605892,-0.6527832035673786,2019,0.1326580810467001,0.3104616911298565,NYG vs. NYJ,NYJ,1292.0919242911148,26.0,NYG,1315.6852420288208,25.0,1,7,3.0,1,133.0,-147.0,0,0
NYG,12.0,2.0,0.16666666666666666,10.833333333333334,130,10.333333333333334,124,-20.558333333333334,0.2730008741713998,0.4750000000000014,-0.3727416855397019,1.764722545972546,2.8192356254856255,-1.0545130795130795,3.7216104037081292,19.166666666666668,230.0,36.0,28.25,339.0,55.0,NFC East,-8,-9.083333333333334,-109,0.49912436048799685,0.617,5.275833333333333,4.4007182654757475,1.6666666666666667,0.5,0.6666666666666666,51.416666666666664,2.3333333333333335,-14.0,0.3602357133607133,0.6749166666666667,7.91,3.7549757057646462,1.8333333333333333,1.0833333333333333,0.7716666666666667,62.0,1.1666666666666667,0.3602357133607133,-1.7216104037081292,2019-12-09,2019,0.23719360606827394,0.3429512283575624,PHI,12.0,5.0,0.4166666666666667,10.916666666666666,131,11.166666666666666,134,-11.450000000000001,0.0870303537365283,-12.825000000000003,-0.29516451819419887,2.154292929292929,2.2014971139971142,-0.0472041847041847,5.6904175625927405,22.833333333333332,274.0,47.0,23.666666666666668,284.0,49.0,NFC East,-3,-0.8333333333333334,-10,0.5211465302374393,0.6228333333333333,6.358333333333333,4.214747745040876,1.6666666666666667,0.8333333333333334,0.9772727272727273,55.583333333333336,1.75,-5.0,0.44451985922574155,0.61325,6.6175,3.832552873110149,1.8333333333333333,0.9166666666666666,0.7424242424242423,64.75,1.3333333333333333,0.44451985922574155,-0.6904175625927405,2019,0.33813637058405926,0.3141601613389028,NYG vs. PHI,PHI,1416.1808555732373,18.0,NYG,1221.8753591974714,31.0,1,6,-9.5,0,-411.0,341.0,1,0
NYG,14.0,3.0,0.21428571428571427,11.071428571428571,155,10.714285714285714,150,-19.307142857142857,0.20374242066187742,-0.5142857142857125,-0.297202500648937,1.8116119991119992,2.6558816183816183,-0.8442696192696193,4.850874786301028,20.214285714285715,283.0,44.0,27.285714285714285,382.0,63.0,NFC East,1,-7.071428571428571,-99,0.4721387586772202,0.6162857142857143,5.491428571428571,4.331459811966225,1.7142857142857142,0.6428571428571429,0.7,50.214285714285715,2.2142857142857144,-15.0,0.3531457629671916,0.6657142857142857,7.792142857142857,3.8305148906554107,1.8571428571428572,1.0,0.7402777777777777,58.285714285714285,1.1428571428571428,0.3531457629671916,-1.850874786301028,2019-12-22,2019,0.24634170940219113,0.33447375641096916,WAS,14.0,3.0,0.21428571428571427,10.142857142857142,142,10.214285714285714,143,-23.085714285714285,0.2565737962865293,-6.042857142857143,0.3103247420992176,1.5065428619000047,2.5259222919937203,-1.0193794300937158,3.741482968193387,15.357142857142858,215.0,43.0,24.785714285714285,347.0,59.0,NFC East,-2,-9.428571428571429,-132,0.5730931461700692,0.6228571428571429,4.937142857142858,4.384291187590877,1.0,0.5,0.7708333333333334,55.285714285714285,1.3571428571428572,2.0,0.278047151261437,0.6939285714285715,6.86,4.438042133403565,1.8571428571428572,0.8571428571428571,0.8461538461538461,49.357142857142854,1.5,0.278047151261437,-0.7414829681933872,2019,0.28677878891734626,0.36126498745084423,NYG vs. WAS,WAS,1376.135291917265,26.0,NYG,1476.135291917265,16.0,0,-6,1.0,0,102.0,-112.0,1,0
PHI,15.0,8.0,0.5333333333333333,11.0,165,11.133333333333333,167,-8.393333333333334,0.12594588409343244,-11.273333333333335,-0.28728115342228927,2.213063973063973,2.09018759018759,0.12287638287638283,7.859360732236947,23.4,351.0,59.0,22.466666666666665,337.0,60.0,NFC East,3,0.9333333333333333,14,0.47357483786055216,0.6404666666666666,6.588666666666667,4.2536632753977806,1.7333333333333334,0.8666666666666667,0.8988095238095238,52.06666666666667,1.5333333333333334,-5.0,0.45859207785678374,0.6070666666666666,6.8693333333333335,3.8404362378820585,1.7333333333333334,0.8,0.7976190476190476,60.733333333333334,1.2,0.45859207785678374,0.1406392677630528,2019-12-29,2019,0.3609283704234425,0.3386979465332468,NYG,15.0,4.0,0.26666666666666666,11.066666666666666,166,10.666666666666666,160,-15.919999999999998,0.44318356140259063,1.0400000000000016,-0.3474419548977592,1.9393227143227143,2.712156177156177,-0.7728334628334628,5.443539187551277,21.6,324.0,50.0,27.8,417.0,68.0,NFC East,2,-6.2,-93,0.45372068407782695,0.6196666666666667,5.833333333333333,4.570900952706938,1.9333333333333333,0.6666666666666666,0.6363636363636364,49.06666666666667,2.066666666666667,-15.0,0.3676979501979502,0.6722,7.870666666666667,3.7802754364065887,1.9333333333333333,1.0666666666666667,0.7402777777777777,57.8,1.0666666666666667,0.3676979501979502,-1.443539187551277,2019,0.27221808860338803,0.3557663896860471,PHI vs. NYG,NYG,1221.8753591974714,31.0,PHI,1416.1808555732373,18.0,0,-17,4.0,0,176.0,-198.0,1,0
NYJ,3.0,0.0,0.0,11.333333333333334,34,12.333333333333334,37,-29.599999999999998,-1.1566856452726018,-18.899999999999995,-0.4704334406870638,0.9646464646464646,1.8683261183261184,-0.9036796536796535,0.6131745057440067,11.0,33.0,2.0,23.333333333333332,70.0,13.0,AFC East,-3,-12.333333333333334,-37,0.5,0.6566666666666666,3.6033333333333335,2.971031746031746,0.3333333333333333,0.0,0.5,74.33333333333333,1.0,4.0,0.18487394957983194,0.6196666666666667,6.496666666666667,3.657283950617284,1.3333333333333333,1.3333333333333333,1.0,70.0,2.3333333333333335,0.18487394957983194,-0.6131745057440067,2019-10-06,2019,0.046800499887372414,0.162421003831783,PHI,4.0,2.0,0.5,10.25,41,10.25,41,-2.950000000000001,-0.16078190743338006,-6.600000000000001,-1.020663415868019,2.7954545454545454,2.5704545454545453,0.2249999999999998,2.0569007256291627,27.5,110.0,18.0,26.25,105.0,18.0,NFC East,1,1.25,5,0.5,0.6054999999999999,7.282500000000001,3.9669354838709676,2.25,1.25,1.0,59.5,1.25,0.0,0.5602689793866265,0.62875,7.467499999999999,3.1070539754363287,2.25,0.5,0.7916666666666666,66.25,1.25,0.5602689793866265,-0.05690072562916271,2019,0.4327791886504578,0.32302309108948213,NYJ vs. PHI,PHI,1514.2707417626543,10.0,NYJ,1374.472329358533,26.0,1,25,-14.0,1,-782.0,587.0,0,0
NYJ,9.0,2.0,0.2222222222222222,11.222222222222221,101,11.666666666666666,105,-32.98888888888889,-0.8890289556558394,-5.211111111111109,-1.1788315909220406,1.3604136604136603,2.2826778160111494,-0.9222641555974891,2.2860694791731,14.444444444444445,130.0,18.0,26.444444444444443,238.0,40.0,AFC East,1,-12.0,-108,0.46884920634920635,0.6261111111111111,3.5744444444444445,3.238688435648508,0.7777777777777778,0.4444444444444444,0.5694444444444444,75.77777777777777,1.8888888888888888,-5.0,0.22642034798897542,0.6442222222222223,7.288888888888888,2.948885800382307,1.7777777777777777,1.1111111111111112,0.90625,69.88888888888889,1.3333333333333333,0.22642034798897542,-0.2860694791731002,2019-11-17,2019,0.17255307962033464,0.3265155776011386,WAS,9.0,1.0,0.1111111111111111,9.666666666666666,87,9.555555555555555,86,-21.844444444444445,0.08536471579949846,-3.055555555555555,0.10645625440374766,1.258999333999334,2.607275132275132,-1.3482757982757982,1.639133964198784,12.0,108.0,22.0,24.333333333333332,219.0,38.0,NFC East,-3,-12.333333333333334,-111,0.6577380952380952,0.6613333333333333,4.647777777777778,4.213082107103847,1.0,0.2222222222222222,0.7142857142857143,55.0,1.5555555555555556,-3.0,0.24395357728691064,0.7297777777777777,7.208888888888889,4.234173645708095,1.6666666666666667,0.8888888888888888,0.9166666666666666,48.888888888888886,1.2222222222222223,0.24395357728691064,-0.6391339641987841,2019,0.2349157762294084,0.36138618780419407,NYJ vs. WAS,WAS,1322.127319257963,28.0,NYJ,1345.4820661899223,22.0,0,-17,-1.0,0,-122.0,111.0,0,0
PIT,14.0,8.0,0.5714285714285714,10.785714285714286,151,11.5,161,-20.321428571428573,-0.4717943439731464,-22.292857142857144,-0.4365663868827228,1.8827006327006328,1.6384032634032635,0.24429736929736937,7.487959345777079,19.214285714285715,269.0,50.0,18.5,259.0,46.0,AFC North,-1,0.7142857142857143,10,0.4591901688055534,0.6410714285714285,5.485,3.655923047331201,1.2142857142857142,0.42857142857142855,0.9047619047619048,58.0,1.8571428571428572,9.0,0.3468573093573094,0.6135714285714285,5.1935714285714285,3.6911510044216245,1.5714285714285714,0.42857142857142855,0.7307692307692307,75.21428571428571,2.5,0.3468573093573094,0.512040654222921,2019-12-22,2019,0.343236533922018,0.2757559317188351,NYJ,14.0,5.0,0.35714285714285715,11.071428571428571,155,11.428571428571429,160,-22.407142857142862,-0.7702100177890283,-9.707142857142856,-0.8995064132657834,1.6340754483611626,2.166353487782059,-0.5322780394208967,4.854413101589081,17.642857142857142,247.0,37.0,24.5,343.0,61.0,AFC East,-1,-6.857142857142857,-96,0.42754296985066215,0.6171428571428572,5.175714285714285,3.357507373515319,1.2142857142857142,0.42857142857142855,0.553030303030303,75.85714285714286,1.6428571428571428,-7.0,0.29571600201852305,0.6205714285714287,7.017142857142857,3.228210978038564,1.7142857142857142,0.8571428571428571,0.8159722222222222,59.142857142857146,1.1428571428571428,0.29571600201852305,0.14558689841091876,2019,0.2411920346733659,0.3579825003585116,PIT vs. NYJ,NYJ,1427.1373213122567,21.0,PIT,1554.3400089903655,11.0,1,6,3.0,1,153.0,-171.0,0,0
SEA,10.0,8.0,0.8,11.2,112,10.8,108,14.349999999999998,0.2516213371932837,-15.790000000000001,0.2911659039312494,2.5033741258741258,2.4247552447552447,0.07861888111888118,5.4868426044016125,27.5,275.0,46.0,25.4,254.0,42.0,NFC West,3,2.1,21,0.41613756613756614,0.6959,9.294,4.379338728497631,2.3,0.9,0.71875,57.4,1.3,6.0,0.3874865330747684,0.6234,6.526000000000001,4.418883295235597,1.2,1.2,0.7083333333333334,61.4,1.9,0.3874865330747684,2.5131573955983875,2019-11-24,2019,0.5139332501763623,0.4477338987177151,PHI,10.0,5.0,0.5,10.8,108,11.2,112,-10.36,-0.015100188788477275,-14.490000000000004,-0.4878847128029383,2.2283333333333335,2.13012987012987,0.09820346320346321,5.112399204913608,23.4,234.0,39.0,23.0,230.0,40.0,NFC East,-1,0.4,4,0.5278659611992945,0.6132,6.584999999999999,4.11261720251587,1.6,1.0,1.0,56.1,1.5,-2.0,0.45009049773755655,0.6139,6.38,3.639832678501409,1.7,0.9,0.6851851851851851,62.8,1.3,0.45009049773755655,-0.11239920491360778,2019,0.35705225093367526,0.3174143141102283,SEA vs. PHI,PHI,1514.6811549236545,13.0,SEA,1682.875127694731,2.0,0,-8,1.0,0,-105.0,-105.0,0,0
PHI,13.0,6.0,0.46153846153846156,11.23076923076923,146,11.23076923076923,146,-10.923076923076923,0.046472834887230155,-12.515384615384617,-0.3092070468949795,2.106526806526807,2.1411255411255414,-0.034598734598734596,6.362232592381412,22.846153846153847,297.0,51.0,23.153846153846153,301.0,52.0,NFC East,1,-0.3076923076923077,-4,0.4916065416065416,0.6256923076923078,6.392307692307692,4.174190226191578,1.6923076923076923,0.8461538461538461,0.9375,53.61538461538461,1.6923076923076923,-6.0,0.44329305686771747,0.6045384615384616,6.677692307692308,3.818510344409368,1.8461538461538463,0.8461538461538461,0.7638888888888888,63.92307692307692,1.2307692307692308,0.44329305686771747,-0.36223259238141203,2019-12-15,2019,0.33958173750713805,0.3188429426744818,WAS,13.0,3.0,0.23076923076923078,10.153846153846153,132,10.307692307692308,134,-26.384615384615383,0.24068011141589749,-7.161538461538461,0.2203939171961952,1.4147384666615435,2.403984690523152,-0.9892462238616085,3.419951369019378,14.461538461538462,188.0,38.0,23.846153846153847,310.0,54.0,NFC East,-1,-9.384615384615385,-122,0.5823893698893698,0.6185384615384616,4.5176923076923075,4.368397502720246,0.9230769230769231,0.46153846153846156,0.75,54.92307692307692,1.3846153846153846,2.0,0.2686661628969321,0.6936153846153845,6.818461538461539,4.348111308500543,1.7692307692307692,0.8461538461538461,0.8333333333333334,49.0,1.5384615384615385,0.2686661628969321,-0.4199513690193779,2019,0.2785791654879159,0.35896821244141996,PHI vs. WAS,WAS,1500.0,1.0,PHI,1500.0,1.0,0,-10,7.0,0,247.0,-286.0,1,0
SEA,16.0,11.0,0.6875,10.9375,175,10.75,172,3.724999999999998,0.48785510232915663,-15.293750000000001,0.6007739798121035,2.348462995337995,2.4027285214785215,-0.054265526140526085,8.201233291632589,25.3125,405.0,69.0,24.875,398.0,66.0,NFC West,-2,0.4375,7,0.4684115884115884,0.6655625000000001,8.241875,4.615572493633504,1.9375,0.9375,0.8269230769230769,55.125,1.25,12.0,0.38191122602887306,0.6376875,6.6425,4.728491371116451,1.1875,1.375,0.7380952380952381,49.875,2.0,0.38191122602887306,2.7987667083674115,2020-01-05,2019,0.4632553224561969,0.42685995739543936,PHI,16.0,9.0,0.5625,11.1875,179,11.25,180,-8.65625,0.10404354228429699,-12.175,-0.16421318019467981,2.226533189033189,2.041281635031635,0.18525155400155396,8.697270712992344,24.0625,385.0,65.0,22.125,354.0,63.0,NFC East,4,1.9375,31,0.4597809597809598,0.636375,6.644375,4.231760933588645,1.6875,1.0,0.9055555555555556,52.25,1.4375,-3.0,0.44659673965740143,0.606375,6.7725,3.963504211109668,1.6875,0.8125,0.8111111111111111,59.9375,1.25,0.44659673965740143,0.3027292870076561,2019,0.36999909345513193,0.3347472031532925,SEA vs. PHI,PHI,1514.6811549236545,13.0,SEA,1682.875127694731,2.0,0,-8,1.0,0,-105.0,-105.0,0,0
SEA,1.0,1.0,1.0,12.0,12,13.0,13,27.099999999999994,-1.2477173913043478,4.599999999999994,-1.6991459627329193,1.75,1.5384615384615385,0.21153846153846145,0.5288760045456051,21.0,21.0,3.0,20.0,20.0,4.0,NFC West,1,1.0,1,0.5,0.7,10.0,2.88,2.0,1.0,,55.0,1.0,2.0,0.3333333333333333,0.6859999999999999,8.53,2.4285714285714284,2.0,0.0,0.6666666666666666,57.0,3.0,0.3333333333333333,0.4711239954543949,2019-09-15,2019,0.3677809988635987,0.14496122937058303,PIT,1.0,0.0,0.0,9.0,9,10.0,10,-34.400000000000006,-1.666178929765886,26.599999999999994,-0.7139242878560719,0.3333333333333333,3.3,-2.9666666666666663,0.0033917498480353523,3.0,3.0,1.0,33.0,33.0,7.0,AFC North,-1,-30.0,-30,0.5,0.574,4.91,2.4615384615384617,0.0,0.0,1.0,54.0,1.0,-1.0,0.25,0.6759999999999999,11.51,3.413793103448276,3.0,0.0,1.0,55.0,0.0,0.25,-0.0033917498480353523,2019,0.11073425001688496,-0.0023742248936247544,SEA vs. PIT,PIT,1450.0,16.0,SEA,1550.0,1.0,0,-2,-4.0,0,-197.0,175.0,0,0
PIT,2.0,0.0,0.0,10.0,20,10.5,21,-26.950000000000003,-0.36569816053511683,27.25,-0.1329420517014217,1.3484848484848486,2.922727272727273,-1.574242424242424,0.4595953044481388,14.5,29.0,6.0,30.5,61.0,11.0,AFC North,-2,-16.0,-32,1.0,0.581,5.03,3.762019230769231,1.0,0.5,1.0,66.0,1.0,0.0,0.26136363636363635,0.7525,10.524999999999999,3.994775339602926,3.0,0.5,0.5,74.0,1.0,0.26136363636363635,-0.4595953044481388,2019-09-22,2019,0.23106070433277914,0.14153456312072554,SFO,2.0,2.0,1.0,10.0,20,10.5,21,5.549999999999997,0.4868659420289858,-34.2,-1.1428995775391653,3.5858585858585856,1.6227272727272726,1.963131313131313,1.6955179858008327,36.0,72.0,11.0,17.0,34.0,5.0,NFC West,2,19.0,38,0.0,0.6795,8.754999999999999,4.614583333333334,2.0,1.0,0.7083333333333333,81.0,1.5,2.0,0.4700854700854701,0.5875,4.225,2.9848178137651824,1.5,0.0,0.75,73.5,2.5,0.4700854700854701,0.3044820141991673,2019,0.633732553904771,0.15529547788085324,PIT vs. SFO,SFO,1585.9935000197115,1.0,PIT,1414.0064999802885,23.0,1,4,-6.0,0,-276.0,239.0,0,0
TAM,7.0,2.0,0.2857142857142857,12.285714285714286,86,12.142857142857142,85,-17.085714285714285,-0.3964250277539197,-3.17142857142857,-1.195429216788489,2.3594960594960597,2.578262587086116,-0.21876652759005705,3.116359367351445,28.0,196.0,34.0,30.285714285714285,212.0,36.0,NFC South,-3,-2.2857142857142856,-16,0.46309523809523806,0.5858571428571429,6.532857142857142,3.731292363550428,2.0,0.8571428571428571,0.9238095238095239,67.0,2.4285714285714284,-5.0,0.37071975643404215,0.6424285714285715,7.441428571428571,2.9322881745158584,2.0,0.8571428571428571,0.9071428571428571,64.14285714285714,1.7142857142857142,0.37071975643404215,-1.116359367351445,2019-11-03,2019,0.33229864038214424,0.2954807777736941,SEA,8.0,6.0,0.75,10.5,84,10.25,82,16.4,-0.017848793516533012,-15.4375,0.5171474115008323,2.5196022727272727,2.462491674991675,0.05711059773559779,4.322386409362668,26.0,208.0,35.0,24.5,196.0,32.0,NFC West,1,1.5,12,0.3513605442176871,0.697375,9.715,4.109868597787814,2.125,1.0,0.7083333333333334,56.75,1.0,7.0,0.3947748330101271,0.631625,6.62125,4.64486480280518,1.125,1.25,0.7083333333333334,61.5,1.875,0.3947748330101271,1.677613590637332,2019,0.5040423745123611,0.4232982239335284,TAM vs. SEA,SEA,1590.3376054837593,5.0,TAM,1389.2543632093448,22.0,1,6,-4.0,1,-209.0,185.0,0,0
SEA,9.0,7.0,0.7777777777777778,10.777777777777779,97,10.444444444444445,94,17.988888888888887,0.257822372385831,-13.455555555555556,0.4241282453771799,2.5815268065268064,2.5036963036963034,0.07783050283050288,4.917505812748643,27.555555555555557,248.0,42.0,25.555555555555557,230.0,38.0,NFC West,2,2.0,18,0.3431547619047619,0.6947777777777778,9.791111111111112,4.385539763690179,2.4444444444444446,0.8888888888888888,0.6785714285714286,55.44444444444444,1.0,7.0,0.3786887404534463,0.6346666666666666,6.792222222222222,4.551845636681528,1.2222222222222223,1.3333333333333333,0.7023809523809524,63.77777777777778,1.7777777777777777,0.3786887404534463,2.082494187251357,2019-11-11,2019,0.5331784145069381,0.4528779894982879,SFO,8.0,8.0,1.0,10.5,84,10.875,87,-2.337500000000002,0.321651233677204,-35.9375,0.5817871106772712,2.7574179292929295,1.1720786158286158,1.5853393134643134,6.7448583835070695,29.375,235.0,39.0,12.75,102.0,17.0,NFC West,8,16.625,133,0.32976190476190476,0.705125,7.3575,4.449368624981552,1.625,1.625,0.7261904761904762,52.875,1.5,4.0,0.4894715680561269,0.572875,3.635,4.709504501981619,0.875,0.375,0.7857142857142857,60.625,2.0,0.4894715680561269,1.2551416164929305,2019,0.5371287545286076,0.20163420614997105,SEA vs. SFO,SFO,1750.215589278208,1.0,SEA,1614.2492770791887,3.0,0,-3,-6.5,0,-268.0,233.0,1,0
SFO,15.0,12.0,0.8,10.866666666666667,163,11.0,165,-0.18666666666666837,0.41001004103678285,-21.926666666666666,0.40619218728239714,2.757888407888408,1.7537799237799239,1.0041084841084842,10.659987749154148,30.2,453.0,76.0,19.266666666666666,289.0,48.0,NFC West,1,10.933333333333334,164,0.4797676529819387,0.6882,7.7733333333333325,4.53772743234113,1.8666666666666667,1.3333333333333333,0.8095238095238094,58.8,1.5333333333333334,4.0,0.44515406706583177,0.6121333333333333,4.752,4.533909578586745,1.4,0.6666666666666666,0.8461538461538461,61.86666666666667,1.8,0.44515406706583177,1.3400122508458523,2019-12-29,2019,0.5079104012532862,0.2975032678951923,SEA,15.0,11.0,0.7333333333333333,11.133333333333333,167,11.0,165,4.3666666666666645,0.5177821574602791,-17.5,0.5604511823309779,2.3300271950271947,2.315291375291375,0.014735819735819803,7.825141641353793,25.6,384.0,66.0,24.8,372.0,61.0,NFC West,-1,0.8,12,0.44472670186955904,0.6682666666666667,8.352666666666668,4.645499548764628,1.9333333333333333,0.9333333333333333,0.8269230769230769,56.86666666666667,1.3333333333333333,12.0,0.36927673633555985,0.6256666666666667,6.267333333333334,4.688168573635325,1.2666666666666666,1.2666666666666666,0.717948717948718,49.4,2.1333333333333333,0.36927673633555985,3.1748583586462074,2019,0.4788585435810977,0.42329953934441156,SFO vs. SEA,SEA,1614.2492770791887,3.0,SFO,1750.215589278208,1.0,0,-5,3.5,0,159.0,-177.0,1,0
SFO,5.0,5.0,1.0,11.0,55,11.4,57,-4.24,0.4160427712972785,-43.46,-0.09136602337403232,2.7146464646464645,1.1340559440559441,1.5805905205905204,4.221264009092996,29.4,147.0,24.0,12.8,64.0,11.0,NFC West,5,16.6,83,0.275,0.6990000000000001,7.33,4.543760162601626,1.4,1.6,0.6666666666666666,59.4,2.0,2.0,0.46624274418392064,0.5222,3.138,4.036351367930315,1.0,0.2,0.875,60.6,2.4,0.46624274418392064,0.7787359909070037,2019-10-20,2019,0.5043260501155202,0.1844424417543054,WAS,6.0,1.0,0.16666666666666666,10.666666666666666,64,10.333333333333334,62,-21.2,-0.2804674190543755,-0.6999999999999993,0.41056511954299557,1.5075466200466199,2.8275793650793655,-1.320032745032745,1.4045944882869699,15.0,90.0,16.0,27.833333333333332,167.0,26.0,NFC East,1,-12.833333333333334,-77,0.5666666666666667,0.6343333333333333,4.715,3.8472499722499722,1.5,0.3333333333333333,0.75,64.5,1.8333333333333333,-2.0,0.23245273245273246,0.7353333333333333,6.878333333333334,4.538282510847343,2.3333333333333335,0.8333333333333334,0.9166666666666666,54.333333333333336,1.5,0.23245273245273246,-0.40459448828696987,2019,0.23314189632137625,0.32118425619499674,SFO vs. WAS,WAS,1379.107136945953,25.0,SFO,1681.2906114979533,1.0,0,-9,10.0,1,350.0,-424.0,0,0
TAM,6.0,2.0,0.3333333333333333,12.166666666666666,73,12.166666666666666,73,-14.316666666666668,-0.36343185605107053,-4.933333333333333,-1.2781430924644175,2.457873607873608,2.632973018267136,-0.17509941039352808,2.7102353839949647,28.833333333333332,173.0,29.0,30.833333333333332,185.0,31.0,NFC South,-2,-2.0,-12,0.47000000000000003,0.6021666666666666,6.718333333333334,3.764285535253277,2.0,1.0,0.9111111111111111,63.666666666666664,2.1666666666666665,-2.0,0.35472860472860474,0.6435000000000001,7.5,2.8495742988399306,1.8333333333333333,1.0,0.8916666666666666,62.0,1.8333333333333333,0.35472860472860474,-0.7102353839949647,2019-10-27,2019,0.35023555676745666,0.30361347738848427,TEN,7.0,3.0,0.42857142857142855,11.0,77,10.571428571428571,74,-6.657142857142858,-0.3994180255810469,-12.157142857142857,-0.24899701426464294,1.668073593073593,1.5617549117549119,0.10631868131868132,3.0883057815907726,17.285714285714285,121.0,19.0,16.0,112.0,21.0,AFC South,1,1.2857142857142858,9,0.26944444444444443,0.6404285714285713,7.292857142857143,3.728299365723301,1.2857142857142858,0.7142857142857143,0.7,65.85714285714286,0.7142857142857143,4.0,0.31516466726550757,0.6551428571428571,6.20857142857143,3.8787203770397047,1.4285714285714286,0.42857142857142855,0.875,69.28571428571429,1.2857142857142858,0.31516466726550757,-0.08830578159077263,2019,0.2436404269940173,0.2396632791246984,TAM vs. TEN,TEN,1432.512529851983,16.0,TAM,1440.3874631813833,15.0,1,4,-2.0,1,-122.0,110.0,0,0
