G,Week,Date,Day,Location,Opp,W/L,Tm Pts,Opp Pts,OT,Pass Cmp,Pass Att,Pass Cmp %,Pass Yds,Pass TD,Pass Y/A,Pass Adj Y/A,Pass Rate,Sacks,Sack Yds,Rush Att,Rush Yds,Rush Y/A,Rush TD,Tot Plays,Tot Yds,Avg Yds,FGA,FGM,XPA,XPM,Punt Att,Punt Yds,1st Dwn Pass,1st Dwn Rush,1st Dwn Penalty,Tot 1st Dwn,3rd Dwn Conv,3rd Dwn Att,4th Dwn Conv,4th Dwn Att,Pen,Pen Yds,Fmbl,Int,Tot TO,ToP,Opp Pass Cmp,Opp Pass Att,Opp Pass Cmp %,Opp Pass Yds,Opp Pass TD,Opp Pass Y/A,Opp Pass Adj Y/A,Opp Pass Rate,Opp Sacks,Opp Sack Yds,Opp Rush Att,Opp Rush Yds,Opp Rush Y/A,Opp Rush TD,Opp Tot Plays,Opp Tot Yds,Opp Avg Yds,Opp FGA,Opp FGM,Opp XPA,Opp XPM,Opp Punt Att,Opp Punt Yds,Opp 1st Dwn Pass,Opp 1st Dwn Rush,Opp 1st Dwn Penalty,Opp Tot 1st Dwn,Opp 3rd Dwn Conv,Opp 3rd Dwn Att,Opp 4th Dwn Conv,Opp 4th Dwn Att,Opp Pen,Opp Pen Yds,Opp Fmbl,Opp Int,Opp Tot TO,Opp ToP,Playoffs,Tm,Tm Div,Opp Div
1.0,1.0,2011-09-11,Sun,,CAR,W,28.0,21.0,,18.0,27.0,0.667,295.0,2.0,10.9,12.41,127.9,2.0,14.0,25.0,99.0,3.96,1.0,54.0,394.0,7.3,1.0,0.0,4.0,4.0,5.0,210.0,10.0,4.0,1.0,15.0,5.0,12.0,0.0,0.0,6.0,61.0,1.0,0.0,1.0,27:13,24.0,37.0,0.649,403.0,2.0,10.9,10.76,108.3,4.0,19.0,27.0,74.0,2.740740740740741,1.0,68.0,477.0,7.01,0.0,0.0,3.0,3.0,7.0,289.0,17.0,7.0,2.0,26.0,3.0,11.0,0.0,1.0,10.0,74.0,0.0,1.0,1.0,32:47,0,ARI,NFC West,NFC South
2.0,2.0,2011-09-18,Sun,@,WAS,L,21.0,22.0,,17.0,30.0,0.5670000000000001,231.0,2.0,7.7,7.53,89.7,3.0,20.0,15.0,93.0,6.2,1.0,48.0,324.0,6.75,0.0,0.0,3.0,3.0,6.0,294.0,10.0,6.0,0.0,16.0,3.0,9.0,0.0,0.0,10.0,97.0,1.0,1.0,2.0,21:30,25.0,43.0,0.581,283.0,2.0,6.6,5.42,74.1,1.0,8.0,35.0,172.0,4.914285714285715,0.0,79.0,455.0,5.76,4.0,3.0,1.0,1.0,3.0,118.0,13.0,10.0,5.0,28.0,6.0,17.0,1.0,1.0,3.0,15.0,0.0,2.0,2.0,38:30,0,ARI,NFC West,NFC East
3.0,3.0,2011-09-25,Sun,@,SEA,L,10.0,13.0,,25.0,39.0,0.6409999999999999,234.0,1.0,6.0,4.21,67.7,3.0,18.0,28.0,90.0,3.2142857142857144,0.0,70.0,324.0,4.63,3.0,1.0,1.0,1.0,5.0,206.0,13.0,5.0,2.0,20.0,3.0,14.0,1.0,1.0,2.0,20.0,0.0,2.0,2.0,31:49,18.0,31.0,0.581,139.0,0.0,4.5,3.03,55.7,4.0,32.0,30.0,122.0,4.066666666666666,1.0,65.0,261.0,4.02,2.0,2.0,1.0,1.0,8.0,358.0,8.0,7.0,1.0,16.0,6.0,16.0,0.0,0.0,8.0,39.0,0.0,1.0,1.0,28:11,0,ARI,NFC West,NFC West
4.0,4.0,2011-10-02,Sun,,NYG,L,27.0,31.0,,20.0,34.0,0.588,212.0,0.0,6.2,4.91,64.8,4.0,25.0,32.0,156.0,4.875,3.0,70.0,368.0,5.26,2.0,2.0,3.0,3.0,4.0,180.0,11.0,8.0,3.0,22.0,3.0,12.0,1.0,2.0,11.0,118.0,1.0,1.0,2.0,31:59,27.0,40.0,0.675,306.0,2.0,7.7,8.65,106.9,1.0,15.0,24.0,54.0,2.25,2.0,65.0,360.0,5.54,1.0,1.0,4.0,4.0,5.0,223.0,16.0,5.0,3.0,24.0,6.0,13.0,0.0,0.0,7.0,55.0,2.0,0.0,2.0,28:01,0,ARI,NFC West,NFC East
5.0,5.0,2011-10-09,Sun,@,MIN,L,10.0,34.0,,23.0,48.0,0.479,214.0,0.0,4.5,1.65,34.5,4.0,40.0,24.0,77.0,3.208333333333333,1.0,76.0,291.0,3.83,1.0,1.0,1.0,1.0,5.0,212.0,15.0,3.0,0.0,18.0,8.0,18.0,2.0,4.0,6.0,64.0,1.0,3.0,4.0,31:01,10.0,21.0,0.476,160.0,0.0,7.6,7.62,73.5,1.0,9.0,37.0,172.0,4.648648648648648,4.0,59.0,332.0,5.63,3.0,2.0,4.0,4.0,4.0,190.0,7.0,11.0,2.0,20.0,3.0,10.0,0.0,0.0,5.0,35.0,1.0,0.0,1.0,28:59,0,ARI,NFC West,NFC North
6.0,7.0,2011-10-23,Sun,,PIT,L,20.0,32.0,,18.0,34.0,0.529,257.0,2.0,7.6,7.41,85.0,2.0,15.0,19.0,73.0,3.842105263157895,1.0,55.0,330.0,6.0,0.0,0.0,2.0,2.0,4.0,191.0,15.0,5.0,3.0,23.0,3.0,8.0,1.0,1.0,9.0,74.0,0.0,1.0,1.0,24:13,26.0,39.0,0.667,354.0,3.0,9.1,10.62,121.1,2.0,7.0,28.0,91.0,3.25,0.0,69.0,445.0,6.45,3.0,3.0,3.0,3.0,3.0,118.0,17.0,5.0,4.0,26.0,6.0,12.0,0.0,0.0,9.0,69.0,0.0,0.0,0.0,35:47,0,ARI,NFC West,AFC North
7.0,8.0,2011-10-30,Sun,@,BAL,L,27.0,30.0,,10.0,21.0,0.476,98.0,1.0,4.7,3.48,57.2,6.0,55.0,30.0,109.0,3.633333333333333,1.0,57.0,207.0,3.63,2.0,2.0,3.0,3.0,6.0,240.0,6.0,7.0,4.0,17.0,2.0,11.0,1.0,1.0,12.0,92.0,0.0,1.0,1.0,30:18,31.0,51.0,0.608,298.0,0.0,5.8,4.96,68.9,3.0,38.0,26.0,107.0,4.115384615384615,3.0,80.0,405.0,5.06,3.0,3.0,3.0,3.0,5.0,219.0,15.0,10.0,5.0,30.0,4.0,11.0,0.0,0.0,11.0,99.0,1.0,1.0,2.0,29:42,0,ARI,NFC West,AFC North
8.0,9.0,2011-11-06,Sun,,LAR,W,19.0,13.0,OT,20.0,35.0,0.5710000000000001,192.0,1.0,5.5,6.06,82.1,3.0,30.0,17.0,70.0,4.117647058823529,0.0,55.0,262.0,4.76,2.0,2.0,1.0,1.0,6.0,278.0,10.0,5.0,1.0,16.0,2.0,10.0,0.0,0.0,6.0,45.0,0.0,0.0,0.0,24:59,23.0,36.0,0.639,233.0,0.0,6.5,5.22,70.7,4.0,22.0,35.0,150.0,4.285714285714286,0.0,75.0,383.0,5.11,4.0,3.0,0.0,0.0,7.0,352.0,10.0,11.0,2.0,23.0,3.0,14.0,0.0,1.0,9.0,71.0,0.0,1.0,1.0,36:58,0,ARI,NFC West,NFC West
9.0,10.0,2011-11-13,Sun,@,PHI,W,21.0,17.0,,21.0,40.0,0.525,282.0,3.0,7.1,6.3,79.4,4.0,33.0,29.0,88.0,3.034482758620689,0.0,73.0,370.0,5.07,2.0,0.0,3.0,3.0,6.0,278.0,15.0,6.0,2.0,23.0,6.0,16.0,1.0,1.0,7.0,66.0,0.0,2.0,2.0,31:42,16.0,34.0,0.471,123.0,0.0,3.6,0.97,31.9,2.0,5.0,24.0,166.0,6.916666666666667,1.0,60.0,289.0,4.82,1.0,1.0,2.0,2.0,8.0,342.0,4.0,8.0,3.0,15.0,3.0,15.0,0.0,1.0,11.0,97.0,0.0,2.0,2.0,28:18,0,ARI,NFC West,NFC East
10.0,11.0,2011-11-20,Sun,@,SFO,L,7.0,23.0,,14.0,35.0,0.4,149.0,1.0,4.3,0.97,27.0,2.0,14.0,11.0,80.0,7.272727272727272,0.0,48.0,229.0,4.77,0.0,0.0,1.0,1.0,6.0,279.0,7.0,1.0,3.0,11.0,1.0,9.0,0.0,2.0,6.0,75.0,2.0,3.0,5.0,15:44,20.0,38.0,0.526,267.0,2.0,7.0,6.89,81.8,0.0,0.0,49.0,164.0,3.346938775510204,0.0,87.0,431.0,4.95,6.0,3.0,2.0,2.0,3.0,136.0,14.0,8.0,3.0,25.0,8.0,21.0,2.0,2.0,7.0,87.0,0.0,1.0,1.0,44:16,0,ARI,NFC West,NFC West
11.0,12.0,2011-11-27,Sun,@,LAR,W,23.0,20.0,,12.0,23.0,0.522,106.0,0.0,4.6,0.7,28.5,3.0,8.0,38.0,268.0,7.052631578947368,1.0,64.0,374.0,5.84,3.0,3.0,2.0,2.0,5.0,230.0,4.0,11.0,1.0,16.0,4.0,12.0,0.0,0.0,4.0,30.0,1.0,2.0,3.0,33:59,17.0,32.0,0.531,186.0,1.0,5.8,6.44,81.0,2.0,17.0,22.0,86.0,3.909090909090909,0.0,56.0,272.0,4.86,3.0,2.0,2.0,2.0,7.0,329.0,8.0,4.0,0.0,12.0,3.0,13.0,0.0,0.0,8.0,49.0,2.0,0.0,2.0,26:01,0,ARI,NFC West,NFC West
12.0,13.0,2011-12-04,Sun,,DAL,W,19.0,13.0,OT,16.0,25.0,0.64,224.0,1.0,9.0,9.76,106.1,5.0,23.0,25.0,103.0,4.12,1.0,55.0,327.0,5.95,2.0,2.0,1.0,1.0,7.0,351.0,10.0,5.0,1.0,16.0,4.0,13.0,0.0,0.0,6.0,41.0,0.0,0.0,0.0,29:35,28.0,42.0,0.667,261.0,1.0,6.2,6.69,91.5,5.0,38.0,20.0,75.0,3.75,0.0,67.0,336.0,5.01,4.0,2.0,1.0,1.0,5.0,191.0,14.0,6.0,0.0,20.0,4.0,12.0,0.0,0.0,7.0,49.0,0.0,0.0,0.0,33:42,0,ARI,NFC West,NFC East
13.0,14.0,2011-12-11,Sun,,SFO,W,21.0,19.0,,20.0,29.0,0.69,270.0,3.0,9.3,8.28,104.1,2.0,14.0,23.0,55.0,2.391304347826087,0.0,54.0,325.0,6.02,0.0,0.0,3.0,3.0,7.0,326.0,10.0,1.0,1.0,12.0,3.0,14.0,0.0,0.0,4.0,45.0,1.0,2.0,3.0,29:04,18.0,37.0,0.486,143.0,0.0,3.9,3.86,58.7,5.0,32.0,21.0,90.0,4.285714285714286,1.0,63.0,233.0,3.7,5.0,4.0,1.0,1.0,7.0,372.0,8.0,2.0,2.0,12.0,3.0,17.0,1.0,2.0,5.0,35.0,0.0,0.0,0.0,30:56,0,ARI,NFC West,NFC West
14.0,15.0,2011-12-18,Sun,,CLE,W,20.0,17.0,OT,28.0,46.0,0.609,289.0,1.0,6.3,5.74,77.2,4.0,24.0,24.0,74.0,3.083333333333333,1.0,74.0,363.0,4.91,2.0,2.0,2.0,2.0,7.0,312.0,16.0,5.0,3.0,24.0,8.0,16.0,0.0,0.0,2.0,13.0,0.0,1.0,1.0,32:42,18.0,31.0,0.581,213.0,1.0,6.9,7.52,89.9,2.0,13.0,29.0,120.0,4.137931034482759,1.0,62.0,333.0,5.37,1.0,1.0,2.0,2.0,7.0,278.0,7.0,9.0,0.0,16.0,5.0,14.0,0.0,0.0,9.0,74.0,1.0,0.0,1.0,31:22,0,ARI,NFC West,AFC North
15.0,16.0,2011-12-24,Sat,@,CIN,L,16.0,23.0,,23.0,44.0,0.523,257.0,2.0,5.8,3.68,56.7,5.0,40.0,18.0,59.0,3.2777777777777777,0.0,67.0,316.0,4.72,1.0,1.0,1.0,1.0,6.0,230.0,12.0,4.0,1.0,17.0,4.0,14.0,1.0,2.0,6.0,87.0,0.0,3.0,3.0,28:21,18.0,31.0,0.581,136.0,2.0,4.4,5.68,90.3,2.0,18.0,34.0,165.0,4.852941176470588,0.0,67.0,301.0,4.49,5.0,3.0,2.0,2.0,5.0,215.0,8.0,8.0,5.0,21.0,5.0,14.0,0.0,0.0,6.0,47.0,2.0,0.0,2.0,31:39,0,ARI,NFC West,AFC North
16.0,17.0,2012-01-01,Sun,,SEA,W,23.0,20.0,OT,22.0,40.0,0.55,257.0,1.0,6.4,5.8,72.6,2.0,14.0,31.0,131.0,4.225806451612903,1.0,73.0,388.0,5.32,3.0,3.0,2.0,2.0,7.0,324.0,11.0,7.0,2.0,20.0,7.0,17.0,1.0,1.0,9.0,76.0,1.0,1.0,2.0,35:19,21.0,35.0,0.6,191.0,1.0,5.5,4.74,72.4,4.0,31.0,34.0,178.0,5.235294117647059,1.0,73.0,369.0,5.05,3.0,2.0,2.0,2.0,8.0,357.0,8.0,7.0,4.0,19.0,3.0,16.0,0.0,0.0,7.0,55.0,0.0,1.0,1.0,33:42,0,ARI,NFC West,NFC West
1.0,1.0,2011-09-11,Sun,@,CHI,L,12.0,30.0,,31.0,47.0,0.66,276.0,0.0,5.9,4.91,72.7,5.0,43.0,14.0,110.0,7.857142857142857,0.0,66.0,386.0,5.85,2.0,2.0,0.0,0.0,5.0,192.0,14.0,3.0,3.0,25.0,4.0,13.0,0.0,1.0,9.0,65.0,2.0,1.0,3.0,26:41,22.0,32.0,0.688,289.0,2.0,9.0,8.88,104.8,5.0,23.0,27.0,88.0,3.259259259259259,0.0,64.0,377.0,5.89,3.0,3.0,3.0,3.0,6.0,288.0,11.0,4.0,2.0,17.0,6.0,16.0,0.0,0.0,8.0,56.0,0.0,1.0,1.0,33:19,0,ATL,NFC South,NFC North
2.0,2.0,2011-09-18,Sun,,PHI,W,35.0,31.0,,17.0,28.0,0.607,180.0,4.0,6.4,6.07,89.3,4.0,15.0,29.0,138.0,4.758620689655173,1.0,61.0,318.0,5.21,0.0,0.0,5.0,5.0,7.0,249.0,14.0,5.0,1.0,20.0,6.0,13.0,0.0,0.0,7.0,57.0,0.0,2.0,2.0,29:57,26.0,37.0,0.703,314.0,2.0,8.5,8.35,102.8,0.0,0.0,30.0,133.0,4.433333333333334,2.0,67.0,447.0,6.67,2.0,1.0,4.0,4.0,4.0,179.0,12.0,11.0,4.0,27.0,5.0,11.0,0.0,1.0,4.0,20.0,2.0,1.0,3.0,30:03,0,ATL,NFC South,NFC East
3.0,3.0,2011-09-25,Sun,@,TAM,L,13.0,16.0,,26.0,47.0,0.5529999999999999,295.0,1.0,6.3,5.74,72.6,4.0,35.0,15.0,30.0,2.0,0.0,66.0,325.0,4.92,2.0,2.0,1.0,1.0,3.0,94.0,18.0,2.0,1.0,21.0,5.0,13.0,0.0,1.0,7.0,50.0,2.0,1.0,3.0,24:08,22.0,32.0,0.688,180.0,0.0,5.6,2.81,56.8,0.0,0.0,36.0,115.0,3.1944444444444446,1.0,68.0,295.0,4.34,3.0,3.0,1.0,1.0,3.0,129.0,10.0,8.0,2.0,20.0,5.0,14.0,1.0,1.0,9.0,66.0,0.0,2.0,2.0,35:52,0,ATL,NFC South,NFC South
4.0,4.0,2011-10-02,Sun,@,SEA,W,30.0,28.0,,28.0,42.0,0.667,291.0,1.0,6.9,7.4,94.4,0.0,0.0,36.0,121.0,3.361111111111111,2.0,78.0,412.0,5.28,3.0,3.0,3.0,3.0,4.0,150.0,15.0,8.0,2.0,25.0,9.0,16.0,0.0,0.0,4.0,35.0,0.0,0.0,0.0,40:10,25.0,38.0,0.6579999999999999,319.0,3.0,8.4,7.61,96.3,0.0,0.0,15.0,53.0,3.533333333333333,1.0,53.0,372.0,7.02,1.0,0.0,4.0,4.0,3.0,149.0,14.0,4.0,2.0,20.0,6.0,11.0,0.0,0.0,6.0,40.0,0.0,2.0,2.0,19:50,0,ATL,NFC South,NFC West
5.0,5.0,2011-10-09,Sun,,GNB,L,14.0,25.0,,18.0,32.0,0.563,156.0,1.0,4.9,2.69,53.6,1.0,11.0,22.0,95.0,4.318181818181818,1.0,55.0,251.0,4.56,0.0,0.0,2.0,2.0,5.0,189.0,11.0,5.0,2.0,18.0,5.0,11.0,0.0,0.0,5.0,44.0,0.0,2.0,2.0,26:49,26.0,39.0,0.667,369.0,2.0,9.5,10.49,114.2,4.0,27.0,20.0,57.0,2.85,0.0,63.0,426.0,6.76,4.0,4.0,1.0,1.0,2.0,85.0,14.0,5.0,0.0,19.0,9.0,15.0,0.0,0.0,6.0,55.0,1.0,0.0,1.0,33:11,0,ATL,NFC South,NFC North
6.0,6.0,2011-10-16,Sun,,CAR,W,31.0,17.0,,14.0,22.0,0.636,159.0,1.0,7.2,8.14,100.4,1.0,4.0,35.0,166.0,4.742857142857143,3.0,58.0,325.0,5.6,1.0,1.0,4.0,4.0,3.0,129.0,8.0,13.0,3.0,24.0,7.0,11.0,0.0,0.0,4.0,57.0,0.0,0.0,0.0,30:34,21.0,35.0,0.6,229.0,0.0,6.5,2.69,43.6,1.0,8.0,26.0,139.0,5.346153846153846,2.0,62.0,368.0,5.94,1.0,1.0,2.0,2.0,2.0,81.0,12.0,10.0,2.0,24.0,8.0,12.0,1.0,1.0,7.0,85.0,0.0,3.0,3.0,29:26,0,ATL,NFC South,NFC South
7.0,7.0,2011-10-23,Sun,@,DET,W,23.0,16.0,,20.0,35.0,0.5710000000000001,199.0,1.0,5.7,3.69,59.1,3.0,19.0,31.0,129.0,4.161290322580645,1.0,69.0,328.0,4.75,3.0,3.0,2.0,2.0,5.0,177.0,11.0,4.0,7.0,22.0,7.0,17.0,0.0,0.0,11.0,80.0,0.0,2.0,2.0,34:57,15.0,32.0,0.469,159.0,1.0,5.0,5.59,72.3,3.0,24.0,20.0,104.0,5.2,0.0,55.0,263.0,4.78,3.0,3.0,1.0,1.0,6.0,263.0,8.0,4.0,1.0,13.0,1.0,12.0,1.0,2.0,10.0,84.0,1.0,0.0,1.0,25:03,0,ATL,NFC South,NFC North
8.0,9.0,2011-11-06,Sun,@,IND,W,31.0,7.0,,14.0,24.0,0.583,269.0,3.0,11.2,11.83,119.6,1.0,6.0,41.0,163.0,3.975609756097561,1.0,66.0,432.0,6.55,1.0,1.0,4.0,4.0,7.0,321.0,10.0,11.0,0.0,21.0,6.0,14.0,0.0,0.0,1.0,10.0,0.0,1.0,1.0,37:46,17.0,33.0,0.515,103.0,0.0,3.1,1.76,45.4,2.0,15.0,21.0,83.0,3.952380952380953,0.0,56.0,186.0,3.32,0.0,0.0,1.0,1.0,9.0,451.0,6.0,4.0,0.0,10.0,4.0,14.0,0.0,0.0,6.0,32.0,1.0,1.0,2.0,22:14,0,ATL,NFC South,AFC South
9.0,10.0,2011-11-13,Sun,,NOR,L,23.0,26.0,OT,29.0,52.0,0.5579999999999999,343.0,2.0,6.6,6.5,80.8,1.0,8.0,32.0,138.0,4.3125,0.0,85.0,481.0,5.66,4.0,3.0,2.0,2.0,5.0,227.0,17.0,9.0,4.0,30.0,5.0,16.0,2.0,3.0,10.0,85.0,0.0,1.0,1.0,36:32,30.0,43.0,0.698,322.0,2.0,7.5,8.42,106.9,0.0,0.0,16.0,41.0,2.5625,0.0,59.0,363.0,6.15,5.0,4.0,2.0,2.0,5.0,202.0,16.0,1.0,1.0,18.0,4.0,13.0,0.0,0.0,8.0,79.0,0.0,0.0,0.0,30:03,0,ATL,NFC South,NFC South
10.0,11.0,2011-11-20,Sun,,TEN,W,23.0,17.0,,22.0,32.0,0.688,316.0,1.0,9.9,10.5,110.9,0.0,0.0,36.0,116.0,3.2222222222222223,1.0,68.0,432.0,6.35,3.0,3.0,2.0,2.0,2.0,66.0,13.0,7.0,5.0,25.0,4.0,12.0,1.0,1.0,5.0,55.0,1.0,0.0,1.0,36:59,22.0,44.0,0.5,257.0,2.0,5.8,5.73,73.8,1.0,7.0,14.0,41.0,2.9285714285714284,0.0,59.0,298.0,5.05,1.0,1.0,2.0,2.0,5.0,225.0,13.0,4.0,0.0,17.0,8.0,14.0,1.0,1.0,10.0,86.0,0.0,1.0,1.0,23:01,0,ATL,NFC South,AFC South
11.0,12.0,2011-11-27,Sun,,MIN,W,24.0,14.0,,27.0,34.0,0.794,246.0,3.0,7.2,9.0,126.2,2.0,16.0,29.0,89.0,3.0689655172413794,0.0,65.0,335.0,5.15,1.0,1.0,3.0,3.0,5.0,252.0,15.0,6.0,1.0,22.0,7.0,14.0,0.0,0.0,4.0,30.0,1.0,0.0,1.0,34:39,17.0,25.0,0.68,162.0,1.0,6.5,7.28,99.1,4.0,24.0,24.0,64.0,2.6666666666666665,1.0,53.0,226.0,4.26,0.0,0.0,2.0,2.0,7.0,331.0,8.0,4.0,0.0,12.0,4.0,13.0,1.0,2.0,6.0,49.0,0.0,0.0,0.0,25:21,0,ATL,NFC South,NFC North
12.0,13.0,2011-12-04,Sun,@,HOU,L,10.0,17.0,,20.0,47.0,0.426,267.0,1.0,5.7,4.19,50.6,0.0,0.0,18.0,70.0,3.888888888888889,0.0,65.0,337.0,5.18,1.0,1.0,1.0,1.0,4.0,202.0,13.0,3.0,2.0,18.0,6.0,14.0,0.0,2.0,7.0,43.0,0.0,2.0,2.0,24:56,12.0,25.0,0.48,175.0,1.0,7.0,7.8,84.6,3.0,13.0,44.0,162.0,3.6818181818181817,1.0,72.0,337.0,4.68,2.0,1.0,2.0,2.0,5.0,264.0,9.0,9.0,2.0,20.0,9.0,18.0,1.0,1.0,5.0,35.0,1.0,0.0,1.0,35:04,0,ATL,NFC South,AFC South
13.0,14.0,2011-12-11,Sun,@,CAR,W,31.0,23.0,,22.0,38.0,0.579,308.0,4.0,8.1,10.21,119.2,3.0,12.0,28.0,86.0,3.071428571428572,0.0,69.0,394.0,5.71,2.0,1.0,4.0,4.0,6.0,287.0,14.0,4.0,0.0,18.0,8.0,17.0,0.0,0.0,5.0,50.0,0.0,0.0,0.0,30:43,19.0,39.0,0.487,259.0,2.0,6.6,5.36,66.1,2.0,17.0,23.0,157.0,6.826086956521739,1.0,64.0,416.0,6.5,1.0,0.0,3.0,3.0,6.0,256.0,13.0,5.0,1.0,19.0,5.0,13.0,0.0,1.0,5.0,50.0,0.0,2.0,2.0,29:17,0,ATL,NFC South,NFC South
14.0,15.0,2011-12-15,Thu,,JAX,W,41.0,14.0,,24.0,32.0,0.75,276.0,3.0,8.6,10.5,131.8,1.0,4.0,35.0,97.0,2.771428571428572,1.0,68.0,373.0,5.49,2.0,2.0,5.0,5.0,5.0,204.0,13.0,6.0,1.0,20.0,6.0,15.0,0.0,1.0,4.0,31.0,0.0,0.0,0.0,38:31,12.0,22.0,0.545,91.0,1.0,4.1,3.0,61.0,5.0,50.0,19.0,116.0,6.105263157894737,0.0,46.0,207.0,4.5,0.0,0.0,2.0,2.0,7.0,304.0,8.0,4.0,0.0,12.0,3.0,10.0,0.0,0.0,5.0,40.0,3.0,1.0,4.0,21:29,0,ATL,NFC South,AFC South
15.0,16.0,2011-12-26,Mon,@,NOR,L,16.0,45.0,,40.0,61.0,0.6559999999999999,434.0,1.0,7.1,7.44,91.8,0.0,0.0,14.0,35.0,2.5,0.0,75.0,469.0,6.25,3.0,3.0,1.0,1.0,3.0,150.0,21.0,1.0,1.0,23.0,8.0,17.0,0.0,3.0,7.0,57.0,1.0,0.0,1.0,33:19,23.0,39.0,0.59,299.0,4.0,7.7,7.41,96.0,1.0,8.0,23.0,164.0,7.130434782608695,1.0,63.0,463.0,7.35,1.0,1.0,6.0,6.0,2.0,104.0,17.0,7.0,2.0,26.0,10.0,13.0,0.0,0.0,4.0,46.0,0.0,2.0,2.0,26:41,0,ATL,NFC South,NFC South
16.0,17.0,2012-01-01,Sun,,TAM,W,45.0,24.0,,13.0,21.0,0.619,177.0,2.0,8.4,8.19,100.7,0.0,0.0,38.0,251.0,6.605263157894737,3.0,59.0,428.0,7.25,1.0,1.0,6.0,6.0,2.0,101.0,8.0,13.0,1.0,22.0,6.0,11.0,1.0,1.0,3.0,20.0,1.0,1.0,2.0,30:08,31.0,45.0,0.6890000000000001,259.0,2.0,5.8,3.64,70.5,2.0,15.0,14.0,35.0,2.5,0.0,61.0,294.0,4.82,1.0,1.0,1.0,1.0,3.0,149.0,15.0,3.0,0.0,18.0,6.0,12.0,0.0,1.0,2.0,20.0,1.0,3.0,4.0,29:52,0,ATL,NFC South,NFC South
1.0,18.0,2012-01-08,Sun,@,NYG,L,2.0,24.0,,24.0,41.0,0.585,183.0,0.0,4.5,4.46,69.5,2.0,16.0,21.0,64.0,3.0476190476190474,0.0,64.0,247.0,3.86,0.0,0.0,0.0,0.0,7.0,322.0,9.0,4.0,1.0,14.0,4.0,14.0,0.0,3.0,3.0,15.0,0.0,0.0,0.0,25:26,23.0,32.0,0.7190000000000001,270.0,3.0,8.4,10.31,128.4,1.0,7.0,31.0,172.0,5.548387096774194,0.0,64.0,442.0,6.91,2.0,1.0,3.0,3.0,4.0,183.0,11.0,8.0,0.0,19.0,8.0,15.0,1.0,1.0,7.0,73.0,0.0,0.0,0.0,34:34,1,ATL,NFC South,NFC East
1.0,1.0,2011-09-11,Sun,,PIT,W,35.0,7.0,,17.0,29.0,0.586,215.0,3.0,7.4,9.48,116.3,1.0,9.0,31.0,170.0,5.483870967741935,1.0,61.0,385.0,6.31,2.0,2.0,3.0,3.0,5.0,236.0,10.0,5.0,2.0,17.0,7.0,16.0,0.0,1.0,7.0,75.0,0.0,0.0,0.0,32:31,22.0,41.0,0.537,246.0,1.0,6.0,3.2,49.4,4.0,34.0,16.0,66.0,4.125,0.0,61.0,312.0,5.11,0.0,0.0,1.0,1.0,4.0,211.0,15.0,4.0,1.0,20.0,3.0,9.0,0.0,1.0,6.0,53.0,4.0,3.0,7.0,27:29,0,BAL,AFC North,AFC North
2.0,2.0,2011-09-18,Sun,@,TEN,L,13.0,26.0,,15.0,32.0,0.469,184.0,1.0,5.8,3.56,49.5,3.0,13.0,17.0,45.0,2.647058823529412,0.0,52.0,229.0,4.4,2.0,2.0,1.0,1.0,5.0,225.0,11.0,2.0,2.0,15.0,3.0,10.0,0.0,0.0,7.0,44.0,1.0,2.0,3.0,24:08,30.0,42.0,0.7140000000000001,358.0,1.0,8.5,7.93,95.1,0.0,0.0,29.0,74.0,2.5517241379310347,1.0,71.0,432.0,6.08,5.0,4.0,2.0,2.0,3.0,119.0,16.0,3.0,2.0,21.0,7.0,17.0,2.0,2.0,6.0,70.0,0.0,1.0,1.0,35:52,0,BAL,AFC North,AFC South
3.0,3.0,2011-09-25,Sun,@,LAR,W,37.0,7.0,,27.0,48.0,0.563,385.0,3.0,8.0,9.27,103.2,2.0,4.0,26.0,168.0,6.461538461538462,0.0,76.0,553.0,7.28,5.0,3.0,4.0,4.0,2.0,89.0,17.0,6.0,2.0,25.0,6.0,15.0,1.0,1.0,5.0,32.0,1.0,0.0,1.0,31:11,16.0,32.0,0.5,132.0,1.0,4.1,3.34,58.3,5.0,34.0,26.0,112.0,4.307692307692308,0.0,63.0,244.0,3.87,0.0,0.0,1.0,1.0,8.0,372.0,12.0,4.0,1.0,17.0,4.0,14.0,0.0,1.0,8.0,117.0,1.0,1.0,2.0,28:49,0,BAL,AFC North,NFC West
4.0,4.0,2011-10-02,Sun,,NYJ,W,34.0,17.0,,10.0,31.0,0.3229999999999999,155.0,0.0,5.0,3.55,36.4,2.0,8.0,40.0,112.0,2.8,1.0,73.0,267.0,3.66,2.0,2.0,4.0,4.0,7.0,310.0,9.0,5.0,2.0,16.0,6.0,18.0,0.0,0.0,7.0,46.0,2.0,1.0,3.0,37:28,11.0,35.0,0.314,112.0,0.0,3.2,1.91,29.7,2.0,7.0,19.0,38.0,2.0,0.0,56.0,150.0,2.68,1.0,1.0,2.0,2.0,8.0,346.0,4.0,3.0,0.0,7.0,4.0,15.0,0.0,1.0,9.0,69.0,3.0,1.0,4.0,22:32,0,BAL,AFC North,AFC East
5.0,6.0,2011-10-16,Sun,,HOU,W,29.0,14.0,,20.0,33.0,0.606,289.0,0.0,8.8,7.39,76.5,2.0,16.0,30.0,113.0,3.7666666666666666,2.0,65.0,402.0,6.18,5.0,5.0,2.0,2.0,2.0,90.0,15.0,6.0,3.0,24.0,3.0,11.0,0.0,0.0,5.0,25.0,1.0,1.0,2.0,32:12,21.0,37.0,0.568,200.0,1.0,5.4,5.95,80.9,4.0,20.0,25.0,93.0,3.72,0.0,66.0,293.0,4.44,0.0,0.0,2.0,2.0,6.0,246.0,11.0,5.0,2.0,18.0,6.0,16.0,0.0,3.0,5.0,15.0,0.0,0.0,0.0,27:48,0,BAL,AFC North,AFC South
6.0,7.0,2011-10-24,Mon,@,JAX,L,7.0,12.0,,21.0,38.0,0.5529999999999999,112.0,1.0,2.9,2.29,58.4,3.0,25.0,12.0,34.0,2.833333333333333,0.0,53.0,146.0,2.75,1.0,0.0,1.0,1.0,9.0,470.0,8.0,1.0,2.0,11.0,2.0,12.0,0.0,0.0,10.0,85.0,1.0,1.0,2.0,23:45,9.0,20.0,0.45,73.0,0.0,3.7,3.65,54.8,4.0,20.0,42.0,132.0,3.142857142857143,0.0,66.0,205.0,3.11,4.0,4.0,0.0,0.0,7.0,286.0,5.0,6.0,2.0,13.0,2.0,16.0,1.0,1.0,6.0,90.0,1.0,0.0,1.0,36:15,0,BAL,AFC North,AFC South
7.0,8.0,2011-10-30,Sun,,ARI,W,30.0,27.0,,31.0,51.0,0.608,298.0,0.0,5.8,4.96,68.9,3.0,38.0,26.0,107.0,4.115384615384615,3.0,80.0,405.0,5.06,3.0,3.0,3.0,3.0,5.0,219.0,15.0,10.0,5.0,30.0,4.0,11.0,0.0,0.0,11.0,99.0,1.0,1.0,2.0,29:42,10.0,21.0,0.476,98.0,1.0,4.7,3.48,57.2,6.0,55.0,30.0,109.0,3.633333333333333,1.0,57.0,207.0,3.63,2.0,2.0,3.0,3.0,6.0,240.0,6.0,7.0,4.0,17.0,2.0,11.0,1.0,1.0,12.0,92.0,0.0,1.0,1.0,30:18,0,BAL,AFC North,NFC West
8.0,9.0,2011-11-06,Sun,@,PIT,W,23.0,20.0,,28.0,47.0,0.596,289.0,1.0,6.1,6.57,84.4,3.0,11.0,27.0,67.0,2.4814814814814814,1.0,77.0,356.0,4.62,4.0,3.0,2.0,2.0,2.0,90.0,18.0,2.0,3.0,23.0,14.0,21.0,1.0,1.0,3.0,20.0,1.0,0.0,1.0,33:59,20.0,37.0,0.541,322.0,1.0,8.7,8.03,81.1,1.0,8.0,20.0,70.0,3.5,1.0,58.0,392.0,6.76,2.0,2.0,2.0,2.0,3.0,100.0,15.0,5.0,0.0,20.0,7.0,12.0,0.0,0.0,6.0,69.0,1.0,1.0,2.0,26:01,0,BAL,AFC North,AFC North
9.0,10.0,2011-11-13,Sun,@,SEA,L,17.0,22.0,,30.0,53.0,0.5660000000000001,248.0,2.0,4.7,4.58,73.5,1.0,8.0,12.0,75.0,6.25,0.0,66.0,323.0,4.89,3.0,1.0,2.0,2.0,4.0,188.0,14.0,7.0,4.0,25.0,5.0,12.0,1.0,1.0,4.0,34.0,2.0,1.0,3.0,24:59,17.0,27.0,0.63,208.0,0.0,7.7,7.7,86.7,1.0,9.0,42.0,119.0,2.833333333333333,1.0,70.0,327.0,4.67,5.0,5.0,1.0,1.0,5.0,218.0,9.0,7.0,0.0,16.0,5.0,16.0,1.0,1.0,13.0,100.0,0.0,0.0,0.0,35:01,0,BAL,AFC North,NFC West
10.0,11.0,2011-11-20,Sun,,CIN,W,31.0,24.0,,17.0,27.0,0.63,268.0,2.0,9.9,9.74,105.2,1.0,2.0,28.0,105.0,3.75,2.0,56.0,373.0,6.66,1.0,1.0,4.0,4.0,8.0,391.0,9.0,4.0,0.0,13.0,5.0,14.0,0.0,0.0,6.0,69.0,0.0,1.0,1.0,27:07,24.0,46.0,0.522,364.0,1.0,7.9,5.41,58.6,2.0,9.0,30.0,119.0,3.966666666666667,2.0,78.0,483.0,6.19,1.0,1.0,3.0,3.0,7.0,270.0,13.0,8.0,2.0,23.0,5.0,15.0,0.0,1.0,6.0,43.0,0.0,3.0,3.0,32:53,0,BAL,AFC North,AFC North
11.0,12.0,2011-11-24,Thu,,SFO,W,16.0,6.0,,15.0,23.0,0.652,161.0,1.0,7.0,7.87,100.1,0.0,0.0,35.0,92.0,2.628571428571429,0.0,58.0,253.0,4.36,3.0,3.0,1.0,1.0,4.0,170.0,12.0,3.0,1.0,16.0,7.0,15.0,0.0,0.0,3.0,20.0,0.0,0.0,0.0,31:08,15.0,24.0,0.625,96.0,0.0,4.0,2.13,53.5,9.0,44.0,21.0,74.0,3.523809523809524,0.0,54.0,170.0,3.15,2.0,2.0,0.0,0.0,5.0,288.0,7.0,4.0,1.0,12.0,2.0,12.0,1.0,2.0,7.0,97.0,0.0,1.0,1.0,28:52,0,BAL,AFC North,NFC West
12.0,13.0,2011-12-04,Sun,@,CLE,W,24.0,10.0,,10.0,23.0,0.435,158.0,0.0,6.9,6.87,66.9,1.0,0.0,55.0,290.0,5.2727272727272725,2.0,79.0,448.0,5.67,3.0,1.0,3.0,3.0,3.0,108.0,7.0,16.0,1.0,24.0,9.0,19.0,1.0,2.0,4.0,18.0,1.0,0.0,1.0,37:34,18.0,36.0,0.5,174.0,1.0,4.8,4.14,61.6,3.0,22.0,17.0,59.0,3.4705882352941178,0.0,56.0,233.0,4.16,1.0,1.0,1.0,1.0,8.0,317.0,9.0,2.0,2.0,13.0,3.0,14.0,1.0,1.0,3.0,37.0,0.0,1.0,1.0,22:26,0,BAL,AFC North,AFC North
13.0,14.0,2011-12-11,Sun,,IND,W,24.0,10.0,,23.0,31.0,0.742,212.0,2.0,6.8,6.68,100.5,2.0,15.0,37.0,146.0,3.945945945945946,1.0,70.0,358.0,5.11,1.0,1.0,3.0,3.0,3.0,145.0,13.0,11.0,0.0,24.0,7.0,13.0,0.0,1.0,5.0,40.0,1.0,1.0,2.0,36:08,17.0,37.0,0.4589999999999999,117.0,1.0,3.2,2.49,51.3,4.0,19.0,16.0,50.0,3.125,0.0,57.0,167.0,2.93,1.0,1.0,1.0,1.0,6.0,268.0,9.0,1.0,2.0,12.0,2.0,14.0,3.0,4.0,3.0,15.0,0.0,1.0,1.0,23:52,0,BAL,AFC North,AFC South
14.0,15.0,2011-12-18,Sun,@,LAC,L,14.0,34.0,,24.0,35.0,0.6859999999999999,201.0,2.0,5.7,4.31,78.4,7.0,43.0,14.0,89.0,6.357142857142857,0.0,56.0,290.0,5.18,1.0,0.0,2.0,2.0,2.0,112.0,12.0,6.0,1.0,19.0,7.0,12.0,0.0,0.0,3.0,25.0,0.0,2.0,2.0,25:48,17.0,23.0,0.7390000000000001,270.0,1.0,11.7,12.61,127.1,0.0,0.0,37.0,145.0,3.918918918918919,3.0,60.0,415.0,6.92,3.0,2.0,4.0,4.0,0.0,0.0,14.0,8.0,1.0,23.0,6.0,10.0,0.0,1.0,3.0,35.0,0.0,0.0,0.0,34:12,0,BAL,AFC North,AFC West
15.0,16.0,2011-12-24,Sat,,CLE,W,20.0,14.0,,11.0,24.0,0.4579999999999999,122.0,2.0,5.1,4.88,71.9,1.0,10.0,37.0,162.0,4.378378378378378,0.0,62.0,284.0,4.58,2.0,2.0,2.0,2.0,5.0,223.0,6.0,7.0,2.0,15.0,7.0,17.0,0.0,0.0,5.0,51.0,0.0,1.0,1.0,32:18,19.0,33.0,0.5760000000000001,139.0,1.0,4.2,3.45,65.1,2.0,8.0,25.0,117.0,4.68,0.0,60.0,256.0,4.27,0.0,0.0,2.0,2.0,6.0,251.0,10.0,6.0,2.0,18.0,5.0,13.0,0.0,1.0,6.0,95.0,0.0,1.0,1.0,27:42,0,BAL,AFC North,AFC North
16.0,17.0,2012-01-01,Sun,@,CIN,W,24.0,16.0,,15.0,19.0,0.789,126.0,1.0,6.6,7.68,111.8,1.0,4.0,32.0,221.0,6.90625,2.0,52.0,347.0,6.67,1.0,1.0,3.0,3.0,7.0,327.0,5.0,7.0,3.0,15.0,5.0,13.0,0.0,0.0,7.0,59.0,0.0,0.0,0.0,29:26,22.0,44.0,0.5,231.0,0.0,5.3,5.25,65.6,1.0,1.0,24.0,105.0,4.375,1.0,69.0,336.0,4.87,4.0,3.0,1.0,1.0,4.0,214.0,11.0,6.0,2.0,19.0,8.0,17.0,0.0,0.0,4.0,35.0,1.0,0.0,1.0,30:34,0,BAL,AFC North,AFC North
1.0,19.0,2012-01-15,Sun,,HOU,W,20.0,13.0,,14.0,27.0,0.519,140.0,2.0,5.2,6.67,91.6,5.0,36.0,31.0,87.0,2.806451612903226,0.0,63.0,227.0,3.6,2.0,2.0,2.0,2.0,9.0,444.0,9.0,2.0,0.0,11.0,4.0,16.0,0.0,1.0,0.0,0.0,0.0,0.0,0.0,31:20,17.0,35.0,0.486,184.0,0.0,5.3,1.4,28.7,0.0,0.0,28.0,131.0,4.678571428571429,1.0,63.0,315.0,5.0,3.0,2.0,1.0,1.0,5.0,200.0,11.0,5.0,0.0,16.0,5.0,15.0,0.0,1.0,3.0,20.0,1.0,3.0,4.0,28:40,1,BAL,AFC North,AFC South
2.0,20.0,2012-01-22,Sun,@,NWE,L,20.0,23.0,,22.0,36.0,0.611,282.0,2.0,7.8,7.69,92.6,3.0,24.0,31.0,116.0,3.741935483870968,0.0,70.0,398.0,5.69,3.0,2.0,2.0,2.0,4.0,175.0,13.0,6.0,0.0,19.0,9.0,17.0,0.0,1.0,6.0,33.0,0.0,1.0,1.0,33:33,22.0,36.0,0.611,234.0,0.0,6.5,4.0,56.9,1.0,5.0,31.0,96.0,3.096774193548387,2.0,68.0,330.0,4.85,3.0,3.0,2.0,2.0,2.0,97.0,15.0,8.0,2.0,25.0,5.0,11.0,1.0,1.0,1.0,5.0,1.0,2.0,3.0,26:27,1,BAL,AFC North,AFC East
1.0,1.0,2011-09-11,Sun,@,KAN,W,41.0,7.0,,17.0,26.0,0.654,201.0,4.0,7.7,9.08,112.3,1.0,7.0,39.0,163.0,4.17948717948718,1.0,66.0,364.0,5.52,2.0,2.0,5.0,5.0,5.0,257.0,13.0,9.0,1.0,23.0,7.0,14.0,0.0,0.0,5.0,30.0,0.0,1.0,1.0,37:02,22.0,36.0,0.611,105.0,1.0,2.9,2.22,63.2,2.0,14.0,18.0,108.0,6.0,0.0,56.0,213.0,3.8,1.0,0.0,1.0,1.0,8.0,328.0,8.0,4.0,1.0,13.0,3.0,13.0,0.0,0.0,1.0,3.0,2.0,1.0,3.0,22:58,0,BUF,AFC East,AFC West
2.0,2.0,2011-09-18,Sun,,LVR,W,38.0,35.0,,28.0,46.0,0.609,258.0,3.0,5.6,5.93,88.9,1.0,6.0,24.0,223.0,9.291666666666666,2.0,71.0,481.0,6.77,2.0,1.0,5.0,5.0,2.0,99.0,17.0,12.0,5.0,34.0,4.0,11.0,2.0,2.0,3.0,26.0,0.0,1.0,1.0,30:47,23.0,33.0,0.6970000000000001,323.0,2.0,9.8,9.64,108.5,0.0,0.0,30.0,131.0,4.366666666666666,3.0,63.0,454.0,7.21,0.0,0.0,5.0,5.0,3.0,155.0,17.0,9.0,0.0,26.0,8.0,12.0,1.0,1.0,8.0,85.0,1.0,1.0,2.0,29:13,0,BUF,AFC East,AFC West
3.0,3.0,2011-09-25,Sun,,NWE,W,34.0,31.0,,27.0,40.0,0.675,369.0,2.0,9.2,7.98,92.6,0.0,0.0,20.0,79.0,3.95,1.0,60.0,448.0,7.47,2.0,2.0,4.0,4.0,5.0,253.0,16.0,4.0,4.0,24.0,4.0,11.0,0.0,1.0,9.0,77.0,0.0,2.0,2.0,28:45,30.0,45.0,0.667,387.0,4.0,8.6,6.38,86.1,0.0,0.0,26.0,108.0,4.153846153846154,0.0,71.0,495.0,6.97,1.0,1.0,4.0,4.0,3.0,140.0,21.0,6.0,3.0,30.0,3.0,9.0,2.0,2.0,8.0,93.0,0.0,4.0,4.0,31:15,0,BUF,AFC East,AFC East
4.0,4.0,2011-10-02,Sun,@,CIN,L,20.0,23.0,,20.0,34.0,0.588,190.0,0.0,5.6,5.59,74.4,1.0,9.0,21.0,83.0,3.952380952380953,1.0,56.0,273.0,4.88,2.0,2.0,2.0,2.0,8.0,413.0,6.0,6.0,0.0,12.0,4.0,14.0,0.0,0.0,4.0,26.0,0.0,0.0,0.0,28:39,18.0,36.0,0.5,287.0,1.0,8.0,6.03,63.1,2.0,11.0,32.0,171.0,5.34375,1.0,70.0,458.0,6.54,3.0,3.0,2.0,2.0,5.0,192.0,12.0,12.0,1.0,25.0,5.0,12.0,0.0,0.0,3.0,15.0,0.0,2.0,2.0,31:21,0,BUF,AFC East,AFC North
5.0,5.0,2011-10-09,Sun,,PHI,W,31.0,24.0,,21.0,27.0,0.778,188.0,1.0,7.0,6.04,92.6,1.0,5.0,35.0,143.0,4.085714285714285,2.0,63.0,331.0,5.25,1.0,1.0,4.0,4.0,5.0,251.0,10.0,9.0,2.0,21.0,6.0,14.0,0.0,0.0,4.0,40.0,0.0,1.0,1.0,33:38,26.0,40.0,0.65,315.0,2.0,7.9,4.38,66.1,0.0,0.0,20.0,174.0,8.7,1.0,60.0,489.0,8.15,1.0,1.0,3.0,3.0,2.0,72.0,16.0,7.0,1.0,24.0,2.0,9.0,1.0,1.0,5.0,46.0,1.0,4.0,5.0,26:22,0,BUF,AFC East,NFC East
6.0,6.0,2011-10-16,Sun,@,NYG,L,24.0,27.0,,21.0,30.0,0.7,219.0,2.0,7.3,5.63,85.3,3.0,25.0,23.0,155.0,6.739130434782608,1.0,56.0,374.0,6.68,1.0,1.0,3.0,3.0,3.0,136.0,10.0,4.0,3.0,17.0,5.0,11.0,1.0,2.0,7.0,75.0,0.0,2.0,2.0,29:13,21.0,32.0,0.6559999999999999,292.0,0.0,9.1,9.13,94.8,0.0,0.0,33.0,122.0,3.696969696969697,3.0,65.0,414.0,6.37,3.0,2.0,3.0,3.0,3.0,161.0,12.0,9.0,3.0,24.0,5.0,11.0,0.0,0.0,7.0,79.0,0.0,0.0,0.0,30:47,0,BUF,AFC East,NFC East
7.0,8.0,2011-10-30,Sun,,WAS,W,23.0,0.0,,21.0,27.0,0.778,252.0,2.0,9.3,9.15,114.8,2.0,10.0,33.0,138.0,4.181818181818182,0.0,62.0,390.0,6.29,4.0,3.0,2.0,2.0,3.0,135.0,11.0,5.0,1.0,17.0,7.0,14.0,0.0,0.0,6.0,35.0,1.0,1.0,2.0,34:51,20.0,33.0,0.606,152.0,0.0,4.6,1.88,46.5,10.0,56.0,11.0,26.0,2.363636363636364,0.0,54.0,178.0,3.3,1.0,0.0,0.0,0.0,6.0,284.0,10.0,0.0,0.0,10.0,4.0,14.0,0.0,2.0,4.0,59.0,0.0,2.0,2.0,25:09,0,BUF,AFC East,NFC East
8.0,9.0,2011-11-06,Sun,,NYJ,L,11.0,27.0,,15.0,31.0,0.484,191.0,1.0,6.2,3.9,51.9,0.0,0.0,22.0,96.0,4.363636363636363,0.0,53.0,287.0,5.42,1.0,1.0,0.0,0.0,4.0,190.0,7.0,5.0,2.0,14.0,3.0,11.0,1.0,3.0,6.0,84.0,1.0,2.0,3.0,22:08,20.0,28.0,0.7140000000000001,222.0,1.0,7.9,7.04,91.7,1.0,8.0,39.0,126.0,3.230769230769231,2.0,68.0,348.0,5.12,3.0,2.0,3.0,3.0,2.0,71.0,14.0,8.0,2.0,24.0,6.0,11.0,0.0,0.0,9.0,60.0,1.0,1.0,2.0,37:52,0,BUF,AFC East,AFC East
9.0,10.0,2011-11-13,Sun,@,DAL,L,7.0,44.0,,20.0,31.0,0.645,136.0,1.0,4.4,0.68,45.3,1.0,10.0,17.0,135.0,7.9411764705882355,0.0,49.0,271.0,5.53,1.0,0.0,1.0,1.0,3.0,156.0,7.0,8.0,5.0,20.0,2.0,7.0,0.0,1.0,3.0,12.0,1.0,3.0,4.0,25:28,23.0,26.0,0.885,270.0,3.0,10.4,12.69,148.4,0.0,0.0,35.0,163.0,4.6571428571428575,1.0,61.0,433.0,7.1,3.0,3.0,5.0,5.0,1.0,52.0,15.0,8.0,1.0,24.0,8.0,12.0,0.0,0.0,8.0,74.0,0.0,0.0,0.0,34:32,0,BUF,AFC East,NFC East
10.0,11.0,2011-11-20,Sun,@,MIA,L,8.0,35.0,,21.0,44.0,0.477,204.0,0.0,4.6,2.59,42.2,2.0,11.0,19.0,41.0,2.1578947368421053,0.0,65.0,245.0,3.77,2.0,2.0,0.0,0.0,7.0,295.0,10.0,2.0,2.0,14.0,0.0,12.0,0.0,2.0,3.0,27.0,0.0,2.0,2.0,28:54,14.0,20.0,0.7,147.0,3.0,7.4,10.35,130.6,1.0,13.0,35.0,95.0,2.7142857142857144,1.0,56.0,242.0,4.32,0.0,0.0,5.0,5.0,7.0,337.0,8.0,7.0,1.0,16.0,5.0,12.0,0.0,0.0,4.0,50.0,0.0,0.0,0.0,31:06,0,BUF,AFC East,AFC East
11.0,12.0,2011-11-27,Sun,@,NYJ,L,24.0,28.0,,26.0,39.0,0.667,250.0,3.0,6.4,7.95,110.0,3.0,14.0,28.0,86.0,3.071428571428572,0.0,70.0,336.0,4.8,1.0,1.0,3.0,3.0,7.0,313.0,15.0,5.0,1.0,21.0,6.0,15.0,0.0,1.0,9.0,85.0,0.0,0.0,0.0,36:11,17.0,35.0,0.486,180.0,4.0,5.1,6.14,90.2,0.0,0.0,23.0,138.0,6.0,0.0,58.0,318.0,5.48,0.0,0.0,4.0,4.0,5.0,208.0,11.0,7.0,2.0,20.0,5.0,11.0,1.0,1.0,4.0,40.0,1.0,1.0,2.0,23:49,0,BUF,AFC East,AFC East
12.0,13.0,2011-12-04,Sun,,TEN,L,17.0,23.0,,29.0,46.0,0.63,282.0,1.0,6.1,6.57,87.4,1.0,6.0,23.0,104.0,4.521739130434782,0.0,70.0,386.0,5.51,1.0,1.0,2.0,2.0,4.0,194.0,12.0,6.0,0.0,18.0,7.0,16.0,2.0,4.0,2.0,15.0,2.0,0.0,2.0,31:46,16.0,25.0,0.64,130.0,0.0,5.2,5.2,77.1,1.0,10.0,31.0,187.0,6.032258064516129,2.0,57.0,317.0,5.56,3.0,3.0,2.0,2.0,5.0,239.0,6.0,12.0,0.0,18.0,2.0,11.0,1.0,1.0,3.0,20.0,0.0,0.0,0.0,28:14,0,BUF,AFC East,AFC South
13.0,14.0,2011-12-11,Sun,@,LAC,L,10.0,37.0,,15.0,37.0,0.405,185.0,0.0,5.0,1.35,22.9,1.0,10.0,20.0,96.0,4.8,0.0,58.0,281.0,4.84,2.0,1.0,1.0,1.0,2.0,71.0,10.0,5.0,2.0,17.0,4.0,11.0,0.0,2.0,1.0,5.0,0.0,3.0,3.0,24:27,24.0,33.0,0.727,216.0,3.0,6.5,8.36,120.3,2.0,24.0,32.0,150.0,4.6875,1.0,67.0,366.0,5.46,1.0,1.0,5.0,4.0,3.0,119.0,15.0,7.0,1.0,23.0,8.0,14.0,1.0,1.0,5.0,50.0,1.0,0.0,1.0,35:33,0,BUF,AFC East,AFC West
14.0,15.0,2011-12-18,Sun,,MIA,L,23.0,30.0,,31.0,47.0,0.66,291.0,2.0,6.2,4.17,70.4,3.0,25.0,19.0,113.0,5.947368421052632,1.0,69.0,404.0,5.86,2.0,1.0,2.0,2.0,8.0,384.0,14.0,6.0,1.0,21.0,0.0,11.0,1.0,1.0,11.0,92.0,0.0,3.0,3.0,31:11,10.0,20.0,0.5,194.0,2.0,9.7,11.7,117.5,2.0,23.0,38.0,254.0,6.684210526315789,1.0,60.0,448.0,7.47,3.0,3.0,3.0,3.0,6.0,278.0,6.0,8.0,3.0,17.0,3.0,13.0,0.0,1.0,5.0,62.0,3.0,0.0,3.0,28:49,0,BUF,AFC East,AFC East
15.0,16.0,2011-12-24,Sat,,DEN,W,40.0,14.0,,15.0,27.0,0.556,191.0,0.0,7.1,7.07,77.9,1.0,5.0,28.0,160.0,5.714285714285714,1.0,56.0,351.0,6.27,6.0,4.0,4.0,4.0,4.0,201.0,6.0,7.0,1.0,14.0,2.0,12.0,0.0,0.0,8.0,69.0,0.0,0.0,0.0,29:29,13.0,29.0,0.4479999999999999,152.0,1.0,5.2,1.28,33.2,4.0,33.0,35.0,133.0,3.8,1.0,68.0,285.0,4.19,0.0,0.0,2.0,2.0,7.0,306.0,8.0,7.0,3.0,18.0,2.0,13.0,2.0,3.0,7.0,58.0,0.0,3.0,3.0,30:31,0,BUF,AFC East,AFC West
16.0,17.0,2012-01-01,Sun,@,NWE,L,21.0,49.0,,29.0,46.0,0.63,296.0,2.0,6.4,3.39,59.7,2.0,11.0,20.0,106.0,5.3,1.0,68.0,402.0,5.91,1.0,0.0,3.0,3.0,3.0,124.0,16.0,7.0,3.0,26.0,1.0,7.0,2.0,3.0,5.0,45.0,0.0,4.0,4.0,30:22,24.0,36.0,0.667,342.0,3.0,9.5,9.92,113.4,4.0,18.0,29.0,138.0,4.758620689655173,2.0,69.0,480.0,6.96,2.0,2.0,5.0,5.0,2.0,97.0,17.0,9.0,2.0,28.0,6.0,12.0,0.0,0.0,4.0,77.0,0.0,1.0,1.0,29:38,0,BUF,AFC East,AFC East
1.0,1.0,2011-09-11,Sun,@,ARI,L,21.0,28.0,,24.0,37.0,0.649,403.0,2.0,10.9,10.76,108.3,4.0,19.0,27.0,74.0,2.740740740740741,1.0,68.0,477.0,7.01,0.0,0.0,3.0,3.0,7.0,289.0,17.0,7.0,2.0,26.0,3.0,11.0,0.0,1.0,10.0,74.0,0.0,1.0,1.0,32:47,18.0,27.0,0.667,295.0,2.0,10.9,12.41,127.9,2.0,14.0,25.0,99.0,3.96,1.0,54.0,394.0,7.3,1.0,0.0,4.0,4.0,5.0,210.0,10.0,4.0,1.0,15.0,5.0,12.0,0.0,0.0,6.0,61.0,1.0,0.0,1.0,27:13,0,CAR,NFC South,NFC West
2.0,2.0,2011-09-18,Sun,,GNB,L,23.0,30.0,,28.0,46.0,0.609,404.0,1.0,8.8,6.28,69.5,4.0,28.0,21.0,71.0,3.380952380952381,1.0,71.0,475.0,6.69,3.0,3.0,2.0,2.0,2.0,75.0,18.0,6.0,2.0,26.0,6.0,13.0,0.0,1.0,6.0,50.0,1.0,3.0,4.0,32:34,19.0,30.0,0.633,295.0,2.0,9.8,11.17,118.1,1.0,13.0,21.0,124.0,5.904761904761905,1.0,52.0,419.0,8.06,3.0,3.0,3.0,3.0,3.0,116.0,9.0,5.0,2.0,16.0,5.0,12.0,0.0,1.0,7.0,57.0,1.0,0.0,1.0,27:26,0,CAR,NFC South,NFC North
3.0,3.0,2011-09-25,Sun,,JAX,W,16.0,10.0,,18.0,34.0,0.529,158.0,1.0,4.6,5.24,75.4,0.0,0.0,28.0,107.0,3.821428571428572,0.0,62.0,265.0,4.27,2.0,2.0,0.0,0.0,8.0,307.0,10.0,5.0,1.0,16.0,6.0,16.0,0.0,0.0,8.0,69.0,0.0,0.0,0.0,29:34,12.0,21.0,0.5710000000000001,129.0,1.0,6.1,4.95,71.3,2.0,10.0,34.0,128.0,3.764705882352941,0.0,57.0,257.0,4.51,1.0,1.0,1.0,1.0,6.0,234.0,4.0,7.0,2.0,13.0,3.0,14.0,1.0,2.0,8.0,60.0,0.0,1.0,1.0,30:26,0,CAR,NFC South,AFC South
4.0,4.0,2011-10-02,Sun,@,CHI,L,29.0,34.0,,27.0,46.0,0.5870000000000001,374.0,1.0,8.1,7.59,83.1,0.0,0.0,26.0,169.0,6.5,2.0,72.0,543.0,7.54,5.0,3.0,2.0,2.0,2.0,79.0,14.0,9.0,1.0,24.0,2.0,12.0,1.0,2.0,8.0,52.0,0.0,1.0,1.0,33:29,9.0,17.0,0.529,93.0,0.0,5.5,2.82,44.5,1.0,9.0,31.0,224.0,7.225806451612903,2.0,49.0,317.0,6.47,2.0,2.0,4.0,4.0,4.0,157.0,5.0,9.0,1.0,15.0,3.0,10.0,1.0,1.0,5.0,45.0,0.0,1.0,1.0,26:31,0,CAR,NFC South,NFC North
5.0,5.0,2011-10-09,Sun,,NOR,L,27.0,30.0,,16.0,31.0,0.516,219.0,2.0,7.1,6.9,82.6,1.0,5.0,22.0,162.0,7.363636363636363,2.0,54.0,381.0,7.06,0.0,0.0,4.0,3.0,3.0,132.0,7.0,9.0,4.0,20.0,7.0,12.0,0.0,0.0,7.0,65.0,0.0,1.0,1.0,25:20,32.0,45.0,0.711,343.0,2.0,7.6,7.51,98.7,2.0,16.0,28.0,101.0,3.607142857142857,1.0,75.0,444.0,5.92,3.0,3.0,3.0,3.0,2.0,90.0,20.0,6.0,1.0,27.0,12.0,17.0,0.0,0.0,9.0,82.0,0.0,1.0,1.0,34:40,0,CAR,NFC South,NFC South
6.0,6.0,2011-10-16,Sun,@,ATL,L,17.0,31.0,,21.0,35.0,0.6,229.0,0.0,6.5,2.69,43.6,1.0,8.0,26.0,139.0,5.346153846153846,2.0,62.0,368.0,5.94,1.0,1.0,2.0,2.0,2.0,81.0,12.0,10.0,2.0,24.0,8.0,12.0,1.0,1.0,7.0,85.0,0.0,3.0,3.0,29:26,14.0,22.0,0.636,159.0,1.0,7.2,8.14,100.4,1.0,4.0,35.0,166.0,4.742857142857143,3.0,58.0,325.0,5.6,1.0,1.0,4.0,4.0,3.0,129.0,8.0,13.0,3.0,24.0,7.0,11.0,0.0,0.0,4.0,57.0,0.0,0.0,0.0,30:34,0,CAR,NFC South,NFC South
7.0,7.0,2011-10-23,Sun,,WAS,W,33.0,20.0,,18.0,23.0,0.7829999999999999,232.0,1.0,10.1,10.96,123.2,4.0,24.0,37.0,175.0,4.72972972972973,2.0,64.0,407.0,6.36,4.0,4.0,3.0,3.0,3.0,116.0,10.0,10.0,0.0,20.0,5.0,12.0,0.0,0.0,13.0,105.0,0.0,0.0,0.0,35:30,22.0,37.0,0.595,261.0,1.0,7.1,6.38,78.8,3.0,18.0,23.0,92.0,4.0,1.0,63.0,353.0,5.6,2.0,2.0,2.0,2.0,1.0,37.0,14.0,6.0,2.0,22.0,5.0,12.0,0.0,2.0,3.0,26.0,2.0,1.0,3.0,24:30,0,CAR,NFC South,NFC East
8.0,8.0,2011-10-30,Sun,,MIN,L,21.0,24.0,,22.0,35.0,0.629,265.0,3.0,7.6,9.29,114.6,3.0,25.0,27.0,140.0,5.185185185185185,0.0,65.0,405.0,6.23,1.0,0.0,3.0,3.0,4.0,174.0,11.0,9.0,1.0,21.0,6.0,12.0,1.0,1.0,6.0,60.0,2.0,0.0,2.0,27:55,18.0,28.0,0.643,229.0,1.0,8.2,8.89,101.6,4.0,7.0,33.0,132.0,4.0,2.0,65.0,361.0,5.55,2.0,1.0,3.0,3.0,4.0,179.0,13.0,8.0,1.0,22.0,7.0,14.0,0.0,0.0,4.0,43.0,1.0,0.0,1.0,32:05,0,CAR,NFC South,NFC North
9.0,10.0,2011-11-13,Sun,,TEN,L,3.0,30.0,,23.0,40.0,0.575,166.0,0.0,4.2,3.03,56.9,5.0,46.0,19.0,113.0,5.947368421052632,0.0,64.0,279.0,4.36,2.0,1.0,0.0,0.0,8.0,365.0,9.0,5.0,2.0,16.0,3.0,14.0,0.0,0.0,12.0,99.0,1.0,1.0,2.0,27:24,15.0,27.0,0.556,211.0,1.0,7.8,6.89,77.9,1.0,8.0,35.0,172.0,4.914285714285715,1.0,63.0,383.0,6.08,3.0,3.0,3.0,3.0,5.0,221.0,9.0,8.0,5.0,22.0,3.0,13.0,0.0,0.0,9.0,92.0,0.0,1.0,1.0,32:36,0,CAR,NFC South,AFC South
10.0,11.0,2011-11-20,Sun,@,DET,L,35.0,49.0,,22.0,38.0,0.579,272.0,1.0,7.2,2.95,49.3,1.0,8.0,26.0,137.0,5.269230769230769,2.0,65.0,409.0,6.29,2.0,2.0,3.0,3.0,3.0,122.0,12.0,7.0,5.0,24.0,3.0,10.0,0.0,0.0,7.0,70.0,0.0,4.0,4.0,26:53,28.0,36.0,0.778,326.0,5.0,9.1,9.33,120.8,2.0,9.0,29.0,169.0,5.827586206896552,2.0,67.0,495.0,7.39,0.0,0.0,7.0,7.0,2.0,96.0,17.0,9.0,3.0,29.0,6.0,11.0,0.0,0.0,8.0,56.0,1.0,2.0,3.0,33:07,0,CAR,NFC South,NFC North
11.0,12.0,2011-11-27,Sun,@,IND,W,27.0,19.0,,20.0,27.0,0.741,176.0,0.0,6.5,6.52,91.0,3.0,32.0,35.0,201.0,5.742857142857143,3.0,65.0,377.0,5.8,3.0,2.0,3.0,3.0,4.0,181.0,9.0,13.0,0.0,22.0,6.0,12.0,0.0,0.0,6.0,92.0,1.0,0.0,1.0,36:17,15.0,29.0,0.517,218.0,1.0,7.5,5.1,59.3,2.0,8.0,23.0,105.0,4.565217391304348,1.0,54.0,323.0,5.98,2.0,2.0,1.0,1.0,5.0,228.0,10.0,5.0,2.0,17.0,1.0,9.0,1.0,1.0,2.0,15.0,0.0,2.0,2.0,23:43,0,CAR,NFC South,AFC South
12.0,13.0,2011-12-04,Sun,@,TAM,W,38.0,19.0,,13.0,22.0,0.591,222.0,1.0,10.1,11.0,108.5,2.0,9.0,39.0,163.0,4.17948717948718,4.0,63.0,385.0,6.11,1.0,1.0,5.0,5.0,3.0,114.0,10.0,12.0,4.0,26.0,6.0,11.0,1.0,1.0,2.0,20.0,0.0,0.0,0.0,32:41,16.0,27.0,0.593,207.0,1.0,7.7,6.74,80.3,2.0,22.0,27.0,78.0,2.888888888888889,0.0,56.0,285.0,5.09,4.0,4.0,1.0,1.0,2.0,82.0,11.0,3.0,1.0,15.0,5.0,13.0,0.0,1.0,9.0,73.0,0.0,1.0,1.0,27:19,0,CAR,NFC South,NFC South
13.0,14.0,2011-12-11,Sun,,ATL,L,23.0,31.0,,19.0,39.0,0.487,259.0,2.0,6.6,5.36,66.1,2.0,17.0,23.0,157.0,6.826086956521739,1.0,64.0,416.0,6.5,1.0,0.0,3.0,3.0,6.0,256.0,13.0,5.0,1.0,19.0,5.0,13.0,0.0,1.0,5.0,50.0,0.0,2.0,2.0,29:17,22.0,38.0,0.579,308.0,4.0,8.1,10.21,119.2,3.0,12.0,28.0,86.0,3.071428571428572,0.0,69.0,394.0,5.71,2.0,1.0,4.0,4.0,6.0,287.0,14.0,4.0,0.0,18.0,8.0,17.0,0.0,0.0,5.0,50.0,0.0,0.0,0.0,30:43,0,CAR,NFC South,NFC South
14.0,15.0,2011-12-18,Sun,@,HOU,W,28.0,13.0,,14.0,24.0,0.583,150.0,2.0,6.3,7.92,104.5,2.0,10.0,34.0,166.0,4.882352941176471,2.0,60.0,316.0,5.27,0.0,0.0,4.0,4.0,5.0,252.0,8.0,11.0,1.0,20.0,9.0,14.0,0.0,0.0,7.0,40.0,0.0,0.0,0.0,32:34,19.0,30.0,0.633,208.0,0.0,6.9,3.93,56.0,2.0,4.0,25.0,150.0,6.0,1.0,57.0,358.0,6.28,3.0,2.0,1.0,1.0,2.0,59.0,11.0,7.0,0.0,18.0,2.0,9.0,0.0,0.0,6.0,60.0,1.0,2.0,3.0,27:26,0,CAR,NFC South,AFC South
15.0,16.0,2011-12-24,Sat,,TAM,W,48.0,16.0,,12.0,17.0,0.706,163.0,3.0,9.6,13.12,140.4,1.0,8.0,31.0,270.0,8.709677419354838,3.0,49.0,433.0,8.84,2.0,2.0,6.0,6.0,2.0,93.0,6.0,12.0,2.0,20.0,0.0,6.0,2.0,2.0,8.0,77.0,0.0,0.0,0.0,27:03,28.0,38.0,0.737,258.0,1.0,6.8,6.13,89.6,3.0,16.0,19.0,59.0,3.1052631578947367,1.0,60.0,317.0,5.28,1.0,1.0,1.0,1.0,1.0,59.0,13.0,6.0,4.0,23.0,5.0,11.0,1.0,3.0,7.0,64.0,3.0,1.0,4.0,32:57,0,CAR,NFC South,NFC South
16.0,17.0,2012-01-01,Sun,@,NOR,L,17.0,45.0,,15.0,25.0,0.6,137.0,1.0,5.5,4.48,71.6,2.0,21.0,24.0,164.0,6.833333333333333,1.0,51.0,301.0,5.9,1.0,1.0,2.0,2.0,4.0,183.0,9.0,9.0,3.0,21.0,0.0,5.0,0.0,0.0,1.0,5.0,1.0,1.0,2.0,25:26,31.0,38.0,0.816,409.0,5.0,10.8,12.21,140.1,0.0,0.0,35.0,208.0,5.942857142857143,1.0,73.0,617.0,8.45,1.0,1.0,6.0,6.0,1.0,64.0,23.0,10.0,0.0,33.0,6.0,9.0,0.0,1.0,6.0,60.0,0.0,1.0,1.0,34:34,0,CAR,NFC South,NFC South
1.0,1.0,2011-09-11,Sun,,ATL,W,30.0,12.0,,22.0,32.0,0.688,289.0,2.0,9.0,8.88,104.8,5.0,23.0,27.0,88.0,3.259259259259259,0.0,64.0,377.0,5.89,3.0,3.0,3.0,3.0,6.0,288.0,11.0,4.0,2.0,17.0,6.0,16.0,0.0,0.0,8.0,56.0,0.0,1.0,1.0,33:19,31.0,47.0,0.66,276.0,0.0,5.9,4.91,72.7,5.0,43.0,14.0,110.0,7.857142857142857,0.0,66.0,386.0,5.85,2.0,2.0,0.0,0.0,5.0,192.0,14.0,3.0,3.0,25.0,4.0,13.0,0.0,1.0,9.0,65.0,2.0,1.0,3.0,26:41,0,CHI,NFC North,NFC South
2.0,2.0,2011-09-18,Sun,@,NOR,L,13.0,30.0,,19.0,45.0,0.422,186.0,1.0,4.1,4.58,61.9,6.0,58.0,12.0,60.0,5.0,0.0,63.0,246.0,3.9,2.0,2.0,1.0,1.0,8.0,350.0,14.0,2.0,2.0,18.0,2.0,12.0,0.0,1.0,6.0,47.0,1.0,0.0,1.0,23:46,26.0,37.0,0.703,264.0,3.0,7.1,8.76,117.4,1.0,6.0,29.0,118.0,4.068965517241379,0.0,67.0,382.0,5.7,3.0,3.0,3.0,3.0,5.0,229.0,11.0,5.0,0.0,16.0,8.0,17.0,1.0,1.0,7.0,41.0,1.0,0.0,1.0,36:14,0,CHI,NFC North,NFC South
3.0,3.0,2011-09-25,Sun,,GNB,L,17.0,27.0,,21.0,37.0,0.568,278.0,2.0,7.5,6.16,76.2,3.0,24.0,12.0,13.0,1.0833333333333333,0.0,52.0,291.0,5.6,1.0,1.0,2.0,2.0,7.0,298.0,11.0,1.0,0.0,12.0,3.0,12.0,0.0,1.0,10.0,70.0,0.0,2.0,2.0,22:31,28.0,38.0,0.737,292.0,3.0,7.7,8.08,110.9,2.0,5.0,29.0,100.0,3.4482758620689653,0.0,69.0,392.0,5.68,2.0,2.0,3.0,3.0,6.0,229.0,17.0,6.0,1.0,24.0,5.0,13.0,0.0,0.0,7.0,35.0,1.0,1.0,2.0,37:29,0,CHI,NFC North,NFC North
4.0,4.0,2011-10-02,Sun,,CAR,W,34.0,29.0,,9.0,17.0,0.529,93.0,0.0,5.5,2.82,44.5,1.0,9.0,31.0,224.0,7.225806451612903,2.0,49.0,317.0,6.47,2.0,2.0,4.0,4.0,4.0,157.0,5.0,9.0,1.0,15.0,3.0,10.0,1.0,1.0,5.0,45.0,0.0,1.0,1.0,26:31,27.0,46.0,0.5870000000000001,374.0,1.0,8.1,7.59,83.1,0.0,0.0,26.0,169.0,6.5,2.0,72.0,543.0,7.54,5.0,3.0,2.0,2.0,2.0,79.0,14.0,9.0,1.0,24.0,2.0,12.0,1.0,2.0,8.0,52.0,0.0,1.0,1.0,33:29,0,CHI,NFC North,NFC South
5.0,5.0,2011-10-10,Mon,@,DET,L,13.0,24.0,,28.0,38.0,0.737,237.0,1.0,6.2,6.76,98.2,3.0,12.0,25.0,122.0,4.88,0.0,66.0,359.0,5.44,2.0,2.0,1.0,1.0,5.0,221.0,14.0,5.0,4.0,23.0,4.0,13.0,0.0,1.0,14.0,104.0,0.0,0.0,0.0,39:03,19.0,26.0,0.731,214.0,2.0,8.2,8.04,106.9,1.0,5.0,20.0,181.0,9.05,1.0,47.0,395.0,8.4,1.0,1.0,3.0,3.0,5.0,162.0,9.0,5.0,2.0,16.0,5.0,11.0,0.0,0.0,12.0,94.0,0.0,1.0,1.0,20:57,0,CHI,NFC North,NFC North
6.0,6.0,2011-10-16,Sun,,MIN,W,39.0,10.0,,21.0,31.0,0.677,258.0,2.0,8.3,9.61,114.7,1.0,9.0,28.0,119.0,4.25,1.0,60.0,377.0,6.28,3.0,3.0,4.0,4.0,3.0,115.0,11.0,9.0,2.0,22.0,4.0,11.0,0.0,0.0,3.0,15.0,1.0,0.0,1.0,30:40,28.0,42.0,0.667,233.0,0.0,5.5,5.55,80.8,5.0,43.0,17.0,53.0,3.117647058823529,1.0,64.0,286.0,4.47,2.0,1.0,1.0,1.0,5.0,186.0,12.0,3.0,0.0,15.0,6.0,15.0,0.0,2.0,5.0,40.0,0.0,0.0,0.0,29:20,0,CHI,NFC North,NFC North
7.0,7.0,2011-10-23,Sun,@,TAM,W,24.0,18.0,,17.0,32.0,0.531,218.0,1.0,6.8,4.63,59.1,2.0,8.0,33.0,177.0,5.363636363636363,2.0,67.0,395.0,5.9,2.0,1.0,3.0,3.0,6.0,228.0,9.0,8.0,2.0,19.0,4.0,13.0,0.0,0.0,7.0,54.0,0.0,2.0,2.0,33:12,29.0,52.0,0.5579999999999999,250.0,2.0,4.8,2.12,49.4,1.0,14.0,11.0,30.0,2.727272727272727,0.0,64.0,280.0,4.38,1.0,1.0,1.0,1.0,8.0,381.0,13.0,2.0,1.0,16.0,4.0,14.0,0.0,0.0,8.0,69.0,0.0,4.0,4.0,26:48,0,CHI,NFC North,NFC South
8.0,9.0,2011-11-07,Mon,@,PHI,W,30.0,24.0,,18.0,32.0,0.563,208.0,2.0,6.5,7.75,96.9,0.0,0.0,34.0,164.0,4.823529411764706,1.0,66.0,372.0,5.64,3.0,3.0,3.0,3.0,3.0,103.0,11.0,7.0,4.0,22.0,7.0,14.0,0.0,0.0,6.0,53.0,2.0,0.0,2.0,33:27,21.0,39.0,0.5379999999999999,211.0,0.0,5.4,4.26,58.8,1.0,2.0,23.0,119.0,5.173913043478261,2.0,63.0,330.0,5.24,1.0,1.0,3.0,3.0,2.0,71.0,12.0,7.0,1.0,20.0,8.0,14.0,1.0,3.0,6.0,44.0,1.0,1.0,2.0,26:33,0,CHI,NFC North,NFC East
9.0,10.0,2011-11-13,Sun,,DET,W,37.0,13.0,,9.0,20.0,0.45,107.0,0.0,5.4,5.35,61.9,2.0,16.0,35.0,109.0,3.1142857142857143,1.0,57.0,216.0,3.79,4.0,3.0,4.0,4.0,6.0,280.0,5.0,4.0,3.0,12.0,3.0,13.0,1.0,1.0,4.0,37.0,1.0,0.0,1.0,29:06,33.0,63.0,0.524,313.0,1.0,5.0,2.43,45.3,2.0,16.0,19.0,80.0,4.2105263157894735,0.0,84.0,393.0,4.68,2.0,2.0,1.0,1.0,5.0,245.0,17.0,4.0,1.0,22.0,4.0,17.0,1.0,2.0,4.0,53.0,2.0,4.0,6.0,30:54,0,CHI,NFC North,NFC North
10.0,11.0,2011-11-20,Sun,,LAC,W,31.0,20.0,,18.0,32.0,0.563,286.0,2.0,8.9,8.78,94.0,0.0,0.0,32.0,92.0,2.875,2.0,64.0,378.0,5.91,1.0,1.0,4.0,4.0,3.0,137.0,15.0,7.0,1.0,23.0,8.0,14.0,0.0,1.0,6.0,61.0,0.0,1.0,1.0,33:10,21.0,31.0,0.677,280.0,2.0,9.0,7.42,90.8,0.0,0.0,17.0,52.0,3.0588235294117645,0.0,48.0,332.0,6.92,3.0,2.0,2.0,2.0,3.0,118.0,13.0,1.0,1.0,15.0,5.0,11.0,0.0,0.0,3.0,20.0,1.0,2.0,3.0,26:50,0,CHI,NFC North,AFC West
11.0,12.0,2011-11-27,Sun,@,LVR,L,20.0,25.0,,18.0,36.0,0.5,229.0,2.0,6.4,3.72,54.1,4.0,25.0,27.0,172.0,6.37037037037037,0.0,67.0,401.0,5.99,2.0,2.0,2.0,2.0,5.0,225.0,10.0,8.0,0.0,18.0,6.0,14.0,0.0,0.0,7.0,61.0,0.0,3.0,3.0,29:58,21.0,37.0,0.568,268.0,0.0,7.2,6.03,68.3,4.0,33.0,27.0,73.0,2.703703703703704,1.0,68.0,341.0,5.01,6.0,6.0,1.0,1.0,5.0,273.0,12.0,5.0,0.0,17.0,3.0,15.0,1.0,1.0,6.0,44.0,0.0,1.0,1.0,30:02,0,CHI,NFC North,AFC West
12.0,13.0,2011-12-04,Sun,,KAN,L,3.0,10.0,,11.0,24.0,0.4579999999999999,88.0,0.0,3.7,-1.96,16.0,7.0,45.0,24.0,93.0,3.875,0.0,55.0,181.0,3.29,2.0,1.0,0.0,0.0,7.0,304.0,8.0,3.0,0.0,11.0,0.0,11.0,0.0,2.0,5.0,35.0,0.0,3.0,3.0,27:18,17.0,31.0,0.5479999999999999,139.0,1.0,4.5,5.13,77.2,2.0,18.0,37.0,113.0,3.054054054054054,0.0,70.0,252.0,3.6,1.0,1.0,1.0,1.0,11.0,447.0,7.0,5.0,1.0,13.0,7.0,20.0,1.0,1.0,8.0,60.0,1.0,0.0,1.0,32:42,0,CHI,NFC North,AFC West
13.0,14.0,2011-12-11,Sun,@,DEN,L,10.0,13.0,OT,12.0,19.0,0.632,86.0,0.0,4.5,4.53,73.6,4.0,29.0,38.0,159.0,4.184210526315789,1.0,61.0,245.0,4.02,1.0,1.0,1.0,1.0,11.0,526.0,5.0,7.0,0.0,12.0,2.0,15.0,0.0,0.0,8.0,69.0,1.0,0.0,1.0,31:47,21.0,40.0,0.525,221.0,1.0,5.5,4.9,66.8,5.0,15.0,34.0,124.0,3.647058823529412,0.0,79.0,345.0,4.37,3.0,2.0,1.0,1.0,8.0,363.0,13.0,5.0,2.0,22.0,5.0,17.0,0.0,0.0,4.0,29.0,1.0,1.0,2.0,34:39,0,CHI,NFC North,AFC West
14.0,15.0,2011-12-18,Sun,,SEA,L,14.0,38.0,,11.0,25.0,0.44,89.0,1.0,3.6,-2.84,27.3,4.0,34.0,31.0,132.0,4.258064516129032,0.0,60.0,221.0,3.68,0.0,0.0,2.0,2.0,6.0,238.0,6.0,7.0,0.0,13.0,3.0,10.0,0.0,0.0,5.0,45.0,1.0,4.0,5.0,28:23,19.0,31.0,0.613,226.0,1.0,7.3,7.94,94.3,1.0,1.0,33.0,60.0,1.818181818181818,2.0,65.0,286.0,4.4,1.0,1.0,5.0,5.0,5.0,201.0,11.0,5.0,2.0,18.0,6.0,16.0,0.0,2.0,6.0,36.0,1.0,0.0,1.0,31:37,0,CHI,NFC North,NFC West
15.0,16.0,2011-12-25,Sun,@,GNB,L,21.0,35.0,,19.0,28.0,0.679,242.0,1.0,8.6,6.14,76.8,0.0,0.0,42.0,199.0,4.738095238095238,0.0,70.0,441.0,6.3,3.0,2.0,1.0,1.0,2.0,98.0,13.0,11.0,0.0,24.0,6.0,12.0,0.0,0.0,6.0,28.0,0.0,2.0,2.0,35:48,21.0,29.0,0.7240000000000001,282.0,5.0,9.7,13.17,142.5,1.0,1.0,21.0,81.0,3.857142857142857,0.0,51.0,363.0,7.12,0.0,0.0,5.0,5.0,4.0,176.0,15.0,3.0,1.0,19.0,5.0,9.0,0.0,0.0,0.0,0.0,0.0,0.0,0.0,24:12,0,CHI,NFC North,NFC North
16.0,17.0,2012-01-01,Sun,@,MIN,W,17.0,13.0,,15.0,25.0,0.6,117.0,1.0,4.7,3.68,68.2,7.0,43.0,25.0,92.0,3.68,0.0,57.0,209.0,3.67,1.0,1.0,2.0,2.0,7.0,335.0,5.0,5.0,0.0,10.0,5.0,13.0,0.0,0.0,4.0,20.0,2.0,1.0,3.0,28:46,21.0,42.0,0.5,222.0,0.0,5.3,2.07,36.0,2.0,6.0,27.0,79.0,2.925925925925926,1.0,71.0,301.0,4.24,3.0,2.0,1.0,1.0,6.0,276.0,9.0,7.0,0.0,16.0,3.0,15.0,1.0,2.0,5.0,38.0,0.0,3.0,3.0,31:14,0,CHI,NFC North,NFC North
1.0,1.0,2011-09-11,Sun,@,CLE,W,27.0,17.0,,15.0,27.0,0.556,155.0,2.0,5.7,7.22,97.0,4.0,18.0,33.0,139.0,4.212121212121212,1.0,64.0,294.0,4.59,2.0,2.0,3.0,3.0,8.0,382.0,8.0,6.0,3.0,17.0,7.0,17.0,0.0,0.0,3.0,22.0,0.0,0.0,0.0,30:23,19.0,40.0,0.475,202.0,2.0,5.1,4.93,69.0,2.0,11.0,26.0,83.0,3.1923076923076925,0.0,68.0,285.0,4.19,1.0,1.0,2.0,2.0,8.0,288.0,11.0,5.0,1.0,17.0,4.0,15.0,1.0,2.0,11.0,72.0,0.0,1.0,1.0,29:37,0,CIN,AFC North,AFC North
2.0,2.0,2011-09-18,Sun,@,DEN,L,22.0,24.0,,27.0,41.0,0.659,310.0,2.0,7.6,8.54,104.7,2.0,22.0,20.0,72.0,3.6,0.0,63.0,382.0,6.06,3.0,3.0,1.0,1.0,5.0,205.0,14.0,2.0,2.0,18.0,1.0,11.0,0.0,2.0,7.0,69.0,0.0,0.0,0.0,29:45,15.0,25.0,0.6,187.0,2.0,7.5,9.08,109.9,2.0,8.0,36.0,131.0,3.638888888888889,1.0,63.0,318.0,5.05,1.0,1.0,3.0,3.0,6.0,335.0,8.0,9.0,2.0,19.0,5.0,12.0,0.0,0.0,7.0,55.0,2.0,0.0,2.0,30:15,0,CIN,AFC North,AFC West
3.0,3.0,2011-09-25,Sun,,SFO,L,8.0,13.0,,17.0,32.0,0.531,149.0,0.0,4.7,1.84,39.7,1.0,8.0,20.0,79.0,3.95,0.0,53.0,228.0,4.3,2.0,2.0,0.0,0.0,7.0,317.0,9.0,5.0,0.0,14.0,1.0,10.0,0.0,0.0,6.0,40.0,1.0,2.0,3.0,24:40,20.0,30.0,0.667,176.0,0.0,5.9,5.87,82.1,5.0,25.0,29.0,50.0,1.7241379310344829,1.0,64.0,226.0,3.53,2.0,2.0,1.0,1.0,7.0,320.0,9.0,6.0,1.0,16.0,5.0,15.0,0.0,1.0,12.0,70.0,1.0,0.0,1.0,35:20,0,CIN,AFC North,NFC West
4.0,4.0,2011-10-02,Sun,,BUF,W,23.0,20.0,,18.0,36.0,0.5,287.0,1.0,8.0,6.03,63.1,2.0,11.0,32.0,171.0,5.34375,1.0,70.0,458.0,6.54,3.0,3.0,2.0,2.0,5.0,192.0,12.0,12.0,1.0,25.0,5.0,12.0,0.0,0.0,3.0,15.0,0.0,2.0,2.0,31:21,20.0,34.0,0.588,190.0,0.0,5.6,5.59,74.4,1.0,9.0,21.0,83.0,3.952380952380953,1.0,56.0,273.0,4.88,2.0,2.0,2.0,2.0,8.0,413.0,6.0,6.0,0.0,12.0,4.0,14.0,0.0,0.0,4.0,26.0,0.0,0.0,0.0,28:39,0,CIN,AFC North,AFC East
5.0,5.0,2011-10-09,Sun,@,JAX,W,30.0,20.0,,21.0,33.0,0.636,162.0,2.0,4.9,4.76,83.1,2.0,17.0,31.0,77.0,2.4838709677419355,1.0,66.0,239.0,3.62,1.0,1.0,4.0,3.0,7.0,334.0,11.0,2.0,0.0,13.0,8.0,19.0,2.0,3.0,4.0,33.0,0.0,1.0,1.0,32:33,15.0,28.0,0.536,200.0,1.0,7.1,7.86,88.4,3.0,21.0,27.0,96.0,3.555555555555556,1.0,58.0,296.0,5.1,2.0,2.0,2.0,2.0,7.0,264.0,7.0,5.0,0.0,12.0,6.0,16.0,0.0,0.0,2.0,15.0,2.0,0.0,2.0,27:27,0,CIN,AFC North,AFC South
6.0,6.0,2011-10-16,Sun,,IND,W,27.0,17.0,,25.0,32.0,0.7809999999999999,264.0,1.0,8.3,8.88,111.5,0.0,0.0,31.0,94.0,3.032258064516129,1.0,63.0,358.0,5.68,3.0,2.0,3.0,3.0,5.0,221.0,12.0,4.0,1.0,17.0,6.0,14.0,0.0,0.0,11.0,111.0,0.0,0.0,0.0,33:36,23.0,34.0,0.6759999999999999,179.0,1.0,5.3,4.53,77.9,1.0,9.0,23.0,94.0,4.086956521739131,1.0,58.0,273.0,4.71,2.0,1.0,2.0,2.0,4.0,208.0,10.0,7.0,1.0,18.0,6.0,12.0,0.0,0.0,2.0,11.0,2.0,1.0,3.0,26:24,0,CIN,AFC North,AFC South
7.0,8.0,2011-10-30,Sun,@,SEA,W,34.0,12.0,,18.0,29.0,0.621,160.0,2.0,5.5,3.79,71.0,1.0,8.0,27.0,92.0,3.4074074074074074,0.0,57.0,252.0,4.42,2.0,2.0,4.0,4.0,5.0,226.0,9.0,4.0,5.0,18.0,6.0,14.0,0.0,0.0,7.0,65.0,0.0,2.0,2.0,31:27,25.0,47.0,0.532,350.0,0.0,7.4,6.49,68.6,4.0,25.0,20.0,61.0,3.05,1.0,71.0,411.0,5.79,2.0,2.0,0.0,0.0,6.0,320.0,14.0,5.0,1.0,20.0,5.0,15.0,1.0,2.0,11.0,80.0,1.0,1.0,2.0,28:33,0,CIN,AFC North,NFC West
8.0,9.0,2011-11-06,Sun,@,TEN,W,24.0,17.0,,22.0,39.0,0.564,210.0,3.0,5.4,6.92,97.2,1.0,7.0,30.0,109.0,3.633333333333333,0.0,70.0,319.0,4.56,1.0,1.0,3.0,3.0,7.0,308.0,11.0,7.0,2.0,20.0,8.0,16.0,0.0,0.0,9.0,87.0,0.0,0.0,0.0,32:55,24.0,41.0,0.585,250.0,2.0,6.1,7.07,92.5,2.0,22.0,20.0,78.0,3.9,0.0,63.0,328.0,5.21,1.0,1.0,2.0,2.0,7.0,320.0,14.0,3.0,2.0,19.0,5.0,14.0,1.0,1.0,7.0,100.0,1.0,0.0,1.0,27:05,0,CIN,AFC North,AFC South
9.0,10.0,2011-11-13,Sun,,PIT,L,17.0,24.0,,15.0,30.0,0.5,170.0,2.0,5.7,4.0,61.8,0.0,0.0,26.0,109.0,4.1923076923076925,0.0,56.0,279.0,4.98,1.0,1.0,2.0,2.0,6.0,276.0,7.0,6.0,1.0,14.0,4.0,11.0,0.0,0.0,4.0,35.0,0.0,2.0,2.0,26:07,21.0,33.0,0.636,223.0,1.0,6.8,6.0,80.7,5.0,22.0,30.0,105.0,3.5,2.0,68.0,328.0,4.82,1.0,1.0,3.0,3.0,5.0,257.0,18.0,6.0,0.0,24.0,5.0,12.0,0.0,0.0,4.0,31.0,0.0,1.0,1.0,33:53,0,CIN,AFC North,AFC North
10.0,11.0,2011-11-20,Sun,@,BAL,L,24.0,31.0,,24.0,46.0,0.522,364.0,1.0,7.9,5.41,58.6,2.0,9.0,30.0,119.0,3.966666666666667,2.0,78.0,483.0,6.19,1.0,1.0,3.0,3.0,7.0,270.0,13.0,8.0,2.0,23.0,5.0,15.0,0.0,1.0,6.0,43.0,0.0,3.0,3.0,32:53,17.0,27.0,0.63,268.0,2.0,9.9,9.74,105.2,1.0,2.0,28.0,105.0,3.75,2.0,56.0,373.0,6.66,1.0,1.0,4.0,4.0,8.0,391.0,9.0,4.0,0.0,13.0,5.0,14.0,0.0,0.0,6.0,69.0,0.0,1.0,1.0,27:07,0,CIN,AFC North,AFC North
11.0,12.0,2011-11-27,Sun,,CLE,W,23.0,20.0,,21.0,31.0,0.677,257.0,1.0,8.3,8.94,103.8,2.0,13.0,32.0,132.0,4.125,1.0,65.0,389.0,5.98,3.0,3.0,2.0,2.0,4.0,191.0,13.0,4.0,1.0,18.0,6.0,14.0,0.0,1.0,5.0,35.0,1.0,0.0,1.0,31:34,16.0,34.0,0.471,140.0,2.0,4.1,3.97,65.8,2.0,11.0,30.0,134.0,4.466666666666667,0.0,66.0,274.0,4.15,3.0,2.0,2.0,2.0,5.0,215.0,7.0,9.0,1.0,17.0,6.0,15.0,0.0,1.0,3.0,15.0,0.0,1.0,1.0,28:26,0,CIN,AFC North,AFC North
12.0,13.0,2011-12-04,Sun,@,PIT,L,7.0,35.0,,14.0,30.0,0.467,128.0,1.0,4.3,3.43,56.0,3.0,24.0,22.0,104.0,4.727272727272728,0.0,55.0,232.0,4.22,1.0,0.0,1.0,1.0,7.0,317.0,7.0,6.0,0.0,13.0,2.0,11.0,1.0,1.0,10.0,109.0,1.0,1.0,2.0,27:16,15.0,23.0,0.652,159.0,2.0,6.9,8.65,114.2,3.0,17.0,33.0,136.0,4.121212121212121,2.0,59.0,295.0,5.0,1.0,0.0,5.0,5.0,5.0,271.0,10.0,9.0,3.0,22.0,2.0,10.0,0.0,0.0,4.0,29.0,0.0,0.0,0.0,32:44,0,CIN,AFC North,AFC North
13.0,14.0,2011-12-11,Sun,,HOU,L,19.0,20.0,,16.0,28.0,0.5710000000000001,184.0,1.0,6.6,7.29,89.0,1.0,5.0,29.0,101.0,3.4827586206896552,0.0,58.0,285.0,4.91,4.0,4.0,1.0,1.0,4.0,186.0,8.0,6.0,2.0,16.0,5.0,13.0,1.0,1.0,3.0,27.0,2.0,0.0,2.0,28:16,26.0,44.0,0.591,268.0,2.0,6.1,5.98,82.4,5.0,32.0,28.0,144.0,5.142857142857143,0.0,77.0,412.0,5.35,3.0,2.0,2.0,2.0,2.0,103.0,17.0,7.0,1.0,25.0,9.0,16.0,0.0,1.0,5.0,50.0,3.0,1.0,4.0,31:44,0,CIN,AFC North,AFC South
14.0,15.0,2011-12-18,Sun,@,LAR,W,20.0,13.0,,15.0,26.0,0.5770000000000001,173.0,0.0,6.7,4.92,61.9,1.0,6.0,34.0,110.0,3.235294117647059,2.0,61.0,283.0,4.64,2.0,2.0,2.0,2.0,5.0,169.0,7.0,7.0,5.0,19.0,3.0,11.0,0.0,1.0,11.0,101.0,0.0,1.0,1.0,30:03,25.0,36.0,0.6940000000000001,210.0,1.0,5.8,6.39,93.5,3.0,19.0,24.0,95.0,3.9583333333333335,0.0,63.0,305.0,4.84,3.0,2.0,1.0,1.0,7.0,300.0,13.0,2.0,3.0,18.0,2.0,13.0,0.0,1.0,10.0,109.0,0.0,0.0,0.0,29:57,0,CIN,AFC North,NFC West
15.0,16.0,2011-12-24,Sat,,ARI,W,23.0,16.0,,18.0,31.0,0.581,136.0,2.0,4.4,5.68,90.3,2.0,18.0,34.0,165.0,4.852941176470588,0.0,67.0,301.0,4.49,5.0,3.0,2.0,2.0,5.0,215.0,8.0,8.0,5.0,21.0,5.0,14.0,0.0,0.0,6.0,47.0,2.0,0.0,2.0,31:39,23.0,44.0,0.523,257.0,2.0,5.8,3.68,56.7,5.0,40.0,18.0,59.0,3.2777777777777777,0.0,67.0,316.0,4.72,1.0,1.0,1.0,1.0,6.0,230.0,12.0,4.0,1.0,17.0,4.0,14.0,1.0,2.0,6.0,87.0,0.0,3.0,3.0,28:21,0,CIN,AFC North,NFC West
16.0,17.0,2012-01-01,Sun,,BAL,L,16.0,24.0,,22.0,44.0,0.5,231.0,0.0,5.3,5.25,65.6,1.0,1.0,24.0,105.0,4.375,1.0,69.0,336.0,4.87,4.0,3.0,1.0,1.0,4.0,214.0,11.0,6.0,2.0,19.0,8.0,17.0,0.0,0.0,4.0,35.0,1.0,0.0,1.0,30:34,15.0,19.0,0.789,126.0,1.0,6.6,7.68,111.8,1.0,4.0,32.0,221.0,6.90625,2.0,52.0,347.0,6.67,1.0,1.0,3.0,3.0,7.0,327.0,5.0,7.0,3.0,15.0,5.0,13.0,0.0,0.0,7.0,59.0,0.0,0.0,0.0,29:26,0,CIN,AFC North,AFC North
1.0,18.0,2012-01-07,Sat,@,HOU,L,10.0,31.0,,27.0,42.0,0.643,224.0,0.0,5.3,2.12,48.1,4.0,33.0,19.0,76.0,4.0,1.0,65.0,300.0,4.62,2.0,1.0,1.0,1.0,3.0,145.0,11.0,8.0,2.0,21.0,6.0,13.0,0.0,2.0,3.0,25.0,0.0,3.0,3.0,30:17,11.0,20.0,0.55,152.0,1.0,7.6,8.6,96.2,2.0,7.0,35.0,188.0,5.371428571428571,2.0,57.0,340.0,5.96,1.0,1.0,4.0,4.0,5.0,251.0,9.0,9.0,1.0,19.0,6.0,12.0,0.0,0.0,5.0,87.0,0.0,0.0,0.0,29:43,1,CIN,AFC North,AFC South
1.0,1.0,2011-09-11,Sun,,CIN,L,17.0,27.0,,19.0,40.0,0.475,202.0,2.0,5.1,4.93,69.0,2.0,11.0,26.0,83.0,3.1923076923076925,0.0,68.0,285.0,4.19,1.0,1.0,2.0,2.0,8.0,288.0,11.0,5.0,1.0,17.0,4.0,15.0,1.0,2.0,11.0,72.0,0.0,1.0,1.0,29:37,15.0,27.0,0.556,155.0,2.0,5.7,7.22,97.0,4.0,18.0,33.0,139.0,4.212121212121212,1.0,64.0,294.0,4.59,2.0,2.0,3.0,3.0,8.0,382.0,8.0,6.0,3.0,17.0,7.0,17.0,0.0,0.0,3.0,22.0,0.0,0.0,0.0,30:23,0,CLE,AFC North,AFC North
2.0,2.0,2011-09-18,Sun,@,IND,W,27.0,19.0,,22.0,32.0,0.688,197.0,1.0,6.2,6.78,95.4,1.0,14.0,34.0,106.0,3.117647058823529,2.0,67.0,303.0,4.52,2.0,2.0,3.0,3.0,5.0,201.0,9.0,8.0,1.0,18.0,8.0,16.0,1.0,1.0,3.0,49.0,1.0,0.0,1.0,34:34,19.0,38.0,0.5,176.0,1.0,4.6,3.97,60.9,2.0,15.0,26.0,109.0,4.1923076923076925,0.0,66.0,285.0,4.32,4.0,4.0,1.0,1.0,4.0,208.0,12.0,6.0,1.0,19.0,4.0,14.0,0.0,0.0,4.0,21.0,1.0,1.0,2.0,25:26,0,CLE,AFC North,AFC South
3.0,3.0,2011-09-25,Sun,,MIA,W,17.0,16.0,,19.0,39.0,0.487,210.0,2.0,5.4,5.26,71.5,0.0,0.0,19.0,70.0,3.684210526315789,0.0,58.0,280.0,4.83,1.0,1.0,2.0,2.0,5.0,211.0,13.0,3.0,3.0,19.0,3.0,11.0,1.0,1.0,8.0,85.0,0.0,1.0,1.0,22:09,19.0,29.0,0.655,231.0,1.0,8.0,7.1,87.0,5.0,24.0,38.0,138.0,3.631578947368421,0.0,72.0,369.0,5.13,4.0,3.0,1.0,1.0,3.0,151.0,10.0,9.0,3.0,22.0,4.0,13.0,1.0,2.0,10.0,93.0,1.0,1.0,2.0,37:51,0,CLE,AFC North,AFC East
4.0,4.0,2011-10-02,Sun,,TEN,L,13.0,31.0,,40.0,61.0,0.6559999999999999,332.0,1.0,5.4,5.03,78.0,4.0,18.0,22.0,84.0,3.8181818181818175,0.0,87.0,416.0,4.78,2.0,2.0,1.0,1.0,4.0,155.0,19.0,3.0,3.0,25.0,8.0,20.0,2.0,5.0,5.0,40.0,0.0,1.0,1.0,36:53,10.0,21.0,0.476,220.0,3.0,10.5,11.19,105.2,0.0,0.0,29.0,112.0,3.8620689655172415,0.0,50.0,332.0,6.64,1.0,1.0,4.0,4.0,6.0,237.0,7.0,6.0,0.0,13.0,4.0,12.0,0.0,0.0,5.0,45.0,0.0,1.0,1.0,23:07,0,CLE,AFC North,AFC South
5.0,6.0,2011-10-16,Sun,@,LVR,L,17.0,24.0,,21.0,45.0,0.467,203.0,2.0,4.5,5.4,74.6,2.0,12.0,21.0,65.0,3.095238095238096,0.0,68.0,268.0,3.94,1.0,1.0,2.0,2.0,6.0,271.0,16.0,2.0,0.0,18.0,8.0,16.0,0.0,1.0,5.0,34.0,1.0,0.0,1.0,25:19,15.0,24.0,0.625,178.0,1.0,7.4,8.25,99.0,2.0,9.0,40.0,151.0,3.775,1.0,66.0,329.0,4.98,1.0,1.0,3.0,3.0,4.0,194.0,8.0,9.0,1.0,18.0,8.0,16.0,2.0,3.0,5.0,35.0,1.0,0.0,1.0,34:41,0,CLE,AFC North,AFC West
6.0,7.0,2011-10-23,Sun,,SEA,W,6.0,3.0,,20.0,35.0,0.5710000000000001,159.0,0.0,4.5,3.26,56.7,4.0,19.0,45.0,139.0,3.088888888888889,0.0,84.0,298.0,3.55,4.0,2.0,0.0,0.0,5.0,193.0,12.0,5.0,3.0,20.0,12.0,24.0,0.0,0.0,7.0,48.0,0.0,1.0,1.0,42:56,12.0,30.0,0.4,69.0,0.0,2.3,0.8,34.0,4.0,28.0,16.0,68.0,4.25,0.0,50.0,137.0,2.74,1.0,1.0,0.0,0.0,7.0,351.0,5.0,2.0,2.0,9.0,2.0,12.0,0.0,1.0,8.0,68.0,1.0,1.0,2.0,17:04,0,CLE,AFC North,NFC West
7.0,8.0,2011-10-30,Sun,@,SFO,L,10.0,20.0,,22.0,34.0,0.647,224.0,1.0,6.6,5.85,81.0,4.0,17.0,23.0,66.0,2.869565217391304,0.0,61.0,290.0,4.75,1.0,1.0,1.0,1.0,6.0,264.0,11.0,5.0,2.0,18.0,6.0,14.0,2.0,2.0,5.0,39.0,1.0,1.0,2.0,27:08,15.0,24.0,0.625,174.0,1.0,7.3,8.08,98.3,1.0,3.0,39.0,174.0,4.461538461538462,1.0,64.0,348.0,5.44,2.0,2.0,2.0,2.0,5.0,268.0,10.0,7.0,2.0,19.0,6.0,15.0,0.0,1.0,5.0,40.0,0.0,0.0,0.0,32:52,0,CLE,AFC North,NFC West
8.0,9.0,2011-11-06,Sun,@,HOU,L,12.0,30.0,,14.0,22.0,0.636,128.0,1.0,5.8,4.68,75.6,4.0,18.0,21.0,44.0,2.095238095238096,0.0,47.0,172.0,3.66,2.0,2.0,0.0,0.0,4.0,175.0,7.0,2.0,1.0,10.0,4.0,12.0,2.0,2.0,4.0,35.0,1.0,1.0,2.0,24:45,14.0,23.0,0.609,119.0,0.0,5.2,3.22,56.2,0.0,0.0,40.0,261.0,6.525,3.0,63.0,380.0,6.03,3.0,3.0,3.0,3.0,2.0,95.0,7.0,14.0,0.0,21.0,9.0,14.0,1.0,1.0,2.0,15.0,0.0,1.0,1.0,35:15,0,CLE,AFC North,AFC South
9.0,10.0,2011-11-13,Sun,,LAR,L,12.0,13.0,,20.0,27.0,0.741,209.0,0.0,7.7,7.74,96.1,2.0,9.0,30.0,126.0,4.2,0.0,59.0,335.0,5.68,5.0,4.0,0.0,0.0,5.0,208.0,9.0,5.0,2.0,16.0,5.0,14.0,0.0,0.0,6.0,60.0,1.0,0.0,1.0,32:27,15.0,25.0,0.6,148.0,1.0,5.9,4.92,73.4,1.0,7.0,32.0,133.0,4.15625,0.0,58.0,281.0,4.84,2.0,2.0,1.0,1.0,5.0,236.0,8.0,8.0,1.0,17.0,4.0,12.0,0.0,0.0,7.0,55.0,1.0,1.0,2.0,27:33,0,CLE,AFC North,NFC West
10.0,11.0,2011-11-20,Sun,,JAX,W,14.0,10.0,,17.0,24.0,0.708,186.0,1.0,7.8,6.71,89.9,2.0,13.0,28.0,148.0,5.285714285714286,1.0,54.0,334.0,6.19,1.0,0.0,2.0,2.0,3.0,108.0,10.0,6.0,4.0,20.0,4.0,10.0,0.0,0.0,9.0,70.0,0.0,1.0,1.0,29:07,22.0,41.0,0.537,195.0,0.0,4.8,4.76,66.6,1.0,15.0,29.0,108.0,3.724137931034482,1.0,71.0,303.0,4.27,1.0,1.0,1.0,1.0,5.0,203.0,9.0,10.0,4.0,23.0,7.0,15.0,0.0,0.0,9.0,81.0,0.0,0.0,0.0,30:53,0,CLE,AFC North,AFC South
11.0,12.0,2011-11-27,Sun,@,CIN,L,20.0,23.0,,16.0,34.0,0.471,140.0,2.0,4.1,3.97,65.8,2.0,11.0,30.0,134.0,4.466666666666667,0.0,66.0,274.0,4.15,3.0,2.0,2.0,2.0,5.0,215.0,7.0,9.0,1.0,17.0,6.0,15.0,0.0,1.0,3.0,15.0,0.0,1.0,1.0,28:26,21.0,31.0,0.677,257.0,1.0,8.3,8.94,103.8,2.0,13.0,32.0,132.0,4.125,1.0,65.0,389.0,5.98,3.0,3.0,2.0,2.0,4.0,191.0,13.0,4.0,1.0,18.0,6.0,14.0,0.0,1.0,5.0,35.0,1.0,0.0,1.0,31:34,0,CLE,AFC North,AFC North
12.0,13.0,2011-12-04,Sun,,BAL,L,10.0,24.0,,18.0,36.0,0.5,174.0,1.0,4.8,4.14,61.6,3.0,22.0,17.0,59.0,3.4705882352941178,0.0,56.0,233.0,4.16,1.0,1.0,1.0,1.0,8.0,317.0,9.0,2.0,2.0,13.0,3.0,14.0,1.0,1.0,3.0,37.0,0.0,1.0,1.0,22:26,10.0,23.0,0.435,158.0,0.0,6.9,6.87,66.9,1.0,0.0,55.0,290.0,5.2727272727272725,2.0,79.0,448.0,5.67,3.0,1.0,3.0,3.0,3.0,108.0,7.0,16.0,1.0,24.0,9.0,19.0,1.0,2.0,4.0,18.0,1.0,0.0,1.0,37:34,0,CLE,AFC North,AFC North
13.0,14.0,2011-12-08,Thu,@,PIT,L,3.0,14.0,,19.0,36.0,0.528,206.0,0.0,5.7,3.22,46.8,3.0,16.0,30.0,98.0,3.2666666666666666,0.0,69.0,304.0,4.41,1.0,1.0,0.0,0.0,6.0,205.0,12.0,4.0,3.0,19.0,7.0,16.0,0.0,1.0,6.0,54.0,0.0,2.0,2.0,32:18,16.0,23.0,0.696,269.0,2.0,11.7,11.48,119.7,2.0,11.0,28.0,147.0,5.25,0.0,53.0,416.0,7.85,0.0,0.0,2.0,2.0,4.0,165.0,11.0,7.0,2.0,20.0,2.0,8.0,0.0,1.0,12.0,97.0,2.0,1.0,3.0,27:42,0,CLE,AFC North,AFC North
14.0,15.0,2011-12-18,Sun,@,ARI,L,17.0,20.0,OT,18.0,31.0,0.581,213.0,1.0,6.9,7.52,89.9,2.0,13.0,29.0,120.0,4.137931034482759,1.0,62.0,333.0,5.37,1.0,1.0,2.0,2.0,7.0,278.0,7.0,9.0,0.0,16.0,5.0,14.0,0.0,0.0,9.0,74.0,1.0,0.0,1.0,31:22,28.0,46.0,0.609,289.0,1.0,6.3,5.74,77.2,4.0,24.0,24.0,74.0,3.083333333333333,1.0,74.0,363.0,4.91,2.0,2.0,2.0,2.0,7.0,312.0,16.0,5.0,3.0,24.0,8.0,16.0,0.0,0.0,2.0,13.0,0.0,1.0,1.0,32:42,0,CLE,AFC North,NFC West
15.0,16.0,2011-12-24,Sat,@,BAL,L,14.0,20.0,,19.0,33.0,0.5760000000000001,139.0,1.0,4.2,3.45,65.1,2.0,8.0,25.0,117.0,4.68,0.0,60.0,256.0,4.27,0.0,0.0,2.0,2.0,6.0,251.0,10.0,6.0,2.0,18.0,5.0,13.0,0.0,1.0,6.0,95.0,0.0,1.0,1.0,27:42,11.0,24.0,0.4579999999999999,122.0,2.0,5.1,4.88,71.9,1.0,10.0,37.0,162.0,4.378378378378378,0.0,62.0,284.0,4.58,2.0,2.0,2.0,2.0,5.0,223.0,6.0,7.0,2.0,15.0,7.0,17.0,0.0,0.0,5.0,51.0,0.0,1.0,1.0,32:18,0,CLE,AFC North,AFC North
16.0,17.0,2012-01-01,Sun,,PIT,L,9.0,13.0,,16.0,41.0,0.39,168.0,0.0,4.1,3.0,41.5,2.0,9.0,15.0,72.0,4.8,0.0,58.0,240.0,4.14,3.0,3.0,0.0,0.0,6.0,230.0,11.0,3.0,0.0,14.0,4.0,14.0,0.0,0.0,5.0,40.0,0.0,1.0,1.0,20:49,23.0,40.0,0.575,199.0,0.0,5.0,4.98,70.7,2.0,22.0,36.0,161.0,4.472222222222222,1.0,78.0,360.0,4.62,3.0,2.0,1.0,1.0,4.0,181.0,12.0,8.0,2.0,22.0,8.0,16.0,1.0,2.0,4.0,37.0,2.0,0.0,2.0,39:11,0,CLE,AFC North,AFC North
1.0,1.0,2011-09-11,Sun,@,NYJ,L,24.0,27.0,,23.0,36.0,0.639,326.0,2.0,9.1,8.92,100.0,4.0,16.0,26.0,64.0,2.4615384615384617,1.0,66.0,390.0,5.91,1.0,1.0,3.0,3.0,6.0,236.0,18.0,3.0,0.0,21.0,4.0,12.0,0.0,0.0,7.0,40.0,2.0,1.0,3.0,33:53,26.0,44.0,0.591,315.0,2.0,7.2,7.05,86.8,4.0,20.0,16.0,45.0,2.8125,0.0,64.0,360.0,5.63,2.0,2.0,3.0,3.0,6.0,239.0,18.0,1.0,0.0,19.0,6.0,14.0,0.0,0.0,0.0,0.0,1.0,1.0,2.0,26:07,0,DAL,NFC East,AFC East
2.0,2.0,2011-09-18,Sun,@,SFO,W,27.0,24.0,OT,26.0,43.0,0.605,427.0,3.0,9.9,9.23,97.7,1.0,5.0,22.0,45.0,2.0454545454545454,0.0,66.0,472.0,7.15,3.0,2.0,3.0,3.0,4.0,194.0,17.0,3.0,0.0,20.0,6.0,14.0,1.0,1.0,8.0,83.0,0.0,2.0,2.0,32:10,16.0,24.0,0.667,132.0,2.0,5.5,5.29,91.0,6.0,47.0,24.0,74.0,3.083333333333333,1.0,54.0,206.0,3.81,1.0,1.0,3.0,3.0,6.0,332.0,10.0,3.0,1.0,14.0,8.0,16.0,0.0,0.0,5.0,25.0,0.0,1.0,1.0,30:43,0,DAL,NFC East,NFC West
3.0,3.0,2011-09-26,Mon,,WAS,W,18.0,16.0,,22.0,36.0,0.611,250.0,0.0,6.9,5.69,70.4,1.0,5.0,26.0,125.0,4.807692307692308,0.0,63.0,375.0,5.95,6.0,6.0,0.0,0.0,3.0,152.0,12.0,2.0,3.0,17.0,3.0,13.0,0.0,0.0,6.0,55.0,1.0,1.0,2.0,31:36,22.0,37.0,0.595,233.0,1.0,6.3,5.62,75.6,3.0,17.0,22.0,65.0,2.9545454545454546,0.0,62.0,298.0,4.81,4.0,3.0,1.0,1.0,5.0,232.0,16.0,3.0,1.0,20.0,3.0,12.0,0.0,0.0,4.0,35.0,1.0,1.0,2.0,28:24,0,DAL,NFC East,NFC East
4.0,4.0,2011-10-02,Sun,,DET,L,30.0,34.0,,34.0,47.0,0.723,321.0,3.0,6.8,5.23,85.5,1.0,10.0,27.0,113.0,4.185185185185185,0.0,75.0,434.0,5.79,3.0,3.0,3.0,3.0,3.0,161.0,19.0,4.0,2.0,25.0,5.0,13.0,0.0,2.0,7.0,33.0,0.0,3.0,3.0,36:39,21.0,43.0,0.488,240.0,2.0,5.6,5.47,71.9,0.0,0.0,17.0,63.0,3.7058823529411766,0.0,60.0,303.0,5.05,2.0,2.0,4.0,4.0,6.0,262.0,13.0,3.0,2.0,18.0,4.0,13.0,0.0,0.0,10.0,75.0,0.0,1.0,1.0,23:21,0,DAL,NFC East,NFC North
5.0,6.0,2011-10-16,Sun,@,NWE,L,16.0,20.0,,27.0,41.0,0.659,300.0,1.0,7.3,6.71,85.4,2.0,17.0,24.0,77.0,3.208333333333333,0.0,67.0,377.0,5.63,3.0,3.0,1.0,1.0,4.0,207.0,15.0,6.0,0.0,21.0,4.0,12.0,0.0,0.0,10.0,77.0,1.0,1.0,2.0,32:49,27.0,41.0,0.659,270.0,2.0,6.6,5.37,80.3,3.0,19.0,25.0,101.0,4.04,0.0,69.0,371.0,5.38,2.0,2.0,2.0,2.0,2.0,96.0,16.0,7.0,2.0,25.0,8.0,13.0,0.0,0.0,5.0,35.0,2.0,2.0,4.0,27:11,0,DAL,NFC East,AFC East
6.0,7.0,2011-10-23,Sun,,LAR,W,34.0,7.0,,14.0,24.0,0.583,151.0,2.0,6.3,7.96,104.7,2.0,15.0,34.0,294.0,8.647058823529411,2.0,60.0,445.0,7.42,2.0,2.0,4.0,4.0,3.0,145.0,10.0,12.0,2.0,24.0,3.0,8.0,0.0,0.0,6.0,30.0,1.0,0.0,1.0,33:56,20.0,33.0,0.606,195.0,0.0,5.9,4.55,64.6,1.0,1.0,21.0,70.0,3.333333333333333,1.0,55.0,265.0,4.82,0.0,0.0,1.0,1.0,5.0,237.0,8.0,4.0,1.0,13.0,5.0,13.0,0.0,2.0,4.0,16.0,1.0,1.0,2.0,26:04,0,DAL,NFC East,NFC West
7.0,8.0,2011-10-30,Sun,@,PHI,L,7.0,34.0,,18.0,35.0,0.514,182.0,1.0,5.2,4.49,64.2,4.0,21.0,10.0,85.0,8.5,0.0,49.0,267.0,5.45,0.0,0.0,1.0,1.0,5.0,195.0,10.0,2.0,0.0,12.0,3.0,10.0,1.0,2.0,3.0,20.0,0.0,1.0,1.0,17:51,21.0,28.0,0.75,256.0,2.0,9.1,10.57,126.5,4.0,23.0,38.0,239.0,6.289473684210527,2.0,70.0,495.0,7.07,2.0,2.0,4.0,4.0,2.0,92.0,15.0,15.0,1.0,31.0,7.0,12.0,1.0,1.0,6.0,33.0,0.0,0.0,0.0,42:09,0,DAL,NFC East,NFC East
8.0,9.0,2011-11-06,Sun,,SEA,W,23.0,13.0,,19.0,31.0,0.613,279.0,2.0,9.0,10.29,112.2,0.0,0.0,29.0,163.0,5.620689655172414,0.0,60.0,442.0,7.37,3.0,3.0,2.0,2.0,4.0,172.0,8.0,8.0,2.0,18.0,6.0,14.0,0.0,0.0,7.0,82.0,1.0,0.0,1.0,29:27,17.0,30.0,0.5670000000000001,219.0,0.0,7.3,2.8,40.1,1.0,2.0,30.0,162.0,5.4,1.0,61.0,381.0,6.25,3.0,2.0,1.0,1.0,3.0,183.0,10.0,6.0,2.0,18.0,2.0,10.0,1.0,2.0,10.0,88.0,0.0,3.0,3.0,30:33,0,DAL,NFC East,NFC West
9.0,10.0,2011-11-13,Sun,,BUF,W,44.0,7.0,,23.0,26.0,0.885,270.0,3.0,10.4,12.69,148.4,0.0,0.0,35.0,163.0,4.6571428571428575,1.0,61.0,433.0,7.1,3.0,3.0,5.0,5.0,1.0,52.0,15.0,8.0,1.0,24.0,8.0,12.0,0.0,0.0,8.0,74.0,0.0,0.0,0.0,34:32,20.0,31.0,0.645,136.0,1.0,4.4,0.68,45.3,1.0,10.0,17.0,135.0,7.9411764705882355,0.0,49.0,271.0,5.53,1.0,0.0,1.0,1.0,3.0,156.0,7.0,8.0,5.0,20.0,2.0,7.0,0.0,1.0,3.0,12.0,1.0,3.0,4.0,25:28,0,DAL,NFC East,AFC East
10.0,11.0,2011-11-20,Sun,@,WAS,W,27.0,24.0,OT,23.0,37.0,0.622,264.0,3.0,7.1,8.76,110.6,4.0,28.0,32.0,89.0,2.78125,0.0,73.0,353.0,4.84,2.0,2.0,3.0,3.0,7.0,286.0,13.0,6.0,1.0,20.0,8.0,17.0,1.0,1.0,9.0,48.0,0.0,0.0,0.0,36:01,25.0,38.0,0.6579999999999999,279.0,2.0,7.3,7.21,94.1,3.0,13.0,24.0,60.0,2.5,1.0,65.0,339.0,5.22,3.0,1.0,3.0,3.0,5.0,243.0,13.0,2.0,3.0,18.0,6.0,15.0,0.0,0.0,6.0,59.0,1.0,1.0,2.0,33:20,0,DAL,NFC East,NFC East
11.0,12.0,2011-11-24,Thu,,MIA,W,20.0,19.0,,22.0,34.0,0.647,218.0,2.0,6.4,4.94,77.8,1.0,8.0,23.0,85.0,3.695652173913044,0.0,58.0,303.0,5.22,2.0,2.0,2.0,2.0,5.0,205.0,13.0,5.0,1.0,19.0,2.0,9.0,0.0,0.0,11.0,69.0,0.0,2.0,2.0,28:32,19.0,32.0,0.594,263.0,1.0,8.2,8.84,96.2,4.0,25.0,25.0,89.0,3.56,0.0,61.0,352.0,5.77,5.0,4.0,1.0,1.0,4.0,198.0,11.0,4.0,3.0,18.0,3.0,12.0,0.0,0.0,6.0,55.0,1.0,0.0,1.0,31:28,0,DAL,NFC East,AFC East
12.0,13.0,2011-12-04,Sun,@,ARI,L,13.0,19.0,OT,28.0,42.0,0.667,261.0,1.0,6.2,6.69,91.5,5.0,38.0,20.0,75.0,3.75,0.0,67.0,336.0,5.01,4.0,2.0,1.0,1.0,5.0,191.0,14.0,6.0,0.0,20.0,4.0,12.0,0.0,0.0,7.0,49.0,0.0,0.0,0.0,33:42,16.0,25.0,0.64,224.0,1.0,9.0,9.76,106.1,5.0,23.0,25.0,103.0,4.12,1.0,55.0,327.0,5.95,2.0,2.0,1.0,1.0,7.0,351.0,10.0,5.0,1.0,16.0,4.0,13.0,0.0,0.0,6.0,41.0,0.0,0.0,0.0,29:35,0,DAL,NFC East,NFC West
13.0,14.0,2011-12-11,Sun,,NYG,L,34.0,37.0,,21.0,31.0,0.677,305.0,4.0,9.8,12.42,139.1,3.0,16.0,24.0,139.0,5.791666666666667,0.0,58.0,444.0,7.66,3.0,2.0,4.0,4.0,3.0,131.0,12.0,8.0,3.0,23.0,5.0,10.0,0.0,0.0,10.0,51.0,1.0,0.0,1.0,25:41,27.0,47.0,0.574,400.0,2.0,8.5,8.4,90.7,0.0,0.0,31.0,110.0,3.548387096774193,2.0,78.0,510.0,6.54,2.0,2.0,3.0,3.0,4.0,178.0,17.0,8.0,3.0,28.0,6.0,14.0,1.0,1.0,6.0,55.0,0.0,1.0,1.0,34:19,0,DAL,NFC East,NFC East
14.0,15.0,2011-12-17,Sat,@,TAM,W,31.0,15.0,,23.0,30.0,0.767,239.0,3.0,8.0,9.97,132.5,2.0,10.0,37.0,160.0,4.324324324324325,1.0,69.0,399.0,5.78,1.0,1.0,4.0,4.0,3.0,123.0,16.0,10.0,2.0,28.0,7.0,13.0,1.0,1.0,2.0,15.0,1.0,0.0,1.0,37:59,17.0,27.0,0.63,132.0,1.0,4.9,5.63,87.3,3.0,16.0,13.0,58.0,4.461538461538462,0.0,43.0,190.0,4.42,0.0,0.0,1.0,1.0,4.0,204.0,6.0,1.0,0.0,7.0,5.0,12.0,1.0,3.0,6.0,46.0,1.0,0.0,1.0,22:01,0,DAL,NFC East,NFC South
15.0,16.0,2011-12-24,Sat,,PHI,L,7.0,20.0,,24.0,40.0,0.6,157.0,1.0,3.9,4.43,76.8,3.0,25.0,23.0,81.0,3.5217391304347827,0.0,66.0,238.0,3.61,0.0,0.0,1.0,1.0,9.0,343.0,11.0,5.0,0.0,16.0,6.0,17.0,1.0,2.0,6.0,47.0,0.0,0.0,0.0,32:23,18.0,32.0,0.563,281.0,2.0,8.8,10.03,106.4,2.0,12.0,26.0,105.0,4.038461538461538,0.0,60.0,386.0,6.43,2.0,2.0,2.0,2.0,6.0,256.0,13.0,5.0,2.0,20.0,5.0,13.0,0.0,0.0,5.0,47.0,1.0,0.0,1.0,27:37,0,DAL,NFC East,NFC East
16.0,17.0,2012-01-01,Sun,@,NYG,L,14.0,31.0,,29.0,37.0,0.784,251.0,2.0,6.8,6.65,101.7,6.0,38.0,16.0,49.0,3.0625,0.0,59.0,300.0,5.08,1.0,0.0,2.0,2.0,6.0,254.0,16.0,3.0,0.0,19.0,4.0,12.0,0.0,1.0,7.0,43.0,1.0,1.0,2.0,25:27,24.0,33.0,0.727,331.0,3.0,10.0,11.85,134.8,2.0,15.0,31.0,106.0,3.419354838709677,1.0,66.0,437.0,6.62,2.0,1.0,4.0,4.0,4.0,161.0,16.0,3.0,1.0,20.0,7.0,15.0,0.0,1.0,3.0,28.0,0.0,0.0,0.0,34:33,0,DAL,NFC East,NFC East
1.0,1.0,2011-09-12,Mon,,LVR,L,20.0,23.0,,24.0,46.0,0.522,272.0,1.0,5.9,5.37,68.4,5.0,32.0,13.0,38.0,2.923076923076923,0.0,64.0,310.0,4.84,3.0,2.0,2.0,2.0,4.0,165.0,17.0,2.0,6.0,25.0,6.0,13.0,0.0,0.0,10.0,91.0,2.0,1.0,3.0,27:25,13.0,22.0,0.591,99.0,1.0,4.5,5.41,85.2,1.0,6.0,39.0,190.0,4.871794871794871,1.0,62.0,289.0,4.66,3.0,3.0,2.0,2.0,6.0,349.0,7.0,10.0,3.0,20.0,5.0,14.0,0.0,0.0,15.0,131.0,1.0,0.0,1.0,32:35,0,DEN,AFC West,AFC West
2.0,2.0,2011-09-18,Sun,,CIN,W,24.0,22.0,,15.0,25.0,0.6,187.0,2.0,7.5,9.08,109.9,2.0,8.0,36.0,131.0,3.638888888888889,1.0,63.0,318.0,5.05,1.0,1.0,3.0,3.0,6.0,335.0,8.0,9.0,2.0,19.0,5.0,12.0,0.0,0.0,7.0,55.0,2.0,0.0,2.0,30:15,27.0,41.0,0.659,310.0,2.0,7.6,8.54,104.7,2.0,22.0,20.0,72.0,3.6,0.0,63.0,382.0,6.06,3.0,3.0,1.0,1.0,5.0,205.0,14.0,2.0,2.0,18.0,1.0,11.0,0.0,2.0,7.0,69.0,0.0,0.0,0.0,29:45,0,DEN,AFC West,AFC North
3.0,3.0,2011-09-25,Sun,@,TEN,L,14.0,17.0,,24.0,39.0,0.615,172.0,2.0,4.4,3.13,67.5,1.0,1.0,23.0,59.0,2.565217391304348,0.0,63.0,231.0,3.67,0.0,0.0,2.0,2.0,5.0,246.0,14.0,2.0,3.0,19.0,8.0,15.0,0.0,1.0,1.0,15.0,0.0,2.0,2.0,29:06,27.0,36.0,0.75,295.0,2.0,8.2,9.31,117.2,2.0,16.0,23.0,38.0,1.6521739130434785,0.0,61.0,333.0,5.46,1.0,1.0,2.0,2.0,4.0,176.0,14.0,2.0,1.0,17.0,8.0,15.0,1.0,1.0,11.0,80.0,2.0,0.0,2.0,30:54,0,DEN,AFC West,AFC South
4.0,4.0,2011-10-02,Sun,@,GNB,L,23.0,49.0,,22.0,32.0,0.688,265.0,3.0,8.3,5.94,86.1,1.0,8.0,23.0,119.0,5.173913043478261,0.0,56.0,384.0,6.86,1.0,1.0,2.0,2.0,2.0,98.0,13.0,5.0,0.0,18.0,4.0,11.0,1.0,1.0,3.0,24.0,1.0,3.0,4.0,26:59,29.0,39.0,0.7440000000000001,396.0,4.0,10.2,9.9,119.2,2.0,12.0,28.0,111.0,3.9642857142857135,2.0,69.0,507.0,7.35,0.0,0.0,7.0,7.0,1.0,49.0,18.0,7.0,1.0,26.0,9.0,13.0,0.0,1.0,3.0,27.0,0.0,2.0,2.0,33:01,0,DEN,AFC West,NFC North
5.0,5.0,2011-10-09,Sun,,LAC,L,24.0,29.0,,10.0,23.0,0.435,113.0,1.0,4.9,3.83,55.2,0.0,0.0,23.0,162.0,7.043478260869565,1.0,46.0,275.0,5.98,1.0,1.0,1.0,1.0,6.0,322.0,5.0,8.0,0.0,13.0,2.0,9.0,0.0,0.0,4.0,53.0,0.0,1.0,1.0,19:52,18.0,29.0,0.621,212.0,1.0,7.3,6.45,81.4,5.0,38.0,43.0,206.0,4.790697674418604,1.0,77.0,418.0,5.43,5.0,5.0,2.0,2.0,3.0,147.0,11.0,11.0,3.0,25.0,8.0,16.0,0.0,0.0,0.0,0.0,1.0,1.0,2.0,40:08,0,DEN,AFC West,AFC West
6.0,7.0,2011-10-23,Sun,@,MIA,W,18.0,15.0,OT,13.0,27.0,0.481,131.0,2.0,4.9,6.33,87.1,6.0,30.0,40.0,177.0,4.425,0.0,73.0,308.0,4.22,3.0,1.0,1.0,1.0,9.0,435.0,8.0,9.0,1.0,18.0,4.0,16.0,0.0,0.0,5.0,30.0,1.0,0.0,1.0,34:17,22.0,33.0,0.667,173.0,1.0,5.2,5.85,89.6,4.0,24.0,31.0,94.0,3.032258064516129,0.0,68.0,267.0,3.93,3.0,3.0,0.0,0.0,8.0,397.0,9.0,5.0,1.0,15.0,3.0,14.0,0.0,0.0,2.0,20.0,1.0,0.0,1.0,33:19,0,DEN,AFC West,AFC East
7.0,8.0,2011-10-30,Sun,,DET,L,10.0,45.0,,18.0,39.0,0.462,117.0,1.0,3.0,2.36,50.9,7.0,55.0,30.0,195.0,6.5,0.0,76.0,312.0,4.11,1.0,1.0,1.0,1.0,7.0,353.0,9.0,9.0,1.0,19.0,2.0,14.0,0.0,3.0,5.0,55.0,2.0,1.0,3.0,30:26,22.0,32.0,0.688,263.0,3.0,8.2,10.09,124.9,2.0,9.0,28.0,113.0,4.035714285714286,1.0,62.0,376.0,6.06,1.0,1.0,6.0,6.0,7.0,284.0,13.0,6.0,2.0,21.0,4.0,12.0,0.0,0.0,4.0,45.0,0.0,0.0,0.0,29:34,0,DEN,AFC West,NFC North
8.0,9.0,2011-11-06,Sun,@,LVR,W,38.0,24.0,,10.0,22.0,0.455,113.0,2.0,5.1,6.95,91.7,1.0,11.0,39.0,299.0,7.666666666666667,2.0,62.0,412.0,6.65,2.0,1.0,5.0,5.0,5.0,238.0,4.0,12.0,4.0,20.0,3.0,12.0,0.0,1.0,11.0,93.0,0.0,0.0,0.0,31:51,19.0,35.0,0.5429999999999999,316.0,3.0,9.0,6.89,77.8,2.0,16.0,26.0,100.0,3.8461538461538463,0.0,63.0,416.0,6.6,1.0,1.0,3.0,3.0,6.0,303.0,14.0,4.0,3.0,21.0,4.0,12.0,0.0,0.0,15.0,130.0,0.0,3.0,3.0,28:09,0,DEN,AFC West,AFC West
9.0,10.0,2011-11-13,Sun,@,KAN,W,17.0,10.0,,2.0,8.0,0.25,69.0,1.0,8.6,11.13,102.6,0.0,0.0,55.0,244.0,4.4363636363636365,1.0,63.0,313.0,4.97,2.0,1.0,2.0,2.0,7.0,307.0,2.0,13.0,1.0,16.0,5.0,14.0,0.0,0.0,8.0,65.0,0.0,0.0,0.0,33:38,18.0,34.0,0.529,124.0,1.0,3.6,4.24,71.2,4.0,16.0,24.0,134.0,5.583333333333333,0.0,62.0,258.0,4.16,1.0,1.0,1.0,1.0,7.0,339.0,8.0,6.0,3.0,17.0,2.0,11.0,0.0,2.0,4.0,40.0,0.0,0.0,0.0,26:22,0,DEN,AFC West,AFC West
10.0,11.0,2011-11-17,Thu,,NYJ,W,17.0,13.0,,9.0,21.0,0.429,104.0,0.0,5.0,4.95,58.4,1.0,0.0,34.0,125.0,3.676470588235294,1.0,56.0,229.0,4.09,1.0,1.0,2.0,2.0,8.0,350.0,4.0,7.0,0.0,11.0,3.0,13.0,0.0,1.0,6.0,51.0,1.0,0.0,1.0,27:48,24.0,40.0,0.6,235.0,0.0,5.9,4.75,66.1,3.0,17.0,28.0,83.0,2.9642857142857144,0.0,71.0,318.0,4.48,4.0,2.0,1.0,1.0,6.0,230.0,13.0,6.0,3.0,22.0,3.0,14.0,1.0,1.0,2.0,15.0,1.0,1.0,2.0,32:12,0,DEN,AFC West,AFC East
11.0,12.0,2011-11-27,Sun,@,LAC,W,16.0,13.0,OT,9.0,18.0,0.5,141.0,1.0,7.8,8.94,94.9,1.0,2.0,51.0,208.0,4.078431372549019,0.0,70.0,349.0,4.99,3.0,3.0,1.0,1.0,9.0,391.0,7.0,10.0,1.0,18.0,5.0,16.0,0.0,0.0,9.0,63.0,0.0,0.0,0.0,37:08,19.0,36.0,0.528,159.0,1.0,4.4,4.97,73.7,3.0,29.0,36.0,185.0,5.138888888888889,0.0,75.0,344.0,4.59,4.0,2.0,1.0,1.0,6.0,308.0,10.0,9.0,1.0,20.0,6.0,17.0,0.0,0.0,4.0,30.0,0.0,0.0,0.0,37:23,0,DEN,AFC West,AFC West
12.0,13.0,2011-12-04,Sun,@,MIN,W,35.0,32.0,,10.0,15.0,0.667,186.0,2.0,12.4,15.07,148.9,2.0,16.0,32.0,150.0,4.6875,1.0,49.0,336.0,6.86,2.0,2.0,3.0,3.0,6.0,307.0,7.0,6.0,0.0,13.0,3.0,11.0,0.0,0.0,8.0,73.0,2.0,0.0,2.0,22:09,30.0,48.0,0.625,360.0,3.0,7.5,6.88,88.9,3.0,29.0,30.0,129.0,4.3,0.0,81.0,489.0,6.04,3.0,3.0,3.0,3.0,6.0,297.0,17.0,6.0,4.0,27.0,6.0,15.0,0.0,0.0,6.0,54.0,1.0,2.0,3.0,37:51,0,DEN,AFC West,NFC North
13.0,14.0,2011-12-11,Sun,,CHI,W,13.0,10.0,OT,21.0,40.0,0.525,221.0,1.0,5.5,4.9,66.8,5.0,15.0,34.0,124.0,3.647058823529412,0.0,79.0,345.0,4.37,3.0,2.0,1.0,1.0,8.0,363.0,13.0,5.0,2.0,22.0,5.0,17.0,0.0,0.0,4.0,29.0,1.0,1.0,2.0,34:39,12.0,19.0,0.632,86.0,0.0,4.5,4.53,73.6,4.0,29.0,38.0,159.0,4.184210526315789,1.0,61.0,245.0,4.02,1.0,1.0,1.0,1.0,11.0,526.0,5.0,7.0,0.0,12.0,2.0,15.0,0.0,0.0,8.0,69.0,1.0,0.0,1.0,31:47,0,DEN,AFC West,NFC North
14.0,15.0,2011-12-18,Sun,,NWE,L,23.0,41.0,,11.0,23.0,0.478,141.0,0.0,6.1,6.13,67.5,4.0,53.0,31.0,252.0,8.129032258064516,3.0,58.0,393.0,6.78,1.0,1.0,2.0,2.0,3.0,165.0,9.0,13.0,1.0,25.0,4.0,10.0,0.0,2.0,7.0,39.0,3.0,0.0,3.0,26:19,23.0,34.0,0.6759999999999999,310.0,2.0,9.1,10.29,116.1,2.0,10.0,36.0,141.0,3.9166666666666665,3.0,72.0,451.0,6.26,2.0,2.0,5.0,5.0,4.0,162.0,15.0,8.0,3.0,26.0,5.0,12.0,1.0,2.0,4.0,30.0,0.0,0.0,0.0,33:41,0,DEN,AFC West,AFC East
15.0,16.0,2011-12-24,Sat,@,BUF,L,14.0,40.0,,13.0,29.0,0.4479999999999999,152.0,1.0,5.2,1.28,33.2,4.0,33.0,35.0,133.0,3.8,1.0,68.0,285.0,4.19,0.0,0.0,2.0,2.0,7.0,306.0,8.0,7.0,3.0,18.0,2.0,13.0,2.0,3.0,7.0,58.0,0.0,3.0,3.0,30:31,15.0,27.0,0.556,191.0,0.0,7.1,7.07,77.9,1.0,5.0,28.0,160.0,5.714285714285714,1.0,56.0,351.0,6.27,6.0,4.0,4.0,4.0,4.0,201.0,6.0,7.0,1.0,14.0,2.0,12.0,0.0,0.0,8.0,69.0,0.0,0.0,0.0,29:29,0,DEN,AFC West,AFC East
16.0,17.0,2012-01-01,Sun,,KAN,L,3.0,7.0,,6.0,22.0,0.273,50.0,0.0,2.3,0.23,20.6,2.0,10.0,47.0,216.0,4.595744680851064,0.0,71.0,266.0,3.75,1.0,1.0,0.0,0.0,9.0,402.0,2.0,12.0,2.0,16.0,5.0,18.0,0.0,1.0,6.0,49.0,1.0,1.0,2.0,32:58,15.0,29.0,0.517,175.0,0.0,6.0,6.03,70.3,1.0,5.0,30.0,106.0,3.533333333333333,1.0,60.0,281.0,4.68,1.0,0.0,1.0,1.0,8.0,377.0,8.0,5.0,1.0,14.0,5.0,15.0,0.0,0.0,6.0,36.0,1.0,0.0,1.0,27:02,0,DEN,AFC West,AFC West
1.0,18.0,2012-01-08,Sun,,PIT,W,29.0,23.0,OT,10.0,21.0,0.476,316.0,2.0,15.0,16.95,125.6,0.0,0.0,34.0,131.0,3.852941176470588,1.0,55.0,447.0,8.13,3.0,3.0,2.0,2.0,4.0,164.0,9.0,6.0,3.0,18.0,3.0,10.0,0.0,0.0,5.0,30.0,1.0,0.0,1.0,29:05,22.0,40.0,0.55,244.0,1.0,6.1,5.48,71.2,5.0,45.0,23.0,156.0,6.782608695652174,1.0,68.0,400.0,5.88,3.0,3.0,2.0,2.0,4.0,184.0,11.0,9.0,1.0,21.0,7.0,16.0,0.0,1.0,6.0,61.0,0.0,1.0,1.0,31:06,1,DEN,AFC West,AFC North
2.0,19.0,2012-01-14,Sat,@,NWE,L,10.0,45.0,,9.0,26.0,0.346,108.0,0.0,4.2,4.15,48.2,5.0,28.0,40.0,144.0,3.6,1.0,71.0,252.0,3.55,1.0,1.0,1.0,1.0,7.0,272.0,7.0,7.0,1.0,15.0,7.0,18.0,2.0,3.0,5.0,55.0,1.0,0.0,1.0,33:23,26.0,34.0,0.765,363.0,6.0,10.7,12.88,137.6,0.0,0.0,30.0,146.0,4.866666666666666,0.0,64.0,509.0,7.95,1.0,1.0,6.0,6.0,3.0,126.0,19.0,9.0,3.0,31.0,3.0,6.0,0.0,0.0,2.0,20.0,1.0,1.0,2.0,26:37,1,DEN,AFC West,AFC East
1.0,1.0,2011-09-11,Sun,@,TAM,W,27.0,20.0,,24.0,33.0,0.727,305.0,3.0,9.2,9.7,118.9,0.0,0.0,35.0,126.0,3.6,0.0,68.0,431.0,6.34,2.0,2.0,3.0,3.0,5.0,241.0,17.0,6.0,2.0,25.0,2.0,11.0,1.0,1.0,8.0,68.0,0.0,1.0,1.0,36:25,29.0,46.0,0.63,259.0,1.0,5.6,5.09,76.3,2.0,7.0,16.0,56.0,3.5,0.0,64.0,315.0,4.92,2.0,2.0,2.0,2.0,5.0,261.0,15.0,1.0,1.0,17.0,6.0,14.0,1.0,2.0,6.0,39.0,1.0,1.0,2.0,23:35,0,DET,NFC North,NFC South
2.0,2.0,2011-09-18,Sun,,KAN,W,48.0,3.0,,24.0,40.0,0.6,322.0,4.0,8.1,8.93,108.5,0.0,0.0,30.0,89.0,2.966666666666667,2.0,70.0,411.0,5.87,2.0,2.0,6.0,6.0,5.0,206.0,12.0,7.0,4.0,23.0,5.0,15.0,2.0,2.0,4.0,35.0,0.0,1.0,1.0,32:24,15.0,23.0,0.652,116.0,0.0,5.0,-0.83,37.9,2.0,17.0,29.0,151.0,5.206896551724138,0.0,54.0,267.0,4.94,2.0,1.0,0.0,0.0,5.0,198.0,6.0,5.0,1.0,12.0,2.0,11.0,0.0,0.0,8.0,70.0,3.0,3.0,6.0,27:36,0,DET,NFC North,AFC West
3.0,3.0,2011-09-25,Sun,@,MIN,W,26.0,23.0,OT,32.0,46.0,0.696,338.0,2.0,7.3,8.22,105.2,5.0,40.0,19.0,20.0,1.0526315789473684,0.0,70.0,358.0,5.11,4.0,4.0,2.0,2.0,7.0,325.0,16.0,1.0,2.0,19.0,7.0,17.0,0.0,0.0,7.0,65.0,0.0,0.0,0.0,34:09,22.0,36.0,0.611,189.0,1.0,5.3,5.81,84.1,4.0,22.0,23.0,132.0,5.739130434782608,1.0,63.0,321.0,5.1,3.0,3.0,2.0,2.0,6.0,267.0,10.0,5.0,1.0,16.0,4.0,14.0,0.0,1.0,10.0,79.0,0.0,0.0,0.0,27:50,0,DET,NFC North,NFC North
4.0,4.0,2011-10-02,Sun,@,DAL,W,34.0,30.0,,21.0,43.0,0.488,240.0,2.0,5.6,5.47,71.9,0.0,0.0,17.0,63.0,3.7058823529411766,0.0,60.0,303.0,5.05,2.0,2.0,4.0,4.0,6.0,262.0,13.0,3.0,2.0,18.0,4.0,13.0,0.0,0.0,10.0,75.0,0.0,1.0,1.0,23:21,34.0,47.0,0.723,321.0,3.0,6.8,5.23,85.5,1.0,10.0,27.0,113.0,4.185185185185185,0.0,75.0,434.0,5.79,3.0,3.0,3.0,3.0,3.0,161.0,19.0,4.0,2.0,25.0,5.0,13.0,0.0,2.0,7.0,33.0,0.0,3.0,3.0,36:39,0,DET,NFC North,NFC East
5.0,5.0,2011-10-10,Mon,,CHI,W,24.0,13.0,,19.0,26.0,0.731,214.0,2.0,8.2,8.04,106.9,1.0,5.0,20.0,181.0,9.05,1.0,47.0,395.0,8.4,1.0,1.0,3.0,3.0,5.0,162.0,9.0,5.0,2.0,16.0,5.0,11.0,0.0,0.0,12.0,94.0,0.0,1.0,1.0,20:57,28.0,38.0,0.737,237.0,1.0,6.2,6.76,98.2,3.0,12.0,25.0,122.0,4.88,0.0,66.0,359.0,5.44,2.0,2.0,1.0,1.0,5.0,221.0,14.0,5.0,4.0,23.0,4.0,13.0,0.0,1.0,14.0,104.0,0.0,0.0,0.0,39:03,0,DET,NFC North,NFC North
6.0,6.0,2011-10-16,Sun,,SFO,L,19.0,25.0,,28.0,50.0,0.56,244.0,2.0,4.9,5.68,82.4,5.0,49.0,18.0,66.0,3.6666666666666665,0.0,73.0,310.0,4.25,3.0,2.0,1.0,1.0,8.0,350.0,14.0,3.0,4.0,21.0,2.0,15.0,1.0,2.0,6.0,54.0,0.0,0.0,0.0,30:21,17.0,32.0,0.531,111.0,1.0,3.5,2.69,58.2,2.0,14.0,29.0,203.0,7.0,1.0,63.0,314.0,4.98,3.0,3.0,2.0,2.0,9.0,430.0,6.0,7.0,1.0,14.0,2.0,14.0,1.0,1.0,15.0,120.0,1.0,1.0,2.0,29:39,0,DET,NFC North,NFC West
7.0,7.0,2011-10-23,Sun,,ATL,L,16.0,23.0,,15.0,32.0,0.469,159.0,1.0,5.0,5.59,72.3,3.0,24.0,20.0,104.0,5.2,0.0,55.0,263.0,4.78,3.0,3.0,1.0,1.0,6.0,263.0,8.0,4.0,1.0,13.0,1.0,12.0,1.0,2.0,10.0,84.0,1.0,0.0,1.0,25:03,20.0,35.0,0.5710000000000001,199.0,1.0,5.7,3.69,59.1,3.0,19.0,31.0,129.0,4.161290322580645,1.0,69.0,328.0,4.75,3.0,3.0,2.0,2.0,5.0,177.0,11.0,4.0,7.0,22.0,7.0,17.0,0.0,0.0,11.0,80.0,0.0,2.0,2.0,34:57,0,DET,NFC North,NFC South
8.0,8.0,2011-10-30,Sun,@,DEN,W,45.0,10.0,,22.0,32.0,0.688,263.0,3.0,8.2,10.09,124.9,2.0,9.0,28.0,113.0,4.035714285714286,1.0,62.0,376.0,6.06,1.0,1.0,6.0,6.0,7.0,284.0,13.0,6.0,2.0,21.0,4.0,12.0,0.0,0.0,4.0,45.0,0.0,0.0,0.0,29:34,18.0,39.0,0.462,117.0,1.0,3.0,2.36,50.9,7.0,55.0,30.0,195.0,6.5,0.0,76.0,312.0,4.11,1.0,1.0,1.0,1.0,7.0,353.0,9.0,9.0,1.0,19.0,2.0,14.0,0.0,3.0,5.0,55.0,2.0,1.0,3.0,30:26,0,DET,NFC North,AFC West
9.0,10.0,2011-11-13,Sun,@,CHI,L,13.0,37.0,,33.0,63.0,0.524,313.0,1.0,5.0,2.43,45.3,2.0,16.0,19.0,80.0,4.2105263157894735,0.0,84.0,393.0,4.68,2.0,2.0,1.0,1.0,5.0,245.0,17.0,4.0,1.0,22.0,4.0,17.0,1.0,2.0,4.0,53.0,2.0,4.0,6.0,30:54,9.0,20.0,0.45,107.0,0.0,5.4,5.35,61.9,2.0,16.0,35.0,109.0,3.1142857142857143,1.0,57.0,216.0,3.79,4.0,3.0,4.0,4.0,6.0,280.0,5.0,4.0,3.0,12.0,3.0,13.0,1.0,1.0,4.0,37.0,1.0,0.0,1.0,29:06,0,DET,NFC North,NFC North
10.0,11.0,2011-11-20,Sun,,CAR,W,49.0,35.0,,28.0,36.0,0.778,326.0,5.0,9.1,9.33,120.8,2.0,9.0,29.0,169.0,5.827586206896552,2.0,67.0,495.0,7.39,0.0,0.0,7.0,7.0,2.0,96.0,17.0,9.0,3.0,29.0,6.0,11.0,0.0,0.0,8.0,56.0,1.0,2.0,3.0,33:07,22.0,38.0,0.579,272.0,1.0,7.2,2.95,49.3,1.0,8.0,26.0,137.0,5.269230769230769,2.0,65.0,409.0,6.29,2.0,2.0,3.0,3.0,3.0,122.0,12.0,7.0,5.0,24.0,3.0,10.0,0.0,0.0,7.0,70.0,0.0,4.0,4.0,26:53,0,DET,NFC North,NFC South
11.0,12.0,2011-11-24,Thu,,GNB,L,15.0,27.0,,32.0,45.0,0.711,273.0,1.0,6.1,3.51,66.2,1.0,3.0,21.0,136.0,6.476190476190476,1.0,67.0,409.0,6.1,1.0,0.0,1.0,1.0,4.0,148.0,15.0,7.0,1.0,23.0,5.0,10.0,0.0,0.0,11.0,82.0,0.0,3.0,3.0,30:48,22.0,33.0,0.667,296.0,2.0,9.0,10.18,115.2,2.0,11.0,18.0,53.0,2.9444444444444446,1.0,53.0,349.0,6.58,2.0,2.0,3.0,3.0,5.0,207.0,11.0,3.0,4.0,18.0,2.0,10.0,0.0,0.0,7.0,54.0,0.0,0.0,0.0,29:12,0,DET,NFC North,NFC North
12.0,13.0,2011-12-04,Sun,@,NOR,L,17.0,31.0,,31.0,44.0,0.705,379.0,1.0,8.6,8.05,94.8,3.0,29.0,22.0,87.0,3.954545454545455,1.0,69.0,466.0,6.75,3.0,1.0,2.0,2.0,4.0,183.0,18.0,5.0,2.0,25.0,2.0,11.0,0.0,1.0,11.0,107.0,0.0,1.0,1.0,35:06,26.0,36.0,0.722,338.0,3.0,9.4,11.06,129.2,2.0,4.0,23.0,100.0,4.3478260869565215,1.0,61.0,438.0,7.18,1.0,1.0,4.0,4.0,4.0,179.0,16.0,4.0,1.0,21.0,6.0,12.0,0.0,1.0,3.0,30.0,0.0,0.0,0.0,24:54,0,DET,NFC North,NFC South
13.0,14.0,2011-12-11,Sun,,MIN,W,34.0,28.0,,20.0,29.0,0.69,208.0,2.0,7.2,8.55,112.4,5.0,19.0,21.0,72.0,3.4285714285714284,0.0,55.0,280.0,5.09,2.0,2.0,4.0,4.0,6.0,286.0,11.0,1.0,1.0,13.0,8.0,16.0,0.0,0.0,10.0,76.0,0.0,0.0,0.0,31:14,23.0,44.0,0.523,156.0,3.0,3.5,1.84,54.7,4.0,43.0,35.0,269.0,7.685714285714286,1.0,83.0,425.0,5.12,0.0,0.0,4.0,4.0,2.0,97.0,12.0,17.0,0.0,29.0,8.0,14.0,3.0,3.0,5.0,37.0,3.0,3.0,6.0,28:46,0,DET,NFC North,NFC North
14.0,15.0,2011-12-18,Sun,@,LVR,W,28.0,27.0,,29.0,52.0,0.5579999999999999,375.0,4.0,7.2,8.75,104.2,2.0,16.0,19.0,57.0,3.0,0.0,73.0,432.0,5.92,0.0,0.0,4.0,4.0,6.0,257.0,18.0,3.0,4.0,25.0,8.0,17.0,1.0,2.0,9.0,72.0,1.0,0.0,1.0,28:27,32.0,40.0,0.8,345.0,1.0,8.6,9.13,110.9,3.0,22.0,22.0,132.0,6.0,1.0,65.0,477.0,7.34,3.0,2.0,3.0,3.0,5.0,235.0,15.0,7.0,4.0,26.0,1.0,9.0,0.0,1.0,10.0,86.0,1.0,0.0,1.0,31:33,0,DET,NFC North,AFC West
15.0,16.0,2011-12-24,Sat,,LAC,W,38.0,10.0,,29.0,36.0,0.8059999999999999,353.0,3.0,9.8,11.47,135.3,3.0,20.0,23.0,87.0,3.782608695652174,1.0,62.0,440.0,7.1,1.0,1.0,5.0,5.0,3.0,124.0,19.0,5.0,0.0,24.0,9.0,13.0,0.0,0.0,3.0,8.0,0.0,0.0,0.0,32:21,28.0,53.0,0.528,299.0,1.0,5.6,4.32,60.2,0.0,0.0,17.0,68.0,4.0,0.0,70.0,367.0,5.24,1.0,1.0,1.0,1.0,4.0,166.0,14.0,6.0,0.0,20.0,6.0,15.0,2.0,3.0,1.0,10.0,0.0,2.0,2.0,27:39,0,DET,NFC North,AFC West
16.0,17.0,2012-01-01,Sun,@,GNB,L,41.0,45.0,,36.0,59.0,0.61,502.0,5.0,8.5,8.68,102.5,2.0,18.0,15.0,73.0,4.866666666666666,0.0,76.0,575.0,7.57,2.0,1.0,4.0,4.0,3.0,141.0,27.0,2.0,3.0,32.0,4.0,11.0,1.0,2.0,11.0,101.0,2.0,2.0,4.0,28:20,31.0,44.0,0.705,469.0,6.0,10.7,12.36,135.3,3.0,11.0,24.0,81.0,3.375,0.0,71.0,550.0,7.75,2.0,1.0,6.0,6.0,4.0,176.0,20.0,3.0,4.0,27.0,6.0,12.0,0.0,0.0,6.0,78.0,1.0,1.0,2.0,31:40,0,DET,NFC North,NFC North
1.0,18.0,2012-01-07,Sat,@,NOR,L,28.0,45.0,,28.0,43.0,0.6509999999999999,380.0,3.0,8.8,8.14,97.0,0.0,0.0,10.0,32.0,3.2,1.0,53.0,412.0,7.77,0.0,0.0,4.0,4.0,3.0,127.0,20.0,2.0,0.0,22.0,7.0,10.0,0.0,0.0,7.0,64.0,0.0,2.0,2.0,22:24,33.0,43.0,0.767,459.0,3.0,10.7,12.07,133.8,2.0,7.0,36.0,167.0,4.638888888888889,3.0,81.0,626.0,7.73,1.0,1.0,6.0,6.0,0.0,0.0,20.0,12.0,2.0,34.0,7.0,11.0,3.0,4.0,3.0,18.0,2.0,0.0,2.0,37:36,1,DET,NFC North,NFC South
1.0,1.0,2011-09-08,Thu,,NOR,W,42.0,34.0,,27.0,35.0,0.7709999999999999,296.0,3.0,8.5,10.17,130.2,2.0,16.0,27.0,103.0,3.814814814814815,2.0,64.0,399.0,6.23,0.0,0.0,6.0,6.0,4.0,170.0,14.0,10.0,0.0,27.0,8.0,12.0,0.0,0.0,6.0,48.0,0.0,0.0,0.0,32:54,32.0,49.0,0.653,396.0,3.0,8.1,9.31,110.6,3.0,23.0,21.0,81.0,3.857142857142857,0.0,73.0,477.0,6.53,2.0,2.0,4.0,4.0,2.0,98.0,20.0,5.0,2.0,27.0,9.0,14.0,0.0,1.0,3.0,15.0,1.0,0.0,1.0,27:06,0,GNB,NFC North,NFC South
2.0,2.0,2011-09-18,Sun,@,CAR,W,30.0,23.0,,19.0,30.0,0.633,295.0,2.0,9.8,11.17,118.1,1.0,13.0,21.0,124.0,5.904761904761905,1.0,52.0,419.0,8.06,3.0,3.0,3.0,3.0,3.0,116.0,9.0,5.0,2.0,16.0,5.0,12.0,0.0,1.0,7.0,57.0,1.0,0.0,1.0,27:26,28.0,46.0,0.609,404.0,1.0,8.8,6.28,69.5,4.0,28.0,21.0,71.0,3.380952380952381,1.0,71.0,475.0,6.69,3.0,3.0,2.0,2.0,2.0,75.0,18.0,6.0,2.0,26.0,6.0,13.0,0.0,1.0,6.0,50.0,1.0,3.0,4.0,32:34,0,GNB,NFC North,NFC South
3.0,3.0,2011-09-25,Sun,@,CHI,W,27.0,17.0,,28.0,38.0,0.737,292.0,3.0,7.7,8.08,110.9,2.0,5.0,29.0,100.0,3.4482758620689653,0.0,69.0,392.0,5.68,2.0,2.0,3.0,3.0,6.0,229.0,17.0,6.0,1.0,24.0,5.0,13.0,0.0,0.0,7.0,35.0,1.0,1.0,2.0,37:29,21.0,37.0,0.568,278.0,2.0,7.5,6.16,76.2,3.0,24.0,12.0,13.0,1.0833333333333333,0.0,52.0,291.0,5.6,1.0,1.0,2.0,2.0,7.0,298.0,11.0,1.0,0.0,12.0,3.0,12.0,0.0,1.0,10.0,70.0,0.0,2.0,2.0,22:31,0,GNB,NFC North,NFC North
4.0,4.0,2011-10-02,Sun,,DEN,W,49.0,23.0,,29.0,39.0,0.7440000000000001,396.0,4.0,10.2,9.9,119.2,2.0,12.0,28.0,111.0,3.9642857142857135,2.0,69.0,507.0,7.35,0.0,0.0,7.0,7.0,1.0,49.0,18.0,7.0,1.0,26.0,9.0,13.0,0.0,1.0,3.0,27.0,0.0,2.0,2.0,33:01,22.0,32.0,0.688,265.0,3.0,8.3,5.94,86.1,1.0,8.0,23.0,119.0,5.173913043478261,0.0,56.0,384.0,6.86,1.0,1.0,2.0,2.0,2.0,98.0,13.0,5.0,0.0,18.0,4.0,11.0,1.0,1.0,3.0,24.0,1.0,3.0,4.0,26:59,0,GNB,NFC North,AFC West
5.0,5.0,2011-10-09,Sun,@,ATL,W,25.0,14.0,,26.0,39.0,0.667,369.0,2.0,9.5,10.49,114.2,4.0,27.0,20.0,57.0,2.85,0.0,63.0,426.0,6.76,4.0,4.0,1.0,1.0,2.0,85.0,14.0,5.0,0.0,19.0,9.0,15.0,0.0,0.0,6.0,55.0,1.0,0.0,1.0,33:11,18.0,32.0,0.563,156.0,1.0,4.9,2.69,53.6,1.0,11.0,22.0,95.0,4.318181818181818,1.0,55.0,251.0,4.56,0.0,0.0,2.0,2.0,5.0,189.0,11.0,5.0,2.0,18.0,5.0,11.0,0.0,0.0,5.0,44.0,0.0,2.0,2.0,26:49,0,GNB,NFC North,NFC South
6.0,6.0,2011-10-16,Sun,,LAR,W,24.0,3.0,,18.0,29.0,0.621,309.0,3.0,10.7,11.17,118.3,1.0,7.0,31.0,90.0,2.903225806451613,0.0,61.0,399.0,6.54,1.0,1.0,3.0,3.0,5.0,222.0,12.0,7.0,1.0,20.0,4.0,13.0,1.0,1.0,3.0,16.0,0.0,1.0,1.0,29:19,29.0,45.0,0.644,306.0,0.0,6.8,5.8,74.9,3.0,22.0,24.0,118.0,4.916666666666667,0.0,72.0,424.0,5.89,2.0,1.0,0.0,0.0,5.0,162.0,14.0,8.0,0.0,22.0,3.0,13.0,1.0,4.0,7.0,45.0,0.0,1.0,1.0,30:41,0,GNB,NFC North,NFC West
7.0,7.0,2011-10-23,Sun,@,MIN,W,33.0,27.0,,24.0,30.0,0.8,307.0,3.0,10.2,12.23,142.6,4.0,28.0,26.0,114.0,4.384615384615385,0.0,60.0,421.0,7.02,4.0,4.0,3.0,3.0,3.0,178.0,16.0,6.0,3.0,25.0,2.0,8.0,0.0,0.0,6.0,44.0,1.0,0.0,1.0,32:06,13.0,32.0,0.406,217.0,2.0,6.8,5.22,59.0,2.0,2.0,31.0,218.0,7.032258064516129,1.0,65.0,435.0,6.69,2.0,2.0,3.0,3.0,4.0,161.0,12.0,9.0,1.0,22.0,9.0,16.0,0.0,0.0,9.0,91.0,0.0,2.0,2.0,27:54,0,GNB,NFC North,NFC North
8.0,9.0,2011-11-06,Sun,@,LAC,W,45.0,38.0,,21.0,26.0,0.8079999999999999,232.0,4.0,8.9,12.0,143.4,4.0,15.0,26.0,136.0,5.230769230769231,0.0,56.0,368.0,6.57,1.0,1.0,6.0,6.0,2.0,108.0,10.0,8.0,3.0,21.0,6.0,10.0,0.0,1.0,5.0,33.0,0.0,0.0,0.0,29:45,26.0,46.0,0.565,375.0,4.0,8.2,6.96,85.0,2.0,10.0,21.0,85.0,4.047619047619048,1.0,69.0,460.0,6.67,1.0,1.0,5.0,5.0,2.0,98.0,20.0,5.0,3.0,28.0,5.0,11.0,0.0,0.0,8.0,64.0,0.0,3.0,3.0,30:15,0,GNB,NFC North,AFC West
9.0,10.0,2011-11-14,Mon,,MIN,W,45.0,7.0,,25.0,32.0,0.7809999999999999,266.0,4.0,8.3,10.81,140.9,3.0,22.0,31.0,90.0,2.903225806451613,1.0,66.0,356.0,5.39,1.0,1.0,6.0,6.0,2.0,99.0,15.0,4.0,4.0,23.0,7.0,13.0,2.0,2.0,1.0,5.0,1.0,0.0,1.0,33:18,16.0,34.0,0.471,162.0,0.0,4.8,3.44,48.9,3.0,28.0,22.0,104.0,4.727272727272728,1.0,59.0,266.0,4.51,1.0,0.0,1.0,1.0,6.0,263.0,8.0,6.0,0.0,14.0,5.0,14.0,0.0,2.0,10.0,80.0,0.0,1.0,1.0,26:42,0,GNB,NFC North,NFC North
10.0,11.0,2011-11-20,Sun,,TAM,W,35.0,26.0,,23.0,34.0,0.6759999999999999,287.0,3.0,8.4,8.88,110.8,2.0,12.0,23.0,91.0,3.9565217391304346,2.0,59.0,378.0,6.41,1.0,0.0,5.0,5.0,3.0,163.0,15.0,6.0,3.0,24.0,7.0,12.0,1.0,1.0,5.0,37.0,0.0,1.0,1.0,28:39,28.0,38.0,0.737,334.0,2.0,8.8,7.47,95.7,2.0,8.0,20.0,121.0,6.05,1.0,60.0,455.0,7.58,2.0,2.0,2.0,2.0,3.0,140.0,17.0,5.0,0.0,22.0,5.0,11.0,0.0,1.0,9.0,55.0,0.0,2.0,2.0,31:21,0,GNB,NFC North,NFC South
11.0,12.0,2011-11-24,Thu,@,DET,W,27.0,15.0,,22.0,33.0,0.667,296.0,2.0,9.0,10.18,115.2,2.0,11.0,18.0,53.0,2.9444444444444446,1.0,53.0,349.0,6.58,2.0,2.0,3.0,3.0,5.0,207.0,11.0,3.0,4.0,18.0,2.0,10.0,0.0,0.0,7.0,54.0,0.0,0.0,0.0,29:12,32.0,45.0,0.711,273.0,1.0,6.1,3.51,66.2,1.0,3.0,21.0,136.0,6.476190476190476,1.0,67.0,409.0,6.1,1.0,0.0,1.0,1.0,4.0,148.0,15.0,7.0,1.0,23.0,5.0,10.0,0.0,0.0,11.0,82.0,0.0,3.0,3.0,30:48,0,GNB,NFC North,NFC North
12.0,13.0,2011-12-04,Sun,@,NYG,W,38.0,35.0,,28.0,47.0,0.596,360.0,4.0,7.7,8.4,103.1,2.0,9.0,28.0,89.0,3.1785714285714284,0.0,77.0,449.0,5.83,2.0,1.0,5.0,5.0,5.0,221.0,21.0,5.0,3.0,29.0,7.0,12.0,0.0,0.0,4.0,30.0,0.0,1.0,1.0,33:03,23.0,40.0,0.575,347.0,3.0,8.7,9.05,100.7,1.0,0.0,20.0,100.0,5.0,1.0,61.0,447.0,7.33,2.0,2.0,3.0,3.0,4.0,177.0,15.0,7.0,2.0,24.0,5.0,11.0,0.0,0.0,6.0,55.0,1.0,1.0,2.0,26:57,0,GNB,NFC North,NFC East
13.0,14.0,2011-12-11,Sun,,LVR,W,46.0,16.0,,17.0,32.0,0.531,255.0,2.0,8.0,7.81,87.4,4.0,26.0,24.0,136.0,5.666666666666667,2.0,60.0,391.0,6.52,4.0,4.0,5.0,4.0,1.0,40.0,13.0,6.0,3.0,22.0,3.0,11.0,0.0,0.0,5.0,35.0,0.0,1.0,1.0,28:40,24.0,43.0,0.5579999999999999,240.0,1.0,5.6,1.86,40.8,1.0,7.0,29.0,117.0,4.0344827586206895,1.0,73.0,357.0,4.89,0.0,0.0,2.0,2.0,5.0,247.0,14.0,9.0,0.0,23.0,5.0,13.0,1.0,2.0,11.0,89.0,1.0,4.0,5.0,31:20,0,GNB,NFC North,AFC West
14.0,15.0,2011-12-18,Sun,@,KAN,L,14.0,19.0,,17.0,35.0,0.486,213.0,1.0,6.1,6.66,77.4,4.0,22.0,18.0,102.0,5.666666666666667,1.0,57.0,315.0,5.53,1.0,0.0,2.0,2.0,5.0,267.0,10.0,5.0,1.0,16.0,6.0,14.0,0.0,1.0,5.0,37.0,0.0,0.0,0.0,23:49,23.0,31.0,0.742,299.0,0.0,9.6,9.65,104.1,0.0,0.0,39.0,139.0,3.5641025641025643,1.0,70.0,438.0,6.26,4.0,4.0,1.0,1.0,2.0,99.0,18.0,5.0,0.0,23.0,4.0,12.0,0.0,1.0,7.0,55.0,0.0,0.0,0.0,36:11,0,GNB,NFC North,AFC West
15.0,16.0,2011-12-25,Sun,,CHI,W,35.0,21.0,,21.0,29.0,0.7240000000000001,282.0,5.0,9.7,13.17,142.5,1.0,1.0,21.0,81.0,3.857142857142857,0.0,51.0,363.0,7.12,0.0,0.0,5.0,5.0,4.0,176.0,15.0,3.0,1.0,19.0,5.0,9.0,0.0,0.0,0.0,0.0,0.0,0.0,0.0,24:12,19.0,28.0,0.679,242.0,1.0,8.6,6.14,76.8,0.0,0.0,42.0,199.0,4.738095238095238,0.0,70.0,441.0,6.3,3.0,2.0,1.0,1.0,2.0,98.0,13.0,11.0,0.0,24.0,6.0,12.0,0.0,0.0,6.0,28.0,0.0,2.0,2.0,35:48,0,GNB,NFC North,NFC North
16.0,17.0,2012-01-01,Sun,,DET,W,45.0,41.0,,31.0,44.0,0.705,469.0,6.0,10.7,12.36,135.3,3.0,11.0,24.0,81.0,3.375,0.0,71.0,550.0,7.75,2.0,1.0,6.0,6.0,4.0,176.0,20.0,3.0,4.0,27.0,6.0,12.0,0.0,0.0,6.0,78.0,1.0,1.0,2.0,31:40,36.0,59.0,0.61,502.0,5.0,8.5,8.68,102.5,2.0,18.0,15.0,73.0,4.866666666666666,0.0,76.0,575.0,7.57,2.0,1.0,4.0,4.0,3.0,141.0,27.0,2.0,3.0,32.0,4.0,11.0,1.0,2.0,11.0,101.0,2.0,2.0,4.0,28:20,0,GNB,NFC North,NFC North
1.0,19.0,2012-01-15,Sun,,NYG,L,20.0,37.0,,26.0,46.0,0.565,241.0,2.0,5.2,5.13,76.4,4.0,23.0,23.0,147.0,6.391304347826087,0.0,73.0,388.0,5.32,2.0,2.0,2.0,2.0,2.0,79.0,15.0,8.0,2.0,25.0,6.0,12.0,0.0,1.0,3.0,20.0,3.0,1.0,4.0,30:25,21.0,33.0,0.636,325.0,3.0,9.8,10.3,113.8,1.0,5.0,27.0,95.0,3.5185185185185186,1.0,61.0,420.0,6.89,4.0,3.0,4.0,4.0,2.0,96.0,15.0,3.0,1.0,19.0,8.0,16.0,0.0,0.0,3.0,30.0,0.0,1.0,1.0,29:35,1,GNB,NFC North,NFC East
1.0,1.0,2011-09-11,Sun,,IND,W,34.0,7.0,,17.0,24.0,0.708,217.0,1.0,9.0,6.13,78.0,1.0,3.0,41.0,167.0,4.073170731707317,2.0,66.0,384.0,5.82,2.0,2.0,4.0,4.0,2.0,89.0,13.0,12.0,1.0,26.0,5.0,11.0,0.0,0.0,4.0,30.0,1.0,2.0,3.0,36:44,16.0,31.0,0.516,172.0,1.0,5.5,6.19,79.0,3.0,25.0,16.0,64.0,4.0,0.0,50.0,236.0,4.72,1.0,0.0,1.0,1.0,6.0,281.0,10.0,4.0,1.0,15.0,1.0,9.0,0.0,1.0,6.0,60.0,2.0,0.0,2.0,23:16,0,HOU,AFC South,AFC South
2.0,2.0,2011-09-18,Sun,@,MIA,W,23.0,13.0,,21.0,29.0,0.7240000000000001,207.0,2.0,7.1,8.52,115.2,3.0,23.0,36.0,138.0,3.8333333333333335,0.0,68.0,345.0,5.07,3.0,3.0,2.0,2.0,6.0,287.0,10.0,9.0,0.0,19.0,5.0,15.0,1.0,1.0,4.0,76.0,0.0,0.0,0.0,34:06,12.0,30.0,0.4,153.0,1.0,5.1,4.27,53.9,2.0,17.0,28.0,153.0,5.464285714285714,0.0,60.0,306.0,5.1,4.0,2.0,1.0,1.0,3.0,181.0,11.0,5.0,2.0,18.0,4.0,12.0,0.0,1.0,3.0,20.0,1.0,1.0,2.0,25:54,0,HOU,AFC South,AFC East
3.0,3.0,2011-09-25,Sun,@,NOR,L,33.0,40.0,,22.0,39.0,0.564,364.0,3.0,9.3,9.72,102.9,2.0,9.0,25.0,109.0,4.36,0.0,66.0,473.0,7.17,4.0,4.0,3.0,3.0,2.0,74.0,17.0,4.0,0.0,21.0,6.0,14.0,0.0,1.0,7.0,56.0,0.0,1.0,1.0,30:06,31.0,44.0,0.705,354.0,3.0,8.0,7.36,98.1,2.0,16.0,22.0,100.0,4.545454545454546,2.0,68.0,454.0,6.68,1.0,1.0,3.0,3.0,3.0,148.0,20.0,5.0,2.0,27.0,8.0,13.0,0.0,0.0,4.0,26.0,0.0,2.0,2.0,29:54,0,HOU,AFC South,NFC South
4.0,4.0,2011-10-02,Sun,,PIT,W,17.0,10.0,,14.0,21.0,0.667,138.0,1.0,6.6,7.52,100.9,0.0,0.0,35.0,180.0,5.142857142857143,1.0,56.0,318.0,5.68,1.0,1.0,2.0,2.0,5.0,235.0,8.0,9.0,0.0,17.0,6.0,12.0,0.0,0.0,9.0,64.0,0.0,0.0,0.0,31:43,16.0,30.0,0.5329999999999999,178.0,0.0,5.9,4.43,57.4,5.0,28.0,22.0,118.0,5.363636363636363,1.0,57.0,296.0,5.19,2.0,1.0,1.0,1.0,4.0,202.0,10.0,8.0,2.0,20.0,5.0,12.0,0.0,1.0,5.0,45.0,0.0,1.0,1.0,28:17,0,HOU,AFC South,AFC North
5.0,5.0,2011-10-09,Sun,,LVR,L,20.0,25.0,,24.0,51.0,0.471,403.0,2.0,7.9,6.92,71.0,3.0,13.0,25.0,70.0,2.8,0.0,79.0,473.0,5.99,3.0,2.0,2.0,2.0,8.0,298.0,16.0,2.0,3.0,21.0,8.0,20.0,0.0,0.0,6.0,50.0,0.0,2.0,2.0,34:25,15.0,35.0,0.429,184.0,2.0,5.3,5.11,66.8,3.0,6.0,22.0,94.0,4.2727272727272725,0.0,60.0,278.0,4.63,4.0,4.0,1.0,1.0,7.0,346.0,6.0,4.0,1.0,11.0,3.0,15.0,1.0,1.0,11.0,89.0,0.0,1.0,1.0,25:35,0,HOU,AFC South,AFC West
6.0,6.0,2011-10-16,Sun,@,BAL,L,14.0,29.0,,21.0,37.0,0.568,200.0,1.0,5.4,5.95,80.9,4.0,20.0,25.0,93.0,3.72,0.0,66.0,293.0,4.44,0.0,0.0,2.0,2.0,6.0,246.0,11.0,5.0,2.0,18.0,6.0,16.0,0.0,3.0,5.0,15.0,0.0,0.0,0.0,27:48,20.0,33.0,0.606,289.0,0.0,8.8,7.39,76.5,2.0,16.0,30.0,113.0,3.7666666666666666,2.0,65.0,402.0,6.18,5.0,5.0,2.0,2.0,2.0,90.0,15.0,6.0,3.0,24.0,3.0,11.0,0.0,0.0,5.0,25.0,1.0,1.0,2.0,32:12,0,HOU,AFC South,AFC North
7.0,7.0,2011-10-23,Sun,@,TEN,W,41.0,7.0,,18.0,23.0,0.7829999999999999,296.0,2.0,12.9,14.61,147.7,0.0,0.0,47.0,222.0,4.723404255319149,2.0,70.0,518.0,7.4,2.0,2.0,5.0,5.0,2.0,96.0,13.0,14.0,2.0,29.0,7.0,13.0,0.0,2.0,6.0,68.0,0.0,0.0,0.0,37:58,15.0,31.0,0.484,95.0,1.0,3.1,0.81,39.0,2.0,21.0,15.0,53.0,3.533333333333333,0.0,48.0,148.0,3.08,0.0,0.0,1.0,1.0,7.0,319.0,6.0,2.0,3.0,11.0,2.0,10.0,1.0,1.0,8.0,76.0,0.0,2.0,2.0,22:02,0,HOU,AFC South,AFC South
8.0,8.0,2011-10-30,Sun,,JAX,W,24.0,14.0,,16.0,30.0,0.5329999999999999,202.0,1.0,6.7,7.4,85.7,2.0,23.0,39.0,156.0,4.0,2.0,71.0,358.0,5.04,2.0,1.0,3.0,3.0,6.0,272.0,14.0,6.0,0.0,20.0,10.0,17.0,0.0,0.0,7.0,60.0,2.0,0.0,2.0,35:19,10.0,32.0,0.313,90.0,1.0,2.8,0.63,25.0,1.0,7.0,25.0,84.0,3.36,1.0,58.0,174.0,3.0,0.0,0.0,2.0,2.0,8.0,374.0,8.0,5.0,0.0,13.0,5.0,14.0,1.0,1.0,5.0,39.0,0.0,2.0,2.0,24:41,0,HOU,AFC South,AFC South
9.0,9.0,2011-11-06,Sun,,CLE,W,30.0,12.0,,14.0,23.0,0.609,119.0,0.0,5.2,3.22,56.2,0.0,0.0,40.0,261.0,6.525,3.0,63.0,380.0,6.03,3.0,3.0,3.0,3.0,2.0,95.0,7.0,14.0,0.0,21.0,9.0,14.0,1.0,1.0,2.0,15.0,0.0,1.0,1.0,35:15,14.0,22.0,0.636,128.0,1.0,5.8,4.68,75.6,4.0,18.0,21.0,44.0,2.095238095238096,0.0,47.0,172.0,3.66,2.0,2.0,0.0,0.0,4.0,175.0,7.0,2.0,1.0,10.0,4.0,12.0,2.0,2.0,4.0,35.0,1.0,1.0,2.0,24:45,0,HOU,AFC South,AFC North
10.0,10.0,2011-11-13,Sun,@,TAM,W,37.0,9.0,,11.0,15.0,0.733,235.0,2.0,15.7,18.33,154.9,1.0,7.0,44.0,185.0,4.204545454545454,3.0,60.0,420.0,7.0,2.0,1.0,5.0,4.0,4.0,181.0,9.0,12.0,0.0,21.0,3.0,10.0,0.0,1.0,8.0,54.0,0.0,0.0,0.0,35:06,15.0,35.0,0.429,141.0,1.0,4.0,0.74,28.4,4.0,29.0,18.0,90.0,5.0,0.0,57.0,231.0,4.05,1.0,1.0,0.0,0.0,6.0,265.0,6.0,4.0,2.0,12.0,3.0,13.0,0.0,1.0,6.0,49.0,1.0,3.0,4.0,24:54,0,HOU,AFC South,NFC South
11.0,12.0,2011-11-27,Sun,@,JAX,W,20.0,13.0,,18.0,28.0,0.643,127.0,1.0,4.5,5.25,86.5,0.0,0.0,31.0,88.0,2.838709677419355,1.0,59.0,215.0,3.64,2.0,2.0,2.0,2.0,10.0,436.0,4.0,5.0,0.0,9.0,2.0,15.0,0.0,0.0,7.0,80.0,1.0,0.0,1.0,28:21,20.0,40.0,0.5,150.0,0.0,3.8,2.63,49.0,7.0,48.0,24.0,105.0,4.375,0.0,71.0,255.0,3.59,3.0,2.0,1.0,1.0,9.0,380.0,7.0,4.0,3.0,14.0,5.0,19.0,0.0,1.0,4.0,30.0,0.0,1.0,1.0,31:39,0,HOU,AFC South,AFC South
12.0,13.0,2011-12-04,Sun,,ATL,W,17.0,10.0,,12.0,25.0,0.48,175.0,1.0,7.0,7.8,84.6,3.0,13.0,44.0,162.0,3.6818181818181817,1.0,72.0,337.0,4.68,2.0,1.0,2.0,2.0,5.0,264.0,9.0,9.0,2.0,20.0,9.0,18.0,1.0,1.0,5.0,35.0,1.0,0.0,1.0,35:04,20.0,47.0,0.426,267.0,1.0,5.7,4.19,50.6,0.0,0.0,18.0,70.0,3.888888888888889,0.0,65.0,337.0,5.18,1.0,1.0,1.0,1.0,4.0,202.0,13.0,3.0,2.0,18.0,6.0,14.0,0.0,2.0,7.0,43.0,0.0,2.0,2.0,24:56,0,HOU,AFC South,NFC South
13.0,14.0,2011-12-11,Sun,@,CIN,W,20.0,19.0,,26.0,44.0,0.591,268.0,2.0,6.1,5.98,82.4,5.0,32.0,28.0,144.0,5.142857142857143,0.0,77.0,412.0,5.35,3.0,2.0,2.0,2.0,2.0,103.0,17.0,7.0,1.0,25.0,9.0,16.0,0.0,1.0,5.0,50.0,3.0,1.0,4.0,31:44,16.0,28.0,0.5710000000000001,184.0,1.0,6.6,7.29,89.0,1.0,5.0,29.0,101.0,3.4827586206896552,0.0,58.0,285.0,4.91,4.0,4.0,1.0,1.0,4.0,186.0,8.0,6.0,2.0,16.0,5.0,13.0,1.0,1.0,3.0,27.0,2.0,0.0,2.0,28:16,0,HOU,AFC South,AFC North
14.0,15.0,2011-12-18,Sun,,CAR,L,13.0,28.0,,19.0,30.0,0.633,208.0,0.0,6.9,3.93,56.0,2.0,4.0,25.0,150.0,6.0,1.0,57.0,358.0,6.28,3.0,2.0,1.0,1.0,2.0,59.0,11.0,7.0,0.0,18.0,2.0,9.0,0.0,0.0,6.0,60.0,1.0,2.0,3.0,27:26,14.0,24.0,0.583,150.0,2.0,6.3,7.92,104.5,2.0,10.0,34.0,166.0,4.882352941176471,2.0,60.0,316.0,5.27,0.0,0.0,4.0,4.0,5.0,252.0,8.0,11.0,1.0,20.0,9.0,14.0,0.0,0.0,7.0,40.0,0.0,0.0,0.0,32:34,0,HOU,AFC South,NFC South
15.0,16.0,2011-12-22,Thu,@,IND,L,16.0,19.0,,13.0,16.0,0.813,112.0,0.0,7.0,7.0,95.8,4.0,20.0,31.0,171.0,5.516129032258065,1.0,51.0,283.0,5.55,3.0,3.0,1.0,1.0,6.0,253.0,6.0,7.0,1.0,14.0,1.0,10.0,0.0,0.0,11.0,84.0,1.0,0.0,1.0,27:05,23.0,41.0,0.561,225.0,1.0,5.5,5.98,79.8,3.0,19.0,32.0,95.0,2.96875,0.0,76.0,320.0,4.21,5.0,4.0,1.0,1.0,5.0,209.0,16.0,2.0,6.0,24.0,7.0,17.0,0.0,0.0,4.0,35.0,1.0,0.0,1.0,32:55,0,HOU,AFC South,AFC South
16.0,17.0,2012-01-01,Sun,,TEN,L,22.0,23.0,,22.0,32.0,0.688,235.0,1.0,7.3,7.97,100.4,3.0,23.0,30.0,152.0,5.066666666666666,1.0,65.0,387.0,5.95,3.0,3.0,1.0,1.0,6.0,268.0,11.0,9.0,2.0,22.0,5.0,14.0,0.0,0.0,7.0,55.0,1.0,0.0,1.0,34:38,22.0,35.0,0.629,275.0,2.0,7.9,9.0,106.2,3.0,22.0,22.0,86.0,3.909090909090909,0.0,60.0,361.0,6.02,3.0,3.0,2.0,2.0,6.0,286.0,15.0,2.0,0.0,17.0,6.0,14.0,0.0,0.0,6.0,47.0,1.0,0.0,1.0,25:22,0,HOU,AFC South,AFC South
1.0,18.0,2012-01-07,Sat,,CIN,W,31.0,10.0,,11.0,20.0,0.55,152.0,1.0,7.6,8.6,96.2,2.0,7.0,35.0,188.0,5.371428571428571,2.0,57.0,340.0,5.96,1.0,1.0,4.0,4.0,5.0,251.0,9.0,9.0,1.0,19.0,6.0,12.0,0.0,0.0,5.0,87.0,0.0,0.0,0.0,29:43,27.0,42.0,0.643,224.0,0.0,5.3,2.12,48.1,4.0,33.0,19.0,76.0,4.0,1.0,65.0,300.0,4.62,2.0,1.0,1.0,1.0,3.0,145.0,11.0,8.0,2.0,21.0,6.0,13.0,0.0,2.0,3.0,25.0,0.0,3.0,3.0,30:17,1,HOU,AFC South,AFC North
2.0,19.0,2012-01-15,Sun,@,BAL,L,13.0,20.0,,17.0,35.0,0.486,184.0,0.0,5.3,1.4,28.7,0.0,0.0,28.0,131.0,4.678571428571429,1.0,63.0,315.0,5.0,3.0,2.0,1.0,1.0,5.0,200.0,11.0,5.0,0.0,16.0,5.0,15.0,0.0,1.0,3.0,20.0,1.0,3.0,4.0,28:40,14.0,27.0,0.519,140.0,2.0,5.2,6.67,91.6,5.0,36.0,31.0,87.0,2.806451612903226,0.0,63.0,227.0,3.6,2.0,2.0,2.0,2.0,9.0,444.0,9.0,2.0,0.0,11.0,4.0,16.0,0.0,1.0,0.0,0.0,0.0,0.0,0.0,31:20,1,HOU,AFC South,AFC North
1.0,1.0,2011-09-11,Sun,@,HOU,L,7.0,34.0,,16.0,31.0,0.516,172.0,1.0,5.5,6.19,79.0,3.0,25.0,16.0,64.0,4.0,0.0,50.0,236.0,4.72,1.0,0.0,1.0,1.0,6.0,281.0,10.0,4.0,1.0,15.0,1.0,9.0,0.0,1.0,6.0,60.0,2.0,0.0,2.0,23:16,17.0,24.0,0.708,217.0,1.0,9.0,6.13,78.0,1.0,3.0,41.0,167.0,4.073170731707317,2.0,66.0,384.0,5.82,2.0,2.0,4.0,4.0,2.0,89.0,13.0,12.0,1.0,26.0,5.0,11.0,0.0,0.0,4.0,30.0,1.0,2.0,3.0,36:44,0,IND,AFC South,AFC South
2.0,2.0,2011-09-18,Sun,,CLE,L,19.0,27.0,,19.0,38.0,0.5,176.0,1.0,4.6,3.97,60.9,2.0,15.0,26.0,109.0,4.1923076923076925,0.0,66.0,285.0,4.32,4.0,4.0,1.0,1.0,4.0,208.0,12.0,6.0,1.0,19.0,4.0,14.0,0.0,0.0,4.0,21.0,1.0,1.0,2.0,25:26,22.0,32.0,0.688,197.0,1.0,6.2,6.78,95.4,1.0,14.0,34.0,106.0,3.117647058823529,2.0,67.0,303.0,4.52,2.0,2.0,3.0,3.0,5.0,201.0,9.0,8.0,1.0,18.0,8.0,16.0,1.0,1.0,3.0,49.0,1.0,0.0,1.0,34:34,0,IND,AFC South,AFC North
3.0,3.0,2011-09-25,Sun,,PIT,L,20.0,23.0,,18.0,40.0,0.45,144.0,0.0,3.6,3.6,54.6,1.0,9.0,21.0,97.0,4.619047619047619,1.0,62.0,241.0,3.89,2.0,2.0,2.0,2.0,7.0,311.0,10.0,4.0,0.0,14.0,7.0,16.0,0.0,0.0,3.0,21.0,1.0,0.0,1.0,26:02,25.0,37.0,0.6759999999999999,341.0,1.0,9.2,8.54,94.5,3.0,23.0,28.0,67.0,2.392857142857143,0.0,68.0,408.0,6.0,4.0,3.0,2.0,2.0,3.0,112.0,14.0,4.0,1.0,19.0,8.0,15.0,0.0,0.0,4.0,38.0,2.0,1.0,3.0,33:58,0,IND,AFC South,AFC North
4.0,4.0,2011-10-03,Mon,@,TAM,L,17.0,24.0,,13.0,30.0,0.433,256.0,2.0,8.5,9.87,96.0,4.0,25.0,18.0,62.0,3.4444444444444446,0.0,52.0,318.0,6.12,2.0,1.0,2.0,2.0,6.0,266.0,9.0,2.0,2.0,13.0,4.0,13.0,0.0,0.0,6.0,50.0,1.0,0.0,1.0,21:00,25.0,39.0,0.6409999999999999,274.0,1.0,7.0,7.54,93.3,2.0,13.0,36.0,192.0,5.333333333333333,2.0,77.0,466.0,6.05,2.0,1.0,3.0,3.0,5.0,220.0,14.0,10.0,1.0,25.0,7.0,17.0,2.0,2.0,14.0,106.0,0.0,0.0,0.0,39:00,0,IND,AFC South,NFC South
5.0,5.0,2011-10-09,Sun,,KAN,L,24.0,28.0,,15.0,27.0,0.556,277.0,2.0,10.3,11.74,115.8,0.0,0.0,27.0,78.0,2.888888888888889,1.0,54.0,355.0,6.57,1.0,1.0,3.0,3.0,5.0,277.0,12.0,3.0,0.0,15.0,5.0,12.0,0.0,1.0,4.0,40.0,0.0,0.0,0.0,26:53,21.0,29.0,0.7240000000000001,242.0,4.0,8.3,11.1,136.8,2.0,15.0,38.0,194.0,5.105263157894737,0.0,69.0,436.0,6.32,0.0,0.0,4.0,4.0,6.0,269.0,14.0,11.0,1.0,26.0,8.0,14.0,0.0,0.0,5.0,39.0,0.0,0.0,0.0,33:07,0,IND,AFC South,AFC West
6.0,6.0,2011-10-16,Sun,@,CIN,L,17.0,27.0,,23.0,34.0,0.6759999999999999,179.0,1.0,5.3,4.53,77.9,1.0,9.0,23.0,94.0,4.086956521739131,1.0,58.0,273.0,4.71,2.0,1.0,2.0,2.0,4.0,208.0,10.0,7.0,1.0,18.0,6.0,12.0,0.0,0.0,2.0,11.0,2.0,1.0,3.0,26:24,25.0,32.0,0.7809999999999999,264.0,1.0,8.3,8.88,111.5,0.0,0.0,31.0,94.0,3.032258064516129,1.0,63.0,358.0,5.68,3.0,2.0,3.0,3.0,5.0,221.0,12.0,4.0,1.0,17.0,6.0,14.0,0.0,0.0,11.0,111.0,0.0,0.0,0.0,33:36,0,IND,AFC South,AFC North
7.0,7.0,2011-10-23,Sun,@,NOR,L,7.0,62.0,,12.0,22.0,0.545,97.0,0.0,4.4,2.36,47.0,1.0,5.0,23.0,155.0,6.739130434782608,1.0,46.0,252.0,5.48,0.0,0.0,1.0,1.0,6.0,279.0,5.0,6.0,0.0,11.0,4.0,11.0,0.0,0.0,7.0,49.0,2.0,1.0,3.0,21:41,31.0,35.0,0.8859999999999999,321.0,5.0,9.2,12.03,144.5,2.0,4.0,38.0,236.0,6.2105263157894735,2.0,75.0,557.0,7.43,2.0,2.0,8.0,8.0,1.0,53.0,19.0,16.0,1.0,36.0,6.0,8.0,0.0,0.0,1.0,10.0,0.0,0.0,0.0,38:19,0,IND,AFC South,NFC South
8.0,8.0,2011-10-30,Sun,@,TEN,L,10.0,27.0,,26.0,49.0,0.531,241.0,0.0,4.9,3.08,49.8,2.0,9.0,26.0,158.0,6.076923076923077,1.0,77.0,399.0,5.18,1.0,1.0,1.0,1.0,7.0,269.0,13.0,8.0,1.0,22.0,6.0,17.0,0.0,2.0,10.0,66.0,0.0,2.0,2.0,28:32,23.0,33.0,0.6970000000000001,215.0,1.0,6.5,7.12,97.4,1.0,9.0,31.0,96.0,3.096774193548387,1.0,65.0,311.0,4.78,2.0,2.0,3.0,3.0,8.0,330.0,11.0,4.0,2.0,17.0,7.0,17.0,0.0,0.0,3.0,40.0,0.0,0.0,0.0,31:28,0,IND,AFC South,AFC South
9.0,9.0,2011-11-06,Sun,,ATL,L,7.0,31.0,,17.0,33.0,0.515,103.0,0.0,3.1,1.76,45.4,2.0,15.0,21.0,83.0,3.952380952380953,0.0,56.0,186.0,3.32,0.0,0.0,1.0,1.0,9.0,451.0,6.0,4.0,0.0,10.0,4.0,14.0,0.0,0.0,6.0,32.0,1.0,1.0,2.0,22:14,14.0,24.0,0.583,269.0,3.0,11.2,11.83,119.6,1.0,6.0,41.0,163.0,3.975609756097561,1.0,66.0,432.0,6.55,1.0,1.0,4.0,4.0,7.0,321.0,10.0,11.0,0.0,21.0,6.0,14.0,0.0,0.0,1.0,10.0,0.0,1.0,1.0,37:46,0,IND,AFC South,NFC South
10.0,10.0,2011-11-13,Sun,,JAX,L,3.0,17.0,,20.0,29.0,0.69,128.0,0.0,4.4,1.31,49.2,5.0,33.0,23.0,84.0,3.652173913043478,0.0,57.0,212.0,3.72,1.0,1.0,0.0,0.0,6.0,246.0,8.0,2.0,3.0,17.0,4.0,15.0,0.0,1.0,6.0,40.0,1.0,2.0,3.0,24:39,14.0,21.0,0.667,110.0,1.0,5.2,4.05,75.5,2.0,8.0,41.0,141.0,3.4390243902439024,1.0,64.0,251.0,3.92,2.0,1.0,2.0,2.0,6.0,232.0,8.0,9.0,1.0,18.0,6.0,15.0,0.0,0.0,5.0,55.0,0.0,1.0,1.0,35:21,0,IND,AFC South,AFC South
11.0,12.0,2011-11-27,Sun,,CAR,L,19.0,27.0,,15.0,29.0,0.517,218.0,1.0,7.5,5.1,59.3,2.0,8.0,23.0,105.0,4.565217391304348,1.0,54.0,323.0,5.98,2.0,2.0,1.0,1.0,5.0,228.0,10.0,5.0,2.0,17.0,1.0,9.0,1.0,1.0,2.0,15.0,0.0,2.0,2.0,23:43,20.0,27.0,0.741,176.0,0.0,6.5,6.52,91.0,3.0,32.0,35.0,201.0,5.742857142857143,3.0,65.0,377.0,5.8,3.0,2.0,3.0,3.0,4.0,181.0,9.0,13.0,0.0,22.0,6.0,12.0,0.0,0.0,6.0,92.0,1.0,0.0,1.0,36:17,0,IND,AFC South,NFC South
12.0,13.0,2011-12-04,Sun,@,NWE,L,24.0,31.0,,30.0,37.0,0.8109999999999999,338.0,2.0,9.1,9.0,111.5,2.0,15.0,31.0,99.0,3.193548387096774,1.0,70.0,437.0,6.24,1.0,1.0,3.0,3.0,3.0,140.0,21.0,5.0,0.0,26.0,10.0,15.0,0.0,0.0,5.0,29.0,1.0,1.0,2.0,35:39,29.0,38.0,0.763,289.0,2.0,7.6,8.66,114.9,1.0,0.0,24.0,73.0,3.0416666666666665,2.0,63.0,362.0,5.75,1.0,1.0,4.0,4.0,4.0,187.0,19.0,5.0,0.0,24.0,6.0,11.0,0.0,0.0,3.0,20.0,0.0,0.0,0.0,24:21,0,IND,AFC South,AFC East
13.0,14.0,2011-12-11,Sun,@,BAL,L,10.0,24.0,,17.0,37.0,0.4589999999999999,117.0,1.0,3.2,2.49,51.3,4.0,19.0,16.0,50.0,3.125,0.0,57.0,167.0,2.93,1.0,1.0,1.0,1.0,6.0,268.0,9.0,1.0,2.0,12.0,2.0,14.0,3.0,4.0,3.0,15.0,0.0,1.0,1.0,23:52,23.0,31.0,0.742,212.0,2.0,6.8,6.68,100.5,2.0,15.0,37.0,146.0,3.945945945945946,1.0,70.0,358.0,5.11,1.0,1.0,3.0,3.0,3.0,145.0,13.0,11.0,0.0,24.0,7.0,13.0,0.0,1.0,5.0,40.0,1.0,1.0,2.0,36:08,0,IND,AFC South,AFC North
14.0,15.0,2011-12-18,Sun,,TEN,W,27.0,13.0,,11.0,17.0,0.647,82.0,1.0,4.8,6.0,95.7,0.0,0.0,34.0,205.0,6.029411764705882,1.0,51.0,287.0,5.63,2.0,2.0,3.0,3.0,7.0,321.0,2.0,8.0,0.0,10.0,3.0,12.0,0.0,0.0,4.0,25.0,1.0,0.0,1.0,28:03,38.0,56.0,0.679,322.0,1.0,5.8,4.5,73.7,1.0,9.0,19.0,66.0,3.473684210526316,0.0,76.0,388.0,5.11,2.0,2.0,1.0,1.0,7.0,329.0,18.0,2.0,1.0,21.0,6.0,16.0,0.0,1.0,7.0,70.0,1.0,2.0,3.0,31:57,0,IND,AFC South,AFC South
15.0,16.0,2011-12-22,Thu,,HOU,W,19.0,16.0,,23.0,41.0,0.561,225.0,1.0,5.5,5.98,79.8,3.0,19.0,32.0,95.0,2.96875,0.0,76.0,320.0,4.21,5.0,4.0,1.0,1.0,5.0,209.0,16.0,2.0,6.0,24.0,7.0,17.0,0.0,0.0,4.0,35.0,1.0,0.0,1.0,32:55,13.0,16.0,0.813,112.0,0.0,7.0,7.0,95.8,4.0,20.0,31.0,171.0,5.516129032258065,1.0,51.0,283.0,5.55,3.0,3.0,1.0,1.0,6.0,253.0,6.0,7.0,1.0,14.0,1.0,10.0,0.0,0.0,11.0,84.0,1.0,0.0,1.0,27:05,0,IND,AFC South,AFC South
16.0,17.0,2012-01-01,Sun,@,JAX,L,13.0,19.0,,27.0,40.0,0.675,242.0,1.0,6.1,4.3,71.0,3.0,22.0,22.0,56.0,2.5454545454545454,0.0,65.0,298.0,4.58,2.0,2.0,1.0,1.0,3.0,136.0,17.0,2.0,0.0,19.0,6.0,14.0,0.0,1.0,4.0,40.0,1.0,2.0,3.0,29:12,11.0,19.0,0.579,71.0,1.0,3.7,4.79,83.4,3.0,21.0,35.0,190.0,5.428571428571429,0.0,57.0,261.0,4.58,4.0,4.0,1.0,1.0,2.0,87.0,4.0,9.0,2.0,15.0,5.0,13.0,0.0,1.0,1.0,10.0,1.0,0.0,1.0,30:48,0,IND,AFC South,AFC South
1.0,1.0,2011-09-11,Sun,,TEN,W,16.0,14.0,,17.0,24.0,0.708,160.0,0.0,6.7,6.67,88.9,2.0,15.0,47.0,163.0,3.4680851063829787,1.0,73.0,323.0,4.42,3.0,3.0,1.0,1.0,5.0,218.0,9.0,10.0,1.0,20.0,9.0,18.0,0.0,0.0,5.0,39.0,1.0,0.0,1.0,39:38,21.0,34.0,0.618,249.0,2.0,7.3,7.18,91.4,2.0,14.0,13.0,43.0,3.3076923076923075,0.0,49.0,292.0,5.96,1.0,0.0,2.0,2.0,7.0,291.0,11.0,1.0,1.0,13.0,4.0,11.0,0.0,0.0,7.0,60.0,0.0,1.0,1.0,20:22,0,JAX,AFC South,AFC South
2.0,2.0,2011-09-18,Sun,@,NYJ,L,3.0,32.0,,11.0,25.0,0.44,91.0,0.0,3.6,-3.56,14.3,2.0,20.0,27.0,112.0,4.148148148148148,0.0,54.0,203.0,3.76,1.0,1.0,0.0,0.0,5.0,203.0,6.0,5.0,0.0,11.0,3.0,12.0,0.0,1.0,4.0,50.0,0.0,4.0,4.0,26:37,17.0,24.0,0.708,182.0,2.0,7.6,5.5,85.8,1.0,0.0,32.0,101.0,3.15625,1.0,57.0,283.0,4.96,3.0,3.0,3.0,3.0,5.0,194.0,8.0,5.0,2.0,15.0,3.0,12.0,0.0,0.0,7.0,60.0,0.0,2.0,2.0,33:23,0,JAX,AFC South,AFC East
3.0,3.0,2011-09-25,Sun,@,CAR,L,10.0,16.0,,12.0,21.0,0.5710000000000001,129.0,1.0,6.1,4.95,71.3,2.0,10.0,34.0,128.0,3.764705882352941,0.0,57.0,257.0,4.51,1.0,1.0,1.0,1.0,6.0,234.0,4.0,7.0,2.0,13.0,3.0,14.0,1.0,2.0,8.0,60.0,0.0,1.0,1.0,30:26,18.0,34.0,0.529,158.0,1.0,4.6,5.24,75.4,0.0,0.0,28.0,107.0,3.821428571428572,0.0,62.0,265.0,4.27,2.0,2.0,0.0,0.0,8.0,307.0,10.0,5.0,1.0,16.0,6.0,16.0,0.0,0.0,8.0,69.0,0.0,0.0,0.0,29:34,0,JAX,AFC South,NFC South
4.0,4.0,2011-10-02,Sun,,NOR,L,10.0,23.0,,16.0,42.0,0.381,170.0,1.0,4.0,3.45,48.7,3.0,26.0,17.0,104.0,6.117647058823529,0.0,62.0,274.0,4.42,1.0,1.0,1.0,1.0,4.0,153.0,7.0,4.0,4.0,15.0,4.0,15.0,0.0,4.0,2.0,15.0,0.0,1.0,1.0,22:55,31.0,44.0,0.705,326.0,1.0,7.4,5.82,80.3,3.0,25.0,34.0,177.0,5.205882352941177,1.0,81.0,503.0,6.21,5.0,3.0,2.0,2.0,1.0,58.0,20.0,9.0,1.0,30.0,7.0,14.0,1.0,1.0,6.0,50.0,0.0,2.0,2.0,37:05,0,JAX,AFC South,NFC South
5.0,5.0,2011-10-09,Sun,,CIN,L,20.0,30.0,,15.0,28.0,0.536,200.0,1.0,7.1,7.86,88.4,3.0,21.0,27.0,96.0,3.555555555555556,1.0,58.0,296.0,5.1,2.0,2.0,2.0,2.0,7.0,264.0,7.0,5.0,0.0,12.0,6.0,16.0,0.0,0.0,2.0,15.0,2.0,0.0,2.0,27:27,21.0,33.0,0.636,162.0,2.0,4.9,4.76,83.1,2.0,17.0,31.0,77.0,2.4838709677419355,1.0,66.0,239.0,3.62,1.0,1.0,4.0,3.0,7.0,334.0,11.0,2.0,0.0,13.0,8.0,19.0,2.0,3.0,4.0,33.0,0.0,1.0,1.0,32:33,0,JAX,AFC South,AFC North
6.0,6.0,2011-10-16,Sun,@,PIT,L,13.0,17.0,,12.0,26.0,0.462,76.0,1.0,2.9,3.69,65.9,5.0,33.0,30.0,133.0,4.433333333333334,0.0,61.0,209.0,3.43,2.0,2.0,1.0,1.0,7.0,296.0,7.0,6.0,3.0,16.0,4.0,15.0,1.0,1.0,4.0,22.0,0.0,0.0,0.0,28:47,12.0,23.0,0.522,185.0,1.0,8.0,8.91,93.6,3.0,15.0,32.0,185.0,5.78125,1.0,58.0,370.0,6.38,2.0,1.0,2.0,2.0,6.0,256.0,8.0,6.0,1.0,15.0,7.0,15.0,0.0,0.0,8.0,65.0,0.0,0.0,0.0,31:13,0,JAX,AFC South,AFC North
7.0,7.0,2011-10-24,Mon,,BAL,W,12.0,7.0,,9.0,20.0,0.45,73.0,0.0,3.7,3.65,54.8,4.0,20.0,42.0,132.0,3.142857142857143,0.0,66.0,205.0,3.11,4.0,4.0,0.0,0.0,7.0,286.0,5.0,6.0,2.0,13.0,2.0,16.0,1.0,1.0,6.0,90.0,1.0,0.0,1.0,36:15,21.0,38.0,0.5529999999999999,112.0,1.0,2.9,2.29,58.4,3.0,25.0,12.0,34.0,2.833333333333333,0.0,53.0,146.0,2.75,1.0,0.0,1.0,1.0,9.0,470.0,8.0,1.0,2.0,11.0,2.0,12.0,0.0,0.0,10.0,85.0,1.0,1.0,2.0,23:45,0,JAX,AFC South,AFC North
8.0,8.0,2011-10-30,Sun,@,HOU,L,14.0,24.0,,10.0,32.0,0.313,90.0,1.0,2.8,0.63,25.0,1.0,7.0,25.0,84.0,3.36,1.0,58.0,174.0,3.0,0.0,0.0,2.0,2.0,8.0,374.0,8.0,5.0,0.0,13.0,5.0,14.0,1.0,1.0,5.0,39.0,0.0,2.0,2.0,24:41,16.0,30.0,0.5329999999999999,202.0,1.0,6.7,7.4,85.7,2.0,23.0,39.0,156.0,4.0,2.0,71.0,358.0,5.04,2.0,1.0,3.0,3.0,6.0,272.0,14.0,6.0,0.0,20.0,10.0,17.0,0.0,0.0,7.0,60.0,2.0,0.0,2.0,35:19,0,JAX,AFC South,AFC South
9.0,10.0,2011-11-13,Sun,@,IND,W,17.0,3.0,,14.0,21.0,0.667,110.0,1.0,5.2,4.05,75.5,2.0,8.0,41.0,141.0,3.4390243902439024,1.0,64.0,251.0,3.92,2.0,1.0,2.0,2.0,6.0,232.0,8.0,9.0,1.0,18.0,6.0,15.0,0.0,0.0,5.0,55.0,0.0,1.0,1.0,35:21,20.0,29.0,0.69,128.0,0.0,4.4,1.31,49.2,5.0,33.0,23.0,84.0,3.652173913043478,0.0,57.0,212.0,3.72,1.0,1.0,0.0,0.0,6.0,246.0,8.0,2.0,3.0,17.0,4.0,15.0,0.0,1.0,6.0,40.0,1.0,2.0,3.0,24:39,0,JAX,AFC South,AFC South
10.0,11.0,2011-11-20,Sun,@,CLE,L,10.0,14.0,,22.0,41.0,0.537,195.0,0.0,4.8,4.76,66.6,1.0,15.0,29.0,108.0,3.724137931034482,1.0,71.0,303.0,4.27,1.0,1.0,1.0,1.0,5.0,203.0,9.0,10.0,4.0,23.0,7.0,15.0,0.0,0.0,9.0,81.0,0.0,0.0,0.0,30:53,17.0,24.0,0.708,186.0,1.0,7.8,6.71,89.9,2.0,13.0,28.0,148.0,5.285714285714286,1.0,54.0,334.0,6.19,1.0,0.0,2.0,2.0,3.0,108.0,10.0,6.0,4.0,20.0,4.0,10.0,0.0,0.0,9.0,70.0,0.0,1.0,1.0,29:07,0,JAX,AFC South,AFC North
11.0,12.0,2011-11-27,Sun,,HOU,L,13.0,20.0,,20.0,40.0,0.5,150.0,0.0,3.8,2.63,49.0,7.0,48.0,24.0,105.0,4.375,0.0,71.0,255.0,3.59,3.0,2.0,1.0,1.0,9.0,380.0,7.0,4.0,3.0,14.0,5.0,19.0,0.0,1.0,4.0,30.0,0.0,1.0,1.0,31:39,18.0,28.0,0.643,127.0,1.0,4.5,5.25,86.5,0.0,0.0,31.0,88.0,2.838709677419355,1.0,59.0,215.0,3.64,2.0,2.0,2.0,2.0,10.0,436.0,4.0,5.0,0.0,9.0,2.0,15.0,0.0,0.0,7.0,80.0,1.0,0.0,1.0,28:21,0,JAX,AFC South,AFC South
12.0,13.0,2011-12-05,Mon,,LAC,L,14.0,38.0,,19.0,33.0,0.5760000000000001,177.0,2.0,5.4,5.21,80.0,2.0,18.0,31.0,129.0,4.161290322580645,0.0,66.0,306.0,4.64,0.0,0.0,2.0,2.0,5.0,217.0,11.0,6.0,0.0,17.0,9.0,16.0,0.0,2.0,3.0,26.0,0.0,1.0,1.0,31:43,22.0,28.0,0.7859999999999999,294.0,3.0,10.5,12.64,146.1,0.0,0.0,26.0,139.0,5.346153846153846,2.0,54.0,433.0,8.02,1.0,1.0,5.0,5.0,4.0,179.0,12.0,7.0,0.0,19.0,4.0,10.0,0.0,0.0,6.0,55.0,0.0,0.0,0.0,28:17,0,JAX,AFC South,AFC West
13.0,14.0,2011-12-11,Sun,,TAM,W,41.0,14.0,,19.0,33.0,0.5760000000000001,209.0,2.0,6.3,4.82,71.4,1.0,8.0,33.0,116.0,3.515151515151515,2.0,67.0,325.0,4.85,0.0,0.0,5.0,5.0,7.0,290.0,10.0,7.0,4.0,21.0,5.0,15.0,0.0,0.0,8.0,80.0,0.0,2.0,2.0,32:49,17.0,32.0,0.531,170.0,0.0,5.3,1.09,29.4,3.0,14.0,24.0,110.0,4.583333333333333,2.0,59.0,280.0,4.75,0.0,0.0,2.0,2.0,5.0,189.0,7.0,7.0,1.0,15.0,3.0,11.0,1.0,2.0,12.0,97.0,4.0,3.0,7.0,27:11,0,JAX,AFC South,NFC South
14.0,15.0,2011-12-15,Thu,@,ATL,L,14.0,41.0,,12.0,22.0,0.545,91.0,1.0,4.1,3.0,61.0,5.0,50.0,19.0,116.0,6.105263157894737,0.0,46.0,207.0,4.5,0.0,0.0,2.0,2.0,7.0,304.0,8.0,4.0,0.0,12.0,3.0,10.0,0.0,0.0,5.0,40.0,3.0,1.0,4.0,21:29,24.0,32.0,0.75,276.0,3.0,8.6,10.5,131.8,1.0,4.0,35.0,97.0,2.771428571428572,1.0,68.0,373.0,5.49,2.0,2.0,5.0,5.0,5.0,204.0,13.0,6.0,1.0,20.0,6.0,15.0,0.0,1.0,4.0,31.0,0.0,0.0,0.0,38:31,0,JAX,AFC South,NFC South
15.0,16.0,2011-12-24,Sat,@,TEN,L,17.0,23.0,,21.0,42.0,0.5,187.0,0.0,4.5,3.38,52.4,1.0,11.0,28.0,113.0,4.035714285714286,2.0,71.0,300.0,4.23,1.0,1.0,2.0,2.0,9.0,406.0,12.0,6.0,0.0,18.0,5.0,18.0,2.0,3.0,6.0,28.0,0.0,1.0,1.0,29:01,24.0,40.0,0.6,342.0,1.0,8.6,6.8,75.2,1.0,8.0,25.0,65.0,2.6,1.0,66.0,407.0,6.17,3.0,3.0,2.0,2.0,4.0,172.0,14.0,3.0,3.0,20.0,3.0,12.0,0.0,0.0,0.0,0.0,1.0,2.0,3.0,30:59,0,JAX,AFC South,AFC South
16.0,17.0,2012-01-01,Sun,,IND,W,19.0,13.0,,11.0,19.0,0.579,71.0,1.0,3.7,4.79,83.4,3.0,21.0,35.0,190.0,5.428571428571429,0.0,57.0,261.0,4.58,4.0,4.0,1.0,1.0,2.0,87.0,4.0,9.0,2.0,15.0,5.0,13.0,0.0,1.0,1.0,10.0,1.0,0.0,1.0,30:48,27.0,40.0,0.675,242.0,1.0,6.1,4.3,71.0,3.0,22.0,22.0,56.0,2.5454545454545454,0.0,65.0,298.0,4.58,2.0,2.0,1.0,1.0,3.0,136.0,17.0,2.0,0.0,19.0,6.0,14.0,0.0,1.0,4.0,40.0,1.0,2.0,3.0,29:12,0,JAX,AFC South,AFC South
1.0,1.0,2011-09-11,Sun,,BUF,L,7.0,41.0,,22.0,36.0,0.611,105.0,1.0,2.9,2.22,63.2,2.0,14.0,18.0,108.0,6.0,0.0,56.0,213.0,3.8,1.0,0.0,1.0,1.0,8.0,328.0,8.0,4.0,1.0,13.0,3.0,13.0,0.0,0.0,1.0,3.0,2.0,1.0,3.0,22:58,17.0,26.0,0.654,201.0,4.0,7.7,9.08,112.3,1.0,7.0,39.0,163.0,4.17948717948718,1.0,66.0,364.0,5.52,2.0,2.0,5.0,5.0,5.0,257.0,13.0,9.0,1.0,23.0,7.0,14.0,0.0,0.0,5.0,30.0,0.0,1.0,1.0,37:02,0,KAN,AFC West,AFC East
2.0,2.0,2011-09-18,Sun,@,DET,L,3.0,48.0,,15.0,23.0,0.652,116.0,0.0,5.0,-0.83,37.9,2.0,17.0,29.0,151.0,5.206896551724138,0.0,54.0,267.0,4.94,2.0,1.0,0.0,0.0,5.0,198.0,6.0,5.0,1.0,12.0,2.0,11.0,0.0,0.0,8.0,70.0,3.0,3.0,6.0,27:36,24.0,40.0,0.6,322.0,4.0,8.1,8.93,108.5,0.0,0.0,30.0,89.0,2.966666666666667,2.0,70.0,411.0,5.87,2.0,2.0,6.0,6.0,5.0,206.0,12.0,7.0,4.0,23.0,5.0,15.0,2.0,2.0,4.0,35.0,0.0,1.0,1.0,32:24,0,KAN,AFC West,NFC North
3.0,3.0,2011-09-25,Sun,@,LAC,L,17.0,20.0,,17.0,24.0,0.708,171.0,2.0,7.1,6.92,101.2,1.0,5.0,27.0,81.0,3.0,0.0,52.0,252.0,4.85,2.0,1.0,2.0,2.0,4.0,182.0,9.0,2.0,2.0,13.0,5.0,12.0,1.0,1.0,7.0,65.0,0.0,1.0,1.0,25:17,24.0,38.0,0.632,258.0,0.0,6.8,4.42,61.1,2.0,8.0,30.0,117.0,3.9,2.0,70.0,375.0,5.36,2.0,2.0,2.0,2.0,2.0,95.0,17.0,4.0,1.0,22.0,8.0,14.0,0.0,1.0,4.0,40.0,0.0,2.0,2.0,34:43,0,KAN,AFC West,AFC West
4.0,4.0,2011-10-02,Sun,,MIN,W,22.0,17.0,,18.0,29.0,0.621,247.0,1.0,8.5,9.21,100.8,3.0,13.0,28.0,103.0,3.678571428571429,0.0,60.0,350.0,5.83,5.0,5.0,1.0,1.0,3.0,146.0,9.0,5.0,1.0,15.0,6.0,15.0,0.0,0.0,6.0,57.0,0.0,0.0,0.0,27:50,18.0,30.0,0.6,190.0,2.0,6.3,6.17,86.8,2.0,12.0,30.0,151.0,5.033333333333333,0.0,62.0,341.0,5.5,1.0,1.0,2.0,2.0,4.0,213.0,12.0,5.0,0.0,17.0,5.0,14.0,2.0,3.0,6.0,45.0,0.0,1.0,1.0,32:10,0,KAN,AFC West,NFC North
5.0,5.0,2011-10-09,Sun,@,IND,W,28.0,24.0,,21.0,29.0,0.7240000000000001,242.0,4.0,8.3,11.1,136.8,2.0,15.0,38.0,194.0,5.105263157894737,0.0,69.0,436.0,6.32,0.0,0.0,4.0,4.0,6.0,269.0,14.0,11.0,1.0,26.0,8.0,14.0,0.0,0.0,5.0,39.0,0.0,0.0,0.0,33:07,15.0,27.0,0.556,277.0,2.0,10.3,11.74,115.8,0.0,0.0,27.0,78.0,2.888888888888889,1.0,54.0,355.0,6.57,1.0,1.0,3.0,3.0,5.0,277.0,12.0,3.0,0.0,15.0,5.0,12.0,0.0,1.0,4.0,40.0,0.0,0.0,0.0,26:53,0,KAN,AFC West,AFC South
6.0,7.0,2011-10-23,Sun,@,LVR,W,28.0,0.0,,15.0,30.0,0.5,161.0,0.0,5.4,2.37,38.3,0.0,0.0,39.0,139.0,3.5641025641025643,2.0,69.0,300.0,4.35,0.0,0.0,4.0,4.0,7.0,368.0,9.0,9.0,4.0,22.0,7.0,15.0,0.0,0.0,10.0,98.0,0.0,2.0,2.0,33:37,15.0,35.0,0.429,167.0,0.0,4.8,-2.94,18.1,1.0,10.0,27.0,155.0,5.7407407407407405,0.0,63.0,322.0,5.11,0.0,0.0,0.0,0.0,6.0,289.0,8.0,7.0,3.0,18.0,4.0,13.0,0.0,1.0,14.0,120.0,0.0,6.0,6.0,26:23,0,KAN,AFC West,AFC West
7.0,8.0,2011-10-31,Mon,,LAC,W,23.0,20.0,OT,19.0,32.0,0.594,247.0,1.0,7.7,5.53,68.1,3.0,14.0,32.0,94.0,2.9375,1.0,67.0,341.0,5.09,3.0,3.0,2.0,2.0,5.0,286.0,12.0,6.0,1.0,19.0,7.0,14.0,0.0,0.0,9.0,53.0,2.0,2.0,4.0,32:15,26.0,41.0,0.634,345.0,0.0,8.4,6.22,69.7,3.0,24.0,27.0,102.0,3.7777777777777777,1.0,71.0,447.0,6.3,5.0,4.0,0.0,0.0,3.0,168.0,17.0,5.0,0.0,22.0,5.0,14.0,0.0,0.0,12.0,105.0,2.0,2.0,4.0,37:29,0,KAN,AFC West,AFC West
8.0,9.0,2011-11-06,Sun,,MIA,L,3.0,31.0,,20.0,39.0,0.513,227.0,0.0,5.8,5.82,69.1,5.0,26.0,34.0,116.0,3.411764705882353,0.0,78.0,343.0,4.4,1.0,1.0,0.0,0.0,5.0,229.0,11.0,5.0,4.0,20.0,8.0,20.0,2.0,6.0,8.0,70.0,0.0,0.0,0.0,34:39,17.0,23.0,0.7390000000000001,244.0,3.0,10.6,13.22,147.5,0.0,0.0,24.0,107.0,4.458333333333333,1.0,47.0,351.0,7.47,1.0,1.0,4.0,4.0,5.0,221.0,12.0,3.0,2.0,17.0,3.0,10.0,0.0,0.0,7.0,49.0,0.0,0.0,0.0,25:21,0,KAN,AFC West,AFC East
9.0,10.0,2011-11-13,Sun,,DEN,L,10.0,17.0,,18.0,34.0,0.529,124.0,1.0,3.6,4.24,71.2,4.0,16.0,24.0,134.0,5.583333333333333,0.0,62.0,258.0,4.16,1.0,1.0,1.0,1.0,7.0,339.0,8.0,6.0,3.0,17.0,2.0,11.0,0.0,2.0,4.0,40.0,0.0,0.0,0.0,26:22,2.0,8.0,0.25,69.0,1.0,8.6,11.13,102.6,0.0,0.0,55.0,244.0,4.4363636363636365,1.0,63.0,313.0,4.97,2.0,1.0,2.0,2.0,7.0,307.0,2.0,13.0,1.0,16.0,5.0,14.0,0.0,0.0,8.0,65.0,0.0,0.0,0.0,33:38,0,KAN,AFC West,AFC West
10.0,11.0,2011-11-21,Mon,@,NWE,L,3.0,34.0,,24.0,37.0,0.649,209.0,0.0,5.6,2.0,45.9,3.0,21.0,27.0,125.0,4.62962962962963,0.0,67.0,334.0,4.99,1.0,1.0,0.0,0.0,5.0,199.0,11.0,5.0,0.0,16.0,6.0,14.0,1.0,2.0,5.0,34.0,0.0,3.0,3.0,31:30,15.0,27.0,0.556,223.0,2.0,8.3,9.74,107.5,3.0,11.0,35.0,157.0,4.485714285714286,1.0,65.0,380.0,5.85,2.0,2.0,4.0,4.0,4.0,203.0,11.0,9.0,0.0,20.0,4.0,13.0,2.0,2.0,3.0,20.0,1.0,0.0,1.0,28:30,0,KAN,AFC West,AFC East
11.0,12.0,2011-11-27,Sun,,PIT,L,9.0,13.0,,18.0,28.0,0.643,162.0,0.0,5.8,0.96,40.2,1.0,5.0,34.0,90.0,2.647058823529412,0.0,63.0,252.0,4.0,3.0,3.0,0.0,0.0,3.0,112.0,9.0,6.0,0.0,15.0,6.0,15.0,2.0,2.0,4.0,20.0,1.0,3.0,4.0,26:30,21.0,31.0,0.677,182.0,1.0,5.9,5.06,80.3,1.0,11.0,28.0,108.0,3.857142857142857,0.0,60.0,290.0,4.83,2.0,2.0,1.0,1.0,5.0,211.0,13.0,3.0,2.0,18.0,3.0,11.0,1.0,1.0,6.0,50.0,1.0,1.0,2.0,33:30,0,KAN,AFC West,AFC North
12.0,13.0,2011-12-04,Sun,@,CHI,W,10.0,3.0,,17.0,31.0,0.5479999999999999,139.0,1.0,4.5,5.13,77.2,2.0,18.0,37.0,113.0,3.054054054054054,0.0,70.0,252.0,3.6,1.0,1.0,1.0,1.0,11.0,447.0,7.0,5.0,1.0,13.0,7.0,20.0,1.0,1.0,8.0,60.0,1.0,0.0,1.0,32:42,11.0,24.0,0.4579999999999999,88.0,0.0,3.7,-1.96,16.0,7.0,45.0,24.0,93.0,3.875,0.0,55.0,181.0,3.29,2.0,1.0,0.0,0.0,7.0,304.0,8.0,3.0,0.0,11.0,0.0,11.0,0.0,2.0,5.0,35.0,0.0,3.0,3.0,27:18,0,KAN,AFC West,NFC North
13.0,14.0,2011-12-11,Sun,@,NYJ,L,10.0,37.0,,16.0,32.0,0.5,156.0,1.0,4.9,4.09,61.5,5.0,39.0,21.0,65.0,3.095238095238096,0.0,58.0,221.0,3.81,1.0,1.0,1.0,1.0,7.0,359.0,10.0,3.0,0.0,13.0,2.0,12.0,0.0,1.0,11.0,128.0,0.0,1.0,1.0,22:18,13.0,21.0,0.619,155.0,2.0,7.4,9.29,116.2,3.0,26.0,42.0,159.0,3.7857142857142856,3.0,66.0,314.0,4.76,0.0,0.0,5.0,5.0,7.0,314.0,10.0,7.0,7.0,24.0,4.0,12.0,0.0,1.0,4.0,22.0,1.0,0.0,1.0,37:42,0,KAN,AFC West,AFC East
14.0,15.0,2011-12-18,Sun,,GNB,W,19.0,14.0,,23.0,31.0,0.742,299.0,0.0,9.6,9.65,104.1,0.0,0.0,39.0,139.0,3.5641025641025643,1.0,70.0,438.0,6.26,4.0,4.0,1.0,1.0,2.0,99.0,18.0,5.0,0.0,23.0,4.0,12.0,0.0,1.0,7.0,55.0,0.0,0.0,0.0,36:11,17.0,35.0,0.486,213.0,1.0,6.1,6.66,77.4,4.0,22.0,18.0,102.0,5.666666666666667,1.0,57.0,315.0,5.53,1.0,0.0,2.0,2.0,5.0,267.0,10.0,5.0,1.0,16.0,6.0,14.0,0.0,1.0,5.0,37.0,0.0,0.0,0.0,23:49,0,KAN,AFC West,NFC North
15.0,16.0,2011-12-24,Sat,,LVR,L,13.0,16.0,OT,21.0,36.0,0.583,300.0,1.0,8.3,6.39,71.5,0.0,0.0,30.0,135.0,4.5,0.0,66.0,435.0,6.59,4.0,2.0,1.0,1.0,3.0,146.0,14.0,7.0,5.0,26.0,3.0,12.0,0.0,1.0,11.0,88.0,0.0,2.0,2.0,32:39,16.0,26.0,0.615,237.0,1.0,9.1,6.42,72.1,0.0,0.0,25.0,71.0,2.84,0.0,51.0,308.0,6.04,4.0,3.0,1.0,1.0,4.0,217.0,10.0,1.0,2.0,13.0,3.0,11.0,0.0,0.0,15.0,92.0,0.0,2.0,2.0,29:34,0,KAN,AFC West,AFC West
16.0,17.0,2012-01-01,Sun,@,DEN,W,7.0,3.0,,15.0,29.0,0.517,175.0,0.0,6.0,6.03,70.3,1.0,5.0,30.0,106.0,3.533333333333333,1.0,60.0,281.0,4.68,1.0,0.0,1.0,1.0,8.0,377.0,8.0,5.0,1.0,14.0,5.0,15.0,0.0,0.0,6.0,36.0,1.0,0.0,1.0,27:02,6.0,22.0,0.273,50.0,0.0,2.3,0.23,20.6,2.0,10.0,47.0,216.0,4.595744680851064,0.0,71.0,266.0,3.75,1.0,1.0,0.0,0.0,9.0,402.0,2.0,12.0,2.0,16.0,5.0,18.0,0.0,1.0,6.0,49.0,1.0,1.0,2.0,32:58,0,KAN,AFC West,AFC West
1.0,1.0,2011-09-11,Sun,,MIN,W,24.0,17.0,,33.0,48.0,0.688,330.0,2.0,6.9,5.83,84.5,2.0,5.0,27.0,77.0,2.851851851851852,1.0,77.0,407.0,5.29,1.0,1.0,3.0,3.0,3.0,127.0,21.0,5.0,5.0,31.0,6.0,13.0,0.0,1.0,4.0,26.0,0.0,2.0,2.0,37:17,7.0,15.0,0.467,28.0,1.0,1.9,0.2,47.9,2.0,11.0,26.0,159.0,6.115384615384615,0.0,43.0,187.0,4.35,1.0,1.0,2.0,2.0,6.0,289.0,3.0,7.0,0.0,10.0,4.0,11.0,0.0,0.0,9.0,78.0,0.0,1.0,1.0,22:43,0,LAC,AFC West,NFC North
2.0,2.0,2011-09-18,Sun,@,NWE,L,21.0,35.0,,29.0,40.0,0.725,372.0,2.0,9.3,8.05,97.1,2.0,6.0,24.0,98.0,4.083333333333333,1.0,66.0,470.0,7.12,0.0,0.0,3.0,3.0,1.0,35.0,20.0,5.0,4.0,29.0,10.0,12.0,0.0,1.0,6.0,44.0,2.0,2.0,4.0,30:58,31.0,40.0,0.775,410.0,3.0,10.3,11.75,134.4,2.0,13.0,25.0,94.0,3.76,1.0,67.0,504.0,7.52,2.0,2.0,3.0,3.0,2.0,85.0,23.0,4.0,1.0,28.0,7.0,11.0,0.0,1.0,8.0,80.0,0.0,0.0,0.0,29:02,0,LAC,AFC West,AFC East
3.0,3.0,2011-09-25,Sun,,KAN,W,20.0,17.0,,24.0,38.0,0.632,258.0,0.0,6.8,4.42,61.1,2.0,8.0,30.0,117.0,3.9,2.0,70.0,375.0,5.36,2.0,2.0,2.0,2.0,2.0,95.0,17.0,4.0,1.0,22.0,8.0,14.0,0.0,1.0,4.0,40.0,0.0,2.0,2.0,34:43,17.0,24.0,0.708,171.0,2.0,7.1,6.92,101.2,1.0,5.0,27.0,81.0,3.0,0.0,52.0,252.0,4.85,2.0,1.0,2.0,2.0,4.0,182.0,9.0,2.0,2.0,13.0,5.0,12.0,1.0,1.0,7.0,65.0,0.0,1.0,1.0,25:17,0,LAC,AFC West,AFC West
4.0,4.0,2011-10-02,Sun,,MIA,W,26.0,16.0,,21.0,31.0,0.677,295.0,1.0,9.5,10.16,108.9,2.0,12.0,28.0,116.0,4.142857142857143,1.0,61.0,411.0,6.74,4.0,4.0,2.0,2.0,3.0,151.0,13.0,7.0,1.0,21.0,7.0,14.0,0.0,0.0,8.0,80.0,0.0,0.0,0.0,33:18,20.0,30.0,0.667,176.0,0.0,5.9,2.87,54.3,3.0,18.0,22.0,72.0,3.272727272727273,1.0,55.0,248.0,4.51,3.0,3.0,1.0,1.0,3.0,135.0,9.0,5.0,2.0,16.0,3.0,10.0,0.0,0.0,2.0,41.0,0.0,2.0,2.0,26:42,0,LAC,AFC West,AFC East
5.0,5.0,2011-10-09,Sun,@,DEN,W,29.0,24.0,,18.0,29.0,0.621,212.0,1.0,7.3,6.45,81.4,5.0,38.0,43.0,206.0,4.790697674418604,1.0,77.0,418.0,5.43,5.0,5.0,2.0,2.0,3.0,147.0,11.0,11.0,3.0,25.0,8.0,16.0,0.0,0.0,0.0,0.0,1.0,1.0,2.0,40:08,10.0,23.0,0.435,113.0,1.0,4.9,3.83,55.2,0.0,0.0,23.0,162.0,7.043478260869565,1.0,46.0,275.0,5.98,1.0,1.0,1.0,1.0,6.0,322.0,5.0,8.0,0.0,13.0,2.0,9.0,0.0,0.0,4.0,53.0,0.0,1.0,1.0,19:52,0,LAC,AFC West,AFC West
6.0,7.0,2011-10-23,Sun,@,NYJ,L,21.0,27.0,,16.0,32.0,0.5,172.0,1.0,5.4,3.19,50.5,1.0,7.0,25.0,96.0,3.84,1.0,58.0,268.0,4.62,0.0,0.0,3.0,3.0,4.0,201.0,9.0,6.0,1.0,16.0,7.0,14.0,0.0,1.0,13.0,95.0,0.0,2.0,2.0,27:14,18.0,33.0,0.545,156.0,3.0,4.7,5.18,84.9,2.0,17.0,31.0,162.0,5.225806451612903,0.0,66.0,318.0,4.82,2.0,2.0,3.0,3.0,3.0,110.0,11.0,10.0,4.0,25.0,8.0,13.0,0.0,0.0,8.0,60.0,1.0,1.0,2.0,32:46,0,LAC,AFC West,AFC East
7.0,8.0,2011-10-31,Mon,@,KAN,L,20.0,23.0,OT,26.0,41.0,0.634,345.0,0.0,8.4,6.22,69.7,3.0,24.0,27.0,102.0,3.7777777777777777,1.0,71.0,447.0,6.3,5.0,4.0,0.0,0.0,3.0,168.0,17.0,5.0,0.0,22.0,5.0,14.0,0.0,0.0,12.0,105.0,2.0,2.0,4.0,37:29,19.0,32.0,0.594,247.0,1.0,7.7,5.53,68.1,3.0,14.0,32.0,94.0,2.9375,1.0,67.0,341.0,5.09,3.0,3.0,2.0,2.0,5.0,286.0,12.0,6.0,1.0,19.0,7.0,14.0,0.0,0.0,9.0,53.0,2.0,2.0,4.0,32:15,0,LAC,AFC West,AFC West
8.0,9.0,2011-11-06,Sun,,GNB,L,38.0,45.0,,26.0,46.0,0.565,375.0,4.0,8.2,6.96,85.0,2.0,10.0,21.0,85.0,4.047619047619048,1.0,69.0,460.0,6.67,1.0,1.0,5.0,5.0,2.0,98.0,20.0,5.0,3.0,28.0,5.0,11.0,0.0,0.0,8.0,64.0,0.0,3.0,3.0,30:15,21.0,26.0,0.8079999999999999,232.0,4.0,8.9,12.0,143.4,4.0,15.0,26.0,136.0,5.230769230769231,0.0,56.0,368.0,6.57,1.0,1.0,6.0,6.0,2.0,108.0,10.0,8.0,3.0,21.0,6.0,10.0,0.0,1.0,5.0,33.0,0.0,0.0,0.0,29:45,0,LAC,AFC West,NFC North
9.0,10.0,2011-11-10,Thu,,LVR,L,17.0,24.0,,23.0,47.0,0.489,239.0,2.0,5.1,4.98,69.4,6.0,35.0,15.0,75.0,5.0,0.0,68.0,314.0,4.62,2.0,1.0,2.0,2.0,6.0,322.0,13.0,5.0,2.0,20.0,5.0,16.0,1.0,1.0,6.0,31.0,1.0,1.0,2.0,27:23,14.0,21.0,0.667,298.0,2.0,14.2,13.95,121.6,1.0,1.0,41.0,191.0,4.658536585365853,1.0,63.0,489.0,7.76,1.0,1.0,3.0,3.0,4.0,195.0,11.0,8.0,1.0,20.0,4.0,10.0,0.0,1.0,7.0,45.0,1.0,1.0,2.0,32:37,0,LAC,AFC West,AFC West
10.0,11.0,2011-11-20,Sun,@,CHI,L,20.0,31.0,,21.0,31.0,0.677,280.0,2.0,9.0,7.42,90.8,0.0,0.0,17.0,52.0,3.0588235294117645,0.0,48.0,332.0,6.92,3.0,2.0,2.0,2.0,3.0,118.0,13.0,1.0,1.0,15.0,5.0,11.0,0.0,0.0,3.0,20.0,1.0,2.0,3.0,26:50,18.0,32.0,0.563,286.0,2.0,8.9,8.78,94.0,0.0,0.0,32.0,92.0,2.875,2.0,64.0,378.0,5.91,1.0,1.0,4.0,4.0,3.0,137.0,15.0,7.0,1.0,23.0,8.0,14.0,0.0,1.0,6.0,61.0,0.0,1.0,1.0,33:10,0,LAC,AFC West,NFC North
11.0,12.0,2011-11-27,Sun,,DEN,L,13.0,16.0,OT,19.0,36.0,0.528,159.0,1.0,4.4,4.97,73.7,3.0,29.0,36.0,185.0,5.138888888888889,0.0,75.0,344.0,4.59,4.0,2.0,1.0,1.0,6.0,308.0,10.0,9.0,1.0,20.0,6.0,17.0,0.0,0.0,4.0,30.0,0.0,0.0,0.0,37:23,9.0,18.0,0.5,141.0,1.0,7.8,8.94,94.9,1.0,2.0,51.0,208.0,4.078431372549019,0.0,70.0,349.0,4.99,3.0,3.0,1.0,1.0,9.0,391.0,7.0,10.0,1.0,18.0,5.0,16.0,0.0,0.0,9.0,63.0,0.0,0.0,0.0,37:08,0,LAC,AFC West,AFC West
12.0,13.0,2011-12-05,Mon,@,JAX,W,38.0,14.0,,22.0,28.0,0.7859999999999999,294.0,3.0,10.5,12.64,146.1,0.0,0.0,26.0,139.0,5.346153846153846,2.0,54.0,433.0,8.02,1.0,1.0,5.0,5.0,4.0,179.0,12.0,7.0,0.0,19.0,4.0,10.0,0.0,0.0,6.0,55.0,0.0,0.0,0.0,28:17,19.0,33.0,0.5760000000000001,177.0,2.0,5.4,5.21,80.0,2.0,18.0,31.0,129.0,4.161290322580645,0.0,66.0,306.0,4.64,0.0,0.0,2.0,2.0,5.0,217.0,11.0,6.0,0.0,17.0,9.0,16.0,0.0,2.0,3.0,26.0,0.0,1.0,1.0,31:43,0,LAC,AFC West,AFC South
13.0,14.0,2011-12-11,Sun,,BUF,W,37.0,10.0,,24.0,33.0,0.727,216.0,3.0,6.5,8.36,120.3,2.0,24.0,32.0,150.0,4.6875,1.0,67.0,366.0,5.46,1.0,1.0,5.0,4.0,3.0,119.0,15.0,7.0,1.0,23.0,8.0,14.0,1.0,1.0,5.0,50.0,1.0,0.0,1.0,35:33,15.0,37.0,0.405,185.0,0.0,5.0,1.35,22.9,1.0,10.0,20.0,96.0,4.8,0.0,58.0,281.0,4.84,2.0,1.0,1.0,1.0,2.0,71.0,10.0,5.0,2.0,17.0,4.0,11.0,0.0,2.0,1.0,5.0,0.0,3.0,3.0,24:27,0,LAC,AFC West,AFC East
14.0,15.0,2011-12-18,Sun,,BAL,W,34.0,14.0,,17.0,23.0,0.7390000000000001,270.0,1.0,11.7,12.61,127.1,0.0,0.0,37.0,145.0,3.918918918918919,3.0,60.0,415.0,6.92,3.0,2.0,4.0,4.0,0.0,0.0,14.0,8.0,1.0,23.0,6.0,10.0,0.0,1.0,3.0,35.0,0.0,0.0,0.0,34:12,24.0,35.0,0.6859999999999999,201.0,2.0,5.7,4.31,78.4,7.0,43.0,14.0,89.0,6.357142857142857,0.0,56.0,290.0,5.18,1.0,0.0,2.0,2.0,2.0,112.0,12.0,6.0,1.0,19.0,7.0,12.0,0.0,0.0,3.0,25.0,0.0,2.0,2.0,25:48,0,LAC,AFC West,AFC North
15.0,16.0,2011-12-24,Sat,@,DET,L,10.0,38.0,,28.0,53.0,0.528,299.0,1.0,5.6,4.32,60.2,0.0,0.0,17.0,68.0,4.0,0.0,70.0,367.0,5.24,1.0,1.0,1.0,1.0,4.0,166.0,14.0,6.0,0.0,20.0,6.0,15.0,2.0,3.0,1.0,10.0,0.0,2.0,2.0,27:39,29.0,36.0,0.8059999999999999,353.0,3.0,9.8,11.47,135.3,3.0,20.0,23.0,87.0,3.782608695652174,1.0,62.0,440.0,7.1,1.0,1.0,5.0,5.0,3.0,124.0,19.0,5.0,0.0,24.0,9.0,13.0,0.0,0.0,3.0,8.0,0.0,0.0,0.0,32:21,0,LAC,AFC West,NFC North
16.0,17.0,2012-01-01,Sun,@,LVR,W,38.0,26.0,,19.0,26.0,0.731,310.0,3.0,11.9,12.5,135.1,0.0,0.0,31.0,153.0,4.935483870967742,1.0,57.0,463.0,8.12,2.0,1.0,5.0,5.0,0.0,0.0,15.0,6.0,4.0,25.0,7.0,10.0,0.0,1.0,8.0,68.0,0.0,1.0,1.0,30:27,28.0,43.0,0.6509999999999999,417.0,2.0,9.7,9.58,102.6,0.0,0.0,24.0,103.0,4.291666666666667,0.0,67.0,520.0,7.76,4.0,4.0,2.0,2.0,1.0,58.0,19.0,5.0,4.0,28.0,8.0,13.0,0.0,0.0,8.0,64.0,0.0,1.0,1.0,29:33,0,LAC,AFC West,AFC West
1.0,1.0,2011-09-11,Sun,,PHI,L,13.0,31.0,,18.0,35.0,0.514,181.0,0.0,5.2,5.17,66.5,5.0,28.0,26.0,154.0,5.923076923076923,1.0,66.0,335.0,5.08,3.0,2.0,1.0,1.0,4.0,169.0,11.0,6.0,4.0,21.0,2.0,12.0,2.0,3.0,9.0,60.0,1.0,0.0,1.0,29:46,14.0,32.0,0.4379999999999999,167.0,2.0,5.2,6.47,81.1,3.0,20.0,32.0,236.0,7.375,1.0,67.0,403.0,6.01,1.0,1.0,4.0,4.0,3.0,109.0,11.0,12.0,4.0,27.0,8.0,13.0,0.0,1.0,8.0,91.0,1.0,0.0,1.0,30:14,0,LAR,NFC West,NFC East
2.0,2.0,2011-09-19,Mon,@,NYG,L,16.0,28.0,,22.0,46.0,0.478,308.0,1.0,6.7,7.13,77.1,2.0,23.0,19.0,59.0,3.1052631578947367,0.0,67.0,367.0,5.48,3.0,3.0,1.0,1.0,7.0,313.0,13.0,1.0,0.0,14.0,5.0,17.0,1.0,1.0,7.0,62.0,2.0,0.0,2.0,25:48,19.0,30.0,0.633,204.0,2.0,6.8,6.63,91.5,3.0,19.0,38.0,119.0,3.131578947368421,1.0,71.0,323.0,4.55,0.0,0.0,4.0,4.0,7.0,322.0,10.0,9.0,3.0,22.0,5.0,15.0,1.0,2.0,5.0,55.0,0.0,1.0,1.0,34:12,0,LAR,NFC West,NFC East
3.0,3.0,2011-09-25,Sun,,BAL,L,7.0,37.0,,16.0,32.0,0.5,132.0,1.0,4.1,3.34,58.3,5.0,34.0,26.0,112.0,4.307692307692308,0.0,63.0,244.0,3.87,0.0,0.0,1.0,1.0,8.0,372.0,12.0,4.0,1.0,17.0,4.0,14.0,0.0,1.0,8.0,117.0,1.0,1.0,2.0,28:49,27.0,48.0,0.563,385.0,3.0,8.0,9.27,103.2,2.0,4.0,26.0,168.0,6.461538461538462,0.0,76.0,553.0,7.28,5.0,3.0,4.0,4.0,2.0,89.0,17.0,6.0,2.0,25.0,6.0,15.0,1.0,1.0,5.0,32.0,1.0,0.0,1.0,31:11,0,LAR,NFC West,AFC North
4.0,4.0,2011-10-02,Sun,,WAS,L,10.0,17.0,,20.0,43.0,0.465,127.0,1.0,3.0,3.42,61.1,7.0,37.0,17.0,45.0,2.647058823529412,0.0,67.0,172.0,2.57,1.0,1.0,1.0,1.0,8.0,360.0,11.0,1.0,2.0,14.0,6.0,18.0,1.0,2.0,9.0,65.0,1.0,0.0,1.0,24:50,15.0,29.0,0.517,143.0,1.0,4.9,2.52,48.5,0.0,0.0,40.0,196.0,4.9,1.0,69.0,339.0,4.91,1.0,1.0,2.0,2.0,7.0,321.0,8.0,8.0,0.0,16.0,9.0,18.0,0.0,0.0,10.0,96.0,0.0,2.0,2.0,35:10,0,LAR,NFC West,NFC East
5.0,6.0,2011-10-16,Sun,@,GNB,L,3.0,24.0,,29.0,45.0,0.644,306.0,0.0,6.8,5.8,74.9,3.0,22.0,24.0,118.0,4.916666666666667,0.0,72.0,424.0,5.89,2.0,1.0,0.0,0.0,5.0,162.0,14.0,8.0,0.0,22.0,3.0,13.0,1.0,4.0,7.0,45.0,0.0,1.0,1.0,30:41,18.0,29.0,0.621,309.0,3.0,10.7,11.17,118.3,1.0,7.0,31.0,90.0,2.903225806451613,0.0,61.0,399.0,6.54,1.0,1.0,3.0,3.0,5.0,222.0,12.0,7.0,1.0,20.0,4.0,13.0,1.0,1.0,3.0,16.0,0.0,1.0,1.0,29:19,0,LAR,NFC West,NFC North
6.0,7.0,2011-10-23,Sun,@,DAL,L,7.0,34.0,,20.0,33.0,0.606,195.0,0.0,5.9,4.55,64.6,1.0,1.0,21.0,70.0,3.333333333333333,1.0,55.0,265.0,4.82,0.0,0.0,1.0,1.0,5.0,237.0,8.0,4.0,1.0,13.0,5.0,13.0,0.0,2.0,4.0,16.0,1.0,1.0,2.0,26:04,14.0,24.0,0.583,151.0,2.0,6.3,7.96,104.7,2.0,15.0,34.0,294.0,8.647058823529411,2.0,60.0,445.0,7.42,2.0,2.0,4.0,4.0,3.0,145.0,10.0,12.0,2.0,24.0,3.0,8.0,0.0,0.0,6.0,30.0,1.0,0.0,1.0,33:56,0,LAR,NFC West,NFC East
7.0,8.0,2011-10-30,Sun,,NOR,W,31.0,21.0,,20.0,37.0,0.541,140.0,1.0,3.8,4.32,71.9,4.0,35.0,31.0,183.0,5.903225806451613,2.0,72.0,323.0,4.49,1.0,1.0,4.0,4.0,7.0,298.0,10.0,9.0,2.0,21.0,5.0,16.0,2.0,2.0,9.0,64.0,1.0,0.0,1.0,31:23,30.0,44.0,0.682,227.0,1.0,5.2,3.57,69.0,6.0,42.0,20.0,56.0,2.8,1.0,70.0,283.0,4.04,1.0,0.0,3.0,3.0,7.0,282.0,16.0,3.0,0.0,8.0,8.0,17.0,1.0,1.0,5.0,32.0,0.0,2.0,2.0,28:37,0,LAR,NFC West,NFC South
8.0,9.0,2011-11-06,Sun,@,ARI,L,13.0,19.0,OT,23.0,36.0,0.639,233.0,0.0,6.5,5.22,70.7,4.0,22.0,35.0,150.0,4.285714285714286,0.0,75.0,383.0,5.11,4.0,3.0,0.0,0.0,7.0,352.0,10.0,11.0,2.0,23.0,3.0,14.0,0.0,1.0,9.0,71.0,0.0,1.0,1.0,36:58,20.0,35.0,0.5710000000000001,192.0,1.0,5.5,6.06,82.1,3.0,30.0,17.0,70.0,4.117647058823529,0.0,55.0,262.0,4.76,2.0,2.0,1.0,1.0,6.0,278.0,10.0,5.0,1.0,16.0,2.0,10.0,0.0,0.0,6.0,45.0,0.0,0.0,0.0,24:59,0,LAR,NFC West,NFC West
9.0,10.0,2011-11-13,Sun,@,CLE,W,13.0,12.0,,15.0,25.0,0.6,148.0,1.0,5.9,4.92,73.4,1.0,7.0,32.0,133.0,4.15625,0.0,58.0,281.0,4.84,2.0,2.0,1.0,1.0,5.0,236.0,8.0,8.0,1.0,17.0,4.0,12.0,0.0,0.0,7.0,55.0,1.0,1.0,2.0,27:33,20.0,27.0,0.741,209.0,0.0,7.7,7.74,96.1,2.0,9.0,30.0,126.0,4.2,0.0,59.0,335.0,5.68,5.0,4.0,0.0,0.0,5.0,208.0,9.0,5.0,2.0,16.0,5.0,14.0,0.0,0.0,6.0,60.0,1.0,0.0,1.0,32:27,0,LAR,NFC West,AFC North
10.0,11.0,2011-11-20,Sun,,SEA,L,7.0,24.0,,20.0,40.0,0.5,143.0,1.0,3.6,2.95,56.6,5.0,38.0,17.0,42.0,2.4705882352941178,0.0,62.0,185.0,2.98,0.0,0.0,1.0,1.0,10.0,441.0,10.0,1.0,2.0,13.0,5.0,15.0,0.0,0.0,5.0,50.0,2.0,1.0,3.0,25:00,15.0,25.0,0.6,163.0,1.0,6.5,3.72,59.2,4.0,40.0,39.0,126.0,3.230769230769231,2.0,68.0,289.0,4.25,1.0,1.0,3.0,3.0,9.0,447.0,8.0,7.0,1.0,16.0,7.0,17.0,0.0,0.0,13.0,100.0,0.0,2.0,2.0,35:00,0,LAR,NFC West,NFC West
11.0,12.0,2011-11-27,Sun,,ARI,L,20.0,23.0,,17.0,32.0,0.531,186.0,1.0,5.8,6.44,81.0,2.0,17.0,22.0,86.0,3.909090909090909,0.0,56.0,272.0,4.86,3.0,2.0,2.0,2.0,7.0,329.0,8.0,4.0,0.0,12.0,3.0,13.0,0.0,0.0,8.0,49.0,2.0,0.0,2.0,26:01,12.0,23.0,0.522,106.0,0.0,4.6,0.7,28.5,3.0,8.0,38.0,268.0,7.052631578947368,1.0,64.0,374.0,5.84,3.0,3.0,2.0,2.0,5.0,230.0,4.0,11.0,1.0,16.0,4.0,12.0,0.0,0.0,4.0,30.0,1.0,2.0,3.0,33:59,0,LAR,NFC West,NFC West
12.0,13.0,2011-12-04,Sun,@,SFO,L,0.0,26.0,,12.0,22.0,0.545,126.0,0.0,5.7,3.68,52.5,4.0,30.0,23.0,31.0,1.3478260869565215,0.0,49.0,157.0,3.2,0.0,0.0,0.0,0.0,8.0,317.0,9.0,0.0,1.0,10.0,3.0,13.0,0.0,1.0,5.0,35.0,1.0,1.0,2.0,23:55,17.0,25.0,0.68,245.0,2.0,9.8,11.4,126.2,4.0,29.0,34.0,144.0,4.235294117647059,0.0,63.0,389.0,6.17,4.0,4.0,2.0,2.0,5.0,226.0,11.0,5.0,2.0,18.0,4.0,14.0,0.0,0.0,8.0,72.0,0.0,0.0,0.0,36:05,0,LAR,NFC West,NFC West
13.0,14.0,2011-12-12,Mon,@,SEA,L,13.0,30.0,,12.0,29.0,0.414,167.0,0.0,5.8,4.21,46.2,3.0,26.0,31.0,114.0,3.6774193548387095,1.0,63.0,281.0,4.46,2.0,2.0,1.0,1.0,5.0,181.0,7.0,7.0,5.0,19.0,3.0,14.0,1.0,3.0,5.0,30.0,0.0,1.0,1.0,28:31,21.0,34.0,0.618,214.0,1.0,6.3,6.88,89.6,2.0,10.0,32.0,145.0,4.53125,1.0,68.0,359.0,5.28,4.0,3.0,3.0,3.0,3.0,113.0,13.0,8.0,0.0,21.0,8.0,16.0,0.0,0.0,9.0,61.0,1.0,0.0,1.0,31:29,0,LAR,NFC West,NFC West
14.0,15.0,2011-12-18,Sun,,CIN,L,13.0,20.0,,25.0,36.0,0.6940000000000001,210.0,1.0,5.8,6.39,93.5,3.0,19.0,24.0,95.0,3.9583333333333335,0.0,63.0,305.0,4.84,3.0,2.0,1.0,1.0,7.0,300.0,13.0,2.0,3.0,18.0,2.0,13.0,0.0,1.0,10.0,109.0,0.0,0.0,0.0,29:57,15.0,26.0,0.5770000000000001,173.0,0.0,6.7,4.92,61.9,1.0,6.0,34.0,110.0,3.235294117647059,2.0,61.0,283.0,4.64,2.0,2.0,2.0,2.0,5.0,169.0,7.0,7.0,5.0,19.0,3.0,11.0,0.0,1.0,11.0,101.0,0.0,1.0,1.0,30:03,0,LAR,NFC West,AFC North
15.0,16.0,2011-12-24,Sat,@,PIT,L,0.0,27.0,,9.0,24.0,0.375,68.0,0.0,2.8,2.83,45.8,3.0,23.0,36.0,164.0,4.555555555555555,0.0,63.0,232.0,3.68,2.0,0.0,0.0,0.0,7.0,281.0,4.0,9.0,2.0,15.0,6.0,16.0,0.0,1.0,4.0,21.0,0.0,0.0,0.0,30:45,15.0,22.0,0.682,208.0,0.0,9.5,7.41,79.4,0.0,0.0,28.0,169.0,6.035714285714286,3.0,50.0,377.0,7.54,2.0,2.0,3.0,3.0,4.0,191.0,9.0,8.0,0.0,17.0,1.0,7.0,0.0,0.0,7.0,50.0,0.0,1.0,1.0,29:15,0,LAR,NFC West,AFC North
16.0,17.0,2012-01-01,Sun,,SFO,L,27.0,34.0,,14.0,34.0,0.412,200.0,1.0,5.9,3.82,46.2,3.0,26.0,25.0,111.0,4.44,2.0,62.0,311.0,5.02,2.0,2.0,3.0,3.0,6.0,304.0,11.0,4.0,3.0,18.0,5.0,15.0,0.0,1.0,6.0,50.0,0.0,2.0,2.0,24:52,21.0,31.0,0.677,205.0,2.0,6.6,7.9,107.6,3.0,22.0,37.0,116.0,3.135135135135135,2.0,71.0,321.0,4.52,3.0,2.0,4.0,4.0,5.0,284.0,11.0,9.0,1.0,21.0,6.0,16.0,1.0,1.0,5.0,80.0,0.0,0.0,0.0,35:08,0,LAR,NFC West,NFC West
1.0,1.0,2011-09-12,Mon,@,DEN,W,23.0,20.0,,13.0,22.0,0.591,99.0,1.0,4.5,5.41,85.2,1.0,6.0,39.0,190.0,4.871794871794871,1.0,62.0,289.0,4.66,3.0,3.0,2.0,2.0,6.0,349.0,7.0,10.0,3.0,20.0,5.0,14.0,0.0,0.0,15.0,131.0,1.0,0.0,1.0,32:35,24.0,46.0,0.522,272.0,1.0,5.9,5.37,68.4,5.0,32.0,13.0,38.0,2.923076923076923,0.0,64.0,310.0,4.84,3.0,2.0,2.0,2.0,4.0,165.0,17.0,2.0,6.0,25.0,6.0,13.0,0.0,0.0,10.0,91.0,2.0,1.0,3.0,27:25,0,LVR,AFC West,AFC West
2.0,2.0,2011-09-18,Sun,@,BUF,L,35.0,38.0,,23.0,33.0,0.6970000000000001,323.0,2.0,9.8,9.64,108.5,0.0,0.0,30.0,131.0,4.366666666666666,3.0,63.0,454.0,7.21,0.0,0.0,5.0,5.0,3.0,155.0,17.0,9.0,0.0,26.0,8.0,12.0,1.0,1.0,8.0,85.0,1.0,1.0,2.0,29:13,28.0,46.0,0.609,258.0,3.0,5.6,5.93,88.9,1.0,6.0,24.0,223.0,9.291666666666666,2.0,71.0,481.0,6.77,2.0,1.0,5.0,5.0,2.0,99.0,17.0,12.0,5.0,34.0,4.0,11.0,2.0,2.0,3.0,26.0,0.0,1.0,1.0,30:47,0,LVR,AFC West,AFC East
3.0,3.0,2011-09-25,Sun,,NYJ,W,34.0,24.0,,18.0,27.0,0.667,149.0,0.0,5.5,5.52,80.6,1.0,7.0,32.0,234.0,7.3125,4.0,60.0,383.0,6.38,3.0,2.0,4.0,4.0,6.0,339.0,8.0,10.0,5.0,23.0,0.0,8.0,0.0,0.0,7.0,55.0,0.0,0.0,0.0,26:40,27.0,44.0,0.614,339.0,2.0,7.7,7.59,91.0,4.0,30.0,25.0,100.0,4.0,1.0,73.0,439.0,6.01,1.0,1.0,3.0,3.0,5.0,230.0,15.0,5.0,5.0,25.0,6.0,14.0,0.0,2.0,7.0,61.0,1.0,1.0,2.0,33:20,0,LVR,AFC West,AFC East
4.0,4.0,2011-10-02,Sun,,NWE,L,19.0,31.0,,25.0,39.0,0.6409999999999999,344.0,1.0,8.8,7.03,79.4,0.0,0.0,27.0,160.0,5.925925925925926,1.0,66.0,504.0,7.64,2.0,2.0,1.0,1.0,2.0,104.0,15.0,8.0,1.0,24.0,8.0,13.0,0.0,1.0,9.0,85.0,0.0,2.0,2.0,33:20,16.0,30.0,0.5329999999999999,226.0,2.0,7.5,8.87,100.1,1.0,0.0,30.0,183.0,6.1,2.0,61.0,409.0,6.7,1.0,1.0,4.0,4.0,3.0,147.0,11.0,11.0,3.0,25.0,4.0,9.0,0.0,1.0,5.0,45.0,0.0,0.0,0.0,26:40,0,LVR,AFC West,AFC East
5.0,5.0,2011-10-09,Sun,@,HOU,W,25.0,20.0,,15.0,35.0,0.429,184.0,2.0,5.3,5.11,66.8,3.0,6.0,22.0,94.0,4.2727272727272725,0.0,60.0,278.0,4.63,4.0,4.0,1.0,1.0,7.0,346.0,6.0,4.0,1.0,11.0,3.0,15.0,1.0,1.0,11.0,89.0,0.0,1.0,1.0,25:35,24.0,51.0,0.471,403.0,2.0,7.9,6.92,71.0,3.0,13.0,25.0,70.0,2.8,0.0,79.0,473.0,5.99,3.0,2.0,2.0,2.0,8.0,298.0,16.0,2.0,3.0,21.0,8.0,20.0,0.0,0.0,6.0,50.0,0.0,2.0,2.0,34:25,0,LVR,AFC West,AFC South
6.0,6.0,2011-10-16,Sun,,CLE,W,24.0,17.0,,15.0,24.0,0.625,178.0,1.0,7.4,8.25,99.0,2.0,9.0,40.0,151.0,3.775,1.0,66.0,329.0,4.98,1.0,1.0,3.0,3.0,4.0,194.0,8.0,9.0,1.0,18.0,8.0,16.0,2.0,3.0,5.0,35.0,1.0,0.0,1.0,34:41,21.0,45.0,0.467,203.0,2.0,4.5,5.4,74.6,2.0,12.0,21.0,65.0,3.095238095238096,0.0,68.0,268.0,3.94,1.0,1.0,2.0,2.0,6.0,271.0,16.0,2.0,0.0,18.0,8.0,16.0,0.0,1.0,5.0,34.0,1.0,0.0,1.0,25:19,0,LVR,AFC West,AFC North
7.0,7.0,2011-10-23,Sun,,KAN,L,0.0,28.0,,15.0,35.0,0.429,167.0,0.0,4.8,-2.94,18.1,1.0,10.0,27.0,155.0,5.7407407407407405,0.0,63.0,322.0,5.11,0.0,0.0,0.0,0.0,6.0,289.0,8.0,7.0,3.0,18.0,4.0,13.0,0.0,1.0,14.0,120.0,0.0,6.0,6.0,26:23,15.0,30.0,0.5,161.0,0.0,5.4,2.37,38.3,0.0,0.0,39.0,139.0,3.5641025641025643,2.0,69.0,300.0,4.35,0.0,0.0,4.0,4.0,7.0,368.0,9.0,9.0,4.0,22.0,7.0,15.0,0.0,0.0,10.0,98.0,0.0,2.0,2.0,33:37,0,LVR,AFC West,AFC West
8.0,9.0,2011-11-06,Sun,,DEN,L,24.0,38.0,,19.0,35.0,0.5429999999999999,316.0,3.0,9.0,6.89,77.8,2.0,16.0,26.0,100.0,3.8461538461538463,0.0,63.0,416.0,6.6,1.0,1.0,3.0,3.0,6.0,303.0,14.0,4.0,3.0,21.0,4.0,12.0,0.0,0.0,15.0,130.0,0.0,3.0,3.0,28:09,10.0,22.0,0.455,113.0,2.0,5.1,6.95,91.7,1.0,11.0,39.0,299.0,7.666666666666667,2.0,62.0,412.0,6.65,2.0,1.0,5.0,5.0,5.0,238.0,4.0,12.0,4.0,20.0,3.0,12.0,0.0,1.0,11.0,93.0,0.0,0.0,0.0,31:51,0,LVR,AFC West,AFC West
9.0,10.0,2011-11-10,Thu,@,LAC,W,24.0,17.0,,14.0,21.0,0.667,298.0,2.0,14.2,13.95,121.6,1.0,1.0,41.0,191.0,4.658536585365853,1.0,63.0,489.0,7.76,1.0,1.0,3.0,3.0,4.0,195.0,11.0,8.0,1.0,20.0,4.0,10.0,0.0,1.0,7.0,45.0,1.0,1.0,2.0,32:37,23.0,47.0,0.489,239.0,2.0,5.1,4.98,69.4,6.0,35.0,15.0,75.0,5.0,0.0,68.0,314.0,4.62,2.0,1.0,2.0,2.0,6.0,322.0,13.0,5.0,2.0,20.0,5.0,16.0,1.0,1.0,6.0,31.0,1.0,1.0,2.0,27:23,0,LVR,AFC West,AFC West
10.0,11.0,2011-11-20,Sun,@,MIN,W,27.0,21.0,,17.0,23.0,0.7390000000000001,139.0,1.0,6.0,6.91,103.4,4.0,25.0,41.0,162.0,3.951219512195122,2.0,68.0,301.0,4.43,3.0,2.0,3.0,3.0,6.0,284.0,10.0,10.0,2.0,22.0,5.0,14.0,0.0,0.0,12.0,117.0,1.0,0.0,1.0,35:44,19.0,33.0,0.5760000000000001,187.0,2.0,5.7,2.79,56.0,5.0,24.0,24.0,124.0,5.166666666666667,1.0,62.0,311.0,5.02,0.0,0.0,3.0,3.0,3.0,133.0,9.0,4.0,7.0,20.0,6.0,15.0,0.0,2.0,9.0,50.0,2.0,3.0,5.0,24:16,0,LVR,AFC West,NFC North
11.0,12.0,2011-11-27,Sun,,CHI,W,25.0,20.0,,21.0,37.0,0.568,268.0,0.0,7.2,6.03,68.3,4.0,33.0,27.0,73.0,2.703703703703704,1.0,68.0,341.0,5.01,6.0,6.0,1.0,1.0,5.0,273.0,12.0,5.0,0.0,17.0,3.0,15.0,1.0,1.0,6.0,44.0,0.0,1.0,1.0,30:02,18.0,36.0,0.5,229.0,2.0,6.4,3.72,54.1,4.0,25.0,27.0,172.0,6.37037037037037,0.0,67.0,401.0,5.99,2.0,2.0,2.0,2.0,5.0,225.0,10.0,8.0,0.0,18.0,6.0,14.0,0.0,0.0,7.0,61.0,0.0,3.0,3.0,29:58,0,LVR,AFC West,NFC North
12.0,13.0,2011-12-04,Sun,@,MIA,L,14.0,34.0,,20.0,41.0,0.488,258.0,2.0,6.3,6.17,75.1,2.0,15.0,14.0,46.0,3.2857142857142856,0.0,57.0,304.0,5.33,0.0,0.0,2.0,2.0,8.0,372.0,12.0,4.0,2.0,18.0,2.0,11.0,1.0,1.0,10.0,91.0,0.0,1.0,1.0,21:40,13.0,25.0,0.52,153.0,1.0,6.1,6.92,84.2,1.0,9.0,44.0,209.0,4.75,2.0,70.0,362.0,5.17,2.0,2.0,4.0,4.0,4.0,222.0,9.0,11.0,3.0,23.0,8.0,14.0,0.0,0.0,8.0,79.0,0.0,0.0,0.0,38:20,0,LVR,AFC West,AFC East
13.0,14.0,2011-12-11,Sun,@,GNB,L,16.0,46.0,,24.0,43.0,0.5579999999999999,240.0,1.0,5.6,1.86,40.8,1.0,7.0,29.0,117.0,4.0344827586206895,1.0,73.0,357.0,4.89,0.0,0.0,2.0,2.0,5.0,247.0,14.0,9.0,0.0,23.0,5.0,13.0,1.0,2.0,11.0,89.0,1.0,4.0,5.0,31:20,17.0,32.0,0.531,255.0,2.0,8.0,7.81,87.4,4.0,26.0,24.0,136.0,5.666666666666667,2.0,60.0,391.0,6.52,4.0,4.0,5.0,4.0,1.0,40.0,13.0,6.0,3.0,22.0,3.0,11.0,0.0,0.0,5.0,35.0,0.0,1.0,1.0,28:40,0,LVR,AFC West,NFC North
14.0,15.0,2011-12-18,Sun,,DET,L,27.0,28.0,,32.0,40.0,0.8,345.0,1.0,8.6,9.13,110.9,3.0,22.0,22.0,132.0,6.0,1.0,65.0,477.0,7.34,3.0,2.0,3.0,3.0,5.0,235.0,15.0,7.0,4.0,26.0,1.0,9.0,0.0,1.0,10.0,86.0,1.0,0.0,1.0,31:33,29.0,52.0,0.5579999999999999,375.0,4.0,7.2,8.75,104.2,2.0,16.0,19.0,57.0,3.0,0.0,73.0,432.0,5.92,0.0,0.0,4.0,4.0,6.0,257.0,18.0,3.0,4.0,25.0,8.0,17.0,1.0,2.0,9.0,72.0,1.0,0.0,1.0,28:27,0,LVR,AFC West,NFC North
15.0,16.0,2011-12-24,Sat,@,KAN,W,16.0,13.0,OT,16.0,26.0,0.615,237.0,1.0,9.1,6.42,72.1,0.0,0.0,25.0,71.0,2.84,0.0,51.0,308.0,6.04,4.0,3.0,1.0,1.0,4.0,217.0,10.0,1.0,2.0,13.0,3.0,11.0,0.0,0.0,15.0,92.0,0.0,2.0,2.0,29:34,21.0,36.0,0.583,300.0,1.0,8.3,6.39,71.5,0.0,0.0,30.0,135.0,4.5,0.0,66.0,435.0,6.59,4.0,2.0,1.0,1.0,3.0,146.0,14.0,7.0,5.0,26.0,3.0,12.0,0.0,1.0,11.0,88.0,0.0,2.0,2.0,32:39,0,LVR,AFC West,AFC West
16.0,17.0,2012-01-01,Sun,,LAC,L,26.0,38.0,,28.0,43.0,0.6509999999999999,417.0,2.0,9.7,9.58,102.6,0.0,0.0,24.0,103.0,4.291666666666667,0.0,67.0,520.0,7.76,4.0,4.0,2.0,2.0,1.0,58.0,19.0,5.0,4.0,28.0,8.0,13.0,0.0,0.0,8.0,64.0,0.0,1.0,1.0,29:33,19.0,26.0,0.731,310.0,3.0,11.9,12.5,135.1,0.0,0.0,31.0,153.0,4.935483870967742,1.0,57.0,463.0,8.12,2.0,1.0,5.0,5.0,0.0,0.0,15.0,6.0,4.0,25.0,7.0,10.0,0.0,1.0,8.0,68.0,0.0,1.0,1.0,30:27,0,LVR,AFC West,AFC West
1.0,1.0,2011-09-12,Mon,,NWE,L,24.0,38.0,,30.0,49.0,0.612,390.0,2.0,8.0,7.86,91.4,4.0,26.0,20.0,98.0,4.9,1.0,73.0,488.0,6.68,1.0,1.0,3.0,3.0,6.0,307.0,19.0,6.0,0.0,25.0,2.0,14.0,4.0,5.0,8.0,60.0,0.0,1.0,1.0,31:33,32.0,48.0,0.667,516.0,4.0,10.8,11.48,121.5,1.0,1.0,22.0,106.0,4.818181818181818,1.0,71.0,622.0,8.76,2.0,1.0,5.0,5.0,4.0,152.0,20.0,6.0,1.0,27.0,8.0,13.0,0.0,0.0,7.0,50.0,0.0,1.0,1.0,28:27,0,MIA,AFC East,AFC East
2.0,2.0,2011-09-18,Sun,,HOU,L,13.0,23.0,,12.0,30.0,0.4,153.0,1.0,5.1,4.27,53.9,2.0,17.0,28.0,153.0,5.464285714285714,0.0,60.0,306.0,5.1,4.0,2.0,1.0,1.0,3.0,181.0,11.0,5.0,2.0,18.0,4.0,12.0,0.0,1.0,3.0,20.0,1.0,1.0,2.0,25:54,21.0,29.0,0.7240000000000001,207.0,2.0,7.1,8.52,115.2,3.0,23.0,36.0,138.0,3.8333333333333335,0.0,68.0,345.0,5.07,3.0,3.0,2.0,2.0,6.0,287.0,10.0,9.0,0.0,19.0,5.0,15.0,1.0,1.0,4.0,76.0,0.0,0.0,0.0,34:06,0,MIA,AFC East,AFC South
3.0,3.0,2011-09-25,Sun,@,CLE,L,16.0,17.0,,19.0,29.0,0.655,231.0,1.0,8.0,7.1,87.0,5.0,24.0,38.0,138.0,3.631578947368421,0.0,72.0,369.0,5.13,4.0,3.0,1.0,1.0,3.0,151.0,10.0,9.0,3.0,22.0,4.0,13.0,1.0,2.0,10.0,93.0,1.0,1.0,2.0,37:51,19.0,39.0,0.487,210.0,2.0,5.4,5.26,71.5,0.0,0.0,19.0,70.0,3.684210526315789,0.0,58.0,280.0,4.83,1.0,1.0,2.0,2.0,5.0,211.0,13.0,3.0,3.0,19.0,3.0,11.0,1.0,1.0,8.0,85.0,0.0,1.0,1.0,22:09,0,MIA,AFC East,AFC North
4.0,4.0,2011-10-02,Sun,@,LAC,L,16.0,26.0,,20.0,30.0,0.667,176.0,0.0,5.9,2.87,54.3,3.0,18.0,22.0,72.0,3.272727272727273,1.0,55.0,248.0,4.51,3.0,3.0,1.0,1.0,3.0,135.0,9.0,5.0,2.0,16.0,3.0,10.0,0.0,0.0,2.0,41.0,0.0,2.0,2.0,26:42,21.0,31.0,0.677,295.0,1.0,9.5,10.16,108.9,2.0,12.0,28.0,116.0,4.142857142857143,1.0,61.0,411.0,6.74,4.0,4.0,2.0,2.0,3.0,151.0,13.0,7.0,1.0,21.0,7.0,14.0,0.0,0.0,8.0,80.0,0.0,0.0,0.0,33:18,0,MIA,AFC East,AFC West
5.0,6.0,2011-10-17,Mon,@,NYJ,L,6.0,24.0,,16.0,34.0,0.471,190.0,0.0,5.6,2.94,40.1,4.0,14.0,25.0,118.0,4.72,0.0,63.0,308.0,4.89,2.0,2.0,0.0,0.0,7.0,305.0,11.0,4.0,2.0,17.0,2.0,13.0,0.0,1.0,2.0,10.0,1.0,2.0,3.0,29:39,14.0,25.0,0.56,192.0,1.0,7.7,8.48,94.1,2.0,9.0,29.0,104.0,3.586206896551724,1.0,56.0,296.0,5.29,1.0,1.0,3.0,3.0,8.0,388.0,7.0,5.0,1.0,13.0,6.0,15.0,0.0,0.0,6.0,49.0,1.0,0.0,1.0,30:21,0,MIA,AFC East,AFC East
6.0,7.0,2011-10-23,Sun,,DEN,L,15.0,18.0,OT,22.0,33.0,0.667,173.0,1.0,5.2,5.85,89.6,4.0,24.0,31.0,94.0,3.032258064516129,0.0,68.0,267.0,3.93,3.0,3.0,0.0,0.0,8.0,397.0,9.0,5.0,1.0,15.0,3.0,14.0,0.0,0.0,2.0,20.0,1.0,0.0,1.0,33:19,13.0,27.0,0.481,131.0,2.0,4.9,6.33,87.1,6.0,30.0,40.0,177.0,4.425,0.0,73.0,308.0,4.22,3.0,1.0,1.0,1.0,9.0,435.0,8.0,9.0,1.0,18.0,4.0,16.0,0.0,0.0,5.0,30.0,1.0,0.0,1.0,34:17,0,MIA,AFC East,AFC West
7.0,8.0,2011-10-30,Sun,@,NYG,L,17.0,20.0,,13.0,22.0,0.591,101.0,0.0,4.6,2.55,51.5,5.0,37.0,26.0,145.0,5.576923076923077,2.0,53.0,246.0,4.64,1.0,1.0,2.0,2.0,5.0,247.0,7.0,8.0,3.0,18.0,5.0,13.0,1.0,2.0,4.0,30.0,0.0,1.0,1.0,27:34,31.0,45.0,0.6890000000000001,344.0,2.0,7.6,8.53,106.2,1.0,5.0,23.0,58.0,2.5217391304347827,0.0,69.0,402.0,5.83,2.0,2.0,2.0,2.0,4.0,187.0,19.0,2.0,0.0,21.0,8.0,16.0,0.0,1.0,7.0,46.0,0.0,0.0,0.0,32:26,0,MIA,AFC East,NFC East
8.0,9.0,2011-11-06,Sun,@,KAN,W,31.0,3.0,,17.0,23.0,0.7390000000000001,244.0,3.0,10.6,13.22,147.5,0.0,0.0,24.0,107.0,4.458333333333333,1.0,47.0,351.0,7.47,1.0,1.0,4.0,4.0,5.0,221.0,12.0,3.0,2.0,17.0,3.0,10.0,0.0,0.0,7.0,49.0,0.0,0.0,0.0,25:21,20.0,39.0,0.513,227.0,0.0,5.8,5.82,69.1,5.0,26.0,34.0,116.0,3.411764705882353,0.0,78.0,343.0,4.4,1.0,1.0,0.0,0.0,5.0,229.0,11.0,5.0,4.0,20.0,8.0,20.0,2.0,6.0,8.0,70.0,0.0,0.0,0.0,34:39,0,MIA,AFC East,AFC West
9.0,10.0,2011-11-13,Sun,,WAS,W,20.0,9.0,,20.0,29.0,0.69,200.0,0.0,6.9,5.34,73.9,2.0,9.0,33.0,103.0,3.121212121212121,2.0,64.0,303.0,4.73,3.0,2.0,2.0,2.0,1.0,49.0,13.0,4.0,3.0,20.0,8.0,14.0,0.0,1.0,6.0,55.0,1.0,1.0,2.0,33:33,21.0,32.0,0.6559999999999999,185.0,0.0,5.8,2.97,54.8,3.0,30.0,16.0,61.0,3.8125,0.0,51.0,246.0,4.82,5.0,3.0,0.0,0.0,2.0,93.0,11.0,3.0,2.0,16.0,5.0,13.0,0.0,0.0,6.0,51.0,0.0,2.0,2.0,26:27,0,MIA,AFC East,NFC East
10.0,11.0,2011-11-20,Sun,,BUF,W,35.0,8.0,,14.0,20.0,0.7,147.0,3.0,7.4,10.35,130.6,1.0,13.0,35.0,95.0,2.7142857142857144,1.0,56.0,242.0,4.32,0.0,0.0,5.0,5.0,7.0,337.0,8.0,7.0,1.0,16.0,5.0,12.0,0.0,0.0,4.0,50.0,0.0,0.0,0.0,31:06,21.0,44.0,0.477,204.0,0.0,4.6,2.59,42.2,2.0,11.0,19.0,41.0,2.1578947368421053,0.0,65.0,245.0,3.77,2.0,2.0,0.0,0.0,7.0,295.0,10.0,2.0,2.0,14.0,0.0,12.0,0.0,2.0,3.0,27.0,0.0,2.0,2.0,28:54,0,MIA,AFC East,AFC East
11.0,12.0,2011-11-24,Thu,@,DAL,L,19.0,20.0,,19.0,32.0,0.594,263.0,1.0,8.2,8.84,96.2,4.0,25.0,25.0,89.0,3.56,0.0,61.0,352.0,5.77,5.0,4.0,1.0,1.0,4.0,198.0,11.0,4.0,3.0,18.0,3.0,12.0,0.0,0.0,6.0,55.0,1.0,0.0,1.0,31:28,22.0,34.0,0.647,218.0,2.0,6.4,4.94,77.8,1.0,8.0,23.0,85.0,3.695652173913044,0.0,58.0,303.0,5.22,2.0,2.0,2.0,2.0,5.0,205.0,13.0,5.0,1.0,19.0,2.0,9.0,0.0,0.0,11.0,69.0,0.0,2.0,2.0,28:32,0,MIA,AFC East,NFC East
12.0,13.0,2011-12-04,Sun,,LVR,W,34.0,14.0,,13.0,25.0,0.52,153.0,1.0,6.1,6.92,84.2,1.0,9.0,44.0,209.0,4.75,2.0,70.0,362.0,5.17,2.0,2.0,4.0,4.0,4.0,222.0,9.0,11.0,3.0,23.0,8.0,14.0,0.0,0.0,8.0,79.0,0.0,0.0,0.0,38:20,20.0,41.0,0.488,258.0,2.0,6.3,6.17,75.1,2.0,15.0,14.0,46.0,3.2857142857142856,0.0,57.0,304.0,5.33,0.0,0.0,2.0,2.0,8.0,372.0,12.0,4.0,2.0,18.0,2.0,11.0,1.0,1.0,10.0,91.0,0.0,1.0,1.0,21:40,0,MIA,AFC East,AFC West
13.0,14.0,2011-12-11,Sun,,PHI,L,10.0,26.0,,17.0,29.0,0.586,95.0,1.0,3.3,2.41,61.7,9.0,60.0,26.0,109.0,4.1923076923076925,0.0,64.0,204.0,3.19,2.0,1.0,1.0,1.0,6.0,321.0,6.0,3.0,2.0,11.0,3.0,15.0,0.0,3.0,7.0,81.0,2.0,1.0,3.0,28:39,15.0,30.0,0.5,188.0,1.0,6.3,5.43,67.1,4.0,20.0,32.0,51.0,1.59375,2.0,66.0,239.0,3.62,1.0,1.0,3.0,3.0,10.0,419.0,10.0,5.0,3.0,18.0,4.0,15.0,0.0,0.0,7.0,69.0,1.0,1.0,2.0,31:21,0,MIA,AFC East,NFC East
14.0,15.0,2011-12-18,Sun,@,BUF,W,30.0,23.0,,10.0,20.0,0.5,194.0,2.0,9.7,11.7,117.5,2.0,23.0,38.0,254.0,6.684210526315789,1.0,60.0,448.0,7.47,3.0,3.0,3.0,3.0,6.0,278.0,6.0,8.0,3.0,17.0,3.0,13.0,0.0,1.0,5.0,62.0,3.0,0.0,3.0,28:49,31.0,47.0,0.66,291.0,2.0,6.2,4.17,70.4,3.0,25.0,19.0,113.0,5.947368421052632,1.0,69.0,404.0,5.86,2.0,1.0,2.0,2.0,8.0,384.0,14.0,6.0,1.0,21.0,0.0,11.0,1.0,1.0,11.0,92.0,0.0,3.0,3.0,31:11,0,MIA,AFC East,AFC East
15.0,16.0,2011-12-24,Sat,@,NWE,L,24.0,27.0,,16.0,32.0,0.5,253.0,3.0,7.9,8.38,94.9,5.0,28.0,28.0,121.0,4.321428571428571,0.0,65.0,374.0,5.75,1.0,1.0,3.0,3.0,6.0,269.0,13.0,5.0,2.0,20.0,5.0,13.0,0.0,0.0,6.0,39.0,1.0,1.0,2.0,29:04,27.0,46.0,0.5870000000000001,281.0,1.0,6.1,6.54,83.7,4.0,23.0,31.0,119.0,3.838709677419355,2.0,81.0,400.0,4.94,3.0,2.0,3.0,3.0,6.0,314.0,16.0,10.0,0.0,26.0,8.0,17.0,1.0,1.0,5.0,50.0,0.0,0.0,0.0,30:56,0,MIA,AFC East,AFC East
16.0,17.0,2012-01-01,Sun,,NYJ,W,19.0,17.0,,22.0,32.0,0.688,128.0,1.0,4.0,1.81,60.4,1.0,7.0,26.0,82.0,3.1538461538461537,0.0,59.0,210.0,3.56,4.0,4.0,1.0,1.0,4.0,192.0,12.0,2.0,0.0,14.0,8.0,15.0,0.0,0.0,5.0,35.0,0.0,2.0,2.0,31:07,22.0,33.0,0.667,245.0,2.0,7.4,4.55,70.9,2.0,3.0,27.0,129.0,4.777777777777778,0.0,62.0,374.0,6.03,1.0,1.0,2.0,2.0,5.0,191.0,11.0,7.0,2.0,20.0,4.0,11.0,0.0,0.0,6.0,40.0,0.0,3.0,3.0,28:53,0,MIA,AFC East,AFC East
1.0,1.0,2011-09-11,Sun,@,LAC,L,17.0,24.0,,7.0,15.0,0.467,28.0,1.0,1.9,0.2,47.9,2.0,11.0,26.0,159.0,6.115384615384615,0.0,43.0,187.0,4.35,1.0,1.0,2.0,2.0,6.0,289.0,3.0,7.0,0.0,10.0,4.0,11.0,0.0,0.0,9.0,78.0,0.0,1.0,1.0,22:43,33.0,48.0,0.688,330.0,2.0,6.9,5.83,84.5,2.0,5.0,27.0,77.0,2.851851851851852,1.0,77.0,407.0,5.29,1.0,1.0,3.0,3.0,3.0,127.0,21.0,5.0,5.0,31.0,6.0,13.0,0.0,1.0,4.0,26.0,0.0,2.0,2.0,37:17,0,MIN,NFC North,AFC West
2.0,2.0,2011-09-18,Sun,,TAM,L,20.0,24.0,,18.0,30.0,0.6,212.0,0.0,7.1,7.07,81.5,2.0,16.0,33.0,186.0,5.636363636363637,2.0,65.0,398.0,6.12,2.0,2.0,2.0,2.0,4.0,165.0,12.0,12.0,1.0,25.0,5.0,11.0,0.0,0.0,8.0,65.0,1.0,0.0,1.0,33:30,22.0,31.0,0.71,230.0,1.0,7.4,6.61,89.4,2.0,13.0,19.0,105.0,5.526315789473684,2.0,52.0,335.0,6.44,1.0,1.0,3.0,3.0,4.0,183.0,12.0,6.0,1.0,19.0,7.0,12.0,0.0,0.0,6.0,53.0,0.0,1.0,1.0,26:30,0,MIN,NFC North,NFC South
3.0,3.0,2011-09-25,Sun,,DET,L,23.0,26.0,OT,22.0,36.0,0.611,189.0,1.0,5.3,5.81,84.1,4.0,22.0,23.0,132.0,5.739130434782608,1.0,63.0,321.0,5.1,3.0,3.0,2.0,2.0,6.0,267.0,10.0,5.0,1.0,16.0,4.0,14.0,0.0,1.0,10.0,79.0,0.0,0.0,0.0,27:50,32.0,46.0,0.696,338.0,2.0,7.3,8.22,105.2,5.0,40.0,19.0,20.0,1.0526315789473684,0.0,70.0,358.0,5.11,4.0,4.0,2.0,2.0,7.0,325.0,16.0,1.0,2.0,19.0,7.0,17.0,0.0,0.0,7.0,65.0,0.0,0.0,0.0,34:09,0,MIN,NFC North,NFC North
4.0,4.0,2011-10-02,Sun,@,KAN,L,17.0,22.0,,18.0,30.0,0.6,190.0,2.0,6.3,6.17,86.8,2.0,12.0,30.0,151.0,5.033333333333333,0.0,62.0,341.0,5.5,1.0,1.0,2.0,2.0,4.0,213.0,12.0,5.0,0.0,17.0,5.0,14.0,2.0,3.0,6.0,45.0,0.0,1.0,1.0,32:10,18.0,29.0,0.621,247.0,1.0,8.5,9.21,100.8,3.0,13.0,28.0,103.0,3.678571428571429,0.0,60.0,350.0,5.83,5.0,5.0,1.0,1.0,3.0,146.0,9.0,5.0,1.0,15.0,6.0,15.0,0.0,0.0,6.0,57.0,0.0,0.0,0.0,27:50,0,MIN,NFC North,AFC West
5.0,5.0,2011-10-09,Sun,,ARI,W,34.0,10.0,,10.0,21.0,0.476,160.0,0.0,7.6,7.62,73.5,1.0,9.0,37.0,172.0,4.648648648648648,4.0,59.0,332.0,5.63,3.0,2.0,4.0,4.0,4.0,190.0,7.0,11.0,2.0,20.0,3.0,10.0,0.0,0.0,5.0,35.0,1.0,0.0,1.0,28:59,23.0,48.0,0.479,214.0,0.0,4.5,1.65,34.5,4.0,40.0,24.0,77.0,3.208333333333333,1.0,76.0,291.0,3.83,1.0,1.0,1.0,1.0,5.0,212.0,15.0,3.0,0.0,18.0,8.0,18.0,2.0,4.0,6.0,64.0,1.0,3.0,4.0,31:01,0,MIN,NFC North,NFC West
6.0,6.0,2011-10-16,Sun,@,CHI,L,10.0,39.0,,28.0,42.0,0.667,233.0,0.0,5.5,5.55,80.8,5.0,43.0,17.0,53.0,3.117647058823529,1.0,64.0,286.0,4.47,2.0,1.0,1.0,1.0,5.0,186.0,12.0,3.0,0.0,15.0,6.0,15.0,0.0,2.0,5.0,40.0,0.0,0.0,0.0,29:20,21.0,31.0,0.677,258.0,2.0,8.3,9.61,114.7,1.0,9.0,28.0,119.0,4.25,1.0,60.0,377.0,6.28,3.0,3.0,4.0,4.0,3.0,115.0,11.0,9.0,2.0,22.0,4.0,11.0,0.0,0.0,3.0,15.0,1.0,0.0,1.0,30:40,0,MIN,NFC North,NFC North
7.0,7.0,2011-10-23,Sun,,GNB,L,27.0,33.0,,13.0,32.0,0.406,217.0,2.0,6.8,5.22,59.0,2.0,2.0,31.0,218.0,7.032258064516129,1.0,65.0,435.0,6.69,2.0,2.0,3.0,3.0,4.0,161.0,12.0,9.0,1.0,22.0,9.0,16.0,0.0,0.0,9.0,91.0,0.0,2.0,2.0,27:54,24.0,30.0,0.8,307.0,3.0,10.2,12.23,142.6,4.0,28.0,26.0,114.0,4.384615384615385,0.0,60.0,421.0,7.02,4.0,4.0,3.0,3.0,3.0,178.0,16.0,6.0,3.0,25.0,2.0,8.0,0.0,0.0,6.0,44.0,1.0,0.0,1.0,32:06,0,MIN,NFC North,NFC North
8.0,8.0,2011-10-30,Sun,@,CAR,W,24.0,21.0,,18.0,28.0,0.643,229.0,1.0,8.2,8.89,101.6,4.0,7.0,33.0,132.0,4.0,2.0,65.0,361.0,5.55,2.0,1.0,3.0,3.0,4.0,179.0,13.0,8.0,1.0,22.0,7.0,14.0,0.0,0.0,4.0,43.0,1.0,0.0,1.0,32:05,22.0,35.0,0.629,265.0,3.0,7.6,9.29,114.6,3.0,25.0,27.0,140.0,5.185185185185185,0.0,65.0,405.0,6.23,1.0,0.0,3.0,3.0,4.0,174.0,11.0,9.0,1.0,21.0,6.0,12.0,1.0,1.0,6.0,60.0,2.0,0.0,2.0,27:55,0,MIN,NFC North,NFC South
9.0,10.0,2011-11-14,Mon,@,GNB,L,7.0,45.0,,16.0,34.0,0.471,162.0,0.0,4.8,3.44,48.9,3.0,28.0,22.0,104.0,4.727272727272728,1.0,59.0,266.0,4.51,1.0,0.0,1.0,1.0,6.0,263.0,8.0,6.0,0.0,14.0,5.0,14.0,0.0,2.0,10.0,80.0,0.0,1.0,1.0,26:42,25.0,32.0,0.7809999999999999,266.0,4.0,8.3,10.81,140.9,3.0,22.0,31.0,90.0,2.903225806451613,1.0,66.0,356.0,5.39,1.0,1.0,6.0,6.0,2.0,99.0,15.0,4.0,4.0,23.0,7.0,13.0,2.0,2.0,1.0,5.0,1.0,0.0,1.0,33:18,0,MIN,NFC North,NFC North
10.0,11.0,2011-11-20,Sun,,LVR,L,21.0,27.0,,19.0,33.0,0.5760000000000001,187.0,2.0,5.7,2.79,56.0,5.0,24.0,24.0,124.0,5.166666666666667,1.0,62.0,311.0,5.02,0.0,0.0,3.0,3.0,3.0,133.0,9.0,4.0,7.0,20.0,6.0,15.0,0.0,2.0,9.0,50.0,2.0,3.0,5.0,24:16,17.0,23.0,0.7390000000000001,139.0,1.0,6.0,6.91,103.4,4.0,25.0,41.0,162.0,3.951219512195122,2.0,68.0,301.0,4.43,3.0,2.0,3.0,3.0,6.0,284.0,10.0,10.0,2.0,22.0,5.0,14.0,0.0,0.0,12.0,117.0,1.0,0.0,1.0,35:44,0,MIN,NFC North,AFC West
11.0,12.0,2011-11-27,Sun,@,ATL,L,14.0,24.0,,17.0,25.0,0.68,162.0,1.0,6.5,7.28,99.1,4.0,24.0,24.0,64.0,2.6666666666666665,1.0,53.0,226.0,4.26,0.0,0.0,2.0,2.0,7.0,331.0,8.0,4.0,0.0,12.0,4.0,13.0,1.0,2.0,6.0,49.0,0.0,0.0,0.0,25:21,27.0,34.0,0.794,246.0,3.0,7.2,9.0,126.2,2.0,16.0,29.0,89.0,3.0689655172413794,0.0,65.0,335.0,5.15,1.0,1.0,3.0,3.0,5.0,252.0,15.0,6.0,1.0,22.0,7.0,14.0,0.0,0.0,4.0,30.0,1.0,0.0,1.0,34:39,0,MIN,NFC North,NFC South
12.0,13.0,2011-12-04,Sun,,DEN,L,32.0,35.0,,30.0,48.0,0.625,360.0,3.0,7.5,6.88,88.9,3.0,29.0,30.0,129.0,4.3,0.0,81.0,489.0,6.04,3.0,3.0,3.0,3.0,6.0,297.0,17.0,6.0,4.0,27.0,6.0,15.0,0.0,0.0,6.0,54.0,1.0,2.0,3.0,37:51,10.0,15.0,0.667,186.0,2.0,12.4,15.07,148.9,2.0,16.0,32.0,150.0,4.6875,1.0,49.0,336.0,6.86,2.0,2.0,3.0,3.0,6.0,307.0,7.0,6.0,0.0,13.0,3.0,11.0,0.0,0.0,8.0,73.0,2.0,0.0,2.0,22:09,0,MIN,NFC North,AFC West
13.0,14.0,2011-12-11,Sun,@,DET,L,28.0,34.0,,23.0,44.0,0.523,156.0,3.0,3.5,1.84,54.7,4.0,43.0,35.0,269.0,7.685714285714286,1.0,83.0,425.0,5.12,0.0,0.0,4.0,4.0,2.0,97.0,12.0,17.0,0.0,29.0,8.0,14.0,3.0,3.0,5.0,37.0,3.0,3.0,6.0,28:46,20.0,29.0,0.69,208.0,2.0,7.2,8.55,112.4,5.0,19.0,21.0,72.0,3.4285714285714284,0.0,55.0,280.0,5.09,2.0,2.0,4.0,4.0,6.0,286.0,11.0,1.0,1.0,13.0,8.0,16.0,0.0,0.0,10.0,76.0,0.0,0.0,0.0,31:14,0,MIN,NFC North,NFC North
14.0,15.0,2011-12-18,Sun,,NOR,L,20.0,42.0,,14.0,32.0,0.4379999999999999,102.0,2.0,3.2,3.03,59.6,4.0,18.0,18.0,105.0,5.833333333333333,0.0,54.0,207.0,3.83,2.0,2.0,2.0,2.0,7.0,337.0,7.0,4.0,1.0,12.0,4.0,14.0,0.0,1.0,8.0,84.0,0.0,1.0,1.0,21:11,32.0,41.0,0.78,412.0,5.0,10.0,12.49,148.1,0.0,0.0,38.0,161.0,4.2368421052631575,1.0,79.0,573.0,7.25,1.0,0.0,6.0,6.0,1.0,51.0,23.0,9.0,4.0,36.0,8.0,11.0,0.0,1.0,6.0,65.0,2.0,0.0,2.0,38:49,0,MIN,NFC North,NFC South
15.0,16.0,2011-12-24,Sat,@,WAS,W,33.0,26.0,,12.0,18.0,0.667,148.0,2.0,8.2,10.44,128.9,2.0,4.0,38.0,241.0,6.342105263157895,2.0,58.0,389.0,6.71,3.0,2.0,4.0,3.0,3.0,133.0,8.0,10.0,2.0,20.0,4.0,11.0,0.0,0.0,4.0,40.0,0.0,0.0,0.0,29:34,26.0,41.0,0.634,256.0,2.0,6.2,6.12,87.0,3.0,28.0,24.0,141.0,5.875,0.0,68.0,397.0,5.84,4.0,4.0,2.0,2.0,2.0,79.0,16.0,7.0,0.0,23.0,3.0,10.0,0.0,0.0,8.0,64.0,1.0,1.0,2.0,30:26,0,MIN,NFC North,NFC East
16.0,17.0,2012-01-01,Sun,,CHI,L,13.0,17.0,,21.0,42.0,0.5,222.0,0.0,5.3,2.07,36.0,2.0,6.0,27.0,79.0,2.925925925925926,1.0,71.0,301.0,4.24,3.0,2.0,1.0,1.0,6.0,276.0,9.0,7.0,0.0,16.0,3.0,15.0,1.0,2.0,5.0,38.0,0.0,3.0,3.0,31:14,15.0,25.0,0.6,117.0,1.0,4.7,3.68,68.2,7.0,43.0,25.0,92.0,3.68,0.0,57.0,209.0,3.67,1.0,1.0,2.0,2.0,7.0,335.0,5.0,5.0,0.0,10.0,5.0,13.0,0.0,0.0,4.0,20.0,2.0,1.0,3.0,28:46,0,MIN,NFC North,NFC North
1.0,1.0,2011-09-12,Mon,@,MIA,W,38.0,24.0,,32.0,48.0,0.667,516.0,4.0,10.8,11.48,121.5,1.0,1.0,22.0,106.0,4.818181818181818,1.0,71.0,622.0,8.76,2.0,1.0,5.0,5.0,4.0,152.0,20.0,6.0,1.0,27.0,8.0,13.0,0.0,0.0,7.0,50.0,0.0,1.0,1.0,28:27,30.0,49.0,0.612,390.0,2.0,8.0,7.86,91.4,4.0,26.0,20.0,98.0,4.9,1.0,73.0,488.0,6.68,1.0,1.0,3.0,3.0,6.0,307.0,19.0,6.0,0.0,25.0,2.0,14.0,4.0,5.0,8.0,60.0,0.0,1.0,1.0,31:33,0,NWE,AFC East,AFC East
2.0,2.0,2011-09-18,Sun,,LAC,W,35.0,21.0,,31.0,40.0,0.775,410.0,3.0,10.3,11.75,134.4,2.0,13.0,25.0,94.0,3.76,1.0,67.0,504.0,7.52,2.0,2.0,3.0,3.0,2.0,85.0,23.0,4.0,1.0,28.0,7.0,11.0,0.0,1.0,8.0,80.0,0.0,0.0,0.0,29:02,29.0,40.0,0.725,372.0,2.0,9.3,8.05,97.1,2.0,6.0,24.0,98.0,4.083333333333333,1.0,66.0,470.0,7.12,0.0,0.0,3.0,3.0,1.0,35.0,20.0,5.0,4.0,29.0,10.0,12.0,0.0,1.0,6.0,44.0,2.0,2.0,4.0,30:58,0,NWE,AFC East,AFC West
3.0,3.0,2011-09-25,Sun,@,BUF,L,31.0,34.0,,30.0,45.0,0.667,387.0,4.0,8.6,6.38,86.1,0.0,0.0,26.0,108.0,4.153846153846154,0.0,71.0,495.0,6.97,1.0,1.0,4.0,4.0,3.0,140.0,21.0,6.0,3.0,30.0,3.0,9.0,2.0,2.0,8.0,93.0,0.0,4.0,4.0,31:15,27.0,40.0,0.675,369.0,2.0,9.2,7.98,92.6,0.0,0.0,20.0,79.0,3.95,1.0,60.0,448.0,7.47,2.0,2.0,4.0,4.0,5.0,253.0,16.0,4.0,4.0,24.0,4.0,11.0,0.0,1.0,9.0,77.0,0.0,2.0,2.0,28:45,0,NWE,AFC East,AFC East
4.0,4.0,2011-10-02,Sun,@,LVR,W,31.0,19.0,,16.0,30.0,0.5329999999999999,226.0,2.0,7.5,8.87,100.1,1.0,0.0,30.0,183.0,6.1,2.0,61.0,409.0,6.7,1.0,1.0,4.0,4.0,3.0,147.0,11.0,11.0,3.0,25.0,4.0,9.0,0.0,1.0,5.0,45.0,0.0,0.0,0.0,26:40,25.0,39.0,0.6409999999999999,344.0,1.0,8.8,7.03,79.4,0.0,0.0,27.0,160.0,5.925925925925926,1.0,66.0,504.0,7.64,2.0,2.0,1.0,1.0,2.0,104.0,15.0,8.0,1.0,24.0,8.0,13.0,0.0,1.0,9.0,85.0,0.0,2.0,2.0,33:20,0,NWE,AFC East,AFC West
5.0,5.0,2011-10-09,Sun,,NYJ,W,30.0,21.0,,24.0,33.0,0.727,294.0,1.0,8.9,8.15,97.3,4.0,27.0,35.0,152.0,4.342857142857143,2.0,72.0,446.0,6.19,3.0,3.0,3.0,3.0,4.0,205.0,15.0,7.0,4.0,26.0,7.0,14.0,0.0,0.0,6.0,50.0,0.0,1.0,1.0,33:55,16.0,26.0,0.615,158.0,2.0,6.1,7.62,104.3,2.0,8.0,25.0,97.0,3.88,1.0,53.0,255.0,4.81,0.0,0.0,3.0,3.0,7.0,319.0,9.0,5.0,0.0,14.0,3.0,11.0,0.0,0.0,8.0,89.0,0.0,0.0,0.0,26:05,0,NWE,AFC East,AFC East
6.0,6.0,2011-10-16,Sun,,DAL,W,20.0,16.0,,27.0,41.0,0.659,270.0,2.0,6.6,5.37,80.3,3.0,19.0,25.0,101.0,4.04,0.0,69.0,371.0,5.38,2.0,2.0,2.0,2.0,2.0,96.0,16.0,7.0,2.0,25.0,8.0,13.0,0.0,0.0,5.0,35.0,2.0,2.0,4.0,27:11,27.0,41.0,0.659,300.0,1.0,7.3,6.71,85.4,2.0,17.0,24.0,77.0,3.208333333333333,0.0,67.0,377.0,5.63,3.0,3.0,1.0,1.0,4.0,207.0,15.0,6.0,0.0,21.0,4.0,12.0,0.0,0.0,10.0,77.0,1.0,1.0,2.0,32:49,0,NWE,AFC East,NFC East
7.0,8.0,2011-10-30,Sun,@,PIT,L,17.0,25.0,,24.0,35.0,0.6859999999999999,170.0,2.0,4.9,6.0,98.5,3.0,28.0,12.0,43.0,3.583333333333333,0.0,50.0,213.0,4.26,2.0,1.0,2.0,2.0,4.0,168.0,11.0,3.0,5.0,19.0,3.0,10.0,0.0,0.0,6.0,37.0,0.0,0.0,0.0,20:38,36.0,50.0,0.72,329.0,2.0,6.6,6.48,94.5,5.0,36.0,23.0,98.0,4.260869565217392,0.0,78.0,427.0,5.47,4.0,3.0,2.0,2.0,1.0,31.0,23.0,5.0,1.0,29.0,10.0,16.0,0.0,0.0,8.0,50.0,0.0,1.0,1.0,39:22,0,NWE,AFC East,AFC North
8.0,9.0,2011-11-06,Sun,,NYG,L,20.0,24.0,,28.0,49.0,0.5710000000000001,332.0,2.0,6.8,5.76,74.5,2.0,10.0,24.0,106.0,4.416666666666667,0.0,75.0,438.0,5.84,3.0,2.0,2.0,2.0,5.0,225.0,17.0,6.0,0.0,23.0,5.0,15.0,1.0,1.0,7.0,81.0,2.0,2.0,4.0,29:43,20.0,39.0,0.513,250.0,2.0,6.4,6.28,77.9,0.0,0.0,29.0,111.0,3.827586206896552,1.0,68.0,361.0,5.31,1.0,1.0,3.0,3.0,8.0,345.0,15.0,5.0,3.0,23.0,4.0,14.0,0.0,0.0,6.0,50.0,1.0,1.0,2.0,30:17,0,NWE,AFC East,NFC East
9.0,10.0,2011-11-13,Sun,@,NYJ,W,37.0,16.0,,26.0,39.0,0.667,329.0,3.0,8.4,9.97,118.4,0.0,0.0,28.0,60.0,2.142857142857143,0.0,67.0,389.0,5.81,3.0,3.0,4.0,4.0,4.0,187.0,17.0,3.0,1.0,21.0,4.0,13.0,0.0,1.0,9.0,80.0,0.0,0.0,0.0,30:07,20.0,39.0,0.513,268.0,1.0,6.9,5.08,60.6,5.0,38.0,25.0,110.0,4.4,1.0,69.0,378.0,5.48,1.0,0.0,2.0,2.0,5.0,242.0,13.0,8.0,1.0,22.0,5.0,13.0,0.0,2.0,5.0,56.0,1.0,2.0,3.0,29:53,0,NWE,AFC East,AFC East
10.0,11.0,2011-11-21,Mon,,KAN,W,34.0,3.0,,15.0,27.0,0.556,223.0,2.0,8.3,9.74,107.5,3.0,11.0,35.0,157.0,4.485714285714286,1.0,65.0,380.0,5.85,2.0,2.0,4.0,4.0,4.0,203.0,11.0,9.0,0.0,20.0,4.0,13.0,2.0,2.0,3.0,20.0,1.0,0.0,1.0,28:30,24.0,37.0,0.649,209.0,0.0,5.6,2.0,45.9,3.0,21.0,27.0,125.0,4.62962962962963,0.0,67.0,334.0,4.99,1.0,1.0,0.0,0.0,5.0,199.0,11.0,5.0,0.0,16.0,6.0,14.0,1.0,2.0,5.0,34.0,0.0,3.0,3.0,31:30,0,NWE,AFC East,AFC West
11.0,12.0,2011-11-27,Sun,@,PHI,W,38.0,20.0,,24.0,34.0,0.706,353.0,3.0,10.4,12.15,133.6,1.0,8.0,36.0,104.0,2.888888888888889,2.0,71.0,457.0,6.44,2.0,1.0,5.0,5.0,3.0,145.0,19.0,7.0,3.0,29.0,6.0,11.0,0.0,0.0,3.0,20.0,0.0,0.0,0.0,32:43,26.0,48.0,0.542,393.0,1.0,8.2,7.67,79.6,2.0,7.0,17.0,73.0,4.294117647058823,1.0,67.0,466.0,6.96,2.0,2.0,2.0,2.0,5.0,199.0,17.0,5.0,1.0,23.0,4.0,13.0,1.0,2.0,10.0,60.0,0.0,1.0,1.0,27:17,0,NWE,AFC East,NFC East
12.0,13.0,2011-12-04,Sun,,IND,W,31.0,24.0,,29.0,38.0,0.763,289.0,2.0,7.6,8.66,114.9,1.0,0.0,24.0,73.0,3.0416666666666665,2.0,63.0,362.0,5.75,1.0,1.0,4.0,4.0,4.0,187.0,19.0,5.0,0.0,24.0,6.0,11.0,0.0,0.0,3.0,20.0,0.0,0.0,0.0,24:21,30.0,37.0,0.8109999999999999,338.0,2.0,9.1,9.0,111.5,2.0,15.0,31.0,99.0,3.193548387096774,1.0,70.0,437.0,6.24,1.0,1.0,3.0,3.0,3.0,140.0,21.0,5.0,0.0,26.0,10.0,15.0,0.0,0.0,5.0,29.0,1.0,1.0,2.0,35:39,0,NWE,AFC East,AFC South
13.0,14.0,2011-12-11,Sun,@,WAS,W,34.0,27.0,,22.0,37.0,0.595,352.0,3.0,9.5,9.92,107.0,1.0,5.0,20.0,79.0,3.95,0.0,58.0,431.0,7.43,2.0,2.0,4.0,4.0,3.0,135.0,14.0,6.0,2.0,22.0,5.0,11.0,0.0,0.0,4.0,47.0,0.0,1.0,1.0,23:51,20.0,33.0,0.606,293.0,3.0,8.9,9.33,107.3,2.0,8.0,34.0,170.0,5.0,0.0,69.0,463.0,6.71,2.0,2.0,3.0,3.0,3.0,112.0,13.0,9.0,3.0,25.0,7.0,14.0,0.0,0.0,8.0,73.0,1.0,1.0,2.0,36:09,0,NWE,AFC East,NFC East
14.0,15.0,2011-12-18,Sun,@,DEN,W,41.0,23.0,,23.0,34.0,0.6759999999999999,310.0,2.0,9.1,10.29,116.1,2.0,10.0,36.0,141.0,3.9166666666666665,3.0,72.0,451.0,6.26,2.0,2.0,5.0,5.0,4.0,162.0,15.0,8.0,3.0,26.0,5.0,12.0,1.0,2.0,4.0,30.0,0.0,0.0,0.0,33:41,11.0,23.0,0.478,141.0,0.0,6.1,6.13,67.5,4.0,53.0,31.0,252.0,8.129032258064516,3.0,58.0,393.0,6.78,1.0,1.0,2.0,2.0,3.0,165.0,9.0,13.0,1.0,25.0,4.0,10.0,0.0,2.0,7.0,39.0,3.0,0.0,3.0,26:19,0,NWE,AFC East,AFC West
15.0,16.0,2011-12-24,Sat,,MIA,W,27.0,24.0,,27.0,46.0,0.5870000000000001,281.0,1.0,6.1,6.54,83.7,4.0,23.0,31.0,119.0,3.838709677419355,2.0,81.0,400.0,4.94,3.0,2.0,3.0,3.0,6.0,314.0,16.0,10.0,0.0,26.0,8.0,17.0,1.0,1.0,5.0,50.0,0.0,0.0,0.0,30:56,16.0,32.0,0.5,253.0,3.0,7.9,8.38,94.9,5.0,28.0,28.0,121.0,4.321428571428571,0.0,65.0,374.0,5.75,1.0,1.0,3.0,3.0,6.0,269.0,13.0,5.0,2.0,20.0,5.0,13.0,0.0,0.0,6.0,39.0,1.0,1.0,2.0,29:04,0,NWE,AFC East,AFC East
16.0,17.0,2012-01-01,Sun,,BUF,W,49.0,21.0,,24.0,36.0,0.667,342.0,3.0,9.5,9.92,113.4,4.0,18.0,29.0,138.0,4.758620689655173,2.0,69.0,480.0,6.96,2.0,2.0,5.0,5.0,2.0,97.0,17.0,9.0,2.0,28.0,6.0,12.0,0.0,0.0,4.0,77.0,0.0,1.0,1.0,29:38,29.0,46.0,0.63,296.0,2.0,6.4,3.39,59.7,2.0,11.0,20.0,106.0,5.3,1.0,68.0,402.0,5.91,1.0,0.0,3.0,3.0,3.0,124.0,16.0,7.0,3.0,26.0,1.0,7.0,2.0,3.0,5.0,45.0,0.0,4.0,4.0,30:22,0,NWE,AFC East,AFC East
1.0,19.0,2012-01-14,Sat,,DEN,W,45.0,10.0,,26.0,34.0,0.765,363.0,6.0,10.7,12.88,137.6,0.0,0.0,30.0,146.0,4.866666666666666,0.0,64.0,509.0,7.95,1.0,1.0,6.0,6.0,3.0,126.0,19.0,9.0,3.0,31.0,3.0,6.0,0.0,0.0,2.0,20.0,1.0,1.0,2.0,26:37,9.0,26.0,0.346,108.0,0.0,4.2,4.15,48.2,5.0,28.0,40.0,144.0,3.6,1.0,71.0,252.0,3.55,1.0,1.0,1.0,1.0,7.0,272.0,7.0,7.0,1.0,15.0,7.0,18.0,2.0,3.0,5.0,55.0,1.0,0.0,1.0,33:23,1,NWE,AFC East,AFC West
2.0,20.0,2012-01-22,Sun,,BAL,W,23.0,20.0,,22.0,36.0,0.611,234.0,0.0,6.5,4.0,56.9,1.0,5.0,31.0,96.0,3.096774193548387,2.0,68.0,330.0,4.85,3.0,3.0,2.0,2.0,2.0,97.0,15.0,8.0,2.0,25.0,5.0,11.0,1.0,1.0,1.0,5.0,1.0,2.0,3.0,26:27,22.0,36.0,0.611,282.0,2.0,7.8,7.69,92.6,3.0,24.0,31.0,116.0,3.741935483870968,0.0,70.0,398.0,5.69,3.0,2.0,2.0,2.0,4.0,175.0,13.0,6.0,0.0,19.0,9.0,17.0,0.0,1.0,6.0,33.0,0.0,1.0,1.0,33:33,1,NWE,AFC East,AFC North
3.0,21.0,2012-02-05,Sun,N,NYG,L,17.0,21.0,,27.0,41.0,0.659,266.0,2.0,6.5,6.37,90.1,2.0,10.0,19.0,83.0,4.368421052631579,0.0,62.0,349.0,5.63,1.0,1.0,2.0,2.0,3.0,123.0,15.0,6.0,0.0,21.0,6.0,12.0,1.0,1.0,5.0,28.0,0.0,1.0,1.0,22:55,30.0,40.0,0.75,282.0,1.0,7.1,7.55,102.3,3.0,14.0,28.0,114.0,4.071428571428571,1.0,71.0,396.0,5.58,2.0,2.0,1.0,1.0,4.0,163.0,18.0,7.0,1.0,26.0,5.0,11.0,0.0,0.0,4.0,24.0,0.0,0.0,0.0,37:05,1,NWE,AFC East,NFC East
1.0,1.0,2011-09-08,Thu,@,GNB,L,34.0,42.0,,32.0,49.0,0.653,396.0,3.0,8.1,9.31,110.6,3.0,23.0,21.0,81.0,3.857142857142857,0.0,73.0,477.0,6.53,2.0,2.0,4.0,4.0,2.0,98.0,20.0,5.0,2.0,27.0,9.0,14.0,0.0,1.0,3.0,15.0,1.0,0.0,1.0,27:06,27.0,35.0,0.7709999999999999,296.0,3.0,8.5,10.17,130.2,2.0,16.0,27.0,103.0,3.814814814814815,2.0,64.0,399.0,6.23,0.0,0.0,6.0,6.0,4.0,170.0,14.0,10.0,0.0,27.0,8.0,12.0,0.0,0.0,6.0,48.0,0.0,0.0,0.0,32:54,0,NOR,NFC South,NFC North
2.0,2.0,2011-09-18,Sun,,CHI,W,30.0,13.0,,26.0,37.0,0.703,264.0,3.0,7.1,8.76,117.4,1.0,6.0,29.0,118.0,4.068965517241379,0.0,67.0,382.0,5.7,3.0,3.0,3.0,3.0,5.0,229.0,11.0,5.0,0.0,16.0,8.0,17.0,1.0,1.0,7.0,41.0,1.0,0.0,1.0,36:14,19.0,45.0,0.422,186.0,1.0,4.1,4.58,61.9,6.0,58.0,12.0,60.0,5.0,0.0,63.0,246.0,3.9,2.0,2.0,1.0,1.0,8.0,350.0,14.0,2.0,2.0,18.0,2.0,12.0,0.0,1.0,6.0,47.0,1.0,0.0,1.0,23:46,0,NOR,NFC South,NFC North
3.0,3.0,2011-09-25,Sun,,HOU,W,40.0,33.0,,31.0,44.0,0.705,354.0,3.0,8.0,7.36,98.1,2.0,16.0,22.0,100.0,4.545454545454546,2.0,68.0,454.0,6.68,1.0,1.0,3.0,3.0,3.0,148.0,20.0,5.0,2.0,27.0,8.0,13.0,0.0,0.0,4.0,26.0,0.0,2.0,2.0,29:54,22.0,39.0,0.564,364.0,3.0,9.3,9.72,102.9,2.0,9.0,25.0,109.0,4.36,0.0,66.0,473.0,7.17,4.0,4.0,3.0,3.0,2.0,74.0,17.0,4.0,0.0,21.0,6.0,14.0,0.0,1.0,7.0,56.0,0.0,1.0,1.0,30:06,0,NOR,NFC South,AFC South
4.0,4.0,2011-10-02,Sun,@,JAX,W,23.0,10.0,,31.0,44.0,0.705,326.0,1.0,7.4,5.82,80.3,3.0,25.0,34.0,177.0,5.205882352941177,1.0,81.0,503.0,6.21,5.0,3.0,2.0,2.0,1.0,58.0,20.0,9.0,1.0,30.0,7.0,14.0,1.0,1.0,6.0,50.0,0.0,2.0,2.0,37:05,16.0,42.0,0.381,170.0,1.0,4.0,3.45,48.7,3.0,26.0,17.0,104.0,6.117647058823529,0.0,62.0,274.0,4.42,1.0,1.0,1.0,1.0,4.0,153.0,7.0,4.0,4.0,15.0,4.0,15.0,0.0,4.0,2.0,15.0,0.0,1.0,1.0,22:55,0,NOR,NFC South,AFC South
5.0,5.0,2011-10-09,Sun,@,CAR,W,30.0,27.0,,32.0,45.0,0.711,343.0,2.0,7.6,7.51,98.7,2.0,16.0,28.0,101.0,3.607142857142857,1.0,75.0,444.0,5.92,3.0,3.0,3.0,3.0,2.0,90.0,20.0,6.0,1.0,27.0,12.0,17.0,0.0,0.0,9.0,82.0,0.0,1.0,1.0,34:40,16.0,31.0,0.516,219.0,2.0,7.1,6.9,82.6,1.0,5.0,22.0,162.0,7.363636363636363,2.0,54.0,381.0,7.06,0.0,0.0,4.0,3.0,3.0,132.0,7.0,9.0,4.0,20.0,7.0,12.0,0.0,0.0,7.0,65.0,0.0,1.0,1.0,25:20,0,NOR,NFC South,NFC South
6.0,6.0,2011-10-16,Sun,@,TAM,L,20.0,26.0,,29.0,45.0,0.644,383.0,1.0,8.5,5.96,70.9,0.0,0.0,20.0,70.0,3.5,1.0,65.0,453.0,6.97,2.0,2.0,2.0,2.0,4.0,220.0,14.0,4.0,2.0,20.0,5.0,12.0,0.0,1.0,7.0,53.0,1.0,3.0,4.0,28:33,23.0,41.0,0.561,303.0,2.0,7.4,8.37,95.9,0.0,0.0,25.0,117.0,4.68,0.0,66.0,420.0,6.36,5.0,4.0,2.0,2.0,4.0,189.0,12.0,6.0,3.0,21.0,4.0,14.0,0.0,0.0,7.0,64.0,0.0,0.0,0.0,31:27,0,NOR,NFC South,NFC South
7.0,7.0,2011-10-23,Sun,,IND,W,62.0,7.0,,31.0,35.0,0.8859999999999999,321.0,5.0,9.2,12.03,144.5,2.0,4.0,38.0,236.0,6.2105263157894735,2.0,75.0,557.0,7.43,2.0,2.0,8.0,8.0,1.0,53.0,19.0,16.0,1.0,36.0,6.0,8.0,0.0,0.0,1.0,10.0,0.0,0.0,0.0,38:19,12.0,22.0,0.545,97.0,0.0,4.4,2.36,47.0,1.0,5.0,23.0,155.0,6.739130434782608,1.0,46.0,252.0,5.48,0.0,0.0,1.0,1.0,6.0,279.0,5.0,6.0,0.0,11.0,4.0,11.0,0.0,0.0,7.0,49.0,2.0,1.0,3.0,21:41,0,NOR,NFC South,AFC South
8.0,8.0,2011-10-30,Sun,@,LAR,L,21.0,31.0,,30.0,44.0,0.682,227.0,1.0,5.2,3.57,69.0,6.0,42.0,20.0,56.0,2.8,1.0,70.0,283.0,4.04,1.0,0.0,3.0,3.0,7.0,282.0,16.0,3.0,0.0,8.0,8.0,17.0,1.0,1.0,5.0,32.0,0.0,2.0,2.0,28:37,20.0,37.0,0.541,140.0,1.0,3.8,4.32,71.9,4.0,35.0,31.0,183.0,5.903225806451613,2.0,72.0,323.0,4.49,1.0,1.0,4.0,4.0,7.0,298.0,10.0,9.0,2.0,21.0,5.0,16.0,2.0,2.0,9.0,64.0,1.0,0.0,1.0,31:23,0,NOR,NFC South,NFC West
9.0,9.0,2011-11-06,Sun,,TAM,W,27.0,16.0,,27.0,36.0,0.75,258.0,2.0,7.2,7.03,101.4,0.0,0.0,28.0,195.0,6.964285714285714,1.0,64.0,453.0,7.08,3.0,2.0,3.0,3.0,2.0,113.0,14.0,10.0,1.0,25.0,5.0,10.0,0.0,0.0,8.0,63.0,0.0,1.0,1.0,30:04,27.0,37.0,0.73,281.0,1.0,7.6,8.14,103.5,1.0,0.0,20.0,84.0,4.2,0.0,58.0,365.0,6.29,3.0,3.0,1.0,1.0,3.0,119.0,9.0,4.0,5.0,18.0,2.0,12.0,1.0,2.0,9.0,80.0,0.0,0.0,0.0,29:56,0,NOR,NFC South,NFC South
10.0,10.0,2011-11-13,Sun,@,ATL,W,26.0,23.0,OT,30.0,43.0,0.698,322.0,2.0,7.5,8.42,106.9,0.0,0.0,16.0,41.0,2.5625,0.0,59.0,363.0,6.15,5.0,4.0,2.0,2.0,5.0,202.0,16.0,1.0,1.0,18.0,4.0,13.0,0.0,0.0,8.0,79.0,0.0,0.0,0.0,30:03,29.0,52.0,0.5579999999999999,343.0,2.0,6.6,6.5,80.8,1.0,8.0,32.0,138.0,4.3125,0.0,85.0,481.0,5.66,4.0,3.0,2.0,2.0,5.0,227.0,17.0,9.0,4.0,30.0,5.0,16.0,2.0,3.0,10.0,85.0,0.0,1.0,1.0,36:32,0,NOR,NFC South,NFC South
11.0,12.0,2011-11-28,Mon,,NYG,W,49.0,24.0,,25.0,39.0,0.6409999999999999,372.0,4.0,9.5,11.59,129.4,0.0,0.0,30.0,205.0,6.833333333333333,3.0,69.0,577.0,8.36,0.0,0.0,7.0,7.0,2.0,84.0,17.0,13.0,1.0,31.0,5.0,9.0,0.0,2.0,11.0,104.0,0.0,0.0,0.0,28:32,33.0,47.0,0.7020000000000001,392.0,2.0,8.3,8.23,100.7,1.0,14.0,22.0,73.0,3.3181818181818183,1.0,70.0,465.0,6.64,2.0,1.0,3.0,3.0,2.0,76.0,19.0,5.0,5.0,29.0,5.0,11.0,0.0,2.0,4.0,32.0,1.0,1.0,2.0,31:28,0,NOR,NFC South,NFC East
12.0,13.0,2011-12-04,Sun,,DET,W,31.0,17.0,,26.0,36.0,0.722,338.0,3.0,9.4,11.06,129.2,2.0,4.0,23.0,100.0,4.3478260869565215,1.0,61.0,438.0,7.18,1.0,1.0,4.0,4.0,4.0,179.0,16.0,4.0,1.0,21.0,6.0,12.0,0.0,1.0,3.0,30.0,0.0,0.0,0.0,24:54,31.0,44.0,0.705,379.0,1.0,8.6,8.05,94.8,3.0,29.0,22.0,87.0,3.954545454545455,1.0,69.0,466.0,6.75,3.0,1.0,2.0,2.0,4.0,183.0,18.0,5.0,2.0,25.0,2.0,11.0,0.0,1.0,11.0,107.0,0.0,1.0,1.0,35:06,0,NOR,NFC South,NFC North
13.0,14.0,2011-12-11,Sun,@,TEN,W,22.0,17.0,,36.0,47.0,0.7659999999999999,323.0,2.0,6.9,7.72,108.7,2.0,14.0,26.0,114.0,4.384615384615385,0.0,75.0,437.0,5.83,3.0,3.0,1.0,1.0,5.0,249.0,14.0,9.0,1.0,24.0,11.0,19.0,0.0,0.0,11.0,95.0,0.0,0.0,0.0,37:33,18.0,36.0,0.5,314.0,1.0,8.7,9.28,89.4,2.0,12.0,17.0,59.0,3.4705882352941178,1.0,55.0,373.0,6.78,1.0,1.0,2.0,2.0,5.0,226.0,10.0,5.0,2.0,17.0,1.0,10.0,1.0,2.0,8.0,54.0,0.0,0.0,0.0,22:27,0,NOR,NFC South,AFC South
14.0,15.0,2011-12-18,Sun,@,MIN,W,42.0,20.0,,32.0,41.0,0.78,412.0,5.0,10.0,12.49,148.1,0.0,0.0,38.0,161.0,4.2368421052631575,1.0,79.0,573.0,7.25,1.0,0.0,6.0,6.0,1.0,51.0,23.0,9.0,4.0,36.0,8.0,11.0,0.0,1.0,6.0,65.0,2.0,0.0,2.0,38:49,14.0,32.0,0.4379999999999999,102.0,2.0,3.2,3.03,59.6,4.0,18.0,18.0,105.0,5.833333333333333,0.0,54.0,207.0,3.83,2.0,2.0,2.0,2.0,7.0,337.0,7.0,4.0,1.0,12.0,4.0,14.0,0.0,1.0,8.0,84.0,0.0,1.0,1.0,21:11,0,NOR,NFC South,NFC North
15.0,16.0,2011-12-26,Mon,,ATL,W,45.0,16.0,,23.0,39.0,0.59,299.0,4.0,7.7,7.41,96.0,1.0,8.0,23.0,164.0,7.130434782608695,1.0,63.0,463.0,7.35,1.0,1.0,6.0,6.0,2.0,104.0,17.0,7.0,2.0,26.0,10.0,13.0,0.0,0.0,4.0,46.0,0.0,2.0,2.0,26:41,40.0,61.0,0.6559999999999999,434.0,1.0,7.1,7.44,91.8,0.0,0.0,14.0,35.0,2.5,0.0,75.0,469.0,6.25,3.0,3.0,1.0,1.0,3.0,150.0,21.0,1.0,1.0,23.0,8.0,17.0,0.0,3.0,7.0,57.0,1.0,0.0,1.0,33:19,0,NOR,NFC South,NFC South
16.0,17.0,2012-01-01,Sun,,CAR,W,45.0,17.0,,31.0,38.0,0.816,409.0,5.0,10.8,12.21,140.1,0.0,0.0,35.0,208.0,5.942857142857143,1.0,73.0,617.0,8.45,1.0,1.0,6.0,6.0,1.0,64.0,23.0,10.0,0.0,33.0,6.0,9.0,0.0,1.0,6.0,60.0,0.0,1.0,1.0,34:34,15.0,25.0,0.6,137.0,1.0,5.5,4.48,71.6,2.0,21.0,24.0,164.0,6.833333333333333,1.0,51.0,301.0,5.9,1.0,1.0,2.0,2.0,4.0,183.0,9.0,9.0,3.0,21.0,0.0,5.0,0.0,0.0,1.0,5.0,1.0,1.0,2.0,25:26,0,NOR,NFC South,NFC South
1.0,18.0,2012-01-07,Sat,,DET,W,45.0,28.0,,33.0,43.0,0.767,459.0,3.0,10.7,12.07,133.8,2.0,7.0,36.0,167.0,4.638888888888889,3.0,81.0,626.0,7.73,1.0,1.0,6.0,6.0,0.0,0.0,20.0,12.0,2.0,34.0,7.0,11.0,3.0,4.0,3.0,18.0,2.0,0.0,2.0,37:36,28.0,43.0,0.6509999999999999,380.0,3.0,8.8,8.14,97.0,0.0,0.0,10.0,32.0,3.2,1.0,53.0,412.0,7.77,0.0,0.0,4.0,4.0,3.0,127.0,20.0,2.0,0.0,22.0,7.0,10.0,0.0,0.0,7.0,64.0,0.0,2.0,2.0,22:24,1,NOR,NFC South,NFC North
2.0,19.0,2012-01-14,Sat,@,SFO,L,32.0,36.0,,40.0,63.0,0.635,435.0,4.0,6.9,6.75,91.7,3.0,27.0,14.0,37.0,2.642857142857143,0.0,80.0,472.0,5.9,1.0,1.0,3.0,3.0,5.0,227.0,23.0,2.0,1.0,26.0,5.0,14.0,0.0,0.0,0.0,0.0,3.0,2.0,5.0,31:20,24.0,42.0,0.5710000000000001,264.0,3.0,6.3,7.71,99.7,4.0,35.0,22.0,143.0,6.5,1.0,68.0,407.0,5.99,3.0,3.0,3.0,3.0,8.0,396.0,11.0,6.0,0.0,17.0,4.0,15.0,0.0,0.0,3.0,33.0,1.0,0.0,1.0,28:40,1,NOR,NFC South,NFC West
1.0,1.0,2011-09-11,Sun,@,WAS,L,14.0,28.0,,18.0,32.0,0.563,240.0,0.0,7.5,6.09,67.2,4.0,28.0,20.0,75.0,3.75,2.0,56.0,315.0,5.63,1.0,0.0,2.0,2.0,6.0,271.0,10.0,5.0,0.0,15.0,1.0,10.0,0.0,1.0,8.0,63.0,0.0,1.0,1.0,27:24,21.0,34.0,0.618,258.0,2.0,7.6,8.76,104.8,4.0,47.0,26.0,74.0,2.8461538461538463,1.0,64.0,332.0,5.19,1.0,0.0,4.0,4.0,6.0,258.0,17.0,3.0,1.0,21.0,5.0,15.0,1.0,1.0,3.0,25.0,1.0,0.0,1.0,32:36,0,NYG,NFC East,NFC East
2.0,2.0,2011-09-19,Mon,,LAR,W,28.0,16.0,,19.0,30.0,0.633,204.0,2.0,6.8,6.63,91.5,3.0,19.0,38.0,119.0,3.131578947368421,1.0,71.0,323.0,4.55,0.0,0.0,4.0,4.0,7.0,322.0,10.0,9.0,3.0,22.0,5.0,15.0,1.0,2.0,5.0,55.0,0.0,1.0,1.0,34:12,22.0,46.0,0.478,308.0,1.0,6.7,7.13,77.1,2.0,23.0,19.0,59.0,3.1052631578947367,0.0,67.0,367.0,5.48,3.0,3.0,1.0,1.0,7.0,313.0,13.0,1.0,0.0,14.0,5.0,17.0,1.0,1.0,7.0,62.0,2.0,0.0,2.0,25:48,0,NYG,NFC East,NFC West
3.0,3.0,2011-09-25,Sun,@,PHI,W,29.0,16.0,,16.0,23.0,0.696,232.0,4.0,10.1,13.57,141.7,3.0,22.0,25.0,102.0,4.08,0.0,51.0,334.0,6.55,0.0,0.0,3.0,3.0,4.0,164.0,6.0,7.0,1.0,14.0,5.0,12.0,0.0,1.0,4.0,21.0,0.0,0.0,0.0,23:09,20.0,30.0,0.667,199.0,0.0,6.6,2.13,45.7,2.0,12.0,40.0,177.0,4.425,1.0,72.0,376.0,5.22,3.0,3.0,1.0,1.0,2.0,90.0,11.0,13.0,1.0,25.0,7.0,15.0,1.0,2.0,7.0,36.0,0.0,3.0,3.0,36:51,0,NYG,NFC East,NFC East
4.0,4.0,2011-10-02,Sun,@,ARI,W,31.0,27.0,,27.0,40.0,0.675,306.0,2.0,7.7,8.65,106.9,1.0,15.0,24.0,54.0,2.25,2.0,65.0,360.0,5.54,1.0,1.0,4.0,4.0,5.0,223.0,16.0,5.0,3.0,24.0,6.0,13.0,0.0,0.0,7.0,55.0,2.0,0.0,2.0,28:01,20.0,34.0,0.588,212.0,0.0,6.2,4.91,64.8,4.0,25.0,32.0,156.0,4.875,3.0,70.0,368.0,5.26,2.0,2.0,3.0,3.0,4.0,180.0,11.0,8.0,3.0,22.0,3.0,12.0,1.0,2.0,11.0,118.0,1.0,1.0,2.0,31:59,0,NYG,NFC East,NFC West
5.0,5.0,2011-10-09,Sun,,SEA,L,25.0,36.0,,24.0,39.0,0.615,395.0,3.0,10.1,8.21,89.2,3.0,25.0,25.0,69.0,2.76,0.0,67.0,464.0,6.93,1.0,1.0,2.0,2.0,7.0,353.0,16.0,4.0,1.0,21.0,1.0,12.0,0.0,0.0,7.0,52.0,2.0,3.0,5.0,31:14,26.0,41.0,0.634,279.0,2.0,6.8,6.68,89.4,6.0,36.0,29.0,145.0,5.0,1.0,76.0,424.0,5.58,2.0,2.0,4.0,4.0,7.0,312.0,14.0,7.0,1.0,26.0,4.0,15.0,1.0,1.0,10.0,70.0,2.0,1.0,3.0,28:46,0,NYG,NFC East,NFC West
6.0,6.0,2011-10-16,Sun,,BUF,W,27.0,24.0,,21.0,32.0,0.6559999999999999,292.0,0.0,9.1,9.13,94.8,0.0,0.0,33.0,122.0,3.696969696969697,3.0,65.0,414.0,6.37,3.0,2.0,3.0,3.0,3.0,161.0,12.0,9.0,3.0,24.0,5.0,11.0,0.0,0.0,7.0,79.0,0.0,0.0,0.0,30:47,21.0,30.0,0.7,219.0,2.0,7.3,5.63,85.3,3.0,25.0,23.0,155.0,6.739130434782608,1.0,56.0,374.0,6.68,1.0,1.0,3.0,3.0,3.0,136.0,10.0,4.0,3.0,17.0,5.0,11.0,1.0,2.0,7.0,75.0,0.0,2.0,2.0,29:13,0,NYG,NFC East,AFC East
7.0,8.0,2011-10-30,Sun,,MIA,W,20.0,17.0,,31.0,45.0,0.6890000000000001,344.0,2.0,7.6,8.53,106.2,1.0,5.0,23.0,58.0,2.5217391304347827,0.0,69.0,402.0,5.83,2.0,2.0,2.0,2.0,4.0,187.0,19.0,2.0,0.0,21.0,8.0,16.0,0.0,1.0,7.0,46.0,0.0,0.0,0.0,32:26,13.0,22.0,0.591,101.0,0.0,4.6,2.55,51.5,5.0,37.0,26.0,145.0,5.576923076923077,2.0,53.0,246.0,4.64,1.0,1.0,2.0,2.0,5.0,247.0,7.0,8.0,3.0,18.0,5.0,13.0,1.0,2.0,4.0,30.0,0.0,1.0,1.0,27:34,0,NYG,NFC East,AFC East
8.0,9.0,2011-11-06,Sun,@,NWE,W,24.0,20.0,,20.0,39.0,0.513,250.0,2.0,6.4,6.28,77.9,0.0,0.0,29.0,111.0,3.827586206896552,1.0,68.0,361.0,5.31,1.0,1.0,3.0,3.0,8.0,345.0,15.0,5.0,3.0,23.0,4.0,14.0,0.0,0.0,6.0,50.0,1.0,1.0,2.0,30:17,28.0,49.0,0.5710000000000001,332.0,2.0,6.8,5.76,74.5,2.0,10.0,24.0,106.0,4.416666666666667,0.0,75.0,438.0,5.84,3.0,2.0,2.0,2.0,5.0,225.0,17.0,6.0,0.0,23.0,5.0,15.0,1.0,1.0,7.0,81.0,2.0,2.0,4.0,29:43,0,NYG,NFC East,AFC East
9.0,10.0,2011-11-13,Sun,@,SFO,L,20.0,27.0,,26.0,40.0,0.65,302.0,2.0,7.6,6.3,83.5,1.0,9.0,29.0,93.0,3.206896551724138,0.0,70.0,395.0,5.64,2.0,2.0,2.0,2.0,2.0,77.0,16.0,4.0,1.0,21.0,7.0,14.0,2.0,3.0,6.0,45.0,0.0,2.0,2.0,34:36,19.0,30.0,0.633,228.0,1.0,7.6,6.77,83.7,2.0,14.0,20.0,77.0,3.85,1.0,52.0,305.0,5.87,4.0,4.0,1.0,1.0,3.0,164.0,11.0,4.0,1.0,16.0,3.0,11.0,0.0,0.0,5.0,35.0,0.0,1.0,1.0,25:24,0,NYG,NFC East,NFC West
10.0,11.0,2011-11-20,Sun,,PHI,L,10.0,17.0,,18.0,35.0,0.514,249.0,1.0,7.1,6.4,72.2,3.0,15.0,17.0,29.0,1.7058823529411764,0.0,55.0,278.0,5.05,1.0,1.0,1.0,1.0,9.0,463.0,9.0,1.0,2.0,12.0,5.0,14.0,0.0,0.0,5.0,39.0,1.0,1.0,2.0,23:42,23.0,36.0,0.639,255.0,2.0,7.1,4.44,68.6,1.0,3.0,33.0,136.0,4.121212121212121,0.0,70.0,391.0,5.59,1.0,1.0,2.0,2.0,6.0,261.0,12.0,5.0,0.0,17.0,9.0,17.0,0.0,0.0,5.0,30.0,0.0,3.0,3.0,36:18,0,NYG,NFC East,NFC East
11.0,12.0,2011-11-28,Mon,@,NOR,L,24.0,49.0,,33.0,47.0,0.7020000000000001,392.0,2.0,8.3,8.23,100.7,1.0,14.0,22.0,73.0,3.3181818181818183,1.0,70.0,465.0,6.64,2.0,1.0,3.0,3.0,2.0,76.0,19.0,5.0,5.0,29.0,5.0,11.0,0.0,2.0,4.0,32.0,1.0,1.0,2.0,31:28,25.0,39.0,0.6409999999999999,372.0,4.0,9.5,11.59,129.4,0.0,0.0,30.0,205.0,6.833333333333333,3.0,69.0,577.0,8.36,0.0,0.0,7.0,7.0,2.0,84.0,17.0,13.0,1.0,31.0,5.0,9.0,0.0,2.0,11.0,104.0,0.0,0.0,0.0,28:32,0,NYG,NFC East,NFC South
12.0,13.0,2011-12-04,Sun,,GNB,L,35.0,38.0,,23.0,40.0,0.575,347.0,3.0,8.7,9.05,100.7,1.0,0.0,20.0,100.0,5.0,1.0,61.0,447.0,7.33,2.0,2.0,3.0,3.0,4.0,177.0,15.0,7.0,2.0,24.0,5.0,11.0,0.0,0.0,6.0,55.0,1.0,1.0,2.0,26:57,28.0,47.0,0.596,360.0,4.0,7.7,8.4,103.1,2.0,9.0,28.0,89.0,3.1785714285714284,0.0,77.0,449.0,5.83,2.0,1.0,5.0,5.0,5.0,221.0,21.0,5.0,3.0,29.0,7.0,12.0,0.0,0.0,4.0,30.0,0.0,1.0,1.0,33:03,0,NYG,NFC East,NFC North
13.0,14.0,2011-12-11,Sun,@,DAL,W,37.0,34.0,,27.0,47.0,0.574,400.0,2.0,8.5,8.4,90.7,0.0,0.0,31.0,110.0,3.548387096774193,2.0,78.0,510.0,6.54,2.0,2.0,3.0,3.0,4.0,178.0,17.0,8.0,3.0,28.0,6.0,14.0,1.0,1.0,6.0,55.0,0.0,1.0,1.0,34:19,21.0,31.0,0.677,305.0,4.0,9.8,12.42,139.1,3.0,16.0,24.0,139.0,5.791666666666667,0.0,58.0,444.0,7.66,3.0,2.0,4.0,4.0,3.0,131.0,12.0,8.0,3.0,23.0,5.0,10.0,0.0,0.0,10.0,51.0,1.0,0.0,1.0,25:41,0,NYG,NFC East,NFC East
14.0,15.0,2011-12-18,Sun,,WAS,L,10.0,23.0,,23.0,40.0,0.575,233.0,0.0,5.8,2.45,43.0,3.0,24.0,18.0,91.0,5.055555555555555,1.0,61.0,324.0,5.31,2.0,1.0,1.0,1.0,4.0,196.0,15.0,6.0,1.0,22.0,3.0,9.0,0.0,1.0,8.0,75.0,0.0,3.0,3.0,25:00,15.0,24.0,0.625,177.0,1.0,7.4,4.46,64.1,1.0,8.0,40.0,123.0,3.075,1.0,65.0,300.0,4.62,3.0,3.0,2.0,2.0,2.0,66.0,9.0,8.0,2.0,19.0,8.0,15.0,1.0,2.0,2.0,48.0,0.0,2.0,2.0,35:00,0,NYG,NFC East,NFC East
15.0,16.0,2011-12-24,Sat,@,NYJ,W,29.0,14.0,,9.0,27.0,0.3329999999999999,217.0,1.0,8.0,7.11,60.3,2.0,8.0,26.0,115.0,4.423076923076923,2.0,55.0,332.0,6.04,2.0,2.0,3.0,3.0,9.0,391.0,5.0,4.0,2.0,11.0,4.0,15.0,0.0,0.0,5.0,45.0,0.0,1.0,1.0,23:54,30.0,59.0,0.508,226.0,1.0,3.8,2.64,51.9,5.0,32.0,25.0,105.0,4.2,1.0,89.0,331.0,3.72,1.0,0.0,2.0,2.0,9.0,379.0,12.0,7.0,3.0,22.0,4.0,21.0,1.0,1.0,10.0,95.0,1.0,2.0,3.0,36:06,0,NYG,NFC East,AFC East
16.0,17.0,2012-01-01,Sun,,DAL,W,31.0,14.0,,24.0,33.0,0.727,331.0,3.0,10.0,11.85,134.8,2.0,15.0,31.0,106.0,3.419354838709677,1.0,66.0,437.0,6.62,2.0,1.0,4.0,4.0,4.0,161.0,16.0,3.0,1.0,20.0,7.0,15.0,0.0,1.0,3.0,28.0,0.0,0.0,0.0,34:33,29.0,37.0,0.784,251.0,2.0,6.8,6.65,101.7,6.0,38.0,16.0,49.0,3.0625,0.0,59.0,300.0,5.08,1.0,0.0,2.0,2.0,6.0,254.0,16.0,3.0,0.0,19.0,4.0,12.0,0.0,1.0,7.0,43.0,1.0,1.0,2.0,25:27,0,NYG,NFC East,NFC East
1.0,18.0,2012-01-08,Sun,,ATL,W,24.0,2.0,,23.0,32.0,0.7190000000000001,270.0,3.0,8.4,10.31,128.4,1.0,7.0,31.0,172.0,5.548387096774194,0.0,64.0,442.0,6.91,2.0,1.0,3.0,3.0,4.0,183.0,11.0,8.0,0.0,19.0,8.0,15.0,1.0,1.0,7.0,73.0,0.0,0.0,0.0,34:34,24.0,41.0,0.585,183.0,0.0,4.5,4.46,69.5,2.0,16.0,21.0,64.0,3.0476190476190474,0.0,64.0,247.0,3.86,0.0,0.0,0.0,0.0,7.0,322.0,9.0,4.0,1.0,14.0,4.0,14.0,0.0,3.0,3.0,15.0,0.0,0.0,0.0,25:26,1,NYG,NFC East,NFC South
2.0,19.0,2012-01-15,Sun,@,GNB,W,37.0,20.0,,21.0,33.0,0.636,325.0,3.0,9.8,10.3,113.8,1.0,5.0,27.0,95.0,3.5185185185185186,1.0,61.0,420.0,6.89,4.0,3.0,4.0,4.0,2.0,96.0,15.0,3.0,1.0,19.0,8.0,16.0,0.0,0.0,3.0,30.0,0.0,1.0,1.0,29:35,26.0,46.0,0.565,241.0,2.0,5.2,5.13,76.4,4.0,23.0,23.0,147.0,6.391304347826087,0.0,73.0,388.0,5.32,2.0,2.0,2.0,2.0,2.0,79.0,15.0,8.0,2.0,25.0,6.0,12.0,0.0,1.0,3.0,20.0,3.0,1.0,4.0,30:25,1,NYG,NFC East,NFC North
3.0,20.0,2012-01-22,Sun,@,SFO,W,20.0,17.0,OT,32.0,58.0,0.552,267.0,2.0,4.6,5.29,78.7,6.0,49.0,26.0,85.0,3.269230769230769,0.0,90.0,352.0,3.91,2.0,2.0,2.0,2.0,12.0,557.0,17.0,3.0,0.0,20.0,7.0,21.0,0.0,1.0,9.0,60.0,0.0,0.0,0.0,39:36,12.0,26.0,0.462,178.0,2.0,6.8,8.38,94.7,3.0,18.0,28.0,150.0,5.357142857142857,0.0,57.0,328.0,5.75,1.0,1.0,2.0,2.0,10.0,455.0,5.0,6.0,4.0,15.0,1.0,13.0,0.0,0.0,6.0,50.0,2.0,0.0,2.0,28:18,1,NYG,NFC East,NFC West
4.0,21.0,2012-02-05,Sun,N,NWE,W,21.0,17.0,,30.0,40.0,0.75,282.0,1.0,7.1,7.55,102.3,3.0,14.0,28.0,114.0,4.071428571428571,1.0,71.0,396.0,5.58,2.0,2.0,1.0,1.0,4.0,163.0,18.0,7.0,1.0,26.0,5.0,11.0,0.0,0.0,4.0,24.0,0.0,0.0,0.0,37:05,27.0,41.0,0.659,266.0,2.0,6.5,6.37,90.1,2.0,10.0,19.0,83.0,4.368421052631579,0.0,62.0,349.0,5.63,1.0,1.0,2.0,2.0,3.0,123.0,15.0,6.0,0.0,21.0,6.0,12.0,1.0,1.0,5.0,28.0,0.0,1.0,1.0,22:55,1,NYG,NFC East,AFC East
1.0,1.0,2011-09-11,Sun,,DAL,W,27.0,24.0,,26.0,44.0,0.591,315.0,2.0,7.2,7.05,86.8,4.0,20.0,16.0,45.0,2.8125,0.0,64.0,360.0,5.63,2.0,2.0,3.0,3.0,6.0,239.0,18.0,1.0,0.0,19.0,6.0,14.0,0.0,0.0,0.0,0.0,1.0,1.0,2.0,26:07,23.0,36.0,0.639,326.0,2.0,9.1,8.92,100.0,4.0,16.0,26.0,64.0,2.4615384615384617,1.0,66.0,390.0,5.91,1.0,1.0,3.0,3.0,6.0,236.0,18.0,3.0,0.0,21.0,4.0,12.0,0.0,0.0,7.0,40.0,2.0,1.0,3.0,33:53,0,NYJ,AFC East,NFC East
2.0,2.0,2011-09-18,Sun,,JAX,W,32.0,3.0,,17.0,24.0,0.708,182.0,2.0,7.6,5.5,85.8,1.0,0.0,32.0,101.0,3.15625,1.0,57.0,283.0,4.96,3.0,3.0,3.0,3.0,5.0,194.0,8.0,5.0,2.0,15.0,3.0,12.0,0.0,0.0,7.0,60.0,0.0,2.0,2.0,33:23,11.0,25.0,0.44,91.0,0.0,3.6,-3.56,14.3,2.0,20.0,27.0,112.0,4.148148148148148,0.0,54.0,203.0,3.76,1.0,1.0,0.0,0.0,5.0,203.0,6.0,5.0,0.0,11.0,3.0,12.0,0.0,1.0,4.0,50.0,0.0,4.0,4.0,26:37,0,NYJ,AFC East,AFC South
3.0,3.0,2011-09-25,Sun,@,LVR,L,24.0,34.0,,27.0,44.0,0.614,339.0,2.0,7.7,7.59,91.0,4.0,30.0,25.0,100.0,4.0,1.0,73.0,439.0,6.01,1.0,1.0,3.0,3.0,5.0,230.0,15.0,5.0,5.0,25.0,6.0,14.0,0.0,2.0,7.0,61.0,1.0,1.0,2.0,33:20,18.0,27.0,0.667,149.0,0.0,5.5,5.52,80.6,1.0,7.0,32.0,234.0,7.3125,4.0,60.0,383.0,6.38,3.0,2.0,4.0,4.0,6.0,339.0,8.0,10.0,5.0,23.0,0.0,8.0,0.0,0.0,7.0,55.0,0.0,0.0,0.0,26:40,0,NYJ,AFC East,AFC West
4.0,4.0,2011-10-02,Sun,@,BAL,L,17.0,34.0,,11.0,35.0,0.314,112.0,0.0,3.2,1.91,29.7,2.0,7.0,19.0,38.0,2.0,0.0,56.0,150.0,2.68,1.0,1.0,2.0,2.0,8.0,346.0,4.0,3.0,0.0,7.0,4.0,15.0,0.0,1.0,9.0,69.0,3.0,1.0,4.0,22:32,10.0,31.0,0.3229999999999999,155.0,0.0,5.0,3.55,36.4,2.0,8.0,40.0,112.0,2.8,1.0,73.0,267.0,3.66,2.0,2.0,4.0,4.0,7.0,310.0,9.0,5.0,2.0,16.0,6.0,18.0,0.0,0.0,7.0,46.0,2.0,1.0,3.0,37:28,0,NYJ,AFC East,AFC North
5.0,5.0,2011-10-09,Sun,@,NWE,L,21.0,30.0,,16.0,26.0,0.615,158.0,2.0,6.1,7.62,104.3,2.0,8.0,25.0,97.0,3.88,1.0,53.0,255.0,4.81,0.0,0.0,3.0,3.0,7.0,319.0,9.0,5.0,0.0,14.0,3.0,11.0,0.0,0.0,8.0,89.0,0.0,0.0,0.0,26:05,24.0,33.0,0.727,294.0,1.0,8.9,8.15,97.3,4.0,27.0,35.0,152.0,4.342857142857143,2.0,72.0,446.0,6.19,3.0,3.0,3.0,3.0,4.0,205.0,15.0,7.0,4.0,26.0,7.0,14.0,0.0,0.0,6.0,50.0,0.0,1.0,1.0,33:55,0,NYJ,AFC East,AFC East
6.0,6.0,2011-10-17,Mon,,MIA,W,24.0,6.0,,14.0,25.0,0.56,192.0,1.0,7.7,8.48,94.1,2.0,9.0,29.0,104.0,3.586206896551724,1.0,56.0,296.0,5.29,1.0,1.0,3.0,3.0,8.0,388.0,7.0,5.0,1.0,13.0,6.0,15.0,0.0,0.0,6.0,49.0,1.0,0.0,1.0,30:21,16.0,34.0,0.471,190.0,0.0,5.6,2.94,40.1,4.0,14.0,25.0,118.0,4.72,0.0,63.0,308.0,4.89,2.0,2.0,0.0,0.0,7.0,305.0,11.0,4.0,2.0,17.0,2.0,13.0,0.0,1.0,2.0,10.0,1.0,2.0,3.0,29:39,0,NYJ,AFC East,AFC East
7.0,7.0,2011-10-23,Sun,,LAC,W,27.0,21.0,,18.0,33.0,0.545,156.0,3.0,4.7,5.18,84.9,2.0,17.0,31.0,162.0,5.225806451612903,0.0,66.0,318.0,4.82,2.0,2.0,3.0,3.0,3.0,110.0,11.0,10.0,4.0,25.0,8.0,13.0,0.0,0.0,8.0,60.0,1.0,1.0,2.0,32:46,16.0,32.0,0.5,172.0,1.0,5.4,3.19,50.5,1.0,7.0,25.0,96.0,3.84,1.0,58.0,268.0,4.62,0.0,0.0,3.0,3.0,4.0,201.0,9.0,6.0,1.0,16.0,7.0,14.0,0.0,1.0,13.0,95.0,0.0,2.0,2.0,27:14,0,NYJ,AFC East,AFC West
8.0,9.0,2011-11-06,Sun,@,BUF,W,27.0,11.0,,20.0,28.0,0.7140000000000001,222.0,1.0,7.9,7.04,91.7,1.0,8.0,39.0,126.0,3.230769230769231,2.0,68.0,348.0,5.12,3.0,2.0,3.0,3.0,2.0,71.0,14.0,8.0,2.0,24.0,6.0,11.0,0.0,0.0,9.0,60.0,1.0,1.0,2.0,37:52,15.0,31.0,0.484,191.0,1.0,6.2,3.9,51.9,0.0,0.0,22.0,96.0,4.363636363636363,0.0,53.0,287.0,5.42,1.0,1.0,0.0,0.0,4.0,190.0,7.0,5.0,2.0,14.0,3.0,11.0,1.0,3.0,6.0,84.0,1.0,2.0,3.0,22:08,0,NYJ,AFC East,AFC East
9.0,10.0,2011-11-13,Sun,,NWE,L,16.0,37.0,,20.0,39.0,0.513,268.0,1.0,6.9,5.08,60.6,5.0,38.0,25.0,110.0,4.4,1.0,69.0,378.0,5.48,1.0,0.0,2.0,2.0,5.0,242.0,13.0,8.0,1.0,22.0,5.0,13.0,0.0,2.0,5.0,56.0,1.0,2.0,3.0,29:53,26.0,39.0,0.667,329.0,3.0,8.4,9.97,118.4,0.0,0.0,28.0,60.0,2.142857142857143,0.0,67.0,389.0,5.81,3.0,3.0,4.0,4.0,4.0,187.0,17.0,3.0,1.0,21.0,4.0,13.0,0.0,1.0,9.0,80.0,0.0,0.0,0.0,30:07,0,NYJ,AFC East,AFC East
10.0,11.0,2011-11-17,Thu,@,DEN,L,13.0,17.0,,24.0,40.0,0.6,235.0,0.0,5.9,4.75,66.1,3.0,17.0,28.0,83.0,2.9642857142857144,0.0,71.0,318.0,4.48,4.0,2.0,1.0,1.0,6.0,230.0,13.0,6.0,3.0,22.0,3.0,14.0,1.0,1.0,2.0,15.0,1.0,1.0,2.0,32:12,9.0,21.0,0.429,104.0,0.0,5.0,4.95,58.4,1.0,0.0,34.0,125.0,3.676470588235294,1.0,56.0,229.0,4.09,1.0,1.0,2.0,2.0,8.0,350.0,4.0,7.0,0.0,11.0,3.0,13.0,0.0,1.0,6.0,51.0,1.0,0.0,1.0,27:48,0,NYJ,AFC East,AFC West
11.0,12.0,2011-11-27,Sun,,BUF,W,28.0,24.0,,17.0,35.0,0.486,180.0,4.0,5.1,6.14,90.2,0.0,0.0,23.0,138.0,6.0,0.0,58.0,318.0,5.48,0.0,0.0,4.0,4.0,5.0,208.0,11.0,7.0,2.0,20.0,5.0,11.0,1.0,1.0,4.0,40.0,1.0,1.0,2.0,23:49,26.0,39.0,0.667,250.0,3.0,6.4,7.95,110.0,3.0,14.0,28.0,86.0,3.071428571428572,0.0,70.0,336.0,4.8,1.0,1.0,3.0,3.0,7.0,313.0,15.0,5.0,1.0,21.0,6.0,15.0,0.0,1.0,9.0,85.0,0.0,0.0,0.0,36:11,0,NYJ,AFC East,AFC East
12.0,13.0,2011-12-04,Sun,@,WAS,W,34.0,19.0,,19.0,32.0,0.594,165.0,1.0,5.2,5.78,83.5,0.0,0.0,30.0,101.0,3.3666666666666667,3.0,62.0,266.0,4.29,3.0,2.0,4.0,4.0,5.0,223.0,9.0,6.0,1.0,16.0,4.0,13.0,1.0,1.0,6.0,40.0,1.0,0.0,1.0,32:12,19.0,46.0,0.413,204.0,0.0,4.4,3.46,45.9,2.0,17.0,23.0,100.0,4.3478260869565215,1.0,71.0,304.0,4.28,4.0,4.0,1.0,1.0,6.0,224.0,11.0,5.0,1.0,17.0,5.0,16.0,0.0,0.0,6.0,50.0,2.0,1.0,3.0,27:48,0,NYJ,AFC East,NFC East
13.0,14.0,2011-12-11,Sun,,KAN,W,37.0,10.0,,13.0,21.0,0.619,155.0,2.0,7.4,9.29,116.2,3.0,26.0,42.0,159.0,3.7857142857142856,3.0,66.0,314.0,4.76,0.0,0.0,5.0,5.0,7.0,314.0,10.0,7.0,7.0,24.0,4.0,12.0,0.0,1.0,4.0,22.0,1.0,0.0,1.0,37:42,16.0,32.0,0.5,156.0,1.0,4.9,4.09,61.5,5.0,39.0,21.0,65.0,3.095238095238096,0.0,58.0,221.0,3.81,1.0,1.0,1.0,1.0,7.0,359.0,10.0,3.0,0.0,13.0,2.0,12.0,0.0,1.0,11.0,128.0,0.0,1.0,1.0,22:18,0,NYJ,AFC East,AFC West
14.0,15.0,2011-12-18,Sun,@,PHI,L,19.0,45.0,,16.0,29.0,0.552,147.0,2.0,5.1,3.34,63.4,4.0,30.0,27.0,94.0,3.4814814814814814,0.0,60.0,241.0,4.02,2.0,2.0,1.0,1.0,6.0,242.0,8.0,2.0,3.0,13.0,3.0,13.0,0.0,1.0,11.0,93.0,2.0,2.0,4.0,29:57,15.0,22.0,0.682,260.0,1.0,11.8,10.68,104.4,3.0,14.0,33.0,160.0,4.848484848484849,4.0,58.0,420.0,7.24,1.0,1.0,6.0,6.0,4.0,136.0,10.0,9.0,1.0,20.0,5.0,10.0,0.0,0.0,7.0,62.0,3.0,1.0,4.0,30:03,0,NYJ,AFC East,NFC East
15.0,16.0,2011-12-24,Sat,,NYG,L,14.0,29.0,,30.0,59.0,0.508,226.0,1.0,3.8,2.64,51.9,5.0,32.0,25.0,105.0,4.2,1.0,89.0,331.0,3.72,1.0,0.0,2.0,2.0,9.0,379.0,12.0,7.0,3.0,22.0,4.0,21.0,1.0,1.0,10.0,95.0,1.0,2.0,3.0,36:06,9.0,27.0,0.3329999999999999,217.0,1.0,8.0,7.11,60.3,2.0,8.0,26.0,115.0,4.423076923076923,2.0,55.0,332.0,6.04,2.0,2.0,3.0,3.0,9.0,391.0,5.0,4.0,2.0,11.0,4.0,15.0,0.0,0.0,5.0,45.0,0.0,1.0,1.0,23:54,0,NYJ,AFC East,NFC East
16.0,17.0,2012-01-01,Sun,@,MIA,L,17.0,19.0,,22.0,33.0,0.667,245.0,2.0,7.4,4.55,70.9,2.0,3.0,27.0,129.0,4.777777777777778,0.0,62.0,374.0,6.03,1.0,1.0,2.0,2.0,5.0,191.0,11.0,7.0,2.0,20.0,4.0,11.0,0.0,0.0,6.0,40.0,0.0,3.0,3.0,28:53,22.0,32.0,0.688,128.0,1.0,4.0,1.81,60.4,1.0,7.0,26.0,82.0,3.1538461538461537,0.0,59.0,210.0,3.56,4.0,4.0,1.0,1.0,4.0,192.0,12.0,2.0,0.0,14.0,8.0,15.0,0.0,0.0,5.0,35.0,0.0,2.0,2.0,31:07,0,NYJ,AFC East,AFC East
1.0,1.0,2011-09-11,Sun,@,LAR,W,31.0,13.0,,14.0,32.0,0.4379999999999999,167.0,2.0,5.2,6.47,81.1,3.0,20.0,32.0,236.0,7.375,1.0,67.0,403.0,6.01,1.0,1.0,4.0,4.0,3.0,109.0,11.0,12.0,4.0,27.0,8.0,13.0,0.0,1.0,8.0,91.0,1.0,0.0,1.0,30:14,18.0,35.0,0.514,181.0,0.0,5.2,5.17,66.5,5.0,28.0,26.0,154.0,5.923076923076923,1.0,66.0,335.0,5.08,3.0,2.0,1.0,1.0,4.0,169.0,11.0,6.0,4.0,21.0,2.0,12.0,2.0,3.0,9.0,60.0,1.0,0.0,1.0,29:46,0,PHI,NFC East,NFC West
2.0,2.0,2011-09-18,Sun,@,ATL,L,31.0,35.0,,26.0,37.0,0.703,314.0,2.0,8.5,8.35,102.8,0.0,0.0,30.0,133.0,4.433333333333334,2.0,67.0,447.0,6.67,2.0,1.0,4.0,4.0,4.0,179.0,12.0,11.0,4.0,27.0,5.0,11.0,0.0,1.0,4.0,20.0,2.0,1.0,3.0,30:03,17.0,28.0,0.607,180.0,4.0,6.4,6.07,89.3,4.0,15.0,29.0,138.0,4.758620689655173,1.0,61.0,318.0,5.21,0.0,0.0,5.0,5.0,7.0,249.0,14.0,5.0,1.0,20.0,6.0,13.0,0.0,0.0,7.0,57.0,0.0,2.0,2.0,29:57,0,PHI,NFC East,NFC South
3.0,3.0,2011-09-25,Sun,,NYG,L,16.0,29.0,,20.0,30.0,0.667,199.0,0.0,6.6,2.13,45.7,2.0,12.0,40.0,177.0,4.425,1.0,72.0,376.0,5.22,3.0,3.0,1.0,1.0,2.0,90.0,11.0,13.0,1.0,25.0,7.0,15.0,1.0,2.0,7.0,36.0,0.0,3.0,3.0,36:51,16.0,23.0,0.696,232.0,4.0,10.1,13.57,141.7,3.0,22.0,25.0,102.0,4.08,0.0,51.0,334.0,6.55,0.0,0.0,3.0,3.0,4.0,164.0,6.0,7.0,1.0,14.0,5.0,12.0,0.0,1.0,4.0,21.0,0.0,0.0,0.0,23:09,0,PHI,NFC East,NFC East
4.0,4.0,2011-10-02,Sun,,SFO,L,23.0,24.0,,30.0,46.0,0.652,405.0,2.0,8.8,8.7,98.6,2.0,11.0,20.0,108.0,5.4,0.0,68.0,513.0,7.54,5.0,3.0,2.0,2.0,2.0,87.0,18.0,5.0,0.0,23.0,5.0,13.0,0.0,0.0,5.0,55.0,2.0,1.0,3.0,31:08,21.0,33.0,0.636,278.0,2.0,8.4,9.64,110.4,3.0,13.0,25.0,164.0,6.56,1.0,61.0,442.0,7.25,3.0,1.0,3.0,3.0,4.0,198.0,11.0,9.0,2.0,22.0,5.0,12.0,0.0,0.0,5.0,40.0,1.0,0.0,1.0,28:52,0,PHI,NFC East,NFC West
5.0,5.0,2011-10-09,Sun,@,BUF,L,24.0,31.0,,26.0,40.0,0.65,315.0,2.0,7.9,4.38,66.1,0.0,0.0,20.0,174.0,8.7,1.0,60.0,489.0,8.15,1.0,1.0,3.0,3.0,2.0,72.0,16.0,7.0,1.0,24.0,2.0,9.0,1.0,1.0,5.0,46.0,1.0,4.0,5.0,26:22,21.0,27.0,0.778,188.0,1.0,7.0,6.04,92.6,1.0,5.0,35.0,143.0,4.085714285714285,2.0,63.0,331.0,5.25,1.0,1.0,4.0,4.0,5.0,251.0,10.0,9.0,2.0,21.0,6.0,14.0,0.0,0.0,4.0,40.0,0.0,1.0,1.0,33:38,0,PHI,NFC East,AFC East
6.0,6.0,2011-10-16,Sun,@,WAS,W,20.0,13.0,,18.0,32.0,0.563,230.0,1.0,7.2,5.0,63.3,2.0,7.0,38.0,192.0,5.052631578947368,1.0,72.0,422.0,5.86,2.0,2.0,2.0,2.0,3.0,131.0,9.0,11.0,2.0,22.0,6.0,16.0,1.0,2.0,8.0,60.0,0.0,2.0,2.0,38:08,17.0,37.0,0.4589999999999999,245.0,0.0,6.6,1.76,28.4,2.0,15.0,14.0,42.0,3.0,1.0,53.0,287.0,5.42,2.0,2.0,1.0,1.0,4.0,170.0,12.0,2.0,3.0,17.0,1.0,10.0,1.0,1.0,9.0,75.0,0.0,4.0,4.0,21:52,0,PHI,NFC East,NFC East
7.0,8.0,2011-10-30,Sun,,DAL,W,34.0,7.0,,21.0,28.0,0.75,256.0,2.0,9.1,10.57,126.5,4.0,23.0,38.0,239.0,6.289473684210527,2.0,70.0,495.0,7.07,2.0,2.0,4.0,4.0,2.0,92.0,15.0,15.0,1.0,31.0,7.0,12.0,1.0,1.0,6.0,33.0,0.0,0.0,0.0,42:09,18.0,35.0,0.514,182.0,1.0,5.2,4.49,64.2,4.0,21.0,10.0,85.0,8.5,0.0,49.0,267.0,5.45,0.0,0.0,1.0,1.0,5.0,195.0,10.0,2.0,0.0,12.0,3.0,10.0,1.0,2.0,3.0,20.0,0.0,1.0,1.0,17:51,0,PHI,NFC East,NFC East
8.0,9.0,2011-11-07,Mon,,CHI,L,24.0,30.0,,21.0,39.0,0.5379999999999999,211.0,0.0,5.4,4.26,58.8,1.0,2.0,23.0,119.0,5.173913043478261,2.0,63.0,330.0,5.24,1.0,1.0,3.0,3.0,2.0,71.0,12.0,7.0,1.0,20.0,8.0,14.0,1.0,3.0,6.0,44.0,1.0,1.0,2.0,26:33,18.0,32.0,0.563,208.0,2.0,6.5,7.75,96.9,0.0,0.0,34.0,164.0,4.823529411764706,1.0,66.0,372.0,5.64,3.0,3.0,3.0,3.0,3.0,103.0,11.0,7.0,4.0,22.0,7.0,14.0,0.0,0.0,6.0,53.0,2.0,0.0,2.0,33:27,0,PHI,NFC East,NFC North
9.0,10.0,2011-11-13,Sun,,ARI,L,17.0,21.0,,16.0,34.0,0.471,123.0,0.0,3.6,0.97,31.9,2.0,5.0,24.0,166.0,6.916666666666667,1.0,60.0,289.0,4.82,1.0,1.0,2.0,2.0,8.0,342.0,4.0,8.0,3.0,15.0,3.0,15.0,0.0,1.0,11.0,97.0,0.0,2.0,2.0,28:18,21.0,40.0,0.525,282.0,3.0,7.1,6.3,79.4,4.0,33.0,29.0,88.0,3.034482758620689,0.0,73.0,370.0,5.07,2.0,0.0,3.0,3.0,6.0,278.0,15.0,6.0,2.0,23.0,6.0,16.0,1.0,1.0,7.0,66.0,0.0,2.0,2.0,31:42,0,PHI,NFC East,NFC West
10.0,11.0,2011-11-20,Sun,@,NYG,W,17.0,10.0,,23.0,36.0,0.639,255.0,2.0,7.1,4.44,68.6,1.0,3.0,33.0,136.0,4.121212121212121,0.0,70.0,391.0,5.59,1.0,1.0,2.0,2.0,6.0,261.0,12.0,5.0,0.0,17.0,9.0,17.0,0.0,0.0,5.0,30.0,0.0,3.0,3.0,36:18,18.0,35.0,0.514,249.0,1.0,7.1,6.4,72.2,3.0,15.0,17.0,29.0,1.7058823529411764,0.0,55.0,278.0,5.05,1.0,1.0,1.0,1.0,9.0,463.0,9.0,1.0,2.0,12.0,5.0,14.0,0.0,0.0,5.0,39.0,1.0,1.0,2.0,23:42,0,PHI,NFC East,NFC East
11.0,12.0,2011-11-27,Sun,,NWE,L,20.0,38.0,,26.0,48.0,0.542,393.0,1.0,8.2,7.67,79.6,2.0,7.0,17.0,73.0,4.294117647058823,1.0,67.0,466.0,6.96,2.0,2.0,2.0,2.0,5.0,199.0,17.0,5.0,1.0,23.0,4.0,13.0,1.0,2.0,10.0,60.0,0.0,1.0,1.0,27:17,24.0,34.0,0.706,353.0,3.0,10.4,12.15,133.6,1.0,8.0,36.0,104.0,2.888888888888889,2.0,71.0,457.0,6.44,2.0,1.0,5.0,5.0,3.0,145.0,19.0,7.0,3.0,29.0,6.0,11.0,0.0,0.0,3.0,20.0,0.0,0.0,0.0,32:43,0,PHI,NFC East,AFC East
12.0,13.0,2011-12-01,Thu,@,SEA,L,14.0,31.0,,17.0,29.0,0.586,198.0,1.0,6.8,1.31,51.3,2.0,10.0,25.0,132.0,5.28,1.0,56.0,330.0,5.89,0.0,0.0,2.0,2.0,4.0,185.0,10.0,10.0,0.0,20.0,2.0,8.0,1.0,1.0,5.0,28.0,0.0,4.0,4.0,29:40,13.0,16.0,0.813,173.0,1.0,10.8,12.06,132.6,3.0,17.0,33.0,174.0,5.2727272727272725,2.0,52.0,347.0,6.67,1.0,1.0,4.0,4.0,5.0,199.0,8.0,6.0,1.0,15.0,5.0,12.0,1.0,1.0,5.0,30.0,0.0,0.0,0.0,30:20,0,PHI,NFC East,NFC West
13.0,14.0,2011-12-11,Sun,@,MIA,W,26.0,10.0,,15.0,30.0,0.5,188.0,1.0,6.3,5.43,67.1,4.0,20.0,32.0,51.0,1.59375,2.0,66.0,239.0,3.62,1.0,1.0,3.0,3.0,10.0,419.0,10.0,5.0,3.0,18.0,4.0,15.0,0.0,0.0,7.0,69.0,1.0,1.0,2.0,31:21,17.0,29.0,0.586,95.0,1.0,3.3,2.41,61.7,9.0,60.0,26.0,109.0,4.1923076923076925,0.0,64.0,204.0,3.19,2.0,1.0,1.0,1.0,6.0,321.0,6.0,3.0,2.0,11.0,3.0,15.0,0.0,3.0,7.0,81.0,2.0,1.0,3.0,28:39,0,PHI,NFC East,AFC East
14.0,15.0,2011-12-18,Sun,,NYJ,W,45.0,19.0,,15.0,22.0,0.682,260.0,1.0,11.8,10.68,104.4,3.0,14.0,33.0,160.0,4.848484848484849,4.0,58.0,420.0,7.24,1.0,1.0,6.0,6.0,4.0,136.0,10.0,9.0,1.0,20.0,5.0,10.0,0.0,0.0,7.0,62.0,3.0,1.0,4.0,30:03,16.0,29.0,0.552,147.0,2.0,5.1,3.34,63.4,4.0,30.0,27.0,94.0,3.4814814814814814,0.0,60.0,241.0,4.02,2.0,2.0,1.0,1.0,6.0,242.0,8.0,2.0,3.0,13.0,3.0,13.0,0.0,1.0,11.0,93.0,2.0,2.0,4.0,29:57,0,PHI,NFC East,AFC East
15.0,16.0,2011-12-24,Sat,@,DAL,W,20.0,7.0,,18.0,32.0,0.563,281.0,2.0,8.8,10.03,106.4,2.0,12.0,26.0,105.0,4.038461538461538,0.0,60.0,386.0,6.43,2.0,2.0,2.0,2.0,6.0,256.0,13.0,5.0,2.0,20.0,5.0,13.0,0.0,0.0,5.0,47.0,1.0,0.0,1.0,27:37,24.0,40.0,0.6,157.0,1.0,3.9,4.43,76.8,3.0,25.0,23.0,81.0,3.5217391304347827,0.0,66.0,238.0,3.61,0.0,0.0,1.0,1.0,9.0,343.0,11.0,5.0,0.0,16.0,6.0,17.0,1.0,2.0,6.0,47.0,0.0,0.0,0.0,32:23,0,PHI,NFC East,NFC East
16.0,17.0,2012-01-01,Sun,,WAS,W,34.0,10.0,,24.0,39.0,0.615,315.0,3.0,8.1,8.46,102.0,2.0,20.0,19.0,75.0,3.947368421052632,1.0,60.0,390.0,6.5,2.0,2.0,4.0,4.0,4.0,201.0,17.0,6.0,1.0,24.0,5.0,11.0,0.0,0.0,8.0,75.0,1.0,1.0,2.0,29:19,22.0,45.0,0.489,247.0,1.0,5.5,4.93,63.8,1.0,9.0,25.0,130.0,5.2,0.0,71.0,377.0,5.31,2.0,1.0,1.0,1.0,5.0,183.0,12.0,7.0,2.0,21.0,6.0,16.0,0.0,2.0,6.0,71.0,0.0,1.0,1.0,30:41,0,PHI,NFC East,NFC East
1.0,1.0,2011-09-11,Sun,@,BAL,L,7.0,35.0,,22.0,41.0,0.537,246.0,1.0,6.0,3.2,49.4,4.0,34.0,16.0,66.0,4.125,0.0,61.0,312.0,5.11,0.0,0.0,1.0,1.0,4.0,211.0,15.0,4.0,1.0,20.0,3.0,9.0,0.0,1.0,6.0,53.0,4.0,3.0,7.0,27:29,17.0,29.0,0.586,215.0,3.0,7.4,9.48,116.3,1.0,9.0,31.0,170.0,5.483870967741935,1.0,61.0,385.0,6.31,2.0,2.0,3.0,3.0,5.0,236.0,10.0,5.0,2.0,17.0,7.0,16.0,0.0,1.0,7.0,75.0,0.0,0.0,0.0,32:31,0,PIT,AFC North,AFC North
2.0,2.0,2011-09-18,Sun,,SEA,W,24.0,0.0,,23.0,31.0,0.742,297.0,1.0,9.6,10.23,114.6,2.0,16.0,35.0,124.0,3.5428571428571427,2.0,68.0,421.0,6.19,2.0,1.0,3.0,3.0,3.0,175.0,16.0,5.0,2.0,23.0,8.0,15.0,0.0,1.0,4.0,48.0,0.0,0.0,0.0,38:44,20.0,29.0,0.69,133.0,0.0,4.6,4.59,78.7,5.0,26.0,13.0,31.0,2.3846153846153846,0.0,47.0,164.0,3.49,0.0,0.0,0.0,0.0,8.0,387.0,7.0,1.0,0.0,8.0,2.0,12.0,1.0,2.0,6.0,66.0,0.0,0.0,0.0,21:16,0,PIT,AFC North,NFC West
3.0,3.0,2011-09-25,Sun,@,IND,W,23.0,20.0,,25.0,37.0,0.6759999999999999,341.0,1.0,9.2,8.54,94.5,3.0,23.0,28.0,67.0,2.392857142857143,0.0,68.0,408.0,6.0,4.0,3.0,2.0,2.0,3.0,112.0,14.0,4.0,1.0,19.0,8.0,15.0,0.0,0.0,4.0,38.0,2.0,1.0,3.0,33:58,18.0,40.0,0.45,144.0,0.0,3.6,3.6,54.6,1.0,9.0,21.0,97.0,4.619047619047619,1.0,62.0,241.0,3.89,2.0,2.0,2.0,2.0,7.0,311.0,10.0,4.0,0.0,14.0,7.0,16.0,0.0,0.0,3.0,21.0,1.0,0.0,1.0,26:02,0,PIT,AFC North,AFC South
4.0,4.0,2011-10-02,Sun,@,HOU,L,10.0,17.0,,16.0,30.0,0.5329999999999999,178.0,0.0,5.9,4.43,57.4,5.0,28.0,22.0,118.0,5.363636363636363,1.0,57.0,296.0,5.19,2.0,1.0,1.0,1.0,4.0,202.0,10.0,8.0,2.0,20.0,5.0,12.0,0.0,1.0,5.0,45.0,0.0,1.0,1.0,28:17,14.0,21.0,0.667,138.0,1.0,6.6,7.52,100.9,0.0,0.0,35.0,180.0,5.142857142857143,1.0,56.0,318.0,5.68,1.0,1.0,2.0,2.0,5.0,235.0,8.0,9.0,0.0,17.0,6.0,12.0,0.0,0.0,9.0,64.0,0.0,0.0,0.0,31:43,0,PIT,AFC North,AFC South
5.0,5.0,2011-10-09,Sun,,TEN,W,38.0,17.0,,25.0,35.0,0.7140000000000001,257.0,5.0,7.3,8.91,119.9,1.0,4.0,28.0,174.0,6.214285714285714,0.0,64.0,431.0,6.73,1.0,1.0,5.0,5.0,2.0,48.0,15.0,9.0,2.0,26.0,7.0,12.0,1.0,1.0,5.0,51.0,0.0,1.0,1.0,32:22,29.0,49.0,0.5920000000000001,240.0,1.0,4.9,4.39,70.1,3.0,22.0,18.0,66.0,3.6666666666666665,1.0,70.0,306.0,4.37,1.0,1.0,2.0,2.0,4.0,169.0,11.0,6.0,3.0,20.0,7.0,15.0,1.0,2.0,9.0,70.0,0.0,1.0,1.0,27:38,0,PIT,AFC North,AFC South
6.0,6.0,2011-10-16,Sun,,JAX,W,17.0,13.0,,12.0,23.0,0.522,185.0,1.0,8.0,8.91,93.6,3.0,15.0,32.0,185.0,5.78125,1.0,58.0,370.0,6.38,2.0,1.0,2.0,2.0,6.0,256.0,8.0,6.0,1.0,15.0,7.0,15.0,0.0,0.0,8.0,65.0,0.0,0.0,0.0,31:13,12.0,26.0,0.462,76.0,1.0,2.9,3.69,65.9,5.0,33.0,30.0,133.0,4.433333333333334,0.0,61.0,209.0,3.43,2.0,2.0,1.0,1.0,7.0,296.0,7.0,6.0,3.0,16.0,4.0,15.0,1.0,1.0,4.0,22.0,0.0,0.0,0.0,28:47,0,PIT,AFC North,AFC South
7.0,7.0,2011-10-23,Sun,@,ARI,W,32.0,20.0,,26.0,39.0,0.667,354.0,3.0,9.1,10.62,121.1,2.0,7.0,28.0,91.0,3.25,0.0,69.0,445.0,6.45,3.0,3.0,3.0,3.0,3.0,118.0,17.0,5.0,4.0,26.0,6.0,12.0,0.0,0.0,9.0,69.0,0.0,0.0,0.0,35:47,18.0,34.0,0.529,257.0,2.0,7.6,7.41,85.0,2.0,15.0,19.0,73.0,3.842105263157895,1.0,55.0,330.0,6.0,0.0,0.0,2.0,2.0,4.0,191.0,15.0,5.0,3.0,23.0,3.0,8.0,1.0,1.0,9.0,74.0,0.0,1.0,1.0,24:13,0,PIT,AFC North,NFC West
8.0,8.0,2011-10-30,Sun,,NWE,W,25.0,17.0,,36.0,50.0,0.72,329.0,2.0,6.6,6.48,94.5,5.0,36.0,23.0,98.0,4.260869565217392,0.0,78.0,427.0,5.47,4.0,3.0,2.0,2.0,1.0,31.0,23.0,5.0,1.0,29.0,10.0,16.0,0.0,0.0,8.0,50.0,0.0,1.0,1.0,39:22,24.0,35.0,0.6859999999999999,170.0,2.0,4.9,6.0,98.5,3.0,28.0,12.0,43.0,3.583333333333333,0.0,50.0,213.0,4.26,2.0,1.0,2.0,2.0,4.0,168.0,11.0,3.0,5.0,19.0,3.0,10.0,0.0,0.0,6.0,37.0,0.0,0.0,0.0,20:38,0,PIT,AFC North,AFC East
9.0,9.0,2011-11-06,Sun,,BAL,L,20.0,23.0,,20.0,37.0,0.541,322.0,1.0,8.7,8.03,81.1,1.0,8.0,20.0,70.0,3.5,1.0,58.0,392.0,6.76,2.0,2.0,2.0,2.0,3.0,100.0,15.0,5.0,0.0,20.0,7.0,12.0,0.0,0.0,6.0,69.0,1.0,1.0,2.0,26:01,28.0,47.0,0.596,289.0,1.0,6.1,6.57,84.4,3.0,11.0,27.0,67.0,2.4814814814814814,1.0,77.0,356.0,4.62,4.0,3.0,2.0,2.0,2.0,90.0,18.0,2.0,3.0,23.0,14.0,21.0,1.0,1.0,3.0,20.0,1.0,0.0,1.0,33:59,0,PIT,AFC North,AFC North
10.0,10.0,2011-11-13,Sun,@,CIN,W,24.0,17.0,,21.0,33.0,0.636,223.0,1.0,6.8,6.0,80.7,5.0,22.0,30.0,105.0,3.5,2.0,68.0,328.0,4.82,1.0,1.0,3.0,3.0,5.0,257.0,18.0,6.0,0.0,24.0,5.0,12.0,0.0,0.0,4.0,31.0,0.0,1.0,1.0,33:53,15.0,30.0,0.5,170.0,2.0,5.7,4.0,61.8,0.0,0.0,26.0,109.0,4.1923076923076925,0.0,56.0,279.0,4.98,1.0,1.0,2.0,2.0,6.0,276.0,7.0,6.0,1.0,14.0,4.0,11.0,0.0,0.0,4.0,35.0,0.0,2.0,2.0,26:07,0,PIT,AFC North,AFC North
11.0,12.0,2011-11-27,Sun,@,KAN,W,13.0,9.0,,21.0,31.0,0.677,182.0,1.0,5.9,5.06,80.3,1.0,11.0,28.0,108.0,3.857142857142857,0.0,60.0,290.0,4.83,2.0,2.0,1.0,1.0,5.0,211.0,13.0,3.0,2.0,18.0,3.0,11.0,1.0,1.0,6.0,50.0,1.0,1.0,2.0,33:30,18.0,28.0,0.643,162.0,0.0,5.8,0.96,40.2,1.0,5.0,34.0,90.0,2.647058823529412,0.0,63.0,252.0,4.0,3.0,3.0,0.0,0.0,3.0,112.0,9.0,6.0,0.0,15.0,6.0,15.0,2.0,2.0,4.0,20.0,1.0,3.0,4.0,26:30,0,PIT,AFC North,AFC West
12.0,13.0,2011-12-04,Sun,,CIN,W,35.0,7.0,,15.0,23.0,0.652,159.0,2.0,6.9,8.65,114.2,3.0,17.0,33.0,136.0,4.121212121212121,2.0,59.0,295.0,5.0,1.0,0.0,5.0,5.0,5.0,271.0,10.0,9.0,3.0,22.0,2.0,10.0,0.0,0.0,4.0,29.0,0.0,0.0,0.0,32:44,14.0,30.0,0.467,128.0,1.0,4.3,3.43,56.0,3.0,24.0,22.0,104.0,4.727272727272728,0.0,55.0,232.0,4.22,1.0,0.0,1.0,1.0,7.0,317.0,7.0,6.0,0.0,13.0,2.0,11.0,1.0,1.0,10.0,109.0,1.0,1.0,2.0,27:16,0,PIT,AFC North,AFC North
13.0,14.0,2011-12-08,Thu,,CLE,W,14.0,3.0,,16.0,23.0,0.696,269.0,2.0,11.7,11.48,119.7,2.0,11.0,28.0,147.0,5.25,0.0,53.0,416.0,7.85,0.0,0.0,2.0,2.0,4.0,165.0,11.0,7.0,2.0,20.0,2.0,8.0,0.0,1.0,12.0,97.0,2.0,1.0,3.0,27:42,19.0,36.0,0.528,206.0,0.0,5.7,3.22,46.8,3.0,16.0,30.0,98.0,3.2666666666666666,0.0,69.0,304.0,4.41,1.0,1.0,0.0,0.0,6.0,205.0,12.0,4.0,3.0,19.0,7.0,16.0,0.0,1.0,6.0,54.0,0.0,2.0,2.0,32:18,0,PIT,AFC North,AFC North
14.0,15.0,2011-12-19,Mon,@,SFO,L,3.0,20.0,,25.0,44.0,0.568,305.0,0.0,6.9,3.86,49.9,3.0,25.0,19.0,84.0,4.421052631578948,0.0,66.0,389.0,5.89,2.0,1.0,0.0,0.0,4.0,154.0,15.0,4.0,1.0,20.0,8.0,14.0,0.0,0.0,9.0,72.0,1.0,3.0,4.0,31:26,18.0,31.0,0.581,187.0,1.0,6.0,6.68,86.4,0.0,0.0,30.0,100.0,3.333333333333333,1.0,61.0,287.0,4.7,2.0,2.0,2.0,2.0,6.0,285.0,9.0,7.0,1.0,17.0,4.0,13.0,0.0,0.0,7.0,49.0,0.0,0.0,0.0,28:34,0,PIT,AFC North,NFC West
15.0,16.0,2011-12-24,Sat,,LAR,W,27.0,0.0,,15.0,22.0,0.682,208.0,0.0,9.5,7.41,79.4,0.0,0.0,28.0,169.0,6.035714285714286,3.0,50.0,377.0,7.54,2.0,2.0,3.0,3.0,4.0,191.0,9.0,8.0,0.0,17.0,1.0,7.0,0.0,0.0,7.0,50.0,0.0,1.0,1.0,29:15,9.0,24.0,0.375,68.0,0.0,2.8,2.83,45.8,3.0,23.0,36.0,164.0,4.555555555555555,0.0,63.0,232.0,3.68,2.0,0.0,0.0,0.0,7.0,281.0,4.0,9.0,2.0,15.0,6.0,16.0,0.0,1.0,4.0,21.0,0.0,0.0,0.0,30:45,0,PIT,AFC North,NFC West
16.0,17.0,2012-01-01,Sun,@,CLE,W,13.0,9.0,,23.0,40.0,0.575,199.0,0.0,5.0,4.98,70.7,2.0,22.0,36.0,161.0,4.472222222222222,1.0,78.0,360.0,4.62,3.0,2.0,1.0,1.0,4.0,181.0,12.0,8.0,2.0,22.0,8.0,16.0,1.0,2.0,4.0,37.0,2.0,0.0,2.0,39:11,16.0,41.0,0.39,168.0,0.0,4.1,3.0,41.5,2.0,9.0,15.0,72.0,4.8,0.0,58.0,240.0,4.14,3.0,3.0,0.0,0.0,6.0,230.0,11.0,3.0,0.0,14.0,4.0,14.0,0.0,0.0,5.0,40.0,0.0,1.0,1.0,20:49,0,PIT,AFC North,AFC North
1.0,18.0,2012-01-08,Sun,@,DEN,L,23.0,29.0,OT,22.0,40.0,0.55,244.0,1.0,6.1,5.48,71.2,5.0,45.0,23.0,156.0,6.782608695652174,1.0,68.0,400.0,5.88,3.0,3.0,2.0,2.0,4.0,184.0,11.0,9.0,1.0,21.0,7.0,16.0,0.0,1.0,6.0,61.0,0.0,1.0,1.0,31:06,10.0,21.0,0.476,316.0,2.0,15.0,16.95,125.6,0.0,0.0,34.0,131.0,3.852941176470588,1.0,55.0,447.0,8.13,3.0,3.0,2.0,2.0,4.0,164.0,9.0,6.0,3.0,18.0,3.0,10.0,0.0,0.0,5.0,30.0,1.0,0.0,1.0,29:05,1,PIT,AFC North,AFC West
1.0,1.0,2011-09-11,Sun,@,SFO,L,17.0,33.0,,21.0,37.0,0.568,155.0,2.0,4.2,4.05,73.6,5.0,42.0,22.0,64.0,2.909090909090909,0.0,64.0,219.0,3.42,1.0,1.0,2.0,2.0,7.0,342.0,9.0,5.0,4.0,18.0,5.0,15.0,1.0,1.0,11.0,72.0,2.0,1.0,3.0,28:53,15.0,20.0,0.75,124.0,0.0,6.2,6.2,90.4,0.0,0.0,32.0,85.0,2.65625,1.0,52.0,209.0,4.02,4.0,4.0,3.0,3.0,5.0,298.0,4.0,4.0,4.0,12.0,1.0,12.0,0.0,0.0,9.0,102.0,0.0,0.0,0.0,31:07,0,SEA,NFC West,NFC West
2.0,2.0,2011-09-18,Sun,@,PIT,L,0.0,24.0,,20.0,29.0,0.69,133.0,0.0,4.6,4.59,78.7,5.0,26.0,13.0,31.0,2.3846153846153846,0.0,47.0,164.0,3.49,0.0,0.0,0.0,0.0,8.0,387.0,7.0,1.0,0.0,8.0,2.0,12.0,1.0,2.0,6.0,66.0,0.0,0.0,0.0,21:16,23.0,31.0,0.742,297.0,1.0,9.6,10.23,114.6,2.0,16.0,35.0,124.0,3.5428571428571427,2.0,68.0,421.0,6.19,2.0,1.0,3.0,3.0,3.0,175.0,16.0,5.0,2.0,23.0,8.0,15.0,0.0,1.0,4.0,48.0,0.0,0.0,0.0,38:44,0,SEA,NFC West,AFC North
3.0,3.0,2011-09-25,Sun,,ARI,W,13.0,10.0,,18.0,31.0,0.581,139.0,0.0,4.5,3.03,55.7,4.0,32.0,30.0,122.0,4.066666666666666,1.0,65.0,261.0,4.02,2.0,2.0,1.0,1.0,8.0,358.0,8.0,7.0,1.0,16.0,6.0,16.0,0.0,0.0,8.0,39.0,0.0,1.0,1.0,28:11,25.0,39.0,0.6409999999999999,234.0,1.0,6.0,4.21,67.7,3.0,18.0,28.0,90.0,3.2142857142857144,0.0,70.0,324.0,4.63,3.0,1.0,1.0,1.0,5.0,206.0,13.0,5.0,2.0,20.0,3.0,14.0,1.0,1.0,2.0,20.0,0.0,2.0,2.0,31:49,0,SEA,NFC West,NFC West
4.0,4.0,2011-10-02,Sun,,ATL,L,28.0,30.0,,25.0,38.0,0.6579999999999999,319.0,3.0,8.4,7.61,96.3,0.0,0.0,15.0,53.0,3.533333333333333,1.0,53.0,372.0,7.02,1.0,0.0,4.0,4.0,3.0,149.0,14.0,4.0,2.0,20.0,6.0,11.0,0.0,0.0,6.0,40.0,0.0,2.0,2.0,19:50,28.0,42.0,0.667,291.0,1.0,6.9,7.4,94.4,0.0,0.0,36.0,121.0,3.361111111111111,2.0,78.0,412.0,5.28,3.0,3.0,3.0,3.0,4.0,150.0,15.0,8.0,2.0,25.0,9.0,16.0,0.0,0.0,4.0,35.0,0.0,0.0,0.0,40:10,0,SEA,NFC West,NFC South
5.0,5.0,2011-10-09,Sun,@,NYG,W,36.0,25.0,,26.0,41.0,0.634,279.0,2.0,6.8,6.68,89.4,6.0,36.0,29.0,145.0,5.0,1.0,76.0,424.0,5.58,2.0,2.0,4.0,4.0,7.0,312.0,14.0,7.0,1.0,26.0,4.0,15.0,1.0,1.0,10.0,70.0,2.0,1.0,3.0,28:46,24.0,39.0,0.615,395.0,3.0,10.1,8.21,89.2,3.0,25.0,25.0,69.0,2.76,0.0,67.0,464.0,6.93,1.0,1.0,2.0,2.0,7.0,353.0,16.0,4.0,1.0,21.0,1.0,12.0,0.0,0.0,7.0,52.0,2.0,3.0,5.0,31:14,0,SEA,NFC West,NFC East
6.0,7.0,2011-10-23,Sun,@,CLE,L,3.0,6.0,,12.0,30.0,0.4,69.0,0.0,2.3,0.8,34.0,4.0,28.0,16.0,68.0,4.25,0.0,50.0,137.0,2.74,1.0,1.0,0.0,0.0,7.0,351.0,5.0,2.0,2.0,9.0,2.0,12.0,0.0,1.0,8.0,68.0,1.0,1.0,2.0,17:04,20.0,35.0,0.5710000000000001,159.0,0.0,4.5,3.26,56.7,4.0,19.0,45.0,139.0,3.088888888888889,0.0,84.0,298.0,3.55,4.0,2.0,0.0,0.0,5.0,193.0,12.0,5.0,3.0,20.0,12.0,24.0,0.0,0.0,7.0,48.0,0.0,1.0,1.0,42:56,0,SEA,NFC West,AFC North
7.0,8.0,2011-10-30,Sun,,CIN,L,12.0,34.0,,25.0,47.0,0.532,350.0,0.0,7.4,6.49,68.6,4.0,25.0,20.0,61.0,3.05,1.0,71.0,411.0,5.79,2.0,2.0,0.0,0.0,6.0,320.0,14.0,5.0,1.0,20.0,5.0,15.0,1.0,2.0,11.0,80.0,1.0,1.0,2.0,28:33,18.0,29.0,0.621,160.0,2.0,5.5,3.79,71.0,1.0,8.0,27.0,92.0,3.4074074074074074,0.0,57.0,252.0,4.42,2.0,2.0,4.0,4.0,5.0,226.0,9.0,4.0,5.0,18.0,6.0,14.0,0.0,0.0,7.0,65.0,0.0,2.0,2.0,31:27,0,SEA,NFC West,AFC North
8.0,9.0,2011-11-06,Sun,@,DAL,L,13.0,23.0,,17.0,30.0,0.5670000000000001,219.0,0.0,7.3,2.8,40.1,1.0,2.0,30.0,162.0,5.4,1.0,61.0,381.0,6.25,3.0,2.0,1.0,1.0,3.0,183.0,10.0,6.0,2.0,18.0,2.0,10.0,1.0,2.0,10.0,88.0,0.0,3.0,3.0,30:33,19.0,31.0,0.613,279.0,2.0,9.0,10.29,112.2,0.0,0.0,29.0,163.0,5.620689655172414,0.0,60.0,442.0,7.37,3.0,3.0,2.0,2.0,4.0,172.0,8.0,8.0,2.0,18.0,6.0,14.0,0.0,0.0,7.0,82.0,1.0,0.0,1.0,29:27,0,SEA,NFC West,NFC East
9.0,10.0,2011-11-13,Sun,,BAL,W,22.0,17.0,,17.0,27.0,0.63,208.0,0.0,7.7,7.7,86.7,1.0,9.0,42.0,119.0,2.833333333333333,1.0,70.0,327.0,4.67,5.0,5.0,1.0,1.0,5.0,218.0,9.0,7.0,0.0,16.0,5.0,16.0,1.0,1.0,13.0,100.0,0.0,0.0,0.0,35:01,30.0,53.0,0.5660000000000001,248.0,2.0,4.7,4.58,73.5,1.0,8.0,12.0,75.0,6.25,0.0,66.0,323.0,4.89,3.0,1.0,2.0,2.0,4.0,188.0,14.0,7.0,4.0,25.0,5.0,12.0,1.0,1.0,4.0,34.0,2.0,1.0,3.0,24:59,0,SEA,NFC West,AFC North
10.0,11.0,2011-11-20,Sun,@,LAR,W,24.0,7.0,,15.0,25.0,0.6,163.0,1.0,6.5,3.72,59.2,4.0,40.0,39.0,126.0,3.230769230769231,2.0,68.0,289.0,4.25,1.0,1.0,3.0,3.0,9.0,447.0,8.0,7.0,1.0,16.0,7.0,17.0,0.0,0.0,13.0,100.0,0.0,2.0,2.0,35:00,20.0,40.0,0.5,143.0,1.0,3.6,2.95,56.6,5.0,38.0,17.0,42.0,2.4705882352941178,0.0,62.0,185.0,2.98,0.0,0.0,1.0,1.0,10.0,441.0,10.0,1.0,2.0,13.0,5.0,15.0,0.0,0.0,5.0,50.0,2.0,1.0,3.0,25:00,0,SEA,NFC West,NFC West
11.0,12.0,2011-11-27,Sun,,WAS,L,17.0,23.0,,14.0,30.0,0.467,126.0,2.0,4.2,4.03,66.8,2.0,18.0,30.0,124.0,4.133333333333334,0.0,62.0,250.0,4.03,2.0,1.0,2.0,2.0,6.0,267.0,8.0,6.0,1.0,15.0,6.0,16.0,0.0,1.0,9.0,91.0,0.0,1.0,1.0,26:40,26.0,35.0,0.743,306.0,2.0,8.7,7.31,95.7,1.0,8.0,29.0,110.0,3.793103448275862,1.0,65.0,416.0,6.4,2.0,1.0,3.0,2.0,4.0,178.0,15.0,4.0,3.0,22.0,3.0,10.0,0.0,0.0,10.0,115.0,0.0,2.0,2.0,33:20,0,SEA,NFC West,NFC East
12.0,13.0,2011-12-01,Thu,,PHI,W,31.0,14.0,,13.0,16.0,0.813,173.0,1.0,10.8,12.06,132.6,3.0,17.0,33.0,174.0,5.2727272727272725,2.0,52.0,347.0,6.67,1.0,1.0,4.0,4.0,5.0,199.0,8.0,6.0,1.0,15.0,5.0,12.0,1.0,1.0,5.0,30.0,0.0,0.0,0.0,30:20,17.0,29.0,0.586,198.0,1.0,6.8,1.31,51.3,2.0,10.0,25.0,132.0,5.28,1.0,56.0,330.0,5.89,0.0,0.0,2.0,2.0,4.0,185.0,10.0,10.0,0.0,20.0,2.0,8.0,1.0,1.0,5.0,28.0,0.0,4.0,4.0,29:40,0,SEA,NFC West,NFC East
13.0,14.0,2011-12-12,Mon,,LAR,W,30.0,13.0,,21.0,34.0,0.618,214.0,1.0,6.3,6.88,89.6,2.0,10.0,32.0,145.0,4.53125,1.0,68.0,359.0,5.28,4.0,3.0,3.0,3.0,3.0,113.0,13.0,8.0,0.0,21.0,8.0,16.0,0.0,0.0,9.0,61.0,1.0,0.0,1.0,31:29,12.0,29.0,0.414,167.0,0.0,5.8,4.21,46.2,3.0,26.0,31.0,114.0,3.6774193548387095,1.0,63.0,281.0,4.46,2.0,2.0,1.0,1.0,5.0,181.0,7.0,7.0,5.0,19.0,3.0,14.0,1.0,3.0,5.0,30.0,0.0,1.0,1.0,28:31,0,SEA,NFC West,NFC West
14.0,15.0,2011-12-18,Sun,@,CHI,W,38.0,14.0,,19.0,31.0,0.613,226.0,1.0,7.3,7.94,94.3,1.0,1.0,33.0,60.0,1.818181818181818,2.0,65.0,286.0,4.4,1.0,1.0,5.0,5.0,5.0,201.0,11.0,5.0,2.0,18.0,6.0,16.0,0.0,2.0,6.0,36.0,1.0,0.0,1.0,31:37,11.0,25.0,0.44,89.0,1.0,3.6,-2.84,27.3,4.0,34.0,31.0,132.0,4.258064516129032,0.0,60.0,221.0,3.68,0.0,0.0,2.0,2.0,6.0,238.0,6.0,7.0,0.0,13.0,3.0,10.0,0.0,0.0,5.0,45.0,1.0,4.0,5.0,28:23,0,SEA,NFC West,NFC North
15.0,16.0,2011-12-24,Sat,,SFO,L,17.0,19.0,,15.0,28.0,0.536,141.0,1.0,5.0,5.75,79.6,4.0,22.0,26.0,124.0,4.769230769230769,1.0,58.0,265.0,4.57,1.0,1.0,2.0,2.0,5.0,227.0,7.0,6.0,1.0,14.0,5.0,13.0,0.0,1.0,6.0,51.0,1.0,0.0,1.0,27:06,14.0,26.0,0.5379999999999999,171.0,0.0,6.6,6.58,74.4,2.0,8.0,40.0,178.0,4.45,1.0,68.0,349.0,5.13,5.0,4.0,1.0,1.0,3.0,108.0,8.0,10.0,3.0,21.0,3.0,14.0,2.0,3.0,6.0,77.0,0.0,0.0,0.0,32:54,0,SEA,NFC West,NFC West
16.0,17.0,2012-01-01,Sun,@,ARI,L,20.0,23.0,OT,21.0,35.0,0.6,191.0,1.0,5.5,4.74,72.4,4.0,31.0,34.0,178.0,5.235294117647059,1.0,73.0,369.0,5.05,3.0,2.0,2.0,2.0,8.0,357.0,8.0,7.0,4.0,19.0,3.0,16.0,0.0,0.0,7.0,55.0,0.0,1.0,1.0,33:42,22.0,40.0,0.55,257.0,1.0,6.4,5.8,72.6,2.0,14.0,31.0,131.0,4.225806451612903,1.0,73.0,388.0,5.32,3.0,3.0,2.0,2.0,7.0,324.0,11.0,7.0,2.0,20.0,7.0,17.0,1.0,1.0,9.0,76.0,1.0,1.0,2.0,35:19,0,SEA,NFC West,NFC West
1.0,1.0,2011-09-11,Sun,,SEA,W,33.0,17.0,,15.0,20.0,0.75,124.0,0.0,6.2,6.2,90.4,0.0,0.0,32.0,85.0,2.65625,1.0,52.0,209.0,4.02,4.0,4.0,3.0,3.0,5.0,298.0,4.0,4.0,4.0,12.0,1.0,12.0,0.0,0.0,9.0,102.0,0.0,0.0,0.0,31:07,21.0,37.0,0.568,155.0,2.0,4.2,4.05,73.6,5.0,42.0,22.0,64.0,2.909090909090909,0.0,64.0,219.0,3.42,1.0,1.0,2.0,2.0,7.0,342.0,9.0,5.0,4.0,18.0,5.0,15.0,1.0,1.0,11.0,72.0,2.0,1.0,3.0,28:53,0,SFO,NFC West,NFC West
2.0,2.0,2011-09-18,Sun,,DAL,L,24.0,27.0,OT,16.0,24.0,0.667,132.0,2.0,5.5,5.29,91.0,6.0,47.0,24.0,74.0,3.083333333333333,1.0,54.0,206.0,3.81,1.0,1.0,3.0,3.0,6.0,332.0,10.0,3.0,1.0,14.0,8.0,16.0,0.0,0.0,5.0,25.0,0.0,1.0,1.0,30:43,26.0,43.0,0.605,427.0,3.0,9.9,9.23,97.7,1.0,5.0,22.0,45.0,2.0454545454545454,0.0,66.0,472.0,7.15,3.0,2.0,3.0,3.0,4.0,194.0,17.0,3.0,0.0,20.0,6.0,14.0,1.0,1.0,8.0,83.0,0.0,2.0,2.0,32:10,0,SFO,NFC West,NFC East
3.0,3.0,2011-09-25,Sun,@,CIN,W,13.0,8.0,,20.0,30.0,0.667,176.0,0.0,5.9,5.87,82.1,5.0,25.0,29.0,50.0,1.7241379310344829,1.0,64.0,226.0,3.53,2.0,2.0,1.0,1.0,7.0,320.0,9.0,6.0,1.0,16.0,5.0,15.0,0.0,1.0,12.0,70.0,1.0,0.0,1.0,35:20,17.0,32.0,0.531,149.0,0.0,4.7,1.84,39.7,1.0,8.0,20.0,79.0,3.95,0.0,53.0,228.0,4.3,2.0,2.0,0.0,0.0,7.0,317.0,9.0,5.0,0.0,14.0,1.0,10.0,0.0,0.0,6.0,40.0,1.0,2.0,3.0,24:40,0,SFO,NFC West,AFC North
4.0,4.0,2011-10-02,Sun,@,PHI,W,24.0,23.0,,21.0,33.0,0.636,278.0,2.0,8.4,9.64,110.4,3.0,13.0,25.0,164.0,6.56,1.0,61.0,442.0,7.25,3.0,1.0,3.0,3.0,4.0,198.0,11.0,9.0,2.0,22.0,5.0,12.0,0.0,0.0,5.0,40.0,1.0,0.0,1.0,28:52,30.0,46.0,0.652,405.0,2.0,8.8,8.7,98.6,2.0,11.0,20.0,108.0,5.4,0.0,68.0,513.0,7.54,5.0,3.0,2.0,2.0,2.0,87.0,18.0,5.0,0.0,23.0,5.0,13.0,0.0,0.0,5.0,55.0,2.0,1.0,3.0,31:08,0,SFO,NFC West,NFC East
5.0,5.0,2011-10-09,Sun,,TAM,W,48.0,3.0,,14.0,22.0,0.636,205.0,3.0,9.3,12.05,133.5,0.0,0.0,36.0,213.0,5.916666666666667,2.0,58.0,418.0,7.21,2.0,2.0,6.0,6.0,1.0,38.0,11.0,11.0,6.0,28.0,2.0,7.0,1.0,1.0,3.0,30.0,1.0,0.0,1.0,31:02,18.0,35.0,0.514,186.0,0.0,5.3,2.74,43.3,3.0,8.0,23.0,86.0,3.739130434782609,0.0,61.0,272.0,4.46,1.0,1.0,0.0,0.0,6.0,259.0,11.0,2.0,1.0,14.0,7.0,16.0,0.0,1.0,9.0,96.0,1.0,2.0,3.0,28:58,0,SFO,NFC West,NFC South
6.0,6.0,2011-10-16,Sun,@,DET,W,25.0,19.0,,17.0,32.0,0.531,111.0,1.0,3.5,2.69,58.2,2.0,14.0,29.0,203.0,7.0,1.0,63.0,314.0,4.98,3.0,3.0,2.0,2.0,9.0,430.0,6.0,7.0,1.0,14.0,2.0,14.0,1.0,1.0,15.0,120.0,1.0,1.0,2.0,29:39,28.0,50.0,0.56,244.0,2.0,4.9,5.68,82.4,5.0,49.0,18.0,66.0,3.6666666666666665,0.0,73.0,310.0,4.25,3.0,2.0,1.0,1.0,8.0,350.0,14.0,3.0,4.0,21.0,2.0,15.0,1.0,2.0,6.0,54.0,0.0,0.0,0.0,30:21,0,SFO,NFC West,NFC North
7.0,8.0,2011-10-30,Sun,,CLE,W,20.0,10.0,,15.0,24.0,0.625,174.0,1.0,7.3,8.08,98.3,1.0,3.0,39.0,174.0,4.461538461538462,1.0,64.0,348.0,5.44,2.0,2.0,2.0,2.0,5.0,268.0,10.0,7.0,2.0,19.0,6.0,15.0,0.0,1.0,5.0,40.0,0.0,0.0,0.0,32:52,22.0,34.0,0.647,224.0,1.0,6.6,5.85,81.0,4.0,17.0,23.0,66.0,2.869565217391304,0.0,61.0,290.0,4.75,1.0,1.0,1.0,1.0,6.0,264.0,11.0,5.0,2.0,18.0,6.0,14.0,2.0,2.0,5.0,39.0,1.0,1.0,2.0,27:08,0,SFO,NFC West,AFC North
8.0,9.0,2011-11-06,Sun,@,WAS,W,19.0,11.0,,17.0,24.0,0.708,188.0,1.0,7.8,8.67,107.6,2.0,12.0,32.0,138.0,4.3125,0.0,58.0,326.0,5.62,4.0,4.0,1.0,1.0,5.0,223.0,10.0,5.0,0.0,15.0,3.0,12.0,0.0,0.0,9.0,55.0,1.0,0.0,1.0,32:19,30.0,47.0,0.638,251.0,1.0,5.3,4.81,75.8,2.0,3.0,14.0,52.0,3.7142857142857135,0.0,63.0,303.0,4.81,1.0,1.0,0.0,0.0,5.0,244.0,14.0,2.0,1.0,17.0,5.0,12.0,0.0,2.0,3.0,35.0,2.0,1.0,3.0,27:41,0,SFO,NFC West,NFC East
9.0,10.0,2011-11-13,Sun,,NYG,W,27.0,20.0,,19.0,30.0,0.633,228.0,1.0,7.6,6.77,83.7,2.0,14.0,20.0,77.0,3.85,1.0,52.0,305.0,5.87,4.0,4.0,1.0,1.0,3.0,164.0,11.0,4.0,1.0,16.0,3.0,11.0,0.0,0.0,5.0,35.0,0.0,1.0,1.0,25:24,26.0,40.0,0.65,302.0,2.0,7.6,6.3,83.5,1.0,9.0,29.0,93.0,3.206896551724138,0.0,70.0,395.0,5.64,2.0,2.0,2.0,2.0,2.0,77.0,16.0,4.0,1.0,21.0,7.0,14.0,2.0,3.0,6.0,45.0,0.0,2.0,2.0,34:36,0,SFO,NFC West,NFC East
10.0,11.0,2011-11-20,Sun,,ARI,W,23.0,7.0,,20.0,38.0,0.526,267.0,2.0,7.0,6.89,81.8,0.0,0.0,49.0,164.0,3.346938775510204,0.0,87.0,431.0,4.95,6.0,3.0,2.0,2.0,3.0,136.0,14.0,8.0,3.0,25.0,8.0,21.0,2.0,2.0,7.0,87.0,0.0,1.0,1.0,44:16,14.0,35.0,0.4,149.0,1.0,4.3,0.97,27.0,2.0,14.0,11.0,80.0,7.272727272727272,0.0,48.0,229.0,4.77,0.0,0.0,1.0,1.0,6.0,279.0,7.0,1.0,3.0,11.0,1.0,9.0,0.0,2.0,6.0,75.0,2.0,3.0,5.0,15:44,0,SFO,NFC West,NFC West
11.0,12.0,2011-11-24,Thu,@,BAL,L,6.0,16.0,,15.0,24.0,0.625,96.0,0.0,4.0,2.13,53.5,9.0,44.0,21.0,74.0,3.523809523809524,0.0,54.0,170.0,3.15,2.0,2.0,0.0,0.0,5.0,288.0,7.0,4.0,1.0,12.0,2.0,12.0,1.0,2.0,7.0,97.0,0.0,1.0,1.0,28:52,15.0,23.0,0.652,161.0,1.0,7.0,7.87,100.1,0.0,0.0,35.0,92.0,2.628571428571429,0.0,58.0,253.0,4.36,3.0,3.0,1.0,1.0,4.0,170.0,12.0,3.0,1.0,16.0,7.0,15.0,0.0,0.0,3.0,20.0,0.0,0.0,0.0,31:08,0,SFO,NFC West,AFC North
12.0,13.0,2011-12-04,Sun,,LAR,W,26.0,0.0,,17.0,25.0,0.68,245.0,2.0,9.8,11.4,126.2,4.0,29.0,34.0,144.0,4.235294117647059,0.0,63.0,389.0,6.17,4.0,4.0,2.0,2.0,5.0,226.0,11.0,5.0,2.0,18.0,4.0,14.0,0.0,0.0,8.0,72.0,0.0,0.0,0.0,36:05,12.0,22.0,0.545,126.0,0.0,5.7,3.68,52.5,4.0,30.0,23.0,31.0,1.3478260869565215,0.0,49.0,157.0,3.2,0.0,0.0,0.0,0.0,8.0,317.0,9.0,0.0,1.0,10.0,3.0,13.0,0.0,1.0,5.0,35.0,1.0,1.0,2.0,23:55,0,SFO,NFC West,NFC West
13.0,14.0,2011-12-11,Sun,@,ARI,L,19.0,21.0,,18.0,37.0,0.486,143.0,0.0,3.9,3.86,58.7,5.0,32.0,21.0,90.0,4.285714285714286,1.0,63.0,233.0,3.7,5.0,4.0,1.0,1.0,7.0,372.0,8.0,2.0,2.0,12.0,3.0,17.0,1.0,2.0,5.0,35.0,0.0,0.0,0.0,30:56,20.0,29.0,0.69,270.0,3.0,9.3,8.28,104.1,2.0,14.0,23.0,55.0,2.391304347826087,0.0,54.0,325.0,6.02,0.0,0.0,3.0,3.0,7.0,326.0,10.0,1.0,1.0,12.0,3.0,14.0,0.0,0.0,4.0,45.0,1.0,2.0,3.0,29:04,0,SFO,NFC West,NFC West
14.0,15.0,2011-12-19,Mon,,PIT,W,20.0,3.0,,18.0,31.0,0.581,187.0,1.0,6.0,6.68,86.4,0.0,0.0,30.0,100.0,3.333333333333333,1.0,61.0,287.0,4.7,2.0,2.0,2.0,2.0,6.0,285.0,9.0,7.0,1.0,17.0,4.0,13.0,0.0,0.0,7.0,49.0,0.0,0.0,0.0,28:34,25.0,44.0,0.568,305.0,0.0,6.9,3.86,49.9,3.0,25.0,19.0,84.0,4.421052631578948,0.0,66.0,389.0,5.89,2.0,1.0,0.0,0.0,4.0,154.0,15.0,4.0,1.0,20.0,8.0,14.0,0.0,0.0,9.0,72.0,1.0,3.0,4.0,31:26,0,SFO,NFC West,AFC North
15.0,16.0,2011-12-24,Sat,@,SEA,W,19.0,17.0,,14.0,26.0,0.5379999999999999,171.0,0.0,6.6,6.58,74.4,2.0,8.0,40.0,178.0,4.45,1.0,68.0,349.0,5.13,5.0,4.0,1.0,1.0,3.0,108.0,8.0,10.0,3.0,21.0,3.0,14.0,2.0,3.0,6.0,77.0,0.0,0.0,0.0,32:54,15.0,28.0,0.536,141.0,1.0,5.0,5.75,79.6,4.0,22.0,26.0,124.0,4.769230769230769,1.0,58.0,265.0,4.57,1.0,1.0,2.0,2.0,5.0,227.0,7.0,6.0,1.0,14.0,5.0,13.0,0.0,1.0,6.0,51.0,1.0,0.0,1.0,27:06,0,SFO,NFC West,NFC West
16.0,17.0,2012-01-01,Sun,@,LAR,W,34.0,27.0,,21.0,31.0,0.677,205.0,2.0,6.6,7.9,107.6,3.0,22.0,37.0,116.0,3.135135135135135,2.0,71.0,321.0,4.52,3.0,2.0,4.0,4.0,5.0,284.0,11.0,9.0,1.0,21.0,6.0,16.0,1.0,1.0,5.0,80.0,0.0,0.0,0.0,35:08,14.0,34.0,0.412,200.0,1.0,5.9,3.82,46.2,3.0,26.0,25.0,111.0,4.44,2.0,62.0,311.0,5.02,2.0,2.0,3.0,3.0,6.0,304.0,11.0,4.0,3.0,18.0,5.0,15.0,0.0,1.0,6.0,50.0,0.0,2.0,2.0,24:52,0,SFO,NFC West,NFC West
1.0,19.0,2012-01-14,Sat,,NOR,W,36.0,32.0,,24.0,42.0,0.5710000000000001,264.0,3.0,6.3,7.71,99.7,4.0,35.0,22.0,143.0,6.5,1.0,68.0,407.0,5.99,3.0,3.0,3.0,3.0,8.0,396.0,11.0,6.0,0.0,17.0,4.0,15.0,0.0,0.0,3.0,33.0,1.0,0.0,1.0,28:40,40.0,63.0,0.635,435.0,4.0,6.9,6.75,91.7,3.0,27.0,14.0,37.0,2.642857142857143,0.0,80.0,472.0,5.9,1.0,1.0,3.0,3.0,5.0,227.0,23.0,2.0,1.0,26.0,5.0,14.0,0.0,0.0,0.0,0.0,3.0,2.0,5.0,31:20,1,SFO,NFC West,NFC South
2.0,20.0,2012-01-22,Sun,,NYG,L,17.0,20.0,OT,12.0,26.0,0.462,178.0,2.0,6.8,8.38,94.7,3.0,18.0,28.0,150.0,5.357142857142857,0.0,57.0,328.0,5.75,1.0,1.0,2.0,2.0,10.0,455.0,5.0,6.0,4.0,15.0,1.0,13.0,0.0,0.0,6.0,50.0,2.0,0.0,2.0,28:18,32.0,58.0,0.552,267.0,2.0,4.6,5.29,78.7,6.0,49.0,26.0,85.0,3.269230769230769,0.0,90.0,352.0,3.91,2.0,2.0,2.0,2.0,12.0,557.0,17.0,3.0,0.0,20.0,7.0,21.0,0.0,1.0,9.0,60.0,0.0,0.0,0.0,39:36,1,SFO,NFC West,NFC East
1.0,1.0,2011-09-11,Sun,,DET,L,20.0,27.0,,29.0,46.0,0.63,259.0,1.0,5.6,5.09,76.3,2.0,7.0,16.0,56.0,3.5,0.0,64.0,315.0,4.92,2.0,2.0,2.0,2.0,5.0,261.0,15.0,1.0,1.0,17.0,6.0,14.0,1.0,2.0,6.0,39.0,1.0,1.0,2.0,23:35,24.0,33.0,0.727,305.0,3.0,9.2,9.7,118.9,0.0,0.0,35.0,126.0,3.6,0.0,68.0,431.0,6.34,2.0,2.0,3.0,3.0,5.0,241.0,17.0,6.0,2.0,25.0,2.0,11.0,1.0,1.0,8.0,68.0,0.0,1.0,1.0,36:25,0,TAM,NFC South,NFC North
2.0,2.0,2011-09-18,Sun,@,MIN,W,24.0,20.0,,22.0,31.0,0.71,230.0,1.0,7.4,6.61,89.4,2.0,13.0,19.0,105.0,5.526315789473684,2.0,52.0,335.0,6.44,1.0,1.0,3.0,3.0,4.0,183.0,12.0,6.0,1.0,19.0,7.0,12.0,0.0,0.0,6.0,53.0,0.0,1.0,1.0,26:30,18.0,30.0,0.6,212.0,0.0,7.1,7.07,81.5,2.0,16.0,33.0,186.0,5.636363636363637,2.0,65.0,398.0,6.12,2.0,2.0,2.0,2.0,4.0,165.0,12.0,12.0,1.0,25.0,5.0,11.0,0.0,0.0,8.0,65.0,1.0,0.0,1.0,33:30,0,TAM,NFC South,NFC North
3.0,3.0,2011-09-25,Sun,,ATL,W,16.0,13.0,,22.0,32.0,0.688,180.0,0.0,5.6,2.81,56.8,0.0,0.0,36.0,115.0,3.1944444444444446,1.0,68.0,295.0,4.34,3.0,3.0,1.0,1.0,3.0,129.0,10.0,8.0,2.0,20.0,5.0,14.0,1.0,1.0,9.0,66.0,0.0,2.0,2.0,35:52,26.0,47.0,0.5529999999999999,295.0,1.0,6.3,5.74,72.6,4.0,35.0,15.0,30.0,2.0,0.0,66.0,325.0,4.92,2.0,2.0,1.0,1.0,3.0,94.0,18.0,2.0,1.0,21.0,5.0,13.0,0.0,1.0,7.0,50.0,2.0,1.0,3.0,24:08,0,TAM,NFC South,NFC South
4.0,4.0,2011-10-03,Mon,,IND,W,24.0,17.0,,25.0,39.0,0.6409999999999999,274.0,1.0,7.0,7.54,93.3,2.0,13.0,36.0,192.0,5.333333333333333,2.0,77.0,466.0,6.05,2.0,1.0,3.0,3.0,5.0,220.0,14.0,10.0,1.0,25.0,7.0,17.0,2.0,2.0,14.0,106.0,0.0,0.0,0.0,39:00,13.0,30.0,0.433,256.0,2.0,8.5,9.87,96.0,4.0,25.0,18.0,62.0,3.4444444444444446,0.0,52.0,318.0,6.12,2.0,1.0,2.0,2.0,6.0,266.0,9.0,2.0,2.0,13.0,4.0,13.0,0.0,0.0,6.0,50.0,1.0,0.0,1.0,21:00,0,TAM,NFC South,AFC South
5.0,5.0,2011-10-09,Sun,@,SFO,L,3.0,48.0,,18.0,35.0,0.514,186.0,0.0,5.3,2.74,43.3,3.0,8.0,23.0,86.0,3.739130434782609,0.0,61.0,272.0,4.46,1.0,1.0,0.0,0.0,6.0,259.0,11.0,2.0,1.0,14.0,7.0,16.0,0.0,1.0,9.0,96.0,1.0,2.0,3.0,28:58,14.0,22.0,0.636,205.0,3.0,9.3,12.05,133.5,0.0,0.0,36.0,213.0,5.916666666666667,2.0,58.0,418.0,7.21,2.0,2.0,6.0,6.0,1.0,38.0,11.0,11.0,6.0,28.0,2.0,7.0,1.0,1.0,3.0,30.0,1.0,0.0,1.0,31:02,0,TAM,NFC South,NFC West
6.0,6.0,2011-10-16,Sun,,NOR,W,26.0,20.0,,23.0,41.0,0.561,303.0,2.0,7.4,8.37,95.9,0.0,0.0,25.0,117.0,4.68,0.0,66.0,420.0,6.36,5.0,4.0,2.0,2.0,4.0,189.0,12.0,6.0,3.0,21.0,4.0,14.0,0.0,0.0,7.0,64.0,0.0,0.0,0.0,31:27,29.0,45.0,0.644,383.0,1.0,8.5,5.96,70.9,0.0,0.0,20.0,70.0,3.5,1.0,65.0,453.0,6.97,2.0,2.0,2.0,2.0,4.0,220.0,14.0,4.0,2.0,20.0,5.0,12.0,0.0,1.0,7.0,53.0,1.0,3.0,4.0,28:33,0,TAM,NFC South,NFC South
7.0,7.0,2011-10-23,Sun,,CHI,L,18.0,24.0,,29.0,52.0,0.5579999999999999,250.0,2.0,4.8,2.12,49.4,1.0,14.0,11.0,30.0,2.727272727272727,0.0,64.0,280.0,4.38,1.0,1.0,1.0,1.0,8.0,381.0,13.0,2.0,1.0,16.0,4.0,14.0,0.0,0.0,8.0,69.0,0.0,4.0,4.0,26:48,17.0,32.0,0.531,218.0,1.0,6.8,4.63,59.1,2.0,8.0,33.0,177.0,5.363636363636363,2.0,67.0,395.0,5.9,2.0,1.0,3.0,3.0,6.0,228.0,9.0,8.0,2.0,19.0,4.0,13.0,0.0,0.0,7.0,54.0,0.0,2.0,2.0,33:12,0,TAM,NFC South,NFC North
8.0,9.0,2011-11-06,Sun,@,NOR,L,16.0,27.0,,27.0,37.0,0.73,281.0,1.0,7.6,8.14,103.5,1.0,0.0,20.0,84.0,4.2,0.0,58.0,365.0,6.29,3.0,3.0,1.0,1.0,3.0,119.0,9.0,4.0,5.0,18.0,2.0,12.0,1.0,2.0,9.0,80.0,0.0,0.0,0.0,29:56,27.0,36.0,0.75,258.0,2.0,7.2,7.03,101.4,0.0,0.0,28.0,195.0,6.964285714285714,1.0,64.0,453.0,7.08,3.0,2.0,3.0,3.0,2.0,113.0,14.0,10.0,1.0,25.0,5.0,10.0,0.0,0.0,8.0,63.0,0.0,1.0,1.0,30:04,0,TAM,NFC South,NFC South
9.0,10.0,2011-11-13,Sun,,HOU,L,9.0,37.0,,15.0,35.0,0.429,141.0,1.0,4.0,0.74,28.4,4.0,29.0,18.0,90.0,5.0,0.0,57.0,231.0,4.05,1.0,1.0,0.0,0.0,6.0,265.0,6.0,4.0,2.0,12.0,3.0,13.0,0.0,1.0,6.0,49.0,1.0,3.0,4.0,24:54,11.0,15.0,0.733,235.0,2.0,15.7,18.33,154.9,1.0,7.0,44.0,185.0,4.204545454545454,3.0,60.0,420.0,7.0,2.0,1.0,5.0,4.0,4.0,181.0,9.0,12.0,0.0,21.0,3.0,10.0,0.0,1.0,8.0,54.0,0.0,0.0,0.0,35:06,0,TAM,NFC South,AFC South
10.0,11.0,2011-11-20,Sun,@,GNB,L,26.0,35.0,,28.0,38.0,0.737,334.0,2.0,8.8,7.47,95.7,2.0,8.0,20.0,121.0,6.05,1.0,60.0,455.0,7.58,2.0,2.0,2.0,2.0,3.0,140.0,17.0,5.0,0.0,22.0,5.0,11.0,0.0,1.0,9.0,55.0,0.0,2.0,2.0,31:21,23.0,34.0,0.6759999999999999,287.0,3.0,8.4,8.88,110.8,2.0,12.0,23.0,91.0,3.9565217391304346,2.0,59.0,378.0,6.41,1.0,0.0,5.0,5.0,3.0,163.0,15.0,6.0,3.0,24.0,7.0,12.0,1.0,1.0,5.0,37.0,0.0,1.0,1.0,28:39,0,TAM,NFC South,NFC North
11.0,12.0,2011-11-27,Sun,@,TEN,L,17.0,23.0,,18.0,33.0,0.545,186.0,1.0,5.6,4.88,68.5,2.0,13.0,25.0,122.0,4.88,0.0,60.0,308.0,5.13,1.0,1.0,2.0,2.0,5.0,194.0,9.0,6.0,0.0,15.0,2.0,10.0,0.0,1.0,4.0,30.0,4.0,1.0,5.0,26:37,19.0,34.0,0.5589999999999999,150.0,1.0,4.4,2.35,52.3,2.0,10.0,35.0,202.0,5.771428571428571,0.0,71.0,352.0,4.96,4.0,3.0,2.0,2.0,3.0,88.0,10.0,8.0,0.0,18.0,7.0,17.0,1.0,2.0,5.0,50.0,2.0,2.0,4.0,33:23,0,TAM,NFC South,AFC South
12.0,13.0,2011-12-04,Sun,,CAR,L,19.0,38.0,,16.0,27.0,0.593,207.0,1.0,7.7,6.74,80.3,2.0,22.0,27.0,78.0,2.888888888888889,0.0,56.0,285.0,5.09,4.0,4.0,1.0,1.0,2.0,82.0,11.0,3.0,1.0,15.0,5.0,13.0,0.0,1.0,9.0,73.0,0.0,1.0,1.0,27:19,13.0,22.0,0.591,222.0,1.0,10.1,11.0,108.5,2.0,9.0,39.0,163.0,4.17948717948718,4.0,63.0,385.0,6.11,1.0,1.0,5.0,5.0,3.0,114.0,10.0,12.0,4.0,26.0,6.0,11.0,1.0,1.0,2.0,20.0,0.0,0.0,0.0,32:41,0,TAM,NFC South,NFC South
13.0,14.0,2011-12-11,Sun,@,JAX,L,14.0,41.0,,17.0,32.0,0.531,170.0,0.0,5.3,1.09,29.4,3.0,14.0,24.0,110.0,4.583333333333333,2.0,59.0,280.0,4.75,0.0,0.0,2.0,2.0,5.0,189.0,7.0,7.0,1.0,15.0,3.0,11.0,1.0,2.0,12.0,97.0,4.0,3.0,7.0,27:11,19.0,33.0,0.5760000000000001,209.0,2.0,6.3,4.82,71.4,1.0,8.0,33.0,116.0,3.515151515151515,2.0,67.0,325.0,4.85,0.0,0.0,5.0,5.0,7.0,290.0,10.0,7.0,4.0,21.0,5.0,15.0,0.0,0.0,8.0,80.0,0.0,2.0,2.0,32:49,0,TAM,NFC South,AFC South
14.0,15.0,2011-12-17,Sat,,DAL,L,15.0,31.0,,17.0,27.0,0.63,132.0,1.0,4.9,5.63,87.3,3.0,16.0,13.0,58.0,4.461538461538462,0.0,43.0,190.0,4.42,0.0,0.0,1.0,1.0,4.0,204.0,6.0,1.0,0.0,7.0,5.0,12.0,1.0,3.0,6.0,46.0,1.0,0.0,1.0,22:01,23.0,30.0,0.767,239.0,3.0,8.0,9.97,132.5,2.0,10.0,37.0,160.0,4.324324324324325,1.0,69.0,399.0,5.78,1.0,1.0,4.0,4.0,3.0,123.0,16.0,10.0,2.0,28.0,7.0,13.0,1.0,1.0,2.0,15.0,1.0,0.0,1.0,37:59,0,TAM,NFC South,NFC East
15.0,16.0,2011-12-24,Sat,@,CAR,L,16.0,48.0,,28.0,38.0,0.737,258.0,1.0,6.8,6.13,89.6,3.0,16.0,19.0,59.0,3.1052631578947367,1.0,60.0,317.0,5.28,1.0,1.0,1.0,1.0,1.0,59.0,13.0,6.0,4.0,23.0,5.0,11.0,1.0,3.0,7.0,64.0,3.0,1.0,4.0,32:57,12.0,17.0,0.706,163.0,3.0,9.6,13.12,140.4,1.0,8.0,31.0,270.0,8.709677419354838,3.0,49.0,433.0,8.84,2.0,2.0,6.0,6.0,2.0,93.0,6.0,12.0,2.0,20.0,0.0,6.0,2.0,2.0,8.0,77.0,0.0,0.0,0.0,27:03,0,TAM,NFC South,NFC South
16.0,17.0,2012-01-01,Sun,@,ATL,L,24.0,45.0,,31.0,45.0,0.6890000000000001,259.0,2.0,5.8,3.64,70.5,2.0,15.0,14.0,35.0,2.5,0.0,61.0,294.0,4.82,1.0,1.0,1.0,1.0,3.0,149.0,15.0,3.0,0.0,18.0,6.0,12.0,0.0,1.0,2.0,20.0,1.0,3.0,4.0,29:52,13.0,21.0,0.619,177.0,2.0,8.4,8.19,100.7,0.0,0.0,38.0,251.0,6.605263157894737,3.0,59.0,428.0,7.25,1.0,1.0,6.0,6.0,2.0,101.0,8.0,13.0,1.0,22.0,6.0,11.0,1.0,1.0,3.0,20.0,1.0,1.0,2.0,30:08,0,TAM,NFC South,NFC South
1.0,1.0,2011-09-11,Sun,@,JAX,L,14.0,16.0,,21.0,34.0,0.618,249.0,2.0,7.3,7.18,91.4,2.0,14.0,13.0,43.0,3.3076923076923075,0.0,49.0,292.0,5.96,1.0,0.0,2.0,2.0,7.0,291.0,11.0,1.0,1.0,13.0,4.0,11.0,0.0,0.0,7.0,60.0,0.0,1.0,1.0,20:22,17.0,24.0,0.708,160.0,0.0,6.7,6.67,88.9,2.0,15.0,47.0,163.0,3.4680851063829787,1.0,73.0,323.0,4.42,3.0,3.0,1.0,1.0,5.0,218.0,9.0,10.0,1.0,20.0,9.0,18.0,0.0,0.0,5.0,39.0,1.0,0.0,1.0,39:38,0,TEN,AFC South,AFC South
2.0,2.0,2011-09-18,Sun,,BAL,W,26.0,13.0,,30.0,42.0,0.7140000000000001,358.0,1.0,8.5,7.93,95.1,0.0,0.0,29.0,74.0,2.5517241379310347,1.0,71.0,432.0,6.08,5.0,4.0,2.0,2.0,3.0,119.0,16.0,3.0,2.0,21.0,7.0,17.0,2.0,2.0,6.0,70.0,0.0,1.0,1.0,35:52,15.0,32.0,0.469,184.0,1.0,5.8,3.56,49.5,3.0,13.0,17.0,45.0,2.647058823529412,0.0,52.0,229.0,4.4,2.0,2.0,1.0,1.0,5.0,225.0,11.0,2.0,2.0,15.0,3.0,10.0,0.0,0.0,7.0,44.0,1.0,2.0,3.0,24:08,0,TEN,AFC South,AFC North
3.0,3.0,2011-09-25,Sun,,DEN,W,17.0,14.0,,27.0,36.0,0.75,295.0,2.0,8.2,9.31,117.2,2.0,16.0,23.0,38.0,1.6521739130434785,0.0,61.0,333.0,5.46,1.0,1.0,2.0,2.0,4.0,176.0,14.0,2.0,1.0,17.0,8.0,15.0,1.0,1.0,11.0,80.0,2.0,0.0,2.0,30:54,24.0,39.0,0.615,172.0,2.0,4.4,3.13,67.5,1.0,1.0,23.0,59.0,2.565217391304348,0.0,63.0,231.0,3.67,0.0,0.0,2.0,2.0,5.0,246.0,14.0,2.0,3.0,19.0,8.0,15.0,0.0,1.0,1.0,15.0,0.0,2.0,2.0,29:06,0,TEN,AFC South,AFC West
4.0,4.0,2011-10-02,Sun,@,CLE,W,31.0,13.0,,10.0,21.0,0.476,220.0,3.0,10.5,11.19,105.2,0.0,0.0,29.0,112.0,3.8620689655172415,0.0,50.0,332.0,6.64,1.0,1.0,4.0,4.0,6.0,237.0,7.0,6.0,0.0,13.0,4.0,12.0,0.0,0.0,5.0,45.0,0.0,1.0,1.0,23:07,40.0,61.0,0.6559999999999999,332.0,1.0,5.4,5.03,78.0,4.0,18.0,22.0,84.0,3.8181818181818175,0.0,87.0,416.0,4.78,2.0,2.0,1.0,1.0,4.0,155.0,19.0,3.0,3.0,25.0,8.0,20.0,2.0,5.0,5.0,40.0,0.0,1.0,1.0,36:53,0,TEN,AFC South,AFC North
5.0,5.0,2011-10-09,Sun,@,PIT,L,17.0,38.0,,29.0,49.0,0.5920000000000001,240.0,1.0,4.9,4.39,70.1,3.0,22.0,18.0,66.0,3.6666666666666665,1.0,70.0,306.0,4.37,1.0,1.0,2.0,2.0,4.0,169.0,11.0,6.0,3.0,20.0,7.0,15.0,1.0,2.0,9.0,70.0,0.0,1.0,1.0,27:38,25.0,35.0,0.7140000000000001,257.0,5.0,7.3,8.91,119.9,1.0,4.0,28.0,174.0,6.214285714285714,0.0,64.0,431.0,6.73,1.0,1.0,5.0,5.0,2.0,48.0,15.0,9.0,2.0,26.0,7.0,12.0,1.0,1.0,5.0,51.0,0.0,1.0,1.0,32:22,0,TEN,AFC South,AFC North
6.0,7.0,2011-10-23,Sun,,HOU,L,7.0,41.0,,15.0,31.0,0.484,95.0,1.0,3.1,0.81,39.0,2.0,21.0,15.0,53.0,3.533333333333333,0.0,48.0,148.0,3.08,0.0,0.0,1.0,1.0,7.0,319.0,6.0,2.0,3.0,11.0,2.0,10.0,1.0,1.0,8.0,76.0,0.0,2.0,2.0,22:02,18.0,23.0,0.7829999999999999,296.0,2.0,12.9,14.61,147.7,0.0,0.0,47.0,222.0,4.723404255319149,2.0,70.0,518.0,7.4,2.0,2.0,5.0,5.0,2.0,96.0,13.0,14.0,2.0,29.0,7.0,13.0,0.0,2.0,6.0,68.0,0.0,0.0,0.0,37:58,0,TEN,AFC South,AFC South
7.0,8.0,2011-10-30,Sun,,IND,W,27.0,10.0,,23.0,33.0,0.6970000000000001,215.0,1.0,6.5,7.12,97.4,1.0,9.0,31.0,96.0,3.096774193548387,1.0,65.0,311.0,4.78,2.0,2.0,3.0,3.0,8.0,330.0,11.0,4.0,2.0,17.0,7.0,17.0,0.0,0.0,3.0,40.0,0.0,0.0,0.0,31:28,26.0,49.0,0.531,241.0,0.0,4.9,3.08,49.8,2.0,9.0,26.0,158.0,6.076923076923077,1.0,77.0,399.0,5.18,1.0,1.0,1.0,1.0,7.0,269.0,13.0,8.0,1.0,22.0,6.0,17.0,0.0,2.0,10.0,66.0,0.0,2.0,2.0,28:32,0,TEN,AFC South,AFC South
8.0,9.0,2011-11-06,Sun,,CIN,L,17.0,24.0,,24.0,41.0,0.585,250.0,2.0,6.1,7.07,92.5,2.0,22.0,20.0,78.0,3.9,0.0,63.0,328.0,5.21,1.0,1.0,2.0,2.0,7.0,320.0,14.0,3.0,2.0,19.0,5.0,14.0,1.0,1.0,7.0,100.0,1.0,0.0,1.0,27:05,22.0,39.0,0.564,210.0,3.0,5.4,6.92,97.2,1.0,7.0,30.0,109.0,3.633333333333333,0.0,70.0,319.0,4.56,1.0,1.0,3.0,3.0,7.0,308.0,11.0,7.0,2.0,20.0,8.0,16.0,0.0,0.0,9.0,87.0,0.0,0.0,0.0,32:55,0,TEN,AFC South,AFC North
9.0,10.0,2011-11-13,Sun,@,CAR,W,30.0,3.0,,15.0,27.0,0.556,211.0,1.0,7.8,6.89,77.9,1.0,8.0,35.0,172.0,4.914285714285715,1.0,63.0,383.0,6.08,3.0,3.0,3.0,3.0,5.0,221.0,9.0,8.0,5.0,22.0,3.0,13.0,0.0,0.0,9.0,92.0,0.0,1.0,1.0,32:36,23.0,40.0,0.575,166.0,0.0,4.2,3.03,56.9,5.0,46.0,19.0,113.0,5.947368421052632,0.0,64.0,279.0,4.36,2.0,1.0,0.0,0.0,8.0,365.0,9.0,5.0,2.0,16.0,3.0,14.0,0.0,0.0,12.0,99.0,1.0,1.0,2.0,27:24,0,TEN,AFC South,NFC South
10.0,11.0,2011-11-20,Sun,@,ATL,L,17.0,23.0,,22.0,44.0,0.5,257.0,2.0,5.8,5.73,73.8,1.0,7.0,14.0,41.0,2.9285714285714284,0.0,59.0,298.0,5.05,1.0,1.0,2.0,2.0,5.0,225.0,13.0,4.0,0.0,17.0,8.0,14.0,1.0,1.0,10.0,86.0,0.0,1.0,1.0,23:01,22.0,32.0,0.688,316.0,1.0,9.9,10.5,110.9,0.0,0.0,36.0,116.0,3.2222222222222223,1.0,68.0,432.0,6.35,3.0,3.0,2.0,2.0,2.0,66.0,13.0,7.0,5.0,25.0,4.0,12.0,1.0,1.0,5.0,55.0,1.0,0.0,1.0,36:59,0,TEN,AFC South,NFC South
11.0,12.0,2011-11-27,Sun,,TAM,W,23.0,17.0,,19.0,34.0,0.5589999999999999,150.0,1.0,4.4,2.35,52.3,2.0,10.0,35.0,202.0,5.771428571428571,0.0,71.0,352.0,4.96,4.0,3.0,2.0,2.0,3.0,88.0,10.0,8.0,0.0,18.0,7.0,17.0,1.0,2.0,5.0,50.0,2.0,2.0,4.0,33:23,18.0,33.0,0.545,186.0,1.0,5.6,4.88,68.5,2.0,13.0,25.0,122.0,4.88,0.0,60.0,308.0,5.13,1.0,1.0,2.0,2.0,5.0,194.0,9.0,6.0,0.0,15.0,2.0,10.0,0.0,1.0,4.0,30.0,4.0,1.0,5.0,26:37,0,TEN,AFC South,NFC South
12.0,13.0,2011-12-04,Sun,@,BUF,W,23.0,17.0,,16.0,25.0,0.64,130.0,0.0,5.2,5.2,77.1,1.0,10.0,31.0,187.0,6.032258064516129,2.0,57.0,317.0,5.56,3.0,3.0,2.0,2.0,5.0,239.0,6.0,12.0,0.0,18.0,2.0,11.0,1.0,1.0,3.0,20.0,0.0,0.0,0.0,28:14,29.0,46.0,0.63,282.0,1.0,6.1,6.57,87.4,1.0,6.0,23.0,104.0,4.521739130434782,0.0,70.0,386.0,5.51,1.0,1.0,2.0,2.0,4.0,194.0,12.0,6.0,0.0,18.0,7.0,16.0,2.0,4.0,2.0,15.0,2.0,0.0,2.0,31:46,0,TEN,AFC South,AFC East
13.0,14.0,2011-12-11,Sun,,NOR,L,17.0,22.0,,18.0,36.0,0.5,314.0,1.0,8.7,9.28,89.4,2.0,12.0,17.0,59.0,3.4705882352941178,1.0,55.0,373.0,6.78,1.0,1.0,2.0,2.0,5.0,226.0,10.0,5.0,2.0,17.0,1.0,10.0,1.0,2.0,8.0,54.0,0.0,0.0,0.0,22:27,36.0,47.0,0.7659999999999999,323.0,2.0,6.9,7.72,108.7,2.0,14.0,26.0,114.0,4.384615384615385,0.0,75.0,437.0,5.83,3.0,3.0,1.0,1.0,5.0,249.0,14.0,9.0,1.0,24.0,11.0,19.0,0.0,0.0,11.0,95.0,0.0,0.0,0.0,37:33,0,TEN,AFC South,NFC South
14.0,15.0,2011-12-18,Sun,@,IND,L,13.0,27.0,,38.0,56.0,0.679,322.0,1.0,5.8,4.5,73.7,1.0,9.0,19.0,66.0,3.473684210526316,0.0,76.0,388.0,5.11,2.0,2.0,1.0,1.0,7.0,329.0,18.0,2.0,1.0,21.0,6.0,16.0,0.0,1.0,7.0,70.0,1.0,2.0,3.0,31:57,11.0,17.0,0.647,82.0,1.0,4.8,6.0,95.7,0.0,0.0,34.0,205.0,6.029411764705882,1.0,51.0,287.0,5.63,2.0,2.0,3.0,3.0,7.0,321.0,2.0,8.0,0.0,10.0,3.0,12.0,0.0,0.0,4.0,25.0,1.0,0.0,1.0,28:03,0,TEN,AFC South,AFC South
15.0,16.0,2011-12-24,Sat,,JAX,W,23.0,17.0,,24.0,40.0,0.6,342.0,1.0,8.6,6.8,75.2,1.0,8.0,25.0,65.0,2.6,1.0,66.0,407.0,6.17,3.0,3.0,2.0,2.0,4.0,172.0,14.0,3.0,3.0,20.0,3.0,12.0,0.0,0.0,0.0,0.0,1.0,2.0,3.0,30:59,21.0,42.0,0.5,187.0,0.0,4.5,3.38,52.4,1.0,11.0,28.0,113.0,4.035714285714286,2.0,71.0,300.0,4.23,1.0,1.0,2.0,2.0,9.0,406.0,12.0,6.0,0.0,18.0,5.0,18.0,2.0,3.0,6.0,28.0,0.0,1.0,1.0,29:01,0,TEN,AFC South,AFC South
16.0,17.0,2012-01-01,Sun,@,HOU,W,23.0,22.0,,22.0,35.0,0.629,275.0,2.0,7.9,9.0,106.2,3.0,22.0,22.0,86.0,3.909090909090909,0.0,60.0,361.0,6.02,3.0,3.0,2.0,2.0,6.0,286.0,15.0,2.0,0.0,17.0,6.0,14.0,0.0,0.0,6.0,47.0,1.0,0.0,1.0,25:22,22.0,32.0,0.688,235.0,1.0,7.3,7.97,100.4,3.0,23.0,30.0,152.0,5.066666666666666,1.0,65.0,387.0,5.95,3.0,3.0,1.0,1.0,6.0,268.0,11.0,9.0,2.0,22.0,5.0,14.0,0.0,0.0,7.0,55.0,1.0,0.0,1.0,34:38,0,TEN,AFC South,AFC South
1.0,1.0,2011-09-11,Sun,,NYG,W,28.0,14.0,,21.0,34.0,0.618,258.0,2.0,7.6,8.76,104.8,4.0,47.0,26.0,74.0,2.8461538461538463,1.0,64.0,332.0,5.19,1.0,0.0,4.0,4.0,6.0,258.0,17.0,3.0,1.0,21.0,5.0,15.0,1.0,1.0,3.0,25.0,1.0,0.0,1.0,32:36,18.0,32.0,0.563,240.0,0.0,7.5,6.09,67.2,4.0,28.0,20.0,75.0,3.75,2.0,56.0,315.0,5.63,1.0,0.0,2.0,2.0,6.0,271.0,10.0,5.0,0.0,15.0,1.0,10.0,0.0,1.0,8.0,63.0,0.0,1.0,1.0,27:24,0,WAS,NFC East,NFC East
2.0,2.0,2011-09-18,Sun,,ARI,W,22.0,21.0,,25.0,43.0,0.581,283.0,2.0,6.6,5.42,74.1,1.0,8.0,35.0,172.0,4.914285714285715,0.0,79.0,455.0,5.76,4.0,3.0,1.0,1.0,3.0,118.0,13.0,10.0,5.0,28.0,6.0,17.0,1.0,1.0,3.0,15.0,0.0,2.0,2.0,38:30,17.0,30.0,0.5670000000000001,231.0,2.0,7.7,7.53,89.7,3.0,20.0,15.0,93.0,6.2,1.0,48.0,324.0,6.75,0.0,0.0,3.0,3.0,6.0,294.0,10.0,6.0,0.0,16.0,3.0,9.0,0.0,0.0,10.0,97.0,1.0,1.0,2.0,21:30,0,WAS,NFC East,NFC West
3.0,3.0,2011-09-26,Mon,@,DAL,L,16.0,18.0,,22.0,37.0,0.595,233.0,1.0,6.3,5.62,75.6,3.0,17.0,22.0,65.0,2.9545454545454546,0.0,62.0,298.0,4.81,4.0,3.0,1.0,1.0,5.0,232.0,16.0,3.0,1.0,20.0,3.0,12.0,0.0,0.0,4.0,35.0,1.0,1.0,2.0,28:24,22.0,36.0,0.611,250.0,0.0,6.9,5.69,70.4,1.0,5.0,26.0,125.0,4.8076923076923075,0.0,63.0,375.0,5.95,6.0,6.0,0.0,0.0,3.0,152.0,12.0,2.0,3.0,17.0,3.0,13.0,0.0,0.0,6.0,55.0,1.0,1.0,2.0,31:36,0,WAS,NFC East,NFC East
4.0,4.0,2011-10-02,Sun,@,LAR,W,17.0,10.0,,15.0,29.0,0.517,143.0,1.0,4.9,2.52,48.5,0.0,0.0,40.0,196.0,4.9,1.0,69.0,339.0,4.91,1.0,1.0,2.0,2.0,7.0,321.0,8.0,8.0,0.0,16.0,9.0,18.0,0.0,0.0,10.0,96.0,0.0,2.0,2.0,35:10,20.0,43.0,0.465,127.0,1.0,3.0,3.42,61.1,7.0,37.0,17.0,45.0,2.6470588235294117,0.0,67.0,172.0,2.57,1.0,1.0,1.0,1.0,8.0,360.0,11.0,1.0,2.0,14.0,6.0,18.0,1.0,2.0,9.0,65.0,1.0,0.0,1.0,24:50,0,WAS,NFC East,NFC West
5.0,6.0,2011-10-16,Sun,,PHI,L,13.0,20.0,,17.0,37.0,0.45899999999999996,245.0,0.0,6.6,1.76,28.4,2.0,15.0,14.0,42.0,3.0,1.0,53.0,287.0,5.42,2.0,2.0,1.0,1.0,4.0,170.0,12.0,2.0,3.0,17.0,1.0,10.0,1.0,1.0,9.0,75.0,0.0,4.0,4.0,21:52,18.0,32.0,0.563,230.0,1.0,7.2,5.0,63.3,2.0,7.0,38.0,192.0,5.052631578947368,1.0,72.0,422.0,5.86,2.0,2.0,2.0,2.0,3.0,131.0,9.0,11.0,2.0,22.0,6.0,16.0,1.0,2.0,8.0,60.0,0.0,2.0,2.0,38:08,0,WAS,NFC East,NFC East
6.0,7.0,2011-10-23,Sun,@,CAR,L,20.0,33.0,,22.0,37.0,0.595,261.0,1.0,7.1,6.38,78.8,3.0,18.0,23.0,92.0,4.0,1.0,63.0,353.0,5.6,2.0,2.0,2.0,2.0,1.0,37.0,14.0,6.0,2.0,22.0,5.0,12.0,0.0,2.0,3.0,26.0,2.0,1.0,3.0,24:30,18.0,23.0,0.7829999999999999,232.0,1.0,10.1,10.96,123.2,4.0,24.0,37.0,175.0,4.72972972972973,2.0,64.0,407.0,6.36,4.0,4.0,3.0,3.0,3.0,116.0,10.0,10.0,0.0,20.0,5.0,12.0,0.0,0.0,13.0,105.0,0.0,0.0,0.0,35:30,0,WAS,NFC East,NFC South
7.0,8.0,2011-10-30,Sun,@,BUF,L,0.0,23.0,,20.0,33.0,0.606,152.0,0.0,4.6,1.88,46.5,10.0,56.0,11.0,26.0,2.3636363636363638,0.0,54.0,178.0,3.3,1.0,0.0,0.0,0.0,6.0,284.0,10.0,0.0,0.0,10.0,4.0,14.0,0.0,2.0,4.0,59.0,0.0,2.0,2.0,25:09,21.0,27.0,0.778,252.0,2.0,9.3,9.15,114.8,2.0,10.0,33.0,138.0,4.181818181818182,0.0,62.0,390.0,6.29,4.0,3.0,2.0,2.0,3.0,135.0,11.0,5.0,1.0,17.0,7.0,14.0,0.0,0.0,6.0,35.0,1.0,1.0,2.0,34:51,0,WAS,NFC East,AFC East
8.0,9.0,2011-11-06,Sun,,SFO,L,11.0,19.0,,30.0,47.0,0.638,251.0,1.0,5.3,4.81,75.8,2.0,3.0,14.0,52.0,3.7142857142857144,0.0,63.0,303.0,4.81,1.0,1.0,0.0,0.0,5.0,244.0,14.0,2.0,1.0,17.0,5.0,12.0,0.0,2.0,3.0,35.0,2.0,1.0,3.0,27:41,17.0,24.0,0.708,188.0,1.0,7.8,8.67,107.6,2.0,12.0,32.0,138.0,4.3125,0.0,58.0,326.0,5.62,4.0,4.0,1.0,1.0,5.0,223.0,10.0,5.0,0.0,15.0,3.0,12.0,0.0,0.0,9.0,55.0,1.0,0.0,1.0,32:19,0,WAS,NFC East,NFC West
9.0,10.0,2011-11-13,Sun,@,MIA,L,9.0,20.0,,21.0,32.0,0.6559999999999999,185.0,0.0,5.8,2.97,54.8,3.0,30.0,16.0,61.0,3.8125,0.0,51.0,246.0,4.82,5.0,3.0,0.0,0.0,2.0,93.0,11.0,3.0,2.0,16.0,5.0,13.0,0.0,0.0,6.0,51.0,0.0,2.0,2.0,26:27,20.0,29.0,0.69,200.0,0.0,6.9,5.34,73.9,2.0,9.0,33.0,103.0,3.121212121212121,2.0,64.0,303.0,4.73,3.0,2.0,2.0,2.0,1.0,49.0,13.0,4.0,3.0,20.0,8.0,14.0,0.0,1.0,6.0,55.0,1.0,1.0,2.0,33:33,0,WAS,NFC East,AFC East
10.0,11.0,2011-11-20,Sun,,DAL,L,24.0,27.0,OT,25.0,38.0,0.6579999999999999,279.0,2.0,7.3,7.21,94.1,3.0,13.0,24.0,60.0,2.5,1.0,65.0,339.0,5.22,3.0,1.0,3.0,3.0,5.0,243.0,13.0,2.0,3.0,18.0,6.0,15.0,0.0,0.0,6.0,59.0,1.0,1.0,2.0,33:20,23.0,37.0,0.622,264.0,3.0,7.1,8.76,110.6,4.0,28.0,32.0,89.0,2.78125,0.0,73.0,353.0,4.84,2.0,2.0,3.0,3.0,7.0,286.0,13.0,6.0,1.0,20.0,8.0,17.0,1.0,1.0,9.0,48.0,0.0,0.0,0.0,36:01,0,WAS,NFC East,NFC East
11.0,12.0,2011-11-27,Sun,@,SEA,W,23.0,17.0,,26.0,35.0,0.743,306.0,2.0,8.7,7.31,95.7,1.0,8.0,29.0,110.0,3.793103448275862,1.0,65.0,416.0,6.4,2.0,1.0,3.0,2.0,4.0,178.0,15.0,4.0,3.0,22.0,3.0,10.0,0.0,0.0,10.0,115.0,0.0,2.0,2.0,33:20,14.0,30.0,0.467,126.0,2.0,4.2,4.03,66.8,2.0,18.0,30.0,124.0,4.133333333333334,0.0,62.0,250.0,4.03,2.0,1.0,2.0,2.0,6.0,267.0,8.0,6.0,1.0,15.0,6.0,16.0,0.0,1.0,9.0,91.0,0.0,1.0,1.0,26:40,0,WAS,NFC East,NFC West
12.0,13.0,2011-12-04,Sun,,NYJ,L,19.0,34.0,,19.0,46.0,0.413,204.0,0.0,4.4,3.46,45.9,2.0,17.0,23.0,100.0,4.3478260869565215,1.0,71.0,304.0,4.28,4.0,4.0,1.0,1.0,6.0,224.0,11.0,5.0,1.0,17.0,5.0,16.0,0.0,0.0,6.0,50.0,2.0,1.0,3.0,27:48,19.0,32.0,0.594,165.0,1.0,5.2,5.78,83.5,0.0,0.0,30.0,101.0,3.3666666666666667,3.0,62.0,266.0,4.29,3.0,2.0,4.0,4.0,5.0,223.0,9.0,6.0,1.0,16.0,4.0,13.0,1.0,1.0,6.0,40.0,1.0,0.0,1.0,32:12,0,WAS,NFC East,AFC East
13.0,14.0,2011-12-11,Sun,,NWE,L,27.0,34.0,,20.0,33.0,0.606,293.0,3.0,8.9,9.33,107.3,2.0,8.0,34.0,170.0,5.0,0.0,69.0,463.0,6.71,2.0,2.0,3.0,3.0,3.0,112.0,13.0,9.0,3.0,25.0,7.0,14.0,0.0,0.0,8.0,73.0,1.0,1.0,2.0,36:09,22.0,37.0,0.595,352.0,3.0,9.5,9.92,107.0,1.0,5.0,20.0,79.0,3.95,0.0,58.0,431.0,7.43,2.0,2.0,4.0,4.0,3.0,135.0,14.0,6.0,2.0,22.0,5.0,11.0,0.0,0.0,4.0,47.0,0.0,1.0,1.0,23:51,0,WAS,NFC East,AFC East
14.0,15.0,2011-12-18,Sun,@,NYG,W,23.0,10.0,,15.0,24.0,0.625,177.0,1.0,7.4,4.46,64.1,1.0,8.0,40.0,123.0,3.075,1.0,65.0,300.0,4.62,3.0,3.0,2.0,2.0,2.0,66.0,9.0,8.0,2.0,19.0,8.0,15.0,1.0,2.0,2.0,48.0,0.0,2.0,2.0,35:00,23.0,40.0,0.575,233.0,0.0,5.8,2.45,43.0,3.0,24.0,18.0,91.0,5.055555555555555,1.0,61.0,324.0,5.31,2.0,1.0,1.0,1.0,4.0,196.0,15.0,6.0,1.0,22.0,3.0,9.0,0.0,1.0,8.0,75.0,0.0,3.0,3.0,25:00,0,WAS,NFC East,NFC East
15.0,16.0,2011-12-24,Sat,,MIN,L,26.0,33.0,,26.0,41.0,0.634,256.0,2.0,6.2,6.12,87.0,3.0,28.0,24.0,141.0,5.875,0.0,68.0,397.0,5.84,4.0,4.0,2.0,2.0,2.0,79.0,16.0,7.0,0.0,23.0,3.0,10.0,0.0,0.0,8.0,64.0,1.0,1.0,2.0,30:26,12.0,18.0,0.667,148.0,2.0,8.2,10.44,128.9,2.0,4.0,38.0,241.0,6.342105263157895,2.0,58.0,389.0,6.71,3.0,2.0,4.0,3.0,3.0,133.0,8.0,10.0,2.0,20.0,4.0,11.0,0.0,0.0,4.0,40.0,0.0,0.0,0.0,29:34,0,WAS,NFC East,NFC North
16.0,17.0,2012-01-01,Sun,@,PHI,L,10.0,34.0,,22.0,45.0,0.489,247.0,1.0,5.5,4.93,63.8,1.0,9.0,25.0,130.0,5.2,0.0,71.0,377.0,5.31,2.0,1.0,1.0,1.0,5.0,183.0,12.0,7.0,2.0,21.0,6.0,16.0,0.0,2.0,6.0,71.0,0.0,1.0,1.0,30:41,24.0,39.0,0.615,315.0,3.0,8.1,8.46,102.0,2.0,20.0,19.0,75.0,3.9473684210526314,1.0,60.0,390.0,6.5,2.0,2.0,4.0,4.0,4.0,201.0,17.0,6.0,1.0,24.0,5.0,11.0,0.0,0.0,8.0,75.0,1.0,1.0,2.0,29:19,0,WAS,NFC East,NFC East
