Aw_Tm,Aw_G,Aw_W,Aw_Wpct,Aw_Poss,Aw_TotPoss,Aw_OppPoss,Aw_TotOppPoss,Aw_PassOffEff,Aw_RushOffEff,Aw_PassDefEff,Aw_RushDefEff,Aw_TmOffEff,Aw_TmDefEff,Aw_TmEff,Aw_TmLuckW,Aw_Pts,Aw_TotPts,Aw_TotScorePlays,Aw_OppPts,Aw_TotOppPts,Aw_TotOppScorePlays,Aw_TmDiv,Aw_WStreak,Aw_AvgMoV,Aw_TotPtDiff,Aw_OppSOS,Aw_PassCmppct,Aw_PassAdjYdsAtt,Aw_RushYdsAtt,Aw_PassTDG,Aw_RushTDG,Aw_FGpct,Aw_PenYdsG,Aw_TOVG,Aw_TO,Aw_Dwn3Conv,Aw_OppPassCmppct,Aw_OppPassAdjYdsAtt,Aw_OppRushYdsAtt,Aw_OppPassTDG,Aw_OppRushTDG,Aw_OppFGpct,Aw_OppPenYdsG,Aw_OppTOVG,Aw_OppDwn3Conv,Aw_TmLuck,Game Date,Aw_Season,Aw_OffEffAdj,Aw_DefEffAdj,Hm_Tm,Hm_G,Hm_W,Hm_Wpct,Hm_Poss,Hm_TotPoss,Hm_OppPoss,Hm_TotOppPoss,Hm_PassOffEff,Hm_RushOffEff,Hm_PassDefEff,Hm_RushDefEff,Hm_TmOffEff,Hm_TmDefEff,Hm_TmEff,Hm_TmLuckW,Hm_Pts,Hm_TotPts,Hm_TotScorePlays,Hm_OppPts,Hm_TotOppPts,Hm_TotOppScorePlays,Hm_TmDiv,Hm_WStreak,Hm_AvgMoV,Hm_TotPtDiff,Hm_OppSOS,Hm_PassCmppct,Hm_PassAdjYdsAtt,Hm_RushYdsAtt,Hm_PassTDG,Hm_RushTDG,Hm_FGpct,Hm_PenYdsG,Hm_TOVG,Hm_TO,Hm_Dwn3Conv,Hm_OppPassCmppct,Hm_OppPassAdjYdsAtt,Hm_OppRushYdsAtt,Hm_OppPassTDG,Hm_OppRushTDG,Hm_OppFGpct,Hm_OppPenYdsG,Hm_OppTOVG,Hm_OppDwn3Conv,Hm_TmLuck,Hm_Season,Hm_OffEffAdj,Hm_DefEffAdj,Matchup,Home Team,Home Pts,Home Elo,Home Lg Rank,Away Team,Away Pts,Away Elo,Away Lg Rank,Home W,Home Pt Diff,Home Spread,Home Spread W,Home Moneyline,Away Moneyline,Divisional Game,Playoff Game
ARI,1.0,1.0,1.0,10.0,10,12.0,12,27.900000000000006,-0.11580105212816871,8.299999999999997,-1.3350603113874278,2.8,1.75,1.0499999999999998,0.6641417727632203,28.0,28.0,3.0,21.0,21.0,3.0,NFC West,1,7.0,7,0.5,0.667,12.41,3.96,2.0,1.0,0.0,61.0,1.0,0.0,0.4166666666666667,0.649,10.76,2.740740740740741,2.0,1.0,,74.0,1.0,0.4166666666666667,0.3358582272367797,2011-09-18,2011,0.40075746817103386,0.08396455680919493,WAS,1.0,1.0,1.0,11.0,11,11.0,11,4.799999999999997,-1.2296472059743224,-32.8,-0.3258010521281687,2.5454545454545454,1.2727272727272727,1.2727272727272727,0.8379099807553964,28.0,28.0,3.0,14.0,14.0,2.0,NFC East,1,14.0,14,0.5,0.618,8.76,2.8461538461538463,2.0,1.0,0.0,25.0,1.0,0.0,0.3333333333333333,0.563,6.09,3.75,0.0,2.0,0.0,63.0,1.0,0.3333333333333333,0.16209001924460364,2011,0.31693364161216464,0.029470912589927935,ARI vs. WAS,WAS,22,1550.0,1.0,ARI,21,1550.0,1.0,1,1,-4.5,0,-215.0,193.0,0,0
ARI,2.0,1.0,0.5,10.5,21,11.5,23,8.800000000000004,1.0041989478718314,-8.800000000000004,-0.24828782461494092,2.3545454545454545,1.875,0.4795454545454545,1.1366065501128155,24.5,49.0,6.0,21.5,43.0,8.0,NFC West,-1,3.0,6,1.0,0.617,9.97,5.08,2.0,1.0,0.0,79.0,1.5,0.0,0.375,0.615,8.09,3.8275132275132275,2.0,0.5,0.75,44.5,1.5,0.375,-0.13660655011281553,2011-09-25,2011,0.2661990642695978,0.15015538258907557,SEA,2.0,0.0,0.0,11.0,22,9.5,19,-23.85,-1.4289479052750218,2.5,-0.9762474806995973,0.6538461538461539,2.9833333333333334,-2.329487179487179,0.17193042417505228,8.5,17.0,3.0,28.5,57.0,9.0,NFC West,-2,-20.0,-40,0.0,0.629,4.32,2.6468531468531467,1.0,0.0,1.0,69.0,1.5,-3.0,0.25,0.746,8.215,3.0995535714285714,0.5,1.5,0.75,75.0,0.0,0.25,-0.17193042417505228,2011,0.12464110744261006,0.19612174164275076,ARI vs. SEA,SEA,13,1400.0,26.0,ARI,10,1500.0,8.0,1,3,3.0,1,140.0,-155.0,1,0
NYG,3.0,2.0,0.6666666666666666,10.666666666666666,32,11.333333333333334,34,0.1333333333333305,-0.4219414030053617,-24.133333333333336,-0.6169953841119744,2.2760942760942764,1.7920745920745922,0.48401968401968404,1.7559963197515542,23.666666666666668,71.0,9.0,20.0,60.0,11.0,NFC East,2,3.6666666666666665,11,0.25,0.6306666666666666,8.763333333333334,3.6538596491228073,2.0,1.0,0.0,46.333333333333336,0.6666666666666666,4.0,0.2833333333333333,0.5876666666666667,6.006666666666667,3.4588056680161947,1.0,0.6666666666666666,0.6666666666666666,41.0,2.0,0.2833333333333333,0.24400368024844576,2011-10-02,2011,0.3041253450232918,0.2420003968895383,ARI,3.0,1.0,0.3333333333333333,10.666666666666666,32,11.666666666666666,35,-4.899999999999996,0.3822941859670695,-20.633333333333336,-0.1685700115637947,1.8727272727272728,1.611111111111111,0.2616161616161616,1.4859779787461396,19.666666666666668,59.0,8.0,18.666666666666668,56.0,11.0,NFC West,-2,1.0,3,0.5,0.625,8.049999999999999,4.458095238095239,1.6666666666666667,0.6666666666666666,0.16666666666666666,59.333333333333336,1.6666666666666667,-1.0,0.32142857142857145,0.6036666666666667,6.403333333333333,3.907231040564374,1.3333333333333333,0.6666666666666666,0.875,42.666666666666664,1.3333333333333333,0.32142857142857145,-0.48597797874613957,2011,0.20950183510448836,0.15861183079802343,NYG vs. ARI,ARI,27,1435.9935000197115,19.0,NYG,31,1547.9853938919734,4.0,0,-4,1.0,0,-103.0,-107.0,0,0
ARI,4.0,1.0,0.25,11.0,44,11.75,47,-12.474999999999998,0.48652037644325996,-13.75,-0.5828777717048882,1.9670454545454545,1.8541666666666667,0.11287878787878783,1.9048473878551213,21.5,86.0,13.0,21.75,87.0,16.0,NFC West,-3,-0.25,-1,0.5555555555555555,0.61575,7.265000000000001,4.562321428571429,1.25,1.25,0.4444444444444444,74.0,1.75,-1.0,0.30357142857142855,0.6214999999999999,6.965,3.4929232804232804,1.5,1.0,0.9166666666666666,45.75,1.5,0.30357142857142855,-0.9048473878551213,2011-10-09,2011,0.22861922703342855,0.17831086060807477,MIN,4.0,0.0,0.0,9.75,39,10.25,41,-24.925000000000004,1.5552519528378796,-5.024999999999999,-0.7984583899170854,1.9791666666666667,2.3777777777777778,-0.3986111111111111,1.479651055927105,19.25,77.0,14.0,24.0,96.0,20.0,NFC North,-4,-4.75,-19,0.3333333333333333,0.5695,4.8125,5.6310530049660485,1.0,0.75,1.0,66.75,0.75,0.0,0.3652597402597403,0.67875,7.4675,3.2773426622110833,1.5,0.75,1.0,50.25,0.75,0.3652597402597403,-1.479651055927105,2011,0.22618516164756747,0.18540840781376766,ARI vs. MIN,MIN,34,1324.7116470808544,29.0,ARI,10,1401.574497334724,22.0,1,24,-3.5,1,-190.0,171.0,0,0
PIT,6.0,4.0,0.6666666666666666,10.166666666666666,61,9.833333333333334,59,-11.766666666666667,0.49418000847789184,-18.916666666666668,0.2125974669155116,2.0548951048951047,1.674789562289562,0.38010554260554263,3.3488999796850263,19.833333333333332,119.0,20.0,17.0,102.0,18.0,AFC North,2,2.8333333333333335,17,0.32333333333333336,0.6206666666666667,7.37,4.56998106060606,1.5,0.6666666666666666,0.65,50.0,2.0,-10.0,0.4777777777777778,0.5745,5.544999999999999,4.288398519043681,1.0,0.6666666666666666,1.0,53.0,0.3333333333333333,0.4777777777777778,0.6511000203149737,2011-10-23,2011,0.3634480885418018,0.2873440688295749,ARI,5.0,1.0,0.2,11.4,57,11.8,59,-23.08,0.21572275739564084,-16.3,-0.35173269805981466,1.7274825174825175,2.05,-0.32251748251748263,1.9569837619530546,19.2,96.0,15.0,24.2,121.0,22.0,NFC West,-4,-5.0,-25,0.41666666666666663,0.5884,6.142,4.2915238095238095,1.0,1.2,0.5833333333333333,72.0,2.2,-4.0,0.33174603174603173,0.5923999999999999,7.095999999999999,3.724068354068354,1.2,1.6,0.8541666666666666,43.6,1.4,0.33174603174603173,-0.9569837619530546,2011,0.21279032831826028,0.22693680419333154,PIT vs. ARI,ARI,20,1340.6900374836607,20.0,PIT,32,1578.010638813353,6.0,0,-12,4.0,0,193.0,-215.0,0,0
ARI,6.0,1.0,0.16666666666666666,10.833333333333334,65,11.333333333333334,68,-21.73333333333333,0.14081966633465512,-10.066666666666668,-0.4307440904045403,1.8562354312354312,2.300925925925926,-0.44469049469049476,2.2041266847262344,19.333333333333332,116.0,18.0,25.5,153.0,28.0,NFC West,-5,-6.166666666666667,-37,0.4666666666666666,0.5785,6.353333333333334,4.216620718462823,1.1666666666666667,1.1666666666666667,0.5833333333333333,72.33333333333333,2.0,-5.0,0.33895502645502645,0.6048333333333333,7.683333333333333,3.6450569617236286,1.5,1.3333333333333333,0.8833333333333332,47.833333333333336,1.1666666666666667,0.33895502645502645,-1.2041266847262344,2011-10-30,2011,0.22134799916648148,0.260501109871729,BAL,6.0,4.0,0.6666666666666666,11.833333333333334,71,12.0,72,-26.616666666666664,-0.07705634332653395,-38.63333333333333,-0.7679221207147543,2.208721833721834,1.1832861582861582,1.0254356754356755,4.026340062787225,25.833333333333332,155.0,26.0,13.833333333333334,83.0,14.0,AFC North,-1,12.0,72,0.2866666666666667,0.5166666666666666,5.923333333333333,3.9987447088016346,1.3333333333333333,0.6666666666666666,0.7666666666666666,51.166666666666664,1.8333333333333333,4.0,0.3183712121212121,0.5138333333333334,4.33,3.3078789314134145,0.6666666666666666,0.16666666666666666,0.9333333333333332,69.0,2.5,0.3183712121212121,-0.02634006278722456,2011,0.3645895736327046,0.16118342389115475,ARI vs. BAL,BAL,30,1534.6651939605035,5.0,ARI,27,1320.365409817713,22.0,1,3,-12.0,0,-796.0,635.0,0,0
LAR,7.0,1.0,0.14285714285714285,11.428571428571429,80,10.857142857142858,76,-32.22857142857143,0.22938709339254468,-11.957142857142857,1.098256381998675,1.071928071928072,2.5868686868686868,-1.514940614940615,1.3091321269084948,12.428571428571429,87.0,16.0,27.428571428571427,192.0,28.0,NFC West,1,-15.0,-105,0.5468253968253968,0.5354285714285715,4.8185714285714285,4.305188145520714,0.5714285714285714,0.5714285714285714,0.8333333333333333,61.285714285714285,1.4285714285714286,-1.0,0.2868166497368178,0.5767142857142857,6.798571428571428,5.174057434126844,2.0,0.8571428571428571,0.7666666666666666,50.285714285714285,1.2857142857142858,0.2868166497368178,-0.3091321269084948,2011-11-06,2011,0.19116765351690015,0.29951936174165816,ARI,7.0,1.0,0.14285714285714285,10.857142857142858,76,11.571428571428571,81,-24.74285714285714,0.05749289703044212,-13.071428571428571,-0.36355442559582796,1.9417082917082917,2.301892551892552,-0.3601842601842602,2.6420229369700308,20.428571428571427,143.0,22.0,26.142857142857142,183.0,34.0,NFC West,-6,-5.714285714285714,-40,0.5,0.5638571428571428,5.942857142857143,4.1332939491586105,1.1428571428571428,1.1428571428571428,0.6666666666666666,75.14285714285714,1.8571428571428572,-4.0,0.3165069057926201,0.6052857142857143,7.294285714285714,3.7122466265323406,1.2857142857142858,1.5714285714285714,0.9027777777777777,55.142857142857146,1.2857142857142858,0.3165069057926201,-1.6420229369700308,2011,0.2215704800501115,0.2613249032504743,LAR vs. ARI,ARI,19,1297.8103658838909,23.0,LAR,13,1380.3059360598545,23.0,1,6,-1.0,1,-117.0,106.0,1,0
ARI,8.0,2.0,0.25,10.625,85,11.75,94,-23.8875,0.055537035738556895,-15.1,-0.29187096819808483,1.9628836441336441,2.139155982905983,-0.17627233877233878,3.352847151207261,20.25,162.0,25.0,24.5,196.0,37.0,NFC West,1,-4.25,-34,0.4489795918367347,0.56475,5.9575,4.131338087866726,1.125,1.0,0.7222222222222222,71.375,1.625,-3.0,0.30194354256854256,0.6095,7.035,3.783930083930084,1.125,1.375,0.8809523809523808,57.125,1.25,0.30194354256854256,-1.352847151207261,2011-11-13,2011,0.24438061944090955,0.27785193537943,PHI,8.0,3.0,0.375,10.375,83,10.5,84,-19.637500000000003,1.7803679028680175,-13.75,1.1405666116482172,2.5342352092352094,2.136016414141414,0.39821879509379515,4.422338834912696,25.375,203.0,35.0,22.75,182.0,30.0,NFC East,-1,2.625,21,0.5340136054421769,0.620125,6.2325,5.856168954996186,1.375,1.25,0.8875,48.125,2.375,-7.0,0.45914953102453104,0.5958749999999999,6.81125,5.216367663776386,1.75,0.875,0.8,45.75,1.5,0.45914953102453104,-1.4223388349126962,2011,0.3467140674368308,0.24900273058425465,ARI vs. PHI,PHI,17,1468.8543928023023,20.0,ARI,21,1359.4642425987695,24.0,0,-4,-13.5,0,-700.0,569.0,0,0
ARI,9.0,3.0,0.3333333333333333,10.88888888888889,98,11.88888888888889,107,-23.522222222222222,-0.06633577862211383,-20.988888888888887,0.05621087432820218,1.9242726409393076,2.0467711301044633,-0.12249848916515584,3.9754950665621323,20.333333333333332,183.0,28.0,23.666666666666668,213.0,39.0,NFC West,2,-3.3333333333333335,-30,0.43973214285714285,0.5603333333333333,5.995555555555556,4.009465273506056,1.3333333333333333,0.8888888888888888,0.619047619047619,70.77777777777777,1.6666666666666667,-3.0,0.3100609267275934,0.594111111111111,6.361111111111111,4.132011926456371,1.0,1.3333333333333333,0.8958333333333333,61.55555555555556,1.3333333333333333,0.3100609267275934,-0.9754950665621323,2011-11-20,2011,0.25474618836310686,0.28448150820776413,SFO,9.0,8.0,0.8888888888888888,11.11111111111111,100,11.666666666666666,105,-4.977777777777778,0.3202463248243807,-24.933333333333334,-0.5756799366397369,2.4522306397306397,1.32330940664274,1.1289212330878997,6.492895109025306,25.88888888888889,233.0,43.0,15.333333333333334,138.0,28.0,NFC West,7,10.555555555555555,95,0.5327380952380952,0.6503333333333333,7.251111111111111,4.396047376952549,1.2222222222222223,1.0,0.925925925925926,57.44444444444444,0.8888888888888888,13.0,0.2982924482924483,0.5961111111111111,5.466666666666667,3.5001211154884317,1.4444444444444444,0.0,0.8814814814814815,57.666666666666664,2.3333333333333335,0.2982924482924483,1.507104890974694,2011,0.502006122568791,0.28169199676962053,ARI vs. SFO,SFO,23,1760.8798238075285,2.0,ARI,7,1424.7063934213825,22.0,1,16,-10.0,1,-525.0,442.0,1,0
ARI,10.0,3.0,0.3,11.2,112,11.9,119,-28.47,0.2599904213000078,-20.71,-0.022296440766414526,1.7818453768453768,2.0337606837606836,-0.25191530691530695,4.031784417293797,19.0,190.0,29.0,23.6,236.0,44.0,NFC West,-1,-4.6,-46,0.4896384479717813,0.5443,5.493,4.335791473428176,1.3,0.8,0.619047619047619,71.2,2.0,-7.0,0.2901659451659452,0.5873,6.414,4.053504611361754,1.1,1.2,0.8518518518518517,64.1,1.3,0.2901659451659452,-1.0317844172937969,2011-11-27,2011,0.23221272490935704,0.2946230971756916,LAR,10.0,2.0,0.2,11.7,117,11.1,111,-32.489999999999995,0.029085901837171014,-14.63,0.700880780719898,1.0303496503496503,2.2910101010101007,-1.2606604506604506,2.1967564404180515,12.0,120.0,23.0,24.7,247.0,39.0,NFC West,-1,-12.7,-127,0.4591269841269841,0.5487,4.682,4.104886953965339,0.6,0.4,0.8452380952380951,60.5,1.6,-4.0,0.28886689291101053,0.5949,6.511,4.776681832848067,1.6,0.8,0.8222222222222223,55.7,1.2,0.28886689291101053,-0.19675644041805151,2011,0.19271333493195283,0.3093031520934198,ARI vs. LAR,LAR,20,1380.3059360598545,23.0,ARI,23,1297.8103658838909,23.0,0,-3,-1.0,0,-140.0,127.0,1,0
DAL,11.0,7.0,0.6363636363636364,10.818181818181818,119,10.818181818181818,119,-3.918181818181816,0.5251077972319732,-20.69090909090909,0.07149391414020047,2.3289596766869494,1.9328459419368509,0.39611373475009837,6.248022064485259,24.545454545454547,270.0,53.0,20.454545454545453,225.0,40.0,NFC East,4,4.090909090909091,45,0.5677380952380953,0.6455454545454545,7.719090909090909,4.600908849360142,2.0,0.36363636363636365,0.9666666666666666,55.54545454545455,1.5454545454545454,5.0,0.3794246603070132,0.62,5.7681818181818185,4.147294966268369,1.3636363636363635,0.5454545454545454,0.755,39.36363636363637,2.0,0.3794246603070132,0.7519779355147413,2011-12-04,2011,0.4758249278703448,0.328555475493193,ARI,11.0,4.0,0.36363636363636365,11.272727272727273,124,12.0,132,-32.38181818181818,0.5069758854381162,-20.554545454545455,-0.03542495915467316,1.7941018577382215,1.9887334887334887,-0.19463163099526737,4.6138444537301595,19.363636363636363,213.0,33.0,23.272727272727273,256.0,47.0,NFC West,1,-3.909090909090909,-43,0.4606746031746032,0.5422727272727272,5.057272727272728,4.582776937566285,1.1818181818181819,0.8181818181818182,0.6666666666666666,67.45454545454545,2.090909090909091,-8.0,0.2940902531811623,0.5821818181818181,6.416363636363636,4.040376092973496,1.0909090909090908,1.0909090909090908,0.8333333333333334,62.72727272727273,1.3636363636363635,0.2940902531811623,-0.6138444537301595,2011,0.2512779567645929,0.3038218393076326,DAL vs. ARI,ARI,19,1452.3770841956148,19.0,DAL,13,1610.0143856332488,8.0,1,6,4.0,1,180.0,-200.0,0,0
SFO,12.0,10.0,0.8333333333333334,11.0,132,11.5,138,-6.941666666666666,0.1467380153334756,-28.733333333333334,-0.5132831498239097,2.2514204545454546,1.2008153883153883,1.050605066230066,8.525271645850843,24.0,288.0,56.0,13.416666666666666,161.0,33.0,NFC West,1,10.583333333333334,127,0.49791420700511607,0.6403333333333333,7.140000000000001,4.222539067461644,1.25,0.75,0.9027777777777778,64.41666666666667,0.8333333333333334,18.0,0.2931637806637806,0.5801666666666666,5.1433333333333335,3.562517902304259,1.25,0.0,0.8933333333333333,54.083333333333336,2.3333333333333335,0.2931637806637806,1.474728354149157,2011-12-11,2011,0.47637928524769746,0.2485906012602187,ARI,12.0,5.0,0.4166666666666667,11.25,135,11.833333333333334,142,-29.175,0.46841114064092576,-19.55,-0.05962296690246446,1.7885327635327635,1.9313390313390313,-0.14280626780626782,5.324668667967391,19.333333333333332,232.0,37.0,22.416666666666668,269.0,50.0,NFC West,2,-3.0833333333333335,-37,0.47664633346451524,0.5504166666666667,5.449166666666667,4.544212192769094,1.1666666666666667,0.8333333333333334,0.7037037037037037,65.25,1.9166666666666667,-8.0,0.2952237577237577,0.5892499999999999,6.439166666666666,4.016178085225705,1.0833333333333333,1.0,0.8030303030303031,61.583333333333336,1.25,0.2952237577237577,-0.3246686679673907,2011,0.26665880202790526,0.3132432902591728,SFO vs. ARI,ARI,21,1424.7063934213825,22.0,SFO,19,1760.8798238075285,2.0,1,2,3.5,1,149.0,-165.0,1,0
CLE,13.0,4.0,0.3076923076923077,10.384615384615385,135,10.23076923076923,133,-26.0,-0.5641923408414803,-17.846153846153847,0.3424859080729685,1.3291076444922598,1.9207023745485283,-0.5915947300562685,4.701934416007979,13.692307692307692,178.0,37.0,19.53846153846154,254.0,47.0,AFC North,-3,-5.846153846153846,-76,0.4717171717171717,0.5826923076923077,5.151538461538461,3.5116087112866885,1.0769230769230769,0.23076923076923078,0.8435897435897436,49.07692307692308,1.2307692307692308,0.0,0.3854020979020979,0.5685384615384615,6.676923076923076,4.418286960201137,1.0,0.7692307692307693,0.9236111111111112,48.07692307692308,1.2307692307692308,0.3854020979020979,-0.7019344160079788,2011-12-18,2011,0.25927545675652697,0.3071191916990312,ARI,13.0,6.0,0.46153846153846156,11.384615384615385,148,12.0,156,-26.615384615384617,0.30280284487607906,-21.22307692307692,-0.03888941301872743,1.7752136752136753,1.8871700948624026,-0.11195641964872735,5.883691643183019,19.46153846153846,253.0,40.0,22.153846153846153,288.0,55.0,NFC West,3,-2.6923076923076925,-35,0.5063702501202502,0.5611538461538461,5.666923076923077,4.378603897004248,1.3076923076923077,0.7692307692307693,0.7037037037037037,63.69230769230769,2.0,-11.0,0.28899775438236974,0.5813076923076923,6.240769230769231,4.036911639109442,1.0,1.0,0.8027777777777777,59.53846153846154,1.1538461538461537,0.28899775438236974,0.11630835681698137,2011,0.2726883234265485,0.32859810632393194,CLE vs. ARI,ARI,20,1598.0458059230252,18.0,CLE,17,1365.2229964426344,24.0,1,3,-6.0,0,-245.0,218.0,0,0
ARI,14.0,7.0,0.5,11.428571428571429,160,11.928571428571429,167,-26.342857142857145,0.21028351889958513,-20.428571428571427,-0.03167374192063331,1.7674603174603174,1.86276184133327,-0.09530152387295245,6.478811046568993,19.5,273.0,44.0,21.785714285714285,305.0,58.0,NFC West,4,-2.2857142857142856,-32,0.49108733147194683,0.5645714285714286,5.672142857142857,4.286084571027754,1.2857142857142858,0.7857142857142857,0.7333333333333333,60.07142857142857,1.9285714285714286,-11.0,0.3040693433550577,0.5812857142857143,6.332142857142856,4.044127310207535,1.0,1.0,0.8179487179487179,60.57142857142857,1.1428571428571428,0.3040693433550577,0.5211889534310066,2011-12-24,2011,0.2852376401566805,0.3354272708721122,CIN,14.0,8.0,0.5714285714285714,11.714285714285714,164,11.785714285714286,165,-21.542857142857144,-0.26208385143503876,-13.957142857142856,-0.3587084231298852,1.8708707958707957,1.740680747823605,0.1301900480471909,7.576716512742972,21.785714285714285,305.0,55.0,20.214285714285715,283.0,50.0,AFC North,1,1.5714285714285714,22,0.4630164707087784,0.5830000000000001,5.8549999999999995,3.8137172006931297,1.3571428571428572,0.6428571428571429,0.9047619047619048,56.57142857142857,1.3571428571428572,0.0,0.3401598512058485,0.5952142857142857,6.582142857142857,3.7170926289982833,1.2857142857142858,0.8571428571428571,0.8214285714285714,52.285714285714285,1.3571428571428572,0.3401598512058485,0.42328348725702813,2011,0.3455054842330734,0.29054726162894,ARI vs. CIN,CIN,23,1520.447781475071,10.0,ARI,16,1618.7929338957858,14.0,1,7,-3.5,1,-200.0,180.0,0,0
SEA,15.0,7.0,0.4666666666666667,11.466666666666667,172,11.133333333333333,167,-23.653333333333332,-0.2636322487093653,-25.25333333333333,-0.220423353844142,1.7582232582232582,1.8056818181818182,-0.047458559958559965,7.451896229660186,20.066666666666666,301.0,51.0,19.466666666666665,292.0,51.0,NFC West,-1,0.6,9,0.44323375037660756,0.5938,5.608666666666666,3.8121688034188037,0.9333333333333333,0.9333333333333333,0.8511904761904762,66.13333333333334,1.4666666666666666,7.0,0.3441778646190411,0.6004666666666666,5.179333333333333,3.8553776982840264,1.1333333333333333,0.6,0.7472222222222222,55.4,1.9333333333333333,0.3441778646190411,-0.4518962296601856,2012-01-01,2011,0.28757879546020565,0.27582965759973277,ARI,15.0,7.0,0.4666666666666667,11.533333333333333,173,12.066666666666666,181,-27.473333333333336,0.1430630660162534,-19.71333333333333,0.022247182496903526,1.7316809116809118,1.848101528101528,-0.11642061642061642,6.776132420485157,19.266666666666666,289.0,47.0,21.866666666666667,328.0,63.0,NFC West,-1,-2.6,-39,0.4968259914688486,0.5618,5.539333333333333,4.218864118144422,1.3333333333333333,0.7333333333333333,0.7575757575757577,61.86666666666667,2.0,-12.0,0.3028456728456729,0.5812666666666666,6.288666666666667,4.098048234625072,1.0666666666666667,0.9333333333333333,0.8023809523809523,59.666666666666664,1.2,0.3028456728456729,0.2238675795148426,2011,0.27573093496616474,0.33005659576774776,SEA vs. ARI,ARI,23,1500.0,8.0,SEA,20,1400.0,26.0,1,3,-2.5,1,-136.0,123.0,1,0
PHI,1.0,1.0,1.0,9.0,9,10.0,10,-18.900000000000006,3.2991989478718313,-33.5,1.8472758709487547,3.4444444444444446,1.3,2.144444444444445,0.8869160327213534,31.0,31.0,4.0,13.0,13.0,3.0,NFC East,1,18.0,18,0.5,0.4379999999999999,6.47,7.375,2.0,1.0,1.0,91.0,1.0,0.0,0.6153846153846154,0.514,5.17,5.923076923076923,0.0,1.0,0.6666666666666666,60.0,1.0,0.6153846153846154,0.11308396727864656,2011-09-18,2011,0.4947039854571762,0.03392519018359397,ATL,1.0,0.0,0.0,11.0,11,12.0,12,-27.299999999999997,3.781341805014688,4.799999999999997,-0.8165417928689096,1.0909090909090908,2.5,-1.4090909090909092,0.102329136333056,12.0,12.0,2.0,30.0,30.0,5.0,NFC South,-1,-18.0,-18,0.5,0.66,4.91,7.857142857142857,0.0,0.0,1.0,65.0,3.0,-2.0,0.3076923076923077,0.688,8.88,3.259259259259259,2.0,0.0,1.0,56.0,1.0,0.3076923076923077,-0.102329136333056,2011,0.16321288430308073,-0.042637140138773365,PHI vs. ATL,ATL,35,1450.0,17.0,PHI,31,1550.0,1.0,1,4,2.5,1,120.0,-133.0,0,0
ATL,2.0,1.0,0.5,12.5,25,13.0,26,-19.0,2.232080721270846,3.799999999999997,-0.22950475583187235,1.7954545454545454,2.357142857142857,-0.5616883116883118,0.6737437873740927,23.5,47.0,7.0,30.5,61.0,10.0,NFC South,1,-7.0,-14,1.0,0.6335,5.49,6.307881773399014,2.0,0.5,1.0,61.0,2.5,-1.0,0.38461538461538464,0.6955,8.615,3.8462962962962965,2.0,1.0,0.75,38.0,2.0,0.38461538461538464,0.3262562126259073,2011-09-25,2011,0.3256758697676271,0.25504927165882835,TAM,2.0,1.0,0.5,10.0,20,10.0,20,-17.15,0.43735684260867336,0.20000000000000284,0.5423807660536497,2.242424242424242,2.3383838383838382,-0.09595959595959613,0.935698678221027,22.0,44.0,7.0,23.5,47.0,9.0,NFC South,1,-1.5,-3,0.0,0.6699999999999999,5.85,4.5131578947368425,1.0,1.0,1.0,46.0,1.5,-1.0,0.5059523809523809,0.6635,8.385,4.618181818181818,1.5,1.0,1.0,66.5,1.0,0.5059523809523809,0.06430132177897296,2011,0.3612527313113202,0.2394677974002689,ATL vs. TAM,TAM,16,1500.0,8.0,ATL,13,1514.0064999802885,8.0,1,3,-1.0,1,-113.0,102.0,1,0
ATL,3.0,1.0,0.3333333333333333,11.666666666666666,35,11.666666666666666,35,-21.8,0.7961201301378411,-11.866666666666669,-0.44678870644915625,1.6303030303030301,2.164021164021164,-0.5337181337181337,1.0531415269999584,20.0,60.0,10.0,25.666666666666668,77.0,14.0,NFC South,-1,-5.666666666666667,-17,0.75,0.6066666666666666,5.573333333333333,4.87192118226601,1.6666666666666667,0.3333333333333333,1.0,57.333333333333336,2.6666666666666665,-2.0,0.38461538461538464,0.693,6.68,3.6290123456790124,1.3333333333333333,1.0,0.8333333333333334,47.333333333333336,2.0,0.38461538461538464,-0.053141526999958444,2011-10-02,2011,0.28065318790476584,0.25958112973333886,SEA,3.0,1.0,0.3333333333333333,11.333333333333334,34,10.0,30,-30.666666666666668,-0.9556767320038486,-9.1,-0.9380034330805497,0.797008547008547,2.2919191919191917,-1.4949106449106448,0.8225589955417285,10.0,30.0,6.0,22.333333333333332,67.0,11.0,NFC West,1,-12.333333333333334,-37,0.25,0.613,3.89,3.12012432012432,0.6666666666666666,0.3333333333333333,1.0,59.0,1.3333333333333333,-2.0,0.2916666666666667,0.711,6.88,3.137797619047619,0.6666666666666666,1.0,0.611111111111111,56.666666666666664,0.6666666666666666,0.2916666666666667,0.1774410044582715,2011,0.1869082943798983,0.2661316783226776,ATL vs. SEA,SEA,28,1464.0064999802885,19.0,ATL,30,1461.991893872262,19.0,0,-2,6.0,1,232.0,-261.0,0,0
GNB,4.0,4.0,1.0,10.75,43,11.0,44,19.599999999999998,0.20723352185468102,-14.400000000000002,-0.7019656484014607,3.592715617715618,2.325534188034188,1.2671814296814299,2.8818940214074624,37.0,148.0,22.0,24.25,97.0,17.0,NFC North,4,12.75,51,0.27777777777777773,0.72125,9.83,4.2830345739828495,3.0,1.25,1.0,41.75,1.25,6.0,0.5400641025641025,0.6295,6.9225,3.3738354037267078,2.25,0.25,1.0,39.75,2.75,0.5400641025641025,1.1181059785925376,2011-10-09,2011,0.6546414623781153,0.397771600204961,ATL,4.0,2.0,0.5,11.25,45,11.25,45,-17.75,0.41841761234911645,-9.825000000000003,-0.47070845953557605,1.9727272727272727,2.3230158730158728,-0.35028860028860026,1.5939289675872166,22.5,90.0,16.0,26.25,105.0,18.0,NFC South,1,-3.75,-15,0.611111111111111,0.62175,6.03,4.494218664477285,1.5,0.75,1.0,51.75,2.0,0.0,0.4290865384615385,0.6842499999999999,6.9125,3.6050925925925927,1.75,1.0,0.625,45.5,2.0,0.4290865384615385,0.4060710324127834,2011,0.3916507584366919,0.34060710324127835,GNB vs. ATL,ATL,14,1512.2818157474944,14.0,GNB,25,1650.6990818184952,1.0,0,-11,6.0,0,221.0,-248.0,0,0
CAR,5.0,1.0,0.2,11.0,55,9.8,49,-16.220000000000002,0.6855505592234428,-7.9,0.8166823670459525,2.1825757575757576,2.7276767676767677,-0.54510101010101,2.281041067060512,23.2,116.0,21.0,26.4,132.0,21.0,NFC South,-2,-3.2,-16,0.6458333333333333,0.5780000000000001,7.354000000000001,4.7613516113516114,1.4,1.2,0.8666666666666667,62.0,1.4,-2.0,0.37185314685314685,0.6222000000000001,7.772,4.8924834191741216,1.4,1.0,0.8,61.0,1.0,0.37185314685314685,-1.281041067060512,2011-10-16,2011,0.2839932276062882,0.23305362282338468,ATL,5.0,2.0,0.4,10.8,54,10.8,54,-23.48,0.3832102430900231,-5.020000000000001,-0.6217269780540946,1.8892929292929292,2.413968253968254,-0.5246753246753246,1.7958759499877535,20.8,104.0,18.0,26.0,130.0,24.0,NFC South,-1,-5.2,-26,0.7083333333333333,0.61,5.362,4.4590112952181915,1.4,0.8,1.0,50.2,2.0,-1.0,0.43417832167832165,0.6808,7.628,3.4540740740740743,1.8,0.8,0.7,47.4,1.8,0.43417832167832165,0.20412405001224654,2011,0.34694160333414975,0.3736999155566441,CAR vs. ATL,ATL,31,1481.210639113749,15.0,CAR,17,1396.5428685528177,20.0,1,14,-3.5,1,-190.0,171.0,1,0
ATL,6.0,3.0,0.5,10.333333333333334,62,10.333333333333334,62,-19.5,0.4305178843631816,-13.583333333333334,-0.3063803493741326,2.2202441077441075,2.3658068783068784,-0.14556277056277053,2.601814720794869,22.5,135.0,23.0,24.5,147.0,27.0,NFC South,1,-2.0,-12,0.6066666666666667,0.6143333333333333,5.825,4.5063189364913505,1.3333333333333333,1.1666666666666667,1.0,51.333333333333336,1.6666666666666667,2.0,0.46787587412587417,0.6673333333333332,6.805,3.7694207027540365,1.5,1.0,0.75,53.666666666666664,2.0,0.46787587412587417,0.3981852792051308,2011-10-23,2011,0.3955867242519301,0.3918037702648885,DET,6.0,5.0,0.8333333333333334,12.166666666666666,73,12.5,75,-1.033333333333329,-0.06882650792452212,-26.633333333333336,1.0094009764871532,2.455194805194805,1.5192365504865506,0.9359582547082548,3.96839813000281,29.666666666666668,178.0,31.0,19.0,114.0,23.0,NFC North,-1,10.666666666666666,64,0.39333333333333337,0.6336666666666667,7.673333333333333,4.006974544203646,2.5,0.5,0.9444444444444445,65.16666666666667,0.6666666666666666,9.0,0.30374788610082726,0.6473333333333333,4.125,5.0852020286153214,1.1666666666666667,0.3333333333333333,0.9166666666666666,74.16666666666667,2.1666666666666665,0.30374788610082726,1.03160186999719,2011,0.4976704519861025,0.3082818733554119,ATL vs. DET,DET,16,1626.844748853233,2.0,ATL,23,1519.2615739329908,14.0,0,-7,-4.5,0,-220.0,197.0,0,0
ATL,7.0,4.0,0.5714285714285714,10.571428571428571,74,10.571428571428571,74,-22.557142857142853,0.381228082375938,-15.600000000000003,-0.10201187833899487,2.176875901875902,2.218310657596372,-0.04143475572046995,3.3044933468787048,22.571428571428573,158.0,28.0,23.285714285714285,163.0,31.0,NFC South,2,-0.7142857142857143,-5,0.6444444444444445,0.6081428571428571,5.5200000000000005,4.457029134504107,1.2857142857142858,1.1428571428571428,1.0,55.42857142857143,1.7142857142857142,1.0,0.45985999294822827,0.639,6.631428571428572,3.973789173789174,1.4285714285714286,0.8571428571428571,0.7857142857142857,58.0,1.8571428571428572,0.45985999294822827,0.6955066531212952,2011-11-06,2011,0.41597333260115116,0.4006963441057146,IND,8.0,0.0,0.0,11.0,88,10.5,84,-27.375,0.4301612826385139,6.4250000000000025,-0.030572302319412603,1.3927447552447552,3.0369318181818183,-1.644187062937063,1.802891446925869,15.125,121.0,22.0,31.5,252.0,39.0,AFC South,-8,-16.375,-131,0.45476190476190476,0.525875,5.6674999999999995,4.505962334766682,0.875,0.625,0.7142857142857143,39.75,1.75,-7.0,0.3469077389114154,0.725125,8.515,4.045228749808756,1.875,1.25,0.8452380952380951,52.875,0.875,0.3469077389114154,-1.802891446925869,2011,0.19365964228356658,0.30161790709805225,ATL vs. IND,IND,7,1243.191823099355,25.0,ATL,31,1584.2674734305906,7.0,0,-24,6.5,0,264.0,-300.0,0,0
NOR,9.0,6.0,0.6666666666666666,10.555555555555555,95,10.333333333333334,93,-1.0111111111111104,0.4530211878716095,-17.266666666666666,1.2773605565950457,3.1151040317706986,2.2886363636363636,0.8264676681343348,5.712063807704029,31.88888888888889,287.0,48.0,22.77777777777778,205.0,36.0,NFC South,1,9.11111111111111,82,0.4693452380952381,0.7154444444444444,7.4833333333333325,4.528822239999778,2.3333333333333335,1.0,0.8074074074074074,41.333333333333336,1.5555555555555556,-6.0,0.5635519164930929,0.5589999999999999,6.445555555555556,5.353161608723214,1.5555555555555556,0.7777777777777778,0.9666666666666667,54.22222222222222,0.8888888888888888,0.5635519164930929,0.28793619229597134,2011-11-13,2011,0.5214279967604756,0.3564703738621923,ATL,8.0,5.0,0.625,10.875,87,10.625,85,-17.2875,0.3210506600751198,-20.475,-0.10468790601502248,2.2028433372183374,2.02056727994228,0.18227605727605733,4.275932521531531,23.625,189.0,33.0,21.25,170.0,31.0,NFC South,3,2.375,19,0.5523809523809524,0.605,6.30875,4.396851712203288,1.5,1.125,1.0,49.75,1.625,2.0,0.4559489224011283,0.6234999999999999,6.0225,3.9711131461131464,1.25,0.75,0.7857142857142857,54.75,1.875,0.4559489224011283,0.7240674784684691,2011,0.4136411304446257,0.3521266056360625,NOR vs. ATL,ATL,23,1596.5775452961343,9.0,NOR,26,1553.528497127086,6.0,0,-3,-1.0,0,-114.0,103.0,1,0
TEN,9.0,5.0,0.5555555555555556,10.555555555555555,95,10.777777777777779,97,-12.688888888888888,-0.6886100263483728,-16.066666666666666,0.2679609412398826,1.9394500561167227,1.876323059656393,0.06312699646032982,5.119079354893867,20.666666666666668,186.0,31.0,19.11111111111111,172.0,31.0,AFC South,1,1.5555555555555556,14,0.5163690476190477,0.6080000000000001,6.876666666666667,3.387191025779796,1.5555555555555556,0.4444444444444444,0.85,70.33333333333333,1.1111111111111112,2.0,0.3676012440718323,0.6238888888888889,6.104444444444444,4.343761993368052,1.5555555555555556,0.4444444444444444,0.9375,56.55555555555556,1.3333333333333333,0.3676012440718323,-0.11907935489386734,2011-11-20,2011,0.32199829239566097,0.27984941580560146,ATL,9.0,5.0,0.5555555555555556,11.11111111111111,100,10.777777777777779,97,-17.5,0.3116782476080877,-17.433333333333334,-0.26120047780537203,2.1546641629974963,2.0368005451338784,0.11786361786361793,4.703797460061784,23.555555555555557,212.0,38.0,21.77777777777778,196.0,37.0,NFC South,-1,1.7777777777777777,16,0.5666666666666667,0.5997777777777777,6.33,4.387479299736256,1.5555555555555556,1.0,0.9642857142857143,53.666666666666664,1.5555555555555556,1.0,0.44001015324544734,0.6317777777777778,6.288888888888889,3.814600574322797,1.3333333333333333,0.6666666666666666,0.7875,57.44444444444444,1.6666666666666667,0.44001015324544734,0.296202539938216,2011,0.392506329464058,0.3516145406388476,TEN vs. ATL,ATL,23,1540.4137999463387,12.0,TEN,17,1504.0942549685255,12.0,1,6,-6.0,0,-250.0,222.0,0,0
MIN,10.0,2.0,0.2,10.6,106,10.7,107,-27.990000000000002,1.0458694664510209,3.060000000000001,-0.37660606506567157,1.8856293706293705,2.6357264957264954,-0.7500971250971251,3.794846080037106,20.0,200.0,35.0,27.1,271.0,49.0,NFC North,-2,-7.1,-71,0.4990299823633157,0.5517000000000001,5.276,5.121670518579189,0.9,1.3,0.7407407407407408,60.6,1.3,0.0,0.3980681818181818,0.682,8.037,3.699194987062497,1.9,0.8,0.8666666666666666,50.6,1.3,0.3980681818181818,-1.794846080037106,2011-11-27,2011,0.27092489358368044,0.3299556468020391,ATL,10.0,6.0,0.6,10.8,108,10.6,106,-14.66,0.19515253985668432,-18.310000000000002,-0.3498033923805089,2.2266977466977464,2.0220093795093796,0.20468836718836725,5.375612489850456,23.5,235.0,43.0,21.3,213.0,40.0,NFC South,1,2.2,22,0.5654320987654321,0.6086,6.747,4.270953591984854,1.5,1.0,0.96875,53.8,1.5,1.0,0.4293424712542359,0.6186,6.233,3.72599765974766,1.4,0.6,0.8111111111111111,60.3,1.6,0.4293424712542359,0.6243875101495444,2011,0.4230080212374356,0.36318443434526587,MIN vs. ATL,ATL,24,1585.2059535403755,7.0,MIN,14,1354.1614142441983,26.0,1,10,-10.0,0,-490.0,416.0,0,0
ATL,11.0,7.0,0.6363636363636364,10.727272727272727,118,10.545454545454545,116,-10.945454545454545,0.08588089669818673,-16.727272727272727,-0.4461062099333265,2.242452496997952,1.965463072281254,0.2769894247166975,6.157623064117922,23.545454545454547,259.0,47.0,20.636363636363637,227.0,42.0,NFC South,2,2.909090909090909,32,0.5288888888888889,0.6254545454545455,6.951818181818182,4.161681948826355,1.6363636363636365,0.9090909090909091,0.9722222222222222,51.63636363636363,1.4545454545454546,0.0,0.4357658829583963,0.6241818181818182,6.328181818181818,3.6296948421948425,1.3636363636363635,0.6363636363636364,0.8111111111111111,59.27272727272727,1.4545454545454546,0.4357658829583963,0.8423769358820783,2011-12-04,2011,0.42880717718525246,0.3568807455384383,HOU,11.0,8.0,0.7272727272727273,11.272727272727273,124,11.363636363636363,125,-1.8272727272727254,0.1261099110701725,-41.02727272727273,0.08568458344837601,2.4586723882178427,1.4371466916921463,1.0215256965256965,7.825902114613195,26.636363636363637,293.0,51.0,16.272727272727273,179.0,35.0,AFC South,5,10.363636363636363,114,0.4530952380952381,0.6366363636363637,8.506363636363636,4.201910963198341,1.4545454545454546,1.2727272727272727,0.8666666666666666,51.63636363636363,0.9090909090909091,11.0,0.42675795683817075,0.5046363636363637,4.021818181818182,4.161485635576545,1.0,0.5454545454545454,0.7407407407407408,44.90909090909091,1.9090909090909092,0.42675795683817075,0.17409788538680537,2011,0.41779984762076766,0.25897703708257325,ATL vs. HOU,HOU,17,1656.8640464896368,3.0,ATL,10,1606.1219019712848,8.0,1,7,1.0,1,108.0,-119.0,0,0
ATL,12.0,7.0,0.5833333333333334,10.666666666666666,128,10.5,126,-14.149999999999999,0.06314814170339784,-16.61666666666667,-0.4417625982980482,2.138914788914789,1.9433411495911495,0.19557363932363936,6.379012283513067,22.416666666666668,269.0,49.0,20.333333333333332,244.0,45.0,NFC South,-1,2.0833333333333335,25,0.5469237832874196,0.6088333333333333,6.721666666666667,4.138949193831567,1.5833333333333333,0.8333333333333334,0.975,50.916666666666664,1.5,-1.0,0.43516634509281565,0.6121666666666666,6.450833333333333,3.6340384538301205,1.3333333333333333,0.6666666666666666,0.78,57.25,1.4166666666666667,0.43516634509281565,0.6209877164869333,2011-12-11,2011,0.4026226550181379,0.3458627296573492,CAR,12.0,4.0,0.3333333333333333,10.583333333333334,127,10.0,120,-16.166666666666668,0.9414298087430432,-10.033333333333333,0.5409699845471023,2.3567760942760945,2.7135311447811445,-0.35675505050505046,5.512494297448355,24.166666666666668,290.0,51.0,27.0,324.0,55.0,NFC South,2,-2.8333333333333335,-34,0.47786304604486424,0.6156666666666667,6.934166666666667,5.017230860871211,1.0833333333333333,1.5833333333333333,0.7766666666666666,70.08333333333333,1.5833333333333333,-3.0,0.4168616106116106,0.6190833333333333,7.5275,4.616771036675271,1.5,1.25,0.8636363636363636,55.583333333333336,1.3333333333333333,0.4168616106116106,-1.512494297448355,2011,0.3509598365027125,0.3623700094724586,ATL vs. CAR,CAR,23,1396.5428685528177,20.0,ATL,31,1481.210639113749,15.0,0,-8,3.0,0,131.0,-145.0,1,0
JAX,13.0,4.0,0.3076923076923077,11.076923076923077,144,11.692307692307692,152,-38.47692307692308,-0.13695979163092456,-18.861538461538462,-0.05304777606650543,1.3264146110299957,1.7092702169625247,-0.38285560593252893,5.146496586094691,14.846153846153847,193.0,35.0,19.384615384615383,252.0,43.0,AFC South,1,-4.538461538461538,-59,0.489033189033189,0.5166923076923078,3.7546153846153847,3.9388412604972443,0.7692307692307693,0.5384615384615384,0.9166666666666666,46.30769230769231,1.3076923076923077,5.0,0.3369553691922113,0.6278461538461537,5.700000000000001,4.022753276061663,1.2307692307692308,0.9230769230769231,0.6333333333333333,63.38461538461539,1.6923076923076923,0.3369553691922113,-1.146496586094691,2011-12-15,2011,0.22161998904203303,0.23618453785320256,ATL,13.0,8.0,0.6153846153846154,10.76923076923077,140,10.692307692307692,139,-11.584615384615384,-0.018968829250678648,-17.946153846153848,-0.19622040578330827,2.1731008307931385,1.9299480434095817,0.2431527873835567,7.048844961144736,23.076923076923077,300.0,54.0,20.53846153846154,267.0,48.0,NFC South,1,2.5384615384615383,33,0.5291245791245791,0.6065384615384615,6.99,4.05683222287749,1.7692307692307692,0.7692307692307693,0.9318181818181818,50.84615384615385,1.3846153846153846,1.0,0.4378911058775312,0.6025384615384616,6.366923076923077,3.8795806463448606,1.3846153846153846,0.6923076923076923,0.7090909090909091,56.69230769230769,1.4615384615384615,0.4378911058775312,0.9511550388552639,2011,0.41393536928471664,0.344026254490898,JAX vs. ATL,ATL,41,1591.1946371009485,8.0,JAX,14,1354.4742689616453,24.0,1,27,-14.0,1,-960.0,742.0,0,0
ATL,14.0,9.0,0.6428571428571429,10.857142857142858,152,10.785714285714286,151,-8.485714285714284,-0.11078337578274423,-19.45,-0.03724308352974564,2.261926961926962,1.8754279450708022,0.3864990168561598,7.976189723512417,24.357142857142858,341.0,60.0,20.071428571428573,281.0,49.0,NFC South,2,4.285714285714286,60,0.5120913274759429,0.6167857142857143,7.240714285714286,3.9650176763454246,1.8571428571428572,0.7857142857142857,0.9375,49.42857142857143,1.2857142857142858,5.0,0.43518459831485046,0.5984285714285714,6.126428571428571,4.038557968598423,1.3571428571428572,0.6428571428571429,0.7090909090909091,55.5,1.6428571428571428,0.43518459831485046,1.0238102764875832,2011-12-26,2011,0.42360367320923636,0.32505520508414926,NOR,14.0,11.0,0.7857142857142857,10.642857142857142,149,10.714285714285714,150,8.085714285714285,0.4330930243122885,-16.435714285714287,0.8575991850049495,3.1268093018093017,2.1086843711843715,1.0181249306249307,9.435765099554532,32.642857142857146,457.0,77.0,21.857142857142858,306.0,55.0,NFC South,6,10.785714285714286,151,0.4887157714080791,0.7175714285714285,8.473571428571429,4.508894076440457,2.642857142857143,1.0,0.7743589743589744,53.214285714285715,1.1428571428571428,-3.0,0.5529596576699628,0.5667142857142857,6.65,4.933400237133118,1.5714285714285714,0.7142857142857143,0.853030303030303,60.714285714285715,0.9285714285714286,0.5529596576699628,1.5642349004454683,2011,0.5745187379359067,0.38144424739261934,ATL vs. NOR,NOR,45,1553.528497127086,6.0,ATL,16,1596.5775452961343,9.0,1,29,-7.0,1,-310.0,273.0,1,0
TAM,15.0,4.0,0.26666666666666666,10.866666666666667,163,10.733333333333333,161,-27.526666666666664,0.18216698593597916,0.31333333333333496,0.6633011497931076,1.6921380471380472,2.880883190883191,-1.188745143745144,4.610601390437486,17.533333333333335,263.0,49.0,29.933333333333334,449.0,73.0,NFC South,-9,-12.4,-186,0.48285702392845253,0.6156,5.073333333333333,4.257968038064147,1.0,0.6,0.9461538461538462,65.8,2.4,-14.0,0.3580184684596449,0.6321333333333333,8.701333333333334,4.739102201921276,1.8666666666666667,1.5333333333333334,0.7797619047619048,51.06666666666667,1.4666666666666666,0.3580184684596449,-0.6106013904374858,2012-01-01,2011,0.2883764956517641,0.40473130372590627,ATL,15.0,9.0,0.6,10.866666666666667,163,10.733333333333333,161,-8.466666666666665,-0.2084512208724392,-18.42,0.16888203740427252,2.2081015281015284,2.0503994153994154,0.1577021127021128,8.055573091028085,23.8,357.0,64.0,21.733333333333334,326.0,55.0,NFC South,-1,2.066666666666667,31,0.5316358244929674,0.6194000000000001,7.2540000000000004,3.8673498312557295,1.8,0.7333333333333333,0.9423076923076923,49.93333333333333,1.2666666666666666,6.0,0.4375448407801349,0.5978666666666667,6.212000000000001,4.244683089532441,1.5333333333333334,0.6666666666666666,0.7333333333333334,54.86666666666667,1.6666666666666667,0.4375448407801349,0.9444269089719146,2011,0.417359231973089,0.3403492670780353,TAM vs. ATL,ATL,45,1514.0064999802885,8.0,TAM,24,1500.0,8.0,1,21,-10.0,1,-470.0,400.0,1,0
ATL,16.0,10.0,0.625,10.8125,173,10.75,172,-7.893749999999999,-0.03733163795750122,-19.1125,0.05983934430849494,2.3513451825951828,2.0586130883005884,0.29273209429459435,8.871621721516476,25.125,402.0,70.0,21.875,350.0,58.0,NFC South,1,3.25,52,0.513971213971214,0.619375,7.3125,4.038469414170668,1.8125,0.875,0.9464285714285714,48.0625,1.3125,8.0,0.44428919732228556,0.6035625,6.0512500000000005,4.1356403964366635,1.5625,0.625,0.7538461538461539,52.6875,1.8125,0.44428919732228556,1.128378278483524,2012-01-08,2011,0.4331598553084706,0.3399149491831557,NYG,16.0,9.0,0.5625,11.5625,185,11.75,188,-8.66875,-0.5948504822136103,-16.58125,0.3677252436346116,2.189050272644023,2.1739739427239426,0.015076329920079998,7.950974612816926,24.625,394.0,65.0,25.0,400.0,68.0,NFC East,2,-0.375,-6,0.5001159951159951,0.605625,7.93,3.480950569914558,1.8125,1.0625,0.7976190476190476,49.6875,1.5,7.0,0.36853771228771226,0.621875,6.3075,4.44352629576278,1.75,0.9375,0.7222222222222222,58.3125,1.9375,0.36853771228771226,1.0490253871830744,2011,0.37438738181314185,0.3628104143379153,ATL vs. NYG,NYG,24,1558.0982074346746,10.0,ATL,2,1588.651861091175,7.0,1,22,-3.0,1,-144.0,130.0,0,1
BAL,1.0,1.0,1.0,12.0,12,13.0,13,16.299999999999997,1.4080699156137664,-50.6,0.04919894787183132,2.9166666666666665,0.5384615384615384,2.378205128205128,0.97842413351047,35.0,35.0,6.0,7.0,7.0,1.0,AFC North,1,28.0,28,0.5,0.586,9.48,5.483870967741935,3.0,1.0,1.0,75.0,0.0,7.0,0.4375,0.537,3.2,4.125,1.0,0.0,,53.0,7.0,0.4375,0.021575866489530027,2011-09-18,2011,0.510787933244765,0.001659682037656156,TEN,1.0,0.0,0.0,11.0,11,10.0,10,-8.599999999999994,-0.7681087444358612,-11.099999999999994,-0.60771594574519,1.2727272727272727,1.6,-0.3272727272727274,0.42153642214782644,14.0,14.0,2.0,16.0,16.0,4.0,AFC South,-1,-2.0,-2,0.5,0.618,7.18,3.3076923076923075,2.0,0.0,0.0,60.0,1.0,0.0,0.36363636363636365,0.708,6.67,3.4680851063829787,0.0,1.0,1.0,39.0,1.0,0.36363636363636365,-0.42153642214782644,2011,0.10517519597312248,-0.16861456885913056,BAL vs. TEN,TEN,26,1450.0,17.0,BAL,13,1550.0,1.0,1,13,5.5,1,216.0,-242.0,0,0
BAL,2.0,1.0,0.5,11.5,23,12.0,24,-17.1,-0.010336156492495086,-27.750000000000004,-0.7374389831626513,2.0492424242424243,1.451048951048951,0.5981934731934732,1.1405141527550735,24.0,48.0,9.0,16.5,33.0,7.0,AFC North,-1,7.5,15,0.0,0.5275,6.5200000000000005,4.065464895635674,2.0,0.5,1.0,59.5,1.5,5.0,0.36875,0.6255000000000001,5.5649999999999995,3.3383620689655173,1.0,0.5,0.8,61.5,4.0,0.36875,-0.1405141527550735,2011-09-25,2011,0.3638124483740074,0.1253416860565518,LAR,2.0,0.0,0.0,11.5,23,10.5,21,-28.200000000000003,0.43836898835766136,-13.700000000000003,1.1774884215560417,1.2653846153846153,2.8888888888888893,-1.6235042735042737,0.3228577687471323,14.5,29.0,7.0,29.5,59.0,7.0,NFC West,-2,-15.0,-30,0.0,0.496,6.15,4.51417004048583,0.5,0.5,0.8333333333333333,61.0,1.5,-1.0,0.2303921568627451,0.5355,6.55,5.253289473684211,2.0,1.0,1.0,73.0,1.0,0.2303921568627451,-0.3228577687471323,2011,0.25521729606021903,0.1128570385421446,BAL vs. LAR,LAR,7,1400.0,26.0,BAL,37,1485.9935000197115,8.0,0,-30,5.5,0,214.0,-240.0,0,0
NYJ,3.0,2.0,0.6666666666666666,12.666666666666666,38,12.333333333333334,37,-12.133333333333335,-0.752884385461502,-35.03333333333334,0.5649278177673679,2.185897435897436,1.578088578088578,0.607808857808858,1.8702895718885875,27.666666666666668,83.0,14.0,20.333333333333332,61.0,11.0,AFC East,-1,7.333333333333333,22,0.75,0.6376666666666666,6.713333333333334,3.3229166666666665,2.0,0.6666666666666666,1.0,40.333333333333336,2.0,1.0,0.36904761904761907,0.582,3.6266666666666665,4.640728869895536,0.6666666666666666,1.6666666666666667,0.8888888888888888,48.333333333333336,2.3333333333333335,0.36904761904761907,0.12971042811141253,2011-10-02,2011,0.3843504034522787,0.21105238476779764,BAL,3.0,2.0,0.6666666666666666,11.333333333333334,34,12.0,36,-10.333333333333334,0.7883550321417676,-32.400000000000006,-0.4143289035870543,2.4873737373737375,1.1618104118104118,1.3255633255633255,2.1215501841704905,28.333333333333332,85.0,15.0,13.333333333333334,40.0,8.0,AFC North,1,15.0,45,0.0,0.5393333333333333,7.436666666666667,4.864156084269936,2.3333333333333335,0.3333333333333333,0.8666666666666667,50.333333333333336,1.3333333333333333,6.0,0.37916666666666665,0.5836666666666667,4.823333333333333,3.661472148541114,1.0,0.3333333333333333,0.8,80.0,3.3333333333333335,0.37916666666666665,-0.12155018417049046,2011,0.4233014435043396,0.1391444308021859,NYJ vs. BAL,BAL,34,1523.864708082735,4.0,NYJ,17,1535.9935000197115,4.0,1,17,-5.0,1,-239.0,213.0,0,0
HOU,5.0,3.0,0.6,11.0,55,11.2,56,-6.399999999999997,-0.033928810548609876,-28.96,0.6534197270926105,2.3898484848484847,1.6702741702741701,0.7195743145743145,3.3087625213620617,25.4,127.0,24.0,19.0,95.0,18.0,AFC South,-1,6.4,32,0.41666666666666663,0.6268,7.7620000000000005,4.041872241579559,1.8,0.6,0.9333333333333333,55.2,1.2,2.0,0.42329004329004327,0.5166,5.4719999999999995,4.729220779220779,1.4,0.6,0.6,48.0,1.6,0.42329004329004327,-0.3087625213620617,2011-10-16,2011,0.40941708904476554,0.2372938379124389,BAL,4.0,3.0,0.75,11.75,47,12.5,50,-23.65,0.2723160110742835,-41.875,-0.8296969407223329,2.519376456876457,1.1749292374292373,1.3444472194472195,2.959460164925887,29.75,119.0,18.0,14.25,57.0,9.0,AFC North,2,15.5,62,0.2222222222222222,0.48524999999999996,6.465,4.348117063202452,1.75,0.5,0.9,49.25,1.75,7.0,0.3677083333333333,0.51625,4.095,3.2461041114058355,0.75,0.25,0.9,77.25,3.5,0.3677083333333333,0.04053983507411285,2011,0.38686019697518104,0.13682429257833506,HOU vs. BAL,BAL,29,1575.6094728449236,3.0,HOU,14,1517.966625431857,8.0,1,15,-7.0,1,-311.0,274.0,0,0
BAL,5.0,4.0,0.8,11.6,58,12.0,60,-23.619999999999997,0.15602593176712637,-37.32,-0.7349177630035,2.542773892773893,1.2199433899433898,1.3228305028305027,3.8083506370546907,29.6,148.0,25.0,14.2,71.0,10.0,AFC North,3,15.4,77,0.31666666666666665,0.5094,6.65,4.231826983895295,1.4,0.8,0.9199999999999999,44.4,1.8,5.0,0.34871212121212125,0.5266,4.465999999999999,3.340883289124669,0.8,0.2,0.9,64.8,2.8,0.34871212121212125,0.19164936294530932,2011-10-24,2011,0.4475559795642508,0.1397216454315103,JAX,6.0,1.0,0.16666666666666666,10.833333333333334,65,11.333333333333334,68,-37.083333333333336,0.1721114619712457,-15.066666666666668,-0.11640535216083674,1.1033799533799533,1.916083916083916,-0.8127039627039627,1.574101773377203,12.0,72.0,16.0,22.0,132.0,23.0,AFC South,-5,-10.0,-60,0.5533333333333333,0.5163333333333334,3.8433333333333333,4.247912514099414,0.6666666666666666,0.3333333333333333,1.0,33.5,1.5,-3.0,0.3121031746031746,0.6196666666666667,6.234999999999999,3.9593956999673323,1.5,0.6666666666666666,0.6833333333333332,56.166666666666664,1.0,0.3121031746031746,-0.5741017733772029,2011,0.22260095288708912,0.24949916473608907,BAL vs. JAX,JAX,12,1345.3128456649094,21.0,BAL,7,1617.3892850433576,5.0,1,5,10.0,1,442.0,-525.0,0,0
BAL,7.0,5.0,0.7142857142857143,12.0,84,11.857142857142858,83,-27.25714285714286,-0.06039349952896535,-39.228571428571435,-0.7214286347261946,2.222860472860473,1.3648946291803434,0.8579658436801293,4.588443810543429,26.428571428571427,185.0,32.0,15.714285714285714,110.0,18.0,AFC North,1,10.714285714285714,75,0.26666666666666666,0.5297142857142857,5.785714285714286,4.0154075525992035,1.1428571428571428,1.0,0.7999999999999999,58.0,1.8571428571428572,3.0,0.32483766233766237,0.5084285714285715,4.208571428571429,3.3543724174019744,0.7142857142857143,0.2857142857142857,0.95,72.28571428571429,2.2857142857142856,0.32483766233766237,0.41155618945657135,2011-11-06,2011,0.4033499967051195,0.19863685268540154,PIT,8.0,6.0,0.75,9.75,78,9.375,75,-6.875000000000002,0.29054343897855067,-16.25,0.06867766171599504,2.3762407731157733,1.8342171717171718,0.5420236013986014,4.8155791473733505,22.0,176.0,31.0,17.375,139.0,24.0,AFC North,4,4.625,37,0.37857142857142856,0.638875,7.665,4.3663444911067195,1.75,0.5,0.7142857142857143,52.375,1.625,-10.0,0.49895833333333334,0.58275,5.835,4.144478713844164,1.25,0.625,0.9166666666666666,53.625,0.375,0.49895833333333334,1.1844208526266495,2011,0.45627731799908033,0.32737683410506596,BAL vs. PIT,PIT,20,1500.0,1.0,BAL,23,1500.0,1.0,0,-3,-3.5,0,-196.0,176.0,1,0
BAL,8.0,6.0,0.75,11.625,93,11.5,92,-25.799999999999997,-0.2521342584186806,-36.6875,-0.7032251869014413,2.264447358197358,1.4720605783105782,0.7923867798867797,5.170503846979792,26.0,208.0,37.0,16.25,130.0,22.0,AFC North,2,9.75,78,0.3357142857142857,0.5379999999999999,5.88375,3.823666793709488,1.125,1.0,0.79375,53.25,1.75,4.0,0.36756628787878787,0.5125,4.686249999999999,3.3725758652267275,0.75,0.375,0.96,71.875,2.25,0.36756628787878787,0.8294961530202078,2011-11-13,2011,0.43910128717976843,0.23403385240006055,SEA,8.0,2.0,0.25,11.625,93,10.875,87,-32.95,-0.251587765414882,-12.974999999999998,-0.6193648121628339,1.2556963869463869,2.1786458333333334,-0.9229494463869464,2.4310266771804914,15.25,122.0,22.0,23.125,185.0,32.0,NFC West,-3,-7.875,-63,0.4397959183673469,0.57875,4.50625,3.8242132867132868,0.875,0.625,0.8095238095238095,65.375,2.0,-5.0,0.2983901515151515,0.6525,6.69875,3.4564362399653348,1.25,0.625,0.7916666666666666,56.5,1.375,0.2983901515151515,-0.43102667718049137,2011,0.22381372728767365,0.30202176196871305,BAL vs. SEA,SEA,22,1359.0171089158684,24.0,BAL,17,1621.4167930634444,3.0,1,5,7.0,1,264.0,-300.0,0,0
CIN,9.0,6.0,0.6666666666666666,11.666666666666666,105,11.666666666666666,105,-18.98888888888889,-0.31412897685842317,-17.38888888888889,-0.6757757696940905,2.0354959854959858,1.582064232064232,0.45343175343175346,5.41543200682672,23.555555555555557,212.0,36.0,18.22222222222222,164.0,30.0,AFC North,-1,5.333333333333333,48,0.4151785714285714,0.5942222222222222,5.775555555555555,3.7616720752697455,1.6666666666666667,0.4444444444444444,0.9629629629629629,53.0,1.1111111111111112,3.0,0.351241368424031,0.5883333333333334,6.38,3.400025282434078,1.0,0.8888888888888888,0.9444444444444444,51.111111111111114,1.4444444444444444,0.351241368424031,0.5845679931732803,2011-11-20,2011,0.3651263997399345,0.272525968037247,BAL,9.0,6.0,0.6666666666666666,11.666666666666666,105,11.444444444444445,103,-25.877777777777776,0.017458320058042955,-34.08888888888889,-0.7631410237784851,2.170249503582837,1.5307205140538473,0.6395289895289894,5.522322425212531,25.0,225.0,40.0,16.88888888888889,152.0,28.0,AFC North,-1,8.11111111111111,73,0.32499999999999996,0.541111111111111,5.738888888888889,4.093259372186212,1.2222222222222223,0.8888888888888888,0.7425925925925926,51.111111111111114,1.8888888888888888,1.0,0.3730218855218855,0.5255555555555556,5.021111111111111,3.3126600283496836,0.6666666666666666,0.4444444444444444,0.9666666666666667,75.0,2.0,0.3730218855218855,0.4776775747874691,2011,0.4011715375571415,0.25606793106154163,CIN vs. BAL,BAL,31,1539.503352413548,6.0,CIN,24,1580.09489021405,6.0,1,7,-7.0,0,-315.0,277.0,1,0
SFO,10.0,9.0,0.9,11.2,112,11.9,119,-6.3,0.21533546468014614,-29.74,-0.1984193209158529,2.398674242424242,1.240978465978466,1.1576957764457765,7.436605758293642,25.6,256.0,48.0,14.5,145.0,29.0,NFC West,8,11.1,111,0.5105820105820106,0.6379,7.215000000000001,4.291136516808315,1.3,0.9,0.8833333333333334,60.4,0.9,17.0,0.3065584415584416,0.5765,5.017,3.8773817312123158,1.4,0.0,0.8814814814814815,59.4,2.6,0.3065584415584416,1.5633942417063578,2011-11-24,2011,0.4955740389302724,0.2574272546298188,BAL,10.0,7.0,0.7,11.9,119,11.8,118,-22.77,-0.01686761716057821,-34.82,-0.6977403599467868,2.174653124653125,1.5376484626484626,0.637004662004662,6.169478596779227,25.6,256.0,45.0,17.6,176.0,32.0,AFC North,1,8.0,80,0.36296296296296293,0.55,6.139,4.0589334349675905,1.3,1.0,0.7683333333333333,52.9,1.8,3.0,0.37143398268398264,0.5252,5.0600000000000005,3.378060692181382,0.7,0.6,0.9714285714285714,71.8,2.1,0.37143398268398264,0.8305214032207733,2011,0.4095575320545671,0.2665904109348006,SFO vs. BAL,BAL,16,1595.3185099807158,3.0,SFO,6,1773.4977700254187,2.0,1,10,-3.0,1,-176.0,159.0,0,0
BAL,11.0,8.0,0.7272727272727273,11.545454545454545,127,11.545454545454545,127,-20.69090909090909,-0.1469005268329565,-35.88181818181818,-0.6844904661624103,2.1587755678664773,1.4584682993773903,0.7003072684890866,7.080369793836111,24.727272727272727,272.0,49.0,16.545454545454547,182.0,34.0,AFC North,2,8.181818181818182,90,0.41666666666666663,0.5592727272727273,6.296363636363637,3.9289005252952123,1.2727272727272727,0.9090909090909091,0.7893939393939394,49.90909090909091,1.6363636363636365,4.0,0.38009149940968123,0.5342727272727272,4.793636363636363,3.391310585965759,0.6363636363636364,0.5454545454545454,0.975,74.0909090909091,2.0,0.38009149940968123,0.9196302061638892,2011-12-04,2011,0.41808294924984285,0.26576050609131874,CLE,11.0,4.0,0.36363636363636365,10.363636363636363,114,10.272727272727273,113,-22.400000000000002,-0.5381957480585172,-19.872727272727275,0.18919923967978686,1.4608462244825882,1.924466442648261,-0.4636202181656727,4.565058482775943,15.0,165.0,34.0,19.636363636363637,216.0,42.0,AFC North,-1,-4.636363636363637,-51,0.41833333333333333,0.5951818181818181,5.419090909090909,3.537605304069651,1.1818181818181819,0.2727272727272727,0.8151515151515152,49.72727272727273,1.1818181818181819,-1.0,0.39622195985832354,0.5690909090909091,6.222727272727273,4.265000291807955,1.0,0.7272727272727273,0.9772727272727273,46.36363636363637,1.0909090909090908,0.39622195985832354,-0.5650584827759433,2011,0.28292504911133803,0.31879931112100596,BAL vs. CLE,CLE,10,1395.582205988535,19.0,BAL,24,1668.9263057791095,3.0,0,-14,7.0,0,257.0,-291.0,1,0
IND,12.0,0.0,0.0,10.833333333333334,130,10.666666666666666,128,-29.46666666666667,0.20845055803508242,4.366666666666668,-0.029052055933558567,1.3704156954156954,2.8437095312095315,-1.4732938357938359,2.503473666621904,14.5,174.0,31.0,29.833333333333332,358.0,57.0,AFC South,-12,-15.333333333333334,-184,0.44836678473042113,0.5616666666666666,5.2091666666666665,4.284251610163251,0.8333333333333334,0.5833333333333334,0.8,36.166666666666664,1.9166666666666667,-13.0,0.3421183867875044,0.7129166666666666,8.265,4.04674899619461,1.75,1.4166666666666667,0.8257575757575758,50.0,0.8333333333333334,0.3421183867875044,-2.503473666621904,2011-12-11,2011,0.1887130232914878,0.31530078190270283,BAL,12.0,9.0,0.75,11.416666666666666,137,11.5,138,-21.724999999999998,-0.0349149645469515,-36.09166666666667,-0.677883995385047,2.178877603877604,1.4126868501868504,0.7661907536907536,7.968805467868449,24.666666666666668,296.0,52.0,16.0,192.0,36.0,AFC North,3,8.666666666666666,104,0.4118457300275482,0.5489166666666666,6.344166666666666,4.040886087581217,1.1666666666666667,1.0,0.751388888888889,47.25,1.5833333333333333,4.0,0.38789089200273413,0.5314166666666666,4.739166666666667,3.397917056743122,0.6666666666666666,0.5,0.9777777777777779,71.0,1.9166666666666667,0.38789089200273413,1.0311945321315514,2011,0.41217890247618044,0.2615477072202511,IND vs. BAL,BAL,24,1686.0981762703036,3.0,IND,10,1161.910705765704,32.0,1,14,-16.5,0,-1350.0,925.0,0,0
BAL,13.0,10.0,0.7692307692307693,11.307692307692308,147,11.384615384615385,148,-20.015384615384615,-0.042218052365049274,-37.06153846153846,-0.6988776151345178,2.195887018963942,1.380941707864785,0.8149453110991571,8.857241141900786,24.615384615384617,320.0,56.0,15.538461538461538,202.0,38.0,AFC North,4,9.076923076923077,118,0.37752525252525254,0.5637692307692308,6.37,4.033582999763119,1.2307692307692308,1.0,0.7705128205128204,46.69230769230769,1.6153846153846154,3.0,0.3994732494226421,0.5258461538461539,4.5661538461538465,3.3769234369936507,0.6923076923076923,0.46153846153846156,0.9800000000000001,66.6923076923077,1.8461538461538463,0.3994732494226421,1.1427588580992136,2011-12-18,2011,0.4144398200175594,0.2595763184032069,LAC,13.0,6.0,0.46153846153846156,10.384615384615385,135,10.076923076923077,131,-12.423076923076923,0.12923764728046655,-15.169230769230769,0.3210392641686855,2.455017631940709,2.3720000085384703,0.08301762340223875,6.881013997695421,24.923076923076923,324.0,58.0,23.0,299.0,49.0,AFC West,2,1.9230769230769231,25,0.4671717171717172,0.6345384615384616,6.8961538461538465,4.205038699408635,1.6923076923076923,0.9230769230769231,0.8606060606060606,49.23076923076923,1.9230769230769231,-7.0,0.48226183695640706,0.5930769230769231,6.654615384615384,4.396840316296855,1.6923076923076923,0.5384615384615384,0.9166666666666666,51.0,1.3846153846153846,0.48226183695640706,-0.8810139976954208,2011,0.40051349751206017,0.3199238485689515,BAL vs. LAC,LAC,34,1454.1610696289156,18.0,BAL,14,1690.7624804447898,2.0,1,20,1.0,1,-101.0,-109.0,0,0
CLE,14.0,4.0,0.2857142857142857,10.428571428571429,146,10.357142857142858,145,-24.864285714285717,-0.5194550320417609,-18.2,0.24713207758241107,1.3445609945609946,1.9025569668426812,-0.5579959722816865,5.106815012622004,13.928571428571429,195.0,40.0,19.571428571428573,274.0,51.0,AFC North,-4,-5.642857142857143,-79,0.4709341940111171,0.5825714285714286,5.320714285714286,3.5563460200864077,1.0714285714285714,0.2857142857142857,0.8547619047619047,50.857142857142854,1.2142857142857142,0.0,0.3833835807050093,0.5714285714285714,6.61,4.32293312971058,1.0,0.7857142857142857,0.9294871794871795,45.57142857142857,1.2142857142857142,0.3833835807050093,-1.106815012622004,2011-12-24,2011,0.25231281775690795,0.29879430263856044,BAL,14.0,10.0,0.7142857142857143,11.0,154,11.142857142857142,156,-20.128571428571426,0.12375050887636053,-32.47857142857143,-0.6601636521398558,2.1818950890379463,1.5858744430173002,0.596020646020646,8.966055586537456,23.857142857142858,334.0,58.0,16.857142857142858,236.0,44.0,AFC North,-1,7.0,98,0.3839878070647301,0.5725,6.222857142857143,4.199551561004529,1.2857142857142858,0.9285714285714286,0.7154761904761904,45.142857142857146,1.6428571428571428,1.0,0.41260611255912005,0.5410714285714285,5.140714285714286,3.415637399988313,0.7142857142857143,0.6428571428571429,0.9515151515151515,64.42857142857143,1.7142857142857142,0.41260611255912005,1.0339444134625442,2011,0.4044382077833152,0.282735143860967,CLE vs. BAL,BAL,20,1668.9263057791095,3.0,CLE,14,1395.582205988535,19.0,1,6,-10.5,0,-617.0,510.0,1,0
BAL,15.0,11.0,0.7333333333333333,10.933333333333334,164,11.0,165,-20.66,0.1356722967012838,-32.64,-0.5758728121390767,2.1697687497687497,1.5838531838531837,0.5859155659155658,9.665639991160234,23.6,354.0,62.0,16.666666666666668,250.0,45.0,AFC North,1,6.933333333333334,104,0.3769682698254127,0.5648666666666666,6.133333333333334,4.211473348829452,1.3333333333333333,0.8666666666666667,0.7344444444444443,45.53333333333333,1.6,1.0,0.41255001878066894,0.5434,5.0280000000000005,3.499928239989092,0.7333333333333333,0.6,0.9515151515151515,66.46666666666667,1.6666666666666667,0.41255001878066894,1.3343600088397665,2012-01-01,2011,0.41167899209270953,0.27880654561526846,CIN,15.0,9.0,0.6,11.866666666666667,178,11.866666666666667,178,-20.753333333333334,-0.1928022530498749,-15.913333333333332,-0.38799607987791895,1.8556698856698857,1.7066866466866466,0.14898323898323895,8.279395138826807,21.866666666666667,328.0,60.0,19.933333333333334,299.0,53.0,AFC North,2,1.9333333333333333,29,0.4656581513724371,0.5828666666666666,5.843333333333334,3.882998799078294,1.4,0.6,0.8844444444444444,55.93333333333333,1.4,1.0,0.34129205160164916,0.5904,6.3886666666666665,3.6878049722502495,1.3333333333333333,0.8,0.8333333333333334,54.6,1.4666666666666666,0.34129205160164916,0.720604861173193,2011,0.35327201935220653,0.2922067631618649,BAL vs. CIN,CIN,16,1580.09489021405,6.0,BAL,24,1539.503352413548,6.0,0,-8,2.5,0,138.0,-153.0,1,0
HOU,1.0,11.0,11.0,11.0,187,11.176470588235293,190,-6.158823529411763,0.4536060178842066,-33.71176470588235,-0.022378502058291276,2.2699312125782716,1.5327110797699033,0.7372201328083681,11.083664866922538,24.235294117647058,412.0,74.0,16.941176470588236,288.0,58.0,AFC South,1,7.294117647058823,124,0.4516002226939727,0.6328235294117647,7.93235294117647,4.529407070012375,1.2352941176470589,1.1764705882352942,0.84375,55.23529411764706,1.1764705882352942,10.0,0.4080119179167622,0.5272941176470588,4.749411764705882,4.053422550069877,1.0588235294117647,0.5294117647058824,0.7833333333333333,41.8235294117647,1.7647058823529411,0.4080119179167622,-0.08366486692253794,2012-01-15,2011,0.36261390292904916,-0.025539801481616844,BAL,16.0,12.0,0.75,10.9375,175,10.9375,175,-18.631249999999998,0.304095837399443,-32.75,-0.521180827138395,2.170521839271839,1.58486235986236,0.5856594794094794,10.388952423335736,23.625,378.0,66.0,16.625,266.0,49.0,AFC North,2,7.0,112,0.3918370518370518,0.578875,6.23,4.379896889527612,1.3125,0.9375,0.7510416666666666,46.375,1.5,2.0,0.4108041041453387,0.5406875,5.041875,3.554620224989774,0.6875,0.625,0.9347222222222222,64.5,1.625,0.4108041041453387,1.611047576664264,2011,0.4151175500213719,0.2906933325916246,HOU vs. BAL,BAL,29,1575.6094728449236,3.0,HOU,14,1517.966625431857,8.0,1,15,-7.0,1,-311.0,274.0,0,0
BAL,1.0,13.0,13.0,11.117647058823529,189,11.117647058823529,189,-18.029411764705884,0.2115402328921262,-35.01764705882353,-0.4550660504571211,2.1268776974659325,1.5462570109628933,0.5806206865030394,11.124111102996286,23.41176470588235,398.0,70.0,16.41176470588235,279.0,52.0,AFC North,3,7.0,119,1.054847236097236,0.5753529411764705,6.2558823529411764,4.287341285020295,1.3529411764705883,0.8823529411764706,0.7656862745098039,43.64705882352941,1.411764705882353,6.0,0.4013450391956129,0.5374705882352941,4.827647058823529,3.620735001671047,0.6470588235294118,0.6470588235294118,0.9141025641025641,61.88235294117647,1.7647058823529411,0.4013450391956129,1.8758888970037138,2012-01-22,2011,1.0651440359273012,0.5161175801280059,NWE,1.0,14.0,14.0,10.588235294117647,180,10.882352941176471,185,7.347058823529411,-0.01082012275052398,-17.776470588235295,0.44795217481211663,3.145100161276632,1.9347347097347096,1.2103654515419222,11.932333785998381,32.8235294117647,558.0,92.0,20.705882352941178,352.0,61.0,AFC East,9,12.117647058823529,206,1.079408959096459,0.6627647058823529,9.048823529411765,4.064980929377645,2.6470588235294117,1.0588235294117647,0.8725490196078431,49.11764705882353,1.1176470588235294,16.0,0.4603728259437602,0.6020588235294118,6.655294117647059,4.523753226940285,1.5294117647058822,0.8235294117647058,0.85,56.588235294117645,2.0588235294117645,0.4603728259437602,2.067666214001619,2011,1.567918287156383,0.6817710219140474,BAL vs. NWE,NWE,23,1783.6018672453324,2.0,BAL,20,1704.6198625353366,4.0,1,3,-7.0,0,-310.0,273.0,0,1
LVR,1.0,1.0,1.0,12.0,12,11.0,11,-14.799999999999997,0.7959938196667027,-31.599999999999994,-1.1527241290512458,1.9166666666666667,1.8181818181818181,0.09848484848484862,0.5820600364363633,23.0,23.0,5.0,20.0,20.0,3.0,AFC West,1,3.0,3,0.5,0.591,5.41,4.871794871794871,1.0,1.0,1.0,131.0,1.0,2.0,0.35714285714285715,0.522,5.37,2.923076923076923,1.0,0.0,0.6666666666666666,91.0,3.0,0.35714285714285715,0.4179399635636367,2011-09-18,2011,0.5908083181515154,0.11398362642644637,BUF,1.0,1.0,1.0,13.0,13,13.0,13,12.299999999999997,0.10368612735901106,-36.8,1.9241989478718313,3.1538461538461537,0.5384615384615384,2.6153846153846154,0.9850702743104667,41.0,41.0,7.0,7.0,7.0,1.0,AFC East,1,34.0,34,0.5,0.654,9.08,4.17948717948718,4.0,1.0,1.0,30.0,1.0,2.0,0.5,0.611,2.22,6.0,1.0,0.0,0.0,3.0,3.0,0.5,0.014929725689533324,2011,0.5465006215251333,0.0011484404376564095,LVR vs. BUF,BUF,38,1550.0,1.0,LVR,35,1550.0,1.0,1,3,-3.5,0,-190.0,171.0,0,0
NWE,2.0,2.0,1.0,10.5,21,10.5,21,27.950000000000003,0.2132898569627404,-5.75,0.415865614538498,3.5277777777777777,2.166666666666667,1.361111111111111,1.5186257581866607,36.5,73.0,12.0,22.5,45.0,7.0,AFC East,2,14.0,28,1.0,0.7210000000000001,11.615,4.289090909090909,3.5,1.0,0.75,65.0,0.5,4.0,0.6258741258741258,0.6685,7.955,4.491666666666667,2.0,1.0,1.0,52.0,2.5,0.6258741258741258,0.4813742418133393,2011-09-25,2011,0.7089640690895255,0.24689570696888988,BUF,2.0,2.0,1.0,11.5,23,11.5,23,0.6000000000000014,2.6597758709487542,-14.149999999999999,1.1075322812051644,3.476923076923077,2.019230769230769,1.4576923076923076,1.53364268200912,39.5,79.0,13.0,21.0,42.0,6.0,AFC East,2,18.5,37,1.0,0.6315,7.505,6.735576923076923,3.5,1.5,0.75,28.0,1.0,3.0,0.4318181818181818,0.654,5.930000000000001,5.183333333333334,1.5,1.5,0.0,44.0,2.5,0.4318181818181818,0.46635731799088,2011,0.6970140246495965,0.19126399799881041,NWE vs. BUF,BUF,34,1600.0,1.0,NWE,31,1600.0,1.0,1,3,7.0,1,273.0,-310.0,1,0
BUF,3.0,3.0,1.0,12.0,36,11.666666666666666,35,-2.0666666666666678,1.7312502299231134,-14.066666666666668,0.7643698880427715,3.1897435897435895,2.2072649572649574,0.9824786324786324,2.0881563201917874,37.666666666666664,113.0,18.0,24.333333333333332,73.0,11.0,AFC East,3,13.333333333333334,40,1.0,0.646,7.663333333333334,5.807051282051282,3.0,1.3333333333333333,0.8333333333333334,44.333333333333336,1.3333333333333333,5.0,0.4090909090909091,0.6583333333333333,6.080000000000001,4.84017094017094,2.3333333333333335,1.0,0.5,60.333333333333336,3.0,0.4090909090909091,0.9118436798082126,2011-10-02,2011,0.6519739466347021,0.30505029026562225,CIN,3.0,1.0,0.3333333333333333,12.333333333333334,37,12.333333333333334,37,-19.53333333333333,-0.15509398142109795,-13.0,-1.2240228813844805,1.5256410256410255,1.4636752136752136,0.061965811965812,1.438585715057936,19.0,57.0,12.0,18.0,54.0,10.0,AFC North,-2,1.0,3,0.25,0.582,5.866666666666666,3.9207070707070706,1.3333333333333333,0.3333333333333333,1.0,43.666666666666664,1.0,1.0,0.20089126559714796,0.5806666666666667,6.626666666666666,2.8517781707436884,1.3333333333333333,0.6666666666666666,1.0,65.66666666666667,1.3333333333333333,0.20089126559714796,-0.438585715057936,2011,0.2769096524261691,0.14066795359838413,BUF vs. CIN,CIN,23,1435.9935000197115,19.0,BUF,20,1650.0,1.0,1,3,3.0,1,134.0,-148.0,0,0
PHI,4.0,1.0,0.25,11.25,45,11.0,44,-17.950000000000003,1.3325322812051648,1.9749999999999979,1.2546233510548552,2.2938492063492064,2.301010101010101,-0.007160894660894479,1.9866260658986876,25.25,101.0,18.0,25.25,101.0,16.0,NFC East,-3,0.0,0,0.38888888888888884,0.615,6.4125,5.408333333333333,1.5,1.0,0.775,50.5,2.5,-6.0,0.48030303030303034,0.61325,8.6125,5.330424403183024,2.5,0.75,0.5,44.5,1.0,0.48030303030303034,-0.9866260658986876,2011-10-09,2011,0.30133739341013127,0.18303399400921022,BUF,4.0,3.0,0.75,11.75,47,11.75,47,-7.949999999999999,1.267582647505531,-19.775,0.8902646530000364,2.846853146853147,2.1346153846153846,0.7122377622377621,2.5060962837554244,33.25,133.0,21.0,24.0,96.0,16.0,AFC East,-1,9.25,37,0.7777777777777778,0.6315,7.145,5.3433836996337,2.25,1.25,0.875,39.75,1.0,7.0,0.3782467532467533,0.61875,6.067500000000001,4.966065705128205,2.0,1.0,0.6666666666666666,49.0,2.75,0.3782467532467533,0.49390371624457563,2011,0.5019786066017877,0.2973535077654958,PHI vs. BUF,BUF,31,1572.584548028748,3.0,PHI,24,1401.7470005428802,22.0,1,7,3.0,1,143.0,-158.0,0,0
BUF,5.0,4.0,0.8,11.4,57,11.6,58,-7.840000000000001,1.016048764721648,-22.6,1.6370515119743954,2.8974825174825174,2.144055944055944,0.7534265734265734,3.1532524553221197,32.8,164.0,25.0,24.0,120.0,20.0,AFC East,1,8.8,44,0.6458333333333334,0.6608,6.9239999999999995,5.091849816849817,2.0,1.4,0.9,39.8,1.0,11.0,0.3883116883116883,0.625,5.73,5.712852564102564,2.0,1.0,0.75,48.4,3.2,0.3883116883116883,0.8467475446778803,2011-10-16,2011,0.5128725916384106,0.3342584513570952,NYG,5.0,3.0,0.6,12.0,60,12.2,61,-0.7,-0.8814852626544845,-23.64,-0.025517651318452118,2.1948232323232326,2.0052447552447554,0.18957847707847714,2.6335886318217128,25.4,127.0,18.0,24.6,123.0,21.0,NFC East,-1,0.8,4,0.2708333333333333,0.6364,8.629999999999999,3.194315789473684,2.2,1.0,0.6666666666666666,49.2,1.8,2.0,0.27897435897435896,0.597,5.922,4.050283400809716,1.0,1.2,0.8,62.2,2.2,0.27897435897435896,0.36641136817828723,2011,0.32198468209069725,0.30063815977620995,BUF vs. NYG,NYG,27,1509.8716198338288,8.0,BUF,24,1599.8059193392005,3.0,1,3,-3.0,0,-185.0,166.0,0,0
WAS,6.0,3.0,0.5,11.166666666666666,67,10.833333333333334,65,-31.633333333333336,-0.3066368829639994,-20.849999999999998,0.45538435452163445,1.746212121212121,1.8252525252525251,-0.07904040404040404,3.0733855482593917,19.333333333333332,116.0,22.0,19.333333333333332,116.0,24.0,NFC East,-2,0.0,0,0.37333333333333335,0.5608333333333333,5.076666666666667,3.7691641691641693,1.1666666666666667,0.6666666666666666,0.75,45.333333333333336,2.3333333333333335,-6.0,0.3254901960784314,0.592,6.448333333333333,4.531185406649803,0.8333333333333334,1.0,0.8,74.16666666666667,1.3333333333333333,0.3254901960784314,-0.0733855482593917,2011-10-30,2011,0.3243420844236154,0.30317627395326824,BUF,6.0,4.0,0.6666666666666666,11.166666666666666,67,11.166666666666666,67,-8.983333333333334,1.2905955343771136,-19.700000000000003,1.3010710341189176,2.8145687645687647,2.2867132867132867,0.5278554778554778,3.5839156636691505,31.333333333333332,188.0,29.0,24.5,147.0,25.0,AFC East,-1,6.833333333333333,41,0.6366666666666667,0.6673333333333332,6.708333333333333,5.366396586505282,2.0,1.3333333333333333,0.9166666666666666,45.666666666666664,1.1666666666666667,9.0,0.39935064935064934,0.6301666666666667,6.296666666666667,5.3768720862470865,1.6666666666666667,1.3333333333333333,0.7333333333333333,53.5,2.6666666666666665,0.39935064935064934,0.4160843363308495,2011,0.4628518551084443,0.33682116519470456,WAS vs. BUF,BUF,23,1537.1448595422078,6.0,WAS,0,1421.6032860044736,13.0,1,23,-4.0,1,-210.0,188.0,0,0
NYJ,7.0,4.0,0.5714285714285714,12.0,84,11.857142857142858,83,-17.62857142857143,-0.552834859533222,-40.114285714285714,0.15634805537808166,2.0817111459968602,1.838827838827839,0.2428833071690215,3.9413763039222327,24.571428571428573,172.0,26.0,21.714285714285715,152.0,24.0,AFC East,2,2.857142857142857,20,0.6194444444444445,0.5638571428571428,6.1899999999999995,3.522966192594947,1.7142857142857142,0.5714285714285714,1.0,55.42857142857143,1.8571428571428572,3.0,0.3802744874173446,0.5381428571428571,4.101428571428571,4.232149107506251,0.5714285714285714,1.2857142857142858,0.9444444444444443,49.42857142857143,2.2857142857142856,0.3802744874173446,0.058623696077767296,2011-11-06,2011,0.3121160137721462,0.25027016988961515,BUF,7.0,5.0,0.7142857142857143,11.142857142857142,78,11.142857142857142,78,-5.585714285714287,1.121370047993242,-24.528571428571432,0.8706087880316714,2.711188811188811,1.96003996003996,0.751148851148851,4.583323491796047,30.142857142857142,211.0,34.0,21.0,147.0,25.0,AFC East,1,9.142857142857142,64,0.6138888888888889,0.6831428571428572,7.057142857142857,5.197171100121411,2.0,1.1428571428571428,0.8928571428571429,44.142857142857146,1.2857142857142858,9.0,0.4137291280148423,0.6267142857142858,5.665714285714286,4.9464098401598395,1.4285714285714286,1.1428571428571428,0.611111111111111,54.285714285714285,2.5714285714285716,0.4137291280148423,0.4166765082039534,2011,0.4618443246866931,0.293803869423258,NYJ vs. BUF,BUF,11,1571.1041081343485,4.0,NYJ,27,1551.7854206928782,7.0,0,-16,-2.5,0,-130.0,118.0,1,0
BUF,8.0,5.0,0.625,11.125,89,11.0,88,-10.900000000000002,1.017178205932611,-22.5,0.6561537118578453,2.4972902097902097,2.052534965034965,0.4447552447552447,4.689716940547656,27.75,222.0,36.0,21.75,174.0,30.0,AFC East,-1,6.0,48,0.6078231292517007,0.65825,6.6625,5.09297925806078,1.875,1.0,0.90625,49.125,1.5,8.0,0.39610389610389607,0.637625,5.8375,4.731954763986014,1.375,1.25,0.619047619047619,55.0,2.5,0.39610389610389607,0.3102830594523436,2011-11-13,2011,0.4201828513206241,0.3115177440107533,DAL,8.0,4.0,0.5,11.0,88,10.625,85,-9.987499999999997,0.8586929868600387,-20.400000000000002,-0.12341753233269054,2.0062968281718283,2.1234848484848485,-0.11718802031302025,4.160989426199713,22.375,179.0,37.0,21.875,175.0,30.0,NFC East,1,0.5,4,0.6312925170068028,0.618375,7.3149999999999995,4.934494038988207,1.75,0.375,0.9523809523809523,52.5,1.875,0.0,0.35177426739926737,0.615375,5.84,3.952383519795478,1.375,0.625,0.9166666666666667,38.375,1.875,0.35177426739926737,-0.16098942619971268,2011,0.41199345345257193,0.3017210547264833,BUF vs. DAL,DAL,44,1503.5763168166895,14.0,BUF,7,1518.3267872127103,9.0,1,37,-4.5,1,-222.0,199.0,0,0
BUF,9.0,5.0,0.5555555555555556,11.0,99,10.666666666666666,96,-15.766666666666667,1.3336445628801061,-14.622222222222222,0.6478412777641611,2.2975912975912975,2.4355866355866356,-0.13799533799533803,4.702374999018575,25.444444444444443,229.0,37.0,24.22222222222222,218.0,37.0,AFC East,-2,1.2222222222222223,11,0.5943452380952381,0.6567777777777777,5.997777777777777,5.409445615008275,1.7777777777777777,0.8888888888888888,0.8055555555555556,45.0,1.7777777777777777,4.0,0.38383838383838387,0.6651111111111111,6.598888888888889,4.72364232989233,1.5555555555555556,1.2222222222222223,0.6666666666666666,57.111111111111114,2.2222222222222223,0.38383838383838387,0.29762500098142475,2011-11-20,2011,0.3860966610957494,0.3553381076809175,MIA,9.0,2.0,0.2222222222222222,10.88888888888889,98,10.666666666666666,96,-23.422222222222224,0.16612322902361665,-7.955555555555557,-0.2718239906218416,1.6724164724164723,1.861952861952862,-0.1895363895363895,3.8614942924792715,17.555555555555557,158.0,33.0,19.77777777777778,178.0,34.0,AFC East,2,-2.2222222222222223,-20,0.5474702380952381,0.6102222222222222,5.777777777777778,4.241924281151785,0.8888888888888888,0.7777777777777778,0.8796296296296297,42.0,1.5555555555555556,-8.0,0.3008954008954009,0.6060000000000001,7.5055555555555555,3.8039770615063273,1.5555555555555556,0.3333333333333333,0.825925925925926,59.666666666666664,0.6666666666666666,0.3008954008954009,-1.8614942924792715,2011,0.26708694824057144,0.24156156719410277,BUF vs. MIA,MIA,35,1400.3008257683675,28.0,BUF,8,1466.2052983571618,12.0,1,27,-3.0,1,-156.0,141.0,1,0
BUF,10.0,5.0,0.5,11.2,112,10.7,107,-19.970000000000002,1.0084894750634892,-10.1,0.4469056162034997,2.129370629370629,2.51020979020979,-0.38083916083916086,4.7317470843513245,23.7,237.0,39.0,25.3,253.0,41.0,AFC East,-3,-1.6,-16,0.5529982363315696,0.6388,5.657,5.084290527191658,1.6,0.8,0.825,43.2,1.8,2.0,0.34545454545454546,0.6686,6.973999999999999,4.522706668331669,1.7,1.2,0.6666666666666666,56.4,2.0,0.34545454545454546,0.2682529156486755,2011-11-27,2011,0.35755523545562345,0.35513866312298664,NYJ,10.0,5.0,0.5,11.9,119,11.7,117,-20.5,-0.5502192228062114,-35.21,-0.09500026740091343,1.9586080586080588,1.8652097902097904,0.09339826839826845,5.301774232137601,22.8,228.0,35.0,21.7,217.0,34.0,AFC East,-2,1.1,11,0.6111552028218694,0.5774,6.0200000000000005,3.5255818293219576,1.4,0.7,0.7962962962962963,51.9,2.0,0.0,0.3806277056277056,0.5347,4.753,3.980800784727255,0.8,1.0,0.9629629629629629,56.1,2.0,0.3806277056277056,-0.3017742321376007,2011,0.2852419343488941,0.25276895393788174,BUF vs. NYJ,NYJ,28,1551.7854206928782,7.0,BUF,24,1571.1041081343485,4.0,1,4,-9.5,0,-450.0,385.0,1,0
TEN,11.0,6.0,0.5454545454545454,10.636363636363637,117,10.727272727272727,118,-17.099999999999998,-0.5135538492174265,-15.018181818181818,0.21475168992043894,1.919379105742742,1.915418167690895,0.003960938051847152,6.119079354893867,20.545454545454547,226.0,38.0,19.272727272727273,212.0,38.0,AFC South,1,1.2727272727272727,14,0.5086507936507936,0.5937272727272728,6.36090909090909,3.5622472029107417,1.5454545454545454,0.36363636363636365,0.8550000000000001,69.9090909090909,1.3636363636363635,3.0,0.3901458612688559,0.6225454545454545,6.392727272727272,4.290552742048607,1.4545454545454546,0.45454545454545453,0.95,54.0,1.6363636363636365,0.3901458612688559,-0.11907935489386734,2011-12-04,2011,0.3212703842377879,0.2892719449260655,BUF,11.0,5.0,0.45454545454545453,11.272727272727273,124,10.727272727272727,118,-17.245454545454546,0.8255020245395723,-10.072727272727274,0.5812050099915299,2.1176096630642083,2.5134138588684043,-0.39580419580419585,5.141415302911794,23.727272727272727,261.0,43.0,25.545454545454547,281.0,45.0,AFC East,-4,-1.8181818181818181,-20,0.5476984126984127,0.6413636363636364,5.865454545454545,4.901303076667741,1.7272727272727273,0.7272727272727273,0.8409090909090909,47.0,1.6363636363636365,4.0,0.3504132231404959,0.652,6.8981818181818175,4.657006062119699,1.9090909090909092,1.0909090909090908,0.6666666666666666,54.90909090909091,2.0,0.3504132231404959,-0.14141530291179372,2011,0.3423160864917837,0.3417845233967406,TEN vs. BUF,BUF,17,1369.2634634177316,18.0,TEN,23,1504.8702721920513,14.0,0,-6,-1.0,0,-107.0,-103.0,0,0
BUF,12.0,5.0,0.4166666666666667,11.166666666666666,134,10.666666666666666,128,-16.858333333333334,0.7938716956868257,-11.141666666666667,0.6958093435245657,2.0828088578088577,2.4956293706293704,-0.41282051282051285,5.469600273123122,23.166666666666668,278.0,45.0,25.333333333333332,304.0,50.0,AFC East,-5,-2.1666666666666665,-26,0.547494424767152,0.6404166666666667,5.924166666666667,4.869672747814994,1.6666666666666667,0.6666666666666666,0.8541666666666666,44.333333333333336,1.6666666666666667,2.0,0.35767045454545454,0.651,6.756666666666667,4.7716103956527345,1.75,1.1666666666666667,0.7037037037037037,52.0,1.8333333333333333,0.35767045454545454,-0.46960027312312214,2011-12-11,2011,0.322679096834241,0.3427864494426067,LAC,12.0,5.0,0.4166666666666667,10.5,126,10.166666666666666,122,-15.149999999999999,0.08903253889785283,-10.008333333333333,0.28744262386009006,2.317009842009842,2.477074083324083,-0.16006424131424132,5.924090376654156,23.916666666666668,287.0,53.0,24.083333333333332,289.0,48.0,AFC West,1,-0.16666666666666666,-2,0.47176308539944906,0.6268333333333334,6.774166666666667,4.164833591026022,1.5833333333333333,0.9166666666666666,0.8466666666666667,49.166666666666664,2.0,-9.0,0.4748312757503934,0.60875,7.096666666666667,4.363243675988259,1.8333333333333333,0.5833333333333334,0.9545454545454546,54.833333333333336,1.25,0.4748312757503934,-0.9240903766541564,2011,0.38824286378130274,0.33035769256871617,BUF vs. LAC,LAC,37,1415.0992032754953,18.0,BUF,10,1337.8447396124857,18.0,1,27,-7.0,1,-309.0,272.0,0,0
MIA,13.0,4.0,0.3076923076923077,11.076923076923077,144,11.307692307692308,147,-18.315384615384616,0.03142294302256017,-16.10769230769231,-0.6166622252030627,1.8773295080987387,1.6991438049130356,0.1781857031857032,6.287054603591602,19.692307692307693,256.0,49.0,18.923076923076923,246.0,46.0,AFC East,-1,0.7692307692307693,10,0.5420845358345359,0.6070769230769231,6.193846153846153,4.107223995150729,1.0769230769230769,0.7692307692307693,0.8513888888888889,49.46153846153846,1.3846153846153846,-5.0,0.3189349112426036,0.582,6.667692307692308,3.459138826925106,1.4615384615384615,0.38461538461538464,0.8694444444444445,61.0,1.0,0.3189349112426036,-2.287054603591602,2011-12-18,2011,0.2804136348418865,0.2338019300025046,BUF,13.0,5.0,0.38461538461538464,11.0,143,10.538461538461538,137,-21.49230769230769,0.7885122535472108,-8.723076923076924,0.68933931308974,2.0080628772936464,2.6198971968202733,-0.6118343195266271,5.512676652081858,22.153846153846153,288.0,46.0,26.23076923076923,341.0,55.0,AFC East,-6,-4.076923076923077,-53,0.5365921115921116,0.6223076923076923,5.572307692307692,4.864313305675379,1.5384615384615385,0.6153846153846154,0.8269230769230769,41.30769230769231,1.7692307692307692,0.0,0.3581293706293706,0.6568461538461539,6.88,4.765140365217909,1.8461538461538463,1.1538461538461537,0.7333333333333333,51.84615384615385,1.7692307692307692,0.3581293706293706,-0.5126766520818578,2011,0.3089924012932945,0.35474608879028513,MIA vs. BUF,BUF,23,1466.2052983571618,12.0,MIA,30,1400.3008257683675,28.0,0,-7,1.0,0,-103.0,-107.0,1,0
DEN,14.0,8.0,0.5714285714285714,12.142857142857142,170,12.0,168,-17.435714285714287,0.8235630802308692,-7.885714285714285,-0.08433937359836004,1.7629965272822417,2.081720263863121,-0.3187237365808794,6.730010998927096,20.857142857142858,292.0,47.0,24.5,343.0,61.0,AFC West,-1,-3.642857142857143,-51,0.5788963173578558,0.5076428571428572,6.722142857142857,4.899364132359038,1.3571428571428572,0.7142857142857143,0.8205128205128205,52.57142857142857,1.7142857142857142,-7.0,0.3219650855680268,0.6323571428571428,7.007142857142857,3.991461678529809,1.7142857142857142,0.6428571428571429,0.9230769230769231,52.857142857142854,1.2142857142857142,0.3219650855680268,1.2699890010729042,2011-12-24,2011,0.30155020296236407,0.37009750385435675,BUF,14.0,5.0,0.35714285714285715,11.357142857142858,159,10.928571428571429,153,-22.071428571428573,0.8658733332170145,-6.8500000000000005,0.82641575316816,1.967308386058386,2.5666902541902537,-0.5993818681318681,5.860251474800018,22.214285714285715,311.0,50.0,26.5,371.0,61.0,AFC East,-7,-4.285714285714286,-60,0.5189844343690497,0.625,5.472142857142857,4.941674385345183,1.5714285714285714,0.6428571428571429,0.8035714285714286,44.92857142857143,1.8571428571428572,0.0,0.3325487012987013,0.6456428571428571,7.224285714285714,4.902216805296328,1.8571428571428572,1.1428571428571428,0.7575757575757577,52.57142857142857,1.8571428571428572,0.3325487012987013,-0.8602514748000178,2011,0.29514259939802295,0.3457164612685336,DEN vs. BUF,BUF,40,1267.6072998073505,23.0,DEN,14,1615.153631896429,10.0,1,26,3.0,1,127.0,-140.0,0,0
BUF,15.0,6.0,0.4,11.333333333333334,170,11.066666666666666,166,-22.073333333333334,0.9173807551463832,-10.846666666666668,0.7529346328150714,2.078578736078736,2.4673724423724424,-0.38879370629370624,6.783553311397277,23.4,351.0,55.0,25.666666666666668,385.0,63.0,AFC East,1,-2.2666666666666666,-34,0.5227304441590156,0.6204000000000001,5.578666666666667,4.993181807274552,1.4666666666666666,0.6666666666666666,0.7944444444444444,46.53333333333333,1.7333333333333334,3.0,0.321489898989899,0.6324666666666666,6.828,4.82873568494324,1.8,1.1333333333333333,0.7575757575757577,52.93333333333333,1.9333333333333333,0.321489898989899,-0.7835533113972772,2012-01-01,2011,0.306629242303196,0.3343920246513942,NWE,15.0,12.0,0.8,10.533333333333333,158,10.8,162,4.926666666666666,-0.11050848925496061,-14.006666666666666,0.45778593840415466,2.987780182780183,2.0154266104266103,0.9723535723535723,10.078216613410076,30.933333333333334,464.0,78.0,21.4,321.0,56.0,AFC East,7,9.533333333333333,143,0.5621816675388104,0.6556666666666667,8.735333333333333,3.9652925628732083,2.4,1.0666666666666667,0.8555555555555556,49.2,1.0666666666666667,14.0,0.4550892027362616,0.6172666666666667,7.04,4.533586990532323,1.6,0.8,0.9038461538461539,57.46666666666667,2.0,0.4550892027362616,1.921783386589924,2011,0.5569194532295418,0.3669217570572163,BUF vs. NWE,NWE,49,1600.0,1.0,BUF,21,1600.0,1.0,1,28,-10.0,1,-568.0,474.0,1,0
GNB,1.0,1.0,1.0,9.0,9,9.0,9,30.19999999999999,-0.2609862373133538,10.599999999999994,-0.21865819498531147,4.666666666666667,3.7777777777777777,0.8888888888888893,0.6226479153548714,42.0,42.0,5.0,34.0,34.0,5.0,NFC North,1,8.0,8,0.5,0.7709999999999999,10.17,3.814814814814815,3.0,2.0,,48.0,0.0,1.0,0.6666666666666666,0.653,9.31,3.857142857142857,3.0,0.0,1.0,15.0,1.0,0.6666666666666666,0.3773520846451286,2011-09-18,2011,0.765195602580627,0.20964004702507144,CAR,1.0,0.0,0.0,12.0,12,10.0,10,8.299999999999997,-1.3350603113874278,27.900000000000006,-0.11580105212816871,1.75,2.8,-1.0499999999999998,0.33585822723677966,21.0,21.0,3.0,28.0,28.0,3.0,NFC South,-1,-7.0,-7,0.5,0.649,10.76,2.740740740740741,2.0,1.0,,74.0,1.0,0.0,0.2727272727272727,0.667,12.41,3.96,2.0,1.0,0.0,61.0,1.0,0.2727272727272727,-0.33585822723677966,2011,0.1660354431908051,-0.10075746817103388,GNB vs. CAR,CAR,23,1450.0,17.0,GNB,30,1550.0,1.0,0,-7,10.5,1,453.0,-539.0,0,0
JAX,2.0,1.0,0.5,10.5,21,12.0,24,-48.4,-0.26768442486260535,-11.399999999999999,-0.8438298982820149,0.9363636363636364,1.867132867132867,-0.9307692307692309,0.5821109911548348,9.5,19.0,5.0,23.0,46.0,8.0,AFC South,-1,-13.5,-27,1.0,0.574,1.555,3.808116627265563,0.0,0.5,1.0,44.5,2.5,-2.0,0.375,0.663,6.34,3.2319711538461537,2.0,0.5,0.5,60.0,1.5,0.375,0.4178890088451652,2011-09-25,2011,0.2878439296244244,0.23631483480752752,CAR,2.0,0.0,0.0,12.0,24,10.5,21,-11.100000000000001,-1.0149544912816078,23.0,0.8565799002527839,1.8333333333333335,2.7636363636363637,-0.9303030303030301,0.6834330499549399,22.0,44.0,8.0,29.0,58.0,9.0,NFC South,-2,-7.0,-14,1.0,0.629,8.52,3.060846560846561,1.5,1.0,1.0,62.0,2.5,-3.0,0.36713286713286714,0.65,11.79,4.932380952380953,2.0,1.0,0.5,59.0,1.0,0.36713286713286714,-0.6834330499549399,2011,0.21942782500751,0.06783577500965572,JAX vs. CAR,CAR,16,1414.0064999802885,26.0,JAX,10,1500.0,8.0,1,6,-3.5,1,-170.0,153.0,0,0
CAR,3.0,1.0,0.3333333333333333,11.666666666666666,35,10.333333333333334,31,-15.6,-0.7614271544209373,5.766666666666666,0.4673548769101134,1.707070707070707,2.175757575757576,-0.46868686868686854,1.43629012718176,20.0,60.0,11.0,22.666666666666668,68.0,11.0,NFC South,1,-2.6666666666666665,-8,0.75,0.5956666666666667,7.426666666666667,3.314373897707231,1.3333333333333333,0.6666666666666666,1.0,64.33333333333333,1.6666666666666667,-2.0,0.36975524475524474,0.6236666666666667,9.51,4.543155929038282,1.6666666666666667,0.6666666666666666,0.6666666666666666,59.333333333333336,1.0,0.36975524475524474,-0.4362901271817601,2011-10-02,2011,0.2685791295333394,0.18495493119355527,CHI,3.0,1.0,0.3333333333333333,12.666666666666666,38,12.0,36,-19.033333333333335,-0.9616035212639713,0.3333333333333381,1.0489936933562316,1.6025641025641024,1.8892773892773895,-0.2867132867132867,1.2691981762799802,20.0,60.0,11.0,23.0,69.0,13.0,NFC North,-2,-3.0,-9,0.5,0.5593333333333333,6.54,3.114197530864198,1.6666666666666667,0.0,1.0,57.666666666666664,1.3333333333333333,2.0,0.2638888888888889,0.7000000000000001,7.25,5.1247947454844,2.0,0.0,1.0,47.0,2.0,0.2638888888888889,-0.2691981762799802,2011,0.26349842158701947,0.20833725655889124,CAR vs. CHI,CHI,34,1450.0,19.0,CAR,29,1476.135291917265,19.0,1,5,-7.0,0,-300.0,264.0,0,0
NOR,4.0,3.0,0.75,10.5,42,11.0,44,1.5999999999999979,0.343560266066821,-14.075000000000001,0.7473144162814174,3.0535353535353535,2.393939393939394,0.6595959595959594,2.7463221729276,31.75,127.0,22.0,24.5,98.0,17.0,NFC South,3,7.25,29,0.7777777777777778,0.6915,7.8125,4.41936131819499,2.5,0.75,0.9,33.0,1.5,-3.0,0.557207498383969,0.5345,6.98,4.823115468409586,2.0,0.5,1.0,41.5,0.75,0.557207498383969,0.25367782707240005,2011-10-09,2011,0.5570292392594809,0.3142756992058568,CAR,4.0,1.0,0.25,11.75,47,10.0,40,-15.925,0.0349793711522548,-9.55,1.1380175075537686,1.884469696969697,2.576262626262626,-0.6917929292929292,1.8431448148167155,22.25,89.0,17.0,25.5,102.0,15.0,NFC South,-1,-3.25,-13,0.611111111111111,0.5935,7.4675,4.110780423280423,1.25,1.0,0.8666666666666667,61.25,1.5,-2.0,0.3189831002331002,0.6000000000000001,7.8375,5.213818559681937,1.25,1.0,0.75,55.75,1.0,0.3189831002331002,-0.8431448148167155,2011,0.2854603092984885,0.20220517361093293,NOR vs. CAR,CAR,27,1422.381199321882,22.0,NOR,30,1605.5472164411256,3.0,0,-3,6.5,1,252.0,-285.0,1,0
WAS,5.0,3.0,0.6,11.4,57,11.0,55,-33.720000000000006,-0.35280404913116553,-29.659999999999997,0.41567548990564906,1.6954545454545453,1.5303030303030305,0.1651515151515151,2.839560512697136,19.2,96.0,18.0,16.6,83.0,17.0,NFC East,-1,2.6,13,0.425,0.554,4.816,3.7229970029970034,1.2,0.6,0.7,49.2,2.2,-3.0,0.3072549019607843,0.5538000000000001,5.546,4.491476542033817,0.8,0.8,0.75,68.0,1.6,0.3072549019607843,0.16043948730286406,2011-10-23,2011,0.3259224939349177,0.25719080466963157,CAR,6.0,1.0,0.16666666666666666,10.5,63,9.5,57,-22.916666666666668,0.7830175983571485,-6.516666666666666,0.7917446543264562,2.172979797979798,2.9188973063973065,-0.7459175084175084,2.475102296253396,22.166666666666668,133.0,24.0,27.166666666666668,163.0,26.0,NFC South,-3,-5.0,-30,0.5966666666666667,0.5816666666666667,6.576666666666667,4.8588186504853175,1.1666666666666667,1.3333333333333333,0.9,65.83333333333333,1.6666666666666667,-5.0,0.4209887334887335,0.6244999999999999,7.833333333333333,4.867545706454625,1.3333333333333333,1.3333333333333333,0.8333333333333334,60.333333333333336,0.8333333333333334,0.4209887334887335,-1.4751022962533962,2011,0.2872950923013717,0.2679746792321979,WAS vs. CAR,CAR,33,1358.491933733576,21.0,WAS,20,1489.6273060350668,13.0,1,13,-1.5,1,-133.0,120.0,0,0
MIN,7.0,1.0,0.14285714285714285,10.285714285714286,72,10.714285714285714,75,-26.62857142857143,1.2560226324221884,-4.042857142857143,-0.5111839997291614,2.0292207792207795,2.4543345543345545,-0.42511377511377507,2.8490255891804184,21.142857142857142,148.0,27.0,25.428571428571427,178.0,35.0,NFC North,-2,-4.285714285714286,-30,0.44166666666666665,0.5467142857142857,5.377142857142857,5.331823684550357,0.8571428571428571,1.2857142857142858,0.880952380952381,61.857142857142854,0.8571428571428571,3.0,0.3890769944341373,0.6672857142857144,7.622857142857143,3.5646170523990075,1.5714285714285714,0.7142857142857143,1.0,46.285714285714285,1.2857142857142858,0.3890769944341373,-1.8490255891804184,2011-10-30,2011,0.27594505772247757,0.2767316273879721,CAR,7.0,2.0,0.2857142857142857,10.428571428571429,73,9.571428571428571,67,-16.32857142857143,0.7645763239634932,-8.614285714285714,0.667809553404367,2.3339826839826836,2.7876262626262625,-0.45364357864357857,3.241277260691141,23.714285714285715,166.0,31.0,26.142857142857142,183.0,30.0,NFC South,1,-2.4285714285714284,-17,0.5972222222222222,0.6104285714285714,7.202857142857143,4.840377376091662,1.1428571428571428,1.4285714285714286,0.9199999999999999,71.42857142857143,1.4285714285714286,-2.0,0.42037129537129536,0.6202857142857143,7.625714285714286,4.743610605532536,1.2857142857142858,1.2857142857142858,0.8571428571428571,55.42857142857143,1.1428571428571428,0.42037129537129536,-1.2412772606911409,2011,0.3493549998406548,0.304395910829991,MIN vs. CAR,CAR,21,1426.5159537641691,20.0,MIN,24,1336.0782989405493,23.0,0,-3,-3.0,0,-175.0,158.0,0,0
TEN,8.0,4.0,0.5,10.5,84,10.625,85,-11.5125,-0.8794968624116126,-12.6875,0.06751013777931003,1.8409722222222222,2.079613442113442,-0.23864121989121984,4.123327030368284,19.5,156.0,26.0,21.125,169.0,30.0,AFC South,-1,-1.625,-13,0.5544217687074829,0.6145,6.875,3.1963041897165563,1.625,0.375,0.8285714285714285,67.625,1.125,1.0,0.3847052457346575,0.63,6.48875,4.143311189907479,1.75,0.5,1.0,51.25,1.25,0.3847052457346575,-0.12332703036828363,2011-11-13,2011,0.3047522279917033,0.303382631013164,CAR,8.0,2.0,0.25,10.375,83,9.625,77,-12.462500000000002,0.8076773001001836,-7.3375,0.5748582277128,2.3047348484848484,2.7391729797979796,-0.43443813131313125,3.662813682838967,23.375,187.0,34.0,25.875,207.0,34.0,NFC South,-1,-2.5,-20,0.532312925170068,0.61275,7.46375,4.8834783522283525,1.375,1.25,0.7666666666666666,70.0,1.5,-3.0,0.43032488344988346,0.623125,7.7837499999999995,4.650659279840969,1.25,1.375,0.8125,53.875,1.125,0.43032488344988346,-1.662813682838967,2011,0.324494480095595,0.29458495906408294,TEN vs. CAR,CAR,3,1363.7871250600365,20.0,TEN,30,1468.7572035765218,14.0,0,-27,-3.5,0,-190.0,171.0,0,0
CAR,9.0,2.0,0.2222222222222222,10.555555555555555,95,9.777777777777779,88,-15.866666666666667,0.9258873077473257,-8.977777777777778,0.6041500537622162,2.0764309764309763,2.7378507295173957,-0.6614197530864198,3.667061358313384,21.11111111111111,190.0,35.0,26.333333333333332,237.0,39.0,NFC South,-2,-5.222222222222222,-47,0.5282738095238095,0.6085555555555556,6.971111111111111,5.001688359875494,1.2222222222222223,1.1111111111111112,0.7285714285714285,73.22222222222223,1.5555555555555556,-4.0,0.40632053132053136,0.6156666666666667,7.684444444444444,4.679951105890385,1.2222222222222223,1.3333333333333333,0.8333333333333334,58.111111111111114,1.1111111111111112,0.40632053132053136,-1.6670613583133842,2011-11-20,2011,0.30017877480588484,0.31184925129517427,DET,9.0,6.0,0.6666666666666666,12.444444444444445,112,12.666666666666666,114,-7.077777777777775,0.08954204417468005,-31.988888888888887,0.8449531932671969,2.297907647907648,1.6424539966206633,0.6554536512869846,5.315539619511811,28.0,252.0,43.0,20.444444444444443,184.0,34.0,NFC North,-1,7.555555555555555,68,0.428125,0.6092222222222222,7.127777777777778,4.165343096302848,2.2222222222222223,0.4444444444444444,0.9629629629629629,63.666666666666664,1.2222222222222223,8.0,0.2749386778798544,0.5963333333333334,4.016666666666667,4.920754245395366,1.0,0.4444444444444444,0.9166666666666666,68.55555555555556,2.111111111111111,0.2749386778798544,0.684460380488189,2011,0.4131267821041589,0.28778913541578793,CAR vs. DET,DET,49,1547.791491915718,6.0,CAR,35,1328.4500736680325,28.0,1,14,-7.0,1,-325.0,285.0,0,0
CAR,10.0,2.0,0.2,10.7,107,10.0,100,-19.35,0.9526415486828533,-6.0,0.7189135638628329,2.1604545454545456,2.87239898989899,-0.7119444444444444,3.9776349232846813,22.5,225.0,40.0,28.6,286.0,46.0,NFC South,-3,-6.1,-61,0.5436507936507936,0.6056,6.569,5.0284426008110215,1.2,1.2,0.7625,72.9,1.8,-5.0,0.3956884781884782,0.6319,7.848999999999999,4.794714615991002,1.6,1.4,0.8333333333333334,57.9,1.3,0.3956884781884782,-1.9776349232846813,2011-11-27,2011,0.2999014981949652,0.3230287935289047,IND,10.0,0.0,0.0,11.0,110,10.8,108,-32.44,0.2894243022276205,4.650000000000001,-0.09815463764701748,1.205104895104895,2.8225524475524475,-1.6174475524475525,1.8475792315968769,13.1,131.0,23.0,30.0,300.0,47.0,AFC South,-10,-16.9,-169,0.44497354497354497,0.5412,4.840999999999999,4.365225354355789,0.7,0.5,0.75,39.0,1.9,-10.0,0.33276428636722755,0.7051000000000001,8.4,3.977646414481151,1.9,1.2,0.824074074074074,48.8,0.9,0.33276428636722755,-1.8475792315968769,2011,0.17045970697570167,0.31126275566198774,CAR vs. IND,IND,19,1202.6605129589698,32.0,CAR,27,1306.3979372354715,26.0,0,-8,3.5,0,160.0,-178.0,0,0
CAR,11.0,3.0,0.2727272727272727,10.727272727272727,118,10.090909090909092,111,-18.40909090909091,1.0175883252325006,-9.154545454545454,0.6980501798004098,2.187190082644628,2.7682966023875113,-0.5811065197428834,4.674584316692958,22.90909090909091,252.0,45.0,27.727272727272727,305.0,50.0,NFC South,1,-4.818181818181818,-53,0.4892857142857142,0.6179090909090909,6.564545454545455,5.093389377360669,1.0909090909090908,1.3636363636363635,0.7518518518518519,74.63636363636364,1.7272727272727273,-4.0,0.4051713438077074,0.6214545454545455,7.59909090909091,4.773851231928578,1.5454545454545454,1.3636363636363635,0.85,54.0,1.3636363636363635,0.4051713438077074,-1.6745843166929584,2011-12-04,2011,0.323300235553788,0.3409261131575365,TAM,11.0,4.0,0.36363636363636365,11.0,121,10.909090909090908,120,-27.227272727272727,0.36333501417244923,-4.372727272727271,0.5021891833719483,1.7147842056932967,2.5084304584304586,-0.7936462527371618,4.155145628573666,18.09090909090909,199.0,38.0,26.454545454545453,291.0,50.0,NFC South,-5,-8.363636363636363,-92,0.5341666666666667,0.613,5.137272727272728,4.439136066300619,1.0909090909090908,0.5454545454545454,0.9363636363636364,64.27272727272727,2.090909090909091,-4.0,0.3492474771218087,0.622,8.328181818181818,4.577990235500117,1.7272727272727273,1.1818181818181819,0.7196969696969697,52.18181818181818,1.7272727272727273,0.3492474771218087,-0.1551456285736661,2011,0.3096201849092417,0.3729111504328157,CAR vs. TAM,TAM,19,1382.8573971937394,19.0,CAR,38,1341.8972940589638,27.0,0,-19,1.0,0,122.0,-135.0,1,0
CAR,13.0,4.0,0.3076923076923077,10.76923076923077,140,10.153846153846153,132,-17.530769230769234,1.0805725853315453,-7.7846153846153845,0.42209748722043317,2.3115803000418387,2.7035159285159285,-0.39193562847409,5.842661619816686,24.076923076923077,313.0,54.0,27.307692307692307,355.0,60.0,NFC South,-1,-3.230769230769231,-42,0.4866522366522366,0.6057692307692307,6.813076923076924,5.156373637459714,1.1538461538461537,1.5384615384615385,0.706060606060606,68.53846153846153,1.6153846153846154,-5.0,0.414381131688824,0.6160000000000001,7.733846153846153,4.497898539348602,1.6923076923076923,1.1538461538461537,0.8333333333333334,55.15384615384615,1.2307692307692308,0.414381131688824,-1.8426616198166856,2011-12-18,2011,0.33104190798346095,0.3551516916148012,HOU,13.0,10.0,0.7692307692307693,11.23076923076923,146,11.23076923076923,146,-4.084615384615383,0.15848324939929886,-39.36153846153846,0.012505832558026371,2.339389456697149,1.425837410452795,0.9135520462443539,9.134866800321545,25.384615384615383,330.0,58.0,16.0,208.0,42.0,AFC South,7,9.384615384615385,122,0.4792207792207792,0.6210769230769231,8.257692307692308,4.234284301527468,1.4615384615384615,1.1538461538461537,0.8194444444444445,50.23076923076923,1.1538461538461537,10.0,0.4428336557861445,0.5036923076923077,4.286153846153846,4.088306884686196,1.0,0.46153846153846156,0.7878787878787878,43.38461538461539,1.9230769230769231,0.4428336557861445,0.8651331996784553,2011,0.4236974318131456,0.28468682528266337,CAR vs. HOU,HOU,13,1726.5955935734935,2.0,CAR,28,1369.94293445157,24.0,0,-15,-4.5,0,-240.0,214.0,0,0
TAM,14.0,4.0,0.2857142857142857,10.928571428571429,153,10.785714285714286,151,-28.75,0.2645030488052228,-2.5499999999999985,0.3796886342621389,1.6987193362193362,2.743803418803419,-1.0450840825840826,4.541701430165281,17.642857142857142,247.0,46.0,28.642857142857142,401.0,65.0,NFC South,-8,-11.0,-154,0.49252734445042134,0.6069285714285714,4.997857142857143,4.340304100933392,1.0,0.5714285714285714,0.9416666666666668,65.92857142857143,2.2857142857142856,-10.0,0.35112368373923,0.6268571428571429,8.385714285714286,4.455489686390307,1.7857142857142858,1.4285714285714286,0.7628205128205128,49.214285714285715,1.5714285714285714,0.35112368373923,-0.5417014301652809,2011-12-24,2011,0.2890204174661051,0.3830602682304904,CAR,14.0,5.0,0.35714285714285715,10.642857142857142,149,10.071428571428571,141,-15.957142857142859,1.0609996784541706,-10.37142857142857,0.5293904486955331,2.368689643689644,2.6135822510822506,-0.24489260739260738,6.703035013504811,24.357142857142858,341.0,58.0,26.285714285714285,368.0,63.0,NFC South,1,-1.9285714285714286,-27,0.5083890468505853,0.6041428571428572,6.892142857142857,5.136800730582339,1.2142857142857142,1.5714285714285714,0.706060606060606,66.5,1.5,-2.0,0.4307008467722753,0.6172142857142857,7.462142857142857,4.605191500823701,1.5714285714285714,1.1428571428571428,0.8205128205128205,55.5,1.3571428571428572,0.4307008467722753,-1.7030350135048113,2011,0.3419098606024549,0.3605414357392081,TAM vs. CAR,CAR,48,1341.8972940589638,27.0,TAM,16,1382.8573971937394,19.0,1,32,-9.0,1,-350.0,305.0,1,0
CAR,15.0,6.0,0.4,10.6,159,10.066666666666666,151,-12.2,1.2991914577056707,-10.373333333333335,0.429395225833602,2.5307770007770007,2.546010101010101,-0.015233100233100198,7.6341350532326056,25.933333333333334,389.0,66.0,25.6,384.0,66.0,NFC South,2,0.3333333333333333,5,0.49248370676942105,0.6109333333333333,7.307333333333333,5.37499250983384,1.3333333333333333,1.6666666666666667,0.7305555555555555,67.2,1.4,2.0,0.40198745698745697,0.6252,7.373333333333333,4.505196277961771,1.5333333333333334,1.1333333333333333,0.8333333333333333,56.06666666666667,1.5333333333333334,0.40198745698745697,-1.6341350532326056,2012-01-01,2011,0.3698729922375883,0.3603298395084539,NOR,15.0,12.0,0.8,10.6,159,10.733333333333333,161,7.28,0.6078624047235043,-15.886666666666667,0.6953725025294081,3.218355348355348,2.06507511007511,1.1532802382802383,10.356381732038862,33.46666666666667,502.0,83.0,21.466666666666665,322.0,59.0,NFC South,7,12.0,180,0.49972586936872654,0.7090666666666666,8.402666666666667,4.683663456851673,2.7333333333333334,1.0,0.7904761904761904,52.733333333333334,1.2,-4.0,0.5673777317740166,0.5726666666666667,6.702666666666667,4.771173554657577,1.5333333333333334,0.6666666666666666,0.8652777777777777,60.46666666666667,0.9333333333333333,0.5673777317740166,1.6436182679611377,2011,0.5792118726376412,0.3821836347038125,CAR vs. NOR,NOR,45,1605.5472164411256,3.0,CAR,17,1422.381199321882,22.0,1,28,-7.0,1,-300.0,264.0,1,0
CHI,1.0,1.0,1.0,12.0,12,11.0,11,4.799999999999997,-0.8165417928689096,-27.299999999999997,3.781341805014688,2.5,1.0909090909090908,1.4090909090909092,0.897670863666944,30.0,30.0,5.0,12.0,12.0,2.0,NFC North,1,18.0,18,0.5,0.688,8.88,3.259259259259259,2.0,0.0,1.0,56.0,1.0,2.0,0.375,0.66,4.91,7.857142857142857,0.0,0.0,1.0,65.0,3.0,0.375,0.10232913633305596,2011-09-18,2011,0.45930380680544003,0.018605297515101083,NOR,1.0,0.0,0.0,9.0,9,9.0,9,10.599999999999994,-0.21865819498531147,30.19999999999999,-0.2609862373133538,3.7777777777777777,4.666666666666667,-0.8888888888888893,0.37735208464512865,34.0,34.0,5.0,42.0,42.0,5.0,NFC South,-1,-8.0,-8,0.5,0.653,9.31,3.857142857142857,3.0,0.0,1.0,15.0,1.0,-1.0,0.6428571428571429,0.7709999999999999,10.17,3.814814814814815,3.0,2.0,,48.0,0.0,0.6428571428571429,-0.37735208464512865,2011,0.34591550853048414,-0.20964004702507144,CHI vs. NOR,NOR,30,1450.0,17.0,CHI,13,1550.0,1.0,1,17,-4.5,1,-228.0,204.0,0,0
GNB,2.0,2.0,1.0,10.0,20,10.5,21,24.14999999999999,0.7839873076601913,-9.950000000000003,-0.4567534330805496,3.6969696969696972,2.8472222222222223,0.8497474747474748,1.275073092636711,36.0,72.0,11.0,28.5,57.0,10.0,NFC North,2,7.5,15,0.0,0.702,10.67,4.85978835978836,2.5,1.5,1.0,52.5,0.5,4.0,0.5416666666666666,0.631,7.795,3.619047619047619,2.0,0.5,1.0,32.5,2.5,0.5416666666666666,0.7249269073632889,2011-09-25,2011,0.7493548995249045,0.41069688270554494,CHI,2.0,1.0,0.5,12.5,25,11.5,23,-16.650000000000002,0.05382857750146086,-4.949999999999996,1.8872531350639492,1.75,1.7954545454545454,-0.045454545454545414,1.0187864740111883,21.5,43.0,8.0,21.0,42.0,8.0,NFC North,-1,0.5,1,0.0,0.5549999999999999,6.73,4.12962962962963,1.5,0.0,1.0,51.5,1.0,2.0,0.2708333333333333,0.6815,6.835,5.963054187192117,1.5,0.0,1.0,53.0,2.0,0.2708333333333333,-0.01878647401118827,2011,0.31699416415820986,0.17064583060674987,GNB vs. CHI,CHI,17,1485.9935000197115,8.0,GNB,27,1585.9935000197115,1.0,0,-10,4.0,0,188.0,-210.0,1,0
CHI,4.0,2.0,0.5,11.75,47,12.0,48,-28.15,0.06629870892320511,-3.974999999999998,1.3927950069851316,2.1463675213675213,2.0211247086247086,0.12524281274281274,1.8623434886450245,23.5,94.0,15.0,24.5,98.0,19.0,NFC North,1,-1.0,-4,0.4444444444444444,0.55175,5.61,4.142099761051374,1.25,0.5,1.0,54.5,1.25,2.0,0.27291666666666664,0.6717500000000001,7.335,5.468596059113301,1.75,0.5,0.9,48.25,1.75,0.27291666666666664,0.13765651135497547,2011-10-10,2011,0.33013216845917365,0.3104972589361694,DET,4.0,4.0,1.0,12.25,49,12.5,50,1.1250000000000036,-1.2445059024893657,-29.050000000000004,0.5820019907948142,2.7435064935064934,1.5271187146187146,1.2163877788877788,2.815033623221412,33.75,135.0,23.0,19.0,76.0,15.0,NFC North,4,14.75,59,0.2222222222222222,0.62775,8.08,2.831295149638803,2.75,0.5,1.0,60.75,0.75,8.0,0.30865213218154397,0.654,3.825,4.657803042922983,1.25,0.25,0.875,55.25,2.75,0.30865213218154397,1.184966376778588,2011,0.608439931968916,0.3138724782583941,CHI vs. DET,DET,24,1656.4462688336037,1.0,CHI,13,1503.754092595383,14.0,1,11,-6.5,1,-280.0,248.0,1,0
MIN,5.0,1.0,0.2,10.2,51,10.8,54,-25.240000000000002,1.3587710815743996,-17.119999999999997,-0.8122602556926355,2.15,2.0560683760683762,0.09393162393162399,2.4275146818291713,22.2,111.0,20.0,21.2,106.0,22.0,NFC North,1,1.0,5,0.3125,0.5508,5.3740000000000006,5.434572133702568,0.8,1.4,0.9333333333333333,60.4,0.8,3.0,0.3522077922077922,0.6388,6.304,3.263540796435533,1.2,0.8,1.0,53.0,1.4,0.3522077922077922,-1.4275146818291713,2011-10-16,2011,0.28019492691535913,0.20960991481391936,CHI,5.0,2.0,0.4,11.2,56,11.6,58,-22.880000000000003,0.21387875671293033,-1.7999999999999972,2.1090757951624717,2.005982905982906,2.096899766899767,-0.09091686091686091,2.0518749329094628,21.4,107.0,18.0,24.4,122.0,23.0,NFC North,-1,-3.0,-15,0.5833333333333333,0.5888,5.840000000000001,4.289679808841099,1.2,0.4,1.0,64.4,1.0,3.0,0.27987179487179487,0.6836,7.475999999999999,6.18487684729064,1.8,0.6,0.9199999999999999,57.4,1.6,0.27987179487179487,-0.05187493290946277,2011,0.31809375431296316,0.31312716049338746,MIN vs. CHI,CHI,39,1474.4149001453206,15.0,MIN,10,1385.5961069319178,20.0,1,29,-1.0,1,-128.0,116.0,1,0
CHI,6.0,3.0,0.5,11.0,66,11.333333333333334,68,-16.616666666666664,0.20726545523941384,-4.699999999999998,1.5978708304179532,2.3216524216524217,1.9140831390831392,0.40756928256928254,3.0136581541912744,24.333333333333332,146.0,24.0,22.0,132.0,25.0,NFC North,1,2.3333333333333335,14,0.5066666666666666,0.6035,6.468333333333334,4.283066507367582,1.3333333333333333,0.5,1.0,56.166666666666664,1.0,2.0,0.29383255633255634,0.6808333333333333,7.155,5.673671882546121,1.5,0.6666666666666666,0.85,54.5,1.3333333333333333,0.29383255633255634,-0.013658154191274363,2011-10-23,2011,0.36280859671568033,0.30553565231671115,TAM,6.0,4.0,0.6666666666666666,10.166666666666666,61,10.5,63,-24.166666666666668,0.25306961487750973,-4.433333333333333,-0.05955526088237728,1.883164983164983,2.399002849002849,-0.5158378658378658,2.9019848433456557,18.833333333333332,113.0,22.0,24.166666666666668,145.0,26.0,NFC South,1,-5.333333333333333,-32,0.41,0.624,5.526666666666666,4.3288706670056785,0.8333333333333334,0.8333333333333334,0.8833333333333333,70.66666666666667,1.3333333333333333,3.0,0.41733776844070963,0.5988333333333333,8.398333333333333,4.016245791245791,1.6666666666666667,0.8333333333333334,0.9166666666666666,52.666666666666664,1.8333333333333333,0.41733776844070963,1.0980151566543443,2011,0.42665664876064363,0.41944019596035176,CHI vs. TAM,TAM,18,1591.2327366223271,6.0,CHI,24,1511.904202725127,14.0,0,-6,1.5,0,111.0,-122.0,0,0
CHI,7.0,4.0,0.5714285714285714,11.285714285714286,79,11.857142857142858,83,-20.085714285714285,0.36163257756352535,-11.257142857142854,1.1769566653788968,2.2537240537240537,1.812071262071262,0.4416527916527917,3.6777999269544948,24.285714285714285,170.0,28.0,21.428571428571427,150.0,28.0,NFC North,2,2.857142857142857,20,0.5333333333333333,0.5931428571428572,6.2057142857142855,4.437433629691694,1.2857142857142858,0.7142857142857143,0.9285714285714286,55.857142857142854,1.1428571428571428,4.0,0.2958125208125208,0.6632857142857143,6.435714285714285,5.252757717507065,1.5714285714285714,0.5714285714285714,0.8714285714285713,56.57142857142857,1.7142857142857142,0.2958125208125208,0.32220007304550524,2011-11-07,2011,0.370744307495975,0.3046843408696629,PHI,7.0,3.0,0.42857142857142855,10.571428571428571,74,10.428571428571429,73,-16.55714285714286,1.8778330330848638,-15.271428571428572,1.1966863619356,2.515316429602144,2.0515512265512266,0.4637652030509174,4.051553738259063,25.571428571428573,179.0,32.0,21.714285714285715,152.0,24.0,NFC East,2,3.857142857142857,27,0.5277777777777778,0.6318571428571429,6.514285714285713,5.953634085213032,1.5714285714285714,1.1428571428571428,0.8714285714285713,48.714285714285715,2.4285714285714284,-7.0,0.4431096681096681,0.6005714285714285,6.677142857142857,5.272487414063769,1.7142857142857142,0.8571428571428571,0.75,44.714285714285715,1.4285714285714286,0.4431096681096681,-1.051553738259063,2011,0.36747158373689187,0.23241234888802836,CHI vs. PHI,PHI,24,1509.8471930660148,14.0,CHI,30,1573.1261605252446,7.0,0,-6,-9.0,0,-355.0,310.0,0,0
DET,8.0,6.0,0.75,12.125,97,12.75,102,-1.1249999999999964,0.08389414173885196,-31.225,1.0707617596559034,2.4768127705627707,1.4623440795315796,1.014468691031191,5.238192194998236,29.875,239.0,40.0,18.375,147.0,30.0,NFC North,1,11.5,92,0.39999999999999997,0.619875,7.715,4.15969519386702,2.375,0.5,0.9583333333333334,65.0,0.625,13.0,0.2798942479089538,0.614625,3.85,5.146562811784072,1.125,0.375,0.9375,72.5,2.25,0.2798942479089538,0.761807805001764,2011-11-13,2011,0.45163957757741047,0.28536058106624135,CHI,8.0,5.0,0.625,11.25,90,11.5,92,-17.9625,0.4098945503226518,-15.0,1.1671010811252962,2.312917637917638,1.9188956876456875,0.3940219502719503,4.307014830300862,25.0,200.0,34.0,21.75,174.0,31.0,NFC North,3,3.25,26,0.5183673469387755,0.589375,6.39875,4.4856956024508206,1.375,0.75,0.9375,55.5,1.25,4.0,0.32133595571095575,0.647625,6.16375,5.242902133253465,1.375,0.75,0.8875,55.0,1.75,0.32133595571095575,0.6929851696991376,2011,0.41050207745801487,0.3240251905715669,DET vs. CHI,CHI,37,1503.754092595383,14.0,DET,13,1656.4462688336037,1.0,1,24,-2.5,1,-135.0,122.0,1,0
LAC,9.0,4.0,0.4444444444444444,10.444444444444445,94,9.88888888888889,89,-21.377777777777776,-0.027563626810639966,-9.88888888888889,0.5068881052862135,2.3337909004575668,2.6660133076799744,-0.3322224072224072,4.369046939098053,24.0,216.0,40.0,25.333333333333332,228.0,37.0,AFC West,-4,-1.3333333333333333,-12,0.46875,0.6145555555555555,6.251111111111111,4.048237425317528,1.4444444444444444,1.0,0.9,53.888888888888886,2.3333333333333335,-8.0,0.4989431864431864,0.6295555555555556,6.914444444444444,4.582689157414382,1.8888888888888888,0.5555555555555556,0.9444444444444444,56.44444444444444,1.4444444444444444,0.4989431864431864,-0.36904693909805264,2011-11-20,2011,0.4080828870402812,0.35249096536001506,CHI,9.0,6.0,0.6666666666666666,11.333333333333334,102,11.88888888888889,107,-20.2,0.25751567385986224,-19.41111111111111,1.0523926569626303,2.398519381852715,1.801981351981352,0.5965380298713633,5.229667405787287,26.333333333333332,237.0,38.0,20.77777777777778,187.0,34.0,NFC North,4,5.555555555555555,50,0.5473214285714285,0.5738888888888889,6.282222222222222,4.3333167259880305,1.2222222222222223,0.7777777777777778,0.9166666666666666,53.44444444444444,1.2222222222222223,9.0,0.3112729862729863,0.633888888888889,5.748888888888889,5.128193709090799,1.3333333333333333,0.6666666666666666,0.8999999999999999,54.77777777777778,2.2222222222222223,0.3112729862729863,0.7703325942127126,2011,0.4044364254685001,0.30964829512277486,LAC vs. CHI,CHI,31,1661.3774689755414,6.0,LAC,20,1412.5877738170657,18.0,1,11,-4.5,1,-232.0,207.0,0,0
CHI,10.0,7.0,0.7,11.2,112,11.8,118,-18.779999999999998,0.11168400126105915,-18.39,0.845455638994727,2.4686674436674436,1.8036013986013988,0.6650660450660452,5.968259583494156,26.8,268.0,43.0,20.7,207.0,38.0,NFC North,5,6.1,61,0.5358906525573192,0.5728,6.531999999999999,4.187485053389228,1.3,0.9,0.925,54.2,1.2,11.0,0.3372885447885448,0.6382,5.9159999999999995,4.921256691122895,1.4,0.6,0.8766666666666667,51.3,2.3,0.3372885447885448,1.0317404165058441,2011-11-27,2011,0.42354003384799227,0.3230560473112051,LVR,10.0,6.0,0.6,11.7,117,11.7,117,-15.960000000000003,0.7963254900288611,-25.06,0.8849407061135895,2.070043845043845,2.2531740481740483,-0.1831302031302031,4.88048371485713,23.5,235.0,42.0,25.4,254.0,38.0,AFC West,2,-1.9,-19,0.5916225749559083,0.6028,6.577,4.872126542157029,1.3,1.3,0.9166666666666666,89.2,1.9,-1.0,0.37373626373626373,0.5236,5.7170000000000005,4.960741758241758,1.8,1.0,0.7291666666666666,57.9,1.8,0.37373626373626373,1.1195162851428702,2011,0.3991621230564107,0.32866805028669155,CHI vs. LVR,LVR,25,1551.850445263383,7.0,CHI,20,1680.6538816652371,3.0,1,5,-3.0,1,-140.0,127.0,0,0
KAN,11.0,4.0,0.36363636363636365,10.909090909090908,120,11.090909090909092,122,-29.754545454545454,0.08457351102343096,-8.163636363636364,0.08096701145807671,1.3181787909060636,2.179767707040434,-0.8615889161343706,3.764832375887497,13.909090909090908,153.0,29.0,24.09090909090909,265.0,47.0,AFC West,-4,-10.181818181818182,-112,0.4575,0.613090909090909,4.503636363636364,4.1603745631516,0.9090909090909091,0.2727272727272727,0.7777777777777778,49.90909090909091,2.090909090909091,-5.0,0.3797944479762662,0.5751818181818181,7.524545454545454,4.156768063586245,1.7272727272727273,0.9090909090909091,0.93,54.45454545454545,1.6363636363636365,0.3797944479762662,0.23516762411250314,2011-12-04,2011,0.24683322810550196,0.358459670889186,CHI,11.0,7.0,0.6363636363636364,11.272727272727273,124,11.909090909090908,131,-21.245454545454546,0.3101281209866176,-19.599999999999998,0.6438599128657095,2.395758282121918,1.8144628099173554,0.5812954722045632,6.339044680147788,26.181818181818183,288.0,47.0,21.09090909090909,232.0,45.0,NFC North,-1,5.090909090909091,56,0.5423015873015873,0.5661818181818181,6.276363636363637,4.3859291731147865,1.3636363636363635,0.8181818181818182,0.9318181818181818,54.81818181818182,1.3636363636363635,9.0,0.34558698876880695,0.6318181818181818,5.926363636363636,4.719660964993879,1.2727272727272727,0.6363636363636364,0.8878787878787879,50.63636363636363,2.1818181818181817,0.34558698876880695,0.6609553198522118,2011,0.4018071114611832,0.33292365676151947,KAN vs. CHI,CHI,3,1612.9225489966177,8.0,KAN,10,1395.8414256348858,19.0,0,-7,-9.0,0,-390.0,338.0,0,0
CHI,12.0,7.0,0.5833333333333334,11.5,138,12.083333333333334,145,-26.474999999999998,0.2675506898937187,-19.866666666666667,0.5050593369540576,2.2139689014689012,1.7227813852813851,0.49118751618751627,6.3935497117405555,24.25,291.0,48.0,20.166666666666668,242.0,47.0,NFC North,-2,4.083333333333333,49,0.5260592942411124,0.5571666666666667,5.59,4.343351742021888,1.25,0.75,0.8958333333333334,53.166666666666664,1.5,7.0,0.31678807303807305,0.6248333333333334,5.859999999999999,4.580860389082226,1.25,0.5833333333333334,0.8972222222222223,51.416666666666664,2.0833333333333335,0.31678807303807305,0.6064502882594445,2011-12-11,2011,0.3654043561814332,0.31350756525758267,DEN,12.0,7.0,0.5833333333333334,12.0,144,11.833333333333334,142,-14.866666666666665,0.6587828454912149,-8.341666666666665,-0.09416885992526325,1.8197261072261073,2.0844276094276095,-0.2647015022015022,5.876769771702446,21.333333333333332,256.0,40.0,24.333333333333332,292.0,52.0,AFC West,5,-3.0,-36,0.5611898202807294,0.5086666666666667,6.923333333333333,4.734583897619383,1.5,0.5833333333333334,0.8181818181818182,55.666666666666664,1.5833333333333333,-3.0,0.3177827959077959,0.62875,6.94,3.9816321922029054,1.8333333333333333,0.4166666666666667,0.9090909090909091,53.416666666666664,1.3333333333333333,0.3177827959077959,1.1232302282975537,2011,0.30377847750688786,0.3699577299715216,CHI vs. DEN,DEN,13,1623.8051998019528,8.0,CHI,10,1535.1991520022725,8.0,1,3,-3.5,0,-170.0,153.0,0,0
SEA,13.0,6.0,0.46153846153846156,11.538461538461538,150,11.153846153846153,145,-25.284615384615385,-0.18386878567667148,-21.576923076923077,-0.2971394399642173,1.6543601697447852,1.847581585081585,-0.19322141533679993,6.1031805671243475,18.923076923076923,246.0,44.0,19.923076923076923,259.0,45.0,NFC West,2,-1.0,-13,0.4067580567580567,0.5967692307692307,5.418461538461538,3.8919322664514975,0.9230769230769231,0.8461538461538461,0.8263888888888888,69.61538461538461,1.5384615384615385,4.0,0.3386963526669409,0.6176153846153846,5.688461538461539,3.778661612163951,1.2307692307692308,0.6153846153846154,0.7424242424242423,54.53846153846154,1.8461538461538463,0.3386963526669409,-0.10318056712434753,2011-12-18,2011,0.2910051564341173,0.2840089519784639,CHI,13.0,7.0,0.5384615384615384,11.692307692307692,152,12.23076923076923,159,-26.46923076923077,0.2553090579163265,-20.892307692307693,0.4332284472961488,2.098608656300964,1.6616883116883119,0.43692034461265233,6.742921140373879,23.153846153846153,301.0,50.0,19.615384615384617,255.0,50.0,NFC North,-3,3.5384615384615383,46,0.5308321308321308,0.5629230769230769,5.508461538461538,4.331110110044495,1.1538461538461537,0.7692307692307693,0.9038461538461539,54.38461538461539,1.4615384615384615,8.0,0.30267616998386226,0.6171538461538462,5.786153846153846,4.509029499424317,1.2307692307692308,0.5384615384615384,0.8794871794871795,49.69230769230769,2.076923076923077,0.30267616998386226,0.2570788596261213,2011,0.3354524002941833,0.29649440879598743,SEA vs. CHI,CHI,14,1497.6811453115154,12.0,SEA,38,1492.1732100603915,18.0,0,-24,-3.5,0,-195.0,175.0,0,0
CHI,14.0,7.0,0.5,11.714285714285714,164,12.214285714285714,171,-29.771428571428572,0.25009151549379344,-19.807142857142857,0.24102504149311307,2.0320413713270855,1.769186765615337,0.2628546057117486,6.828683264736773,22.5,315.0,51.0,20.928571428571427,293.0,54.0,NFC North,-4,1.5714285714285714,22,0.5255018485787717,0.5541428571428572,4.9121428571428565,4.325892567621962,1.1428571428571428,0.7142857142857143,0.9038461538461539,53.714285714285715,1.7142857142857142,4.0,0.30248501498501495,0.6168571428571428,5.9399999999999995,4.316826093621282,1.2142857142857142,0.6428571428571429,0.8880952380952382,48.714285714285715,2.0,0.30248501498501495,0.17131673526322722,2011-12-25,2011,0.31478099019966227,0.29709736996834346,GNB,14.0,13.0,0.9285714285714286,10.071428571428571,141,10.785714285714286,151,16.55,-0.017454947149677085,-23.478571428571428,0.4714929291630422,3.478275890775891,2.004424741924742,1.4738511488511488,10.146056244913906,34.285714285714285,480.0,75.0,21.214285714285715,297.0,52.0,NFC North,-1,13.071428571428571,183,0.38302125225202144,0.6798571428571429,9.853571428571428,4.058346104978492,2.857142857142857,0.8571428571428571,0.7916666666666666,36.642857142857146,0.8571428571428571,20.0,0.4660268303125446,0.6064285714285714,5.952857142857143,4.547293981291211,1.6428571428571428,0.7142857142857143,0.7916666666666666,58.5,2.2857142857142856,0.4660268303125446,2.853943755086094,2011,0.6403474071081343,0.3899740185735463,CHI vs. GNB,GNB,35,1585.9935000197115,1.0,CHI,21,1485.9935000197115,8.0,1,14,-13.0,1,-804.0,641.0,1,0
CHI,15.0,7.0,0.4666666666666667,11.466666666666667,172,12.0,180,-29.333333333333332,0.2775716935253452,-15.653333333333334,0.21037949239455145,2.071571946571946,1.9105002405002405,0.16107170607170612,7.058268135807333,22.4,336.0,54.0,21.866666666666667,328.0,59.0,NFC North,-5,0.5333333333333333,8,0.5542925328639614,0.5624666666666667,4.994,4.353372745653514,1.1333333333333333,0.6666666666666666,0.8869047619047619,52.0,1.7333333333333334,2.0,0.31565268065268065,0.624,6.422,4.28618054452272,1.4666666666666666,0.6,0.8880952380952382,45.46666666666667,1.8666666666666667,0.31565268065268065,-0.058268135807333366,2012-01-01,2011,0.3127339227389163,0.30465265925458046,MIN,15.0,3.0,0.2,11.066666666666666,166,10.733333333333333,161,-23.246666666666666,1.127167263516103,10.213333333333335,-0.18987912401477292,1.9707614607614607,2.7511836311836313,-0.7804221704221704,5.6314977229723,21.8,327.0,57.0,28.8,432.0,74.0,NFC North,1,-7.0,-105,0.5247450961736676,0.5633333333333332,5.482,5.202968315644272,1.3333333333333333,1.1333333333333333,0.7777777777777778,58.0,1.5333333333333334,-3.0,0.39394355644355644,0.6923333333333334,8.773333333333333,3.885921928113396,2.2,0.6666666666666666,0.8444444444444444,54.266666666666666,1.3333333333333333,0.39394355644355644,-2.6314977229723002,2011,0.28313438947412806,0.3483516225673084,CHI vs. MIN,MIN,13,1385.5961069319178,20.0,CHI,17,1474.4149001453206,15.0,0,-4,-1.5,0,-146.0,132.0,1,0
CIN,1.0,1.0,1.0,13.0,13,13.0,13,-3.0,0.13632015999304326,-31.0,-0.8834933598204762,2.076923076923077,1.3076923076923077,0.7692307692307694,0.7495882977312083,27.0,27.0,5.0,17.0,17.0,3.0,AFC North,1,10.0,10,0.5,0.556,7.22,4.212121212121212,2.0,1.0,1.0,22.0,0.0,1.0,0.4117647058823529,0.475,4.93,3.1923076923076925,2.0,0.0,1.0,72.0,1.0,0.4117647058823529,0.2504117022687917,2011-09-18,2011,0.4809275777956892,0.05778731590818271,DEN,1.0,0.0,0.0,11.0,11,12.0,12,-31.599999999999994,-1.1527241290512458,-14.799999999999997,0.7959938196667027,1.8181818181818181,1.9166666666666667,-0.09848484848484862,0.41793996356363666,20.0,20.0,3.0,23.0,23.0,5.0,AFC West,-1,-3.0,-3,0.5,0.522,5.37,2.923076923076923,1.0,0.0,0.6666666666666666,91.0,3.0,-2.0,0.46153846153846156,0.591,5.41,4.871794871794871,1.0,1.0,1.0,131.0,1.0,0.46153846153846156,-0.41793996356363666,2011,0.15874364630082632,-0.17414165148484864,CIN vs. DEN,DEN,24,1450.0,17.0,CIN,22,1550.0,1.0,1,2,-3.5,0,-170.0,153.0,0,0
SFO,2.0,1.0,0.5,10.5,21,12.5,25,-9.299999999999997,-1.2060093854615022,-14.350000000000001,-1.5985283248554414,2.7409090909090907,1.7788461538461537,0.9620629370629369,1.2587327841719782,28.5,57.0,9.0,22.0,44.0,8.0,NFC West,-1,6.5,13,0.0,0.7085,5.745,2.8697916666666665,1.0,1.0,1.0,63.5,0.5,4.0,0.2916666666666667,0.5865,6.640000000000001,2.4772727272727275,2.5,0.0,0.8333333333333333,77.5,2.5,0.2916666666666667,-0.2587327841719782,2011-09-25,2011,0.37312868910600466,0.11860275453248349,CIN,2.0,1.0,0.5,12.5,25,12.5,25,0.8500000000000014,-0.16974044606756267,-10.549999999999997,-0.660202761529878,1.9551282051282053,1.6538461538461537,0.3012820512820513,1.1982159804801908,24.5,49.0,10.0,20.5,41.0,7.0,AFC North,-1,4.0,8,0.0,0.6075,7.879999999999999,3.9060606060606062,2.0,0.5,1.0,45.5,0.0,3.0,0.25133689839572193,0.5375,7.005,3.4155982905982905,2.0,0.5,1.0,63.5,1.5,0.25133689839572193,-0.19821598048019085,2011,0.36035680390396185,0.11224976273277329,SFO vs. CIN,CIN,8,1485.9935000197115,8.0,SFO,13,1485.9935000197115,8.0,0,-5,-1.0,0,-113.0,102.0,0,0
CIN,4.0,2.0,0.5,12.25,49,12.0,48,-23.875,0.20066675090213437,-16.15,-0.9488721859751643,1.623397435897436,1.5523018648018647,0.07109557109557116,2.0206457514942993,20.0,80.0,17.0,18.5,74.0,13.0,AFC North,1,1.5,6,0.5,0.5615,5.9075,4.276467803030303,1.25,0.5,1.0,36.5,1.25,-1.0,0.2548351158645276,0.5825,6.3675,3.1269288661530044,1.0,0.75,1.0,55.75,1.0,0.2548351158645276,-0.020645751494299258,2011-10-09,2011,0.34514807257447405,0.2017271105759068,JAX,4.0,1.0,0.25,10.5,42,11.25,45,-44.2,0.2988454967987305,-16.775,-0.20298774411265463,0.9454545454545454,1.8722027972027973,-0.9267482517482517,0.9512143858779788,9.75,39.0,9.0,21.25,85.0,16.0,AFC South,-3,-11.5,-46,0.5555555555555555,0.525,2.8775,4.374646548926899,0.5,0.25,1.0,41.0,1.75,-2.0,0.30773809523809526,0.64,5.9350000000000005,3.8728133080155143,1.5,0.5,0.65,59.75,1.25,0.30773809523809526,0.048785614122021204,2011,0.2168992293279654,0.27100316569973526,CIN vs. JAX,JAX,20,1406.544508159846,22.0,CIN,30,1513.4089519909635,14.0,0,-10,1.0,0,123.0,-136.0,0,0
IND,5.0,0.0,0.0,10.8,54,10.4,52,-18.740000000000002,-0.24686332319043974,-0.39999999999999714,-0.07134676720495685,1.6254545454545455,2.629090909090909,-1.0036363636363634,1.4600766797580782,17.4,87.0,16.0,27.2,136.0,22.0,AFC South,-5,-9.8,-49,0.35416666666666663,0.491,7.074,3.828937728937729,1.2,0.4,0.7,38.4,1.2,1.0,0.31173687423687424,0.6874,8.018,4.004454284923211,1.6,1.2,0.8125,52.4,1.4,0.31173687423687424,-1.4600766797580782,2011-10-16,2011,0.20977323379211388,0.21491658863585492,CIN,5.0,3.0,0.6,12.4,62,12.2,61,-22.48,-0.15785261615553914,-15.239999999999998,-0.8631468480946541,1.7602564102564102,1.5495337995337994,0.2107226107226107,2.743958183669802,22.0,110.0,21.0,18.8,94.0,17.0,AFC North,2,3.2,16,0.4375,0.5764,5.677999999999999,3.9179484359726295,1.4,0.6,1.0,35.8,1.2,0.0,0.28807861900741155,0.5732,6.6659999999999995,3.2126542040335146,1.0,0.8,1.0,47.6,1.2,0.28807861900741155,0.25604181633019785,2011,0.3560544456223682,0.23722200287742085,IND vs. CIN,CIN,27,1548.4972281873308,8.0,IND,17,1300.9903752899013,26.0,1,10,-5.0,1,-230.0,205.0,0,0
CIN,6.0,4.0,0.6666666666666666,12.0,72,12.0,72,-16.816666666666666,-0.3054676780649559,-16.38333333333333,-0.7174297951437181,1.9168803418803417,1.5488539238539236,0.36802641802641806,3.4935464814010104,22.833333333333332,137.0,25.0,18.5,111.0,20.0,AFC North,3,4.333333333333333,26,0.35,0.6105,6.211666666666666,3.770333374063213,1.3333333333333333,0.6666666666666666,0.9444444444444445,48.333333333333336,1.0,3.0,0.3114940872680811,0.5903333333333333,6.31,3.35837125698445,1.0,0.8333333333333334,0.9166666666666666,41.5,1.5,0.3114940872680811,0.5064535185989896,2011-10-30,2011,0.376530874918923,0.2549284036388421,SEA,6.0,2.0,0.3333333333333333,11.666666666666666,70,11.0,66,-28.71666666666667,-0.3851833365104531,-14.499999999999998,-0.9719022426043592,1.3106254856254855,2.0063762626262625,-0.695750777000777,2.1473998530199334,16.166666666666668,97.0,16.0,21.333333333333332,128.0,23.0,NFC West,-1,-5.166666666666667,-31,0.39666666666666667,0.5884999999999999,4.46,3.690617715617716,1.1666666666666667,0.5,0.8,59.166666666666664,1.8333333333333333,-3.0,0.30896464646464644,0.6643333333333333,6.585,3.1038988095238094,1.0,0.8333333333333334,0.7222222222222222,50.833333333333336,1.3333333333333333,0.30896464646464644,-0.1473998530199334,2011,0.2229561960754311,0.28184293782965036,CIN vs. SEA,SEA,12,1431.4634044240363,18.0,CIN,34,1567.888811072583,6.0,0,-22,1.0,0,103.0,-114.0,0,0
CIN,7.0,5.0,0.7142857142857143,11.857142857142858,83,12.0,84,-18.557142857142857,-0.35731424473007095,-18.52857142857143,-0.7614828318557824,2.0845987345987345,1.4704462204462203,0.6141525141525142,4.41543200682672,24.428571428571427,171.0,29.0,17.571428571428573,123.0,23.0,AFC North,4,6.857142857142857,48,0.34722222222222227,0.612,5.865714285714286,3.7184868073980977,1.4285714285714286,0.5714285714285714,0.9523809523809524,50.714285714285715,1.1428571428571428,3.0,0.3282194217399878,0.582,6.335714285714286,3.314318220272386,0.8571428571428571,0.8571428571428571,0.9285714285714286,47.0,1.5714285714285714,0.3282194217399878,0.5845679931732803,2011-11-06,2011,0.37857568296389865,0.2575596323860297,TEN,7.0,4.0,0.5714285714285714,10.428571428571429,73,10.571428571428571,74,-12.085714285714285,-0.9800248353092474,-14.1,0.1403641172899023,1.883189033189033,2.065012765012765,-0.18182373182373177,3.8169839750595127,19.857142857142858,139.0,23.0,20.714285714285715,145.0,26.0,AFC South,1,-0.8571428571428571,-6,0.5277777777777778,0.6187142857142858,6.847142857142857,3.0957762168189213,1.5714285714285714,0.42857142857142855,0.7999999999999999,63.0,1.1428571428571428,2.0,0.38864272981920045,0.6394285714285715,6.427142857142857,4.216165169418071,1.5714285714285714,0.5714285714285714,1.0,46.142857142857146,1.4285714285714286,0.38864272981920045,0.1830160249404873,2011,0.3233060050364603,0.3103444336842716,CIN vs. TEN,TEN,17,1505.6034080147967,11.0,CIN,24,1599.2060878070836,4.0,0,-7,-1.5,0,-136.0,123.0,0,0
PIT,9.0,6.0,0.6666666666666666,9.666666666666666,87,9.333333333333334,84,-8.211111111111114,0.19428293996669296,-16.177777777777777,-0.11609980854652521,2.3591276007942676,1.9143658810325475,0.4447617197617198,5.233519110936987,21.77777777777778,196.0,35.0,18.0,162.0,29.0,AFC North,-1,3.7777777777777777,34,0.4205357142857143,0.628,7.705555555555555,4.270083992094862,1.6666666666666667,0.5555555555555556,0.75,54.22222222222222,1.6666666666666667,-11.0,0.5083333333333333,0.5842222222222222,5.916666666666667,3.959701243581643,1.2222222222222223,0.6666666666666666,0.8928571428571429,49.888888888888886,0.4444444444444444,0.5083333333333333,0.766480889063013,2011-11-13,2011,0.43656044842554975,0.33628035156458647,CIN,8.0,6.0,0.75,11.75,94,11.875,95,-16.5875,-0.36795842898816655,-17.15,-0.6882726093898307,2.0967511655011655,1.4798222610722611,0.6169289044289044,5.109088951517948,24.375,195.0,33.0,17.5,140.0,26.0,AFC North,5,6.875,55,0.3792517006802721,0.606,5.9975,3.707842623140002,1.625,0.5,0.9583333333333334,55.25,1.0,4.0,0.3496919940224894,0.582375,6.4275,3.387528442738338,1.0,0.75,0.9375,53.625,1.5,0.3496919940224894,0.8909110484820522,2011,0.3901596603722178,0.2699522200796492,PIT vs. CIN,CIN,17,1636.0522922453586,3.0,PIT,24,1594.4584466568124,6.0,0,-7,3.5,0,171.0,-190.0,1,0
CLE,10.0,4.0,0.4,10.2,102,10.2,102,-21.22,-0.6311018843182188,-22.240000000000002,0.20319926886058243,1.4402641802641802,1.9078221778221778,-0.4675579975579976,4.147118519212307,14.5,145.0,30.0,19.3,193.0,37.0,AFC North,1,-4.8,-48,0.39814814814814814,0.6075999999999999,5.564,3.44469916780995,1.1,0.3,0.8300000000000001,53.2,1.2,-1.0,0.39584415584415583,0.5583,5.951,4.279000320988751,1.0,0.7,0.975,47.5,1.1,0.39584415584415583,-0.1471185192123068,2011-11-27,2011,0.28979063178787334,0.32113393606778884,CIN,10.0,6.0,0.6,12.0,120,11.9,119,-21.23,-0.293629517718731,-15.129999999999999,-0.6407782979374983,1.991946386946387,1.6452863802863802,0.3466600066600066,5.768275835260024,23.6,236.0,40.0,19.5,195.0,35.0,AFC North,-2,4.1,41,0.44312169312169314,0.587,5.739,3.782171534409437,1.6,0.6,0.9666666666666666,52.0,1.3,1.0,0.3494505649149612,0.5925,6.715999999999999,3.4350227541906704,1.1,1.0,0.95,52.9,1.4,0.3494505649149612,0.23172416473997615,2011,0.3410574721579992,0.27152129896294047,CLE vs. CIN,CIN,23,1500.0,1.0,CLE,20,1500.0,1.0,1,3,-6.5,0,-275.0,244.0,1,0
CIN,11.0,7.0,0.6363636363636364,11.909090909090908,131,11.909090909090908,131,-18.954545454545453,-0.26246329357413445,-16.863636363636363,-0.5469924877124077,2.000942996397542,1.6472300426845883,0.3537129537129537,6.350335871696387,23.545454545454547,259.0,45.0,19.545454545454547,215.0,39.0,AFC North,1,4.0,44,0.43880952380952376,0.5951818181818181,6.03,3.813337758554034,1.5454545454545454,0.6363636363636364,0.9696969696969696,50.45454545454545,1.2727272727272727,1.0,0.35664337070191277,0.5814545454545454,6.466363636363636,3.5288085644157614,1.1818181818181819,0.9090909090909091,0.9242424242424242,49.45454545454545,1.3636363636363635,0.35664337070191277,0.6496641283036126,2011-12-04,2011,0.36379936556118153,0.2882282449714371,PIT,11.0,8.0,0.7272727272727273,9.727272727272727,107,9.545454545454545,105,-10.263636363636365,0.0867352011442506,-22.145454545454545,-0.21428489684890542,2.2665589461044005,1.7886134067952248,0.47794553930917566,6.632235383770378,21.181818181818183,233.0,42.0,17.09090909090909,188.0,35.0,AFC North,2,4.090909090909091,45,0.4514285714285714,0.6331818181818182,7.31,4.162536253272419,1.5454545454545454,0.6363636363636364,0.8,51.72727272727273,1.6363636363636365,-8.0,0.4785812672176309,0.5819090909090909,5.291818181818182,3.861516155279263,1.1818181818181819,0.5454545454545454,0.9166666666666666,45.81818181818182,0.9090909090909091,0.4785812672176309,1.3677646162296222,2011,0.4413305980302839,0.34447771564332186,CIN vs. PIT,PIT,35,1594.4584466568124,6.0,CIN,7,1636.0522922453586,3.0,1,28,-7.0,1,-320.0,281.0,1,0
HOU,12.0,9.0,0.75,11.166666666666666,134,11.25,135,-2.958333333333332,0.08276884595515921,-41.725,0.06296818789107135,2.395449689199689,1.4007178007178007,0.9947318884818884,8.604512895218049,25.833333333333332,310.0,54.0,15.75,189.0,37.0,AFC South,6,10.083333333333334,121,0.4697560015741834,0.6235833333333333,8.4475,4.158569898083328,1.4166666666666667,1.25,0.8333333333333333,50.25,0.9166666666666666,12.0,0.43286146043498985,0.4980833333333334,4.035833333333334,4.13876924001924,1.0,0.5,0.7666666666666667,44.75,1.9166666666666667,0.43286146043498985,0.39548710478195126,2011-12-11,2011,0.41626635799640876,0.26026729807218035,CIN,12.0,7.0,0.5833333333333334,11.833333333333334,142,11.75,141,-21.041666666666668,-0.18630204618090995,-14.274999999999999,-0.49762552464604437,1.8872280497280496,1.8016275391275391,0.08560051060051059,6.371911738185917,22.166666666666668,266.0,46.0,20.833333333333332,250.0,43.0,AFC North,-1,1.3333333333333333,16,0.46503345139708774,0.5845,5.8133333333333335,3.889499005947259,1.5,0.5833333333333334,0.8888888888888888,55.333333333333336,1.3333333333333333,-1.0,0.34207460496160186,0.5873333333333334,6.648333333333333,3.578175527482124,1.25,1.0,0.8472222222222222,47.75,1.25,0.34207460496160186,0.6280882618140833,2011,0.34089909626962905,0.29551288135815934,HOU vs. CIN,CIN,19,1526.674778809764,8.0,HOU,20,1699.6131454230238,3.0,0,-1,-2.5,0,-139.0,126.0,0,0
CIN,13.0,7.0,0.5384615384615384,11.76923076923077,153,11.76923076923077,153,-20.26923076923077,-0.21758976812380254,-14.530769230769229,-0.37726540038642753,1.8749237941545636,1.7912459335536257,0.0836778606009375,6.841557833082422,21.923076923076923,285.0,51.0,20.76923076923077,270.0,47.0,AFC North,-2,1.1538461538461537,15,0.48878066378066376,0.5834615384615385,5.926923076923076,3.858211284004366,1.4615384615384615,0.5384615384615384,0.8974358974358974,53.15384615384615,1.3846153846153846,1.0,0.3453469726272775,0.5876153846153847,6.596923076923077,3.698535651741741,1.3076923076923077,0.9230769230769231,0.8333333333333334,47.92307692307692,1.4615384615384615,0.3453469726272775,0.1584421669175784,2011-12-18,2011,0.3373959529978866,0.2873035605053425,LAR,13.0,2.0,0.15384615384615385,11.692307692307692,152,11.076923076923077,144,-34.246153846153845,-0.2309390605482043,-15.538461538461538,0.8154292574929923,1.0018289402904788,2.3223387723387723,-1.3205098320482935,2.7358120143259326,11.76923076923077,153.0,29.0,25.076923076923077,326.0,54.0,NFC West,-4,-13.307692307692308,-173,0.4722492784992785,0.5366923076923077,4.703846153846154,3.8448619915799642,0.5384615384615384,0.38461538461538464,0.8425925925925926,55.30769230769231,1.6153846153846154,-5.0,0.27419177730263705,0.5976153846153847,6.468461538461539,4.891230309621161,1.4615384615384615,0.7692307692307693,0.8458333333333333,55.38461538461539,1.2307692307692308,0.27419177730263705,-0.7358120143259326,2011,0.1799906131500749,0.32492849958675196,CIN vs. LAR,LAR,13,1266.9574393648534,30.0,CIN,20,1499.6923306592942,12.0,0,-7,7.0,0,264.0,-300.0,0,0
CIN,16.0,9.0,0.5625,11.75,188,11.8125,189,-21.60625,-0.16205217799226826,-14.181249999999999,-0.18684326564355955,1.8396905178155178,1.7363823676323675,0.10330815018315018,8.556082706651305,21.5,344.0,64.0,20.1875,323.0,57.0,AFC North,-1,1.3125,21,0.4835031635031635,0.5776875,5.80625,3.9137488741359006,1.3125,0.625,0.8760416666666666,54.625,1.375,0.0,0.3493730630824284,0.6028125,6.469375,3.888957786484609,1.3125,0.875,0.84375,54.875,1.375,0.3493730630824284,0.44391729334869545,2012-01-07,2011,0.34987058070954674,0.29110558390240593,HOU,16.0,10.0,0.625,11.125,178,11.1875,179,-6.306249999999999,0.4009796740456944,-32.575,-0.01903959267892394,2.1965241355866354,1.5716873404373404,0.6248367951492951,10.147743349348143,23.8125,381.0,70.0,17.375,278.0,56.0,AFC South,-3,6.4375,103,0.44420690420690423,0.638,7.890625,4.476780726173863,1.25,1.125,0.8333333333333334,53.25,1.25,7.0,0.40226266278655987,0.5200625,4.91375,4.056761459449245,1.125,0.5,0.8051282051282052,42.875,1.6875,0.40226266278655987,-0.14774334934814348,2011,0.3896270946438308,0.2904072529457067,CIN vs. HOU,HOU,31,1484.594441078597,7.0,CIN,10,1540.624218545833,10.0,1,21,-4.0,1,-226.0,202.0,0,1
CLE,1.0,0.0,0.0,13.0,13,13.0,13,-31.0,-0.8834933598204762,-3.0,0.13632015999304326,1.3076923076923077,2.076923076923077,-0.7692307692307694,0.2504117022687918,17.0,17.0,3.0,27.0,27.0,5.0,AFC North,-1,-10.0,-10,0.5,0.475,4.93,3.1923076923076925,2.0,0.0,1.0,72.0,1.0,-1.0,0.26666666666666666,0.556,7.22,4.212121212121212,2.0,1.0,1.0,22.0,0.0,0.26666666666666666,-0.2504117022687918,2011-09-18,2011,0.17298191486104808,-0.09631219318030451,IND,1.0,0.0,0.0,11.0,11,10.0,10,-21.0,-0.07580105212816868,-22.0,-0.0026303204208515396,0.6363636363636364,3.4,-2.7636363636363637,0.02307483573347877,7.0,7.0,1.0,34.0,34.0,5.0,AFC South,-1,-27.0,-27,0.5,0.516,6.19,4.0,1.0,0.0,0.0,60.0,2.0,1.0,0.1111111111111111,0.708,6.13,4.073170731707317,1.0,2.0,1.0,30.0,3.0,0.1111111111111111,-0.02307483573347877,2011,0.08881137856968375,-0.011537417866739341,CLE vs. IND,IND,19,1450.0,17.0,CLE,27,1450.0,17.0,0,-8,1.0,0,109.0,-120.0,0,0
MIA,2.0,0.0,0.0,11.5,23,11.5,23,-27.349999999999998,1.1063418050146887,18.35,0.24995652362940723,1.5909090909090908,2.628787878787879,-1.0378787878787876,0.4573017203290459,18.5,37.0,7.0,30.5,61.0,11.0,AFC East,-2,-12.0,-24,1.0,0.506,6.0649999999999995,5.182142857142857,1.5,0.5,0.75,40.0,1.5,-2.0,0.23809523809523808,0.6955,10.0,4.325757575757576,3.0,0.5,0.75,63.0,0.5,0.23809523809523808,-0.4573017203290459,2011-09-25,2011,0.2347584338629713,0.129775675573489,CLE,2.0,1.0,0.5,12.0,24,12.0,24,-17.799999999999997,-0.9208236765625579,-21.05,0.12641340008628354,1.8811188811188813,1.902097902097902,-0.020979020979021046,0.9473610956770693,22.0,44.0,8.0,23.0,46.0,10.0,AFC North,1,-1.0,-2,0.0,0.5814999999999999,5.855,3.1549773755656108,1.5,1.0,1.0,60.5,1.0,0.0,0.3833333333333333,0.528,5.595,4.202214452214452,1.5,0.5,1.0,21.5,1.0,0.3833333333333333,0.052638904322930724,2011,0.34210648405382177,0.2192997717339439,MIA vs. CLE,CLE,17,1500.0,8.0,MIA,16,1414.0064999802885,26.0,1,1,1.0,1,113.0,-125.0,0,0
TEN,3.0,2.0,0.6666666666666666,10.333333333333334,31,10.333333333333334,31,1.2333333333333343,-1.5719375992392284,-31.366666666666664,-1.1823472783892557,1.8417508417508417,1.3939393939393938,0.4478114478114478,1.8724961043060033,19.0,57.0,11.0,14.333333333333334,43.0,9.0,AFC South,2,4.666666666666667,14,0.75,0.694,8.14,2.50386345288894,1.6666666666666667,0.3333333333333333,0.6,70.0,1.3333333333333333,2.0,0.43624480095068324,0.5973333333333333,4.453333333333333,2.8934537737389134,1.0,0.3333333333333333,1.0,32.666666666666664,2.0,0.43624480095068324,0.12750389569399667,2011-10-02,2011,0.36991981561972004,0.20588747377683841,CLE,3.0,2.0,0.6666666666666666,11.0,33,11.666666666666666,35,-21.366666666666664,-0.7444126263124985,-18.366666666666667,-0.0637984348623936,1.8837088837088836,1.752913752913753,0.13079513079513072,1.483219516749251,20.333333333333332,61.0,11.0,20.666666666666668,62.0,14.0,AFC North,2,-0.3333333333333333,-1,0.0,0.5499999999999999,5.656666666666666,3.33138842581567,1.6666666666666667,0.6666666666666666,1.0,68.66666666666667,1.0,1.0,0.3464646464646464,0.5703333333333334,6.096666666666667,4.012002617265775,1.3333333333333333,0.3333333333333333,0.9166666666666666,45.333333333333336,1.3333333333333333,0.3464646464646464,0.516780483250749,2011,0.390753387027861,0.3355707311000999,TEN vs. CLE,CLE,13,1537.8712080630237,4.0,TEN,31,1564.0064999802885,4.0,0,-18,-1.0,0,-130.0,118.0,0,0
CLE,4.0,2.0,0.5,11.0,44,11.5,46,-21.525,-0.6227142782209617,-12.475,-0.10128184779952698,1.7082362082362081,2.019230769230769,-0.3109945609945611,1.5963034840278976,18.5,74.0,14.0,23.25,93.0,18.0,AFC North,-1,-4.75,-19,0.2222222222222222,0.5765,5.5,3.453086773907207,1.5,0.5,1.0,61.5,1.0,1.0,0.35984848484848486,0.5467500000000001,7.369999999999999,3.974519204328642,1.75,0.25,0.9375,45.25,1.25,0.35984848484848486,0.40369651597210243,2011-10-16,2011,0.3502940410432354,0.33297031134509697,LVR,5.0,3.0,0.6,11.6,58,11.6,58,-15.9,1.2741218952947784,-16.119999999999997,0.9471476658205491,2.385775335775336,2.4484226884226885,-0.06264735264735259,2.596727962283622,27.2,136.0,26.0,26.6,133.0,22.0,AFC West,1,0.6,3,0.8541666666666666,0.605,6.542,5.3499229474229475,1.2,1.8,0.9166666666666666,89.0,1.2,2.0,0.3678388278388279,0.5498,6.936,5.022948717948718,2.0,1.0,0.7666666666666666,54.6,1.6,0.3678388278388279,0.4032720377163779,2011,0.48443128614008907,0.3340413269991735,CLE vs. LVR,LVR,24,1571.2742437273212,8.0,CLE,17,1491.6253006584066,14.0,1,7,-6.5,1,-290.0,256.0,0,0
SEA,5.0,2.0,0.4,11.8,59,11.2,56,-21.259999999999998,-0.49705979338691,-8.739999999999998,-0.9689002584773749,1.518205128205128,2.287651515151515,-0.769446386946387,1.9853098337753297,18.8,94.0,15.0,24.4,122.0,21.0,NFC West,1,-5.6,-28,0.3958333333333333,0.6262,5.192,3.578741258741259,1.4,0.6,0.75,57.4,1.8,-2.0,0.3374242424242424,0.683,7.25,3.1069007936507935,1.2,1.0,0.7666666666666666,51.4,1.4,0.3374242424242424,0.014690166224670342,2011-10-23,2011,0.2549842457402374,0.3011017624668503,CLE,5.0,2.0,0.4,11.0,55,11.0,55,-22.3,-0.6942840139547839,-10.18,-0.14118568866525533,1.6756798756798754,2.148717948717949,-0.47303807303807305,1.9026465393366692,18.2,91.0,17.0,23.4,117.0,21.0,AFC North,-2,-5.2,-26,0.31666666666666665,0.5546,5.4799999999999995,3.381517038173385,1.6,0.4,1.0,56.0,1.0,1.0,0.3878787878787879,0.5624,7.545999999999999,3.934615363462913,1.6,0.4,0.95,43.2,1.2,0.3878787878787879,0.09735346066333084,2011,0.31510912302282407,0.3128888097233817,SEA vs. CLE,CLE,6,1452.891037245604,18.0,SEA,3,1486.249354848188,15.0,1,3,-3.0,0,-190.0,171.0,0,0
CLE,6.0,3.0,0.5,10.833333333333334,65,11.0,66,-25.8,-0.7430553721688665,-19.483333333333334,-0.08862158257574089,1.4963998963998966,1.836052836052836,-0.3396529396529397,2.7405565200920656,16.166666666666668,97.0,19.0,20.0,120.0,22.0,AFC North,1,-3.8333333333333335,-23,0.3333333333333333,0.5573333333333333,5.11,3.3327456799593023,1.3333333333333333,0.3333333333333333,0.9166666666666666,54.666666666666664,1.0,2.0,0.4065656565656566,0.5353333333333333,6.421666666666667,3.987179469552428,1.3333333333333333,0.3333333333333333,0.9583333333333334,47.333333333333336,1.3333333333333333,0.4065656565656566,0.25944347990793437,2011-10-30,2011,0.30494724645705323,0.29219130443932967,SFO,6.0,5.0,0.8333333333333334,11.5,69,12.333333333333334,74,-5.733333333333332,0.4142636030442451,-27.45,-0.4574106261290469,2.607133838383838,1.295149295149295,1.3119845432345432,4.199263923662,27.833333333333332,167.0,28.0,16.166666666666668,97.0,20.0,NFC West,4,11.666666666666666,70,0.5166666666666666,0.6478333333333334,6.956666666666667,4.4900646551724135,1.3333333333333333,1.1666666666666667,0.8888888888888888,64.5,1.0,8.0,0.29365079365079366,0.5716666666666667,5.373333333333334,3.6183904259991215,1.5,0.0,0.8222222222222223,66.66666666666667,2.3333333333333335,0.29365079365079366,0.8007360763379996,2011,0.4599531645832464,0.26129441785306307,CLE vs. SFO,SFO,20,1681.9245851446408,2.0,CLE,10,1507.6769876697556,13.0,1,10,-9.0,1,-431.0,370.0,0,0
CLE,7.0,3.0,0.42857142857142855,10.714285714285714,75,10.857142857142858,76,-24.82857142857143,-0.8092240096785807,-16.942857142857143,-0.020856012292021768,1.4254856254856256,1.8594738594738598,-0.433988233988234,2.9026465393366694,15.285714285714286,107.0,21.0,20.0,140.0,26.0,AFC North,-1,-4.714285714285714,-33,0.4166666666666667,0.5701428571428571,5.215714285714285,3.266577042449588,1.2857142857142858,0.2857142857142857,0.9285714285714286,52.42857142857143,1.1428571428571428,0.0,0.40970933828076683,0.5481428571428572,6.658571428571428,4.054945039836147,1.2857142857142858,0.42857142857142855,0.9642857142857143,46.285714285714285,1.1428571428571428,0.40970933828076683,0.09735346066333062,2011-11-06,2011,0.2838941384265332,0.297990958603847,HOU,8.0,5.0,0.625,11.0,88,11.125,89,-2.2124999999999986,0.005794630773949261,-38.0375,0.2124619348848183,2.411924533799534,1.6068001443001443,0.8051243894993895,5.226952897811191,25.75,206.0,35.0,18.125,145.0,28.0,AFC South,2,7.625,61,0.47176870748299315,0.62725,8.34625,4.081595682902118,1.625,0.875,0.880952380952381,52.375,1.0,6.0,0.45226838112867523,0.49824999999999997,4.52375,4.288262987012987,1.125,0.75,0.6666666666666666,47.5,1.75,0.45226838112867523,-0.22695289781119143,2011,0.38644410309177313,0.2663557849175374,CLE vs. HOU,HOU,30,1570.6598310763477,9.0,CLE,12,1480.842765990217,14.0,1,18,-10.5,1,-530.0,446.0,0,0
LAR,8.0,1.0,0.125,11.625,93,10.625,85,-31.8625,0.22695286091674122,-12.700000000000001,0.9662050850857608,1.062937062937063,2.52739898989899,-1.464461926961927,1.5983079126712643,12.5,100.0,19.0,26.375,211.0,31.0,NFC West,-1,-13.875,-111,0.4891156462585034,0.5483750000000001,4.86875,4.30275391304491,0.5,0.5,0.8194444444444443,62.5,1.375,-2.0,0.27775028280542985,0.576,6.70625,5.04200613721393,1.875,0.75,0.7999999999999999,49.625,1.125,0.27775028280542985,-0.5983079126712643,2011-11-13,2011,0.18902170653124462,0.29184184515763356,CLE,8.0,3.0,0.375,10.5,84,10.625,85,-24.775,-0.955641378080017,-20.3,0.2879008577284599,1.4139665889665889,2.0437062937062938,-0.6297397047397048,3.004975675669725,14.875,119.0,24.0,21.25,170.0,32.0,AFC North,-2,-6.375,-51,0.44642857142857145,0.578375,5.14875,3.1201596740481516,1.25,0.25,0.9375,50.25,1.25,-1.0,0.40016233766233766,0.55575,6.22875,4.363701909856628,1.125,0.75,0.96875,42.375,1.125,0.40016233766233766,-0.00497567566972501,2011,0.2855365830117955,0.3291776152626012,LAR vs. CLE,CLE,12,1443.4880348593429,20.0,LAR,13,1318.652059344976,26.0,0,-1,-2.5,0,-132.0,120.0,0,0
JAX,9.0,3.0,0.3333333333333333,11.11111111111111,100,11.666666666666666,105,-40.8,-0.13920587238399854,-21.9,-0.2711475581080795,1.148044548044548,1.5726495726495726,-0.4246050246050246,3.5579748140533694,12.777777777777779,115.0,25.0,18.444444444444443,166.0,29.0,AFC South,1,-5.666666666666667,-51,0.5172619047619047,0.5031111111111112,3.4877777777777776,3.93659517974417,0.6666666666666666,0.4444444444444444,0.9375,42.77777777777778,1.4444444444444444,0.0,0.30608465608465607,0.6104444444444445,5.3788888888888895,3.8046534940200893,1.2222222222222223,0.6666666666666666,0.6222222222222222,58.0,1.4444444444444444,0.30608465608465607,-0.5579748140533694,2011-11-20,2011,0.23450069960962863,0.2283796088809019,CLE,9.0,3.0,0.3333333333333333,10.555555555555555,95,10.555555555555555,95,-22.45555555555556,-0.8356591196409229,-21.0,0.26485064552216786,1.3780713114046448,1.9610722610722613,-0.5830009496676163,3.457692084183604,14.555555555555555,131.0,28.0,20.333333333333332,183.0,35.0,AFC North,-3,-5.777777777777778,-52,0.40625,0.5964444444444444,5.4366666666666665,3.240141932487246,1.1111111111111112,0.2222222222222222,0.9222222222222223,51.333333333333336,1.2222222222222223,0.0,0.3953823953823954,0.5606666666666666,6.083333333333333,4.340651697650336,1.1111111111111112,0.6666666666666666,0.9722222222222222,43.77777777777778,1.2222222222222223,0.3953823953823954,-0.45769208418360385,2011,0.2797480954887241,0.3087494468462852,JAX vs. CLE,CLE,14,1376.2578690312462,22.0,JAX,10,1421.2709480593714,22.0,1,4,-1.0,1,-110.0,100.0,0,0
CLE,12.0,4.0,0.3333333333333333,10.416666666666666,125,10.25,123,-23.733333333333334,-0.5437805037898117,-20.974999999999998,0.27317648808972994,1.4148666148666147,1.964094239094239,-0.5492276242276243,4.6766228087436055,14.583333333333334,175.0,36.0,20.0,240.0,45.0,AFC North,-2,-5.416666666666667,-65,0.4464187327823691,0.5872499999999999,5.3125,3.532020548338357,1.1666666666666667,0.25,0.8305555555555556,48.666666666666664,1.1666666666666667,-1.0,0.38106060606060604,0.5579166666666667,6.276666666666666,4.3489775402178985,0.9166666666666666,0.8333333333333334,0.9236111111111112,44.0,1.0833333333333333,0.38106060606060604,-0.6766228087436055,2011-12-08,2011,0.27176105259015343,0.3147371094895242,PIT,12.0,9.0,0.75,9.75,117,9.666666666666666,116,-8.225000000000001,0.08329152347255908,-23.966666666666665,-0.14213851584945,2.3693457005957006,1.6925925925925924,0.6767531080031081,7.6106595172808476,22.333333333333332,268.0,46.0,16.25,195.0,36.0,AFC North,3,6.083333333333333,73,0.4682408500590319,0.63475,7.421666666666667,4.159092575600728,1.5833333333333333,0.75,0.7272727272727273,49.833333333333336,1.5,-6.0,0.45536616161616167,0.5723333333333334,5.136666666666667,3.9336625362787188,1.1666666666666667,0.5,0.825,51.083333333333336,1.0,0.45536616161616167,1.3893404827191524,2011,0.4386820955876645,0.3204139780013574,CLE vs. PIT,PIT,14,1705.7806938669498,3.0,CLE,3,1378.4103354973408,23.0,1,11,-14.0,0,-1100.0,816.0,1,0
PIT,15.0,11.0,0.7333333333333333,9.8,147,9.733333333333333,146,-9.98,0.2985908028386291,-27.24,-0.18516731940149006,2.188809893809894,1.5074074074074073,0.6814024864024865,9.595971466321359,20.8,312.0,54.0,14.533333333333333,218.0,41.0,AFC North,1,6.266666666666667,94,0.456862185433614,0.6375333333333334,7.454,4.374391854966798,1.4,0.8,0.7307692307692307,54.46666666666667,1.7333333333333334,-12.0,0.42857864357864356,0.5568000000000001,4.958,3.8906337327266787,1.0,0.4666666666666667,0.7884615384615384,49.13333333333333,0.9333333333333333,0.42857864357864356,1.404028533678641,2012-01-01,2011,0.4017313110288647,0.28838592232001115,CLE,15.0,4.0,0.26666666666666666,10.333333333333334,155,10.333333333333334,155,-25.533333333333335,-0.4445447667141881,-18.86,0.2508284274935976,1.3586272986272985,1.9090531690531691,-0.5504258704258704,5.407230607999225,13.933333333333334,209.0,41.0,19.6,294.0,55.0,AFC North,-5,-5.666666666666667,-85,0.4883164454593026,0.5821333333333333,5.196,3.6312562854139805,1.0666666666666667,0.26666666666666666,0.8547619047619047,53.8,1.2,0.0,0.383465700965701,0.5638666666666666,6.494666666666666,4.326629479621767,1.0666666666666667,0.7333333333333333,0.9345238095238095,45.93333333333333,1.2,0.383465700965701,-1.4072306079992254,2011,0.239700449493347,0.2978934694881904,PIT vs. CLE,CLE,9,1378.4103354973408,23.0,PIT,13,1705.7806938669498,3.0,0,-4,7.0,1,285.0,-325.0,1,0
DAL,1.0,0.0,0.0,13.0,13,12.0,12,0.0,-1.614262590589707,-13.200000000000003,-1.2633010521281687,1.8461538461538463,2.25,-0.40384615384615374,0.4306632083470305,24.0,24.0,4.0,27.0,27.0,4.0,NFC East,-1,-3.0,-3,0.5,0.639,8.92,2.4615384615384617,2.0,1.0,1.0,40.0,3.0,-1.0,0.3333333333333333,0.591,7.05,2.8125,2.0,0.0,1.0,0.0,2.0,0.3333333333333333,-0.4306632083470305,2011-09-18,2011,0.17518055127783677,-0.1435544027823435,SFO,1.0,1.0,1.0,10.0,10,13.0,13,-9.599999999999994,-1.4195510521281687,-26.400000000000006,-1.1667101430372595,3.3,1.3076923076923077,1.9923076923076921,0.8280695758249477,33.0,33.0,5.0,17.0,17.0,3.0,NFC West,1,16.0,16,0.5,0.75,6.2,2.65625,0.0,1.0,1.0,102.0,0.0,3.0,0.08333333333333333,0.568,4.05,2.909090909090909,2.0,0.0,1.0,72.0,3.0,0.08333333333333333,0.17193042417505233,2011,0.5859652120875262,0.039676251732704386,DAL vs. SFO,SFO,24,1550.0,1.0,DAL,27,1450.0,17.0,0,-3,3.0,0,151.0,-167.0,0,0
WAS,2.0,2.0,1.0,11.0,22,11.0,22,-10.550000000000004,-0.19558127190838825,-21.549999999999997,0.8991989478718314,2.2727272727272725,1.5909090909090908,0.6818181818181818,1.365445203405801,25.0,50.0,8.0,17.5,35.0,5.0,NFC East,2,7.5,15,1.0,0.5994999999999999,7.09,3.8802197802197806,2.0,0.5,0.375,20.0,1.5,0.0,0.3431372549019608,0.565,6.8100000000000005,4.975,1.0,1.5,0.0,80.0,1.5,0.3431372549019608,0.6345547965941991,2011-09-26,2011,0.4790099630171271,0.1857448632493408,DAL,2.0,1.0,0.5,12.5,25,11.5,23,-1.1499999999999986,-1.8223045486316651,-11.100000000000001,-1.1278843854615022,2.0480769230769234,2.215909090909091,-0.1678321678321677,1.0,25.5,51.0,9.0,25.5,51.0,8.0,NFC East,1,0.0,0,1.0,0.622,9.075,2.2534965034965033,2.5,0.5,0.8333333333333333,61.5,2.5,-2.0,0.38095238095238093,0.629,6.17,2.9479166666666665,2.0,0.5,1.0,12.5,1.5,0.38095238095238093,0.0,2011,0.36,0.17391304347826086,WAS vs. DAL,DAL,18,1514.0064999802885,8.0,WAS,16,1600.0,1.0,1,2,-3.5,0,-175.0,158.0,1,0
DET,3.0,3.0,1.0,12.666666666666666,38,12.0,36,10.866666666666669,-1.536034970256824,-33.900000000000006,0.7395412767074134,2.6277056277056277,1.321872571872572,1.305833055833056,2.2414135107007898,33.666666666666664,101.0,19.0,15.333333333333334,46.0,9.0,NFC North,3,18.333333333333332,55,0.0,0.6743333333333332,8.950000000000001,2.539766081871345,3.0,0.6666666666666666,1.0,56.0,0.6666666666666666,6.0,0.30897207367795604,0.631,3.356666666666667,4.815342328835582,0.6666666666666666,0.3333333333333333,0.8333333333333334,62.666666666666664,2.6666666666666665,0.30897207367795604,0.7585864892992102,2011-10-02,2011,0.6264310815498684,0.22988220744160084,DAL,3.0,2.0,0.6666666666666666,12.0,36,11.666666666666666,35,-10.633333333333331,-0.9709059472330636,-15.533333333333337,-1.1256747895019061,1.9108391608391608,1.9217171717171715,-0.010878010878010732,1.5693367916529697,23.0,69.0,15.0,22.333333333333332,67.0,12.0,NFC East,2,0.6666666666666666,2,1.0,0.6183333333333333,7.946666666666666,3.104895104895105,1.6666666666666667,0.3333333333333333,0.8888888888888888,59.333333333333336,2.3333333333333335,-2.0,0.3308913308913309,0.6176666666666667,5.986666666666667,2.9501262626262625,1.6666666666666667,0.3333333333333333,0.9166666666666666,20.0,1.6666666666666667,0.3308913308913309,0.4306632083470303,2011,0.4764810011593098,0.2777900809539463,DET vs. DAL,DAL,30,1576.135291917265,4.0,DET,34,1611.5211706611783,1.0,0,-4,-2.5,0,-133.0,120.0,0,0
DAL,4.0,2.0,0.5,12.5,50,11.5,46,-11.599999999999998,-0.7008334271605435,-18.675,-0.9367357669231776,1.9688436563436564,2.2140151515151514,-0.24517149517149506,1.9957166791323475,24.75,99.0,21.0,25.25,101.0,16.0,NFC East,-1,-0.5,-2,1.0,0.6445,7.2675,3.374967624967625,2.0,0.25,0.9166666666666666,52.75,2.5,-4.0,0.3443223443223443,0.58525,5.8575,3.139065285204991,1.75,0.25,0.9375,33.75,1.5,0.3443223443223443,0.004283320867652485,2011-10-16,2011,0.4204497486911035,0.261242027901535,NWE,5.0,4.0,0.8,10.6,53,10.6,53,7.879999999999998,0.5591759708488544,-7.040000000000001,0.47205079972368313,3.162121212121212,2.231965811965812,0.9301554001554001,3.425070900888947,33.0,165.0,28.0,23.8,119.0,19.0,AFC East,2,9.2,46,0.7916666666666666,0.6738,9.326,4.634977022977023,2.8,1.2,0.9,63.6,1.2,3.0,0.5059052059052058,0.6536,7.708,4.547851851851852,1.8,1.0,1.0,71.0,1.8,0.5059052059052058,0.5749290991110532,2011,0.5890491123589038,0.328013784464566,DAL vs. NWE,NWE,20,1635.6872907063282,3.0,DAL,16,1531.21019374484,14.0,1,4,-6.5,0,-290.0,256.0,0,0
LAR,5.0,0.0,0.0,11.6,58,10.8,54,-32.42,0.10415052364384084,-11.48,0.8784675909435304,0.8440326340326341,2.5916161616161615,-1.7475835275835276,0.5703978998998667,9.8,49.0,11.0,27.4,137.0,20.0,NFC West,-5,-17.6,-88,0.5416666666666666,0.5202,4.9719999999999995,4.17995157577201,0.6,0.2,0.7916666666666666,69.8,1.4,-1.0,0.262120232708468,0.5544,7.212000000000001,4.954268643071699,2.2,0.6,0.9,58.0,1.2,0.262120232708468,-0.5703978998998667,2011-10-23,2011,0.16801939000379815,0.25404460000741724,DAL,5.0,2.0,0.4,12.0,60,11.2,56,-12.199999999999998,-0.734160285487402,-18.880000000000003,-0.7565488239641758,1.895074925074925,2.171212121212121,-0.276137196137196,2.3665017757859803,23.0,115.0,25.0,24.2,121.0,20.0,NFC East,-2,-1.2,-6,0.95,0.6474,7.156000000000001,3.3416407666407664,1.8,0.2,0.9333333333333332,57.6,2.4,-2.0,0.34212454212454213,0.6,5.76,3.3192522281639922,1.8,0.2,0.95,34.0,2.0,0.34212454212454213,-0.3665017757859803,2011,0.38612485201783503,0.2595355874438586,LAR vs. DAL,DAL,34,1495.8082710469766,18.0,LAR,7,1323.4745095926216,24.0,1,27,-14.0,1,-1000.0,760.0,0,0
DAL,6.0,3.0,0.5,11.666666666666666,70,11.0,66,-9.383333333333331,0.15007605732737214,-21.633333333333336,-0.754201973102619,2.145895770895771,1.9260101010101007,0.21988566988567002,3.3434269400525016,24.833333333333332,149.0,31.0,21.333333333333332,128.0,21.0,NFC East,1,3.5,21,0.76,0.6366666666666666,7.29,4.225877109455541,1.8333333333333333,0.5,0.9444444444444443,53.0,2.1666666666666665,-1.0,0.34760378510378515,0.601,5.558333333333334,3.3215990790255496,1.5,0.3333333333333333,0.95,31.0,2.0,0.34760378510378515,-0.34342694005250163,2011-10-30,2011,0.41750896394850584,0.24693948045176128,PHI,6.0,2.0,0.3333333333333333,11.0,66,10.833333333333334,65,-23.733333333333338,1.8218597665852816,-11.850000000000001,0.6587675976128948,2.226202501202501,2.2476430976430977,-0.02144059644059637,3.074628573992542,24.166666666666668,145.0,26.0,24.166666666666668,145.0,23.0,NFC East,1,0.0,0,0.5333333333333333,0.6121666666666666,5.838333333333334,5.89766081871345,1.5,1.0,0.85,51.333333333333336,2.8333333333333335,-8.0,0.4197390572390572,0.615,7.041666666666667,4.734568649741063,1.8333333333333333,1.0,0.75,48.833333333333336,1.5,0.4197390572390572,-1.074628573992542,2011,0.32338297241463104,0.23149626358505523,DAL vs. PHI,PHI,34,1449.4351466869966,20.0,DAL,7,1522.8593444220403,13.0,1,27,-3.0,1,-162.0,146.0,1,0
SEA,7.0,2.0,0.2857142857142857,11.714285714285714,82,11.0,77,-29.099999999999998,-0.47670015302726965,-16.57142857142857,-0.9285438714781309,1.2662504162504162,2.161309523809524,-0.8950591075591076,2.2255143275942246,15.571428571428571,109.0,19.0,23.142857142857142,162.0,27.0,NFC West,-2,-7.571428571428571,-53,0.44166666666666665,0.5804285714285714,4.75,3.599100899100899,1.0,0.5714285714285714,0.8333333333333334,62.142857142857146,1.8571428571428572,-3.0,0.3124458874458874,0.6581428571428571,6.185714285714285,3.147257180650038,1.1428571428571428,0.7142857142857143,0.7619047619047619,52.857142857142854,1.4285714285714286,0.3124458874458874,-0.22551432759422463,2011-11-06,2011,0.2242425571005396,0.28925995019472345,DAL,7.0,3.0,0.42857142857142855,11.142857142857142,78,10.571428571428571,74,-13.157142857142855,0.7606650416908664,-14.757142857142858,-0.3302198866476223,1.964339232196375,2.258008658008658,-0.29366942581228284,3.3665017757859803,22.285714285714285,156.0,32.0,23.142857142857142,162.0,27.0,NFC East,-1,-0.8571428571428571,-6,0.688888888888889,0.6191428571428571,6.890000000000001,4.836466093819035,1.7142857142857142,0.42857142857142855,0.9444444444444443,48.285714285714285,2.0,-2.0,0.34080324437467296,0.6222857142857142,6.274285714285715,3.7455811654805466,1.5714285714285714,0.5714285714285714,0.9583333333333334,31.285714285714285,1.7142857142857142,0.34080324437467296,-0.3665017757859803,2011,0.38877645270118794,0.2936379383277578,SEA vs. DAL,DAL,23,1462.447298043022,14.0,SEA,13,1400.146127689536,18.0,1,10,-11.0,0,-545.0,457.0,0,0
DAL,9.0,5.0,0.5555555555555556,10.666666666666666,96,10.555555555555555,95,-3.499999999999997,0.827876188877222,-24.211111111111112,0.3197816844220603,2.3944860694860695,1.9653198653198654,0.4291662041662042,5.148331367728794,24.77777777777778,223.0,44.0,20.22222222222222,182.0,31.0,NFC East,2,4.555555555555555,41,0.6305059523809524,0.648,7.912222222222222,4.903677241005391,1.8888888888888888,0.4444444444444444,0.9583333333333333,54.888888888888886,1.6666666666666667,4.0,0.38676231176231174,0.6186666666666666,5.266666666666667,4.395582736550229,1.3333333333333333,0.5555555555555556,0.8020833333333334,35.44444444444444,2.111111111111111,0.38676231176231174,-0.14833136772879385,2011-11-20,2011,0.4507794210878855,0.28468038315837124,WAS,9.0,3.0,0.3333333333333333,11.0,99,10.666666666666666,96,-34.74444444444445,-0.4640891529162694,-14.31111111111111,0.23560369708617815,1.3771043771043772,1.8879910213243545,-0.5108866442199775,3.419305048986514,15.11111111111111,136.0,27.0,19.77777777777778,178.0,38.0,NFC East,-5,-4.666666666666667,-42,0.4394345238095238,0.585,4.457777777777777,3.6117118992118993,0.8888888888888888,0.4444444444444444,0.6777777777777777,46.333333333333336,2.3333333333333335,-8.0,0.33777083482965836,0.6364444444444444,6.872222222222223,4.311404749214347,0.8888888888888888,0.8888888888888888,0.8020833333333334,65.55555555555556,1.4444444444444444,0.33777083482965836,-0.419305048986514,2011,0.26002105912162077,0.3334101946047598,DAL vs. WAS,WAS,24,1600.0,1.0,DAL,27,1514.0064999802885,8.0,0,-3,7.0,1,289.0,-330.0,1,0
MIA,10.0,3.0,0.3,10.9,109,10.9,109,-18.02,0.013359372337009567,-12.940000000000001,-0.4364322230882638,1.8233566433566435,1.737296037296037,0.08606060606060609,4.832122207146522,19.3,193.0,37.0,18.6,186.0,36.0,AFC East,3,0.7,7,0.54836860670194,0.6192,6.235,4.089160424465178,1.1,0.8,0.8796296296296297,42.8,1.4,-6.0,0.31247252747252746,0.5931,7.014,3.639368829039905,1.4,0.3,0.8433333333333334,56.4,0.8,0.31247252747252746,-1.8321222071465222,2011-11-24,2011,0.27725823700511804,0.23673724820433506,DAL,10.0,6.0,0.6,10.8,108,10.8,108,-2.0899999999999976,0.615633464776683,-22.380000000000003,0.1302234107670374,2.3800374625374627,1.9534032634032634,0.4266341991341992,5.7176681593817635,25.0,250.0,49.0,20.6,206.0,35.0,NFC East,3,4.4,44,0.5974867724867725,0.6454,7.997,4.6914345169048515,2.0,0.4,0.9629629629629629,54.2,1.5,6.0,0.3951449041154923,0.6226,5.461,4.206024462895206,1.4,0.6,0.75,37.8,2.1,0.3951449041154923,0.28233184061823646,2011,0.46651320387990153,0.30081630964966505,MIA vs. DAL,DAL,20,1576.1795972847333,7.0,MIA,19,1459.6731005059278,22.0,1,1,-7.0,0,-300.0,264.0,0,0
NYG,12.0,6.0,0.5,11.416666666666666,137,11.666666666666666,140,-5.624999999999999,-0.8050648267517865,-18.508333333333336,0.5048034533333161,2.1667134948384947,2.2743894993894993,-0.1076760045510045,5.56212237231195,23.916666666666668,287.0,47.0,26.25,315.0,53.0,NFC East,-4,-2.3333333333333335,-28,0.5005411255411256,0.6234166666666666,8.089166666666667,3.270736225376382,1.9166666666666667,0.9166666666666666,0.8166666666666667,49.333333333333336,1.5833333333333333,4.0,0.3667804417804417,0.613,6.229166666666667,4.580604505461484,1.6666666666666667,1.0833333333333333,0.8333333333333333,58.0,1.9166666666666667,0.3667804417804417,0.4378776276880503,2011-12-11,2011,0.35558409276237124,0.3608378061115873,DAL,12.0,7.0,0.5833333333333334,10.75,129,10.833333333333334,130,-4.299999999999998,0.45419872645196135,-18.458333333333336,0.06921933361783639,2.243213036963037,1.9157148407148406,0.32749819624819626,6.537197850248028,23.583333333333332,283.0,56.0,20.333333333333332,244.0,44.0,NFC East,-1,3.25,39,0.5491833923652106,0.6473333333333333,7.633333333333333,4.52999977858013,1.9166666666666667,0.3333333333333333,0.9242424242424242,55.0,1.4166666666666667,5.0,0.3755837163925399,0.6216666666666667,6.100833333333333,4.1450203857460055,1.3333333333333333,0.5833333333333334,0.7772727272727273,39.5,1.8333333333333333,0.3755837163925399,0.46280214975197165,2011,0.45085072376363716,0.3233098042237736,NYG vs. DAL,DAL,34,1538.7669216846416,8.0,NYG,37,1472.825006137732,17.0,0,-3,-4.5,0,-214.0,192.0,1,0
DAL,13.0,7.0,0.5384615384615384,10.76923076923077,140,10.846153846153847,141,-0.9615384615384605,0.5512500255355411,-17.753846153846155,0.02332446523538931,2.308420425728118,2.0270934194011114,0.28132700632700636,6.987264598391997,24.384615384615383,317.0,62.0,21.615384615384617,281.0,50.0,NFC East,-2,2.769230769230769,36,0.5450847763347764,0.6496153846153846,8.00153846153846,4.62705107766371,2.076923076923077,0.3076923076923077,0.9027777777777778,54.69230769230769,1.3846153846153846,5.0,0.3851541997469599,0.6180000000000001,6.277692307692307,4.099125517363558,1.3846153846153846,0.6923076923076923,0.7958333333333334,40.69230769230769,1.7692307692307692,0.3851541997469599,0.012735401608003016,2011-12-17,2011,0.4432909862086242,0.3276796345228588,TAM,13.0,4.0,0.3076923076923077,11.153846153846153,145,10.923076923076923,142,-29.98461538461538,0.25517732875867893,-5.246153846153845,0.3897782774979837,1.6851592851592854,2.6899079552925707,-1.0047486701332855,4.38989088545059,17.846153846153847,232.0,45.0,28.46153846153846,370.0,60.0,NFC South,-7,-10.615384615384615,-138,0.48869949494949494,0.6051538461538462,4.94923076923077,4.330978380886847,1.0,0.6153846153846154,0.9416666666666668,67.46153846153847,2.3846153846153846,-10.0,0.3460819158217348,0.6160769230769231,8.263846153846155,4.465579329626152,1.6923076923076923,1.4615384615384615,0.7430555555555555,51.84615384615385,1.6153846153846154,0.3460819158217348,-0.3898908854505896,2011,0.3010370876152379,0.3773599928889299,DAL vs. TAM,TAM,15,1273.2133774453853,24.0,DAL,31,1479.3894479057487,12.0,0,-16,7.0,0,293.0,-335.0,0,0
PHI,14.0,6.0,0.42857142857142855,11.357142857142858,159,11.357142857142858,159,-25.300000000000004,1.2030262995426848,-11.935714285714285,0.3746783590988519,2.2182648700505845,2.0464660339660337,0.1717988360845504,7.680704821555139,24.428571428571427,342.0,56.0,22.214285714285715,311.0,51.0,NFC East,2,2.2142857142857144,31,0.5128550936243244,0.5986428571428571,5.74,5.278827351670854,1.2142857142857142,1.3571428571428572,0.9307692307692308,52.214285714285715,2.5,-12.0,0.4090690705186503,0.6044999999999999,6.939285714285715,4.45047941122702,1.7857142857142858,0.7857142857142857,0.7272727272727273,49.642857142857146,1.6428571428571428,0.4090690705186503,-1.680704821555139,2011-12-24,2011,0.30991937555836124,0.2593369515277124,DAL,14.0,8.0,0.5714285714285714,10.642857142857142,149,10.642857142857142,149,1.4285714285714295,0.5296266860112994,-17.392857142857146,0.049211104105025286,2.3895649984935696,2.0162296037296037,0.37333539476396627,7.835454053677306,24.857142857142858,348.0,67.0,21.142857142857142,296.0,51.0,NFC East,1,3.7142857142857144,52,0.5268238172084326,0.658,8.142142857142856,4.605427738139468,2.142857142857143,0.35714285714285715,0.9102564102564104,51.857142857142854,1.3571428571428572,5.0,0.3961047239408583,0.6188571428571429,6.231428571428571,4.125012156233194,1.3571428571428572,0.6428571428571429,0.7958333333333334,41.07142857142857,1.7142857142857142,0.3961047239408583,0.16454594632269437,2011,0.45494946232196576,0.321856108946528,PHI vs. DAL,DAL,7,1522.8593444220403,13.0,PHI,20,1449.4351466869966,20.0,0,-13,1.5,0,118.0,-130.0,1,0
DAL,15.0,8.0,0.5333333333333333,10.666666666666666,160,10.666666666666666,160,-0.21333333333333257,0.457380778830987,-15.806666666666668,0.04344106292024825,2.2726849076849076,2.003026418026418,0.2696584896584897,7.912152217080046,23.666666666666668,355.0,68.0,21.066666666666666,316.0,55.0,NFC East,-1,2.6,39,0.5198057894486466,0.6541333333333333,7.894666666666667,4.533181830959156,2.066666666666667,0.3333333333333333,0.9102564102564104,51.53333333333333,1.2666666666666666,6.0,0.39322715410950704,0.6151333333333333,6.484666666666667,4.119242115048417,1.4,0.6,0.8115384615384615,41.46666666666667,1.6666666666666667,0.39322715410950704,0.08784778291995377,2012-01-01,2011,0.4274890205160653,0.3228465116919156,NYG,15.0,8.0,0.5333333333333333,11.6,174,11.733333333333333,176,-11.566666666666666,-0.5907441001332849,-17.8,0.4597936633521303,2.1471081696081695,2.2411277611277614,-0.09401959151959144,7.08290656824675,24.2,363.0,60.0,25.733333333333334,386.0,66.0,NFC East,1,-1.5333333333333334,-23,0.49774332810047095,0.5975333333333332,7.668666666666667,3.485056951994884,1.7333333333333334,1.0666666666666667,0.8205128205128205,51.13333333333333,1.6,5.0,0.361995781995782,0.6110666666666666,6.284666666666666,4.535594715480299,1.7333333333333334,1.0,0.7738095238095238,59.333333333333336,1.9333333333333333,0.361995781995782,0.9170934317532504,2011,0.36591019383340806,0.37292733579383125,DAL vs. NYG,NYG,31,1472.825006137732,17.0,DAL,14,1538.7669216846416,8.0,1,17,-3.0,1,-161.0,145.0,1,0
DEN,2.0,1.0,0.5,11.5,23,12.0,24,-10.849999999999994,-0.7948181461452628,-5.049999999999997,0.16009638376926705,1.9090909090909092,1.875,0.03409090909090906,0.9693122808146539,22.0,44.0,7.0,22.5,45.0,10.0,AFC West,1,-0.5,-1,1.0,0.5609999999999999,7.225,3.280982905982906,1.5,0.5,0.8333333333333333,73.0,2.5,-4.0,0.4391025641025641,0.625,6.975,4.235897435897436,1.5,0.5,1.0,100.0,0.5,0.4391025641025641,0.030687719185346074,2011-09-25,2011,0.3090176963977701,0.21472660816361377,TEN,2.0,1.0,0.5,11.0,22,10.5,21,-6.75,-1.1460928293164976,-30.799999999999997,-1.0182290871719732,1.8181818181818183,1.390909090909091,0.42727272727272725,1.2594464029032229,20.0,40.0,8.0,14.5,29.0,7.0,AFC South,1,5.5,11,1.0,0.666,7.555,2.929708222811671,1.5,0.5,0.4,65.0,1.0,2.0,0.3877005347593583,0.5885,5.115,3.057571964956195,0.5,0.5,1.0,41.5,2.0,0.3877005347593583,-0.25944640290322285,2011,0.3164642903812322,0.12342559951612952,DEN vs. TEN,TEN,17,1514.0064999802885,8.0,DEN,14,1514.0064999802885,8.0,1,3,-7.0,0,-310.0,273.0,0,0
DEN,3.0,1.0,0.3333333333333333,11.0,33,11.0,33,-18.066666666666663,-1.0334066510381155,2.3666666666666694,-0.7011447905153854,1.7393939393939395,1.8796296296296298,-0.14023569023569027,1.3562625794118732,19.333333333333332,58.0,9.0,20.666666666666668,62.0,13.0,AFC West,-1,-1.3333333333333333,-4,0.75,0.5790000000000001,5.86,3.0423944010900534,1.6666666666666667,0.3333333333333333,0.8333333333333333,53.666666666666664,2.3333333333333335,-4.0,0.47051282051282056,0.6666666666666666,7.753333333333333,3.3746562616127833,1.6666666666666667,0.3333333333333333,1.0,93.33333333333333,1.0,0.47051282051282056,-0.3562625794118732,2011-10-02,2011,0.2403397655080115,0.21584430775399646,GNB,3.0,3.0,1.0,11.0,33,11.333333333333334,34,19.73333333333333,0.31348314175372644,-14.566666666666668,-1.301991528318645,3.156954156954157,2.334045584045584,0.822908572908573,2.0246613903679194,33.0,99.0,16.0,24.666666666666668,74.0,13.0,NFC North,3,8.333333333333334,25,0.25,0.7136666666666667,9.806666666666667,4.389284193881895,2.6666666666666665,1.0,1.0,46.666666666666664,1.0,4.0,0.48931623931623935,0.61,7.25,2.7738095238095237,2.0,0.3333333333333333,1.0,45.0,2.3333333333333335,0.48931623931623935,0.9753386096320806,2011,0.6424789672132656,0.37920982279624554,DEN vs. GNB,GNB,49,1621.987000039423,1.0,DEN,23,1464.0064999802885,19.0,1,26,-12.0,1,-605.0,502.0,0,0
LAC,4.0,3.0,0.75,9.25,37,9.0,36,-12.1,-0.3312904701175866,-15.549999999999999,-0.038773080100196755,2.4611111111111112,2.361111111111111,0.10000000000000009,2.2779914845700184,22.75,91.0,17.0,21.25,85.0,15.0,AFC West,2,1.5,6,0.3333333333333333,0.6805,7.115,3.744510582010582,1.25,1.25,1.0,47.5,2.0,-4.0,0.5915750915750916,0.65425,5.435,4.037027972027972,1.5,0.5,0.875,66.0,1.0,0.5915750915750916,0.7220085154299816,2011-10-09,2011,0.5423928700156061,0.3877092203572898,DEN,4.0,1.0,0.25,10.75,43,10.75,43,-17.025,-0.5005269904410635,6.575000000000003,-0.5537374273471528,1.8795454545454544,2.6347222222222224,-0.7551767676767678,1.4990299483723304,20.25,81.0,13.0,27.75,111.0,19.0,AFC West,-2,-7.5,-30,0.8333333333333334,0.60625,5.880000000000001,3.575274061687105,2.0,0.25,0.8888888888888888,46.25,2.75,-6.0,0.4437937062937063,0.686,8.29,3.522063624781016,2.25,0.75,1.0,76.75,1.25,0.4437937062937063,-0.4990299483723304,2011,0.26460820157650994,0.2762699475635217,LAC vs. DEN,DEN,24,1435.2944182012163,22.0,LAC,29,1566.1428531431402,3.0,0,-5,3.5,0,171.0,-190.0,1,0
DEN,5.0,1.0,0.2,10.6,53,11.0,55,-22.58,0.19311384939542853,1.5400000000000034,-0.30001061741963514,1.9836363636363636,2.591111111111111,-0.6074747474747475,1.8887465702516162,21.0,105.0,16.0,28.0,140.0,26.0,AFC West,-3,-7.0,-35,0.8125,0.572,5.470000000000001,4.268914901523597,1.8,0.4,0.9166666666666666,47.6,2.4,-5.0,0.3994794094794095,0.673,7.922,3.775790434708534,2.0,0.8,1.0,61.4,1.4,0.3994794094794095,-0.8887465702516162,2011-10-23,2011,0.24822662217348732,0.2941548697216654,MIA,5.0,0.0,0.0,11.2,56,10.6,53,-34.660000000000004,0.32191733474811296,2.2400000000000007,-0.06284310868020704,1.3751359751359753,2.407070707070707,-1.0319347319347318,1.1978844088710607,15.0,75.0,17.0,25.6,128.0,23.0,AFC East,-5,-10.6,-53,0.6416666666666666,0.561,5.008,4.3977183868762815,0.8,0.4,0.85,44.8,2.0,-7.0,0.24754578754578754,0.623,8.78,4.012957943447962,2.0,0.6,0.9,68.0,0.6,0.24754578754578754,-1.1978844088710607,2011,0.23084273231854274,0.24320248526779473,DEN vs. MIA,MIA,15,1312.229069293838,24.0,DEN,18,1403.2824998790986,20.0,0,-3,1.0,0,-104.0,-106.0,0,0
DET,7.0,5.0,0.7142857142857143,12.142857142857142,85,12.428571428571429,87,-4.84285714285714,0.10160570004638554,-28.67142857142857,0.8774135899107708,2.2949288806431665,1.5760122813694242,0.7189165992737421,4.265719503918975,27.714285714285715,194.0,35.0,19.571428571428573,137.0,28.0,NFC North,-2,8.142857142857142,57,0.41111111111111115,0.6101428571428571,7.3757142857142854,4.177406752174554,2.2857142857142856,0.42857142857142855,0.9523809523809524,67.85714285714286,0.7142857142857143,10.0,0.27226009284832814,0.6364285714285715,4.062857142857142,4.953214642038939,1.1428571428571428,0.42857142857142855,0.9285714285714286,75.0,2.142857142857143,0.27226009284832814,0.7342804960810252,2011-10-30,2011,0.4549576762400603,0.30962209177384026,DEN,6.0,2.0,0.3333333333333333,11.333333333333334,68,11.333333333333334,68,-20.966666666666665,0.21912803247482895,-0.4499999999999981,-0.42393267911836924,1.8530303030303028,2.3515669515669515,-0.49853664853664864,2.495122086396276,20.5,123.0,19.0,25.833333333333332,155.0,30.0,AFC West,1,-5.333333333333333,-32,0.65,0.5568333333333333,5.613333333333333,4.294929084602997,1.8333333333333333,0.3333333333333333,0.8,44.666666666666664,2.1666666666666665,-5.0,0.3745661745661746,0.672,7.576666666666667,3.6518683730097994,1.8333333333333333,0.6666666666666666,1.0,54.5,1.3333333333333333,0.3745661745661746,-0.4951220863962762,2011,0.25635460872174204,0.3312410230590973,DET vs. DEN,DEN,10,1440.4708345980582,18.0,DET,45,1561.838849355633,2.0,0,-35,3.0,0,154.0,-171.0,0,0
DEN,7.0,2.0,0.2857142857142857,11.857142857142858,83,11.428571428571429,80,-24.985714285714288,0.5341381632458293,3.171428571428574,-0.36909754873201406,1.6835497835497837,2.551343101343101,-0.8677933177933178,2.522649395317014,19.0,133.0,21.0,28.571428571428573,200.0,35.0,AFC West,-1,-9.571428571428571,-67,0.6607142857142857,0.5432857142857143,5.148571428571429,4.609939215373998,1.7142857142857142,0.2857142857142857,0.8333333333333334,46.142857142857146,2.2857142857142856,-8.0,0.3414648843220272,0.6742857142857143,7.935714285714285,3.706703503396155,2.0,0.7142857142857143,1.0,53.142857142857146,1.1428571428571428,0.3414648843220272,-0.5226493953170142,2011-11-06,2011,0.23412110619336093,0.3423344127926866,LVR,7.0,4.0,0.5714285714285714,11.428571428571429,80,11.428571428571429,80,-23.2,1.1049640161368992,-23.957142857142856,0.4633538405981526,2.0850776207919064,2.3332889332889333,-0.24821131249702674,3.2903849069748508,22.857142857142858,160.0,29.0,25.428571428571427,178.0,27.0,AFC West,-1,-2.5714285714285716,-18,0.7194444444444444,0.5827142857142856,5.4314285714285715,5.180765068265068,1.0,1.4285714285714286,0.9333333333333332,85.71428571428571,1.8571428571428572,-2.0,0.3781266352694924,0.5308571428571429,6.064285714285714,4.539154892726321,1.7142857142857142,1.0,0.8055555555555555,57.857142857142854,1.5714285714285714,0.3781266352694924,0.7096150930251492,2011,0.39924792446023094,0.3234992991279983,DEN vs. LVR,LVR,24,1500.0,1.0,DEN,38,1500.0,1.0,0,-14,-7.0,0,-335.0,293.0,1,0
DEN,8.0,3.0,0.375,11.875,95,11.625,93,-22.9,0.916229094657413,1.7763568394002505e-15,-0.3516662558873026,1.868939393939394,2.4631944444444445,-0.5942550505050506,3.270860024574235,21.375,171.0,26.0,28.0,224.0,39.0,AFC West,1,-6.625,-53,0.6479591836734694,0.53225,5.37375,4.992030146785582,1.75,0.5,0.7857142857142857,52.0,2.0,-5.0,0.3300317737817738,0.657875,7.805,3.724134796240866,2.125,0.625,1.0,62.75,1.375,0.3300317737817738,-0.27086002457423497,2011-11-13,2011,0.26441794652772355,0.3527371761311893,KAN,8.0,4.0,0.5,11.125,89,11.375,91,-23.075,0.03721124889373395,-10.025,0.04235243790032128,1.5488594738594739,2.216498778998779,-0.6676393051393051,3.245341681503268,16.375,131.0,23.0,25.125,201.0,36.0,AFC West,-1,-8.75,-70,0.4047619047619047,0.615375,5.2925,4.113012301021903,1.125,0.375,0.6666666666666666,56.875,2.0,-1.0,0.39591866466866465,0.6055,7.105,4.11815349002849,1.875,1.0,0.9714285714285714,58.0,1.875,0.39591866466866465,0.7546583184967322,2011,0.28280497377166414,0.3834721146509373,DEN vs. KAN,KAN,10,1496.8119562148115,14.0,DEN,17,1475.4972601823165,20.0,0,-7,-3.0,0,-184.0,166.0,1,0
NYJ,9.0,5.0,0.5555555555555556,11.88888888888889,107,11.666666666666666,105,-19.01111111111111,-0.48785298780218445,-34.5,-0.06118580112402884,2.055860805860806,1.9150479150479152,0.1408128908128909,4.955574412462873,23.88888888888889,215.0,33.0,22.22222222222222,200.0,32.0,AFC East,-1,1.6666666666666667,15,0.6319940476190476,0.5748888888888889,6.161111111111111,3.5879480643259845,1.5555555555555556,0.7777777777777778,0.8333333333333334,56.0,2.0,1.0,0.39911014911014914,0.5464444444444445,4.731111111111111,4.01461525100414,0.8888888888888888,1.0,0.9583333333333333,56.666666666666664,2.111111111111111,0.39911014911014914,0.04442558753712689,2011-11-17,2011,0.30993358711186414,0.2724038294192466,DEN,9.0,4.0,0.4444444444444444,11.777777777777779,106,11.555555555555555,104,-20.066666666666666,0.8544883712771968,-3.199999999999998,-0.14508864065480628,1.832996632996633,2.290516273849607,-0.4575196408529742,4.04947080517909,20.88888888888889,188.0,29.0,26.0,234.0,41.0,AFC West,2,-5.111111111111111,-46,0.6294642857142857,0.5008888888888889,6.013333333333334,4.930289423405366,1.6666666666666667,0.5555555555555556,0.75,53.44444444444444,1.7777777777777777,-5.0,0.33304411637744974,0.6435555555555555,7.40888888888889,3.9307124114733623,2.0,0.5555555555555556,1.0,60.22222222222222,1.2222222222222223,0.33304411637744974,-0.04947080517908997,2011,0.2720810761528369,0.3482603600295484,NYJ vs. DEN,DEN,17,1528.5608490509635,18.0,NYJ,13,1547.8269071739526,12.0,1,4,6.5,1,248.0,-280.0,0,0
DEN,10.0,5.0,0.5,11.8,118,11.6,116,-22.22,0.7291064877601896,-6.269999999999999,-0.24173131037357107,1.7913636363636365,2.1697979797979796,-0.37843434343434346,4.703270985504362,20.5,205.0,31.0,24.7,247.0,43.0,AFC West,3,-4.2,-42,0.6212522045855379,0.4937,5.907,4.804907539888358,1.5,0.6,0.7777777777777778,53.2,1.7,-4.0,0.32281662781662784,0.6392,7.143000000000001,3.8340697417545977,1.8,0.5,0.9444444444444444,55.7,1.3,0.32281662781662784,0.2967290144956376,2011-11-27,2011,0.2705072876689532,0.34462012726147623,LAC,10.0,4.0,0.4,10.5,105,9.9,99,-20.16,-0.1265050164012164,-9.5,0.3361191895447754,2.2822299922299925,2.709411976911977,-0.4271819846819847,4.630454761391183,23.6,236.0,44.0,25.9,259.0,42.0,AFC West,-5,-2.3,-23,0.49074074074074076,0.6208,6.368,3.9492960357269524,1.5,0.9,0.8708333333333333,50.5,2.4,-10.0,0.4945034132534133,0.6229,7.100999999999999,4.411920241672943,1.9,0.7,0.95,56.9,1.4,0.4945034132534133,-0.6304547613911833,2011,0.39262856237979804,0.3550716161834043,DEN vs. LAC,LAC,13,1566.1428531431402,3.0,DEN,16,1435.2944182012163,22.0,0,-3,-4.5,0,-210.0,188.0,1,0
DEN,11.0,6.0,0.5454545454545454,11.909090909090908,131,11.545454545454545,127,-20.663636363636364,0.6630631998202497,-8.09090909090909,-0.12311138790681729,1.7404005085823266,2.079981634527089,-0.3395811259447623,5.323873245878497,20.09090909090909,221.0,35.0,23.636363636363637,260.0,46.0,AFC West,4,-3.5454545454545454,-39,0.5991269841269842,0.4942727272727273,6.1827272727272735,4.738864251948418,1.4545454545454546,0.5454545454545454,0.8,54.09090909090909,1.5454545454545454,-4.0,0.32187875256057075,0.629090909090909,6.945454545454546,3.9526896642213516,1.7272727272727273,0.45454545454545453,0.9,53.36363636363637,1.1818181818181819,0.32187875256057075,0.676126754121503,2011-12-04,2011,0.2835978045761642,0.3515403226124475,MIN,11.0,2.0,0.18181818181818182,10.545454545454545,116,10.636363636363637,117,-25.527272727272727,0.8226872980953369,5.163636363636365,-0.43389965323122776,1.8414812460267007,2.6142968142968144,-0.7728155682701137,4.012835505769639,19.454545454545453,214.0,37.0,26.818181818181817,295.0,53.0,NFC North,-3,-7.363636363636363,-81,0.5091269841269841,0.5633636363636364,5.458181818181818,4.898488350223506,0.9090909090909091,1.2727272727272727,0.7407407407407408,59.54545454545455,1.1818181818181819,1.0,0.38985219326128423,0.6921818181818181,8.124545454545455,3.641901398896941,2.0,0.7272727272727273,0.8787878787878788,48.72727272727273,1.2727272727272727,0.38985219326128423,-2.0128355057696394,2011,0.2605995974032315,0.3289197499566504,DEN vs. MIN,MIN,32,1333.245465813289,30.0,DEN,35,1606.6372316122522,14.0,0,-3,-1.0,0,-130.0,118.0,0,0
NWE,13.0,10.0,0.7692307692307693,10.307692307692308,134,10.615384615384615,138,5.699999999999999,-0.09703089066569949,-13.26923076923077,0.19753310390965925,3.0115412365412366,2.024210191517884,0.9873310450233527,8.71149247761508,30.46153846153846,396.0,66.0,21.076923076923077,274.0,48.0,AFC East,5,9.384615384615385,122,0.5748346560846561,0.6593846153846153,8.784615384615385,3.978770161462469,2.5384615384615383,0.8461538461538461,0.8589743589743589,50.61538461538461,1.2307692307692308,9.0,0.45685254916024143,0.637,7.006923076923077,4.273334156037828,1.6153846153846154,0.6923076923076923,0.8863636363636364,60.30769230769231,1.9230769230769231,0.45685254916024143,1.2885075223849203,2011-12-18,2011,0.5413556236954102,0.3555453517694962,DEN,13.0,8.0,0.6153846153846154,12.153846153846153,158,12.0,156,-16.276923076923076,0.575127070561217,-9.73076923076923,-0.0785859111473491,1.7511757473295935,1.979032079032079,-0.22785633170248557,6.527398343069122,20.692307692307693,269.0,43.0,23.23076923076923,302.0,54.0,AFC West,6,-2.5384615384615383,-33,0.563035113035113,0.5099230769230769,6.767692307692308,4.650928122689385,1.4615384615384615,0.5384615384615384,0.8055555555555555,53.61538461538461,1.6153846153846154,-4.0,0.3159623998424903,0.629,6.754615384615385,3.9972151409808196,1.6923076923076923,0.46153846153846156,0.9166666666666666,54.61538461538461,1.3076923076923077,0.3159623998424903,1.4726016569308777,2011,0.30298046311977983,0.35873791394194643,NWE vs. DEN,DEN,23,1661.3232064927097,8.0,NWE,41,1687.991982055208,2.0,0,-18,7.0,0,264.0,-300.0,0,0
KAN,15.0,6.0,0.4,10.933333333333334,164,11.333333333333334,170,-27.533333333333335,-0.07730005825734801,-13.873333333333335,0.05032092466047476,1.312010767010767,1.9896459096459096,-0.6776351426351427,5.806234712107746,13.666666666666666,205.0,41.0,22.333333333333332,335.0,59.0,AFC West,-1,-8.666666666666666,-130,0.5210497835497836,0.6078,4.986666666666666,3.9985009938708207,0.8666666666666667,0.26666666666666666,0.8076923076923077,58.666666666666664,1.8,-3.0,0.35184926184926185,0.5670000000000001,6.878666666666667,4.126121976788643,1.5333333333333334,0.9333333333333333,0.8115384615384615,52.333333333333336,1.6,0.35184926184926185,0.193765287892254,2012-01-01,2011,0.2532294214648709,0.3284047654845659,DEN,15.0,8.0,0.5333333333333333,12.2,183,11.933333333333334,179,-20.726666666666667,0.7502721380736,-8.833333333333334,0.030515562118700355,1.7172582972582973,2.1853631553631554,-0.4681048581048581,6.806709162329837,20.4,306.0,49.0,25.533333333333335,383.0,66.0,AFC West,-2,-5.133333333333334,-77,0.5630567844853559,0.5036666666666666,6.359333333333334,4.826073190201768,1.3333333333333333,0.7333333333333333,0.8205128205128205,52.93333333333333,1.8,-10.0,0.31075715678656857,0.6272666666666668,7.011333333333334,4.106316614246869,1.6,0.6666666666666666,0.9047619047619048,53.93333333333333,1.1333333333333333,0.31075715678656857,1.1932908376701628,2011,0.2890605650440211,0.37346636695949004,KAN vs. DEN,DEN,3,1475.4972601823165,20.0,KAN,7,1496.8119562148115,14.0,0,-4,-1.0,0,-125.0,113.0,1,0
PIT,16.0,12.0,0.75,9.875,158,9.75,156,-11.1875,0.3047052007920931,-29.193749999999998,-0.1283319276969075,2.125872911810412,1.4694444444444443,0.6564284673659674,10.30103079446352,20.3125,325.0,57.0,14.1875,227.0,44.0,AFC North,2,6.125,98,0.4441824841824842,0.633625,7.2993749999999995,4.380506252920262,1.3125,0.8125,0.7261904761904762,53.375,1.75,-13.0,0.43304247835497833,0.546375,4.835625,3.947469124431261,0.9375,0.4375,0.8035714285714286,48.5625,0.9375,0.43304247835497833,1.6989692055364802,2012-01-08,2011,0.3990669480678715,0.2943728545847777,DEN,16.0,8.0,0.5,12.25,196,11.875,190,-24.39375,0.735876606239181,-10.1375,-0.0052958929383956355,1.6243527306027306,2.0885506854256852,-0.4641979548229548,6.925064680820794,19.3125,309.0,50.0,24.375,390.0,67.0,AFC West,-3,-5.0625,-81,0.5521863321863322,0.48925,5.97625,4.8116776583673495,1.25,0.6875,0.8333333333333333,52.6875,1.8125,-11.0,0.30869594559851915,0.620375,6.95,4.070505159189773,1.5,0.6875,0.8444444444444444,52.8125,1.125,0.30869594559851915,1.0749353191792057,2011,0.2722406779205868,0.3542831139424364,PIT vs. DEN,DEN,29,1468.7579486001991,13.0,PIT,23,1678.1090714006689,5.0,1,6,7.5,1,293.0,-335.0,0,1
DEN,1.0,9.0,9.0,12.176470588235293,207,11.823529411764707,201,-21.45294117647059,0.679480342598195,-11.235294117647058,0.15423960920645147,1.683882783882784,2.0886894151600033,-0.4048066312772195,7.559054054133532,19.88235294117647,338.0,56.0,24.294117647058822,413.0,72.0,AFC West,1,-4.411764705882353,-75,0.5645496864246864,0.48847058823529416,6.621764705882352,4.755281394726364,1.2941176470588236,0.7058823529411765,0.8444444444444444,51.35294117647059,1.7647058823529411,-11.0,0.30818441938684155,0.6162352941176471,6.8635294117647065,4.23004066133462,1.4705882352941178,0.7058823529411765,0.8541666666666666,53.294117647058826,1.1176470588235294,0.30818441938684155,1.440945945866468,2012-01-14,2011,0.6603525264179816,0.5161597418029139,NWE,16.0,13.0,0.8125,10.5,168,10.875,174,5.45625,-0.06092548133108783,-15.649999999999999,0.5056867514958845,3.1072939213564212,1.9988374472749473,1.108456474081474,10.95986109491912,32.0625,513.0,85.0,21.375,342.0,59.0,AFC East,8,10.6875,171,0.5513695563695563,0.656375,8.809375,4.014875570797081,2.4375,1.125,0.8645833333333334,50.9375,1.0625,17.0,0.4578961275652452,0.6180625,6.811875,4.581487803624054,1.625,0.8125,0.8392857142857143,56.6875,2.125,0.4578961275652452,2.0401389050808802,2011,0.5704657019835844,0.36112363340509046,DEN vs. NWE,NWE,45,1761.1634783515044,2.0,DEN,10,1545.7014180062704,7.0,1,35,-14.0,1,-674.0,551.0,0,1
KAN,1.0,0.0,0.0,13.0,13,13.0,13,-36.8,1.9241989478718313,12.299999999999997,0.10368612735901106,0.5384615384615384,3.1538461538461537,-2.6153846153846154,0.014929725689533322,7.0,7.0,1.0,41.0,41.0,7.0,AFC West,-1,-34.0,-34,0.5,0.611,2.22,6.0,1.0,0.0,0.0,3.0,3.0,-2.0,0.23076923076923078,0.654,9.08,4.17948717948718,4.0,1.0,1.0,30.0,1.0,0.23076923076923078,-0.014929725689533322,2011-09-18,2011,0.07577463648542052,-0.008039083063594866,DET,1.0,1.0,1.0,11.0,11,11.0,11,18.900000000000006,-0.4758010521281686,-23.700000000000003,-0.5758010521281687,2.4545454545454546,1.8181818181818181,0.6363636363636365,0.6706768379236325,27.0,27.0,5.0,20.0,20.0,3.0,NFC North,1,7.0,7,0.5,0.727,9.7,3.6,3.0,0.0,1.0,68.0,1.0,1.0,0.18181818181818182,0.63,5.09,3.5,1.0,0.0,1.0,39.0,2.0,0.18181818181818182,0.32932316207636747,2011,0.6042378009438034,0.0898154078390093,KAN vs. DET,DET,48,1550.0,1.0,KAN,3,1450.0,17.0,1,45,-9.0,1,-325.0,285.0,0,0
DET,2.0,2.0,1.0,12.5,25,12.0,24,13.700000000000003,-0.7924677187948352,-42.900000000000006,0.2776472237339003,2.9415584415584415,1.0244755244755244,1.917082917082917,1.6692784492310433,37.5,75.0,13.0,11.5,23.0,4.0,NFC North,2,26.0,52,0.0,0.6635,9.315,3.283333333333333,3.5,1.0,1.0,51.5,1.0,6.0,0.25757575757575757,0.641,2.13,4.353448275862069,0.5,0.0,0.75,54.5,4.0,0.25757575757575757,0.3307215507689567,2011-09-25,2011,0.6059876031999287,0.11089346256407973,MIN,2.0,0.0,0.0,9.0,18,9.5,19,-35.3,1.8000730737459572,-13.049999999999997,0.1132827685345994,2.0555555555555554,2.533333333333333,-0.47777777777777763,0.6999675391641118,18.5,37.0,6.0,24.0,48.0,8.0,NFC North,-2,-5.5,-11,0.0,0.5335,3.6350000000000002,5.875874125874126,0.5,1.0,1.0,71.5,1.0,1.0,0.40909090909090906,0.699,6.220000000000001,4.189083820662768,1.5,1.5,1.0,39.5,1.5,0.40909090909090906,-0.6999675391641118,2011,0.21667207680598136,0.0631647285970291,DET vs. MIN,MIN,23,1400.0,26.0,DET,26,1585.9935000197115,1.0,0,-3,3.0,0,144.0,-160.0,1,0
SFO,5.0,4.0,0.8,10.6,53,12.0,60,1.480000000000001,-0.08772346592127214,-29.420000000000005,-0.46706587426255586,2.8160606060606055,1.2827505827505827,1.5333100233100232,3.5421598747078367,28.4,142.0,23.0,15.6,78.0,16.0,NFC West,3,12.8,64,0.3958333333333333,0.6712,7.81,3.9880775862068965,1.4,1.2,0.8666666666666666,53.4,0.8,10.0,0.3238095238095238,0.5740000000000001,5.312,3.6087351778656127,1.4,0.0,0.8533333333333333,69.2,2.8,0.3238095238095238,0.45784012529216334,2011-10-16,2011,0.4736993316291312,0.2377514733489154,DET,5.0,5.0,1.0,11.8,59,11.8,59,2.280000000000004,-0.0007649324171261184,-23.6,0.6264413822102176,2.6748051948051947,1.5105838605838606,1.1642213342213341,3.6255021789569737,31.8,159.0,27.0,17.8,89.0,18.0,NFC North,5,14.0,70,0.29166666666666663,0.6484,8.072,4.075036119711042,2.6,0.6,1.0,67.4,0.8,7.0,0.337830796654326,0.6706,4.412,4.702242434338386,1.2,0.2,0.9,65.0,2.2,0.337830796654326,1.3744978210430263,2011,0.5834286141293616,0.32793546026703213,SFO vs. DET,DET,19,1685.785461283666,1.0,SFO,25,1622.9838727142078,3.0,0,-6,-5.5,0,-227.0,203.0,0,0
GNB,10.0,10.0,1.0,10.0,100,10.8,108,24.86,-0.13975142579320116,-24.05,0.3829329417881536,3.6673640248640247,2.0039510489510493,1.6634129759129759,7.5454966608524465,35.5,355.0,55.0,21.2,212.0,37.0,NFC North,10,14.3,143,0.3073192239858906,0.7238,10.49,3.9360496263349676,3.1,0.8,0.875,35.7,1.0,12.0,0.5039743589743589,0.5904,5.9270000000000005,4.458733993916322,1.8,0.6,0.8333333333333334,53.8,2.2,0.5039743589743589,2.4545033391475535,2011-11-24,2011,0.6849976836531155,0.3924227995819069,DET,10.0,7.0,0.7,12.4,124,12.6,126,-4.289999999999997,0.25576635523405034,-33.86,0.8798008456507374,2.4764502164502162,1.7698752636252635,0.7065749528249528,6.004966054540514,30.1,301.0,50.0,21.9,219.0,39.0,NFC North,1,8.2,82,0.4052469135802469,0.6261,7.348000000000001,4.331567407362219,2.5,0.6,0.9629629629629629,62.9,1.4,9.0,0.3019902646373235,0.5946,3.91,4.955601897778906,1.0,0.6,0.925,68.7,2.3,0.3019902646373235,0.9950339454594861,2011,0.4433481429620761,0.30937009831184126,GNB vs. DET,DET,15,1569.8436283482788,3.0,GNB,27,1755.9092162295942,1.0,0,-12,4.0,0,171.0,-190.0,1,0
DET,11.0,7.0,0.6363636363636364,12.181818181818182,134,12.363636363636363,136,-6.97272727272727,0.4507320887638919,-29.4,0.696968349893059,2.3876820149547417,1.8544320578411488,0.5332499571135935,6.2038866421589445,28.727272727272727,316.0,52.0,22.363636363636363,246.0,44.0,NFC North,-1,6.363636363636363,70,0.4647222222222222,0.6338181818181817,6.999090909090909,4.52653314089206,2.3636363636363638,0.6363636363636364,0.8666666666666666,64.63636363636364,1.5454545454545454,6.0,0.3199911496702941,0.6011818181818183,4.48,4.772769402021228,1.0909090909090908,0.6363636363636364,0.9318181818181818,67.36363636363636,2.090909090909091,0.3199911496702941,0.7961133578410555,2011-12-04,2011,0.41614511167417567,0.3175327458188546,NOR,11.0,8.0,0.7272727272727273,10.727272727272727,118,10.636363636363637,117,2.4727272727272744,0.483765629083771,-15.80909090909091,0.9977567930255357,3.1506498551953097,2.231706929434202,0.9189429257611075,7.128636813640002,32.90909090909091,362.0,61.0,22.90909090909091,252.0,45.0,NFC South,3,10.0,110,0.49797619047619046,0.7070909090909091,7.941818181818181,4.5595666812119395,2.4545454545454546,1.0909090909090908,0.8066666666666666,50.45454545454545,1.2727272727272727,-3.0,0.5395650101532454,0.5719090909090909,6.612727272727273,5.0735578451537044,1.6363636363636365,0.7272727272727273,0.88125,55.0,1.0,0.5395650101532454,0.8713631863599982,2011,0.5578991944283204,0.3801175939286713,DET vs. NOR,NOR,31,1647.9750121102204,3.0,DET,17,1544.3238459421389,8.0,1,14,-9.5,1,-345.0,301.0,0,0
MIN,12.0,2.0,0.16666666666666666,10.916666666666666,131,10.833333333333334,130,-24.325000000000003,0.7728132689100448,8.808333333333335,-0.3467664364726395,1.8658022533022534,2.620797720797721,-0.7549954674954674,4.459938979945691,20.5,246.0,43.0,27.5,330.0,58.0,NFC North,-4,-7.0,-84,0.512429489702217,0.5685,5.576666666666667,4.848614321038213,1.0833333333333333,1.1666666666666667,0.7666666666666667,59.083333333333336,1.3333333333333333,0.0,0.39069784382284384,0.6900833333333334,8.703333333333333,3.729034615655529,2.0,0.75,0.8888888888888888,50.75,1.3333333333333333,0.39069784382284384,-2.459938979945691,2011-12-11,2011,0.26095586759690537,0.3175150892071474,DET,12.0,7.0,0.5833333333333334,12.083333333333334,145,12.166666666666666,146,-6.824999999999998,0.40306644823500815,-24.51666666666667,0.6615564069710002,2.3174963924963925,1.9582293863543863,0.3592670061420061,6.397947871351828,27.75,333.0,55.0,23.083333333333332,277.0,49.0,NFC North,-2,4.666666666666667,56,0.48859044995408635,0.6397499999999999,7.086666666666666,4.478867500363177,2.25,0.6666666666666666,0.8181818181818182,68.16666666666667,1.5,5.0,0.308476735682618,0.61125,5.028333333333333,4.737357459099169,1.25,0.6666666666666666,0.9375,64.25,1.9166666666666667,0.308476735682618,0.6020521286481717,2011,0.3983407282043962,0.3244866177532879,MIN vs. DET,DET,34,1585.9935000197115,1.0,MIN,28,1400.0,26.0,1,6,-10.0,0,-500.0,423.0,1,0
DET,13.0,8.0,0.6153846153846154,11.923076923076923,155,12.153846153846153,158,-5.346153846153844,0.32227444271256594,-26.115384615384617,0.8883530859413937,2.4007659007659004,1.9870835361219976,0.41368236464390307,7.010997572754609,28.23076923076923,367.0,59.0,23.46153846153846,305.0,53.0,NFC North,1,4.769230769230769,62,0.46176346801346796,0.6436153846153846,7.19923076923077,4.398075494840734,2.230769230769231,0.6153846153846154,0.8333333333333334,68.76923076923077,1.3846153846153846,11.0,0.32320929447626284,0.6044615384615385,4.783076923076923,4.964154138069562,1.3846153846153846,0.6923076923076923,0.9375,62.15384615384615,2.230769230769231,0.32320929447626284,0.9890024272453912,2011-12-18,2011,0.4096035450161181,0.3351592641889025,LVR,13.0,7.0,0.5384615384615384,11.846153846153847,154,11.384615384615385,148,-21.184615384615388,0.44305788399559876,-24.99230769230769,1.031464687829879,1.932847067462452,2.5058603789373017,-0.5730133114748499,5.694172049630516,22.307692307692307,290.0,53.0,27.23076923076923,354.0,55.0,AFC West,-2,-4.923076923076923,-64,0.6081108706108705,0.5878461538461538,6.140769230769231,4.518858936123768,1.2307692307692308,1.1538461538461537,0.9259259259259258,85.84615384615384,2.0,-4.0,0.34644586183047726,0.5220769230769231,5.816923076923077,5.107265739958048,1.7692307692307692,1.0769230769230769,0.8030303030303029,58.0,1.6923076923076923,0.34644586183047726,1.3058279503694843,2011,0.37872571496982155,0.38036410461035425,DET vs. LVR,LVR,27,1525.3492550948688,12.0,DET,28,1533.6099887608657,8.0,0,-1,1.0,0,130.0,-144.0,0,0
LAC,14.0,7.0,0.5,10.214285714285714,143,9.857142857142858,138,-9.6,0.10880052010262967,-15.628571428571428,0.4610608742291143,2.5832306582306583,2.3454285793571508,0.2378020788735074,7.772199553058751,25.571428571428573,358.0,64.0,22.357142857142858,313.0,51.0,AFC West,3,3.2142857142857144,45,0.49040702886856735,0.642,7.304285714285714,4.1846015722307985,1.6428571428571428,1.0714285714285714,0.8444444444444444,48.214285714285715,1.7857142857142858,-5.0,0.49067170574523516,0.5997142857142858,6.487142857142857,4.536861926357283,1.7142857142857142,0.5,0.8461538461538461,49.142857142857146,1.4285714285714286,0.49067170574523516,-0.7721995530587513,2011-12-24,2011,0.4228667475545654,0.32278355217080934,DET,14.0,9.0,0.6428571428571429,11.928571428571429,167,12.142857142857142,170,-4.664285714285712,0.22241190736679917,-23.47142857142857,0.9623420760792821,2.3959492888064315,2.005863283541855,0.3900860052645766,7.532532072028783,28.214285714285715,395.0,63.0,23.714285714285715,332.0,57.0,NFC North,2,4.5,63,0.4676633195863965,0.6375,7.3100000000000005,4.298212959494967,2.357142857142857,0.5714285714285714,0.8333333333333334,69.0,1.3571428571428572,11.0,0.3337363616775382,0.6184285714285714,5.093571428571429,5.038143128207451,1.3571428571428572,0.7142857142857143,0.9166666666666666,63.857142857142854,2.142857142857143,0.3337363616775382,1.4674679279712173,2011,0.41678805793934415,0.3464897781068737,LAC vs. DET,DET,38,1582.42139759032,8.0,LAC,10,1533.7693176875189,14.0,1,28,1.0,1,-110.0,100.0,0,0
DET,15.0,10.0,0.6666666666666666,11.666666666666666,175,11.933333333333334,179,-1.9999999999999971,0.18803828977727957,-24.56,0.8931325341987855,2.552886002886003,1.9462131387131387,0.6066728641728641,8.491987055753764,28.866666666666667,433.0,68.0,22.8,342.0,59.0,NFC North,3,6.066666666666666,91,0.4699730824730825,0.6487333333333333,7.5873333333333335,4.263839341905448,2.4,0.6,0.8461538461538461,64.93333333333334,1.2666666666666666,13.0,0.35764111705288176,0.6123999999999999,5.042,4.968933586326954,1.3333333333333333,0.6666666666666666,0.9226190476190476,60.266666666666666,2.1333333333333333,0.35764111705288176,1.5080129442462358,2012-01-01,2011,0.42763614484142626,0.3407719790355783,GNB,15.0,14.0,0.9333333333333333,10.0,150,10.6,159,18.279999999999998,-0.030868497005386044,-23.459999999999997,0.48421301294997743,3.5056500906500907,2.045796425796426,1.4598536648536649,10.916471373843345,34.333333333333336,515.0,80.0,21.2,318.0,55.0,NFC North,1,13.133333333333333,197,0.3913768770911628,0.6828000000000001,10.074666666666667,4.044932555122783,3.0,0.8,0.7916666666666666,34.2,0.8,22.0,0.47199541199541195,0.6112666666666667,5.965333333333334,4.560014065078146,1.6,0.6666666666666666,0.782051282051282,56.46666666666667,2.2666666666666666,0.47199541199541195,3.083528626156655,2011,0.6429699067077922,0.3939597796388327,DET vs. GNB,GNB,45,1755.9092162295942,1.0,DET,41,1569.8436283482788,3.0,1,4,6.5,1,231.0,-260.0,1,0
DET,16.0,10.0,0.625,11.875,190,12.0625,193,-1.7187499999999973,0.2257149975748557,-20.81875,0.7935116850533508,2.564163961038961,2.025467674686425,0.5386962863525363,8.937053623643642,29.625,474.0,74.0,24.1875,387.0,66.0,NFC North,-1,5.4375,87,0.5008637658637658,0.6463125,7.655625,4.301516049703024,2.5625,0.5625,0.8214285714285714,67.1875,1.4375,11.0,0.3580158199643494,0.6181875,5.499375,4.869312737181519,1.625,0.625,0.8944444444444444,61.375,2.125,0.3580158199643494,1.0629463763563578,2012-01-07,2011,0.415348036792885,0.3433142684065802,NOR,16.0,13.0,0.8125,10.5625,169,10.625,170,9.33125,0.6865620100988463,-16.66875,0.824257488696643,3.298458139083139,2.0540634712509713,1.2443946678321678,11.265842983683982,34.1875,547.0,90.0,21.1875,339.0,62.0,NFC South,8,13.0,208,0.4930774780774781,0.71575,8.640625,4.762363062227015,2.875,1.0,0.8044444444444444,53.1875,1.1875,-3.0,0.5735832902048073,0.574375,6.563750000000001,4.900058540824812,1.5,0.6875,0.8756410256410256,57.0,1.0,0.5735832902048073,1.7341570163160185,2011,0.5902641018744238,0.38144034375426217,DET vs. NOR,NOR,31,1647.9750121102204,3.0,DET,17,1544.3238459421389,8.0,1,14,-9.5,1,-345.0,301.0,0,0
LAR,4.0,0.0,0.0,11.75,47,11.0,44,-34.25,-0.08002824907982353,-18.925,1.3912283000985521,0.9868589743589744,2.639520202020202,-1.6526612276612278,0.5632109567268606,11.5,46.0,10.0,28.25,113.0,16.0,NFC West,-4,-16.75,-67,0.38888888888888884,0.48925,4.765,3.995772803048345,0.75,0.25,0.8888888888888888,76.0,1.5,-1.0,0.2699579831932773,0.53775,6.2225,5.467029352226721,2.0,0.75,0.8666666666666667,68.5,1.25,0.2699579831932773,-0.5632109567268606,2011-10-16,2011,0.18280792783367764,0.22152627666119448,GNB,5.0,5.0,1.0,10.4,52,10.6,53,18.52,-0.0793733929418889,-20.8,-0.5130963655104386,3.4297280497280496,2.1715384615384616,1.2581895881895884,3.6799470390069255,34.6,173.0,28.0,22.2,111.0,19.0,NFC North,5,12.4,62,0.3333333333333333,0.7104,9.962,3.99642765918628,2.8,1.0,1.0,44.4,1.2,7.0,0.5520512820512821,0.6162,6.0760000000000005,3.5627046866177303,2.0,0.4,1.0,40.6,2.6,0.5520512820512821,1.3200529609930745,2011,0.6806210881069464,0.381437759467428,LAR vs. GNB,GNB,24,1681.7702584522406,1.0,LAR,3,1335.4631765103643,29.0,1,21,-14.0,1,-973.0,750.0,0,0
GNB,6.0,6.0,1.0,10.333333333333334,62,10.666666666666666,64,18.48333333333333,-0.26157370173100003,-21.516666666666666,-0.28743603550228247,3.2581067081067085,1.85506993006993,1.4030367780367783,4.67276009583392,32.833333333333336,197.0,32.0,19.0,114.0,20.0,NFC North,6,13.833333333333334,83,0.26666666666666666,0.6955,10.163333333333334,3.8142273503971684,2.8333333333333335,0.8333333333333334,1.0,39.666666666666664,1.1666666666666667,7.0,0.5113247863247863,0.6208333333333332,6.03,3.7883650166258866,1.6666666666666667,0.3333333333333333,0.9,41.333333333333336,2.3333333333333335,0.5113247863247863,1.3272399041660803,2011-10-23,2011,0.6303002068099853,0.32954374500865,MIN,6.0,1.0,0.16666666666666666,10.166666666666666,61,10.666666666666666,64,-24.233333333333334,0.9726169024278931,-11.816666666666665,-0.647850388431891,1.9583333333333333,2.363390313390313,-0.40505698005697993,2.4657314605473597,20.166666666666668,121.0,22.0,24.166666666666668,145.0,28.0,NFC North,-1,-4.0,-24,0.32999999999999996,0.5701666666666667,5.403333333333333,5.0484179545560615,0.6666666666666666,1.3333333333333333,0.8611111111111112,57.0,0.6666666666666666,4.0,0.36017316017316015,0.6451666666666667,6.855,3.4279506636962775,1.3333333333333333,0.8333333333333334,1.0,46.666666666666664,1.3333333333333333,0.36017316017316015,-1.4657314605473597,2011,0.2725516608414155,0.257707081001755,GNB vs. MIN,MIN,27,1348.106804352111,21.0,GNB,33,1693.7589253699834,1.0,0,-6,10.0,1,456.0,-543.0,1,0
GNB,7.0,7.0,1.0,10.428571428571429,73,10.714285714285714,75,21.928571428571427,-0.18008969684268342,-24.3,0.1759772570534665,3.2212343212343213,1.9407092907092907,1.2805250305250306,5.2894659672008615,32.857142857142854,230.0,39.0,20.142857142857142,141.0,25.0,NFC North,7,12.714285714285714,89,0.25,0.7104285714285714,10.45857142857143,3.895711355285485,2.857142857142857,0.7142857142857143,1.0,40.285714285714285,1.1428571428571428,8.0,0.473992673992674,0.5901428571428572,5.914285714285714,4.251778309181636,1.7142857142857142,0.42857142857142855,0.9166666666666666,48.42857142857143,2.2857142857142856,0.473992673992674,1.7105340327991385,2011-11-06,2011,0.6647961394895625,0.3671682872761495,LAC,7.0,4.0,0.5714285714285714,10.142857142857142,71,10.0,70,-20.971428571428568,-0.16344136923692437,-22.0,0.4034698908138822,2.3047008547008545,2.3124716553287983,-0.007770800627943426,3.661562333806098,23.0,161.0,31.0,22.714285714285715,159.0,28.0,AFC West,-2,0.2857142857142857,2,0.375,0.6395714285714286,6.331428571428572,3.912359682891244,1.0,1.1428571428571428,0.96,55.714285714285715,2.2857142857142856,-5.0,0.5319204604918891,0.5987142857142856,5.182857142857143,4.47927094294205,1.5714285714285714,0.5714285714285714,0.9285714285714286,61.42857142857143,1.5714285714285714,0.5319204604918891,0.33843766619390214,2011,0.4577295123782916,0.362196438068223,GNB vs. LAC,LAC,38,1482.7136917750224,11.0,GNB,45,1705.7874307815453,1.0,0,-7,5.5,0,199.0,-223.0,0,0
MIN,8.0,2.0,0.25,10.25,82,10.625,85,-23.1,1.0895446718533939,-1.7125000000000004,-0.30861298313088914,2.075568181818182,2.410042735042735,-0.3344745532245532,3.4274891670325918,21.5,172.0,31.0,24.875,199.0,38.0,NFC North,1,-3.375,-27,0.4193877551020408,0.55875,5.81625,5.165345723981562,0.875,1.375,0.8333333333333334,59.5,0.875,4.0,0.4029423701298701,0.6625,7.83125,3.7671880689972794,1.75,0.625,0.875,48.0,1.375,0.4029423701298701,-1.4274891670325918,2011-11-14,2011,0.3105912131432769,0.311405017136414,GNB,8.0,8.0,1.0,10.125,81,10.75,86,24.612499999999997,-0.01320746240721521,-23.1375,0.15045734935814314,3.521705031080031,2.1299388111888113,1.39176621989122,5.888324417217678,34.375,275.0,44.0,22.375,179.0,31.0,NFC North,8,12.0,96,0.2959183673469387,0.722625,10.651250000000001,4.0625935897209535,3.0,0.625,1.0,39.375,1.0,11.0,0.4897435897435897,0.587,6.045,4.226258401486312,2.0,0.5,0.9285714285714286,50.375,2.375,0.4897435897435897,2.111675582782322,2011,0.6865952556210219,0.41055514980559876,MIN vs. GNB,GNB,45,1693.7589253699834,1.0,MIN,7,1348.106804352111,21.0,1,38,-12.5,1,-655.0,538.0,1,0
TAM,9.0,4.0,0.4444444444444444,10.777777777777779,97,10.777777777777779,97,-29.299999999999997,0.13536525112814216,-1.2444444444444425,0.43863697897652915,1.6879219545886213,2.480389363722697,-0.7924674091340759,3.496142307449891,17.333333333333332,156.0,31.0,25.88888888888889,233.0,41.0,NFC South,-3,-8.555555555555555,-77,0.48020833333333335,0.6067777777777777,4.906666666666667,4.21116630325631,1.0,0.5555555555555556,0.9222222222222223,69.11111111111111,1.7777777777777777,-2.0,0.354130754866049,0.623,8.931111111111111,4.514438031104698,1.6666666666666667,1.2222222222222223,0.7962962962962963,54.111111111111114,1.5555555555555556,0.354130754866049,0.5038576925501088,2011-11-20,2011,0.3374794827824208,0.39937934180361334,GNB,9.0,9.0,1.0,10.0,90,10.777777777777779,97,26.422222222222224,-0.1420261049926975,-26.244444444444444,0.2061256077788561,3.685960027626694,1.9639860139860141,1.7219740136406803,6.876315011764893,35.55555555555556,320.0,50.0,20.666666666666668,186.0,32.0,NFC North,9,14.88888888888889,134,0.2901785714285714,0.7291111111111112,10.668888888888889,3.9337749471354706,3.111111111111111,0.6666666666666666,1.0,35.55555555555556,1.0,11.0,0.4951566951566952,0.5741111111111111,5.755555555555556,4.281926659907025,1.7777777777777777,0.5555555555555556,0.8125,53.666666666666664,2.2222222222222223,0.4951566951566952,2.123684988235107,2011,0.6866472214959942,0.3710858185836465,TAM vs. GNB,GNB,35,1740.5747078962863,1.0,TAM,26,1443.7600763446098,18.0,1,9,-13.5,0,-720.0,583.0,0,0
GNB,11.0,11.0,1.0,10.0,110,10.727272727272727,118,23.981818181818184,-0.22989735141961232,-24.936363636363637,0.5663380765403494,3.579421840785477,1.9581373172282264,1.6212845235572508,8.346576073234017,34.72727272727273,382.0,60.0,20.636363636363637,227.0,39.0,NFC North,11,14.090909090909092,155,0.34658730158730156,0.7186363636363636,10.461818181818181,3.845903700708556,3.0,0.8181818181818182,0.8888888888888888,37.36363636363637,0.9090909090909091,15.0,0.47634032634032636,0.6013636363636364,5.707272727272727,4.642139128668518,1.7272727272727273,0.6363636363636364,0.75,56.36363636363637,2.272727272727273,0.47634032634032636,2.653423926765983,2011-12-04,2011,0.6770292856247594,0.38018762183657423,NYG,11.0,6.0,0.5454545454545454,11.363636363636363,125,11.636363636363637,128,-6.199999999999999,-0.9622706244448428,-20.472727272727273,0.6322610057778667,2.0985359337632064,2.1932733932733934,-0.09473745951018672,5.110694780010603,22.90909090909091,252.0,41.0,25.181818181818183,277.0,48.0,NFC East,-3,-2.272727272727273,-25,0.45059523809523816,0.6278181818181818,8.001818181818182,3.1135304276833256,1.8181818181818181,0.9090909090909091,0.7962962962962963,48.81818181818182,1.5454545454545454,5.0,0.3588018042563497,0.6145454545454545,6.031818181818181,4.7080620579060355,1.4545454545454546,1.1818181818181819,0.8666666666666666,60.54545454545455,2.0,0.3588018042563497,0.8893052199893967,2011,0.3545174647415021,0.3712263143178203,GNB vs. NYG,NYG,35,1488.4482415140092,14.0,GNB,38,1781.4289986357342,1.0,0,-3,7.0,1,260.0,-295.0,0,0
LVR,12.0,7.0,0.5833333333333334,11.75,141,11.5,138,-18.01666666666667,0.4834225654541886,-26.025000000000002,0.9848479439374941,1.991353553853554,2.331348743848744,-0.33999518999519,5.618513062840166,22.833333333333332,274.0,51.0,25.666666666666668,308.0,47.0,AFC West,-1,-2.8333333333333335,-34,0.5724845861209498,0.5903333333333333,6.4975,4.559223617582357,1.25,1.1666666666666667,0.9259259259259258,85.58333333333333,1.75,0.0,0.34326506826506825,0.5213333333333333,5.650833333333334,5.060648996065663,1.75,1.0,0.7833333333333333,59.916666666666664,1.75,0.34326506826506825,1.381486937159834,2011-12-11,2011,0.4033426913682929,0.3514069360184252,GNB,12.0,12.0,1.0,10.166666666666666,122,10.833333333333334,130,22.241666666666664,-0.2855083740977063,-22.8,0.596159815817973,3.545025576275576,2.038014763014763,1.5070108132608133,8.895148480932669,35.0,420.0,65.0,21.833333333333332,262.0,45.0,NFC North,12,13.166666666666666,158,0.3646661419388692,0.7084166666666666,10.290000000000001,3.7902926780304624,3.0833333333333335,0.75,0.85,36.75,0.9166666666666666,16.0,0.48525641025641025,0.5991666666666666,5.985833333333333,4.671960867946141,1.8333333333333333,0.6666666666666666,0.7727272727272727,56.25,2.25,0.48525641025641025,3.1048515190673314,2011,0.6706388994121425,0.40687071689617305,LVR vs. GNB,GNB,46,1797.0522340120112,1.0,LVR,16,1544.270617391534,8.0,1,30,-11.5,1,-684.0,558.0,0,0
GNB,13.0,13.0,1.0,10.153846153846153,132,11.0,143,19.56153846153846,-0.1411719134333829,-25.6,0.5471230381775535,3.6261774550236088,1.9759189528420298,1.650258502181579,9.81948949414232,35.84615384615385,466.0,73.0,21.384615384615383,278.0,47.0,NFC North,13,14.461538461538462,188,0.38288840788840783,0.6947692307692308,10.099230769230768,3.934629138694786,3.0,0.8461538461538461,0.8636363636363636,36.61538461538461,0.9230769230769231,20.0,0.4689080150618612,0.596,5.668461538461538,4.622924090305722,1.7692307692307692,0.6923076923076923,0.7727272727272727,58.76923076923077,2.4615384615384617,0.4689080150618612,3.1805105058576792,2011-12-18,2011,0.6883317406338056,0.38379988906686974,KAN,13.0,5.0,0.38461538461538464,11.153846153846153,145,11.538461538461538,150,-29.892307692307693,-0.08246164105434209,-12.123076923076924,0.030749946730522455,1.2402571787187173,2.0641990488144333,-0.8239418700957162,4.753403723253466,13.307692307692308,173.0,33.0,23.46153846153846,305.0,53.0,AFC West,-1,-10.153846153846153,-132,0.4828914141414142,0.5993846153846154,4.5200000000000005,3.9933394110738267,0.9230769230769231,0.23076923076923078,0.8181818181818182,56.69230769230769,1.9230769230769231,-3.0,0.3611081226465842,0.5695384615384615,6.93076923076923,4.106550998858691,1.6153846153846154,1.0,0.890909090909091,50.46153846153846,1.6923076923076923,0.3611081226465842,0.2465962767465344,2011,0.23190327699344065,0.33285620649618786,GNB vs. KAN,KAN,19,1435.9206061371196,21.0,GNB,14,1815.9735963086764,1.0,1,5,11.0,1,483.0,-579.0,0,0
NYG,1.0,10.0,10.0,11.411764705882353,194,11.647058823529411,198,-6.488235294117645,-0.4732365688689258,-17.400000000000002,0.2856130525673332,2.217145354645355,2.057857828446064,0.15928752619929096,8.948213148097546,24.58823529411765,418.0,69.0,23.647058823529413,402.0,68.0,NFC East,3,0.9411764705882353,16,0.5079212454212454,0.6122941176470588,8.07,3.602564483259243,1.8823529411764706,1.0,0.7777777777777778,51.05882352941177,1.411764705882353,7.0,0.3782315723492194,0.6197058823529412,6.198823529411764,4.361414104695502,1.6470588235294117,0.8823529411764706,0.7222222222222222,55.76470588235294,1.8235294117647058,0.3782315723492194,1.0517868519024542,2012-01-15,2011,0.7297592411405637,0.36121972691599435,GNB,16.0,15.0,0.9375,10.25,164,10.875,174,19.34375,-0.07273928170055996,-21.8375,0.5033788005492599,3.487439817127317,2.0887674825174827,1.3986723346098346,11.471404805953469,35.0,560.0,87.0,22.4375,359.0,61.0,NFC North,2,12.5625,201,0.40972952972952975,0.6841875,10.2175,4.003061770427609,3.1875,0.75,0.7692307692307693,36.9375,0.875,24.0,0.4737456987456987,0.6111875,6.135,4.579179852677429,1.8125,0.625,0.7619047619047619,59.25,2.375,0.4737456987456987,3.528595194046531,2011,0.6474800998026099,0.40597855849024367,NYG vs. GNB,GNB,20,1776.4925466936772,1.0,NYG,37,1612.4839317661788,4.0,0,-17,-8.5,0,-402.0,347.0,0,1
HOU,1.0,1.0,1.0,10.0,10,11.0,11,-22.0,-0.0026303204208515396,-21.0,-0.07580105212816868,3.4,0.6363636363636364,2.7636363636363637,0.9769251642665212,34.0,34.0,5.0,7.0,7.0,1.0,AFC South,1,27.0,27,0.5,0.708,6.13,4.073170731707317,1.0,2.0,1.0,30.0,3.0,-1.0,0.45454545454545453,0.516,6.19,4.0,1.0,0.0,0.0,60.0,2.0,0.45454545454545453,0.023074835733478793,2011-09-18,2011,0.5115374178667393,0.0020977123394071632,MIA,1.0,0.0,0.0,12.0,12,12.0,12,-8.599999999999994,0.8241989478718317,21.5,0.7423807660536497,2.0,3.1666666666666665,-1.1666666666666665,0.25178937074277885,24.0,24.0,4.0,38.0,38.0,6.0,AFC East,-1,-14.0,-14,0.5,0.612,7.86,4.9,2.0,1.0,1.0,60.0,1.0,0.0,0.14285714285714285,0.667,11.48,4.818181818181818,4.0,1.0,0.5,50.0,1.0,0.14285714285714285,-0.25178937074277885,2011,0.24940354308574036,-0.12589468537138937,HOU vs. MIA,MIA,13,1450.0,17.0,HOU,23,1550.0,1.0,0,-10,3.0,0,137.0,-151.0,0,0
HOU,2.0,2.0,1.0,10.5,21,11.0,22,-3.3999999999999986,-0.12254901960784337,-33.55,0.6563418050146885,2.745454545454545,0.9090909090909092,1.8363636363636364,1.7714128146802541,28.5,57.0,10.0,10.0,20.0,4.0,AFC South,2,18.5,37,0.0,0.716,7.324999999999999,3.953252032520325,1.5,1.0,1.0,53.0,1.5,1.0,0.3939393939393939,0.458,5.23,4.732142857142858,1.0,0.0,0.25,40.0,2.0,0.3939393939393939,0.22858718531974587,2011-09-25,2011,0.5306159965047014,0.1116897441199769,NOR,2.0,1.0,0.5,10.5,21,11.0,22,14.0,-0.11274686493605057,-3.9500000000000064,0.33160635527923876,3.138888888888889,2.8333333333333335,0.30555555555555536,1.2562364743008843,32.0,64.0,11.0,27.5,55.0,8.0,NFC South,1,4.5,9,1.0,0.6779999999999999,9.035,3.9630541871921183,3.0,0.0,1.0,28.0,1.0,-1.0,0.5567226890756303,0.5964999999999999,7.375,4.407407407407407,2.0,1.0,1.0,47.5,0.5,0.5567226890756303,-0.25623647430088425,2011,0.4566999710164351,0.13522973194529378,HOU vs. NOR,NOR,40,1514.0064999802885,8.0,HOU,33,1585.9935000197115,1.0,1,7,-3.5,1,-174.0,157.0,0,0
PIT,3.0,2.0,0.6666666666666666,11.0,33,10.666666666666666,32,-13.833333333333336,-0.7222296235567401,-16.8,0.0867102716734774,1.7653457653457654,1.578282828282828,0.187062937062937,1.6031005172102457,18.0,54.0,9.0,18.333333333333332,55.0,9.0,AFC North,2,-0.3333333333333333,-1,0.0,0.6516666666666667,7.323333333333333,3.353571428571428,1.0,0.6666666666666666,0.625,46.333333333333336,3.3333333333333335,-9.0,0.4666666666666666,0.5753333333333334,5.890000000000001,4.162511323801646,1.0,0.6666666666666666,1.0,54.0,0.3333333333333333,0.4666666666666666,0.3968994827897543,2011-10-02,2011,0.30880904388997765,0.22470932651153946,HOU,3.0,2.0,0.6666666666666666,10.666666666666666,32,11.0,33,-1.2999999999999972,0.01303363621871497,-23.0,0.5941123677852514,2.83030303030303,1.8181818181818181,1.012121212121212,2.1593666441035744,30.0,90.0,17.0,20.0,60.0,10.0,AFC South,-1,10.0,30,0.25,0.6653333333333333,8.123333333333333,4.088834688346884,2.0,0.6666666666666666,1.0,54.0,1.3333333333333333,2.0,0.4054834054834055,0.5403333333333333,5.94,4.66991341991342,1.6666666666666667,0.6666666666666666,0.5,35.333333333333336,2.0,0.4054834054834055,-0.15936664410357437,2011,0.503028823439992,0.18592256120165915,PIT vs. HOU,HOU,17,1525.7794834620518,4.0,PIT,10,1535.9935000197115,4.0,1,7,-4.0,1,-200.0,180.0,0,0
LVR,4.0,2.0,0.5,11.0,44,10.75,43,-11.575,1.5434208139686971,-12.899999999999999,1.5028848453077286,2.5357905982905984,2.727195027195027,-0.19140442890442888,1.9675130589372551,27.75,111.0,20.0,28.25,113.0,18.0,AFC West,-1,-0.5,-2,0.8888888888888888,0.649,6.9,5.619221866096866,1.0,2.25,0.8888888888888888,89.0,1.25,1.0,0.4097985347985348,0.5695,6.9399999999999995,5.578685897435897,2.0,1.25,0.7916666666666666,55.75,1.5,0.4097985347985348,0.032486941062744856,2011-10-09,2011,0.4582371523934937,0.31735328452982214,HOU,4.0,3.0,0.75,10.0,40,10.5,42,-0.7499999999999964,0.27653924984627987,-27.900000000000002,0.7675431037159872,2.6539772727272726,1.6414141414141414,1.0125631313131314,2.937977424708429,26.75,107.0,20.0,17.5,70.0,12.0,AFC South,1,9.25,37,0.38888888888888884,0.6657500000000001,7.9725,4.352340301974449,1.75,0.75,1.0,56.5,1.0,3.0,0.4291125541125541,0.5385,5.5625,4.8433441558441555,1.25,0.75,0.5,37.75,1.75,0.4291125541125541,0.06202257529157107,2011,0.5077528219114464,0.2187158982351122,LVR vs. HOU,HOU,20,1577.2489752869162,3.0,LVR,25,1511.991893872262,14.0,0,-5,-4.5,0,-220.0,197.0,0,0
HOU,6.0,3.0,0.5,10.833333333333334,65,11.166666666666666,67,-8.516666666666664,-0.08757418414520297,-28.05,0.4929940416669251,2.2248737373737373,1.8312890812890812,0.3935846560846561,3.459872049233258,23.5,141.0,25.0,20.666666666666668,124.0,25.0,AFC South,-2,2.8333333333333335,17,0.4833333333333333,0.617,7.46,3.988226867982966,1.6666666666666667,0.5,0.9333333333333333,48.5,1.0,4.0,0.41524170274170275,0.5315,5.791666666666667,4.568795093795093,1.1666666666666667,0.8333333333333334,0.6666666666666666,44.166666666666664,1.6666666666666667,0.41524170274170275,-0.4598720492332582,2011-10-23,2011,0.3551364071004322,0.28234626559494663,TEN,5.0,3.0,0.6,10.2,51,10.2,51,-4.2,-1.0677358539580228,-19.24,-0.33323528139131453,2.0464646464646465,1.9171717171717173,0.12929292929292924,2.8888020742729945,21.0,105.0,18.0,18.8,94.0,18.0,AFC South,-1,2.2,11,0.6666666666666666,0.6300000000000001,8.0,3.008065198170146,1.8,0.4,0.76,65.0,1.2,2.0,0.42174688057041,0.6324,5.46,3.7425657707368543,1.8,0.2,1.0,37.8,1.6,0.42174688057041,0.11119792572700549,2011,0.36079044181602393,0.29020220652190626,HOU vs. TEN,TEN,7,1542.909163064969,8.0,HOU,41,1476.186813233423,14.0,0,-34,-3.0,0,-138.0,125.0,1,0
JAX,7.0,2.0,0.2857142857142857,11.0,77,11.571428571428571,81,-38.24285714285714,0.014246408936635455,-18.857142857142858,-0.2772714045371223,1.0886113886113886,1.7192807192807193,-0.6306693306693306,2.356112347644669,12.0,84.0,20.0,19.857142857142858,139.0,24.0,AFC South,1,-7.857142857142857,-55,0.5944444444444444,0.5068571428571429,3.815714285714286,4.090047461064804,0.5714285714285714,0.2857142857142857,1.0,41.57142857142857,1.4285714285714286,-2.0,0.28537414965986396,0.6101428571428571,5.671428571428572,3.7985296475910464,1.4285714285714286,0.5714285714285714,0.5857142857142856,60.285714285714285,1.1428571428571428,0.28537414965986396,-0.35611234764466904,2011-10-30,2011,0.24652644350112543,0.23889471544361185,HOU,7.0,4.0,0.5714285714285714,10.714285714285714,75,11.0,77,-0.4857142857142845,0.017451156902823253,-32.75714285714286,0.34507093302953074,2.492748917748918,1.6696763553906409,0.8230725623582765,4.444942323543724,26.0,182.0,31.0,18.714285714285715,131.0,26.0,AFC South,1,7.285714285714286,51,0.5027777777777778,0.6407142857142857,8.481428571428571,4.093252209030992,1.7142857142857142,0.7142857142857143,0.9444444444444445,51.285714285714285,0.8571428571428571,6.0,0.43284453641596493,0.5247142857142857,5.08,4.420871985157699,1.1428571428571428,0.7142857142857143,0.6666666666666666,48.714285714285715,1.7142857142857142,0.43284453641596493,-0.4449423235437244,2011,0.38706054851456106,0.2679619658401914,JAX vs. HOU,HOU,24,1535.6726041131142,7.0,JAX,14,1428.0369367477635,20.0,1,10,-10.0,0,-440.0,377.0,1,0
HOU,9.0,6.0,0.6666666666666666,10.777777777777779,97,10.88888888888889,98,-6.833333333333332,0.2772839993403806,-36.522222222222226,-0.031207497534614062,2.5143032893032893,1.5764149430816097,0.9378883462216794,6.124623761478135,26.22222222222222,236.0,41.0,17.444444444444443,157.0,31.0,AFC South,3,8.777777777777779,79,0.4663690476190476,0.6252222222222222,7.776666666666666,4.3530850514685495,1.4444444444444444,1.1111111111111112,0.8958333333333334,48.22222222222222,1.0,7.0,0.4734449102096161,0.5135555555555555,4.54111111111111,4.044593554593555,1.1111111111111112,0.6666666666666666,0.7142857142857143,46.111111111111114,1.7777777777777777,0.4734449102096161,-0.12462376147813536,2011-11-13,2011,0.4168275209385985,0.276798938088637,TAM,8.0,4.0,0.5,10.5,84,10.625,85,-24.0125,0.03676103903518102,-8.2625,0.4773735510464346,1.8123737373737374,2.4050213675213676,-0.5926476301476302,3.4622619809244006,18.375,147.0,29.0,24.5,196.0,35.0,NFC South,-2,-6.125,-49,0.45357142857142857,0.629,5.4275,4.112562091163349,1.0,0.625,0.9125,71.625,1.5,2.0,0.36955094537815125,0.60925,7.75625,4.553174603174603,1.625,1.0,0.8333333333333334,54.125,1.75,0.36955094537815125,0.5377380190755994,2011,0.368444051418441,0.38797180980536167,HOU vs. TAM,TAM,9,1475.5726906998664,14.0,HOU,37,1608.0145622072216,6.0,0,-28,3.5,0,165.0,-183.0,0,0
HOU,10.0,7.0,0.7,10.9,109,11.1,111,-0.659999999999998,0.2624300396480711,-40.03,0.06433314700603047,2.5712062937062936,1.488004218004218,1.0832020757020757,7.090743434952644,27.3,273.0,47.0,16.6,166.0,33.0,AFC South,4,10.7,107,0.47010582010582014,0.6359999999999999,8.831999999999999,4.3382310917762394,1.5,1.3,0.8518518518518519,48.8,0.9,11.0,0.45610041918865446,0.5051,4.161,4.1401341991341996,1.1,0.6,0.75,46.4,2.0,0.45610041918865446,-0.09074343495264436,2011-11-27,2011,0.4272798702359869,0.26486978977167813,JAX,10.0,3.0,0.3,10.7,107,11.2,112,-40.06,-0.16045159725496733,-20.72,-0.12304147893865984,1.1760972360972362,1.6153846153846154,-0.4392873792873792,3.8685483790246664,12.5,125.0,27.0,18.0,180.0,31.0,AFC South,-1,-5.5,-55,0.49682539682539684,0.5065000000000001,3.6149999999999998,3.9153494548732013,0.6,0.5,0.9444444444444444,46.6,1.3,1.0,0.3221428571428572,0.6202,5.5120000000000005,3.952759573189509,1.2,0.7,0.5599999999999999,59.2,1.4,0.3221428571428572,-0.8685483790246664,2011,0.23041980725825606,0.2250669645091387,HOU vs. JAX,JAX,13,1428.0369367477635,20.0,HOU,20,1535.6726041131142,7.0,0,-7,6.0,0,235.0,-265.0,1,0
HOU,14.0,10.0,0.7142857142857143,11.071428571428571,155,11.071428571428571,155,-6.935714285714284,0.28460579929019403,-36.22857142857143,0.06922340802161751,2.2754648129648127,1.5462141033569605,0.7292507096078525,9.27449340663342,24.5,343.0,61.0,16.857142857142858,236.0,46.0,AFC South,-1,7.642857142857143,107,0.46602628141089675,0.6219285714285714,7.948571428571428,4.360406851418363,1.3571428571428572,1.1428571428571428,0.8076923076923077,50.92857142857143,1.2857142857142858,7.0,0.42707569624586433,0.5093571428571428,4.545714285714285,4.145024460149786,1.0714285714285714,0.5714285714285714,0.7878787878787878,43.142857142857146,1.7857142857142858,0.42707569624586433,0.7255065933665801,2011-12-22,2011,0.4139428120715951,0.2909554393063883,IND,14.0,1.0,0.07142857142857142,10.857142857142858,152,10.857142857142858,152,-29.042857142857144,0.2503011683478953,1.9000000000000017,-0.07718547278476987,1.4067848817848818,2.675220414506129,-1.268435532721247,3.4647320343136876,15.071428571428571,211.0,37.0,28.214285714285715,395.0,64.0,AFC South,1,-13.142857142857142,-184,0.47849970542278236,0.5604285714285714,5.071428571428571,4.326102220476064,0.8571428571428571,0.5714285714285714,0.8333333333333334,33.857142857142854,1.7857142857142858,-10.0,0.32130555602194255,0.7125714285714285,7.882857142857143,3.9986155793433986,1.7142857142857142,1.2857142857142858,0.8525641025641026,50.714285714285715,1.0714285714285714,0.32130555602194255,-2.4647320343136876,2011,0.20056621932819246,0.31685016438154323,HOU vs. IND,IND,19,1500.0,1.0,HOU,16,1500.0,1.0,1,3,7.0,1,264.0,-300.0,1,0
TEN,15.0,8.0,0.5333333333333333,10.8,162,10.933333333333334,164,-18.18,-0.42505106930452025,-14.733333333333333,0.3353696630721659,1.8764864764864764,1.8955923705923707,-0.019105894105894108,7.964833950979827,20.133333333333333,302.0,54.0,19.666666666666668,295.0,52.0,AFC South,1,0.4666666666666667,7,0.4697691197691198,0.5966666666666666,6.383333333333334,3.6507499828236485,1.3333333333333333,0.5333333333333333,0.8964285714285715,60.86666666666667,1.4,1.0,0.3465615103850398,0.6260666666666667,6.266,4.411170715200334,1.3333333333333333,0.5333333333333333,0.9642857142857143,50.46666666666667,1.4666666666666666,0.3465615103850398,0.03516604902017306,2012-01-01,2011,0.33411480108933717,0.2966783067272557,HOU,15.0,10.0,0.6666666666666666,11.066666666666666,166,11.133333333333333,167,-6.753333333333332,0.3616539446795075,-35.16,-0.009194889321701568,2.2207368557368556,1.5486887186887186,0.672048137048137,9.674056686043228,23.933333333333334,359.0,65.0,17.0,255.0,51.0,AFC South,-2,6.933333333333334,104,0.4378407306978736,0.6346666666666666,7.8853333333333335,4.437454996807676,1.2666666666666666,1.1333333333333333,0.8214285714285714,53.13333333333333,1.2666666666666666,7.0,0.40527064982947336,0.5128,4.641333333333334,4.066606162806467,1.0666666666666667,0.5333333333333333,0.7888888888888889,42.6,1.7333333333333334,0.40527064982947336,0.32594331395677223,2011,0.400074825464735,0.29166591178115586,TEN vs. HOU,HOU,22,1476.186813233423,14.0,TEN,23,1542.909163064969,8.0,0,-1,1.0,0,120.0,-133.0,1,0
PIT,2.0,1.0,0.5,11.0,22,10.5,21,-18.000000000000004,-0.24187248069959733,-2.5,-0.14155787594950886,1.6025641025641024,1.4583333333333333,0.14423076923076916,1.0210404807738822,15.5,31.0,5.0,17.5,35.0,6.0,AFC North,1,-2.0,-4,0.0,0.6395,6.715,3.8339285714285714,1.0,1.0,0.5,50.5,3.5,-7.0,0.43333333333333335,0.6379999999999999,7.035,3.9342431761786596,1.5,0.5,1.0,70.5,0.0,0.43333333333333335,-0.02104048077388221,2011-09-25,2011,0.22488176354842246,0.1398513598894454,IND,2.0,0.0,0.0,11.0,22,10.5,21,-30.05,0.02035279402567758,-13.299999999999997,-0.4803921568627456,1.1818181818181819,2.9272727272727272,-1.7454545454545456,0.32612544232520135,13.0,26.0,6.0,30.5,61.0,10.0,AFC South,-2,-17.5,-35,0.0,0.508,5.08,4.096153846153847,1.0,0.0,0.5,40.5,2.0,0.0,0.1984126984126984,0.698,6.455,3.595408895265423,1.0,2.0,1.0,39.5,2.0,0.1984126984126984,-0.32612544232520135,2011,0.2282556215011089,0.16044632325590444,PIT vs. IND,IND,20,1400.0,26.0,PIT,23,1500.0,8.0,0,-3,10.5,1,487.0,-585.0,0,0
IND,3.0,0.0,0.0,11.0,33,10.666666666666666,32,-35.166666666666664,0.1946507183236017,-10.699999999999998,-0.881242740998839,1.3939393939393938,2.6484848484848484,-1.2545454545454546,0.7440654058888381,15.333333333333334,46.0,9.0,28.0,84.0,14.0,AFC South,-3,-12.666666666666666,-38,0.25,0.48866666666666664,4.586666666666667,4.27045177045177,0.6666666666666666,0.3333333333333333,0.6666666666666666,34.0,1.6666666666666667,2.0,0.2781084656084656,0.6906666666666667,7.1499999999999995,3.1945583111293296,1.0,1.3333333333333333,0.9166666666666666,39.0,2.3333333333333335,0.2781084656084656,-0.7440654058888381,2011-10-03,2011,0.2050849631010147,0.18315712830787778,TAM,3.0,2.0,0.6666666666666666,9.666666666666666,29,10.0,30,-25.833333333333332,-0.0022143074887924405,-9.0,-0.3303465066736231,2.087542087542088,1.9922558922558924,0.09528619528619513,1.5563009385951616,20.0,60.0,11.0,20.0,60.0,12.0,NFC South,2,0.0,0,0.25,0.676,4.836666666666667,4.073586744639376,0.6666666666666666,1.0,1.0,52.666666666666664,1.6666666666666667,0.0,0.45634920634920634,0.6266666666666666,7.503333333333333,3.7454545454545456,1.3333333333333333,0.6666666666666666,1.0,61.0,1.6666666666666667,0.45634920634920634,0.4436990614048384,2011,0.4354102261546347,0.32582654152064516,IND vs. TAM,TAM,24,1552.0146061080266,4.0,IND,17,1364.0064999802885,28.0,1,7,-10.0,0,-500.0,423.0,0,0
KAN,4.0,1.0,0.25,11.0,44,11.25,45,-24.225,0.395565942945723,-7.825000000000001,-0.055929257256373766,1.2756410256410255,2.673382173382173,-1.3977411477411477,1.0693901327634083,12.25,49.0,11.0,31.5,126.0,22.0,AFC West,1,-19.25,-77,0.5,0.648,4.380000000000001,4.4713669950738915,1.0,0.0,0.5,48.75,2.5,-5.0,0.30731351981351984,0.6214999999999999,7.15,4.019871794871795,2.5,1.25,1.0,37.5,1.25,0.30731351981351984,-0.06939013276340833,2011-10-09,2011,0.24566311670228697,0.3581856504400278,IND,4.0,0.0,0.0,11.0,44,10.5,42,-27.375,-0.011851113178229733,-9.7,-0.3465489854478382,1.4318181818181817,2.5863636363636364,-1.1545454545454545,1.0504084611976094,15.75,63.0,12.0,27.0,108.0,18.0,AFC South,-4,-11.25,-45,0.38888888888888884,0.47475,5.9075,4.063949938949939,1.0,0.25,0.625,38.0,1.5,1.0,0.2855044261294261,0.6782499999999999,7.2475,3.7292520666803304,1.0,1.5,0.8125,55.75,1.75,0.2855044261294261,-1.0504084611976094,2011,0.2011085140092539,0.20888480772882756,KAN vs. IND,IND,24,1338.6986741952758,29.0,KAN,28,1425.8959741949436,22.0,0,-4,-1.0,0,-115.0,104.0,0,0
IND,6.0,0.0,0.0,10.833333333333334,65,10.333333333333334,62,-19.3,-0.20386019105687278,1.5833333333333357,-0.2333794706061373,1.612121212121212,2.640909090909091,-1.0287878787878788,1.71048838202687,17.333333333333332,104.0,19.0,27.166666666666668,163.0,26.0,AFC South,-6,-9.833333333333334,-59,0.4033333333333333,0.5218333333333334,6.6499999999999995,3.871940861071296,1.1666666666666667,0.5,0.6666666666666666,33.833333333333336,1.5,-2.0,0.34311406186406185,0.703,8.161666666666667,3.842421581522031,1.5,1.1666666666666667,0.7833333333333333,62.166666666666664,1.1666666666666667,0.34311406186406185,-1.71048838202687,2011-10-23,2011,0.20897620702946018,0.22991210233145531,NOR,6.0,4.0,0.6666666666666666,10.666666666666666,64,10.5,63,-4.0,0.05496363619230064,-12.966666666666669,1.146881987417616,2.8476560476560473,2.55239898989899,0.29525705775705763,3.6577973493171276,29.5,177.0,32.0,25.166666666666668,151.0,27.0,NFC South,-1,4.333333333333333,26,0.6366666666666667,0.6868333333333333,7.453333333333333,4.130764688320469,2.1666666666666665,0.8333333333333334,0.9333333333333332,44.5,1.8333333333333333,-7.0,0.5585631688572865,0.5358333333333333,7.198333333333333,5.222683039545784,2.0,0.6666666666666666,0.95,49.166666666666664,0.6666666666666666,0.5585631688572865,0.34220265068287237,2011,0.5285168875569061,0.38158590362020517,IND vs. NOR,NOR,62,1566.7459753712633,6.0,IND,7,1281.5987924046492,24.0,1,55,-13.5,1,-1000.0,760.0,0,0
IND,7.0,0.0,0.0,10.714285714285714,75,10.285714285714286,72,-24.114285714285717,0.20573831947331472,7.714285714285716,0.10492120571778298,1.481818181818182,3.1493506493506493,-1.6675324675324674,1.7161436220228539,15.857142857142858,111.0,20.0,32.142857142857146,225.0,35.0,AFC South,-7,-16.285714285714285,-114,0.4472222222222222,0.5251428571428571,6.0371428571428565,4.281539371601483,1.0,0.5714285714285714,0.6666666666666666,36.0,1.7142857142857142,-5.0,0.34604581926010497,0.729142857142857,8.714285714285714,4.180722257845952,2.0,1.2857142857142858,0.8194444444444443,54.714285714285715,1.0,0.34604581926010497,-1.7161436220228539,2011-10-30,2011,0.20128976678008176,0.2974900262484129,TEN,6.0,3.0,0.5,10.166666666666666,61,10.166666666666666,61,-13.666666666666666,-0.9801911647641584,-8.083333333333334,-0.16976220062759864,1.8220538720538721,2.280976430976431,-0.4589225589225589,2.903731799962528,18.666666666666668,112.0,19.0,22.5,135.0,24.0,AFC South,-2,-3.8333333333333335,-23,0.6333333333333333,0.6056666666666667,6.801666666666667,3.0956098873640108,1.6666666666666667,0.3333333333333333,0.76,66.83333333333333,1.3333333333333333,0.0,0.3847890671420083,0.6575,6.984999999999999,3.90603885150057,1.8333333333333333,0.5,1.0,42.833333333333336,1.3333333333333333,0.3847890671420083,0.09626820003747216,2011,0.31647293934620757,0.3341815213139326,IND vs. TEN,TEN,27,1483.423372185278,13.0,IND,10,1265.3718589288735,24.0,1,17,-9.0,1,-389.0,337.0,1,0
JAX,8.0,2.0,0.25,11.125,89,11.75,94,-42.8375,-0.07700952369646508,-18.2875,-0.2520876104860031,1.0983682983682983,1.73513986013986,-0.6367715617715617,2.574101773377203,12.25,98.0,22.0,20.375,163.0,28.0,AFC South,-1,-8.125,-65,0.591156462585034,0.482625,3.4175,3.9987915284317035,0.625,0.375,1.0,41.25,1.5,-2.0,0.2943452380952381,0.6005,5.8875,3.8237134416421656,1.375,0.75,0.575,60.25,1.25,0.2943452380952381,-0.5741017733772029,2011-11-13,2011,0.22945191149677183,0.23926216801255096,IND,9.0,0.0,0.0,11.0,99,10.777777777777779,97,-30.400000000000002,0.3686522401512106,7.88888888888889,-0.03830774606510095,1.3087024087024086,2.9644522144522143,-1.6557498057498057,1.831452272273043,14.222222222222221,128.0,22.0,31.444444444444443,283.0,44.0,AFC South,-9,-17.22222222222222,-155,0.4693452380952381,0.5246666666666667,5.233333333333333,4.44445329227938,0.7777777777777778,0.5555555555555556,0.7142857142857143,38.888888888888886,1.7777777777777777,-8.0,0.3401084663339565,0.7093333333333333,8.883333333333333,4.037493306063068,2.0,1.2222222222222223,0.8645833333333333,48.111111111111114,0.8888888888888888,0.3401084663339565,-1.831452272273043,2011,0.17700117846239397,0.3109004582130425,JAX vs. IND,IND,3,1230.881751233811,28.0,JAX,17,1393.0497097845305,20.0,0,-14,3.0,0,132.0,-146.0,1,0
IND,11.0,0.0,0.0,11.0,121,10.818181818181818,119,-33.190909090909095,0.30760539649567126,3.4090909090909105,0.06231906493261812,1.2525746980292434,2.7890972663699936,-1.5365225683407502,2.1506298381885993,13.636363636363637,150.0,27.0,29.727272727272727,327.0,52.0,AFC South,-11,-16.09090909090909,-177,0.4204761904761905,0.539,4.864545454545454,4.38340644862384,0.7272727272727273,0.5454545454545454,0.7777777777777778,36.81818181818182,1.9090909090909092,-11.0,0.3126139977075806,0.7083636363636363,8.229090909090909,4.138120117060787,1.7272727272727273,1.3636363636363635,0.8083333333333333,52.72727272727273,0.9090909090909091,0.3126139977075806,-2.1506298381885993,2011-12-04,2011,0.1795138950930938,0.3118160797663811,NWE,11.0,8.0,0.7272727272727273,10.545454545454545,116,10.818181818181818,119,4.745454545454544,-0.00922419464222024,-17.39090909090909,0.2296349152713758,2.9025285320739864,1.9043696202787113,0.9981589117952754,7.4310500304426625,30.09090909090909,331.0,56.0,20.272727272727273,223.0,39.0,AFC East,3,9.818181818181818,108,0.656468253968254,0.6558181818181819,8.692727272727273,4.066576857485948,2.5454545454545454,0.8181818181818182,0.8333333333333333,53.72727272727273,1.3636363636363635,6.0,0.44900755809846715,0.624,6.614545454545455,4.305435967399545,1.4545454545454546,0.7272727272727273,0.8611111111111112,62.0,1.9090909090909092,0.44900755809846715,0.5689499695573375,2011,0.5077282118301026,0.31488850176679617,IND vs. NWE,NWE,31,1669.713394811461,3.0,IND,24,1167.1611561354775,32.0,1,7,-20.5,0,-2400.0,1300.0,0,0
TEN,13.0,7.0,0.5384615384615384,10.461538461538462,136,10.615384615384615,138,-17.046153846153846,-0.3306037035259833,-13.007692307692308,0.2397708461475891,1.9463122347737731,1.9207384495846034,0.025573785189169786,7.142712962915278,20.46153846153846,266.0,46.0,19.307692307692307,251.0,45.0,AFC South,-1,1.1538461538461537,15,0.5242544492544493,0.590076923076923,6.496153846153846,3.7451973486021854,1.3846153846153846,0.5384615384615384,0.8791666666666668,64.84615384615384,1.1538461538461537,5.0,0.351801742751969,0.6341538461538462,6.508461538461538,4.315571898275758,1.4615384615384615,0.38461538461538464,0.9583333333333334,54.15384615384615,1.5384615384615385,0.351801742751969,-0.14271296291527769,2011-12-18,2011,0.33452217404179707,0.29742358788674056,IND,13.0,0.0,0.0,10.76923076923077,140,10.615384615384615,138,-30.946153846153848,0.11927735725329389,4.069230769230771,-0.03680613672191734,1.341922180383719,2.809578028808798,-1.4676558484250792,2.615037992589566,14.153846153846153,184.0,33.0,29.384615384615383,382.0,61.0,AFC South,-13,-15.23076923076923,-198,0.47350288600288604,0.5537692307692308,5.0,4.195078409381463,0.8461538461538461,0.5384615384615384,0.8181818181818182,34.53846153846154,1.8461538461538463,-12.0,0.3267905987928612,0.7151538461538463,8.143076923076922,4.038994915406251,1.7692307692307692,1.3846153846153846,0.8402777777777778,49.23076923076923,0.9230769230769231,0.3267905987928612,-2.615037992589566,2011,0.18829876167282655,0.31910963347382193,TEN vs. IND,IND,27,1265.3718589288735,24.0,TEN,13,1483.423372185278,13.0,1,14,6.5,1,252.0,-285.0,1,0
IND,15.0,2.0,0.13333333333333333,10.933333333333334,164,10.866666666666667,163,-28.453333333333333,0.15981102031615768,1.4933333333333347,0.02398209074287454,1.4185547785547785,2.593842083842084,-1.1752873052873054,4.06516875490388,15.333333333333334,230.0,42.0,27.4,411.0,68.0,AFC South,2,-12.066666666666666,-181,0.49534156319870604,0.5604666666666667,5.132000000000001,4.235612072444327,0.8666666666666667,0.5333333333333333,0.8307692307692308,33.93333333333333,1.7333333333333334,-10.0,0.3273361660126366,0.7192666666666666,7.824,4.099783142871043,1.6,1.2666666666666666,0.8630952380952381,52.93333333333333,1.0666666666666667,0.3273361660126366,-2.0651687549038797,2012-01-01,2011,0.2208385822333484,0.33192986693927856,JAX,15.0,4.0,0.26666666666666666,11.333333333333334,170,11.733333333333333,176,-39.12,0.013926536543377744,-15.879999999999999,-0.23131964144615574,1.3082894882894884,1.8369230769230769,-0.5286335886335886,5.547336793938339,14.933333333333334,224.0,39.0,21.066666666666666,316.0,54.0,AFC South,-2,-6.133333333333334,-92,0.4988416345559203,0.5174666666666667,3.679333333333333,4.089727588671546,0.7333333333333333,0.6,0.9242424242424242,44.666666666666664,1.4666666666666666,3.0,0.3305465051517683,0.6341333333333333,6.093333333333334,3.844481410682013,1.3333333333333333,0.9333333333333333,0.6857142857142857,57.0,1.6666666666666667,0.3305465051517683,-1.5473367939383387,2011,0.20574661373976658,0.254713565578534,IND vs. JAX,JAX,19,1393.0497097845305,20.0,IND,13,1230.881751233811,28.0,1,6,-3.0,1,-166.0,150.0,1,0
JAX,1.0,1.0,1.0,10.0,10,11.0,11,-11.099999999999994,-0.60771594574519,-8.599999999999994,-0.7681087444358612,1.6,1.2727272727272727,0.3272727272727274,0.5784635778521735,16.0,16.0,4.0,14.0,14.0,2.0,AFC South,1,2.0,2,0.5,0.708,6.67,3.4680851063829787,0.0,1.0,1.0,39.0,1.0,0.0,0.5,0.618,7.18,3.3076923076923075,2.0,0.0,0.0,60.0,1.0,0.5,0.4215364221478265,2011-09-18,2011,0.5686145688591306,0.07664298584505937,NYJ,1.0,1.0,1.0,12.0,12,13.0,13,-13.200000000000003,-1.2633010521281687,0.0,-1.614262590589707,2.25,1.8461538461538463,0.40384615384615374,0.5693367916529696,27.0,27.0,4.0,24.0,24.0,4.0,AFC East,1,3.0,3,0.5,0.591,7.05,2.8125,2.0,0.0,1.0,0.0,2.0,1.0,0.42857142857142855,0.639,8.92,2.4615384615384617,2.0,1.0,1.0,40.0,3.0,0.42857142857142855,0.4306632083470304,2011,0.47688773611567675,0.1325117564144709,JAX vs. NYJ,NYJ,32,1550.0,1.0,JAX,3,1550.0,1.0,1,29,-9.0,1,-380.0,330.0,0,0
NOR,3.0,2.0,0.6666666666666666,10.666666666666666,32,11.0,33,8.699999999999998,0.08138658781809201,-1.666666666666669,0.3158038861434364,3.3047138047138045,2.8888888888888893,0.41582491582491565,1.868282644877564,34.666666666666664,104.0,17.0,29.333333333333332,88.0,15.0,NFC South,2,5.333333333333333,16,1.0,0.6869999999999999,8.476666666666667,4.157187639946261,3.0,0.6666666666666666,1.0,27.333333333333332,1.3333333333333333,-2.0,0.5762766645119587,0.5856666666666667,8.156666666666666,4.391604938271605,2.3333333333333335,0.6666666666666666,1.0,50.333333333333336,0.6666666666666666,0.5762766645119587,0.131717355122436,2011-10-02,2011,0.5545749483029314,0.32298747804885397,JAX,3.0,1.0,0.3333333333333333,10.333333333333334,31,11.666666666666666,35,-41.833333333333336,-0.28215467316681275,-15.799999999999997,-0.6473440924212088,0.9575757575757576,1.7296037296037294,-0.772027972027972,0.8292539139280148,9.666666666666666,29.0,7.0,20.666666666666668,62.0,11.0,AFC South,-2,-11.0,-33,0.5,0.5730000000000001,2.686666666666667,3.793646378961356,0.3333333333333333,0.3333333333333333,1.0,49.666666666666664,2.0,-3.0,0.32142857142857145,0.6183333333333333,5.973333333333334,3.42845695970696,1.6666666666666667,0.3333333333333333,0.6666666666666666,63.0,1.0,0.32142857142857145,0.17074608607198516,2011,0.23865830755380532,0.22741149473135083,NOR vs. JAX,JAX,10,1437.8712080630237,19.0,NOR,23,1574.2205165379482,4.0,0,-13,9.0,0,326.0,-375.0,0,0
JAX,5.0,1.0,0.2,11.0,55,11.6,58,-37.67999999999999,0.13502729812446185,-16.8,-0.4807762121673703,1.064055944055944,1.9593006993006992,-0.8952447552447552,1.2279019537024758,11.8,59.0,13.0,23.0,115.0,20.0,AFC South,-4,-11.2,-56,0.5416666666666666,0.5272,3.874,4.210828350252631,0.6,0.4,1.0,35.8,1.8,-3.0,0.3211904761904762,0.6392,5.7,3.5950248399607987,1.6,0.6,0.72,54.4,1.2,0.3211904761904762,-0.2279019537024758,2011-10-16,2011,0.22559008946133752,0.2601446928481051,PIT,5.0,3.0,0.6,10.2,51,9.8,49,-12.84,0.25192622059910397,-15.88,0.18361050405758092,2.125874125874126,1.7497474747474748,0.3761266511266511,2.6950997993597534,20.4,102.0,17.0,17.8,89.0,15.0,AFC North,1,2.6,13,0.35416666666666663,0.6404,7.062,4.327727272727272,1.6,0.6,0.6875,47.0,2.4,-10.0,0.48,0.5970000000000001,5.9159999999999995,4.259411556185749,1.0,0.8,1.0,59.2,0.4,0.48,0.3049002006402466,2011,0.35366001337601644,0.26356531840654573,JAX vs. PIT,PIT,17,1551.867252514783,8.0,JAX,13,1371.4562319634788,20.0,1,4,-12.5,0,-606.0,502.0,0,0
LAC,11.0,4.0,0.36363636363636365,10.545454545454545,116,10.181818181818182,112,-20.718181818181815,-0.018360211568313023,-9.1,0.30580201962441855,2.1821925549198276,2.574989909080818,-0.3927973541609905,5.00985250101705,22.636363636363637,249.0,47.0,25.0,275.0,46.0,AFC West,-6,-2.3636363636363638,-26,0.4916666666666667,0.6123636363636363,6.240909090909091,4.057440840559855,1.4545454545454546,0.8181818181818182,0.8296296296296296,48.63636363636363,2.1818181818181817,-10.0,0.48163411900042913,0.6117272727272728,7.2681818181818185,4.381603071752587,1.8181818181818181,0.6363636363636364,0.9545454545454546,57.45454545454545,1.2727272727272727,0.48163411900042913,-1.0098525010170496,2011-12-05,2011,0.3679756523920052,0.33567109168280496,JAX,11.0,3.0,0.2727272727272727,11.0,121,11.545454545454545,127,-41.054545454545455,-0.118665184061622,-20.063636363636363,-0.224318742190492,1.1535948899585264,1.5897435897435896,-0.4361486997850634,4.133389699364116,12.545454545454545,138.0,29.0,18.181818181818183,200.0,35.0,AFC South,-2,-5.636363636363637,-62,0.5171428571428571,0.505909090909091,3.5254545454545454,3.9571358680665467,0.5454545454545454,0.45454545454545453,0.9166666666666666,45.09090909090909,1.2727272727272727,1.0,0.31678058783321944,0.6222727272727272,5.488181818181818,3.8514823099376767,1.1818181818181819,0.7272727272727273,0.6,61.09090909090909,1.3636363636363635,0.31678058783321944,-1.1333896993641162,2011,0.21497498025427547,0.222141274532753,LAC vs. JAX,JAX,14,1347.7921781192051,27.0,LAC,38,1368.0047488252378,19.0,0,-24,3.0,0,146.0,-162.0,0,0
TAM,12.0,4.0,0.3333333333333333,10.833333333333334,130,10.75,129,-26.599999999999998,0.2341477493881385,-3.299999999999999,0.4689805953708701,1.747811447811448,2.6512464387464387,-0.9034349909349911,4.31723564781827,18.166666666666668,218.0,43.0,27.416666666666668,329.0,56.0,NFC South,-6,-9.25,-111,0.5103994490358127,0.6113333333333333,5.270833333333333,4.309948801516307,1.0833333333333333,0.5,0.9416666666666668,65.0,2.0,-5.0,0.35219480274627335,0.6194166666666666,8.550833333333333,4.544781647499039,1.6666666666666667,1.4166666666666667,0.7430555555555555,49.5,1.5833333333333333,0.35219480274627335,-0.3172356478182703,2011-12-11,2011,0.32202491483577844,0.3864565915517938,JAX,12.0,3.0,0.25,10.916666666666666,131,11.416666666666666,137,-39.300000000000004,-0.1016523128521138,-14.549999999999999,-0.09976278083914458,1.1741286491286491,1.7739316239316238,-0.5998029748029747,4.21915182372701,12.666666666666666,152.0,31.0,19.833333333333332,238.0,41.0,AFC South,-3,-7.166666666666667,-86,0.5031877213695396,0.51175,3.6658333333333335,3.974148739276055,0.6666666666666666,0.4166666666666667,0.9166666666666666,43.5,1.25,0.0,0.3372572055137845,0.6359166666666666,6.084166666666667,3.976038271289024,1.3333333333333333,0.8333333333333334,0.6333333333333333,60.583333333333336,1.25,0.3372572055137845,-1.2191518237270103,2011,0.21259942332344953,0.24392626230364514,TAM vs. JAX,JAX,41,1300.6977236689477,29.0,TAM,14,1326.989922738083,23.0,1,27,3.0,1,132.0,-146.0,0,0
JAX,14.0,4.0,0.2857142857142857,11.142857142857142,156,11.714285714285714,164,-38.51428571428572,0.017784629611753516,-15.242857142857142,-0.14242811211172626,1.3150040435754722,1.8312271062271062,-0.516223062651634,5.21915182372701,14.785714285714286,207.0,36.0,20.928571428571427,293.0,49.0,AFC South,-1,-6.142857142857143,-86,0.4987525295217603,0.5187142857142858,3.700714285714286,4.093585681739922,0.7857142857142857,0.5,0.9166666666666666,45.857142857142854,1.5,1.0,0.3343156999641962,0.6365714285714285,6.042857142857143,3.9333729400164428,1.3571428571428572,0.9285714285714286,0.6615384615384615,61.07142857142857,1.5714285714285714,0.3343156999641962,-1.2191518237270103,2011-12-24,2011,0.2106733215869174,0.2514205403472894,TEN,14.0,7.0,0.5,10.714285714285714,150,10.714285714285714,150,-17.707142857142856,-0.3499974991028311,-12.385714285714284,0.36218797946402653,1.8736164629021772,1.9442571317571318,-0.07064066885495458,7.293018921191156,19.928571428571427,279.0,49.0,19.857142857142858,278.0,49.0,AFC South,-2,0.07142857142857142,1,0.4839271839271839,0.5964285714285714,6.353571428571429,3.7258035530253375,1.3571428571428572,0.5,0.8884615384615385,65.21428571428571,1.2857142857142858,3.0,0.3534587611268284,0.6350714285714286,6.472142857142857,4.4379890315921955,1.4285714285714286,0.42857142857142855,0.9615384615384616,52.07142857142857,1.5,0.3534587611268284,-0.29301892119115625,2011,0.3198295585055397,0.29649622517220636,JAX vs. TEN,TEN,23,1500.0,1.0,JAX,17,1500.0,1.0,1,6,-8.5,0,-385.0,334.0,1,0
KAN,2.0,0.0,0.0,13.0,26,13.5,27,-49.45,1.5276472237339003,10.399999999999999,-0.5027241290512454,0.3846153846153846,3.291208791208791,-2.9065934065934065,0.016328114382122505,5.0,10.0,2.0,44.5,89.0,15.0,AFC West,-2,-39.5,-79,1.0,0.6315,0.6950000000000001,5.603448275862069,0.5,0.0,0.25,36.5,4.5,-7.0,0.2062937062937063,0.627,9.004999999999999,3.5730769230769233,4.0,1.5,1.0,32.5,1.0,0.2062937062937063,-0.016328114382122505,2011-09-25,2011,0.07629507252376452,0.2732421904494104,LAC,2.0,1.0,0.5,9.5,19,9.0,18,-9.200000000000003,-0.6082084595355761,-8.849999999999998,0.8618912555641387,2.3666666666666667,2.888888888888889,-0.5222222222222221,0.9232418157617888,22.5,45.0,7.0,26.0,52.0,8.0,AFC West,-1,-3.5,-7,1.0,0.7064999999999999,6.94,3.4675925925925926,2.0,1.0,1.0,35.0,3.0,-5.0,0.6474358974358975,0.621,5.975,4.937692307692307,2.0,0.5,1.0,79.0,0.5,0.6474358974358975,0.07675818423821124,2011,0.38256071814914416,0.23927959649738026,KAN vs. LAC,LAC,20,1500.0,8.0,KAN,17,1414.0064999802885,26.0,1,3,-14.0,0,-1035.0,780.0,1,0
MIN,3.0,0.0,0.0,10.0,30,10.666666666666666,32,-28.833333333333332,1.754491843382118,-6.966666666666664,-0.9322013120372006,2.009259259259259,2.3555555555555556,-0.34629629629629616,1.1278324776943656,20.0,60.0,11.0,24.666666666666668,74.0,14.0,NFC North,-3,-4.666666666666667,-14,0.5,0.5593333333333333,4.36,5.830292895510286,0.6666666666666666,1.0,1.0,74.0,0.6666666666666666,1.0,0.367965367965368,0.698,6.886666666666667,3.143599740090968,1.6666666666666667,1.0,1.0,48.0,1.0,0.367965367965368,-1.1278324776943656,2011-10-02,2011,0.2288204749484664,0.127191097002905,KAN,3.0,0.0,0.0,11.666666666666666,35,12.0,36,-32.56666666666666,0.6598311317798773,-6.033333333333334,-0.39374977007688655,0.886039886039886,2.9348799348799353,-2.0488400488400487,0.4212087109961477,9.0,27.0,5.0,36.333333333333336,109.0,19.0,AFC West,-3,-27.333333333333332,-82,0.75,0.657,2.77,4.735632183908046,1.0,0.0,0.3333333333333333,46.0,3.3333333333333335,-6.0,0.27641802641802643,0.6286666666666667,7.476666666666667,3.682051282051282,2.6666666666666665,1.6666666666666667,1.0,35.0,1.3333333333333333,0.27641802641802643,-0.4212087109961477,2011,0.12279958519065963,0.27775031936178884,MIN vs. KAN,KAN,22,1376.135291917265,28.0,MIN,17,1374.472329358533,28.0,1,5,3.0,1,136.0,-150.0,0,0
KAN,5.0,2.0,0.4,10.8,54,11.0,55,-12.019999999999998,0.5223451755098921,-3.1000000000000014,-0.28212583845295497,1.5805128205128205,2.6187057387057386,-1.0381929181929181,1.6597219142029398,15.4,77.0,15.0,30.0,150.0,26.0,AFC West,2,-14.6,-73,0.375,0.6632,5.724,4.598146227638061,1.6,0.0,0.5,46.8,2.0,-5.0,0.36013653013653013,0.6083999999999999,8.068000000000001,3.7936752136752134,2.4,1.2,1.0,38.0,1.0,0.36013653013653013,0.3402780857970602,2011-10-23,2011,0.29668211587761445,0.4103535644753584,LVR,6.0,4.0,0.6666666666666666,11.166666666666666,67,11.5,69,-13.416666666666666,1.0116347373909538,-17.666666666666668,0.6258625620354454,2.4325905575905575,2.297927997927998,0.1346625596625597,3.2903849069748508,26.666666666666668,160.0,29.0,25.0,150.0,25.0,AFC West,2,1.6666666666666667,10,0.7833333333333333,0.6083333333333333,6.826666666666667,5.087435789519122,1.1666666666666667,1.6666666666666667,0.9333333333333332,80.0,1.1666666666666667,2.0,0.38986568986568987,0.5359999999999999,6.68,4.701663614163614,2.0,0.8333333333333334,0.8055555555555555,51.166666666666664,1.5,0.38986568986568987,0.7096150930251492,2011,0.48402695944708785,0.3447835201102143,KAN vs. LVR,LVR,0,1610.0085071401236,6.0,KAN,28,1463.604273100318,15.0,0,-28,-3.5,0,-180.0,162.0,1,0
LAC,6.0,4.0,0.6666666666666666,9.666666666666666,58,9.333333333333334,56,-19.416666666666668,-0.14101105171801329,-20.349999999999998,0.6604317146375573,2.4324074074074074,2.424074074074074,0.008333333333333378,3.243622370242461,23.5,141.0,26.0,22.666666666666668,136.0,23.0,AFC West,-1,0.8333333333333334,5,0.35,0.6405,6.3500000000000005,3.9347900004101555,1.1666666666666667,1.1666666666666667,1.0,47.5,2.0,-5.0,0.561050061050061,0.5995,5.125,4.736232766765726,1.6666666666666667,0.5,0.9166666666666666,62.833333333333336,1.1666666666666667,0.561050061050061,0.7563776297575391,2011-10-31,2011,0.5047868344071725,0.39403775441792677,KAN,6.0,3.0,0.5,10.833333333333334,65,11.333333333333334,68,-20.299999999999997,0.3500045649206427,-16.233333333333334,0.04238508272463282,1.7413364413364414,2.182254782254782,-0.44091834091834087,2.6593503156171487,17.5,105.0,17.0,25.0,150.0,26.0,AFC West,3,-7.5,-45,0.4333333333333333,0.636,5.165,4.425805617048812,1.3333333333333333,0.3333333333333333,0.5,55.333333333333336,2.0,-1.0,0.3778915528915529,0.5785,6.233333333333333,4.1181861348528015,2.0,1.0,1.0,51.666666666666664,1.8333333333333333,0.3778915528915529,0.34064968438285126,2011,0.2763872939346371,0.3403355191028287,LAC vs. KAN,KAN,23,1414.0064999802885,26.0,LAC,20,1500.0,8.0,1,3,3.0,1,143.0,-158.0,1,0
MIA,7.0,0.0,0.0,11.285714285714286,79,11.0,77,-33.17142857142857,0.2953093872747762,0.6428571428571429,-0.21701121674608428,1.38993228993229,2.208225108225108,-0.8182928182928182,1.9963894893404264,15.285714285714286,107.0,24.0,23.714285714285715,166.0,30.0,AFC East,-7,-8.428571428571429,-59,0.5722222222222223,0.5804285714285714,4.777142857142857,4.371110439402945,0.7142857142857143,0.5714285714285714,0.8928571428571429,39.142857142857146,1.7142857142857142,-8.0,0.2623757195185767,0.6121428571428572,8.394285714285713,3.858789835382084,2.0,0.42857142857142855,0.8333333333333333,59.42857142857143,0.5714285714285714,0.2623757195185767,-1.9963894893404264,2011-11-06,2011,0.217154886538571,0.22283546441518964,KAN,7.0,4.0,0.5714285714285714,11.285714285714286,79,11.571428571428571,81,-21.957142857142856,0.1373894767708125,-18.242857142857144,-0.006244682571799157,1.7272679701251128,2.090284318855747,-0.3630163487306345,3.2414103520535122,18.285714285714285,128.0,22.0,24.285714285714285,170.0,31.0,AFC West,4,-6.0,-42,0.47222222222222215,0.63,5.217142857142858,4.2131905288989815,1.2857142857142858,0.42857142857142855,0.6,55.0,2.2857142857142856,-1.0,0.3953356167641882,0.5864285714285715,6.231428571428571,4.069556369556369,1.7142857142857142,1.0,0.9666666666666667,59.285714285714285,2.142857142857143,0.3953356167641882,0.7585896479464878,2011,0.3086599859942544,0.3695172470658573,MIA vs. KAN,KAN,3,1583.37540008972,11.0,MIA,31,1259.756777804143,25.0,0,-28,-5.0,0,-230.0,205.0,0,0
KAN,9.0,4.0,0.4444444444444444,11.11111111111111,100,11.333333333333334,102,-23.711111111111112,0.20058025248389288,-8.622222222222224,0.07770912082644868,1.4777740777740778,2.1419383086049755,-0.6641642308308975,3.466730900898413,15.666666666666666,141.0,25.0,24.22222222222222,218.0,39.0,AFC West,-2,-8.555555555555555,-77,0.40104166666666663,0.6057777777777777,5.1755555555555555,4.276381304612062,1.1111111111111112,0.3333333333333333,0.7142857142857143,55.0,1.7777777777777777,-1.0,0.3721297221297222,0.5660000000000001,7.552222222222222,4.1535101729546176,1.7777777777777777,1.0,0.9125,58.77777777777778,1.6666666666666667,0.3721297221297222,0.5332690991015872,2011-11-21,2011,0.2648130305305996,0.3625245042101981,NWE,9.0,6.0,0.6666666666666666,10.666666666666666,96,10.88888888888889,98,1.2333333333333327,0.07505919873208224,-12.977777777777776,0.1948709883947798,2.7475348725348727,2.0922093338760006,0.655325538658872,5.6134966403368995,28.77777777777778,259.0,45.0,22.22222222222222,200.0,34.0,AFC East,1,6.555555555555555,59,0.7150297619047619,0.6613333333333333,8.192222222222222,4.1508602508602515,2.5555555555555554,0.6666666666666666,0.8518518518518519,61.22222222222222,1.5555555555555556,3.0,0.4539929206595874,0.6303333333333333,7.010000000000001,4.270672040522949,1.6666666666666667,0.7777777777777778,0.8214285714285714,65.33333333333333,1.8888888888888888,0.4539929206595874,0.38650335966310045,2011,0.4888803833157864,0.32328924515708096,KAN vs. NWE,NWE,34,1614.20693014679,6.0,KAN,3,1443.7483673461643,18.0,1,31,-17.0,1,-1700.0,1125.0,0,0
PIT,10.0,7.0,0.7,9.7,97,9.5,95,-9.320000000000002,0.11727454075720681,-18.38,-0.09283916367392031,2.3632148407148406,1.8774747474747475,0.48574009324009326,5.927176055628215,22.0,220.0,39.0,17.9,179.0,32.0,AFC North,1,4.1,41,0.4571428571428571,0.6288,7.534999999999999,4.193075592885376,1.6,0.7,0.7777777777777778,51.9,1.6,-10.0,0.49916666666666665,0.5758,5.725,3.9829618884542484,1.3,0.6,0.90625,48.4,0.6,0.49916666666666665,1.0728239443717849,2011-11-27,2011,0.44519601425824706,0.3392951223367338,KAN,10.0,4.0,0.4,11.0,110,11.2,112,-26.75,0.23590508498564972,-7.010000000000001,0.11092953210241552,1.35999666999667,2.2677444777444777,-0.9077478077478076,3.4698917040296595,14.4,144.0,26.0,25.2,252.0,44.0,AFC West,-3,-10.8,-108,0.4305555555555556,0.6101,4.858,4.311706137113818,1.0,0.3,0.75,52.9,1.9,-3.0,0.3777738927738928,0.5650000000000001,7.771000000000001,4.186730584230584,1.8,1.0,0.9222222222222223,54.9,1.6,0.3777738927738928,0.5301082959703405,2011,0.2488934688138444,0.37439711162740624,PIT vs. KAN,KAN,9,1416.4837539208777,16.0,PIT,13,1650.4158486881208,3.0,0,-4,10.5,1,423.0,-500.0,0,0
KAN,12.0,5.0,0.4166666666666667,11.166666666666666,134,11.333333333333334,136,-29.175,-0.0076198647346978525,-14.483333333333334,0.05748633949255625,1.267854367854368,2.015977540977541,-0.7481231731231731,4.710327344294731,13.583333333333334,163.0,31.0,22.333333333333332,268.0,48.0,AFC West,1,-8.75,-105,0.47376033057851236,0.6076666666666667,4.555833333333333,4.068181187393471,0.9166666666666666,0.25,0.8,50.75,2.0,-3.0,0.37731157731157733,0.5654166666666667,6.734166666666667,4.133287391620725,1.5833333333333333,0.8333333333333334,0.890909090909091,52.833333333333336,1.75,0.37731157731157733,0.2896726557052691,2011-12-11,2011,0.23692776885998962,0.33204919575603736,NYJ,12.0,7.0,0.5833333333333334,11.916666666666666,143,11.916666666666666,143,-19.275000000000002,-0.35726063880431536,-33.016666666666666,-0.14019584332336485,2.062243312243312,1.8341033966033968,0.22813991563991567,6.690961118228415,24.166666666666668,290.0,45.0,21.666666666666668,260.0,43.0,AFC East,2,2.5,30,0.5785484717302899,0.5711666666666667,6.010000000000001,3.718540413323853,1.5833333333333333,0.8333333333333334,0.7833333333333333,49.916666666666664,1.9166666666666667,0.0,0.3807095682095682,0.5355833333333333,4.911666666666666,3.935605208804804,0.9166666666666666,0.9166666666666666,0.9696969696969696,58.0,1.9166666666666667,0.3807095682095682,0.3090388817715848,2011,0.3227894811653388,0.28338500694415975,KAN vs. NYJ,NYJ,37,1561.2362138995031,8.0,KAN,10,1473.564822629231,18.0,1,27,-10.5,1,-550.0,461.0,0,0
LVR,14.0,7.0,0.5,11.857142857142858,166,11.428571428571429,160,-18.892857142857142,0.5488536742724726,-22.907142857142855,0.8809457064043043,1.9555008483579912,2.4935370185370185,-0.5380361701790273,6.172637550356342,22.642857142857142,317.0,57.0,27.285714285714285,382.0,59.0,AFC West,-3,-4.642857142857143,-65,0.6086703894396203,0.603,6.354285714285715,4.6246547264006415,1.2142857142857142,1.1428571428571428,0.9,85.85714285714286,1.9285714285714286,-4.0,0.3296362367790939,0.5246428571428571,6.026428571428572,4.956746758532473,1.9285714285714286,1.0,0.8030303030303029,59.0,1.6428571428571428,0.3296362367790939,0.8273624496436582,2011-12-24,2011,0.3636659464843754,0.36420285023614996,KAN,14.0,6.0,0.42857142857142855,10.928571428571429,153,11.357142857142858,159,-27.464285714285715,-0.11312141583800368,-12.87142857142857,0.14218678014537786,1.321310237381666,2.0278673707245134,-0.7065571333428476,5.42683697248188,13.714285714285714,192.0,38.0,22.785714285714285,319.0,55.0,AFC West,1,-9.071428571428571,-127,0.5226689976689977,0.6095714285714287,4.886428571428572,3.962679636290165,0.8571428571428571,0.2857142857142857,0.8333333333333334,56.57142857142857,1.7857142857142858,-3.0,0.3591242091242091,0.5635714285714286,6.911428571428572,4.217987832273546,1.5714285714285714,1.0,0.8166666666666668,49.5,1.5714285714285714,0.3591242091242091,0.5731630275181203,2011,0.2585341713565306,0.3353656633034576,LVR vs. KAN,KAN,13,1463.604273100318,15.0,LVR,16,1610.0085071401236,6.0,0,-3,-3.0,0,-145.0,131.0,1,0
LAC,1.0,1.0,1.0,10.0,10,9.0,9,-15.5,-1.2239492002763166,-52.1,2.0395835632564463,2.4,1.8888888888888888,0.5111111111111111,0.6936569446912285,24.0,24.0,4.0,17.0,17.0,2.0,AFC West,1,7.0,7,0.5,0.688,5.83,2.851851851851852,2.0,1.0,1.0,26.0,2.0,-1.0,0.46153846153846156,0.467,0.2,6.115384615384615,1.0,0.0,1.0,78.0,1.0,0.46153846153846156,0.3063430553087715,2011-09-18,2011,0.5225372221235086,0.06807623451306033,NWE,1.0,1.0,1.0,12.0,12,12.0,12,21.5,0.7423807660536497,-8.599999999999994,0.8241989478718317,3.1666666666666665,2.0,1.1666666666666665,0.748210629257221,38.0,38.0,6.0,24.0,24.0,4.0,AFC East,1,14.0,14,0.5,0.667,11.48,4.818181818181818,4.0,1.0,0.5,50.0,1.0,0.0,0.6153846153846154,0.612,7.86,4.9,2.0,1.0,1.0,60.0,1.0,0.6153846153846154,0.25178937074277896,2011,0.6258946853713895,0.08392979024759298,LAC vs. NWE,NWE,35,1550.0,1.0,LAC,21,1550.0,1.0,1,14,-6.5,1,-275.0,244.0,0,0
MIA,3.0,0.0,0.0,11.333333333333334,34,10.666666666666666,32,-22.566666666666663,0.5894871684232098,2.7333333333333343,0.03610750714881158,1.5454545454545456,2.382154882154882,-0.8367003367003365,0.921443299256864,17.666666666666668,53.0,11.0,26.0,78.0,14.0,AFC East,-3,-8.333333333333334,-25,0.75,0.5556666666666666,6.41,4.665288220551378,1.3333333333333333,0.3333333333333333,0.75,57.666666666666664,1.6666666666666667,-3.0,0.2612942612942613,0.626,8.42,4.11190855927698,2.6666666666666665,0.3333333333333333,0.8333333333333334,70.33333333333333,0.6666666666666666,0.2612942612942613,-0.921443299256864,2011-10-02,2011,0.22415807557033823,0.15728951885837403,LAC,3.0,2.0,0.6666666666666666,9.333333333333334,28,9.0,27,-19.1,-0.46407265706644035,-5.499999999999997,0.21599381966670292,2.3185185185185184,2.5555555555555554,-0.23703703703703694,1.5183612191477636,21.666666666666668,65.0,11.0,23.0,69.0,11.0,AFC West,1,-1.3333333333333333,-4,0.5,0.6816666666666666,6.1000000000000005,3.6117283950617285,1.3333333333333333,1.3333333333333333,1.0,36.666666666666664,2.6666666666666665,-6.0,0.6221001221001221,0.65,6.289999999999999,4.291794871794871,2.0,0.3333333333333333,0.8333333333333334,74.33333333333333,0.6666666666666666,0.6221001221001221,0.48163878085223644,2011,0.45592888796874526,0.33701267394289625,MIA vs. LAC,LAC,26,1537.8712080630237,4.0,MIA,16,1376.135291917265,28.0,1,10,-6.5,1,-305.0,269.0,0,0
LAC,5.0,4.0,0.8,9.8,49,9.2,46,-13.4,-0.12205305163598217,-21.4,0.5625169776681219,2.4522222222222223,2.368888888888889,0.0833333333333334,2.8882748626907326,24.0,120.0,24.0,21.8,109.0,18.0,AFC West,3,2.2,11,0.3125,0.6686,6.982000000000001,3.953748000492186,1.2,1.2,1.0,38.0,2.0,-5.0,0.5732600732600732,0.6104,5.114,4.638318029796291,1.4,0.6,0.9,63.4,1.0,0.5732600732600732,1.1117251373092674,2011-10-23,2011,0.5986996052874384,0.4000480542242036,NYJ,6.0,3.0,0.5,12.333333333333334,74,12.333333333333334,74,-18.05,-0.836641569369548,-38.550000000000004,0.22170623996245675,1.978663003663004,1.7564102564102564,0.22225274725274732,3.296723811473961,24.166666666666668,145.0,21.0,21.833333333333332,131.0,22.0,AFC East,1,2.3333333333333335,14,0.5833333333333333,0.5670000000000001,6.358333333333333,3.239159482758621,1.5,0.6666666666666666,1.0,54.666666666666664,1.8333333333333333,3.0,0.3410894660894661,0.5445,4.253333333333333,4.297507292090626,0.5,1.3333333333333333,0.9444444444444443,41.833333333333336,2.3333333333333335,0.3410894660894661,-0.296723811473961,2011,0.2697495494573126,0.23304521654858754,LAC vs. NYJ,NYJ,27,1486.2106282025316,14.0,LAC,21,1598.154771465258,3.0,1,6,1.0,1,-105.0,-105.0,0,0
LVR,8.0,4.0,0.5,11.625,93,11.5,92,-23.075000000000003,0.9381376133729966,-22.0,0.8542928123406959,2.055212148962149,2.43746114996115,-0.38224900099900094,3.5421742777176295,23.0,184.0,33.0,27.0,216.0,32.0,AFC West,-2,-4.0,-32,0.6574829931972789,0.57775,5.61375,5.013938665501165,1.25,1.25,0.9444444444444443,91.25,2.0,-5.0,0.37252747252747254,0.521375,6.175,4.930093864468865,1.75,1.125,0.7619047619047619,62.25,1.375,0.37252747252747254,0.4578257222823705,2011-11-10,2011,0.3751454957463955,0.32425329227314653,LAC,8.0,4.0,0.5,10.25,82,9.75,78,-20.224999999999998,-0.14653394864594887,-13.825,0.4974071767922797,2.44843142968143,2.7265376984126983,-0.27810626873126865,4.062703883789281,24.875,199.0,37.0,25.5,204.0,33.0,AFC West,-3,-0.625,-5,0.4642857142857143,0.63025,6.41,3.9292671034822195,1.375,1.125,0.9666666666666667,56.75,2.375,-8.0,0.5222485847485847,0.6248750000000001,6.035,4.573208228920448,1.875,0.5,0.9375,57.875,1.375,0.5222485847485847,-0.06270388378928082,2011,0.4476828602131046,0.36687623691498994,LVR vs. LAC,LAC,17,1461.028645700219,14.0,LVR,24,1471.8660910196836,14.0,0,-7,-7.5,0,-330.0,289.0,1,0
LAC,15.0,7.0,0.4666666666666667,10.133333333333333,152,9.733333333333333,146,-11.613333333333333,0.09649374862057644,-12.23333333333333,0.4107773255154404,2.485089355089355,2.505733340733341,-0.02064398564398567,7.81274456933377,24.533333333333335,368.0,66.0,23.4,351.0,56.0,AFC West,-1,1.1333333333333333,17,0.5012963227248941,0.6344,7.105333333333333,4.1722948007487455,1.6,1.0,0.8564102564102564,45.666666666666664,1.8,-7.0,0.48462692536221946,0.6134666666666667,6.819333333333333,4.4865783776436094,1.8,0.5333333333333333,0.8571428571428571,46.4,1.3333333333333333,0.48462692536221946,-0.8127445693337698,2012-01-01,2011,0.4106837098350751,0.3372083580444333,LVR,15.0,8.0,0.5333333333333333,11.8,177,11.4,171,-19.493333333333336,0.42987669251242977,-23.279999999999998,0.8504959225021393,1.922103822103822,2.406089096089096,-0.48398527398527397,6.793239810730476,22.2,333.0,61.0,26.333333333333332,395.0,62.0,AFC West,1,-4.133333333333334,-62,0.595806177949035,0.6038,6.358666666666666,4.5056777446405984,1.2,1.0666666666666667,0.8863636363636364,86.26666666666667,1.9333333333333333,-4.0,0.32584230584230583,0.5285333333333333,6.050666666666666,4.926296974630308,1.8666666666666667,0.9333333333333333,0.7777777777777777,60.93333333333333,1.6666666666666667,0.32584230584230583,1.2067601892695237,2011,0.3723587086800154,0.3675708115924797,LAC vs. LVR,LVR,26,1471.8660910196836,14.0,LAC,38,1461.028645700219,14.0,0,-12,-2.5,0,-130.0,118.0,1,0
LAR,1.0,0.0,0.0,10.0,10,9.0,9,-33.5,1.8472758709487547,-18.900000000000006,3.2991989478718313,1.3,3.4444444444444446,-2.144444444444445,0.1130839672786465,13.0,13.0,3.0,31.0,31.0,4.0,NFC West,-1,-18.0,-18,0.5,0.514,5.17,5.923076923076923,0.0,1.0,0.6666666666666666,60.0,1.0,0.0,0.16666666666666666,0.4379999999999999,6.47,7.375,2.0,1.0,1.0,91.0,1.0,0.16666666666666666,-0.1130839672786465,2011-09-19,2011,0.266074809816406,-0.0502595410127318,NYG,1.0,0.0,0.0,11.0,11,11.0,11,-32.8,-0.3258010521281687,4.799999999999997,-1.2296472059743224,1.2727272727272727,2.5454545454545454,-1.2727272727272727,0.16209001924460364,14.0,14.0,2.0,28.0,28.0,3.0,NFC East,-1,-14.0,-14,0.5,0.563,6.09,3.75,0.0,2.0,0.0,63.0,1.0,0.0,0.1,0.618,8.76,2.8461538461538463,2.0,1.0,0.0,25.0,1.0,0.1,-0.16209001924460364,2011,0.1523472692282539,-0.04420636888489193,LAR vs. NYG,NYG,28,1450.0,17.0,LAR,16,1450.0,17.0,1,12,-7.0,1,-310.0,273.0,0,0
WAS,3.0,2.0,0.6666666666666666,11.333333333333334,34,11.0,33,-15.166666666666671,-0.5041393804664969,-24.23333333333333,0.8434297171026008,1.9595959595959596,1.6060606060606062,0.3535353535353534,1.7961084117528314,22.0,66.0,12.0,17.666666666666668,53.0,11.0,NFC East,-1,4.333333333333333,13,0.75,0.598,6.6000000000000005,3.5716616716616723,1.6666666666666667,0.3333333333333333,0.5,25.0,1.6666666666666667,0.0,0.31209150326797386,0.5803333333333334,6.436666666666667,4.9192307692307695,0.6666666666666666,1.0,0.5,71.66666666666667,1.6666666666666667,0.31209150326797386,0.20389158824716858,2011-10-02,2011,0.37692842214672573,0.2448768431385743,LAR,3.0,0.0,0.0,11.666666666666666,35,10.666666666666666,32,-32.7,0.36954307742648745,-8.066666666666668,1.5802380841741257,1.0380341880341881,3.047138047138047,-2.0091038591038592,0.3418217373317154,12.0,36.0,8.0,32.0,96.0,13.0,NFC West,-3,-20.0,-60,0.25,0.49733333333333335,5.213333333333334,4.445344129554656,0.6666666666666666,0.3333333333333333,0.8333333333333333,79.66666666666667,1.6666666666666667,-2.0,0.2488328664799253,0.5446666666666666,7.456666666666666,5.656039136302295,2.3333333333333335,0.6666666666666666,0.8,59.333333333333336,1.0,0.2488328664799253,-0.3418217373317154,2011,0.2025278676318693,0.22454497306966353,WAS vs. LAR,LAR,10,1362.1287919369763,28.0,WAS,17,1537.8712080630237,4.0,0,-7,3.0,0,131.0,-145.0,0,0
NOR,7.0,5.0,0.7142857142857143,10.571428571428571,74,10.428571428571429,73,2.9285714285714284,0.35207244011644406,-18.685714285714287,1.363517329594305,3.326562326562327,2.287770562770563,1.0387917637917636,4.652142109321144,34.142857142857146,239.0,41.0,22.571428571428573,158.0,28.0,NFC South,1,11.571428571428571,81,0.5305555555555556,0.7152857142857142,8.107142857142858,4.427873492244613,2.5714285714285716,1.0,0.9428571428571428,39.57142857142857,1.5714285714285714,-4.0,0.5859112875919598,0.5371428571428571,6.507142857142858,5.439318381722473,1.7142857142857142,0.7142857142857143,0.95,49.142857142857146,1.0,0.5859112875919598,0.3478578906788563,2011-10-30,2011,0.5815872075633844,0.34782782962623865,LAR,6.0,0.0,0.0,11.333333333333334,68,10.666666666666666,64,-32.916666666666664,-0.03695251676260525,-8.783333333333333,1.4939326210198158,0.820027195027195,2.7263468013468013,-1.9063196063196066,0.5934727356333455,9.333333333333334,56.0,12.0,28.5,171.0,26.0,NFC West,-6,-19.166666666666668,-115,0.5133333333333333,0.5345,4.901666666666666,4.038848535365563,0.5,0.3333333333333333,0.7916666666666666,60.833333333333336,1.5,-2.0,0.28253609135962077,0.5591666666666667,7.336666666666666,5.569733673147984,2.1666666666666665,0.8333333333333334,0.9199999999999999,53.333333333333336,1.1666666666666667,0.28253609135962077,-0.5934727356333455,2011,0.15901550777548984,0.29835861685815884,NOR vs. LAR,LAR,31,1296.423436217558,24.0,NOR,21,1582.972908847039,2.0,1,10,13.5,1,704.0,-900.0,0,0
SEA,9.0,3.0,0.3333333333333333,11.555555555555555,104,11.0,99,-30.766666666666666,-0.36168553801265463,-14.477777777777776,-0.30896883882564885,1.3383967883967882,2.093981481481481,-0.7555846930846931,3.079208098947752,16.0,144.0,28.0,22.444444444444443,202.0,35.0,NFC West,1,-6.444444444444445,-58,0.47857142857142854,0.5844444444444444,4.861111111111111,3.714115514115514,0.7777777777777778,0.6666666666666666,0.8333333333333334,69.22222222222223,1.7777777777777777,-2.0,0.2999579124579125,0.6428888888888888,6.463333333333334,3.7668322133025196,1.3333333333333333,0.5555555555555556,0.7407407407407408,54.0,1.5555555555555556,0.2999579124579125,-0.07920809894775216,2011-11-20,2011,0.26686129618532367,0.31114221833538575,LAR,9.0,2.0,0.2222222222222222,11.444444444444445,103,10.666666666666666,96,-31.27777777777778,0.21067464835619568,-11.722222222222223,0.8726488476175464,1.0892773892773893,2.3677890011223344,-1.2785116118449453,2.1455915041573856,12.555555555555555,113.0,22.0,24.77777777777778,223.0,35.0,NFC West,1,-12.222222222222221,-110,0.47485119047619045,0.5541111111111111,4.874444444444444,4.286475700484364,0.5555555555555556,0.4444444444444444,0.8452380952380951,61.666666666666664,1.4444444444444444,-3.0,0.28392617730853026,0.5943333333333334,6.821111111111112,4.948449899745715,1.6666666666666667,0.6666666666666666,0.8,50.77777777777778,1.1111111111111112,0.28392617730853026,-0.14559150415738564,2011,0.21013698695635116,0.318176270086217,SEA vs. LAR,LAR,7,1385.8822251730728,28.0,SEA,24,1440.9305495657647,22.0,0,-17,-3.0,0,-158.0,143.0,1,0
LAR,11.0,2.0,0.18181818181818182,11.818181818181818,130,11.181818181818182,123,-31.263636363636362,0.011286261394040965,-19.8,0.9077853030925618,1.076541640178004,2.2569788797061525,-1.1804372395281486,2.614696403981688,12.727272727272727,140.0,26.0,24.545454545454547,270.0,43.0,NFC West,-2,-11.818181818181818,-130,0.44321428571428567,0.5470909090909091,4.841818181818182,4.087087313522209,0.6363636363636364,0.36363636363636365,0.8229166666666666,59.45454545454545,1.6363636363636365,-3.0,0.28358528726175786,0.5882727272727273,5.982727272727273,4.983586355220731,1.4545454545454546,0.8181818181818182,0.8400000000000001,53.36363636363637,1.3636363636363635,0.28358528726175786,-0.614696403981688,2011-12-04,2011,0.1888237017457875,0.29827646314027156,SFO,11.0,9.0,0.8181818181818182,11.0,121,11.545454545454545,127,-9.954545454545455,0.14557846531661972,-27.027272727272727,-0.31194753024684263,2.2412190082644625,1.3099804236167871,0.9312385846476755,7.525714561236758,23.818181818181817,262.0,50.0,14.636363636363637,161.0,33.0,NFC West,-1,9.181818181818182,101,0.5295238095238095,0.6367272727272728,6.752727272727273,4.221379517444788,1.1818181818181819,0.8181818181818182,0.893939393939394,63.72727272727273,0.9090909090909091,16.0,0.29384100747737113,0.5833636363636363,5.276363636363636,3.763853521881326,1.3636363636363635,0.0,0.8933333333333333,55.81818181818182,2.3636363636363638,0.29384100747737113,1.4742854387632418,2011,0.4686057640406928,0.27104611272669077,LAR vs. SFO,SFO,26,1699.889974227025,2.0,LAR,0,1303.4500463006225,30.0,1,26,-14.0,1,-800.0,638.0,1,0
LAR,12.0,2.0,0.16666666666666666,11.75,141,11.166666666666666,134,-32.61666666666667,-0.21698550748643305,-15.966666666666669,0.8454276166280891,0.9868298368298368,2.265867003367003,-1.2790371665371667,2.614696403981688,11.666666666666666,140.0,26.0,24.666666666666668,296.0,49.0,NFC West,-3,-13.0,-156,0.47730224321133413,0.5469166666666666,4.745,3.8588155446417356,0.5833333333333334,0.3333333333333333,0.8229166666666666,57.416666666666664,1.6666666666666667,-5.0,0.27918394922071393,0.5959166666666667,6.434166666666666,4.921228668756258,1.5,0.75,0.8545454545454546,54.916666666666664,1.25,0.27918394922071393,-0.614696403981688,2011-12-12,2011,0.1749514736976809,0.3164675847045381,SEA,12.0,5.0,0.4166666666666667,11.666666666666666,140,11.166666666666666,134,-26.525000000000002,-0.23714526347238005,-18.891666666666666,-0.28870258518711384,1.5422235172235172,1.9030618686868686,-0.36083835146335147,5.224296177468592,18.0,216.0,39.0,20.5,246.0,42.0,NFC West,1,-2.5,-30,0.428584546766365,0.595,5.296666666666667,3.838655788655789,0.9166666666666666,0.8333333333333334,0.8333333333333333,70.33333333333333,1.5833333333333333,4.0,0.3252543820558526,0.6345833333333334,5.8116666666666665,3.787098466941055,1.3333333333333333,0.5833333333333334,0.7166666666666667,56.583333333333336,1.9166666666666667,0.3252543820558526,-0.22429617746859165,2011,0.27336455302305057,0.28145495058850695,LAR vs. SEA,SEA,30,1440.9305495657647,22.0,LAR,13,1385.8822251730728,28.0,1,17,-9.0,1,-370.0,322.0,1,0
LAR,14.0,2.0,0.14285714285714285,11.714285714285714,164,11.071428571428571,155,-32.26428571428571,-0.22283396470867792,-17.150000000000002,0.6971481009234137,1.0076506826506828,2.2863275613275613,-1.2786768786768785,3.0006533346653823,11.857142857142858,166.0,32.0,24.714285714285715,346.0,58.0,NFC West,-5,-12.857142857142858,-180,0.4773425292656062,0.5479285714285714,4.824285714285715,3.852967087419491,0.5714285714285714,0.35714285714285715,0.825,59.142857142857146,1.5,-4.0,0.2655956613414597,0.5961428571428572,6.357857142857143,4.772949153051583,1.3571428571428572,0.8571428571428571,0.8576923076923078,58.642857142857146,1.2142857142857142,0.2655956613414597,-1.0006533346653823,2011-12-24,2011,0.18117556327992498,0.32071986478774556,PIT,14.0,10.0,0.7142857142857143,9.785714285714286,137,9.714285714285714,136,-9.221428571428573,0.17992491492809423,-25.314285714285713,-0.2326617353178384,2.1522963147963146,1.6150793650793651,0.5372169497169497,8.596376500748612,20.357142857142858,285.0,49.0,15.571428571428571,218.0,41.0,AFC North,-1,4.785714285714286,67,0.4810164194779579,0.6343571428571428,7.457142857142857,4.255725967056263,1.5,0.6428571428571429,0.7083333333333334,54.785714285714285,1.7857142857142858,-11.0,0.4489873222016079,0.5697857142857143,5.11,3.8431393168103303,1.0714285714285714,0.5,0.8541666666666666,51.142857142857146,1.0,0.4489873222016079,1.4036234992513883,2011,0.39352322808306467,0.3101620606456444,LAR vs. PIT,PIT,27,1657.077353948611,5.0,LAR,0,1246.2019885490763,30.0,1,27,-10.0,1,-485.0,412.0,0,0
SFO,15.0,12.0,0.8,11.066666666666666,166,11.4,171,-10.919999999999998,0.10683337644432132,-27.413333333333338,-0.45368088037570786,2.151612554112554,1.2016779516779517,0.9499346024346025,10.520742293004346,23.066666666666666,346.0,70.0,13.466666666666667,202.0,40.0,NFC West,2,9.6,144,0.5116395509252653,0.6192666666666666,6.8533333333333335,4.18263442857249,1.0666666666666667,0.8,0.8955555555555555,62.266666666666666,0.6666666666666666,26.0,0.2810942652119123,0.5837333333333333,5.307333333333333,3.622120171752461,1.2666666666666666,0.06666666666666667,0.8694444444444445,54.46666666666667,2.4,0.2810942652119123,1.4792577069956536,2012-01-01,2011,0.4632723050159421,0.2413919330525638,LAR,15.0,2.0,0.13333333333333333,11.6,174,11.0,165,-33.72666666666667,-0.17599473349960695,-17.38,0.7813324431009272,0.9404739704739705,2.3139057239057244,-1.3734317534317535,3.0006533346653823,11.066666666666666,166.0,32.0,24.866666666666667,373.0,63.0,NFC West,-6,-13.8,-207,0.4942670424813282,0.5364,4.691333333333334,3.8998063186285616,0.5333333333333333,0.3333333333333333,0.75,56.6,1.4,-3.0,0.2728892839186957,0.6018666666666667,6.428,4.857133495229096,1.2666666666666666,1.0,0.8678571428571429,58.06666666666667,1.2,0.2728892839186957,-1.0006533346653823,2011,0.17163949934509876,0.33089246057215393,SFO vs. LAR,LAR,27,1303.4500463006225,30.0,SFO,34,1699.889974227025,2.0,0,-7,12.5,1,577.0,-711.0,1,0
NYJ,2.0,2.0,1.0,12.5,25,12.0,24,-13.700000000000003,-1.0914260521281687,-42.85,-0.7709577472848639,2.355769230769231,1.0594405594405596,1.2963286713286715,1.5656893783503083,29.5,59.0,10.0,13.5,27.0,5.0,AFC East,2,16.0,32,1.0,0.6495,6.275,2.984375,2.0,0.5,1.0,30.0,2.0,3.0,0.3392857142857143,0.5395,2.6799999999999997,3.304843304843305,1.0,0.5,1.0,45.0,3.5,0.3392857142857143,0.4343106216496917,2011-09-25,2011,0.48686212432993836,0.14940735642184289,LVR,2.0,1.0,0.5,11.0,22,10.5,21,-3.1499999999999986,0.5434297171026001,-21.349999999999994,2.031570742743626,2.7083333333333335,2.809090909090909,-0.1007575757575756,1.03348762873771,29.0,58.0,10.0,29.0,58.0,9.0,AFC West,-1,0.0,0,1.0,0.644,7.525,4.619230769230769,1.5,2.0,1.0,108.0,1.5,1.0,0.5119047619047619,0.5655,5.65,6.107371794871795,2.0,1.0,0.5833333333333333,58.5,2.0,0.5119047619047619,-0.03348762873770994,2011,0.4469346298323386,0.2071097938419193,NYJ vs. LVR,LVR,34,1500.0,8.0,NYJ,24,1600.0,1.0,1,10,1.0,1,120.0,-133.0,0,0
NWE,3.0,2.0,0.6666666666666666,11.0,33,11.333333333333334,34,14.0,0.16820827188115542,-6.300000000000002,0.23531005898294252,3.2129629629629632,2.3162393162393164,0.8967236467236467,1.964112120003993,34.666666666666664,104.0,17.0,26.333333333333332,79.0,12.0,AFC East,-1,8.333333333333334,25,1.0,0.703,9.87,4.2440093240093235,3.6666666666666665,0.6666666666666666,0.8333333333333334,74.33333333333333,1.6666666666666667,2.0,0.5283605283605284,0.6706666666666666,7.963333333333334,4.311111111111111,2.0,1.0,1.0,60.333333333333336,2.3333333333333335,0.5283605283605284,0.035887879996006955,2011-10-02,2011,0.5213140804033547,0.23951622117600085,LVR,3.0,2.0,0.6666666666666666,11.666666666666666,35,11.333333333333334,34,-8.566666666666668,1.4411861273590105,-17.23333333333333,1.3291134777863611,2.6773504273504276,2.488111888111888,0.1892385392385393,1.7288874351994308,30.666666666666668,92.0,16.0,27.333333333333332,82.0,13.0,AFC West,1,3.3333333333333335,10,1.0,0.6516666666666667,6.8566666666666665,5.516987179487178,1.0,2.6666666666666665,0.8333333333333333,90.33333333333333,1.0,3.0,0.3412698412698412,0.5816666666666667,6.296666666666667,5.404914529914531,2.0,1.0,0.7222222222222222,59.333333333333336,2.0,0.3412698412698412,0.2711125648005692,2011,0.49845524796961055,0.28945552296477844,NWE vs. LVR,LVR,19,1564.0064999802885,4.0,NWE,31,1550.0,4.0,0,-12,6.0,0,231.0,-260.0,0,0
LVR,9.0,5.0,0.5555555555555556,11.555555555555555,104,11.555555555555555,104,-18.11111111111111,0.8986484933579619,-22.955555555555556,0.8620601607330443,2.0692794859461525,2.3240395407062078,-0.25476005476005475,4.235831222408859,23.11111111111111,208.0,37.0,25.88888888888889,233.0,35.0,AFC West,1,-2.7777777777777777,-25,0.637797619047619,0.5876666666666667,6.54,4.974449545486131,1.3333333333333333,1.2222222222222223,0.9523809523809523,86.11111111111111,2.0,-5.0,0.3755799755799756,0.5177777777777778,6.042222222222222,4.937861212861213,1.7777777777777777,1.0,0.7291666666666666,58.77777777777778,1.4444444444444444,0.3755799755799756,0.7641687775911414,2011-11-20,2011,0.3859767572338379,0.32771998634154914,MIN,9.0,2.0,0.2222222222222222,10.333333333333334,93,10.444444444444445,94,-26.211111111111116,1.0408698944413013,3.0222222222222226,-0.4046087900804076,1.9156565656565658,2.697815764482431,-0.7821591988258655,3.4394985724853773,19.88888888888889,179.0,32.0,27.11111111111111,244.0,44.0,NFC North,-1,-7.222222222222222,-65,0.4919642857142857,0.5489999999999999,5.552222222222222,5.11667094656947,0.7777777777777778,1.3333333333333333,0.7407407407407408,61.77777777777778,0.8888888888888888,4.0,0.39785353535353535,0.6756666666666666,8.162222222222223,3.671192262047761,2.0,0.6666666666666666,0.8888888888888888,43.22222222222222,1.3333333333333333,0.39785353535353535,-1.4394985724853773,2011,0.289051428531025,0.3412081120693184,LVR vs. MIN,MIN,21,1385.7048966047446,28.0,LVR,27,1520.306962902837,12.0,0,-6,-1.0,0,-127.0,115.0,0,0
LVR,11.0,7.0,0.6363636363636364,11.818181818181818,130,11.727272727272727,129,-17.39090909090909,0.5991961410785588,-26.954545454545453,1.0130887617616453,2.056683215774125,2.1998551953097407,-0.14317197953561586,5.5096986182034975,23.636363636363637,260.0,49.0,24.90909090909091,274.0,42.0,AFC West,3,-1.2727272727272727,-14,0.6024603174603175,0.5996363636363636,6.527272727272727,4.674997193206727,1.1818181818181819,1.2727272727272727,0.9259259259259258,85.0909090909091,1.8181818181818181,1.0,0.35794205794205797,0.5214545454545454,5.535454545454545,5.088889813889814,1.8181818181818181,0.9090909090909091,0.7592592592592592,58.18181818181818,1.9090909090909092,0.35794205794205797,1.4903013817965025,2011-12-04,2011,0.42798934804757244,0.3400934869876343,MIA,11.0,3.0,0.2727272727272727,10.909090909090908,120,10.909090909090908,120,-16.727272727272727,-0.03474612079618845,-13.781818181818183,-0.43131555537252386,1.8146217418944692,1.7446492901038355,0.06997245179063363,5.301768302043027,19.272727272727273,212.0,42.0,18.727272727272727,206.0,40.0,AFC East,-1,0.5454545454545454,6,0.553531746031746,0.6169090909090909,6.471818181818182,4.04105493133198,1.0909090909090908,0.7272727272727273,0.8716666666666667,43.90909090909091,1.3636363636363635,-5.0,0.3067932067932068,0.598,6.825454545454545,3.644485496755645,1.4545454545454546,0.2727272727272727,0.8575757575757575,57.54545454545455,0.9090909090909091,0.3067932067932068,-2.301768302043027,2011,0.2767619176622673,0.23327974842293858,LVR vs. MIA,MIA,34,1425.8383121574122,27.0,LVR,14,1619.581777932003,8.0,1,20,-3.5,1,-168.0,152.0,0,0
MIA,4.0,0.0,0.0,10.75,43,10.25,41,-28.35,0.24134693146718345,4.275000000000002,0.04384465304385232,1.6035353535353536,2.5088383838383836,-0.9053030303030303,1.161813033834609,17.25,69.0,15.0,26.0,104.0,20.0,AFC East,-4,-8.75,-35,0.7222222222222222,0.5835,5.525,4.317147983595352,1.0,0.5,0.8125,53.5,1.75,-5.0,0.27097069597069595,0.63875,8.855,4.1196457051720206,2.25,0.5,0.875,72.75,0.5,0.27097069597069595,-1.161813033834609,2011-10-17,2011,0.2475163051888422,0.22416914221529155,NYJ,5.0,2.0,0.4,12.4,62,12.2,61,-20.48,-0.9060510521281687,-34.28,0.1372076983805819,1.9743956043956046,2.0153846153846153,-0.040989010989010886,2.332795186510413,24.2,121.0,18.0,25.0,125.0,20.0,AFC East,-3,-0.8,-4,0.7291666666666666,0.5683999999999999,5.934,3.1697499999999996,1.6,0.6,1.0,55.8,2.0,1.0,0.3293073593073593,0.5591999999999999,4.516,4.213008750508751,0.6,1.6,0.9333333333333332,48.2,2.2,0.3293073593073593,-0.33279518651041284,2011,0.27099898917036314,0.24047244678620244,MIA vs. NYJ,NYJ,24,1450.5760506592212,15.0,MIA,6,1347.8636468371485,29.0,1,18,-7.0,1,-372.0,323.0,1,0
MIA,6.0,0.0,0.0,11.5,69,11.333333333333334,68,-30.616666666666664,0.0943406143547542,-0.2833333333333338,0.005830567411799326,1.3382543382543381,2.205892255892256,-0.8676379176379175,1.5915088927264012,15.0,90.0,21.0,24.333333333333332,146.0,26.0,AFC East,-6,-9.333333333333334,-56,0.5533333333333333,0.5786666666666667,5.148333333333333,4.170141666482923,0.8333333333333334,0.3333333333333333,0.875,40.666666666666664,1.8333333333333333,-7.0,0.242002442002442,0.5993333333333334,8.371666666666668,4.0816316195399684,2.0,0.5,0.8055555555555555,61.666666666666664,0.6666666666666666,0.242002442002442,-1.5915088927264012,2011-10-30,2011,0.22361911413706662,0.21720776663998423,NYG,6.0,4.0,0.6666666666666666,11.5,69,11.833333333333334,71,-1.4500000000000004,-0.7977096114051491,-22.150000000000002,0.4226235210103632,2.3290193602693603,2.071037296037296,0.2579820642320643,3.2029254234746825,25.666666666666668,154.0,23.0,24.5,147.0,25.0,NFC East,1,1.1666666666666667,7,0.37666666666666665,0.6396666666666667,8.713333333333333,3.2780914407230193,1.8333333333333333,1.3333333333333333,0.6666666666666666,54.166666666666664,1.5,4.0,0.30823620823620823,0.6141666666666666,5.873333333333334,4.498424573138532,1.1666666666666667,1.1666666666666667,0.8333333333333334,64.33333333333333,2.1666666666666665,0.30823620823620823,0.7970745765253175,2011,0.3776152542514065,0.340203907073082,MIA vs. NYG,NYG,20,1572.5326796308211,6.0,MIA,17,1275.0407345748783,24.0,1,3,-9.5,0,-500.0,423.0,0,0
WAS,8.0,3.0,0.375,11.25,90,10.875,87,-33.4375,-0.489187665514782,-12.837499999999999,0.38437777558645636,1.4242424242424243,1.8462121212121212,-0.42196969696969694,3.2883411815751145,15.875,127.0,24.0,19.75,158.0,34.0,NFC East,-4,-3.875,-31,0.48435374149659866,0.576125,4.64375,3.586613386613387,1.0,0.5,0.6875,45.75,2.375,-8.0,0.33191526610644256,0.62975,7.063750000000001,4.460178827714625,1.0,0.75,0.8214285714285714,66.875,1.375,0.33191526610644256,-0.28834118157511446,2011-11-13,2011,0.25705529394749616,0.32786839055523864,MIA,8.0,1.0,0.125,11.125,89,10.875,87,-23.0875,0.3062122490160747,-3.3000000000000007,-0.27288935793355074,1.6036907536907536,1.9696969696969697,-0.36600621600621597,2.9924581598906705,17.25,138.0,29.0,21.125,169.0,31.0,AFC East,1,-3.875,-31,0.572108843537415,0.6002500000000001,5.8325,4.3820133011442435,1.0,0.625,0.90625,40.375,1.5,-8.0,0.2670787545787546,0.59975,8.0725,3.802911694194618,1.75,0.375,0.8541666666666666,60.75,0.5,0.2670787545787546,-1.9924581598906705,2011,0.2446892041617564,0.22303706471751325,WAS vs. MIA,MIA,20,1346.3202216790512,26.0,WAS,9,1374.0389524473271,20.0,1,11,-4.0,1,-213.0,191.0,0,0
PHI,12.0,4.0,0.3333333333333333,10.75,129,10.75,129,-27.14166666666667,1.5459779541140897,-7.683333333333334,0.4769424964875908,2.184701872201872,2.226432595182595,-0.041730722980722966,5.889519462355494,22.583333333333332,271.0,46.0,23.5,282.0,45.0,NFC East,-2,-0.9166666666666666,-11,0.5198543880362062,0.5999166666666667,5.354166666666667,5.621779006242259,1.25,1.0833333333333333,0.9181818181818181,50.0,2.4166666666666665,-13.0,0.4133583600495365,0.6104166666666667,7.616666666666667,4.5527435486157595,1.8333333333333333,0.9166666666666666,0.7222222222222222,43.416666666666664,1.3333333333333333,0.4133583600495365,-1.8895194623554943,2011-12-11,2011,0.3004406361315551,0.2648395505129217,MIA,12.0,4.0,0.3333333333333333,10.75,129,10.916666666666666,131,-16.650000000000002,0.02433263492614653,-14.708333333333334,-0.46121315629263715,1.9782180782180783,1.7053224553224553,0.2728956228956229,6.192953857406358,20.5,246.0,47.0,18.333333333333332,220.0,42.0,AFC East,1,2.1666666666666665,26,0.5610619178800996,0.6088333333333333,6.509166666666666,4.100133687054315,1.0833333333333333,0.8333333333333334,0.8833333333333333,46.833333333333336,1.25,-4.0,0.32884615384615384,0.5888333333333333,6.770833333333333,3.6145878958355318,1.5,0.25,0.8575757575757575,60.333333333333336,0.9166666666666666,0.32884615384615384,-2.1929538574063576,2011,0.29775915290820487,0.23530275953494464,PHI vs. MIA,MIA,10,1501.1494726978813,23.0,PHI,26,1395.172031749437,23.0,0,-16,-3.0,0,-130.0,118.0,0,0
MIA,14.0,5.0,0.35714285714285715,11.428571428571429,160,11.642857142857142,163,-15.757142857142856,0.2154934095343502,-17.071428571428573,-0.43893153990823935,1.8771631146631145,1.6804549617049618,0.19670815295815297,6.939479780873442,20.428571428571427,286.0,55.0,19.214285714285715,269.0,50.0,AFC East,1,1.2142857142857142,17,0.5299715242022934,0.5994285714285714,6.587142857142857,4.291294461662519,1.1428571428571428,0.7857142857142857,0.8628205128205129,50.357142857142854,1.5,-5.0,0.3126373626373627,0.5875714285714286,6.489285714285714,3.636869512219929,1.5,0.42857142857142855,0.841025641025641,63.214285714285715,1.1428571428571428,0.3126373626373627,-1.9394797808734419,2011-12-24,2011,0.2961288446660539,0.24234268665921468,NWE,14.0,11.0,0.7857142857142857,10.428571428571429,146,10.714285714285714,150,6.442857142857142,-0.10146685457968539,-14.642857142857142,0.4729401111972798,3.0404787672644815,2.0165285111713684,1.0239502560931133,9.508879821757107,31.214285714285715,437.0,73.0,21.214285714285715,297.0,52.0,AFC East,6,10.0,140,0.5779538837231145,0.6605714285714285,8.892142857142856,3.974334197548483,2.5,1.0,0.869047619047619,49.142857142857146,1.1428571428571428,12.0,0.453982128982129,0.6256428571428572,6.944285714285714,4.548741163325448,1.5,0.8571428571428571,0.8958333333333334,58.785714285714285,2.0,0.453982128982129,1.491120178242893,2011,0.5532542920801033,0.3588277377469669,MIA vs. NWE,NWE,27,1500.0,1.0,MIA,24,1500.0,1.0,1,3,-7.5,0,-350.0,305.0,1,0
NYJ,15.0,8.0,0.5333333333333333,12.466666666666667,187,12.2,183,-19.986666666666668,-0.3364890036560349,-31.333333333333332,-0.10286356063100109,1.9726517926517926,1.871063381063381,0.1015884115884116,7.913708161755987,24.0,360.0,56.0,22.933333333333334,344.0,56.0,AFC East,-2,1.0666666666666667,16,0.5475225171653743,0.5688666666666666,5.826,3.739312048472134,1.6,0.9333333333333333,0.7361111111111112,53.93333333333333,2.066666666666667,-2.0,0.35487290487290485,0.5294666666666666,5.388,3.972937491497168,0.9333333333333333,1.1333333333333333,0.9761904761904762,62.06666666666667,1.9333333333333333,0.35487290487290485,0.08629183824401299,2012-01-01,2011,0.3011880010487218,0.2873706167364899,MIA,15.0,5.0,0.3333333333333333,11.466666666666667,172,11.666666666666666,175,-15.046666666666665,0.21750235018542036,-17.02,-0.42547552889494433,1.8853522403522402,1.718424630924631,0.16692760942760945,7.370142989220472,20.666666666666668,310.0,59.0,19.733333333333334,296.0,55.0,AFC East,-1,0.9333333333333333,14,0.5482388643102929,0.5928,6.706666666666666,4.2933034023135885,1.2666666666666666,0.7333333333333333,0.8726190476190476,49.6,1.5333333333333334,-7.0,0.31743589743589745,0.5875333333333334,6.492666666666667,3.650325523233225,1.4666666666666666,0.5333333333333333,0.8285714285714285,62.333333333333336,1.0666666666666667,0.31743589743589745,-2.370142989220472,2011,0.28882231148681864,0.24367319451157105,NYJ vs. MIA,MIA,19,1347.8636468371485,29.0,NYJ,17,1450.5760506592212,15.0,1,2,-1.5,1,-120.0,109.0,1,0
TAM,1.0,0.0,0.0,11.0,11,11.0,11,-23.700000000000003,-0.5758010521281687,18.900000000000006,-0.4758010521281686,1.8181818181818181,2.4545454545454546,-0.6363636363636365,0.3293231620763674,20.0,20.0,3.0,27.0,27.0,5.0,NFC South,-1,-7.0,-7,0.5,0.63,5.09,3.5,1.0,0.0,1.0,39.0,2.0,-1.0,0.42857142857142855,0.727,9.7,3.6,3.0,0.0,1.0,68.0,1.0,0.42857142857142855,-0.3293231620763674,2011-09-18,2011,0.18291186488826341,-0.14969234639834886,MIN,1.0,0.0,0.0,9.0,9,10.0,10,-52.1,2.0395835632564463,-15.5,-1.2239492002763166,1.8888888888888888,2.4,-0.5111111111111111,0.30634305530877154,17.0,17.0,2.0,24.0,24.0,4.0,NFC North,-1,-7.0,-7,0.5,0.467,0.2,6.115384615384615,1.0,0.0,1.0,78.0,1.0,1.0,0.36363636363636365,0.688,5.83,2.851851851851852,2.0,1.0,1.0,26.0,2.0,0.36363636363636365,-0.30634305530877154,2011,0.15414598770916185,-0.12253722212350865,TAM vs. MIN,MIN,20,1450.0,17.0,TAM,24,1450.0,17.0,0,-4,-1.0,0,-112.0,102.0,0,0
NOR,13.0,10.0,0.7692307692307693,10.615384615384615,138,10.538461538461538,137,5.0076923076923086,0.45402009901823465,-14.592307692307692,0.7883735622203175,3.0736268005498775,2.1525476660092044,0.921079134540673,8.582757006214377,31.923076923076923,415.0,71.0,22.0,286.0,51.0,NFC South,5,9.923076923076923,129,0.5166215728715728,0.7127692307692308,8.164615384615384,4.529821151146403,2.4615384615384617,1.0,0.8388888888888889,52.30769230769231,1.0769230769230769,-2.0,0.5395509600082117,0.5766153846153846,6.928461538461539,4.864174614348486,1.5384615384615385,0.7692307692307693,0.8383333333333333,58.92307692307692,0.9230769230769231,0.5395509600082117,1.4172429937856226,2011-12-18,2011,0.5705820805790296,0.38421077635208684,MIN,13.0,2.0,0.15384615384615385,11.0,143,10.76923076923077,140,-25.938461538461542,0.991051727731281,9.084615384615386,-0.3698789893252626,1.9017661825354133,2.6807363576594345,-0.7789701751240212,4.84688927854291,21.076923076923077,274.0,47.0,28.0,364.0,62.0,NFC North,-5,-6.923076923076923,-90,0.5183381433381433,0.5650000000000001,5.28923076923077,5.06685277985945,1.2307692307692308,1.1538461538461537,0.7666666666666667,57.38461538461539,1.6923076923076923,-6.0,0.4046002074848229,0.690076923076923,8.691538461538462,3.7059220628029057,2.0,0.6923076923076923,0.8974358974358974,52.69230769230769,1.2307692307692308,0.4046002074848229,-2.8468892785429096,2011,0.2566951069975703,0.3118092663353514,NOR vs. MIN,MIN,20,1291.2806276945637,30.0,NOR,42,1713.485010392848,2.0,0,-22,7.0,0,281.0,-320.0,0,0
MIN,14.0,2.0,0.14285714285714285,11.142857142857142,156,10.785714285714286,151,-26.97142857142857,1.0458003386937014,11.871428571428572,-0.3319561291495304,1.875815850815851,2.7619824619824622,-0.8861666111666111,4.993881185202756,21.0,294.0,51.0,29.0,406.0,68.0,NFC North,-6,-8.0,-112,0.5376375760991146,0.5559285714285714,5.127857142857144,5.12160139082187,1.2857142857142858,1.0714285714285714,0.7878787878787878,59.285714285714285,1.6428571428571428,-5.0,0.39610835592978455,0.6965,8.962857142857143,3.7438449229786386,2.2142857142857144,0.7142857142857143,0.8333333333333333,53.57142857142857,1.2857142857142858,0.39610835592978455,-2.9938811852027563,2011-12-24,2011,0.257011016279606,0.32186191078818005,WAS,14.0,5.0,0.35714285714285715,11.214285714285714,157,10.928571428571429,153,-28.97142857142857,-0.41713415011820604,-15.564285714285715,0.07344525490645114,1.6205817991532279,1.9972027972027973,-0.3766209980495695,5.967681434915246,18.0,252.0,50.0,21.428571428571427,300.0,59.0,NFC East,1,-3.4285714285714284,-48,0.4849959869190638,0.5935714285714285,5.135,3.6586669020099625,1.1428571428571428,0.5714285714285714,0.7095238095238096,54.42857142857143,2.2857142857142856,-13.0,0.36326934620001844,0.6129285714285714,6.627857142857144,4.14924630703462,1.2142857142857142,0.8571428571428571,0.7756410256410257,63.642857142857146,1.3571428571428572,0.36326934620001844,-0.9676814349152458,2011,0.2964585660847305,0.3314224067880488,MIN vs. WAS,WAS,26,1408.1186830641975,23.0,MIN,33,1283.192283342342,30.0,0,-7,-6.0,0,-255.0,227.0,0,0
NYJ,4.0,2.0,0.5,13.0,52,12.5,50,-26.675,-1.0836135521281687,-42.175000000000004,0.10474560029348368,1.9429945054945055,1.8374125874125875,0.10558191808191814,2.032379591133191,25.0,100.0,15.0,23.75,95.0,14.0,AFC East,-2,1.25,5,0.7222222222222222,0.55675,5.5125,2.9921875,1.5,0.5,1.0,47.5,2.5,0.0,0.34345238095238095,0.51725,3.6075,4.180546652421652,0.5,1.5,0.9166666666666666,47.75,2.5,0.34345238095238095,-0.032379591133191,2011-10-09,2011,0.2861264717932795,0.20773342862067665,NWE,4.0,3.0,0.75,10.5,42,10.75,43,10.524999999999999,0.6322059408788243,-9.875,0.6390137626866461,3.2708333333333335,2.264957264957265,1.0058760683760684,2.7254864962661687,33.75,135.0,22.0,24.5,98.0,16.0,AFC East,1,9.25,37,0.8888888888888888,0.6605,9.620000000000001,4.708006993006993,3.25,1.0,0.875,67.0,1.25,4.0,0.5073815073815073,0.66325,7.73,4.714814814814815,1.75,1.0,1.0,66.5,2.25,0.5073815073815073,0.2745135037338313,2011,0.5597577207270493,0.30460590732407733,NYJ vs. NWE,NWE,30,1602.0146061080266,3.0,NYJ,21,1484.2487352575229,14.0,1,9,-7.5,1,-360.0,314.0,1,0
NWE,6.0,5.0,0.8333333333333334,10.5,63,10.5,63,3.2833333333333314,0.4600131336860172,-8.299999999999999,0.24879771330393,2.968434343434344,2.126638176638177,0.8417961667961666,4.054285804235314,30.833333333333332,185.0,32.0,22.5,135.0,23.0,AFC East,3,8.333333333333334,50,0.7333333333333333,0.6713333333333334,8.666666666666666,4.535814185814186,2.6666666666666665,1.0,0.9166666666666666,58.833333333333336,1.6666666666666667,1.0,0.5241517741517742,0.6545,7.541666666666667,4.324598765432099,1.6666666666666667,0.8333333333333334,1.0,72.0,1.8333333333333333,0.5241517741517742,0.945714195764686,2011-10-30,2011,0.5879969689536242,0.36177626058885654,PIT,7.0,5.0,0.7142857142857143,10.0,70,9.571428571428571,67,-7.071428571428574,0.30561128553416894,-18.357142857142858,0.14884128750325656,2.2692751692751694,1.7926767676767679,0.4765984015984016,4.101757056911846,21.571428571428573,151.0,26.0,17.428571428571427,122.0,21.0,AFC North,3,4.142857142857143,29,0.30277777777777776,0.6272857142857143,7.834285714285714,4.381412337662337,1.7142857142857142,0.5714285714285714,0.7083333333333334,52.714285714285715,1.7142857142857142,-9.0,0.48095238095238096,0.568,5.811428571428571,4.224642339631425,1.1428571428571428,0.7142857142857143,1.0,56.0,0.42857142857142855,0.48095238095238096,0.898242943088154,2011,0.4190904418781469,0.30887654969051437,NWE vs. PIT,PIT,25,1598.3352664793003,2.0,NWE,17,1671.0892134041917,2.0,1,8,3.0,1,152.0,-169.0,0,0
NYG,7.0,5.0,0.7142857142857143,11.142857142857142,78,11.571428571428571,81,-0.35714285714285715,-0.9057599414463259,-25.914285714285715,0.5766947358367267,2.3137626262626263,2.018031968031968,0.2957306582306583,3.7980448268606573,24.857142857142858,174.0,27.0,23.428571428571427,164.0,28.0,NFC East,2,1.4285714285714286,10,0.3138888888888889,0.6467142857142857,8.687142857142858,3.170041110681843,1.8571428571428572,1.1428571428571428,0.7333333333333333,53.0,1.2857142857142858,5.0,0.33563103563103563,0.6108571428571429,5.398571428571429,4.652495787964895,1.0,1.2857142857142858,0.8571428571428571,59.42857142857143,2.0,0.33563103563103563,1.2019551731393427,2011-11-06,2011,0.40559118988051696,0.3556521073155231,NWE,7.0,5.0,0.7142857142857143,10.142857142857142,71,10.142857142857142,71,2.5999999999999983,0.3239444404744668,-7.8999999999999995,0.23969354184468614,2.847943722943723,2.269261294261294,0.5786824286824286,4.3404637137738105,28.857142857142858,202.0,35.0,22.857142857142858,160.0,28.0,AFC East,-1,6.0,42,0.7301587301587302,0.6734285714285715,8.285714285714286,4.399745492602635,2.5714285714285716,0.8571428571428571,0.8571428571428571,55.714285714285715,1.4285714285714286,2.0,0.4921300921300921,0.6638571428571429,7.390000000000001,4.315494593972855,1.7142857142857142,0.7142857142857143,0.95,68.85714285714286,1.7142857142857142,0.4921300921300921,0.6595362862261895,2011,0.5394039638187458,0.3751851428859825,NYG vs. NWE,NWE,20,1610.7694780575607,4.0,NYG,24,1587.8166364015567,4.0,0,-4,-9.5,0,-510.0,431.0,0,0
NWE,8.0,5.0,0.625,10.625,85,10.625,85,-0.9125000000000014,0.32605958723247075,-9.674999999999999,0.1787049934601483,2.670522186147186,2.1998893467643468,0.47063283938283934,4.73408819762915,27.75,222.0,39.0,23.0,184.0,32.0,AFC East,-2,4.75,38,0.727891156462585,0.660625,7.97,4.401860639360639,2.5,0.75,0.8333333333333334,58.875,1.75,0.0,0.47228049728049726,0.645,7.251250000000001,4.254506045588317,1.75,0.75,0.9583333333333334,66.5,1.75,0.47228049728049726,0.26591180237084977,2011-11-13,2011,0.4740743533712693,0.34192526128803996,NYJ,8.0,5.0,0.625,11.75,94,11.75,94,-16.4625,-0.5893594797614364,-41.112500000000004,0.1727839623943458,2.1589972527472527,1.733974358974359,0.4250228937728938,4.834982855170622,24.875,199.0,31.0,20.375,163.0,26.0,AFC East,3,4.5,36,0.6329931972789116,0.582625,6.29625,3.4864415723667324,1.625,0.75,0.9523809523809524,56.0,1.875,4.0,0.40092199467199463,0.5313749999999999,4.07625,4.248585014522514,0.625,1.125,0.9523809523809523,53.75,2.375,0.40092199467199463,0.16501714482937757,2011,0.33658980251291315,0.24772665660314339,NWE vs. NYJ,NYJ,16,1484.2487352575229,14.0,NWE,37,1602.0146061080266,3.0,0,-21,-2.5,0,-136.0,123.0,1,0
NWE,10.0,7.0,0.7,10.6,106,10.8,108,1.8599999999999994,0.10854460221748571,-17.089999999999996,0.2307667473054479,2.812781385281385,1.9129884004884006,0.8997929847929849,6.610335837205653,29.3,293.0,50.0,20.3,203.0,35.0,AFC East,2,9.0,90,0.6849647266313933,0.6508,8.347,4.184345654345654,2.5,0.7,0.8666666666666666,57.1,1.5,5.0,0.4393628593628594,0.6322,6.509,4.306567799433617,1.5,0.7,0.84375,62.2,2.0,0.4393628593628594,0.3896641627943467,2011-11-27,2011,0.4900784982450164,0.3042946719424094,PHI,10.0,4.0,0.4,10.8,108,11.0,110,-25.660000000000004,1.712921990656659,-15.839999999999998,0.5713295900491266,2.299824064824065,1.9472746697746697,0.3525493950493951,5.57830170016268,23.7,237.0,40.0,21.3,213.0,35.0,NFC East,1,2.4,24,0.5171957671957672,0.6071,5.526999999999999,5.788723042784828,1.3,1.1,0.9099999999999999,51.2,2.4,-8.0,0.44026080129021306,0.5806,6.718999999999999,4.647130642177295,1.8,0.7,0.7142857142857143,47.1,1.6,0.44026080129021306,-1.5783017001626796,2011,0.3119147518458267,0.23614494590391474,NWE vs. PHI,PHI,20,1479.4803175668892,16.0,NWE,38,1641.4715435720766,3.0,0,-18,3.0,0,129.0,-143.0,0,0
NWE,12.0,9.0,0.75,10.416666666666666,125,10.666666666666666,128,5.591666666666666,-0.09463337721049374,-14.983333333333334,0.1369776169128116,2.9476881914381914,1.9678943741443742,0.9797938172938173,8.078206202009358,30.166666666666668,362.0,61.0,20.583333333333332,247.0,43.0,AFC East,4,9.583333333333334,115,0.5967893217893218,0.6647500000000001,8.69,3.9811676749176748,2.5,0.9166666666666666,0.8472222222222222,50.916666666666664,1.25,8.0,0.45704480704480704,0.6395833333333333,6.8133333333333335,4.21277866904098,1.5,0.75,0.875,59.25,1.9166666666666667,0.45704480704480704,0.9217937979906417,2011-12-11,2011,0.5254862811182861,0.3337481336677067,WAS,12.0,4.0,0.3333333333333333,11.416666666666666,137,11.083333333333334,133,-31.416666666666668,-0.48027299978321225,-13.991666666666667,0.01452334311592481,1.474012099012099,1.9394975394975393,-0.4654854404854405,4.722928182470932,16.833333333333332,202.0,40.0,21.333333333333332,256.0,52.0,NFC East,-1,-4.5,-54,0.4560442083169356,0.5899166666666666,4.841666666666667,3.5955280523449566,1.0,0.5833333333333334,0.6611111111111111,53.416666666666664,2.3333333333333335,-13.0,0.3377031261222438,0.6175833333333333,6.701666666666667,4.090324395244093,1.1666666666666667,0.9166666666666666,0.7803030303030304,64.08333333333333,1.25,0.3377031261222438,-0.7229281824709322,2011,0.2743813094289311,0.33484193891698716,NWE vs. WAS,WAS,27,1345.1652607501917,23.0,NWE,34,1674.9638451812343,3.0,0,-7,7.5,1,282.0,-321.0,0,0
NOR,5.0,4.0,0.8,10.2,51,10.4,52,1.019999999999999,0.1811165738563945,-14.740000000000004,1.255418595326773,3.1094949494949495,2.5901515151515153,0.5193434343434342,3.308425920683804,31.4,157.0,28.0,25.0,125.0,21.0,NFC South,4,6.4,32,0.6458333333333334,0.6954,7.752,4.256917625984563,2.4,0.8,0.9199999999999999,42.8,1.4,-3.0,0.5869424692954105,0.5307999999999999,6.964,5.331219647454942,2.0,0.8,1.0,46.2,0.8,0.5869424692954105,0.691574079316196,2011-10-16,2011,0.6249571538072687,0.3789348294832312,TAM,5.0,3.0,0.6,10.0,50,10.0,50,-28.18,0.18284374827864544,0.5,0.043693897366781,1.787070707070707,2.5711111111111107,-0.7840404040404041,2.2513562719789793,17.4,87.0,16.0,25.0,125.0,22.0,NFC South,-1,-7.6,-38,0.3125,0.6365999999999999,4.958,4.258644800406814,0.6,1.0,0.9,72.0,1.6,-1.0,0.4436624649859944,0.5898,8.886,4.11949494949495,1.8,0.8,0.9,52.6,1.4,0.4436624649859944,0.7486437280210207,2011,0.36791319859334537,0.41788064806584985,NOR vs. TAM,TAM,26,1526.5931647834009,8.0,NOR,20,1631.3855472101898,3.0,1,6,6.0,1,228.0,-257.0,1,0
TAM,7.0,4.0,0.5714285714285714,10.857142857142858,76,10.857142857142858,76,-27.942857142857143,0.02426990920137381,-9.642857142857142,0.13292910660199014,1.7855699855699856,2.32002442002442,-0.5344544344544345,3.2378430705824353,18.714285714285715,131.0,25.0,24.142857142857142,169.0,30.0,NFC South,-1,-5.428571428571429,-38,0.425,0.6145714285714285,5.04,4.100070961329543,1.0,0.7142857142857143,0.9,70.42857142857143,1.7142857142857142,1.0,0.3985344137655062,0.5891428571428571,7.859999999999999,4.208730158730159,1.5714285714285714,1.0,0.8571428571428571,52.857142857142854,1.8571428571428572,0.3985344137655062,0.7621569294175647,2011-11-06,2011,0.3647630136004495,0.38132463887693036,NOR,8.0,5.0,0.625,10.75,86,10.625,85,-1.3125,0.14858825358586747,-19.8625,1.4215057576854475,3.129492035742036,2.324715909090909,0.8047761266511266,4.936482718045995,32.5,260.0,43.0,23.625,189.0,32.0,NFC South,-1,8.875,71,0.4547619047619048,0.711125,7.54,4.224389305714036,2.375,1.0,0.825,38.625,1.625,-5.0,0.5714959060547296,0.537625,6.233750000000001,5.497306809813616,1.625,0.875,0.96,51.0,1.0,0.5714959060547296,0.06351728195400508,2011,0.5039698301221254,0.33240081326842374,TAM vs. NOR,NOR,27,1631.3855472101898,3.0,TAM,16,1526.5931647834009,8.0,1,11,-9.0,1,-455.0,389.0,1,0
NYG,10.0,6.0,0.6,11.4,114,11.7,117,-6.889999999999999,-0.982735763494692,-25.46,0.41973387823513697,2.090207708957709,1.9671461871461873,0.12306152181152186,4.9551327244768295,22.8,228.0,37.0,22.8,228.0,41.0,NFC East,-2,0.0,0,0.42288359788359786,0.6204,7.979000000000001,3.0930652886334764,1.8,0.9,0.8333333333333333,50.5,1.5,7.0,0.3492274392274392,0.6119,5.476,4.495534930363306,1.2,1.0,0.8666666666666666,56.2,2.2,0.3492274392274392,1.0448672755231705,2011-11-28,2011,0.35847376245119067,0.35199962247559824,NOR,10.0,7.0,0.7,10.7,107,10.6,106,-0.21999999999999886,0.2563889638716317,-17.46,1.1732943957227242,3.0202602952602953,2.2366958041958043,0.783564491064491,6.284198869173776,31.3,313.0,54.0,22.8,228.0,41.0,NFC South,2,8.5,85,0.48664021164021165,0.7137,7.577,4.3321900159998,2.3,0.9,0.8066666666666666,45.1,1.4,-5.0,0.5379659556130145,0.5589000000000001,6.4510000000000005,5.249095447850893,1.6,0.7,0.9357142857142857,57.3,0.9,0.5379659556130145,0.7158011308262244,2011,0.5407974402473047,0.37579985506025965,NYG vs. NOR,NOR,49,1609.6922424768816,3.0,NYG,24,1526.731011147348,7.0,1,25,-7.0,1,-310.0,273.0,0,0
NOR,12.0,9.0,0.75,10.666666666666666,128,10.666666666666666,128,4.7,0.46612057956248615,-14.924999999999999,0.9045057604748482,3.1464290339290337,2.174519230769231,0.9719098031598031,7.934575584447117,32.75,393.0,66.0,22.416666666666668,269.0,48.0,NFC South,4,10.333333333333334,124,0.5105568673750492,0.7083333333333334,8.201666666666666,4.541921631690655,2.5,1.0833333333333333,0.8242424242424242,48.75,1.1666666666666667,-2.0,0.5362679259738083,0.5830000000000001,6.732500000000001,4.980306812603017,1.5833333333333333,0.75,0.8203703703703704,59.333333333333336,1.0,0.5362679259738083,1.065424415552883,2011-12-11,2011,0.5614049553557879,0.3770445129860276,TEN,12.0,7.0,0.5833333333333334,10.583333333333334,127,10.666666666666666,128,-17.583333333333332,-0.307719610750311,-14.816666666666665,0.23401722228595348,1.9510975135975135,1.8974666537166538,0.05363085988085988,6.790894384682538,20.75,249.0,43.0,19.083333333333332,229.0,40.0,AFC South,2,1.6666666666666667,20,0.5037321264593992,0.5975833333333334,6.264166666666667,3.7680814413778574,1.4166666666666667,0.5,0.8681818181818183,65.75,1.25,5.0,0.37278522131463304,0.6231666666666666,6.4075,4.3098182744141225,1.4166666666666667,0.4166666666666667,0.9545454545454546,50.75,1.6666666666666667,0.37278522131463304,0.20910561531746197,2011,0.3444826387523956,0.2919037920655589,NOR vs. TEN,TEN,17,1536.2889959972972,8.0,NOR,22,1683.4857392205183,3.0,0,-5,3.5,0,158.0,-175.0,0,0
NOR,1.0,14.0,14.0,10.529411764705882,179,10.529411764705882,179,10.770588235294118,0.6792988234318976,-15.86470588235294,0.7242540451187129,3.3691370720782485,2.1162427441839204,1.2528943278943279,12.020659048417459,34.8235294117647,592.0,97.0,21.58823529411765,367.0,66.0,NFC South,9,13.235294117647058,225,0.5013226356976357,0.7187647058823529,8.84235294117647,4.755099875560067,2.8823529411764706,1.1176470588235294,0.8166666666666667,51.11764705882353,1.2352941176470589,-3.0,0.5772762517435619,0.5788823529411764,6.656470588235294,4.800055097246881,1.588235294117647,0.7058823529411765,0.8756410256410256,57.411764705882355,1.0588235294117647,0.5772762517435619,1.9793409515825413,2012-01-14,2011,1.6145031972262935,0.729812864829317,SFO,16.0,13.0,0.8125,11.125,178,11.5625,185,-9.7625,0.04136467060448665,-29.0625,-0.40256339111023665,2.1942201028138526,1.247108793983794,0.9471113088300588,11.15402856861007,23.75,380.0,76.0,14.3125,229.0,45.0,NFC West,3,9.4375,151,0.4864191364191364,0.622875,6.91875,4.117165722732655,1.125,0.875,0.88125,63.375,0.625,28.0,0.28696337363616775,0.573,5.2143749999999995,3.673237661017932,1.25,0.1875,0.8794871794871795,54.1875,2.375,0.28696337363616775,1.8459714313899305,2011,0.4762267657252931,0.25610429540964424,NOR vs. SFO,SFO,36,1731.521540149638,2.0,NOR,32,1799.3364065208823,1.0,1,4,3.5,1,149.0,-165.0,0,1
NYG,2.0,1.0,0.5,11.5,23,12.0,24,-20.65,-0.6350115784439583,-9.050000000000004,-1.1000925501038772,1.8030303030303032,1.8881118881118881,-0.08508158508158503,0.952316217776118,21.0,42.0,5.0,22.0,44.0,7.0,NFC East,1,-1.0,-2,0.0,0.598,6.359999999999999,3.4407894736842106,1.0,1.5,0.0,59.0,1.0,1.0,0.21666666666666667,0.548,7.945,2.9757085020242915,1.5,0.5,0.5,43.5,1.5,0.21666666666666667,0.04768378222388203,2011-09-25,2011,0.2225743241547698,0.15278721824098282,PHI,2.0,1.0,0.5,11.5,23,12.0,24,-8.050000000000004,1.828365614538498,-22.1,1.2650477542378793,2.8293650793650795,1.9,0.9293650793650796,1.315501381680317,31.0,62.0,9.0,24.0,48.0,8.0,NFC East,-1,7.0,14,0.0,0.5704999999999999,7.41,5.904166666666667,2.0,1.5,0.75,55.5,2.0,-1.0,0.534965034965035,0.5605,5.62,5.340848806366048,2.0,1.0,0.6666666666666666,58.5,1.5,0.534965034965035,-0.31550138168031694,2011,0.3295758166277641,0.11408310305328051,NYG vs. PHI,PHI,16,1485.9935000197115,8.0,NYG,29,1500.0,8.0,0,-13,-9.0,0,-389.0,337.0,1,0
SEA,4.0,1.0,0.25,11.0,44,10.0,40,-23.925,-0.8523744787015953,-8.224999999999998,-0.8821750600646766,1.2977564102564103,2.4689393939393938,-1.1711829836829837,1.2817715549544704,14.5,58.0,10.0,24.25,97.0,17.0,NFC West,-1,-9.75,-39,0.27777777777777773,0.62425,4.82,3.2234265734265732,1.25,0.5,0.6666666666666666,54.25,1.5,-4.0,0.35511363636363635,0.7,7.01,3.193625992063492,0.75,1.25,0.7083333333333333,51.25,0.5,0.35511363636363635,-0.28177155495447037,2011-10-09,2011,0.21126297983213235,0.2888117722860875,NYG,4.0,3.0,0.75,11.0,44,11.5,46,1.8249999999999993,-0.7729063152860635,-26.900000000000002,-0.262946801116023,2.3529040404040407,1.906555944055944,0.4463480963480964,2.3371269106425725,25.5,102.0,14.0,21.75,87.0,16.0,NFC East,3,3.75,15,0.27777777777777773,0.64175,8.735,3.3028947368421053,2.0,1.25,0.5,48.5,1.0,4.0,0.3278846153846154,0.58775,5.7325,3.812854251012146,0.75,1.25,0.75,60.25,2.0,0.3278846153846154,0.6628730893574275,2011,0.37091035938070444,0.31851070342238497,SEA vs. NYG,NYG,25,1582.4043965769608,3.0,SEA,36,1413.716578105056,22.0,0,-11,-10.0,0,-450.0,385.0,0,0
NYG,8.0,6.0,0.75,11.5,92,11.875,95,-3.0749999999999993,-0.8235668044194872,-25.8625,0.5472160956744482,2.2388280122655124,1.9443494005994006,0.2944786116661117,4.404420343005317,24.75,198.0,31.0,23.0,184.0,32.0,NFC East,3,1.75,14,0.37108843537414965,0.63,8.38625,3.2522342477086816,1.875,1.125,0.7777777777777777,52.625,1.375,7.0,0.32939144189144187,0.6058749999999999,5.44375,4.623017147802617,1.125,1.125,0.8333333333333334,62.125,2.25,0.32939144189144187,1.5955796569946834,2011-11-13,2011,0.40416164316146086,0.3619191434524077,SFO,8.0,7.0,0.875,11.25,90,12.0,96,-3.5625,0.38850224694344937,-25.9875,-0.5390268661692001,2.4212594696969694,1.2109453046953047,1.2103141650016649,5.822218271101674,25.75,206.0,37.0,14.75,118.0,24.0,NFC West,6,11.0,88,0.5017006802721088,0.6525,7.31125,4.464303299071618,1.25,1.0,0.9166666666666666,60.25,0.875,12.0,0.3014880952380952,0.589375,5.3625,3.5367741859589685,1.375,0.0,0.8666666666666667,59.25,2.375,0.3014880952380952,1.177781728898326,2011,0.47163600551283064,0.2555556790280727,NYG vs. SFO,SFO,27,1722.363891789185,2.0,NYG,20,1641.115018752891,3.0,1,7,-4.0,1,-205.0,184.0,0,0
PHI,9.0,3.0,0.3333333333333333,10.666666666666666,96,10.777777777777779,97,-25.022222222222226,1.8982009819425154,-14.511111111111111,0.8981349555198064,2.397952664619331,2.0781684365017696,0.31978422811756146,4.799690919557825,24.444444444444443,220.0,37.0,22.555555555555557,203.0,33.0,NFC East,-2,1.8888888888888888,17,0.49851190476190477,0.6035555555555555,5.647777777777778,5.974002034070684,1.2222222222222223,1.2222222222222223,0.8999999999999999,53.55555555555556,2.3333333333333335,-7.0,0.430355138688472,0.588,6.754444444444444,4.973936007647975,1.8888888888888888,0.7777777777777778,0.6666666666666666,48.0,1.5555555555555556,0.430355138688472,-1.7996909195578246,2011-11-20,2011,0.30834656941708394,0.23437594462152556,NYG,9.0,6.0,0.6666666666666666,11.222222222222221,101,11.666666666666666,105,-4.566666666666666,-0.8286043261955476,-24.799999999999997,0.46132530147415746,2.2369829244829247,2.0283105783105784,0.2086723461723462,4.7337435050816845,24.22222222222222,218.0,35.0,23.444444444444443,211.0,38.0,NFC East,-1,0.7777777777777778,7,0.43407738095238096,0.6322222222222221,8.154444444444444,3.2471967259326213,1.8888888888888888,1.0,0.8095238095238094,51.77777777777778,1.4444444444444444,6.0,0.34834794834794836,0.6088888888888889,5.591111111111111,4.537126353602326,1.1111111111111112,1.1111111111111112,0.8518518518518519,59.111111111111114,2.111111111111111,0.34834794834794836,1.2662564949183155,2011,0.39529040409476457,0.3726113722824296,PHI vs. NYG,NYG,10,1500.0,8.0,PHI,17,1485.9935000197115,8.0,0,-7,-6.0,0,-225.0,201.0,1,0
WAS,13.0,4.0,0.3076923076923077,11.307692307692308,147,10.923076923076923,142,-28.438461538461542,-0.37223669611743965,-12.376923076923077,0.003729158866379171,1.568318860626553,2.0809037116729425,-0.5125848510463895,5.08964190686521,17.615384615384617,229.0,45.0,22.307692307692307,290.0,57.0,NFC East,-2,-4.6923076923076925,-61,0.4805405242905243,0.5911538461538461,5.186923076923078,3.7035643560107294,1.1538461538461537,0.5384615384615384,0.6871794871794872,54.92307692307692,2.3076923076923075,-14.0,0.35018750103591734,0.6158461538461538,6.94923076923077,4.079530210994547,1.3076923076923077,0.8461538461538461,0.7986111111111112,62.76923076923077,1.2307692307692308,0.35018750103591734,-1.08964190686521,2011-12-18,2011,0.28046369136110183,0.3368853799071956,NYG,13.0,7.0,0.5384615384615384,11.384615384615385,148,11.615384615384615,151,-5.907692307692306,-0.7837070674134934,-14.076923076923077,0.5979620811183302,2.2587844847460232,2.3371986987371605,-0.078414213991137,6.112055624167982,24.923076923076923,324.0,53.0,26.846153846153847,349.0,59.0,NFC East,1,-1.9230769230769231,-25,0.5074404761904762,0.6196153846153846,8.113076923076923,3.292093984714675,1.9230769230769231,1.0,0.8333333333333333,49.76923076923077,1.5384615384615385,4.0,0.37153359461051766,0.6179230769230769,6.705384615384616,4.673763133246499,1.8461538461538463,1.0,0.8194444444444445,57.46153846153846,1.8461538461538463,0.37153359461051766,0.887944375832018,2011,0.3825681143030649,0.387360528871161,WAS vs. NYG,NYG,10,1500.0,1.0,WAS,23,1500.0,1.0,0,-13,-5.5,0,-260.0,231.0,1,0
NYG,14.0,7.0,0.5,11.357142857142858,159,11.5,161,-9.557142857142855,-0.6577455266391449,-15.635714285714288,0.48376471445786595,2.162377800770658,2.3345416488273627,-0.17216384805670512,6.234016096117946,23.857142857142858,334.0,55.0,26.571428571428573,372.0,64.0,NFC East,-1,-2.7142857142857144,-38,0.49207523245984786,0.6164285714285713,7.708571428571429,3.4180555254890237,1.7857142857142858,1.0,0.8055555555555555,51.57142857142857,1.6428571428571428,3.0,0.3688050045192902,0.6184285714285714,6.545,4.559565766586035,1.7857142857142858,1.0,0.8333333333333334,56.785714285714285,1.8571428571428572,0.3688050045192902,0.765983903882054,2011-12-24,2011,0.36483787722979016,0.3908708828076537,NYJ,14.0,8.0,0.5714285714285714,12.285714285714286,172,12.0,168,-17.978571428571428,-0.36939528590802534,-30.735714285714288,-0.13501637717241222,2.046888825460254,1.866615527329813,0.180273298130441,7.7625986338847905,24.714285714285715,346.0,54.0,22.5,315.0,51.0,AFC East,-1,2.2142857142857144,31,0.5511780954088646,0.5732142857142858,6.053571428571429,3.7064057662201435,1.6428571428571428,0.9285714285714286,0.8030303030303031,51.0,2.0,0.0,0.36661552732981306,0.5435,5.265,3.9407846749557565,0.9285714285714286,1.0714285714285714,0.9743589743589743,63.285714285714285,2.0,0.36661552732981306,0.23740136611520946,2011,0.3192772731603909,0.2870354888060696,NYG vs. NYJ,NYJ,14,1529.8905156110595,10.0,NYG,29,1456.2209207286455,14.0,0,-15,-1.5,0,-150.0,136.0,0,0
NYG,2.0,11.0,5.5,11.38888888888889,205,11.61111111111111,209,-5.36111111111111,-0.4779057891322995,-17.744444444444447,0.39838473274125463,2.2808392995892994,2.0445424945424944,0.23629680504680511,9.7594382006902,25.27777777777778,455.0,76.0,23.444444444444443,422.0,72.0,NFC East,4,1.8333333333333333,33,0.533190583925878,0.6136111111111111,8.193888888888889,3.597895262995869,1.9444444444444444,1.0,0.7760416666666666,49.888888888888886,1.3888888888888888,10.0,0.384996484996485,0.6166666666666667,6.139444444444444,4.474185784869423,1.6666666666666667,0.8333333333333334,0.7395833333333334,53.77777777777778,1.9444444444444444,0.384996484996485,1.2405617993098002,2012-01-22,2011,0.6006895042623044,0.38593408983326705,SFO,1.0,14.0,14.0,11.411764705882353,194,11.764705882352942,200,-9.205882352941176,0.1815313927966834,-27.841176470588238,-0.4631740098255772,2.197501273236567,1.2992396492396494,0.8982616239969181,11.723365360263038,24.470588235294116,416.0,83.0,15.352941176470589,261.0,50.0,NFC West,4,9.117647058823529,155,1.3310179403929405,0.6198235294117648,6.965294117647058,4.2573324449248515,1.2352941176470589,0.8823529411764706,0.888235294117647,61.588235294117645,0.6470588235294118,32.0,0.2857694496967853,0.5766470588235295,5.304705882352941,3.6126270423025915,1.411764705882353,0.17647058823529413,0.8880952380952382,51.0,2.5294117647058822,0.2857694496967853,2.2766346397369617,2011,1.4018591499905557,0.5691586599342404,NYG vs. SFO,SFO,27,1722.363891789185,2.0,NYG,20,1641.115018752891,3.0,1,7,-4.0,1,-205.0,184.0,0,0
NYJ,11.0,6.0,0.5454545454545454,11.818181818181818,130,11.727272727272727,129,-19.527272727272727,-0.3252721163809348,-31.1,-0.17767046860988464,2.0119577392304664,1.877463445645264,0.13449429358520273,5.8921060135771315,23.272727272727273,256.0,39.0,21.90909090909091,241.0,38.0,AFC East,1,1.3636363636363635,15,0.6000396825396825,0.5690909090909091,6.030909090909091,3.750528935747234,1.6363636363636365,0.6363636363636364,0.7962962962962963,50.81818181818182,2.0,-2.0,0.3873475009838646,0.5467272727272726,5.043636363636363,3.898130583518284,1.0,0.9090909090909091,0.9666666666666666,58.72727272727273,1.8181818181818181,0.3873475009838646,0.10789398642286852,2011-12-04,2011,0.3029425632660782,0.27068355989011206,WAS,11.0,4.0,0.36363636363636365,11.181818181818182,123,10.909090909090908,120,-29.35454545454546,-0.5486637302024454,-13.763636363636364,0.08031040935023634,1.4846365755456665,1.8780532598714417,-0.39341668432577526,4.521783287122215,16.636363636363637,183.0,35.0,20.181818181818183,222.0,46.0,NFC East,1,-3.5454545454545454,-39,0.44710317460317456,0.606,4.967272727272728,3.527137321925723,1.0909090909090908,0.5454545454545454,0.6303030303030304,53.72727272727273,2.272727272727273,-11.0,0.3399943194060841,0.6197272727272728,6.785454545454545,4.156111461478405,1.1818181818181819,0.7272727272727273,0.7916666666666667,66.27272727272727,1.2727272727272727,0.3399943194060841,-0.521783287122215,2011,0.2710551256102901,0.3303014915093774,NYJ vs. WAS,WAS,19,1373.7747775330288,19.0,NYJ,34,1532.626697116666,14.0,0,-15,3.0,0,152.0,-168.0,0,0
NYJ,13.0,8.0,0.6153846153846154,12.076923076923077,157,11.846153846153847,154,-16.546153846153846,-0.35209341785120524,-33.43846153846154,-0.20483946744388085,2.1069059145982223,1.7629485898716668,0.34395732472655555,7.6478847392696805,25.153846153846153,327.0,50.0,20.76923076923077,270.0,45.0,AFC East,3,4.384615384615385,57,0.5650583213083213,0.5748461538461538,6.262307692307692,3.7237076342769635,1.6153846153846154,1.0,0.7833333333333333,47.76923076923077,1.8461538461538463,0.0,0.37706524244985784,0.5328461538461539,4.848461538461539,3.870961584684288,0.9230769230769231,0.8461538461538461,0.9722222222222222,63.38461538461539,1.8461538461538463,0.37706524244985784,0.3521152607303195,2011-12-18,2011,0.3270973851232317,0.2776449484180142,PHI,13.0,5.0,0.38461538461538464,11.153846153846153,145,11.076923076923077,144,-27.584615384615386,1.2361295690185314,-10.038461538461538,0.44921666138697025,2.141647882032497,2.1064506006813697,0.03519728135112753,6.795418716170249,22.846153846153847,297.0,50.0,22.46153846153846,292.0,47.0,NFC East,1,0.38461538461538464,5,0.5043109668109668,0.5922307692307692,5.359999999999999,5.311930621146701,1.2307692307692308,1.1538461538461537,0.9249999999999999,51.46153846153846,2.3846153846153846,-12.0,0.4020743836354696,0.6085384615384615,7.216153846153846,4.525017713515139,1.7692307692307692,0.8461538461538461,0.7,46.30769230769231,1.4615384615384615,0.4020743836354696,-1.795418716170249,2011,0.29720374758169105,0.25620476513888796,NYJ vs. PHI,PHI,45,1459.967370889855,21.0,NYJ,19,1598.8804303916145,8.0,1,26,-3.0,1,-163.0,147.0,0,0
SFO,3.0,2.0,0.6666666666666666,11.0,33,12.333333333333334,37,-12.166666666666666,-1.5878939640055634,-29.666666666666668,-1.1076192339463504,2.1883838383838383,1.4081196581196582,0.7802641802641802,2.018363049594233,23.333333333333332,70.0,12.0,17.333333333333332,52.0,10.0,NFC West,1,6.0,18,0.25,0.6946666666666667,5.786666666666666,2.4879070881226055,0.6666666666666666,1.0,1.0,65.66666666666667,0.6666666666666666,6.0,0.3055555555555556,0.568,5.04,2.9681818181818183,1.6666666666666667,0.0,0.8888888888888888,65.0,2.6666666666666665,0.3055555555555556,-0.018363049594233072,2011-10-02,2011,0.36141053944312324,0.17852585138790691,PHI,3.0,1.0,0.3333333333333333,11.0,33,11.0,33,-23.46666666666667,1.3353100589829425,-0.833333333333338,0.84476481878253,2.4195767195767197,2.3407407407407406,0.078835978835979,1.5118212797048807,26.0,78.0,13.0,25.666666666666668,77.0,12.0,NFC East,-2,0.3333333333333333,1,0.25,0.6026666666666666,5.6499999999999995,5.411111111111111,1.3333333333333333,1.3333333333333333,0.8333333333333334,49.0,2.3333333333333335,-4.0,0.5121989121989122,0.6056666666666667,8.270000000000001,4.920565870910699,2.6666666666666665,0.6666666666666666,0.6666666666666666,46.0,1.0,0.5121989121989122,-0.5118212797048807,2011,0.326730539028652,0.18038529942971146,SFO vs. PHI,PHI,23,1438.008106127738,19.0,SFO,24,1535.9935000197115,4.0,0,-1,-9.5,0,-500.0,423.0,0,0
PHI,5.0,1.0,0.2,11.2,56,10.8,54,-21.140000000000004,1.9908656145384982,0.09999999999999716,1.0056813275611076,2.2714430014430014,2.4608080808080808,-0.18936507936507926,2.339469894331992,25.0,125.0,22.0,26.4,132.0,20.0,NFC East,-4,-1.4,-7,0.47916666666666663,0.622,6.005999999999999,6.066666666666666,1.6,1.0,0.82,49.6,3.0,-10.0,0.42868686868686867,0.6462,8.098,5.081482379689276,2.2,1.0,0.6666666666666666,43.6,1.0,0.42868686868686867,-1.3394698943319918,2011-10-16,2011,0.2876130797310578,0.19707630412355615,WAS,4.0,3.0,0.75,11.5,46,11.25,45,-24.250000000000004,-0.17205479838191473,-27.9,0.2753867306772615,1.8238636363636362,1.4128787878787878,0.4109848484848484,2.574719192357686,20.75,83.0,15.0,15.75,63.0,13.0,NFC East,1,5.0,20,0.5,0.57775,5.58,3.903746253746254,1.5,0.5,0.625,42.75,1.75,-1.0,0.3590686274509804,0.5515,5.6825,4.351187782805431,0.75,0.75,0.6666666666666666,70.0,1.5,0.3590686274509804,0.4252808076423138,2011,0.36075658757953644,0.24738139166305598,PHI vs. WAS,WAS,13,1564.5368234896357,3.0,PHI,20,1374.525629232428,20.0,0,-7,3.0,0,133.0,-147.0,1,0
PHI,11.0,4.0,0.36363636363636365,10.818181818181818,119,10.909090909090908,120,-25.181818181818183,1.577048772863386,-11.345454545454546,0.4114894306592714,2.256038406038406,2.1157042452496997,0.14033416078870628,5.75758750692567,23.363636363636363,257.0,44.0,22.818181818181817,251.0,41.0,NFC East,-1,0.5454545454545454,6,0.5354761904761904,0.6011818181818182,5.721818181818182,5.652849824991555,1.2727272727272727,1.0909090909090908,0.9181818181818181,52.0,2.272727272727273,-9.0,0.4282091200540398,0.592,7.212727272727273,4.48729048278744,1.9090909090909092,0.8181818181818182,0.6875,44.63636363636363,1.4545454545454546,0.4282091200540398,-1.7575875069256703,2011-12-01,2011,0.3106693274982968,0.2560143274363996,SEA,11.0,4.0,0.36363636363636365,11.909090909090908,131,11.272727272727273,124,-31.9,-0.36751539838796954,-16.18181818181818,-0.4244209063742907,1.3692943420216148,1.9487947658402205,-0.5795004238186056,4.356228132898416,16.818181818181817,185.0,35.0,21.09090909090909,232.0,40.0,NFC West,-1,-4.2727272727272725,-47,0.43507936507936507,0.5751818181818181,4.681818181818182,3.7082856537401994,0.9090909090909091,0.7272727272727273,0.8166666666666667,74.0,1.7272727272727273,0.0,0.31694417436396044,0.639,6.220909090909092,3.651380145753878,1.3636363636363635,0.5454545454545454,0.7166666666666667,59.18181818181818,1.7272727272727273,0.31694417436396044,-0.3562281328984156,2011,0.2585232583959441,0.2828085591525391,PHI vs. SEA,SEA,31,1408.8758706585795,19.0,PHI,14,1451.2384663275047,19.0,1,17,3.0,1,142.0,-157.0,0,0
WAS,15.0,5.0,0.3333333333333333,11.133333333333333,167,10.866666666666667,163,-27.90666666666667,-0.2693786102522035,-12.6,0.21963585198133612,1.6858763458763457,2.0840559440559443,-0.39817959817959814,6.330064897145702,18.533333333333335,278.0,56.0,22.2,333.0,65.0,NFC East,-1,-3.6666666666666665,-55,0.46055749805749807,0.5962666666666666,5.200666666666667,3.806422441875965,1.2,0.5333333333333333,0.7288888888888889,55.06666666666667,2.2666666666666666,-15.0,0.3590513897866839,0.6165333333333333,6.882000000000001,4.295436904109505,1.2666666666666666,0.9333333333333333,0.7678571428571429,62.06666666666667,1.2666666666666666,0.3590513897866839,-1.3300648971457019,2012-01-01,2011,0.30559535559275075,0.33682854056667866,PHI,15.0,7.0,0.4666666666666667,11.333333333333334,170,11.333333333333334,170,-23.186666666666667,1.1203352453287303,-12.686666666666667,0.31276234037936934,2.191592666592667,1.9524592074592073,0.23913345913345915,8.604006658152398,24.133333333333333,362.0,60.0,21.2,318.0,52.0,NFC East,3,2.933333333333333,44,0.5170389134674849,0.5962666666666666,6.026,5.196136297456899,1.2666666666666666,1.2666666666666666,0.9357142857142857,51.86666666666667,2.4,-13.0,0.407438824791766,0.6042000000000001,6.772,4.388563392507538,1.7333333333333334,0.7333333333333333,0.7272727272727273,49.46666666666667,1.5333333333333334,0.407438824791766,-1.6040066581523984,2011,0.3151998433375906,0.2527810406965001,WAS vs. PHI,PHI,34,1374.525629232428,20.0,WAS,10,1564.5368234896357,3.0,1,24,-7.0,1,-320.0,281.0,1,0
SEA,1.0,0.0,0.0,13.0,13,10.0,10,-26.400000000000006,-1.1667101430372595,-9.599999999999994,-1.4195510521281687,1.3076923076923077,3.3,-1.9923076923076921,0.17193042417505228,17.0,17.0,3.0,33.0,33.0,5.0,NFC West,-1,-16.0,-16,0.5,0.568,4.05,2.909090909090909,2.0,0.0,1.0,72.0,3.0,-3.0,0.3333333333333333,0.75,6.2,2.65625,0.0,1.0,1.0,102.0,0.0,0.3333333333333333,-0.17193042417505228,2011-09-18,2011,0.1910929790365264,-0.08596521208752617,PIT,1.0,0.0,0.0,13.0,13,12.0,12,-50.6,0.04919894787183132,16.299999999999997,1.4080699156137664,0.5384615384615384,2.9166666666666665,-2.378205128205128,0.021575866489529978,7.0,7.0,1.0,35.0,35.0,6.0,AFC North,-1,-28.0,-28,0.5,0.537,3.2,4.125,1.0,0.0,,53.0,7.0,-7.0,0.3333333333333333,0.586,9.48,5.483870967741935,3.0,1.0,1.0,75.0,0.0,0.3333333333333333,-0.021575866489529978,2011,0.07526339488542078,-0.010787933244765013,SEA vs. PIT,PIT,24,1450.0,17.0,SEA,0,1450.0,17.0,1,24,-13.5,1,-750.0,604.0,0,0
TEN,4.0,3.0,0.75,10.5,42,10.5,42,2.2250000000000014,-1.232386221082153,-29.025,-0.9511652672785296,2.0858585858585856,1.3409090909090908,0.744949494949495,2.7594121370273568,22.0,88.0,15.0,14.0,56.0,12.0,AFC South,3,8.0,32,0.7222222222222222,0.6395,8.9025,2.8434148310460157,2.0,0.25,0.7,63.75,1.25,2.0,0.4105169340463458,0.612,4.5975,3.124635784849639,1.0,0.25,1.0,34.5,1.75,0.4105169340463458,0.24058786297264323,2011-10-09,2011,0.37862391633684317,0.23147056164090307,PIT,4.0,2.0,0.5,10.5,42,10.0,40,-21.025000000000002,-0.21971338979050647,-12.374999999999998,0.3317967264373517,1.6017871017871017,1.714962121212121,-0.11317501942501945,1.824489736605391,16.0,64.0,11.0,18.0,72.0,12.0,AFC North,-1,-2.0,-8,0.2222222222222222,0.622,6.6,3.856087662337662,0.75,0.75,0.5833333333333334,46.0,2.75,-10.0,0.45416666666666666,0.59825,6.297499999999999,4.4075977785655205,1.0,0.75,1.0,56.5,0.25,0.45416666666666666,0.17551026339460907,2011,0.2733965053413137,0.23816326975459567,TEN vs. PIT,PIT,38,1484.524008194847,14.0,TEN,17,1610.2524073849054,3.0,1,21,-3.0,1,-173.0,156.0,0,0
PIT,13.0,10.0,0.7692307692307693,9.76923076923077,127,9.692307692307692,126,-6.076923076923078,0.16720747919558002,-26.215384615384615,-0.19344589043499247,2.2947806467037237,1.5854700854700854,0.7093105612336382,8.585347910016475,21.692307692307693,282.0,48.0,15.23076923076923,198.0,37.0,AFC North,4,6.461538461538462,84,0.456998556998557,0.6394615384615385,7.733846153846153,4.243008531323749,1.6153846153846154,0.6923076923076923,0.7272727272727273,53.46153846153846,1.6153846153846154,-7.0,0.4395687645687646,0.5689230769230769,4.989230769230769,3.882355161693176,1.0769230769230769,0.46153846153846156,0.8409090909090909,51.30769230769231,1.0769230769230769,0.4395687645687646,1.4146520899835249,2011-12-19,2011,0.4190813448329553,0.3030171717517646,SFO,13.0,10.0,0.7692307692307693,11.23076923076923,146,11.615384615384615,151,-9.584615384615384,0.1515976475067557,-26.207692307692312,-0.6033765001683844,2.18262987012987,1.2327053288591752,0.9499245412706951,8.966248670635215,23.615384615384617,307.0,61.0,14.0,182.0,36.0,NFC West,-1,9.615384615384615,125,0.49114357864357866,0.6284615384615384,6.8876923076923084,4.227398699634924,1.1538461538461537,0.7692307692307693,0.8948717948717948,62.15384615384615,0.7692307692307693,21.0,0.2841873812462048,0.5886153846153847,5.384615384615385,3.472424551959784,1.3846153846153846,0.0,0.8933333333333333,53.38461538461539,2.3846153846153846,0.2841873812462048,1.0337513293647849,2011,0.45103205010076497,0.2390295709919166,PIT vs. SFO,SFO,20,1634.7304185602466,2.0,PIT,3,1718.9680329216562,2.0,1,17,-3.0,1,-160.0,144.0,0,0
WAS,10.0,3.0,0.3,11.2,112,10.8,108,-31.860000000000003,-0.5752603428374593,-11.819999999999999,0.08258822216474346,1.4240093240093241,1.924191919191919,-0.5001825951825951,3.8499682573335448,16.0,160.0,31.0,20.5,205.0,43.0,NFC East,-6,-4.5,-45,0.452336860670194,0.5923,4.733,3.5005407092907093,1.0,0.5,0.6433333333333333,47.6,2.3,-10.0,0.3439937513466925,0.635,7.061,4.1583892742929125,1.1,0.8,0.8240740740740741,63.8,1.3,0.3439937513466925,-0.8499682573335448,2011-11-27,2011,0.25325980716308943,0.32449200456912736,SEA,10.0,4.0,0.4,11.9,119,11.3,113,-31.77,-0.4100201663472829,-17.369999999999997,-0.4385932366264891,1.3645571095571096,1.934583333333333,-0.5700262237762238,4.028043162687086,16.8,168.0,32.0,20.9,209.0,36.0,NFC West,2,-4.1,-41,0.45008818342151674,0.586,4.747,3.665780885780886,0.8,0.8,0.8518518518518519,72.3,1.8,-1.0,0.3111385918003565,0.6285999999999999,6.112,3.6372078155016796,1.3,0.5,0.7407407407407408,53.6,1.7,0.3111385918003565,-0.028043162687086287,2011,0.2681534611714397,0.2858322532241282,WAS vs. SEA,SEA,17,1483.0740914460923,16.0,WAS,23,1299.576556745516,22.0,0,-6,-3.0,0,-140.0,127.0,0,0
SFO,14.0,11.0,0.7857142857142857,11.142857142857142,156,11.5,161,-9.87142857142857,0.08773583562807061,-27.914285714285715,-0.5356173516241585,2.1695848794063077,1.1660835196549484,1.0035013597513598,9.955220079903079,23.357142857142858,327.0,65.0,13.214285714285714,185.0,37.0,NFC West,1,10.142857142857142,142,0.5125349009964395,0.6250714285714285,6.872857142857143,4.163536887756239,1.1428571428571428,0.7857142857142857,0.9023809523809524,61.214285714285715,0.7142857142857143,25.0,0.28586630456378354,0.5871428571428572,5.275714285714286,3.54018370050401,1.2857142857142858,0.0,0.8575757575757575,54.714285714285715,2.5,0.28586630456378354,1.0447799200969214,2011-12-24,2011,0.44776130714574175,0.23054873870611625,SEA,14.0,7.0,0.5,11.571428571428571,162,11.214285714285714,157,-23.88571428571429,-0.3319938176959343,-25.228571428571428,-0.262896375395283,1.7623820623820625,1.7989448051948052,-0.03656274281274282,7.017418442761453,20.285714285714285,284.0,48.0,19.5,273.0,46.0,NFC West,3,0.7857142857142857,11,0.4168890938121707,0.5979285714285715,5.598571428571428,3.7438072344322344,0.9285714285714286,0.9285714285714286,0.8397435897435896,67.21428571428571,1.5,8.0,0.341289470333588,0.6049285714285714,5.079285714285715,3.8129046767328854,1.2142857142857142,0.5714285714285714,0.7424242424242423,53.857142857142854,2.0714285714285716,0.341289470333588,-0.017418442761453434,2011,0.29592765200504856,0.2717009789049013,SFO vs. SEA,SEA,17,1500.0,1.0,SFO,19,1500.0,1.0,0,-2,1.5,0,111.0,-123.0,1,0
TAM,4.0,3.0,0.75,9.75,39,10.25,41,-21.05,0.31272233968469676,-7.75,-0.4055990319261483,2.1656565656565654,1.8805555555555555,0.28510101010100997,2.24995788328639,21.0,84.0,15.0,19.25,77.0,15.0,NFC South,3,1.75,7,0.16666666666666666,0.6672499999999999,5.5125,4.388523391812866,0.75,1.25,0.875,66.0,1.25,1.0,0.445203081232493,0.5782499999999999,8.094999999999999,3.6702020202020202,1.5,0.5,0.875,58.25,1.5,0.445203081232493,0.75004211671361,2011-10-09,2011,0.4567348189147702,0.3429916570164887,SFO,4.0,3.0,0.75,11.0,44,12.25,49,-6.524999999999999,-0.5698707360362147,-22.6,-0.4996646884918049,2.186742424242424,1.5352564102564101,0.6514860139860138,2.543558263400426,23.5,94.0,16.0,18.75,75.0,15.0,NFC West,2,4.75,19,0.27777777777777773,0.68,6.75,3.5059303160919537,1.0,1.0,0.8333333333333334,59.25,0.75,8.0,0.33333333333333337,0.589,5.955,3.5761363636363637,1.75,0.0,0.8166666666666667,62.5,2.75,0.33333333333333337,0.4564417365995741,2011,0.40513106696359763,0.26452360229078375,TAM vs. SFO,SFO,48,1572.2546056045694,3.0,TAM,3,1577.322431893039,3.0,1,45,-2.5,1,-140.0,127.0,0,0
SFO,7.0,6.0,0.8571428571428571,11.285714285714286,79,12.0,84,-5.157142857142857,0.4101884325251091,-26.24285714285714,-0.5643856559301638,2.520400432900433,1.2529851101279674,1.2674153227724656,5.037173904417396,26.714285714285715,187.0,32.0,15.285714285714286,107.0,22.0,NFC West,5,11.428571428571429,80,0.5138888888888888,0.6445714285714287,7.117142857142857,4.485989484653278,1.2857142857142858,1.1428571428571428,0.9047619047619048,61.0,0.8571428571428571,10.0,0.30884353741496595,0.5824285714285714,5.441428571428572,3.5114153961980046,1.4285714285714286,0.0,0.8476190476190476,62.714285714285715,2.2857142857142856,0.30884353741496595,0.9628260955826038,2011-11-06,2011,0.4607783635780169,0.26051390153540355,WAS,7.0,3.0,0.42857142857142855,11.142857142857142,78,10.857142857142858,76,-34.75714285714286,-0.5074265694679715,-15.757142857142854,0.40547475097425995,1.4967532467532467,1.8632034632034633,-0.3664502164502164,3.0733855482593917,16.571428571428573,116.0,22.0,19.857142857142858,139.0,29.0,NFC East,-3,-3.2857142857142856,-23,0.4222222222222222,0.5672857142857143,4.62,3.568374482660197,1.0,0.5714285714285714,0.6428571428571429,47.285714285714285,2.2857142857142856,-6.0,0.3198079231692677,0.6185714285714285,6.8342857142857145,4.481275803102428,1.0,0.8571428571428571,0.7916666666666666,68.57142857142857,1.4285714285714286,0.3198079231692677,-0.0733855482593917,2011,0.2790943551983395,0.3230673291362362,SFO vs. WAS,WAS,11,1387.6440374123329,14.0,SFO,19,1708.7588068241794,1.0,0,-8,5.0,0,214.0,-240.0,0,0
TAM,10.0,4.0,0.4,10.8,108,10.7,107,-26.8,0.31924862080251104,-0.03999999999999844,0.3828453497791028,1.7554933954933953,2.5823504273504274,-0.8268570318570319,3.8269606583623372,18.2,182.0,36.0,26.8,268.0,46.0,NFC South,-4,-8.6,-86,0.537962962962963,0.6197999999999999,5.163,4.39504967293068,1.1,0.6,0.93,67.7,1.8,-3.0,0.36417222483398953,0.6283,8.926,4.458646401907272,1.8,1.3,0.7166666666666667,52.4,1.5,0.36417222483398953,0.17303934163766277,2011-11-27,2011,0.33910131138792204,0.39435496235077805,TEN,10.0,5.0,0.5,10.4,104,10.5,105,-14.039999999999997,-0.7344719860692095,-13.37,0.1558069641252997,1.9343939393939393,1.9761907536907537,-0.041796814296814276,5.447264325105197,20.3,203.0,34.0,19.5,195.0,36.0,AFC South,-1,0.8,8,0.5207231040564374,0.5972000000000001,6.7620000000000005,3.3413290660589587,1.6,0.4,0.8666666666666667,71.9,1.1,2.0,0.38798397680750624,0.6303,6.544,4.231608016253468,1.5,0.5,0.9444444444444444,56.4,1.3,0.38798397680750624,-0.44726432510519665,2011,0.3123009739869455,0.293236651710679,TAM vs. TEN,TEN,23,1459.3021013744888,12.0,TAM,17,1428.425568011302,16.0,1,6,-3.0,1,-170.0,153.0,0,0
