Aw_Tm,Aw_G,Aw_W,Aw_Wpct,Aw_Poss,Aw_TotPoss,Aw_OppPoss,Aw_TotOppPoss,Aw_PassOffEff,Aw_RushOffEff,Aw_PassDefEff,Aw_RushDefEff,Aw_TmOffEff,Aw_TmDefEff,Aw_TmEff,Aw_TmLuckW,Aw_Pts,Aw_TotPts,Aw_TotScorePlays,Aw_OppPts,Aw_TotOppPts,Aw_TotOppScorePlays,Aw_TmDiv,Aw_WStreak,Aw_AvgMoV,Aw_TotPtDiff,Aw_OppSOS,Aw_PassCmppct,Aw_PassAdjYdsAtt,Aw_RushYdsAtt,Aw_PassTDG,Aw_RushTDG,Aw_FGpct,Aw_PenYdsG,Aw_TOVG,Aw_TO,Aw_Dwn3Conv,Aw_OppPassCmppct,Aw_OppPassAdjYdsAtt,Aw_OppRushYdsAtt,Aw_OppPassTDG,Aw_OppRushTDG,Aw_OppFGpct,Aw_OppPenYdsG,Aw_OppTOVG,Aw_OppDwn3Conv,Aw_TmLuck,Game Date,Aw_Season,Aw_OffEffAdj,Aw_DefEffAdj,Hm_Tm,Hm_G,Hm_W,Hm_Wpct,Hm_Poss,Hm_TotPoss,Hm_OppPoss,Hm_TotOppPoss,Hm_PassOffEff,Hm_RushOffEff,Hm_PassDefEff,Hm_RushDefEff,Hm_TmOffEff,Hm_TmDefEff,Hm_TmEff,Hm_TmLuckW,Hm_Pts,Hm_TotPts,Hm_TotScorePlays,Hm_OppPts,Hm_TotOppPts,Hm_TotOppScorePlays,Hm_TmDiv,Hm_WStreak,Hm_AvgMoV,Hm_TotPtDiff,Hm_OppSOS,Hm_PassCmppct,Hm_PassAdjYdsAtt,Hm_RushYdsAtt,Hm_PassTDG,Hm_RushTDG,Hm_FGpct,Hm_PenYdsG,Hm_TOVG,Hm_TO,Hm_Dwn3Conv,Hm_OppPassCmppct,Hm_OppPassAdjYdsAtt,Hm_OppRushYdsAtt,Hm_OppPassTDG,Hm_OppRushTDG,Hm_OppFGpct,Hm_OppPenYdsG,Hm_OppTOVG,Hm_OppDwn3Conv,Hm_TmLuck,Hm_Season,Hm_OffEffAdj,Hm_DefEffAdj,Matchup,Home Team,Home Elo,Home Lg Rank,Away Team,Away Elo,Away Lg Rank,Home W,Home Pt Diff,Home Spread,Home Spread W,Home Moneyline,Away Moneyline,Divisional Game,Playoff Game
ARI,1.0,1.0,1.0,11.0,11,11.0,11,7.299999999999997,0.1923076923076925,-24.099999999999994,-1.8333333333333335,1.6363636363636365,1.5454545454545454,0.09090909090909105,0.53381466525428,18.0,18,4.0,17.0,17,3.0,NFC West,1,1.0,1,0.5,0.649,9.03,4.1923076923076925,2.0,0.0,1.0,23.0,2.0,-1,0.46153846153846156,0.583,5.92,2.1666666666666665,1.0,1.0,1.0,47.0,1.0,0.46153846153846156,0.46618533474572,2014-09-14,2014,0.5331583035438981,0.1271414549306509,NYG,1.0,0.0,0.0,10.0,10,9.0,9,-49.4,-1.5909090909090908,24.599999999999994,-1.4666666666666668,1.4,3.888888888888889,-2.488888888888889,0.102329136333056,14.0,14,2.0,35.0,35,6.0,NFC East,-1,-21.0,-21,0.5,0.545,2.24,2.409090909090909,1.0,1.0,,25.0,2.0,-2,0.23076923076923078,0.688,11.91,2.533333333333333,2.0,2.0,0.6666666666666666,85.0,0.0,0.23076923076923078,-0.102329136333056,2014,0.1795341727333888,-0.06821942422203738,ARI vs. NYG,NYG,1450.0,17.0,ARI,1550.0,1.0,0,-11,-1.0,0,-115.0,104.0,0,0
SFO,2.0,1.0,0.5,9.0,18,9.5,19,-10.600000000000001,0.46851851851851833,-11.850000000000001,0.11381074168797944,2.75,2.344444444444444,0.40555555555555567,1.0759901610061857,24.0,48,7.0,22.5,45,7.0,NFC West,-1,1.5,3,0.0,0.657,6.765,4.468518518518518,1.5,1.0,0.5,98.0,2.0,0,0.5608974358974359,0.649,5.5649999999999995,4.1138107416879794,2.5,0.5,1.0,65.0,2.0,0.5608974358974359,-0.07599016100618572,2014-09-21,2014,0.3741130242487972,0.1702123387620184,ARI,2.0,2.0,1.0,10.0,20,11.0,22,-15.0,0.31043956043956067,-21.5,-1.4166666666666667,2.207070707070707,1.4090909090909092,0.797979797979798,1.3318676828537432,21.5,43,9.0,15.5,31,5.0,NFC West,2,6.0,12,0.0,0.5660000000000001,6.965,4.31043956043956,1.0,0.5,1.0,47.0,1.0,3,0.42307692307692313,0.625,5.65,2.583333333333333,1.5,0.5,1.0,58.5,2.5,0.42307692307692313,0.6681323171462568,2014,0.6003297713579078,0.1895604905848019,SFO vs. ARI,ARI,1585.9935000197115,1.0,SFO,1485.9935000197115,8.0,1,9,3.0,1,136.0,-150.0,1,0
ARI,3.0,3.0,1.0,9.0,27,9.666666666666666,29,-10.199999999999998,-0.08933658933658917,-13.566666666666668,-1.0893719806763285,2.566618566618567,1.6060606060606062,0.9605579605579605,2.0961955769303438,22.0,66,14.0,15.0,45,7.0,NFC West,3,7.0,21,0.25,0.5636666666666666,7.526666666666666,3.910663410663411,1.3333333333333333,0.3333333333333333,1.0,43.333333333333336,1.0,2,0.4871794871794872,0.6779999999999999,6.073333333333333,2.910628019323672,1.3333333333333333,0.6666666666666666,0.5,74.66666666666667,1.6666666666666667,0.4871794871794872,0.9038044230696562,2014-10-05,2014,0.674731628678706,0.23363943633893786,DEN,3.0,2.0,0.6666666666666666,10.0,30,10.666666666666666,32,12.999999999999995,-0.793640350877193,-13.633333333333335,-0.12201602524183179,2.689010989010989,2.142857142857143,0.5461538461538462,1.690184544891248,25.0,75,12.0,22.333333333333332,67,12.0,AFC West,-1,2.6666666666666665,8,0.25,0.684,8.74,3.2063596491228075,2.6666666666666665,0.3333333333333333,1.0,56.0,0.6666666666666666,1,0.4166666666666667,0.6643333333333333,6.253333333333333,3.8779839747581684,1.3333333333333333,1.3333333333333333,0.7222222222222222,47.0,1.0,0.4166666666666667,0.30981545510875197,2014,0.4413087273478336,0.288726931888594,ARI vs. DEN,DEN,1521.987000039423,4.0,ARI,1621.987000039423,1.0,1,21,-8.0,1,-350.0,305.0,0,0
WAS,5.0,1.0,0.2,11.4,57,11.2,56,-8.9,0.03688953842406537,4.600000000000001,-0.33100309597523225,1.9124242424242426,2.4003885003885004,-0.48796425796425796,1.8036232505553957,22.4,112,19.0,27.2,136,22.0,NFC East,-3,-4.8,-24,0.5,0.647,7.053999999999999,4.036889538424065,1.6,1.2,0.8888888888888888,83.6,1.8,-5,0.3173809523809524,0.6526,8.14,3.6689969040247674,2.2,0.6,1.0,63.0,0.8,0.3173809523809524,-0.8036232505553957,2014-10-12,2014,0.2797584499629736,0.2511438874563618,ARI,4.0,3.0,0.75,10.5,42,10.75,43,-16.875,-0.5801603367392839,-7.699999999999999,-0.995600414078675,2.2582972582972585,1.9366883116883116,0.3216089466089466,2.250493700165473,21.5,86,18.0,21.5,86,14.0,NFC West,-1,0.0,0,0.38888888888888884,0.511,7.1,3.419839663260716,1.25,0.5,1.0,36.25,0.75,4,0.4122596153846154,0.6735,7.0325,3.004399585921325,2.0,0.75,0.5555555555555555,72.75,1.75,0.4122596153846154,0.7495062998345272,2014,0.5088756749822707,0.30519237324234527,WAS vs. ARI,ARI,1557.9805000591346,4.0,WAS,1384.1101323409678,26.0,1,10,-5.0,1,-230.0,205.0,0,0
ARI,5.0,4.0,0.8,10.8,54,11.2,56,-14.839999999999998,-0.6206500085218619,-10.940000000000001,-0.7494215077335282,2.3066378066378066,1.8570429570429572,0.4495948495948496,2.9738061323409757,23.2,116,23.0,21.2,106,18.0,NFC West,1,2.0,10,0.3416666666666667,0.5359999999999999,6.965999999999999,3.3793499914781377,1.4,0.4,1.0,50.6,0.6,8,0.4121606334841629,0.6652,6.890000000000001,3.2505784922664716,2.0,0.6,0.6666666666666666,70.6,2.2,0.4121606334841629,1.0261938676590243,2014-10-19,2014,0.5133424405783613,0.3231124629209373,LVR,5.0,0.0,0.0,10.4,52,10.0,50,-20.139999999999997,-0.14045157456922128,7.819999999999996,0.13962328805039811,1.541041181041181,2.711919191919192,-1.170878010878011,1.1970563897697122,15.8,79,13.0,26.8,134,24.0,AFC West,-5,-11.0,-55,0.6583333333333333,0.6102000000000001,5.392,3.8595484254307793,1.8,0.2,0.5,50.2,2.0,-5,0.38015873015873014,0.71,8.184000000000001,4.139623288050398,1.8,1.0,0.95,68.8,1.0,0.38015873015873014,-1.1970563897697122,2014,0.19014718051151439,0.2690825865821076,ARI vs. LVR,LVR,1320.3857200356024,29.0,ARI,1584.8573774310507,4.0,0,-11,3.5,0,166.0,-185.0,0,0
PHI,6.0,5.0,0.8333333333333334,12.166666666666666,73,12.666666666666666,76,-18.549999999999997,-0.12314744668911344,-9.566666666666665,0.053771203370745736,2.53500666000666,1.7625097125097124,0.7724969474969475,3.9386832976219543,30.5,183,26.0,22.0,132,24.0,NFC East,2,8.5,51,0.35333333333333333,0.597,6.201666666666667,3.8768525533108864,1.6666666666666667,0.6666666666666666,0.95,57.333333333333336,2.3333333333333335,-5,0.4044994479205006,0.5895,6.93,4.053771203370746,2.1666666666666665,0.3333333333333333,0.75,82.16666666666667,1.5,0.4044994479205006,1.0613167023780457,2014-10-26,2014,0.4191649184060027,0.3190166685462129,ARI,6.0,5.0,0.8333333333333334,10.666666666666666,64,10.833333333333334,65,-12.066666666666668,-0.6298209530474975,-13.433333333333335,-0.7999565196025017,2.322198172198172,1.7882765382765384,0.5339216339216338,3.7842746880765374,23.333333333333332,140,27.0,19.833333333333332,119,21.0,NFC West,2,3.5,21,0.2733333333333333,0.565,7.080000000000001,3.3701790469525026,1.5,0.5,1.0,49.333333333333336,0.6666666666666666,7,0.4434671945701358,0.6495000000000001,6.718333333333334,3.2000434803974986,1.6666666666666667,0.6666666666666666,0.7333333333333333,71.16666666666667,1.8333333333333333,0.4434671945701358,1.2157253119234626,2014,0.5073556859946184,0.33469290141126334,PHI vs. ARI,ARI,1602.7679030551603,2.0,PHI,1635.104716371387,1.0,1,4,-1.0,1,-105.0,-105.0,0,0
ARI,7.0,6.0,0.8571428571428571,11.0,77,11.142857142857142,78,-11.728571428571428,-0.6702813137922651,-15.028571428571428,-0.628534159659287,2.2541918399061256,1.7525886811601097,0.5016031587460159,4.390650204221197,23.428571428571427,164,31.0,19.857142857142858,139,25.0,NFC West,3,3.5714285714285716,25,0.3666666666666667,0.5522857142857143,7.324285714285714,3.329718686207735,1.5714285714285714,0.5714285714285714,1.0,55.857142857142854,0.7142857142857143,9,0.4389382676147382,0.6397142857142857,6.590000000000001,3.3714658403407127,1.7142857142857142,0.5714285714285714,0.7777777777777777,75.71428571428571,2.0,0.4389382676147382,1.6093497957788028,2014-11-02,2014,0.49515740940471775,0.34841345218767417,DAL,8.0,6.0,0.75,10.25,82,9.75,78,5.050000000000001,1.0434420048356974,-12.1375,1.08299558864075,2.628030303030303,2.198737373737374,0.4292929292929292,4.933690927273886,26.625,213,38.0,20.875,167,26.0,NFC East,-1,5.75,46,0.5884353741496599,0.689375,8.2475,5.043442004835698,2.0,0.875,0.9583333333333334,43.125,1.875,-2,0.5510839752567693,0.659375,6.75125,5.08299558864075,1.375,0.75,0.7857142857142857,53.125,1.625,0.5510839752567693,1.0663090727261144,2014,0.5251825377493785,0.336096211363588,ARI vs. DAL,DAL,1628.453972598944,3.0,ARI,1657.4081535019773,1.0,0,-11,-1.5,0,-119.0,108.0,0,0
LAR,8.0,3.0,0.375,10.125,81,10.0,80,-16.650000000000002,0.03606153379317795,2.1374999999999993,0.5706335600462753,1.9771537490287492,2.8003517316017317,-0.8231979825729825,2.82564691453259,18.625,149,25.0,27.5,220,33.0,NFC West,1,-8.875,-71,0.503061224489796,0.653875,5.85375,4.036061533793178,1.375,0.5,0.6666666666666666,74.5,1.625,-3,0.4079115329115329,0.708875,7.945,4.570633560046275,1.5,1.0,0.875,43.5,1.25,0.4079115329115329,0.17435308546741002,2014-11-09,2014,0.31536856039611916,0.3699275809694133,ARI,8.0,7.0,0.875,10.875,87,11.0,88,-9.9875,-0.6468409771544388,-18.85,-0.5899673897018761,2.3224178599178598,1.746015096015096,0.5764027639027639,5.156066800256085,24.0,192,35.0,19.5,156,27.0,NFC West,4,4.5,36,0.42142857142857143,0.564125,7.335,3.353159022845561,1.75,0.625,1.0,56.625,0.75,10,0.45907098416289593,0.627875,6.16,3.4100326102981238,1.625,0.5,0.738095238095238,70.375,2.0,0.45907098416289593,1.8439331997439146,2014,0.4950253764239038,0.3391849380583604,LAR vs. ARI,ARI,1703.2509314731608,1.0,LAR,1489.901887999779,19.0,1,17,-7.0,1,-300.0,264.0,1,0
DET,9.0,7.0,0.7777777777777778,10.666666666666666,96,10.666666666666666,96,-13.766666666666666,-0.8764395220472007,-22.233333333333334,-0.8328628811084952,2.0044353794353795,1.512025012025012,0.49241036741036737,5.609499299332295,20.22222222222222,182,30.0,15.777777777777779,142,28.0,NFC North,4,4.444444444444445,40,0.5055059523809524,0.6211111111111111,6.743333333333333,3.1235604779527995,1.4444444444444444,0.6666666666666666,0.5185185185185186,60.77777777777778,1.3333333333333333,2,0.38840110506777176,0.6326666666666667,5.262222222222222,3.167137118891505,1.1111111111111112,0.4444444444444444,0.9583333333333334,53.666666666666664,1.5555555555555556,0.38840110506777176,1.3905007006677046,2014-11-16,2014,0.36078127432873974,0.304321781966083,ARI,9.0,8.0,0.8888888888888888,10.88888888888889,98,11.222222222222221,101,-10.188888888888888,-0.8780000605009153,-21.555555555555557,-0.6153245484218697,2.3775027441694108,1.671671538338205,0.7058312058312057,6.0241348448262615,24.77777777777778,223,38.0,18.88888888888889,170,29.0,NFC West,5,5.888888888888889,53,0.415625,0.5773333333333333,7.2844444444444445,3.121999939499085,1.6666666666666667,0.6666666666666666,0.9375,54.22222222222222,0.7777777777777778,12,0.45250754147812977,0.6211111111111111,5.861111111111111,3.3846754515781305,1.5555555555555556,0.5555555555555556,0.738095238095238,71.44444444444444,2.111111111111111,0.45250754147812977,1.9758651551737385,2014,0.4728830792478481,0.31826192464250647,DET vs. ARI,ARI,1725.9017182490393,1.0,DET,1663.4267988327208,2.0,1,8,1.0,1,104.0,-115.0,0,0
ARI,10.0,9.0,0.9,10.7,107,11.1,111,-10.029999999999998,-1.0132769775277468,-23.3,-0.4380026198954722,2.2953080253080254,1.5645043845043844,0.7308036408036408,6.9057793263353044,23.7,237,40.0,17.6,176,31.0,NFC West,6,6.1,61,0.4558641975308642,0.5851999999999999,7.356,2.9867230224722534,1.7,0.6,0.9375,52.3,0.9,11,0.4643996444731739,0.619,5.672,3.5619973801045277,1.4,0.5,0.7708333333333333,72.3,2.0,0.4643996444731739,2.0942206736646956,2014-11-23,2014,0.4521203990155026,0.30983859539063563,SEA,10.0,6.0,0.6,10.0,100,10.0,100,-10.849999999999998,1.5769036557149079,-7.790000000000001,-0.6257836909829322,2.6123989898989897,2.2438908313908312,0.36850815850815855,5.97527029209793,26.0,260,46.0,21.5,215,37.0,NFC West,-1,4.5,45,0.41335978835978837,0.6286,6.625,5.576903655714908,1.3,1.4,0.9351851851851851,59.6,0.9,5,0.4144684563802211,0.666,6.775,3.3742163090170676,1.5,0.7,0.85,37.1,1.4,0.4144684563802211,0.024729707902070075,2014,0.4611375665634952,0.3339149991923766,ARI vs. SEA,SEA,1537.3858112785558,9.0,ARI,1767.0065217578515,1.0,1,16,-7.5,1,-360.0,314.0,1,0
ARI,11.0,9.0,0.8181818181818182,10.636363636363637,117,10.909090909090908,120,-13.354545454545452,-0.9938881613888607,-19.945454545454545,-0.37310582999901865,2.1139163866436594,1.6141959051049959,0.49972048153866333,6.918215775301713,21.818181818181817,240,41.0,17.727272727272727,195,36.0,NFC West,-1,4.090909090909091,45,0.47027777777777774,0.5809090909090909,7.019090909090909,3.00611183861114,1.5454545454545454,0.5454545454545454,0.8888888888888888,49.81818181818182,0.9090909090909091,10,0.44490876770288534,0.633,5.9372727272727275,3.626894170000981,1.3636363636363635,0.45454545454545453,0.7740740740740741,72.45454545454545,1.8181818181818181,0.44490876770288534,2.0817842246982874,2014-11-30,2014,0.4167468167930301,0.3295032061281351,ATL,11.0,4.0,0.36363636363636365,10.818181818181818,119,11.0,121,-8.036363636363637,0.02141298307514247,-11.554545454545455,0.07502217743132066,2.203332273786819,2.3677933177933177,-0.16446104400649852,4.614261844251142,23.818181818181817,262,45.0,25.545454545454547,281,52.0,NFC South,-1,-1.7272727272727273,-19,0.4639285714285714,0.6593636363636364,7.008181818181819,4.021412983075143,1.7272727272727273,0.8181818181818182,0.7777777777777778,57.09090909090909,1.5454545454545454,4,0.43758476372112737,0.6254545454545455,7.620909090909091,4.075022177431321,1.2727272727272727,1.3636363636363635,0.8183333333333334,52.27272727272727,1.9090909090909092,0.43758476372112737,-0.6142618442511418,2014,0.3570345431693649,0.36668548767764136,ARI vs. ATL,ATL,1386.8922040262762,20.0,ARI,1688.058368486057,1.0,1,11,1.5,1,106.0,-117.0,0,0
KAN,12.0,7.0,0.5833333333333334,10.0,120,10.333333333333334,124,-7.758333333333333,0.5442148974266064,-11.008333333333333,0.9629427573506524,2.3910383597883595,1.878543216043216,0.5124951437451438,6.851433809321661,23.083333333333332,277,47.0,18.666666666666668,224,46.0,AFC West,-2,4.416666666666667,53,0.5433884297520661,0.6603333333333333,6.629166666666666,4.544214897426606,1.25,1.3333333333333333,0.9090909090909091,36.416666666666664,1.0833333333333333,-3,0.4079647204647205,0.6005833333333334,6.514166666666667,4.962942757350652,1.5833333333333333,0.16666666666666666,0.8787878787878788,52.416666666666664,0.8333333333333334,0.4079647204647205,0.14856619067833865,2014-12-07,2014,0.39651570205686243,0.3446465354645185,ARI,12.0,9.0,0.75,10.583333333333334,127,10.916666666666666,131,-14.574999999999998,-0.9792459661216073,-17.825,-0.3273077951461592,2.0877566877566878,1.6993765493765494,0.3883801383801384,7.162319661958962,21.5,258,43.0,18.666666666666668,224,43.0,NFC West,-2,2.8333333333333335,34,0.46058310376492195,0.58375,6.9125000000000005,3.020754033878393,1.5,0.5,0.9,48.5,1.0833333333333333,8,0.4197377989657401,0.64125,6.16,3.6726922048538406,1.4166666666666667,0.4166666666666667,0.7966666666666666,72.75,1.75,0.4197377989657401,1.8376803380410376,2014,0.39043323788436,0.35115792273267465,KAN vs. ARI,ARI,1603.0704754882836,1.0,KAN,1551.6691132415929,12.0,1,3,2.5,1,131.0,-145.0,0,0
ARI,13.0,10.0,0.7692307692307693,10.538461538461538,137,10.846153846153847,141,-14.523076923076925,-0.882940332364001,-17.70769230769231,-0.03968683352858134,2.0579292502369424,1.6763475840398916,0.3815816661970508,7.775369363361743,21.153846153846153,275,47.0,18.307692307692307,238,45.0,NFC West,1,2.8461538461538463,37,0.47081228956228954,0.5773076923076923,7.009230769230769,3.117059667635999,1.4615384615384615,0.46153846153846156,0.8727272727272727,47.84615384615385,1.0,10,0.4182195067376063,0.6432307692307693,6.157692307692307,3.9603131664714186,1.3846153846153846,0.46153846153846156,0.7966666666666666,72.92307692307692,1.7692307692307692,0.4182195067376063,2.224630636638257,2014-12-11,2014,0.4017729589679945,0.349213518084409,LAR,13.0,6.0,0.46153846153846156,10.692307692307692,139,10.615384615384615,138,-13.36923076923077,0.22156861824962995,-9.830769230769231,-0.029943117227600142,2.121228557767019,2.177838827838828,-0.056610270071808556,6.325466572791299,21.923076923076923,285,46.0,21.923076923076923,285,41.0,NFC West,2,0.0,0,0.5095929533429534,0.6410769230769231,6.355384615384616,4.22156861824963,1.3846153846153846,0.7692307692307693,0.6818181818181818,73.0,1.4615384615384615,4,0.3669080667949446,0.6966153846153846,6.676153846153847,3.9700568827723997,1.1538461538461537,0.7692307692307693,0.85,50.30769230769231,1.7692307692307692,0.3669080667949446,-0.3254665727912993,2014,0.3226499931663532,0.26680929237210516,ARI vs. LAR,LAR,1489.901887999779,19.0,ARI,1703.2509314731608,1.0,0,-6,-6.0,0,-255.0,227.0,1,0
SEA,14.0,10.0,0.7142857142857143,10.0,140,9.928571428571429,139,-8.328571428571427,1.2499644433340897,-17.435714285714287,-0.6097408759546196,2.4361610611610613,1.793850593850594,0.6423104673104673,9.62359352379591,24.214285714285715,339,63.0,17.285714285714285,242,42.0,NFC West,4,6.928571428571429,97,0.5034664053894823,0.6311428571428571,7.031428571428571,5.249964443334089,1.2857142857142858,1.1428571428571428,0.9397435897435897,63.714285714285715,0.8571428571428571,8,0.42109795549921597,0.6306428571428572,5.7942857142857145,3.39025912404538,1.2142857142857142,0.5714285714285714,0.8333333333333334,40.214285714285715,1.4285714285714286,0.42109795549921597,0.3764064762040906,2014-12-21,2014,0.46209877959227436,0.28869942034972856,ARI,14.0,11.0,0.7857142857142857,10.642857142857142,149,11.0,154,-16.007142857142856,-0.7960636419570487,-19.535714285714285,-0.07613777399082552,1.982362875220018,1.589575503861218,0.39278737135879993,8.613279344117139,20.5,287,51.0,17.428571428571427,244,47.0,NFC West,2,3.0714285714285716,43,0.47009891817584126,0.5741428571428572,6.820714285714286,3.2039363580429514,1.3571428571428572,0.42857142857142855,0.8833333333333333,48.642857142857146,0.9285714285714286,12,0.4093550881891218,0.6339285714285714,6.022142857142858,3.9238622260091742,1.2857142857142858,0.42857142857142855,0.8151515151515152,72.64285714285714,1.7857142857142858,0.4093550881891218,2.3867206558828613,2014,0.40063410999521853,0.3354248009399325,SEA vs. ARI,ARI,1767.0065217578515,1.0,SEA,1537.3858112785558,9.0,0,-29,9.5,0,338.0,-390.0,1,0
ARI,15.0,11.0,0.7333333333333333,10.733333333333333,161,11.066666666666666,166,-18.706666666666667,-0.8807705102710233,-16.87333333333333,0.18580082270660203,1.8835386835386836,1.6780482480482481,0.2054904354904355,8.6283517131725,19.533333333333335,293,53.0,18.6,279,52.0,NFC West,-1,0.9333333333333333,14,0.4875408321836893,0.5625333333333332,6.576666666666667,3.119229489728977,1.2666666666666666,0.4,0.8923076923076922,45.733333333333334,0.9333333333333333,11,0.395398082309847,0.6354000000000001,6.389333333333334,4.185800822706602,1.3333333333333333,0.6,0.7472222222222222,74.26666666666667,1.6666666666666667,0.395398082309847,2.371648286827501,2014-12-28,2014,0.38124114252664904,0.34189787586948994,SFO,15.0,7.0,0.4666666666666667,10.4,156,10.466666666666667,157,-17.779999999999998,0.34391147019083057,-18.386666666666663,-0.08406777733689706,1.8337567987567989,2.1292315092315093,-0.2954747104747104,6.5822006405960085,19.066666666666666,286,51.0,21.533333333333335,323,53.0,NFC West,-4,-2.466666666666667,-37,0.4966057751772038,0.5997333333333333,6.068666666666667,4.343911470190831,1.2,0.6666666666666666,0.6904761904761905,57.266666666666666,1.4666666666666666,4,0.40208560445402547,0.5966,5.956,3.915932222663103,1.8,0.4666666666666667,1.0,59.2,1.7333333333333334,0.40208560445402547,0.4177993594039915,2014,0.33602896039726654,0.3244770131840389,ARI vs. SFO,SFO,1485.9935000197115,8.0,ARI,1585.9935000197115,1.0,1,3,-6.0,0,-247.0,220.0,1,0
ARI,16.0,11.0,0.6875,10.625,170,10.875,174,-19.625,-0.8307223533790843,-15.4375,0.31433978643895455,1.8838730713730714,1.7294202325452326,0.15445283882783883,9.033232309786525,19.375,310,56.0,18.6875,299,56.0,NFC West,-2,0.6875,11,0.48614922114922116,0.5633125,6.484375,3.1692776466209156,1.3125,0.375,0.9,44.1875,1.0625,8,0.3956857021654816,0.63175,6.540625,4.314339786438954,1.375,0.5625,0.7666666666666667,74.5,1.5625,0.3956857021654816,1.9667676902134748,2015-01-03,2014,0.36990404068086563,0.3412855569870526,CAR,16.0,7.0,0.4375,10.5625,169,10.6875,171,-16.712500000000002,0.19921775230554287,-9.712499999999999,0.4886047867070601,2.040689778971029,2.2622941294816297,-0.22160435051060054,7.382189821706994,21.1875,339,62.0,23.375,374,61.0,NFC South,4,-2.1875,-35,0.5286258186258187,0.5946875,6.3025,4.199217752305543,1.4375,0.625,0.87,47.25,1.4375,3,0.40507568411980177,0.6488125,6.566875,4.48860478670706,1.5625,0.875,0.8035714285714286,47.5,1.625,0.40507568411980177,-0.38218982170699434,2014,0.3581006771650023,0.3259087795598952,ARI vs. CAR,CAR,1494.079984987762,19.0,ARI,1559.5020578551098,6.0,1,11,-5.5,1,-242.0,216.0,0,1
ATL,1.0,1.0,1.0,11.0,11,10.0,10,28.5,0.9199999999999999,-9.299999999999997,0.9642857142857144,3.3636363636363638,3.4,-0.036363636363636154,0.5499332518560317,37.0,37,7.0,34.0,34,6.0,NFC South,1,3.0,3,0.5,0.721,11.74,4.92,3.0,1.0,1.0,96.0,1.0,1,0.5454545454545454,0.69,7.33,4.964285714285714,1.0,3.0,1.0,27.0,2.0,0.5454545454545454,0.4500667481439683,2014-09-14,2014,0.9227697488188888,0.27004004888638095,CIN,1.0,1.0,1.0,11.0,11,11.0,11,-1.2999999999999972,-0.9615384615384617,-30.099999999999994,0.7000000000000002,2.090909090909091,1.4545454545454546,0.6363636363636362,0.7026786260838358,23.0,23,6.0,16.0,16,3.0,AFC North,1,7.0,7,0.5,0.6579999999999999,8.45,3.0384615384615383,1.0,0.0,0.8333333333333334,45.0,0.0,2,0.2857142857142857,0.565,4.9,4.7,1.0,1.0,0.5,29.0,2.0,0.2857142857142857,0.2973213739161642,2014,0.7076298403179077,0.08108764743168113,ATL vs. CIN,CIN,1550.0,1.0,ATL,1550.0,1.0,1,14,-5.5,1,-242.0,216.0,0,0
TAM,2.0,0.0,0.0,8.5,17,9.5,19,-25.25,1.6166666666666667,2.25,-0.23615464994775315,1.9142857142857141,2.096590909090909,-0.18230519480519491,0.7348933822759531,15.5,31,5.0,19.5,39,9.0,NFC South,-2,-4.0,-8,0.0,0.6955,4.695,5.616666666666667,1.0,1.0,0.5,22.5,2.0,-3,0.5,0.7324999999999999,7.635,3.7638453500522466,1.0,0.5,0.8333333333333333,60.0,0.5,0.5,-0.7348933822759531,2014-09-18,2014,0.1860450908417716,0.06278840946095847,ATL,2.0,1.0,0.5,11.5,23,10.5,21,-12.350000000000001,1.0126315789473685,7.149999999999999,0.37103174603174605,2.0984848484848486,2.790909090909091,-0.6924242424242422,0.6614975778236941,23.5,47,9.0,29.0,58,10.0,NFC South,-1,-5.5,-11,1.0,0.633,6.970000000000001,5.012631578947369,2.0,0.5,1.0,76.0,2.0,-2,0.3977272727272727,0.6785,10.375,4.371031746031746,1.0,2.5,0.625,41.0,1.0,0.3977272727272727,0.3385024221763059,2014,0.45753308259971204,0.3186910528991205,TAM vs. ATL,ATL,1500.0,8.0,TAM,1400.0,26.0,1,42,-6.5,1,-277.0,245.0,1,0
ATL,3.0,2.0,0.6666666666666666,12.0,36,11.333333333333334,34,4.666666666666662,0.6750877192982457,-5.766666666666666,0.0992063492063493,2.8348873348873354,2.2195804195804194,0.6153069153069155,1.6254262027872424,34.333333333333336,103,15.0,24.0,72,11.0,NFC South,1,10.333333333333334,31,0.5,0.7076666666666668,8.92,4.675087719298246,2.3333333333333335,1.3333333333333333,0.6666666666666666,67.33333333333333,2.6666666666666665,-1,0.5075757575757576,0.656,8.103333333333333,4.099206349206349,1.0,1.6666666666666667,0.625,64.0,2.3333333333333335,0.5075757575757576,0.37457379721275763,2014-09-28,2014,0.46869080516843853,0.2560814879347092,MIN,3.0,1.0,0.3333333333333333,9.666666666666666,29,9.666666666666666,29,-25.433333333333334,-0.2316088516746412,-5.199999999999998,-0.4327395577395576,1.7563492063492063,2.043290043290043,-0.28694083694083683,1.1456346859608266,16.666666666666668,50,9.0,18.666666666666668,56,10.0,NFC North,-2,-2.0,-6,0.0,0.5916666666666667,4.916666666666667,3.768391148325359,1.0,0.3333333333333333,0.6666666666666666,54.0,1.3333333333333333,-2,0.3378787878787879,0.7016666666666667,7.136666666666667,3.5672604422604426,1.0,0.6666666666666666,0.8333333333333333,104.66666666666667,0.6666666666666666,0.3378787878787879,-0.14563468596082663,2014,0.2952791704178455,0.2131454383953073,ATL vs. MIN,MIN,1423.864708082735,17.0,ATL,1535.9935000197115,4.0,1,13,5.5,1,206.0,-231.0,0,0
ATL,4.0,2.0,0.5,11.75,47,11.25,45,0.04999999999999716,0.904043062200957,-4.599999999999998,0.4437229437229441,2.7625291375291376,2.5965034965034963,0.1660256410256412,1.913687991132451,32.75,131,19.0,28.25,113,19.0,NFC South,-1,4.5,18,0.4444444444444444,0.68325,8.262500000000001,4.904043062200957,2.5,1.25,0.6666666666666666,63.0,2.5,-3,0.5473484848484849,0.65025,8.72,4.443722943722944,0.75,2.25,0.6833333333333332,58.0,1.75,0.5473484848484849,0.08631200886754908,2014-10-05,2014,0.41297834132172034,0.3257773787137968,NYG,4.0,2.0,0.5,11.5,46,10.5,42,-7.35,-0.48575985418090695,-25.175,0.19518207282913158,2.158566433566434,2.3125,-0.15393356643356648,2.0386498165123896,25.75,103,17.0,22.75,91,16.0,NFC East,2,3.0,12,0.7777777777777778,0.67,6.3950000000000005,3.514240145819093,2.25,1.0,1.0,48.0,2.0,1,0.437900641025641,0.58675,6.0975,4.195182072829132,1.0,1.25,0.8888888888888888,71.0,2.25,0.437900641025641,-0.038649816512389634,2014,0.3659943104309205,0.28203335080834385,ATL vs. NYG,NYG,1533.3548894583598,7.0,ATL,1470.3947168000095,7.0,1,10,-4.0,1,-196.0,176.0,0,0
CHI,5.0,2.0,0.4,10.2,51,10.4,52,-5.7399999999999975,-0.012770666285730758,-10.280000000000001,0.3095830095830096,2.3731601731601732,2.7372294372294372,-0.3640692640692641,2.286549557679559,23.2,116,19.0,26.2,131,24.0,NFC North,-2,-3.0,-15,0.5833333333333333,0.682,6.29,3.9872293337142692,2.4,0.2,0.875,64.2,2.0,1,0.44752913752913753,0.6557999999999999,7.0680000000000005,4.30958300958301,1.8,0.8,0.9,80.8,2.2,0.44752913752913753,-0.2865495576795589,2014-10-12,2014,0.351198268251327,0.3427800408295792,ATL,5.0,2.0,0.4,11.6,58,11.2,56,-3.4800000000000013,0.7803773069036227,-2.8999999999999972,0.28439011968423766,2.573659673659674,2.6226573426573423,-0.04899766899766882,2.190375558956948,30.2,151,23.0,28.6,143,25.0,NFC South,-2,1.6,8,0.4583333333333333,0.6754,7.864,4.780377306903622,2.2,1.2,0.75,66.6,2.2,-2,0.46864801864801864,0.6468,8.53,4.284390119684238,1.0,2.0,0.7625,49.4,1.8,0.46864801864801864,-0.1903755589569478,2014,0.38145297291031105,0.340145039378844,CHI vs. ATL,ATL,1429.3575197852915,20.0,CHI,1445.0801309573944,20.0,0,-14,-3.5,0,-190.0,171.0,0,0
ATL,6.0,2.0,0.3333333333333333,11.5,69,11.0,66,-7.866666666666667,0.5221092942145574,-0.9166666666666643,0.1622791227253705,2.3416860916860918,2.6355477855477853,-0.29386169386169375,2.3406815172328264,27.333333333333332,164,26.0,28.333333333333332,170,30.0,NFC South,-3,-1.0,-6,0.44666666666666666,0.6485,7.545000000000001,4.522109294214558,2.0,1.0,0.8,64.16666666666667,2.0,-3,0.4418220668220669,0.653,8.84,4.16227912272537,1.0,2.0,0.8099999999999999,49.0,1.5,0.4418220668220669,-0.34068151723282636,2014-10-19,2014,0.35541613659890464,0.3529786729369071,BAL,6.0,4.0,0.6666666666666666,10.333333333333334,62,10.0,60,1.1499999999999986,0.8285834535834535,-11.35,-0.16410256410256419,2.7924242424242425,1.6004689754689754,1.1919552669552669,3.966576906081062,27.333333333333332,164,31.0,16.166666666666668,97,20.0,AFC North,1,11.166666666666666,67,0.5733333333333334,0.6568333333333333,8.195,4.8285834535834535,2.0,1.0,0.7777777777777778,40.333333333333336,1.1666666666666667,2,0.4365316056492527,0.6331666666666667,7.325,3.835897435897436,1.0,0.5,0.7222222222222223,66.5,1.5,0.4365316056492527,0.03342309391893794,2014,0.5027852578265781,0.27963461632882985,ATL vs. BAL,BAL,1573.0995387147043,6.0,ATL,1381.6186421386356,22.0,1,22,-7.0,1,-300.0,264.0,0,0
DET,7.0,5.0,0.7142857142857143,11.0,77,11.142857142857142,78,-13.27142857142857,-0.8303486891832756,-26.37142857142857,-0.7324778396206967,1.9422105672105672,1.3404607297464441,0.6017498374641231,4.452749173335524,20.0,140,21.0,15.0,105,21.0,NFC North,2,5.0,35,0.5222222222222223,0.6337142857142857,6.734285714285714,3.1696513108167244,1.2857142857142858,0.8571428571428571,0.42857142857142855,52.0,1.4285714285714286,1,0.3874680874680875,0.606,5.090000000000001,3.2675221603793037,1.0,0.42857142857142855,0.95,57.142857142857146,1.5714285714285714,0.3874680874680875,0.5472508266644764,2014-10-26,2014,0.29404873350640814,0.2518173394870952,ATL,7.0,2.0,0.2857142857142857,11.285714285714286,79,11.142857142857142,78,-9.285714285714286,0.48323653789819204,-2.199999999999999,0.05576305757412709,2.107159507159507,2.604279054279054,-0.49711954711954703,2.3739701475551906,24.428571428571427,171,27.0,28.428571428571427,199,35.0,NFC South,-4,-4.0,-28,0.48333333333333334,0.65,7.135714285714286,4.483236537898192,1.8571428571428572,0.8571428571428571,0.6666666666666666,65.85714285714286,1.8571428571428572,-1,0.4167998667998668,0.6511428571428571,8.708571428571428,4.0557630575741275,1.1428571428571428,1.8571428571428572,0.8416666666666667,52.285714285714285,1.7142857142857142,0.4167998667998668,-0.37397014755519065,2014,0.32351321160218777,0.3606429392592827,DET vs. ATL,ATL,1356.6868366837407,24.0,DET,1599.41928760143,4.0,0,-1,3.5,1,153.0,-170.0,0,0
ATL,8.0,2.0,0.25,10.875,87,10.875,87,-7.387499999999999,0.29783197066091804,-4.574999999999999,-0.12512036810089966,2.171889568764569,2.5842997280497277,-0.41241015928515923,2.846434924904786,24.0,192,30.0,27.625,221,40.0,NFC South,-5,-3.625,-29,0.5163265306122449,0.661375,7.20625,4.297831970660918,1.875,0.875,0.6666666666666666,62.5,1.75,-1,0.42719988344988347,0.633625,8.47125,3.8748796318991,1.25,1.625,0.8642857142857142,56.375,1.625,0.42719988344988347,-0.846434924904786,2014-11-09,2014,0.3083433222023799,0.3536531652353571,TAM,8.0,1.0,0.125,10.625,85,11.375,91,-22.924999999999997,0.1620734877885907,5.5749999999999975,-0.14810481663929936,1.870825702075702,2.6574810606060604,-0.7866553585303585,2.456682115550061,18.75,150,24.0,30.625,245,42.0,NFC South,-4,-11.875,-95,0.41054421768707483,0.602875,5.52375,4.162073487788591,1.5,0.5,0.7222222222222222,55.75,2.0,-4,0.33573717948717946,0.700875,8.62375,3.8518951833607007,2.25,0.875,0.6875,64.75,1.5,0.33573717948717946,-1.4566821155500609,2014,0.2309406312158802,0.31980680102595804,ATL vs. TAM,TAM,1400.0,26.0,ATL,1500.0,8.0,0,-10,3.5,0,153.0,-170.0,1,0
ATL,9.0,3.0,0.3333333333333333,10.666666666666666,96,10.777777777777779,97,-7.111111111111111,0.2568030215398637,-6.533333333333333,-0.11121810497857748,2.2639018389018393,2.4860442027108696,-0.2221423638090304,3.5960232226359943,24.333333333333332,219,36.0,26.444444444444443,238,43.0,NFC South,1,-2.111111111111111,-19,0.4674107142857143,0.6595555555555556,7.236666666666666,4.256803021539863,1.7777777777777777,0.8888888888888888,0.7142857142857143,58.888888888888886,1.5555555555555556,2,0.4352887852887853,0.633,8.126666666666667,3.888781895021422,1.3333333333333333,1.4444444444444444,0.88125,58.888888888888886,1.7777777777777777,0.4352887852887853,-0.5960232226359943,2014-11-16,2014,0.3501656990568336,0.3646861413821904,CAR,10.0,3.0,0.3,10.7,107,10.6,106,-19.440000000000005,-0.3252506944352296,-1.1499999999999986,0.5066494153425924,1.846607142857143,2.726345043845044,-0.879737900987901,3.65255738106088,19.8,198,37.0,28.1,281,44.0,NFC South,-4,-8.3,-83,0.6402116402116402,0.5912,6.072,3.67474930556477,1.4,0.6,0.9351851851851851,54.1,1.7,-1,0.39991596638655463,0.6829,7.489,4.506649415342592,1.9,1.3,0.71875,53.3,1.6,0.39991596638655463,-0.65255738106088,2014,0.323229324206306,0.34649761814464275,ATL vs. CAR,CAR,1355.0001038581688,21.0,ATL,1379.2622440592895,17.0,0,-2,2.5,1,126.0,-139.0,1,0
CLE,10.0,6.0,0.6,11.8,118,12.2,122,-10.430000000000001,-0.5862534251861778,-25.440000000000005,0.6055857408874651,1.9130380730380732,1.6515517815517815,0.26148629148629154,5.416030899499189,21.6,216,39.0,19.5,195,37.0,AFC North,-1,2.1,21,0.2847001763668431,0.5723,8.155,3.413746574813822,1.1,1.2,0.75,56.6,1.0,8,0.31674369747899156,0.58,5.419,4.605585740887465,1.4,0.7,0.8981481481481483,49.9,1.8,0.31674369747899156,0.583969100500811,2014-11-23,2014,0.34980914823689124,0.2906613579660082,ATL,10.0,4.0,0.4,10.9,109,11.0,110,-7.3,0.14964123790439582,-7.7299999999999995,-0.07609629448071971,2.183665501165501,2.3682090132090132,-0.184543512043512,4.1615454357372625,23.8,238,41.0,25.5,255,46.0,NFC South,2,-1.7,-17,0.4488095238095238,0.6625,7.135,4.149641237904396,1.7,0.8,0.75,58.8,1.5,3,0.42509324009324007,0.6319,7.949,3.9239037055192805,1.4,1.3,0.8203703703703704,54.5,1.8,0.42509324009324007,-0.16154543573726254,2014,0.3700703092979562,0.3696080999600781,CLE vs. ATL,ATL,1425.7763059815295,18.0,CLE,1504.3291557933635,9.0,0,-2,-3.0,0,-145.0,131.0,0,0
ATL,12.0,5.0,0.4166666666666667,10.833333333333334,130,10.916666666666666,131,-6.908333333333334,0.034334450171821795,-12.924999999999999,0.0005885111302257329,2.2394182206682207,2.320477207977208,-0.0810589873089873,5.370157957593893,24.25,291,52.0,24.916666666666668,299,54.0,NFC South,1,-0.6666666666666666,-8,0.49613341204250294,0.6654166666666667,7.141666666666667,4.034334450171822,1.75,0.75,0.8,58.666666666666664,1.5,6,0.4375777000777001,0.6245833333333334,7.464166666666666,4.000588511130226,1.25,1.25,0.8348484848484848,50.75,2.0,0.4375777000777001,-0.3701579575938929,2014-12-08,2014,0.3876614014135369,0.36514724573150753,GNB,12.0,9.0,0.75,9.5,114,10.166666666666666,122,12.158333333333331,0.14534849383803808,-18.26666666666667,0.42795205905916905,3.319321188071188,2.318444055944056,1.0008771321271321,7.390241061713996,31.666666666666668,380,61.0,22.25,267,44.0,NFC North,4,9.416666666666666,113,0.579178145087236,0.6628333333333333,9.4275,4.145348493838038,2.6666666666666665,0.75,0.8966666666666667,48.75,0.6666666666666666,15,0.45061458149693445,0.6165833333333334,6.003333333333334,4.4279520590591686,1.5833333333333333,0.8333333333333334,0.8636363636363636,64.66666666666667,1.9166666666666667,0.45061458149693445,1.6097589382860038,2014,0.6068679058738642,0.3789818260140602,ATL vs. GNB,GNB,1735.906788337846,1.0,ATL,1471.8800970240495,20.0,1,6,-13.5,0,-730.0,590.0,0,0
PIT,13.0,8.0,0.6153846153846154,10.692307692307692,139,10.615384615384615,138,1.4538461538461538,0.3468566686029432,0.5846153846153853,0.3967684927786795,2.6193483866560787,2.3323023130715437,0.2870460735845351,7.044615137961549,27.846153846153847,362,60.0,24.53846153846154,319,58.0,AFC North,1,3.3076923076923075,43,0.3919101731601731,0.6702307692307692,8.112307692307692,4.3468566686029435,2.3076923076923075,0.5384615384615384,0.9015151515151515,57.69230769230769,1.3846153846153846,-2,0.4479398806321883,0.6231538461538462,8.506923076923076,4.39676849277868,2.0,0.6923076923076923,0.9696969696969696,55.84615384615385,1.2307692307692308,0.4479398806321883,0.9553848620384509,2014-12-14,2014,0.4633774718994505,0.41884744815954855,ATL,13.0,5.0,0.38461538461538464,10.76923076923077,140,10.846153846153847,141,-5.084615384615385,0.015667697594502157,-10.176923076923078,0.1518252923253366,2.3517706652322037,2.472748191978961,-0.12097752674675746,5.78204525922471,25.23076923076923,328,58.0,26.307692307692307,342,62.0,NFC South,-1,-1.0769230769230769,-14,0.517288961038961,0.6615384615384615,7.399230769230769,4.015667697594503,1.9230769230769231,0.7692307692307693,0.7727272727272727,55.0,1.4615384615384615,5,0.4388829119598351,0.6278461538461539,7.708461538461539,4.151825292325336,1.3846153846153846,1.3076923076923077,0.8486111111111111,49.92307692307692,1.8461538461538463,0.4388829119598351,-0.7820452592247102,2014,0.3893633928378939,0.3794398221102389,PIT vs. ATL,ATL,1453.9318806057809,22.0,PIT,1551.025041229998,10.0,0,-7,3.0,0,136.0,-150.0,0,0
ATL,14.0,5.0,0.35714285714285715,10.571428571428571,148,10.571428571428571,148,-4.557142857142858,0.0752628620520377,-8.85,0.0013702389774229282,2.3623584748584747,2.571633525204954,-0.20927505034647886,6.111368421301078,24.857142857142858,348,62.0,26.357142857142858,369,66.0,NFC South,-2,-1.5,-21,0.5248347806040113,0.6645000000000001,7.4592857142857145,4.075262862052037,1.9285714285714286,0.7142857142857143,0.7916666666666666,52.857142857142854,1.4285714285714286,4,0.4464951714951715,0.6380714285714285,7.878571428571428,4.001370238977423,1.2857142857142858,1.3571428571428572,0.8602564102564103,48.785714285714285,1.7142857142857142,0.4464951714951715,-1.1113684213010782,2014-12-21,2014,0.3856636862351994,0.378691932526124,NOR,14.0,6.0,0.42857142857142855,10.428571428571429,146,10.0,140,2.0499999999999994,0.8233525491619219,-7.207142857142856,0.7304057335957058,2.49913776699491,2.7322792287078,-0.2331414617128902,7.041566877310628,26.0,364,63.0,26.714285714285715,374,65.0,NFC South,1,-0.7142857142857143,-10,0.4691656633964326,0.7092857142857143,7.876428571428571,4.823352549161922,2.2142857142857144,0.9285714285714286,0.8636363636363636,45.0,1.6428571428571428,-7,0.47810205667348527,0.6167142857142858,7.548571428571429,4.730405733595705,1.7142857142857142,1.0714285714285714,0.9807692307692307,57.285714285714285,1.1428571428571428,0.47810205667348527,-1.0415668773106281,2014,0.39940376063083677,0.39658069029327,ATL vs. NOR,NOR,1500.0,1.0,ATL,1500.0,1.0,0,-16,-6.0,0,-233.0,208.0,1,0
CAR,15.0,6.0,0.4,10.733333333333333,161,10.666666666666666,160,-18.10666666666667,0.10964179293543622,-7.406666666666665,0.5253451058208641,1.8934024309024309,2.39493191993192,-0.501529489029489,6.3853506248382415,20.333333333333332,305,58.0,24.733333333333334,371,60.0,NFC South,3,-4.4,-66,0.5378133770990914,0.5926666666666667,6.172666666666667,4.109641792935436,1.4666666666666666,0.6,0.8607142857142858,48.0,1.5333333333333334,0,0.4054140630611219,0.6509333333333333,6.8133333333333335,4.525345105820864,1.6666666666666667,0.9333333333333333,0.7884615384615384,48.266666666666666,1.5333333333333334,0.4054140630611219,-0.38535062483824145,2014-12-28,2014,0.3509936495898062,0.340366234379044,ATL,15.0,6.0,0.4,10.533333333333333,158,10.6,159,-3.8200000000000007,0.04903321670311396,-10.346666666666666,-0.054276665843294165,2.4048679098679098,2.485039775039775,-0.08017186517186513,6.970279119859277,25.2,378,67.0,25.533333333333335,383,68.0,NFC South,1,-0.3333333333333333,-5,0.5179588268873984,0.6702,7.532,4.049033216703114,1.8666666666666667,0.7333333333333333,0.8076923076923077,53.6,1.3333333333333333,8,0.44783993783993786,0.6380666666666667,7.6386666666666665,3.9457233341567055,1.2666666666666666,1.3333333333333333,0.8602564102564103,47.2,1.8666666666666667,0.44783993783993786,-0.9702791198592768,2014,0.39662080125292337,0.3714972829557942,CAR vs. ATL,ATL,1379.2622440592895,17.0,CAR,1355.0001038581688,21.0,0,-31,-2.5,0,-128.0,116.0,1,0
PIT,1.0,1.0,1.0,13.0,13,12.0,12,1.5999999999999943,0.3793103448275863,-9.299999999999997,2.161290322580645,2.3076923076923075,2.25,0.05769230769230749,0.562103747756204,30.0,30,6.0,27.0,27,5.0,AFC North,1,3.0,3,0.5,0.6859999999999999,10.03,4.379310344827586,1.0,2.0,1.0,96.0,1.0,-1,0.3333333333333333,0.6,7.27,6.161290322580645,1.0,2.0,1.0,55.0,0.0,0.3333333333333333,0.437896252243796,2014-09-11,2014,0.6636444241125212,0.18245677176824834,BAL,1.0,0.0,0.0,11.0,11,11.0,11,-30.099999999999994,0.7000000000000002,-1.2999999999999972,-0.9615384615384617,1.4545454545454546,2.090909090909091,-0.6363636363636362,0.29732137391616426,16.0,16,3.0,23.0,23,6.0,AFC North,-1,-7.0,-7,0.5,0.565,4.9,4.7,1.0,1.0,0.5,29.0,2.0,-2,0.47058823529411764,0.6579999999999999,8.45,3.0384615384615383,1.0,0.0,0.8333333333333334,45.0,0.0,0.47058823529411764,-0.29732137391616426,2014,0.19163962529559156,-0.16217529486336227,PIT vs. BAL,BAL,1450.0,17.0,PIT,1550.0,1.0,1,20,-2.5,1,-150.0,136.0,1,0
BAL,2.0,1.0,0.5,9.5,19,10.0,20,-10.399999999999999,0.5305555555555554,-19.099999999999998,0.26923076923076916,2.3522727272727275,1.3787878787878787,0.9734848484848486,1.2672957600751664,21.0,42,9.0,14.5,29,8.0,AFC North,1,6.5,13,1.0,0.6445000000000001,6.0,4.530555555555555,1.5,0.5,0.75,32.0,1.0,1,0.44362745098039214,0.6265,6.345,4.269230769230769,0.5,0.0,0.9166666666666667,60.0,1.5,0.44362745098039214,-0.2672957600751664,2014-09-21,2014,0.4103773199821974,0.14654084798496672,CLE,2.0,1.0,0.5,10.5,21,12.0,24,-14.899999999999999,1.1139784946236557,-5.300000000000004,1.4118773946360155,2.5694444444444446,2.2447552447552446,0.32468919968919985,0.9851798437299173,26.5,53,9.0,27.0,54,10.0,AFC North,1,-0.5,-1,0.0,0.5925,6.34,5.113978494623655,1.0,1.5,1.0,42.5,0.0,3,0.30965909090909094,0.6805,7.74,5.411877394636015,1.5,1.5,1.0,67.5,1.5,0.30965909090909094,0.014820156270082707,2014,0.43174717634358906,0.21142086588960057,BAL vs. CLE,CLE,1500.0,8.0,BAL,1514.0064999802885,8.0,0,-2,2.0,0,111.0,-123.0,1,0
CAR,3.0,2.0,0.6666666666666666,10.666666666666666,32,10.333333333333334,31,4.23333333333333,-0.5974747474747475,-16.666666666666668,1.8845315904139432,1.9666666666666668,2.031481481481481,-0.06481481481481488,1.8192779722204309,21.0,63,13.0,19.333333333333332,58,9.0,NFC South,-1,1.6666666666666667,5,0.75,0.6866666666666666,8.036666666666667,3.4025252525252525,1.6666666666666667,0.3333333333333333,0.8888888888888888,68.33333333333333,0.6666666666666666,4,0.3277777777777778,0.6416666666666666,5.206666666666667,5.884531590413943,1.6666666666666667,0.3333333333333333,0.5,46.333333333333336,2.0,0.3277777777777778,0.18072202777956914,2014-09-28,2014,0.43072277459514996,0.21103761559157125,BAL,3.0,2.0,0.6666666666666666,9.666666666666666,29,9.666666666666666,29,-13.733333333333334,0.6365319865319865,-3.7000000000000006,-0.20940170940170955,2.3348484848484845,1.696969696969697,0.6378787878787878,1.8209887078971299,21.666666666666668,65,14.0,16.666666666666668,50,11.0,AFC North,2,5.0,15,0.75,0.634,6.0633333333333335,4.6365319865319865,1.3333333333333333,0.6666666666666666,0.8333333333333334,32.0,1.0,0,0.40686274509803927,0.6709999999999999,8.363333333333333,3.790598290598291,0.6666666666666666,0.6666666666666666,0.6111111111111112,71.33333333333333,1.0,0.40686274509803927,0.17901129210287015,2014,0.5115650355108068,0.27550717486358123,CAR vs. BAL,BAL,1561.991893872262,4.0,CAR,1534.157706389236,4.0,1,28,-3.5,1,-156.0,141.0,0,0
BAL,4.0,3.0,0.75,9.25,37,9.0,36,-0.9499999999999993,0.5357323232323232,-4.950000000000001,-0.5128205128205129,2.9386363636363635,1.62987012987013,1.3087662337662338,2.7804436916221116,25.75,103,20.0,15.0,60,13.0,AFC North,3,10.75,43,0.7222222222222222,0.653,7.6675,4.535732323232323,1.75,1.0,0.75,34.0,0.75,1,0.49745475113122173,0.65025,8.2425,3.4871794871794872,0.75,0.5,0.7083333333333334,68.25,1.0,0.49745475113122173,0.21955630837788842,2014-10-05,2014,0.5702103119429579,0.2906543889507816,IND,4.0,2.0,0.5,11.25,45,11.25,45,7.199999999999999,-0.04224896766727548,-18.875,0.6134259259259258,3.0678030303030304,2.140530303030303,0.9272727272727272,2.585298294618776,34.0,136,23.0,23.75,95,17.0,AFC South,2,10.25,41,0.4444444444444444,0.6805,8.1225,3.9577510323327245,3.25,0.5,1.0,62.25,1.25,2,0.4281135531135531,0.565,6.755,4.613425925925926,1.75,1.0,0.9375,60.75,1.75,0.4281135531135531,-0.5852982946187759,2014,0.4363229956876008,0.22805516106378226,BAL vs. IND,IND,1510.5307297166555,7.0,BAL,1607.9947799742329,1.0,1,7,-2.5,1,-139.0,126.0,0,0
BAL,5.0,3.0,0.6,10.0,50,9.6,48,-8.559999999999999,0.8285858585858585,-9.52,-0.3635897435897436,2.550909090909091,1.6372294372294374,0.9136796536796536,3.0452850119615613,23.2,116,23.0,16.0,80,17.0,AFC North,-1,7.2,36,0.6666666666666666,0.6382,6.934,4.828585858585859,1.4,1.0,0.8,34.4,1.2,2,0.41614561908679554,0.6508,7.553999999999999,3.6364102564102567,0.8,0.6,0.7666666666666667,71.2,1.6,0.41614561908679554,-0.04528501196156132,2014-10-12,2014,0.4558337788995364,0.2801256449860561,TAM,5.0,1.0,0.2,9.8,49,10.8,54,-22.799999999999997,0.2495071010860485,6.339999999999998,-0.09931498897016126,2.2099877899877898,2.7968414918414917,-0.5868537018537019,1.7369796456740527,20.6,103,15.0,31.2,156,26.0,NFC South,-1,-10.6,-53,0.35416666666666663,0.6168,5.42,4.249507101086048,1.4,0.8,0.8333333333333334,63.6,2.2,-2,0.4205128205128205,0.7336,8.366,3.9006850110298386,2.0,1.2,0.6333333333333333,69.0,1.8,0.4205128205128205,-0.7369796456740527,2014,0.26100124618322124,0.3142167748610171,BAL vs. TAM,TAM,1386.8721710573525,26.0,BAL,1544.325276714373,8.0,0,-31,3.5,0,159.0,-177.0,0,0
BAL,7.0,5.0,0.7142857142857143,10.571428571428571,74,10.0,70,-0.4285714285714306,0.6268810554524838,-12.271428571428572,-0.10494505494505502,2.7387445887445887,1.4718305504019789,1.2669140383426096,4.933288275758698,27.571428571428573,193,36.0,14.857142857142858,104,21.0,AFC North,2,12.714285714285714,89,0.5333333333333333,0.6544285714285714,8.155714285714286,4.626881055452484,2.0,1.0,0.8095238095238095,44.857142857142854,1.4285714285714286,0,0.4261179996474114,0.6368571428571429,6.947142857142857,3.895054945054945,1.0,0.42857142857142855,0.6190476190476192,67.85714285714286,1.4285714285714286,0.4261179996474114,0.06671172424130223,2014-10-26,2014,0.4911228225341446,0.26000193103891295,CIN,6.0,3.0,0.5,11.333333333333334,68,11.166666666666666,67,-6.016666666666665,-0.026743865453542865,-23.666666666666668,0.8770402669076783,2.0088383838383836,2.1123154623154625,-0.10347707847707859,3.1662003645747983,22.333333333333332,134,25.0,23.333333333333332,140,26.0,AFC North,-1,-1.0,-6,0.6533333333333333,0.6401666666666667,7.778333333333333,3.973256134546457,1.1666666666666667,1.1666666666666667,0.6666666666666667,54.333333333333336,1.0,4,0.2915903540903541,0.59,5.658333333333334,4.877040266907678,1.3333333333333333,1.0,0.7083333333333334,69.16666666666667,1.6666666666666667,0.2915903540903541,-0.16620036457479825,2014,0.35746321295497563,0.3126338072663066,BAL vs. CIN,CIN,1500.0,1.0,BAL,1500.0,1.0,1,3,2.5,1,136.0,-150.0,1,0
BAL,8.0,5.0,0.625,10.5,84,10.0,80,-7.600000000000001,0.5629440004440003,-12.575,-0.1837386877828055,2.696401515151515,1.6253517316017316,1.0710497835497834,5.363951484105728,27.125,217,41.0,16.375,131,26.0,AFC North,-1,10.75,86,0.5285714285714286,0.6351249999999999,7.492500000000001,4.562944000444,1.75,1.125,0.8333333333333334,45.625,1.5,0,0.42093017276840805,0.651,6.945,3.8162613122171942,0.875,0.75,0.6666666666666667,64.375,1.5,0.42093017276840805,-0.3639514841057281,2014-11-02,2014,0.4658898648090255,0.2695894709582048,PIT,8.0,5.0,0.625,10.375,83,10.5,84,4.0125,0.47065001120179867,-7.875,0.5786773721939256,2.475929972804973,2.3456439393939394,0.13028603341103334,4.110409896998407,25.625,205,34.0,24.5,196,39.0,AFC North,2,1.125,9,0.38775510204081637,0.68625,8.2,4.470650011201799,2.125,0.375,0.9285714285714286,72.0,1.25,1,0.42276993839493837,0.604375,7.6875,4.578677372193925,1.625,0.875,1.0,50.25,1.375,0.42276993839493837,0.8895901030015931,2014,0.4551898546717683,0.4578779970491996,BAL vs. PIT,PIT,1550.0,1.0,BAL,1450.0,17.0,1,20,-2.5,1,-128.0,116.0,1,0
TEN,8.0,2.0,0.25,10.625,85,11.25,90,-18.3625,0.4139860413709099,-12.637500000000001,0.12007834504122838,1.6118055555555555,2.240340909090909,-0.6285353535353535,2.81125861645137,17.125,137,26.0,25.25,202,38.0,AFC South,-2,-8.125,-65,0.32312925170068024,0.5965,6.31125,4.41398604137091,1.375,0.5,0.8571428571428571,72.5,1.375,0,0.2748534451659452,0.6395,6.5375,4.120078345041228,1.625,1.0,0.8125,47.75,1.375,0.2748534451659452,-0.81125861645137,2014-11-09,2014,0.2748636411356829,0.32662801746506653,BAL,9.0,5.0,0.5555555555555556,10.555555555555555,95,10.333333333333334,93,-8.07777777777778,0.44483911150577804,-7.388888888888889,-0.3633232780291604,2.629124579124579,1.8122784622784625,0.8168461168461167,5.548937810066453,26.666666666666668,240,44.0,19.333333333333332,174,32.0,AFC North,-2,7.333333333333333,66,0.540625,0.6386666666666667,7.312222222222222,4.444839111505778,1.7777777777777777,1.0,0.8518518518518519,52.55555555555556,1.5555555555555556,-1,0.3998011792129439,0.6537777777777778,7.497777777777778,3.6366767219708396,1.4444444444444444,0.6666666666666666,0.6666666666666667,64.66666666666667,1.4444444444444444,0.3998011792129439,-0.5489378100664526,2014,0.4349084635755276,0.28486737165815235,TEN vs. BAL,BAL,1487.860437858612,13.0,TEN,1306.676347842932,25.0,1,14,-10.5,1,-500.0,423.0,0,0
BAL,10.0,6.0,0.6,10.5,105,10.4,104,-8.400000000000002,0.44447284741402393,-9.61,-0.4224454956807898,2.576212121212121,1.69468697968698,0.8815251415251415,6.480037849794248,26.1,261,47.0,18.1,181,33.0,AFC North,1,8.0,80,0.5083333333333333,0.6341,7.251,4.4444728474140245,1.7,1.1,0.8518518518518519,51.3,1.4,1,0.3905902920608803,0.6477,7.185,3.5775545043192105,1.4,0.6,0.6666666666666667,64.9,1.5,0.3905902920608803,-0.4800378497942477,2014-11-24,2014,0.42613163910444796,0.27034495284306714,NOR,10.0,4.0,0.4,10.2,102,9.6,96,-3.1100000000000008,0.742286329007686,-6.0699999999999985,0.2003669400774663,2.5613686313686315,2.6454123654123656,-0.08404373404373403,5.239676267980534,26.1,261,46.0,25.2,252,45.0,NFC South,-2,0.9,9,0.4697971781305114,0.705,7.25,4.742286329007686,1.9,1.2,0.9375,44.8,1.9,-9,0.5155982905982907,0.6148,7.792,4.200366940077466,1.6,1.0,1.0,60.3,1.0,0.5155982905982907,-1.239676267980534,2014,0.395073423208721,0.3637651749384125,BAL vs. NOR,NOR,1444.091785429935,18.0,BAL,1513.9179892569862,10.0,0,-7,-2.5,0,-134.0,121.0,0,0
LAC,11.0,7.0,0.6363636363636364,10.272727272727273,113,10.181818181818182,112,-1.4181818181818178,-0.5958153727890569,-10.618181818181817,0.5851394618141031,2.220844811753903,1.9579430670339761,0.2629017447199266,6.55484294929741,22.272727272727273,245,44.0,19.636363636363637,216,37.0,AFC West,2,2.6363636363636362,29,0.44547619047619047,0.673,7.483636363636363,3.4041846272109435,2.0,0.36363636363636365,0.9629629629629629,58.63636363636363,1.0909090909090908,1,0.4314702899595948,0.6057272727272728,6.724545454545455,4.585139461814103,1.6363636363636365,0.6363636363636364,0.65625,62.72727272727273,1.1818181818181819,0.4314702899595948,0.4451570507025897,2014-11-30,2014,0.40513830267973766,0.3136938399967498,BAL,11.0,7.0,0.6363636363636364,10.272727272727273,113,10.363636363636363,114,-5.900000000000002,0.6512253158309309,-7.2272727272727275,-0.20222317789162714,2.7283746556473827,1.786079072442709,0.942295583204674,7.113324125399969,26.818181818181817,295,52.0,18.90909090909091,208,38.0,AFC North,2,7.909090909090909,87,0.49749999999999994,0.6446363636363637,7.553636363636364,4.651225315830931,1.6363636363636365,1.1818181818181819,0.8666666666666666,50.45454545454545,1.3636363636363635,1,0.4180191466287723,0.6595454545454545,7.368181818181818,3.797776822108373,1.5454545454545454,0.5454545454545454,0.7037037037037037,63.54545454545455,1.4545454545454546,0.4180191466287723,-0.11332412539996906,2014,0.45543615887305033,0.29959623862424334,LAC vs. BAL,BAL,1554.002334834897,7.0,LAC,1556.6032815782007,7.0,0,-1,-6.5,0,-290.0,256.0,0,0
BAL,12.0,7.0,0.5833333333333334,10.083333333333334,121,10.25,123,-5.000000000000001,0.5891440395116866,-5.5583333333333345,-0.22240828343769523,2.844760101010101,1.9520539645539647,0.8927061364561365,7.595643619509088,27.333333333333332,328,59.0,20.166666666666668,242,44.0,AFC North,-1,7.166666666666667,86,0.5101239669421488,0.642,7.636666666666667,4.5891440395116865,1.6666666666666667,1.1666666666666667,0.8787878787878788,54.416666666666664,1.25,3,0.43179532885415234,0.6675833333333333,7.478333333333333,3.777591716562305,1.6666666666666667,0.5833333333333334,0.7333333333333334,65.83333333333333,1.5,0.43179532885415234,-0.5956436195090884,2014-12-07,2014,0.4634001559565866,0.3101569652720868,MIA,12.0,7.0,0.5833333333333334,10.583333333333334,127,10.583333333333334,127,-9.466666666666669,0.658400041881163,-21.55,0.03231310580273913,2.443126780626781,1.8475748788248787,0.5955519018019019,7.323166595922903,25.083333333333332,301,53.0,19.333333333333332,232,43.0,AFC East,1,5.75,69,0.4595664436573527,0.66525,6.2683333333333335,4.658400041881163,1.6666666666666667,0.75,0.8787878787878788,39.666666666666664,1.5,3,0.4175089956339956,0.6076666666666667,5.1883333333333335,4.032313105802739,1.5,0.5,0.7395833333333334,59.916666666666664,1.75,0.4175089956339956,-0.32316659592290264,2014,0.4060841013228912,0.30124923646674223,BAL vs. MIA,MIA,1556.7161241840572,12.0,BAL,1504.376634167676,12.0,0,-15,-3.0,0,-162.0,146.0,0,0
JAX,13.0,2.0,0.15384615384615385,11.538461538461538,150,11.153846153846153,145,-31.553846153846152,0.054728097988967495,-3.7384615384615403,0.1836541539384245,1.332254497639113,2.5244932418009345,-1.1922387441618212,3.298919061754959,15.307692307692308,199,35.0,27.384615384615383,356,61.0,AFC South,-1,-12.076923076923077,-157,0.42312409812409807,0.5942307692307692,4.477692307692307,4.054728097988967,1.0,0.5384615384615384,0.8181818181818182,35.61538461538461,1.9230769230769231,-8,0.3357459847844463,0.6506153846153846,7.599230769230768,4.183654153938424,1.5384615384615385,1.0769230769230769,0.9230769230769231,54.92307692307692,1.3076923076923077,0.3357459847844463,-1.298919061754959,2014-12-14,2014,0.2100194014556802,0.3462949269140305,BAL,13.0,8.0,0.6153846153846154,10.0,130,10.153846153846153,132,-4.146153846153847,0.6902272523532194,-5.615384615384615,-0.2101076462501802,2.86524864024864,1.9130070783916937,0.9522415618569464,8.456017013197215,27.384615384615383,356,63.0,19.615384615384617,255,47.0,AFC North,1,7.769230769230769,101,0.5162247474747474,0.6509230769230769,7.653076923076924,4.690227252353219,1.6923076923076923,1.2307692307692308,0.8787878787878788,53.0,1.2307692307692308,2,0.4306315856089612,0.6698461538461539,7.383076923076922,3.78989235374982,1.6153846153846154,0.5384615384615384,0.7575757575757577,63.07692307692308,1.3846153846153846,0.4306315856089612,-0.456017013197215,2014,0.46761593382755945,0.31618135220264043,JAX vs. BAL,BAL,1561.8524258506216,10.0,JAX,1297.476676384039,28.0,1,8,-14.0,0,-800.0,638.0,0,0
BAL,14.0,9.0,0.6428571428571429,10.0,140,10.428571428571429,146,-3.8928571428571437,0.6107055255367807,-8.242857142857144,-0.22615585785342818,2.803445165945166,1.8375882054453483,0.9658569604998176,9.226432142126654,26.857142857142858,376,66.0,19.071428571428573,267,51.0,AFC North,2,7.785714285714286,109,0.4883494710417787,0.6520714285714285,7.680000000000001,4.610705525536781,1.6428571428571428,1.1428571428571428,0.8472222222222222,54.214285714285715,1.2142857142857142,2,0.4236817104464163,0.6633571428571428,7.082857142857143,3.773844142146572,1.5,0.5,0.7611111111111111,62.857142857142854,1.3571428571428572,0.4236817104464163,-0.2264321421266544,2014-12-21,2014,0.4638038156222657,0.3187142665124954,HOU,14.0,7.0,0.5,11.071428571428571,155,11.357142857142858,159,-11.657142857142858,0.03078130862359361,-15.114285714285716,-0.08053541753781371,2.112812187812188,1.738538445681303,0.374273742130885,8.012775285419757,23.142857142857142,324,54.0,19.785714285714285,277,49.0,AFC South,-1,3.357142857142857,47,0.44800968262506724,0.6204285714285714,7.158571428571428,4.0307813086235935,1.3571428571428572,0.7857142857142857,0.7857142857142857,50.714285714285715,1.3571428571428572,12,0.36145701870491787,0.6217142857142858,6.305714285714286,3.919464582462186,1.7857142857142858,0.42857142857142855,0.8787878787878788,50.357142857142854,2.2142857142857144,0.36145701870491787,-1.0127752854197567,2014,0.3231843938190475,0.2638697264215777,BAL vs. HOU,HOU,1478.7836849951152,16.0,BAL,1579.7710701085357,9.0,1,12,6.0,1,216.0,-242.0,0,0
CLE,15.0,7.0,0.4666666666666667,11.666666666666666,175,12.0,180,-25.366666666666667,-0.46003964214339077,-28.720000000000002,0.4696658562438174,1.6851689051689052,1.8340900765900765,-0.14892117142117142,6.879446873737566,19.266666666666666,289,52.0,21.133333333333333,317,60.0,AFC North,-4,-1.8666666666666667,-28,0.3676393051393051,0.5569333333333333,6.330666666666667,3.539960357856609,0.8,1.0666666666666667,0.7357142857142858,58.266666666666666,1.4,8,0.2956069094304388,0.5728666666666666,5.0360000000000005,4.469665856243817,1.3333333333333333,0.8666666666666667,0.8845238095238095,47.6,1.9333333333333333,0.2956069094304388,0.12055312626243442,2014-12-28,2014,0.29953095716786543,0.31379006947249855,BAL,15.0,9.0,0.6,10.333333333333334,155,10.8,162,-7.620000000000001,0.44082515716766196,-10.406666666666668,-0.26195599364565575,2.674326599326599,1.8192489917489918,0.8550776075776075,9.401546471009627,25.933333333333334,389,68.0,19.466666666666665,292,58.0,AFC North,-1,6.466666666666667,97,0.4891816516816517,0.6365999999999999,7.278666666666667,4.440825157167662,1.6666666666666667,1.0666666666666667,0.8472222222222222,54.333333333333336,1.3333333333333333,0,0.4132140408610997,0.6516666666666667,6.866666666666666,3.738044006354344,1.4666666666666666,0.4666666666666667,0.7794871794871795,63.266666666666666,1.3333333333333333,0.4132140408610997,-0.4015464710096275,2014,0.4269655225683206,0.3245721418442146,CLE vs. BAL,BAL,1514.0064999802885,8.0,CLE,1500.0,8.0,1,10,-14.0,0,-1000.0,760.0,1,0
BAL,16.0,10.0,0.625,10.375,166,10.8125,173,-6.825000000000001,0.4512200134161116,-12.80625,-0.26066995093935397,2.6208175505050506,1.7623641115828617,0.8584534389221888,10.239456451765024,25.5625,409,72.0,18.875,302,60.0,AFC North,1,6.6875,107,0.4876806526806527,0.635,7.3968750000000005,4.451220013416112,1.6875,1.0,0.8589743589743589,54.375,1.25,2,0.4066189325380502,0.6421875,6.671875,3.739330049060646,1.375,0.5,0.7952380952380952,62.9375,1.375,0.4066189325380502,-0.23945645176502417,2015-01-03,2014,0.4272436504039602,0.3199539786467119,PIT,16.0,11.0,0.6875,10.1875,163,10.25,164,1.3375,-0.07618206476321665,-1.4312500000000004,0.29960654323981994,2.731034416971917,2.2549793956043955,0.47605502136752137,9.23529540254583,27.25,436,72.0,23.0,368,69.0,AFC North,4,4.25,68,0.42170884670884673,0.6761874999999999,8.235,3.9238179352367832,2.0625,0.625,0.9226190476190476,52.125,1.3125,0,0.44633751665001664,0.6381875,8.099375,4.29960654323982,1.875,0.5625,0.9404761904761905,52.1875,1.3125,0.44633751665001664,1.7647045974541697,2014,0.490436629991066,0.4408401742470799,BAL vs. PIT,PIT,1550.0,1.0,BAL,1450.0,17.0,1,20,-2.5,1,-128.0,116.0,1,0
BAL,1.0,11.0,11.0,10.294117647058824,175,10.823529411764707,184,-5.711764705882354,0.31408942439163445,-13.429411764705883,-0.27010422627109476,2.6627302436125966,1.7496047253400193,0.913125518272577,11.032951378938725,25.823529411764707,439,78.0,18.764705882352942,319,64.0,AFC North,2,7.0588235294117645,120,0.5001693618881119,0.6341764705882353,7.541764705882353,4.314089424391634,1.7058823529411764,1.0,0.869047619047619,52.0,1.2352941176470589,4,0.40409054613206863,0.6448823529411765,6.584705882352941,3.7298957737289054,1.3529411764705883,0.47058823529411764,0.8088888888888889,65.94117647058823,1.4705882352941178,0.40409054613206863,-0.032951378938724574,2015-01-10,2014,0.43102738538731133,-0.011461349196078113,NWE,16.0,12.0,0.75,10.625,170,10.75,172,-3.8687499999999977,-0.08599763662638474,-15.181249999999999,-0.26879888153405596,2.7953693875568875,1.862672397047397,0.9326969905094905,10.613531435517334,29.25,468,82.0,19.5625,313,59.0,AFC East,-1,9.6875,155,0.5621600621600622,0.6460625,7.300625,3.914002363373615,2.125,0.8125,0.9107142857142857,67.5,0.8125,12,0.4489100717501453,0.6048125,6.42875,3.731201118465944,1.5,0.375,0.7128205128205128,47.0,1.5625,0.4489100717501453,1.3864685644826658,2014,0.5241508905469039,0.3513087373926153,BAL vs. NWE,NWE,1694.1409764221482,1.0,BAL,1613.990598080485,3.0,1,4,-7.0,0,-290.0,256.0,0,1
MIA,1.0,1.0,1.0,12.0,12,14.0,14,-21.200000000000003,1.026315789473684,-32.0,0.4500000000000002,2.75,1.4285714285714286,1.3214285714285714,0.7661749644377445,33.0,33,7.0,20.0,20,4.0,AFC East,1,13.0,13,0.5,0.563,5.13,5.026315789473684,2.0,1.0,1.0,26.0,3.0,-1,0.5384615384615384,0.518,4.39,4.45,1.0,1.0,1.0,100.0,2.0,0.5384615384615384,0.23382503556225553,2014-09-14,2014,0.7197312707446492,0.0668071530177873,BUF,1.0,1.0,1.0,11.0,11,11.0,11,-9.5,1.8484848484848486,-14.5,0.7777777777777777,2.090909090909091,1.8181818181818181,0.2727272727272727,0.5820600364363633,23.0,23,5.0,20.0,20,4.0,AFC East,1,3.0,3,0.5,0.727,6.45,5.848484848484849,1.0,1.0,1.0,108.0,1.0,2,0.3333333333333333,0.6940000000000001,5.94,4.777777777777778,2.0,0.0,1.0,43.0,3.0,0.3333333333333333,0.4179399635636367,2014,0.6445181652561985,0.15197816856859517,MIA vs. BUF,BUF,1550.0,1.0,MIA,1550.0,1.0,1,19,-1.0,1,-113.0,102.0,1,0
LAC,2.0,1.0,0.5,10.0,20,10.0,20,-0.3999999999999986,-1.5518018018018018,11.350000000000001,2.2500000000000004,2.4393939393939394,1.9848484848484849,0.4545454545454545,1.1657697393684985,23.5,47,9.0,19.5,39,7.0,AFC West,1,4.0,8,1.0,0.6699999999999999,7.5,2.448198198198198,2.0,0.5,1.0,50.0,0.5,2,0.49411764705882355,0.6645000000000001,8.915,6.25,2.0,0.5,1.0,38.0,1.5,0.49411764705882355,-0.16576973936849848,2014-09-21,2014,0.41270180864208783,0.14599029561051274,BUF,2.0,2.0,1.0,11.0,22,12.0,24,-5.450000000000003,0.6363636363636365,-21.75,0.2936507936507933,2.3636363636363633,1.2937062937062938,1.06993006993007,1.5078236455162113,26.0,52,11.0,15.0,30,6.0,AFC East,2,11.0,22,1.0,0.671,7.494999999999999,4.636363636363637,1.0,0.5,0.9166666666666667,74.0,0.5,4,0.3333333333333333,0.6635,4.86,4.2936507936507935,1.5,0.0,1.0,31.5,2.5,0.3333333333333333,0.4921763544837887,2014,0.6230440886209472,0.1865220443104736,LAC vs. BUF,BUF,1600.0,1.0,LAC,1514.0064999802885,8.0,0,-12,-2.5,0,-130.0,118.0,0,0
BUF,3.0,2.0,0.6666666666666666,10.333333333333334,31,11.333333333333334,34,-10.4,0.40909090909090934,-4.3666666666666645,-0.36904761904761924,1.9461279461279462,1.595804195804196,0.35032375032375024,1.6415223530061533,20.666666666666668,62,13.0,17.333333333333332,52,10.0,AFC East,-1,3.3333333333333335,10,0.75,0.6389999999999999,6.873333333333332,4.409090909090909,1.0,0.3333333333333333,0.9444444444444445,86.0,0.3333333333333333,4,0.36507936507936506,0.6823333333333333,7.1066666666666665,3.630952380952381,1.6666666666666667,0.0,1.0,35.666666666666664,1.6666666666666667,0.36507936507936506,0.35847764699384665,2014-09-28,2014,0.4694646173217205,0.23122329872488692,HOU,3.0,2.0,0.6666666666666666,10.0,30,10.333333333333334,31,-0.3000000000000019,0.07643648763853372,-4.800000000000002,1.4106889132464584,2.2129629629629632,1.5518518518518516,0.6611111111111111,1.9873012968102082,21.333333333333332,64,11.0,16.666666666666668,50,9.0,AFC South,-1,4.666666666666667,14,0.0,0.6576666666666666,8.25,4.076436487638534,1.3333333333333333,0.6666666666666666,0.9166666666666666,56.666666666666664,1.3333333333333333,3,0.4222222222222222,0.7256666666666667,6.87,5.4106889132464575,1.0,1.0,1.0,42.0,2.3333333333333335,0.4222222222222222,0.012698703189791827,2014,0.36821873038986347,0.19477729385707662,BUF vs. HOU,HOU,1513.0839817871451,4.0,BUF,1537.8712080630237,4.0,1,6,-3.0,1,-134.0,121.0,0,0
BUF,4.0,2.0,0.5,11.25,45,11.75,47,-18.075000000000003,0.3502964426877472,-9.625,-0.8746118012422361,1.7631673881673882,1.6391608391608392,0.12400654900654895,1.9697073232174827,19.75,79,16.0,18.75,75,14.0,AFC East,-2,1.0,4,0.7222222222222222,0.5985,6.119999999999999,4.350296442687747,1.25,0.25,0.9583333333333334,74.5,0.75,5,0.3519345238095238,0.68075,6.640000000000001,3.125388198757764,1.5,0.0,1.0,49.25,2.0,0.3519345238095238,0.030292676782517347,2014-10-05,2014,0.3582482379362238,0.22566009295188957,DET,4.0,3.0,0.75,10.0,40,10.0,40,-7.925000000000001,-0.8230506822612087,-24.525,-0.6660353535353535,2.257260101010101,1.5005681818181817,0.7566919191919192,2.556730620255945,21.25,85,13.0,15.5,62,11.0,NFC North,2,5.75,23,0.611111111111111,0.651,7.547499999999999,3.1769493177387913,1.25,1.0,0.41666666666666663,47.75,1.5,-1,0.5194444444444445,0.575,5.455,3.3339646464646466,1.0,0.75,1.0,33.0,1.25,0.5194444444444445,0.4432693797440548,2014,0.3610156371042045,0.2367247698574038,BUF vs. DET,DET,1586.4327602274711,1.0,BUF,1484.3100793085284,7.0,0,-3,-4.5,0,-220.0,197.0,0,0
NWE,5.0,3.0,0.6,11.4,57,11.0,55,-9.719999999999999,0.06983254994124569,-14.02,0.15002658160552906,2.187532467532468,1.97,0.21753246753246747,2.9722179836733895,24.6,123,23.0,21.4,107,20.0,AFC East,1,3.2,16,0.5833333333333333,0.6316,6.68,4.069832549941245,1.4,0.6,1.0,93.2,1.0,6,0.34969654528478056,0.6198,6.014,4.150026581605529,1.6,0.4,0.7,41.0,2.2,0.34969654528478056,0.02778201632661048,2014-10-12,2014,0.4057508293877615,0.29292960118738987,BUF,5.0,3.0,0.6,11.8,59,12.0,60,-17.1,-0.07430830039525685,-12.66,-0.8096894409937889,1.6533910533910532,1.5267132867132867,0.12667776667776662,2.582757024620263,19.2,96,20.0,17.8,89,15.0,AFC East,1,1.4,7,0.7291666666666666,0.6184,6.148,3.925691699604743,1.2,0.2,0.9166666666666666,74.4,0.8,6,0.34404761904761905,0.6607999999999999,6.465999999999999,3.1903105590062113,1.4,0.0,0.8,51.8,2.0,0.34404761904761905,0.41724297537973687,2014,0.3672707101952364,0.22086214876898685,NWE vs. BUF,BUF,1548.5976014247813,8.0,NWE,1559.2169072306044,8.0,0,-15,-1.0,0,-117.0,106.0,1,0
MIN,6.0,2.0,0.3333333333333333,10.833333333333334,65,10.833333333333334,65,-33.1,0.17596325093035645,-6.516666666666666,0.2392579267579269,1.6692585192585192,2.247169497169497,-0.5779109779109778,1.9057593904804158,17.333333333333332,104,20.0,23.833333333333332,143,22.0,NFC North,-2,-6.5,-39,0.35333333333333333,0.5883333333333334,4.628333333333333,4.175963250930356,0.5,1.0,0.7999999999999999,58.833333333333336,1.6666666666666667,-5,0.33713231213231215,0.6621666666666667,6.8566666666666665,4.239257926757927,1.6666666666666667,1.0,0.6666666666666666,72.33333333333333,0.8333333333333334,0.33713231213231215,0.09424060951958424,2014-10-19,2014,0.31252515946254283,0.2873674189985407,BUF,6.0,3.0,0.5,11.833333333333334,71,12.0,72,-15.800000000000002,-0.23583662714097495,-4.233333333333332,-1.032765892186182,1.6833814333814334,1.7861499611499614,-0.10276852776852785,2.8085702667195194,19.666666666666668,118,23.0,21.0,126,22.0,AFC East,-1,-1.3333333333333333,-8,0.7033333333333334,0.6206666666666666,6.276666666666666,3.764163372859025,1.3333333333333333,0.3333333333333333,0.9166666666666666,79.83333333333333,1.1666666666666667,3,0.3755952380952381,0.6723333333333333,7.3066666666666675,2.967234107813818,1.8333333333333333,0.0,0.7916666666666666,53.166666666666664,1.6666666666666667,0.3755952380952381,0.19142973328048063,2014,0.3342790701066926,0.2643783660466912,MIN vs. BUF,BUF,1500.12536665706,15.0,MIN,1405.6332233396588,22.0,1,1,-7.0,0,-300.0,264.0,0,0
BUF,7.0,4.0,0.5714285714285714,11.857142857142858,83,12.0,84,-14.585714285714285,0.11364379327766054,-10.799999999999999,-0.6783313558640182,1.6452793238507524,1.7214618714618715,-0.07618254761111909,3.344428687791701,19.285714285714285,135,26.0,20.285714285714285,142,26.0,AFC East,1,-1.0,-7,0.6416666666666667,0.635,6.21,4.11364379327766,1.4285714285714286,0.2857142857142857,0.9305555555555557,75.28571428571429,1.5714285714285714,1,0.36955782312925173,0.6587142857142857,6.527142857142857,3.3216686441359817,1.7142857142857142,0.0,0.8214285714285714,52.714285714285715,1.7142857142857142,0.36955782312925173,0.6555713122082989,2014-10-26,2014,0.34259011035699793,0.2942939695874418,NYJ,7.0,1.0,0.14285714285714285,11.142857142857142,78,10.857142857142858,76,-31.342857142857138,0.4216484008549673,6.700000000000001,-0.5926784855356285,1.564935064935065,2.439177489177489,-0.8742424242424244,2.284258552944687,17.285714285714285,121,25.0,26.428571428571427,185,30.0,AFC East,-6,-9.142857142857142,-64,0.5555555555555555,0.5604285714285714,4.554285714285714,4.421648400854967,1.0,0.7142857142857143,0.9666666666666667,67.14285714285714,1.7142857142857142,-9,0.3938425370148059,0.6361428571428572,8.177142857142858,3.4073215144643716,2.5714285714285716,0.2857142857142857,0.9166666666666666,60.42857142857143,0.42857142857142855,0.3938425370148059,-1.2842585529446868,2014,0.2617097732168184,0.2659252695707883,BUF vs. NYJ,NYJ,1338.1280965615508,28.0,BUF,1536.8525064809337,10.0,0,-20,-3.0,0,-145.0,131.0,1,0
KAN,8.0,5.0,0.625,9.5,76,9.875,79,-4.049999999999999,0.521530679473243,-8.7375,0.7842653508771932,2.659474206349206,1.84022644022644,0.8192477661227662,5.001313730971824,25.0,200,33.0,17.25,138,28.0,AFC West,3,7.75,62,0.5654761904761905,0.68025,6.985,4.521530679473243,1.375,1.375,0.8571428571428571,39.75,0.875,-2,0.5096882284382285,0.6205,6.775,4.7842653508771935,1.625,0.0,0.8095238095238094,55.375,0.625,0.5096882284382285,-0.0013137309718240786,2014-11-09,2014,0.43413922183870035,0.3100683790075774,BUF,8.0,5.0,0.625,12.125,97,12.375,99,-7.412499999999999,-0.13884293088204702,-20.0625,-0.43066114850222803,1.8235479797979797,1.6979458041958042,0.12560217560217557,4.159442361830977,22.25,178,34.0,20.625,165,30.0,AFC East,2,1.625,13,0.5704081632653061,0.6291249999999999,7.588749999999999,3.8611570691179526,1.75,0.375,0.9404761904761906,72.0,1.375,7,0.35461309523809526,0.63325,5.58875,3.569338851497772,1.5,0.375,0.84375,57.375,2.25,0.35461309523809526,0.840557638169023,2014,0.3873440202290551,0.29699081962761453,KAN vs. BUF,BUF,1561.0121001746195,7.0,KAN,1608.6252992093648,8.0,0,-4,-2.0,0,-128.0,116.0,0,0
BUF,9.0,5.0,0.5555555555555556,12.222222222222221,110,12.333333333333334,111,-8.666666666666666,-0.007254322400203368,-20.87777777777778,-0.2392913912612397,1.7320426487093152,1.666692566692567,0.06535008201674865,4.505642181505704,21.22222222222222,191,37.0,20.22222222222222,182,33.0,AFC East,-1,1.0,9,0.5772321428571429,0.6263333333333333,7.377777777777776,3.9927456775997965,1.6666666666666667,0.3333333333333333,0.9479166666666667,68.88888888888889,1.5555555555555556,5,0.3638227513227513,0.628,5.546666666666667,3.76070860873876,1.3333333333333333,0.5555555555555556,0.8611111111111112,53.111111111111114,2.111111111111111,0.3638227513227513,0.4943578184942963,2014-11-13,2014,0.354839635640696,0.28059440241272454,MIA,9.0,5.0,0.5555555555555556,11.0,99,11.11111111111111,100,-11.455555555555557,0.6624787154535438,-21.355555555555554,-0.20558515120799598,2.3636752136752133,1.7125072458405792,0.6511679678346345,5.3571741334900365,25.22222222222222,227,40.0,19.0,171,31.0,AFC East,-1,6.222222222222222,56,0.45223214285714286,0.6424444444444445,6.297777777777778,4.662478715453544,1.6666666666666667,0.6666666666666666,0.8796296296296295,41.77777777777778,1.5555555555555556,5,0.4090053465053465,0.5988888888888889,5.317777777777778,3.794414848792004,1.5555555555555556,0.4444444444444444,0.8333333333333334,54.888888888888886,2.111111111111111,0.4090053465053465,-0.35717413349003646,2014,0.38800565057283787,0.26325289095756543,BUF vs. MIA,MIA,1550.0,1.0,BUF,1550.0,1.0,1,13,-4.0,1,-195.0,175.0,1,0
NYJ,10.0,2.0,0.2,11.1,111,10.9,109,-29.7,0.5054569109015075,7.630000000000003,-0.7229019006592537,1.5737878787878787,2.432748917748918,-0.858961038961039,3.315967884533624,17.4,174,35.0,26.5,265,45.0,AFC East,1,-9.1,-91,0.5714285714285714,0.5601,4.688000000000001,4.505456910901508,1.0,0.8,0.9407407407407408,67.5,1.8,-11,0.39639153029632906,0.6416000000000001,8.803999999999998,3.2770980993407464,2.5,0.4,0.9074074074074073,51.2,0.7,0.39639153029632906,-1.3159678845336238,2014-11-24,2014,0.2738208324696605,0.31723068366604307,BUF,10.0,5.0,0.5,11.8,118,12.0,120,-10.940000000000001,-0.12231836384439357,-17.740000000000002,-0.09452891880178242,1.6713383838383837,1.7444677544677547,-0.07312937062937068,4.612968387960851,20.0,200,40.0,20.4,204,37.0,AFC East,-2,-0.4,-4,0.5748236331569665,0.6201,7.109,3.8776816361556063,1.5,0.3,0.925925925925926,69.0,1.4,7,0.3674404761904762,0.6416999999999999,5.713,3.9054710811982174,1.4,0.5,0.875,50.8,2.1,0.3674404761904762,0.3870316120391486,2014,0.3521027665098016,0.28943347470454045,NYJ vs. BUF,BUF,1536.8525064809337,10.0,NYJ,1338.1280965615508,28.0,1,35,-2.5,1,-143.0,129.0,1,0
CLE,11.0,7.0,0.6363636363636364,11.727272727272727,129,12.0,132,-14.009090909090908,-0.388757032300914,-24.527272727272727,0.4359079857870236,1.954001554001554,1.719592528683438,0.23440902531811628,5.963314490985311,22.0,242,45.0,19.90909090909091,219,41.0,AFC North,1,2.090909090909091,23,0.29623015873015873,0.5712727272727273,7.808181818181819,3.611242967699086,1.0,1.2727272727272727,0.7545454545454546,54.18181818181818,1.1818181818181819,7,0.32431245225362876,0.5843636363636363,5.448181818181818,4.435907985787024,1.4545454545454546,0.7272727272727273,0.9083333333333334,49.0,1.8181818181818181,0.32431245225362876,1.0366855090146894,2014-11-30,2014,0.38171307111040237,0.3116419461911861,BUF,11.0,6.0,0.5454545454545454,11.636363636363637,128,11.818181818181818,130,-8.663636363636364,-0.11119851258581233,-20.55454545454546,-0.009380356805448142,1.8648530762167126,1.6131525040615953,0.25170057215511754,5.610538235262363,21.636363636363637,238,45.0,18.818181818181817,207,38.0,AFC East,1,2.8181818181818183,31,0.5373412698412698,0.6319090909090909,7.201818181818182,3.8888014874141876,1.5454545454545454,0.45454545454545453,0.9333333333333333,64.9090909090909,1.2727272727272727,8,0.38298784548784554,0.6331818181818182,5.430909090909091,3.990619643194552,1.2727272727272727,0.45454545454545453,0.8863636363636364,51.63636363636363,2.0,0.38298784548784554,0.3894617647376366,2014,0.36400978651505234,0.27608359934267845,CLE vs. BUF,BUF,1508.0248160395236,16.0,CLE,1543.2132577486168,7.0,1,16,-3.0,1,-173.0,156.0,0,0
BUF,12.0,7.0,0.5833333333333334,11.75,141,11.916666666666666,143,-11.608333333333334,-0.14082085875921688,-22.425,-0.10475250655884027,1.8761153198653198,1.5428256928256927,0.333289627039627,6.516437489077119,22.0,264,50.0,18.083333333333332,217,40.0,AFC East,2,3.9166666666666665,47,0.546343303161485,0.6249166666666667,6.8999999999999995,3.859179141240783,1.5,0.4166666666666667,0.9212121212121211,63.25,1.3333333333333333,9,0.3621833028083028,0.6308333333333334,5.309166666666667,3.89524749344116,1.1666666666666667,0.5,0.8541666666666666,53.666666666666664,2.0833333333333335,0.3621833028083028,0.48356251092288094,2014-12-07,2014,0.36889960138660993,0.2676821098117222,DEN,12.0,9.0,0.75,11.25,135,11.666666666666666,140,10.033333333333333,-0.1518834299181305,-15.024999999999999,-0.7399019962347637,2.7674381174381177,2.0554209679209676,0.7120171495171496,7.464661078990518,30.083333333333332,361,58.0,23.0,276,49.0,AFC West,2,7.083333333333333,85,0.49096812278630464,0.6755833333333333,8.670833333333333,3.8481165700818694,3.0,0.6666666666666666,0.7166666666666666,70.08333333333333,1.0,4,0.45746221371221374,0.6270833333333333,5.644166666666667,3.2600980037652363,2.0,0.5833333333333334,0.8666666666666666,43.5,1.3333333333333333,0.45746221371221374,1.5353389210094823,2014,0.48459855396206786,0.36561405186277657,BUF vs. DEN,DEN,1672.1666563072506,1.0,BUF,1563.071595486133,12.0,1,7,-9.0,0,-400.0,346.0,0,0
GNB,13.0,10.0,0.7692307692307693,9.538461538461538,124,10.153846153846153,132,12.976923076923075,0.2854498917479326,-15.569230769230769,0.37900702887513044,3.3947580197580196,2.4247175901022056,0.9700404296558142,7.978353760083178,32.53846153846154,423,69.0,23.384615384615383,304,50.0,NFC North,5,9.153846153846153,119,0.5656355218855219,0.6631538461538462,9.52076923076923,4.285449891747932,2.6923076923076925,0.8461538461538461,0.9060606060606061,48.07692307692308,0.6153846153846154,16,0.4608237162535805,0.6164615384615384,6.348461538461539,4.37900702887513,1.7692307692307692,0.8461538461538461,0.8333333333333334,60.53846153846154,1.8461538461538463,0.4608237162535805,2.021646239916822,2014-12-14,2014,0.6429860983587224,0.40855612587170226,BUF,13.0,7.0,0.5384615384615384,11.615384615384615,151,11.76923076923077,153,-12.73076923076923,-0.0819115619315848,-24.015384615384615,-0.05160178324264301,1.8625679875679875,1.6087621779929473,0.2538058095750403,6.82278054438589,21.615384615384617,281,53.0,18.53846153846154,241,44.0,AFC East,-1,3.076923076923077,40,0.5633146945646946,0.6281538461538462,6.734615384615385,3.9180884380684153,1.4615384615384615,0.46153846153846156,0.9277777777777777,65.92307692307692,1.4615384615384615,9,0.37759227951535645,0.6361538461538461,5.22,3.948398216757357,1.0769230769230769,0.6923076923076923,0.8653846153846154,53.0,2.1538461538461537,0.37759227951535645,0.17721945561411,2014,0.35577821250511865,0.26938042033535486,GNB vs. BUF,BUF,1528.2752159724014,14.0,GNB,1753.8550047561148,1.0,1,8,3.5,1,155.0,-172.0,0,0
BUF,14.0,8.0,0.5714285714285714,11.571428571428571,162,11.785714285714286,165,-15.285714285714286,-0.11718627720486986,-27.064285714285713,0.1366078679413553,1.8658910533910533,1.5712315462315463,0.2946595071595071,7.579833222257977,21.571428571428573,302,57.0,18.142857142857142,254,47.0,AFC East,1,3.4285714285714284,48,0.579154392615931,0.6203571428571429,6.505,3.88281372279513,1.3571428571428572,0.42857142857142855,0.9333333333333333,66.57142857142857,1.4285714285714286,10,0.36847854526425955,0.6196428571428572,4.991428571428571,4.136607867941355,1.0,0.7142857142857143,0.8511904761904762,54.214285714285715,2.142857142857143,0.36847854526425955,0.4201667777420228,2014-12-21,2014,0.3624115989115058,0.2730510123609849,LVR,14.0,2.0,0.14285714285714285,11.857142857142858,166,11.428571428571429,160,-24.085714285714285,-0.438703201607854,-1.571428571428573,0.0766129796602558,1.3537162242519385,2.3918418882704597,-1.0381256640185212,3.741179578157836,15.214285714285714,213,38.0,27.214285714285715,381,66.0,AFC West,-1,-12.0,-168,0.6150575919806689,0.5934999999999999,5.031428571428571,3.561296798392146,1.3571428571428572,0.2857142857142857,0.85,58.42857142857143,1.9285714285714286,-16,0.3444690021757691,0.6441428571428572,7.670714285714285,4.076612979660256,1.7857142857142858,1.0,0.869047619047619,62.142857142857146,0.7857142857142857,0.3444690021757691,-1.741179578157836,2014,0.2004454285843383,0.3317331017149923,BUF vs. LVR,LVR,1340.809635825455,29.0,BUF,1606.834160209153,13.0,1,2,7.0,1,256.0,-290.0,0,0
BUF,15.0,8.0,0.5333333333333333,11.733333333333333,176,11.866666666666667,178,-15.193333333333333,-0.3093738587245452,-26.013333333333332,0.12009326933785752,1.8557840307840308,1.5998161098161099,0.2559679209679209,8.032549630771856,21.733333333333334,326,61.0,18.666666666666668,280,53.0,AFC East,-1,3.066666666666667,46,0.5479903033474461,0.6225333333333333,6.449333333333333,3.6906261412754544,1.4666666666666666,0.4,0.9380952380952381,65.8,1.4666666666666666,8,0.3616910866910867,0.6116666666666667,5.142666666666667,4.120093269337858,1.0666666666666667,0.6666666666666666,0.8477777777777777,52.93333333333333,2.0,0.3616910866910867,-0.032549630771855576,2014-12-28,2014,0.3458388153495897,0.27725650545658864,NWE,15.0,12.0,0.8,10.733333333333333,161,10.866666666666667,163,-1.8399999999999976,-0.1343974790681437,-16.48,-0.23015315040400314,2.9150606800606798,1.860924630924631,1.0541360491360492,10.43219117454688,30.6,459,79.0,19.733333333333334,296,56.0,AFC East,3,10.866666666666667,163,0.5642191142191142,0.6527999999999999,7.496666666666667,3.8656025209318563,2.2666666666666666,0.8666666666666667,0.9038461538461539,68.33333333333333,0.8666666666666667,11,0.4566151876445994,0.5987333333333333,6.324,3.769846849595997,1.5333333333333334,0.3333333333333333,0.688888888888889,47.2,1.6,0.4566151876445994,1.5678088254531204,2014,0.5419697296939116,0.3565633105216257,BUF vs. NWE,NWE,1559.2169072306044,8.0,BUF,1548.5976014247813,8.0,0,-8,-4.5,0,-218.0,195.0,1,0
DET,1.0,1.0,1.0,9.0,9,10.0,10,24.599999999999994,-1.4666666666666668,-49.4,-1.5909090909090908,3.888888888888889,1.4,2.488888888888889,0.897670863666944,35.0,35,6.0,14.0,14,2.0,NFC North,1,21.0,21,0.5,0.688,11.91,2.533333333333333,2.0,2.0,0.6666666666666666,85.0,0.0,2,0.6666666666666666,0.545,2.24,2.409090909090909,1.0,1.0,,25.0,2.0,0.6666666666666666,0.10232913633305596,2014-09-14,2014,0.734886090888704,0.020465827266611194,CAR,1.0,1.0,1.0,11.0,11,10.0,10,7.599999999999994,-0.5757575757575757,-31.0,2.0,1.8181818181818181,1.4,0.4181818181818182,0.6995844046227784,20.0,20,4.0,14.0,14,2.0,NFC South,1,6.0,6,0.5,0.706,7.68,3.4242424242424243,2.0,0.0,0.6666666666666666,55.0,0.0,3,0.4,0.629,3.2,6.0,2.0,0.0,,15.0,3.0,0.4,0.3004155953772216,2014,0.4728783983189897,0.06008311907544433,DET vs. CAR,CAR,1550.0,1.0,DET,1550.0,1.0,1,17,-1.0,1,-113.0,102.0,0,0
PIT,2.0,1.0,0.5,11.0,22,10.0,20,-17.650000000000002,0.9396551724137931,0.0,1.2612007168458779,1.487179487179487,2.75,-1.262820512820513,0.5921293615972016,18.0,36,8.0,26.5,53,11.0,AFC North,-1,-8.5,-17,0.0,0.6405,7.135,4.939655172413794,0.5,1.0,1.0,85.5,2.0,-4,0.41666666666666663,0.662,7.185,5.261200716845877,1.5,1.0,1.0,45.0,0.0,0.41666666666666663,0.40787063840279836,2014-09-21,2014,0.4377946615277815,0.3871644255607696,CAR,2.0,2.0,1.0,11.0,22,11.0,22,2.0999999999999943,-0.9962121212121213,-30.9,0.9444444444444444,2.0,0.9916666666666667,1.0083333333333333,1.6484194683621123,22.0,44,9.0,10.5,21,3.0,NFC South,2,11.5,23,1.0,0.6765,7.824999999999999,3.003787878787879,1.5,0.5,0.8333333333333333,50.0,0.0,6,0.325,0.596,3.975,4.944444444444445,1.5,0.0,0.0,24.0,3.0,0.325,0.3515805316378877,2014,0.48100510874411345,0.09215321806621961,PIT vs. CAR,CAR,1600.0,1.0,PIT,1485.9935000197115,8.0,0,-18,-3.0,0,-190.0,171.0,0,0
CHI,4.0,2.0,0.5,9.25,37,10.0,40,-5.274999999999999,0.0181275762337455,-8.350000000000001,0.511978761978762,2.537878787878788,2.775703463203463,-0.23782467532467533,1.9337057292462545,23.0,92,15.0,25.0,100,20.0,NFC North,-1,-2.0,-8,0.611111111111111,0.658,6.390000000000001,4.018127576233745,2.5,0.0,1.0,60.5,1.5,2,0.46325757575757576,0.6839999999999999,7.220000000000001,4.511978761978762,1.75,0.75,0.875,93.5,2.0,0.46325757575757576,0.0662942707537455,2014-10-05,2014,0.4121244193331499,0.3832867838442182,CAR,4.0,2.0,0.5,9.75,39,9.75,39,0.9999999999999964,-0.8038752913752913,-3.1499999999999986,1.471732026143791,1.832142857142857,2.7111111111111112,-0.878968253968254,1.8598229884954494,18.25,73,15.0,24.0,96,15.0,NFC South,-2,-5.75,-23,0.7222222222222222,0.662,7.9975,3.1961247086247084,1.5,0.25,0.9166666666666666,66.0,0.75,3,0.4125,0.65875,7.025,5.4717320261437905,2.0,0.75,0.5,44.75,1.5,0.4125,0.14017701150455064,2014,0.39809394341389914,0.30194009726005294,CHI vs. CAR,CAR,1488.154820287265,7.0,CHI,1496.2440551217223,7.0,1,7,-1.5,1,-117.0,106.0,0,0
CAR,5.0,3.0,0.6,10.2,51,10.6,53,-2.800000000000003,-0.7431002331002331,-4.039999999999997,1.1501128936423055,1.9823809523809524,2.5117460317460316,-0.5293650793650793,2.506979160062145,20.8,104,19.0,24.0,120,19.0,NFC South,1,-3.2,-16,0.6666666666666666,0.6382,7.69,3.2568997668997666,1.6,0.4,0.9333333333333332,58.8,1.2,4,0.4133333333333333,0.6826,6.798,5.150112893642306,2.0,0.8,0.5,51.6,2.0,0.4133333333333333,0.49302083993785484,2014-10-12,2014,0.40928390572085976,0.32214111682573293,CIN,4.0,3.0,0.75,11.25,45,11.0,44,4.150000000000002,-0.2632340777502067,-33.15,0.9773251062438706,2.172348484848485,1.7242424242424241,0.4481060606060605,2.6662003645747983,24.25,97,18.0,19.0,76,14.0,AFC North,-1,5.25,21,0.6666666666666666,0.65,9.42,3.736765922249793,1.25,1.25,0.6458333333333334,46.75,1.0,3,0.26190476190476186,0.56675,4.7375,4.977325106243871,1.0,0.75,0.625,74.5,1.75,0.26190476190476186,0.33379963542520175,2014,0.4333799635425202,0.2651886073633683,CAR vs. CIN,CIN,1564.4681233435142,4.0,CAR,1539.318744451593,8.0,1,0,-7.0,0,-320.0,281.0,0,0
CAR,6.0,3.0,0.5,10.166666666666666,61,10.666666666666666,64,-4.700000000000003,-0.5653286256227433,-4.499999999999997,1.3293951533040718,2.2686507936507936,2.6537277537277535,-0.3850769600769601,3.006979160062145,23.5,141,26.0,26.166666666666668,157,26.0,NFC South,0,-2.6666666666666665,-16,0.6833333333333333,0.6368333333333333,7.419999999999999,3.4346713743772566,1.6666666666666667,0.6666666666666666,0.9027777777777777,59.0,1.1666666666666667,5,0.42287581699346405,0.6966666666666667,6.711666666666667,5.3293951533040715,2.0,1.0,0.55,62.833333333333336,2.0,0.42287581699346405,-0.006979160062145162,2014-10-19,2014,0.42573372086990224,0.33806911937079226,GNB,6.0,4.0,0.6666666666666666,9.5,57,9.666666666666666,58,5.38333333333333,-0.14303398126927566,-26.25,0.6058593152509545,2.8499218374218374,2.3902000777000776,0.4597217597217598,3.2682549445896294,26.833333333333332,161,26.0,21.666666666666668,130,21.0,NFC North,3,5.166666666666667,31,0.6333333333333333,0.654,8.110000000000001,3.856966018730725,2.5,0.6666666666666666,0.875,45.5,0.6666666666666666,9,0.4557040998217469,0.6046666666666667,5.216666666666667,4.605859315250954,1.1666666666666667,1.1666666666666667,0.9166666666666666,58.833333333333336,2.1666666666666665,0.4557040998217469,0.7317450554103706,2014,0.5117700919317826,0.3458811671368327,CAR vs. GNB,GNB,1607.7011011944014,6.0,CAR,1492.9317229125618,15.0,1,21,-6.5,1,-280.0,248.0,0,0
SEA,6.0,3.0,0.5,10.166666666666666,61,10.0,60,0.6499999999999998,1.6632949262259606,5.083333333333331,-0.9167692902987022,2.6627946127946127,2.487049987049987,0.17574462574462577,3.3767615139996976,26.5,159,28.0,23.5,141,24.0,NFC West,-2,3.0,18,0.45,0.6603333333333333,7.5633333333333335,5.663294926225961,1.6666666666666667,1.1666666666666667,0.9333333333333332,65.0,0.6666666666666666,1,0.39869321854615974,0.6971666666666666,7.863333333333333,3.0832307097012976,2.0,0.5,0.8333333333333334,40.166666666666664,0.8333333333333334,0.39869321854615974,-0.3767615139996976,2014-10-26,2014,0.43019310821860235,0.30821589906668684,CAR,7.0,3.0,0.42857142857142855,10.428571428571429,73,10.714285714285714,75,-6.985714285714288,-0.43885310767663704,3.0142857142857156,1.1490053694987281,2.146938775510204,2.7681302824159966,-0.6211915069057926,3.1363690973077825,22.571428571428573,158,29.0,27.857142857142858,195,32.0,NFC South,-1,-5.285714285714286,-37,0.6805555555555555,0.6264285714285714,7.158571428571428,3.561146892323363,1.7142857142857142,0.5714285714285714,0.9166666666666666,60.57142857142857,1.1428571428571428,4,0.41008403361344536,0.7102857142857142,7.5442857142857145,5.149005369498728,2.142857142857143,1.1428571428571428,0.625,58.0,1.7142857142857142,0.41008403361344536,-0.13636909730778246,2014,0.3895211275500476,0.3574022645450495,SEA vs. CAR,CAR,1458.8727130515565,18.0,SEA,1469.6870285888012,13.0,0,-4,6.0,1,214.0,-240.0,0,0
NOR,7.0,3.0,0.42857142857142855,10.285714285714286,72,9.428571428571429,66,-0.5714285714285735,1.33047332763287,-1.8142857142857107,-0.08822038863392256,2.791280148423006,2.78857967429396,0.0027004741290456635,3.802423545183947,28.428571428571427,199,36.0,26.857142857142858,188,33.0,NFC South,1,1.5714285714285714,11,0.4662698412698412,0.7061428571428571,7.587142857142857,5.330473327632871,2.0,1.2857142857142858,0.9166666666666666,47.857142857142854,1.8571428571428572,-6,0.5082417582417582,0.6608571428571429,8.007142857142856,3.911779611366078,1.7142857142857142,1.0,1.0,69.71428571428571,1.0,0.5082417582417582,-0.802423545183947,2014-10-30,2014,0.44268403248686095,0.3712554610582895,CAR,8.0,3.0,0.375,10.125,81,10.375,83,-11.437500000000004,-0.42431904986221874,-0.3124999999999982,1.0774950829267718,2.0191964285714286,2.625238997113997,-0.6060425685425685,3.4313097691656202,20.875,167,32.0,26.0,208,35.0,NFC South,-2,-5.125,-41,0.6547619047619048,0.61625,6.87125,3.575680950137781,1.5,0.5,0.9270833333333333,55.5,1.25,4,0.3838235294117647,0.6996249999999999,7.25,5.077495082926772,2.0,1.0,0.6785714285714286,55.875,1.75,0.3838235294117647,-0.43130976916562025,2014,0.3737624805350311,0.346241201926511,NOR vs. CAR,CAR,1410.4285157548838,20.0,NOR,1515.87340689166,19.0,0,-18,3.0,0,146.0,-162.0,1,0
CAR,9.0,3.0,0.3333333333333333,10.11111111111111,91,10.333333333333334,93,-17.37777777777778,-0.27111188270581066,-1.2222222222222205,0.8286442779168901,1.9059523809523808,2.644656886323553,-0.738704505371172,3.511468079619079,19.666666666666668,177,34.0,26.22222222222222,236,39.0,NFC South,-3,-6.555555555555555,-59,0.6264880952380952,0.5874444444444444,6.413333333333333,3.728888117294189,1.3333333333333333,0.5555555555555556,0.9351851851851851,56.77777777777778,1.3333333333333333,4,0.3887955182072829,0.7003333333333334,7.245555555555557,4.82864427791689,1.8888888888888888,1.2222222222222223,0.6785714285714286,53.666666666666664,1.7777777777777777,0.3887955182072829,-0.5114680796190791,2014-11-10,2014,0.3523932665359601,0.34892801062706796,PHI,8.0,6.0,0.75,12.25,98,12.5,100,-18.299999999999997,0.03690770766609175,-10.9375,-0.0470163179688351,2.416479353979354,1.7912878787878788,0.6251914751914752,5.047967172752443,29.25,234,35.0,22.125,177,30.0,NFC East,1,7.125,57,0.4428571428571429,0.608625,6.18,4.036907707666092,1.875,0.625,0.9642857142857143,62.75,2.625,-10,0.4299370859403754,0.56175,7.11625,3.9529836820311646,2.125,0.375,0.6666666666666666,80.25,1.375,0.4299370859403754,0.9520328272475567,2014,0.39964432264498023,0.29820123102178336,CAR vs. PHI,PHI,1614.3129254222529,3.0,CAR,1375.153893807936,21.0,1,24,-7.0,1,-335.0,293.0,0,0
CAR,11.0,3.0,0.2727272727272727,10.909090909090908,120,10.818181818181818,119,-19.35454545454546,-0.2738642676683905,-1.8636363636363624,0.3865163035101009,1.7976148851148854,2.6113626272717183,-0.8137477421568331,4.087035167959612,19.545454545454547,215,40.0,27.272727272727273,300,49.0,NFC South,-5,-7.7272727272727275,-85,0.6095238095238095,0.594,6.097272727272727,3.7261357323316093,1.4545454545454546,0.5454545454545454,0.875,50.54545454545455,1.7272727272727273,-2,0.3845389904213434,0.6834545454545454,7.373636363636364,4.386516303510101,1.8181818181818181,1.1818181818181819,0.75,53.72727272727273,1.5454545454545454,0.3845389904213434,-1.0870351679596117,2014-11-30,2014,0.30039287369819356,0.33364039478226054,MIN,11.0,4.0,0.36363636363636365,10.727272727272727,118,10.545454545454545,116,-29.854545454545452,0.463349998222338,-6.681818181818181,0.3652635044252985,1.758759926941745,2.1742136651227564,-0.4154537381810109,4.30955078117465,18.363636363636363,202,38.0,22.181818181818183,244,40.0,NFC North,-2,-3.8181818181818183,-42,0.38416666666666666,0.5916363636363636,4.699090909090909,4.463349998222338,0.8181818181818182,0.8181818181818182,0.8133333333333332,56.09090909090909,1.2727272727272727,0,0.3486418884146157,0.672,6.761818181818182,4.3652635044252985,1.7272727272727273,0.8181818181818182,0.75,65.81818181818181,1.2727272727272727,0.3486418884146157,-0.30955078117465007,2014,0.3129715487791705,0.303775837580732,CAR vs. MIN,MIN,1394.6502578439993,20.0,CAR,1308.4860419359288,25.0,1,18,-2.5,1,-143.0,129.0,0,0
CAR,12.0,3.0,0.25,10.833333333333334,130,10.666666666666666,128,-20.84166666666667,-0.13488062920107516,-0.3083333333333324,0.3404177226620369,1.756146978021978,2.680786112036112,-0.924639134014134,4.200119135238258,19.0,228,43.0,27.583333333333332,331,52.0,NFC South,-6,-8.583333333333334,-103,0.5871704053522235,0.5873333333333334,5.934166666666666,3.8651193707989244,1.4166666666666667,0.5,0.8863636363636364,49.25,1.6666666666666667,-3,0.3889524078862314,0.6859999999999999,7.385833333333333,4.340417722662036,1.8333333333333333,1.0833333333333333,0.775,51.333333333333336,1.4166666666666667,0.3889524078862314,-1.2001191352382579,2014-12-07,2014,0.29768902383638135,0.3317668001091215,NOR,12.0,5.0,0.4166666666666667,10.25,123,9.666666666666666,116,2.0333333333333328,0.910238607506405,-5.433333333333333,0.43339002252832337,2.6246253746253747,2.7808991933991933,-0.15627381877381874,6.159286518198761,26.916666666666668,323,56.0,26.5,318,56.0,NFC South,1,0.4166666666666667,5,0.4967762035943854,0.711,7.888333333333333,4.910238607506405,2.25,1.0,0.9444444444444444,47.916666666666664,1.6666666666666667,-7,0.49772079772079775,0.6208333333333333,7.928333333333334,4.433390022528323,1.5833333333333333,1.0833333333333333,0.9791666666666666,56.083333333333336,1.0833333333333333,0.49772079772079775,-1.159286518198761,2014,0.41130078250736407,0.3958907722563717,CAR vs. NOR,NOR,1515.87340689166,19.0,CAR,1410.4285157548838,20.0,0,-31,-8.5,0,-400.0,346.0,1,0
TAM,13.0,2.0,0.15384615384615385,10.923076923076923,142,11.307692307692308,147,-22.12307692307692,-0.3508119196026255,-1.2846153846153876,-0.0825110981352959,1.7757451949759644,2.3512237762237764,-0.5754785812478119,4.52914363132125,18.23076923076923,237,40.0,26.76923076923077,348,60.0,NFC South,-3,-8.538461538461538,-111,0.43001443001443,0.5887692307692307,5.945384615384615,3.6491880803973746,1.4615384615384615,0.38461538461538464,0.8484848484848485,65.92307692307692,2.1538461538461537,-8,0.3516213047887256,0.6984615384615385,7.46,3.917488901864704,1.9230769230769231,0.9230769230769231,0.625,65.76923076923077,1.5384615384615385,0.3516213047887256,-2.52914363132125,2014-12-14,2014,0.22688746194320153,0.2973581277450157,CAR,13.0,4.0,0.3076923076923077,10.846153846153847,141,10.692307692307692,139,-18.161538461538463,0.08895634227593065,-2.7307692307692295,0.4228290290635997,1.907772035656651,2.5445018656557115,-0.6367298299990609,5.166028231411699,20.692307692307693,269,50.0,26.23076923076923,341,54.0,NFC South,1,-5.538461538461538,-72,0.5729617604617604,0.591076923076923,6.144615384615384,4.088956342275931,1.5384615384615385,0.6153846153846154,0.8958333333333334,49.69230769230769,1.5384615384615385,-1,0.39493042779241877,0.6787692307692308,7.1207692307692305,4.4228290290636,1.7692307692307692,1.0,0.75,49.69230769230769,1.4615384615384615,0.39493042779241877,-1.1660282314116994,2014,0.3228033761207938,0.32376008605631895,TAM vs. CAR,CAR,1500.0,1.0,TAM,1500.0,1.0,1,2,-3.5,0,-185.0,166.0,1,0
CLE,14.0,7.0,0.5,11.785714285714286,165,12.142857142857142,170,-24.77857142857143,-0.4799126035951914,-28.914285714285715,0.45718167137234406,1.712680969823827,1.8436679392036535,-0.1309869693798265,6.533247054062838,19.714285714285715,276,49.0,21.428571428571427,300,57.0,AFC North,-3,-1.7142857142857142,-24,0.368446724215955,0.5627142857142857,6.377857142857143,3.5200873964048087,0.7857142857142857,1.1428571428571428,0.7153846153846154,58.92857142857143,1.4285714285714286,7,0.29886454581832733,0.5722857142857143,5.0042857142857144,4.457181671372344,1.3571428571428572,0.8571428571428571,0.9141025641025641,47.5,1.9285714285714286,0.29886454581832733,0.466752945937162,2014-12-21,2014,0.3068705170350307,0.3225230747556379,CAR,14.0,5.0,0.35714285714285715,10.785714285714286,151,10.714285714285714,150,-17.542857142857144,0.0714416035419356,-5.535714285714285,0.575856769223653,1.9072168902526045,2.4731413427841997,-0.5659244525315954,5.731550444512968,20.571428571428573,288,55.0,25.571428571428573,358,57.0,NFC South,2,-5.0,-70,0.5407220984144061,0.5934999999999999,6.222142857142857,4.071441603541936,1.5,0.5714285714285714,0.8884615384615385,47.92857142857143,1.5,1,0.3941936389940591,0.6634285714285715,6.8950000000000005,4.575856769223654,1.7142857142857142,1.0,0.7708333333333334,48.214285714285715,1.5714285714285714,0.3941936389940591,-0.7315504445129681,2014,0.3452056412260108,0.3330007736489337,CLE vs. CAR,CAR,1384.556733538368,23.0,CLE,1418.1389237175804,16.0,1,4,-6.0,0,-236.0,211.0,0,0
CAR,1.0,8.0,8.0,10.823529411764707,184,10.882352941176471,185,-16.752941176470593,0.22193234650277777,-12.417647058823528,0.33045156395958597,2.0265315566786155,2.1964448949743067,-0.16991333829569127,8.157770911365029,21.529411764705884,366,67.0,22.941176470588236,390,63.0,NFC South,5,-1.411764705882353,-24,0.538555454961705,0.5928235294117646,6.286470588235295,4.221932346502777,1.4705882352941178,0.6470588235294118,0.8572916666666667,49.1764705882353,1.5294117647058822,3,0.4008555458382448,0.644235294117647,6.140588235294118,4.330451563959586,1.5294117647058822,0.8823529411764706,0.8035714285714286,46.94117647058823,1.7058823529411764,0.4008555458382448,-0.15777091136502897,2015-01-10,2014,0.3066812442312123,-0.053727391437820675,SEA,16.0,12.0,0.75,10.0625,161,10.125,162,-7.31875,1.3271747702702696,-21.225,-0.7745320383901168,2.452821484071484,1.6349601787101786,0.8178613053613054,11.554016123147782,24.625,394,71.0,15.875,254,46.0,NFC West,6,8.75,140,0.5153851703851704,0.63575,7.315625,5.32717477027027,1.25,1.25,0.8811111111111111,63.0625,0.875,10,0.42366904439514735,0.62075,5.458125,3.2254679616098834,1.0625,0.5,0.8571428571428571,38.3125,1.5,0.42366904439514735,0.4459838768522175,2014,0.45328604629522806,0.2741185410243835,CAR vs. SEA,SEA,1786.8245943927425,1.0,CAR,1553.385258660284,8.0,1,14,-13.5,1,-700.0,569.0,0,1
CHI,1.0,0.0,0.0,11.0,11,11.0,11,-14.5,0.7777777777777777,-9.5,1.8484848484848486,1.8181818181818181,2.090909090909091,-0.2727272727272727,0.41793996356363666,20.0,20,4.0,23.0,23,5.0,NFC North,-1,-3.0,-3,0.5,0.6940000000000001,5.94,4.777777777777778,2.0,0.0,1.0,43.0,3.0,-2,0.4166666666666667,0.727,6.45,5.848484848484849,1.0,1.0,1.0,108.0,1.0,0.4166666666666667,-0.41793996356363666,2014-09-14,2014,0.21165819506776848,-0.18997271071074395,SFO,1.0,1.0,1.0,8.0,8,9.0,9,23.799999999999997,0.2333333333333334,-42.2,1.5217391304347823,3.5,1.8888888888888888,1.6111111111111112,0.7654165960348883,28.0,28,3.0,17.0,17,3.0,NFC West,1,11.0,11,0.5,0.696,10.09,4.233333333333333,2.0,1.0,0.0,78.0,0.0,4,0.5833333333333334,0.622,3.78,5.521739130434782,1.0,1.0,1.0,72.0,4.0,0.5833333333333334,0.23458340396511168,2014,0.4629687764869169,0.07819446798837056,CHI vs. SFO,SFO,1550.0,1.0,CHI,1450.0,17.0,0,-8,-7.0,0,-300.0,264.0,0,0
CHI,2.0,1.0,0.5,10.5,21,10.5,21,2.0,-0.25816993464052285,-27.25,1.276094276094276,2.309090909090909,2.0454545454545454,0.26363636363636356,1.1073663985923394,24.0,48,8.0,21.5,43,9.0,NFC North,1,2.5,5,1.0,0.685,6.645,3.741830065359477,3.0,0.0,1.0,50.5,1.5,2,0.375,0.6725,4.945,5.276094276094276,1.0,1.0,1.0,113.0,2.5,0.375,-0.10736639859233943,2014-09-22,2014,0.3605016383633639,0.19127862887307012,NYJ,2.0,1.0,0.5,11.0,22,11.0,22,-23.050000000000004,1.1041335453100158,-0.75,-1.3484848484848486,1.9545454545454546,2.0454545454545454,-0.09090909090909105,1.0262770776617187,21.5,43,8.0,22.5,45,8.0,AFC East,-1,-1.0,-2,0.0,0.6465,5.050000000000001,5.104133545310016,1.0,1.5,1.0,93.5,1.5,-2,0.44362745098039214,0.61,7.11,2.6515151515151514,2.5,0.0,1.0,27.0,0.5,0.44362745098039214,-0.026277077661718717,2014,0.3588587131524148,0.17704053133423298,CHI vs. NYJ,NYJ,1485.9935000197115,8.0,CHI,1514.0064999802885,8.0,0,-8,-1.5,0,-119.0,108.0,0,0
GNB,3.0,1.0,0.3333333333333333,9.333333333333334,28,9.333333333333334,28,-9.199999999999998,-0.3665223665223669,-21.866666666666664,0.19796111901375055,1.8236531986531987,2.852272727272727,-1.0286195286195285,0.8605676237232613,18.0,54,10.0,26.333333333333332,79,12.0,NFC North,-1,-8.333333333333334,-25,0.75,0.6283333333333333,6.516666666666667,3.6334776334776335,1.6666666666666667,0.3333333333333333,1.0,43.0,1.0,2,0.4666666666666666,0.6086666666666667,5.669999999999999,4.19796111901375,1.0,1.6666666666666667,0.8333333333333334,63.666666666666664,1.6666666666666667,0.4666666666666666,0.13943237627673866,2014-09-28,2014,0.37374194955675466,0.3056331966109626,CHI,3.0,2.0,0.6666666666666666,10.333333333333334,31,11.0,33,-1.4333333333333325,-0.5530656707127295,-28.2,0.9789346456013123,2.4393939393939394,1.8914141414141412,0.547979797979798,1.804315792000617,25.0,75,12.0,20.666666666666668,62,14.0,NFC North,2,4.333333333333333,13,0.75,0.6583333333333333,6.510000000000001,3.4469343292872705,2.6666666666666665,0.0,1.0,65.33333333333333,1.3333333333333333,4,0.4055555555555556,0.65,5.08,4.978934645601313,1.0,0.6666666666666666,1.0,101.33333333333333,2.6666666666666665,0.4055555555555556,0.19568420799938302,2014,0.4123463494192752,0.31050079709082185,GNB vs. CHI,CHI,1559.9838184071837,4.0,GNB,1461.991893872262,17.0,0,-21,2.0,0,111.0,-123.0,1,0
MIA,5.0,2.0,0.4,12.0,60,12.0,60,-17.92,1.0482238204206165,-7.080000000000001,-0.275717432575395,2.061888111888112,2.135038295038295,-0.07315018315018325,2.3110267251998677,24.0,120,21.0,24.8,124,22.0,AFC East,-1,-0.8,-4,0.4,0.6142,5.732,5.048223820420617,1.6,0.8,0.9333333333333332,34.2,2.2,-3,0.39443473193473194,0.62,6.644,3.7242825674246047,2.0,0.6,0.9444444444444445,57.4,1.6,0.39443473193473194,-0.31102672519986774,2014-10-19,2014,0.32822812923600925,0.27052470681867635,CHI,6.0,3.0,0.5,10.166666666666666,61,10.5,63,-3.2833333333333314,-0.08535486558293652,-13.533333333333333,0.1297807131140465,2.427633477633478,2.477994227994228,-0.050360750360750384,3.1362435994036804,23.833333333333332,143,24.0,24.0,144,27.0,NFC North,1,-0.16666666666666666,-1,0.5466666666666666,0.6823333333333333,6.973333333333334,3.914645134417063,2.1666666666666665,0.5,0.9,61.333333333333336,1.6666666666666667,2,0.45071872571872573,0.6321666666666667,6.881666666666667,4.129780713114046,1.6666666666666667,0.6666666666666666,0.9166666666666666,76.0,2.0,0.45071872571872573,-0.13624359940368036,2014,0.3845086164325455,0.3474111714711657,MIA vs. CHI,CHI,1492.8190086040506,15.0,MIA,1442.17117391743,21.0,0,-13,-3.0,0,-173.0,156.0,0,0
CHI,7.0,3.0,0.42857142857142855,10.0,70,10.285714285714286,72,-6.785714285714284,-0.11397763988741508,-8.62857142857143,0.1328856328856329,2.3030509173366314,2.5525664811379096,-0.2495155638012781,3.310383339527885,22.428571428571427,157,26.0,24.428571428571427,171,32.0,NFC North,-1,-2.0,-14,0.5222222222222223,0.6731428571428572,6.594285714285713,3.8860223601125847,2.0,0.5714285714285714,0.9,54.714285714285715,1.8571428571428572,-1,0.44585414585414584,0.6534285714285714,7.22,4.132885632885633,1.7142857142857142,0.7142857142857143,0.8571428571428571,77.14285714285714,1.7142857142857142,0.44585414585414584,-0.3103833395278852,2014-10-26,2014,0.35495925137198975,0.36124550225219776,NWE,7.0,5.0,0.7142857142857143,11.285714285714286,79,11.0,77,-1.0428571428571405,-0.22842648549170277,-13.342857142857143,0.11091744128836359,2.3887136672850957,2.026190476190476,0.36252319109461967,4.291878157384544,26.714285714285715,187,35.0,22.0,154,29.0,AFC East,3,4.714285714285714,33,0.5166666666666667,0.6327142857142858,7.651428571428572,3.7715735145082974,2.0,0.42857142857142855,0.9583333333333334,84.28571428571429,0.7142857142857143,9,0.3823839792327187,0.617,6.2299999999999995,4.110917441288364,1.5714285714285714,0.5714285714285714,0.7166666666666667,54.57142857142857,2.0,0.3823839792327187,0.7081218426154559,2014,0.48785581282376295,0.36091935702383715,CHI vs. NWE,NWE,1626.8189409825673,4.0,CHI,1435.5813949079193,18.0,1,28,-5.5,1,-225.0,201.0,0,0
CHI,8.0,3.0,0.375,10.125,81,10.125,81,-6.412499999999998,0.13584648817543493,-1.7624999999999993,0.09283742877492879,2.276533189033189,2.9418290043290045,-0.6652958152958154,3.441935344328939,22.5,180,29.0,27.75,222,40.0,NFC North,-2,-5.25,-42,0.5496598639455782,0.664,6.64875,4.135846488175435,2.125,0.5,0.9,53.0,1.875,-3,0.4355769230769231,0.68025,7.8475,4.092837428774929,2.125,0.625,0.875,72.25,1.5,0.4355769230769231,-0.4419353443289391,2014-11-09,2014,0.33824672070132833,0.40481880590562097,GNB,8.0,5.0,0.625,9.625,77,10.0,80,9.037499999999998,-0.013415836829149763,-17.625,0.7726202928898288,2.8887040043290044,2.5197333916083915,0.36897061272061277,4.315777378137259,27.75,222,37.0,23.875,191,32.0,NFC North,-1,3.875,31,0.5714285714285714,0.680125,8.6875,3.9865841631708503,2.375,0.875,0.9166666666666666,48.25,0.875,8,0.4050897631779985,0.6295000000000001,6.025,4.772620292889829,1.5,1.125,0.9375,57.25,1.875,0.4050897631779985,0.684222621862741,2014,0.5216172678716257,0.3842111310931371,CHI vs. GNB,GNB,1461.991893872262,17.0,CHI,1559.9838184071837,4.0,1,41,-9.5,1,-380.0,330.0,1,0
MIN,9.0,4.0,0.4444444444444444,11.11111111111111,100,11.0,99,-31.244444444444444,0.290761108938413,-8.988888888888887,0.3025039606058308,1.7298423798423799,2.064779664779665,-0.334937284937285,3.6450670368989107,18.666666666666668,168,31.0,22.11111111111111,199,33.0,NFC North,2,-3.4444444444444446,-31,0.35104166666666664,0.5885555555555556,4.685555555555556,4.290761108938413,0.6666666666666666,1.0,0.8083333333333333,58.0,1.3333333333333333,0,0.3631808006808007,0.6684444444444444,6.542222222222222,4.302503960605831,1.5555555555555556,0.8888888888888888,0.8333333333333334,65.44444444444444,1.3333333333333333,0.3631808006808007,0.35493296310108935,2014-11-16,2014,0.3222254687290375,0.30944196159633663,CHI,9.0,3.0,0.3333333333333333,10.333333333333334,93,10.333333333333334,93,-9.677777777777775,-0.0690623808810949,2.066666666666666,0.0964110477999367,2.15321468654802,3.1242183742183744,-0.9710036876703545,3.479521318757084,21.555555555555557,194,30.0,30.77777777777778,277,48.0,NFC North,-3,-9.222222222222221,-83,0.5590773809523809,0.6541111111111112,6.426666666666667,3.930937619118905,2.0,0.4444444444444444,0.9,65.22222222222223,2.0,-5,0.414957264957265,0.6706666666666666,8.5,4.096411047799936,2.5555555555555554,0.5555555555555556,0.8888888888888888,69.77777777777777,1.4444444444444444,0.414957264957265,-0.4795213187570839,2014,0.3053935011198178,0.4312819315408124,MIN vs. CHI,CHI,1381.5522106640162,17.0,MIN,1478.8194524555515,17.0,1,8,-2.5,1,-128.0,116.0,1,0
TAM,10.0,2.0,0.2,10.4,104,11.0,110,-16.93,-0.04176978119769888,0.7799999999999969,-0.025626710454296608,1.9666605616605615,2.4959848484848486,-0.5293242868242868,3.6679027353486298,19.4,194,31.0,27.9,279,49.0,NFC South,1,-8.5,-85,0.3841269841269841,0.6103,6.351999999999999,3.9582302188023015,1.6,0.4,0.7916666666666666,62.6,2.0,-5,0.3691779788838612,0.6971,7.95,3.974373289545704,2.0,0.8,0.65,61.5,1.5,0.3691779788838612,-1.6679027353486298,2014-11-23,2014,0.24836059154249276,0.3266116054253792,CHI,10.0,4.0,0.4,10.2,102,10.2,102,-8.909999999999998,-0.016994852470404796,-0.6800000000000012,0.286769943019943,2.171226551226551,2.956240981240981,-0.7850144300144299,4.236573996629171,21.5,215,33.0,29.0,290,51.0,NFC North,1,-7.5,-75,0.5463403880070546,0.6607999999999999,6.482000000000001,3.983005147529595,2.1,0.4,0.75,64.7,2.0,-6,0.4322850678733031,0.6678999999999999,8.086,4.286769943019943,2.4,0.5,0.8666666666666666,64.6,1.4,0.4322850678733031,-0.2365739966291711,2014,0.31587554716787974,0.43817130016854144,TAM vs. CHI,CHI,1445.1955037750554,18.0,TAM,1316.7686659931069,26.0,1,8,-4.0,1,-202.0,181.0,0,0
CHI,11.0,5.0,0.45454545454545453,10.545454545454545,116,10.545454545454545,116,-9.536363636363633,-0.05740790784022815,-4.145454545454546,0.1697908572908573,2.110205955660501,2.771907385543749,-0.6617014298832481,4.993626674501258,21.454545454545453,236,36.0,27.545454545454547,303,54.0,NFC North,2,-6.090909090909091,-67,0.5117063492063492,0.6579999999999999,6.337272727272728,3.942592092159772,2.0,0.5454545454545454,0.6428571428571429,62.90909090909091,1.9090909090909092,-3,0.4157136980666392,0.6545454545454544,7.788181818181818,4.169790857290857,2.272727272727273,0.45454545454545453,0.8787878787878788,66.63636363636364,1.6363636363636365,0.4157136980666392,0.0063733254987417,2014-11-27,2014,0.31052463927739393,0.42346720969979,DET,11.0,7.0,0.6363636363636364,10.636363636363637,117,10.636363636363637,117,-19.563636363636363,-0.6445509965075182,-19.518181818181816,-0.8387759237041533,1.768918203009112,1.636101272464909,0.13281693054420327,5.768944039442506,17.90909090909091,197,35.0,17.272727272727273,190,36.0,NFC North,-2,0.6363636363636364,7,0.5732936507936508,0.5982727272727272,6.2718181818181815,3.3554490034924815,1.1818181818181819,0.5454545454545454,0.5833333333333334,61.90909090909091,1.2727272727272727,3,0.37482372054564567,0.6424545454545455,5.622727272727273,3.161224076295847,1.2727272727272727,0.5454545454545454,0.9642857142857143,55.18181818181818,1.5454545454545454,0.37482372054564567,1.2310559605574936,2014,0.33262389947126053,0.3141554114841257,CHI vs. DET,DET,1589.370598362062,7.0,CHI,1477.5115704005336,18.0,1,17,-7.5,1,-330.0,289.0,1,0
DAL,12.0,8.0,0.6666666666666666,10.416666666666666,125,10.166666666666666,122,2.008333333333333,0.7950724476682428,-9.408333333333331,0.6341398592215474,2.4430555555555555,2.2914659414659417,0.1515896140896141,6.58997425434158,25.166666666666668,302,52.0,22.75,273,43.0,NFC East,-1,2.4166666666666665,29,0.5558703922340286,0.6769166666666666,8.028333333333334,4.795072447668242,2.0,0.75,0.8888888888888888,45.666666666666664,1.8333333333333333,-3,0.47686872631725574,0.661,6.976666666666667,4.6341398592215475,1.5,1.0,0.8125,46.333333333333336,1.5833333333333333,0.47686872631725574,1.4100257456584204,2014-12-04,2014,0.46488089251615855,0.36450212231100554,CHI,12.0,5.0,0.4166666666666667,10.583333333333334,127,10.583333333333334,127,-10.85,-0.2505405821868758,-2.525000000000001,0.15201843077748875,2.063143338143338,2.7984908609908614,-0.7353475228475229,5.155716693745862,21.083333333333332,253,39.0,28.083333333333332,337,60.0,NFC North,-1,-7.0,-84,0.5230388298570117,0.657,6.166666666666667,3.7494594178131244,2.0,0.5,0.6875,61.083333333333336,1.9166666666666667,-4,0.41579311211664155,0.6629999999999999,7.9225,4.152018430777489,2.25,0.5833333333333334,0.8888888888888888,64.25,1.5833333333333333,0.41579311211664155,-0.1557166937458616,2014,0.30310173815217284,0.42694028764780073,DAL vs. CHI,CHI,1443.0753014942966,20.0,DAL,1567.2761630831103,6.0,0,-13,3.5,0,168.0,-187.0,0,0
NOR,13.0,5.0,0.38461538461538464,10.307692307692308,134,9.76923076923077,127,-0.5692307692307697,0.9488175381507087,-3.938461538461538,0.6135138669492216,2.492661184968877,2.853697157543311,-0.36103597257443404,6.1933774220253195,25.615384615384617,333,58.0,27.615384615384617,359,63.0,NFC South,-1,-2.0,-26,0.47621151996151995,0.7018461538461539,7.584615384615384,4.948817538150708,2.1538461538461537,0.9230769230769231,0.9,46.53846153846154,1.6923076923076923,-9,0.486907109984033,0.622,7.985384615384616,4.613513866949221,1.6923076923076923,1.1538461538461537,0.9807692307692307,56.0,1.0,0.486907109984033,-1.1933774220253195,2014-12-15,2014,0.3931022442724061,0.4123665792927952,CHI,13.0,5.0,0.38461538461538464,10.538461538461538,137,10.461538461538462,136,-10.29230769230769,-0.35947335791609053,0.5692307692307674,0.2590060240143852,2.11982461982462,2.9336496836496835,-0.8138250638250638,5.443978482091071,21.615384615384617,281,43.0,29.076923076923077,378,67.0,NFC North,-2,-7.461538461538462,-97,0.5350078162578162,0.66,6.253846153846154,3.6405266420839095,2.0,0.6153846153846154,0.6875,60.53846153846154,1.9230769230769231,-6,0.39919364195382295,0.6741538461538461,8.09153846153846,4.2590060240143846,2.3076923076923075,0.6923076923076923,0.8974358974358974,66.76923076923077,1.4615384615384615,0.39919364195382295,-0.4439784820910706,2014,0.30314931233581355,0.4379261548076348,NOR vs. CHI,CHI,1410.2248703108569,22.0,NOR,1397.953510682621,22.0,0,-16,3.0,0,159.0,-177.0,0,0
DET,14.0,10.0,0.7142857142857143,10.714285714285714,150,10.785714285714286,151,-12.950000000000001,-0.5608581639832891,-21.107142857142858,-1.0089531917539436,1.9273101898101896,1.5893043464472036,0.3380058433629863,8.023227578805473,20.071428571428573,281,51.0,17.0,238,44.0,NFC North,3,3.0714285714285716,43,0.5242836223605454,0.6220714285714285,6.784285714285715,3.4391418360167108,1.3571428571428572,0.6428571428571429,0.6726190476190476,62.57142857142857,1.1428571428571428,8,0.3705866029395441,0.6415714285714286,5.385,2.9910468082460566,1.3571428571428572,0.5,0.875,51.642857142857146,1.7142857142857142,0.3705866029395441,1.9767724211945268,2014-12-21,2014,0.38800733022900996,0.3117209018602456,CHI,14.0,5.0,0.35714285714285715,10.714285714285714,150,10.571428571428571,148,-13.107142857142856,-0.1730824037792269,3.107142857142855,0.18281328603533573,2.050826157969015,2.9086270871985156,-0.8578009292295007,5.595789026805762,21.142857142857142,296,45.0,29.214285714285715,409,72.0,NFC North,-3,-8.071428571428571,-113,0.5234391676699369,0.652,5.940714285714286,3.826917596220773,2.0,0.5714285714285714,0.6875,61.5,2.0,-8,0.38258457229045467,0.6835714285714286,8.347142857142858,4.182813286035335,2.357142857142857,0.7142857142857143,0.869047619047619,63.785714285714285,1.4285714285714286,0.38258457229045467,-0.595789026805762,2014,0.2872330922827337,0.43103435814188473,DET vs. CHI,CHI,1477.5115704005336,18.0,DET,1589.370598362062,7.0,0,-6,10.0,1,354.0,-410.0,1,0
CHI,15.0,5.0,0.3333333333333333,10.733333333333333,161,10.466666666666667,157,-13.846666666666666,-0.2342708495878845,-0.28666666666666835,0.2578052208124672,1.998952898952899,2.862866762866763,-0.8639138639138639,5.896204622182983,20.666666666666668,310,47.0,28.6,429,76.0,NFC North,-4,-7.933333333333334,-119,0.537071063856778,0.6478666666666667,5.826666666666667,3.765729150412115,2.0,0.5333333333333333,0.6875,63.13333333333333,1.9333333333333333,-6,0.3793011563599799,0.6756,8.028,4.257805220812467,2.2,0.8,0.8555555555555556,63.53333333333333,1.5333333333333334,0.3793011563599799,-0.8962046221829834,2014-12-28,2014,0.2744838023840165,0.42288256845609057,MIN,15.0,6.0,0.4,10.533333333333333,158,10.533333333333333,158,-20.220000000000002,0.32471063361701613,-7.999999999999999,0.32275366848381165,2.024841454841455,2.167756687756688,-0.14291523291523292,6.7143405108146546,20.8,312,52.0,22.266666666666666,334,58.0,NFC North,-2,-1.4666666666666666,-22,0.3909548784548784,0.6275333333333334,5.613333333333333,4.324710633617016,1.0666666666666667,0.8,0.7476190476190476,54.06666666666667,1.2666666666666666,0,0.3763777888777889,0.6586,6.7379999999999995,4.322753668483812,1.7333333333333334,0.6666666666666666,0.75,59.2,1.2666666666666666,0.3763777888777889,-0.7143405108146546,2014,0.31344063014246326,0.32513428285770046,CHI vs. MIN,MIN,1478.8194524555515,17.0,CHI,1381.5522106640162,17.0,1,4,-7.0,0,-300.0,264.0,1,0
TEN,2.0,1.0,0.5,11.0,22,11.5,23,-15.8,1.2854251012145754,-34.15,0.528727770177839,1.5833333333333333,1.5984848484848486,-0.01515151515151536,1.0,18.0,36,8.0,18.0,36,8.0,AFC South,-1,0.0,0,0.0,0.5980000000000001,6.67,5.285425101214575,1.5,0.0,1.0,70.0,1.0,2,0.31875,0.599,3.795,4.528727770177839,1.0,0.5,0.75,25.0,2.0,0.31875,0.0,2014-09-21,2014,0.36363636363636365,0.17391304347826086,CIN,2.0,2.0,1.0,11.0,22,11.5,23,11.149999999999999,-0.591880341880342,-41.65,0.9026315789473687,2.1363636363636362,1.143939393939394,0.9924242424242422,1.5911143001161734,23.5,47,10.0,13.0,26,5.0,AFC North,2,10.5,21,1.0,0.6625,10.934999999999999,3.408119658119658,1.0,1.0,0.5416666666666667,50.0,0.0,5,0.3571428571428571,0.5549999999999999,3.5500000000000003,4.902631578947369,1.0,0.5,0.75,42.5,2.5,0.3571428571428571,0.4088856998838266,2014,0.5474740227008696,0.15313974998737245,TEN vs. CIN,CIN,1600.0,1.0,TEN,1485.9935000197115,8.0,1,26,-6.5,1,-265.0,235.0,0,0
CIN,3.0,3.0,1.0,11.0,33,11.0,33,1.7333333333333343,-0.4806083999632387,-47.46666666666667,1.0422305764411028,2.4242424242424243,0.9959595959595959,1.4282828282828282,2.5663895716928633,26.666666666666668,80,15.0,11.0,33,6.0,AFC North,3,15.666666666666666,47,0.75,0.6596666666666667,9.33,3.519391600036761,1.0,1.6666666666666667,0.6944444444444445,50.0,0.3333333333333333,6,0.34920634920634913,0.5366666666666666,3.22,5.042230576441103,0.6666666666666666,0.6666666666666666,0.5,61.333333333333336,2.3333333333333335,0.34920634920634913,0.4336104283071367,2014-10-05,2014,0.5202440042889601,0.14749154110952342,NWE,4.0,2.0,0.5,11.5,46,10.75,43,-14.599999999999998,-0.10836148648648636,-20.375,0.09031100478468901,1.7571428571428571,2.1083333333333334,-0.3511904761904762,2.0720287765553245,20.0,80,15.0,22.5,90,17.0,AFC East,-1,-2.5,-10,0.4444444444444444,0.6252500000000001,6.0275,3.891638513513514,1.25,0.5,1.0,88.0,1.25,3,0.3433706816059757,0.6194999999999999,5.095000000000001,4.090311004784689,1.5,0.5,0.75,42.0,2.0,0.3433706816059757,-0.07202877655532447,2014,0.3202150453895116,0.2893925046427877,CIN vs. NWE,NWE,1489.527324184883,7.0,CIN,1634.157706389236,1.0,1,26,2.5,1,118.0,-130.0,0,0
CIN,5.0,3.0,0.6,11.2,56,10.8,54,1.9600000000000022,0.23457402812241526,-29.360000000000003,0.8465659673480376,2.4106060606060606,2.1193939393939396,0.29121212121212114,3.1662003645747983,26.8,134,25.0,22.6,113,21.0,AFC North,0,4.2,21,0.65,0.6734,8.792,4.234574028122415,1.4,1.4,0.6666666666666667,61.2,1.2,2,0.3345238095238095,0.5794,5.004,4.846565967348037,1.2,1.0,0.65,71.6,1.6,0.3345238095238095,-0.16620036457479825,2014-10-19,2014,0.4315892531629645,0.29818441608862684,IND,6.0,4.0,0.6666666666666666,11.5,69,11.5,69,-0.3166666666666676,-0.21308661336548526,-18.016666666666666,1.0200617283950617,2.7813131313131314,2.017929292929293,0.7633838383838384,3.9165948016856853,31.5,189,33.0,22.666666666666668,136,23.0,AFC South,4,8.833333333333334,53,0.5366666666666666,0.6571666666666667,7.646666666666666,3.786913386634515,2.8333333333333335,0.6666666666666666,1.0,63.833333333333336,1.8333333333333333,1,0.4465201465201465,0.5818333333333333,6.734999999999999,5.020061728395062,1.3333333333333333,1.1666666666666667,0.7916666666666666,57.5,2.0,0.4465201465201465,0.0834051983143147,2014,0.48490911001056136,0.2824113999063508,CIN vs. IND,IND,1616.6238752195404,6.0,CIN,1510.8551448825451,12.0,1,27,-3.0,1,-179.0,161.0,0,0
JAX,8.0,1.0,0.125,11.75,94,10.875,87,-33.0875,0.03344979296066242,-5.675000000000001,-0.06349933292282417,1.2527777777777778,2.606001984126984,-1.3532242063492064,2.124180956003629,14.75,118,22.0,27.25,218,37.0,AFC South,-1,-12.5,-100,0.3523809523809524,0.6008749999999999,4.27875,4.0334497929606625,1.125,0.5,0.7142857142857143,34.625,2.25,-10,0.36403960622710624,0.631125,7.58125,3.936500667077176,1.625,0.625,1.0,56.375,1.0,0.36403960622710624,-1.124180956003629,2014-11-02,2014,0.20115428054244702,0.31236394343084156,CIN,7.0,4.0,0.5714285714285714,11.142857142857142,78,11.0,77,-7.257142857142855,-0.1279653300526166,-28.542857142857144,0.7682323166900978,2.107575757575758,2.1534132534132535,-0.04583749583749589,3.735537156227768,23.0,161,30.0,23.428571428571427,164,31.0,AFC North,1,-0.42857142857142855,-3,0.6634920634920635,0.6558571428571429,7.6571428571428575,3.872034669947383,1.0,1.4285714285714286,0.7222222222222222,52.285714285714285,1.1428571428571428,4,0.331567242281528,0.5771428571428572,5.257142857142857,4.7682323166900975,1.1428571428571428,1.1428571428571428,0.75,66.57142857142857,1.7142857142857142,0.331567242281528,0.26446284377223206,2014,0.3991463100973754,0.3602937813672341,JAX vs. CIN,CIN,1542.5446149429374,13.0,JAX,1314.0112685287763,28.0,1,10,-10.0,0,-460.0,393.0,0,0
CLE,8.0,5.0,0.625,11.625,93,12.125,97,-7.025,-0.4947314972017859,-20.0,0.775290256917412,2.0876116938616938,1.7960102397602398,0.29160145410145416,4.366928491940532,23.125,185,34.0,21.125,169,31.0,AFC North,2,2.0,16,0.21326530612244898,0.583875,8.405,3.5052685027982142,1.25,1.125,0.875,54.625,0.875,6,0.3162421218487395,0.6,6.095,4.775290256917412,1.5,0.875,0.9047619047619048,48.625,1.625,0.3162421218487395,0.6330715080594684,2014-11-06,2014,0.39452208504572844,0.30492940302814886,CIN,8.0,5.0,0.625,11.25,90,11.125,89,-8.974999999999998,0.09023621855690162,-25.650000000000002,0.8322032771038357,2.187878787878788,2.12381993006993,0.06405885780885776,4.437278046427306,24.25,194,35.0,23.375,187,35.0,AFC North,2,0.875,7,0.5865646258503402,0.6505,7.43375,4.0902362185569014,1.125,1.5,0.761904761904762,50.75,1.25,3,0.3478136446886447,0.588375,5.46375,4.832203277103836,1.25,1.125,0.78125,62.625,1.625,0.3478136446886447,0.5627219535726944,2014,0.41624342829867267,0.37176301738068024,CLE vs. CIN,CIN,1563.7006811918711,8.0,CLE,1517.260301653735,8.0,0,-21,-6.5,0,-250.0,222.0,1,0
CIN,9.0,5.0,0.5555555555555556,11.444444444444445,103,11.333333333333334,102,-17.944444444444443,0.07010896194956912,-23.655555555555555,0.6585396651179394,1.9704221704221705,2.092968142968143,-0.1225459725459726,4.444464989600311,21.88888888888889,197,36.0,23.444444444444443,211,39.0,AFC North,-1,-1.5555555555555556,-14,0.5913690476190476,0.6152222222222222,6.447777777777778,4.070108961949569,1.0,1.3333333333333333,0.7916666666666667,51.22222222222222,1.5555555555555556,0,0.3287755273049391,0.5954444444444444,5.8133333333333335,4.658539665117939,1.1111111111111112,1.3333333333333333,0.75,62.55555555555556,1.5555555555555556,0.3287755273049391,0.555535010399689,2014-11-16,2014,0.37108873826794914,0.3634704416182874,NOR,9.0,4.0,0.4444444444444444,10.555555555555555,95,9.88888888888889,89,-3.5333333333333345,0.9486942117179417,-11.599999999999998,0.09300030378977736,2.687234987234987,2.5107756441089775,0.17645934312600986,5.152928443077519,27.88888888888889,251,44.0,25.0,225,40.0,NFC South,-1,2.888888888888889,26,0.45907738095238093,0.6938888888888889,7.309999999999999,4.9486942117179415,2.0,1.3333333333333333,0.9285714285714286,46.0,2.0,-8,0.5045109211775878,0.6023333333333334,7.248888888888889,4.093000303789777,1.4444444444444444,1.1111111111111112,1.0,63.333333333333336,1.1111111111111112,0.5045109211775878,-1.1529284430775188,2014,0.40382590468373003,0.3419261701334572,CIN vs. NOR,NOR,1491.913914427852,16.0,CIN,1507.0568936804646,12.0,0,-17,-8.5,0,-380.0,330.0,0,0
CIN,10.0,6.0,0.6,11.0,110,10.9,109,-11.780000000000001,0.1797647324212789,-21.220000000000002,0.48114723706768386,2.159094239094239,2.0265284715284713,0.13256576756576754,5.357717164697296,22.4,224,41.0,22.1,221,41.0,AFC North,1,0.3,3,0.5750440917107584,0.6264,7.071,4.179764732421279,1.2,1.2,0.8148148148148149,49.4,1.4,1,0.3651287438052144,0.6164,5.9030000000000005,4.481147237067684,1.1,1.2,0.775,59.7,1.5,0.3651287438052144,0.6422828353027041,2014-11-23,2014,0.3966669056794644,0.3626913727040467,HOU,10.0,5.0,0.5,11.1,111,11.6,116,-10.220000000000002,0.304082129532505,-9.84,0.0575010950000658,2.091569541569542,1.7513780663780665,0.34019147519147525,5.859533807006282,22.9,229,39.0,20.4,204,37.0,AFC South,1,2.5,25,0.46481481481481485,0.6288,7.126,4.304082129532505,1.3,0.8,0.75,52.5,1.5,8,0.3600839438339438,0.6376,6.889,4.057501095000066,1.9,0.5,0.8333333333333333,49.4,2.3,0.3600839438339438,-0.8595338070062821,2014,0.3211515148889685,0.25965280098342036,CIN vs. HOU,HOU,1499.790518082676,16.0,CIN,1554.8790226783815,9.0,0,-9,-3.0,0,-149.0,135.0,0,0
CIN,11.0,7.0,0.6363636363636364,10.909090909090908,120,10.727272727272727,118,-12.109090909090911,0.09365504215887938,-23.954545454545453,0.37999031120985616,2.1628129446311264,1.9736117417935601,0.18920120283756647,6.134469645961288,22.363636363636363,246,45.0,21.272727272727273,234,43.0,AFC North,2,1.0909090909090908,12,0.5675396825396826,0.6318181818181817,6.968181818181819,4.09365504215888,1.1818181818181819,1.1818181818181819,0.8333333333333334,50.36363636363637,1.3636363636363635,1,0.381935221641104,0.6028181818181818,5.647272727272727,4.379990311209856,1.0,1.0909090909090908,0.7954545454545454,55.63636363636363,1.4545454545454546,0.381935221641104,0.8655303540387118,2014-11-30,2014,0.4045067166149561,0.35995208414766144,TAM,11.0,2.0,0.18181818181818182,10.727272727272727,118,11.272727272727273,124,-18.918181818181814,-0.12888161927063535,-0.7272727272727298,-0.06525505146194797,1.8722888222888223,2.4054407713498622,-0.5331519490610399,3.9108500574765426,18.818181818181817,207,34.0,27.272727272727273,300,52.0,NFC South,-1,-8.454545454545455,-93,0.38571428571428573,0.6021818181818183,6.211818181818182,3.871118380729365,1.5454545454545454,0.36363636363636365,0.8148148148148148,64.81818181818181,2.1818181818181817,-8,0.3730494995200877,0.691,7.671818181818182,3.9347449485380523,1.9090909090909092,0.9090909090909091,0.5909090909090909,60.0,1.4545454545454546,0.3730494995200877,-1.9108500574765426,2014,0.2380825100506915,0.3083840154041201,CIN vs. TAM,TAM,1284.4525993676286,26.0,CIN,1597.016925030076,7.0,0,-1,6.0,1,210.0,-235.0,0,0
PIT,12.0,7.0,0.5833333333333334,10.5,126,10.416666666666666,125,0.033333333333333215,0.19027752001877987,-0.9499999999999993,0.4218960259070615,2.5683966496466497,2.3920454545454546,0.17635119510119504,6.206705157206153,26.666666666666668,320,53.0,24.833333333333332,298,55.0,AFC North,-1,1.8333333333333333,22,0.36693231011412836,0.6726666666666666,7.9125000000000005,4.19027752001878,2.25,0.4166666666666667,0.8916666666666666,60.833333333333336,1.5,-4,0.44360153735153734,0.6155833333333334,8.354166666666666,4.421896025907062,2.0,0.6666666666666666,0.9696969696969696,56.0,1.1666666666666667,0.44360153735153734,0.7932948427938467,2014-12-07,2014,0.4484422134048107,0.43242081090244106,CIN,12.0,8.0,0.6666666666666666,10.916666666666666,131,10.75,129,-14.425000000000002,0.0858504553123061,-25.474999999999998,0.26499111860903485,2.0886391386391385,1.907628945128945,0.1810101935101935,6.678266091361185,21.666666666666668,260,47.0,20.583333333333332,247,46.0,AFC North,3,1.0833333333333333,13,0.5324740915650007,0.6386666666666666,6.569166666666667,4.085850455312307,1.1666666666666667,1.1666666666666667,0.8333333333333334,52.25,1.5,-1,0.3879860743831332,0.5956666666666667,5.5874999999999995,4.264991118609035,0.9166666666666666,1.0833333333333333,0.8125,58.833333333333336,1.4166666666666667,0.3879860743831332,1.321733908638815,2014,0.398296115589074,0.366149715631386,PIT vs. CIN,CIN,1611.2109822952589,6.0,PIT,1483.421396116212,12.0,0,-21,-3.0,0,-139.0,126.0,1,0
CIN,13.0,8.0,0.6153846153846154,11.076923076923077,144,10.923076923076923,142,-11.853846153846156,0.08657258146044369,-22.092307692307692,0.4158230673016401,2.052234944542637,2.009408967101275,0.042825977441362045,6.840356110605788,21.615384615384617,281,50.0,22.23076923076923,289,53.0,AFC North,-1,-0.6153846153846154,-8,0.5367123617123617,0.6444615384615384,6.859230769230769,4.086572581460444,1.2307692307692308,1.1538461538461537,0.8333333333333334,52.38461538461539,1.5384615384615385,-3,0.3791200127172978,0.5991538461538461,5.966153846153846,4.41582306730164,1.0769230769230769,1.1538461538461537,0.8269230769230769,55.84615384615385,1.3076923076923077,0.3791200127172978,1.1596438893942116,2014-12-14,2014,0.3781956167039052,0.37782292856873956,CLE,13.0,7.0,0.5384615384615384,12.0,156,12.384615384615385,161,-20.63076923076923,-0.4489556545504776,-27.384615384615383,0.38294778284543024,1.8444256598102753,1.7290782935013704,0.1153473663089048,6.533247054062838,21.23076923076923,276,49.0,20.76923076923077,270,51.0,AFC North,-2,0.46153846153846156,6,0.34786856661856663,0.5632307692307692,7.022307692307692,3.551044345449523,0.8461538461538461,1.2307692307692308,0.7153846153846154,58.23076923076923,1.3846153846153846,8,0.3141618185735833,0.5714615384615385,5.203076923076923,4.38294778284543,1.4615384615384615,0.6923076923076923,0.9069444444444444,48.0,2.0,0.3141618185735833,0.466752945937162,2014,0.3253801254195863,0.303776588744766,CIN vs. CLE,CLE,1517.260301653735,8.0,CIN,1563.7006811918711,8.0,0,-30,-2.5,0,-139.0,126.0,1,0
DEN,14.0,11.0,0.7857142857142857,11.0,154,11.428571428571429,160,6.4571428571428555,-0.16538154506334957,-17.45,-0.6752731396297974,2.718121560978704,1.954646543932258,0.7634750170464456,9.024619316191805,29.071428571428573,407,68.0,21.642857142857142,303,54.0,AFC West,4,7.428571428571429,104,0.5076436384128692,0.6745,8.527142857142858,3.8346184549366504,2.642857142857143,0.7857142857142857,0.7638888888888888,68.35714285714286,1.0714285714285714,6,0.4385390403247546,0.6269285714285715,5.4592857142857145,3.3247268603702023,1.8571428571428572,0.5714285714285714,0.8333333333333334,48.92857142857143,1.5,0.4385390403247546,1.9753806838081953,2014-12-22,2014,0.5038617284317983,0.36101364148466186,CIN,14.0,9.0,0.6428571428571429,10.928571428571429,153,10.785714285714286,151,-14.492857142857144,0.18197612722914225,-26.135714285714283,0.3230962095532036,2.143741972313401,1.8658797551654696,0.2778622171479314,7.840040547982598,22.214285714285715,311,56.0,20.642857142857142,289,53.0,AFC North,1,1.5714285714285714,22,0.5368469137699907,0.6400714285714286,6.542142857142857,4.1819761272291425,1.1428571428571428,1.2857142857142858,0.8484848484848485,51.57142857142857,1.5,-2,0.38775429752320506,0.5960714285714286,5.397142857142858,4.323096209553204,1.0,1.0714285714285714,0.8269230769230769,56.714285714285715,1.3571428571428572,0.38775429752320506,1.159959452017402,2014,0.3963388092030693,0.3550037137923001,DEN vs. CIN,CIN,1581.2276836419674,9.0,DEN,1738.363985476886,1.0,1,9,3.5,1,171.0,-190.0,0,0
CIN,15.0,10.0,0.6666666666666666,11.066666666666666,166,11.0,165,-13.986666666666668,0.27615069172017237,-27.006666666666668,0.3331354096180777,2.1905694305694308,1.874821104821105,0.31574832574832573,8.499424647039028,23.2,348,62.0,21.133333333333333,317,56.0,AFC North,2,2.066666666666667,31,0.5546231546231546,0.6427333333333334,6.482,4.276150691720173,1.2,1.2666666666666666,0.8611111111111112,51.13333333333333,1.5333333333333334,0,0.3740252231428702,0.5987333333333333,5.28,4.333135409618078,1.0666666666666667,1.0666666666666667,0.7678571428571429,57.733333333333334,1.5333333333333334,0.3740252231428702,1.500575352960972,2014-12-28,2014,0.41085769955163864,0.35072008879426847,PIT,15.0,10.0,0.6666666666666666,10.133333333333333,152,10.2,153,2.56,0.07799839017849483,-0.26666666666666666,0.3195803127891413,2.7494670144670144,2.302281052281052,0.4471859621859622,8.485707104814622,27.266666666666666,409,68.0,23.4,351,66.0,AFC North,3,3.8666666666666667,58,0.4042118595690024,0.6802666666666666,8.327333333333334,4.077998390178495,2.066666666666667,0.6666666666666666,0.9166666666666666,54.93333333333333,1.2,0,0.4579115329115329,0.6333333333333333,8.339333333333334,4.3195803127891415,1.8666666666666667,0.6,0.9743589743589743,52.666666666666664,1.2,0.4579115329115329,1.5142928951853776,2014,0.492531542487985,0.44616267149552724,CIN vs. PIT,PIT,1483.421396116212,12.0,CIN,1611.2109822952589,6.0,1,10,-3.0,1,-150.0,136.0,1,0
CIN,16.0,10.0,0.625,11.0625,177,11.0,176,-14.293750000000001,0.2588912734876616,-26.38125,0.16300889096139232,2.1502497502497504,1.9110538766788767,0.23919587357087357,8.74983634930782,22.8125,365,65.0,21.5,344,60.0,AFC North,-1,1.3125,21,0.5620927220927221,0.647,6.358125,4.258891273487662,1.25,1.1875,0.8333333333333334,50.75,1.625,0,0.3774343609821551,0.59975,5.378125,4.163008890961392,1.125,1.0,0.7833333333333333,54.75,1.625,0.3774343609821551,1.2501636506921798,2015-01-04,2014,0.3959253662764801,0.34623928233008905,IND,16.0,11.0,0.6875,11.9375,191,11.8125,189,-3.3750000000000027,-0.17914811376555836,-17.125,0.37433356742575985,2.415199123792874,2.0526900183150185,0.3625091054778555,10.136641468124218,28.625,458,81.0,23.0625,369,56.0,AFC South,1,5.5625,89,0.4935501535501536,0.623625,7.84375,3.8208518862344416,2.625,0.5625,0.9761904761904762,53.0,1.9375,-5,0.41327367485455724,0.589125,6.645625,4.37433356742576,1.6875,0.875,0.7884615384615384,54.125,1.625,0.41327367485455724,0.8633585318757824,2014,0.4469672909299537,0.2937658987384404,CIN vs. IND,IND,1616.6238752195404,6.0,CIN,1510.8551448825451,12.0,1,27,-3.0,1,-179.0,161.0,0,0
NOR,1.0,0.0,0.0,10.0,10,11.0,11,-9.299999999999997,0.9642857142857144,28.5,0.9199999999999999,3.4,3.3636363636363638,0.036363636363636154,0.45006674814396824,34.0,34,6.0,37.0,37,7.0,NFC South,-1,-3.0,-3,0.5,0.69,7.33,4.964285714285714,1.0,3.0,1.0,27.0,2.0,-1,0.6153846153846154,0.721,11.74,4.92,3.0,1.0,1.0,96.0,1.0,0.6153846153846154,-0.45006674814396824,2014-09-14,2014,0.3299599511136191,-0.2864061124552525,CLE,1.0,0.0,0.0,12.0,12,13.0,13,-9.299999999999997,2.161290322580645,1.5999999999999943,0.3793103448275863,2.25,2.3076923076923075,-0.05769230769230749,0.4378962522437961,27.0,27,5.0,30.0,30,6.0,AFC North,-1,-3.0,-3,0.5,0.6,7.27,6.161290322580645,1.0,2.0,1.0,55.0,0.0,1,0.18181818181818182,0.6859999999999999,10.03,4.379310344827586,1.0,2.0,1.0,96.0,1.0,0.18181818181818182,-0.4378962522437961,2014,0.23420989489841829,-0.20210596257405977,NOR vs. CLE,CLE,1450.0,17.0,NOR,1450.0,17.0,1,2,4.5,1,197.0,-220.0,0,0
CLE,3.0,1.0,0.3333333333333333,10.0,30,11.333333333333334,34,-0.9000000000000009,0.35376344086021483,-10.333333333333337,1.2240798792522931,2.490740740740741,2.263170163170163,0.22757057757057778,1.4314868959079539,24.666666666666668,74,12.0,25.666666666666668,77,15.0,AFC North,-1,-1.0,-3,0.25,0.6483333333333333,8.36,4.353763440860215,1.0,1.6666666666666667,0.6666666666666666,59.666666666666664,0.0,4,0.3579545454545454,0.658,7.223333333333334,5.224079879252293,1.3333333333333333,1.3333333333333333,1.0,55.666666666666664,1.3333333333333333,0.3579545454545454,-0.43148689590795386,2014-10-05,2014,0.3424684138789395,0.23066369177824203,TEN,4.0,1.0,0.25,11.0,44,11.5,46,-34.65,1.3011946934644305,-15.524999999999999,-0.1599083415043141,1.3208333333333333,2.403409090909091,-1.0825757575757575,1.1351455134295931,15.0,60,12.0,27.5,110,20.0,AFC South,-3,-12.5,-50,0.4444444444444444,0.549,4.9225,5.3011946934644305,1.0,0.5,0.75,76.75,1.75,-1,0.22881944444444444,0.63975,6.0375,3.8400916584956857,1.75,1.25,0.875,47.0,1.5,0.22881944444444444,-0.13514551342959313,2014,0.26351280590252774,0.3113972268011312,CLE vs. TEN,TEN,1403.296957786082,20.0,CLE,1452.0146061080266,17.0,0,-1,1.0,0,105.0,-116.0,0,0
PIT,5.0,3.0,0.6,9.8,49,10.0,50,-0.6799999999999997,0.9512900179228779,-12.719999999999999,0.3543048481418599,2.322094017094017,2.2,0.12209401709401693,2.670593805115459,22.8,114,20.0,21.6,108,23.0,AFC North,1,1.2,6,0.25,0.6936,7.7299999999999995,4.951290017922878,1.4,0.6,0.9,87.4,1.2,-1,0.40692640692640686,0.626,6.4159999999999995,4.35430484814186,1.4,0.6,1.0,55.8,1.0,0.40692640692640686,0.32940619488454104,2014-10-12,2014,0.43505356692935027,0.39830536992937776,CLE,4.0,2.0,0.5,10.25,41,11.0,44,-1.4000000000000021,0.48754480286738344,-2.2500000000000036,1.1597265761058866,2.5271464646464645,2.397377622377622,0.12976884226884244,1.9522665271486914,25.75,103,17.0,26.25,105,19.0,AFC North,1,-0.5,-2,0.25,0.62825,8.29,4.487544802867383,1.5,1.25,0.75,63.25,0.25,3,0.35179924242424243,0.6575,7.925,5.159726576105887,1.75,1.25,1.0,58.75,1.0,0.35179924242424243,0.04773347285130858,2014,0.41958212828336733,0.32901668172826626,PIT vs. CLE,CLE,1500.0,1.0,PIT,1500.0,1.0,1,21,-2.5,1,-123.0,111.0,1,0
CLE,5.0,3.0,0.6,10.6,53,11.2,56,1.3599999999999994,0.4216147896623278,-9.060000000000002,0.9902812608847092,2.5383838383838384,2.0845687645687643,0.45381507381507397,2.888188044723086,26.8,134,22.0,23.0,115,21.0,AFC North,2,3.8,19,0.3375,0.5968,9.338,4.4216147896623275,1.4,1.6,0.8,62.6,0.4,3,0.35416666666666663,0.626,7.273999999999999,4.990281260884709,1.6,1.0,1.0,55.4,1.0,0.35416666666666663,0.1118119552769139,2014-10-19,2014,0.42437684157015887,0.30838589664576854,JAX,6.0,0.0,0.0,11.333333333333334,68,10.5,63,-26.666666666666668,-0.4807971014492754,6.55,-0.16244355500821003,1.2067340067340069,2.9080026455026453,-1.7012686387686387,1.0099463727642022,13.5,81,15.0,30.833333333333332,185,32.0,AFC South,-6,-17.333333333333332,-104,0.2733333333333333,0.6216666666666667,4.87,3.519202898550725,1.1666666666666667,0.3333333333333333,0.6666666666666666,35.833333333333336,2.0,-8,0.36663614163614167,0.6845,8.61,3.8375564449917903,2.0,0.8333333333333334,1.0,58.166666666666664,0.6666666666666666,0.36663614163614167,-1.0099463727642022,2014,0.18345785394249256,0.3377823176495913,CLE vs. JAX,JAX,1258.9101467081864,29.0,CLE,1546.799777081852,12.0,1,18,4.0,1,181.0,-202.0,0,0
LVR,6.0,0.0,0.0,10.166666666666666,61,10.0,60,-21.099999999999998,-0.2924815752989125,6.816666666666663,0.0037401274293857867,1.5249417249417248,2.65993265993266,-1.134990934990935,1.3865878340341506,15.333333333333334,92,16.0,26.333333333333332,158,28.0,AFC West,-6,-11.0,-66,0.6866666666666668,0.6036666666666667,5.47,3.7075184247010875,1.5,0.3333333333333333,0.6666666666666666,54.166666666666664,1.6666666666666667,-4,0.3723544973544974,0.71,8.095,4.003740127429386,1.8333333333333333,1.0,0.9583333333333334,64.5,1.0,0.3723544973544974,-1.3865878340341506,2014-10-26,2014,0.20167922037009178,0.28104316846401056,CLE,6.0,3.0,0.5,11.333333333333334,68,11.833333333333334,71,-8.116666666666667,0.06801232471860648,-17.683333333333334,1.0395200983563053,2.181986531986532,2.0038073038073034,0.17817922817922827,2.9242594197595375,23.333333333333332,140,24.0,23.166666666666668,139,25.0,AFC North,-1,0.16666666666666666,1,0.27,0.5623333333333332,8.4,4.068012324718606,1.1666666666666667,1.3333333333333333,0.8333333333333334,60.5,0.8333333333333334,3,0.33435457516339867,0.613,6.255,5.039520098356305,1.5,1.1666666666666667,1.0,50.333333333333336,1.3333333333333333,0.33435457516339867,0.07574058024046249,2014,0.35739650472002726,0.29787209977936985,LVR vs. CLE,CLE,1462.813250544542,13.0,LVR,1302.4751944114928,30.0,1,10,-6.5,1,-270.0,239.0,0,0
TAM,7.0,1.0,0.14285714285714285,10.428571428571429,73,11.142857142857142,78,-22.17142857142857,0.1357762937364114,8.914285714285711,0.10586962754450445,1.935705564276993,2.7953629703629703,-0.8596574060859775,2.1048635373173217,19.0,133,21.0,31.857142857142858,223,37.0,NFC South,-3,-12.857142857142858,-90,0.3837301587301587,0.6154285714285714,5.438571428571429,4.135776293736411,1.4285714285714286,0.5714285714285714,0.8,59.0,2.0,-4,0.3360805860805861,0.7127142857142857,8.914285714285715,4.105869627544505,2.2857142857142856,1.0,0.6428571428571429,67.71428571428571,1.4285714285714286,0.3360805860805861,-1.1048635373173217,2014-11-02,2014,0.24226588202805527,0.3317217016836247,CLE,7.0,4.0,0.5714285714285714,11.428571428571429,80,12.142857142857142,85,-5.485714285714287,-0.29027515024119444,-18.82857142857143,0.8365954584550644,2.1440836940836943,1.8502021787736072,0.2938815153100868,3.7187470701732703,23.285714285714285,163,29.0,21.714285714285715,152,28.0,AFC North,1,1.5714285714285714,11,0.225,0.579,8.664285714285715,3.7097248497588056,1.1428571428571428,1.2857142857142858,0.8571428571428571,56.142857142857146,0.7142857142857143,6,0.31039915966386555,0.6121428571428572,6.091428571428572,4.836595458455064,1.4285714285714286,1.0,1.0,50.857142857142854,1.5714285714285714,0.31039915966386555,0.28125292982672967,2014,0.3770648838660271,0.2955883731683167,TAM vs. CLE,CLE,1491.2483584407755,13.0,TAM,1309.6528288433035,27.0,1,5,-7.0,0,-320.0,281.0,0,0
HOU,9.0,4.0,0.4444444444444444,11.0,99,11.555555555555555,104,-10.833333333333336,0.34404187232006733,-6.4444444444444455,0.1943248881643243,2.1110031943365275,1.8811608144941476,0.22984237984237982,4.915823157737947,22.88888888888889,206,34.0,21.88888888888889,197,36.0,AFC South,-1,1.0,9,0.4395833333333333,0.6245555555555555,7.154444444444445,4.344041872320067,1.2222222222222223,0.8888888888888888,0.75,52.22222222222222,1.5555555555555556,7,0.3568833943833944,0.664,7.021111111111111,4.194324888164324,2.0,0.5555555555555556,0.9523809523809523,47.44444444444444,2.3333333333333335,0.3568833943833944,-0.9158231577379468,2014-11-16,2014,0.3084871073365991,0.27246834008700205,CLE,9.0,6.0,0.6666666666666666,11.777777777777779,106,12.222222222222221,110,-7.1000000000000005,-0.5209579120426131,-27.744444444444447,0.6790458849366896,2.0607830441163775,1.622094572094572,0.4386884720218054,5.359741548767525,23.22222222222222,209,38.0,19.11111111111111,172,32.0,AFC North,3,4.111111111111111,37,0.26473214285714286,0.5914444444444444,8.427777777777777,3.479042087957387,1.1111111111111112,1.3333333333333333,0.8333333333333334,55.44444444444444,0.8888888888888888,9,0.32971521942110177,0.5703333333333334,5.257777777777778,4.67904588493669,1.3333333333333333,0.7777777777777778,0.9166666666666666,49.333333333333336,1.8888888888888888,0.32971521942110177,0.6402584512324747,2014,0.38399352321471075,0.2792810812519588,HOU vs. CLE,CLE,1573.9040891651416,6.0,HOU,1430.215584710898,17.0,0,-16,-4.5,0,-213.0,191.0,0,0
IND,12.0,8.0,0.6666666666666666,11.666666666666666,140,11.666666666666666,140,1.8499999999999979,0.19347711815385862,-14.433333333333332,0.49687141645927874,2.7405913530913533,2.110515873015873,0.6300754800754801,7.9064976709913655,31.833333333333332,382,67.0,23.583333333333332,283,45.0,AFC South,2,8.25,99,0.49398530762167125,0.6380833333333333,8.525,4.193477118153859,2.8333333333333335,0.6666666666666666,1.0,57.333333333333336,1.8333333333333333,-2,0.45300806219923867,0.59575,6.8075,4.496871416459279,1.75,1.0,0.8611111111111112,52.333333333333336,1.6666666666666667,0.45300806219923867,0.09350232900863453,2014-12-07,2014,0.48230039050213,0.2971473838127313,CLE,12.0,7.0,0.5833333333333334,11.833333333333334,142,12.083333333333334,145,-16.425,-0.45251445909635074,-26.150000000000002,0.3606934314158827,1.8552706552706553,1.742959817959818,0.11231083731083735,6.057415237170555,21.0,252,47.0,20.416666666666668,245,46.0,AFC North,-1,0.5833333333333334,7,0.31888692115964845,0.5740833333333334,7.488333333333333,3.5474855409036494,0.9166666666666666,1.25,0.7333333333333334,56.0,1.3333333333333333,6,0.3181197478991597,0.5813333333333334,5.2924999999999995,4.360693431415883,1.4166666666666667,0.6666666666666666,0.8984848484848484,48.666666666666664,1.8333333333333333,0.3181197478991597,0.942584762829445,2014,0.35698443888085907,0.3157235052242267,IND vs. CLE,CLE,1488.1664783020074,12.0,IND,1615.8699850314422,6.0,0,-1,3.0,1,139.0,-154.0,0,0
DAL,1.0,0.0,0.0,9.0,9,8.0,8,-42.2,1.5217391304347823,23.799999999999997,0.2333333333333334,1.8888888888888888,3.5,-1.6111111111111112,0.23458340396511151,17.0,17,3.0,28.0,28,3.0,NFC East,-1,-11.0,-11,0.5,0.622,3.78,5.521739130434782,1.0,1.0,1.0,72.0,4.0,-4,0.5555555555555556,0.696,10.09,4.233333333333333,2.0,1.0,0.0,78.0,0.0,0.5555555555555556,-0.23458340396511151,2014-09-14,2014,0.2551388653449628,-0.08796877648691684,TEN,1.0,1.0,1.0,12.0,12,12.0,12,8.5,0.2631578947368425,-57.7,-0.05882352941176405,2.1666666666666665,0.8333333333333334,1.333333333333333,0.9058992538147552,26.0,26,6.0,10.0,10,2.0,AFC South,1,16.0,16,0.5,0.667,8.58,4.2631578947368425,2.0,0.0,1.0,110.0,0.0,3,0.4375,0.5429999999999999,1.8,3.941176470588236,1.0,0.0,0.5,25.0,3.0,0.4375,0.09410074618524478,2014,0.5470503730926224,0.015683457697540794,DAL vs. TEN,TEN,1550.0,1.0,DAL,1450.0,17.0,0,-16,-3.0,0,-167.0,151.0,0,0
DAL,2.0,1.0,0.5,10.0,20,9.0,18,-26.4,1.3190091001011122,-8.150000000000002,1.2705128205128209,2.1262626262626263,2.25,-0.1237373737373737,1.1404826577798668,21.5,43,9.0,19.0,38,5.0,NFC East,1,2.5,5,1.0,0.6385000000000001,4.785,5.319009100101113,1.0,1.0,1.0,48.5,2.5,-3,0.5590277777777778,0.6125,7.425,5.27051282051282,1.5,0.5,0.5,54.0,1.0,0.5590277777777778,-0.1404826577798668,2014-09-21,2014,0.41839140199952995,0.11937740864168517,LAR,2.0,1.0,0.5,9.5,19,8.5,17,-20.049999999999997,-0.31191222570532884,-2.8999999999999986,1.5072916666666667,1.4602272727272727,2.914285714285714,-1.4540584415584414,0.5816491724251023,12.5,25,7.0,25.5,51,8.0,NFC West,1,-13.0,-26,0.0,0.7130000000000001,5.96,3.6880877742946714,0.0,0.5,0.8333333333333333,93.0,1.5,-2,0.3701298701298701,0.7210000000000001,7.295,5.507291666666667,1.0,1.5,0.75,45.0,0.5,0.3701298701298701,0.4183508275748977,2014,0.4454856787637969,0.3337296064882112,DAL vs. LAR,LAR,1500.0,8.0,DAL,1514.0064999802885,8.0,0,-3,1.5,0,109.0,-120.0,0,0
NOR,3.0,1.0,0.3333333333333333,9.333333333333334,28,9.0,27,-0.5999999999999991,0.927910052910053,-5.533333333333331,-0.11050505050505066,2.8129870129870134,2.5127465127465127,0.30024050024050014,1.7718192892464477,26.0,78,13.0,24.0,72,14.0,NFC South,1,2.0,6,0.25,0.7120000000000001,7.383333333333333,4.927910052910053,1.6666666666666667,1.6666666666666667,1.0,32.0,1.3333333333333333,-3,0.6153846153846154,0.6243333333333333,7.8066666666666675,3.8894949494949493,1.3333333333333333,0.6666666666666666,1.0,56.666666666666664,0.3333333333333333,0.6153846153846154,-0.7718192892464477,2014-09-28,2014,0.34483749094995453,0.21227814753765098,DAL,3.0,2.0,0.6666666666666666,9.666666666666666,29,9.0,27,-12.0,0.9597991701823506,-6.100000000000001,0.8581196581196583,2.676767676767677,2.6481481481481484,0.028619528619528545,1.6949962959625344,25.666666666666668,77,14.0,23.0,69,9.0,NFC East,2,2.6666666666666665,8,0.75,0.6866666666666666,6.263333333333333,4.95979917018235,1.3333333333333333,1.0,1.0,37.333333333333336,2.3333333333333335,-2,0.5393518518518519,0.6463333333333333,7.3066666666666675,4.858119658119659,2.0,0.3333333333333333,0.6666666666666666,75.66666666666667,1.6666666666666667,0.5393518518518519,0.3050037040374656,2014,0.5318396765117761,0.2561115226708295,NOR vs. DAL,DAL,1561.991893872262,4.0,NOR,1462.1287919369763,17.0,1,21,3.0,1,125.0,-138.0,0,0
HOU,4.0,3.0,0.75,10.75,43,11.25,45,-6.575000000000003,-0.5404987212276214,-13.875000000000002,1.101494945804409,2.1020299145299144,1.4674603174603174,0.634569597069597,2.659116326598879,21.75,87,15.0,16.75,67,12.0,AFC South,1,5.0,20,0.2222222222222222,0.66225,7.4975,3.459501278772379,1.25,0.5,0.9375,65.0,1.75,2,0.40595238095238095,0.6635,6.1175,5.101494945804409,1.25,0.75,1.0,41.5,2.25,0.40595238095238095,0.3408836734011209,2014-10-05,2014,0.37856543663381875,0.22272557822674138,DAL,4.0,3.0,0.75,9.75,39,9.25,37,0.10000000000000142,1.0769922347796201,-4.575000000000001,1.6435897435897437,2.9575757575757575,2.411111111111111,0.5464646464646463,2.565606358716897,28.75,115,20.0,21.5,86,12.0,NFC East,3,7.25,29,0.611111111111111,0.70475,7.4125,5.07699223477962,1.75,1.25,1.0,40.5,1.75,1,0.5473710317460317,0.6665,7.35,5.643589743589744,2.0,0.25,0.625,61.75,2.0,0.5473710317460317,0.4343936412831031,2014,0.5685120052927055,0.2784643492932246,HOU vs. DAL,DAL,1598.0035511005344,1.0,HOU,1566.6451105416402,1.0,1,3,-5.0,0,-235.0,210.0,0,0
DAL,5.0,4.0,0.8,10.2,51,9.6,48,-0.4799999999999983,0.9100786363085446,-10.78,1.6503556658395369,2.6993939393939392,2.237979797979798,0.4614141414141413,3.1607257621028717,27.0,135,24.0,20.6,103,15.0,NFC East,4,6.4,32,0.6458333333333333,0.7003999999999999,7.447999999999999,4.910078636308545,1.8,1.0,0.9333333333333333,43.6,2.0,-1,0.5521825396825397,0.6612,6.752,5.650355665839537,1.6,0.6,0.7,56.4,1.8,0.5521825396825397,0.8392742378971283,2014-10-12,2014,0.5495787518020827,0.3024546398685705,SEA,4.0,3.0,0.75,10.5,42,10.5,42,12.175,1.9096933471933473,-2.7250000000000014,-1.444598379892498,2.6969696969696972,2.048756798756799,0.6482128982128983,2.572983136681434,27.5,110,19.0,20.75,83,15.0,NFC West,2,6.75,27,0.4166666666666667,0.7057500000000001,8.317499999999999,5.909693347193347,2.0,1.25,0.8888888888888888,61.5,0.75,0,0.37688598166539344,0.6675,7.08,2.555401620107502,2.0,0.25,1.0,43.75,0.75,0.37688598166539344,0.42701686331856603,2014,0.5006745262086474,0.30598364851058624,DAL vs. SEA,SEA,1581.5797883505038,4.0,DAL,1643.5029232604436,1.0,0,-7,-10.0,0,-450.0,385.0,0,0
NYG,6.0,3.0,0.5,11.5,69,11.0,66,-7.966666666666665,-0.45210787664348046,-23.266666666666666,0.45088857765328355,1.8935897435897437,2.190850815850816,-0.29726107226107235,2.7619622486878925,22.166666666666668,133,23.0,23.0,138,25.0,NFC East,-1,-0.8333333333333334,-5,0.7266666666666667,0.6533333333333333,6.558333333333334,3.5478921233565193,1.8333333333333333,0.8333333333333334,1.0,47.0,1.8333333333333333,1,0.41574328449328446,0.6015,6.066666666666666,4.450888577653283,1.1666666666666667,1.1666666666666667,0.9333333333333332,65.0,2.0,0.41574328449328446,0.23803775131210747,2014-10-19,2014,0.34655765285067264,0.33068420147172395,DAL,6.0,5.0,0.8333333333333334,10.333333333333334,62,9.666666666666666,58,1.0500000000000018,0.8417321969237871,-17.716666666666665,1.4493704622736885,2.704040404040404,2.2483164983164983,0.4557239057239057,3.813150939384711,27.5,165,30.0,21.0,126,19.0,NFC East,5,6.5,39,0.6666666666666666,0.693,7.66,4.841732196923787,1.8333333333333333,1.0,0.9444444444444445,44.0,2.0,-2,0.5581913320883909,0.6343333333333333,6.108333333333333,5.449370462273688,1.3333333333333333,0.6666666666666666,0.75,56.666666666666664,1.6666666666666667,0.5581913320883909,1.1868490606152888,2014,0.5795846016625233,0.3377877360680761,NYG vs. DAL,DAL,1684.684643356854,1.0,NYG,1526.1920094799348,15.0,1,10,-5.0,1,-230.0,205.0,1,0
WAS,7.0,2.0,0.2857142857142857,11.428571428571429,80,11.142857142857142,78,-9.914285714285715,0.03798509370303314,1.1571428571428573,-0.42615410299755435,1.8572261072261074,2.3145632145632145,-0.45733710733710736,2.6458330314811613,21.571428571428573,151,28.0,26.142857142857142,183,30.0,NFC East,1,-4.571428571428571,-32,0.513888888888889,0.6595714285714286,7.094285714285713,4.037985093703033,1.5714285714285714,0.8571428571428571,0.9333333333333332,75.71428571428571,2.142857142857143,-9,0.2942331478045764,0.6504285714285715,7.5842857142857145,3.5738458970024456,2.142857142857143,0.42857142857142855,1.0,74.14285714285714,0.8571428571428571,0.2942331478045764,-0.6458330314811613,2014-10-27,2014,0.3177083484259419,0.29418499827026584,DAL,7.0,6.0,0.8571428571428571,10.285714285714286,72,9.714285714285714,68,5.685714285714288,0.7867908626693686,-12.799999999999999,1.242317539091733,2.7606060606060607,2.227128427128427,0.5334776334776334,4.52881033065986,28.0,196,35.0,21.0,147,22.0,NFC East,6,7.0,49,0.6388888888888888,0.6995714285714286,8.317142857142857,4.786790862669369,2.0,1.0,0.9523809523809524,44.285714285714285,1.8571428571428572,-1,0.5702864479124984,0.6345714285714286,6.568571428571429,5.242317539091732,1.5714285714285714,0.5714285714285714,0.75,54.285714285714285,1.7142857142857142,0.5702864479124984,1.4711896693401396,2014,0.588277060370843,0.3453070855577376,WAS vs. DAL,DAL,1713.3364210163454,1.0,WAS,1413.601845386155,24.0,0,-3,-9.5,0,-430.0,369.0,1,0
DAL,9.0,6.0,0.6666666666666666,10.222222222222221,92,9.777777777777779,88,-0.5777777777777773,0.8919484487428423,-10.544444444444444,0.9090228987151495,2.5249158249158246,2.2655443322109985,0.25937149270482596,5.168274331238997,25.555555555555557,230,40.0,21.666666666666668,195,30.0,NFC East,-2,3.888888888888889,35,0.6220238095238095,0.6733333333333333,7.681111111111111,4.891948448742842,1.8888888888888888,0.7777777777777778,0.9074074074074073,42.0,1.8888888888888888,-3,0.520155452753492,0.6579999999999999,6.8244444444444445,4.90902289871515,1.5555555555555556,0.7777777777777778,0.7857142857142857,54.111111111111114,1.5555555555555556,0.520155452753492,0.8317256687610026,2014-11-09,2014,0.47496259269376817,0.334535063210644,JAX,9.0,1.0,0.1111111111111111,11.777777777777779,106,11.0,99,-30.011111111111113,0.17195537152058885,-7.377777777777778,0.1232947106045484,1.3265432098765433,2.6220017636684303,-1.295458553791887,2.422440065804092,15.666666666666666,141,26.0,27.88888888888889,251,42.0,AFC South,-2,-12.222222222222221,-110,0.37976190476190474,0.6082222222222222,4.571111111111112,4.171955371520589,1.2222222222222223,0.5555555555555556,0.75,34.666666666666664,2.111111111111111,-9,0.36062779812779816,0.6291111111111111,7.391111111111111,4.123294710604548,1.6666666666666667,0.7777777777777778,1.0,54.55555555555556,1.1111111111111112,0.36062779812779816,-1.4224400658040919,2014,0.20651630847913374,0.310053330231457,DAL vs. JAX,JAX,1292.8552022798426,24.0,DAL,1582.6111946277606,5.0,0,-14,7.5,0,289.0,-330.0,0,0
DAL,10.0,7.0,0.7,10.4,104,10.1,101,3.1999999999999993,0.9060869372018914,-12.499999999999998,0.7139539421769678,2.5307575757575758,2.1697591297591297,0.360998445998446,5.974213102046113,26.1,261,45.0,21.2,212,32.0,NFC East,1,4.9,49,0.5652557319223985,0.6809999999999999,8.013,4.906086937201891,2.0,0.8,0.8666666666666666,44.3,1.8,-1,0.49890913824737354,0.6517000000000001,6.728,4.713953942176968,1.4,0.9,0.7857142857142857,50.6,1.7,0.49890913824737354,1.0257868979538873,2014-11-23,2014,0.4770773176999278,0.3176486937965588,NYG,10.0,3.0,0.3,11.7,117,11.0,110,-12.91,-0.39909385763874927,-16.72,0.7023585434173669,1.7490509490509492,2.450224775224775,-0.7011738261738263,3.6524205885021215,20.5,205,35.0,26.3,263,48.0,NFC East,-5,-5.8,-58,0.6969135802469135,0.6223,6.306,3.600906142361251,1.8,0.7,1.0,44.1,2.1,-4,0.4029075091575091,0.5979,6.885,4.7023585434173665,1.5,1.3,0.9629629629629629,55.1,1.7,0.4029075091575091,-0.6524205885021215,2014,0.2796284439336972,0.3642580106835438,DAL vs. NYG,NYG,1526.1920094799348,15.0,DAL,1684.684643356854,1.0,0,-3,4.0,1,181.0,-202.0,1,0
PHI,11.0,8.0,0.7272727272727273,12.545454545454545,138,12.636363636363637,139,-17.418181818181818,-0.20582947095955254,-11.018181818181818,-0.18652622168068386,2.4912057639330367,2.113270693952512,0.37793506998052456,6.796521252448468,31.09090909090909,342,52.0,25.0,275,43.0,NFC East,1,6.090909090909091,67,0.43,0.6076363636363636,6.414545454545455,3.7941705290404473,1.8181818181818181,0.8181818181818182,0.9583333333333334,61.27272727272727,2.4545454545454546,-8,0.42113446760575945,0.5694545454545454,7.1499999999999995,3.813473778319316,2.1818181818181817,0.5454545454545454,0.7083333333333333,70.9090909090909,1.7272727272727273,0.42113446760575945,1.2034787475515323,2014-11-27,2014,0.41803748015328046,0.31507494188666835,DAL,11.0,8.0,0.7272727272727273,10.363636363636363,114,10.090909090909092,111,6.7272727272727275,0.892806306547174,-10.345454545454544,0.5382535837972434,2.5825068870523413,2.227053754326482,0.35545313272586,6.53422860761867,26.545454545454547,292,50.0,21.818181818181817,240,36.0,NFC East,2,4.7272727272727275,52,0.5387301587301587,0.6819999999999999,8.494545454545454,4.892806306547174,2.1818181818181817,0.7272727272727273,0.8787878787878788,46.0,1.7272727272727273,-1,0.4899173984067033,0.6583636363636364,6.8963636363636365,4.5382535837972435,1.5454545454545454,0.9090909090909091,0.7857142857142857,48.72727272727273,1.6363636363636365,0.4899173984067033,1.4657713923813303,2014,0.4970403266499733,0.338057141790113,PHI vs. DAL,DAL,1621.4047491453766,3.0,PHI,1592.6509268785987,3.0,0,-23,-3.0,0,-160.0,144.0,1,0
DAL,13.0,9.0,0.6923076923076923,10.307692307692308,134,10.153846153846153,132,4.753846153846153,0.8525943472981581,-8.96153846153846,0.4571547418455308,2.605555555555555,2.330583945968561,0.2749716095869942,7.301712465996371,26.384615384615383,343,59.0,23.153846153846153,301,47.0,NFC East,1,3.230769230769231,42,0.5442700817700817,0.6869999999999999,8.189230769230768,4.852594347298158,2.076923076923077,0.8461538461538461,0.8974358974358974,49.61538461538461,1.6923076923076923,-1,0.47864805506208224,0.6636923076923077,7.001538461538461,4.457154741845531,1.5384615384615385,1.0769230769230769,0.8125,46.92307692307692,1.6153846153846154,0.47864805506208224,1.6982875340036294,2014-12-14,2014,0.4978180048830162,0.3751861970269059,PHI,13.0,9.0,0.6923076923076923,12.384615384615385,161,12.538461538461538,163,-16.72307692307692,-0.15264047698131522,-13.315384615384614,-0.1726793782114147,2.42845615922539,2.0000940299017222,0.4283621293236678,7.958765031458092,29.923076923076923,389,61.0,23.76923076923077,309,49.0,NFC East,-1,6.153846153846154,80,0.47449494949494947,0.6056923076923076,6.328461538461538,3.847359523018685,1.7692307692307692,0.8461538461538461,0.9621212121212122,58.69230769230769,2.3076923076923075,-6,0.41135620452422067,0.5753846153846154,6.88,3.827320621788585,2.0,0.6153846153846154,0.7666666666666666,68.38461538461539,1.8461538461538463,0.41135620452422067,1.0412349685419082,2014,0.40922853945583204,0.3015670190932296,DAL vs. PHI,PHI,1592.6509268785987,3.0,DAL,1621.4047491453766,3.0,0,-11,-3.5,0,-159.0,144.0,1,0
IND,14.0,10.0,0.7142857142857143,12.0,168,11.928571428571429,167,-3.278571428571431,0.2071640604584095,-20.728571428571428,0.34983360086753507,2.56187592169735,1.9864076399790687,0.5754682817182817,9.209276634703937,30.285714285714285,424,75.0,22.642857142857142,317,48.0,AFC South,4,7.642857142857143,107,0.504279481202558,0.6170714285714285,7.944285714285714,4.2071640604584095,2.7142857142857144,0.6428571428571429,1.0,55.214285714285715,2.0,-4,0.42251881521839507,0.5787142857142857,6.242857142857143,4.349833600867536,1.5,0.9285714285714286,0.8409090909090909,55.642857142857146,1.7142857142857142,0.42251881521839507,0.7907233652960635,2014-12-21,2014,0.47164296445459386,0.2831286234106976,DAL,14.0,10.0,0.7142857142857143,10.428571428571429,146,10.214285714285714,143,6.3357142857142845,0.7015586966408067,-11.499999999999998,0.39388858681574807,2.645634920634921,2.339438339438339,0.30619658119658116,7.9938104260528435,27.214285714285715,381,65.0,23.428571428571427,328,52.0,NFC East,2,3.7857142857142856,53,0.5556575902729749,0.6886428571428571,8.316428571428572,4.701558696640807,2.142857142857143,0.9285714285714286,0.9047619047619048,51.714285714285715,1.6428571428571428,1,0.47193143574446095,0.6596428571428571,6.8307142857142855,4.393888586815748,1.4285714285714286,1.2142857142857142,0.8333333333333334,50.357142857142854,1.7142857142857142,0.47193143574446095,2.0061895739471565,2014,0.5090030931049732,0.3897711577648612,IND vs. DAL,DAL,1650.0025767909312,4.0,IND,1679.347657474632,4.0,1,35,-3.5,1,-178.0,160.0,0,0
DAL,15.0,11.0,0.7333333333333333,10.4,156,10.2,153,9.639999999999999,0.5997881168647529,-12.793333333333331,0.10762934769469817,2.7492592592592593,2.2301424501424503,0.5191168091168091,8.979697767729547,28.2,423,71.0,22.333333333333332,335,53.0,NFC East,3,5.866666666666666,88,0.566988170559599,0.7030666666666666,8.873333333333333,4.599788116864754,2.3333333333333335,0.9333333333333333,0.8444444444444444,52.733333333333334,1.6,3,0.47380267336149695,0.6611333333333334,6.6146666666666665,4.107629347694698,1.4,1.1333333333333333,0.8333333333333334,50.666666666666664,1.8,0.47380267336149695,2.0203022322704527,2014-12-28,2014,0.516427973714189,0.3699677639696444,WAS,15.0,4.0,0.26666666666666666,11.2,168,10.866666666666667,163,-14.953333333333335,0.10061202503790509,7.126666666666667,-0.19741857489991269,1.6796203796203797,2.406998186998187,-0.7273778073778073,5.016712793982509,18.933333333333334,284,54.0,26.266666666666666,394,61.0,NFC East,1,-7.333333333333333,-110,0.5021547896547897,0.6669333333333333,6.4639999999999995,4.100612025037905,1.1333333333333333,0.9333333333333333,0.8888888888888888,68.6,1.8,-9,0.3001700151700152,0.6652666666666666,8.734666666666667,3.8025814251000876,2.2,0.6,0.8974358974358974,74.4,1.2,0.3001700151700152,-1.0167127939825091,2014,0.29964186870037485,0.3239184129108658,DAL vs. WAS,WAS,1413.601845386155,24.0,DAL,1713.3364210163454,1.0,0,-27,6.0,0,222.0,-250.0,1,0
DET,16.0,11.0,0.6875,10.5625,169,10.75,172,-15.087499999999999,-0.3573896894720001,-17.70625,-0.9510158609665189,1.950285304972805,1.6576867576867578,0.2925985472860473,8.999499551252748,20.0625,321,58.0,17.625,282,49.0,NFC North,-1,2.4375,39,0.5270775520775521,0.6100625,6.5581249999999995,3.642610310528,1.375,0.6875,0.6722222222222223,61.8125,1.25,7,0.3710290118378354,0.6471875,5.69625,3.048984139033481,1.4375,0.5,0.7954545454545454,53.0625,1.6875,0.3710290118378354,2.0005004487472515,2015-01-04,2014,0.3861054090337798,0.3026978640947004,DAL,16.0,12.0,0.75,10.5,168,10.375,166,9.0375,0.7150791373384837,-13.48125,0.12173584679711286,2.8065972222222224,2.172489316239316,0.634107905982906,9.884676766677506,29.1875,467,78.0,22.0,352,56.0,NFC East,4,7.1875,115,0.546966736966737,0.6995625,8.859375,4.715079137338484,2.3125,1.0,0.8541666666666666,52.4375,1.5625,6,0.4650233396097367,0.661,6.565625,4.121735846797113,1.375,1.125,0.85,53.8125,1.9375,0.4650233396097367,2.115323233322494,2014,0.525667861681233,0.3608652488953537,DET vs. DAL,DAL,1714.984671640767,1.0,DET,1628.2773553245174,6.0,1,4,-6.0,0,-260.0,231.0,0,1
DAL,1.0,13.0,13.0,10.470588235294118,178,10.470588235294118,178,8.929411764705883,0.642203333741542,-13.505882352941175,0.1199225082154645,2.7826797385620914,2.1427350427350427,0.6399446958270487,10.491052282822166,28.88235294117647,491,82.0,21.88235294117647,372,60.0,NFC East,5,7.0,119,0.5557500659063159,0.6944705882352941,8.873529411764705,4.642203333741541,2.2941176470588234,1.0,0.8333333333333333,52.05882352941177,1.5294117647058822,8,0.4628791095486597,0.6613529411764706,6.574117647058824,4.119922508215464,1.3529411764705883,1.1176470588235294,0.8636363636363636,53.23529411764706,2.0,0.4628791095486597,2.5089477171778345,2015-01-11,2014,1.6164815326324855,0.8457127136554498,GNB,16.0,12.0,0.75,9.6875,155,10.1875,163,9.10625,0.3873379832817544,-20.2375,0.1450173686873751,3.152338113275613,2.2331512237762237,0.9191868894993894,9.933584923654458,30.375,486,79.0,21.75,348,58.0,NFC North,2,8.625,138,0.5468185518185518,0.6615,9.0975,4.387337983281754,2.375,0.875,0.8071428571428572,48.4375,0.8125,14,0.45958410462086935,0.5926875,5.893125,4.145017368687375,1.625,0.6875,0.8571428571428571,59.0625,1.6875,0.45958410462086935,2.0664150763455424,2014,0.5755027383190717,0.3795445070659668,DAL vs. GNB,GNB,1731.4726861537226,1.0,DAL,1752.759246311833,1.0,1,5,-5.5,0,-230.0,205.0,0,1
KAN,1.0,0.0,0.0,12.0,12,12.0,12,-57.7,-0.05882352941176405,8.5,0.2631578947368425,0.8333333333333334,2.1666666666666665,-1.333333333333333,0.09410074618524483,10.0,10,2.0,26.0,26,6.0,AFC West,-1,-16.0,-16,0.5,0.5429999999999999,1.8,3.941176470588236,1.0,0.0,0.5,25.0,3.0,-3,0.08333333333333333,0.667,8.58,4.2631578947368425,2.0,0.0,1.0,110.0,0.0,0.08333333333333333,-0.09410074618524483,2014-09-14,2014,0.15098320896912587,-0.04705037309262239,DEN,1.0,1.0,1.0,10.0,10,12.0,12,10.799999999999997,-0.8125,-18.200000000000003,-0.1428571428571428,3.1,2.0,1.1,0.6471561715666957,31.0,31,5.0,24.0,24,4.0,AFC West,1,7.0,7,0.5,0.611,8.86,3.1875,3.0,1.0,1.0,70.0,0.0,2,0.5,0.66,5.74,3.857142857142857,2.0,1.0,1.0,45.0,2.0,0.5,0.3528438284333043,2014,0.6764219142166521,0.1176146094777681,KAN vs. DEN,DEN,1550.0,1.0,KAN,1450.0,17.0,1,7,-13.0,0,-900.0,704.0,1,0
DEN,2.0,2.0,1.0,8.5,17,9.5,19,26.949999999999996,-0.09046052631578938,-20.0,0.07373271889400912,3.2642857142857142,2.2142857142857144,1.05,1.3408131162579242,27.5,55,9.0,20.5,41,7.0,AFC West,2,7.0,14,0.0,0.7095,10.14,3.9095394736842106,3.0,0.5,1.0,70.5,0.0,2,0.4375,0.6395,5.8100000000000005,4.073732718894009,1.0,1.5,0.75,53.5,1.0,0.4375,0.6591868837420758,2014-09-21,2014,0.7039024104023143,0.30563968911038236,SEA,2.0,1.0,0.5,9.0,18,9.0,18,13.150000000000006,2.9511434511434516,1.5,-0.7303732303732307,3.166666666666667,2.5555555555555554,0.6111111111111112,1.1727662675835493,28.5,57,9.0,23.0,46,9.0,NFC West,-1,5.5,11,0.0,0.6795,8.525,6.951143451143452,2.0,1.5,1.0,61.0,1.0,-1,0.3693181818181818,0.7270000000000001,6.8149999999999995,3.269626769626769,2.0,0.5,1.0,59.0,0.5,0.3693181818181818,-0.1727662675835493,2014,0.4568084331041127,0.20680843310411268,DEN vs. SEA,SEA,1485.9935000197115,8.0,DEN,1585.9935000197115,1.0,1,6,-4.0,1,-208.0,186.0,0,0
DEN,4.0,3.0,0.75,11.0,44,11.75,47,12.224999999999998,-0.7738016917293233,-19.450000000000003,-0.6046699136682159,2.748901098901099,1.9404761904761905,0.8084249084249084,2.535886421656119,29.0,116,19.0,21.75,87,16.0,AFC West,1,7.25,29,0.5,0.6779999999999999,9.032499999999999,3.2261983082706767,3.0,0.5,0.9166666666666666,58.75,1.0,-1,0.421875,0.5865,6.145,3.3953300863317843,1.25,1.25,0.7916666666666666,39.0,0.75,0.421875,0.464113578343881,2014-10-12,2014,0.48192135220757804,0.2948181768803303,NYJ,5.0,1.0,0.2,11.2,56,10.8,54,-34.92,0.7630209394915278,5.540000000000001,-0.9061135161135162,1.4075757575757577,2.3581818181818184,-0.9506060606060608,1.6356707395622128,15.8,79,16.0,25.4,127,21.0,AFC East,-4,-9.6,-48,0.47916666666666663,0.5599999999999999,4.2700000000000005,4.763020939491527,0.8,0.8,1.0,78.2,2.0,-7,0.3674509803921569,0.649,8.014,3.0938864838864837,2.4,0.4,0.875,51.6,0.6,0.3674509803921569,-0.6356707395622128,2014,0.24939024345358782,0.26167005358960566,DEN vs. NYJ,NYJ,1380.73502826619,26.0,DEN,1585.9935000197115,4.0,0,-14,10.0,0,361.0,-420.0,0,0
SFO,6.0,4.0,0.6666666666666666,9.666666666666666,58,9.666666666666666,58,-4.133333333333333,0.15573288091404044,-25.583333333333332,-0.26715567869659956,2.4722222222222223,2.2110449735449733,0.26117724867724873,3.389690809225166,23.5,141,25.0,20.5,123,18.0,NFC West,3,3.0,18,0.55,0.6355000000000001,7.62,4.155732880914041,1.6666666666666667,0.5,0.6666666666666666,69.33333333333333,1.0,5,0.4744031553242079,0.563,5.185,3.7328443213034004,1.5,0.5,1.0,50.5,1.8333333333333333,0.4744031553242079,0.6103091907748341,2014-10-19,2014,0.4748785338200312,0.290188406419388,DEN,5.0,4.0,0.8,11.2,56,11.8,59,12.939999999999998,-0.5826777170198223,-21.72,-0.8704025976012393,2.715787545787546,1.8357142857142859,0.8800732600732601,3.3418251924632347,29.4,147,23.0,20.8,104,19.0,AFC West,2,8.6,43,0.425,0.6758,8.93,3.4173222829801775,3.0,0.4,0.9333333333333332,67.2,0.8,1,0.425,0.5762,5.698,3.129597402398761,1.4,1.0,0.8333333333333333,33.0,1.0,0.425,0.6581748075367653,2014,0.4647786449048057,0.3000180384515204,SFO vs. DEN,DEN,1609.4706327401093,4.0,SFO,1603.6296566410083,6.0,1,25,-7.0,1,-300.0,264.0,0,0
LAC,7.0,5.0,0.7142857142857143,10.0,70,9.714285714285714,68,11.7,-0.9743423618423618,-10.714285714285712,0.833799533799534,2.663059163059163,1.713131313131313,0.94992784992785,4.893866760292515,26.285714285714285,184,34.0,16.285714285714285,114,20.0,AFC West,-1,10.0,70,0.44166666666666665,0.6707142857142857,9.161428571428571,3.0256576381576386,2.4285714285714284,0.42857142857142855,1.0,55.142857142857146,0.42857142857142855,6,0.4962065595468957,0.6118571428571429,6.567142857142857,4.833799533799534,1.5714285714285714,0.42857142857142855,0.75,66.14285714285714,1.2857142857142858,0.4962065595468957,0.10613323970748478,2014-10-23,2014,0.4930786329592948,0.2565602201557767,DEN,6.0,5.0,0.8333333333333334,11.0,66,11.666666666666666,70,19.649999999999995,-0.4423548876399752,-21.616666666666664,-0.8179280905936253,2.963156288156288,1.7873376623376622,1.1758186258186258,4.236890769099642,31.5,189,29.0,20.166666666666668,121,22.0,AFC West,3,11.333333333333334,68,0.47333333333333333,0.699,9.811666666666666,3.557645112360025,3.1666666666666665,0.6666666666666666,0.9333333333333332,68.5,0.6666666666666666,2,0.44675925925925924,0.578,5.628333333333334,3.1820719094063747,1.5,0.8333333333333334,0.7777777777777777,37.833333333333336,1.0,0.44675925925925924,0.7631092309003584,2014,0.495278201252804,0.30187715019001876,LAC vs. DEN,DEN,1658.6301278924136,2.0,LAC,1567.9135014251926,4.0,1,14,-9.0,1,-415.0,358.0,1,0
DEN,7.0,6.0,0.8571428571428571,10.857142857142858,76,11.285714285714286,79,20.299999999999994,-0.28868514178664534,-19.67142857142857,-0.6915574109850121,3.0398482469911037,1.8653370439084724,1.1745112030826317,5.007305898029081,32.0,224,34.0,20.285714285714285,142,25.0,AFC West,4,11.714285714285714,82,0.5134920634920636,0.7011428571428572,9.822857142857144,3.711314858213355,3.142857142857143,0.8571428571428571,0.7777777777777777,68.85714285714286,0.5714285714285714,4,0.4708485958485959,0.6,5.572857142857143,3.308442589014988,1.7142857142857142,0.7142857142857143,0.7777777777777777,43.42857142857143,1.1428571428571428,0.4708485958485959,0.992694101970919,2014-11-02,2014,0.5108112771936302,0.3161254114815063,NWE,8.0,6.0,0.75,11.0,88,11.0,88,4.8750000000000036,-0.22331067480523992,-12.149999999999999,0.33262968420424127,2.7984577922077922,2.034280303030303,0.7641774891774893,5.16032615258349,29.75,238,43.0,22.125,177,32.0,AFC East,4,7.625,61,0.5040816326530612,0.6621250000000001,8.225,3.77668932519476,2.375,0.375,0.9642857142857143,78.5,0.625,11,0.41413143637408345,0.614875,6.33,4.3326296842042415,1.75,0.5,0.7166666666666667,52.875,2.0,0.41413143637408345,0.8396738474165097,2014,0.5399232605666334,0.356348811246205,DEN vs. NWE,NWE,1651.7769735275322,3.0,DEN,1695.863761534942,1.0,1,22,3.0,1,137.0,-152.0,0,0
DEN,8.0,6.0,0.75,11.125,89,11.5,92,15.287499999999998,-0.4364230284750794,-17.537499999999998,-0.7751127346118857,2.861790293040293,2.045631451881452,0.8161588411588412,5.161963761394917,30.625,245,37.0,23.125,185,32.0,AFC West,-1,7.5,60,0.5472789115646258,0.688,9.42625,3.5635769715249204,3.0,0.875,0.6666666666666666,69.25,0.75,3,0.44608343045843046,0.602875,5.74125,3.2248872653881144,2.0,0.625,0.8095238095238094,46.875,1.125,0.44608343045843046,0.838036238605083,2014-11-09,2014,0.45927997307357876,0.3407841842871775,LVR,8.0,0.0,0.0,11.0,88,10.5,84,-23.2875,-0.5100357846487875,1.849999999999997,-0.31206332548059224,1.490546953046953,2.5470328282828283,-1.0564858752358752,1.9628852802740504,16.125,129,22.0,26.375,211,38.0,AFC West,-8,-10.25,-82,0.6435374149659864,0.60175,5.165,3.4899642153512125,1.5,0.25,0.7,56.0,2.0,-10,0.360406223893066,0.678125,7.985,3.687936674519408,1.5,1.125,0.9375,60.25,0.75,0.360406223893066,-1.9628852802740504,2014,0.18865983499143593,0.2848368442702174,DEN vs. LVR,LVR,1254.3393044373863,26.0,DEN,1639.552997505259,3.0,0,-24,13.0,0,534.0,-650.0,1,0
DEN,9.0,7.0,0.7777777777777778,11.444444444444445,103,11.88888888888889,107,14.166666666666664,-0.34677931749225166,-19.066666666666666,-0.9112113196550093,2.869210419210419,1.9442649942649943,0.9249454249454251,6.051542976388634,31.77777777777778,286,44.0,22.444444444444443,202,35.0,AFC West,1,9.333333333333334,84,0.47886904761904764,0.6863333333333332,9.202222222222222,3.6532206825077487,3.2222222222222223,0.7777777777777778,0.7083333333333333,72.11111111111111,0.8888888888888888,4,0.44837045670379005,0.6067777777777779,5.438888888888889,3.0887886803449907,2.0,0.5555555555555556,0.8333333333333333,45.77777777777778,1.3333333333333333,0.44837045670379005,0.9484570236113656,2014-11-16,2014,0.47220292237206046,0.32522948683945774,LAR,9.0,3.0,0.3333333333333333,10.444444444444445,94,10.11111111111111,91,-19.6,-0.05885439420404386,0.5888888888888886,0.2041995281219417,1.8771281187947855,2.802332852332852,-0.9252047335380669,2.9575788699624135,18.11111111111111,163,27.0,27.88888888888889,251,36.0,NFC West,-1,-9.777777777777779,-88,0.5495535714285714,0.6442222222222223,5.588888888888889,3.9411456057959557,1.3333333333333333,0.5555555555555556,0.6666666666666666,75.11111111111111,1.7777777777777777,-5,0.373699140365807,0.706,7.826666666666666,4.204199528121942,1.4444444444444444,1.0,0.8333333333333334,42.55555555555556,1.2222222222222223,0.373699140365807,0.04242113003758652,2014,0.2885879084054549,0.35351301670494883,DEN vs. LAR,LAR,1467.2511012239006,17.0,DEN,1649.3722738647705,2.0,1,15,8.0,1,310.0,-355.0,0,0
MIA,10.0,6.0,0.6,10.8,108,10.8,108,-9.260000000000002,0.7170641772415227,-22.360000000000003,-0.30081610977140694,2.3717521367521366,1.6537565212565213,0.7179956154956155,6.24984792703489,24.9,249,44.0,18.0,180,34.0,AFC East,1,6.9,69,0.46371252204585534,0.6547,6.389,4.7170641772415225,1.7,0.6,0.8916666666666666,40.6,1.6,3,0.4125492562992563,0.5953999999999999,5.255,3.6991838902285927,1.4,0.4,0.8194444444444445,56.4,1.9,0.4125492562992563,-0.24984792703488967,2014-11-23,2014,0.3972284177874674,0.27546775044519795,DEN,10.0,7.0,0.7,11.4,114,11.9,119,10.129999999999999,-0.43210138574302653,-17.1,-0.8231204907198115,2.645925740925741,1.9331718281718282,0.7127539127539129,6.11369738552896,29.3,293,45.0,22.4,224,41.0,AFC West,-1,6.9,69,0.4626984126984127,0.6807000000000001,8.836,3.5678986142569733,3.0,0.7,0.7083333333333333,71.1,1.0,2,0.43686674436674433,0.6151,5.674,3.1768795092801883,1.9,0.5,0.8518518518518517,43.7,1.2,0.43686674436674433,0.88630261447104,2014,0.42972247162385685,0.3406205102464812,MIA vs. DEN,DEN,1575.326024768531,3.0,MIA,1582.0629244855904,9.0,1,3,-6.5,0,-285.0,252.0,0,0
DEN,11.0,8.0,0.7272727272727273,11.181818181818182,123,11.636363636363637,128,12.336363636363636,-0.2343778831430111,-15.227272727272727,-0.6920142989227724,2.799326431144613,2.1210652983380256,0.6782611328065873,6.660980977015082,30.181818181818183,332,51.0,23.636363636363637,260,46.0,AFC West,1,6.545454545454546,72,0.4764285714285714,0.6915454545454546,8.887272727272729,3.7656221168569886,3.090909090909091,0.7272727272727273,0.6851851851851851,73.54545454545455,1.0,2,0.4600886487250124,0.6248181818181818,5.741818181818181,3.3079857010772273,2.0,0.6363636363636364,0.8518518518518517,44.27272727272727,1.1818181818181819,0.4600886487250124,1.3390190229849184,2014-11-30,2014,0.46510714720785723,0.37045090558047317,KAN,11.0,7.0,0.6363636363636364,9.818181818181818,108,10.181818181818182,112,-7.3,0.7088404941623586,-10.618181818181817,0.9817961393320247,2.4871933621933624,1.829622902350175,0.6575704598431872,6.655113911297097,23.727272727272727,261,44.0,17.727272727272727,195,39.0,AFC West,-1,6.0,66,0.525,0.6610909090909091,6.816363636363636,4.7088404941623585,1.1818181818181819,1.4545454545454546,0.9,36.54545454545455,0.9090909090909091,-1,0.4349514122241395,0.6097272727272727,6.534545454545454,4.981796139332025,1.5454545454545454,0.18181818181818182,0.8666666666666666,54.27272727272727,0.8181818181818182,0.4349514122241395,0.3448860887029026,2014,0.4201809662482556,0.32747610183393927,DEN vs. KAN,KAN,1450.0,17.0,DEN,1550.0,1.0,0,-13,-1.0,0,-109.0,-101.0,1,0
DEN,13.0,10.0,0.7692307692307693,11.153846153846153,145,11.538461538461538,150,5.946153846153845,-0.0951072509589109,-15.884615384615385,-0.6349095349859357,2.7391736468659547,2.028080893465509,0.7110927534004456,8.158318023681746,29.615384615384617,385,62.0,22.53846153846154,293,52.0,AFC West,3,7.076923076923077,92,0.49866522366522364,0.6774615384615384,8.323076923076924,3.904892749041089,2.769230769230769,0.8461538461538461,0.7424242424242423,68.15384615384616,1.1538461538461537,4,0.45304204342665877,0.6301538461538462,5.575384615384616,3.365090465014064,1.9230769230769231,0.6153846153846154,0.8787878787878788,47.69230769230769,1.4615384615384615,0.45304204342665877,1.8416819763182541,2014-12-14,2014,0.488161423093757,0.36911151936848674,LAC,13.0,8.0,0.6153846153846154,10.23076923076923,133,10.153846153846153,132,-2.476923076923077,-0.6062128066385033,-9.36153846153846,0.4192251490075378,2.2676767676767677,2.1214646464646467,0.14621212121212127,7.30819556111169,22.53846153846154,293,51.0,20.923076923076923,272,49.0,AFC West,-1,1.6153846153846154,21,0.4867604617604617,0.6742307692307693,7.322307692307692,3.3937871933614967,2.0,0.38461538461538464,0.9666666666666666,61.30769230769231,1.1538461538461537,0,0.4516959473407437,0.6086153846153846,6.880769230769231,4.419225149007538,1.6923076923076923,0.6153846153846154,0.725,66.0,1.1538461538461537,0.4516959473407437,0.69180443888831,2014,0.4038646769134203,0.36241166521301116,DEN vs. LAC,LAC,1567.9135014251926,4.0,DEN,1658.6301278924136,2.0,0,-12,4.0,0,171.0,-190.0,1,0
LVR,15.0,3.0,0.2,11.933333333333334,179,11.6,174,-23.233333333333334,-0.41686372890807116,-2.3933333333333353,-0.12849455231709458,1.3968018093018093,2.3466714766714767,-0.9498696673696674,4.288463169643957,15.933333333333334,239,44.0,27.0,405,70.0,AFC West,1,-11.066666666666666,-166,0.6119412333698049,0.5872666666666666,5.180000000000001,3.583136271091929,1.4,0.26666666666666666,0.8454545454545456,56.86666666666667,1.8,-14,0.34233773536405115,0.6447333333333333,7.537333333333334,3.8715054476829054,1.8666666666666667,0.9333333333333333,0.8777777777777778,61.666666666666664,0.8666666666666667,0.34233773536405115,-1.2884631696439568,2014-12-28,2014,0.22469557561849754,0.34092244372602415,DEN,15.0,11.0,0.7333333333333333,11.2,168,11.533333333333333,173,3.413333333333332,-0.12277716135737186,-16.746666666666666,-0.523948624014838,2.6702467902467903,2.014080364080364,0.6561664261664262,9.365235217135375,29.0,435,71.0,22.666666666666668,340,60.0,AFC West,-1,6.333333333333333,95,0.5173017458731745,0.6719333333333334,8.201333333333332,3.8772228386426284,2.6,0.8,0.7051282051282051,68.6,1.2666666666666666,4,0.4370808820808821,0.6304666666666667,5.471333333333333,3.476051375985162,1.8666666666666667,0.6,0.8461538461538461,48.666666666666664,1.5333333333333334,0.4370808820808821,1.6347647828646252,2014,0.4686778966600747,0.3614974516269277,LVR vs. DEN,DEN,1639.552997505259,3.0,LVR,1254.3393044373863,26.0,1,33,-16.5,1,-1300.0,925.0,1,0
IND,1.0,12.0,12.0,11.882352941176471,202,11.764705882352942,200,-2.9882352941176493,-0.13566881295581967,-18.34705882352941,0.42514307746514096,2.4121660202542556,1.985419482478306,0.4267465377759495,11.042540721938973,28.470588235294116,484,87.0,22.294117647058822,379,58.0,AFC South,2,6.176470588235294,105,0.501765768953269,0.6284117647058823,7.901176470588235,3.8643311870441805,2.5294117647058822,0.5882352941176471,0.9777777777777777,53.76470588235294,1.8823529411764706,-5,0.4141735427202555,0.5847058823529412,6.496470588235294,4.425143077465141,1.588235294117647,0.8823529411764706,0.8035714285714286,53.588235294117645,1.588235294117647,0.4141735427202555,0.9574592780610267,2015-01-11,2014,0.8430641445114323,0.27766319063769773,DEN,16.0,12.0,0.75,11.25,180,11.625,186,2.7499999999999987,-0.10407417700783023,-18.40625,-0.5085629461250216,2.7481480325230323,1.9555080336330335,0.7926399988899988,10.311592981344258,30.125,482,79.0,22.125,354,61.0,AFC West,1,8.0,128,0.49614829614829614,0.6668125,8.21625,3.8959258229921696,2.5,0.9375,0.7261904761904762,65.3125,1.25,5,0.43892999361749363,0.6223125,5.315,3.491437053874978,1.8125,0.5625,0.8461538461538461,51.0,1.5625,0.43892999361749363,1.6884070186557416,2014,0.48520283141451515,0.34206748257325276,IND vs. DEN,DEN,1500.0,1.0,IND,1500.0,1.0,1,7,-8.0,0,-380.0,330.0,0,0
GNB,2.0,1.0,0.5,10.0,20,10.0,20,-7.049999999999997,-0.27705627705627767,-13.149999999999999,0.7837837837837838,2.297979797979798,3.090909090909091,-0.7929292929292928,0.7748054993603679,23.5,47,9.0,30.0,60,10.0,NFC North,1,-6.5,-13,1.0,0.646,6.68,3.7229437229437226,2.0,0.5,1.0,49.5,1.0,0,0.5,0.5895,6.33,4.783783783783784,1.5,2.0,1.0,75.5,1.0,0.5,0.2251945006396321,2014-09-21,2014,0.5006687626439172,0.306298625159908,DET,2.0,1.0,0.5,10.5,21,10.5,21,-3.1000000000000014,-0.788888888888889,-26.400000000000002,-1.503787878787879,2.236111111111111,1.7909090909090908,0.4452020202020204,0.94883579992761,21.0,42,7.0,19.0,38,7.0,NFC North,-1,2.0,4,1.0,0.6255,8.33,3.2111111111111112,1.5,1.0,0.3333333333333333,59.0,1.5,-1,0.5333333333333333,0.5960000000000001,5.105,2.496212121212121,1.0,1.0,1.0,35.0,1.0,0.5333333333333333,0.051164200072389976,2014,0.3418607000120649,0.17519403334539832,GNB vs. DET,DET,1500.0,8.0,GNB,1514.0064999802885,8.0,1,12,-1.5,1,-123.0,111.0,1,0
DET,3.0,2.0,0.6666666666666666,9.666666666666666,29,9.666666666666666,29,-15.166666666666666,-0.850487329434698,-22.100000000000005,-1.1843434343434345,2.2824074074074074,1.4856060606060606,0.796801346801347,1.8630736755647166,20.333333333333332,61,9.0,15.0,45,8.0,NFC North,1,5.333333333333333,16,0.75,0.6326666666666666,7.003333333333333,3.149512670565302,1.0,1.0,0.38888888888888884,52.666666666666664,2.0,-3,0.5592592592592592,0.5950000000000001,5.466666666666666,2.8156565656565657,1.0,0.6666666666666666,1.0,33.333333333333336,1.0,0.5592592592592592,0.1369263244352834,2014-09-28,2014,0.32450961976916726,0.19649897236186514,NYJ,3.0,1.0,0.3333333333333333,11.333333333333334,34,10.666666666666666,32,-25.400000000000002,0.8642941584118056,-3.2666666666666657,-1.27994227994228,1.8308080808080807,2.2636363636363637,-0.432828282828283,1.3293276842534412,20.666666666666668,62,13.0,24.0,72,12.0,AFC East,-2,-3.3333333333333335,-10,0.25,0.6326666666666666,5.1499999999999995,4.864294158411806,1.0,1.0,1.0,88.33333333333333,2.0,-4,0.42908496732026147,0.6083333333333333,6.82,2.7200577200577203,2.3333333333333335,0.0,1.0,49.666666666666664,0.6666666666666666,0.42908496732026147,-0.32932768425344117,2014,0.34037980494809084,0.20883403946831985,DET vs. NYJ,NYJ,1440.0161815928163,17.0,DET,1552.0146061080266,4.0,0,-7,-2.0,0,-119.0,108.0,0,0
DET,5.0,3.0,0.6,10.6,53,10.8,54,-11.3,-0.7684405458089669,-22.26,-0.8873737373737374,2.0211926961926965,1.4433116883116883,0.5778810078810079,2.9436809188531643,19.8,99,14.0,15.8,79,15.0,NFC North,-1,4.0,20,0.5833333333333333,0.6369999999999999,7.192,3.231559454191033,1.2,0.8,0.3333333333333333,50.6,1.6,-2,0.43373737373737375,0.5996,5.616,3.1126262626262626,1.0,0.6,0.9166666666666666,41.2,1.2,0.43373737373737375,0.0563190811468357,2014-10-12,2014,0.2671262910794555,0.2253510600637131,MIN,5.0,2.0,0.4,10.6,53,10.4,52,-26.959999999999997,0.24448923444976103,-3.7599999999999993,0.3728237978237979,1.953110223110223,2.435064935064935,-0.4819547119547119,1.889632431156582,20.2,101,19.0,25.2,126,19.0,NFC North,-1,-5.0,-25,0.29166666666666663,0.5816000000000001,5.51,4.244489234449761,0.6,1.2,0.76,58.6,1.4,-2,0.3617016317016317,0.6794,7.168000000000001,4.372823797823798,1.8,1.0,0.8333333333333333,78.8,1.0,0.3617016317016317,0.11036756884341803,2014,0.366403712483113,0.30037301464624977,DET vs. MIN,MIN,1444.6640237612742,20.0,DET,1522.1452381112183,8.0,0,-14,-1.0,0,-113.0,102.0,1,0
NOR,5.0,2.0,0.4,10.0,50,9.2,46,-6.340000000000001,1.522263273125342,2.300000000000003,0.047982683982683925,2.6444588744588744,2.9565367965367964,-0.31207792207792207,2.504531129783407,26.4,132,23.0,28.2,141,24.0,NFC South,1,-1.8,-9,0.35416666666666663,0.6954,6.894,5.522263273125342,1.8,1.4,0.875,33.2,2.0,-8,0.5415384615384615,0.6452,8.373999999999999,4.047982683982684,1.8,1.0,1.0,66.6,0.4,0.5415384615384615,-0.5045311297834072,2014-10-19,2014,0.4135831360599266,0.3647445777617314,DET,6.0,4.0,0.6666666666666666,11.0,66,11.0,66,-12.799999999999999,-0.7117956929360437,-29.183333333333334,-0.7672558922558922,1.9022759647759646,1.2444264069264068,0.6578495578495579,3.9275539595293307,19.333333333333332,116,17.0,13.666666666666666,82,16.0,NFC North,1,5.666666666666667,34,0.5466666666666666,0.6268333333333334,6.876666666666666,3.2882043070639564,1.1666666666666667,0.8333333333333334,0.3333333333333333,48.833333333333336,1.3333333333333333,1,0.3742683242683243,0.6033333333333334,4.716666666666667,3.2327441077441077,0.8333333333333334,0.5,0.9375,44.333333333333336,1.5,0.3742683242683243,0.07244604047066927,2014,0.26068581486869036,0.2049473147664917,NOR vs. DET,DET,1561.1760385328337,6.0,NOR,1477.9241755622938,20.0,1,1,-1.5,0,-119.0,108.0,0,0
MIA,8.0,5.0,0.625,11.125,89,11.25,90,-10.212500000000002,0.9163411864641842,-22.8,-0.1457569793195218,2.4591346153846154,1.6765706515706515,0.7825639638139638,4.986389036836404,26.375,211,36.0,18.875,151,27.0,AFC East,3,7.5,60,0.40969387755102044,0.633875,6.581250000000001,4.916341186464184,1.75,0.75,0.8645833333333333,41.5,1.5,6,0.41548815767565767,0.593375,5.14,3.854243020680478,1.5,0.5,0.875,49.5,2.25,0.41548815767565767,0.01361096316359589,2014-11-09,2014,0.40518257678917063,0.2630104111186348,DET,8.0,6.0,0.75,10.75,86,10.75,86,-14.2625,-0.900468146513627,-22.3375,-0.7659181096681096,2.004989801864802,1.5010281385281385,0.5039616633366634,4.980284395985929,20.25,162,26.0,15.75,126,24.0,NFC North,3,4.5,36,0.4884353741496598,0.618375,6.7437499999999995,3.099531853486373,1.375,0.75,0.5,56.125,1.375,1,0.40570124320124323,0.622875,5.41625,3.2340818903318906,1.125,0.5,0.95,54.875,1.5,0.40570124320124323,1.0197156040140714,2014,0.3408613455005317,0.27975752107025825,MIA vs. DET,DET,1619.2440916267185,3.0,MIA,1578.6375132303683,8.0,1,4,-3.0,1,-145.0,131.0,0,0
DET,10.0,7.0,0.7,10.6,106,10.5,105,-16.29,-0.67300609615827,-20.869999999999997,-0.9726535160745687,1.8639918414918415,1.5163780663780664,0.3476137751137751,5.727854817823253,18.8,188,32.0,15.6,156,30.0,NFC North,-1,3.2,32,0.5481040564373898,0.619,6.465999999999999,3.3269939038417298,1.3,0.6,0.5666666666666667,62.7,1.3,3,0.38289432789432787,0.635,5.536,3.0273464839254314,1.2,0.4,0.9583333333333334,51.8,1.6,0.38289432789432787,1.2721451821767467,2014-11-23,2014,0.3402911753109961,0.293489862347907,NWE,10.0,8.0,0.8,11.0,110,11.1,111,2.1400000000000032,-0.15555763075328283,-12.7,-0.16220507616601876,3.0362021312021312,1.988962703962704,1.0472394272394272,6.8586763825578085,32.3,323,56.0,21.8,218,39.0,AFC East,6,10.5,105,0.5613756613756613,0.6553,7.962000000000001,3.8444423692467167,2.5,0.7,0.96875,75.2,0.8,11,0.4506233309174486,0.6104999999999999,6.493,3.837794923833981,1.8,0.5,0.6625,52.2,1.9,0.4506233309174486,1.1413236174421915,2014,0.567194656887966,0.3563167757479689,DET vs. NWE,NWE,1745.7283563881836,2.0,DET,1622.3219953239084,3.0,1,25,-7.5,1,-310.0,273.0,0,0
TAM,12.0,2.0,0.16666666666666666,10.75,129,11.25,135,-20.85833333333333,-0.20147481766474906,-3.991666666666669,-0.059817130506785644,1.8147496022496021,2.31104797979798,-0.4962983775483775,4.367053612076646,18.333333333333332,220,37.0,26.166666666666668,314,54.0,NFC South,-2,-7.833333333333333,-94,0.4085005903187721,0.5950833333333333,6.105,3.798525182335251,1.4166666666666667,0.4166666666666667,0.8333333333333334,67.25,2.0833333333333335,-6,0.3571135563782623,0.6929166666666666,7.214166666666667,3.940182869493215,1.8333333333333333,0.9166666666666666,0.5909090909090909,61.083333333333336,1.5833333333333333,0.3571135563782623,-2.3670536120766457,2014-12-07,2014,0.23024484260540318,0.2877648795974452,DET,12.0,8.0,0.6666666666666666,10.666666666666666,128,10.666666666666666,128,-16.65833333333333,-0.5944616018710221,-20.0,-0.9667945967288073,1.8790841103341105,1.6285473785473785,0.2505367317867318,6.606854020197903,19.25,231,41.0,17.25,207,39.0,NFC North,1,2.0,24,0.5624983602256329,0.6114166666666666,6.5325,3.405538398128978,1.25,0.6666666666666666,0.6180555555555556,59.916666666666664,1.25,4,0.37831063272239746,0.64275,5.511666666666667,3.033205403271193,1.3333333333333333,0.5,0.96875,54.0,1.5833333333333333,0.37831063272239746,1.3931459798020969,2014,0.35749933930461325,0.31466972214341266,TAM vs. DET,DET,1623.8068672682994,6.0,TAM,1270.2585421024455,28.0,1,17,-10.5,1,-480.0,408.0,0,0
MIN,13.0,6.0,0.46153846153846156,10.538461538461538,137,10.615384615384615,138,-22.753846153846155,0.38473937578520173,-9.615384615384615,0.4162952263552059,1.983907972369511,2.0935654089500244,-0.10965743658051348,5.825681717242371,20.23076923076923,263,44.0,21.615384615384617,281,49.0,NFC North,2,-1.3846153846153846,-18,0.3567550505050505,0.6096923076923078,5.386153846153846,4.384739375785202,1.0,0.6923076923076923,0.7888888888888889,54.76923076923077,1.2307692307692308,1,0.36143824124593354,0.655923076923077,6.615384615384615,4.416295226355206,1.6153846153846154,0.6923076923076923,0.8,61.46153846153846,1.3076923076923077,0.36143824124593354,0.17431828275762928,2014-12-14,2014,0.32547445504847594,0.3325203990273823,DET,13.0,9.0,0.6923076923076923,10.76923076923077,140,10.846153846153847,141,-12.976923076923075,-0.5760290717022835,-21.33076923076923,-1.0572609464309868,1.952487896718666,1.6038662192508346,0.34862167746783135,7.444764000953299,20.384615384615383,265,47.0,17.23076923076923,224,42.0,NFC North,2,3.1538461538461537,41,0.5295123857623857,0.6232307692307693,6.8307692307692305,3.423970928297716,1.3846153846153846,0.6923076923076923,0.6474358974358974,64.6923076923077,1.2307692307692308,6,0.38510725071811047,0.6327692307692308,5.397692307692308,2.942739053569013,1.3846153846153846,0.46153846153846156,0.9722222222222222,53.69230769230769,1.6923076923076923,0.38510725071811047,1.555235999046701,2014,0.3758769736017554,0.3105946055428049,MIN vs. DET,DET,1522.1452381112183,8.0,MIN,1444.6640237612742,20.0,1,2,-8.0,0,-350.0,305.0,1,0
DET,15.0,11.0,0.7333333333333333,10.6,159,10.8,162,-15.273333333333333,-0.43628813253824933,-21.313333333333333,-1.0144169183642868,1.946970991970992,1.5681992081992082,0.3787717837717838,8.722811983428251,20.066666666666666,301,55.0,16.8,252,46.0,NFC North,4,3.2666666666666666,49,0.5123449962735677,0.6182,6.569333333333333,3.5637118674617505,1.2666666666666666,0.7333333333333333,0.6722222222222223,62.4,1.2666666666666666,6,0.37152185505126684,0.6381333333333333,5.308000000000001,2.985583081635713,1.4,0.4666666666666667,0.875,53.93333333333333,1.6666666666666667,0.37152185505126684,2.277188016571749,2014-12-28,2014,0.3984257194597258,0.30812783899683144,GNB,15.0,11.0,0.7333333333333333,9.666666666666666,145,10.2,153,7.286666666666664,0.413160515500538,-20.766666666666666,0.0996127294984175,3.1624939874939875,2.2486946386946385,0.9137993487993488,9.210272491478953,30.4,456,76.0,21.866666666666667,328,55.0,NFC North,1,8.533333333333333,128,0.5334960674246388,0.6534,8.936,4.413160515500538,2.4,0.8666666666666667,0.8692307692307693,49.0,0.7333333333333333,15,0.4491974039032863,0.5996666666666666,5.86,4.099612729498418,1.5333333333333334,0.7333333333333333,0.8571428571428571,59.46666666666667,1.7333333333333334,0.4491974039032863,1.7897275085210467,2014,0.5866755359299308,0.37840305575976363,DET vs. GNB,GNB,1514.0064999802885,8.0,DET,1500.0,8.0,1,10,-9.0,1,-400.0,346.0,1,0
NYJ,1.0,1.0,1.0,11.0,11,11.0,11,-8.900000000000006,2.235294117647059,-7.700000000000003,-2.333333333333333,1.7272727272727273,1.2727272727272727,0.4545454545454546,0.6734332492284144,19.0,19,4.0,14.0,14,2.0,AFC East,1,5.0,5,0.5,0.7929999999999999,5.69,6.235294117647059,1.0,1.0,1.0,105.0,2.0,-2,0.4166666666666667,0.625,5.41,1.6666666666666667,2.0,0.0,,20.0,0.0,0.4166666666666667,0.3265667507715856,2014-09-14,2014,0.4823879093714856,0.059375772867561016,GNB,1.0,0.0,0.0,9.0,9,9.0,9,-20.299999999999997,-0.19047619047619113,10.900000000000006,1.5945945945945947,1.7777777777777777,4.0,-2.2222222222222223,0.12764932779367225,16.0,16,3.0,36.0,36,6.0,NFC North,-1,-20.0,-20,0.5,0.6970000000000001,4.55,3.809523809523809,1.0,1.0,1.0,65.0,1.0,0,0.5,0.679,8.25,5.594594594594595,2.0,2.0,1.0,69.0,1.0,0.5,-0.12764932779367225,2014,0.29078355740210926,-0.08509955186244822,NYJ vs. GNB,GNB,1450.0,17.0,NYJ,1550.0,1.0,1,7,-7.0,0,-310.0,273.0,0,0
MIN,4.0,2.0,0.5,10.0,40,10.0,40,-19.349999999999998,0.1956115430622012,-7.349999999999998,0.07317260442260454,2.2490800865800864,2.1688311688311686,0.08024891774891779,1.857372897615618,22.75,91,17.0,21.0,84,14.0,NFC North,1,1.75,7,0.2222222222222222,0.6020000000000001,6.33,4.195611543062201,0.75,1.25,0.7,50.5,1.0,0,0.36879370629370634,0.67875,6.925,4.073172604422605,1.5,0.75,0.8333333333333333,91.0,1.0,0.36879370629370634,0.14262710238438192,2014-10-02,2014,0.44015412962834055,0.2749798714586334,GNB,4.0,2.0,0.5,8.75,35,8.5,34,5.899999999999999,-0.4971139971139974,-20.599999999999998,0.5813976685286055,2.7248827561327564,2.847537878787879,-0.12265512265512257,1.7311776864776238,23.0,92,16.0,24.0,96,15.0,NFC North,1,-1.0,-4,0.7222222222222222,0.66775,8.2975,3.5028860028860027,2.25,0.5,0.8333333333333334,49.75,0.75,4,0.475,0.62075,5.76,4.581397668528606,1.25,1.25,0.875,59.25,1.75,0.475,0.2688223135223762,2014,0.4878654072597001,0.36053187281496796,MIN vs. GNB,GNB,1525.7316571577232,7.0,MIN,1489.463491302437,7.0,1,32,-8.5,1,-400.0,346.0,1,0
GNB,5.0,3.0,0.6,9.4,47,9.4,47,6.839999999999998,-0.08340548340548368,-27.959999999999997,0.5531181348228845,2.879906204906205,2.4318764568764566,0.4480297480297481,2.6989181529366597,26.8,134,21.0,21.2,106,17.0,NFC North,2,5.6,28,0.6666666666666666,0.6706,8.266,3.916594516594516,2.4,0.8,0.8333333333333334,45.8,0.8,6,0.45272727272727276,0.5966,5.054,4.553118134822884,1.0,1.2,0.9,65.6,2.0,0.45272727272727276,0.3010818470633403,2014-10-12,2014,0.47371369697161764,0.3111420910641566,MIA,4.0,2.0,0.5,12.25,49,12.5,50,-17.975,1.0928884711779445,-8.375,-0.23435267307218488,2.031905594405594,1.9937978687978688,0.03810772560772557,1.8803635168528374,24.0,96,17.0,24.25,97,17.0,AFC East,1,-0.25,-1,0.3333333333333333,0.6065,5.657500000000001,5.092888471177945,1.5,0.75,0.9166666666666666,36.5,2.0,0,0.3930434149184149,0.63225,6.4725,3.765647326927815,1.75,0.75,0.9166666666666667,60.75,2.0,0.3930434149184149,0.11963648314716258,2014,0.35731540925256006,0.26516910106750885,GNB vs. MIA,MIA,1479.3411504129454,7.0,GNB,1570.531124698886,8.0,0,-3,1.5,0,104.0,-115.0,0,0
GNB,7.0,5.0,0.7142857142857143,9.714285714285714,68,10.0,70,11.485714285714282,-0.11307674584985536,-25.457142857142856,0.5650222702151039,2.9362966398680683,2.2511238761238763,0.6851727637441923,4.138865007343991,28.428571428571427,199,32.0,21.0,147,24.0,NFC North,4,7.428571428571429,52,0.611111111111111,0.6737142857142857,8.742857142857144,3.8869232541501444,2.5714285714285716,0.8571428571428571,0.9,43.142857142857146,0.5714285714285714,10,0.44255156608097784,0.5988571428571429,5.2700000000000005,4.5650222702151035,1.2857142857142858,1.0,0.9285714285714286,60.42857142857143,2.0,0.44255156608097784,0.8611349926560088,2014-10-26,2014,0.5284796633718325,0.336055591477029,NOR,6.0,2.0,0.3333333333333333,10.333333333333334,62,9.5,57,-6.866666666666667,1.1812511403028645,-0.7666666666666634,-0.21695887445887455,2.523160173160173,2.8274170274170274,-0.3042568542568542,2.979335915977214,25.833333333333332,155,28.0,27.5,165,28.0,NFC South,-1,-1.6666666666666667,-10,0.41666666666666663,0.6831666666666667,6.966666666666666,5.181251140302865,1.8333333333333333,1.1666666666666667,0.9,50.0,2.0,-8,0.492948717948718,0.6501666666666667,7.958333333333333,3.7830411255411254,1.8333333333333333,1.0,1.0,67.33333333333333,0.6666666666666666,0.492948717948718,-0.9793359159772139,2014,0.3778994471845108,0.3291771764697018,GNB vs. NOR,NOR,1439.6809264936974,22.0,GNB,1641.760111055407,4.0,1,21,-2.0,1,-124.0,112.0,0,0
PHI,9.0,7.0,0.7777777777777778,12.333333333333334,111,12.88888888888889,116,-16.32222222222222,-0.2328936318330392,-13.944444444444445,-0.1320700604167423,2.5325970325970326,1.7380892255892255,0.7945078070078071,5.906877871310643,31.0,279,40.0,22.0,198,33.0,NFC East,2,9.0,81,0.42916666666666664,0.5994444444444444,6.568888888888889,3.7671063681669605,1.8888888888888888,0.7777777777777778,0.96875,61.333333333333336,2.3333333333333335,-5,0.41920333565070406,0.5687777777777777,6.658888888888889,3.8679299395832576,2.111111111111111,0.4444444444444444,0.6666666666666666,74.66666666666667,1.7777777777777777,0.41920333565070406,1.093122128689357,2014-11-16,2014,0.404129014161736,0.2874262741827096,GNB,9.0,6.0,0.6666666666666666,9.88888888888889,89,10.222222222222221,92,11.666666666666664,0.0019637005963113216,-19.644444444444446,0.49695877886503304,3.076996151996152,2.3693926443926445,0.7076035076035075,5.278191403709114,30.77777777777778,277,45.0,22.77777777777778,205,33.0,NFC North,1,8.0,72,0.546875,0.6705555555555556,9.246666666666666,4.001963700596311,2.7777777777777777,0.7777777777777778,0.9285714285714286,48.44444444444444,0.8888888888888888,10,0.4113618407736055,0.6234444444444445,5.872222222222223,4.496958778865032,1.4444444444444444,1.0,0.9375,69.0,2.0,0.4113618407736055,0.7218085962908862,2014,0.5461690222635329,0.34760831362028893,PHI vs. GNB,GNB,1594.6387823563823,6.0,PHI,1634.46671537202,2.0,1,33,-4.5,1,-200.0,180.0,0,0
GNB,10.0,7.0,0.7,9.8,98,10.5,105,12.609999999999996,0.041767330536680226,-19.9,0.39887580420433616,3.3581854256854258,2.2862995337995335,1.0718858918858918,6.187869134140618,33.0,330,51.0,22.5,225,37.0,NFC North,2,10.5,105,0.5725308641975309,0.6667,9.440000000000001,4.041767330536681,2.8,0.8,0.8958333333333334,48.8,0.8,14,0.42736851383910207,0.6202,5.899,4.398875804204335,1.5,0.9,0.9444444444444444,67.4,2.2,0.42736851383910207,0.8121308658593822,2014-11-23,2014,0.5626721164886005,0.3457608019398068,MIN,10.0,4.0,0.4,10.9,109,10.8,108,-30.660000000000004,0.46168499804457175,-8.29,0.3174148548678283,1.7013025863025864,2.0916350316350316,-0.3903324453324454,3.888014359026824,18.1,181,34.0,22.0,220,36.0,NFC North,-1,-3.9,-39,0.3490740740740741,0.5940000000000001,4.6530000000000005,4.461684998044571,0.7,0.9,0.7925925925925925,54.0,1.3,1,0.3450445387945388,0.6737,6.586,4.317414854867828,1.7,0.8,0.7142857142857143,64.9,1.4,0.3450445387945388,0.11198564097317609,2014,0.315419735589989,0.3037328546991058,GNB vs. MIN,MIN,1489.463491302437,7.0,GNB,1525.7316571577232,7.0,0,-3,7.5,1,297.0,-340.0,1,0
NWE,11.0,9.0,0.8181818181818182,11.090909090909092,122,11.090909090909092,122,1.400000000000003,-0.0959614825029844,-16.299999999999997,-0.18018643287819885,3.017759513214059,1.8825280779826234,1.1352314352314352,7.8175871609385545,32.45454545454545,357,62.0,20.636363636363637,227,42.0,AFC East,7,11.818181818181818,130,0.5752380952380952,0.660909090909091,7.828181818181818,3.9040385174970154,2.4545454545454546,0.8181818181818182,0.9722222222222222,76.45454545454545,0.8181818181818182,11,0.4486186125223558,0.5905454545454545,6.296363636363637,3.819813567121801,1.6363636363636365,0.45454545454545453,0.6722222222222222,52.36363636363637,1.8181818181818181,0.4486186125223558,1.1824128390614455,2014-11-30,2014,0.5628238420430772,0.34997119168448637,GNB,11.0,8.0,0.7272727272727273,9.636363636363637,106,10.363636363636363,114,12.318181818181815,0.11467484594243657,-20.072727272727274,0.4062507310948511,3.325623114259478,2.290575333757152,1.035047780502326,6.766332711992791,32.18181818181818,354,55.0,22.363636363636363,246,41.0,NFC North,3,9.818181818181818,108,0.5552777777777778,0.6656363636363637,9.356363636363637,4.114674845942437,2.727272727272727,0.8181818181818182,0.9074074074074073,51.18181818181818,0.7272727272727273,15,0.43810360762232425,0.6154545454545454,5.831818181818182,4.406250731094851,1.5454545454545454,0.8181818181818182,0.95,68.27272727272727,2.090909090909091,0.43810360762232425,1.2336672880072088,2014,0.5770597777361891,0.3672889623670619,NWE vs. GNB,GNB,1670.8714087592682,3.0,NWE,1778.6797533500298,1.0,1,5,-3.0,1,-160.0,144.0,0,0
GNB,14.0,10.0,0.7142857142857143,9.714285714285714,136,10.214285714285714,143,7.285714285714284,0.4495844232897469,-17.92142857142857,0.3108095571156514,3.2296562564419706,2.387887112887113,0.8417691435548578,8.221301082211092,31.142857142857142,436,72.0,23.214285714285715,325,54.0,NFC North,-1,7.928571428571429,111,0.5635452154682924,0.6447142857142857,8.985000000000001,4.449584423289747,2.5,0.8571428571428571,0.8861111111111111,49.642857142857146,0.7142857142857143,15,0.448315899786488,0.6094999999999999,6.146428571428571,4.310809557115651,1.6428571428571428,0.7857142857142857,0.8461538461538461,61.57142857142857,1.7857142857142858,0.448315899786488,1.7786989177889083,2014-12-21,2014,0.5966734884878159,0.39862624453576473,TAM,14.0,2.0,0.14285714285714285,10.928571428571429,153,11.214285714285714,157,-23.54285714285714,-0.14252411168069887,-1.871428571428574,-0.08777816255420334,1.7592958628672914,2.3189935064935066,-0.5596976436262151,4.963621418219981,18.142857142857142,254,43.0,26.214285714285715,367,65.0,NFC South,-4,-8.071428571428571,-113,0.4206050359896514,0.5798571428571428,5.803571428571429,3.8574758883193008,1.4285714285714286,0.42857142857142855,0.8611111111111112,63.285714285714285,2.2142857142857144,-10,0.3562674020657214,0.6932142857142857,7.443571428571429,3.9122218374457964,1.8571428571428572,0.8571428571428571,0.6384615384615385,62.857142857142854,1.5,0.3562674020657214,-2.963621418219981,2014,0.22155195098811428,0.2967991846295274,GNB vs. TAM,TAM,1221.1426257323055,29.0,GNB,1675.2960605193632,4.0,0,-17,11.5,0,520.0,-630.0,0,0
GNB,1.0,13.0,13.0,9.588235294117647,163,10.058823529411764,171,9.935294117647057,0.37063858872765526,-16.75294117647059,0.20581466632761355,3.1580829301417537,2.256201151789387,0.9018817783523665,10.557493273375663,30.11764705882353,512,84.0,21.705882352941178,369,61.0,NFC North,3,8.411764705882353,143,1.3251423923298922,0.6629411764705883,9.16235294117647,4.3706385887276555,2.411764705882353,0.8235294117647058,0.8200000000000001,50.705882352941174,0.8235294117647058,14,0.47036487157594425,0.6042352941176471,6.196470588235294,4.205814666327614,1.6470588235294117,0.7058823529411765,0.8,57.64705882352941,1.6470588235294117,0.47036487157594425,2.4425067266243374,2015-01-18,2014,1.774052546235855,0.8713035691466934,SEA,1.0,13.0,13.0,9.941176470588236,169,10.117647058823529,172,-4.211764705882352,1.223895582103111,-21.311764705882354,-0.7054419184848157,2.536479043831985,1.6387860505507565,0.8976929932812285,12.359954893954898,25.0,425,75.0,15.941176470588236,271,49.0,NFC West,7,9.058823529411764,154,0.9831735972360972,0.6384705882352941,7.708823529411766,5.223895582103111,1.3529411764705883,1.1764705882352942,0.8885416666666667,62.88235294117647,0.8235294117647058,13,0.43042154404611155,0.6218235294117647,5.431176470588235,3.2945580815151843,1.1176470588235294,0.47058823529411764,0.8666666666666667,38.11764705882353,1.588235294117647,0.43042154404611155,0.6400451060451022,2014,0.7278306683632111,0.182338431373314,GNB vs. SEA,SEA,1500.0,1.0,GNB,1500.0,1.0,1,20,-4.5,1,-230.0,205.0,0,0
HOU,1.0,1.0,1.0,9.0,9,10.0,10,9.299999999999997,-0.6176470588235294,-6.200000000000003,1.695652173913044,1.8888888888888888,0.6,1.2888888888888888,0.9218855254257089,17.0,17,2.0,6.0,6,1.0,AFC South,1,11.0,11,0.5,0.636,10.27,3.3823529411764706,1.0,0.0,1.0,45.0,1.0,1,0.5,0.784,6.51,5.695652173913044,0.0,1.0,,71.0,2.0,0.5,0.0781144745742911,2014-09-14,2014,0.23958099434984248,0.007811447457429111,LVR,1.0,0.0,0.0,11.0,11,11.0,11,-7.700000000000003,-2.333333333333333,-8.900000000000006,2.235294117647059,1.2727272727272727,1.7272727272727273,-0.4545454545454546,0.3265667507715856,14.0,14,2.0,19.0,19,4.0,AFC West,-1,-5.0,-5,0.5,0.625,5.41,1.6666666666666667,2.0,0.0,,20.0,0.0,2,0.25,0.7929999999999999,5.69,6.235294117647059,1.0,1.0,1.0,105.0,2.0,0.25,-0.3265667507715856,2014,0.1224424089506208,-0.11875154573512199,HOU vs. LVR,LVR,1450.0,17.0,HOU,1550.0,1.0,0,-16,3.0,0,140.0,-155.0,0,0
HOU,2.0,2.0,1.0,9.0,18,9.5,19,19.199999999999996,-0.2653452685421993,-18.200000000000003,1.8184143222506401,2.611111111111111,1.0777777777777777,1.5333333333333332,1.780796223983908,23.5,47,8.0,10.0,20,3.0,AFC South,2,13.5,27,0.0,0.6865,9.844999999999999,3.734654731457801,1.5,0.5,0.875,65.0,0.5,5,0.55,0.7135,5.555,5.81841432225064,0.5,1.0,,47.5,3.0,0.55,0.2192037760160921,2014-09-21,2014,0.49315639467024264,0.09625292968548095,NYG,2.0,0.0,0.0,10.5,21,9.0,18,-34.150000000000006,-1.2954545454545454,-6.350000000000001,-0.519047619047619,1.3363636363636364,3.333333333333333,-1.996969696969697,0.30427611873359284,14.0,28,4.0,30.0,60,11.0,NFC East,-2,-16.0,-32,1.0,0.6060000000000001,3.81,2.7045454545454546,1.5,0.5,,47.5,3.0,-6,0.3653846153846154,0.5854999999999999,8.405000000000001,3.480952380952381,1.0,1.5,0.8333333333333333,78.0,0.0,0.3653846153846154,-0.30427611873359284,2014,0.16149751250156258,0.21258229705362439,HOU vs. NYG,NYG,1414.0064999802885,26.0,HOU,1585.9935000197115,1.0,1,13,-1.0,1,-114.0,103.0,0,0
IND,5.0,3.0,0.6,11.4,57,11.6,58,0.2,0.012867492532846293,-22.9,0.8907407407407406,2.787575757575758,1.9124242424242426,0.8751515151515152,3.320456974279326,31.2,156,27.0,21.6,108,20.0,AFC South,3,9.6,48,0.5208333333333333,0.675,7.458,4.0128674925328465,2.8,0.6,1.0,66.4,1.8,1,0.43582417582417576,0.5678,6.204,4.890740740740741,1.4,1.0,0.95,55.8,2.0,0.43582417582417576,-0.3204569742793262,2014-10-09,2014,0.44332512875248486,0.25376158798073617,HOU,5.0,3.0,0.6,10.8,54,11.4,57,-12.38,-0.09691510601435516,-11.66,0.9296808051283756,1.990714840714841,1.5073015873015874,0.4834132534132534,3.0639969232129043,20.8,104,18.0,17.4,87,16.0,AFC South,-1,3.4,17,0.35416666666666663,0.6577999999999999,6.87,3.903084893985645,1.0,0.8,0.95,59.0,1.6,4,0.3863003663003663,0.6674,6.412000000000001,4.929680805128376,1.4,0.6,0.8888888888888888,44.4,2.4,0.3863003663003663,-0.06399692321290429,2014,0.32906687178580635,0.2209685937845387,IND vs. HOU,HOU,1521.145738381731,8.0,IND,1574.2002329765153,8.0,0,-5,2.5,0,113.0,-125.0,1,0
HOU,6.0,3.0,0.5,10.833333333333334,65,11.5,69,-9.25,0.19701518943248186,-10.200000000000001,0.5509244804641226,2.083171458171458,1.7144179894179894,0.36875346875346876,3.467859095806545,22.0,132,21.0,20.0,120,22.0,AFC South,-2,2.0,12,0.4033333333333333,0.6568333333333333,7.29,4.197015189432482,1.0,1.0,0.7916666666666666,60.166666666666664,1.6666666666666667,4,0.3427503052503053,0.6508333333333333,6.7749999999999995,4.550924480464123,1.6666666666666667,0.6666666666666666,0.9166666666666666,45.5,2.3333333333333335,0.3427503052503053,-0.46785909580654517,2014-10-20,2014,0.2978845102258014,0.24083840553685024,PIT,6.0,3.0,0.5,10.166666666666666,61,10.333333333333334,62,-6.616666666666666,0.8448250149357316,-8.533333333333331,0.3215698295919008,2.073967236467236,2.263888888888889,-0.18992165242165257,2.7346722875410645,20.666666666666668,124,22.0,23.166666666666668,139,28.0,AFC North,-1,-2.5,-15,0.3,0.6613333333333333,7.22,4.844825014935732,1.3333333333333333,0.5,0.9166666666666666,79.83333333333333,1.1666666666666667,-1,0.4016053391053391,0.6001666666666666,7.601666666666667,4.321569829591901,1.3333333333333333,1.0,1.0,56.5,1.0,0.4016053391053391,0.2653277124589355,2014,0.3766043980166573,0.39631498910981233,HOU vs. PIT,PIT,1455.468029230336,15.0,HOU,1478.722096138706,15.0,1,7,-3.0,1,-162.0,146.0,0,0
HOU,7.0,3.0,0.42857142857142855,10.857142857142858,76,11.428571428571429,80,-8.12857142857143,0.22601301951355593,-5.714285714285715,0.335078126112105,2.0842768342768343,1.8591115233972375,0.2251653108795966,3.8154339185247053,22.142857142857142,155,26.0,21.428571428571427,150,28.0,AFC South,-3,0.7142857142857143,5,0.41944444444444445,0.6567142857142857,7.3914285714285715,4.226013019513556,1.1428571428571428,0.8571428571428571,0.8214285714285714,54.42857142857143,1.8571428571428572,2,0.34140502354788066,0.6587142857142857,7.118571428571428,4.335078126112105,1.8571428571428572,0.5714285714285714,0.9333333333333332,44.42857142857143,2.142857142857143,0.34140502354788066,-0.8154339185247053,2014-10-26,2014,0.3022532295457851,0.25922830407376474,TEN,7.0,2.0,0.2857142857142857,10.428571428571429,73,11.142857142857142,78,-19.914285714285715,0.6489510802480728,-11.557142857142859,-0.04848189138145325,1.6515873015873015,2.203246753246753,-0.5516594516594517,2.6273072469397607,17.285714285714285,121,23.0,24.571428571428573,172,32.0,AFC South,-1,-7.285714285714286,-51,0.3055555555555555,0.5875714285714285,6.22,4.648951080248073,1.2857142857142858,0.5714285714285714,0.8333333333333334,74.14285714285714,1.2857142857142858,2,0.29030869923727065,0.6532857142857144,6.601428571428571,3.9515181086185467,1.7142857142857142,0.8571428571428571,0.7857142857142857,49.57142857142857,1.5714285714285714,0.29030869923727065,-0.6273072469397607,2014,0.28683352900271136,0.31488309175444623,HOU vs. TEN,TEN,1345.3598369367687,24.0,HOU,1425.380555114744,18.0,0,-14,3.5,0,162.0,-180.0,1,0
PHI,7.0,5.0,0.7142857142857143,12.285714285714286,86,12.714285714285714,89,-19.41428571428571,-0.04841209716209719,-9.585714285714285,-0.08434517971948503,2.3926430712144997,1.7744588744588745,0.6181841967556253,4.332307781477295,29.0,203,30.0,22.285714285714285,156,28.0,NFC East,-1,6.714285714285714,47,0.43333333333333335,0.5947142857142858,6.147142857142858,3.951587902837903,1.7142857142857142,0.5714285714285714,0.9583333333333334,63.857142857142854,2.4285714285714284,-7,0.4109995267890005,0.5732857142857143,7.195714285714286,3.915654820280515,2.142857142857143,0.42857142857142855,0.8,84.0,1.4285714285714286,0.4109995267890005,0.6676922185227054,2014-11-02,2014,0.38211090789980257,0.29967156038304293,HOU,8.0,4.0,0.5,11.0,88,11.5,92,-9.637500000000001,0.3602613920743614,-5.937500000000001,0.13934720650193805,2.13624222999223,1.7933892496392496,0.3428529803529804,4.6314825490130955,23.125,185,32.0,20.75,166,31.0,AFC South,1,2.375,19,0.40034013605442176,0.6425,7.22875,4.360261392074362,1.125,1.0,0.84375,52.0,1.625,4,0.3534168956043956,0.65875,7.0975,4.139347206501938,1.875,0.5,0.9444444444444443,46.5,2.125,0.3534168956043956,-0.6314825490130955,2014,0.3349326114084957,0.2682391861149376,PHI vs. HOU,HOU,1464.0640442085808,18.0,PHI,1580.46446592457,6.0,0,-10,1.5,0,103.0,-114.0,0,0
TEN,11.0,2.0,0.18181818181818182,10.818181818181818,119,11.0,121,-16.645454545454545,0.03280469530469537,-14.3,0.312710447893136,1.628341860160042,2.4501180637544273,-0.8217762035943855,3.5115006735012777,17.454545454545453,192,35.0,26.636363636363637,293,53.0,AFC South,-5,-9.181818181818182,-101,0.4117460317460317,0.5911818181818181,6.65,4.032804695304695,1.4545454545454546,0.5454545454545454,0.8888888888888888,64.81818181818181,1.5454545454545454,-3,0.2794388692115965,0.642090909090909,6.285454545454545,4.312710447893136,1.4545454545454546,1.1818181818181819,0.8333333333333334,48.18181818181818,1.2727272727272727,0.2794388692115965,-1.5115006735012777,2014-11-30,2014,0.2537031905480942,0.3380093646164029,HOU,11.0,5.0,0.45454545454545453,10.909090909090908,120,11.454545454545455,126,-13.954545454545455,0.21902203163242084,-10.345454545454546,-0.017493719133132538,2.0327399872854417,1.792161878525515,0.24057810875992694,6.08278132574229,22.0,242,41.0,20.545454545454547,226,41.0,AFC South,-1,1.4545454545454546,16,0.47833333333333333,0.6140909090909091,6.759090909090909,4.219022031632421,1.1818181818181819,0.7272727272727273,0.7727272727272727,49.09090909090909,1.4545454545454546,8,0.35332306582306583,0.6419999999999999,6.802727272727273,3.9825062808668674,1.8181818181818181,0.5454545454545454,0.8518518518518517,50.36363636363637,2.1818181818181817,0.35332306582306583,-1.0827813257422898,2014,0.3080348224580046,0.26378496799752243,TEN vs. HOU,HOU,1425.380555114744,18.0,TEN,1345.3598369367687,24.0,1,24,-7.0,1,-285.0,252.0,1,0
HOU,12.0,6.0,0.5,11.0,132,11.416666666666666,137,-8.833333333333334,0.09660352899638576,-12.241666666666667,-0.034975303144765414,2.175844988344988,1.8019059644059645,0.37393902393902395,6.941692024300489,23.916666666666668,287,48.0,20.583333333333332,247,43.0,AFC South,1,3.3333333333333335,40,0.45137741046831953,0.6234999999999999,7.4025,4.096603528996385,1.5833333333333333,0.6666666666666666,0.75,48.333333333333336,1.4166666666666667,11,0.377801045631928,0.6395833333333333,6.6175,3.9650246968552345,1.8333333333333333,0.5,0.8518518518518517,51.666666666666664,2.3333333333333335,0.377801045631928,-0.9416920243004894,2014-12-07,2014,0.33510024168786395,0.2630822645712159,JAX,12.0,2.0,0.16666666666666666,11.666666666666666,140,11.25,135,-30.95,0.11231907585168444,-3.1083333333333356,0.20477262025499862,1.3349423724423726,2.509867678617679,-1.1749253061753062,3.1486131034790805,15.5,186,32.0,27.416666666666668,329,56.0,AFC South,1,-11.916666666666666,-143,0.41613537977174336,0.6020833333333333,4.510833333333333,4.112319075851684,1.0,0.5833333333333334,0.8,35.25,2.0,-7,0.3359470390720391,0.6478333333333334,7.64,4.204772620254999,1.6666666666666667,0.9166666666666666,0.9166666666666666,54.166666666666664,1.4166666666666667,0.3359470390720391,-1.1486131034790805,2014,0.2066930837432556,0.3405417692624515,HOU vs. JAX,JAX,1326.6583593076869,28.0,HOU,1480.6724663907246,19.0,0,-14,6.5,0,243.0,-274.0,1,0
HOU,13.0,7.0,0.5384615384615384,10.923076923076923,142,11.307692307692308,147,-9.023076923076925,0.08380576200739726,-14.284615384615384,-0.0812359441616016,2.216164604626143,1.7632978132978132,0.4528667913283298,7.791386066024611,24.153846153846153,314,53.0,20.0,260,46.0,AFC South,2,4.153846153846154,54,0.42765151515151517,0.6281538461538462,7.38,4.0838057620073975,1.4615384615384615,0.8461538461538461,0.7692307692307693,49.53846153846154,1.3076923076923077,12,0.3652229432206808,0.6288461538461539,6.422307692307692,3.9187640558383987,1.7692307692307692,0.46153846153846156,0.8666666666666666,50.76923076923077,2.230769230769231,0.3652229432206808,-0.7913860660246108,2014-12-14,2014,0.35051816820189363,0.26980441703970065,IND,13.0,9.0,0.6923076923076923,12.0,156,11.846153846153847,154,-1.5384615384615405,0.22859426291125415,-18.792307692307695,0.4274005382701035,2.649968941315095,2.08003663003663,0.5699323112784651,8.430665854099082,31.307692307692307,407,72.0,23.615384615384617,307,47.0,AFC South,3,7.6923076923076925,100,0.5014309764309764,0.6238461538461538,8.186923076923076,4.228594262911254,2.769230769230769,0.6923076923076923,1.0,56.0,2.0,-4,0.44219974972237414,0.5832307692307692,6.393846153846154,4.427400538270104,1.6153846153846154,1.0,0.825,54.84615384615385,1.6923076923076923,0.44219974972237414,0.5693341459009176,2014,0.4817515081384941,0.29508426816051103,HOU vs. IND,IND,1574.2002329765153,8.0,HOU,1521.145738381731,8.0,1,7,-7.0,0,-310.0,273.0,1,0
JAX,15.0,3.0,0.2,11.6,174,10.933333333333334,164,-31.853333333333335,0.2237788443440617,-3.2866666666666675,0.09048561473198256,1.3517634217634218,2.4175237725237726,-1.0657603507603508,4.285556610697607,15.466666666666667,232,42.0,25.933333333333334,389,67.0,AFC South,1,-10.466666666666667,-157,0.41683792398078107,0.5882000000000001,4.4159999999999995,4.223778844344062,0.9333333333333333,0.6,0.8166666666666668,36.53333333333333,1.7333333333333334,-8,0.33513939763939765,0.6540666666666667,7.658666666666666,4.090485614731983,1.4666666666666666,0.9333333333333333,0.9,55.4,1.2,0.33513939763939765,-1.2855566106976068,2014-12-28,2014,0.2206921924715328,0.34628768580620334,HOU,15.0,8.0,0.5333333333333333,11.4,171,11.6,174,-13.593333333333334,-0.02214797160043543,-18.09333333333333,-0.20433305636862614,2.0761247086247088,1.6804136604136604,0.3957110482110482,8.837660956536782,23.266666666666666,349,61.0,19.333333333333332,290,51.0,AFC South,1,3.933333333333333,59,0.46192735835592974,0.6115999999999999,6.937333333333333,3.977852028399565,1.3333333333333333,0.7333333333333333,0.8,51.93333333333333,1.3333333333333333,14,0.3595821063468122,0.6082666666666667,5.9959999999999996,3.7956669436313737,1.8,0.4,0.8787878787878788,50.733333333333334,2.2666666666666666,0.3595821063468122,-0.8376609565367819,2014,0.33680416438645466,0.25719513073433875,JAX vs. HOU,HOU,1480.6724663907246,19.0,JAX,1326.6583593076869,28.0,1,6,-8.5,0,-400.0,346.0,1,0
PHI,1.0,1.0,1.0,14.0,14,15.0,15,-16.900000000000006,0.53125,-12.5,-1.3333333333333335,2.4285714285714284,1.1333333333333333,1.295238095238095,0.8379099807553964,34.0,34,5.0,17.0,17,3.0,NFC East,1,17.0,17,0.5,0.6,6.0,4.53125,2.0,1.0,1.0,50.0,3.0,-2,0.42105263157894735,0.5579999999999999,6.56,2.6666666666666665,2.0,0.0,0.3333333333333333,55.0,1.0,0.42105263157894735,0.16209001924460364,2014-09-15,2014,0.4150321497302156,0.03241800384892073,IND,1.0,0.0,0.0,12.0,12,10.0,10,-18.200000000000003,-0.1428571428571428,10.799999999999997,-0.8125,2.0,3.1,-1.1,0.3528438284333043,24.0,24,4.0,31.0,31,5.0,AFC South,-1,-7.0,-7,0.5,0.66,5.74,3.857142857142857,2.0,1.0,1.0,45.0,2.0,-2,0.3076923076923077,0.611,8.86,3.1875,3.0,1.0,1.0,70.0,0.0,0.3076923076923077,-0.3528438284333043,2014,0.21571872385556523,-0.1764219142166521,PHI vs. IND,IND,1450.0,17.0,PHI,1550.0,1.0,0,-3,-3.0,0,-146.0,132.0,0,0
IND,2.0,0.0,0.0,11.5,23,11.0,22,-14.450000000000003,0.15225563909774453,-2.3999999999999986,-0.05439814814814836,2.2272727272727275,2.8,-0.5727272727272728,0.7907400806771003,25.5,51,9.0,30.5,61,11.0,AFC South,-2,-5.0,-10,1.0,0.624,5.62,4.152255639097745,2.5,0.5,1.0,57.5,2.0,-3,0.3205128205128205,0.5894999999999999,8.565,3.9456018518518516,2.0,1.5,0.875,80.0,0.5,0.3205128205128205,-0.7907400806771003,2014-09-21,2014,0.2365943320414369,0.05231497983072492,JAX,2.0,0.0,0.0,13.5,27,13.0,26,-26.7,-1.4166666666666667,-5.450000000000003,0.5394345238095242,0.9833333333333334,2.9226190476190474,-1.939285714285714,0.1961809230711621,13.5,27,5.0,37.5,75,12.0,AFC South,-2,-24.0,-48,0.0,0.5289999999999999,5.029999999999999,2.583333333333333,1.5,0.0,0.6666666666666666,49.5,1.0,1,0.18681318681318682,0.6335,7.14,4.539434523809524,2.0,2.0,1.0,74.0,1.5,0.18681318681318682,-0.1961809230711621,2014,0.1670202849008183,0.18549671006050103,IND vs. JAX,JAX,1400.0,26.0,IND,1414.0064999802885,26.0,0,-27,6.0,0,231.0,-260.0,1,0
TEN,3.0,1.0,0.3333333333333333,10.666666666666666,32,11.333333333333334,34,-30.233333333333334,1.297426257952574,-28.466666666666665,0.26646367474221533,1.2888888888888888,2.0656565656565657,-0.7767676767676769,1.02472472842331,14.333333333333334,43,9.0,23.0,69,13.0,AFC South,-2,-8.666666666666666,-26,0.5,0.5653333333333334,5.3,5.297426257952574,1.0,0.3333333333333333,0.6666666666666666,79.66666666666667,1.3333333333333333,1,0.26805555555555555,0.6173333333333333,4.57,4.266463674742215,1.0,1.3333333333333333,0.8333333333333334,33.333333333333336,1.6666666666666667,0.26805555555555555,-0.024724728423310083,2014-09-28,2014,0.2789320567103147,0.25175076990683304,IND,3.0,1.0,0.3333333333333333,11.0,33,11.0,33,1.8333333333333333,0.4233428398582668,-9.199999999999998,0.3804012345679011,2.9515151515151516,2.381818181818182,0.5696969696969698,1.695719079625059,31.666666666666668,95,16.0,26.0,78,14.0,AFC South,1,5.666666666666667,17,0.5,0.6716666666666667,7.3500000000000005,4.423342839858267,3.0,0.3333333333333333,1.0,53.666666666666664,1.3333333333333333,0,0.4041514041514041,0.5866666666666666,7.743333333333332,4.380401234567901,2.0,1.0,0.9166666666666666,58.333333333333336,1.3333333333333333,0.4041514041514041,-0.695719079625059,2014,0.37240903763635413,0.18444376651766844,TEN vs. IND,IND,1461.991893872262,17.0,TEN,1451.8357936304756,17.0,1,24,-7.5,1,-330.0,289.0,1,0
IND,7.0,5.0,0.7142857142857143,11.714285714285714,82,11.571428571428571,81,0.4142857142857131,-0.03558684506957561,-22.0,0.6838624338624337,2.6806859806859804,1.7296536796536797,0.9510323010323011,4.916189767258432,30.857142857142858,216,38.0,19.428571428571427,136,23.0,AFC South,5,11.428571428571429,80,0.5472222222222222,0.6551428571428571,7.83,3.964413154930424,2.7142857142857144,0.7142857142857143,1.0,62.857142857142854,1.8571428571428572,-1,0.4376766091051805,0.5664285714285714,6.159999999999999,4.683862433862434,1.1428571428571428,1.0,0.7916666666666666,52.142857142857146,1.7142857142857142,0.4376766091051805,0.08381023274156796,2014-10-26,2014,0.4689630467668634,0.2467859530036262,PIT,7.0,4.0,0.5714285714285714,10.285714285714286,72,10.428571428571429,73,-2.642857142857142,0.5869928699449127,-7.514285714285713,0.33277413965020075,2.167296592296592,2.239177489177489,-0.07188089688089702,3.3870974648229044,22.0,154,28.0,23.142857142857142,162,33.0,AFC North,1,-1.1428571428571428,-8,0.3333333333333333,0.6677142857142856,7.5,4.586992869944913,1.5714285714285714,0.42857142857142855,0.9285714285714286,73.85714285714286,1.1428571428571428,1,0.3952535559678417,0.6081428571428571,7.658571428571428,4.3327741396502,1.4285714285714286,0.8571428571428571,1.0,51.285714285714285,1.2857142857142858,0.3952535559678417,0.6129025351770956,2014,0.42293902973206093,0.4270563281034132,IND vs. PIT,PIT,1508.8095702542978,10.0,IND,1651.855946854028,4.0,1,17,5.0,1,201.0,-225.0,0,0
IND,8.0,5.0,0.625,11.625,93,11.5,92,-0.9375000000000018,0.2563615105641213,-12.924999999999999,0.5554108796296295,2.7319638694638697,2.092992424242424,0.6389714452214452,5.192877335082929,31.25,250,44.0,23.375,187,29.0,AFC South,-1,7.875,63,0.5506802721088435,0.6455,7.8374999999999995,4.256361510564122,2.75,0.75,1.0,60.375,1.875,-1,0.44546703296703294,0.597625,7.0275,4.55541087962963,1.75,0.875,0.7916666666666666,53.0,1.75,0.44546703296703294,-0.1928773350829287,2014-11-03,2014,0.46171155545208487,0.26821543109048246,NYG,7.0,3.0,0.42857142857142855,11.285714285714286,79,10.857142857142858,76,-4.442857142857141,-0.38752103712298325,-15.157142857142857,0.45178204615179407,1.9230769230769231,2.3207292707292706,-0.3976523476523477,3.0463028574127433,22.0,154,26.0,24.142857142857142,169,30.0,NFC East,-2,-2.142857142857143,-15,0.7444444444444445,0.6508571428571429,6.954285714285715,3.6124789628770166,2.0,0.7142857142857143,1.0,46.0,1.8571428571428572,0,0.41129644165358453,0.6211428571428571,6.951428571428571,4.451782046151794,1.4285714285714286,1.1428571428571428,0.9444444444444443,62.285714285714285,1.8571428571428572,0.41129644165358453,-0.046302857412743315,2014,0.32693693617950936,0.33573480127371746,IND vs. NYG,NYG,1497.5402318204433,18.0,IND,1582.3593159416355,7.0,0,-16,3.0,0,135.0,-149.0,0,0
NWE,9.0,7.0,0.7777777777777778,11.222222222222221,101,11.222222222222221,101,4.044444444444448,-0.3496094887157688,-13.0,0.1322721375933125,2.855039405039405,1.9877363377363377,0.8673030673030673,6.005668289217654,31.22222222222222,281,50.0,22.0,198,35.0,AFC East,5,9.222222222222221,83,0.5482142857142857,0.6577777777777778,8.08,3.650390511284231,2.5555555555555554,0.3333333333333333,0.96875,77.66666666666667,0.6666666666666666,12,0.4097834989991853,0.6127777777777778,6.365555555555556,4.132272137593312,1.7777777777777777,0.5555555555555556,0.6142857142857142,55.0,2.0,0.4097834989991853,0.9943317107823457,2014-11-16,2014,0.5497432184148705,0.3463164025053708,IND,9.0,6.0,0.6666666666666666,11.88888888888889,107,11.777777777777779,106,0.0111111111111089,0.23713615753847817,-13.033333333333333,0.543698559670782,2.7458726458726463,2.050913900913901,0.694958744958745,5.963292464012369,32.22222222222222,290,52.0,23.444444444444443,211,33.0,AFC South,1,8.777777777777779,79,0.5354166666666667,0.6341111111111111,7.993333333333333,4.237136157538478,2.888888888888889,0.6666666666666666,1.0,57.0,1.6666666666666667,0,0.433007733007733,0.5888888888888889,7.077777777777778,4.543698559670783,1.7777777777777777,0.8888888888888888,0.8214285714285714,50.44444444444444,1.6666666666666667,0.433007733007733,0.03670753598763099,2014,0.48796343911875056,0.277999317282591,NWE vs. IND,IND,1620.3897207864316,5.0,NWE,1708.0877375572152,2.0,0,-22,-3.0,0,-160.0,144.0,0,0
JAX,10.0,1.0,0.1,11.9,119,11.1,111,-30.02,0.05059316770186326,-2.9200000000000017,0.21429857287742687,1.3246581196581197,2.6181349206349207,-1.293476800976801,2.616501294996976,15.8,158,28.0,28.2,282,47.0,AFC South,-3,-12.4,-124,0.4116402116402116,0.6069,4.7,4.050593167701863,1.1,0.7,0.75,33.1,2.2,-11,0.3531364468864469,0.6412,7.752,4.214298572877427,1.8,0.8,0.95,55.6,1.1,0.3531364468864469,-1.6165012949969761,2014-11-23,2014,0.19725879305889468,0.3126346298514794,IND,10.0,6.0,0.6,11.7,117,11.5,115,-0.990000000000002,-0.06782745821536965,-13.23,0.6484196127946127,2.6712853812853816,2.3124891774891774,0.3587962037962038,6.110284370672215,31.0,310,56.0,25.3,253,39.0,AFC South,-1,5.7,57,0.5623456790123457,0.6296999999999999,7.958,3.93217254178463,2.8,0.6,1.0,54.0,1.6,1,0.42816849816849817,0.5932999999999999,7.06,4.648419612794613,1.8,1.2,0.8214285714285714,50.7,1.7,0.42816849816849817,-0.11028437067221475,2014,0.47335391046355213,0.30147731264676836,JAX vs. IND,IND,1414.0064999802885,26.0,JAX,1400.0,26.0,1,20,-13.0,1,-700.0,569.0,1,0
WAS,11.0,3.0,0.2727272727272727,11.090909090909092,122,10.909090909090908,120,-14.41818181818182,0.22523374365147983,2.1454545454545455,-0.35252715114539757,1.7621741894469167,2.268633891361164,-0.5064597019142473,4.06200148375864,19.727272727272727,217,41.0,24.818181818181817,273,44.0,NFC East,-3,-5.090909090909091,-56,0.5026587301587302,0.6692727272727272,6.519090909090909,4.22523374365148,1.1818181818181819,1.0,0.8518518518518517,68.18181818181819,1.9090909090909092,-9,0.31011639875276237,0.6483636363636364,8.082727272727272,3.647472848854602,1.9090909090909092,0.6363636363636364,1.0,69.27272727272727,1.0909090909090908,0.31011639875276237,-1.0620014837586398,2014-11-30,2014,0.30361992486281353,0.29793328387471196,IND,11.0,7.0,0.6363636363636364,11.636363636363637,128,11.454545454545455,126,-1.3454545454545477,0.029247765258754874,-16.527272727272727,0.5420415452283041,2.6185239003420824,2.127056277056277,0.4914676232858051,7.102340745297828,30.272727272727273,333,61.0,23.272727272727273,256,40.0,AFC South,1,7.0,77,0.5161111111111111,0.632090909090909,7.899090909090909,4.029247765258755,2.6363636363636362,0.6363636363636364,1.0,54.0,1.7272727272727273,0,0.43737243149007854,0.5899090909090909,6.65090909090909,4.5420415452283045,1.6363636363636365,1.0909090909090908,0.84375,50.0,1.7272727272727273,0.43737243149007854,-0.10234074529782777,2014,0.4721287035062731,0.28564673173743643,WAS vs. IND,IND,1597.4266874521409,7.0,WAS,1339.178253823325,24.0,1,22,-7.5,1,-390.0,338.0,0,0
IND,15.0,10.0,0.6666666666666666,11.866666666666667,178,11.8,177,-5.120000000000003,-0.06664687690548447,-15.62,0.27151136080969945,2.43775086025086,2.133980463980464,0.30377039627039626,9.223389293027234,28.733333333333334,431,76.0,23.933333333333334,359,54.0,AFC South,-1,4.8,72,0.5192799264227835,0.6214,7.654,3.9333531230945153,2.6,0.6,1.0,55.2,2.066666666666667,-6,0.41999191984486106,0.6004666666666666,6.938,4.2715113608097,1.7333333333333334,0.9333333333333333,0.7708333333333334,56.4,1.6666666666666667,0.41999191984486106,0.7766107069727664,2014-12-28,2014,0.4490720650673896,0.3005412347180902,TEN,15.0,2.0,0.13333333333333333,10.8,162,11.066666666666666,166,-19.706666666666663,-0.06252331002331,-11.56,0.39561218286109673,1.523241943241943,2.483722943722944,-0.9604810004810005,4.207265730671699,16.266666666666666,244,43.0,27.4,411,73.0,AFC South,-9,-11.133333333333333,-167,0.36562207633636207,0.5944,6.308000000000001,3.93747668997669,1.2666666666666666,0.4,0.8333333333333334,62.733333333333334,1.6666666666666667,-9,0.293511581011581,0.6323333333333333,6.698666666666667,4.395612182861097,1.6666666666666667,1.1333333333333333,0.7948717948717949,47.4,1.0666666666666667,0.293511581011581,-2.2072657306716987,2014,0.22637348707041852,0.3457307637192634,IND vs. TEN,TEN,1451.8357936304756,17.0,IND,1461.991893872262,17.0,0,-17,7.5,0,281.0,-320.0,1,0
IND,2.0,13.0,6.5,11.833333333333334,213,11.722222222222221,211,-4.144444444444447,-0.15392530747414715,-18.744444444444444,0.4237462398281887,2.399368918118918,1.9407749657749658,0.45859395234395234,11.853009277674536,28.22222222222222,508,91.0,21.77777777777778,392,61.0,AFC South,3,6.444444444444445,116,0.5163677825442532,0.6283888888888889,7.739999999999999,3.8460746925258524,2.5,0.6111111111111112,0.9479166666666666,54.5,1.8888888888888888,-6,0.4125314228255405,0.5836111111111111,6.401111111111111,4.423746239828189,1.5555555555555556,0.8333333333333334,0.8166666666666667,51.05555555555556,1.5555555555555556,0.4125314228255405,1.146990722325464,2015-01-18,2014,0.6722444970225757,0.3103470001465718,NWE,1.0,13.0,13.0,10.647058823529411,181,10.764705882352942,183,-3.1176470588235268,-0.2528846534764164,-14.752941176470587,-0.20256701455306111,2.8181016695722576,1.918878833584716,0.8992228359875418,11.184946086558371,29.58823529411765,503,87.0,20.235294117647058,344,64.0,AFC East,1,9.352941176470589,159,1.2145250582750582,0.6472941176470588,7.382352941176471,3.7471153465235836,2.235294117647059,0.8235294117647058,0.9107142857142857,67.05882352941177,0.8235294117647058,13,0.4545891584386394,0.6058235294117646,6.419411764705882,3.7974329854469384,1.6470588235294117,0.35294117647058826,0.7333333333333334,48.05882352941177,1.588235294117647,0.4545891584386394,1.8150539134416288,2014,1.3530922125382414,0.6347729533347772,IND vs. NWE,NWE,1732.8067632592592,1.0,IND,1727.3927801835011,5.0,1,38,-7.0,1,-320.0,281.0,0,1
JAX,1.0,0.0,0.0,15.0,15,14.0,14,-12.5,-1.3333333333333335,-16.900000000000006,0.53125,1.1333333333333333,2.4285714285714284,-1.295238095238095,0.16209001924460364,17.0,17,3.0,34.0,34,5.0,AFC South,-1,-17.0,-17,0.5,0.5579999999999999,6.56,2.6666666666666665,2.0,0.0,0.3333333333333333,55.0,1.0,2,0.14285714285714285,0.6,6.0,4.53125,2.0,1.0,1.0,50.0,3.0,0.14285714285714285,-0.16209001924460364,2014-09-14,2014,0.16758199615107927,-0.05788929258735848,WAS,1.0,0.0,0.0,10.0,10,9.0,9,-6.200000000000003,1.695652173913044,9.299999999999997,-0.6176470588235294,0.6,1.8888888888888888,-1.2888888888888888,0.0781144745742911,6.0,6,1.0,17.0,17,2.0,NFC East,-1,-11.0,-11,0.5,0.784,6.51,5.695652173913044,0.0,1.0,,71.0,2.0,-1,0.25,0.636,10.27,3.3823529411764706,1.0,0.0,1.0,45.0,1.0,0.25,-0.0781144745742911,2014,0.0921885525425709,-0.01735877212762027,JAX vs. WAS,WAS,1450.0,17.0,JAX,1450.0,17.0,1,31,-5.0,1,-220.0,197.0,0,0
JAX,3.0,0.0,0.0,12.666666666666666,38,12.0,36,-25.399999999999995,-0.5277777777777778,7.833333333333333,0.6814620963327865,1.1707070707070708,3.415079365079365,-2.2443722943722944,0.2912019241232035,14.666666666666666,44,8.0,39.666666666666664,119,19.0,AFC South,-3,-25.0,-75,0.0,0.5463333333333332,5.386666666666667,3.472222222222222,1.6666666666666667,0.0,0.7777777777777777,38.0,1.6666666666666667,-2,0.2578754578754579,0.6779999999999999,8.363333333333333,4.681462096332787,2.6666666666666665,1.3333333333333333,1.0,64.66666666666667,1.0,0.2578754578754579,-0.2912019241232035,2014-09-28,2014,0.19009109304398572,0.300621883719066,LAC,3.0,2.0,0.6666666666666666,10.0,30,9.666666666666666,29,9.866666666666669,-1.5993493493493494,0.8000000000000019,1.4848484848484853,2.3595959595959597,1.6936026936026938,0.665993265993266,2.0320710318785564,23.0,69,13.0,16.333333333333332,49,9.0,AFC West,2,6.666666666666667,20,1.0,0.6866666666666666,8.866666666666667,2.400650650650651,2.0,0.3333333333333333,1.0,48.0,0.3333333333333333,2,0.45761689291101054,0.6346666666666666,7.82,5.484848484848485,1.6666666666666667,0.3333333333333333,1.0,62.0,1.0,0.45761689291101054,-0.03207103187855642,2014,0.4287008509508752,0.2035788587711838,JAX vs. LAC,LAC,1576.135291917265,4.0,JAX,1352.0146061080266,30.0,1,19,-13.0,1,-550.0,461.0,0,0
PIT,4.0,2.0,0.5,10.25,41,10.0,40,-1.2750000000000004,1.198041093832169,-3.7749999999999986,0.5095477268439916,2.3713675213675214,2.525,-0.15363247863247886,1.8519340660859136,24.25,97,18.0,24.75,99,20.0,AFC North,-1,-0.5,-2,0.3333333333333333,0.6865,7.71,5.198041093832169,1.5,0.75,0.875,96.75,1.25,-2,0.38365800865800864,0.62975,7.3475,4.509547726843992,1.75,0.75,1.0,61.25,0.75,0.38365800865800864,0.1480659339140864,2014-10-05,2014,0.45527552933203386,0.3935082417392608,JAX,4.0,0.0,0.0,11.75,47,11.5,46,-24.15,-0.5458333333333334,13.049999999999997,0.03609657224958995,1.266919191919192,3.3863095238095235,-2.1193903318903318,0.4070696896459211,14.5,58,10.0,38.0,152,26.0,AFC South,-4,-23.5,-94,0.2222222222222222,0.60575,5.154999999999999,3.4541666666666666,1.5,0.25,0.7777777777777777,36.5,2.0,-5,0.35412087912087914,0.6945,8.9975,4.03609657224959,2.75,1.0,1.0,62.75,0.75,0.35412087912087914,-0.4070696896459211,2014,0.1911133143805361,0.36639232646307635,PIT vs. JAX,JAX,1330.431734780316,25.0,PIT,1477.163081699822,7.0,0,-8,6.0,0,205.0,-230.0,0,0
JAX,5.0,0.0,0.0,11.4,57,10.8,54,-29.02,-0.4900000000000001,10.779999999999998,0.021734400656814666,1.1935353535353534,3.1340476190476187,-1.9405122655122653,0.5884099506163757,13.4,67,13.0,33.8,169,28.0,AFC South,-5,-20.4,-102,0.29166666666666663,0.6068,4.662,3.5099999999999993,1.2,0.2,0.8333333333333333,36.0,2.0,-6,0.3332967032967033,0.7,8.76,4.021734400656815,2.4,0.8,1.0,60.2,0.8,0.3332967032967033,-0.5884099506163757,2014-10-12,2014,0.20123042330521793,0.35379452363978325,TEN,5.0,1.0,0.2,10.8,54,11.4,57,-23.32,1.2342890881048778,-13.0,0.04985110457432658,1.6166666666666665,2.45,-0.8333333333333334,1.6143658821888556,17.6,88,16.0,27.8,139,25.0,AFC South,-4,-10.2,-51,0.41666666666666663,0.5704,5.944,5.234289088104878,1.4,0.6,0.75,75.0,1.4,0,0.2973412698412698,0.6254,6.446,4.049851104574326,2.0,1.0,0.9,52.4,1.4,0.2973412698412698,-0.6143658821888556,2014,0.25988942920362335,0.29698544893080214,JAX vs. TEN,TEN,1360.2623995666268,26.0,JAX,1300.3761744954318,30.0,1,2,-4.0,0,-208.0,186.0,1,0
MIA,6.0,3.0,0.5,11.5,69,11.5,69,-11.466666666666669,0.8987723756030391,-10.533333333333333,-0.27738357476521025,2.218240093240093,2.0384578384578385,0.1797822547822547,3.136886985075663,24.5,147,26.0,23.0,138,24.0,AFC East,1,1.5,9,0.42000000000000004,0.642,6.3183333333333325,4.898772375603039,1.6666666666666667,0.8333333333333334,0.861111111111111,42.5,1.8333333333333333,0,0.38930167055167053,0.6196666666666667,6.256666666666667,3.72261642523479,1.8333333333333333,0.6666666666666666,0.9444444444444445,50.333333333333336,1.8333333333333333,0.38930167055167053,-0.13688698507566288,2014-10-26,2014,0.36821482702423375,0.2819195950680775,JAX,7.0,1.0,0.14285714285714285,11.857142857142858,83,11.142857142857142,78,-31.542857142857144,-0.22843833185448098,-2.3142857142857145,-0.3820944757213229,1.262914862914863,2.5497165532879817,-1.286801690373119,1.9738749977277503,15.0,105,19.0,27.285714285714285,191,34.0,AFC South,1,-12.285714285714286,-86,0.3277777777777778,0.6111428571428571,4.34,3.771561668145519,1.1428571428571428,0.5714285714285714,0.7222222222222222,34.285714285714285,2.142857142857143,-8,0.35890240711669286,0.6424285714285715,7.909999999999999,3.617905524278677,1.7142857142857142,0.7142857142857143,1.0,57.0,1.0,0.35890240711669286,-0.9738749977277503,2014,0.197067771158645,0.3129821429986383,MIA vs. JAX,JAX,1342.8966732454965,28.0,MIA,1499.4087876135611,13.0,0,-14,7.0,0,281.0,-320.0,0,0
NYG,11.0,3.0,0.2727272727272727,11.545454545454545,127,10.909090909090908,120,-10.718181818181817,-0.47360805239886294,-11.381818181818183,0.70759867583397,1.844591771864499,2.509295250204341,-0.664703478339842,4.092405082929564,21.181818181818183,233,39.0,26.727272727272727,294,53.0,NFC East,-6,-5.545454545454546,-61,0.6972222222222222,0.6316363636363637,6.512727272727273,3.526391947601137,1.9090909090909092,0.7272727272727273,1.0,42.81818181818182,2.0,-4,0.42877955377955373,0.6064545454545455,7.469090909090909,4.70759867583397,1.7272727272727273,1.1818181818181819,0.9666666666666666,55.81818181818182,1.6363636363636365,0.42877955377955373,-1.092405082929564,2014-11-30,2014,0.27658997978936795,0.35765343227631297,JAX,11.0,1.0,0.09090909090909091,11.818181818181818,130,11.090909090909092,122,-31.79090909090909,-0.0014370412196500078,-3.100000000000002,0.28572597534311533,1.2290280426644065,2.570205299750754,-1.3411772570863478,2.6244449203713636,14.636363636363637,161,29.0,27.727272727272727,305,52.0,AFC South,-4,-13.090909090909092,-144,0.43047619047619046,0.6022727272727273,4.505454545454546,3.99856295878035,1.0,0.6363636363636364,0.7777777777777778,34.0,2.1818181818181817,-10,0.34376040626040627,0.6425454545454545,7.711818181818182,4.285725975343116,1.7272727272727273,0.8181818181818182,0.9545454545454546,55.45454545454545,1.2727272727272727,0.34376040626040627,-1.6244449203713636,2014,0.19013363448197934,0.3245371565876968,NYG vs. JAX,JAX,1262.3081092370296,29.0,NYG,1364.9056097076889,24.0,1,1,3.0,1,137.0,-152.0,0,0
TEN,14.0,2.0,0.14285714285714285,10.928571428571429,153,11.142857142857142,156,-21.107142857142858,-0.023621913800485204,-10.585714285714285,0.20387019592260364,1.5288703360131932,2.5111317254174397,-0.9822613894042467,3.9643184085437855,16.5,231,40.0,27.857142857142858,390,70.0,AFC South,-8,-11.357142857142858,-159,0.3827578404501481,0.5878571428571429,6.182857142857143,3.9763780861995146,1.2857142857142858,0.42857142857142855,0.8181818181818182,63.857142857142854,1.7857142857142858,-9,0.2811433606076463,0.6404285714285713,6.8307142857142855,4.203870195922604,1.7142857142857142,1.0714285714285714,0.7948717948717949,49.0,1.1428571428571428,0.2811433606076463,-1.9643184085437855,2014-12-18,2014,0.2247559587573523,0.3537077433159044,JAX,14.0,2.0,0.14285714285714285,11.714285714285714,164,11.071428571428571,155,-32.32857142857143,0.019763047511494682,-3.5142857142857156,0.14031621986589968,1.2983179518893806,2.4870294388151533,-1.1887114869257727,3.5285039328255197,15.071428571428571,211,39.0,26.857142857142858,376,64.0,AFC South,-2,-11.785714285714286,-165,0.43791336868259945,0.5931428571428572,4.385,4.0197630475114945,0.9285714285714286,0.5,0.8166666666666668,37.357142857142854,1.8571428571428572,-8,0.33160539856968424,0.6517857142857143,7.63,4.1403162198659,1.5,1.0,0.8928571428571429,56.0,1.2857142857142858,0.33160539856968424,-1.5285039328255197,2014,0.21184161438144805,0.33832983792588334,TEN vs. JAX,JAX,1300.3761744954318,30.0,TEN,1360.2623995666268,26.0,1,8,-4.0,1,-196.0,176.0,1,0
KAN,2.0,0.0,0.0,9.5,19,9.5,19,-39.75,0.11574952561669849,25.799999999999997,0.44736842105263186,1.630952380952381,2.7976190476190474,-1.1666666666666665,0.40044380149401637,13.5,27,5.0,25.0,50,10.0,AFC West,-2,-11.5,-23,1.0,0.581,3.84,4.115749525616699,0.5,1.0,0.5,43.5,1.5,-3,0.3854166666666667,0.7375,10.0,4.447368421052632,2.5,0.0,1.0,90.5,0.0,0.3854166666666667,-0.40044380149401637,2014-09-21,2014,0.21046792085605046,0.15777794697525885,MIA,2.0,1.0,0.5,12.5,25,12.5,25,-25.1,0.41791979949874647,-16.700000000000003,-0.06287878787878776,1.7596153846153846,2.0324675324675323,-0.27285214785214784,0.8404113553578965,21.5,43,9.0,24.5,49,10.0,AFC East,-1,-3.0,-6,1.0,0.598,4.455,4.417919799498747,1.5,0.5,1.0,23.0,2.5,-3,0.4254807692307692,0.5665,6.465,3.9371212121212125,1.0,0.5,0.9166666666666667,70.0,1.0,0.4254807692307692,0.15958864464210354,2014,0.38872595603557863,0.23191772892842072,KAN vs. MIA,MIA,1500.0,8.0,KAN,1414.0064999802885,26.0,0,-19,-6.0,0,-242.0,216.0,0,0
NWE,3.0,2.0,0.6666666666666666,11.666666666666666,35,11.0,33,-13.433333333333332,-0.3736486486486485,-41.333333333333336,-0.3620414673046253,1.9186147186147187,1.4444444444444444,0.4741702741702741,1.9993735389230052,22.0,66,13.0,16.333333333333332,49,11.0,AFC East,2,5.666666666666667,17,0.5,0.6113333333333334,6.203333333333333,3.6263513513513517,1.0,0.6666666666666666,1.0,107.33333333333333,0.6666666666666666,6,0.3837535014005602,0.5696666666666667,3.0,3.6379585326953747,1.0,0.3333333333333333,0.6666666666666666,44.333333333333336,2.6666666666666665,0.3837535014005602,0.000626461076994822,2014-09-29,2014,0.37150613327619936,0.222291829008555,KAN,3.0,1.0,0.3333333333333333,10.333333333333334,31,10.666666666666666,32,-15.5,0.15846716341926279,6.8666666666666645,1.3149122807017546,2.0317460317460316,2.2496947496947493,-0.21794871794871776,1.274729515636182,20.333333333333332,61,10.0,21.666666666666668,65,13.0,AFC West,1,-1.3333333333333333,-4,0.75,0.6406666666666666,5.599999999999999,4.158467163419263,1.3333333333333333,1.3333333333333333,0.5,36.666666666666664,1.6666666666666667,-5,0.4444444444444445,0.6543333333333333,8.303333333333333,5.314912280701755,2.0,0.0,0.8888888888888888,82.0,0.0,0.4444444444444445,-0.274729515636182,2014,0.29303983702836756,0.23363037809093368,NWE vs. KAN,KAN,1476.135291917265,17.0,NWE,1550.0,4.0,1,27,3.0,1,125.0,-138.0,0,0
KAN,4.0,2.0,0.5,10.25,41,10.75,43,-1.0,0.48069247782760505,0.625,1.1580592105263159,2.5488095238095236,2.0054528804528804,0.5433566433566435,2.2020742780038627,25.5,102,16.0,19.75,79,15.0,AFC West,2,5.75,23,0.7222222222222222,0.67275,7.045,4.4806924778276045,1.75,1.25,0.6666666666666666,36.25,1.25,-2,0.4791666666666667,0.6575,7.6025,5.158059210526316,2.0,0.0,0.8888888888888888,69.0,0.75,0.4791666666666667,-0.20207427800386268,2014-10-05,2014,0.3705293387313305,0.24400515017408175,SFO,4.0,2.0,0.5,9.5,38,9.5,38,-8.75,0.42318265470439387,-20.6,-0.7069835180448992,2.375,2.4311507936507937,-0.05615079365079356,1.9355706166507898,22.0,88,15.0,22.25,89,12.0,NFC West,1,-0.25,-1,0.6666666666666666,0.66625,6.645,4.423182654704394,1.5,0.75,0.5,95.75,1.25,4,0.5107118758434548,0.5862499999999999,5.5325,3.293016481955101,1.75,0.25,1.0,59.0,2.25,0.5107118758434548,0.06442938334921022,2014,0.4010950049357774,0.2419286355275692,KAN vs. SFO,SFO,1523.1224823318244,7.0,KAN,1536.6079677323823,7.0,1,5,-4.0,1,-202.0,181.0,0,0
KAN,5.0,2.0,0.4,9.8,49,10.2,51,-7.659999999999999,0.6545539822620839,-2.2400000000000007,0.9814473684210527,2.464047619047619,2.154362304362304,0.3096853146853148,2.553892856236602,23.8,119,19.0,20.2,101,21.0,AFC West,-1,3.6,18,0.6666666666666666,0.6447999999999999,6.522,4.654553982262084,1.6,1.2,0.75,34.8,1.2,-3,0.4924242424242424,0.6298,7.608,4.981447368421053,1.8,0.0,0.9166666666666666,57.2,0.6,0.4924242424242424,-0.5538928562366019,2014-10-19,2014,0.34480014584287577,0.2837970588981622,LAC,6.0,5.0,0.8333333333333334,10.0,60,9.833333333333334,59,16.933333333333334,-1.1888160888160888,-12.816666666666665,0.9813131313131315,2.773569023569024,1.572727272727273,1.2008417508417508,4.475926796728879,27.333333333333332,164,30.0,15.166666666666666,91,15.0,AFC West,5,12.166666666666666,73,0.45,0.6911666666666667,9.736666666666666,2.8111839111839108,2.5,0.5,1.0,56.166666666666664,0.3333333333333333,7,0.5289076528047116,0.6006666666666667,6.286666666666666,4.981313131313132,1.6666666666666667,0.3333333333333333,0.6666666666666666,65.0,1.5,0.5289076528047116,0.5240732032711213,2014,0.5436727669392601,0.23407089844369158,KAN vs. LAC,LAC,1638.73850002721,1.0,KAN,1484.6682243901805,20.0,0,-3,-3.0,0,-154.0,139.0,1,0
LAR,6.0,2.0,0.3333333333333333,10.0,60,9.666666666666666,58,-7.566666666666667,0.08284487806601759,4.783333333333334,0.7521867380703586,2.322568635068635,3.028246753246753,-0.7056781181781181,2.151943507432435,21.5,129,21.0,29.333333333333332,176,26.0,NFC West,1,-7.833333333333333,-47,0.49000000000000005,0.6815000000000001,6.976666666666667,4.082844878066018,1.5,0.6666666666666666,0.7333333333333333,74.16666666666667,1.6666666666666667,-3,0.4428719428719428,0.6903333333333334,8.333333333333334,4.752186738070359,1.8333333333333333,0.8333333333333334,0.9166666666666666,42.166666666666664,1.1666666666666667,0.4428719428719428,-0.1519435074324349,2014-10-26,2014,0.34113662873310796,0.3622111172607951,KAN,6.0,3.0,0.5,9.666666666666666,58,10.166666666666666,61,-6.0666666666666655,0.5369146433380615,-5.150000000000001,0.8699561403508773,2.4792989417989415,2.1286352536352537,0.3506636881636882,3.1359528926729654,23.666666666666668,142,24.0,20.166666666666668,121,25.0,AFC West,1,3.5,21,0.7,0.6505,6.81,4.536914643338061,1.5,1.1666666666666667,0.8,41.166666666666664,1.0,-2,0.4936868686868687,0.6161666666666666,7.291666666666667,4.869956140350877,1.8333333333333333,0.0,0.9333333333333332,55.833333333333336,0.6666666666666666,0.4936868686868687,-0.1359528926729654,2014,0.4044170418846231,0.3322436548720652,LAR vs. KAN,KAN,1555.4932229921978,13.0,LAR,1457.995801179003,22.0,1,27,-7.5,1,-335.0,293.0,0,0
NYJ,8.0,1.0,0.125,11.625,93,11.25,90,-38.0375,0.5318211386268843,11.212500000000002,-0.7568749248436749,1.5609848484848485,2.5182088744588746,-0.9572240259740261,2.469244878905411,18.0,144,29.0,28.5,228,38.0,AFC East,-7,-10.5,-84,0.5578231292517006,0.54725,3.8625000000000003,4.531821138626884,0.875,1.0,0.9714285714285714,70.0,2.25,-15,0.40382274620374464,0.630125,9.309999999999999,3.243125075156325,2.75,0.375,0.9285714285714286,59.0,0.375,0.40382274620374464,-1.469244878905411,2014-11-02,2014,0.2545590033759988,0.29190096472443666,KAN,7.0,4.0,0.5714285714285714,9.714285714285714,68,10.142857142857142,71,-5.542857142857143,0.4948445860646587,-8.971428571428573,0.8058270676691731,2.6108276643990926,1.9245445031159316,0.6862831612831614,4.112878056939486,25.142857142857142,176,29.0,18.285714285714285,128,26.0,AFC West,2,6.857142857142857,48,0.638888888888889,0.6807142857142857,6.895714285714285,4.494844586064659,1.2857142857142858,1.4285714285714286,0.8333333333333334,42.57142857142857,1.0,-2,0.4945887445887446,0.6138571428571428,6.7700000000000005,4.805827067669172,1.7142857142857142,0.0,0.7777777777777777,57.57142857142857,0.7142857142857143,0.4945887445887446,-0.11287805693948627,2014,0.4195935637578884,0.30797821030095246,NYJ vs. KAN,KAN,1591.8192762491517,13.0,NYJ,1313.968502867865,28.0,1,14,-9.5,1,-440.0,377.0,0,0
SEA,9.0,6.0,0.6666666666666666,10.11111111111111,91,10.222222222222221,92,-11.71111111111111,1.5839470048483963,-7.2666666666666675,-0.9545744714625172,2.6557519640852973,2.1598787015453684,0.4958732625399292,5.581645808242589,26.666666666666668,240,42.0,21.22222222222222,191,33.0,NFC West,3,5.444444444444445,49,0.3816964285714286,0.629,6.638888888888889,5.583947004848396,1.2222222222222223,1.5555555555555556,0.9270833333333333,60.666666666666664,1.0,3,0.4142242107928382,0.6635555555555555,6.777777777777778,3.045425528537483,1.6666666666666667,0.4444444444444444,0.8333333333333334,40.55555555555556,1.3333333333333333,0.4142242107928382,0.41835419175741073,2014-11-16,2014,0.4829925226542262,0.33551411633815764,KAN,9.0,6.0,0.6666666666666666,9.777777777777779,88,10.222222222222221,92,-6.644444444444444,0.6071013447169568,-9.844444444444445,0.8132863724968991,2.521384479717813,1.7468679468679467,0.7745165328498662,5.655113911297097,24.11111111111111,217,36.0,16.77777777777778,151,31.0,AFC West,4,7.333333333333333,66,0.5729166666666666,0.6697777777777777,6.787777777777778,4.607101344716956,1.2222222222222223,1.4444444444444444,0.875,37.44444444444444,0.8888888888888888,0,0.47869722869722875,0.6186666666666666,6.654444444444445,4.8132863724969,1.5555555555555556,0.0,0.8333333333333333,54.111111111111114,0.8888888888888888,0.47869722869722875,0.3448860887029026,2014,0.42476754948649564,0.3124293100842874,SEA vs. KAN,KAN,1651.815784384174,6.0,SEA,1576.747669767352,6.0,1,4,1.0,1,104.0,-115.0,0,0
KAN,10.0,7.0,0.7,9.6,96,10.1,101,-7.2299999999999995,0.7797245435785944,-9.17,0.8833090865985603,2.5692460317460317,1.7944033744033745,0.7748426573426574,6.261489427441757,24.1,241,40.0,17.1,171,35.0,AFC West,5,7.0,70,0.5833333333333334,0.6716,6.784000000000001,4.779724543578594,1.1,1.6,0.8888888888888888,34.3,1.0,-2,0.46416083916083917,0.6193,6.639,4.88330908659856,1.6,0.0,0.8518518518518517,53.7,0.8,0.46416083916083917,0.7385105725582433,2014-11-20,2014,0.4474379405232602,0.33747313865300843,LVR,10.0,0.0,0.0,11.5,115,11.1,111,-25.639999999999997,-0.6343444171927143,0.7899999999999985,-0.23761362334743677,1.3557708957708958,2.4304834054834057,-1.0747125097125099,2.211251538998968,15.2,152,27.0,26.5,265,48.0,AFC West,-10,-11.3,-113,0.6455908289241622,0.5923,4.91,3.3656555828072863,1.4,0.2,0.7857142857142857,52.6,2.0,-12,0.33610275689223057,0.6745,7.7170000000000005,3.762386376652563,1.8,0.9,0.9166666666666666,61.7,0.8,0.33610275689223057,-2.211251538998968,2014,0.18286626821480684,0.29356750101626083,KAN vs. LVR,LVR,1224.0548317101116,28.0,KAN,1691.1776428729702,3.0,1,4,7.5,1,289.0,-330.0,1,0
LVR,13.0,2.0,0.15384615384615385,11.538461538461538,150,11.23076923076923,146,-23.107692307692307,-0.5176984705098155,-2.5846153846153856,0.1252413285230105,1.3953482415020877,2.4055000555000556,-1.010151813997968,3.6280956108791895,15.384615384615385,200,35.0,26.923076923076923,350,62.0,AFC West,1,-11.538461538461538,-150,0.6214405964405965,0.6020769230769231,5.113846153846154,3.4823015294901842,1.3846153846153846,0.3076923076923077,0.8333333333333334,57.15384615384615,2.0,-16,0.34959909636022996,0.6489999999999999,7.429230769230769,4.1252413285230105,1.7692307692307692,1.0,0.9102564102564104,60.46153846153846,0.7692307692307693,0.34959909636022996,-1.6280956108791895,2014-12-14,2014,0.2041111044201171,0.33880825717886737,KAN,13.0,7.0,0.5384615384615384,10.0,130,10.307692307692308,134,-8.415384615384614,0.7647956519232023,-11.23076923076923,0.9098492585334692,2.3148046398046396,1.8648091225014303,0.44999551730320964,7.23838410791888,22.384615384615383,291,49.0,18.53846153846154,241,50.0,AFC West,-3,3.8461538461538463,50,0.5606060606060607,0.6608461538461537,6.590769230769231,4.764795651923202,1.2307692307692308,1.3076923076923077,0.9090909090909091,39.38461538461539,1.1538461538461537,-5,0.40954985185754417,0.5928461538461538,6.641538461538461,4.909849258533469,1.5384615384615385,0.15384615384615385,0.8555555555555555,51.46153846153846,0.7692307692307693,0.40954985185754417,-0.23838410791887998,2014,0.370011348350281,0.3375894343306866,LVR vs. KAN,KAN,1691.1776428729702,3.0,LVR,1224.0548317101116,28.0,1,18,-11.0,1,-500.0,423.0,1,0
KAN,14.0,8.0,0.5714285714285714,10.285714285714286,144,10.714285714285714,150,-6.985714285714286,0.6704848513890054,-13.057142857142859,0.8868768325037676,2.307624716553288,1.7896441851798994,0.5179805313733886,8.125300140640233,23.0,322,53.0,18.142857142857142,254,53.0,AFC West,1,4.857142857142857,68,0.5293168370091447,0.6551428571428571,6.892142857142857,4.670484851389006,1.2857142857142858,1.2857142857142858,0.8611111111111112,42.57142857142857,1.1428571428571428,-5,0.39677980749409325,0.5849285714285715,6.45,4.886876832503767,1.5,0.14285714285714285,0.8666666666666666,53.142857142857146,0.7857142857142857,0.39677980749409325,-0.12530014064023298,2014-12-21,2014,0.3647614546359463,0.3249329012124132,PIT,14.0,9.0,0.6428571428571429,10.428571428571429,146,10.428571428571429,146,1.9500000000000004,0.18247080266377194,0.7071428571428575,0.42914217186591663,2.7077622774051346,2.344280719280719,0.36348155812441524,7.715291975885182,27.785714285714285,389,64.0,24.214285714285715,339,62.0,AFC North,2,3.5714285714285716,50,0.3913490355798048,0.6774285714285714,8.253571428571428,4.182470802663771,2.142857142857143,0.6428571428571429,0.9097222222222222,56.0,1.2857142857142858,-1,0.4549052138337853,0.6288571428571429,8.487857142857143,4.429142171865917,2.0,0.6428571428571429,0.9722222222222222,53.642857142857146,1.2142857142857142,0.4549052138337853,1.2847080241148179,2014,0.47858185594097274,0.43329349192520483,KAN vs. PIT,PIT,1587.4049382932972,9.0,KAN,1540.2650988889905,13.0,1,8,-2.5,1,-134.0,121.0,0,0
LAC,15.0,9.0,0.6,10.333333333333334,155,10.266666666666667,154,-5.906666666666666,-0.5998288768644806,-8.306666666666665,0.6163986379117959,2.2430976430976433,2.181052836052836,0.06204480704480705,7.990466676300286,22.733333333333334,341,58.0,21.933333333333334,329,59.0,AFC West,1,0.8,12,0.5078825935968794,0.6640666666666667,6.971333333333333,3.4001711231355194,2.066666666666667,0.3333333333333333,0.9166666666666666,60.0,1.3333333333333333,-2,0.4555723851312087,0.6115333333333334,7.02,4.6163986379117965,1.6,0.7333333333333333,0.6875,68.06666666666666,1.2,0.4555723851312087,1.0095333236997144,2014-12-28,2014,0.3993776054944445,0.38336037493432173,KAN,15.0,8.0,0.5333333333333333,10.066666666666666,151,10.4,156,-7.446666666666667,0.5448334803440241,-11.446666666666665,0.7354440180291575,2.268068783068783,1.892556795056795,0.37551198801198804,8.354885011710794,22.266666666666666,334,57.0,18.266666666666666,274,57.0,AFC West,-1,4.0,60,0.5374268588554303,0.6578666666666667,6.85,4.544833480344024,1.2,1.2,0.8717948717948718,42.333333333333336,1.1333333333333333,-6,0.3988992488992489,0.5939333333333334,6.644,4.735444018029157,1.4666666666666666,0.2,0.8761904761904761,52.266666666666666,0.7333333333333333,0.3988992488992489,-0.35488501171079356,2014,0.36855256261919855,0.3323810061249935,LAC vs. KAN,KAN,1484.6682243901805,20.0,LAC,1638.73850002721,1.0,1,12,-3.0,1,-152.0,137.0,1,0
SEA,1.0,1.0,1.0,9.0,9,9.0,9,10.900000000000006,1.5945945945945947,-20.299999999999997,-0.19047619047619113,4.0,1.7777777777777777,2.2222222222222223,0.8723506722063278,36.0,36,6.0,16.0,16,3.0,NFC West,1,20.0,20,0.5,0.679,8.25,5.594594594594595,2.0,2.0,1.0,69.0,1.0,0,0.36363636363636365,0.6970000000000001,4.55,3.809523809523809,1.0,1.0,1.0,65.0,1.0,0.36363636363636365,0.12764932779367222,2014-09-14,2014,0.7517662185291147,0.04254977593122407,LAC,1.0,0.0,0.0,11.0,11,11.0,11,-24.099999999999994,-1.8333333333333335,7.299999999999997,0.1923076923076925,1.5454545454545454,1.6363636363636365,-0.09090909090909105,0.46618533474572005,17.0,17,3.0,18.0,18,4.0,AFC West,-1,-1.0,-1,0.5,0.583,5.92,2.1666666666666665,1.0,1.0,1.0,47.0,1.0,1,0.4,0.649,9.03,4.1923076923076925,2.0,0.0,1.0,23.0,2.0,0.4,-0.46618533474572005,2014,0.14558581779662177,-0.16952193990753459,SEA vs. LAC,LAC,1450.0,17.0,SEA,1550.0,1.0,1,9,4.5,1,201.0,-225.0,0,0
NYJ,4.0,1.0,0.25,11.25,45,10.75,43,-27.0,0.8704428410310765,1.0,-1.1451418951418952,1.759469696969697,2.243181818181818,-0.4837121212121213,1.6356707395622128,19.75,79,16.0,24.0,96,16.0,AFC East,-3,-4.25,-17,0.38888888888888884,0.60325,5.2175,4.8704428410310765,1.0,1.0,1.0,74.25,2.0,-6,0.43848039215686274,0.6327499999999999,7.41,2.8548581048581045,2.25,0.25,0.8333333333333334,45.5,0.5,0.43848039215686274,-0.6356707395622128,2014-10-05,2014,0.2990514898166922,0.21993760562211975,LAC,4.0,3.0,0.75,10.0,40,9.5,38,14.575,-1.6745120120120118,-4.5,0.963636363636364,2.5946969696969697,1.6590909090909092,0.9356060606060606,2.916203266355839,25.5,102,20.0,15.75,63,11.0,AFC West,3,9.75,39,0.6666666666666666,0.7010000000000001,9.375,2.325487987987988,2.25,0.25,1.0,50.25,0.25,5,0.4838376696832579,0.672,6.98,4.963636363636364,1.5,0.5,1.0,54.5,1.5,0.4838376696832579,0.08379673364416096,2014,0.5104745917055201,0.2231695004610906,NYJ vs. LAC,LAC,1597.7181632449756,1.0,NYJ,1405.5980274733718,20.0,1,31,-7.0,1,-290.0,256.0,0,0
LAC,5.0,4.0,0.8,10.2,51,9.8,49,16.4,-1.3296096096096097,-16.919999999999998,0.8375757575757579,2.6393939393939396,1.3272727272727274,1.312121212121212,3.9159112911563216,26.6,133,25.0,12.6,63,11.0,AFC West,4,14.0,70,0.5625,0.7036,9.586,2.6703903903903905,2.4,0.4,1.0,55.4,0.4,6,0.5204034690799396,0.615,5.68,4.837575757575758,1.2,0.4,1.0,62.4,1.6,0.5204034690799396,0.08408870884367836,2014-10-12,2014,0.4984400694944782,0.18336724815216515,LVR,4.0,0.0,0.0,10.5,42,10.25,41,-27.1,-0.6005644682115266,4.8749999999999964,0.29574123127511887,1.2263014763014763,2.528787878787879,-1.3024864024864025,0.7570718953422696,12.75,51,9.0,25.75,103,19.0,AFC West,-4,-13.0,-52,0.611111111111111,0.6305000000000001,4.41,3.3994355317884732,1.25,0.25,1.0,43.25,2.25,-4,0.3213522588522588,0.73025,7.6075,4.295741231275119,1.5,1.0,0.9375,71.0,1.25,0.3213522588522588,-0.7570718953422696,2014,0.17372829132094983,0.2598514267591273,LAC vs. LVR,LVR,1336.543057610655,25.0,LAC,1622.5811624521573,1.0,0,-3,7.0,1,297.0,-340.0,1,0
LAC,8.0,5.0,0.625,9.875,79,9.75,78,9.237499999999999,-0.8442162332787333,-6.349999999999998,0.808741258741259,2.6218434343434343,1.9364898989898989,0.6853535353535354,5.123451631363076,25.625,205,37.0,18.625,149,25.0,AFC West,-2,7.0,56,0.4976190476190476,0.678375,8.67125,3.1557837667212665,2.5,0.375,1.0,57.875,0.625,4,0.4841807396035337,0.624625,6.9825,4.808741258741259,1.75,0.625,0.6,66.75,1.125,0.4841807396035337,-0.1234516313630758,2014-11-02,2014,0.46112704056893383,0.27550273912808193,MIA,7.0,4.0,0.5714285714285714,11.142857142857142,78,11.428571428571429,80,-14.000000000000002,1.0799001314692716,-15.299999999999999,0.028909316867914963,2.32992007992008,1.9160807446521733,0.4138393352679066,3.9865810267997843,24.857142857142858,174,29.0,21.571428571428573,151,27.0,AFC East,2,3.2857142857142856,23,0.3738095238095238,0.6291428571428571,6.17,5.079900131469271,1.5714285714285714,0.7142857142857143,0.8809523809523808,43.857142857142854,1.7142857142857142,2,0.3932109557109557,0.6067142857142857,5.912857142857143,4.028909316867915,1.7142857142857142,0.5714285714285714,0.875,48.42857142857143,2.0,0.3932109557109557,0.013418973200215678,2014,0.3725076011406708,0.28993270049358183,LAC vs. MIA,MIA,1528.2941923302817,13.0,LAC,1530.679867782664,7.0,1,37,-3.0,1,-144.0,130.0,0,0
LVR,9.0,0.0,0.0,11.444444444444445,103,10.88888888888889,98,-24.177777777777777,-0.6755873641322556,2.2222222222222197,-0.23623735927492973,1.4508565508565507,2.589426006092673,-1.138569455236122,2.0733060652803332,16.22222222222222,146,25.0,28.0,252,45.0,AFC West,-9,-11.777777777777779,-106,0.6568452380952381,0.6057777777777777,4.926666666666667,3.3244126358677444,1.5555555555555556,0.2222222222222222,0.75,53.888888888888886,2.111111111111111,-11,0.3512252854358117,0.6775555555555556,7.921111111111112,3.76376264072507,1.8888888888888888,1.0,0.9444444444444444,64.11111111111111,0.8888888888888888,0.3512252854358117,-2.0733060652803332,2014-11-16,2014,0.18680404354691657,0.30238234360814625,LAC,9.0,5.0,0.5555555555555556,9.88888888888889,89,9.88888888888889,89,-0.1555555555555562,-0.9024612132068273,-3.8333333333333317,0.6934842934842936,2.3305274971941636,2.0950617283950614,0.2354657687991022,5.123451631363076,22.77777777777778,205,37.0,20.666666666666668,186,32.0,AFC West,-3,2.111111111111111,19,0.5068452380952381,0.6585555555555556,7.677777777777777,3.0975387867931725,2.2222222222222223,0.3333333333333333,1.0,57.77777777777778,1.0,0,0.46068590995061576,0.6293333333333334,7.257777777777779,4.6934842934842935,1.8888888888888888,0.6666666666666666,0.625,62.111111111111114,1.0,0.46068590995061576,-0.1234516313630758,2014,0.410027827265376,0.31466859899673105,LVR vs. LAC,LAC,1622.5811624521573,1.0,LVR,1336.543057610655,25.0,1,7,-10.5,0,-500.0,423.0,1,0
LAR,10.0,4.0,0.4,10.6,106,10.2,102,-17.580000000000002,-0.05599925781394251,-2.0900000000000007,0.06377957530974751,1.8727486402486402,2.5857359307359307,-0.7129872904872905,3.8954244608220874,18.5,185,33.0,25.8,258,37.0,NFC West,1,-7.3,-73,0.5749118165784832,0.6488,5.809,3.944000742186058,1.3,0.5,0.7083333333333333,70.1,1.6,-3,0.37162334397628516,0.6984,7.598000000000001,4.063779575309748,1.4,0.9,0.8333333333333334,44.5,1.3,0.37162334397628516,0.10457553917791262,2014-11-23,2014,0.3145764082951614,0.33026401465645366,LAC,10.0,6.0,0.6,10.2,102,10.1,101,-1.35,-0.8372150918861445,-7.329999999999998,0.5978200746621801,2.1974747474747476,1.9355555555555555,0.261919191919192,5.985506157644441,21.8,218,40.0,19.2,192,34.0,AFC West,1,2.6,26,0.4505291005291005,0.6574,7.498,3.1627849081138555,2.1,0.3,0.9583333333333334,56.0,0.9,1,0.44128398562222093,0.6134999999999999,7.008,4.59782007466218,1.7,0.6,0.6785714285714286,60.0,1.0,0.44128398562222093,0.014493842355559394,2014,0.39272524871982584,0.30345820855454364,LAR vs. LAC,LAC,1500.8017432503405,9.0,LAR,1541.29735032014,18.0,1,3,-4.0,0,-195.0,175.0,0,0
NWE,12.0,9.0,0.75,10.833333333333334,130,10.833333333333334,130,1.416666666666669,-0.03240913673884679,-14.074999999999998,-0.12494101174754439,2.985029553779554,1.9964840714840715,0.9885454822954823,8.19367881121735,31.5,378,65.0,21.083333333333332,253,48.0,AFC East,-1,10.416666666666666,125,0.5890594254230618,0.65825,7.833333333333333,3.967590863261153,2.4166666666666665,0.8333333333333334,0.875,72.16666666666667,0.75,11,0.4445670614788262,0.594,6.6225,3.8750589882524555,1.6666666666666667,0.4166666666666667,0.6849999999999999,49.833333333333336,1.6666666666666667,0.4445670614788262,0.8063211887826505,2014-12-07,2014,0.5335967161992771,0.36327142119331235,LAC,12.0,8.0,0.6666666666666666,10.166666666666666,122,10.0,120,-0.2333333333333331,-0.5832011287603392,-9.324999999999998,0.5285653399962612,2.3505892255892253,2.138531144781145,0.21205808080808086,7.072523455188291,23.25,279,50.0,20.75,249,44.0,AFC West,3,2.5,30,0.46282959464777645,0.6799166666666667,7.584166666666667,3.4167988712396604,2.0833333333333335,0.4166666666666667,0.9666666666666666,61.333333333333336,1.1666666666666667,-1,0.4636962506447801,0.6063333333333333,6.876666666666668,4.528565339996262,1.6666666666666667,0.6666666666666666,0.6944444444444444,65.66666666666667,1.0833333333333333,0.4636962506447801,0.927476544811709,2014,0.4415121770769026,0.36445067220258,NWE vs. LAC,LAC,1606.2289822454218,6.0,NWE,1713.644373771452,1.0,0,-9,4.0,0,186.0,-208.0,0,0
LAC,14.0,8.0,0.5714285714285714,10.214285714285714,143,10.071428571428571,141,-5.0,-0.648626177592896,-7.757142857142855,0.31221282633406705,2.177128427128427,2.144534632034632,0.03259379509379512,7.441894268601632,21.642857142857142,303,53.0,21.0,294,55.0,AFC West,-2,0.6428571428571429,9,0.5084889469504854,0.6678571428571428,7.081428571428572,3.3513738224071044,1.9285714285714286,0.35714285714285715,0.9090909090909091,61.57142857142857,1.2142857142857142,-2,0.45239898406915213,0.6105714285714285,7.187857142857142,4.312212826334067,1.6428571428571428,0.5714285714285714,0.75,66.35714285714286,1.0714285714285714,0.45239898406915213,0.5581057313983679,2014-12-20,2014,0.3854043974845721,0.37775877164483807,SFO,14.0,7.0,0.5,10.214285714285714,143,10.357142857142858,145,-17.907142857142855,0.02026228949017561,-18.37142857142857,-0.09602499952762779,1.772431734931735,2.0551289979861407,-0.2826972630544059,6.130773048294662,17.928571428571427,251,47.0,20.357142857142858,285,48.0,NFC West,-3,-2.4285714285714284,-34,0.4908501754655601,0.5979285714285715,6.168571428571428,4.020262289490176,1.2142857142857142,0.5,0.7435897435897435,54.785714285714285,1.3571428571428572,4,0.39833847230463776,0.5955714285714285,5.993571428571428,3.9039750004723723,1.6428571428571428,0.5,1.0,60.714285714285715,1.6428571428571428,0.39833847230463776,0.8692269517053379,2014,0.3490777556094659,0.32794231215854985,LAC vs. SFO,SFO,1450.8669330506343,16.0,LAC,1539.811957779781,13.0,0,-3,-2.0,0,-128.0,116.0,0,0
LAR,1.0,0.0,0.0,11.0,11,10.0,10,-37.0,-0.7272727272727271,13.700000000000003,1.78125,0.5454545454545454,3.4,-2.8545454545454545,0.01612695932383369,6.0,6,2.0,34.0,34,5.0,NFC West,-1,-28.0,-28,0.5,0.667,4.33,3.272727272727273,0.0,0.0,0.6666666666666666,121.0,2.0,-2,0.2857142857142857,0.68,8.4,5.78125,2.0,1.0,1.0,60.0,0.0,0.2857142857142857,-0.01612695932383369,2014-09-14,2014,0.1788860073956666,-0.008063479661916895,TAM,1.0,0.0,0.0,10.0,10,11.0,11,-31.0,2.0,7.599999999999994,-0.5757575757575757,1.4,1.8181818181818181,-0.4181818181818182,0.3004155953772216,14.0,14,2.0,20.0,20,4.0,NFC South,-1,-6.0,-6,0.5,0.629,3.2,6.0,2.0,0.0,,15.0,3.0,-3,0.5,0.706,7.68,3.4242424242424243,2.0,0.0,0.6666666666666666,55.0,0.0,0.5,-0.3004155953772216,2014,0.13991688092455568,-0.10924203468262604,LAR vs. TAM,TAM,1450.0,17.0,LAR,1450.0,17.0,0,-2,-4.0,0,-205.0,184.0,0,0
LAR,3.0,1.0,0.3333333333333333,9.333333333333334,28,8.666666666666666,26,-14.033333333333331,-0.1968303726924415,3.6666666666666665,1.0853208812260535,2.1216329966329965,3.202116402116402,-1.0804834054834054,1.0271355342424344,18.666666666666668,56,11.0,28.333333333333332,85,13.0,NFC West,-1,-9.666666666666666,-29,0.25,0.7133333333333334,6.330000000000001,3.803169627307559,1.0,0.3333333333333333,0.8888888888888888,101.66666666666667,2.0,-3,0.45188145188145185,0.7416666666666667,7.936666666666667,5.085320881226053,1.3333333333333333,1.3333333333333333,0.8333333333333334,35.0,1.0,0.45188145188145185,-0.027135534242434423,2014-10-05,2014,0.3893036800396812,0.32881074429292756,PHI,4.0,3.0,0.75,12.25,49,12.75,51,-19.049999999999997,-0.6929282407407409,-8.974999999999998,-0.17387218045112773,2.510551948051948,2.1053030303030305,0.4052489177489177,2.326038630646427,30.5,122,17.0,26.0,104,20.0,NFC East,-1,4.5,18,0.27777777777777773,0.57875,6.5025,3.307071759259259,1.5,0.75,0.9166666666666666,70.0,2.25,-4,0.39649276162434055,0.5845,6.85,3.826127819548872,2.5,0.25,0.75,84.0,1.25,0.39649276162434055,0.6739613693535729,2014,0.4053946085663813,0.36019229111309536,LAR vs. PHI,PHI,1550.7422257509106,1.0,LAR,1452.0146061080266,17.0,1,6,-3.5,1,-195.0,175.0,0,0
SFO,5.0,3.0,0.6,9.2,46,9.2,46,-9.74,0.39354612376351517,-23.339999999999996,-0.29558681443591944,2.45,2.3699206349206348,0.08007936507936515,2.5837520384180506,22.0,110,21.0,21.2,106,15.0,NFC West,2,0.8,4,0.625,0.6368,6.8420000000000005,4.393546123763516,1.4,0.6,0.6,78.6,1.0,5,0.48356950067476384,0.5755999999999999,5.311999999999999,3.7044131855640807,1.6,0.4,1.0,53.0,2.0,0.48356950067476384,0.41624796158194943,2014-10-13,2014,0.49452698779661275,0.28801617140751845,LAR,4.0,1.0,0.25,10.25,41,9.25,37,-10.325,0.21107287265458197,-0.6999999999999993,0.9124755094043886,2.1296862859362857,3.1743145743145744,-1.0446282883782883,1.4140858328396537,21.0,84,15.0,29.75,119,17.0,NFC West,-2,-8.75,-35,0.4166666666666667,0.683,6.7925,4.211072872654582,1.5,0.5,0.8888888888888888,96.75,2.25,-3,0.4639110889110889,0.7185,7.317500000000001,4.912475509404389,1.5,1.0,0.875,36.0,1.5,0.4639110889110889,-0.4140858328396537,2014,0.3279799543134463,0.29703068136301275,SFO vs. LAR,LAR,1415.852192480693,25.0,SFO,1575.0622256740262,8.0,0,-14,3.5,0,169.0,-188.0,1,0
SEA,5.0,3.0,0.6,10.4,52,10.6,53,-0.7399999999999991,1.6166435666435668,-0.44000000000000056,-1.0556787039139983,2.6175757575757577,2.1844599844599846,0.4331157731157731,2.920557959399594,26.6,133,23.0,22.6,113,21.0,NFC West,-1,4.0,20,0.5125,0.6646000000000001,7.231999999999999,5.616643566643567,1.6,1.2,0.9166666666666666,60.8,0.8,1,0.37843186225539166,0.6652,7.4079999999999995,2.9443212960860015,2.0,0.4,1.0,44.2,1.0,0.37843186225539166,0.07944204060040594,2014-10-19,2014,0.4493352574377282,0.3232765390664473,LAR,5.0,1.0,0.2,10.6,53,9.8,49,-15.62,0.14385829812366557,4.2200000000000015,0.5233137408568442,1.987082362082362,3.056118326118326,-1.069035964035964,1.6081470620325382,20.2,101,18.0,30.0,150,21.0,NFC West,-3,-9.8,-49,0.4625,0.6464000000000001,6.343999999999999,4.143858298123666,1.4,0.6,0.9166666666666666,85.0,2.0,-3,0.44255744255744256,0.7006,8.156,4.523313740856844,1.8,0.8,0.9,33.4,1.4,0.44255744255744256,-0.6081470620325382,2014,0.2983145391826955,0.29073025182578244,SEA vs. LAR,LAR,1387.2847615137107,25.0,SEA,1540.3980682540937,12.0,1,2,7.0,1,269.0,-305.0,1,0
LAR,7.0,2.0,0.2857142857142857,10.0,70,9.714285714285714,68,-11.042857142857144,0.1311602714250076,3.7571428571428567,0.6793635244066277,2.0907731157731155,3.0813543599257884,-0.9905812441526727,2.1750183431659136,19.428571428571427,136,22.0,30.0,210,31.0,NFC West,-1,-10.571428571428571,-74,0.4916666666666667,0.6698571428571428,6.5,4.131160271425008,1.4285714285714286,0.5714285714285714,0.611111111111111,73.28571428571429,1.5714285714285714,-3,0.4185655614227043,0.7148571428571427,8.201428571428572,4.679363524406627,1.5714285714285714,1.1428571428571428,0.9285714285714286,43.42857142857143,1.1428571428571428,0.4185655614227043,-0.17501834316591358,2014-11-02,2014,0.3064277478578569,0.37935804907953086,SFO,7.0,4.0,0.5714285714285714,9.857142857142858,69,9.714285714285714,68,-6.557142857142856,0.05412024713266961,-14.328571428571431,-0.19195354470290527,2.33982683982684,2.495181405895692,-0.15535456606885176,3.4946252325887586,22.571428571428573,158,28.0,23.571428571428573,165,24.0,NFC West,-1,-1.0,-7,0.5916666666666667,0.6285714285714287,7.285714285714286,4.05412024713267,1.7142857142857142,0.42857142857142855,0.6428571428571429,68.28571428571429,1.0,4,0.4395983089592112,0.599,6.475714285714285,3.8080464552970947,1.8571428571428572,0.7142857142857143,1.0,54.0,1.5714285714285714,0.4395983089592112,0.5053747674112414,2014,0.4350941894151445,0.32800208911317186,LAR vs. SFO,SFO,1575.0622256740262,8.0,LAR,1415.852192480693,25.0,0,-3,-10.5,0,-530.0,446.0,1,0
LVR,11.0,1.0,0.09090909090909091,11.454545454545455,126,11.181818181818182,123,-25.59090909090909,-0.39788886411458874,-0.009090909090910511,-0.21601238486130614,1.4308661035933763,2.3610455201364293,-0.9301794165430529,2.8176270551436278,16.0,176,31.0,25.90909090909091,285,52.0,AFC West,1,-9.909090909090908,-109,0.6510317460317461,0.5851818181818182,4.962727272727273,3.602111135885411,1.3636363636363635,0.36363636363636365,0.8125,53.27272727272727,1.9090909090909092,-13,0.35100250626566415,0.6637272727272727,7.664545454545455,3.7839876151386935,1.8181818181818181,0.8181818181818182,0.9242424242424242,61.45454545454545,0.7272727272727273,0.35100250626566415,-1.8176270551436278,2014-11-30,2014,0.20537774984887988,0.314474052573933,LAR,11.0,4.0,0.36363636363636365,10.636363636363637,117,10.272727272727273,113,-19.936363636363637,-0.009241749527826547,-2.090909090909091,0.22327068829811758,1.9008458713004168,2.573809523809524,-0.6729636525091071,4.326087669169118,19.0,209,36.0,25.90909090909091,285,41.0,NFC West,-1,-6.909090909090909,-76,0.5774206349206349,0.6378181818181818,5.634545454545454,3.9907582504721733,1.2727272727272727,0.5454545454545454,0.6851851851851851,71.9090909090909,1.7272727272727273,-3,0.3768004425758436,0.7102727272727273,7.574545454545455,4.2232706882981175,1.3636363636363635,0.9090909090909091,0.85,48.18181818181818,1.4545454545454546,0.3768004425758436,-0.3260876691691177,2014,0.2985709742889758,0.31909123536932116,LVR vs. LAR,LAR,1485.49581199228,20.0,LVR,1317.69212611654,29.0,1,52,-6.5,1,-290.0,256.0,0,0
LAR,12.0,5.0,0.4166666666666667,10.833333333333334,130,10.583333333333334,127,-17.025000000000002,0.2094771142148769,-6.7250000000000005,0.11339495633676651,2.075775382025382,2.359325396825397,-0.2835500148000148,5.326001958506947,21.75,261,43.0,23.75,285,41.0,NFC West,1,-2.0,-24,0.5331923127377673,0.6339166666666667,5.983333333333333,4.209477114214877,1.3333333333333333,0.8333333333333334,0.7166666666666666,70.91666666666667,1.5833333333333333,2,0.35581707236119,0.7014166666666667,7.026666666666667,4.113394956336767,1.25,0.8333333333333334,0.85,50.25,1.75,0.35581707236119,-0.32600195850694735,2014-12-07,2014,0.32178327934884693,0.28716136463334324,WAS,12.0,3.0,0.25,11.333333333333334,136,11.0,132,-12.5,0.2064642650138565,5.05,-0.15648322188328112,1.7760406260406258,2.419858844858845,-0.6438182188182188,4.257844558065101,20.333333333333332,244,46.0,26.833333333333332,322,50.0,NFC East,-4,-6.5,-78,0.5148137216319034,0.6685,6.6866666666666665,4.206464265013857,1.3333333333333333,0.9166666666666666,0.8666666666666666,69.0,1.8333333333333333,-7,0.3120511433011433,0.653,8.693333333333333,3.8435167781167188,2.1666666666666665,0.6666666666666666,1.0,71.33333333333333,1.25,0.3120511433011433,-1.2578445580651012,2014,0.3027813421133611,0.3075175328893592,LAR vs. WAS,WAS,1320.7349562440234,25.0,LAR,1513.0645477570588,20.0,0,-24,2.5,0,121.0,-134.0,0,0
NYG,14.0,5.0,0.35714285714285715,11.714285714285714,164,10.928571428571429,153,-9.171428571428569,-0.49534262867826556,-14.485714285714286,0.7741212848775874,1.9383330954759526,2.2762428048142334,-0.33790970933828085,6.3584949030728914,22.642857142857142,317,54.0,24.214285714285715,339,59.0,NFC East,2,-1.5714285714285714,-22,0.573889785428247,0.6382142857142857,6.622857142857143,3.5046573713217346,1.8571428571428572,0.7857142857142857,0.9444444444444444,45.785714285714285,1.9285714285714286,-5,0.4239556078841793,0.6124999999999999,6.83,4.774121284877587,1.5,0.9285714285714286,0.8974358974358974,59.785714285714285,1.5714285714285714,0.4239556078841793,-1.3584949030728914,2014-12-21,2014,0.29731762858626476,0.32065770341675975,LAR,14.0,6.0,0.42857142857142855,10.857142857142858,152,10.714285714285714,150,-15.507142857142858,0.1664565740889421,-11.65,-0.003994799330390629,2.0026792651792653,2.093707482993197,-0.09102821781393211,6.487556592035903,20.785714285714285,291,48.0,21.214285714285715,297,45.0,NFC West,-1,-0.42857142857142855,-6,0.5295650930266315,0.6319285714285714,6.2057142857142855,4.166456574088942,1.2857142857142858,0.7142857142857143,0.7083333333333334,72.71428571428571,1.5,2,0.35974796678578186,0.6849285714285714,6.511428571428572,3.9960052006696096,1.0714285714285714,0.7142857142857143,0.8636363636363636,50.92857142857143,1.6428571428571428,0.35974796678578186,-0.4875565920359026,2014,0.3047919565706187,0.2681237873135164,NYG vs. LAR,LAR,1502.9421566307403,20.0,NYG,1383.548915142379,23.0,0,-10,-7.0,0,-290.0,256.0,0,0
LAR,15.0,6.0,0.4,10.933333333333334,164,10.733333333333333,161,-13.873333333333335,0.24202613581634594,-7.66,-0.019414753884835177,2.0191673141673143,2.178369408369408,-0.15920209420209422,6.809088191209913,21.2,318,53.0,22.266666666666666,334,52.0,NFC West,-2,-1.0666666666666667,-16,0.5172492190349333,0.6397999999999999,6.367333333333334,4.242026135816346,1.3333333333333333,0.7333333333333333,0.7307692307692307,72.93333333333334,1.6,-1,0.3468758801111742,0.6913333333333332,7.006666666666666,3.9805852461151647,1.2,0.7333333333333333,0.8541666666666666,57.46666666666667,1.5333333333333334,0.3468758801111742,-0.8090881912099128,2014-12-28,2014,0.30573915685604663,0.2840279147234305,SEA,15.0,11.0,0.7333333333333333,10.133333333333333,152,10.066666666666666,151,-6.413333333333332,1.4234962255431896,-20.040000000000003,-0.7068692620020894,2.4681947681947682,1.7075938875938876,0.7606008806008807,10.608521154740549,24.933333333333334,374,68.0,16.533333333333335,248,44.0,NFC West,5,8.4,126,0.5236269682698255,0.6328,7.331333333333333,5.4234962255431896,1.3333333333333333,1.2666666666666666,0.8726190476190476,65.93333333333334,0.8,9,0.4208025362437127,0.6152666666666666,5.618666666666667,3.293130737997911,1.1333333333333333,0.5333333333333333,0.8461538461538461,37.86666666666667,1.4,0.4208025362437127,0.3914788452594511,2014,0.4590441059112468,0.27956956697192753,LAR vs. SEA,SEA,1540.3980682540937,12.0,LAR,1387.2847615137107,25.0,1,14,-11.0,1,-530.0,446.0,1,0
LVR,2.0,0.0,0.0,10.0,20,10.0,20,-18.950000000000003,-0.19607843137254832,10.099999999999994,1.1611253196930948,1.4141414141414141,2.5303030303030303,-1.1161616161616164,0.46765605221338646,14.0,28,4.0,24.5,49,10.0,AFC West,-2,-10.5,-21,1.0,0.634,5.005,3.8039215686274517,1.5,0.5,,22.0,2.0,-2,0.2361111111111111,0.7649999999999999,7.555,5.161125319693095,1.5,1.0,0.875,95.0,1.0,0.2361111111111111,-0.46765605221338646,2014-09-21,2014,0.15323439477866138,0.1330859869466534,NWE,2.0,1.0,0.5,12.5,25,12.0,24,-15.149999999999999,0.2520270270270273,-43.300000000000004,-0.06578947368421062,2.0779220779220777,1.6666666666666667,0.4112554112554111,1.2030272576889947,25.0,50,9.0,20.0,40,8.0,AFC East,1,5.0,10,1.0,0.5925,6.05,4.252027027027028,1.0,1.0,1.0,131.5,1.0,5,0.32563025210084034,0.5455,2.605,3.9342105263157894,1.5,0.5,0.5,42.0,3.5,0.32563025210084034,-0.20302725768899466,2014,0.32345509361598096,0.13282879038516754,LVR vs. NWE,NWE,1514.0064999802885,8.0,LVR,1414.0064999802885,26.0,1,7,-14.0,0,-900.0,704.0,0,0
MIA,3.0,1.0,0.3333333333333333,12.666666666666666,38,12.333333333333334,37,-27.066666666666666,1.2952798663324976,-0.13333333333333522,0.03938162108893861,1.5576923076923077,2.2994227994227994,-0.7417304917304918,0.9661256412157309,19.333333333333332,58,12.0,27.666666666666668,83,15.0,AFC East,-2,-8.333333333333334,-25,0.5,0.5613333333333334,4.6066666666666665,5.295279866332497,1.3333333333333333,0.3333333333333333,0.8888888888888888,37.0,1.6666666666666667,-1,0.37254273504273505,0.631,7.349999999999999,4.039381621088938,1.6666666666666667,1.0,0.9166666666666667,54.333333333333336,1.3333333333333333,0.37254273504273505,0.03387435878426914,2014-09-28,2014,0.319355195661502,0.27484788632219853,LVR,3.0,0.0,0.0,9.666666666666666,29,10.0,30,-25.100000000000005,-0.4489007724301837,3.3999999999999964,0.23241687979539657,1.2760942760942762,2.2202020202020205,-0.9441077441077441,0.671309770979376,12.333333333333334,37,7.0,21.666666666666668,65,14.0,AFC West,-3,-9.333333333333334,-28,0.75,0.6286666666666667,4.6000000000000005,3.551099227569816,1.0,0.3333333333333333,1.0,31.0,1.6666666666666667,-3,0.28561253561253563,0.7263333333333333,7.206666666666667,4.232416879795397,1.3333333333333333,0.6666666666666666,0.9166666666666666,83.0,0.6666666666666666,0.28561253561253563,-0.671309770979376,2014,0.1873658804959123,0.2066851467365415,MIA vs. LVR,LVR,1378.012999960577,30.0,MIA,1437.8712080630237,17.0,0,-24,4.0,0,171.0,-190.0,0,0
LVR,7.0,0.0,0.0,10.714285714285714,75,10.285714285714286,72,-21.75714285714286,-0.30512026182083657,7.3142857142857105,-0.34536560506052644,1.4397459683173968,2.553751803751804,-1.114005835434407,1.5921001836204176,15.0,105,19.0,25.857142857142858,181,33.0,AFC West,-7,-10.857142857142858,-76,0.6555555555555556,0.6041428571428572,5.418571428571428,3.694879738179164,1.4285714285714286,0.2857142857142857,0.75,54.142857142857146,1.8571428571428572,-7,0.36427377968731356,0.7055714285714286,8.402857142857142,3.6546343949394737,1.7142857142857142,1.0,0.9642857142857143,59.57142857142857,0.8571428571428571,0.36427377968731356,-1.5921001836204176,2014-11-02,2014,0.19571446954516586,0.28861248797723454,SEA,7.0,4.0,0.5714285714285714,9.857142857142858,69,9.714285714285714,68,-2.8142857142857136,1.5080989477541202,-1.7285714285714309,-0.8318851981362149,2.5145382395382394,2.2924714174714174,0.22206682206682207,4.08182084214186,24.571428571428573,172,31.0,21.428571428571427,150,27.0,NFC West,1,3.142857142857143,22,0.44642857142857145,0.6552857142857142,7.224285714285714,5.50809894775412,1.5714285714285714,1.0,0.9444444444444443,61.57142857142857,0.8571428571428571,1,0.3936850964161889,0.6754285714285714,7.434285714285714,3.168114801863785,1.7142857142857142,0.42857142857142855,0.8571428571428571,37.285714285714285,1.0,0.3936850964161889,-0.0818208421418598,2014,0.44402392110476674,0.3356950362650626,LVR vs. SEA,SEA,1518.1312258854734,13.0,LVR,1274.0400865152592,30.0,1,6,-13.5,0,-800.0,638.0,0,0
SFO,12.0,7.0,0.5833333333333334,10.416666666666666,125,10.583333333333334,127,-14.633333333333333,-0.12335140300220256,-21.683333333333334,-0.06969045643814638,1.8865870240870242,2.0205671643171645,-0.13398014023014018,5.8324271593935535,19.25,231,43.0,20.333333333333332,244,41.0,NFC West,-1,-1.0833333333333333,-13,0.5095828414010232,0.6039166666666667,6.531666666666666,3.8766485969977977,1.3333333333333333,0.5,0.75,53.25,1.4166666666666667,5,0.408667611628138,0.5876666666666667,5.6925,3.930309543561854,1.5833333333333333,0.5,1.0,59.666666666666664,1.8333333333333333,0.408667611628138,1.1675728406064465,2014-12-07,2014,0.37747042143071813,0.32734283888770627,LVR,12.0,1.0,0.08333333333333333,11.666666666666666,140,11.333333333333334,136,-28.266666666666666,-0.45600130004154754,1.2416666666666654,0.019937365159187277,1.3116272616272615,2.4976250601250602,-1.1859977984977985,2.8176270551436278,14.666666666666666,176,31.0,28.083333333333332,337,59.0,AFC West,-1,-13.416666666666666,-161,0.6249048930867113,0.58675,4.6325,3.5439986999584523,1.25,0.3333333333333333,0.8125,54.916666666666664,2.1666666666666665,-18,0.34027081592871067,0.6576666666666666,7.844166666666666,4.019937365159187,1.8333333333333333,1.0833333333333333,0.9305555555555555,61.333333333333336,0.6666666666666666,0.34027081592871067,-1.8176270551436278,2014,0.18788902457770687,0.3319607866093909,SFO vs. LVR,LVR,1290.1233903517611,32.0,SFO,1552.8168539588858,12.0,1,11,8.0,1,315.0,-362.0,0,0
MIA,11.0,6.0,0.5454545454545454,10.636363636363637,117,10.636363636363637,117,-8.100000000000001,0.7081535810420768,-17.2,-0.11502763225972057,2.51977466977467,1.8973544132635043,0.6224202565111656,6.702564335548768,25.90909090909091,285,49.0,19.90909090909091,219,40.0,AFC East,-1,6.0,66,0.48734126984126985,0.6608181818181819,6.391818181818182,4.708153581042077,1.8181818181818181,0.7272727272727273,0.8916666666666666,41.45454545454545,1.5454545454545454,3,0.4204993239084148,0.614,5.631818181818182,3.8849723677402794,1.6363636363636365,0.45454545454545453,0.7738095238095238,60.18181818181818,1.8181818181818181,0.4204993239084148,-0.7025643355487681,2014-12-01,2014,0.3920546601073119,0.2889645894157337,NYJ,11.0,2.0,0.18181818181818182,11.0,121,10.818181818181818,119,-31.427272727272726,0.536061306561179,8.21818181818182,-0.657183546053867,1.4579889807162536,2.557044470680834,-1.099055489964581,3.318398037232111,16.09090909090909,177,36.0,27.545454545454547,303,50.0,AFC East,-1,-11.454545454545455,-126,0.5642857142857143,0.559,4.499090909090909,4.536061306561179,0.9090909090909091,0.7272727272727273,0.9466666666666667,66.81818181818181,1.7272727272727273,-12,0.3785377548148446,0.6514545454545455,8.742727272727272,3.342816453946133,2.4545454545454546,0.5454545454545454,0.9166666666666666,48.72727272727273,0.6363636363636364,0.3785377548148446,-1.318398037232111,2014,0.2618615106383501,0.3316119924663059,MIA vs. NYJ,NYJ,1345.9663734431144,26.0,MIA,1531.0935281718196,16.0,0,-3,6.5,1,269.0,-305.0,1,0
MIA,13.0,7.0,0.5384615384615384,10.461538461538462,136,10.461538461538462,136,-9.223076923076924,0.6029461925056889,-19.423076923076923,0.17622946739111403,2.366305062458909,1.9447699736161277,0.4215350888427812,7.462793202234777,24.153846153846153,314,56.0,20.0,260,47.0,AFC East,-1,4.153846153846154,54,0.46988035113035115,0.6676923076923077,6.266153846153847,4.602946192505689,1.6153846153846154,0.6923076923076923,0.8888888888888888,38.92307692307692,1.3846153846153846,4,0.41103394468779086,0.6192307692307693,5.393076923076923,4.176229467391114,1.5384615384615385,0.6153846153846154,0.7395833333333334,58.07692307692308,1.6923076923076923,0.41103394468779086,-0.46279320223477693,2014-12-14,2014,0.3971060976667718,0.30670176442022934,NWE,13.0,10.0,0.7692307692307693,10.923076923076923,142,10.846153846153847,141,0.5538461538461562,-0.09859744490179263,-15.253846153846153,-0.18320346785746183,2.9028477932324086,1.9408104715797023,0.9620373216527063,8.95800670529395,30.846153846153847,401,70.0,20.53846153846154,267,49.0,AFC East,1,10.307692307692308,134,0.5955266955266955,0.6565384615384615,7.763846153846154,3.9014025550982074,2.3846153846153846,0.7692307692307693,0.8863636363636364,72.0,0.8461538461538461,10,0.4440234413650703,0.5949230769230769,6.434615384615385,3.816796532142538,1.6153846153846154,0.38461538461538464,0.6849999999999999,50.69230769230769,1.6153846153846154,0.4440234413650703,1.0419932947060495,2014,0.5324699515869034,0.3486403008404781,MIA vs. NWE,NWE,1500.0,1.0,MIA,1500.0,1.0,1,28,-9.5,1,-420.0,361.0,1,0
MIN,14.0,6.0,0.42857142857142855,10.5,147,10.571428571428571,148,-22.428571428571427,0.330047107446803,-9.828571428571426,0.36058582707009373,1.9422002600574029,2.0583107368821656,-0.11611047682476253,6.247218139390197,19.785714285714285,277,46.0,21.214285714285715,297,53.0,NFC North,-1,-1.4285714285714286,-20,0.38256679218217676,0.6201428571428572,5.374285714285714,4.330047107446803,1.0,0.7142857142857143,0.7282051282051282,52.642857142857146,1.2857142857142858,-1,0.3615952499881071,0.6524285714285715,6.584285714285714,4.360585827070094,1.5714285714285714,0.6428571428571429,0.8181818181818182,59.57142857142857,1.2142857142857142,0.3615952499881071,-0.24721813939019732,2014-12-21,2014,0.3073994001885573,0.3262053275155982,MIA,14.0,7.0,0.5,10.571428571428571,148,10.428571428571429,146,-10.692857142857145,0.5101891663329223,-18.50714285714286,0.14393721479421176,2.2746642246642246,2.0987149755006898,0.17594924916353488,7.5244671540540295,23.357142857142858,327,59.0,21.5,301,53.0,AFC East,-2,1.8571428571428572,26,0.49290730636884483,0.6640714285714286,6.18,4.510189166332922,1.5714285714285714,0.6428571428571429,0.8717948717948718,38.642857142857146,1.4285714285714286,3,0.39506723435294866,0.6178571428571429,5.583571428571429,4.143937214794212,1.5714285714285714,0.7142857142857143,0.7685185185185186,57.57142857142857,1.6428571428571428,0.39506723435294866,-0.5244671540540295,2014,0.3837144970612028,0.3234849514849004,MIN vs. MIA,MIA,1480.0203262341363,16.0,MIN,1439.403592883095,20.0,1,2,-4.5,0,-225.0,201.0,0,0
NYJ,15.0,3.0,0.2,10.933333333333334,164,10.6,159,-30.839999999999996,0.4737180052947591,1.5866666666666673,-0.5550827485876507,1.492828282828283,2.3744252044252048,-0.8815969215969216,5.241204571323237,16.4,246,52.0,25.133333333333333,377,63.0,AFC East,-1,-8.733333333333333,-131,0.5388956281813424,0.5672666666666667,4.664666666666666,4.473718005294759,0.8666666666666667,0.6666666666666666,0.8726190476190476,59.46666666666667,1.5333333333333334,-11,0.3759754495590409,0.6465333333333334,8.172,3.4449172514123494,2.0,0.5333333333333333,0.875,49.333333333333336,0.8,0.3759754495590409,-2.2412045713232374,2014-12-28,2014,0.2696981147525169,0.31060969056882015,MIA,15.0,8.0,0.5333333333333333,10.533333333333333,158,10.466666666666667,157,-8.806666666666668,0.46238345179578494,-16.56,0.1510080671412643,2.36968660968661,2.170921855921856,0.1987647537647538,8.057344782629572,24.266666666666666,364,64.0,22.4,336,59.0,AFC East,1,1.8666666666666667,28,0.48831188652617225,0.6694666666666667,6.360666666666666,4.462383451795785,1.7333333333333334,0.6666666666666666,0.8095238095238095,39.666666666666664,1.4666666666666666,2,0.4148832648832649,0.6254000000000001,5.808666666666666,4.151008067141264,1.6,0.8,0.7916666666666667,58.666666666666664,1.6,0.4148832648832649,-0.05734478262957232,2014,0.4035147400471339,0.3493064364436753,NYJ vs. MIA,MIA,1531.0935281718196,16.0,NYJ,1345.9663734431144,26.0,0,-13,-7.0,0,-320.0,281.0,1,0
NWE,1.0,0.0,0.0,14.0,14,12.0,12,-32.0,0.4500000000000002,-21.200000000000003,1.026315789473684,1.4285714285714286,2.75,-1.3214285714285714,0.23382503556225545,20.0,20,4.0,33.0,33,7.0,AFC East,-1,-13.0,-13,0.5,0.518,4.39,4.45,1.0,1.0,1.0,100.0,2.0,1,0.29411764705882354,0.563,5.13,5.026315789473684,2.0,1.0,1.0,26.0,3.0,0.29411764705882354,-0.23382503556225545,2014-09-14,2014,0.21890713269649845,-0.13639793741131573,MIN,1.0,1.0,1.0,10.0,10,11.0,11,13.700000000000003,1.78125,-37.0,-0.7272727272727271,3.4,0.5454545454545454,2.8545454545454545,0.9838730406761663,34.0,34,5.0,6.0,6,2.0,NFC North,1,28.0,28,0.5,0.68,8.4,5.78125,2.0,1.0,1.0,60.0,0.0,2,0.25,0.667,4.33,3.272727272727273,0.0,0.0,0.6666666666666666,121.0,2.0,0.25,0.01612695932383368,2014,0.5080634796619168,0.0029321744225152143,NWE vs. MIN,MIN,1550.0,1.0,NWE,1450.0,17.0,0,-23,3.5,0,148.0,-164.0,0,0
MIN,2.0,1.0,0.5,11.0,22,11.0,22,-25.85,0.31167763157894735,-17.65,-0.33660933660933634,1.9916666666666667,1.6363636363636362,0.35530303030303045,1.014670818549427,20.5,41,6.0,18.0,36,7.0,NFC North,-1,2.5,5,0.0,0.6040000000000001,4.24,4.311677631578947,1.5,0.5,0.5,59.0,2.0,-2,0.3068181818181818,0.667,6.02,3.663390663390664,0.5,0.5,0.8333333333333333,142.0,1.0,0.3068181818181818,-0.01467081854942709,2014-09-21,2014,0.27072670656144177,0.15675691523077295,NOR,2.0,0.0,0.0,10.5,21,10.0,20,-10.75,1.7043650793650795,4.0,0.4933333333333332,2.790909090909091,3.1262626262626263,-0.3353535353535355,0.902783156657847,29.0,58,10.0,31.5,63,11.0,NFC South,-2,-2.5,-5,0.0,0.6825,6.390000000000001,5.704365079365079,1.5,2.0,1.0,33.0,2.0,-3,0.5769230769230769,0.653,8.575,4.493333333333333,2.0,1.0,1.0,63.0,0.5,0.5769230769230769,-0.902783156657847,2014,0.2612421055576555,0.026734631919092068,MIN vs. NOR,NOR,1400.0,26.0,MIN,1485.9935000197115,8.0,1,11,-10.0,1,-525.0,442.0,0,0
MIN,7.0,2.0,0.2857142857142857,11.0,77,11.0,77,-35.54285714285714,0.3577221953787291,-6.628571428571427,0.5208676966195764,1.6212692069834926,2.1285262356690926,-0.5072570286856001,2.3699009694082336,17.142857142857142,120,24.0,22.857142857142858,160,25.0,NFC North,-3,-5.714285714285714,-40,0.37777777777777777,0.5867142857142857,4.231428571428571,4.357722195378729,0.5714285714285714,0.8571428571428571,0.8285714285714285,57.57142857142857,1.7142857142857142,-3,0.3336134103991247,0.6705714285714286,6.707142857142857,4.520867696619576,1.7142857142857142,0.8571428571428571,0.75,68.85714285714286,1.2857142857142858,0.3336134103991247,-0.3699009694082336,2014-10-26,2014,0.2952177675959228,0.2611363186730875,TAM,6.0,1.0,0.16666666666666666,10.166666666666666,61,11.0,66,-22.416666666666668,0.3468114731272626,13.566666666666663,0.055332747286770324,2.0777676027676026,2.99736790986791,-0.919600307100307,1.8156877515545522,20.0,120,18.0,34.0,204,34.0,NFC South,-2,-14.0,-84,0.4033333333333333,0.6048333333333333,5.546666666666667,4.3468114731272625,1.5,0.6666666666666666,0.75,60.166666666666664,2.0,-2,0.3782051282051282,0.7363333333333334,9.388333333333334,4.05533274728677,2.5,1.1666666666666667,0.6388888888888888,69.16666666666667,1.6666666666666667,0.3782051282051282,-0.8156877515545522,2014,0.2549661761530548,0.3592591324422859,MIN vs. TAM,TAM,1358.0979090570208,26.0,MIN,1368.906083515785,24.0,0,-6,-1.0,0,-115.0,104.0,0,0
WAS,8.0,3.0,0.375,11.25,90,11.0,88,-9.6125,0.029204698925637873,1.0874999999999995,-0.01788484012286007,1.875072843822844,2.237742812742813,-0.36266996891996894,3.240952434867136,21.375,171,32.0,25.0,200,33.0,NFC East,2,-3.625,-29,0.5629251700680272,0.68125,7.21125,4.029204698925638,1.375,1.0,0.9444444444444443,71.875,2.0,-8,0.3110254329004329,0.646375,7.60625,3.9821151598771403,2.125,0.375,1.0,69.25,1.0,0.3110254329004329,-0.24095243486713613,2014-11-02,2014,0.3448465584503495,0.316830354615603,MIN,8.0,3.0,0.375,11.125,89,11.125,89,-33.475,0.36414328459275164,-8.3875,0.3144548867160424,1.6165272227772227,1.9978771228771228,-0.3813499000999001,3.0807251836454643,17.375,139,27.0,21.625,173,28.0,NFC North,1,-4.25,-34,0.3476190476190476,0.58475,4.46125,4.3641432845927515,0.625,0.75,0.8083333333333333,57.75,1.5,-1,0.3419117340992341,0.671625,6.4675,4.314454886716042,1.625,0.75,0.8,66.75,1.375,0.3419117340992341,-0.08072518364546433,2014,0.3003095787100737,0.27210631300270643,WAS vs. MIN,MIN,1417.351163729502,20.0,WAS,1498.4842938035565,20.0,1,3,1.0,1,102.0,-112.0,0,0
NYJ,12.0,2.0,0.16666666666666666,10.916666666666666,131,10.75,129,-34.59166666666667,0.6291446330552305,5.491666666666668,-0.5931589912901188,1.4448232323232324,2.477290764790765,-1.0324675324675325,3.697795776857977,15.833333333333334,190,39.0,26.583333333333332,319,54.0,AFC East,-2,-10.75,-129,0.5625737898465171,0.5572499999999999,4.1499999999999995,4.629144633055231,0.8333333333333334,0.75,0.9060606060606061,66.0,1.6666666666666667,-12,0.38588183080249644,0.6566666666666666,8.423333333333334,3.4068410087098813,2.25,0.5833333333333334,0.9015151515151515,46.333333333333336,0.6666666666666666,0.38588183080249644,-1.6977957768579768,2014-12-07,2014,0.25558903607031735,0.3244954961561171,MIN,12.0,5.0,0.4166666666666667,10.583333333333334,127,10.5,126,-25.96666666666667,0.4108486094815876,-9.225,0.4509864952181397,1.8992336367336369,2.1013625263625264,-0.2021288896288896,5.196466813896004,19.416666666666668,233,41.0,21.416666666666668,257,43.0,NFC North,1,-2.0,-24,0.3740358126721763,0.6018333333333333,4.934166666666667,4.4108486094815875,0.9166666666666666,0.75,0.8303030303030302,53.5,1.1666666666666667,1,0.34989142801642803,0.6588333333333334,6.543333333333333,4.45098649521814,1.6666666666666667,0.75,0.7777777777777778,63.25,1.25,0.34989142801642803,-0.19646681389600396,2014,0.31754912114846706,0.3072433379645978,NYJ vs. MIN,MIN,1432.4983463285537,20.0,NYJ,1320.3437774308768,28.0,1,6,-4.5,1,-218.0,195.0,0,0
NYJ,6.0,1.0,0.16666666666666666,11.333333333333334,68,11.0,66,-34.23333333333333,0.3136285606873843,7.25,-0.7247915664582333,1.4090909090909092,2.3957070707070707,-0.9866161616161618,1.8297319687550972,16.0,96,19.0,26.333333333333332,158,25.0,AFC East,-5,-10.333333333333334,-62,0.5333333333333333,0.5558333333333333,4.21,4.313628560687384,1.0,0.6666666666666666,1.0,66.66666666666667,2.0,-9,0.36573295985060694,0.652,8.098333333333334,3.275208433541767,2.5,0.3333333333333333,0.9,59.833333333333336,0.5,0.36573295985060694,-0.8297319687550972,2014-10-16,2014,0.24077228576875775,0.2632744969220267,NWE,6.0,4.0,0.6666666666666666,11.5,69,11.166666666666666,67,-1.7833333333333314,-0.2998308997403199,-13.233333333333334,-0.04889089214032002,2.336832611832612,1.9472222222222222,0.3896103896103896,3.7464047415741333,26.666666666666668,160,30.0,21.5,129,23.0,AFC East,2,5.166666666666667,31,0.5866666666666667,0.648,7.484999999999999,3.70016910025968,1.8333333333333333,0.5,0.95,87.66666666666667,0.8333333333333334,9,0.36919156551509497,0.6218333333333333,6.165,3.9511091078596796,1.6666666666666667,0.5,0.7,52.0,2.3333333333333335,0.36919156551509497,0.2535952584258667,2014,0.4531590766975266,0.30057883319351975,NYJ vs. NWE,NWE,1607.6891419983258,6.0,NYJ,1357.2578955457925,26.0,1,2,-9.5,0,-500.0,423.0,1,0
NWE,14.0,11.0,0.7857142857142857,10.857142857142858,152,10.928571428571429,153,0.042857142857145494,-0.11125920376348729,-16.29285714285714,-0.21980694686143193,2.9883586651443794,1.8795621045621045,1.108796560582275,9.896332753474697,31.571428571428573,442,76.0,20.0,280,52.0,AFC East,2,11.571428571428571,162,0.591137068060145,0.6525,7.784999999999999,3.8887407962365126,2.357142857142857,0.8571428571428571,0.8958333333333334,70.5,0.8571428571428571,11,0.45626352522360925,0.5964999999999999,6.336428571428572,3.780193053138568,1.5714285714285714,0.35714285714285715,0.6833333333333333,49.57142857142857,1.6428571428571428,0.45626352522360925,1.103667246525303,2014-12-21,2014,0.5394166873759036,0.342385946227505,NYJ,14.0,3.0,0.21428571428571427,11.0,154,10.714285714285714,150,-31.678571428571427,0.5343407199586705,3.7142857142857153,-0.5619934211058162,1.4851731601731601,2.4091063698206554,-0.9239332096474955,4.77706299239542,16.428571428571427,230,48.0,25.714285714285715,360,60.0,AFC East,1,-9.285714285714286,-130,0.5199095776018853,0.5627857142857142,4.558571428571429,4.534340719958671,0.8571428571428571,0.7142857142857143,0.882051282051282,62.714285714285715,1.5714285714285714,-11,0.37535831134073067,0.6457857142857143,8.508571428571429,3.4380065788941834,2.0714285714285716,0.5,0.8653846153846154,50.142857142857146,0.7857142857142857,0.37535831134073067,-1.77706299239542,2014,0.2721247571266326,0.32065534307441657,NWE vs. NYJ,NYJ,1357.2578955457925,26.0,NWE,1607.6891419983258,6.0,0,-1,10.0,1,385.0,-450.0,1,0
TAM,4.0,1.0,0.25,10.0,40,10.5,42,-26.424999999999997,0.526169590643275,15.399999999999999,-0.3310402879368395,1.9013736263736263,2.7252185314685313,-0.8238449050949052,1.3403015489653745,18.0,72,11.0,29.75,119,19.0,NFC South,1,-11.75,-47,0.38888888888888884,0.6225,4.8774999999999995,4.526169590643275,1.25,0.75,0.75,51.25,2.5,-4,0.4423076923076923,0.7635,9.2475,3.6689597120631605,2.0,1.0,0.5416666666666666,73.75,1.5,0.4423076923076923,-0.34030154896537446,2014-10-05,2014,0.2516042685086305,0.3007992295812969,NOR,4.0,1.0,0.25,9.5,38,9.25,37,-0.4499999999999993,1.6959325396825398,4.950000000000003,0.2742640692640692,2.5347402597402597,2.8345598845598845,-0.2998196248196248,1.9012092264920852,23.75,95,16.0,27.5,110,20.0,NFC South,-1,-3.75,-15,0.38888888888888884,0.71575,7.4075,5.6959325396825395,1.75,1.25,0.8333333333333334,29.0,1.75,-6,0.5615384615384615,0.658,8.57,4.274264069264069,1.75,1.0,1.0,55.0,0.25,0.5615384615384615,-0.9012092264920852,2014,0.3261885024745173,0.2836203747983669,TAM vs. NOR,NOR,1426.117134708704,20.0,TAM,1438.679211910942,20.0,1,6,-11.0,0,-550.0,461.0,1,0
SFO,8.0,4.0,0.5,10.125,81,9.875,79,-6.887499999999999,0.023545692431562015,-19.525,-0.24666305531874583,2.1515151515151514,2.3310110028860027,-0.17949585137085133,3.8439966612220826,21.0,168,30.0,22.25,178,27.0,NFC West,-2,-1.25,-10,0.5479591836734694,0.633375,7.14375,4.023545692431562,1.625,0.375,0.625,65.25,1.125,4,0.4158985203393098,0.5918749999999999,5.8325,3.753336944681254,1.75,0.625,1.0,57.625,1.625,0.4158985203393098,0.1560033387779174,2014-11-09,2014,0.37759274716564434,0.3057153325110819,NOR,8.0,4.0,0.5,10.25,82,9.5,76,-1.5625000000000018,1.0188938914084908,-9.699999999999998,0.042125341763499524,2.79237012987013,2.565007215007215,0.22736291486291493,4.722265234730488,28.375,227,40.0,24.75,198,35.0,NFC South,2,3.625,29,0.4532312925170068,0.706125,7.54,5.01889389140849,1.875,1.5,0.9166666666666666,46.375,1.875,-6,0.5120192307692307,0.622875,7.35,4.0421253417635,1.5,1.0,1.0,69.375,1.125,0.5120192307692307,-0.7222652347304876,2014,0.44376431495545804,0.3613827578691331,SFO vs. NOR,NOR,1551.148028838608,15.0,SFO,1486.2380214109742,15.0,0,-3,-6.0,0,-248.0,221.0,0,0
NOR,11.0,4.0,0.36363636363636365,10.181818181818182,112,9.454545454545455,104,-1.3181818181818195,0.8566239354615327,-3.7818181818181813,0.42931085461587853,2.573971483062392,2.791283968556696,-0.21731248549430363,5.606389992374812,26.181818181818183,288,51.0,26.0,286,50.0,NFC South,-3,0.18181818181818182,2,0.4828174603174603,0.7116363636363636,7.427272727272728,4.856623935461533,2.0,1.0909090909090908,0.9444444444444444,45.27272727272727,1.8181818181818181,-9,0.5066045066045066,0.627090909090909,8.045454545454545,4.429310854615879,1.5454545454545454,1.0909090909090908,1.0,58.63636363636363,1.0,0.5066045066045066,-1.6063899923748117,2014-11-30,2014,0.38885885583513363,0.36685358424935266,PIT,11.0,7.0,0.6363636363636364,10.363636363636363,114,10.363636363636363,114,2.181818181818181,0.16409721551455825,-4.572727272727272,0.3238865737167944,2.559463011735739,2.3202479338842976,0.23921507785144147,5.759601683030102,26.181818181818183,288,47.0,23.90909090909091,263,50.0,AFC North,1,2.272727272727273,25,0.36726190476190473,0.6836363636363636,8.02818181818182,4.164097215514558,2.272727272727273,0.36363636363636365,0.9074074074074073,63.81818181818182,1.4545454545454546,-2,0.4449679108770018,0.6075454545454545,7.935454545454545,4.323886573716795,1.7272727272727273,0.7272727272727273,0.9696969696969696,54.09090909090909,1.2727272727272727,0.4449679108770018,1.2403983169698982,2014,0.45877090980668683,0.44818175107535474,NOR vs. PIT,PIT,1553.7260960298004,8.0,NOR,1404.0074398520242,20.0,0,-3,-3.5,0,-185.0,166.0,0,0
NOR,15.0,6.0,0.4,10.466666666666667,157,10.0,150,-0.1733333333333339,0.7129068236622381,-6.293333333333333,0.6604998968105374,2.4173770673770676,2.75012728012728,-0.3327502127502127,7.1826561787524295,25.2,378,65.0,26.933333333333334,404,70.0,NFC South,-1,-1.7333333333333334,-26,0.46116403437832004,0.7045333333333333,7.636666666666667,4.712906823662238,2.1333333333333333,0.9333333333333333,0.8636363636363636,43.666666666666664,1.8,-11,0.47956191956191957,0.6256,7.615333333333334,4.660499896810538,1.6666666666666667,1.0666666666666667,0.9821428571428571,57.733333333333334,1.0666666666666667,0.47956191956191957,-1.1826561787524295,2014-12-28,2014,0.3813704239410157,0.39876180777214665,TAM,15.0,2.0,0.13333333333333333,10.866666666666667,163,11.066666666666666,166,-26.013333333333332,-0.32349869471150944,-1.2600000000000027,-0.08837789795381559,1.662009472009472,2.3125420875420875,-0.6505326155326155,4.974650008952118,17.133333333333333,257,44.0,25.8,387,69.0,NFC South,-5,-8.666666666666666,-130,0.44158222729651303,0.572,5.54,3.6765013052884905,1.3333333333333333,0.4,0.8717948717948718,61.06666666666667,2.1333333333333333,-10,0.35156386097562564,0.6986666666666667,7.497333333333334,3.9116221020461848,1.8,0.8666666666666667,0.6404761904761905,61.333333333333336,1.4666666666666666,0.35156386097562564,-2.9746500089521177,2014,0.21640711640331567,0.30552174673988103,NOR vs. TAM,TAM,1438.679211910942,20.0,NOR,1426.117134708704,20.0,0,-3,6.0,1,216.0,-242.0,1,0
NYG,3.0,1.0,0.3333333333333333,11.0,33,10.0,30,-15.433333333333335,-0.6652236652236653,-17.333333333333332,-0.09269841269841272,1.7242424242424244,2.6944444444444446,-0.9702020202020202,1.097771045907293,19.333333333333332,58,10.0,25.666666666666668,77,14.0,NFC East,1,-6.333333333333333,-19,1.0,0.654,5.706666666666667,3.334776334776335,1.6666666666666667,0.6666666666666666,1.0,42.0,2.3333333333333335,-4,0.3547008547008547,0.5903333333333333,7.29,3.9073015873015873,1.0,1.3333333333333333,0.8888888888888888,65.33333333333333,1.0,0.3547008547008547,-0.09777104590729291,2014-09-25,2014,0.2931544398073442,0.29590228174775446,WAS,3.0,1.0,0.3333333333333333,11.333333333333334,34,10.666666666666666,32,1.0666666666666675,0.4144237405106974,-5.733333333333332,-1.3192156862745097,2.283333333333333,2.028619528619529,0.25471380471380467,1.494090318891701,27.0,81,14.0,21.333333333333332,64,10.0,NFC East,-1,5.666666666666667,17,0.5,0.6920000000000001,8.0,4.414423740510697,1.6666666666666667,1.6666666666666667,0.8333333333333333,100.0,1.0,0,0.4039682539682539,0.5983333333333333,7.72,2.6807843137254905,1.6666666666666667,0.0,1.0,53.0,1.0,0.4039682539682539,-0.49409031889170096,2014,0.34394838760309987,0.15686559178211448,NYG vs. WAS,WAS,1462.1287919369763,17.0,NYG,1486.9160182128549,17.0,0,-31,-3.0,0,-174.0,157.0,1,0
NYG,5.0,3.0,0.6,11.4,57,10.6,53,-5.099999999999999,-0.45919611863884313,-23.66,0.2132885154061624,2.2723076923076926,2.213636363636364,0.058671328671328606,2.7619622486878925,26.6,133,23.0,22.2,111,20.0,NFC East,3,4.4,22,0.7083333333333334,0.6626000000000001,6.67,3.540803881361157,2.2,1.0,1.0,41.4,2.0,0,0.4703205128205128,0.5982000000000001,6.132,4.213288515406163,1.0,1.2,0.9166666666666666,73.0,2.0,0.4703205128205128,0.23803775131210747,2014-10-12,2014,0.4227188360708017,0.31985190575940436,PHI,5.0,4.0,0.8,12.0,60,12.8,64,-18.0,-0.475554713804714,-7.019999999999999,0.14785877737822828,2.626623376623377,2.115011655011655,0.5116117216117215,2.9390883320492076,31.2,156,21.0,26.4,132,24.0,NFC East,1,4.8,24,0.29166666666666663,0.5928,6.294,3.5244452861952857,1.6,0.6,0.9375,63.8,2.4,-4,0.4238608759661391,0.5860000000000001,7.116,4.147858777378228,2.6,0.4,0.75,83.6,1.6,0.4238608759661391,1.0609116679507924,2014,0.42426381675655545,0.3795683750963095,NYG vs. PHI,PHI,1586.9046393782442,1.0,NYG,1574.3920864730776,8.0,1,27,-1.0,1,-117.0,106.0,1,0
NYG,8.0,3.0,0.375,11.625,93,11.25,90,-5.624999999999999,-0.2828309074826103,-12.3125,0.40572595704948644,1.896978021978022,2.387780969030969,-0.49080294705294714,3.275887728483304,22.25,178,30.0,26.125,209,38.0,NFC East,-3,-3.875,-31,0.7273809523809524,0.634375,7.0200000000000005,3.7171690925173895,2.0,0.75,1.0,44.0,1.75,-1,0.3911343864468865,0.611375,7.2375,4.405725957049486,1.75,1.0,0.9523809523809523,58.25,1.625,0.3911343864468865,-0.2758877284833039,2014-11-09,2014,0.3114561399805119,0.35488370321893675,SEA,8.0,5.0,0.625,10.125,81,10.125,81,-7.012499999999999,1.3097181582322235,-5.762500000000002,-0.9709551039247435,2.5127209595959594,2.236681721056721,0.2760392385392385,4.7110357454882275,25.25,202,36.0,21.75,174,30.0,NFC West,2,3.5,28,0.38265306122448983,0.634125,6.95375,5.309718158232224,1.375,1.125,0.9166666666666666,62.0,0.75,4,0.39308557047527637,0.664125,6.92875,3.0290448960752565,1.75,0.375,0.8125,41.25,1.25,0.39308557047527637,0.28896425451177254,2014,0.46049801413954283,0.33745204881998947,NYG vs. SEA,SEA,1537.8320079633463,8.0,NYG,1459.5098269756477,19.0,1,21,-9.0,1,-450.0,385.0,0,0
SFO,9.0,5.0,0.5555555555555556,10.444444444444445,94,10.222222222222221,92,-9.1,0.07648505993916624,-19.5,-0.17624529648404652,2.1432271432271435,2.2771379854713185,-0.13391084224417554,4.413333452875053,21.666666666666668,195,35.0,22.444444444444443,202,31.0,NFC West,1,-0.7777777777777778,-7,0.5419642857142857,0.6116666666666667,7.065555555555556,4.076485059939166,1.5555555555555556,0.5555555555555556,0.6666666666666666,59.666666666666664,1.1111111111111112,6,0.4141320180793865,0.5923333333333333,5.792222222222222,3.823754703515954,1.8888888888888888,0.5555555555555556,1.0,56.0,1.7777777777777777,0.4141320180793865,0.5866665471249473,2014-11-16,2014,0.396611500176564,0.3214814770058857,NYG,9.0,3.0,0.3333333333333333,11.555555555555555,104,11.11111111111111,100,-7.144444444444442,-0.3429085190695098,-16.422222222222224,0.7803983815748521,1.857919857919858,2.5446941946941948,-0.6867743367743367,3.405277665728941,21.666666666666668,195,33.0,27.444444444444443,247,44.0,NFC East,-4,-5.777777777777778,-52,0.7145833333333333,0.6371111111111111,6.858888888888889,3.6570914809304904,1.8888888888888888,0.7777777777777778,1.0,43.0,1.7777777777777777,0,0.40323056573056576,0.6087777777777778,6.891111111111112,4.780398381574852,1.5555555555555556,1.4444444444444444,0.9583333333333333,57.333333333333336,1.7777777777777777,0.40323056573056576,-0.4052776657289412,2014,0.30301905665699247,0.37129753634214063,SFO vs. NYG,NYG,1420.5941651716416,17.0,SFO,1545.4721358217305,12.0,0,-6,4.0,0,171.0,-190.0,0,0
NYG,12.0,3.0,0.25,11.666666666666666,140,10.833333333333334,130,-10.091666666666667,-0.49128357184181487,-12.241666666666667,0.7622684831508361,1.8447219447219447,2.508520646020646,-0.6637987012987013,4.568236899821847,21.416666666666668,257,43.0,26.583333333333332,319,56.0,NFC East,-7,-5.166666666666667,-62,0.6421028466483012,0.6378333333333334,6.540833333333334,3.5087164281581855,1.8333333333333333,0.8333333333333334,0.9285714285714286,42.583333333333336,2.0833333333333335,-7,0.43193681318681315,0.6059166666666667,7.2275,4.762268483150836,1.6666666666666667,1.0833333333333333,0.9696969696969696,55.25,1.5,0.43193681318681315,-1.568236899821847,2014-12-07,2014,0.2670034603021789,0.33857611128844656,TEN,12.0,2.0,0.16666666666666666,10.833333333333334,130,11.083333333333334,133,-18.016666666666666,0.011131576756576833,-9.15,0.1824845772353747,1.6517376142376141,2.5584415584415585,-0.9067039442039443,3.6525899749430786,17.75,213,37.0,28.166666666666668,338,60.0,AFC South,-6,-10.416666666666666,-125,0.4156368883641611,0.593,6.4775,4.0111315767565765,1.5,0.5,0.8888888888888888,64.91666666666667,1.75,-6,0.2839300745550745,0.6491666666666667,6.968333333333334,4.182484577235375,1.8333333333333333,1.0833333333333333,0.8030303030303031,47.5,1.25,0.2839300745550745,-1.6525899749430786,2014,0.2454193403378885,0.3514063919194331,NYG vs. TEN,TEN,1224.9222660924606,28.0,NYG,1300.5553596370316,25.0,0,-29,3.0,0,129.0,-143.0,0,0
WAS,13.0,3.0,0.23076923076923078,11.307692307692308,147,10.846153846153847,141,-15.161538461538463,0.05596701385894447,7.007692307692308,-0.1162409227640544,1.6394221163451932,2.438844061920985,-0.7994219455757917,4.257844558065101,18.76923076923077,244,46.0,26.615384615384617,346,53.0,NFC East,-5,-7.846153846153846,-102,0.5066348003848004,0.6662307692307692,6.3623076923076916,4.055967013858945,1.2307692307692308,0.8461538461538461,0.8666666666666666,67.61538461538461,1.8461538461538463,-9,0.3072779784318246,0.6586923076923077,8.856923076923078,3.8837590772359456,2.1538461538461537,0.6153846153846154,0.9393939393939394,73.38461538461539,1.1538461538461537,0.3072779784318246,-1.2578445580651012,2014-12-14,2014,0.28264738374097614,0.31060242139800853,NYG,13.0,4.0,0.3076923076923077,11.692307692307692,152,10.923076923076923,142,-11.184615384615382,-0.39708227144372654,-15.115384615384615,0.7311049734579146,1.9335894874356412,2.360429314275468,-0.42683982683982696,5.54802634733733,22.53846153846154,293,50.0,25.076923076923077,326,56.0,NFC East,1,-2.5384615384615383,-33,0.602483164983165,0.6353076923076924,6.458461538461539,3.6029177285562737,1.7692307692307692,0.8461538461538461,0.9375,44.69230769230769,2.0,-5,0.4328989386681694,0.6098461538461538,6.794615384615384,4.7311049734579145,1.5384615384615385,1.0,0.8888888888888888,54.0,1.6153846153846154,0.4328989386681694,-1.5480263473373297,2014,0.2897766612515858,0.3170696232660398,WAS vs. NYG,NYG,1486.9160182128549,17.0,WAS,1462.1287919369763,17.0,1,11,-7.0,1,-300.0,264.0,1,0
PHI,15.0,9.0,0.6,12.133333333333333,182,12.333333333333334,185,-17.54,-0.13935446561114906,-11.139999999999999,-0.2705640544389459,2.4282983682983685,2.124525937025937,0.3037724312724313,8.69733027974865,29.333333333333332,440,70.0,24.933333333333334,374,60.0,NFC East,-3,4.4,66,0.47146662860948574,0.6147333333333334,6.266666666666667,3.860645534388851,1.6666666666666667,1.0,0.9166666666666666,64.0,2.3333333333333335,-8,0.4243117408906883,0.5923999999999999,7.091333333333333,3.7294359455610544,1.9333333333333333,0.8666666666666667,0.8055555555555555,65.53333333333333,1.8,0.4243117408906883,0.30266972025134997,2014-12-28,2014,0.39237614667311155,0.3092469128702995,NYG,15.0,6.0,0.4,11.666666666666666,175,11.0,165,-5.346666666666667,-0.47800606127618506,-12.92,0.8091798658857481,2.0333533133533135,2.274493284493284,-0.24113997113997118,7.036963303898882,23.6,354,61.0,24.4,366,64.0,NFC East,3,-0.8,-12,0.5635099027956171,0.6477333333333333,7.110666666666666,3.521993938723815,1.9333333333333333,0.8,0.925,52.666666666666664,1.8,-2,0.42706444971150853,0.6216666666666666,6.95,4.809179865885748,1.5333333333333334,0.9333333333333333,0.9047619047619048,60.86666666666667,1.6666666666666667,0.42706444971150853,-1.0369633038988821,2014,0.3244743765570165,0.3352057973941299,PHI vs. NYG,NYG,1574.3920864730776,8.0,PHI,1586.9046393782442,1.0,0,-8,1.0,0,-105.0,-105.0,1,0
PIT,9.0,6.0,0.6666666666666666,10.666666666666666,96,10.555555555555555,95,7.355555555555554,0.21835556551270996,-8.322222222222223,0.45882433083904495,2.5683480100146765,2.3173400673400675,0.25100794267460924,4.925423571037682,27.555555555555557,248,40.0,24.333333333333332,219,42.0,AFC North,3,3.2222222222222223,29,0.4174107142857143,0.685111111111111,8.613333333333333,4.21835556551271,2.5555555555555554,0.3333333333333333,0.9285714285714286,71.44444444444444,1.2222222222222223,2,0.4234145484145484,0.6113333333333333,7.485555555555556,4.458824330839045,1.6666666666666667,0.7777777777777778,1.0,56.666666666666664,1.4444444444444444,0.4234145484145484,1.0745764289623176,2014-11-09,2014,0.4664155754149221,0.44576866668586823,NYJ,9.0,1.0,0.1111111111111111,11.222222222222221,101,10.88888888888889,98,-34.599999999999994,0.5431002713720452,10.67777777777778,-0.5940740072684518,1.5264309764309765,2.571741221741222,-1.0453102453102454,2.5808092048730735,17.11111111111111,154,31.0,28.0,252,42.0,AFC East,-8,-10.88888888888889,-98,0.5595238095238095,0.5605555555555556,4.19,4.543100271372045,0.8888888888888888,0.8888888888888888,0.975,66.66666666666667,2.0,-15,0.3959905892181434,0.6353333333333333,9.121111111111112,3.4059259927315484,2.6666666666666665,0.4444444444444444,0.9375,54.666666666666664,0.3333333333333333,0.3959905892181434,-1.5808092048730735,2014,0.25301970808463664,0.30567575214890125,PIT vs. NYJ,NYJ,1297.162479907652,24.0,PIT,1621.555565782798,5.0,1,7,4.5,1,190.0,-212.0,0,0
NYJ,13.0,2.0,0.15384615384615385,11.0,143,10.692307692307692,139,-33.03076923076923,0.580748892050982,6.284615384615386,-0.5420368710809889,1.4875291375291377,2.5174991674991674,-1.02997002997003,4.06858087351161,16.46153846153846,214,45.0,26.846153846153847,349,57.0,AFC East,-3,-10.384615384615385,-135,0.550414862914863,0.5621538461538461,4.406153846153846,4.580748892050982,0.8461538461538461,0.6923076923076923,0.9138888888888889,64.0,1.6923076923076923,-12,0.39239770807108265,0.6603076923076923,8.606923076923078,3.4579631289190114,2.230769230769231,0.5384615384615384,0.8541666666666666,48.15384615384615,0.7692307692307693,0.39239770807108265,-2.0685808735116096,2014-12-14,2014,0.2646120821366205,0.3132766409572984,TEN,13.0,2.0,0.15384615384615385,10.923076923076923,142,11.153846153846153,145,-20.44615384615384,0.037747829093982985,-10.315384615384618,0.22485755847367922,1.5695526695526696,2.5924075924075924,-1.0228549228549229,3.6728005274275954,16.923076923076923,220,37.0,28.76923076923077,374,67.0,AFC South,-7,-11.846153846153847,-154,0.4018338143338143,0.5979230769230769,6.102307692307692,4.037747829093983,1.3846153846153846,0.46153846153846156,0.8,62.92307692307692,1.8461538461538463,-8,0.2739236191159268,0.6457692307692308,6.853076923076923,4.224857558473679,1.7692307692307692,1.0769230769230769,0.8194444444444445,49.23076923076923,1.2307692307692308,0.2739236191159268,-1.6728005274275954,2014,0.22703487566911104,0.3670675674601332,NYJ vs. TEN,TEN,1185.6380070835648,28.0,NYJ,1285.94590912466,28.0,0,-5,3.5,0,167.0,-186.0,0,0
WAS,2.0,1.0,0.5,11.0,22,10.5,21,-0.10000000000000142,1.1216356107660461,-15.8,-1.0588235294117647,2.0083333333333333,1.3611111111111112,0.6472222222222221,1.0440235707477328,23.5,47,8.0,13.5,27,4.0,NFC East,1,10.0,20,0.0,0.7255,7.395,5.121635610766046,1.0,2.0,1.0,84.5,1.0,0,0.3392857142857143,0.5680000000000001,6.885,2.9411764705882355,1.0,0.0,1.0,44.5,1.0,0.3392857142857143,-0.044023570747732776,2014-09-21,2014,0.3556320780458668,0.09104537421450164,PHI,2.0,2.0,1.0,13.0,26,13.0,26,-16.25,0.6174768518518516,-11.600000000000001,-0.4429824561403508,2.4642857142857144,1.793939393939394,0.6703463203463202,1.4000137285116003,32.0,64,11.0,22.0,44,8.0,NFC East,2,10.0,20,0.0,0.584,7.135,4.617476851851851,1.5,1.5,0.875,70.0,2.0,-1,0.41885964912280704,0.573,6.029999999999999,3.557017543859649,2.5,0.0,0.6666666666666666,62.5,1.5,0.41885964912280704,0.5999862714883997,2014,0.5499970958917768,0.24615173407513843,WAS vs. PHI,PHI,1585.9935000197115,1.0,WAS,1500.0,8.0,1,3,-4.0,0,-209.0,187.0,1,0
PHI,3.0,3.0,1.0,12.333333333333334,37,12.666666666666666,38,-6.033333333333331,-0.2016820987654322,-6.599999999999999,-0.6286549707602339,2.764069264069264,2.1404040404040408,0.6236652236652236,1.9499469803676321,33.666666666666664,101,17.0,26.0,78,14.0,NFC East,3,7.666666666666667,23,0.25,0.609,7.886666666666667,3.7983179012345674,2.0,1.0,0.9166666666666666,70.0,1.6666666666666667,-1,0.40045188729399256,0.5903333333333333,7.09,3.371345029239766,2.6666666666666665,0.3333333333333333,0.6666666666666666,85.33333333333333,1.3333333333333333,0.40045188729399256,1.0500530196323679,2014-09-28,2014,0.6202783903941465,0.37456791469169426,SFO,3.0,1.0,0.3333333333333333,8.333333333333334,25,8.666666666666666,26,-6.300000000000002,0.1674181427804616,-8.1,-0.22042246850431,2.5,2.6582010582010582,-0.1582010582010581,1.311662266929585,20.666666666666668,62,9.0,22.666666666666668,68,12.0,NFC West,-2,-2.0,-6,0.5,0.6993333333333333,6.816666666666666,4.167418142780462,1.3333333333333333,1.0,0.3333333333333333,101.0,1.3333333333333333,1,0.5405982905982906,0.6189999999999999,6.593333333333334,3.77957753149569,2.3333333333333335,0.3333333333333333,1.0,55.333333333333336,1.6666666666666667,0.5405982905982906,-0.311662266929585,2014,0.3226005279684498,0.2597442666262177,PHI vs. SFO,SFO,1450.0,17.0,PHI,1623.864708082735,1.0,1,5,-3.5,1,-208.0,186.0,0,0
TEN,10.0,2.0,0.2,10.5,105,10.7,107,-16.63,0.1624009543088491,-13.48,0.31240254531402856,1.6197474747474747,2.387987012987013,-0.7682395382395383,3.310821785070606,16.8,168,31.0,25.0,250,45.0,AFC South,-4,-8.2,-82,0.3797178130511464,0.599,6.561,4.162400954308849,1.4,0.5,0.875,65.7,1.4,-2,0.29071608946608946,0.6365000000000001,6.3839999999999995,4.312402545314028,1.5,1.1,0.8333333333333334,46.1,1.2,0.29071608946608946,-1.310821785070606,2014-11-23,2014,0.2565376425360107,0.32337665389889975,PHI,10.0,7.0,0.7,12.4,124,12.5,125,-16.91,-0.25799136542392886,-10.440000000000001,-0.07886305437506805,2.433183483183483,2.153169191919192,0.2800142912642912,5.997200140879139,29.9,299,44.0,25.1,251,39.0,NFC East,-1,4.8,48,0.4555555555555555,0.5986,6.526000000000001,3.742008634576071,1.9,0.7,0.9722222222222222,60.5,2.5,-9,0.410616335418967,0.5751000000000001,7.111,3.9211369456249314,2.2,0.5,0.6666666666666666,72.4,1.6,0.410616335418967,1.0027998591208611,2014,0.39042193048493384,0.31208735560457085,TEN vs. PHI,PHI,1578.7599904696472,3.0,TEN,1261.8330531611552,26.0,1,19,-11.0,1,-600.0,498.0,0,0
SEA,12.0,8.0,0.6666666666666666,9.916666666666666,119,9.916666666666666,119,-6.566666666666666,1.3885454737448437,-15.9,-0.6251901128561471,2.5112584175084174,1.922686803936804,0.5885716135716136,7.950397394165113,24.833333333333332,298,56.0,18.416666666666668,221,39.0,NFC West,2,6.416666666666667,77,0.47787288469106654,0.6450833333333333,7.153333333333333,5.388545473744844,1.25,1.1666666666666667,0.9287878787878788,64.58333333333333,0.75,9,0.40720356713003775,0.6458333333333334,5.978333333333333,3.374809887143853,1.25,0.5833333333333334,0.8333333333333334,34.666666666666664,1.5,0.40720356713003775,0.04960260583488729,2014-12-07,2014,0.4725334355229367,0.3017748610837259,PHI,12.0,9.0,0.75,12.416666666666666,149,12.5,150,-15.891666666666666,-0.047936274305515725,-14.258333333333333,-0.19431570320729352,2.5336052836052834,2.0129223785473784,0.520682905057905,7.740775605725558,31.25,375,59.0,23.75,285,45.0,NFC East,2,7.5,90,0.4570247933884298,0.6144999999999999,6.535,3.9520637256944844,1.75,0.9166666666666666,0.9621212121212122,57.833333333333336,2.3333333333333335,-6,0.43048437308305726,0.57375,6.795833333333333,3.8056842967927067,2.0,0.5833333333333334,0.7407407407407407,68.5,1.8333333333333333,0.43048437308305726,1.259224394274442,2014,0.4375247423166623,0.30648060985686104,SEA vs. PHI,PHI,1646.7795129408648,1.0,SEA,1664.0635143962495,6.0,0,-10,1.5,0,111.0,-123.0,0,0
PHI,14.0,9.0,0.6428571428571429,12.285714285714286,172,12.5,175,-18.707142857142856,-0.17234983066632328,-10.442857142857141,-0.25048119133236807,2.4303196803196805,2.083420646813504,0.3468990335061764,8.266667071401619,29.714285714285715,416,66.0,24.785714285714285,347,55.0,NFC East,-2,4.928571428571429,69,0.49124977586516044,0.6057857142857143,6.2057142857142855,3.8276501693336766,1.6428571428571428,1.0,0.9652777777777778,61.285714285714285,2.357142857142857,-8,0.41444115095430883,0.585,7.100714285714285,3.7495188086676317,2.0714285714285716,0.7142857142857143,0.7878787878787878,69.14285714285714,1.7857142857142858,0.41444115095430883,0.7333329285983812,2014-12-20,2014,0.4038205869134108,0.3082993106420045,WAS,14.0,3.0,0.21428571428571427,11.285714285714286,158,10.928571428571429,153,-14.528571428571428,0.14720746524997222,7.721428571428571,-0.23456137633285573,1.6067361210218354,2.4074980574980573,-0.8007619364762222,4.4473760023295394,18.357142857142858,257,49.0,26.428571428571427,370,57.0,NFC East,-6,-8.071428571428571,-113,0.4913315317161471,0.6648571428571428,6.428571428571429,4.147207465249972,1.2142857142857142,0.7857142857142857,0.8787878787878788,72.42857142857143,1.7857142857142858,-9,0.30573771466628613,0.6599285714285715,8.85,3.765438623667144,2.2142857142857144,0.5714285714285714,0.9444444444444445,72.42857142857143,1.1428571428571428,0.30573771466628613,-1.4473760023295394,2014,0.2780644556445988,0.3074227674450123,PHI vs. WAS,WAS,1500.0,8.0,PHI,1585.9935000197115,1.0,1,3,7.0,1,277.0,-315.0,1,0
TAM,3.0,0.0,0.0,10.0,30,10.666666666666666,32,-27.366666666666664,0.9296296296296297,14.399999999999997,-0.1574364332985021,1.635164835164835,2.833624708624709,-1.1984598734598737,0.7709647573124049,15.0,45,6.0,31.666666666666668,95,15.0,NFC South,-3,-16.666666666666668,-50,0.25,0.6673333333333332,4.316666666666667,4.92962962962963,1.0,0.6666666666666666,0.5,51.666666666666664,3.0,-4,0.4102564102564103,0.774,9.363333333333333,3.842563566701498,1.6666666666666667,1.3333333333333333,0.5555555555555555,56.666666666666664,1.6666666666666667,0.4102564102564103,-0.7709647573124049,2014-09-28,2014,0.14860234951250637,0.19203675666993675,PIT,3.0,2.0,0.6666666666666666,10.333333333333334,31,10.0,30,-7.833333333333336,1.881338742393509,2.8333333333333335,0.9074671445639186,2.3618233618233617,2.466666666666667,-0.10484330484330506,1.421270857738883,24.333333333333332,73,14.0,24.0,72,15.0,AFC North,1,0.3333333333333333,1,0.5,0.6713333333333332,7.313333333333333,5.88133874239351,1.0,1.0,1.0,87.33333333333333,1.3333333333333333,-2,0.3686868686868687,0.677,7.609999999999999,4.907467144563919,1.6666666666666667,0.6666666666666666,1.0,65.0,0.6666666666666666,0.3686868686868687,0.5787291422611169,2014,0.5387334192651144,0.42978819037685284,TAM vs. PIT,PIT,1551.8357936304756,4.0,TAM,1364.0064999802885,30.0,0,-3,-7.5,0,-345.0,301.0,0,0
PIT,10.0,6.0,0.6,10.7,107,10.5,105,4.64,0.008284714843791851,-6.05,0.4296085644218072,2.4296950271950273,2.2856060606060606,0.14408896658896653,5.190264891377133,26.1,261,43.0,23.9,239,46.0,AFC North,-1,2.2,22,0.3833774250440917,0.6864,8.347,4.008284714843792,2.4,0.3,0.8958333333333334,66.3,1.5,-2,0.43561854811854805,0.6058,7.653999999999999,4.429608564421807,1.7,0.7,0.9666666666666666,58.5,1.3,0.43561854811854805,0.809735108622867,2014-11-17,2014,0.4344099155801713,0.4297598238063351,TEN,9.0,2.0,0.2222222222222222,10.666666666666666,96,11.11111111111111,100,-19.61111111111111,0.2619269862690916,-12.488888888888889,0.1557559145464515,1.5034231200897867,2.224747474747475,-0.7213243546576881,2.880158576723576,16.0,144,27.0,24.77777777777778,223,41.0,AFC South,-3,-8.777777777777779,-79,0.35218253968253965,0.5961111111111111,6.095555555555555,4.261926986269092,1.3333333333333333,0.4444444444444444,0.8571428571428571,71.88888888888889,1.4444444444444444,-2,0.28135121051787715,0.6343333333333333,6.555555555555555,4.155755914546451,1.5555555555555556,1.1111111111111112,0.8125,46.888888888888886,1.2222222222222223,0.28135121051787715,-0.8801585767235758,2014,0.25374504447738827,0.3243483315048149,PIT vs. TEN,TEN,1280.6187964445578,22.0,PIT,1534.9403527463978,10.0,0,-3,7.0,1,271.0,-308.0,0,0
SEA,3.0,2.0,0.6666666666666666,10.333333333333334,31,10.333333333333334,31,8.466666666666669,1.7962577962577964,-3.9666666666666686,-1.2202488202488204,2.777777777777778,2.2165242165242165,0.5612535612535613,1.8233948389502257,27.666666666666668,83,14.0,22.0,66,12.0,NFC West,1,5.666666666666667,17,0.5,0.6910000000000002,8.063333333333334,5.796257796257797,2.0,1.3333333333333333,0.8333333333333333,52.0,1.0,0,0.38346702317290554,0.6956666666666668,6.523333333333333,2.77975117975118,2.0,0.3333333333333333,1.0,48.333333333333336,1.0,0.38346702317290554,0.1766051610497743,2014-10-06,2014,0.47819862639458965,0.28085227884513214,WAS,4.0,1.0,0.25,11.5,46,11.25,45,-11.375,0.5755236877359642,-0.07499999999999751,-0.9762538699690403,2.004166666666667,2.386849261849262,-0.3826825951825952,1.553211548286604,23.75,95,16.0,27.25,109,17.0,NFC East,-2,-3.5,-14,0.4444444444444444,0.663,6.63,4.575523687735965,1.5,1.5,0.8333333333333333,97.0,2.25,-5,0.33422619047619045,0.62825,7.905,3.02374613003096,2.25,0.5,1.0,56.25,1.0,0.33422619047619045,-0.553211548286604,2014,0.2997207349315997,0.23108557599515409,SEA vs. WAS,WAS,1415.6899206914716,20.0,SEA,1550.0,4.0,0,-10,7.0,0,260.0,-295.0,0,0
SEA,11.0,7.0,0.6363636363636364,9.909090909090908,109,10.0,110,-8.627272727272727,1.4586271478285995,-11.31818181818182,-0.641621537257211,2.5668273645546376,2.067173483082574,0.4996538814720633,6.962833843131522,25.363636363636363,279,51.0,19.818181818181817,218,38.0,NFC West,1,5.545454545454546,61,0.4620238095238095,0.6417272727272727,6.803636363636364,5.4586271478286,1.2727272727272727,1.2727272727272727,0.9216666666666666,60.90909090909091,0.8181818181818182,6,0.41175454076523593,0.6543636363636364,6.490909090909091,3.358378462742789,1.3636363636363635,0.6363636363636364,0.8181818181818182,36.0,1.3636363636363635,0.41175454076523593,0.03716615686847824,2014-11-27,2014,0.4694707873230129,0.3152167883975225,SFO,11.0,7.0,0.6363636363636364,10.545454545454545,116,10.636363636363637,117,-9.936363636363636,-0.09416112650745333,-25.11818181818182,-0.1321756850982987,2.0277919050646322,2.0315278156187246,-0.0037359105540923313,5.819990710427145,20.727272727272727,228,42.0,20.454545454545453,225,36.0,NFC West,3,0.2727272727272727,3,0.4969047619047619,0.6086363636363636,7.094545454545455,3.905838873492547,1.4545454545454546,0.5454545454545454,0.7272727272727273,56.27272727272727,1.2727272727272727,8,0.412761361445572,0.5790909090909091,5.21,3.8678243149017018,1.6363636363636365,0.5454545454545454,1.0,55.54545454545455,2.0,0.412761361445572,1.1800092895728547,2014,0.4009093966787303,0.3127275325754645,SEA vs. SFO,SFO,1600.5464038047849,7.0,SEA,1616.3339645503506,7.0,0,-16,-1.0,0,-114.0,103.0,1,0
SFO,13.0,7.0,0.5384615384615384,10.384615384615385,135,10.538461538461538,137,-17.23846153846154,-0.007025226702887803,-17.03076923076923,-0.16110384564513763,1.8414649453110992,2.0497543055235363,-0.2082893602124371,6.021958603657993,18.76923076923077,244,46.0,20.615384615384617,268,45.0,NFC West,-2,-1.8461538461538463,-24,0.4740620490620491,0.5993846153846154,6.217692307692308,3.992974773297112,1.3076923076923077,0.46153846153846156,0.7435897435897435,53.0,1.4615384615384615,3,0.39821066248191755,0.6029230769230769,6.092307692307693,3.8388961543548628,1.6923076923076923,0.46153846153846156,1.0,61.53846153846154,1.6923076923076923,0.39821066248191755,0.9780413963420074,2014-12-14,2014,0.3663760138072549,0.3279123317436217,SEA,13.0,9.0,0.6923076923076923,10.153846153846153,132,10.076923076923077,131,-6.2153846153846155,1.2884232466674812,-16.73076923076923,-0.6854901741049749,2.46009652740422,1.864531408762178,0.5955651186420418,8.732407968432579,24.76923076923077,322,60.0,18.076923076923077,235,41.0,NFC West,3,6.6923076923076925,87,0.5005501443001443,0.6412307692307693,7.21,5.288423246667481,1.3076923076923077,1.1538461538461537,0.9347222222222222,64.76923076923077,0.8461538461538461,9,0.4095340619661887,0.6346153846153846,5.814615384615385,3.314509825895025,1.3076923076923077,0.5384615384615384,0.8333333333333334,37.30769230769231,1.5384615384615385,0.4095340619661887,0.2675920315674212,2014,0.4639018192855741,0.2953442591275774,SFO vs. SEA,SEA,1616.3339645503506,7.0,SFO,1600.5464038047849,7.0,1,10,-10.0,0,-430.0,369.0,1,0
WAS,10.0,3.0,0.3,11.0,110,10.8,108,-12.260000000000002,0.1440534143129241,3.16,-0.2153660731564891,1.8300582750582752,2.353830613830614,-0.5237723387723388,3.7158016640839127,20.4,204,38.0,25.6,256,41.0,NFC East,-2,-5.2,-52,0.49184303350970016,0.6812,6.786,4.144053414312924,1.3,1.0,0.8333333333333333,69.7,2.0,-11,0.3257434232434232,0.6442,8.129000000000001,3.7846339268435107,2.0,0.6,1.0,71.5,0.9,0.3257434232434232,-0.7158016640839127,2014-11-23,2014,0.3207268516043739,0.31449271460422185,SFO,10.0,6.0,0.6,10.4,104,10.5,105,-10.129999999999999,0.06883655394524961,-24.03,-0.2490969573118323,2.0889044289044287,2.126347263847264,-0.037442834942834916,5.166190530101872,21.1,211,39.0,21.2,212,33.0,NFC West,2,-0.1,-1,0.5187830687830688,0.6005,7.042,4.06883655394525,1.5,0.5,0.7,57.2,1.1,10,0.4155759591285907,0.582,5.346,3.7509030426881678,1.8,0.5,1.0,55.8,2.1,0.4155759591285907,0.833809469898128,2014,0.4062678551211798,0.3090625833396555,WAS vs. SFO,SFO,1578.2366443142023,9.0,WAS,1361.4880133139072,23.0,1,4,-9.0,0,-420.0,361.0,0,0
TAM,9.0,1.0,0.1111111111111111,10.555555555555555,95,11.11111111111111,100,-22.844444444444445,0.1440653224787473,4.411111111111108,-0.13958523383810734,1.851845068511735,2.6955387205387202,-0.8436936520269853,2.707093817818853,18.555555555555557,167,27.0,30.22222222222222,272,48.0,NFC South,-5,-11.666666666666666,-105,0.3904761904761905,0.6056666666666667,5.506666666666667,4.144065322478748,1.5555555555555556,0.4444444444444444,0.7619047619047619,58.333333333333336,2.111111111111111,-7,0.376864420982068,0.6946666666666667,8.496666666666666,3.860414766161893,2.111111111111111,0.8888888888888888,0.7222222222222222,60.888888888888886,1.3333333333333333,0.376864420982068,-1.707093817818853,2014-11-16,2014,0.23030230048993094,0.3356216630496612,WAS,9.0,3.0,0.3333333333333333,11.11111111111111,100,11.0,99,-10.077777777777778,0.04894823812547121,-0.5222222222222234,-0.04881944636435293,1.9556203056203059,2.282034015367349,-0.3264137097470431,3.6766105816136894,21.88888888888889,197,37.0,25.444444444444443,229,37.0,NFC East,-1,-3.5555555555555554,-32,0.5394345238095238,0.677,7.203333333333333,4.0489482381254716,1.3333333333333333,1.1111111111111112,0.9523809523809523,70.0,1.8888888888888888,-9,0.32774910274910274,0.6433333333333333,7.481111111111111,3.951180553635647,2.0,0.6666666666666666,1.0,68.22222222222223,0.8888888888888888,0.32774910274910274,-0.6766105816136894,2014,0.3421837872003261,0.3041138142315303,TAM vs. WAS,WAS,1437.0160050775069,21.0,TAM,1241.2406742295072,24.0,0,-20,-6.5,0,-300.0,264.0,0,0
TEN,6.0,2.0,0.3333333333333333,10.5,63,11.333333333333334,68,-21.866666666666664,0.8480186845318425,-13.316666666666668,-0.030921180970669832,1.6435185185185184,2.253787878787879,-0.6102693602693603,2.192829460041029,17.333333333333332,104,20.0,25.5,153,27.0,AFC South,1,-8.166666666666666,-49,0.3333333333333333,0.5765,6.263333333333333,4.8480186845318425,1.1666666666666667,0.6666666666666666,0.8,70.5,1.1666666666666667,2,0.293238936988937,0.6371666666666667,6.3566666666666665,3.96907881902933,1.8333333333333333,1.0,0.75,49.5,1.5,0.293238936988937,-0.19282946004102897,2014-10-19,2014,0.3072577005269297,0.318121579850226,WAS,6.0,1.0,0.16666666666666666,11.666666666666666,70,11.333333333333334,68,-11.4,0.06995696829456428,2.7166666666666672,-0.40627069592138915,1.8500971250971252,2.416990416990417,-0.566893291893292,2.0803108183798926,22.0,132,23.0,27.666666666666668,166,27.0,NFC East,-4,-5.666666666666667,-34,0.55,0.6445,6.9316666666666675,4.069956968294565,1.6666666666666667,1.0,0.9166666666666666,80.0,2.1666666666666665,-9,0.2978174603174603,0.6498333333333334,7.855,3.593729304078611,2.1666666666666665,0.5,1.0,70.5,0.6666666666666666,0.2978174603174603,-1.0803108183798926,2014,0.2694115504220535,0.2593911958425071,TEN vs. WAS,WAS,1357.2332549690516,26.0,TEN,1401.728427353872,22.0,1,2,-6.0,0,-247.0,220.0,0,0
