Aw_Tm,Aw_G,Aw_W,Aw_Wpct,Aw_Poss,Aw_TotPoss,Aw_OppPoss,Aw_TotOppPoss,Aw_PassOffEff,Aw_RushOffEff,Aw_PassDefEff,Aw_RushDefEff,Aw_TmOffEff,Aw_TmDefEff,Aw_TmEff,Aw_TmLuckW,Aw_Pts,Aw_TotPts,Aw_TotScorePlays,Aw_OppPts,Aw_TotOppPts,Aw_TotOppScorePlays,Aw_TmDiv,Aw_WStreak,Aw_AvgMoV,Aw_TotPtDiff,Aw_OppSOS,Aw_PassCmppct,Aw_PassAdjYdsAtt,Aw_RushYdsAtt,Aw_PassTDG,Aw_RushTDG,Aw_FGpct,Aw_PenYdsG,Aw_TOVG,Aw_TO,Aw_Dwn3Conv,Aw_OppPassCmppct,Aw_OppPassAdjYdsAtt,Aw_OppRushYdsAtt,Aw_OppPassTDG,Aw_OppRushTDG,Aw_OppFGpct,Aw_OppPenYdsG,Aw_OppTOVG,Aw_OppDwn3Conv,Aw_TmLuck,Game Date,Aw_Season,Aw_OffEffAdj,Aw_DefEffAdj,Hm_Tm,Hm_G,Hm_W,Hm_Wpct,Hm_Poss,Hm_TotPoss,Hm_OppPoss,Hm_TotOppPoss,Hm_PassOffEff,Hm_RushOffEff,Hm_PassDefEff,Hm_RushDefEff,Hm_TmOffEff,Hm_TmDefEff,Hm_TmEff,Hm_TmLuckW,Hm_Pts,Hm_TotPts,Hm_TotScorePlays,Hm_OppPts,Hm_TotOppPts,Hm_TotOppScorePlays,Hm_TmDiv,Hm_WStreak,Hm_AvgMoV,Hm_TotPtDiff,Hm_OppSOS,Hm_PassCmppct,Hm_PassAdjYdsAtt,Hm_RushYdsAtt,Hm_PassTDG,Hm_RushTDG,Hm_FGpct,Hm_PenYdsG,Hm_TOVG,Hm_TO,Hm_Dwn3Conv,Hm_OppPassCmppct,Hm_OppPassAdjYdsAtt,Hm_OppRushYdsAtt,Hm_OppPassTDG,Hm_OppRushTDG,Hm_OppFGpct,Hm_OppPenYdsG,Hm_OppTOVG,Hm_OppDwn3Conv,Hm_TmLuck,Hm_Season,Hm_OffEffAdj,Hm_DefEffAdj,Matchup,Home Team,Home Pts,Home Elo,Home Lg Rank,Away Team,Away Pts,Away Elo,Away Lg Rank,Home W,Home Pt Diff,Home Spread,Home Spread W,Home Moneyline,Away Moneyline,Divisional Game,Playoff Game
WAS,1.0,1.0,1.0,14.0,14,14.0,14,-20.099999999999994,-1.9377777777777778,-33.599999999999994,-0.8070588235294118,1.9285714285714286,1.2142857142857142,0.7142857142857144,0.7495882977312083,27.0,27.0,5.0,17.0,17.0,3.0,NFC East,1,10.0,10,0.5,0.5479999999999999,5.77,2.2222222222222223,1.0,2.0,0.6666666666666666,55.0,0.0,3.0,0.2777777777777778,0.5710000000000001,3.76,3.3529411764705883,2.0,0.0,0.5,20.0,3.0,0.2777777777777778,0.2504117022687917,2020-09-20,2020,0.4465756079531399,0.05365965048616965,ARI,1.0,1.0,1.0,11.0,11,11.0,11,-22.5,0.8399999999999999,0.9000000000000057,0.7599999999999998,2.1818181818181817,1.8181818181818181,0.36363636363636354,0.6063755161446597,24.0,24.0,4.0,20.0,20.0,4.0,NFC West,1,4.0,4,0.5,0.65,4.98,5.0,1.0,2.0,0.3333333333333333,102.0,1.0,-1.0,0.5,0.5760000000000001,8.58,4.92,2.0,0.0,1.0,53.0,0.0,0.5,0.3936244838553403,2020,0.5067725395837601,0.1431361759473965,WAS vs. ARI,ARI,30,1550.0,1.0,WAS,15,1550.0,1.0,1,15,-7.5,1,-313.0,268.0,0,0
DET,2.0,0.0,0.0,11.0,22,10.0,20,-18.0,0.3383579638752052,3.5,2.2007142857142856,2.0,3.5606060606060606,-1.5606060606060608,0.5682140026010839,22.0,44.0,8.0,34.5,69.0,11.0,NFC North,-2,-12.5,-25,1.0,0.5885,6.355,4.498357963875206,1.5,1.0,0.375,73.5,1.0,-2.0,0.4375,0.5780000000000001,8.290000000000001,6.360714285714286,2.5,1.0,1.0,54.0,0.0,0.4375,-0.5682140026010839,2020-09-27,2020,0.2603247267998029,0.1187411492847019,ARI,2.0,2.0,1.0,11.0,22,11.0,22,-17.549999999999997,0.8399999999999999,-6.899999999999999,0.8434782608695652,2.454545454545454,1.5909090909090908,0.8636363636363635,1.444285496900056,27.0,54.0,10.0,17.5,35.0,7.0,NFC West,2,9.5,19,1.0,0.667,5.82,5.0,1.0,2.0,0.6666666666666666,99.5,1.0,0.0,0.45588235294117646,0.5760000000000001,7.609999999999999,5.003478260869565,1.5,0.5,1.0,47.5,1.0,0.45588235294117646,0.555714503099944,2020,0.5808442052499873,0.24750003458408198,DET vs. ARI,ARI,23,1600.0,1.0,DET,26,1414.0064999802885,22.0,0,-3,-4.5,0,-218.0,193.0,0,0
ARI,3.0,2.0,0.6666666666666666,10.333333333333334,31,10.666666666666666,32,-21.0,0.5190123456790122,0.03333333333333618,0.28676328502415444,2.488215488215488,1.927272727272727,0.5609427609427607,1.8721504354303098,25.666666666666668,77.0,14.0,20.333333333333332,61.0,13.0,NFC West,-1,5.333333333333333,16,0.5,0.6636666666666667,5.526666666666667,4.679012345679013,1.3333333333333333,1.6666666666666667,0.7777777777777777,79.0,1.6666666666666667,-3.0,0.4372549019607843,0.6206666666666667,7.996666666666666,4.446763285024154,1.6666666666666667,0.3333333333333333,1.0,47.0,0.6666666666666666,0.4372549019607843,0.1278495645696902,2020-10-04,2020,0.47085907423629747,0.2881462952021455,CAR,3.0,1.0,0.3333333333333333,9.666666666666666,29,10.0,30,-3.4666666666666686,-0.2326190476190478,-8.4,0.8142445492796124,2.3777777777777778,2.731986531986532,-0.3542087542087542,1.2762072400110038,22.666666666666668,68.0,15.0,27.0,81.0,14.0,NFC South,1,-4.333333333333333,-13,0.25,0.7396666666666666,7.59,3.927380952380952,0.6666666666666666,1.3333333333333333,1.0,57.333333333333336,1.3333333333333333,2.0,0.4446386946386946,0.7013333333333334,6.706666666666667,4.974244549279613,1.0,2.3333333333333335,1.0,45.666666666666664,2.0,0.4446386946386946,-0.27620724001100383,2020,0.4696194413774131,0.2681455404427327,ARI vs. CAR,CAR,31,1464.0064999802885,17.0,ARI,21,1525.527670641467,8.0,1,10,3.0,1,141.0,-157.0,0,0
ARI,4.0,2.0,0.5,10.0,40,10.0,40,-11.575,0.7514331723027374,-0.34999999999999787,0.37507246376811576,2.4494949494949494,2.4142045454545453,0.035290404040403955,2.1564910441551604,24.5,98.0,17.0,23.0,92.0,18.0,NFC West,-2,1.5,6,0.4444444444444444,0.69125,5.702500000000001,4.911433172302738,1.75,1.25,0.7777777777777777,66.5,1.5,-3.0,0.41127450980392155,0.64125,7.8275,4.535072463768116,1.75,0.75,0.875,53.25,0.75,0.41127450980392155,-0.15649104415516035,2020-10-11,2020,0.4083728265585142,0.3198947575325445,NYJ,4.0,0.0,0.0,10.5,42,10.0,40,-31.125,-0.11337643678160925,-1.8500000000000014,0.04833043659621783,1.5227272727272727,3.290909090909091,-1.7681818181818183,0.7243221229755259,16.25,65.0,13.0,32.75,131.0,21.0,AFC East,-4,-16.5,-66,0.16666666666666666,0.6024999999999999,4.1725,4.046623563218391,0.75,0.5,1.0,83.75,1.25,1.0,0.347957963089542,0.7262500000000001,7.1975,4.208330436596218,1.75,1.5,0.7916666666666666,68.0,1.5,0.347957963089542,-0.7243221229755259,2020,0.25347507381737006,0.2986827213594623,ARI vs. NYJ,NYJ,10,1315.7512647424771,27.0,ARI,30,1466.76545012671,11.0,0,-20,7.0,0,254.0,-295.0,0,0
ARI,5.0,3.0,0.6,10.0,50,10.0,50,-8.819999999999999,0.6158132045088566,-4.659999999999999,0.3466293995859212,2.5595959595959594,2.1313636363636363,0.4282323232323232,3.087591083882955,25.6,128.0,22.0,20.4,102.0,20.0,NFC West,1,5.2,26,0.3333333333333333,0.6990000000000001,6.422,4.775813204508856,1.6,1.6,0.8333333333333333,65.0,1.4,-4.0,0.41235294117647053,0.6220000000000001,7.366,4.506629399585921,1.6,0.6,0.9,48.6,0.6,0.41235294117647053,-0.087591083882955,2020-10-19,2020,0.43229198461829993,0.3129927132893636,DAL,5.0,2.0,0.4,11.4,57,11.0,55,-1.2400000000000007,0.04822136294883785,4.7399999999999975,0.36396514161220034,2.8453846153846154,3.2512820512820513,-0.4058974358974357,2.20522910490479,32.6,163.0,27.0,36.0,180.0,31.0,NFC East,1,-3.4,-17,0.41666666666666663,0.6836,8.065999999999999,4.208221362948838,2.0,1.8,0.875,54.8,2.2,-8.0,0.47122766122766124,0.644,8.260000000000002,4.5239651416122,2.4,1.4,0.9166666666666666,47.2,0.6,0.47122766122766124,-0.20522910490478985,2020,0.4542414532195462,0.42777417362891457,ARI vs. DAL,DAL,10,1465.0278070983709,16.0,ARI,38,1496.3052912247954,10.0,0,-28,-1.0,0,-114.0,103.0,0,0
SEA,5.0,5.0,1.0,10.4,52,10.4,52,21.319999999999997,0.9105128205128205,-11.280000000000001,-0.4404818920916484,3.2735042735042734,2.6823931623931623,0.5911111111111111,3.130406271738234,33.8,169.0,25.0,27.0,135.0,26.0,NFC West,5,6.8,34,0.5208333333333334,0.7283999999999999,9.77,5.07051282051282,3.8,0.8,1.0,33.8,0.8,6.0,0.30930402930402934,0.6704000000000001,7.022,3.719518107908352,1.6,1.2,0.9,43.6,2.0,0.30930402930402934,1.869593728261766,2020-10-25,2020,0.6605378584867083,0.5869593728261766,ARI,6.0,4.0,0.6666666666666666,10.0,60,10.0,60,-8.716666666666667,1.0627014799478567,-9.816666666666665,0.19428993175369982,2.766329966329966,1.9428030303030301,0.8235269360269358,4.047046067607937,27.666666666666668,166.0,28.0,18.666666666666668,112.0,22.0,NFC West,2,9.0,54,0.3466666666666667,0.645,6.858333333333334,5.222701479947857,1.6666666666666667,1.8333333333333333,0.8666666666666666,61.333333333333336,1.1666666666666667,0.0,0.4333710407239819,0.6233333333333334,6.685,4.3542899317537005,1.5,0.5,0.8333333333333334,46.5,1.1666666666666667,0.4333710407239819,-0.04704606760793695,2020,0.4630075280749382,0.30268051809062607,SEA vs. ARI,ARI,37,1541.816219798112,7.0,SEA,34,1684.8453457389448,1.0,1,3,3.5,1,166.0,-186.0,1,0
MIA,7.0,4.0,0.5714285714285714,10.571428571428571,74,10.857142857142858,76,-4.7571428571428545,-0.49059163059163063,-16.8,0.7942868170891622,2.547077922077922,1.8783189033189036,0.6687590187590188,4.49976553522546,26.857142857142858,188.0,33.0,18.571428571428573,130.0,21.0,AFC East,3,8.285714285714286,58,0.6190476190476191,0.698857142857143,6.96,3.6694083694083695,1.5714285714285714,1.0,1.0,35.714285714285715,1.2857142857142858,4.0,0.3645243645243645,0.6290000000000001,6.365714285714286,4.954286817089162,1.1428571428571428,1.2857142857142858,0.5833333333333334,52.142857142857146,1.8571428571428572,0.3645243645243645,-0.4997655352254604,2020-11-08,2020,0.41410760103776023,0.21711451834636342,ARI,7.0,5.0,0.7142857142857143,10.428571428571429,73,10.285714285714286,72,-6.828571428571428,1.0049129568384225,-10.828571428571427,0.5246294653126952,2.7777333777333775,2.070021645021645,0.7077117327117326,4.596979319463968,29.0,203.0,35.0,20.857142857142858,146.0,28.0,NFC West,3,8.142857142857142,57,0.45555555555555555,0.654,6.994285714285715,5.164912956838423,1.8571428571428572,1.7142857142857142,0.8472222222222222,58.285714285714285,1.2857142857142858,1.0,0.43098470157293683,0.6285714285714287,6.578571428571428,4.684629465312695,1.7142857142857142,0.5714285714285714,0.8571428571428571,51.0,1.4285714285714286,0.43098470157293683,0.4030206805360317,2020,0.5070562109956186,0.35572337114089064,MIA vs. ARI,ARI,31,1611.3107455687075,6.0,MIA,34,1581.869791162484,14.0,0,-3,-6.0,0,-241.0,211.0,0,0
BUF,9.0,7.0,0.7777777777777778,9.11111111111111,82,9.666666666666666,87,2.944444444444446,-0.2941016545535997,-6.422222222222221,0.25851964874663075,2.9253086419753087,2.7107182940516275,0.21459034792368126,4.90240766474035,26.88888888888889,242.0,44.0,25.88888888888889,233.0,41.0,AFC East,3,1.0,9,0.5821428571428571,0.6788888888888889,8.196666666666665,3.8658983454464004,2.111111111111111,1.0,0.8125,63.44444444444444,1.2222222222222223,3.0,0.4879501399109242,0.6743333333333333,6.998888888888889,4.4185196487466305,1.5555555555555556,1.4444444444444444,0.9375,46.77777777777778,1.5555555555555556,0.4879501399109242,2.09759233525965,2020-11-15,2020,0.6616450714788952,0.5287372742600838,ARI,8.0,5.0,0.625,10.25,82,10.0,80,-0.049999999999998934,0.9606501885849711,-7.1875,0.3940507821486082,2.861072261072261,2.3425189393939396,0.5185533216783216,5.042465681281301,29.25,234.0,40.0,22.5,180.0,33.0,NFC West,-1,6.75,54,0.47210884353741495,0.67325,7.6775,5.120650188584971,2.0,1.625,0.7976190476190476,59.875,1.25,0.0,0.4291949472096531,0.63925,6.92125,4.554050782148608,1.75,0.625,0.875,54.0,1.25,0.4291949472096531,-0.04246568128130068,2020,0.4852155072389451,0.35874786330893293,BUF vs. ARI,ARI,32,1557.083963621805,10.0,BUF,30,1664.1924627971578,3.0,1,2,-3.0,0,-153.0,138.0,0,0
ARI,9.0,6.0,0.6666666666666666,10.444444444444445,94,10.222222222222221,92,-1.4333333333333325,1.080577945408863,-8.044444444444444,0.338662423638269,2.8394716394716393,2.360016835016835,0.4794548044548044,5.5806303768003085,29.555555555555557,266.0,47.0,23.333333333333332,210.0,39.0,NFC West,1,6.222222222222222,56,0.5103174603174603,0.6748888888888889,7.5566666666666675,5.240577945408863,1.8888888888888888,1.6666666666666667,0.8229166666666666,57.666666666666664,1.3333333333333333,0.0,0.4242416624769566,0.6415555555555555,6.743333333333333,4.498662423638269,1.8888888888888888,0.5555555555555556,0.8888888888888888,55.666666666666664,1.3333333333333333,0.4242416624769566,0.4193696231996915,2020-11-19,2020,0.5232983123999828,0.3965645112376666,SEA,9.0,6.0,0.6666666666666666,10.666666666666666,96,10.555555555555555,95,6.92222222222222,0.7417420488008724,-2.6999999999999997,-0.69066057562627,3.0371320037986704,2.8348528015194683,0.20227920227920232,4.9080813728570964,32.22222222222222,290.0,47.0,29.555555555555557,266.0,49.0,NFC West,-2,2.6666666666666665,24,0.5870535714285714,0.701111111111111,8.31111111111111,4.901742048800873,3.111111111111111,1.0,1.0,34.77777777777778,1.5555555555555556,1.0,0.36457061457061457,0.7014444444444445,7.720000000000001,3.4693394243737306,1.7777777777777777,1.5555555555555556,0.875,45.888888888888886,1.6666666666666667,0.36457061457061457,1.0919186271429036,2020,0.5489816845783755,0.521057324830412,ARI vs. SEA,SEA,28,1684.8453457389448,1.0,ARI,21,1541.816219798112,7.0,1,7,-3.0,1,-164.0,147.0,1,0
ARI,10.0,6.0,0.6,10.2,102,10.1,101,-1.189999999999999,0.8731868175346434,-5.480000000000001,0.4210542457905711,2.818024475524475,2.435126262626263,0.38289821289821285,5.916488604037088,28.7,287.0,50.0,23.8,238.0,44.0,NFC West,-1,4.9,49,0.5276895943562611,0.6764,7.508,5.033186817534643,1.9,1.6,0.8229166666666666,63.4,1.2,0.0,0.4363629507747155,0.6595000000000001,6.862,4.581054245790571,1.9,0.6,0.9,58.0,1.2,0.4363629507747155,0.0835113959629119,2020-11-29,2020,0.4942897743119074,0.39571732814095856,NWE,10.0,4.0,0.4,8.6,86,9.1,91,-18.639999999999997,0.44907469079537315,-7.520000000000001,0.08287920661604882,2.478333333333333,2.631262626262626,-0.15292929292929291,4.4059758964001245,20.9,209.0,38.0,23.8,238.0,44.0,AFC East,-1,-2.9,-29,0.6040564373897708,0.6722,5.694,4.609074690795373,0.6,1.5,0.85,35.8,1.5,0.0,0.4294855144855145,0.6833,7.596000000000001,4.242879206616049,1.6,0.9,0.9629629629629629,42.7,1.5,0.4294855144855145,-0.40597589640012455,2020,0.42392199527534336,0.41553523138285114,ARI vs. NWE,NWE,20,1427.4584859353358,15.0,ARI,17,1560.0675670596995,11.0,1,3,1.0,1,104.0,-115.0,0,0
LAR,11.0,7.0,0.6363636363636364,11.0,121,11.090909090909092,122,-6.363636363636365,-0.039608738119797954,-22.181818181818183,-0.35109278938155947,2.282593164411346,1.8200960655506109,0.4624970988607352,6.710786179583435,23.90909090909091,263.0,45.0,19.545454545454547,215.0,36.0,NFC West,-1,4.363636363636363,48,0.4833333333333333,0.6786363636363636,7.202727272727273,4.120391261880202,1.4545454545454546,1.3636363636363635,0.8030303030303029,38.09090909090909,1.7272727272727273,-1.0,0.4537433155080214,0.6342727272727273,5.071818181818181,3.8089072106184405,1.0,0.8181818181818182,0.9166666666666666,36.72727272727273,1.6363636363636365,0.4537433155080214,0.28921382041656507,2020-12-06,2020,0.38167890452197256,0.2760146777458989,ARI,11.0,6.0,0.5454545454545454,10.090909090909092,111,10.0,110,-4.1909090909090905,0.7846083367961999,-12.245454545454548,0.3379281022338525,2.7335576040121494,2.415771349862259,0.3177862541498904,6.321369200651113,27.636363636363637,304.0,53.0,23.454545454545453,258.0,48.0,NFC West,-2,4.181818181818182,46,0.514920634920635,0.6763636363636363,7.132727272727274,4.9446083367961995,1.7272727272727273,1.6363636363636365,0.787037037037037,62.18181818181818,1.1818181818181819,1.0,0.4356546305744166,0.645,6.131818181818182,4.497928102233853,1.7272727272727273,0.7272727272727273,0.9090909090909091,56.54545454545455,1.2727272727272727,0.4356546305744166,-0.3213692006511133,2020,0.4635277906351278,0.38394568460226985,LAR vs. ARI,ARI,28,1491.859305558815,13.0,LAR,38,1565.1913336039606,9.0,0,-10,2.5,0,130.0,-144.0,1,0
ARI,12.0,6.0,0.5,10.25,123,10.0,120,-5.766666666666666,0.7376370071425483,-10.866666666666669,0.282993233499311,2.7002055814555814,2.5311237373737376,0.16908184408184404,6.647935951422699,27.666666666666668,332.0,57.0,24.666666666666668,296.0,53.0,NFC West,-3,3.0,36,0.5259609077790895,0.6648333333333333,6.8691666666666675,4.897637007142548,1.8333333333333333,1.5833333333333333,0.7083333333333333,58.75,1.25,0.0,0.4271278558043264,0.6568333333333334,6.265833333333333,4.442993233499311,1.6666666666666667,0.9166666666666666,0.875,58.083333333333336,1.25,0.4271278558043264,-0.6479359514226992,2020-12-13,2020,0.4383927173231072,0.3810134684545812,NYG,12.0,5.0,0.4166666666666667,9.666666666666666,116,9.833333333333334,118,-24.016666666666666,0.31985273935542735,-10.833333333333334,-0.18508819847416183,2.0419402356902356,2.2996001683501683,-0.25765993265993264,5.300193519472295,19.25,231.0,46.0,22.083333333333332,265.0,49.0,NFC East,4,-2.8333333333333335,-34,0.4623278236914601,0.6290833333333333,5.128333333333333,4.479852739355428,0.75,0.9166666666666666,0.9696969696969696,43.25,1.4166666666666667,3.0,0.395497557997558,0.6705,6.3875,3.9749118015258382,1.4166666666666667,0.8333333333333334,0.8680555555555555,39.666666666666664,1.6666666666666667,0.395497557997558,-0.30019351947229467,2020,0.38663153599445005,0.37026166493351526,ARI vs. NYG,NYG,7,1540.776263145097,17.0,ARI,26,1452.258662148685,14.0,0,-19,3.0,0,139.0,-154.0,0,0
PHI,13.0,4.0,0.3076923076923077,11.23076923076923,146,11.076923076923077,144,-29.138461538461538,1.1141495581167036,-2.0461538461538464,0.20467298121144253,1.9289812751351212,2.368407233791849,-0.4394259586567279,5.477534302278202,21.307692307692307,277.0,43.0,25.23076923076923,328.0,58.0,NFC East,1,-3.923076923076923,-51,0.589045214045214,0.5694615384615385,4.665384615384616,5.274149558116704,1.3846153846153846,0.9230769230769231,0.7083333333333334,48.30769230769231,1.7692307692307692,-10.0,0.355690501052492,0.6739230769230768,7.338461538461539,4.364672981211442,1.4615384615384615,1.3846153846153846,0.8257575757575757,63.38461538461539,1.0,0.355690501052492,-1.477534302278202,2020-12-20,2020,0.26104637776714296,0.3260165654208677,ARI,13.0,7.0,0.5384615384615384,10.307692307692308,134,10.153846153846153,132,-5.615384615384614,0.6453321926396332,-13.00769230769231,0.29416569970072143,2.6743156416233336,2.3812937062937065,0.2930219353296276,7.605234473301823,27.53846153846154,358.0,63.0,23.307692307692307,303.0,54.0,NFC West,1,4.230769230769231,55,0.5168530543530544,0.6664615384615384,6.892307692307692,4.805332192639633,1.7692307692307692,1.5384615384615385,0.7348484848484849,55.92307692307692,1.1538461538461537,3.0,0.42418639681083115,0.6479999999999999,6.043846153846153,4.454165699700722,1.5384615384615385,0.9230769230769231,0.875,54.38461538461539,1.3846153846153846,0.42418639681083115,-0.6052344733018229,2020,0.44826075096554835,0.35857653755343916,PHI vs. ARI,ARI,33,1514.7287194235212,14.0,PHI,26,1427.3839679400676,24.0,1,7,-6.5,1,-259.0,226.0,0,0
SFO,14.0,5.0,0.35714285714285715,11.071428571428571,155,10.642857142857142,149,-13.792857142857143,0.010295573354488243,-10.671428571428569,-0.20867503691259412,2.290878169449598,2.362689889475604,-0.07181172002600575,6.582213889263484,23.785714285714285,333.0,58.0,25.142857142857142,352.0,62.0,NFC West,-3,-1.3571428571428572,-19,0.4537885191731346,0.6582142857142858,6.502857142857143,4.170295573354489,1.5,1.2857142857142858,0.9545454545454546,48.5,2.0714285714285716,-11.0,0.4005077264005835,0.6415,6.305714285714286,3.951324963087406,1.6428571428571428,0.7142857142857143,0.9107142857142857,46.714285714285715,1.2857142857142858,0.4005077264005835,-1.5822138892634836,2020-12-26,2020,0.3319039605634645,0.33935893521843913,ARI,14.0,8.0,0.5714285714285714,10.428571428571429,146,10.214285714285714,143,-3.1785714285714275,0.5473322741177545,-12.142857142857144,0.26418834676643344,2.679721667221667,2.3800324675324673,0.29968919968919966,8.242851011071368,27.928571428571427,391.0,68.0,23.5,329.0,58.0,NFC West,2,4.428571428571429,62,0.5007637661483815,0.6729285714285714,7.2457142857142856,4.707332274117754,1.8571428571428572,1.5,0.7569444444444445,57.857142857142854,1.2857142857142858,0.0,0.4153159398957718,0.6406428571428572,6.205,4.424188346766433,1.6428571428571428,0.9285714285714286,0.875,55.42857142857143,1.2857142857142858,0.4153159398957718,-0.24285101107136775,2020,0.4576742325083889,0.36958773294598435,SFO vs. ARI,ARI,12,1500.0,1.0,SFO,20,1500.0,1.0,0,-8,-6.0,0,-280.0,242.0,1,0
ARI,15.0,8.0,0.5333333333333333,10.466666666666667,157,10.266666666666667,154,-5.326666666666666,0.5298064188062006,-9.780000000000003,0.473686901426449,2.5738008288008287,2.3425757575757578,0.23122507122507116,8.472435882141927,26.866666666666667,403.0,71.0,23.266666666666666,349.0,61.0,NFC West,-1,3.6,54,0.4905051297908441,0.6694,7.009333333333333,4.6898064188062,1.7333333333333334,1.4666666666666666,0.7756410256410257,55.333333333333336,1.3333333333333333,-1.0,0.4042948772360537,0.6373333333333334,6.491333333333333,4.633686901426449,1.7333333333333334,0.8666666666666667,0.8076923076923077,53.53333333333333,1.2666666666666666,0.4042948772360537,-0.47243588214192656,2021-01-03,2020,0.43798600949805655,0.3572213901252565,LAR,15.0,9.0,0.6,10.8,162,10.933333333333334,164,-9.686666666666667,0.1332430494673082,-21.56,-0.3648719864331765,2.2684471084471083,1.80995596995597,0.4584911384911384,8.92593631661388,23.6,354.0,60.0,19.266666666666666,289.0,50.0,NFC West,-2,4.333333333333333,65,0.4709338280766852,0.6731333333333333,6.709333333333333,4.293243049467308,1.3333333333333333,1.2666666666666666,0.8222222222222222,41.13333333333333,1.5333333333333334,-2.0,0.43073097181456316,0.6305999999999999,5.098,3.7951280135668237,1.0666666666666667,0.8,0.8653846153846154,36.266666666666666,1.4,0.43073097181456316,0.0740636833861199,2020,0.37219910329348443,0.28605820494687234,ARI vs. LAR,LAR,18,1565.1913336039606,9.0,ARI,7,1491.859305558815,13.0,1,11,-1.0,1,-125.0,113.0,1,0
ATL,1.0,0.0,0.0,13.0,13,10.0,10,-2.700000000000003,-0.7314285714285718,40.400000000000006,0.040000000000000036,1.9230769230769231,3.8,-1.8769230769230767,0.2704494423676875,25.0,25.0,5.0,38.0,38.0,6.0,NFC South,-1,-13.0,-13,0.5,0.685,7.94,3.4285714285714284,2.0,1.0,1.0,72.0,2.0,-2.0,0.5,0.8859999999999999,10.83,4.2,4.0,1.0,1.0,46.0,0.0,0.5,-0.2704494423676875,2020-09-20,2020,0.2805963683201202,-0.16226966542061252,DAL,1.0,0.0,0.0,10.0,10,9.0,9,-9.900000000000006,0.8770370370370371,-21.400000000000006,-0.33499999999999996,1.7,2.2222222222222223,-0.5222222222222224,0.4048805966140252,17.0,17.0,3.0,20.0,20.0,4.0,NFC East,-1,-3.0,-3,0.5,0.6409999999999999,6.77,5.037037037037037,1.0,1.0,0.5,50.0,0.0,1.0,0.25,0.645,7.23,3.825,0.0,2.0,0.6666666666666666,34.0,1.0,0.25,-0.4048805966140252,2020,0.17853582101579243,-0.17994693182845564,ATL vs. DAL,DAL,40,1450.0,17.0,ATL,39,1450.0,17.0,1,1,-3.0,0,-145.0,131.0,0,0
CHI,2.0,2.0,1.0,10.0,20,10.0,20,-12.099999999999994,0.6100892857142854,-28.5,0.30264367816091964,2.1717171717171717,1.7676767676767677,0.4040404040404041,1.2476761969687928,22.0,44.0,8.0,18.0,36.0,8.0,NFC North,2,4.0,8,0.0,0.5995,5.93,4.770089285714286,2.5,0.0,0.75,48.0,1.0,1.0,0.37215909090909094,0.5980000000000001,5.32,4.462643678160919,0.5,1.0,0.7083333333333333,43.5,1.5,0.37215909090909094,0.7523238030312072,2020-09-27,2020,0.5504647606062415,0.35046476060624143,ATL,2.0,0.0,0.0,12.5,25,11.5,23,9.75,-0.7839495798319329,22.450000000000003,-0.04387096774193555,2.5865384615384617,3.4384615384615387,-0.8519230769230769,0.7554531402382993,32.0,64.0,13.0,39.0,78.0,13.0,NFC South,-2,-7.0,-14,0.0,0.667,8.66,3.3760504201680672,3.0,0.5,1.0,61.5,1.0,1.0,0.4852941176470588,0.79,10.16,4.116129032258065,2.5,2.5,1.0,60.5,1.5,0.4852941176470588,-0.7554531402382993,2020,0.3235821835380422,0.06911106906308931,CHI vs. ATL,ATL,26,1400.0,22.0,CHI,30,1585.9935000197115,1.0,0,-4,-2.5,0,-135.0,122.0,0,0
ATL,3.0,0.0,0.0,12.666666666666666,38,12.0,36,-4.699999999999998,0.010700280112044602,9.766666666666671,0.31741935483870964,2.391025641025641,3.0615384615384613,-0.6705128205128205,1.1714693503153228,30.0,90.0,18.0,36.0,108.0,18.0,NFC South,-3,-6.0,-18,0.5,0.6113333333333334,7.546666666666667,4.170700280112045,2.3333333333333335,1.0,0.8888888888888888,66.0,1.0,2.0,0.42609351432880843,0.7163333333333334,8.713333333333333,4.47741935483871,3.0,1.6666666666666667,0.8333333333333334,67.0,1.6666666666666667,0.42609351432880843,-1.1714693503153228,2020-10-05,2020,0.28871536573968587,0.13808844161411288,GNB,3.0,3.0,1.0,9.0,27,10.0,30,18.966666666666665,1.2089102564102563,10.233333333333334,1.3163347763347761,4.518518518518518,2.8956228956228958,1.6228956228956228,2.0953313930147752,40.666666666666664,122.0,20.0,28.333333333333332,85.0,14.0,NFC North,3,12.333333333333334,37,0.25,0.6609999999999999,9.799999999999999,5.368910256410256,3.0,1.3333333333333333,1.0,44.333333333333336,0.0,3.0,0.5,0.7239999999999999,8.493333333333334,5.4763347763347765,2.3333333333333335,1.0,0.6666666666666666,57.666666666666664,1.0,0.5,0.9046686069852248,2020,0.9641157054284505,0.45183733886436833,ATL vs. GNB,GNB,30,1623.864708082735,1.0,ATL,16,1374.472329358533,25.0,1,14,-5.0,1,-221.0,195.0,0,0
CAR,4.0,2.0,0.5,9.25,37,9.75,39,-2.9750000000000014,-0.01446428571428593,-2.125,0.9728573250031876,2.752083333333333,2.632323232323232,0.11976010101010098,1.991866631286153,24.75,99.0,20.0,25.5,102.0,17.0,NFC South,2,-0.75,-3,0.38888888888888884,0.7304999999999999,7.5225,4.145535714285714,1.0,1.5,0.875,61.0,1.25,2.0,0.49256993006993005,0.7195,6.5875,5.1328573250031875,1.5,1.75,1.0,41.5,1.75,0.49256993006993005,0.008133368713846956,2020-10-11,2020,0.5416396444207902,0.3278094055649705,ATL,4.0,0.0,0.0,11.5,46,11.0,44,-6.399999999999999,-0.25197478991596656,18.825000000000003,0.04421836228287834,2.293269230769231,3.233653846153846,-0.9403846153846154,1.3554207198269326,26.5,106.0,21.0,34.5,138.0,23.0,NFC South,-4,-8.0,-32,0.6666666666666666,0.638,7.255000000000001,3.9080252100840336,1.75,1.25,0.9166666666666666,55.25,0.75,2.0,0.3820701357466063,0.7417499999999999,9.5275,4.204218362282878,3.25,1.25,0.875,57.75,1.25,0.3820701357466063,-1.3554207198269326,2020,0.30182698306323047,0.21491661047716218,CAR vs. ATL,ATL,16,1355.2498439607657,27.0,CAR,23,1522.7687204950455,11.0,0,-7,-2.5,0,-139.0,125.0,1,0
ATL,5.0,0.0,0.0,10.8,54,10.4,52,-12.839999999999998,0.3497535014005601,18.92,0.12189320834482116,2.2346153846153847,3.1619230769230766,-0.9273076923076923,1.6527420937430968,24.4,122.0,25.0,32.2,161.0,28.0,NFC South,-5,-7.8,-39,0.625,0.624,6.6800000000000015,4.50975350140056,1.4,1.2,0.9333333333333332,52.2,0.8,1.0,0.3979638009049774,0.7434,9.584,4.281893208344822,3.0,1.0,0.9,51.2,1.0,0.3979638009049774,-1.6527420937430968,2020-10-18,2020,0.3099312876163799,0.2527816206738203,MIN,5.0,1.0,0.2,10.2,51,10.2,51,-11.679999999999998,1.1072554816457254,1.480000000000001,0.6591968325791856,2.6015384615384614,3.052626262626263,-0.4510878010878011,2.090882265962461,26.4,132.0,22.0,30.4,152.0,30.0,NFC North,-1,-4.0,-20,0.5,0.639,6.858,5.2672554816457255,1.6,1.6,0.8,35.2,1.8,-5.0,0.3934920634920635,0.6679999999999999,8.156,4.819196832579186,2.0,1.0,1.0,48.2,0.8,0.3934920634920635,-1.090882265962461,2020,0.33725721626990535,0.34224914518088695,ATL vs. MIN,MIN,23,1407.1882614107417,19.0,ATL,40,1327.6483581064754,26.0,0,-17,-3.5,0,-188.0,167.0,0,0
DET,5.0,2.0,0.4,10.2,51,9.4,47,-9.879999999999999,0.04726859347548977,-7.619999999999999,0.5226455026455026,2.6444444444444444,3.1303535353535357,-0.48590909090909096,2.38722669020635,26.6,133.0,24.0,28.6,143.0,23.0,NFC North,1,-2.0,-10,0.6333333333333333,0.6096,6.904000000000001,4.20726859347549,1.8,1.2,0.6041666666666666,60.4,0.8,2.0,0.39166666666666666,0.6282,7.024000000000001,4.682645502645503,2.0,1.4,0.875,53.8,1.2,0.39166666666666666,-0.3872266902063499,2020-10-25,2020,0.43414337033352,0.35359057925639975,ATL,6.0,1.0,0.16666666666666666,10.833333333333334,65,10.5,63,-4.750000000000001,0.04407386377974606,13.966666666666669,-0.18149924945623877,2.468240093240093,2.983420745920746,-0.5151806526806526,2.4405099934584626,27.0,162.0,33.0,30.666666666666668,184.0,31.0,NFC South,1,-3.6666666666666665,-22,0.54,0.645,7.413333333333334,4.204073863779747,1.8333333333333333,1.0,0.9444444444444443,47.666666666666664,0.8333333333333334,3.0,0.4198717948717949,0.7306666666666667,9.181666666666667,3.9785007505437613,3.0,0.8333333333333334,0.9,47.666666666666664,1.3333333333333333,0.4198717948717949,-1.4405099934584626,2020,0.3858030005535147,0.29191584709732177,DET vs. ATL,ATL,22,1388.899198192987,20.0,DET,23,1468.7589222065644,16.0,0,-1,-1.0,0,-113.0,102.0,0,0
ATL,7.0,1.0,0.14285714285714285,10.571428571428571,74,10.428571428571429,73,-3.5714285714285725,-0.19387075412285507,12.900000000000002,-0.31448234987405504,2.4648407148407148,2.8857892107892105,-0.4209484959484958,2.9141966567633792,26.285714285714285,184.0,36.0,29.571428571428573,207.0,36.0,NFC South,-1,-3.2857142857142856,-23,0.5166666666666667,0.6582857142857143,7.517142857142858,3.966129245877145,1.7142857142857142,1.1428571428571428,0.9444444444444443,48.42857142857143,0.8571428571428571,2.0,0.4313186813186813,0.7254285714285714,9.227142857142857,3.845517650125945,2.7142857142857144,0.8571428571428571,0.875,48.0,1.1428571428571428,0.4313186813186813,-1.9141966567633792,2020-10-29,2020,0.3534535142017729,0.28784524531608285,CAR,7.0,3.0,0.42857142857142855,8.714285714285714,61,9.0,63,-2.671428571428574,-0.20576263455573818,-8.714285714285714,0.8009595223335128,2.7833333333333337,2.7613275613275614,0.02200577200577203,3.4225298396331834,23.142857142857142,162.0,33.0,24.0,168.0,31.0,NFC South,-2,-0.8571428571428571,-6,0.42777777777777776,0.7207142857142858,7.655714285714287,3.954237365444262,1.1428571428571428,1.1428571428571428,0.8214285714285714,49.0,1.1428571428571428,2.0,0.4811022311022311,0.6924285714285714,6.248571428571429,4.960959522333512,1.2857142857142858,1.4285714285714286,1.0,49.714285714285715,1.4285714285714286,0.4811022311022311,-0.42252983963318336,2020,0.5083290756255385,0.3920670634271458,ATL vs. CAR,CAR,17,1522.7687204950455,11.0,ATL,25,1355.2498439607657,27.0,0,-8,-1.5,0,-115.0,104.0,1,0
DEN,7.0,3.0,0.42857142857142855,11.142857142857142,78,10.714285714285714,75,-31.842857142857145,0.201988518238518,-10.942857142857141,0.3643285352418477,1.88004773004773,2.4445887445887444,-0.5645410145410145,2.8675241733521224,21.0,147.0,29.0,26.142857142857142,183.0,33.0,AFC West,1,-5.142857142857143,-36,0.5277777777777778,0.5798571428571428,4.737142857142857,4.361988518238518,1.2857142857142858,0.8571428571428571,0.9444444444444443,47.714285714285715,2.142857142857143,-7.0,0.36446886446886445,0.6642857142857144,6.299999999999999,4.524328535241848,1.5714285714285714,0.7142857142857143,0.8928571428571429,57.285714285714285,1.1428571428571428,0.36446886446886445,0.1324758266478776,2020-11-08,2020,0.37883113364979576,0.3854699091035809,ATL,8.0,2.0,0.25,10.25,82,10.125,81,-5.125000000000001,-0.2347757987463871,7.862500000000001,0.04005521658747452,2.5473606254856254,2.7906905594405593,-0.24332993395493388,3.628018747224883,26.125,209.0,42.0,28.0,224.0,39.0,NFC South,1,-1.875,-15,0.5040816326530612,0.6635,7.515000000000001,3.925224201253613,1.5,1.25,0.9523809523809523,50.25,0.875,2.0,0.41907051282051283,0.708875,8.685,4.200055216587475,2.5,0.875,0.8928571428571429,45.75,1.125,0.41907051282051283,-1.6280187472248828,2020,0.40796221435450447,0.3233136865096135,DEN vs. ATL,ATL,34,1416.0139540697978,24.0,DEN,27,1503.5850658932472,17.0,1,7,-4.5,1,-218.0,193.0,0,0
ATL,9.0,3.0,0.3333333333333333,10.444444444444445,94,10.444444444444445,94,-3.3888888888888897,-0.35146737666345523,4.422222222222223,0.09358443494644196,2.5791353708020375,2.7113830613830614,-0.13224769058102384,4.261305022830604,27.0,243.0,48.0,27.88888888888889,251.0,44.0,NFC South,2,-0.8888888888888888,-8,0.49464285714285716,0.6691111111111111,7.587777777777778,3.8085326233365446,1.6666666666666667,1.2222222222222223,0.9583333333333333,51.44444444444444,0.8888888888888888,2.0,0.4237891737891738,0.6880000000000001,8.407777777777778,4.2535844349464424,2.4444444444444446,0.8888888888888888,0.90625,47.888888888888886,1.1111111111111112,0.4237891737891738,-1.2613050228306042,2020-11-22,2020,0.4390748923216678,0.3504758616967535,NOR,9.0,7.0,0.7777777777777778,10.11111111111111,91,10.444444444444445,94,7.611111111111111,0.11403117097789857,-5.6444444444444475,-1.0124846590607461,3.136965811965812,2.4801001467668136,0.6568656651989985,5.559624126623407,30.11111111111111,271.0,48.0,23.666666666666668,213.0,38.0,NFC South,6,6.444444444444445,58,0.6240079365079365,0.7284444444444444,7.989999999999999,4.274031170977898,2.0,1.3333333333333333,0.975,71.33333333333333,1.0,4.0,0.47693047693047697,0.6517777777777778,6.767777777777778,3.147515340939254,2.2222222222222223,0.5555555555555556,0.75,37.0,1.4444444444444444,0.47693047693047697,1.4403758733765928,2020,0.6118901610770164,0.4240357957308635,ATL vs. NOR,NOR,24,1712.4674749407325,2.0,ATL,9,1478.356186507499,20.0,1,15,-3.5,1,-181.0,162.0,1,0
LVR,10.0,6.0,0.6,9.2,92,9.2,92,6.550000000000002,0.19245508715012355,-10.850000000000001,0.1392309770026236,3.115681818181818,3.0225,0.09318181818181817,5.4497389592038745,28.6,286.0,53.0,27.6,276.0,48.0,AFC West,-1,1.0,10,0.7145061728395061,0.6896,8.202,4.352455087150124,1.9,1.3,0.9416666666666667,44.1,1.0,1.0,0.5122700828583182,0.6285999999999999,6.994,4.299230977002624,1.6,1.6,0.925925925925926,65.2,1.1,0.5122700828583182,0.5502610407961255,2020-11-29,2020,0.6077867773502116,0.4982744890850152,ATL,10.0,3.0,0.3,10.5,105,10.4,104,-8.610000000000001,-0.36089206756853837,4.450000000000001,0.1293371025629088,2.4030400155400153,2.6802447552447553,-0.27720473970473963,4.35041382577372,25.2,252.0,51.0,27.5,275.0,48.0,NFC South,-1,-2.3,-23,0.5261022927689595,0.6536,7.115,3.799107932431462,1.5,1.1,0.9629629629629629,51.6,1.0,1.0,0.39569597069597073,0.6975,8.48,4.289337102562909,2.2,1.1,0.8611111111111112,46.6,1.1,0.39569597069597073,-1.3504138257737202,2020,0.4201227570338479,0.3530578234258283,LVR vs. ATL,ATL,43,1457.7307507404116,20.0,LVR,6,1597.6950013012563,11.0,1,37,3.5,1,164.0,-184.0,0,0
NOR,11.0,9.0,0.8181818181818182,10.272727272727273,113,10.545454545454545,116,1.1363636363636365,0.22926700949615017,-18.763636363636365,-0.9716157442689066,3.019638694638694,2.128346401073674,0.8912922935650208,7.466583994230535,29.636363636363637,326.0,57.0,20.454545454545453,225.0,42.0,NFC South,8,9.181818181818182,101,0.5725396825396826,0.7183636363636363,7.47,4.389267009496151,1.6363636363636365,1.7272727272727273,0.93,64.72727272727273,1.0,7.0,0.4656979384252111,0.5900909090909091,5.009090909090909,3.1883842557310937,1.8181818181818181,0.45454545454545453,0.8,36.0,1.6363636363636365,0.4656979384252111,1.5334160057694648,2020-12-06,2020,0.5747423268936923,0.3796265456444494,ATL,11.0,4.0,0.36363636363636365,10.636363636363637,117,10.636363636363637,117,-10.136363636363638,-0.3511518796077622,1.0000000000000013,-0.0008623742934595184,2.510339408066681,2.4785441830896375,0.031795224977043256,5.341106239699658,26.818181818181817,295.0,59.0,25.545454545454547,281.0,50.0,NFC South,1,1.2727272727272727,14,0.5334920634920635,0.6454545454545454,6.873636363636364,3.808848120392238,1.5454545454545454,1.0909090909090908,0.9666666666666666,51.36363636363637,1.0,5.0,0.40278581068054753,0.6923636363636363,8.077272727272728,4.159137625706541,2.0,1.0,0.875,55.18181818181818,1.4545454545454546,0.40278581068054753,-1.3411062396996583,2020,0.442793109446558,0.33639835898602727,NOR vs. ATL,ATL,16,1478.356186507499,20.0,NOR,21,1712.4674749407325,2.0,0,-5,2.5,0,127.0,-141.0,1,0
ATL,12.0,4.0,0.3333333333333333,10.666666666666666,128,10.666666666666666,128,-11.025,-0.3907781118626709,1.3583333333333343,0.13170949023099543,2.422356578606579,2.4310897435897436,-0.008733164983164898,5.6853401163609165,25.916666666666668,311.0,63.0,25.166666666666668,302.0,53.0,NFC South,-1,0.75,9,0.5593729502820411,0.63225,6.903333333333333,3.7692218881373294,1.5,1.0,0.9696969696969696,48.333333333333336,1.0,5.0,0.4012716085084506,0.6955,7.983333333333333,4.291709490230995,2.0,1.0,0.7954545454545454,57.166666666666664,1.4166666666666667,0.4012716085084506,-1.6853401163609165,2020-12-13,2020,0.4230622217898843,0.321404279839109,LAC,12.0,3.0,0.25,10.916666666666666,131,10.833333333333334,130,-6.041666666666667,-0.4161862079255468,-3.391666666666667,0.5969739275044507,2.1439944314944315,2.708343045843046,-0.5643486143486143,4.929870549789122,23.083333333333332,277.0,48.0,28.75,345.0,59.0,AFC West,-2,-5.666666666666667,-68,0.45614915387642657,0.64425,7.168333333333334,3.7438137920744534,1.9166666666666667,0.6666666666666666,0.6893939393939393,48.5,1.25,-3.0,0.43255105460987814,0.6294166666666666,7.0874999999999995,4.756973927504451,2.0,1.0833333333333333,0.8916666666666666,54.333333333333336,1.0,0.43255105460987814,-1.929870549789122,2020,0.3074848687087291,0.3430369471554114,ATL vs. LAC,LAC,20,1310.9484340099366,25.0,ATL,17,1505.4838453374205,22.0,1,3,-1.0,1,-118.0,107.0,0,0
TAM,13.0,8.0,0.6153846153846154,10.461538461538462,136,10.461538461538462,136,-4.2,-0.1665141368987524,-8.276923076923078,-0.7531326291620412,2.774206562668101,2.1690096228557767,0.6051969398123244,7.992772080337085,28.46153846153846,370.0,66.0,22.615384615384617,294.0,50.0,NFC South,1,5.846153846153846,76,0.49503968253968256,0.6466153846153847,7.102307692307692,3.993485863101248,2.3076923076923075,0.9230769230769231,0.9230769230769231,47.46153846153846,1.2307692307692308,5.0,0.41821106244183165,0.6918461538461538,6.304615384615385,3.4068673708379587,1.8461538461538463,0.6923076923076923,0.8589743589743589,63.23076923076923,1.6153846153846154,0.41821106244183165,0.007227919662915028,2020-12-20,2020,0.48556393817746174,0.3395709253298336,ATL,13.0,4.0,0.3076923076923077,10.461538461538462,136,10.461538461538462,136,-12.376923076923077,-0.4114874878732347,0.8769230769230774,0.1122288785564218,2.3994829956368418,2.4363905325443787,-0.03690753690753683,6.090220712974942,25.23076923076923,328.0,66.0,24.76923076923077,322.0,57.0,NFC South,-2,0.46153846153846156,6,0.5335918710918711,0.6349230769230769,6.731538461538462,3.7485125121267657,1.5384615384615385,0.9230769230769231,0.9722222222222222,47.30769230769231,1.1538461538461537,3.0,0.4280968693924159,0.7049230769230769,7.78,4.272228878556422,2.0,0.9230769230769231,0.8125,55.84615384615385,1.3846153846153846,0.4280968693924159,-2.0902207129749417,2020,0.4072655163708449,0.3194894905884776,TAM vs. ATL,ATL,27,1430.0880187177247,24.0,TAM,31,1586.7656965210138,11.0,0,-4,6.0,1,225.0,-258.0,1,0
ATL,14.0,4.0,0.2857142857142857,10.5,147,10.428571428571429,146,-10.885714285714286,-0.4759416782998717,1.3928571428571428,0.009450625326201159,2.4034160284160286,2.483791208791209,-0.08037518037518031,6.509090122083923,25.357142857142858,355.0,71.0,25.214285714285715,353.0,62.0,NFC South,-3,0.14285714285714285,2,0.5398836206528514,0.6391428571428571,6.8221428571428575,3.684058321700128,1.6428571428571428,0.8571428571428571,0.9743589743589743,45.92857142857143,1.0714285714285714,3.0,0.42608995015010054,0.7037857142857142,7.867142857142857,4.169450625326201,2.0,1.0,0.8269230769230769,52.57142857142857,1.2857142857142858,0.42608995015010054,-2.509090122083923,2020-12-27,2020,0.39643080725560803,0.3182174229113487,KAN,14.0,13.0,0.9285714285714286,9.857142857142858,138,9.857142857142858,138,9.149999999999997,0.19681345538529488,-17.142857142857142,0.48249825865280715,3.1918650793650793,2.2960470085470086,0.8958180708180707,9.555009417081072,31.071428571428573,435.0,72.0,22.142857142857142,310.0,54.0,AFC West,9,8.928571428571429,125,0.6034023668639054,0.6795714285714285,8.777142857142858,4.356813455385295,2.5714285714285716,0.8571428571428571,0.8888888888888888,57.785714285714285,0.9285714285714286,8.0,0.4716743573886431,0.6062142857142857,6.028571428571429,4.642498258652807,1.7142857142857142,0.8571428571428571,0.75,49.42857142857143,1.5,0.4716743573886431,3.444990582918928,2020,0.6501238726553638,0.45964259393251666,ATL vs. KAN,KAN,17,1847.874831733556,1.0,ATL,14,1401.2221875648463,26.0,1,3,-11.0,0,-508.0,409.0,0,0
ATL,15.0,4.0,0.26666666666666666,10.4,156,10.4,156,-8.933333333333334,-0.46067600119582236,-0.7933333333333337,0.10291582173302581,2.346891996891997,2.4315384615384614,-0.08464646464646458,6.8960404206811425,24.6,369.0,73.0,24.666666666666668,370.0,65.0,NFC South,-4,-0.06666666666666667,-1,0.5676470355041784,0.6479333333333333,6.971333333333334,3.6993239988041777,1.6666666666666667,0.8,0.9047619047619048,45.86666666666667,1.0666666666666667,4.0,0.4310172868067605,0.6923999999999999,7.680666666666667,4.262915821733026,2.0,0.9333333333333333,0.8392857142857143,51.8,1.3333333333333333,0.4310172868067605,-2.8960404206811425,2021-01-03,2020,0.37760215781635753,0.30844332164774607,TAM,15.0,10.0,0.6666666666666666,10.533333333333333,158,10.533333333333333,158,0.2666666666666662,-0.22547464514131196,-9.253333333333334,-0.6931935777524015,2.8720901320901318,2.085868945868946,0.7862211862211861,9.563056554061601,29.866666666666667,448.0,78.0,21.866666666666667,328.0,55.0,NFC South,3,8.0,120,0.47180795395081104,0.6555333333333333,7.702666666666667,3.934525354858688,2.533333333333333,1.0,0.8666666666666667,46.13333333333333,1.0666666666666667,7.0,0.4157829207829208,0.6910000000000001,6.1433333333333335,3.4668064222475987,1.8,0.6,0.869047619047619,64.46666666666667,1.5333333333333334,0.4157829207829208,0.4369434459383985,2020,0.5080513032840486,0.33503455254287423,ATL vs. TAM,TAM,44,1586.7656965210138,11.0,ATL,27,1430.0880187177247,24.0,1,17,-7.5,1,-323.0,276.0,1,0
BAL,1.0,1.0,1.0,10.0,10,11.0,11,48.400000000000006,-0.45999999999999996,-37.2,0.9511111111111106,3.8,0.5454545454545454,3.2545454545454544,0.9875635510335914,38.0,38.0,6.0,6.0,6.0,1.0,AFC North,1,32.0,32,0.5,0.8079999999999999,12.69,3.7,3.0,2.0,1.0,66.0,1.0,2.0,0.5454545454545454,0.5379999999999999,3.67,5.111111111111111,1.0,0.0,0.0,80.0,3.0,0.5454545454545454,0.012436448966408609,2020-09-20,2020,0.6074618693798451,0.00113058626967351,HOU,1.0,0.0,0.0,8.0,8,9.0,9,-16.900000000000006,1.2036363636363632,22.299999999999997,0.7223529411764709,2.5,3.7777777777777777,-1.2777777777777777,0.22138921939514525,20.0,20.0,3.0,34.0,34.0,6.0,AFC South,-1,-14.0,-14,0.5,0.625,6.78,5.363636363636363,1.0,2.0,0.0,37.0,1.0,-1.0,0.4,0.75,8.22,4.882352941176471,3.0,1.0,1.0,5.0,0.0,0.4,-0.22138921939514525,2020,0.2919790427268205,-0.1475928129300968,BAL vs. HOU,HOU,16,1450.0,17.0,BAL,33,1550.0,1.0,0,-17,7.5,0,292.0,-344.0,0,0
KAN,2.0,2.0,1.0,9.5,19,8.5,17,6.049999999999997,1.1220855614973262,-12.200000000000003,0.6013636363636361,3.0388888888888888,2.361111111111111,0.6777777777777776,1.360670817041218,28.5,57.0,11.0,20.0,40.0,7.0,AFC West,2,8.5,17,1.0,0.6619999999999999,7.61,5.282085561497326,2.5,0.5,1.0,47.5,0.0,2.0,0.5025641025641026,0.646,7.495000000000001,4.761363636363637,1.0,1.5,0.5,38.5,1.0,0.5025641025641026,0.6393291829587819,2020-09-28,2020,0.7640163424354369,0.3375089494326904,BAL,2.0,2.0,1.0,9.0,18,10.5,21,28.800000000000004,0.7981081081081078,-25.15,-0.10444444444444478,3.9625,1.0727272727272728,2.889772727272727,1.8351360950648914,35.5,71.0,12.0,11.0,22.0,5.0,AFC North,2,24.5,49,0.0,0.7789999999999999,10.45,4.958108108108108,2.0,1.5,1.0,43.5,0.5,4.0,0.4512987012987013,0.616,5.0,4.055555555555555,1.0,0.0,0.5,51.0,2.5,0.4512987012987013,0.1648639049351086,2020,0.7216213016450361,0.13867427439703672,KAN vs. BAL,BAL,20,1585.9935000197115,1.0,KAN,34,1600.0,1.0,0,-14,-3.5,0,-174.0,156.0,0,0
BAL,3.0,2.0,0.6666666666666666,8.666666666666666,26,10.333333333333334,31,9.566666666666668,1.6533419133419132,-5.599999999999999,-0.03694145758661923,3.475,1.8484848484848484,1.6265151515151512,2.056525314460037,30.333333333333332,91.0,15.0,18.666666666666668,56.0,10.0,AFC North,-1,11.666666666666666,35,0.5,0.698,8.036666666666667,5.813341913341913,1.6666666666666667,1.0,1.0,44.0,0.6666666666666666,4.0,0.41197691197691194,0.6566666666666666,7.023333333333333,4.123058542413381,2.0,0.3333333333333333,0.3333333333333333,46.666666666666664,2.0,0.41197691197691194,-0.056525314460036835,2020-10-04,2020,0.5660528241423005,0.20897577263870568,WAS,3.0,1.0,0.3333333333333333,12.0,36,12.0,36,-26.0,-0.1630010247401552,-10.466666666666663,0.047737148913619354,1.7034632034632036,2.344155844155844,-0.6406926406926406,1.1330675363709573,20.666666666666668,62.0,11.0,27.0,81.0,15.0,NFC East,-2,-6.333333333333333,-19,0.75,0.564,5.136666666666667,3.9969989752598445,1.3333333333333333,1.3333333333333333,0.8333333333333333,45.666666666666664,2.3333333333333335,-3.0,0.35521885521885527,0.6503333333333333,6.109999999999999,4.20773714891362,1.6666666666666667,1.3333333333333333,0.8333333333333334,55.666666666666664,1.3333333333333333,0.35521885521885527,-0.13306753637095725,2020,0.2920023805548099,0.2592961755040337,BAL vs. WAS,WAS,17,1450.0,17.0,BAL,31,1538.008106127738,8.0,0,-14,14.5,1,692.0,-958.0,0,0
CIN,4.0,1.0,0.25,10.5,42,10.75,43,-13.774999999999999,-0.1883613445378155,-13.250000000000002,0.676248473748474,2.5,2.4943910256410255,0.0056089743589743946,1.9478740577416518,24.75,99.0,21.0,24.75,99.0,20.0,AFC North,2,0.0,0,0.1111111111111111,0.66125,5.8975,3.9716386554621845,1.5,0.75,0.9166666666666666,58.75,1.0,0.0,0.36685536685536685,0.63025,6.867500000000001,4.8362484737484746,1.25,1.25,0.85,63.25,1.0,0.36685536685536685,-0.9478740577416518,2020-10-11,2020,0.3815157427822935,0.2386192956114358,BAL,4.0,3.0,0.75,9.0,36,10.5,42,3.8000000000000007,1.3250064350064348,-7.524999999999999,-0.2836151840990555,3.38125,1.7727272727272727,1.6085227272727272,2.862464085267152,30.5,122.0,20.0,18.25,73.0,13.0,AFC North,1,12.25,49,0.4444444444444444,0.6865,7.7225,5.485006435006435,1.75,1.25,1.0,40.5,1.0,3.0,0.4226190476190476,0.67025,6.79,3.876384815900945,1.5,0.75,0.375,40.0,1.75,0.4226190476190476,0.13753591473284787,2020,0.5746577659351177,0.24278551721147038,CIN vs. BAL,BAL,27,1575.6068354572335,5.0,CIN,3,1414.124854337694,17.0,1,24,-12.5,1,-718.0,547.0,1,0
BAL,5.0,4.0,0.8,9.4,47,10.8,54,-2.7799999999999985,1.5696718146718145,-14.079999999999998,-0.5588921472792444,3.1959090909090913,1.4681818181818183,1.7277272727272728,3.8570181353522406,29.8,149.0,24.0,15.2,76.0,14.0,AFC North,2,14.6,73,0.3958333333333333,0.6519999999999999,7.0760000000000005,5.729671814671815,1.8,1.0,0.9333333333333333,37.4,1.0,5.0,0.4314285714285714,0.6628000000000001,6.032,3.601107852720756,1.2,0.6,0.5,40.0,2.0,0.4314285714285714,0.14298186464775942,2020-10-18,2020,0.5252407010704094,0.21482128187062455,PHI,5.0,1.0,0.2,11.4,57,11.0,55,-32.660000000000004,0.23619873590461832,4.659999999999999,-0.19273504273504286,2.0567032967032963,2.7993506493506493,-0.7426473526473527,1.8955987243451988,22.6,113.0,19.0,29.0,145.0,25.0,NFC East,-1,-6.4,-32,0.6666666666666666,0.6038,4.1659999999999995,4.396198735904618,1.2,1.2,0.7,50.4,2.2,-6.0,0.4877289377289378,0.6998,7.593999999999999,3.9672649572649576,2.0,1.6,0.9166666666666666,56.0,1.0,0.4877289377289378,-0.8955987243451988,2020,0.27362675171032,0.2822182977868001,BAL vs. PHI,PHI,28,1408.9005873898543,19.0,BAL,30,1603.9081328206769,4.0,0,-2,10.5,1,348.0,-422.0,0,0
PIT,6.0,6.0,1.0,10.0,60,10.833333333333334,65,0.23333333333333428,0.10640006034742859,-20.01666666666667,-0.787893061045235,3.1,1.8664529914529915,1.2335470085470084,4.254080396055057,30.5,183.0,30.0,19.666666666666668,118.0,19.0,AFC North,6,10.833333333333334,65,0.41,0.6835,7.026666666666667,4.266400060347428,2.1666666666666665,1.3333333333333333,1.0,54.0,1.1666666666666667,2.0,0.4928571428571429,0.5875,5.831666666666666,3.372106938954765,1.8333333333333333,0.6666666666666666,0.5416666666666666,52.666666666666664,1.5,0.4928571428571429,1.7459196039449427,2020-11-01,2020,0.6454933003287452,0.3286473653203947,BAL,6.0,5.0,0.8333333333333334,10.0,60,11.166666666666666,67,-3.8999999999999986,1.4345463320463319,-15.033333333333331,0.6372195068969263,3.04787296037296,1.5824592074592074,1.4654137529137528,4.397805575939499,29.833333333333332,179.0,30.0,17.333333333333332,104.0,17.0,AFC North,3,12.5,75,0.35666666666666663,0.6421666666666667,7.088333333333334,5.594546332046332,1.6666666666666667,1.1666666666666667,0.9444444444444445,53.166666666666664,0.8333333333333334,6.0,0.4220238095238095,0.6398333333333334,5.901666666666666,4.797219506896926,1.3333333333333333,0.6666666666666666,0.4166666666666667,36.666666666666664,1.8333333333333333,0.4220238095238095,0.6021944240605013,2020,0.5501828686717084,0.2369087194254441,PIT vs. BAL,BAL,24,1628.461923988496,3.0,PIT,28,1740.5178868191408,1.0,0,-4,-4.0,0,-200.0,178.0,1,0
BAL,7.0,5.0,0.7142857142857143,10.285714285714286,72,11.0,77,-8.571428571428571,1.4407965520883452,-12.87142857142857,0.38047386305450825,2.898176823176823,1.7563936063936063,1.141783216783217,4.807473794499967,29.0,203.0,34.0,18.857142857142858,132.0,20.0,AFC North,-1,10.142857142857142,71,0.46388888888888885,0.6167142857142858,6.8,5.600796552088346,1.7142857142857142,1.1428571428571428,0.9523809523809524,61.285714285714285,1.2857142857142858,3.0,0.4379251700680272,0.6421428571428571,6.01,4.540473863054508,1.4285714285714286,0.7142857142857143,0.4166666666666667,35.714285714285715,1.7142857142857142,0.4379251700680272,0.19252620550003297,2020-11-08,2020,0.4852101011646847,0.2297783378664205,IND,7.0,5.0,0.7142857142857143,9.285714285714286,65,9.714285714285714,68,-4.042857142857143,-0.5761958349140015,-26.400000000000002,-0.8799383054892801,3.0780457637600493,2.057539682539683,1.0205060812203668,4.720562032965709,28.285714285714285,198.0,33.0,19.428571428571427,136.0,23.0,AFC South,2,8.857142857142858,62,0.4083333333333334,0.6894285714285714,7.567142857142857,3.5838041650859984,1.4285714285714286,1.0,0.8888888888888888,56.714285714285715,1.0,5.0,0.40387331966279333,0.6241428571428571,4.9799999999999995,3.28006169451072,1.4285714285714286,0.5714285714285714,0.7777777777777778,53.142857142857146,1.7142857142857142,0.40387331966279333,0.2794379670342906,2020,0.52795923716952,0.30341822109619476,BAL vs. IND,IND,10,1614.4941934114458,6.0,BAL,24,1594.051245737217,6.0,0,-14,-1.0,0,-104.0,-106.0,0,0
BAL,8.0,6.0,0.75,10.25,82,10.875,87,-8.1375,1.10253908834046,-16.075,0.47958129683936135,2.83590472027972,1.6618444055944055,1.1740603146853146,5.695909468532305,28.375,227.0,37.0,17.75,142.0,22.0,AFC North,1,10.625,85,0.4996598639455782,0.642875,6.7975,5.262539088340461,1.5,1.25,0.9583333333333334,60.5,1.25,4.0,0.4312614468864469,0.632875,5.77625,4.639581296839362,1.25,0.75,0.5,35.0,1.75,0.4312614468864469,0.30409053146769516,2020-11-15,2020,0.4683709598541231,0.23087642484524326,NWE,8.0,3.0,0.375,8.75,70,9.125,73,-27.787499999999998,0.5989395173403704,-11.875000000000004,0.26836404586404594,2.4260416666666664,2.677967171717172,-0.25192550505050504,3.404837704535086,20.75,166.0,30.0,24.25,194.0,36.0,AFC East,1,-3.5,-28,0.6377551020408163,0.6617500000000001,4.74875,4.75893951734037,0.375,1.625,0.8125,35.625,1.875,-1.0,0.412731018981019,0.67125,7.32625,4.428364045864046,1.5,1.0,0.9523809523809523,41.0,1.75,0.412731018981019,-0.40483770453508594,2020,0.40688369439990607,0.4065511004053714,BAL vs. NWE,NWE,23,1417.367562368159,16.0,BAL,17,1646.989831963076,4.0,1,6,7.0,1,272.0,-318.0,0,0
TEN,9.0,6.0,0.6666666666666666,9.666666666666666,87,9.666666666666666,87,4.800000000000005,0.7475310757926024,-3.7666666666666657,0.2438085219023914,2.877645502645503,2.7820275403608736,0.095617962284629,4.700078814176289,27.666666666666668,249.0,42.0,26.11111111111111,235.0,39.0,AFC South,-1,1.5555555555555556,14,0.5741071428571428,0.6378888888888888,8.295555555555556,4.907531075792602,2.2222222222222223,1.1111111111111112,0.53125,51.0,0.4444444444444444,10.0,0.4605337563670897,0.6762222222222223,6.996666666666666,4.403808521902391,2.2222222222222223,1.0,0.9375,51.111111111111114,1.5555555555555556,0.4605337563670897,1.2999211858237114,2020-11-22,2020,0.5524861938756014,0.4632144651942845,BAL,9.0,6.0,0.6666666666666666,10.11111111111111,91,10.555555555555555,95,-7.466666666666665,0.9741617293185042,-10.399999999999999,0.45694975673470295,2.730680739014072,1.7966394716394716,0.9340412673746007,6.024094438743634,27.11111111111111,244.0,40.0,18.333333333333332,165.0,26.0,AFC North,-1,8.777777777777779,79,0.48407738095238095,0.649888888888889,6.816666666666666,5.134161729318504,1.5555555555555556,1.1111111111111112,0.9629629629629629,60.888888888888886,1.2222222222222223,3.0,0.4346255596255596,0.649,6.214444444444444,4.616949756734702,1.3333333333333333,0.7777777777777778,0.5625,33.111111111111114,1.5555555555555556,0.4346255596255596,-0.02409443874363415,2020,0.4383836659954269,0.24254215741832225,TEN vs. BAL,BAL,24,1568.041529526922,6.0,TEN,30,1549.6118393487668,6.0,0,-6,-6.0,0,-253.0,221.0,0,0
BAL,10.0,6.0,0.6,10.0,100,10.4,104,-9.37,0.8516546472957446,-9.129999999999999,0.5040783104729973,2.7242793317793317,1.9503088578088579,0.773970473970474,6.394879535397267,26.8,268.0,45.0,19.5,195.0,32.0,AFC North,-2,7.3,73,0.5043650793650793,0.6435,6.659000000000001,5.011654647295744,1.5,1.1,0.9666666666666666,62.9,1.2,3.0,0.4511630036630036,0.6559999999999999,6.359,4.6640783104729975,1.4,0.8,0.6111111111111112,34.2,1.5,0.4511630036630036,-0.3948795353972674,2020-12-02,2020,0.43223042090712294,0.26477293737239177,PIT,10.0,10.0,1.0,10.7,107,11.3,113,1.1599999999999995,-0.43201181564339475,-29.970000000000006,-0.017073393750196297,2.840324675324675,1.6063003663003663,1.234024309024309,7.428118292656311,29.8,298.0,50.0,17.4,174.0,31.0,AFC North,10,12.4,124,0.3882716049382716,0.6729,7.17,3.7279881843566054,2.4,1.0,0.9629629629629629,45.7,0.9,12.0,0.44618562809739276,0.5498999999999999,4.904999999999999,4.142926606249803,1.5,0.5,0.7708333333333333,66.6,2.1,0.44618562809739276,2.571881707343689,2020,0.5874711078197985,0.3174587017058888,BAL vs. PIT,PIT,19,1740.5178868191408,1.0,BAL,14,1628.461923988496,3.0,1,5,-10.5,0,-518.0,416.0,1,0
DAL,11.0,3.0,0.2727272727272727,10.636363636363637,117,10.363636363636363,114,-17.290909090909093,-0.03173151489058057,1.709090909090908,0.5589709921961442,2.079513668150032,3.1645175531539165,-1.0850038850038848,3.3720517620000017,22.818181818181817,251.0,47.0,32.63636363636363,359.0,58.0,NFC East,-1,-9.818181818181818,-108,0.4463492063492064,0.638909090909091,5.809090909090909,4.12826848510942,1.4545454545454546,0.9090909090909091,0.875,52.0,2.090909090909091,-13.0,0.4080876639700169,0.629909090909091,7.873636363636364,4.7189709921961445,2.272727272727273,1.3636363636363635,0.8958333333333333,44.18181818181818,0.9090909090909091,0.4080876639700169,-0.3720517620000017,2020-12-08,2020,0.38812242982595174,0.44531180048165864,BAL,11.0,6.0,0.5454545454545454,10.090909090909092,111,10.454545454545455,115,-12.154545454545454,0.8148808481909366,-10.027272727272727,0.3891621004299976,2.59232005368369,1.930032845941937,0.6622872077417532,6.721446286168852,25.636363636363637,282.0,47.0,19.454545454545453,214.0,35.0,AFC North,-3,6.181818181818182,68,0.5539285714285714,0.6304545454545454,6.381818181818182,4.974880848190937,1.4545454545454546,1.0909090909090908,0.9666666666666666,65.0,1.2727272727272727,3.0,0.43112720612720606,0.6605454545454545,6.21090909090909,4.549162100429998,1.3636363636363635,0.7272727272727273,0.65,34.72727272727273,1.5454545454545454,0.43112720612720606,-0.7214462861688524,2020,0.3956527637592661,0.2567188774577788,DAL vs. BAL,BAL,34,1498.8069274015224,13.0,DAL,17,1333.4544953629554,27.0,1,17,-8.5,1,-390.0,326.0,0,0
BAL,12.0,7.0,0.5833333333333334,10.0,120,10.333333333333334,124,-10.991666666666665,1.0624696063371875,-10.424999999999999,0.3404224015846406,2.691108197358197,1.926604182854183,0.7645040145040145,7.559356266924249,26.333333333333332,316.0,53.0,19.25,231.0,38.0,AFC North,1,7.083333333333333,85,0.5283648170011807,0.63675,6.3500000000000005,5.222469606337188,1.5,1.1666666666666667,0.9393939393939394,61.5,1.25,3.0,0.43307872682872683,0.6593333333333333,6.165833333333333,4.500422401584641,1.4166666666666667,0.6666666666666666,0.6136363636363636,36.666666666666664,1.5,0.43307872682872683,-0.5593562669242491,2020-12-14,2020,0.421079248509038,0.2666293426457517,CLE,12.0,9.0,0.75,9.666666666666666,116,9.333333333333334,112,-4.025000000000002,0.614478200087956,-6.624999999999997,-0.07011843011843026,2.6593464405964404,2.8747354497354496,-0.21538900913900907,5.856639793742597,25.5,306.0,51.0,26.75,321.0,52.0,AFC North,4,-1.25,-15,0.4236914600550964,0.6273333333333333,7.697500000000001,4.774478200087956,1.8333333333333333,1.0,0.8333333333333334,55.416666666666664,1.0833333333333333,7.0,0.4364835328070622,0.6529166666666667,6.848333333333334,4.08988156988157,2.0833333333333335,0.9166666666666666,0.8240740740740741,43.583333333333336,1.6666666666666667,0.4364835328070622,3.1433602062574026,2020,0.5548213868671893,0.5472133413135305,BAL vs. CLE,CLE,42,1500.0,1.0,BAL,47,1500.0,1.0,0,-5,3.0,0,156.0,-174.0,1,0
JAX,13.0,1.0,0.07692307692307693,10.538461538461538,137,10.461538461538462,136,-18.446153846153848,0.48286816621854967,7.984615384615387,0.4122334138192079,1.967167234474927,2.8985431235431234,-0.9313758890681967,3.9875204835806572,20.076923076923077,261.0,45.0,29.46153846153846,383.0,70.0,AFC South,-12,-9.384615384615385,-122,0.4303391053391053,0.6283076923076923,5.751538461538461,4.64286816621855,1.4615384615384615,0.6923076923076923,0.7242424242424242,64.23076923076923,1.6153846153846154,-7.0,0.4035502958579882,0.7064615384615384,8.700000000000001,4.572233413819208,2.1538461538461537,1.2307692307692308,0.8717948717948718,47.30769230769231,1.0769230769230769,0.4035502958579882,-2.9875204835806572,2020-12-20,2020,0.2529823572368728,0.35682894012972505,BAL,13.0,8.0,0.6153846153846154,10.076923076923077,131,10.307692307692308,134,-10.446153846153845,1.2160296366189423,-10.507692307692308,0.3733569421220858,2.8127712031558185,2.101480784173092,0.7112904189827266,8.125607611689102,27.923076923076923,363.0,60.0,21.0,273.0,44.0,AFC North,2,6.923076923076923,90,0.5468344155844156,0.6316923076923077,6.499230769230769,5.376029636618942,1.4615384615384615,1.4615384615384615,0.9444444444444445,62.07692307692308,1.1538461538461537,4.0,0.4417230205691744,0.6550769230769231,6.252307692307692,4.533356942122086,1.4615384615384615,0.9230769230769231,0.5625,39.61538461538461,1.4615384615384615,0.4417230205691744,-0.12560761168910162,2020,0.4535898668811825,0.2999272474659469,JAX vs. BAL,BAL,40,1596.1352537612042,11.0,JAX,14,1166.2905433559629,31.0,1,26,-13.0,1,-746.0,564.0,0,0
NYG,14.0,5.0,0.35714285714285715,9.571428571428571,134,9.714285714285714,136,-24.821428571428573,0.25930554929944993,-7.792857142857143,-0.23643218783942557,1.863329725829726,2.343998660070089,-0.48066893424036283,5.397400029185937,17.428571428571427,244.0,49.0,22.214285714285715,311.0,58.0,NFC East,-2,-4.785714285714286,-67,0.48291644253182714,0.6203571428571429,5.115,4.41930554929945,0.6428571428571429,0.8571428571428571,0.9722222222222222,39.57142857142857,1.4285714285714286,0.0,0.389322582179725,0.684,6.715000000000001,3.9235678121605746,1.4285714285714286,0.8571428571428571,0.8782051282051282,39.857142857142854,1.4285714285714286,0.389322582179725,-0.3974000291859374,2020-12-27,2020,0.3552917902824569,0.38390273020336957,BAL,14.0,9.0,0.6428571428571429,10.0,140,10.142857142857142,142,-7.878571428571427,1.1389773266673962,-8.492857142857142,0.2508444332692095,2.9293192918192914,2.076375013875014,0.852944277944278,9.048909448286361,28.785714285714285,403.0,66.0,20.5,287.0,46.0,AFC North,3,8.285714285714286,116,0.5106873895335433,0.6387857142857143,6.762857142857143,5.298977326667396,1.5714285714285714,1.5,0.9102564102564104,60.5,1.1428571428571428,4.0,0.4577904238618524,0.6625,6.409285714285715,4.41084443326921,1.5,0.8571428571428571,0.5625,41.57142857142857,1.4285714285714286,0.4577904238618524,-0.04890944828636101,2020,0.46978162061892864,0.29967312141792124,NYG vs. BAL,BAL,27,1603.9026043506742,10.0,NYG,13,1445.145110972468,20.0,1,14,-10.0,1,-420.0,348.0,0,0
BAL,15.0,10.0,0.6666666666666666,9.866666666666667,148,10.0,150,-6.586666666666665,1.2007121715562363,-9.206666666666667,0.2567881377179289,2.959031339031339,2.0462833462833463,0.9127479927479928,9.898603490010483,28.666666666666668,430.0,71.0,20.0,300.0,49.0,AFC North,4,8.666666666666666,130,0.4997199229342086,0.6397999999999999,6.884,5.360712171556236,1.6,1.4666666666666666,0.9166666666666667,60.8,1.1333333333333333,3.0,0.4757559107559108,0.6573333333333333,6.364000000000001,4.416788137717929,1.4666666666666666,0.8,0.5961538461538461,41.13333333333333,1.3333333333333333,0.4757559107559108,0.10139650998951666,2021-01-03,2020,0.4829725910852503,0.3070970795508828,CIN,15.0,4.0,0.26666666666666666,10.6,159,10.333333333333334,155,-14.673333333333334,-0.37890415392567495,-4.406666666666666,0.71387094711118,2.0957529507529506,2.6483028083028084,-0.5525498575498575,5.641594024656711,20.533333333333335,308.0,58.0,25.733333333333334,386.0,72.0,AFC North,2,-5.2,-78,0.480270523127666,0.6479333333333333,5.941333333333334,3.781095846074325,1.2666666666666666,0.8666666666666667,0.7916666666666666,43.06666666666667,1.4666666666666666,-6.0,0.3699576676047264,0.6365999999999999,7.598666666666667,4.873870947111181,1.9333333333333333,0.7333333333333333,0.8488095238095238,49.733333333333334,1.0666666666666667,0.3699576676047264,-1.641594024656711,2020,0.32485851009220573,0.38271192697837286,BAL vs. CIN,CIN,3,1414.124854337694,17.0,BAL,38,1575.6068354572335,5.0,0,-35,13.5,0,597.0,-799.0,1,0
BAL,16.0,11.0,0.6875,9.875,158,10.0,160,-6.518749999999999,1.333260253426564,-14.88125,0.4642915106895056,3.0115918803418804,1.9371406371406372,1.0744512432012432,10.896173337311994,29.25,468.0,77.0,18.9375,303.0,50.0,AFC North,5,10.3125,165,0.4841830391830392,0.636,6.90125,5.493260253426564,1.6875,1.5,0.9222222222222223,60.0625,1.125,4.0,0.48646234280425454,0.6341249999999999,5.8412500000000005,4.624291510689505,1.375,0.75,0.625,40.375,1.375,0.48646234280425454,0.10382666268800556,2021-01-10,2020,0.49050421401383565,0.2949966145056251,TEN,16.0,11.0,0.6875,9.6875,155,9.75,156,4.243750000000002,0.9617559549145649,-2.0374999999999996,0.34508858879580206,3.196106150793651,2.8789372086247087,0.3171689421689422,8.889251425235337,30.6875,491.0,79.0,27.4375,439.0,75.0,AFC South,1,3.25,52,0.5471417471417471,0.6471875,8.358125,5.121755954914565,2.0625,1.625,0.7115384615384616,48.9375,0.75,11.0,0.4677623591686092,0.677,7.375,4.505088588795802,2.25,1.125,0.9230769230769231,52.5,1.4375,0.4677623591686092,2.1107485747646635,2020,0.5769149747606486,0.5141450893859575,BAL vs. TEN,TEN,13,1599.2910370798922,7.0,BAL,20,1652.1213009428905,7.0,0,-7,3.5,0,163.0,-182.0,0,1
BAL,1.0,12.0,12.0,9.764705882352942,166,9.941176470588236,169,-7.758823529411764,1.4067659528048335,-15.070588235294117,0.32863799936552396,2.98149824032177,1.9081585081585084,1.0733397321632614,11.631332016972545,28.705882352941178,488.0,81.0,18.58823529411765,316.0,53.0,AFC North,6,10.117647058823529,172,0.49689034923409925,0.6402352941176471,6.789411764705882,5.566765952804834,1.588235294117647,1.5294117647058822,0.90625,60.05882352941177,1.1176470588235294,4.0,0.48952111901938894,0.6375294117647058,5.798823529411765,4.488637999365524,1.3529411764705883,0.7058823529411765,0.65,38.588235294117645,1.3529411764705883,0.48952111901938894,0.3686679830274553,2021-01-16,2020,0.6678440158146017,0.11561776982517828,BUF,1.0,14.0,14.0,9.647058823529411,164,10.294117647058824,175,6.129411764705884,0.010713890683354155,-14.61176470588235,0.3087227931163164,3.214141414141414,2.332501485442662,0.8816399286987523,10.893439881139773,31.058823529411764,528.0,89.0,23.470588235294116,399.0,71.0,AFC East,7,7.588235294117647,129,0.5700442786380286,0.689,8.324705882352943,4.170713890683354,2.4705882352941178,1.0,0.9,55.76470588235294,1.2941176470588236,4.0,0.4690103053424853,0.6375882352941177,6.147058823529412,4.468722793116317,1.4705882352941178,1.2941176470588236,0.8666666666666667,43.411764705882355,1.5294117647058822,0.4690103053424853,3.1065601188602265,2020,2.228560064503416,1.2603758196518633,BAL vs. BUF,BUF,17,1814.4924193960785,1.0,BAL,3,1694.5764747406158,3.0,1,14,-2.5,1,-137.0,124.0,0,1
BUF,1.0,1.0,1.0,10.0,10,11.0,11,4.099999999999994,-1.0975000000000001,-26.299999999999997,-0.6933333333333334,2.7,1.5454545454545454,1.1545454545454548,0.7495882977312083,27.0,27.0,5.0,17.0,17.0,3.0,AFC East,1,10.0,10,0.5,0.7170000000000001,7.52,3.0625,2.0,1.0,0.5,79.0,2.0,0.0,0.5,0.6,5.06,3.466666666666667,1.0,1.0,1.0,95.0,2.0,0.5,0.2504117022687917,2020-09-20,2020,0.6252058511343959,0.06829410061876137,MIA,1.0,0.0,0.0,8.0,8,8.0,8,-56.7,-0.9377777777777778,-2.5999999999999943,1.0066666666666668,1.375,2.625,-1.25,0.17762726827102804,11.0,11.0,2.0,21.0,21.0,3.0,AFC East,-1,-10.0,-10,0.5,0.667,1.57,3.2222222222222223,0.0,1.0,1.0,35.0,3.0,-2.0,0.36363636363636365,0.789,7.37,5.166666666666667,0.0,3.0,0.0,47.0,1.0,0.36363636363636365,-0.17762726827102804,2020,0.205593182932243,-0.06661022560163551,BUF vs. MIA,MIA,28,1450.0,17.0,BUF,31,1550.0,1.0,0,-3,5.5,1,214.0,-244.0,1,0
LAR,2.0,2.0,1.0,9.0,18,10.0,20,9.649999999999991,0.20121794871794885,-26.700000000000003,0.6854415954415956,3.1666666666666665,1.7999999999999998,1.3666666666666667,1.4242608995276562,28.5,57.0,10.0,18.0,36.0,7.0,NFC West,2,10.5,21,0.0,0.6930000000000001,9.504999999999999,4.3612179487179485,1.5,2.0,0.8333333333333333,29.0,1.0,1.0,0.5563725490196079,0.623,5.1499999999999995,4.845441595441596,0.5,1.5,0.75,40.0,1.5,0.5563725490196079,0.5757391004723438,2020-09-27,2020,0.7154830834645399,0.27575434258266013,BUF,2.0,2.0,1.0,10.0,20,11.0,22,25.14999999999999,-0.1939673913043478,-13.75,-0.17666666666666675,2.9000000000000004,2.0454545454545454,0.8545454545454547,1.3096038033037656,29.0,58.0,10.0,22.5,45.0,8.0,AFC East,2,6.5,13,0.0,0.7015,10.774999999999999,3.9660326086956523,3.0,0.5,0.75,67.0,1.5,-1.0,0.5,0.63,6.265,3.9833333333333334,1.5,1.0,1.0,57.5,1.0,0.5,0.6903961966962344,2020,0.6725990491740585,0.307344763035679,LAR vs. BUF,BUF,35,1585.9935000197115,1.0,LAR,32,1585.9935000197115,1.0,1,3,-1.5,1,-126.0,114.0,0,0
BUF,3.0,3.0,1.0,9.666666666666666,29,10.333333333333334,31,24.83333333333333,0.08719634230503785,-5.733333333333334,0.2351388888888888,3.22962962962963,2.548821548821549,0.680808080808081,1.8625003291277147,31.0,93.0,15.0,25.666666666666668,77.0,13.0,AFC East,3,5.333333333333333,16,0.5,0.71,10.303333333333333,4.247196342305038,3.3333333333333335,0.6666666666666666,0.75,63.0,1.6666666666666667,-1.0,0.5,0.6596666666666667,7.363333333333333,4.395138888888889,1.6666666666666667,1.3333333333333333,0.8333333333333334,48.333333333333336,1.3333333333333333,0.5,1.1374996708722853,2020-10-04,2020,0.7133620122193596,0.43857522281010436,LVR,3.0,2.0,0.6666666666666666,9.666666666666666,29,8.666666666666666,26,14.566666666666668,0.2839603407345345,-12.833333333333334,1.431228070175438,3.1245791245791246,3.4444444444444446,-0.3198653198653199,1.4679405066007734,29.333333333333332,88.0,16.0,30.0,90.0,16.0,AFC West,-1,-0.6666666666666666,-2,0.75,0.7399999999999999,8.703333333333333,4.4439603407345345,2.0,1.3333333333333333,0.8888888888888888,31.0,1.3333333333333333,-2.0,0.489007724301842,0.646,6.8133333333333335,5.591228070175439,1.0,2.0,1.0,75.66666666666667,0.6666666666666666,0.489007724301842,0.5320594933992266,2020,0.6495741597056048,0.5193968191588157,BUF vs. LVR,LVR,23,1535.9935000197115,8.0,BUF,30,1635.9935000197115,1.0,0,-7,3.0,0,154.0,-172.0,0,0
BUF,4.0,4.0,1.0,9.25,37,10.0,40,22.149999999999995,-0.31835274327122165,-2.8000000000000007,0.07113677536231877,3.3597222222222225,2.55050505050505,0.8092171717171719,2.514925506409554,30.75,123.0,20.0,25.0,100.0,18.0,AFC East,4,5.75,23,0.5555555555555555,0.709,10.0375,3.8416472567287787,3.0,1.0,0.8333333333333334,67.5,1.25,1.0,0.5096153846153846,0.6765,7.4375,4.231136775362319,1.75,1.0,0.875,52.5,1.5,0.5096153846153846,1.4850744935904459,2020-10-13,2020,0.7412262829176278,0.5045708805289252,TEN,3.0,3.0,1.0,10.333333333333334,31,10.333333333333334,31,6.500000000000004,-0.3658823529411763,-6.699999999999998,1.5316601916601913,2.6166666666666667,2.3988603988603985,0.21780626780626786,1.6541141605281537,26.666666666666668,80.0,17.0,24.666666666666668,74.0,12.0,AFC South,3,2.0,6,0.5,0.682,8.93,3.794117647058824,2.0,0.6666666666666666,0.75,37.333333333333336,0.3333333333333333,5.0,0.43487762237762234,0.6423333333333333,7.06,5.691660191660191,2.3333333333333335,1.0,0.75,45.333333333333336,2.0,0.43487762237762234,1.3458858394718463,2020,0.7944092394733482,0.43172720509314144,BUF vs. TEN,TEN,42,1624.0253073352042,1.0,BUF,16,1671.987000039423,1.0,1,26,3.0,1,150.0,-168.0,0,0
KAN,5.0,4.0,0.8,10.0,50,9.0,45,8.199999999999998,0.35644712782473675,-17.020000000000003,1.129307359307359,3.006666666666667,2.444444444444444,0.5622222222222221,3.4159659481144606,29.8,149.0,25.0,22.0,110.0,19.0,AFC West,-1,7.8,39,0.7916666666666666,0.6458,8.64,4.516447127824737,2.6,0.8,0.8,53.0,0.6,5.0,0.5133133533133533,0.6158,6.2780000000000005,5.28930735930736,1.4,1.0,0.8,44.8,1.6,0.5133133533133533,0.5840340518855394,2020-10-19,2020,0.5584034051885539,0.38709620882588996,BUF,5.0,4.0,0.8,9.0,45,9.8,49,12.899999999999997,-0.22304583098061367,3.620000000000002,0.04255647911338434,3.087777777777778,2.973737373737374,0.11404040404040412,2.6071106287769443,27.8,139.0,23.0,28.4,142.0,24.0,AFC East,-1,-0.6,-3,0.6666666666666666,0.6932,9.008,3.936954169019386,2.8,0.8,0.875,65.2,1.6,-2.0,0.5606334841628959,0.6912,7.772,4.202556479113385,2.0,1.4,0.875,51.2,1.2,0.5606334841628959,1.3928893712230557,2020,0.6534953579472457,0.5282830404463401,KAN vs. BUF,BUF,17,1615.128269897403,4.0,KAN,26,1611.642600327757,4.0,0,-9,5.5,0,203.0,-230.0,0,0
BUF,6.0,4.0,0.6666666666666666,9.0,54,9.5,57,6.3166666666666655,-0.2705092069765984,7.6333333333333355,0.22981155868144346,2.887962962962963,3.019781144781145,-0.13181818181818175,2.8746832527393456,26.0,156.0,26.0,28.0,168.0,29.0,AFC East,-2,-2.0,-12,0.6933333333333334,0.6641666666666667,8.228333333333333,3.889490793023402,2.6666666666666665,0.6666666666666666,0.8,60.833333333333336,1.5,-2.0,0.5412686442098207,0.7106666666666667,8.15,4.389811558681443,2.0,1.3333333333333333,0.9,54.0,1.1666666666666667,0.5412686442098207,1.1253167472606544,2020-10-25,2020,0.5717846772493118,0.5193982037150847,NYJ,6.0,0.0,0.0,10.833333333333334,65,10.5,63,-33.333333333333336,0.14110402050057239,-2.0499999999999994,0.08444251328636747,1.1818181818181819,3.001631701631702,-1.81981351981352,0.7932220832477314,12.5,75.0,15.0,30.833333333333332,185.0,30.0,AFC East,-6,-18.333333333333332,-110,0.27999999999999997,0.572,4.091666666666667,4.301104020500572,0.6666666666666666,0.3333333333333333,0.8,74.16666666666667,1.0,3.0,0.3028618698123342,0.7208333333333333,7.28,4.2444425132863675,1.8333333333333333,1.5,0.861111111111111,59.333333333333336,1.5,0.3028618698123342,-0.7932220832477314,2020,0.2002606891058565,0.333871263234307,BUF vs. NYJ,NYJ,10,1500.0,1.0,BUF,18,1500.0,1.0,0,-8,9.5,1,327.0,-391.0,1,0
NWE,6.0,2.0,0.3333333333333333,8.833333333333334,53,9.5,57,-33.36666666666667,0.6173425989215461,-14.533333333333339,0.30930020930020946,2.220833333333333,2.5081228956228956,-0.2872895622895623,2.4211975346310557,19.166666666666668,115.0,20.0,23.833333333333332,143.0,27.0,AFC East,-3,-4.666666666666667,-28,0.75,0.6538333333333334,3.953333333333333,4.777342598921546,0.5,1.3333333333333333,0.75,28.166666666666668,2.3333333333333335,-2.0,0.3717365967365967,0.6731666666666666,6.991666666666666,4.46930020930021,1.5,0.8333333333333334,0.9333333333333332,44.333333333333336,2.0,0.3717365967365967,-0.4211975346310557,2020-11-01,2020,0.35086807958295246,0.3614844051607061,BUF,7.0,5.0,0.7142857142857143,9.0,63,9.428571428571429,66,3.8285714285714283,-0.15948408217041768,-4.057142857142856,0.2520462710776009,2.7611111111111115,2.747113997113997,0.01399711399711404,3.6757626651209154,24.857142857142858,174.0,32.0,25.428571428571427,178.0,31.0,AFC East,1,-0.5714285714285714,-4,0.5777777777777778,0.6689999999999999,8.035714285714286,4.000515917829582,2.2857142857142856,0.5714285714285714,0.7916666666666666,67.28571428571429,1.4285714285714286,-1.0,0.5029055911408852,0.6837142857142856,6.991428571428571,4.412046271077601,1.7142857142857142,1.2857142857142858,0.9166666666666666,53.285714285714285,1.2857142857142858,0.5029055911408852,1.3242373348790846,2020,0.6040262918733122,0.4914531545048737,NWE vs. BUF,BUF,24,1579.649901574063,6.0,NWE,21,1415.172721927549,17.0,1,3,-4.0,0,-197.0,175.0,1,0
SEA,7.0,6.0,0.8571428571428571,10.571428571428571,74,10.714285714285714,75,16.671428571428567,0.9294819466248038,-7.771428571428572,-0.4772273255200085,3.2715506715506715,2.7083028083028085,0.5632478632478632,4.258941420708193,34.285714285714285,240.0,37.0,28.428571428571427,199.0,37.0,NFC West,1,5.857142857142857,41,0.5535714285714285,0.7188571428571429,9.097142857142858,5.089481946624804,3.7142857142857144,0.8571428571428571,1.0,39.57142857142857,1.0,7.0,0.36159079016221873,0.681,7.155714285714287,3.682772674479992,1.8571428571428572,1.2857142857142858,0.875,42.0,2.0,0.36159079016221873,1.7410585792918072,2020-11-08,2020,0.624361327092272,0.5455603189215178,BUF,8.0,6.0,0.75,8.875,71,9.375,75,-1.0999999999999996,-0.03454857189911548,-6.187499999999998,0.3917169577811361,2.7909722222222224,2.6953914141414144,0.0955808080808081,4.254226242973089,24.75,198.0,36.0,24.875,199.0,35.0,AFC East,2,-0.125,-1,0.5428571428571428,0.66175,7.75375,4.1254514281008845,2.0,0.875,0.8214285714285714,62.625,1.375,-1.0,0.4968605740664564,0.67325,6.922499999999999,4.551716957781136,1.5,1.375,0.9285714285714286,51.0,1.25,0.4968605740664564,1.7457737570269112,2020,0.6176898860087479,0.5101701358265698,SEA vs. BUF,BUF,44,1607.6026478292924,4.0,SEA,34,1653.6613026039795,3.0,1,10,3.0,1,147.0,-164.0,0,0
LAC,10.0,3.0,0.3,10.8,108,11.0,110,1.2,-0.45075678284398946,-5.209999999999999,0.5913144494394494,2.4182478632478634,2.5045571095571093,-0.08630924630924622,4.679458847520331,26.0,260.0,45.0,27.3,273.0,49.0,AFC West,1,-1.3,-13,0.42923280423280424,0.6644,7.905000000000001,3.7092432171560104,2.2,0.7,0.7314814814814814,46.1,1.2,-3.0,0.46142237664296487,0.6157,7.13,4.75131444943945,2.0,1.0,0.8645833333333333,55.2,0.9,0.46142237664296487,-1.6794588475203307,2020-11-29,2020,0.34668921468665287,0.32609683315591254,BUF,10.0,7.0,0.7,9.4,94,9.9,99,1.1600000000000008,-0.27513593354268423,-7.0299999999999985,0.4366676838719677,2.882777777777778,2.7063131313131317,0.1764646464646465,5.364242969221341,27.2,272.0,50.0,26.5,265.0,48.0,AFC East,-1,0.7,7,0.5869047619047618,0.6769999999999999,7.909000000000001,3.884864066457316,2.2,0.9,0.8333333333333334,64.0,1.3,3.0,0.48530897207367796,0.6757,6.958,4.596667683871968,1.5,1.5,0.9444444444444444,46.1,1.6,0.48530897207367796,1.6357570307786586,2020,0.6189232463180138,0.5156730681589653,LAC vs. BUF,BUF,27,1599.2487472322205,4.0,LAC,17,1360.0776972147846,20.0,1,10,-4.5,1,-214.0,189.0,0,0
BUF,11.0,8.0,0.7272727272727273,9.545454545454545,105,10.0,110,1.2454545454545458,-0.10709327291759173,-8.799999999999999,0.3066675913987585,2.8438475665748393,2.6007805325987143,0.24306703397612492,6.11383126695255,27.181818181818183,299.0,55.0,25.636363636363637,282.0,51.0,AFC East,1,1.5454545454545454,17,0.5582142857142858,0.6845454545454546,7.753636363636364,4.052906727082409,2.1818181818181817,0.9090909090909091,0.85,65.9090909090909,1.4545454545454546,1.0,0.4815940150164749,0.6684545454545454,6.790909090909091,4.466667591398759,1.4545454545454546,1.4545454545454546,0.95,50.18181818181818,1.5454545454545454,0.4815940150164749,1.88616873304745,2020-12-07,2020,0.613627082526069,0.500987277178033,SFO,11.0,5.0,0.45454545454545453,10.636363636363637,117,10.363636363636363,114,-13.036363636363637,0.03293029682346127,-11.272727272727272,-0.08145417921107022,2.368044077134986,2.216073068345796,0.1519710087891906,5.637076218431864,23.727272727272727,261.0,46.0,23.09090909090909,254.0,47.0,NFC West,1,0.6363636363636364,7,0.4447619047619048,0.6715454545454546,6.595454545454545,4.192930296823461,1.2727272727272727,1.4545454545454546,0.9444444444444444,51.09090909090909,1.8181818181818181,-4.0,0.3995442688624507,0.6476363636363636,6.212727272727273,4.07854582078893,1.5454545454545454,0.7272727272727273,0.9393939393939394,46.90909090909091,1.4545454545454546,0.3995442688624507,-0.6370762184318641,2020,0.3703919921928005,0.3509229806488855,BUF vs. SFO,SFO,24,1505.659687630267,16.0,BUF,34,1619.4014239016687,4.0,0,-10,-1.5,0,-122.0,110.0,0,0
PIT,12.0,11.0,0.9166666666666666,10.833333333333334,130,11.416666666666666,137,-2.0583333333333336,-0.6450098463694957,-29.125,-0.14506116145849698,2.6289321789321787,1.5920801420801423,1.0368520368520369,8.429736512096055,27.833333333333332,334.0,56.0,17.583333333333332,211.0,38.0,AFC North,-1,10.25,123,0.40528007346189165,0.6715,6.840833333333333,3.5149901536305044,2.25,0.8333333333333334,0.9696969696969696,45.166666666666664,1.0,11.0,0.4408689757954464,0.5560833333333334,4.9191666666666665,4.014938838541503,1.4166666666666667,0.5833333333333334,0.7962962962962963,67.83333333333333,1.9166666666666667,0.4408689757954464,2.5702634879039454,2020-12-13,2020,0.5230350995657826,0.3136678908396289,BUF,12.0,9.0,0.75,9.5,114,9.916666666666666,119,4.333333333333335,-0.19483550017445908,-8.424999999999999,0.27571513338536985,2.921675084175084,2.6062710437710437,0.3154040404040404,6.809231073414271,27.75,333.0,61.0,25.5,306.0,55.0,AFC East,2,2.25,27,0.5487898465171193,0.6941666666666667,8.040833333333333,3.965164499825541,2.3333333333333335,0.8333333333333334,0.8636363636363636,64.58333333333333,1.4166666666666667,2.0,0.4784982174688057,0.6683333333333333,6.835833333333333,4.4357151333853695,1.5833333333333333,1.3333333333333333,0.9545454545454546,49.583333333333336,1.5833333333333333,0.4784982174688057,2.1907689265857293,2020,0.6327755150012643,0.5080478228026717,PIT vs. BUF,BUF,26,1653.593415957369,4.0,PIT,15,1721.5161228776085,1.0,1,11,-2.0,1,-124.0,112.0,0,0
BUF,13.0,10.0,0.7692307692307693,9.615384615384615,125,10.076923076923077,131,2.207692307692309,-0.2035518577108967,-10.484615384615383,0.14717596022902915,2.878749028749029,2.501942501942502,0.3768065268065268,7.595672956133318,27.615384615384617,359.0,65.0,24.692307692307693,321.0,57.0,AFC East,3,2.923076923076923,38,0.5794462481962482,0.6836923076923077,7.8246153846153845,3.956448142289103,2.3076923076923075,0.7692307692307693,0.875,63.30769230769231,1.4615384615384615,2.0,0.4801522007404361,0.6606153846153846,6.573846153846153,4.30717596022903,1.6153846153846154,1.2307692307692308,0.9545454545454546,50.0,1.6153846153846154,0.4801522007404361,2.404327043866682,2020-12-19,2020,0.6161730817546672,0.482117816500529,DEN,13.0,5.0,0.38461538461538464,11.0,143,10.692307692307692,139,-32.53076923076923,0.15317232321786964,-14.761538461538464,0.45834403106018284,1.8204261550415397,2.4874514374514374,-0.6670252824098978,4.957294024366638,19.76923076923077,257.0,49.0,26.692307692307693,347.0,65.0,AFC West,1,-6.923076923076923,-90,0.5625631313131313,0.5456923076923077,4.351538461538461,4.31317232321787,1.3846153846153846,0.6923076923076923,0.9242424242424242,43.46153846153846,2.230769230769231,-18.0,0.36940335305719924,0.6574615384615385,5.981538461538462,4.618344031060183,1.2307692307692308,1.3076923076923077,0.9423076923076923,55.46153846153846,0.8461538461538461,0.36940335305719924,0.042705975633362314,2020,0.34378299774396703,0.4331908624328547,BUF vs. DEN,DEN,19,1497.0647339755326,20.0,BUF,48,1713.2456249037336,3.0,0,-29,5.5,0,212.0,-242.0,0,0
BUF,14.0,11.0,0.7857142857142857,9.642857142857142,135,10.142857142857142,142,3.02857142857143,0.05551137022083398,-11.192857142857141,0.19666339164124133,3.0159812409812408,2.4466089466089467,0.5693722943722943,8.495601062582743,29.071428571428573,407.0,72.0,24.285714285714285,340.0,60.0,AFC East,4,4.785714285714286,67,0.5644592586900279,0.6848571428571428,7.965714285714285,4.215511370220834,2.2857142857142856,0.9285714285714286,0.8846153846153846,64.14285714285714,1.4285714285714286,2.0,0.4953061644238114,0.6580714285714285,6.405714285714287,4.356663391641241,1.5714285714285714,1.2857142857142858,0.875,48.785714285714285,1.5714285714285714,0.4953061644238114,2.504398937417257,2020-12-28,2020,0.628739007139705,0.46793960575706,NWE,14.0,6.0,0.42857142857142855,8.785714285714286,123,9.285714285714286,130,-22.75,0.31160427625297077,-15.842857142857143,0.2880949915204671,2.4127344877344874,2.382251082251082,0.030483405483405526,6.200242941263249,20.642857142857142,289.0,52.0,21.5,301.0,53.0,AFC East,-2,-0.8571428571428571,-12,0.5839451147143454,0.6497857142857143,5.226428571428571,4.471604276252971,0.5714285714285714,1.3571428571428572,0.8928571428571429,33.0,1.3571428571428572,1.0,0.3957181707181707,0.6720714285714287,6.346428571428571,4.448094991520468,1.2142857142857142,1.0714285714285714,0.782051282051282,41.57142857142857,1.4285714285714286,0.3957181707181707,-0.20024294126324893,2020,0.41671740247056394,0.3727401780840922,BUF vs. NWE,NWE,9,1415.172721927549,17.0,BUF,38,1579.649901574063,6.0,0,-29,7.0,0,268.0,-313.0,1,0
MIA,15.0,10.0,0.6666666666666666,10.2,153,10.533333333333333,158,-5.439999999999999,-0.2491325368531251,-15.353333333333333,0.39570773676403526,2.502878787878788,1.8665824915824916,0.6362962962962962,9.619196466425931,25.2,378.0,70.0,18.8,282.0,49.0,AFC East,2,6.4,96,0.5051377194234338,0.6784,6.864,3.9108674631468747,1.5333333333333334,0.8666666666666667,0.8869047619047619,41.0,1.0666666666666667,11.0,0.38864311614311614,0.6408666666666666,6.692666666666667,4.5557077367640355,1.1333333333333333,1.0,0.6538461538461539,52.6,1.8,0.38864311614311614,0.3808035335740687,2021-01-03,2020,0.4691312624619542,0.2973246300190419,BUF,15.0,12.0,0.8,9.533333333333333,143,10.066666666666666,151,5.073333333333334,0.05404717134589664,-13.759999999999998,0.30899694330960303,3.1315824915824915,2.3501683501683504,0.7814141414141413,9.463729695798678,29.666666666666668,445.0,78.0,23.266666666666666,349.0,62.0,AFC East,5,6.4,96,0.5547529851101279,0.6891999999999999,8.141333333333334,4.214047171345897,2.4,0.9333333333333333,0.8928571428571429,61.666666666666664,1.3333333333333333,2.0,0.4900635312400018,0.6427999999999999,6.156666666666666,4.4689969433096035,1.4666666666666666,1.2666666666666666,0.8846153846153846,47.2,1.4666666666666666,0.4900635312400018,2.536270304201322,2020,0.6376825565164117,0.4526484586580494,MIA vs. BUF,BUF,56,1550.0,1.0,MIA,26,1450.0,17.0,1,30,3.5,1,138.0,-153.0,1,0
IND,16.0,11.0,0.6875,9.6875,155,10.0,160,-3.9937500000000004,0.18311137484621687,-12.63125,-0.6296136226224276,3.01773538961039,2.2966710372960373,0.7210643523143523,9.768440797792156,28.1875,451.0,76.0,22.625,362.0,59.0,AFC South,1,5.5625,89,0.4999404299404299,0.6754375,7.433125,4.343111374846217,1.5,1.25,0.9023809523809524,56.1875,0.9375,10.0,0.39479990952030425,0.6594375,6.485,3.5303863773775728,1.5,1.0,0.8333333333333334,47.1875,1.5625,0.39479990952030425,1.231559202207844,2021-01-09,2020,0.5280639110354016,0.37408671598838394,BUF,16.0,13.0,0.8125,9.6875,155,10.375,166,5.331250000000001,-0.0143307768632219,-15.118749999999999,0.24843463435275284,3.2275252525252527,2.3116161616161617,0.9159090909090909,10.324103089486803,31.3125,501.0,84.0,23.4375,375.0,67.0,AFC East,6,7.875,126,0.5622138972138973,0.685625,8.23625,4.145669223136778,2.5,1.0,0.8928571428571429,58.8125,1.375,4.0,0.4844345605375017,0.6407499999999999,6.056875,4.408434634352753,1.4375,1.3125,0.8928571428571429,45.5,1.625,0.4844345605375017,2.675896910513197,2020,0.632570701807705,0.44589047176369884,IND vs. BUF,BUF,27,1785.8751375391669,2.0,IND,24,1627.0892574514844,7.0,1,3,-7.0,0,-325.0,277.0,0,1
BUF,2.0,15.0,7.5,9.555555555555555,172,10.277777777777779,185,4.905555555555556,-0.10988132546572109,-16.172222222222224,0.32087708238763213,3.153633557800225,2.219584736251403,0.9340488215488215,11.877312921815939,30.27777777777778,545.0,91.0,22.333333333333332,402.0,72.0,AFC East,8,7.944444444444445,143,1.2423946151887328,0.6852777777777778,8.174444444444443,4.0501186745342785,2.388888888888889,0.9444444444444444,0.8645833333333334,53.27777777777778,1.2222222222222223,5.0,0.4600481943619198,0.6322222222222221,6.023333333333333,4.480877082387632,1.3888888888888888,1.2222222222222223,0.8333333333333334,44.27777777777778,1.5,0.4600481943619198,3.122687078184061,2021-01-24,2020,1.3551294305661326,0.8022526206196011,KAN,1.0,15.0,15.0,9.529411764705882,162,9.529411764705882,162,5.964705882352939,0.23363629098957053,-12.74705882352941,0.41976888514424215,3.089939309056956,2.404634417869712,0.6853048911872441,11.013175684314673,29.11764705882353,495.0,83.0,22.294117647058822,379.0,64.0,AFC West,1,6.823529411764706,116,1.2831215659340658,0.6751176470588236,8.447647058823529,4.39363629098957,2.411764705882353,0.8235294117647058,0.8869047619047619,57.294117647058826,1.0,7.0,0.47968959145429735,0.6229411764705882,6.416470588235294,4.579768885144242,1.7647058823529411,0.8823529411764706,0.7166666666666667,46.1764705882353,1.411764705882353,0.47968959145429735,3.986824315685327,2020,2.5549778901350755,1.5750417049621044,BUF vs. KAN,KAN,38,1800.7395756742176,1.0,BUF,24,1847.889238769821,3.0,1,14,-3.0,1,-158.0,142.0,0,1
CAR,1.0,0.0,0.0,9.0,9,9.0,9,-2.5,0.13999999999999968,7.5,0.1303225806451609,3.3333333333333335,3.7777777777777777,-0.4444444444444442,0.4263798874793777,30.0,30.0,6.0,34.0,34.0,6.0,NFC South,-1,-4.0,-4,0.5,0.647,8.21,4.3,1.0,2.0,1.0,65.0,0.0,0.0,0.5384615384615384,0.733,8.63,4.290322580645161,1.0,3.0,1.0,40.0,0.0,0.5384615384615384,-0.4263798874793777,2020-09-20,2020,0.3824134083470815,-0.2842532583195852,TAM,1.0,0.0,0.0,13.0,13,12.0,12,-23.400000000000006,-0.8523076923076927,0.09999999999999432,-1.7482352941176473,1.7692307692307692,2.8333333333333335,-1.0641025641025643,0.28366516633880623,23.0,23.0,4.0,34.0,34.0,5.0,NFC South,-1,-11.0,-11,0.5,0.639,4.83,3.3076923076923075,2.0,1.0,0.5,103.0,3.0,-3.0,0.38461538461538464,0.613,7.39,2.411764705882353,2.0,1.0,1.0,119.0,0.0,0.38461538461538464,-0.28366516633880623,2020,0.2204107180495981,-0.11819381930783598,CAR vs. TAM,TAM,31,1450.0,17.0,CAR,17,1450.0,17.0,1,14,-7.5,1,-342.0,290.0,1,0
CAR,2.0,0.0,0.0,9.5,19,10.0,20,-10.950000000000003,-0.19750000000000023,-6.100000000000001,0.7578885630498533,2.5166666666666666,3.297979797979798,-0.7813131313131313,0.6204411166722621,23.5,47.0,9.0,32.5,65.0,11.0,NFC South,-2,-9.0,-18,0.0,0.7164999999999999,7.08,3.9625,0.5,2.0,1.0,71.0,2.0,-2.0,0.5419580419580419,0.6950000000000001,7.0600000000000005,4.9178885630498534,1.0,3.0,1.0,38.5,1.0,0.5419580419580419,-0.6204411166722621,2020-09-27,2020,0.32673763026183267,0.10437869291512793,LAC,2.0,1.0,0.5,10.5,21,11.0,22,-16.1,-0.09327505827505789,-23.200000000000003,0.8594805194805191,1.7777777777777777,1.6916666666666664,0.08611111111111125,1.038542223937771,18.0,36.0,8.0,18.0,36.0,8.0,AFC West,-1,0.0,0,1.0,0.6,7.555000000000001,4.066724941724942,0.5,1.0,0.875,37.5,0.5,1.0,0.4182692307692308,0.6065,5.28,5.019480519480519,1.0,0.5,0.8333333333333333,67.0,1.0,0.4182692307692308,-0.03854222393777107,2020,0.37361100496423405,0.17481050473858709,CAR vs. LAC,LAC,16,1500.0,12.0,CAR,21,1400.0,22.0,0,-5,-6.0,0,-265.0,230.0,0,0
CHI,5.0,4.0,0.8,10.6,53,10.8,54,-16.779999999999998,-0.36196428571428585,-23.919999999999998,0.37916273442226245,1.95022533022533,1.8325252525252522,0.1177000777000777,2.5769695253109877,21.0,105.0,19.0,20.0,100.0,23.0,NFC North,1,1.0,5,0.35416666666666663,0.6202,5.436,3.7980357142857146,2.2,0.2,0.8,69.0,1.2,-1.0,0.3193398268398268,0.5716,5.846,4.539162734422263,0.8,0.8,0.8166666666666667,69.4,1.0,0.3193398268398268,1.4230304746890123,2020-10-18,2020,0.4605191661097782,0.46196185525128625,CAR,5.0,3.0,0.6,9.0,45,9.4,47,1.4799999999999982,0.07494708994708973,-9.42,1.3296191933358834,2.7766666666666664,2.5058585858585856,0.2708080808080808,2.694545257369989,24.4,122.0,25.0,23.6,118.0,21.0,NFC South,3,0.8,4,0.29166666666666663,0.7343999999999999,7.9799999999999995,4.23494708994709,1.2,1.2,0.9,53.8,1.0,3.0,0.494055944055944,0.6892,6.146,5.4896191933358836,1.2,1.6,1.0,41.2,1.6,0.494055944055944,0.30545474263001093,2020,0.5894949714033346,0.38474276423502224,CHI vs. CAR,CAR,16,1550.3702063493356,10.0,CHI,23,1604.0958372666423,4.0,0,-7,-2.0,0,-124.0,112.0,0,0
CAR,6.0,3.0,0.5,9.166666666666666,55,9.5,57,-7.6333333333333355,0.012800735875448352,-12.816666666666668,0.8346826611132361,2.5805555555555557,2.4715488215488217,0.10900673400673404,2.991866631286153,23.0,138.0,29.0,23.5,141.0,26.0,NFC South,-1,-0.5,-3,0.39333333333333337,0.7040000000000001,7.23,4.172800735875449,1.0,1.1666666666666667,0.875,56.333333333333336,1.3333333333333333,1.0,0.45017482517482516,0.6726666666666666,5.861666666666667,4.994682661113236,1.1666666666666667,1.5,1.0,49.666666666666664,1.5,0.45017482517482516,0.008133368713846956,2020-10-25,2020,0.5279874778566713,0.38073528534081874,NOR,5.0,3.0,0.6,10.2,51,10.6,53,3.139999999999998,0.2622526905499038,6.039999999999997,-0.5698264235764238,3.1032051282051283,2.9914529914529915,0.1117521367521368,2.570888384475057,30.6,153.0,26.0,30.0,150.0,25.0,NFC South,2,0.6,3,0.6458333333333334,0.7102,7.8340000000000005,4.422252690549904,1.8,1.6,1.0,91.6,0.8,1.0,0.49437229437229435,0.6335999999999999,7.93,3.5901735764235765,3.0,0.8,0.625,37.0,1.0,0.49437229437229435,0.4291116155249428,2020,0.5535564784456805,0.4178407184457493,CAR vs. NOR,NOR,27,1549.856932745673,10.0,CAR,24,1508.040903035101,13.0,1,3,-7.0,0,-317.0,271.0,1,0
CAR,8.0,3.0,0.375,8.625,69,8.875,71,-5.762500000000003,0.13518496749100178,-9.625,0.6357006931529348,2.701041666666667,2.806786616161616,-0.10574494949494948,3.70870774917168,22.375,179.0,36.0,24.125,193.0,37.0,NFC South,-3,-1.75,-14,0.3870748299319728,0.70475,7.3100000000000005,4.295184967491002,1.125,1.125,0.84375,46.625,1.125,2.0,0.4459644522144522,0.693375,6.405,4.795700693152935,1.125,1.5,1.0,51.375,1.375,0.4459644522144522,-0.7087077491716798,2020-11-08,2020,0.47551905983662957,0.40982009380395745,KAN,8.0,7.0,0.875,9.75,78,9.5,76,13.837499999999999,0.21490396081931418,-23.275,0.7377933841520795,3.2604166666666665,2.0430555555555556,1.2173611111111111,6.022304169760234,31.625,253.0,41.0,19.0,152.0,28.0,AFC West,3,12.625,101,0.6238095238095239,0.68275,9.1325,4.3749039608193145,2.625,0.875,0.8571428571428571,51.125,0.625,9.0,0.468485680985681,0.59975,5.44875,4.89779338415208,1.125,0.875,0.78125,40.25,1.75,0.468485680985681,0.9776958302397656,2020,0.5898806555125488,0.36739388691893654,CAR vs. KAN,KAN,33,1696.3974926923672,2.0,CAR,31,1398.209594241829,19.0,1,2,-10.0,0,-445.0,365.0,0,0
TAM,9.0,6.0,0.6666666666666666,10.666666666666666,96,10.333333333333334,93,-6.2666666666666675,-0.3798120192564637,-11.377777777777778,-0.9247016764663825,2.6460761460761457,2.197081930415264,0.4489942156608822,5.480915992170043,27.77777777777778,250.0,44.0,22.555555555555557,203.0,34.0,NFC South,-1,5.222222222222222,47,0.4425595238095238,0.6483333333333333,6.783333333333334,3.7801879807435363,2.2222222222222223,0.8888888888888888,0.8888888888888888,54.333333333333336,1.2222222222222223,5.0,0.3915405582072249,0.6806666666666668,6.162222222222223,3.235298323533618,1.6666666666666667,0.7777777777777778,0.9444444444444444,62.666666666666664,1.7777777777777777,0.3915405582072249,0.5190840078299566,2020-11-15,2020,0.4847681670654145,0.3460559812021727,CAR,9.0,3.0,0.3333333333333333,8.666666666666666,78,8.88888888888889,80,-4.600000000000002,0.13942367480681636,-6.255555555555555,0.46648142421675015,2.783641975308642,2.9023288439955106,-0.11868686868686863,4.171732063973356,23.333333333333332,210.0,41.0,25.11111111111111,226.0,43.0,NFC South,-4,-1.7777777777777777,-16,0.4480654761904762,0.7086666666666667,7.322222222222223,4.299423674806817,1.2222222222222223,1.2222222222222223,0.787037037037037,50.55555555555556,1.0,3.0,0.44502395752395757,0.6904444444444445,6.782222222222223,4.626481424216751,1.4444444444444444,1.3333333333333333,0.9583333333333334,54.0,1.3333333333333333,0.44502395752395757,-1.171732063973356,2020,0.45720653187620003,0.4077993350682579,TAM vs. CAR,CAR,23,1450.0,17.0,TAM,46,1450.0,17.0,0,-23,6.0,0,226.0,-259.0,1,0
DET,9.0,4.0,0.4444444444444444,10.333333333333334,93,9.555555555555555,86,-5.5,-0.1497212196062773,1.2888888888888883,0.34158703557396347,2.474691358024691,3.1430134680134683,-0.6683221099887766,3.867030121707236,25.22222222222222,227.0,42.0,29.666666666666668,267.0,41.0,NFC North,1,-4.444444444444445,-40,0.48779761904761904,0.6365555555555555,7.304444444444444,4.0102787803937225,2.0,0.7777777777777778,0.6041666666666666,57.77777777777778,1.0,-1.0,0.40648148148148144,0.6551111111111111,8.07888888888889,4.501587035573964,1.8888888888888888,1.7777777777777777,0.8333333333333334,52.0,0.8888888888888888,0.40648148148148144,0.13296987829276397,2020-11-22,2020,0.4582852268677372,0.4308162338630534,CAR,10.0,3.0,0.3,8.9,89,9.0,90,-5.270000000000001,0.11573130732613471,-3.3099999999999987,0.5714008493626427,2.714368686868687,3.0720959595959596,-0.3577272727272726,4.33382208321796,23.3,233.0,45.0,27.2,272.0,52.0,NFC South,-5,-3.9,-39,0.4723544973544973,0.7091999999999999,7.008,4.275731307326135,1.3,1.2,0.8083333333333333,49.5,1.0,3.0,0.41163267288267286,0.6932,7.114,4.731400849362642,1.6,1.4,0.9629629629629629,51.6,1.3,0.41163267288267286,-1.3338220832179601,2020,0.438177535118193,0.44293472408074,DET vs. CAR,CAR,20,1360.5378300268585,22.0,DET,0,1449.0494124501545,16.0,1,20,3.0,1,152.0,-169.0,0,0
CAR,11.0,4.0,0.36363636363636365,9.0,99,9.090909090909092,100,-7.000000000000001,0.03718888901306361,-6.118181818181816,0.3551772427360922,2.649426078971534,2.7928145087235996,-0.14338842975206603,5.332997564197747,23.0,253.0,49.0,24.727272727272727,272.0,52.0,NFC South,1,-1.7272727272727273,-19,0.469563492063492,0.7070909090909091,6.859090909090909,4.197188889013064,1.2727272727272727,1.1818181818181819,0.8257575757575758,49.09090909090909,1.0909090909090908,2.0,0.40451455110546014,0.6797272727272727,6.866363636363636,4.515177242736093,1.4545454545454546,1.2727272727272727,0.8666666666666666,48.72727272727273,1.2727272727272727,0.40451455110546014,-1.332997564197747,2020-11-29,2020,0.43497072484326027,0.4097128424197429,MIN,10.0,4.0,0.4,10.1,101,10.0,100,4.5100000000000025,0.7684631285588589,-2.310000000000001,0.2709320601801627,2.6716783216783218,2.8324170274170273,-0.1607387057387058,4.871655547896173,26.4,264.0,42.0,27.8,278.0,52.0,NFC North,-1,-1.4,-14,0.4488536155202822,0.6725,8.725,4.9284631285588585,2.0,1.4,0.8333333333333334,42.6,1.6,-4.0,0.43007936507936506,0.6642,7.3420000000000005,4.430932060180163,2.2,0.6,0.9583333333333334,42.3,1.2,0.43007936507936506,-0.8716555478961734,2020,0.37959452177065417,0.422673911509399,CAR vs. MIN,MIN,28,1454.8642326396896,15.0,CAR,27,1423.0070750307466,19.0,1,1,-3.0,0,-145.0,131.0,0,0
DEN,12.0,4.0,0.3333333333333333,11.166666666666666,134,10.75,129,-39.225,0.24593668348602546,-15.166666666666666,0.34717428761678537,1.6758320383320384,2.469739057239057,-0.7939070189070189,4.357967266545567,18.75,225.0,45.0,26.666666666666668,320.0,60.0,AFC West,-2,-7.916666666666667,-95,0.5834022038567493,0.5263333333333333,3.6366666666666667,4.405936683486026,1.1666666666666667,0.75,0.9242424242424242,45.583333333333336,2.3333333333333335,-17.0,0.36893696581196583,0.64975,5.969166666666666,4.5071742876167855,1.3333333333333333,1.1666666666666667,0.9375,56.083333333333336,0.9166666666666666,0.36893696581196583,-0.3579672665455673,2020-12-13,2020,0.3258031548541353,0.41248188889358267,CAR,12.0,4.0,0.3333333333333333,9.0,108,9.25,111,-8.525,0.005875529214355968,-4.424999999999999,0.31224580584141787,2.6786405723905724,2.772201178451178,-0.09356060606060597,5.811463064923573,23.333333333333332,280.0,52.0,25.0,300.0,57.0,NFC South,-1,-1.6666666666666667,-20,0.46323953823953823,0.6921666666666666,6.8475,4.1658755292143566,1.25,1.0833333333333333,0.7986111111111112,49.833333333333336,1.0833333333333333,4.0,0.4065192908942909,0.6860833333333334,6.944166666666667,4.4722458058414185,1.5833333333333333,1.1666666666666667,0.8787878787878788,49.0,1.4166666666666667,0.4065192908942909,-1.811463064923573,2020,0.40879932146911585,0.3932031571316489,DEN vs. CAR,CAR,27,1377.5788832692567,26.0,DEN,32,1458.5047620824864,22.0,0,-5,-4.0,0,-199.0,177.0,0,0
CAR,13.0,4.0,0.3076923076923077,9.076923076923077,118,9.23076923076923,120,-8.630769230769232,0.14329902330409416,-0.40769230769230586,0.21438074385361647,2.680283605283605,2.832459207459207,-0.15217560217560205,6.212136307102503,23.615384615384617,307.0,57.0,25.53846153846154,332.0,61.0,NFC South,-2,-1.9230769230769231,-25,0.45241402116402113,0.6966153846153845,6.792307692307692,4.303299023304094,1.1538461538461537,1.2307692307692308,0.8141025641025641,49.69230769230769,1.0,5.0,0.40821560917714766,0.6931538461538461,7.404615384615385,4.374380743853616,1.7692307692307692,1.0769230769230769,0.8787878787878788,46.61538461538461,1.3846153846153846,0.40821560917714766,-2.2121363071025026,2020-12-19,2020,0.4008528230085771,0.38273056747868417,GNB,13.0,10.0,0.7692307692307693,9.23076923076923,120,9.461538461538462,123,17.815384615384616,0.22536192990907628,-4.369230769230768,0.46639559727155616,3.587611106841876,2.681762681762682,0.9058484250791943,8.219590192267054,31.53846153846154,410.0,65.0,24.846153846153847,323.0,53.0,NFC North,3,6.6923076923076925,87,0.3261994949494949,0.697153846153846,9.344615384615384,4.3853619299090765,3.0,0.8461538461538461,1.0,46.46153846153846,0.6923076923076923,4.0,0.5010424467438042,0.6526153846153846,7.295384615384616,4.626395597271556,1.6923076923076923,1.0,0.8722222222222222,49.0,1.0,0.5010424467438042,1.780409807732946,2020,0.6158504086555394,0.45676155085043535,CAR vs. GNB,GNB,24,1616.8239237641214,3.0,CAR,16,1339.0189113762106,24.0,1,8,-9.5,0,-419.0,346.0,0,0
CAR,14.0,4.0,0.2857142857142857,9.142857142857142,128,9.285714285714286,130,-9.321428571428571,0.1401533258723203,-1.4642857142857129,0.4177979923085169,2.6031204906204906,2.801569264069264,-0.19844877344877335,6.488823874926999,23.071428571428573,323.0,61.0,25.428571428571427,356.0,65.0,NFC South,-3,-2.357142857142857,-33,0.4767845402460787,0.6897142857142857,6.8149999999999995,4.30015332587232,1.0714285714285714,1.2142857142857142,0.8273809523809524,50.857142857142854,1.0,4.0,0.4028668751883037,0.6929285714285714,7.161428571428572,4.5777979923085175,1.7142857142857142,1.1428571428571428,0.8888888888888888,46.857142857142854,1.2857142857142858,0.4028668751883037,-2.4888238749269993,2020-12-27,2020,0.3918424908646502,0.37539914732403573,WAS,14.0,6.0,0.42857142857142855,10.857142857142858,152,10.857142857142858,152,-20.414285714285715,-0.30182549375278667,-16.657142857142855,0.01891245202169554,2.082532546818261,2.0304673501102073,0.0520651967080538,7.22822981653402,21.571428571428573,302.0,54.0,21.071428571428573,295.0,55.0,NFC East,-1,0.5,7,0.49086127547666014,0.6450714285714286,5.28,3.8581745062472135,0.9285714285714286,1.2857142857142858,0.8012820512820512,43.92857142857143,1.5,-3.0,0.3837055917938271,0.6404285714285713,5.601428571428571,4.178912452021696,1.4285714285714286,0.7857142857142857,0.9102564102564104,45.142857142857146,1.2857142857142858,0.3837055917938271,-1.2282298165340197,2020,0.32409567194885475,0.3042515789899572,CAR vs. WAS,WAS,13,1498.0815708401528,17.0,CAR,20,1322.2092050408517,26.0,0,-7,1.0,0,102.0,-112.0,0,0
NOR,15.0,11.0,0.7333333333333333,10.6,159,10.666666666666666,160,-1.1666666666666676,0.3885343690553466,-16.293333333333337,-0.5000756809797265,2.953725718725719,2.2009893809893812,0.7527363377363377,9.731887082717304,29.933333333333334,449.0,75.0,22.0,330.0,60.0,NFC South,1,7.933333333333334,119,0.5493343957629672,0.704,7.408,4.548534369055346,1.6666666666666667,1.9333333333333333,0.7923076923076924,64.93333333333334,1.1333333333333333,4.0,0.44375979140685023,0.5838,5.5280000000000005,3.659924319020274,1.8666666666666667,0.6666666666666666,0.8076923076923077,34.13333333333333,1.4,0.44375979140685023,1.2681129172826964,2021-01-03,2020,0.5115758779019717,0.3817028229320675,CAR,15.0,5.0,0.3333333333333333,9.2,138,9.466666666666667,142,-10.0,0.06871453271892752,-3.886666666666665,0.4915588279090017,2.562912457912458,2.687020202020202,-0.124107744107744,7.22398255458755,22.866666666666667,343.0,63.0,24.6,369.0,68.0,NFC South,1,-1.7333333333333334,-26,0.4733407465550323,0.689,6.698666666666667,4.228714532718928,1.0666666666666667,1.2,0.8273809523809524,49.8,1.0666666666666667,6.0,0.4026757501757502,0.6836,6.979333333333333,4.651558827909001,1.6666666666666667,1.0666666666666667,0.8974358974358974,45.46666666666667,1.4666666666666666,0.4026757501757502,-2.2239825545875496,2020,0.38883531355603107,0.3759479747831205,NOR vs. CAR,CAR,7,1508.040903035101,13.0,NOR,33,1549.856932745673,10.0,0,-26,6.0,0,219.0,-250.0,1,0
NYG,1.0,0.0,0.0,10.0,10,10.0,10,-22.5,-2.71,15.099999999999994,0.54,1.6,2.6,-1.0,0.24036973457774513,16.0,16.0,3.0,26.0,26.0,5.0,NFC East,-1,-10.0,-10,0.5,0.634,5.17,1.45,2.0,0.0,1.0,25.0,2.0,-1.0,0.5333333333333333,0.6559999999999999,8.38,4.7,3.0,0.0,1.0,21.0,1.0,0.5333333333333333,-0.24036973457774513,2020-09-20,2020,0.22788907962667646,-0.12018486728887257,CHI,1.0,1.0,1.0,11.0,11,11.0,11,0.9000000000000057,1.161428571428571,-23.700000000000003,0.5986206896551725,2.4545454545454546,2.090909090909091,0.36363636363636376,0.5938760166435199,27.0,27.0,5.0,23.0,23.0,5.0,NFC North,1,4.0,4,0.5,0.556,7.61,5.321428571428571,3.0,0.0,1.0,48.0,0.0,1.0,0.18181818181818182,0.5710000000000001,6.26,4.758620689655173,1.0,1.0,0.75,77.0,1.0,0.18181818181818182,0.40612398335648014,2020,0.6391472651620365,0.18460181061658187,NYG vs. CHI,CHI,17,1550.0,1.0,NYG,13,1450.0,17.0,1,4,-4.5,0,-222.0,196.0,0,0
IND,3.0,2.0,0.6666666666666666,9.0,27,9.0,27,0.5666666666666677,-0.28876344086021516,-35.0,-0.10680437558998286,3.111111111111111,1.7657407407407408,1.3453703703703705,2.2106400800358728,28.0,84.0,14.0,15.0,45.0,8.0,AFC South,2,13.0,39,0.0,0.7676666666666666,7.84,3.871236559139785,1.0,1.0,0.7777777777777777,71.0,1.0,3.0,0.302020202020202,0.6529999999999999,3.4,4.053195624410017,1.3333333333333333,0.3333333333333333,1.0,54.333333333333336,2.0,0.302020202020202,-0.21064008003587276,2020-10-04,2020,0.48211159110491086,0.17672690567546934,CHI,3.0,3.0,1.0,11.0,33,11.0,33,-13.26666666666666,0.753392857142857,-30.2,0.7350957854406129,2.217042217042217,1.8451178451178452,0.3719243719243719,1.8316599868917693,24.666666666666668,74.0,13.0,20.666666666666668,62.0,13.0,NFC North,3,4.0,12,0.0,0.5893333333333334,5.8933333333333335,4.913392857142857,3.0,0.0,0.6666666666666666,58.666666666666664,1.3333333333333333,0.0,0.3369949494949495,0.5653333333333334,5.32,4.895095785440613,0.6666666666666666,1.3333333333333333,0.6944444444444443,54.0,1.3333333333333333,0.3369949494949495,1.1683400131082307,2020,0.5473577794990606,0.4160446481859293,IND vs. CHI,CHI,11,1611.5211706611783,1.0,IND,19,1535.9935000197115,8.0,0,-8,3.5,0,156.0,-174.0,0,0
TAM,4.0,3.0,0.75,11.25,45,10.75,43,-2.900000000000002,-0.20189847189847165,-5.275000000000002,-1.4008088235294118,2.7104895104895106,2.1356060606060607,0.5748834498834499,2.627790633529038,30.0,120.0,20.0,23.0,92.0,14.0,NFC South,3,7.0,28,0.1111111111111111,0.6515,7.155,3.9581015281015284,2.75,1.0,0.75,75.25,1.5,2.0,0.44842657342657344,0.71,6.995,2.7591911764705883,1.5,0.75,0.875,71.5,2.0,0.44842657342657344,0.3722093664709618,2020-10-08,2020,0.4858010407189957,0.27448215773600854,CHI,4.0,3.0,0.75,10.75,43,11.0,44,-16.049999999999997,-0.037455357142857304,-26.075,0.18895341802782817,1.9377816627816626,1.8156565656565657,0.12212509712509712,2.046615620207492,21.25,85.0,15.0,20.25,81.0,18.0,NFC North,-1,1.0,4,0.2222222222222222,0.59675,5.705,4.122544642857143,2.5,0.0,0.75,69.75,1.25,-1.0,0.3241747835497836,0.562,5.765,4.348953418027828,0.75,1.0,0.7708333333333333,59.5,1.0,0.3241747835497836,0.9533843797925079,2020,0.43198119591213735,0.40432340247877924,TAM vs. CHI,CHI,20,1550.819905343074,5.0,TAM,19,1573.6160682553505,5.0,1,1,3.5,1,164.0,-184.0,0,0
CHI,6.0,5.0,0.8333333333333334,10.5,63,10.666666666666666,64,-18.95,-0.5749702380952383,-28.8,0.2663137729380923,2.0085211085211085,1.793771043771044,0.21475006475006472,3.2796481513948232,21.333333333333332,128.0,24.0,19.333333333333332,116.0,27.0,NFC North,2,2.0,12,0.4033333333333333,0.6151666666666666,5.2700000000000005,3.585029761904762,2.0,0.3333333333333333,0.8333333333333334,72.83333333333333,1.1666666666666667,1.0,0.3494498556998557,0.5683333333333334,5.451666666666667,4.426313772938093,0.6666666666666666,0.8333333333333334,0.8055555555555555,69.33333333333333,1.3333333333333333,0.3494498556998557,1.7203518486051768,2020-10-26,2020,0.4901810697527096,0.4725247393550515,LAR,6.0,4.0,0.6666666666666666,9.833333333333334,59,10.166666666666666,61,2.1333333333333306,0.18933462243959953,-13.016666666666667,0.165331668665002,2.622053872053872,1.9707977207977205,0.6512561512561512,3.897811720285544,25.333333333333332,152.0,26.0,19.0,114.0,21.0,NFC West,-1,6.333333333333333,38,0.32999999999999996,0.681,8.298333333333334,4.3493346224396,1.6666666666666667,1.5,0.861111111111111,31.166666666666668,1.1666666666666667,-1.0,0.47178230266465565,0.6515,5.849999999999999,4.325331668665002,1.3333333333333333,0.8333333333333334,0.9,43.0,1.0,0.47178230266465565,0.10218827971445599,2020,0.4481833199790278,0.2927485078524688,CHI vs. LAR,LAR,24,1519.8857717371186,7.0,CHI,10,1646.4251405808766,3.0,1,14,-6.5,1,-291.0,251.0,0,0
NOR,6.0,4.0,0.6666666666666666,9.5,57,9.833333333333334,59,5.266666666666666,0.31831402373411527,9.549999999999997,-0.727712495837496,3.336004273504274,3.1595441595441596,0.176460113960114,3.140225176128027,30.0,180.0,31.0,29.0,174.0,29.0,NFC South,3,1.0,6,0.6166666666666667,0.727,7.956666666666667,4.478314023734115,1.8333333333333333,1.5,1.0,84.66666666666667,0.8333333333333334,0.0,0.5548340548340548,0.6648333333333333,8.31,3.4322875041625043,2.8333333333333335,0.8333333333333334,0.6,31.666666666666668,0.8333333333333334,0.5548340548340548,0.8597748238719731,2020-11-01,2020,0.6217924547954128,0.48003805054318427,CHI,7.0,5.0,0.7142857142857143,10.571428571428571,74,10.714285714285714,75,-21.457142857142856,-0.6753526410564227,-23.685714285714287,0.30625214150996144,1.8514596514596513,1.8492063492063493,0.0022533022533022568,3.391212477362486,19.714285714285715,138.0,25.0,20.0,140.0,31.0,NFC North,-1,-0.2857142857142857,-2,0.4472222222222222,0.6272857142857143,5.017142857142858,3.4846473589435774,1.7142857142857142,0.2857142857142857,0.8571428571428571,69.0,1.2857142857142858,0.0,0.34034477427334575,0.5867142857142857,5.76,4.466252141509962,0.8571428571428571,0.8571428571428571,0.7619047619047619,66.0,1.2857142857142858,0.34034477427334575,1.6087875226375141,2020,0.41548202329331635,0.449280787050977,NOR vs. CHI,CHI,23,1578.9793133293851,6.0,NOR,26,1593.8680121781188,12.0,0,-3,5.5,1,202.0,-229.0,0,0
CHI,8.0,5.0,0.625,10.625,85,10.875,87,-20.174999999999997,-0.5891944304895873,-19.6,0.25630395715454957,1.8813908313908314,1.8888888888888888,-0.0074980574980574866,3.8190774158927394,20.125,161.0,30.0,20.75,166.0,37.0,NFC North,-2,-0.625,-5,0.47857142857142854,0.63425,5.085,3.570805569510413,1.75,0.25,0.875,67.0,1.25,-1.0,0.33946834415584415,0.607875,5.99125,4.4163039571545495,1.0,0.75,0.7666666666666666,63.375,1.125,0.33946834415584415,1.1809225841072606,2020-11-08,2020,0.40504070224002625,0.43490536725857565,TEN,7.0,5.0,0.7142857142857143,9.714285714285714,68,9.571428571428571,67,8.685714285714292,1.0248268209499358,-5.199999999999998,0.4468671143671141,3.084570191713049,2.7673687423687423,0.31720144934430655,3.8443318502404566,29.714285714285715,208.0,36.0,26.285714285714285,184.0,31.0,AFC South,-2,3.4285714285714284,24,0.5571428571428572,0.6727142857142857,8.638571428571428,5.184826820949936,2.4285714285714284,1.2857142857142858,0.4583333333333333,53.142857142857146,0.5714285714285714,8.0,0.4921148296148296,0.6642857142857144,6.848571428571428,4.606867114367114,2.4285714285714284,1.0,0.9166666666666666,50.285714285714285,1.7142857142857142,0.4921148296148296,1.1556681497595434,2020,0.6168152382171083,0.4729759331397566,CHI vs. TEN,TEN,24,1560.1345877156502,6.0,CHI,17,1531.1206587096056,11.0,1,7,-6.5,1,-280.0,243.0,0,0
MIN,8.0,3.0,0.375,10.0,80,9.875,79,0.7750000000000021,1.0867858072502976,3.4499999999999993,0.351388035377006,2.773688811188811,3.0052940115440117,-0.23160520035520038,3.7208468392315,27.125,217.0,34.0,29.25,234.0,45.0,NFC North,2,-2.125,-17,0.46598639455782315,0.66225,8.40875,5.246785807250298,1.875,1.625,0.8,38.875,1.5,-3.0,0.39593253968253966,0.67975,8.1,4.511388035377006,2.375,0.625,0.9444444444444445,48.5,1.125,0.39593253968253966,-0.7208468392315002,2020-11-16,2020,0.38670501166582655,0.4470916016369976,CHI,9.0,5.0,0.5555555555555556,10.777777777777779,97,10.88888888888889,98,-18.133333333333333,-0.674839493768522,-17.366666666666667,0.09535262141336304,1.8297548130881465,1.921436588103255,-0.09168177501510831,4.125420471201511,19.77777777777778,178.0,33.0,21.11111111111111,190.0,40.0,NFC North,-3,-1.3333333333333333,-12,0.5080357142857143,0.6406666666666667,5.286666666666666,3.485160506231478,1.7777777777777777,0.2222222222222222,0.8888888888888888,63.44444444444444,1.3333333333333333,-3.0,0.31656445406445405,0.5932222222222223,6.256666666666667,4.255352621413363,1.1111111111111112,0.6666666666666666,0.7925925925925925,62.666666666666664,1.0,0.31656445406445405,0.8745795287984892,2020,0.37326589284118,0.402475262077029,MIN vs. CHI,CHI,13,1485.286419618434,14.0,MIN,19,1482.8343116107517,16.0,0,-6,3.5,0,152.0,-170.0,1,0
CHI,10.0,5.0,0.5,10.8,108,10.9,109,-21.7,-0.7821790738034347,-15.63,-0.030182640727973276,1.76496114996115,1.9020202020202022,-0.13705905205905203,4.4145962569642805,19.1,191.0,35.0,20.9,209.0,44.0,NFC North,-4,-1.8,-18,0.4932539682539682,0.6282,4.961,3.3778209261965655,1.6,0.2,0.9,57.6,1.4,-3.0,0.3030898268398269,0.6033000000000001,6.412000000000001,4.129817359272026,1.2,0.6,0.8133333333333332,59.9,1.1,0.3030898268398269,0.5854037430357195,2020-11-29,2020,0.34304549167245385,0.3869337290766713,GNB,10.0,7.0,0.7,9.7,97,9.9,99,13.760000000000002,0.0912070680215841,1.990000000000002,0.2900642764530231,3.3019896769896766,2.665656565656566,0.6363331113331113,5.992801404647536,30.8,308.0,50.0,25.8,258.0,43.0,NFC North,-1,5.0,50,0.30277777777777776,0.6816,9.059999999999999,4.251207068021584,2.9,0.8,1.0,48.9,0.9,0.0,0.4824157868275515,0.6837,7.892,4.450064276453023,1.7,1.1,0.8296296296296296,52.2,0.9,0.4824157868275515,1.007198595352464,2020,0.5673813708944568,0.4346561006062182,CHI vs. GNB,GNB,41,1532.7643017229775,4.0,CHI,25,1434.9335387685462,15.0,1,16,-7.5,1,-346.0,293.0,1,0
DET,11.0,4.0,0.36363636363636365,10.454545454545455,115,9.636363636363637,106,-9.299999999999999,-0.32326628275733954,3.3454545454545452,0.1376249193640496,2.214141414141414,3.126101928374656,-0.9119605142332414,4.103446136142804,22.90909090909091,252.0,46.0,29.818181818181817,328.0,51.0,NFC North,-2,-6.909090909090909,-76,0.4502380952380952,0.6295454545454545,6.912727272727272,3.8367337172426605,1.7272727272727273,0.8181818181818182,0.5833333333333333,53.09090909090909,1.1818181818181819,-2.0,0.39401431901431905,0.6601818181818181,8.505454545454546,4.29762491936405,2.0,1.5454545454545454,0.880952380952381,53.36363636363637,1.0,0.39401431901431905,-0.10344613614280362,2020-12-06,2020,0.3962383223220799,0.4328681364122787,CHI,11.0,5.0,0.45454545454545453,10.636363636363637,117,10.545454545454545,116,-22.127272727272725,-0.40175370345766787,-11.272727272727272,0.018621841762448552,1.8570353888535707,2.261576807031352,-0.4045414181777817,4.651012271399848,19.636363636363637,216.0,39.0,22.727272727272727,250.0,49.0,NFC North,-5,-3.090909090909091,-34,0.5139285714285714,0.6224545454545454,4.903636363636363,3.758246296542332,1.7272727272727273,0.18181818181818182,0.9090909090909091,56.45454545454545,1.5454545454545454,-6.0,0.31189984258166076,0.6142727272727273,6.740909090909091,4.178621841762449,1.4545454545454546,0.6363636363636364,0.8133333333333332,56.0,1.0,0.31189984258166076,0.3489877286001519,2020,0.3439087190484894,0.3974141055653663,DET vs. CHI,CHI,30,1500.0,1.0,DET,34,1500.0,1.0,0,-4,-3.0,0,-161.0,145.0,1,0
HOU,12.0,4.0,0.3333333333333333,9.666666666666666,116,9.75,117,7.483333333333334,-0.34808558767559533,5.558333333333334,0.6430178490089972,2.4664141414141416,2.7833363395863397,-0.31692219817219824,5.14771620686513,24.0,288.0,52.0,26.916666666666668,323.0,54.0,AFC South,-1,-2.9166666666666665,-35,0.5726059294241113,0.6838333333333333,8.987499999999999,3.811914412324405,2.0,0.6666666666666666,0.7575757575757577,37.916666666666664,1.0,-4.0,0.4084221334221334,0.6885833333333333,8.279166666666667,4.803017849008998,1.8333333333333333,1.3333333333333333,0.7727272727272727,42.833333333333336,0.6666666666666666,0.4084221334221334,-1.1477162068651303,2020-12-13,2020,0.40540140606538305,0.37893399204364886,CHI,12.0,5.0,0.4166666666666667,10.666666666666666,128,10.5,126,-19.775000000000002,-0.33859680881469006,-9.566666666666665,-0.10232391777836158,1.929555167055167,2.3564454064454066,-0.42689023939023935,5.077392158879226,20.5,246.0,44.0,23.666666666666668,284.0,54.0,NFC North,-6,-3.1666666666666665,-38,0.5002656434474616,0.6343333333333333,5.154166666666667,3.82140319118531,1.6666666666666667,0.4166666666666667,0.9166666666666666,53.416666666666664,1.5,-6.0,0.3162112193362194,0.6166666666666667,7.0025,4.057676082221639,1.5833333333333333,0.75,0.8133333333333332,55.083333333333336,1.0,0.3162112193362194,-0.0773921588792259,2020,0.34153303711543886,0.39009313718288474,HOU vs. CHI,CHI,36,1340.6291629398402,17.0,HOU,7,1439.6315448113608,22.0,1,29,1.0,1,104.0,-114.0,0,0
CHI,13.0,6.0,0.46153846153846156,10.692307692307692,139,10.384615384615385,135,-16.45384615384615,-0.06733350913998154,-9.36153846153846,-0.1067605394877184,2.0328760982607137,2.235009435009435,-0.20213333674872128,6.057181606394709,21.692307692307693,282.0,50.0,22.384615384615383,291.0,55.0,NFC North,1,-0.6923076923076923,-9,0.4863546176046176,0.6414615384615385,5.4592307692307696,4.092666490860019,1.7692307692307692,0.46153846153846156,0.9230769230769231,52.69230769230769,1.3846153846153846,-4.0,0.3149642024642025,0.6230769230769231,6.912307692307692,4.053239460512282,1.5384615384615385,0.6923076923076923,0.8133333333333332,54.69230769230769,1.0769230769230769,0.3149642024642025,-0.057181606394708595,2020-12-20,2020,0.3581300053570916,0.3742763599135561,MIN,13.0,6.0,0.46153846153846156,10.461538461538462,136,10.0,130,3.1153846153846163,0.6099624360279775,-4.261538461538462,0.24047182989344718,2.5090610244456397,2.8015633938710858,-0.2925023694254464,6.149907148105733,25.615384615384617,333.0,54.0,27.307692307692307,355.0,63.0,NFC North,-1,-1.6923076923076923,-22,0.42313011063011063,0.6754615384615386,8.231538461538461,4.769962436027978,2.076923076923077,1.1538461538461537,0.7407407407407408,45.38461538461539,1.6923076923076923,-5.0,0.42562811120503424,0.653,7.313076923076922,4.400471829893447,2.0,0.6153846153846154,0.8787878787878788,46.0,1.3076923076923077,0.42562811120503424,-0.1499071481057328,2020,0.39248021153975704,0.44174902347298156,CHI vs. MIN,MIN,27,1482.8343116107517,16.0,CHI,33,1485.286419618434,14.0,0,-6,-2.5,0,-152.0,137.0,1,0
CHI,14.0,7.0,0.5,10.571428571428571,148,10.357142857142858,145,-15.5,-0.021231455766037292,-8.978571428571428,0.00678358067977171,2.1495754245754246,2.2682230467944753,-0.11864762221905074,6.67388747776165,22.5,315.0,57.0,22.714285714285715,318.0,60.0,NFC North,2,-0.21428571428571427,-3,0.48444568252260556,0.6466428571428572,5.657857142857144,4.138768544233963,1.7142857142857142,0.5714285714285714,0.9285714285714286,51.5,1.3571428571428572,-4.0,0.32818104514533086,0.6275714285714286,6.916428571428571,4.1667835806797715,1.5714285714285714,0.7142857142857143,0.8303030303030302,51.142857142857146,1.0714285714285714,0.32818104514533086,0.32611252223834963,2020-12-27,2020,0.39410637730095843,0.3938752469627098,JAX,14.0,1.0,0.07142857142857142,10.357142857142858,145,10.357142857142858,145,-15.864285714285714,0.35253342707306884,9.23571428571429,0.3925951197819285,1.9516552891552892,3.008964646464647,-1.0573093573093573,4.064218646983398,19.642857142857142,275.0,47.0,30.214285714285715,423.0,76.0,AFC South,-13,-10.571428571428571,-148,0.4445733753426061,0.6376428571428571,5.944285714285714,4.512533427073069,1.5,0.6428571428571429,0.7242424242424242,64.42857142857143,1.5714285714285714,-7.0,0.4044871794871795,0.7082142857142857,8.806428571428572,4.5525951197819285,2.2142857142857144,1.2857142857142858,0.8452380952380952,46.785714285714285,1.0714285714285714,0.4044871794871795,-3.064218646983398,2020,0.2531929672865913,0.37197999154150835,CHI vs. JAX,JAX,17,1158.523192766493,31.0,CHI,41,1463.5764758695516,15.0,0,-24,9.5,0,370.0,-452.0,0,0
GNB,15.0,12.0,0.8,9.2,138,9.466666666666667,142,16.10666666666667,0.5437501090243024,-9.353333333333332,0.5186786534378178,3.6025962925962927,2.5345646945646947,1.0680315980315982,9.866204461039816,31.6,474.0,75.0,23.533333333333335,353.0,59.0,NFC North,5,8.066666666666666,121,0.35259799724085433,0.7062,9.029333333333334,4.703750109024303,2.933333333333333,1.0,1.0,43.6,0.6666666666666666,6.0,0.4953478982890748,0.6338,6.884,4.678678653437817,1.5333333333333334,1.0,0.882051282051282,47.86666666666667,1.0666666666666667,0.4953478982890748,2.133795538960184,2021-01-03,2020,0.6207896934405864,0.4468985618773008,CHI,15.0,8.0,0.5333333333333333,10.6,159,10.4,156,-14.8,-0.03856350012910956,-10.08,0.045664675301120256,2.254755244755245,2.2200384800384803,0.034716764716764756,7.563466692755368,23.733333333333334,356.0,64.0,22.333333333333332,335.0,63.0,NFC North,3,1.4,21,0.4549444603016032,0.648,5.758666666666667,4.121436499870891,1.7333333333333334,0.7333333333333333,0.9333333333333333,50.733333333333334,1.3333333333333333,-3.0,0.3396356421356421,0.629,6.731333333333334,4.20566467530112,1.6,0.6666666666666666,0.8444444444444444,55.4,1.1333333333333333,0.3396356421356421,0.43653330724463224,2020,0.4142298245969209,0.38867589673350933,GNB vs. CHI,CHI,16,1434.9335387685462,15.0,GNB,35,1532.7643017229775,4.0,0,-19,4.5,0,184.0,-207.0,1,0
CHI,16.0,8.0,0.5,10.4375,167,10.25,164,-15.04375,-0.07841134588716925,-6.487499999999999,0.04267905414743181,2.238833041958042,2.354723575036075,-0.11589053307803304,7.698737266428785,23.25,372.0,68.0,23.125,370.0,68.0,NFC North,-1,0.125,2,0.47794816294816295,0.656625,5.7006250000000005,4.081588654112831,1.625,0.75,0.9375,48.5625,1.375,-4.0,0.3434084145021645,0.6391875,7.13625,4.202679054147432,1.75,0.6875,0.8444444444444444,53.8125,1.125,0.3434084145021645,0.3012627335712148,2021-01-10,2020,0.41485249471663266,0.3965266257175467,NOR,16.0,12.0,0.75,10.625,170,10.6875,171,-0.1250000000000009,0.42925097098938747,-19.606250000000003,-0.49757095091849357,2.9566178613053613,2.103200271950272,0.8534175893550894,10.707162354293994,30.125,482.0,81.0,21.0625,337.0,61.0,NFC South,2,9.0625,145,0.5349343249343249,0.703,7.4350000000000005,4.589250970989387,1.75,1.875,0.8071428571428572,62.8125,1.0625,9.0,0.4428105187296364,0.5776875,5.218125,3.6624290490815063,1.75,0.6875,0.8076923076923077,32.3125,1.625,0.4428105187296364,1.2928376457060065,2020,0.5149705328316863,0.3632540556973927,CHI vs. NOR,NOR,21,1687.3852828009387,4.0,CHI,9,1454.8125837129928,14.0,1,12,-11.0,1,-558.0,443.0,0,1
CIN,1.0,0.0,0.0,12.0,12,12.0,12,-36.2,0.19714285714285662,-24.700000000000003,-0.1856410256410248,1.0833333333333333,1.3333333333333333,-0.25,0.3793977396258657,13.0,13.0,3.0,16.0,16.0,4.0,AFC North,-1,-3.0,-3,0.5,0.639,3.56,4.357142857142857,0.0,1.0,0.6666666666666666,44.0,2.0,-2.0,0.42857142857142855,0.5329999999999999,6.9,3.9743589743589753,0.0,1.0,0.75,35.0,0.0,0.42857142857142855,-0.3793977396258657,2020-09-17,2020,0.1551505650935336,-0.12646591320862188,CLE,1.0,0.0,0.0,11.0,11,10.0,10,-37.2,0.9511111111111106,48.400000000000006,-0.45999999999999996,0.5454545454545454,3.8,-3.2545454545454544,0.012436448966408564,6.0,6.0,1.0,38.0,38.0,6.0,AFC North,-1,-32.0,-32,0.5,0.5379999999999999,3.67,5.111111111111111,1.0,0.0,0.0,80.0,3.0,-2.0,0.25,0.8079999999999999,12.69,3.7,3.0,2.0,1.0,66.0,1.0,0.25,-0.012436448966408564,2020,0.0897785046394174,-0.007461869379845165,CIN vs. CLE,CLE,35,1450.0,17.0,CIN,30,1450.0,17.0,1,5,-6.0,0,-243.0,213.0,1,0
CIN,2.0,0.0,0.0,10.5,21,10.0,20,-23.85,-0.5647619047619052,-7.050000000000004,0.8986080586080591,2.2083333333333335,2.8541666666666665,-0.6458333333333333,0.7890659581863343,21.5,43.0,9.0,25.5,51.0,9.0,AFC North,-2,-4.0,-8,0.0,0.623,4.61,3.595238095238095,1.5,0.5,0.8333333333333333,44.5,1.5,-2.0,0.4365079365079365,0.6144999999999999,8.100000000000001,5.058608058608059,1.0,2.0,0.75,55.5,0.5,0.4365079365079365,-0.7890659581863343,2020-09-27,2020,0.2594858661029284,0.04746015940807481,PHI,2.0,0.0,0.0,12.0,24,11.5,23,-38.55,-0.1566063348416289,10.299999999999997,-0.6001709401709401,1.557142857142857,3.0198412698412698,-1.4626984126984126,0.42127020612711036,18.0,36.0,7.0,32.0,64.0,11.0,NFC East,-2,-14.0,-28,1.0,0.5880000000000001,3.6449999999999996,4.003393665158371,1.0,1.0,0.75,25.0,3.0,-5.0,0.47023809523809523,0.6445,8.774999999999999,3.55982905982906,2.0,2.0,0.8333333333333333,39.5,0.5,0.47023809523809523,-0.42127020612711036,2020,0.23023142827312976,0.13839190723047362,CIN vs. PHI,PHI,23,1414.0064999802885,22.0,CIN,23,1400.0,22.0,1,0,-5.5,0,-233.0,205.0,0,0
JAX,3.0,1.0,0.3333333333333333,9.0,27,9.0,27,1.3666666666666647,0.6076423226295345,21.633333333333336,-0.3430065359477125,2.6694444444444443,3.111111111111111,-0.4416666666666667,1.2275284211033928,23.333333333333332,70.0,12.0,28.0,84.0,15.0,AFC South,-2,-4.666666666666667,-14,0.5,0.777,7.206666666666667,4.767642322629535,2.0,1.0,1.0,61.333333333333336,1.3333333333333333,-2.0,0.5047619047619047,0.8109999999999999,9.666666666666666,3.816993464052288,2.3333333333333335,1.0,0.8888888888888888,53.666666666666664,0.6666666666666666,0.5047619047619047,-0.22752842110339278,2020-10-04,2020,0.41073653020690476,0.3282354775734458,CIN,3.0,0.0,0.0,11.0,33,11.0,33,-15.833333333333334,-0.8742857142857147,-17.666666666666668,0.8049979649979653,2.111111111111111,2.4925213675213675,-0.38141025641025633,1.2890659581863342,22.0,66.0,14.0,24.666666666666668,74.0,14.0,AFC North,0,-2.6666666666666665,-8,0.0,0.6503333333333333,5.316666666666667,3.285714285714285,1.6666666666666667,0.3333333333333333,0.8888888888888888,54.0,1.0,0.0,0.36792836792836797,0.6153333333333333,6.363333333333333,4.964997964997965,1.0,1.6666666666666667,0.875,68.0,1.0,0.36792836792836797,-1.2890659581863342,2020,0.24195026853930632,0.10053612712516488,JAX vs. CIN,CIN,33,1352.0146061080266,25.0,JAX,25,1437.8712080630237,17.0,1,8,-1.0,1,-112.0,101.0,0,0
CIN,5.0,1.0,0.2,10.8,54,10.8,54,-19.08,-0.48268907563025243,-16.419999999999998,1.0506654456654458,2.05,2.4864219114219113,-0.43642191142191145,1.9533200076565633,20.4,102.0,22.0,25.2,126.0,24.0,AFC North,-1,-4.8,-24,0.2708333333333333,0.6556,5.318,3.6773109243697477,1.2,0.6,0.9333333333333332,55.0,1.4,-2.0,0.3309842934842935,0.607,6.392,5.210665445665446,1.4,1.0,0.8041666666666667,55.6,1.0,0.3309842934842935,-0.9533200076565633,2020-10-18,2020,0.32972948085761333,0.2708159993194166,IND,5.0,3.0,0.6,9.0,45,9.2,46,-10.36,-0.5395972458026789,-30.96,-0.6265674738388383,2.8692640692640694,1.9905555555555554,0.8787085137085138,3.3094285697291443,25.2,126.0,23.0,17.6,88.0,15.0,AFC South,-1,7.6,38,0.4375,0.6982,7.034000000000001,3.620402754197321,0.8,0.8,0.8666666666666666,64.6,1.0,4.0,0.33814992025518337,0.6314,4.178,3.5334325261611617,1.4,0.2,1.0,55.2,1.8,0.33814992025518337,-0.30942856972914434,2020,0.4794806350943541,0.24068944110462104,CIN vs. IND,IND,31,1545.4252262983364,10.0,CIN,27,1385.823556974251,19.0,1,4,-7.5,0,-340.0,288.0,0,0
CLE,6.0,4.0,0.6666666666666666,10.5,63,9.833333333333334,59,-11.950000000000003,0.9009841984841983,-6.166666666666664,-0.29306033306033324,2.705597643097643,3.2006493506493503,-0.4950517075517076,2.7316940954927507,27.166666666666668,163.0,26.0,31.166666666666668,187.0,29.0,AFC North,-1,-4.0,-24,0.5166666666666666,0.615,6.255,5.060984198484198,1.8333333333333333,1.3333333333333333,0.75,51.833333333333336,1.3333333333333333,4.0,0.393042823189882,0.6629999999999999,7.016666666666667,3.866939666939667,2.1666666666666665,1.3333333333333333,1.0,49.166666666666664,2.0,0.393042823189882,1.2683059045072493,2020-10-25,2020,0.4999363849661071,0.5135052859624583,CIN,6.0,1.0,0.16666666666666666,10.666666666666666,64,10.666666666666666,64,-19.749999999999996,-0.5851575630252104,-12.783333333333331,0.8377767602767602,2.158333333333333,2.5886849261849263,-0.4303515928515928,2.3721894167655453,21.5,129.0,27.0,26.166666666666668,157.0,29.0,AFC North,-2,-4.666666666666667,-28,0.3366666666666666,0.6531666666666667,5.521666666666667,3.5748424369747895,1.0,1.0,0.8888888888888888,49.166666666666664,1.3333333333333333,-1.0,0.3542516171192642,0.6156666666666667,6.788333333333334,4.997776760276761,1.6666666666666667,1.0,0.8433333333333334,55.5,1.1666666666666667,0.3542516171192642,-1.3721894167655453,2020,0.3253929316336726,0.273975278421352,CLE vs. CIN,CIN,34,1450.0,17.0,CLE,37,1450.0,17.0,0,-3,4.5,1,179.0,-201.0,1,0
TEN,6.0,5.0,0.8333333333333334,10.166666666666666,61,9.833333333333334,59,11.566666666666672,0.6360910612232009,-7.183333333333333,0.6000949667616332,3.1224747474747474,2.5827635327635328,0.5397112147112147,3.5829240279473256,31.333333333333332,188.0,33.0,25.5,153.0,26.0,AFC South,-1,5.833333333333333,35,0.64,0.6848333333333333,8.866666666666667,4.796091061223201,2.5,1.3333333333333333,0.55,50.666666666666664,0.5,9.0,0.4815413752913753,0.6578333333333334,6.6883333333333335,4.760094966761634,2.5,0.8333333333333334,0.9,51.166666666666664,2.0,0.4815413752913753,1.4170759720526744,2020-11-01,2020,0.6687527515785199,0.47131066461403825,CIN,7.0,1.0,0.14285714285714285,10.285714285714286,72,10.285714285714286,72,-15.457142857142856,-0.5448289315726293,-5.628571428571426,0.656276184133327,2.457142857142857,2.8795870795870795,-0.42244422244422236,2.8222561649095135,23.285714285714285,163.0,33.0,27.714285714285715,194.0,35.0,AFC North,-3,-4.428571428571429,-31,0.3916666666666666,0.6669999999999999,5.930000000000001,3.615171068427371,1.2857142857142858,1.0,0.9047619047619048,48.57142857142857,1.4285714285714286,-2.0,0.3988823384831788,0.641,7.645714285714286,4.8162761841333275,2.142857142857143,0.8571428571428571,0.8694444444444445,53.285714285714285,1.1428571428571428,0.3988823384831788,-1.8222561649095135,2020,0.33901894158330564,0.2901210996590615,TEN vs. CIN,CIN,31,1336.4669250142636,23.0,TEN,20,1645.7057800049738,3.0,1,11,7.5,1,274.0,-321.0,0,0
CIN,8.0,2.0,0.25,10.0,80,9.875,79,-12.687499999999998,-0.5357878151260507,-5.999999999999997,0.9938968335304542,2.634375,2.876781551781552,-0.24240655178155174,3.5608483426163824,24.25,194.0,38.0,26.75,214.0,38.0,AFC North,1,-2.5,-20,0.45476190476190476,0.6715,6.165,3.6242121848739495,1.375,1.125,0.9166666666666666,48.125,1.25,-1.0,0.4323553795061148,0.635875,7.59875,5.153896833530454,2.125,0.875,0.7452380952380953,55.125,1.125,0.4323553795061148,-1.5608483426163824,2020-11-15,2020,0.3823246296571523,0.3270375996528125,PIT,8.0,8.0,1.0,10.125,81,10.875,87,1.4749999999999996,-0.2657555102949841,-23.325000000000003,-0.3454874004510506,2.9477272727272728,1.8873397435897437,1.060387529137529,5.479398167042736,29.375,235.0,38.0,20.125,161.0,28.0,AFC North,8,9.25,74,0.44761904761904764,0.68075,7.1275,3.894244489705016,2.25,1.125,1.0,46.25,1.0,7.0,0.45938644688644686,0.56775,5.64875,3.8145125995489497,1.75,0.625,0.6944444444444443,62.0,1.875,0.45938644688644686,2.520601832957264,2020,0.6169488729203334,0.383012717417821,CIN vs. PIT,PIT,36,1781.6034414194492,1.0,CIN,10,1422.0381173035871,24.0,1,26,-6.5,1,-297.0,255.0,1,0
CIN,9.0,2.0,0.2222222222222222,10.444444444444445,94,10.333333333333334,93,-14.233333333333329,-0.20302832244008742,-4.2111111111111095,0.6656860742492926,2.421031746031746,2.842853442853443,-0.4218216968216968,3.6066822670878955,22.666666666666668,204.0,40.0,27.77777777777778,250.0,45.0,AFC North,-1,-5.111111111111111,-46,0.5229166666666667,0.6552222222222223,6.050000000000001,3.9569716775599124,1.3333333333333333,1.0,0.9259259259259258,50.0,1.3333333333333333,-3.0,0.3843158928943243,0.6304444444444444,7.752222222222222,4.825686074249293,2.3333333333333335,0.7777777777777778,0.7770833333333333,54.0,1.0,0.3843158928943243,-1.6066822670878955,2020-11-22,2020,0.3495658502558915,0.3437267598339841,WAS,9.0,2.0,0.2222222222222222,10.666666666666666,96,10.222222222222221,92,-17.166666666666668,-0.3497221136351574,-11.744444444444444,0.15344596050478387,1.9714729714729715,2.4045334295334295,-0.433060458060458,3.71498251327861,20.0,180.0,33.0,24.22222222222222,218.0,40.0,NFC East,-2,-4.222222222222222,-38,0.46875,0.6417777777777778,5.786666666666666,3.810277886364843,1.0,1.3333333333333333,0.75,42.22222222222222,1.7777777777777777,-7.0,0.38913278079944746,0.6486666666666667,6.206666666666667,4.313445960504784,1.5555555555555556,1.0,0.9444444444444444,47.888888888888886,1.0,0.38913278079944746,-1.7149825132786098,2020,0.27824719567338646,0.30362403317494635,CIN vs. WAS,WAS,20,1287.1070234945569,24.0,CIN,9,1410.8316661228234,24.0,1,11,-2.0,1,-121.0,110.0,0,0
NYG,10.0,3.0,0.3,9.4,94,9.7,97,-23.18,0.26482482332482316,-6.8,-0.16131795938111543,2.1230555555555553,2.4804292929292933,-0.3573737373737374,4.039271499909305,19.5,195.0,38.0,23.6,236.0,45.0,NFC East,2,-4.1,-41,0.462037037037037,0.6378999999999999,5.171,4.4248248233248235,0.8,0.9,0.9629629629629629,43.3,1.5,0.0,0.4067399267399267,0.6832,6.911,3.9986820406188848,1.5,1.0,0.8416666666666666,40.8,1.5,0.4067399267399267,-1.0392714999093053,2020-11-29,2020,0.36224221596111317,0.369312146911424,CIN,10.0,2.0,0.2,10.7,107,10.4,104,-16.139999999999997,-0.2098366013071898,-5.5699999999999985,0.6654704080008339,2.248159340659341,2.7403862803862804,-0.4922269397269397,3.737646134499295,21.3,213.0,42.0,27.0,270.0,49.0,AFC North,-2,-5.7,-57,0.4895061728395061,0.6465,5.8469999999999995,3.9501633986928106,1.3,0.9,0.8666666666666666,48.1,1.4,-4.0,0.3689612266818149,0.6354,7.521000000000001,4.825470408000834,2.2,0.8,0.7648148148148147,53.5,1.0,0.3689612266818149,-1.737646134499295,2020,0.32431669378600897,0.34216859558609086,NYG vs. CIN,CIN,17,1343.742596645642,26.0,NYG,19,1432.878767195838,22.0,0,-2,6.5,1,227.0,-260.0,0,0
CIN,11.0,2.0,0.18181818181818182,10.636363636363637,117,10.454545454545455,115,-17.89090909090909,-0.3265181224004756,-7.145454545454545,0.5341505873600654,2.1983266733266733,2.6482850482850484,-0.44995837495837493,4.172123921398026,20.90909090909091,230.0,44.0,26.272727272727273,289.0,54.0,AFC North,-3,-5.363636363636363,-59,0.47055555555555556,0.641,5.597272727272728,3.8334818775995245,1.2727272727272727,0.8181818181818182,0.8787878787878788,46.18181818181818,1.5454545454545454,-6.0,0.36269202425619534,0.6302727272727272,7.420909090909091,4.694150587360066,2.0,0.8181818181818182,0.7883333333333333,53.27272727272727,1.0,0.36269202425619534,-2.1721239213980263,2020-12-06,2020,0.30180772918297344,0.3341543938691752,MIA,11.0,7.0,0.6363636363636364,10.181818181818182,112,10.545454545454545,116,-3.9363636363636347,-0.5010248879165992,-14.781818181818183,0.6049539142552839,2.5708677685950416,1.905945821854913,0.6649219467401285,6.990524340764459,25.818181818181817,284.0,51.0,18.636363636363637,205.0,34.0,AFC East,1,7.181818181818182,79,0.5011904761904762,0.6750909090909091,7.031818181818181,3.658975112083401,1.6363636363636365,0.8181818181818182,0.975,37.27272727272727,1.1818181818181819,6.0,0.39511940080121893,0.639,6.624545454545455,4.764953914255284,1.1818181818181819,1.1818181818181819,0.6111111111111112,55.54545454545455,1.7272727272727273,0.39511940080121893,0.009475659235540945,2020,0.45574939823134136,0.2667101664686586,CIN vs. MIA,MIA,19,1581.2162211750187,9.0,CIN,7,1306.2960990104727,30.0,1,12,-10.5,1,-491.0,397.0,0,0
DAL,12.0,3.0,0.25,10.5,126,10.25,123,-17.083333333333332,-0.04539674579255607,1.7166666666666657,0.8278855716752943,2.06362826987827,3.2156225718725717,-1.1519943019943018,3.534141781244605,22.333333333333332,268.0,50.0,32.75,393.0,64.0,NFC East,-2,-10.416666666666666,-125,0.45535878263150986,0.6395,5.797499999999999,4.114603254207444,1.5,0.8333333333333334,0.8181818181818182,52.5,2.0,-13.0,0.40741369197251553,0.63625,7.7175,4.987885571675295,2.25,1.4166666666666667,0.8703703703703703,42.416666666666664,0.9166666666666666,0.40741369197251553,-0.534141781244605,2020-12-13,2020,0.3791619781334456,0.45380415040673805,CIN,12.0,2.0,0.16666666666666666,10.583333333333334,127,10.416666666666666,125,-19.724999999999998,-0.4498965141612203,-6.733333333333332,0.470352324127679,2.073466117216117,2.585927960927961,-0.5124618437118437,4.2578860457609204,19.75,237.0,45.0,25.666666666666668,308.0,59.0,AFC North,-4,-5.916666666666667,-71,0.4856290174471992,0.6400833333333333,5.396666666666667,3.7101034858387796,1.25,0.75,0.8055555555555555,47.5,1.5833333333333333,-7.0,0.3533010222348458,0.6333333333333333,7.4775,4.630352324127679,1.9166666666666667,0.75,0.8075757575757575,53.333333333333336,1.0,0.3533010222348458,-2.2578860457609204,2020,0.2876608451054846,0.3438564822000704,DAL vs. CIN,CIN,7,1289.2528812592582,28.0,DAL,30,1305.6031047300216,25.0,0,-23,3.0,0,148.0,-164.0,0,0
PIT,13.0,11.0,0.8461538461538461,10.923076923076923,142,11.384615384615385,148,-4.607692307692308,-0.7027240210831542,-28.676923076923078,-0.15760631428077782,2.5228604728604727,1.65143062066139,0.871429852199083,8.643294629377008,26.846153846153847,349.0,58.0,18.23076923076923,237.0,42.0,AFC North,-2,8.615384615384615,112,0.434006734006734,0.6635384615384615,6.578461538461538,3.4572759789168455,2.230769230769231,0.7692307692307693,0.9696969696969696,45.92307692307692,1.0769230769230769,11.0,0.4146482853496428,0.5562307692307692,4.943076923076924,4.002393685719222,1.4615384615384615,0.5384615384615384,0.8166666666666667,66.3076923076923,1.9230769230769231,0.4146482853496428,2.3567053706229917,2020-12-21,2020,0.4824967017855545,0.3134000132880279,CIN,13.0,2.0,0.15384615384615385,10.461538461538462,136,10.153846153846153,132,-18.584615384615383,-0.4763147310206136,-4.676923076923076,0.4249406068870884,1.9737977834131681,2.716680755142294,-0.7428829717291255,4.288683823634181,18.76923076923077,244.0,46.0,26.0,338.0,64.0,AFC North,-5,-7.230769230769231,-94,0.46599326599326596,0.6475384615384615,5.443076923076924,3.6836852689793864,1.2307692307692308,0.6923076923076923,0.8055555555555555,45.76923076923077,1.6923076923076923,-10.0,0.36939325129370376,0.6381538461538461,7.607692307692308,4.584940606887089,1.9230769230769231,0.6923076923076923,0.8236111111111111,51.53846153846154,0.9230769230769231,0.36939325129370376,-2.288683823634181,2020,0.27868809056155414,0.3621936103073499,PIT vs. CIN,CIN,27,1422.0381173035871,24.0,PIT,17,1781.6034414194492,1.0,1,10,14.5,1,682.0,-942.0,1,0
CIN,14.0,3.0,0.21428571428571427,10.642857142857142,149,10.357142857142858,145,-17.428571428571427,-0.47462674500694607,-7.121428571428571,0.36452559459391126,1.981163875806733,2.6160387231815805,-0.6348748473748473,5.038272121365389,19.357142857142858,271.0,51.0,25.357142857142858,355.0,67.0,AFC North,1,-6.0,-84,0.49523638754407984,0.6397142857142857,5.5928571428571425,3.685373254993054,1.2142857142857142,0.7857142857142857,0.7948717948717948,43.642857142857146,1.5714285714285714,-7.0,0.36341618232374534,0.6301428571428571,7.314285714285715,4.524525594593912,1.8571428571428572,0.7142857142857143,0.8371794871794871,50.0,1.0714285714285714,0.36341618232374534,-2.038272121365389,2020-12-27,2020,0.29244876405099,0.36179101865444285,HOU,14.0,4.0,0.2857142857142857,9.571428571428571,134,9.642857142857142,135,7.185714285714286,-0.32461757855187084,7.885714285714286,0.876127100392805,2.328354978354978,2.894993300350443,-0.5666383219954649,5.497249921426015,22.5,315.0,57.0,27.571428571428573,386.0,65.0,AFC South,-3,-5.071428571428571,-71,0.569818429433814,0.6936428571428571,8.785714285714286,3.8353824214481294,1.9285714285714286,0.5714285714285714,0.7777777777777778,37.785714285714285,1.1428571428571428,-8.0,0.42388563817135244,0.6963571428571429,8.395714285714286,5.036127100392805,1.9285714285714286,1.2857142857142858,0.8076923076923077,42.357142857142854,0.5714285714285714,0.42388563817135244,-1.4972499214260147,2020,0.37988099918908164,0.3955972249245021,CIN vs. HOU,HOU,31,1360.3765423558905,26.0,CIN,37,1333.432178538009,30.0,0,-6,-7.5,0,-324.0,276.0,0,0
WAS,2.0,1.0,0.5,12.5,25,12.5,25,-17.4,-0.5054106280193236,-23.099999999999994,0.016470588235294015,1.646103896103896,1.9707792207792205,-0.32467532467532456,0.9116783169758119,21.0,42.0,8.0,23.5,47.0,9.0,NFC East,-1,-2.5,-5,1.0,0.562,6.205,3.6545893719806766,1.0,1.5,0.8333333333333333,48.5,1.0,2.0,0.3055555555555556,0.6275000000000001,5.21,4.176470588235294,1.5,1.0,0.75,58.5,2.0,0.3055555555555556,0.08832168302418808,2020-09-27,2020,0.3341314692838701,0.19589790294435383,CLE,2.0,1.0,0.5,9.5,19,9.5,19,-13.300000000000004,1.4669841269841268,18.450000000000003,-0.8933333333333335,2.4602272727272725,3.5666666666666664,-1.106439393939394,0.6027682304059401,20.5,41.0,6.0,34.0,68.0,12.0,AFC North,1,-13.5,-27,0.0,0.617,6.485,5.6269841269841265,1.5,1.5,0.0,78.0,2.0,-2.0,0.4375,0.7075,9.175,3.2666666666666666,3.0,1.0,1.0,55.5,1.0,0.4375,0.3972317695940599,2020,0.3785102794095884,0.4412310851349663,WAS vs. CLE,CLE,34,1500.0,12.0,WAS,20,1500.0,12.0,1,14,-7.5,1,-331.0,282.0,0,0
CLE,3.0,2.0,0.6666666666666666,10.0,30,10.0,30,-3.933333333333337,1.0147461747461746,-2.099999999999999,-0.42161616161616183,2.6704545454545454,2.9838383838383837,-0.3133838383838384,1.3813790110107949,25.0,75.0,12.0,29.333333333333332,88.0,15.0,AFC North,2,-4.333333333333333,-13,0.25,0.6433333333333332,6.960000000000001,5.174746174746175,1.6666666666666667,1.6666666666666667,0.5,68.66666666666667,1.3333333333333333,3.0,0.41071428571428575,0.6609999999999999,7.116666666666667,3.738383838383838,2.6666666666666665,1.0,1.0,50.333333333333336,2.3333333333333335,0.41071428571428575,0.6186209889892051,2020-10-04,2020,0.482482798531894,0.43643683149820084,DAL,3.0,1.0,0.3333333333333333,11.666666666666666,35,11.333333333333334,34,-4.200000000000003,-0.16864766456164318,9.799999999999997,-0.27715686274509804,2.4534188034188036,2.7984330484330484,-0.3450142450142449,1.3015318919068377,29.333333333333332,88.0,16.0,32.333333333333336,97.0,17.0,NFC East,-1,-3.0,-9,0.5,0.6613333333333333,7.94,3.991352335438357,1.6666666666666667,2.0,0.8333333333333334,61.333333333333336,2.0,-4.0,0.4183760683760684,0.6563333333333333,8.83,3.882843137254902,3.0,0.6666666666666666,0.8333333333333333,38.333333333333336,0.6666666666666666,0.4183760683760684,-0.3015318919068377,2020,0.4111951402808628,0.283078018015527,CLE vs. DAL,DAL,38,1464.0064999802885,17.0,CLE,49,1550.0,8.0,0,-11,-3.5,0,-175.0,157.0,0,0
IND,4.0,3.0,0.75,9.5,38,9.25,37,-3.0,-0.578941001697793,-32.35,-0.6826032816924872,2.765151515151515,1.5993055555555555,1.1658459595959596,2.99568444672015,25.75,103.0,19.0,14.0,56.0,10.0,AFC South,3,11.75,47,0.3333333333333333,0.71375,7.654999999999999,3.581058998302207,1.0,0.75,0.8333333333333333,72.25,0.75,4.0,0.33177830940988834,0.6445,3.835,3.4773967183075127,1.25,0.25,1.0,66.5,1.75,0.33177830940988834,0.004315553279850004,2020-10-11,2020,0.5005394441599813,0.2029942941405304,CLE,4.0,3.0,0.75,10.5,42,10.5,42,0.8249999999999957,1.6398096310596308,1.2750000000000021,-0.17565656565656584,3.023674242424242,3.0295454545454543,-0.005871212121212166,2.0276150498688743,31.0,124.0,20.0,31.5,126.0,20.0,AFC North,3,-0.5,-2,0.27777777777777773,0.6437499999999999,7.325,5.799809631059631,2.0,2.0,0.6666666666666666,61.5,1.0,6.0,0.42167207792207795,0.6725,7.5625,3.984343434343434,3.0,1.0,1.0,54.0,2.5,0.42167207792207795,0.9723849501311257,2020,0.5919505893013245,0.4729029702537054,IND vs. CLE,CLE,32,1587.8712080630237,5.0,IND,23,1596.694765337816,5.0,1,9,-1.0,1,-110.0,-101.0,0,0
CLE,5.0,4.0,0.8,10.2,51,9.8,49,-4.420000000000004,1.2313628563628563,-6.939999999999998,-0.21696969696969717,3.1300505050505047,3.080779220779221,0.04927128427128422,2.71387092685988,31.2,156.0,25.0,29.8,149.0,24.0,AFC North,4,1.4,7,0.3958333333333333,0.6308,6.970000000000001,5.391362856362856,2.0,1.6,0.75,51.2,1.2,6.0,0.4549847211611917,0.6652,6.959999999999999,3.943030303030303,2.4,1.0,1.0,50.0,2.4,0.4549847211611917,1.28612907314012,2020-10-18,2020,0.616287164033345,0.5178248887973995,PIT,4.0,4.0,1.0,10.0,40,10.75,43,9.075,0.4279784688995214,-17.675000000000004,-0.8454166666666669,3.025,2.0538461538461537,0.9711538461538461,2.7025667730349587,29.5,118.0,20.0,21.75,87.0,14.0,AFC North,4,7.75,31,0.08333333333333333,0.6990000000000001,7.8325000000000005,4.5879784688995215,2.5,1.0,1.0,52.5,1.0,3.0,0.46944444444444444,0.602,6.0625,3.314583333333333,2.0,0.75,0.5555555555555555,47.0,1.75,0.46944444444444444,1.2974332269650413,2020,0.6621791533706302,0.3497910766134336,CLE vs. PIT,PIT,38,1639.525080350633,1.0,CLE,7,1639.1407471025032,4.0,1,31,-3.0,1,-159.0,143.0,1,0
LVR,6.0,3.0,0.5,9.5,57,9.333333333333334,56,12.016666666666667,-0.10133936034356794,-2.433333333333335,0.3064473684210523,3.0252525252525255,3.5416666666666665,-0.5164141414141414,2.572379560458973,28.5,171.0,32.0,32.833333333333336,197.0,33.0,AFC West,-1,-4.333333333333333,-26,0.8333333333333334,0.7206666666666667,8.801666666666668,4.058660639656432,2.1666666666666665,1.0,0.9444444444444443,42.0,1.3333333333333333,-5.0,0.48717785482491366,0.6481666666666667,7.881666666666667,4.466447368421052,1.8333333333333333,2.0,1.0,70.33333333333333,0.5,0.48717785482491366,0.4276204395410268,2020-11-01,2020,0.6014147779687511,0.5330698645977794,CLE,7.0,5.0,0.7142857142857143,10.142857142857142,71,9.571428571428571,67,-4.914285714285716,0.710453988311131,-3.8142857142857127,-0.29445987731702034,2.9797979797979797,3.350556586270872,-0.37075860647289216,3.2816273473487825,28.571428571428573,200.0,32.0,31.571428571428573,221.0,35.0,AFC North,1,-3.0,-21,0.4583333333333333,0.6404285714285713,7.188571428571429,4.870453988311131,2.2857142857142856,1.1428571428571428,0.8,50.142857142857146,1.2857142857142858,5.0,0.4389346647750009,0.6754285714285714,7.211428571428572,3.8655401226829795,2.2857142857142856,1.2857142857142858,1.0,48.57142857142857,2.0,0.4389346647750009,1.7183726526512175,2020,0.561343913249173,0.575997959153076,LVR vs. CLE,CLE,6,1610.0312409279063,6.0,LVR,16,1526.3310105954072,14.0,0,-10,-1.0,0,-130.0,117.0,0,0
HOU,8.0,2.0,0.25,10.0,80,10.0,80,5.8125,-0.3259176471676473,11.2125,0.9526866417501092,2.437121212121212,3.098516414141414,-0.6613952020202021,3.0636683593665195,24.125,193.0,36.0,30.25,242.0,40.0,AFC South,1,-6.125,-49,0.5989795918367348,0.67725,8.6625,3.834082352832353,2.125,0.625,0.8095238095238095,33.375,1.125,-4.0,0.4035714285714286,0.698875,8.66625,5.112686641750109,2.25,1.375,0.6428571428571429,37.75,0.625,0.4035714285714286,-1.0636683593665195,2020-11-15,2020,0.3901686547856333,0.37102072753959253,CLE,8.0,5.0,0.625,9.625,77,9.125,73,-9.000000000000002,0.6755108761358759,-5.162499999999998,-0.19709683709683723,2.7323232323232323,3.2650703463203463,-0.5327471139971139,3.3707361502918984,25.75,206.0,34.0,29.625,237.0,39.0,AFC North,-1,-3.875,-31,0.4642857142857143,0.620375,6.9,4.835510876135876,2.0,1.0,0.7777777777777778,51.25,1.25,4.0,0.4215678316781258,0.669125,6.9350000000000005,3.962903162903163,2.125,1.125,0.9583333333333334,45.625,1.75,0.4215678316781258,1.6292638497081016,2020,0.5314853423540186,0.5762693324291369,HOU vs. CLE,CLE,10,1548.213550774481,11.0,HOU,7,1386.785310136432,22.0,1,3,-4.5,0,-217.0,192.0,0,0
PHI,9.0,3.0,0.3333333333333333,11.444444444444445,103,11.222222222222221,101,-29.255555555555556,1.1522901024648684,-4.3,0.28693504693504673,2.0068450068450066,2.396958596958597,-0.39011359011359015,4.03511580647035,22.555555555555557,203.0,31.0,25.77777777777778,232.0,42.0,NFC East,-1,-3.2222222222222223,-29,0.5176587301587301,0.5848888888888889,4.56,5.3122901024648685,1.3333333333333333,1.1111111111111112,0.625,49.888888888888886,1.8888888888888888,-7.0,0.3745929995929996,0.6704444444444444,6.888888888888889,4.446935046935047,1.4444444444444444,1.5555555555555556,0.9166666666666666,67.33333333333333,1.1111111111111112,0.3745929995929996,-1.0351158064703503,2020-11-22,2020,0.2663553505926851,0.3218098307241422,CLE,9.0,6.0,0.6666666666666666,9.333333333333334,84,8.88888888888889,80,-10.433333333333335,0.764248150061158,-5.699999999999998,-0.1828739562072897,2.587461920795254,3.0133958633958633,-0.4259339426006092,4.070320554914677,24.0,216.0,36.0,27.11111111111111,244.0,40.0,AFC North,1,-3.111111111111111,-28,0.4375,0.6181111111111111,6.827777777777778,4.924248150061158,1.7777777777777777,1.0,0.8095238095238095,52.55555555555556,1.1111111111111112,4.0,0.430282517047223,0.6688888888888889,6.805555555555555,3.9771260437927105,2.0,1.0,0.8214285714285714,46.0,1.5555555555555556,0.430282517047223,1.9296794450853234,2020,0.520460925956444,0.5516488580602957,PHI vs. CLE,CLE,22,1576.5211258882955,6.0,PHI,17,1406.9869748273638,20.0,1,5,-2.5,1,-135.0,122.0,0,0
CLE,10.0,7.0,0.7,9.6,96,9.2,92,-11.090000000000002,0.6143233350550421,-7.909999999999998,-0.1565865605865607,2.512049062049062,2.8537229437229437,-0.3416738816738817,4.718501976681938,23.8,238.0,39.0,26.1,261.0,43.0,AFC North,2,-2.3,-23,0.4259259259259259,0.6108,6.995,4.774323335055042,1.6,1.0,0.7916666666666666,52.6,1.1,6.0,0.4158256939139292,0.662,6.579000000000001,4.00341343941344,2.0,0.9,0.84375,44.7,1.7,0.4158256939139292,2.281498023318062,2020-11-29,2020,0.4989358571972963,0.5272874076116051,JAX,10.0,1.0,0.1,10.5,105,10.2,102,-17.73,0.21306194941744802,6.130000000000004,0.15255176332382203,1.9949242424242424,2.9687878787878788,-0.9738636363636364,3.038252208618432,20.2,202.0,35.0,29.8,298.0,55.0,AFC South,-9,-9.6,-96,0.37142857142857144,0.6355999999999999,5.7829999999999995,4.3730619494174485,1.5,0.7,0.7875,64.8,1.6,-6.0,0.4196703296703297,0.7086,8.608,4.312551763323823,2.1,1.3,0.8666666666666666,44.9,1.0,0.4196703296703297,-2.038252208618432,2020,0.26539159304605225,0.37538836129998654,CLE vs. JAX,JAX,25,1197.0628836934857,27.0,CLE,27,1603.891394533622,4.0,0,-2,7.5,1,284.0,-334.0,0,0
CLE,11.0,8.0,0.7272727272727273,9.454545454545455,104,9.181818181818182,101,-8.636363636363638,0.7505418748434267,-7.4909090909090885,-0.011442327805964325,2.5904991473173293,2.8468188377279287,-0.2563196904105995,5.263975392492348,24.09090909090909,265.0,44.0,26.0,286.0,48.0,AFC North,3,-1.9090909090909092,-21,0.3933333333333333,0.6148181818181818,7.274545454545454,4.910541874843426,1.6363636363636365,1.0,0.8148148148148148,52.09090909090909,1.0909090909090908,5.0,0.41934567215315877,0.6537272727272727,6.695454545454546,4.148557672194036,2.0,0.9090909090909091,0.8240740740740741,42.81818181818182,1.5454545454545454,0.41934567215315877,2.7360246075076518,2020-12-06,2020,0.5283086387502943,0.5502512881731478,TEN,11.0,8.0,0.7272727272727273,9.636363636363637,106,9.727272727272727,107,4.872727272727276,0.7804458059218142,-7.336363636363635,0.040912206625372545,3.066558441558442,2.733504626686445,0.33305381487199676,6.1151457496456345,29.454545454545453,324.0,54.0,25.90909090909091,285.0,48.0,AFC South,2,3.5454545454545454,39,0.595952380952381,0.641,8.475454545454546,4.940445805921814,2.090909090909091,1.3636363636363635,0.625,51.45454545454545,0.45454545454545453,11.0,0.45255792187610366,0.6560909090909092,6.7690909090909095,4.200912206625373,2.090909090909091,1.0909090909090908,0.9444444444444444,53.72727272727273,1.4545454545454546,0.45255792187610366,1.8848542503543655,2020,0.5967256685412828,0.48468394563892064,CLE vs. TEN,TEN,35,1660.7799352627576,4.0,CLE,41,1612.6626253281345,4.0,0,-6,-4.0,0,-200.0,178.0,0,0
CLE,13.0,9.0,0.6923076923076923,9.692307692307692,126,9.461538461538462,123,-4.600000000000002,0.6263315253559154,-6.415384615384614,0.17056375681375668,2.7778582528582527,2.9822732822732823,-0.20441502941502934,6.290388448977744,26.76923076923077,348.0,57.0,28.307692307692307,368.0,59.0,AFC North,-1,-1.5384615384615385,-20,0.4369949494949495,0.6255384615384615,7.666153846153846,4.786331525355916,1.8461538461538463,1.2307692307692308,0.7575757575757577,56.92307692307692,1.0769230769230769,6.0,0.43495915848857025,0.6466153846153847,6.9592307692307696,4.330563756813756,2.0,1.2307692307692308,0.8416666666666666,45.53846153846154,1.5384615384615385,0.43495915848857025,2.709611551022256,2020-12-20,2020,0.5466714642297122,0.5427561485367811,NYG,13.0,5.0,0.38461538461538464,9.846153846153847,128,9.923076923076923,129,-25.146153846153844,0.3281898589525211,-10.292307692307693,-0.20641415100656085,1.929739704739705,2.3045260295260297,-0.37478632478632473,5.342894997593171,18.307692307692307,238.0,47.0,22.384615384615383,291.0,55.0,NFC East,-1,-4.076923076923077,-53,0.4654671717171717,0.6223846153846153,4.993846153846154,4.488189858952522,0.6923076923076923,0.9230769230769231,0.9696969696969696,40.69230769230769,1.5384615384615385,0.0,0.384305438151592,0.6716923076923076,6.447692307692308,3.9535858489934395,1.3846153846153846,0.8461538461538461,0.8782051282051282,38.30769230769231,1.5384615384615385,0.384305438151592,-0.342894997593171,2020,0.3575023648516352,0.3823141175506115,CLE vs. NYG,NYG,6,1478.3062058702608,20.0,CLE,20,1600.0663921055277,6.0,0,-14,6.0,0,235.0,-271.0,0,0
CLE,14.0,10.0,0.7142857142857143,9.5,133,9.214285714285714,129,-2.507142857142859,0.5368316544971595,-7.428571428571426,0.11293845445631148,2.7835214388785814,2.840682333539476,-0.05716089466089459,7.2358834173849775,26.285714285714285,368.0,60.0,26.714285714285715,374.0,61.0,AFC North,1,-0.42857142857142855,-6,0.4329657521965214,0.6411428571428571,7.846428571428571,4.69683165449716,1.8571428571428572,1.2142857142857142,0.7575757575757577,57.142857142857146,1.0,6.0,0.4533411966185076,0.6428571428571429,6.9399999999999995,4.272938454456312,1.8571428571428572,1.1428571428571428,0.856060606060606,44.07142857142857,1.4285714285714286,0.4533411966185076,2.7641165826150225,2020-12-27,2020,0.5401970971841574,0.5324535501326225,NYJ,14.0,1.0,0.07142857142857142,10.285714285714286,144,10.142857142857142,142,-27.97142857142857,-0.05109842824049794,2.3642857142857148,-0.19570796602924115,1.4782287157287155,2.949725274725275,-1.4714965589965592,2.890681017190942,14.714285714285714,206.0,40.0,29.5,413.0,72.0,AFC East,1,-14.785714285714286,-207,0.45662884124422587,0.5874285714285714,4.841428571428572,4.108901571759502,0.8571428571428571,0.5714285714285714,0.7727272727272727,61.714285714285715,1.2142857142857142,0.0,0.3442718689733285,0.7095,7.682857142857143,3.9642920339707595,2.142857142857143,1.0,0.9166666666666666,57.214285714285715,1.2142857142857142,0.3442718689733285,-1.8906810171909418,2020,0.24026426553192576,0.402349580866324,CLE vs. NYJ,NYJ,23,1241.7863479055836,31.0,CLE,16,1633.2274870033204,5.0,1,7,6.5,1,260.0,-303.0,0,0
PIT,15.0,12.0,0.8,11.066666666666666,166,11.533333333333333,173,-6.0200000000000005,-0.8096568845246551,-26.326666666666668,-0.14172338178433963,2.4433555333555335,1.703034743034743,0.7403207903207903,9.484038113085331,26.266666666666666,394.0,65.0,19.2,288.0,51.0,AFC North,1,7.066666666666666,106,0.43401519115804826,0.6564,6.468000000000001,3.3503431154753454,2.2,0.8,0.9722222222222222,45.06666666666667,1.1333333333333333,10.0,0.4002709382121147,0.5591333333333334,5.204,4.018276618215661,1.4,0.7333333333333333,0.8194444444444445,64.06666666666666,1.8,0.4002709382121147,2.5159618869146687,2021-01-03,2020,0.4572439849997805,0.3245911584711554,CLE,15.0,10.0,0.6666666666666666,9.733333333333333,146,9.4,141,-4.600000000000002,0.3903762108640155,-6.879999999999998,0.0849386359239299,2.680004625004625,2.7790812890812893,-0.09907666407666402,7.5332047913011415,25.6,384.0,63.0,26.466666666666665,397.0,65.0,AFC North,-1,-0.8666666666666667,-13,0.40714166785595357,0.6335999999999999,7.642666666666667,4.550376210864016,1.7333333333333334,1.2666666666666666,0.7361111111111112,56.733333333333334,1.0666666666666667,4.0,0.44978511684394035,0.6343333333333334,7.006666666666666,4.24493863592393,1.9333333333333333,1.0666666666666667,0.8263888888888888,45.0,1.3333333333333333,0.44978511684394035,2.4667952086988585,2020,0.5024694512091452,0.5060717203619034,PIT vs. CLE,CLE,24,1639.1407471025032,4.0,PIT,22,1639.525080350633,1.0,1,2,-10.5,0,-460.0,376.0,1,0
CLE,16.0,11.0,0.6875,9.6875,155,9.375,150,-4.781250000000002,0.4930744718785629,-7.306249999999999,0.08525497117868427,2.6791710026085025,2.7581664862914863,-0.07899548368298365,8.084577108552159,25.5,408.0,67.0,26.1875,419.0,70.0,AFC North,1,-0.6875,-11,0.4333322233322233,0.633375,7.595625,4.653074471878563,1.6875,1.3125,0.7564102564102565,54.375,1.0,5.0,0.4529235470411941,0.631625,7.000625,4.245254971178684,1.9375,1.0,0.8397435897435896,43.125,1.3125,0.4529235470411941,2.9154228914478413,2021-01-10,2020,0.5110215055350827,0.5225331676672287,PIT,16.0,12.0,0.75,10.9375,175,11.375,182,-6.5,-0.7534283292418642,-25.150000000000002,-0.005768896229270043,2.44342359029859,1.7632617382617384,0.680161852036852,9.932665795834314,26.0,416.0,70.0,19.5,312.0,55.0,AFC North,-1,6.5,104,0.44952528952528953,0.6523125,6.495625,3.406571670758136,2.1875,0.75,0.9743589743589743,43.1875,1.125,9.0,0.40466576927973985,0.5635625,5.309375,4.15423110377073,1.375,0.8125,0.8333333333333334,61.25,1.6875,0.40466576927973985,2.067334204165686,2020,0.45168335510414215,0.32235693036714036,CLE vs. PIT,PIT,38,1639.525080350633,1.0,CLE,7,1639.1407471025032,4.0,1,31,-3.0,1,-159.0,143.0,1,0
CLE,1.0,12.0,12.0,9.823529411764707,167,9.647058823529411,164,-3.605882352941178,0.46035092609443495,-7.729411764705881,0.026710561109349898,2.756866825984473,2.7513835837365246,0.005483242247948168,8.734083667852808,26.823529411764707,456.0,74.0,26.823529411764707,456.0,76.0,AFC North,2,0.0,0,0.4531239593739594,0.6324705882352941,7.70764705882353,4.620350926094435,1.7647058823529411,1.3529411764705883,0.7738095238095238,52.35294117647059,0.9411764705882353,10.0,0.4514910694841491,0.6351176470588236,6.935882352941176,4.18671056110935,2.0588235294117645,1.0,0.8511904761904762,42.05882352941177,1.5294117647058822,0.4514910694841491,3.2659163321471922,2021-01-17,2020,1.8902862789155224,1.5134734222145525,KAN,16.0,14.0,0.875,9.6875,155,9.6875,155,6.737499999999998,0.1879260591764187,-11.9,0.38782262228393916,3.086631944444444,2.4031383547008547,0.6834935897435896,10.364994262547413,29.5625,473.0,78.0,22.625,362.0,61.0,AFC West,-1,6.9375,111,0.5686630036630036,0.672875,8.49875,4.347926059176419,2.5,0.8125,0.8974358974358974,57.4375,1.0,6.0,0.47842019092019095,0.623,6.5287500000000005,4.547822622283939,1.8125,0.875,0.6964285714285714,47.5,1.375,0.47842019092019095,3.6350057374525875,2020,0.6175525998069765,0.45836102821959995,CLE vs. KAN,KAN,22,1766.7880172572895,1.0,CLE,17,1651.1868727934232,3.0,1,5,-7.5,0,-376.0,316.0,0,1
DAL,2.0,1.0,0.5,11.5,23,10.5,21,-2.700000000000003,0.37464755077658296,0.3999999999999986,-0.585735294117647,2.3884615384615384,2.736111111111111,-0.34764957264957264,0.9198768987434133,28.5,57.0,10.0,29.5,59.0,12.0,NFC East,1,-1.0,-2,0.0,0.6675,8.129999999999999,4.534647550776583,1.0,2.5,0.75,62.5,1.5,-2.0,0.3942307692307692,0.647,8.305,3.574264705882353,2.0,1.0,0.8333333333333333,42.5,0.5,0.3942307692307692,0.08012310125658673,2020-09-27,2020,0.45220067418621446,0.3086066003590247,SEA,2.0,2.0,1.0,10.0,20,10.5,21,35.3,0.5066666666666668,-4.050000000000004,-1.1057142857142859,3.65,2.8365384615384617,0.8134615384615383,1.3198823390718442,36.5,73.0,11.0,27.5,55.0,9.0,NFC West,2,9.0,18,1.0,0.818,11.309999999999999,4.666666666666667,4.5,0.5,1.0,57.0,0.5,2.0,0.38095238095238093,0.6835,8.195,3.0542857142857143,1.5,1.5,0.75,42.0,1.5,0.38095238095238093,0.6801176609281558,2020,0.7370323567552429,0.36002521305603336,DAL vs. SEA,SEA,38,1600.0,1.0,DAL,31,1500.0,12.0,1,7,-5.5,1,-237.0,208.0,0,0
NYG,4.0,0.0,0.0,9.25,37,9.0,36,-34.7,-0.29583333333333317,-0.5250000000000021,-0.6355920031055902,1.2673611111111112,2.7194444444444446,-1.4520833333333334,0.8039811902593784,11.75,47.0,12.0,24.0,96.0,18.0,NFC East,-4,-12.25,-49,0.7222222222222222,0.6072500000000001,4.1175,3.8641666666666667,0.5,0.25,0.9166666666666666,20.75,2.0,-4.0,0.367948717948718,0.6935,7.1450000000000005,3.5244079968944098,1.75,1.0,0.8125,29.75,1.0,0.367948717948718,-0.8039811902593784,2020-10-11,2020,0.2591366602492396,0.2745023512175777,DAL,4.0,1.0,0.25,11.75,47,11.5,46,-0.3000000000000007,0.014069807134323153,11.124999999999996,0.6708823529411764,2.6317307692307694,3.1196581196581197,-0.4879273504273503,1.6552958530487578,31.5,126.0,21.0,36.5,146.0,25.0,NFC East,-2,-5.0,-20,0.5555555555555555,0.67275,8.18,4.174069807134323,2.25,1.75,0.8333333333333334,62.25,2.25,-7.0,0.45014568764568763,0.6535,8.727500000000001,4.830882352941177,3.0,1.25,0.8888888888888888,38.75,0.5,0.45014568764568763,-0.6552958530487578,2020,0.37361056960625577,0.3185739330096797,NYG vs. DAL,DAL,37,1426.135291917265,17.0,NYG,34,1347.6439404596144,27.0,1,3,-7.5,0,-347.0,293.0,1,0
DAL,6.0,2.0,0.3333333333333333,11.166666666666666,67,10.833333333333334,65,-6.966666666666666,-0.05438343211053631,2.583333333333331,0.8528280942006431,2.5378205128205127,3.342735042735043,-0.8049145299145297,2.245774121179808,28.833333333333332,173.0,29.0,36.333333333333336,218.0,37.0,NFC East,-1,-7.5,-45,0.4533333333333333,0.6746666666666666,7.2683333333333335,4.105616567889464,1.8333333333333333,1.5,0.8,51.666666666666664,2.5,-12.0,0.4593563843563844,0.5991666666666667,8.39,5.012828094200644,2.3333333333333335,1.6666666666666667,0.9333333333333332,46.5,0.5,0.4593563843563844,-0.2457741211798079,2020-10-25,2020,0.41510584697956604,0.4510419423496079,WAS,6.0,1.0,0.16666666666666666,11.333333333333334,68,10.666666666666666,64,-22.05,-0.5891700650396304,-10.08333333333333,0.15430813489636996,1.633345820845821,2.6609668109668108,-1.02762099012099,1.8656748207325515,18.0,108.0,20.0,27.0,162.0,28.0,NFC East,-5,-9.0,-54,0.5833333333333333,0.6234999999999999,4.948333333333333,3.57082993496037,1.0,1.1666666666666667,0.7666666666666666,41.166666666666664,1.6666666666666667,-2.0,0.34342139342139344,0.6558333333333334,6.551666666666667,4.31430813489637,1.6666666666666667,1.3333333333333333,0.9166666666666666,47.833333333333336,1.3333333333333333,0.34342139342139344,-0.8656748207325515,2020,0.25168260682683574,0.3014612109882514,DAL vs. WAS,WAS,25,1322.4653719827725,20.0,DAL,3,1419.5168785250542,19.0,1,22,1.0,1,100.0,-110.0,1,0
DAL,7.0,2.0,0.2857142857142857,10.714285714285714,75,10.428571428571429,73,-14.928571428571429,-0.18485612862221792,3.67142857142857,0.8986145569338845,2.228846153846154,3.3116300366300364,-1.0827838827838827,2.252302644441182,25.142857142857142,176.0,30.0,34.714285714285715,243.0,41.0,NFC East,-2,-9.571428571428571,-67,0.4055555555555555,0.6497142857142857,6.321428571428571,3.975143871377782,1.5714285714285714,1.2857142857142858,0.8333333333333334,51.285714285714285,2.2857142857142856,-13.0,0.42944832944832945,0.5992857142857143,8.5,5.058614556933884,2.2857142857142856,1.5714285714285714,0.861111111111111,44.142857142857146,0.42857142857142855,0.42944832944832945,-0.252302644441182,2020-11-01,2020,0.3855827060319325,0.4611655412483592,PHI,7.0,2.0,0.2857142857142857,11.714285714285714,82,11.428571428571429,80,-27.599999999999998,1.047297021372652,0.3857142857142861,0.4154244254244252,2.038670852956567,2.5792065077779363,-0.5405356548213691,2.8823465064083456,23.285714285714285,163.0,26.0,28.0,196.0,34.0,NFC East,1,-4.714285714285714,-33,0.6055555555555555,0.5892857142857143,4.8585714285714285,5.207297021372653,1.4285714285714286,1.1428571428571428,0.5714285714285714,49.57142857142857,1.8571428571428572,-5.0,0.42804814233385663,0.6798571428571429,7.207142857142857,4.575424425424425,1.8571428571428572,1.5714285714285714,0.9333333333333332,67.71428571428571,1.1428571428571428,0.42804814233385663,-0.8823465064083456,2020,0.2771062558072875,0.31071467639663614,DAL vs. PHI,PHI,23,1432.1792145472084,20.0,DAL,9,1355.9023254643446,20.0,1,14,-10.0,1,-403.0,335.0,1,0
PIT,7.0,7.0,1.0,10.0,70,11.0,77,0.21428571428571427,-0.07451423398791837,-22.38571428571429,-0.4641514991329979,3.057142857142857,1.8855311355311355,1.1716117216117217,4.844412177494589,30.142857142857142,211.0,33.0,20.285714285714285,142.0,23.0,AFC North,7,9.857142857142858,69,0.48055555555555557,0.6795714285714285,6.974285714285714,4.085485766012082,2.142857142857143,1.2857142857142858,1.0,50.57142857142857,1.1428571428571428,5.0,0.4700680272108843,0.5698571428571428,5.722857142857143,3.695848500867002,1.8571428571428572,0.7142857142857143,0.6333333333333333,60.857142857142854,1.8571428571428572,0.4700680272108843,2.155587822505411,2020-11-08,2020,0.6166008125360788,0.34801209632212327,DAL,8.0,2.0,0.25,10.75,86,10.5,84,-18.1125,-0.20674911254444073,-1.9000000000000012,0.8384031219325335,2.052513111888112,3.1590399184149183,-1.1065268065268064,2.3499450466479685,23.125,185.0,33.0,33.25,266.0,43.0,NFC East,-3,-10.125,-81,0.3884353741496599,0.634125,5.94375,3.9532508874555594,1.375,1.125,0.8214285714285714,53.375,2.25,-11.0,0.4070172882672883,0.59575,7.67375,4.998403121932534,2.25,1.375,0.861111111111111,42.125,0.875,0.4070172882672883,-0.34994504664796855,2020,0.36693577537880384,0.4255243496936567,PIT vs. DAL,DAL,19,1316.706425415152,24.0,PIT,24,1774.9285650704198,1.0,0,-5,14.0,1,591.0,-789.0,0,0
DAL,9.0,2.0,0.2222222222222222,10.666666666666666,96,10.555555555555555,95,-19.422222222222224,-0.12987017889254945,-0.5444444444444458,0.5669756145573138,2.0355672105672107,3.0504597254597257,-1.0148925148925148,2.7149590570998217,22.666666666666668,204.0,38.0,32.22222222222222,290.0,48.0,NFC East,-4,-9.555555555555555,-86,0.4648809523809524,0.6251111111111112,5.8533333333333335,4.030129821107451,1.3333333333333333,1.0,0.84375,55.22222222222222,2.2222222222222223,-13.0,0.41408072682582486,0.6061111111111112,7.732222222222223,4.726975614557314,2.3333333333333335,1.2222222222222223,0.8809523809523808,39.22222222222222,0.7777777777777778,0.41408072682582486,-0.7149590570998217,2020-11-22,2020,0.3643883748034801,0.4089847546891328,MIN,9.0,4.0,0.4444444444444444,10.11111111111111,91,10.0,90,0.6888888888888908,0.8371429397780424,-2.9111111111111114,0.11809655432204454,2.6574203574203574,2.802685586018919,-0.14526522859856195,4.4316710534687305,26.22222222222222,236.0,38.0,27.444444444444443,247.0,47.0,NFC North,3,-1.2222222222222223,-11,0.47718253968253965,0.6657777777777778,8.342222222222222,4.997142939778042,1.8888888888888888,1.4444444444444444,0.8333333333333334,38.44444444444444,1.5555555555555556,-3.0,0.4111992945326279,0.6615555555555556,7.4255555555555555,4.278096554322045,2.111111111111111,0.5555555555555556,0.9523809523809524,43.666666666666664,1.2222222222222223,0.4111992945326279,-0.43167105346873047,2020,0.39755372401488187,0.43914995121848105,DAL vs. MIN,MIN,28,1533.1871924606394,16.0,DAL,31,1310.0315490661226,25.0,0,-3,-7.0,0,-304.0,261.0,0,0
WAS,10.0,3.0,0.3,10.7,107,10.5,105,-17.23,-0.24839696109517112,-13.9,0.11099025334319434,1.956143856143856,2.233310855810856,-0.27716699966699965,4.584018645867211,20.0,200.0,37.0,22.7,227.0,42.0,NFC East,1,-2.7,-27,0.44135802469135804,0.6456,5.752000000000001,3.911603038904829,1.0,1.3,0.7407407407407407,42.9,1.7,-6.0,0.3809887334887335,0.6406,5.988,4.270990253343195,1.5,0.9,0.8833333333333334,46.2,1.1,0.3809887334887335,-1.5840186458672108,2020-11-26,2020,0.291019915984031,0.29663925416531156,DAL,10.0,3.0,0.3,10.6,106,10.5,105,-17.17,0.04776200028702808,3.3999999999999995,0.5253125358602031,2.1420104895104894,3.025413752913753,-0.8834032634032631,3.274974562672379,23.5,235.0,43.0,31.8,318.0,52.0,NFC East,1,-8.3,-83,0.4626102292768959,0.6314,5.927,4.207762000287028,1.5,1.0,0.8611111111111112,52.7,2.1,-12.0,0.4181271995977879,0.6188,8.176,4.685312535860203,2.4,1.2,0.8809523809523808,43.3,0.9,0.4181271995977879,-0.2749745626723792,2020,0.39450574887272427,0.432096497848606,WAS vs. DAL,DAL,16,1419.5168785250542,19.0,WAS,41,1322.4653719827725,20.0,0,-25,-2.5,0,-135.0,122.0,1,0
SFO,13.0,5.0,0.38461538461538464,10.846153846153847,141,10.461538461538462,136,-13.792307692307693,0.010574720022782199,-11.16153846153846,-0.20892276702475174,2.285780885780886,2.3018317152932535,-0.01605082951236799,6.208061299001162,23.076923076923077,300.0,52.0,23.923076923076923,311.0,56.0,NFC West,-2,-0.8461538461538461,-11,0.46596320346320347,0.6623076923076923,6.505384615384615,4.170574720022783,1.3846153846153846,1.3076923076923077,0.95,49.23076923076923,1.9230769230769231,-7.0,0.40054678227755147,0.6456153846153847,6.238461538461538,3.9510772329752486,1.6153846153846154,0.6153846153846154,0.9294871794871795,45.84615384615385,1.3846153846153846,0.40054678227755147,-1.2080612990011623,2020-12-20,2020,0.33452308371627903,0.34182611270132063,DAL,13.0,4.0,0.3076923076923077,10.23076923076923,133,10.153846153846153,132,-14.23076923076923,-0.051135457654667156,1.2076923076923063,0.7031764251361691,2.234557963404117,3.0280960492498954,-0.7935380858457781,4.503344003371344,22.923076923076923,298.0,55.0,30.76923076923077,400.0,65.0,NFC East,1,-7.846153846153846,-102,0.4313011063011063,0.6438461538461537,6.056923076923076,4.108864542345333,1.5384615384615385,0.7692307692307693,0.8333333333333334,50.76923076923077,1.8461538461538463,-10.0,0.4110392121704339,0.644,7.585384615384616,4.863176425136169,2.1538461538461537,1.3076923076923077,0.8703703703703703,41.07692307692308,1.0769230769230769,0.4110392121704339,-0.5033440033713443,2020,0.3975223133687542,0.43547939381169154,SFO vs. DAL,DAL,41,1353.2518538792228,24.0,SFO,33,1425.5889263215436,20.0,1,8,4.0,1,180.0,-202.0,0,0
PHI,14.0,4.0,0.2857142857142857,11.214285714285714,157,11.142857142857142,156,-27.12142857142857,1.025601929581274,0.13571428571428562,0.1381487206487204,1.9600280671709243,2.3956638599495745,-0.43563579277864994,5.839917764508658,21.642857142857142,303.0,47.0,25.785714285714285,361.0,63.0,NFC East,-1,-4.142857142857143,-58,0.585154162077239,0.5677142857142857,4.925,5.185601929581274,1.5,0.9285714285714286,0.7083333333333334,49.785714285714285,1.6428571428571428,-7.0,0.3540935605011235,0.6798571428571429,7.659999999999999,4.2981487206487206,1.5714285714285714,1.3571428571428572,0.8402777777777777,64.78571428571429,1.1428571428571428,0.3540935605011235,-1.839917764508658,2020-12-27,2020,0.26001995680986945,0.3219254491007118,DAL,14.0,5.0,0.35714285714285715,10.428571428571429,146,10.428571428571429,146,-13.521428571428572,-0.06215824964037272,0.1357142857142846,0.6534257281026333,2.300221405578548,2.98017082124225,-0.6799494156637013,5.129191413109023,24.214285714285715,339.0,61.0,30.928571428571427,433.0,71.0,NFC East,2,-6.714285714285714,-94,0.42770989694066613,0.6398571428571429,6.137142857142857,4.097841750359628,1.5714285714285714,0.8571428571428571,0.8205128205128205,51.285714285714285,1.7142857142857142,-6.0,0.4102506970154029,0.6412142857142857,7.505714285714285,4.813425728102634,2.2142857142857144,1.2857142857142858,0.8833333333333332,40.92857142857143,1.2857142857142858,0.4102506970154029,-0.12919141310902305,2020,0.41395270244635496,0.44707798907498014,PHI vs. DAL,DAL,37,1355.9023254643446,20.0,PHI,17,1432.1792145472084,20.0,1,20,3.0,1,149.0,-166.0,1,0
DAL,15.0,6.0,0.4,10.533333333333333,158,10.533333333333333,158,-10.426666666666668,-0.03926926829179879,-1.940000000000001,0.6796571163440669,2.3524288674288676,2.8759372109372108,-0.5235083435083434,5.992513399356302,25.066666666666666,376.0,68.0,30.0,450.0,74.0,NFC East,3,-4.933333333333334,-74,0.417567353281639,0.6460666666666666,6.566,4.120730731708202,1.6666666666666667,0.8666666666666667,0.8333333333333333,52.733333333333334,1.6666666666666667,-4.0,0.41366988131694016,0.6343333333333334,7.442666666666667,4.839657116344068,2.1333333333333333,1.2666666666666666,0.8939393939393938,45.86666666666667,1.4,0.41366988131694016,0.007486600643698438,2021-01-03,2020,0.4305945522547559,0.4373645605264277,NYG,15.0,5.0,0.3333333333333333,9.466666666666667,142,9.6,144,-24.446666666666665,0.26468517934615327,-6.506666666666666,-0.08300337531679723,1.8474410774410777,2.412732082732083,-0.5652910052910053,5.547705987461816,17.133333333333333,257.0,52.0,22.533333333333335,338.0,63.0,NFC East,-3,-5.4,-81,0.4943407782693497,0.618,5.156000000000001,4.424685179346153,0.6666666666666666,0.8,0.9743589743589743,39.266666666666666,1.3333333333333333,1.0,0.37003441003441007,0.682,6.839333333333333,4.076996624683203,1.4666666666666666,0.8666666666666667,0.8869047619047619,41.53333333333333,1.4,0.37003441003441007,-0.547705987461816,2020,0.35282595711360826,0.39235857536569707,DAL vs. NYG,NYG,23,1347.6439404596144,27.0,DAL,19,1426.135291917265,17.0,1,4,1.5,1,109.0,-121.0,1,0
DEN,1.0,0.0,0.0,9.0,9,10.0,10,-5.0,-0.04461538461538517,-2.299999999999997,-0.3364705882352941,1.5555555555555556,1.6,-0.04444444444444451,0.42153642214782644,14.0,14.0,2.0,16.0,16.0,3.0,AFC West,-1,-2.0,-2,0.5,0.667,7.15,4.115384615384615,1.0,1.0,,56.0,1.0,-1.0,0.3333333333333333,0.674,6.67,3.823529411764706,2.0,0.0,0.25,37.0,0.0,0.3333333333333333,-0.42153642214782644,2020-09-20,2020,0.12854746174492745,-0.1264609266443479,PIT,1.0,1.0,1.0,10.0,10,10.0,10,15.099999999999994,0.54,-22.5,-2.71,2.6,1.6,1.0,0.759630265422255,26.0,26.0,5.0,16.0,16.0,3.0,AFC North,1,10.0,10,0.5,0.6559999999999999,8.38,4.7,3.0,0.0,1.0,21.0,1.0,1.0,0.5333333333333333,0.634,5.17,1.45,2.0,0.0,1.0,25.0,2.0,0.5333333333333333,0.24036973457774502,2020,0.6201848672888726,0.0721109203733235,DEN vs. PIT,PIT,26,1550.0,1.0,DEN,21,1450.0,17.0,1,5,-6.0,0,-267.0,232.0,0,0
TAM,2.0,1.0,0.5,12.0,24,11.0,22,-21.550000000000004,0.26657342657342653,-9.650000000000006,-1.1416176470588237,2.2937062937062938,2.2666666666666666,0.027039627039627034,1.0896039371459216,27.0,54.0,9.0,25.5,51.0,8.0,NFC South,1,1.5,3,0.0,0.648,5.16,4.426573426573427,1.5,2.0,0.75,70.0,2.5,-1.0,0.4195804195804196,0.6995,6.67,3.0183823529411766,1.0,1.5,1.0,98.0,2.0,0.4195804195804196,-0.08960393714592163,2020-09-27,2020,0.3581992617851397,0.1655265568825597,DEN,2.0,0.0,0.0,11.0,22,11.0,22,-16.450000000000003,-0.10230769230769265,-2.299999999999997,0.22903743315507996,1.5854700854700856,1.8833333333333333,-0.2978632478632478,0.7976280724266217,17.5,35.0,6.0,21.0,42.0,7.0,AFC West,-2,-3.5,-7,1.0,0.577,6.265000000000001,4.0576923076923075,1.5,0.5,0.6666666666666666,43.0,1.5,-1.0,0.3333333333333333,0.6905000000000001,6.945,4.38903743315508,2.0,0.5,0.625,63.0,1.0,0.3333333333333333,-0.7976280724266217,2020,0.16395980830546067,0.03219553393212838,TAM vs. DEN,DEN,10,1414.0064999802885,22.0,TAM,28,1500.0,12.0,0,-18,6.0,0,230.0,-264.0,0,0
DEN,3.0,0.0,0.0,11.0,33,10.666666666666666,32,-23.533333333333335,-0.45487179487179513,3.300000000000002,-0.3273083778966133,1.3600103600103601,2.1888888888888887,-0.8288785288785286,0.8777863828800807,15.0,45.0,8.0,23.333333333333332,70.0,12.0,AFC West,-3,-8.333333333333334,-25,0.75,0.5983333333333333,5.1499999999999995,3.705128205128205,1.3333333333333333,0.3333333333333333,0.8333333333333333,38.666666666666664,1.6666666666666667,-3.0,0.3412698412698412,0.6796666666666668,7.656666666666666,3.8326916221033867,2.3333333333333335,0.3333333333333333,0.75,65.66666666666667,0.6666666666666666,0.3412698412698412,-0.8777863828800807,2020-10-01,2020,0.1714920094642359,0.1402767021399899,NYJ,3.0,0.0,0.0,10.333333333333334,31,9.666666666666666,29,-30.7,-0.556168582375479,8.333333333333334,0.23235724879495714,1.1818181818181819,3.266666666666667,-2.084848484848485,0.38370622203195526,12.333333333333334,37.0,7.0,31.333333333333332,94.0,14.0,AFC East,-3,-19.0,-57,0.25,0.614,4.11,3.603831417624521,1.0,0.3333333333333333,1.0,72.33333333333333,1.6666666666666667,-2.0,0.3235930735930736,0.7639999999999999,8.016666666666667,4.392357248794958,1.6666666666666667,1.3333333333333333,0.7222222222222222,59.333333333333336,1.0,0.3235930735930736,-0.38370622203195526,2020,0.19692533812662702,0.2600932516270417,DEN vs. NYJ,NYJ,28,1364.0064999802885,25.0,DEN,37,1376.135291917265,25.0,0,-9,-1.0,0,-114.0,104.0,0,0
DEN,4.0,1.0,0.25,11.0,44,10.75,43,-25.750000000000004,-0.4670913461538464,-5.625,0.05826871657753996,1.860916860916861,2.278030303030303,-0.417113442113442,1.53717048193651,20.5,82.0,15.0,24.5,98.0,18.0,AFC West,1,-4.0,-16,0.5,0.602,5.0475,3.6929086538461537,1.5,0.75,0.8888888888888888,52.5,2.0,-6.0,0.38095238095238093,0.65175,6.8325,4.2182687165775405,1.75,0.5,0.8125,78.75,0.5,0.38095238095238093,-0.53717048193651,2020-10-18,2020,0.29512751574404744,0.2577379728205978,NWE,4.0,2.0,0.5,8.75,35,9.5,38,-23.349999999999998,0.7678320802005011,0.9749999999999943,0.3007070707070709,2.84375,2.3955176767676765,0.4482323232323232,2.127221108856255,24.25,97.0,15.0,23.0,92.0,15.0,AFC East,-1,1.25,5,1.0,0.65475,5.51,4.927832080200501,0.75,1.75,0.625,33.75,1.75,1.0,0.4390151515151515,0.7055,7.9174999999999995,4.4607070707070715,2.25,0.25,0.8888888888888888,45.25,2.0,0.4390151515151515,-0.12722110885625515,2020,0.4149405954796869,0.28349791688918535,DEN vs. NWE,NWE,12,1525.8620455882342,11.0,DEN,18,1424.3905271550764,17.0,0,-6,-7.0,0,-328.0,280.0,0,0
KAN,6.0,5.0,0.8333333333333334,9.666666666666666,58,9.0,54,11.449999999999998,0.4913870992742371,-18.616666666666667,0.8564517849300456,3.047222222222222,2.3518518518518516,0.6953703703703703,4.148393324152059,29.166666666666668,175.0,30.0,21.166666666666668,127.0,22.0,AFC West,1,8.0,48,0.7933333333333333,0.6728333333333333,8.873333333333333,4.651387099274237,2.5,0.8333333333333334,0.8333333333333334,55.5,0.6666666666666666,5.0,0.5349039849039849,0.5996666666666667,5.953333333333333,5.016451784930045,1.5,0.8333333333333334,0.75,43.833333333333336,1.5,0.5349039849039849,0.8516066758479406,2020-10-25,2020,0.590655747917926,0.3973313174958478,DEN,5.0,2.0,0.4,10.8,54,10.6,53,-34.480000000000004,-0.4759433471933474,-13.26,0.15061497326203188,1.848733488733489,2.0624242424242425,-0.21369075369075358,2.260482914112013,20.0,100.0,21.0,22.0,110.0,21.0,AFC West,2,-2.0,-10,0.5,0.565,4.654,3.6840566528066523,1.2,0.6,0.9166666666666666,46.0,2.0,-5.0,0.36190476190476184,0.6622,6.066,4.310614973262032,1.4,0.6,0.85,63.8,1.0,0.36190476190476184,-0.26048291411201285,2020,0.3686291066801768,0.2963390898250858,KAN vs. DEN,DEN,16,1488.5919451613595,16.0,KAN,43,1662.144211672805,3.0,0,-27,7.0,0,260.0,-302.0,1,0
LAC,6.0,2.0,0.3333333333333333,11.0,66,11.333333333333334,68,3.5333333333333337,-0.34201559913516427,-6.566666666666667,0.3634247234247234,2.263746438746439,2.277039627039627,-0.013293188293188152,2.870991624873204,24.833333333333332,149.0,26.0,25.666666666666668,154.0,29.0,AFC West,1,-0.8333333333333334,-5,0.4666666666666667,0.6563333333333333,8.585,3.817984400864836,2.0,0.8333333333333334,0.6527777777777778,40.0,1.1666666666666667,-2.0,0.4670607986784457,0.6429999999999999,6.93,4.523424723424724,1.8333333333333333,0.6666666666666666,0.8333333333333333,61.5,0.8333333333333334,0.4670607986784457,-0.8709916248732039,2020-11-01,2020,0.33675307513458763,0.2934834384281301,DEN,6.0,2.0,0.3333333333333333,11.0,66,10.5,63,-36.13333333333333,-0.19601339538839566,-10.566666666666665,0.1973306595365417,1.7628334628334628,2.4353535353535354,-0.6725200725200725,2.3481059747750286,19.333333333333332,116.0,24.0,25.5,153.0,27.0,AFC West,-1,-6.166666666666667,-37,0.5666666666666667,0.5708333333333333,4.4783333333333335,3.963986604611604,1.0,0.8333333333333334,0.9333333333333332,44.0,2.3333333333333335,-8.0,0.3611111111111111,0.6651666666666667,6.421666666666667,4.357330659536542,1.3333333333333333,0.8333333333333334,0.875,55.666666666666664,1.0,0.3611111111111111,-0.3481059747750286,2020,0.3425390318318165,0.3322781446589265,LAC vs. DEN,DEN,31,1461.6790648170245,17.0,LAC,30,1404.9370438040496,17.0,1,1,3.0,1,132.0,-146.0,1,0
DEN,8.0,3.0,0.375,11.375,91,10.875,87,-30.75,0.24196722618597594,-8.2625,0.15816246833661673,1.9046571484071484,2.493181818181818,-0.5885246697746698,3.2342378977464006,21.75,174.0,34.0,27.125,217.0,39.0,AFC West,-1,-5.375,-43,0.4880952380952381,0.5725,4.91875,4.401967226185976,1.375,0.875,0.9523809523809523,49.875,2.0,-7.0,0.3735977564102564,0.6705,6.5337499999999995,4.318162468336617,1.75,0.75,0.90625,57.75,1.125,0.3735977564102564,-0.23423789774640058,2020-11-15,2020,0.36268669158876704,0.3791159798676586,LVR,8.0,5.0,0.625,9.125,73,9.0,72,8.087500000000002,0.23378180452864888,-5.962500000000001,0.27982819493749006,2.9897727272727272,3.10625,-0.11647727272727276,4.086002599945399,27.25,218.0,41.0,28.625,229.0,40.0,AFC West,2,-1.375,-11,0.7380952380952381,0.68925,8.313749999999999,4.393781804528649,2.0,1.0,0.9270833333333333,35.875,1.125,-4.0,0.4993119625472566,0.6295,7.56875,4.4398281949374905,1.625,1.625,0.9166666666666666,65.75,0.625,0.4993119625472566,0.9139974000546012,2020,0.6258114613052032,0.5495831527815696,DEN vs. LVR,LVR,37,1609.6345992580964,10.0,DEN,12,1441.242833455546,16.0,1,25,-3.5,1,-188.0,168.0,1,0
MIA,9.0,6.0,0.6666666666666666,10.222222222222221,92,10.555555555555555,95,-0.8999999999999978,-0.5161546015712682,-9.511111111111113,0.607179070431469,2.7755050505050507,2.0769640852974187,0.6985409652076319,5.736711611157146,27.88888888888889,251.0,44.0,20.22222222222222,182.0,29.0,AFC East,5,7.666666666666667,69,0.5848214285714286,0.6895555555555556,7.377777777777778,3.6438453984287316,1.6666666666666667,1.0,0.96875,37.77777777777778,1.1111111111111112,5.0,0.3787570454237121,0.6484444444444445,6.922222222222222,4.767179070431469,1.4444444444444444,1.2222222222222223,0.5714285714285714,51.888888888888886,1.6666666666666667,0.3787570454237121,0.2632883888428541,2020-11-22,2020,0.4922520399868184,0.28027527868589797,DEN,9.0,3.0,0.3333333333333333,11.444444444444445,103,10.88888888888889,98,-34.400000000000006,0.13882466889045814,-9.444444444444445,0.22850213987645063,1.804139687473021,2.5898989898989897,-0.785759302425969,3.2990868874468884,20.666666666666668,186.0,37.0,28.22222222222222,254.0,46.0,AFC West,-2,-7.555555555555555,-68,0.5052083333333334,0.5632222222222222,4.577777777777778,4.298824668890458,1.3333333333333333,0.7777777777777778,0.9583333333333333,48.44444444444444,2.3333333333333335,-12.0,0.3839387464387464,0.6671111111111112,6.492222222222222,4.388502139876451,1.5555555555555556,1.1111111111111112,0.9166666666666666,60.44444444444444,1.0,0.3839387464387464,-0.2990868874468884,2020,0.34728563663912093,0.4016349242374639,MIA vs. DEN,DEN,20,1413.7416445088822,20.0,MIA,13,1651.6009899328665,6.0,1,7,4.0,1,174.0,-196.0,0,0
NOR,10.0,8.0,0.8,10.1,101,10.5,105,7.32,0.14773916499121978,-10.640000000000004,-0.9558076217261002,3.063269230769231,2.3139083139083136,0.7493609168609169,6.470515323680291,29.5,295.0,52.0,22.2,222.0,41.0,NFC South,7,7.3,73,0.591710758377425,0.7339,8.104000000000001,4.3077391649912204,1.8,1.5,0.9222222222222223,67.7,1.0,5.0,0.46560106560106557,0.638,6.377000000000001,3.2041923782738997,2.0,0.5,0.7777777777777778,38.6,1.5,0.46560106560106557,1.5294846763197087,2020-11-29,2020,0.5935972308600246,0.41115130640867437,DEN,10.0,4.0,0.4,11.3,113,10.8,108,-33.39,0.28166947472868514,-11.64,0.11906369059468794,1.823725718725719,2.460909090909091,-0.6371833721833722,4.034245567107439,20.6,206.0,41.0,26.7,267.0,49.0,AFC West,1,-6.1,-61,0.5231481481481481,0.5669,4.87,4.441669474728686,1.2,0.9,0.9629629629629629,50.6,2.3,-13.0,0.37887820512820514,0.6609,6.2170000000000005,4.279063690594688,1.5,1.0,0.925,59.4,1.0,0.37887820512820514,-0.034245567107438646,2020,0.3615893201315,0.40677959927012547,NOR vs. DEN,DEN,3,1493.4671915759336,15.0,NOR,31,1733.0929107078198,3.0,0,-28,17.0,0,906.0,-1350.0,0,0
DEN,11.0,4.0,0.36363636363636365,11.272727272727273,124,10.909090909090908,120,-39.445454545454545,0.15336343432635288,-16.1,0.20319839640839393,1.6827258599985873,2.472038567493113,-0.7893127074945258,4.038176896557194,19.0,209.0,42.0,27.09090909090909,298.0,54.0,AFC West,-1,-8.090909090909092,-89,0.5508333333333334,0.5254545454545455,3.639090909090909,4.313363434326353,1.0909090909090908,0.8181818181818182,0.9666666666666666,46.90909090909091,2.3636363636363638,-15.0,0.353525641025641,0.652,5.754545454545454,4.363198396408394,1.3636363636363635,1.2727272727272727,0.9318181818181818,57.18181818181818,1.0,0.353525641025641,-0.03817689655719381,2020-12-06,2020,0.3375341424813767,0.4075291269590239,KAN,11.0,10.0,0.9090909090909091,9.545454545454545,105,9.363636363636363,103,14.17272727272727,0.07835990538925323,-15.090909090909092,0.6316352817143328,3.347727272727272,2.3694444444444445,0.9782828282828283,7.700031297652564,31.636363636363637,348.0,57.0,21.636363636363637,238.0,42.0,AFC West,6,10.0,110,0.604469696969697,0.6936363636363636,9.156363636363636,4.238359905389253,2.727272727272727,0.9090909090909091,0.8518518518518519,59.54545454545455,0.7272727272727273,9.0,0.4862632317177772,0.6308181818181818,6.179090909090909,4.791635281714333,1.5454545454545454,0.9090909090909091,0.7803030303030304,48.45454545454545,1.5454545454545454,0.4862632317177772,2.299968702347436,2020,0.6563620918041592,0.455956474402994,DEN vs. KAN,KAN,22,1662.144211672805,3.0,DEN,16,1488.5919451613595,16.0,1,6,-13.0,0,-660.0,510.0,1,0
DEN,14.0,5.0,0.35714285714285715,11.0,154,10.642857142857142,149,-31.664285714285715,0.20223144298802181,-12.72857142857143,0.6701289812225506,1.8137723387723388,2.652633477633478,-0.8388611388611389,5.057365917917212,19.714285714285715,276.0,52.0,28.214285714285715,395.0,72.0,AFC West,-1,-8.5,-119,0.5784606419221804,0.5513571428571428,4.342142857142857,4.362231442988022,1.3571428571428572,0.7857142857142857,0.8472222222222222,42.714285714285715,2.142857142857143,-18.0,0.3736296441653585,0.6605,6.2542857142857144,4.8301289812225505,1.2857142857142858,1.4285714285714286,0.9464285714285714,56.857142857142854,0.8571428571428571,0.3736296441653585,-0.05736591791721235,2020-12-27,2020,0.3362787440947611,0.446725625076683,LAC,14.0,5.0,0.35714285714285715,10.571428571428571,148,10.428571428571429,146,-4.092857142857143,-0.4261020092184869,-6.028571428571428,0.46879995179823997,2.2543761793761794,2.7142940392940393,-0.4599178599178599,6.087093700931301,23.357142857142858,327.0,57.0,27.785714285714285,389.0,67.0,AFC West,2,-4.428571428571429,-62,0.45303350495658185,0.6597857142857143,7.297857142857143,3.7338979907815135,1.9285714285714286,0.7142857142857143,0.6858974358974359,45.857142857142854,1.1428571428571428,0.0,0.4552818563322765,0.6304285714285714,6.952142857142857,4.62879995179824,1.9285714285714286,1.0714285714285714,0.9097222222222222,54.0,1.1428571428571428,0.4552818563322765,-1.0870937009313009,2020,0.35522956517708293,0.3904915469851286,DEN vs. LAC,LAC,19,1404.9370438040496,17.0,DEN,16,1461.6790648170245,17.0,1,3,-2.5,1,-125.0,113.0,1,0
LVR,15.0,7.0,0.4666666666666667,9.666666666666666,145,9.533333333333333,143,0.21333333333333446,-0.06630344346610219,-5.826666666666668,0.3937625202962375,2.85965811965812,3.170050505050505,-0.3103923853923854,7.172877504761679,26.8,402.0,76.0,29.8,447.0,78.0,AFC West,-3,-3.0,-45,0.5962694051979767,0.6701999999999999,7.870666666666667,4.093696556533898,1.7333333333333334,1.2,0.961111111111111,49.666666666666664,1.4666666666666666,-7.0,0.45683695389577744,0.6379333333333332,7.392666666666667,4.553762520296237,1.7333333333333334,1.5333333333333334,0.8974358974358974,59.13333333333333,1.0,0.45683695389577744,-0.1728775047616793,2021-01-03,2020,0.5180971538566034,0.5028044543723025,DEN,15.0,5.0,0.3333333333333333,10.933333333333334,164,10.533333333333333,158,-32.873333333333335,0.22808268012215369,-12.286666666666667,0.6447870491410473,1.7995208495208495,2.6165319865319865,-0.817011137011137,5.45692919732702,19.466666666666665,292.0,56.0,27.6,414.0,77.0,AFC West,-2,-8.133333333333333,-122,0.5626522287236573,0.5486666666666667,4.298,4.388082680122154,1.2666666666666666,0.8,0.8397435897435896,42.8,2.1333333333333333,-20.0,0.37617198161315807,0.6588666666666667,6.335999999999999,4.804787049141047,1.2666666666666666,1.3333333333333333,0.95,56.06666666666667,0.8,0.37617198161315807,-0.4569291973270202,2020,0.33106177436979145,0.4400069416902192,LVR vs. DEN,DEN,31,1441.242833455546,16.0,LVR,32,1609.6345992580964,10.0,0,-1,2.5,1,130.0,-144.0,1,0
DET,1.0,0.0,0.0,11.0,11,11.0,11,-23.700000000000003,0.5986206896551725,0.9000000000000057,1.161428571428571,2.090909090909091,2.4545454545454546,-0.36363636363636376,0.40612398335648026,23.0,23.0,5.0,27.0,27.0,5.0,NFC North,-1,-4.0,-4,0.5,0.5710000000000001,6.26,4.758620689655173,1.0,1.0,0.75,77.0,1.0,-1.0,0.375,0.556,7.61,5.321428571428571,3.0,0.0,1.0,48.0,0.0,0.375,-0.40612398335648026,2020-09-20,2020,0.2699436439288726,-0.18460181061658193,GNB,1.0,1.0,1.0,9.0,9,9.0,9,27.5,0.7774999999999999,16.700000000000003,1.9309090909090907,4.777777777777778,3.7777777777777777,1.0,0.6356584944499472,43.0,43.0,7.0,34.0,34.0,5.0,NFC North,1,9.0,9,0.5,0.727,10.09,4.9375,4.0,1.0,1.0,63.0,0.0,1.0,0.5454545454545454,0.76,9.72,6.090909090909091,2.0,2.0,1.0,20.0,1.0,0.5454545454545454,0.36434150555005285,2020,1.0611545043167079,0.20241194752780714,DET vs. GNB,GNB,42,1550.0,1.0,DET,21,1450.0,17.0,1,21,-7.0,1,-284.0,245.0,1,0
NOR,3.0,1.0,0.3333333333333333,10.0,30,10.333333333333334,31,5.833333333333329,0.6421671826625382,6.099999999999999,-0.6962637362637364,2.9444444444444446,3.219373219373219,-0.2749287749287747,1.3991721093900416,29.333333333333332,88.0,15.0,31.333333333333332,94.0,17.0,NFC South,-2,-2.0,-6,1.0,0.701,8.083333333333334,4.802167182662539,2.0,1.0,1.0,110.33333333333333,0.6666666666666666,2.0,0.4747474747474747,0.6773333333333333,7.873333333333332,3.463736263736264,2.6666666666666665,1.0,0.8333333333333334,42.0,1.3333333333333333,0.4747474747474747,-0.39917210939004155,2020-10-04,2020,0.43347131510165976,0.29262445312225044,DET,3.0,1.0,0.3333333333333333,10.666666666666666,32,9.666666666666666,29,-7.3666666666666645,-0.04998357963875222,-6.966666666666669,1.4261552028218694,2.1999999999999997,3.2255892255892262,-1.0255892255892256,1.14034906407083,23.333333333333332,70.0,14.0,30.666666666666668,92.0,15.0,NFC North,1,-7.333333333333333,-22,1.0,0.629,7.16,4.110016420361248,1.6666666666666667,0.6666666666666666,0.5833333333333334,64.33333333333333,0.6666666666666666,1.0,0.40277777777777773,0.6043333333333334,7.173333333333333,5.58615520282187,2.3333333333333335,1.0,1.0,48.666666666666664,1.0,0.40277777777777773,-0.14034906407083003,2020,0.4170324281563373,0.3206294717119259,NOR vs. DET,DET,29,1488.4788293388217,17.0,NOR,35,1462.1287919369763,17.0,0,-6,3.0,0,139.0,-155.0,0,0
DET,4.0,1.0,0.25,10.25,41,9.25,37,-7.449999999999999,-0.05476041200179149,-1.875,1.005806878306878,2.4555555555555557,3.5129419191919196,-1.0573863636363636,1.5307365367420187,24.75,99.0,18.0,31.75,127.0,20.0,NFC North,-1,-7.0,-28,0.7777777777777778,0.60875,7.032500000000001,4.105239587998208,2.0,0.75,0.5833333333333334,60.5,0.75,1.0,0.4270833333333333,0.64325,7.61,5.165806878306879,2.25,1.5,1.0,53.25,1.0,0.4270833333333333,-0.5307365367420187,2020-10-18,2020,0.3807728191380711,0.3336842517916191,JAX,5.0,1.0,0.2,9.6,48,9.0,45,-0.5800000000000012,0.3405853935777207,13.240000000000004,0.5088057040998215,2.3562121212121214,3.2666666666666666,-0.9104545454545455,1.7098096229898763,21.8,109.0,20.0,29.4,147.0,28.0,AFC South,-4,-7.6,-38,0.25,0.7278,7.3420000000000005,4.500585393577721,2.0,0.6,0.7,53.6,1.4,-2.0,0.4428571428571429,0.7682,9.196000000000002,4.668805704099822,2.2,1.0,0.9333333333333332,51.8,1.0,0.4428571428571429,-0.7098096229898763,2020,0.3575158647508436,0.4094459135834821,DET vs. JAX,JAX,16,1319.970297343742,19.0,DET,34,1434.694008030575,17.0,0,-18,3.0,0,139.0,-154.0,0,0
IND,6.0,4.0,0.6666666666666666,9.166666666666666,55,9.333333333333334,56,-7.733333333333332,-0.48744214928001023,-29.650000000000002,-0.7050562281990319,2.9077200577200575,2.1087962962962963,0.7989237614237613,3.890559160620163,26.166666666666668,157.0,28.0,19.166666666666668,115.0,20.0,AFC South,1,7.0,42,0.39,0.6916666666666668,7.323333333333333,3.67255785071999,1.1666666666666667,0.8333333333333334,0.8888888888888888,63.0,1.1666666666666667,3.0,0.38785220627325884,0.6329999999999999,4.571666666666666,3.454943771800968,1.1666666666666667,0.6666666666666666,0.9333333333333333,49.333333333333336,1.6666666666666667,0.38785220627325884,0.10944083937983695,2020-11-01,2020,0.5183767984928346,0.30413338329641887,DET,6.0,3.0,0.5,10.166666666666666,61,9.333333333333334,56,-7.149999999999999,-0.1460063308339173,-5.766666666666666,0.1652815086148418,2.587037037037037,3.016035353535354,-0.4289983164983166,2.913540026901434,26.0,156.0,29.0,27.5,165.0,26.0,NFC North,2,-1.5,-9,0.54,0.6236666666666667,7.336666666666666,4.013993669166083,1.6666666666666667,1.1666666666666667,0.6333333333333333,58.666666666666664,0.6666666666666666,3.0,0.3763888888888889,0.6465,7.210000000000001,4.325281508614842,1.8333333333333333,1.5,0.875,53.666666666666664,1.1666666666666667,0.3763888888888889,0.08645997309856579,2020,0.48226048967174423,0.3935951169659605,IND vs. DET,DET,21,1507.4643956905795,14.0,IND,41,1573.946674410853,7.0,0,-20,3.5,0,165.0,-185.0,0,0
DET,7.0,3.0,0.42857142857142855,10.428571428571429,73,9.428571428571429,66,-7.114285714285714,-0.40075267917632473,-2.357142857142857,-0.01671841386127117,2.4674603174603176,3.1708874458874456,-0.7034271284271284,3.083537154555887,25.285714285714285,177.0,32.0,29.428571428571427,206.0,31.0,NFC North,-1,-4.142857142857143,-29,0.5611111111111111,0.6161428571428571,7.3500000000000005,3.7592473208236754,1.8571428571428572,1.0,0.5277777777777778,61.142857142857146,0.8571428571428571,1.0,0.39404761904761904,0.6507142857142857,7.47,4.143281586138729,2.0,1.5714285714285714,0.875,48.714285714285715,1.0,0.39404761904761904,-0.08353715455588695,2020-11-08,2020,0.4331248748614709,0.39699209568997296,MIN,7.0,2.0,0.2857142857142857,9.857142857142858,69,9.857142857142858,69,-4.8285714285714265,0.6808644519835336,7.714285714285714,0.3133323578911815,2.7283716283716286,3.148907441764585,-0.42053581339295626,2.9422360586266456,26.142857142857142,183.0,29.0,30.571428571428573,214.0,41.0,NFC North,1,-4.428571428571429,-31,0.47222222222222227,0.6639999999999999,7.667142857142857,4.840864451983534,1.7142857142857142,1.5714285714285714,0.8,34.57142857142857,1.7142857142857142,-6.0,0.3953514739229025,0.6784285714285714,8.631428571428572,4.473332357891182,2.4285714285714284,0.7142857142857143,1.0,50.142857142857146,0.8571428571428571,0.3953514739229025,-0.9422360586266456,2020,0.36371667556900056,0.42933399916419773,DET vs. MIN,MIN,34,1427.1339842217265,21.0,DET,20,1466.9168766899866,17.0,1,14,-3.0,1,-173.0,155.0,1,0
WAS,8.0,2.0,0.25,10.875,87,10.25,82,-17.825,-0.3013219932241674,-16.549999999999997,0.06762670556788186,1.842907092907093,2.3301001082251083,-0.4871930153180153,3.277086261034814,19.125,153.0,28.0,23.5,188.0,34.0,NFC East,-1,-4.375,-35,0.48214285714285715,0.635625,5.6575,3.8586780067758326,1.125,1.125,0.7619047619047619,40.25,1.875,-6.0,0.37944104506604504,0.638875,5.74375,4.227626705567882,1.375,1.125,0.9375,47.0,1.125,0.37944104506604504,-1.277086261034814,2020-11-15,2020,0.2704620469698638,0.2966144315927078,DET,8.0,3.0,0.375,10.375,83,9.625,77,-9.525,-0.27343637205706195,2.9375,0.47640079963609355,2.4090277777777778,3.1608901515151517,-0.7518623737373737,3.3049263739510324,24.625,197.0,36.0,30.0,240.0,36.0,NFC North,-2,-5.375,-43,0.5217687074829932,0.62525,6.97875,3.8865636279429383,1.875,0.875,0.5476190476190476,58.125,1.125,-2.0,0.40729166666666666,0.650625,8.23625,4.636400799636093,2.125,1.625,0.875,51.25,0.875,0.40729166666666666,-0.3049263739510324,2020,0.4172027869544621,0.39127053658727734,WAS vs. DET,DET,30,1411.2165493009616,16.0,WAS,27,1324.9398866437498,22.0,1,3,-2.5,1,-136.0,123.0,0,0
HOU,10.0,3.0,0.3,9.6,96,9.5,95,5.840000000000001,-0.3941695244326824,6.87,0.851897280879762,2.3496969696969696,2.871670274170274,-0.5219733044733046,4.034760792667374,22.7,227.0,42.0,27.2,272.0,46.0,AFC South,1,-4.5,-45,0.5847001763668431,0.6842,8.545,3.7658304755673178,2.0,0.6,0.7407407407407408,35.1,0.9,-4.0,0.4183116883116883,0.6841,8.481,5.011897280879762,1.9,1.3,0.7222222222222222,42.0,0.5,0.4183116883116883,-1.0347607926673739,2020-11-26,2020,0.3922292153208024,0.3856852668813693,DET,10.0,4.0,0.4,10.3,103,9.6,96,-8.370000000000001,-0.31545497999859073,-1.2700000000000002,0.23260480260480237,2.227222222222222,3.0287121212121213,-0.801489898989899,3.867030121707236,22.7,227.0,42.0,28.7,287.0,45.0,NFC North,-1,-6.0,-60,0.466931216931217,0.6274,7.013,3.8445450200014095,1.8,0.7,0.537037037037037,54.0,1.0,0.0,0.38726190476190475,0.6582,7.808,4.392604802604803,1.8,1.7,0.8611111111111112,51.3,1.0,0.38726190476190475,0.13296987829276397,2020,0.4131890629983457,0.4281079630449733,HOU vs. DET,DET,25,1386.5801674462662,15.0,HOU,41,1427.335113891595,20.0,0,-16,3.0,0,139.0,-155.0,0,0
GNB,12.0,9.0,0.75,9.416666666666666,113,9.666666666666666,116,16.5,0.268228112240209,-4.058333333333333,0.5685952303775191,3.51753108003108,2.6195286195286194,0.8980024605024605,7.572434020700358,31.583333333333332,379.0,60.0,24.916666666666668,299.0,49.0,NFC North,2,6.666666666666667,80,0.31797520661157025,0.6895833333333333,9.239166666666668,4.428228112240209,3.0,0.8333333333333334,1.0,44.666666666666664,0.75,4.0,0.48218992336639394,0.65075,7.357500000000001,4.728595230377519,1.75,0.9166666666666666,0.8606060606060606,50.583333333333336,1.0833333333333333,0.48218992336639394,1.4275659792996418,2020-12-13,2020,0.5941400875796302,0.43746460702994433,DET,12.0,5.0,0.4166666666666667,10.416666666666666,125,9.75,117,-7.758333333333333,-0.415721365254834,3.5749999999999993,0.15583359543855088,2.312962962962963,3.0928661616161617,-0.7799031986531987,4.677066248663426,23.833333333333332,286.0,51.0,29.833333333333332,358.0,56.0,NFC North,1,-6.0,-72,0.45062967335694604,0.6306666666666666,7.16,3.744278634745166,1.8333333333333333,0.9166666666666666,0.5833333333333333,52.416666666666664,1.1666666666666667,-2.0,0.40663433788433784,0.6689166666666666,8.455833333333333,4.3158335954385505,1.9166666666666667,1.6666666666666667,0.8958333333333334,50.583333333333336,1.0,0.40663433788433784,0.3229337513365742,2020,0.4189797475454435,0.45162698723279787,GNB vs. DET,DET,24,1450.0,17.0,GNB,31,1550.0,1.0,0,-7,9.5,1,292.0,-345.0,1,0
DET,13.0,5.0,0.38461538461538464,10.153846153846153,132,9.538461538461538,124,-7.784615384615384,-0.44220433715830837,5.884615384615383,0.12161314516908418,2.3987789987789987,3.1956127206127203,-0.7968337218337218,5.02991007709673,23.846153846153847,310.0,55.0,29.923076923076923,389.0,61.0,NFC North,-1,-6.076923076923077,-79,0.47557720057720054,0.6340769230769231,7.113076923076923,3.717795662841692,1.7692307692307692,1.0,0.6212121212121212,50.69230769230769,1.0769230769230769,-2.0,0.4138163118932349,0.678076923076923,8.621538461538462,4.281613145169084,2.0,1.6153846153846154,0.9074074074074073,51.92307692307692,0.9230769230769231,0.4138163118932349,-0.029910077096729992,2020-12-20,2020,0.4157080103494638,0.45296245986172423,TEN,13.0,9.0,0.6923076923076923,9.846153846153847,128,9.923076923076923,129,6.653846153846157,0.7641806391988001,-5.023076923076923,0.1134214397941186,3.0563186813186816,2.6527090430936586,0.4036096382250229,7.45840286596978,30.0,390.0,63.0,25.846153846153847,336.0,57.0,AFC South,1,4.153846153846154,54,0.5641774891774892,0.6528461538461539,8.613076923076923,4.9241806391988,2.1538461538461537,1.3846153846153846,0.6590909090909091,53.53846153846154,0.6923076923076923,9.0,0.423959267228498,0.6581538461538462,7.016923076923077,4.273421439794119,2.1538461538461537,1.0,0.9090909090909091,58.69230769230769,1.3846153846153846,0.423959267228498,1.5415971340302201,2020,0.550553256877346,0.46026895446614347,DET vs. TEN,TEN,46,1611.66672837281,6.0,DET,25,1375.5057893408125,20.0,1,21,-9.5,1,-389.0,325.0,0,0
TAM,14.0,9.0,0.6428571428571429,10.428571428571429,146,10.5,147,-3.321428571428572,-0.24938217473931773,-7.078571428571429,-0.7931835952109063,2.7974775224775223,2.1894050394050395,0.608072483072483,8.573902671228103,28.642857142857142,401.0,71.0,22.928571428571427,321.0,55.0,NFC South,2,5.714285714285714,80,0.4806283460129614,0.6496428571428572,7.237857142857143,3.9106178252606827,2.2857142857142856,1.0,0.9285714285714286,44.785714285714285,1.1428571428571428,5.0,0.4169102722674151,0.6920000000000001,6.425714285714286,3.366816404789094,1.9285714285714286,0.6428571428571429,0.869047619047619,60.714285714285715,1.5,0.4169102722674151,0.4260973287718972,2020-12-26,2020,0.5011022066256383,0.35881212491858816,DET,14.0,5.0,0.35714285714285715,10.071428571428571,141,9.428571428571429,132,-7.742857142857142,-0.3823643448216038,8.685714285714285,0.18232498818332252,2.4258503401360545,3.378068954854669,-0.9522186147186148,5.220660048987009,23.928571428571427,335.0,59.0,31.071428571428573,435.0,68.0,NFC North,-2,-7.142857142857143,-100,0.49224877686416146,0.6395714285714286,7.135,3.7776356551783965,1.7142857142857142,1.0714285714285714,0.6527777777777778,49.42857142857143,1.2142857142857142,-5.0,0.42592467056752775,0.6852142857142857,8.873571428571429,4.342324988183322,2.0714285714285716,1.7142857142857142,0.9166666666666666,49.785714285714285,0.8571428571428571,0.42592467056752775,-0.22066004898700875,2020,0.4118445071478047,0.4702354527429023,TAM vs. DET,DET,7,1355.072845451842,20.0,TAM,47,1615.631527673892,10.0,0,-40,12.0,0,455.0,-591.0,0,0
MIN,15.0,6.0,0.4,10.4,156,9.933333333333334,149,3.0466666666666677,0.7030990972186449,-5.08,0.36072637955844783,2.5745195545195543,3.019132719132719,-0.44461316461316464,6.787138115688651,26.2,393.0,64.0,29.333333333333332,440.0,78.0,NFC North,-3,-3.1333333333333333,-47,0.44667039309896456,0.6750666666666666,8.142,4.863099097218646,2.1333333333333333,1.2,0.7666666666666667,41.0,1.5333333333333334,-3.0,0.41534234284234284,0.6635333333333333,7.432666666666666,4.5207263795584485,1.8,1.1333333333333333,0.8974358974358974,44.8,1.3333333333333333,0.41534234284234284,-0.7871381156886512,2021-01-03,2020,0.38872784640851554,0.4611200120699263,DET,15.0,5.0,0.3333333333333333,10.133333333333333,152,9.6,144,-9.873333333333333,-0.30976227738905243,11.473333333333331,0.17745204025315228,2.3065512265512265,3.4139754689754693,-1.1074242424242422,5.231506166153511,22.8,342.0,59.0,32.13333333333333,482.0,75.0,NFC North,-3,-9.333333333333334,-140,0.5030065172922316,0.6420666666666667,6.8053333333333335,3.850237722610948,1.6,1.0,0.6527777777777778,53.93333333333333,1.2666666666666666,-7.0,0.4041963591963592,0.6887333333333333,9.229333333333333,4.337452040253153,2.3333333333333335,1.6666666666666667,0.8333333333333333,50.8,0.8,0.4041963591963592,-0.23150616615351094,2020,0.38216716499865916,0.47807270256411427,MIN vs. DET,DET,35,1466.9168766899866,17.0,MIN,37,1427.1339842217265,21.0,0,-2,3.0,1,145.0,-161.0,1,0
GNB,2.0,2.0,1.0,9.0,18,10.0,20,16.799999999999997,2.00875,2.200000000000003,1.0045021645021643,4.722222222222222,2.8434343434343434,1.878787878787879,1.4735684752053435,42.5,85.0,13.0,27.5,55.0,8.0,NFC North,2,15.0,30,0.0,0.6635,9.530000000000001,6.16875,3.0,1.5,1.0,61.5,0.0,2.0,0.5227272727272727,0.683,8.085,5.1645021645021645,2.0,1.5,0.5,45.0,1.0,0.5227272727272727,0.5264315247946565,2020-09-27,2020,0.912322495064737,0.30528630495893133,NOR,2.0,1.0,0.5,10.0,20,11.0,22,-4.400000000000006,-0.0067492260061923215,-2.5,-0.8490109890109891,2.916666666666667,2.7735042735042734,0.14316239316239332,1.020935027199473,29.0,58.0,9.0,28.5,57.0,10.0,NFC South,-1,0.5,1,1.0,0.6485000000000001,7.47,4.153250773993808,1.5,1.5,1.0,124.0,0.5,3.0,0.48484848484848486,0.688,6.64,3.3109890109890108,2.5,1.0,0.75,58.0,2.0,0.48484848484848486,-0.020935027199473044,2020,0.4452896188801186,0.2225147665455743,GNB vs. NOR,NOR,30,1500.0,12.0,GNB,37,1585.9935000197115,1.0,0,-7,-3.5,0,-172.0,154.0,0,0
GNB,4.0,4.0,1.0,8.75,35,9.5,38,25.724999999999998,0.7128365384615384,4.800000000000001,0.727251082251082,4.326388888888889,2.6717171717171717,1.6546717171717171,2.9113800235031655,38.0,152.0,25.0,25.25,101.0,17.0,NFC North,4,12.75,51,0.16666666666666666,0.7002499999999999,10.342500000000001,4.872836538461539,3.25,1.0,1.0,40.75,0.0,3.0,0.5113636363636364,0.7224999999999999,7.965,4.887251082251082,1.75,1.25,0.75,49.0,0.75,0.5113636363636364,1.0886199764968345,2020-10-18,2020,0.9086821386601491,0.4572798657924092,TAM,5.0,3.0,0.6,11.0,55,10.6,53,-5.380000000000001,0.06648122248122261,-8.160000000000002,-1.4526470588235294,2.5483916083916087,2.1084848484848484,0.43990675990675976,3.0974367284255426,27.8,139.0,25.0,22.4,112.0,18.0,NFC South,-1,5.4,27,0.2708333333333333,0.6432,6.958,4.2264812224812225,2.4,0.8,0.8,82.0,1.4,2.0,0.4158841158841159,0.7108,6.468000000000001,2.7073529411764707,1.4,0.8,0.9,70.4,1.8,0.4158841158841159,-0.09743672842554263,2020,0.4456875701431324,0.26507976938996314,GNB vs. TAM,TAM,38,1520.340136331782,10.0,GNB,10,1643.0871934805025,1.0,1,28,3.0,1,131.0,-145.0,0,0
GNB,5.0,4.0,0.8,9.2,46,9.6,48,6.399999999999997,0.633507326007326,4.080000000000001,0.6526580086580085,3.642929292929293,2.897373737373737,0.7455555555555555,2.9519250397781835,32.4,162.0,27.0,27.8,139.0,22.0,NFC North,-1,4.6,23,0.275,0.6516,8.372,4.793507326007326,2.6,1.0,1.0,47.8,0.4,1.0,0.49144385026737963,0.6994,7.843999999999999,4.812658008658008,1.8,1.4,0.8,39.2,0.6,0.49144385026737963,1.0480749602218165,2020-10-25,2020,0.7099914083738654,0.46274020468699983,HOU,6.0,1.0,0.16666666666666666,9.666666666666666,58,9.666666666666666,58,4.599999999999999,-0.2832798066131402,11.466666666666667,1.35444638653101,2.5373737373737373,3.2007996632996636,-0.663425925925926,2.308421142087623,24.333333333333332,146.0,27.0,30.333333333333332,182.0,30.0,AFC South,-1,-6.0,-36,0.65,0.68,8.558333333333334,3.8767201933868605,2.1666666666666665,0.6666666666666666,0.8,32.333333333333336,1.1666666666666667,-3.0,0.39999999999999997,0.7051666666666666,8.621666666666668,5.51444638653101,2.1666666666666665,1.3333333333333333,0.5833333333333334,30.666666666666668,0.6666666666666666,0.39999999999999997,-1.308421142087623,2020,0.3640018079414775,0.3182395567165842,GNB vs. HOU,HOU,20,1375.2627587207508,20.0,GNB,35,1576.1224949883365,6.0,0,-15,2.5,0,127.0,-140.0,0,0
MIN,6.0,1.0,0.16666666666666666,10.333333333333334,62,10.333333333333334,62,-11.533333333333331,0.6396359782945148,7.183333333333333,0.3019433064286006,2.5164335664335664,3.149915824915825,-0.6334822584822585,2.303114366247095,25.833333333333332,155.0,25.0,32.0,192.0,38.0,NFC North,-2,-6.166666666666667,-37,0.4,0.6436666666666667,6.91,4.799635978294515,1.8333333333333333,1.3333333333333333,0.8,34.333333333333336,2.0,-7.0,0.3779100529100529,0.6816666666666666,8.643333333333333,4.4619433064286005,2.3333333333333335,0.8333333333333334,1.0,44.333333333333336,0.8333333333333334,0.3779100529100529,-1.3031143662470952,2020-11-01,2020,0.315650916246835,0.37763885506078065,GNB,6.0,5.0,0.8333333333333334,9.333333333333334,56,9.833333333333334,59,10.733333333333333,0.4271820309320309,5.350000000000001,0.44903318903318884,3.619107744107744,2.7175084175084177,0.9015993265993266,3.742151238309698,32.833333333333336,197.0,32.0,26.5,159.0,26.0,NFC North,1,6.333333333333333,38,0.2533333333333333,0.6556666666666666,8.756666666666666,4.5871820309320315,2.8333333333333335,1.0,1.0,46.5,0.3333333333333333,2.0,0.5067587641117053,0.7068333333333333,7.93,4.609033189033188,1.8333333333333333,1.1666666666666667,0.7777777777777778,41.833333333333336,0.6666666666666666,0.5067587641117053,1.257848761690302,2020,0.6912236915895525,0.4596160107456154,MIN vs. GNB,GNB,22,1500.0,1.0,MIN,28,1500.0,1.0,0,-6,-5.5,0,-249.0,218.0,1,0
GNB,7.0,5.0,0.7142857142857143,9.0,63,9.428571428571429,66,10.757142857142856,0.4206798360369789,9.642857142857144,0.5174906326166828,3.5510719439290868,2.900721500721501,0.6503504432075861,4.103029545930148,31.285714285714285,219.0,35.0,26.714285714285715,187.0,30.0,NFC North,-1,4.571428571428571,32,0.2388888888888889,0.6561428571428571,8.72857142857143,4.580679836036979,2.857142857142857,0.8571428571428571,1.0,52.0,0.42857142857142855,1.0,0.4992997198879552,0.7181428571428572,8.541428571428572,4.677490632616683,1.7142857142857142,1.4285714285714286,0.7777777777777778,41.0,0.5714285714285714,0.4992997198879552,0.8969704540698524,2020-11-05,2020,0.6267436868309406,0.44785522429025015,SFO,8.0,4.0,0.5,9.875,79,9.875,79,-8.6875,0.5316249691839527,-13.7625,-0.037080141576511794,2.7268939393939395,2.1150568181818183,0.6118371212121212,4.742620204475019,26.0,208.0,36.0,21.625,173.0,33.0,NFC West,-1,4.375,35,0.3261904761904762,0.6821250000000001,6.96125,4.691624969183953,1.5,1.75,0.9583333333333334,54.75,1.375,-1.0,0.4304001554001554,0.637,5.88625,4.122919858423488,1.5,0.625,0.9166666666666666,47.875,1.25,0.4304001554001554,-0.7426202044750188,2020,0.41339505164382806,0.32673027413342465,GNB vs. SFO,SFO,17,1494.2828376371629,16.0,GNB,34,1518.8610200046537,6.0,0,-17,6.0,0,215.0,-246.0,0,0
JAX,8.0,1.0,0.125,10.25,82,9.75,78,-6.4125,0.1771714265416311,8.087500000000004,0.3399489634140368,2.235132575757576,3.1797348484848484,-0.9446022727272727,2.63918177484818,22.375,179.0,31.0,30.875,247.0,46.0,AFC South,-7,-8.5,-68,0.22755102040816327,0.67625,6.9375,4.337171426541631,1.75,0.875,0.7166666666666667,57.125,1.375,-4.0,0.4476648351648352,0.7105,8.9075,4.499948963414037,2.125,1.375,0.875,46.5,0.875,0.4476648351648352,-1.63918177484818,2020-11-15,2020,0.30058744661540615,0.39518852300798674,GNB,8.0,6.0,0.75,9.0,72,9.5,76,15.137500000000001,0.2956755016936468,6.650000000000002,0.3372160682454798,3.579410173160173,2.750631313131313,0.82877886002886,4.940939526685543,31.625,253.0,41.0,25.5,204.0,33.0,NFC North,1,6.125,49,0.2761904761904762,0.674875,9.145,4.455675501693647,3.0,0.75,1.0,51.125,0.375,3.0,0.4993872549019608,0.707,8.39125,4.49721606824548,1.625,1.375,0.8095238095238095,40.0,0.75,0.4993872549019608,1.0590604733144566,2020,0.644828957301897,0.4374161112160807,JAX vs. GNB,GNB,24,1565.329823761015,4.0,JAX,20,1211.8160203611426,27.0,1,4,-13.5,0,-893.0,653.0,0,0
GNB,9.0,7.0,0.7777777777777778,9.333333333333334,84,9.666666666666666,87,14.222222222222221,0.15615600150546383,1.5222222222222241,0.3640954423051607,3.403920153920154,2.6470258136924802,0.7568943402276735,5.547315042830204,30.77777777777778,277.0,45.0,24.88888888888889,224.0,36.0,NFC North,2,5.888888888888889,53,0.25729166666666664,0.6783333333333332,9.142222222222223,4.3161560015054645,2.888888888888889,0.7777777777777778,1.0,49.333333333333336,0.5555555555555556,2.0,0.48663482487011894,0.6855555555555556,7.858888888888889,4.524095442305161,1.5555555555555556,1.2222222222222223,0.8333333333333334,45.111111111111114,0.7777777777777778,0.48663482487011894,1.4526849571697964,2020-11-22,2020,0.622183628402964,0.434606204927347,IND,9.0,6.0,0.6666666666666666,9.222222222222221,83,9.555555555555555,86,-6.944444444444445,-0.2704256238347726,-23.11111111111111,-0.7420645884799664,2.977368927368927,2.1030864197530863,0.8742825076158408,5.670036339688768,26.88888888888889,242.0,40.0,19.666666666666668,177.0,29.0,AFC South,1,7.222222222222222,65,0.48928571428571427,0.6819999999999999,7.248888888888889,3.8895743761652275,1.2222222222222223,1.1111111111111112,0.9166666666666666,55.55555555555556,1.0,4.0,0.369679248626617,0.6389999999999999,5.272222222222222,3.417935411520034,1.2222222222222223,0.7777777777777778,0.7708333333333334,50.77777777777778,1.4444444444444444,0.369679248626617,0.3299636603112317,2020,0.4995964476739615,0.3121045815878885,GNB vs. IND,IND,34,1617.9125946436416,6.0,GNB,31,1576.8876203151606,2.0,1,3,-1.5,1,-120.0,109.0,0,0
PHI,11.0,3.0,0.2727272727272727,11.545454545454545,127,11.181818181818182,123,-29.10909090909091,1.0264191747439833,-4.863636363636363,0.020068068704432118,1.8995398540853083,2.3369055187237007,-0.43736566463839194,4.715119354914419,21.545454545454547,237.0,37.0,25.181818181818183,277.0,50.0,NFC East,-3,-3.6363636363636362,-40,0.5507936507936508,0.5844545454545454,4.489090909090908,5.186419174743984,1.4545454545454546,0.9090909090909091,0.7,51.0,1.9090909090909092,-10.0,0.3644174452997983,0.6626363636363636,7.127272727272728,4.180068068704433,1.2727272727272727,1.4545454545454546,0.898148148148148,67.45454545454545,1.0,0.3644174452997983,-1.7151193549144192,2020-12-06,2020,0.24591308795144343,0.30616706005489946,GNB,11.0,8.0,0.7272727272727273,9.454545454545455,104,9.818181818181818,108,15.445454545454549,0.12897612244386433,-0.5909090909090896,0.5730129785936573,3.5342763297308752,2.6758494031221303,0.8584269266087449,6.756385390211968,31.727272727272727,349.0,55.0,25.727272727272727,283.0,47.0,NFC North,1,6.0,66,0.32249999999999995,0.6854545454545454,9.148181818181818,4.288976122443864,3.0,0.8181818181818182,1.0,46.0,0.8181818181818182,3.0,0.48814658306636916,0.6729090909090909,7.568181818181818,4.733012978593657,1.8181818181818181,1.0,0.8466666666666667,51.54545454545455,1.0909090909090908,0.48814658306636916,1.2436146097880316,2020,0.5886353177782707,0.4448231369192234,PHI vs. GNB,GNB,30,1569.0459828240528,4.0,PHI,16,1357.5923104015685,27.0,1,14,-8.0,1,-393.0,328.0,0,0
TEN,14.0,10.0,0.7142857142857143,9.714285714285714,136,9.857142857142858,138,9.400000000000002,0.7789948040680587,-5.178571428571429,0.1335738766342212,3.2487244897959187,2.661642524142524,0.5870819656533942,8.267652894079502,31.142857142857142,436.0,70.0,25.785714285714285,361.0,61.0,AFC South,2,5.357142857142857,75,0.5503650195957888,0.6617857142857143,8.865714285714287,4.9389948040680585,2.2142857142857144,1.5,0.6875,51.285714285714285,0.6428571428571429,12.0,0.45211802086802094,0.6619285714285714,7.045714285714285,4.2935738766342215,2.0714285714285716,1.0714285714285714,0.9166666666666666,56.857142857142854,1.5,0.45211802086802094,1.732347105920498,2020-12-27,2020,0.5783951141882536,0.465151746097904,GNB,14.0,11.0,0.7857142857142857,9.285714285714286,130,9.5,133,15.457142857142857,0.42799480793144384,-5.364285714285713,0.4401715731278207,3.502781742067456,2.604493918779633,0.8982878232878233,8.942902624442556,31.0,434.0,69.0,24.214285714285715,339.0,57.0,NFC North,4,6.785714285714286,95,0.3247758651604805,0.6966428571428571,8.962857142857143,4.587994807931444,2.857142857142857,0.9285714285714286,1.0,46.714285714285715,0.6428571428571429,5.0,0.49501560530972294,0.6488571428571428,7.2821428571428575,4.600171573127821,1.5714285714285714,1.0,0.882051282051282,50.214285714285715,1.0,0.49501560530972294,2.0570973755574435,2020,0.6087580873150898,0.46093155231298294,TEN vs. GNB,GNB,40,1633.6336300994803,2.0,TEN,14,1632.0996722617806,5.0,1,26,-3.0,1,-177.0,159.0,0,0
LAR,1.0,11.0,11.0,10.941176470588236,186,11.058823529411764,188,-11.641176470588237,0.06819211159108131,-21.935294117647057,-0.3344948899900576,2.23350375115081,1.7212029800265096,0.5123007711243005,10.552891721455186,23.647058823529413,402.0,68.0,18.58823529411765,316.0,55.0,NFC West,2,5.0588235294117645,86,0.4922754329004329,0.6562352941176471,6.64,4.228192111591081,1.2352941176470589,1.1764705882352942,0.8431372549019607,39.411764705882355,1.4705882352941178,-1.0,0.4153508574834381,0.621764705882353,5.103529411764705,3.825505110009942,1.1176470588235294,0.7058823529411765,0.8166666666666667,37.76470588235294,1.411764705882353,0.4153508574834381,0.44710827854481394,2021-01-16,2020,0.5290503383927276,0.13080295382959983,GNB,16.0,13.0,0.8125,9.125,146,9.375,150,18.0625,0.5096341482629152,-9.9375,0.4440031730818252,3.650871524309024,2.5011544011544014,1.1497171231546233,10.730933887366398,31.8125,509.0,80.0,23.0625,369.0,63.0,NFC North,6,8.75,140,0.3646470196470196,0.7115625,9.290625,4.669634148262915,3.0,1.0,1.0,42.75,0.6875,7.0,0.5001029403602933,0.6433125,6.755625,4.604003173081825,1.4375,1.0,0.8904761904761905,45.875,1.125,0.5001029403602933,2.2690661126336025,2020,0.6256529490627946,0.45331298545663207,LAR vs. GNB,GNB,32,1706.9056215243318,2.0,LAR,18,1619.6656260088212,8.0,1,14,-7.0,1,-351.0,296.0,0,1
TAM,2.0,13.0,6.5,10.444444444444445,188,10.444444444444445,188,0.8444444444444434,-0.1702371806490582,-11.65,-0.560786547049335,2.988245704912371,2.132163515496849,0.8560821894155227,11.717060907306298,30.72222222222222,553.0,99.0,22.11111111111111,398.0,68.0,NFC South,6,8.61111111111111,155,1.194675177763413,0.6423333333333333,7.944444444444445,3.9897628193509416,2.5555555555555554,1.0,0.8888888888888888,44.5,1.0,12.0,0.42674211228132797,0.677,5.979444444444444,3.599213452950665,1.7777777777777777,0.6666666666666666,0.892156862745098,59.666666666666664,1.6666666666666667,0.42674211228132797,1.2829390926937023,2021-01-24,2020,0.8643908781294588,0.41287196357226535,GNB,1.0,14.0,14.0,9.058823529411764,154,9.294117647058824,158,17.476470588235294,0.5421393290840508,-9.241176470588233,0.47039307930921004,3.671408493467317,2.486380612851201,1.185027880616116,11.52728016860041,31.823529411764707,541.0,86.0,22.764705882352942,387.0,66.0,NFC North,7,9.058823529411764,154,1.0293565809190808,0.7072941176470587,9.292941176470588,4.702139329084051,2.9411764705882355,1.0588235294117647,1.0,41.529411764705884,0.6470588235294118,7.0,0.5099008066136094,0.651235294117647,6.724117647058824,4.63039307930921,1.411764705882353,1.0,0.8977777777777778,45.23529411764706,1.0588235294117647,0.5099008066136094,2.4727198313995906,2020,1.9393110746776934,1.0329082840023607,TAM vs. GNB,GNB,26,1744.6081475571184,2.0,TAM,31,1733.1707401343574,4.0,0,-5,-3.0,0,-176.0,157.0,0,1
HOU,2.0,0.0,0.0,9.0,18,8.5,17,-15.0,0.021818181818181515,15.75,1.3892845786963433,2.05,3.951388888888889,-1.9013888888888888,0.3738166753638452,18.0,36.0,7.0,33.5,67.0,12.0,AFC South,-2,-15.5,-31,1.0,0.6595,6.555,4.181818181818182,1.0,1.0,0.5,29.5,1.5,-3.0,0.3666666666666667,0.75,8.215,5.549284578696343,2.0,1.0,1.0,13.0,0.0,0.3666666666666667,-0.3738166753638452,2020-09-27,2020,0.3162023131236968,0.22100587928334875,PIT,2.0,2.0,1.0,11.0,22,11.5,23,6.399999999999999,0.667272727272727,-25.200000000000003,-1.435,2.3833333333333333,1.6076923076923078,0.7756410256410255,1.3835386151434599,26.0,52.0,9.0,18.5,37.0,7.0,AFC North,2,7.5,15,0.0,0.6815,7.800000000000001,4.827272727272727,2.5,0.5,1.0,55.0,1.5,1.0,0.35,0.5605,5.275,2.725,2.0,0.0,0.8333333333333333,27.5,2.0,0.35,0.6164613848565401,2020,0.5351852832661105,0.2459832542172996,HOU vs. PIT,PIT,28,1585.9935000197115,1.0,HOU,21,1414.0064999802885,22.0,1,7,-4.0,1,-196.0,174.0,0,0
MIN,3.0,0.0,0.0,10.333333333333334,31,10.0,30,-25.299999999999997,1.6346127946127946,0.3000000000000019,0.057892156862745146,2.4358974358974357,3.4907407407407405,-1.054843304843305,0.9433958365289365,25.0,75.0,12.0,34.0,102.0,21.0,NFC North,-3,-9.0,-27,0.5,0.592,5.293333333333334,5.794612794612795,1.6666666666666667,1.3333333333333333,0.8333333333333334,28.333333333333332,2.3333333333333335,-5.0,0.37407407407407406,0.703,8.123333333333333,4.217892156862745,1.6666666666666667,1.3333333333333333,1.0,67.0,0.6666666666666666,0.37407407407407406,-0.9433958365289365,2020-10-04,2020,0.26536827915755656,0.24654097147658147,HOU,3.0,0.0,0.0,9.333333333333334,28,8.666666666666666,26,-8.133333333333335,-0.7276767676767681,10.199999999999998,1.021979192815106,2.066666666666667,3.6712962962962963,-1.6046296296296294,0.7096749026006248,19.0,57.0,10.0,31.666666666666668,95.0,17.0,AFC South,-3,-12.666666666666666,-38,1.0,0.6743333333333333,7.16,3.4323232323232324,1.3333333333333333,1.0,0.5,36.0,1.3333333333333333,-4.0,0.3833333333333333,0.7130000000000001,7.866666666666667,5.181979192815106,2.0,1.0,1.0,13.333333333333334,0.0,0.3833333333333333,-0.7096749026006248,2020,0.27265774969040185,0.28122470071524847,MIN vs. HOU,HOU,23,1386.9160182128549,25.0,MIN,31,1375.9746926647958,25.0,0,-8,-3.5,0,-172.0,154.0,0,0
JAX,4.0,1.0,0.25,9.25,37,9.0,36,1.0249999999999986,0.528231741972151,14.325000000000003,0.21009803921568615,2.627083333333333,3.25,-0.6229166666666667,1.5687203215480752,23.75,95.0,18.0,29.25,117.0,22.0,AFC South,-3,-5.5,-22,0.3333333333333333,0.7515000000000001,7.5,4.688231741972151,2.0,0.75,0.9333333333333332,58.25,1.25,-2.0,0.4285714285714286,0.78175,9.16,4.370098039215686,2.0,1.25,0.9166666666666666,58.5,0.75,0.4285714285714286,-0.5687203215480752,2020-10-11,2020,0.4173177987306395,0.3714455064301552,HOU,4.0,0.0,0.0,9.75,39,9.0,36,-3.75,-0.6626806526806529,13.849999999999998,0.7389843946113295,2.0727272727272728,3.5284722222222222,-1.4557449494949495,1.0398422249689554,20.0,80.0,15.0,31.5,126.0,22.0,AFC South,-4,-11.5,-46,0.6666666666666666,0.65725,7.87,3.4973193473193476,1.5,0.75,0.6666666666666666,30.75,1.25,-5.0,0.35,0.7165,8.945,4.89898439461133,1.75,1.5,0.875,19.0,0.0,0.35,-1.0398422249689554,2020,0.2846305552914466,0.29946854896307623,JAX vs. HOU,HOU,30,1335.3419552053265,27.0,JAX,14,1375.760959833356,17.0,1,16,-6.5,1,-281.0,243.0,1,0
HOU,5.0,1.0,0.2,9.6,48,9.4,47,-1.2199999999999989,-0.1894172494172497,9.679999999999998,0.5091875156890635,2.324848484848485,3.0773232323232325,-0.7524747474747475,1.8987529235271545,22.0,110.0,21.0,28.0,140.0,24.0,AFC South,1,-6.0,-30,0.5625,0.6686,8.164,3.970582750582751,1.8,0.6,0.75,29.6,1.4,-5.0,0.38,0.6998,8.498000000000001,4.669187515689064,1.8,1.2,0.7,22.2,0.4,0.38,-0.8987529235271545,2020-10-18,2020,0.358859119191374,0.31672310568233314,TEN,4.0,4.0,1.0,10.0,40,9.75,39,12.200000000000006,-0.2923529411764706,-11.049999999999997,1.188290598290598,3.129166666666667,2.299145299145299,0.8300213675213677,2.5619290381607636,30.5,122.0,23.0,22.5,90.0,15.0,AFC South,4,8.0,32,0.6666666666666666,0.6990000000000001,8.975,3.8676470588235294,2.25,1.25,0.75,39.5,0.25,8.0,0.4761582167832168,0.63925,6.5175,5.348290598290598,2.25,0.75,0.8333333333333334,48.0,2.25,0.4761582167832168,1.4380709618392364,2020,0.7817227007643902,0.426737592484542,HOU vs. TEN,TEN,42,1680.8840374772242,1.0,HOU,36,1391.1326176949406,19.0,1,6,-4.0,1,-190.0,169.0,1,0
HOU,7.0,1.0,0.14285714285714285,9.857142857142858,69,9.714285714285714,68,5.614285714285714,-0.32410996410996434,14.457142857142857,1.0746048392488021,2.4346320346320347,3.2435425685425687,-0.8089105339105339,2.518194943556109,23.714285714285715,166.0,31.0,31.0,217.0,35.0,AFC South,-2,-7.285714285714286,-51,0.6749999999999999,0.6891428571428572,8.53,3.835890035890036,2.142857142857143,0.5714285714285714,0.7777777777777778,35.57142857142857,1.1428571428571428,-4.0,0.40408163265306124,0.701,8.915714285714285,5.234604839248802,2.4285714285714284,1.2857142857142858,0.5833333333333334,32.0,0.5714285714285714,0.40408163265306124,-1.518194943556109,2020-11-08,2020,0.3518342789850117,0.32954448944440373,JAX,7.0,1.0,0.14285714285714285,10.0,70,9.571428571428571,67,-5.685714285714285,0.18830173615339835,8.214285714285719,0.43688044798338893,2.256818181818182,3.2833333333333337,-1.0265151515151516,2.1846551906585905,22.0,154.0,26.0,31.428571428571427,220.0,41.0,AFC South,-6,-9.428571428571429,-66,0.24166666666666667,0.6751428571428572,6.9399999999999995,4.348301736153398,1.8571428571428572,0.7142857142857143,0.6599999999999999,54.142857142857146,1.4285714285714286,-4.0,0.45039246467817895,0.7271428571428571,8.81,4.596880447983389,2.142857142857143,1.4285714285714286,0.8571428571428571,50.57142857142857,0.8571428571428571,0.45039246467817895,-1.1846551906585905,2020,0.30856931641403396,0.4209576485778205,HOU vs. JAX,JAX,25,1375.760959833356,17.0,HOU,27,1335.3419552053265,27.0,0,-2,7.0,1,249.0,-289.0,1,0
NWE,9.0,4.0,0.4444444444444444,8.666666666666666,78,9.11111111111111,82,-20.81111111111111,0.5630459527356,-10.788888888888891,0.2326728026728027,2.475925925925926,2.590291806958474,-0.11436588103254769,4.076652734323757,21.0,189.0,34.0,23.444444444444443,211.0,39.0,AFC East,2,-2.4444444444444446,-22,0.6517857142857143,0.6746666666666666,5.301111111111111,4.7230459527356,0.5555555555555556,1.5555555555555556,0.8333333333333334,33.666666666666664,1.6666666666666667,0.0,0.41737706737706737,0.6751111111111112,7.286666666666666,4.392672802672802,1.5555555555555556,0.8888888888888888,0.9583333333333333,43.55555555555556,1.6666666666666667,0.41737706737706737,-0.07665273432375663,2020-11-22,2020,0.4321849103034078,0.41871347338939496,HOU,9.0,2.0,0.2222222222222222,9.666666666666666,87,9.666666666666666,87,4.055555555555555,-0.29738134293689866,7.533333333333333,1.010626608384921,2.277441077441077,2.912966971300305,-0.6355258938592273,3.3640839547437413,22.22222222222222,200.0,37.0,28.0,252.0,42.0,AFC South,-1,-5.777777777777778,-52,0.6022321428571429,0.6761111111111111,8.341111111111111,3.862618657063101,2.0,0.5555555555555556,0.7083333333333334,35.111111111111114,1.0,-4.0,0.4142857142857143,0.6878888888888889,8.397777777777778,5.1706266083849215,2.0,1.3333333333333333,0.6875,40.55555555555556,0.5555555555555556,0.4142857142857143,-1.3640839547437413,2020,0.36082872755361634,0.3559495196689181,NWE vs. HOU,HOU,27,1358.4777350226177,24.0,NWE,20,1496.3158648043132,16.0,1,7,2.5,1,132.0,-147.0,0,0
IND,11.0,7.0,0.6363636363636364,9.636363636363637,106,9.909090909090908,109,-6.963636363636363,-0.3912163785511366,-17.3,-0.567547794614922,2.908480913026368,2.3465811965811967,0.561899716445171,6.438697945748458,27.454545454545453,302.0,51.0,23.0,253.0,40.0,AFC South,-1,4.454545454545454,49,0.5392063492063492,0.6681818181818181,7.243636363636363,3.768783621448864,1.4545454545454546,1.0909090909090908,0.9037037037037037,60.54545454545455,1.0909090909090908,5.0,0.371520783841358,0.6411818181818182,6.061818181818182,3.592452205385078,1.3636363636363635,1.0909090909090908,0.8166666666666667,51.36363636363637,1.5454545454545454,0.371520783841358,0.5613020542515423,2020-12-06,2020,0.5056830229561138,0.3523370159883751,HOU,11.0,4.0,0.36363636363636365,9.636363636363637,106,9.727272727272727,107,9.80909090909091,-0.43216992339730015,4.554545454545456,0.7379630453138902,2.5088154269972454,2.800003279548734,-0.291187852551489,4.798344778231806,24.363636363636363,268.0,48.0,27.0,297.0,50.0,AFC South,2,-2.6363636363636362,-29,0.5662301587301587,0.6838181818181819,9.175454545454546,3.7278300766027,2.1818181818181817,0.5454545454545454,0.7666666666666667,38.63636363636363,0.9090909090909091,-2.0,0.41058638331365604,0.6810909090909091,8.247272727272728,4.89796304531389,1.8181818181818181,1.3636363636363635,0.75,42.18181818181818,0.7272727272727273,0.41058638331365604,-0.7983447782318063,2020,0.41996522353762716,0.3908944444251569,IND vs. HOU,HOU,20,1471.4967592933745,20.0,IND,26,1603.517578138878,9.0,0,-6,3.5,0,157.0,-176.0,1,0
HOU,13.0,4.0,0.3076923076923077,9.615384615384615,125,9.846153846153847,128,6.376923076923077,-0.3336174655467034,6.930769230769231,0.8387723288511144,2.3365190365190367,2.820981795981796,-0.4844627594627596,5.167926759349648,22.692307692307693,295.0,53.0,27.615384615384617,359.0,60.0,AFC South,-2,-4.923076923076923,-64,0.5596109908609909,0.6850769230769231,8.744615384615384,3.826382534453297,1.9230769230769231,0.6153846153846154,0.7575757575757577,38.84615384615385,1.0769230769230769,-6.0,0.4154665846973539,0.6915384615384615,8.343846153846155,4.998772328851114,1.9230769230769231,1.3076923076923077,0.7916666666666666,42.92307692307692,0.6153846153846154,0.4154665846973539,-1.1679267593496476,2020-12-20,2020,0.3859076195412115,0.3905795639657579,IND,13.0,9.0,0.6923076923076923,9.538461538461538,124,9.846153846153847,128,-3.1769230769230767,-0.15584998438369044,-16.976923076923075,-0.4796365034301457,3.084099234099234,2.3701840894148587,0.7139151446843754,7.850185760552659,28.615384615384617,372.0,62.0,23.076923076923077,300.0,49.0,AFC South,2,5.538461538461538,72,0.5282527657527657,0.676923076923077,7.573076923076924,4.00415001561631,1.5384615384615385,1.1538461538461537,0.9212121212121211,58.92307692307692,0.9230769230769231,10.0,0.3912868170965337,0.6486923076923077,6.154615384615385,3.6803634965698544,1.3076923076923077,1.1538461538461537,0.8194444444444445,48.30769230769231,1.6923076923076923,0.3912868170965337,1.1498142394473412,2020,0.5442236245941285,0.38722409719526424,HOU vs. IND,IND,27,1603.517578138878,9.0,HOU,20,1471.4967592933745,20.0,1,7,-7.5,0,-370.0,311.0,1,0
TEN,15.0,10.0,0.6666666666666666,9.666666666666666,145,9.733333333333333,146,4.4266666666666685,0.8349136689820399,-3.1533333333333333,0.26895723981356146,3.1358465608465607,2.817533022533022,0.31831353831353837,8.344351057482243,30.0,450.0,72.0,26.733333333333334,401.0,67.0,AFC South,-1,3.2666666666666666,49,0.5671756814613957,0.6458666666666667,8.362,4.99491366898204,2.1333333333333333,1.4666666666666666,0.6875,48.86666666666667,0.7333333333333333,11.0,0.4522798497798498,0.6738,7.239999999999999,4.4289572398135615,2.2,1.1333333333333333,0.9166666666666666,53.06666666666667,1.4666666666666666,0.4522798497798498,1.6556489425177574,2021-01-03,2020,0.5513594132695533,0.4789627758669816,HOU,15.0,4.0,0.26666666666666666,9.6,144,9.666666666666666,145,8.946666666666665,0.07067065217511666,8.953333333333335,0.8817994351140928,2.3797979797979796,2.9486604136604138,-0.5688624338624338,5.893928018134693,23.066666666666666,346.0,62.0,28.2,423.0,72.0,AFC South,-4,-5.133333333333334,-77,0.5444232354946641,0.6958666666666667,8.972000000000001,4.2306706521751165,2.0,0.6,0.7948717948717949,38.333333333333336,1.1333333333333333,-9.0,0.42525622525622525,0.7008,8.557333333333334,5.0417994351140925,1.9333333333333333,1.3333333333333333,0.8035714285714286,41.86666666666667,0.5333333333333333,0.42525622525622525,-1.8939280181346927,2020,0.37619280688687456,0.4007527276755412,TEN vs. HOU,HOU,38,1391.1326176949406,19.0,TEN,41,1680.8840374772242,1.0,0,-3,7.0,1,259.0,-301.0,1,0
MIN,1.0,0.0,0.0,9.0,9,9.0,9,16.700000000000003,1.9309090909090907,27.5,0.7774999999999999,3.7777777777777777,4.777777777777778,-1.0,0.36434150555005274,34.0,34.0,5.0,43.0,43.0,7.0,NFC North,-1,-9.0,-9,0.5,0.76,9.72,6.090909090909091,2.0,2.0,1.0,20.0,1.0,-1.0,0.5,0.727,10.09,4.9375,4.0,1.0,1.0,63.0,0.0,0.5,-0.36434150555005274,2020-09-20,2020,0.3531436080277485,-0.2833767265389299,IND,1.0,0.0,0.0,9.0,9,8.0,8,-11.900000000000006,-0.16000000000000014,37.5,-0.20347826086956555,2.2222222222222223,3.375,-1.1527777777777777,0.3293231620763674,20.0,20.0,4.0,27.0,27.0,5.0,AFC South,-1,-7.0,-7,0.5,0.7829999999999999,6.24,4.0,1.0,1.0,0.6666666666666666,80.0,2.0,-2.0,0.3333333333333333,0.95,10.5,3.9565217391304346,3.0,0.0,1.0,61.0,0.0,0.3333333333333333,-0.3293231620763674,2020,0.29807859463272557,-0.20582697629772967,MIN vs. IND,IND,28,1450.0,17.0,MIN,11,1450.0,17.0,1,17,-3.5,1,-176.0,158.0,0,0
NYJ,2.0,0.0,0.0,10.5,21,10.0,20,-18.299999999999997,-0.6335632183908046,3.6499999999999986,0.5091810344827583,1.4227272727272728,2.9000000000000004,-1.4772727272727275,0.3634956695474383,15.0,30.0,6.0,29.0,58.0,10.0,AFC East,-2,-14.0,-28,0.0,0.6279999999999999,5.545,3.5264367816091955,1.0,0.5,1.0,80.0,1.0,1.0,0.36038961038961037,0.766,6.945,4.669181034482758,2.0,1.5,0.75,69.0,1.5,0.36038961038961037,-0.3634956695474383,2020-09-27,2020,0.23378633292179452,0.15912608261314043,IND,2.0,1.0,0.5,9.0,18,8.5,17,-8.0,-0.2725000000000002,-24.75,0.040483091787439474,2.666666666666667,2.298611111111111,0.3680555555555556,1.2308506325203898,24.0,48.0,10.0,19.0,38.0,7.0,AFC South,1,5.0,10,0.0,0.7715,6.68,3.8875,1.0,1.0,0.8333333333333333,86.5,1.5,0.0,0.303030303030303,0.6865,4.48,4.20048309178744,1.5,0.5,1.0,53.0,1.5,0.303030303030303,-0.23085063252038984,2020,0.4914303798554473,0.15835428153991973,NYJ vs. IND,IND,36,1500.0,12.0,NYJ,7,1400.0,22.0,1,29,-12.5,1,-630.0,491.0,0,0
IND,8.0,5.0,0.625,9.375,75,9.75,78,-8.35,-0.3575046888830847,-23.7375,-0.9281039120399621,2.8182900432900433,2.100347222222222,0.7179428210678209,4.8321263589333725,26.0,208.0,35.0,20.0,160.0,26.0,AFC South,-1,6.0,48,0.4520408163265306,0.67425,7.13875,3.8024953111169157,1.25,1.0,0.9047619047619048,53.375,1.125,4.0,0.3742224880382775,0.6493749999999999,5.205,3.2318960879600382,1.25,0.75,0.8095238095238095,53.375,1.625,0.3742224880382775,0.1678736410666275,2020-11-12,2020,0.4764592957288866,0.29866140171110944,TEN,8.0,6.0,0.75,9.875,79,9.875,79,7.662500000000005,0.7476912102666777,-4.774999999999999,0.22100872507122482,2.9717261904761907,2.598530982905983,0.37319520757020763,4.537988794931685,29.0,232.0,39.0,25.125,201.0,34.0,AFC South,1,3.875,31,0.5668367346938775,0.648125,8.60625,4.907691210266678,2.375,1.125,0.5357142857142857,53.625,0.5,10.0,0.48060047591297594,0.6677500000000001,6.855,4.381008725071225,2.375,0.875,0.9285714285714286,48.375,1.75,0.48060047591297594,1.4620112050683147,2020,0.5838899319583296,0.45523478001949796,IND vs. TEN,TEN,17,1605.9688268068217,4.0,IND,34,1561.5556071855867,10.0,0,-17,1.0,0,105.0,-115.0,1,0
TEN,10.0,7.0,0.7,9.6,96,9.6,96,4.550000000000004,0.7656014976251069,-6.039999999999999,0.19433676062124317,2.9232142857142858,2.770491452991453,0.1527228327228328,5.329293717522656,27.9,279.0,48.0,25.9,259.0,44.0,AFC South,1,2.0,20,0.5843915343915344,0.646,8.232000000000001,4.925601497625107,2.2,1.1,0.5833333333333334,50.3,0.5,10.0,0.4561470473970474,0.6672,6.821000000000001,4.354336760621243,2.1,1.0,0.9444444444444444,54.1,1.5,0.4561470473970474,1.6707062824773438,2020-11-29,2020,0.5835353141238672,0.48907403794687826,IND,10.0,7.0,0.7,9.5,95,9.9,99,-5.63,-0.2810046830729169,-19.84,-0.717191462965303,2.962965367965368,2.1312393162393164,0.8317260517260516,6.224549977871436,27.6,276.0,47.0,20.8,208.0,34.0,AFC South,2,6.8,68,0.5213403880070547,0.6805,7.342999999999999,3.878995316927083,1.4,1.0,0.9037037037037037,61.6,1.1,6.0,0.3702113237639553,0.6462,5.577,3.442808537034697,1.4,0.8,0.7962962962962963,50.2,1.7,0.3702113237639553,0.7754500221285641,2020,0.5331012116210974,0.33572252601249614,TEN vs. IND,IND,26,1561.5556071855867,10.0,TEN,45,1605.9688268068217,4.0,0,-19,-3.0,0,-147.0,133.0,1,0
IND,12.0,8.0,0.6666666666666666,9.666666666666666,116,9.916666666666666,119,-5.0,-0.3920632895339442,-17.366666666666667,-0.472181969625082,2.8827741702741707,2.3176994301994305,0.5650747400747401,7.089326517115134,27.333333333333332,328.0,55.0,22.75,273.0,44.0,AFC South,1,4.583333333333333,55,0.5232454414272596,0.6767500000000001,7.359166666666667,3.767936710466056,1.5,1.0833333333333333,0.9133333333333333,59.666666666666664,1.0,7.0,0.36328799124851757,0.64475,6.133333333333333,3.687818030374918,1.25,1.1666666666666667,0.8030303030303031,49.583333333333336,1.5833333333333333,0.36328799124851757,0.9106734828848664,2020-12-13,2020,0.5101200011197325,0.3669955414894497,LVR,12.0,7.0,0.5833333333333334,9.666666666666666,116,9.583333333333334,115,2.400000000000001,-0.054858855946325634,-11.616666666666669,0.2531152749531667,2.8697115384615386,3.029482323232323,-0.15977078477078477,6.019062050850494,26.916666666666668,323.0,60.0,28.916666666666668,347.0,60.0,AFC West,1,-2.0,-24,0.6118686868686868,0.67775,7.851666666666667,4.1051411440536745,1.8333333333333333,1.1666666666666667,0.9513888888888888,50.25,1.4166666666666667,-2.0,0.48343935476288413,0.6215833333333333,6.7975,4.413115274953166,1.6666666666666667,1.5833333333333333,0.9333333333333333,61.75,1.25,0.48343935476288413,0.9809379491495056,2020,0.5595231874633407,0.5209103456151959,IND vs. LVR,LVR,27,1539.7087010305895,12.0,IND,44,1635.3827926208917,7.0,0,-17,2.5,0,118.0,-130.0,0,0
IND,14.0,10.0,0.7142857142857143,9.357142857142858,131,9.785714285714286,137,-1.5,-0.04745076189665668,-14.5,-0.4602066851579244,3.139316635745207,2.3596153846153847,0.7797012511298226,8.520862598476292,28.5,399.0,67.0,22.857142857142858,320.0,53.0,AFC South,3,5.642857142857143,79,0.511286576671192,0.6827857142857142,7.68,4.112549238103344,1.5714285714285714,1.1428571428571428,0.9277777777777777,57.214285714285715,0.8571428571428571,12.0,0.4022987976935345,0.6598571428571428,6.380714285714285,3.6997933148420756,1.3571428571428572,1.0714285714285714,0.8333333333333334,46.57142857142857,1.7142857142857142,0.4022987976935345,1.4791374015237082,2020-12-27,2020,0.5654864808626436,0.40010129420268853,PIT,14.0,11.0,0.7857142857142857,11.071428571428571,155,11.5,161,-7.057142857142858,-0.6825915599498856,-26.800000000000004,-0.17868321517709856,2.4360627467770324,1.6818229389657962,0.7542398078112365,8.893706331645799,26.142857142857142,366.0,61.0,18.857142857142858,264.0,47.0,AFC North,-3,7.285714285714286,102,0.4124559201482278,0.6537142857142857,6.3585714285714285,3.4774084400501146,2.142857142857143,0.7857142857142857,0.9722222222222222,44.785714285714285,1.2142857142857142,8.0,0.40288769353895404,0.5549285714285714,5.128571428571428,3.9813167848229014,1.4285714285714286,0.6428571428571429,0.8030303030303031,62.714285714285715,1.7857142857142858,0.40288769353895404,2.1062936683542013,2020,0.4527575639491273,0.31499370115911596,IND vs. PIT,PIT,28,1570.0358675032912,2.0,IND,24,1687.332877082493,5.0,1,4,1.0,1,-104.0,-106.0,0,0
JAX,15.0,1.0,0.06666666666666667,10.4,156,10.4,156,-16.506666666666668,0.36836453193486424,8.286666666666669,0.3476746370489919,1.9245752395752396,3.056851851851852,-1.1322766122766124,4.1746394319896805,19.466666666666665,292.0,50.0,30.933333333333334,464.0,83.0,AFC South,-14,-11.466666666666667,-172,0.4485324199609914,0.6384000000000001,5.824,4.528364531934865,1.5333333333333334,0.6,0.7472222222222222,67.8,1.6,-8.0,0.4052991452991453,0.7054666666666667,8.697333333333335,4.507674637048992,2.2,1.4,0.8555555555555556,46.333333333333336,1.0666666666666667,0.4052991452991453,-3.1746394319896805,2021-01-03,2020,0.25267864461560513,0.383976464591819,IND,15.0,10.0,0.6666666666666666,9.533333333333333,143,9.866666666666667,148,-2.7133333333333334,-0.01923975872259387,-12.966666666666667,-0.602097668052158,3.0633621933621935,2.372004662004662,0.6913575313575314,8.93053081703676,28.2,423.0,71.0,23.2,348.0,57.0,AFC South,-1,5.0,75,0.5308885558885559,0.6784666666666667,7.585333333333334,4.140760241277406,1.5333333333333334,1.2,0.9333333333333333,58.93333333333333,0.9333333333333333,10.0,0.40111990348832455,0.6621333333333334,6.488666666666666,3.557902331947842,1.4666666666666666,1.0666666666666667,0.8333333333333334,46.733333333333334,1.6,0.40111990348832455,1.0694691829632408,2020,0.5319031757530955,0.3869188033463535,JAX vs. IND,IND,28,1500.0,1.0,JAX,14,1500.0,1.0,1,14,-15.5,0,-1350.0,906.0,1,0
JAX,1.0,1.0,1.0,8.0,8,9.0,9,37.5,-0.20347826086956555,-11.900000000000006,-0.16000000000000014,3.375,2.2222222222222223,1.1527777777777777,0.6706768379236325,27.0,27.0,5.0,20.0,20.0,4.0,AFC South,1,7.0,7,0.5,0.95,10.5,3.9565217391304346,3.0,0.0,1.0,61.0,0.0,2.0,0.5,0.7829999999999999,6.24,4.0,1.0,1.0,0.6666666666666666,80.0,2.0,0.5,0.32932316207636747,2020-09-20,2020,0.8308269762977296,0.14636584981171888,TEN,1.0,1.0,1.0,10.0,10,9.0,9,-2.299999999999997,-0.3364705882352941,-5.0,-0.04461538461538517,1.6,1.5555555555555556,0.04444444444444451,0.5784635778521735,16.0,16.0,3.0,14.0,14.0,2.0,AFC South,1,2.0,2,0.5,0.674,6.67,3.823529411764706,2.0,0.0,0.25,37.0,0.0,1.0,0.4375,0.667,7.15,4.115384615384615,1.0,1.0,,56.0,1.0,0.4375,0.4215364221478265,2020,0.426460926644348,0.09367476047729477,JAX vs. TEN,TEN,33,1550.0,1.0,JAX,30,1550.0,1.0,1,3,-7.0,0,-295.0,254.0,1,0
MIA,2.0,0.0,0.0,9.5,19,9.0,18,-28.950000000000003,-0.298888888888889,21.799999999999997,0.8581159420289857,1.9602272727272727,2.8625,-0.9022727272727273,0.6176117626984707,19.5,39.0,7.0,26.0,52.0,8.0,AFC East,-2,-6.5,-13,1.0,0.6635,4.52,3.861111111111111,1.0,1.0,1.0,27.5,1.5,-1.0,0.39015151515151514,0.7375,10.7,5.018115942028986,2.0,1.5,0.5,51.0,1.0,0.39015151515151514,-0.6176117626984707,2020-09-24,2020,0.25465046476607117,0.08497516384478428,JAX,2.0,1.0,0.5,8.5,17,9.0,18,14.0,0.8738164251207725,16.200000000000003,-0.3511764705882354,3.354166666666667,2.9444444444444446,0.4097222222222223,1.1144444538247464,28.5,57.0,10.0,26.5,53.0,10.0,AFC South,-1,2.0,4,1.0,0.8085,8.415,5.033816425120772,3.0,0.5,1.0,60.5,1.0,0.0,0.6071428571428572,0.7665,9.600000000000001,3.8088235294117645,2.5,0.5,0.8333333333333333,55.0,1.0,0.6071428571428572,-0.11444445382474644,2020,0.5545751606397805,0.24598765171534823,MIA vs. JAX,JAX,13,1500.0,12.0,MIA,31,1414.0064999802885,22.0,0,-18,-3.0,0,-138.0,124.0,0,0
JAX,6.0,1.0,0.16666666666666666,9.666666666666666,58,9.166666666666666,55,-5.583333333333333,0.04882116131476725,7.76666666666667,0.49990218931395375,2.2301767676767676,3.288888888888889,-1.058712121212121,1.8533194695255448,20.833333333333332,125.0,23.0,30.166666666666668,181.0,34.0,AFC South,-5,-9.333333333333334,-56,0.25,0.7011666666666666,6.898333333333333,4.208821161314767,1.8333333333333333,0.6666666666666666,0.6599999999999999,54.0,1.5,-3.0,0.45879120879120877,0.7423333333333333,8.728333333333333,4.659902189313954,2.0,1.3333333333333333,0.8888888888888888,53.166666666666664,1.0,0.45879120879120877,-0.8533194695255448,2020-10-25,2020,0.34015417299112777,0.42723375162464083,LAC,5.0,1.0,0.2,10.8,54,11.2,56,2.0599999999999996,-0.4221687189621971,-6.620000000000002,0.23107263107263104,2.0664957264957264,2.249114219114219,-0.18261849261849247,2.20232734600625,22.0,110.0,19.0,25.0,125.0,26.0,AFC West,-4,-3.0,-15,0.5416666666666666,0.6604,8.442,3.7378312810378036,1.8,0.6,0.65,41.0,1.4,-3.0,0.47475867269984917,0.6678,6.878,4.391072631072631,1.8,0.6,0.8333333333333333,62.8,0.8,0.47475867269984917,-1.2023273460062498,2020,0.2672436312069676,0.25978388929941965,JAX vs. LAC,LAC,39,1366.3053203269342,19.0,JAX,29,1285.905383167753,20.0,1,10,-8.0,1,-389.0,325.0,0,0
PIT,9.0,9.0,1.0,10.555555555555555,95,11.222222222222221,101,2.4333333333333322,-0.4540048980399859,-23.68888888888889,-0.0338723982845318,2.9059163059163056,1.757000407000407,1.148915898915899,6.433564242571222,30.11111111111111,271.0,45.0,19.0,171.0,30.0,AFC North,9,11.11111111111111,100,0.42291666666666666,0.6703333333333333,7.333333333333333,3.7059951019600144,2.4444444444444446,1.0,1.0,46.111111111111114,0.8888888888888888,9.0,0.45001017501017504,0.5630000000000001,5.591111111111111,4.126127601715469,1.6666666666666667,0.5555555555555556,0.738095238095238,62.333333333333336,1.8888888888888888,0.45001017501017504,2.5664357574287777,2020-11-22,2020,0.6087597767067777,0.3487272527204217,JAX,9.0,1.0,0.1111111111111111,10.333333333333334,93,10.0,90,-10.088888888888889,0.22183353856840635,7.955555555555559,0.19551018970136605,2.1888047138047138,3.0486531986531986,-0.8598484848484849,3.0328062587035203,22.11111111111111,199.0,34.0,30.11111111111111,271.0,50.0,AFC South,-8,-8.0,-72,0.29285714285714287,0.6582222222222223,6.566666666666666,4.381833538568406,1.6666666666666667,0.7777777777777778,0.7571428571428571,60.333333333333336,1.3333333333333333,-3.0,0.43211233211233213,0.71,8.931111111111111,4.355510189701366,2.111111111111111,1.3333333333333333,0.8888888888888888,45.22222222222222,1.0,0.43211233211233213,-2.0328062587035203,2020,0.2830162332187339,0.3683452926726222,PIT vs. JAX,JAX,3,1200.258223806997,28.0,PIT,27,1792.8098926002128,1.0,0,-24,11.0,0,386.0,-475.0,0,0
JAX,11.0,1.0,0.09090909090909091,10.363636363636363,114,10.0,110,-16.418181818181818,0.32460177219768,7.018181818181822,0.3307495369059539,2.0660927456382003,3.005716253443526,-0.9396235078053259,3.4927787928080214,20.636363636363637,227.0,40.0,29.545454545454547,325.0,60.0,AFC South,-10,-8.909090909090908,-98,0.40428571428571425,0.6297272727272728,5.971818181818182,4.4846017721976805,1.5454545454545454,0.7272727272727273,0.7740740740740741,61.09090909090909,1.4545454545454546,-5.0,0.41648351648351645,0.7037272727272726,8.740909090909092,4.4907495369059545,2.090909090909091,1.2727272727272727,0.8787878787878788,45.09090909090909,1.0,0.41648351648351645,-2.4927787928080214,2020-12-06,2020,0.27136271793275846,0.3722589028359659,MIN,11.0,5.0,0.45454545454545453,10.181818181818182,112,9.909090909090908,109,5.390909090909093,0.6840573895989626,-4.4,0.21552265211183624,2.6602034329307056,2.8476518431063886,-0.18744841017568295,5.393190047170347,26.545454545454547,292.0,47.0,27.727272727272727,305.0,55.0,NFC North,1,-1.1818181818181819,-13,0.4403318903318903,0.6800909090909091,8.64090909090909,4.844057389598962,2.090909090909091,1.2727272727272727,0.8571428571428571,43.45454545454545,1.7272727272727273,-6.0,0.4329392829392829,0.6518181818181819,7.285454545454545,4.375522652111837,2.090909090909091,0.5454545454545454,0.9074074074074073,43.72727272727273,1.1818181818181819,0.4329392829392829,-0.39319004717034733,2020,0.4046429121615208,0.44067935563438776,JAX vs. MIN,MIN,27,1500.2924244011797,16.0,JAX,24,1188.291652898973,31.0,1,3,-10.5,0,-445.0,365.0,0,0
TEN,12.0,8.0,0.6666666666666666,9.75,117,9.916666666666666,119,4.708333333333337,0.6557790257987001,-2.8333333333333335,-0.03601566244526037,3.0761634199134202,2.790434796684797,0.2857286232286233,6.522481348395385,29.916666666666668,359.0,58.0,27.166666666666668,326.0,55.0,AFC South,-1,2.75,33,0.6078905942542305,0.64125,8.48,4.8157790257987,2.1666666666666665,1.3333333333333333,0.625,51.5,0.6666666666666666,9.0,0.43151142838642836,0.6651666666666667,7.234166666666667,4.12398433755474,2.25,1.0833333333333333,0.95,56.916666666666664,1.4166666666666667,0.43151142838642836,1.4775186516046146,2020-12-13,2020,0.5567635910207035,0.4805766987662842,JAX,12.0,1.0,0.08333333333333333,10.583333333333334,127,10.416666666666666,125,-17.375,0.36421829118120663,6.150000000000003,0.2745028649708086,2.0477645040145043,2.905239898989899,-0.8574753949753949,3.9234420011550517,20.916666666666668,251.0,43.0,29.333333333333332,352.0,65.0,AFC South,-11,-8.416666666666666,-101,0.40885478158205435,0.6328333333333334,5.863333333333333,4.5242182911812066,1.5,0.75,0.7466666666666667,62.916666666666664,1.6666666666666667,-7.0,0.40741758241758247,0.6993333333333333,8.574166666666667,4.434502864970809,2.1666666666666665,1.1666666666666667,0.8611111111111112,44.75,1.0833333333333333,0.40741758241758247,-2.9234420011550517,2020,0.2560971088912945,0.3499841799499478,TEN vs. JAX,JAX,10,1550.0,1.0,TEN,31,1550.0,1.0,0,-21,7.5,0,307.0,-364.0,1,0
KAN,1.0,1.0,1.0,9.0,9,8.0,8,22.299999999999997,0.7223529411764709,-16.900000000000006,1.2036363636363632,3.7777777777777777,2.5,1.2777777777777777,0.7786107806048547,34.0,34.0,6.0,20.0,20.0,3.0,AFC West,1,14.0,14,0.5,0.75,8.22,4.882352941176471,3.0,1.0,1.0,5.0,0.0,1.0,0.5384615384615384,0.625,6.78,5.363636363636363,1.0,2.0,0.0,37.0,1.0,0.5384615384615384,0.22138921939514533,2020-09-20,2020,0.8142594795967636,0.0830209572731795,LAC,1.0,1.0,1.0,12.0,12,12.0,12,-24.700000000000003,-0.1856410256410248,-36.2,0.19714285714285662,1.3333333333333333,1.0833333333333333,0.25,0.6206022603741345,16.0,16.0,4.0,13.0,13.0,3.0,AFC West,1,3.0,3,0.5,0.5329999999999999,6.9,3.9743589743589753,0.0,1.0,0.75,35.0,0.0,2.0,0.375,0.639,3.56,4.357142857142857,0.0,1.0,0.6666666666666666,44.0,2.0,0.375,0.37939773962586554,2020,0.45979924654195514,0.09484943490646638,KAN vs. LAC,LAC,20,1550.0,1.0,KAN,23,1550.0,1.0,0,-3,8.5,1,311.0,-370.0,1,0
NWE,3.0,2.0,0.6666666666666666,8.333333333333334,25,9.666666666666666,29,-11.699999999999998,0.6485380116959063,-2.9000000000000057,0.5342760942760947,3.4583333333333335,2.231060606060606,1.2272727272727273,2.0331203626710104,29.0,87.0,13.0,22.0,66.0,11.0,AFC East,1,7.0,21,1.0,0.6926666666666668,6.833333333333333,4.808538011695906,0.6666666666666666,2.3333333333333335,0.5,30.666666666666668,1.0,4.0,0.452020202020202,0.7223333333333333,7.463333333333334,4.694276094276095,2.3333333333333335,0.3333333333333333,0.8333333333333333,47.666666666666664,2.3333333333333335,0.452020202020202,-0.03312036267101037,2020-10-05,2020,0.5142591371370249,0.24868593115653895,KAN,3.0,3.0,1.0,9.666666666666666,29,8.333333333333334,25,15.199999999999998,0.7807452130412281,-17.76666666666667,1.5221789321789319,3.1592592592592594,2.4074074074074074,0.7518518518518517,2.1392815976460726,30.333333333333332,91.0,16.0,20.0,60.0,10.0,AFC West,3,10.333333333333334,31,1.0,0.6873333333333332,8.763333333333334,4.940745213041228,3.0,0.6666666666666666,0.6666666666666666,44.333333333333336,0.3333333333333333,2.0,0.5914529914529915,0.6093333333333334,6.066666666666667,5.682178932178932,1.0,1.0,0.6666666666666666,40.666666666666664,1.0,0.5914529914529915,0.8607184023539274,2020,0.7100171774444004,0.381429120313857,NWE vs. KAN,KAN,26,1647.9853938919734,1.0,NWE,10,1564.0064999802885,8.0,1,16,-7.0,1,-299.0,257.0,0,0
LVR,4.0,2.0,0.5,9.5,38,8.5,34,12.425,0.10775286424655306,-6.100000000000001,0.6896710526315786,2.9823232323232323,3.5208333333333335,-0.5385101010101011,1.8155153293189337,27.75,111.0,21.0,30.0,120.0,21.0,AFC West,-2,-2.25,-9,0.8333333333333334,0.73675,8.442499999999999,4.267752864246553,2.0,1.0,0.9166666666666666,39.5,1.5,-4.0,0.5096129360835243,0.661,7.42,4.849671052631579,1.25,2.0,1.0,77.0,0.5,0.5096129360835243,0.18448467068106633,2020-10-11,2020,0.5781195926598842,0.4917218976786941,KAN,4.0,4.0,1.0,9.5,38,8.75,35,14.549999999999997,0.485558909780921,-27.900000000000002,1.4230627705627703,3.091666666666667,2.0555555555555554,1.036111111111111,3.045180851460828,29.25,117.0,20.0,17.5,70.0,12.0,AFC West,4,11.75,47,0.8888888888888888,0.67925,8.8925,4.645558909780921,2.75,0.5,0.75,42.75,0.5,5.0,0.5344988344988345,0.59225,4.9350000000000005,5.583062770562771,1.0,0.75,0.75,41.25,1.75,0.5344988344988345,0.9548191485391722,2020,0.6519498879656805,0.33898449844621475,LVR vs. KAN,KAN,32,1686.1298482840275,1.0,LVR,40,1500.0,11.0,0,-8,-11.0,0,-476.0,387.0,1,0
NYJ,7.0,0.0,0.0,10.571428571428571,74,10.285714285714286,72,-39.17142857142858,0.17601123835114002,-3.3428571428571416,0.1447602494835531,1.1717171717171717,2.858541458541459,-1.6868242868242869,0.9921426708661616,12.142857142857142,85.0,17.0,29.0,203.0,36.0,AFC East,-7,-16.857142857142858,-118,0.3444444444444444,0.5648571428571428,3.512857142857143,4.33601123835114,0.5714285714285714,0.42857142857142855,0.8333333333333334,70.57142857142857,1.1428571428571428,2.0,0.2953101741248579,0.7175714285714285,7.222857142857143,4.304760249483553,1.5714285714285714,1.2857142857142858,0.8452380952380951,66.0,1.4285714285714286,0.2953101741248579,-0.9921426708661616,2020-11-01,2020,0.19716906292524183,0.3577040949381313,KAN,7.0,6.0,0.8571428571428571,9.714285714285714,68,9.428571428571429,66,10.228571428571428,0.48274738379350196,-22.3,0.9060495818880909,3.226190476190476,2.2063492063492065,1.0198412698412698,5.060770263489044,31.142857142857142,218.0,36.0,20.428571428571427,143.0,25.0,AFC West,2,10.714285714285714,75,0.7277777777777779,0.6738571428571428,8.777142857142858,4.642747383793503,2.2857142857142856,1.0,0.8571428571428571,49.714285714285715,0.7142857142857143,8.0,0.45848912991770135,0.5997142857142858,5.617142857142857,5.06604958188809,1.2857142857142858,1.0,0.7857142857142857,42.42857142857143,1.8571428571428572,0.45848912991770135,0.9392297365109563,2020,0.6004459464588119,0.37549944461639373,NYJ vs. KAN,KAN,35,1689.0570920171408,2.0,NYJ,9,1248.5888314508095,28.0,1,26,-20.0,1,-1965.0,1204.0,0,0
KAN,9.0,8.0,0.8888888888888888,9.666666666666666,87,9.444444444444445,85,14.599999999999998,0.09243988436464291,-20.166666666666668,0.6750756007277743,3.3055555555555554,2.1987654320987655,1.10679012345679,6.559279854958558,31.77777777777778,286.0,47.0,20.333333333333332,183.0,33.0,AFC West,4,11.444444444444445,103,0.5927083333333334,0.6809999999999999,9.206666666666667,4.252439884364644,2.7777777777777777,0.7777777777777778,0.8333333333333334,53.77777777777778,0.6666666666666666,8.0,0.477037777037777,0.6153333333333334,5.667777777777778,4.835075600727774,1.2222222222222223,1.0,0.7314814814814814,44.888888888888886,1.5555555555555556,0.477037777037777,1.4407201450414417,2020-11-22,2020,0.6267098937636625,0.4072467513547289,LVR,9.0,6.0,0.6666666666666666,9.333333333333334,84,9.333333333333334,84,5.08888888888889,0.2957193276027014,-12.366666666666667,0.17247886333624848,3.0313131313131314,2.8722222222222222,0.15909090909090906,5.0211536102449115,28.333333333333332,255.0,48.0,26.77777777777778,241.0,43.0,AFC West,3,1.5555555555555556,14,0.6927083333333334,0.6837777777777778,8.074444444444445,4.455719327602702,1.7777777777777777,1.3333333333333333,0.9351851851851851,41.0,1.0,1.0,0.49511490687961274,0.6138888888888889,6.933333333333334,4.332478863336249,1.5555555555555556,1.4444444444444444,0.925925925925926,62.55555555555556,1.1111111111111112,0.49511490687961274,0.9788463897550885,2020,0.6335775485558787,0.5107015803696677,KAN vs. LVR,LVR,31,1500.0,11.0,KAN,35,1686.1298482840275,1.0,0,-4,7.5,1,296.0,-351.0,1,0
KAN,10.0,9.0,0.9,9.5,95,9.3,93,13.419999999999998,0.06719589592817861,-16.18,0.5338757329626892,3.4125,2.366388888888889,1.046111111111111,7.130694505999594,32.1,321.0,52.0,21.4,214.0,38.0,AFC West,5,10.7,107,0.6009259259259259,0.689,9.04,4.227195895928179,2.7,1.0,0.8333333333333334,57.3,0.7,8.0,0.48488955488955493,0.628,6.036,4.69387573296269,1.4,1.0,0.7583333333333333,47.6,1.5,0.48488955488955493,1.8693054940004057,2020-11-29,2020,0.6496883007242328,0.44412215996990906,TAM,11.0,7.0,0.6363636363636364,10.727272727272727,118,10.636363636363637,117,-6.481818181818183,-0.3390271967544696,-10.354545454545455,-0.9754377352906766,2.7649713922441195,2.1765063219608676,0.588465070283252,6.74948918127247,29.09090909090909,320.0,57.0,23.0,253.0,43.0,NFC South,-1,6.090909090909091,67,0.45404761904761903,0.645,6.7690909090909095,3.8209728032455303,2.272727272727273,1.0,0.9090909090909091,47.81818181818182,1.2727272727272727,5.0,0.4226240930786385,0.6913636363636364,6.038181818181818,3.1845622647093235,1.8181818181818181,0.7272727272727273,0.9242424242424242,60.81818181818182,1.7272727272727273,0.4226240930786385,0.25051081872752956,2020,0.4940517077561396,0.342480159444665,KAN vs. TAM,TAM,24,1566.1403749135795,10.0,KAN,27,1751.070435963463,2.0,0,-3,3.5,1,149.0,-166.0,0,0
KAN,12.0,11.0,0.9166666666666666,9.5,114,9.416666666666666,113,12.583333333333334,0.232739004182573,-16.9,0.6843525435916736,3.272453703703704,2.305324074074074,0.9671296296296296,8.380240927664191,30.833333333333332,370.0,63.0,21.166666666666668,254.0,45.0,AFC West,7,9.666666666666666,116,0.5825757575757575,0.6879166666666666,9.0875,4.392739004182573,2.5833333333333335,0.8333333333333334,0.8666666666666666,58.25,0.6666666666666666,11.0,0.47074129574129575,0.6229166666666667,5.965,4.844352543591674,1.5833333333333333,0.8333333333333334,0.7569444444444445,47.0,1.5833333333333333,0.47074129574129575,2.6197590723358086,2020-12-13,2020,0.6732783783312545,0.4519831550553919,MIA,12.0,8.0,0.6666666666666666,10.166666666666666,122,10.5,126,-3.7916666666666656,-0.4785585282092635,-16.875,0.40395285277322596,2.5149621212121214,1.8054503367003367,0.7095117845117844,7.904762216401566,25.25,303.0,56.0,17.666666666666668,212.0,35.0,AFC East,2,7.583333333333333,91,0.4721566312475403,0.6744166666666667,7.120833333333334,3.681441471790736,1.5833333333333333,0.75,0.9772727272727273,38.666666666666664,1.1666666666666667,7.0,0.3705261174011174,0.63825,6.338333333333334,4.563952852773226,1.1666666666666667,1.0833333333333333,0.55,56.083333333333336,1.75,0.3705261174011174,0.09523778359843416,2020,0.4626593687715248,0.25683420795366746,KAN vs. MIA,MIA,27,1598.259438926233,7.0,KAN,33,1791.5664954369204,1.0,0,-6,7.5,1,281.0,-330.0,0,0
KAN,13.0,12.0,0.9230769230769231,9.692307692307692,126,9.615384615384615,125,10.62307692307692,0.19611805514288788,-17.2,0.5681202966487244,3.2322649572649573,2.301068376068376,0.9311965811965811,8.996946799031132,31.0,403.0,67.0,21.615384615384617,281.0,50.0,AFC West,8,9.384615384615385,122,0.5895833333333333,0.6893076923076923,8.974615384615385,4.356118055142888,2.5384615384615383,0.8461538461538461,0.8787878787878788,58.07692307692308,0.9230769230769231,8.0,0.4694954618031541,0.6189230769230769,5.94923076923077,4.728120296648725,1.6153846153846154,0.8461538461538461,0.75,46.07692307692308,1.5384615384615385,0.4694954618031541,3.0030532009688677,2020-12-20,2020,0.6545815411873712,0.4616324061836575,NOR,13.0,10.0,0.7692307692307693,10.461538461538462,136,10.615384615384615,138,1.2769230769230764,0.3655336234198193,-18.73846153846154,-0.6800851169454851,2.8365474269320425,2.080628772936465,0.7559186539955771,8.543886539717104,28.307692307692307,368.0,63.0,20.384615384615383,265.0,50.0,NFC South,-1,7.923076923076923,103,0.5282527657527657,0.7206923076923076,7.375384615384615,4.525533623419819,1.6923076923076923,1.6153846153846154,0.775,64.84615384615384,1.0769230769230769,6.0,0.46230247881831593,0.5803846153846154,5.273846153846154,3.479914883054515,1.6923076923076923,0.5384615384615384,0.7916666666666666,33.69230769230769,1.5384615384615385,0.46230247881831593,1.4561134602828965,2020,0.5151216900440172,0.37503103289528694,KAN vs. NOR,NOR,29,1681.9354618216985,3.0,KAN,32,1816.302074571004,1.0,0,-3,2.5,0,124.0,-137.0,0,0
LAC,15.0,6.0,0.4,10.466666666666667,157,10.4,156,-4.2266666666666675,-0.3783618752705878,-8.946666666666665,0.4768799550116906,2.244825174825175,2.64000777000777,-0.39518259518259513,6.687530421521493,23.066666666666666,346.0,62.0,27.0,405.0,71.0,AFC West,3,-3.933333333333333,-59,0.44618417296988727,0.6582,7.3100000000000005,3.781638124729412,1.8666666666666667,0.6666666666666666,0.7083333333333333,45.8,1.0666666666666667,2.0,0.4415963992434581,0.6224666666666666,6.734,4.636879955011691,1.8,1.0666666666666667,0.8974358974358974,53.333333333333336,1.2,0.4415963992434581,-0.687530421521493,2021-01-03,2020,0.3768038700066529,0.4039253590051171,KAN,15.0,14.0,0.9333333333333333,9.866666666666667,148,9.8,147,6.4466666666666645,0.27778779645484664,-14.773333333333333,0.4338679399600113,3.0924074074074075,2.2466809116809117,0.8457264957264956,10.168059118483852,30.133333333333333,452.0,75.0,21.6,324.0,56.0,AFC West,10,8.533333333333333,128,0.5807103610675038,0.6698000000000001,8.53,4.437787796454846,2.533333333333333,0.8,0.8974358974358974,56.666666666666664,1.0,7.0,0.4658704258704259,0.6172,6.230666666666667,4.593867939960011,1.7333333333333334,0.8,0.6964285714285714,49.13333333333333,1.4666666666666666,0.4658704258704259,3.8319408815161484,2020,0.6362142189701402,0.4528746890543784,LAC vs. KAN,KAN,21,1550.0,1.0,LAC,38,1550.0,1.0,0,-17,7.0,0,244.0,-282.0,1,0
LAC,3.0,1.0,0.3333333333333333,10.333333333333334,31,10.666666666666666,32,-15.066666666666668,0.24680213506300497,-11.633333333333335,0.47203463203463175,1.7185185185185183,1.8277777777777775,-0.10925925925925917,1.3827761005990293,17.333333333333332,52.0,11.0,19.0,57.0,14.0,AFC West,-2,-1.6666666666666667,-5,0.5,0.638,7.036666666666666,4.406802135063005,0.6666666666666666,1.0,0.9166666666666666,45.0,1.6666666666666667,-3.0,0.5010683760683761,0.6663333333333333,6.390000000000001,4.632034632034632,1.0,0.3333333333333333,0.8888888888888888,54.666666666666664,0.6666666666666666,0.5010683760683761,-0.38277610059902933,2020-10-04,2020,0.30956411713344817,0.2358451519959749,TAM,3.0,2.0,0.6666666666666666,11.333333333333334,34,11.0,33,-9.533333333333337,-0.3022843822843823,-19.000000000000004,-1.1477450980392159,2.4624708624708624,1.814141414141414,0.6483294483294483,2.0094456266924627,27.333333333333332,82.0,14.0,20.333333333333332,61.0,10.0,NFC South,2,7.0,21,0.0,0.6513333333333333,6.466666666666666,3.857715617715618,2.0,1.3333333333333333,0.8333333333333334,70.33333333333333,1.6666666666666667,1.0,0.44638694638694637,0.68,5.419999999999999,3.0122549019607843,1.0,1.0,1.0,75.33333333333333,2.0,0.44638694638694637,-0.009445626692462739,2020,0.41046824731672077,0.20106609831389263,LAC vs. TAM,TAM,38,1537.8712080630237,8.0,LAC,31,1435.9935000197115,17.0,1,7,-7.5,0,-331.0,282.0,0,0
LAC,4.0,1.0,0.25,10.25,41,10.75,43,-2.3249999999999993,-0.3548983987027463,-4.475000000000001,0.37884078884078887,2.063888888888889,2.234469696969697,-0.170580808080808,1.7644310937624537,20.75,83.0,15.0,23.75,95.0,20.0,AFC West,-3,-3.0,-12,0.5555555555555555,0.6785,8.2075,3.805101601297254,1.25,0.75,0.8125,48.75,1.75,-4.0,0.475801282051282,0.66275,7.0975,4.538840788840789,2.0,0.25,0.7916666666666666,63.5,0.75,0.475801282051282,-0.7644310937624537,2020-10-12,2020,0.295936180448556,0.2599498728183193,NOR,4.0,2.0,0.5,9.5,38,10.0,40,7.724999999999998,0.41781586318737984,2.6499999999999986,-0.5394705294705296,3.3020833333333335,3.22008547008547,0.0819978632478634,2.008784636718853,30.75,123.0,20.0,30.75,123.0,21.0,NFC South,1,0.0,0,0.7777777777777778,0.71575,8.2925,4.57781586318738,2.0,1.5,1.0,99.5,0.75,2.0,0.5346320346320346,0.645,7.5675,3.6205294705294704,2.75,1.0,0.8333333333333334,43.75,1.25,0.5346320346320346,-0.0087846367188531,2020,0.5251599162212035,0.39259701643065054,LAC vs. NOR,NOR,30,1515.913613245223,11.0,LAC,27,1400.2486398273843,17.0,1,3,-7.0,0,-339.0,288.0,0,0
LVR,7.0,4.0,0.5714285714285714,9.0,63,8.857142857142858,62,8.214285714285717,-0.01765595965956614,-7.457142857142858,0.3242276144907721,2.974025974025974,3.1785714285714284,-0.20454545454545459,3.4832707575158572,26.714285714285715,187.0,36.0,29.0,203.0,35.0,AFC West,1,-2.2857142857142856,-16,0.8134920634920636,0.707,8.258571428571429,4.142344040340434,2.0,0.8571428571428571,0.9166666666666666,39.57142857142857,1.1428571428571428,-4.0,0.499213671482579,0.6241428571428571,7.452857142857143,4.484227614490772,1.5714285714285714,1.7142857142857142,0.9523809523809524,68.71428571428571,0.5714285714285714,0.499213671482579,0.5167292424841428,2020-11-08,2020,0.6136105504068688,0.5255426808454955,LAC,7.0,2.0,0.2857142857142857,11.142857142857142,78,11.428571428571429,80,1.1428571428571428,-0.0979682579053288,-6.5,0.68150690579262,2.2974969474969478,2.3207958707958705,-0.023298923298923198,3.35157342629611,25.571428571428573,179.0,32.0,26.428571428571427,185.0,34.0,AFC West,-1,-0.8571428571428571,-6,0.4444444444444444,0.6567142857142858,8.154285714285715,4.062031742094671,2.142857142857143,0.7142857142857143,0.7023809523809523,43.857142857142854,1.2857142857142858,-3.0,0.46283782743866775,0.6417142857142857,6.838571428571429,4.84150690579262,2.0,0.7142857142857143,0.861111111111111,62.714285714285715,0.8571428571428571,0.46283782743866775,-1.35157342629611,2020,0.3310433156749532,0.28222589911773616,LVR vs. LAC,LAC,26,1363.0310427278264,21.0,LVR,31,1588.1487007488329,14.0,0,-5,1.0,0,102.0,-112.0,1,0
LAC,8.0,2.0,0.25,11.0,88,11.25,90,1.5625,-0.08959319340909822,-4.7875,0.8455493117993118,2.3353098290598293,2.418196386946387,-0.0828865578865578,3.748841583866568,25.625,205.0,37.0,27.0,216.0,39.0,AFC West,-2,-1.375,-11,0.46258503401360546,0.658,8.182500000000001,4.070406806590902,2.125,0.75,0.6979166666666666,44.0,1.25,-3.0,0.46331643234216763,0.6321249999999999,7.07125,5.005549311799312,2.0,0.875,0.8809523809523808,56.125,0.875,0.46331643234216763,-1.748841583866568,2020-11-15,2020,0.3285409963024673,0.2844377475405609,MIA,8.0,5.0,0.625,10.25,82,10.625,85,-1.8749999999999982,-0.4942676767676768,-8.775,0.7763523163043682,2.7599431818181817,2.074084595959596,0.6858585858585858,5.054279173408128,27.75,222.0,38.0,20.125,161.0,26.0,AFC East,4,7.625,61,0.6326530612244898,0.70075,7.255,3.6657323232323233,1.625,1.0,1.0,40.625,1.125,5.0,0.38145881895881895,0.651375,7.1274999999999995,4.936352316304369,1.375,1.25,0.5714285714285714,54.5,1.75,0.38145881895881895,-0.054279173408128045,2020,0.4602704137355048,0.2655716786638069,LAC vs. MIA,MIA,29,1636.0965731093868,10.0,LAC,21,1341.5451442185629,22.0,1,8,-1.0,1,-115.0,104.0,0,0
NYJ,9.0,0.0,0.0,10.222222222222221,92,10.0,90,-30.72222222222222,0.027021086618787906,1.6333333333333337,-0.10318105256970266,1.3863355780022448,3.028865578865579,-1.6425300008633341,1.4685050168387672,13.444444444444445,121.0,25.0,29.77777777777778,268.0,47.0,AFC East,-9,-16.333333333333332,-147,0.4011904761904762,0.586,4.415555555555556,4.187021086618788,0.7777777777777778,0.3333333333333333,0.84375,61.22222222222222,1.1111111111111112,0.0,0.31487087617118575,0.7265555555555555,7.77888888888889,4.056818947430298,1.7777777777777777,1.3333333333333333,0.8645833333333333,67.11111111111111,1.1111111111111112,0.31487087617118575,-1.4685050168387672,2020-11-22,2020,0.22740021084424009,0.37898798050441723,LAC,9.0,2.0,0.2222222222222222,10.88888888888889,98,11.11111111111111,100,-0.32222222222222285,-0.16255027153605667,-3.488888888888888,0.6747938327104994,2.3091642924976257,2.4717301217301215,-0.1625658292324958,4.06640914611755,25.11111111111111,226.0,40.0,27.22222222222222,245.0,45.0,AFC West,-3,-2.111111111111111,-19,0.48288690476190477,0.6543333333333333,7.860000000000001,3.9974497284639434,2.111111111111111,0.7777777777777778,0.6979166666666666,42.55555555555556,1.2222222222222223,-3.0,0.4460248629366277,0.6285555555555555,7.214444444444445,4.834793832710499,2.0,0.8888888888888888,0.8645833333333333,51.55555555555556,0.8888888888888888,0.4460248629366277,-2.06640914611755,2020,0.3144485648019252,0.2966795426941225,NYJ vs. LAC,LAC,34,1326.040727395083,24.0,NYJ,28,1211.1008440797436,28.0,1,6,-10.0,0,-425.0,351.0,0,0
NWE,11.0,5.0,0.45454545454545453,8.636363636363637,95,9.090909090909092,100,-24.209090909090904,0.36340123405639985,-9.945454545454547,0.06614687232475024,2.455050505050505,2.563774104683196,-0.10872359963269052,5.001095299786099,20.818181818181817,229.0,42.0,23.181818181818183,255.0,47.0,AFC East,1,-2.3636363636363638,-26,0.6036507936507937,0.6565454545454545,5.07,4.5234012340564,0.5454545454545454,1.5454545454545454,0.8636363636363636,36.36363636363637,1.5454545454545454,-1.0,0.42349922804468254,0.6826363636363637,7.212727272727273,4.22614687232475,1.4545454545454546,1.0,0.9166666666666666,43.36363636363637,1.4545454545454546,0.42349922804468254,-0.0010952997860993463,2020-12-06,2020,0.44206124153969745,0.4272259281000485,LAC,11.0,3.0,0.2727272727272727,10.818181818181818,119,11.0,121,-1.3181818181818181,-0.5000819237975662,-4.545454545454546,0.6805888934298024,2.3389030161757436,2.500010595465141,-0.1611075792893974,4.929870549789122,25.181818181818183,277.0,48.0,27.272727272727273,300.0,54.0,AFC West,-1,-2.090909090909091,-23,0.45630952380952383,0.6581818181818182,7.651818181818182,3.6599180762024344,2.090909090909091,0.7272727272727273,0.7583333333333333,50.18181818181818,1.1818181818181819,-1.0,0.4365203424026953,0.6288181818181818,7.045454545454546,4.8405888934298025,2.0,1.0,0.8796296296296295,57.90909090909091,1.0909090909090908,0.4365203424026953,-1.929870549789122,2020,0.33259451001537216,0.32741321586129785,NWE vs. LAC,LAC,0,1339.9250205453363,27.0,NWE,45,1495.6667474362202,16.0,0,-45,-2.5,0,-129.0,117.0,0,0
LAC,13.0,4.0,0.3076923076923077,10.692307692307692,139,10.615384615384615,138,-5.953846153846154,-0.3935209966650018,-5.3307692307692305,0.5002836253887237,2.171379475225629,2.663470503855119,-0.4920910286294901,5.524989953175097,22.846153846153847,297.0,52.0,27.846153846153847,362.0,62.0,AFC West,1,-5.0,-65,0.4459145021645021,0.6576153846153846,7.027692307692307,3.7664790033349984,1.9230769230769231,0.6153846153846154,0.7152777777777777,47.84615384615385,1.2307692307692308,-1.0,0.4454317427168106,0.6323076923076923,6.901538461538461,4.660283625388724,2.0,1.0,0.9015151515151515,52.84615384615385,1.1538461538461537,0.4454317427168106,-1.5249899531750968,2020-12-17,2020,0.3302161164553929,0.36201261031390414,LVR,13.0,7.0,0.5384615384615384,9.615384615384615,125,9.461538461538462,123,1.2692307692307703,-0.09441516772667823,-9.284615384615385,0.43969945975825814,2.8797337278106507,3.2195221445221445,-0.3397884167114936,6.258202807412969,26.923076923076923,350.0,65.0,30.076923076923077,391.0,67.0,AFC West,-1,-3.1538461538461537,-41,0.6164351851851851,0.6791538461538462,7.740769230769231,4.065584832273322,1.8461538461538463,1.1538461538461537,0.9551282051282051,48.92307692307692,1.5384615384615385,-5.0,0.4975337633708674,0.626,7.054615384615385,4.599699459758258,1.6923076923076923,1.6153846153846154,0.9393939393939394,60.84615384615385,1.1538461538461537,0.4975337633708674,0.7417971925870308,2020,0.5496718877034813,0.5338964427162796,LAC vs. LVR,LVR,27,1588.1487007488329,14.0,LAC,30,1363.0310427278264,21.0,0,-3,-3.5,0,-174.0,156.0,1,0
LAR,1.0,1.0,1.0,9.0,9,10.0,10,-21.400000000000006,-0.33499999999999996,-9.900000000000006,0.8770370370370371,2.2222222222222223,1.7,0.5222222222222224,0.5951194033859748,20.0,20.0,4.0,17.0,17.0,3.0,NFC West,1,3.0,3,0.5,0.645,7.23,3.825,0.0,2.0,0.6666666666666666,34.0,1.0,-1.0,0.5294117647058824,0.6409999999999999,6.77,5.037037037037037,1.0,1.0,0.5,50.0,0.0,0.5294117647058824,0.4048805966140252,2020-09-20,2020,0.6243913762729001,0.12146417898420755,PHI,1.0,0.0,0.0,14.0,14,14.0,14,-33.599999999999994,-0.8070588235294118,-20.099999999999994,-1.9377777777777778,1.2142857142857142,1.9285714285714286,-0.7142857142857144,0.2504117022687918,17.0,17.0,3.0,27.0,27.0,5.0,NFC East,-1,-10.0,-10,0.5,0.5710000000000001,3.76,3.3529411764705883,2.0,0.0,0.5,20.0,3.0,-3.0,0.35714285714285715,0.5479999999999999,5.77,2.2222222222222223,1.0,2.0,0.6666666666666666,55.0,0.0,0.35714285714285715,-0.2504117022687918,2020,0.1606260637995446,-0.08943275081028276,LAR vs. PHI,PHI,19,1450.0,17.0,LAR,37,1550.0,1.0,0,-18,-2.0,0,-123.0,111.0,0,0
NYG,3.0,0.0,0.0,9.0,27,9.0,27,-33.666666666666664,-0.821111111111111,-0.9666666666666686,-0.30136904761904776,1.3898148148148148,2.9962962962962965,-1.6064814814814816,0.6226409292889239,12.666666666666666,38.0,9.0,26.333333333333332,79.0,15.0,NFC East,-3,-13.666666666666666,-41,0.75,0.5966666666666667,4.433333333333334,3.338888888888889,0.6666666666666666,0.3333333333333333,0.8888888888888888,21.0,2.3333333333333335,-4.0,0.38803418803418804,0.6643333333333333,7.423333333333335,3.8586309523809526,2.0,1.0,0.75,38.0,1.0,0.38803418803418804,-0.6226409292889239,2020-10-04,2020,0.26415100785678625,0.25506649457612524,LAR,3.0,2.0,0.6666666666666666,9.0,27,9.666666666666666,29,9.86666666666666,0.48706196581196587,-9.733333333333334,0.6734690001356668,3.2962962962962963,2.4962962962962965,0.7999999999999998,1.8713643737037071,29.666666666666668,89.0,15.0,23.666666666666668,71.0,12.0,NFC West,-1,6.0,18,0.5,0.7016666666666667,9.523333333333333,4.647061965811965,1.6666666666666667,2.0,0.7222222222222222,29.333333333333332,1.3333333333333333,1.0,0.5709150326797386,0.6576666666666666,6.553333333333332,4.8334690001356675,1.6666666666666667,1.3333333333333333,0.75,45.0,1.6666666666666667,0.5709150326797386,0.12863562629629288,2020,0.5793769678326468,0.29360491397190247,NYG vs. LAR,LAR,17,1535.9935000197115,8.0,NYG,9,1376.135291917265,25.0,1,8,-13.5,0,-890.0,652.0,0,0
LAR,4.0,3.0,0.75,9.0,36,9.75,39,7.599999999999994,-0.04426874303232997,-16.75,0.8251017501017501,2.944444444444444,2.0972222222222223,0.8472222222222221,2.6900241127332523,26.5,106.0,18.0,20.0,80.0,15.0,NFC West,1,6.5,26,0.3333333333333333,0.7215,8.72,4.1157312569676705,1.5,1.75,0.7916666666666666,23.25,1.25,1.0,0.5243401206636501,0.653,5.7075,4.98510175010175,1.25,1.0,0.8333333333333334,38.75,1.5,0.5243401206636501,0.30997588726674774,2020-10-11,2020,0.5387469859083435,0.3182669122371873,WAS,4.0,1.0,0.25,11.75,47,11.5,46,-22.825,-0.3781598594642075,-11.224999999999998,0.12080286168521448,1.6639610389610389,2.5331168831168833,-0.8691558441558441,1.3271287655638415,19.75,79.0,14.0,28.0,112.0,20.0,NFC East,-3,-8.25,-33,0.7222222222222222,0.60075,5.375,3.7818401405357926,1.0,1.5,0.7222222222222222,39.25,2.0,-2.0,0.3433372183372183,0.65075,6.2775,4.280802861685215,1.75,1.5,0.875,49.25,1.5,0.3433372183372183,-0.3271287655638415,2020,0.2735116876707777,0.29052948200393025,LAR vs. WAS,WAS,10,1412.4012706705043,17.0,LAR,30,1564.484851477362,5.0,0,-20,7.0,0,262.0,-305.0,0,0
LAR,5.0,4.0,0.8,9.6,48,10.4,52,8.159999999999997,-0.1302721372830069,-20.48,0.37093854293854295,2.855555555555555,1.8316239316239316,1.0239316239316238,3.621124152461047,27.2,136.0,23.0,18.0,90.0,17.0,NFC West,2,9.2,46,0.3125,0.7172,8.942,4.029727862716993,1.6,1.8,0.8333333333333333,30.6,1.2,0.0,0.49947209653092006,0.6424,5.031999999999999,4.530938542938543,1.0,1.0,0.875,39.0,1.2,0.49947209653092006,0.3788758475389531,2020-10-18,2020,0.5154756020558163,0.2863111131083162,SFO,5.0,2.0,0.4,10.2,51,10.0,50,-13.919999999999998,1.1495483536427273,-9.219999999999999,-0.3287759367069711,2.556363636363636,2.203181818181818,0.35318181818181815,2.7150650310758095,24.8,124.0,22.0,22.8,114.0,22.0,NFC West,-2,2.0,10,0.0625,0.6506000000000001,6.276,5.309548353642727,1.4,1.6,0.9375,54.8,1.4,-2.0,0.40829836829836824,0.6532,6.888,3.8312240632930292,1.2,0.8,0.8666666666666666,57.8,1.0,0.40829836829836824,-0.7150650310758095,2020,0.36968066398561644,0.28907427726532875,LAR vs. SFO,SFO,24,1412.0944607143686,16.0,LAR,16,1593.8967256411418,4.0,1,8,2.0,1,112.0,-124.0,1,0
LAR,7.0,5.0,0.7142857142857143,10.0,70,10.285714285714286,72,2.828571428571426,0.24027001251125338,-16.371428571428574,-0.04080814954764537,2.5591630591630588,1.8191253191253192,0.7400377400377399,4.786247394317882,25.142857142857142,176.0,30.0,17.714285714285715,124.0,22.0,NFC West,1,7.428571428571429,52,0.4138888888888889,0.6832857142857144,8.2,4.400270012511254,1.7142857142857142,1.4285714285714286,0.8095238095238094,33.285714285714285,1.1428571428571428,0.0,0.44834087481146306,0.6584285714285715,5.514285714285713,4.119191850452355,1.1428571428571428,0.7142857142857143,0.9166666666666666,43.42857142857143,1.1428571428571428,0.44834087481146306,0.21375260568211818,2020-11-01,2020,0.44165832279686434,0.2712352327877115,MIA,6.0,3.0,0.5,10.166666666666666,61,10.166666666666666,61,-2.1666666666666643,-0.24569023569023574,-13.750000000000002,0.8671277233856317,2.61261655011655,2.002483164983165,0.6101333851333851,3.734348939190572,26.666666666666668,160.0,31.0,18.833333333333332,113.0,18.0,AFC East,2,7.833333333333333,47,0.6,0.7244999999999999,7.286666666666666,3.9143097643097646,1.6666666666666667,1.0,1.0,36.666666666666664,1.1666666666666667,2.0,0.3836117586117586,0.6381666666666667,6.688333333333333,5.0271277233856315,1.1666666666666667,1.3333333333333333,0.6,53.333333333333336,1.5,0.3836117586117586,-0.7343489391905722,2020,0.44599776744560726,0.20978611774472594,LAR vs. MIA,MIA,28,1522.6702448990627,13.0,LAR,17,1587.33159898861,6.0,1,11,3.5,1,157.0,-176.0,0,0
SEA,8.0,6.0,0.75,10.75,86,10.75,86,13.549999999999997,0.7124143503555268,-2.3874999999999993,-0.7138896993036916,3.216773504273504,2.8697649572649575,0.347008547008547,4.610759998940932,34.25,274.0,43.0,30.375,243.0,45.0,NFC West,-1,3.875,31,0.5816326530612245,0.714375,8.91125,4.872414350355527,3.5,1.0,1.0,36.25,1.375,3.0,0.3476419413919414,0.697875,7.72875,3.4461103006963083,2.0,1.375,0.8571428571428571,45.5,1.75,0.3476419413919414,1.3892400010590684,2020-11-15,2020,0.5868275000661918,0.5487148256506659,LAR,8.0,5.0,0.625,10.625,85,10.625,85,-1.9125000000000014,0.25489143336113984,-16.8625,-0.2807071308541897,2.3809343434343435,1.8609654234654234,0.5199689199689199,5.020830798282993,24.125,193.0,33.0,19.0,152.0,24.0,NFC West,-1,5.125,41,0.4261904761904762,0.669625,7.72875,4.41489143336114,1.625,1.375,0.7708333333333333,34.75,1.5,-2.0,0.44376885369532426,0.64425,5.449999999999999,3.8792928691458104,1.125,0.75,0.9166666666666666,41.75,1.25,0.44376885369532426,-0.020830798282992724,2020,0.3872243877303842,0.24632361888412965,SEA vs. LAR,LAR,23,1528.1320527251887,11.0,SEA,16,1597.0714876361142,4.0,1,7,-3.0,1,-146.0,132.0,1,0
LAR,9.0,6.0,0.6666666666666666,10.444444444444445,94,10.555555555555555,95,-2.2777777777777795,0.1704782089646914,-20.11111111111111,-0.14103260116332011,2.4003367003367,1.8319692653025987,0.5683674350341017,5.723509424366829,24.0,216.0,37.0,18.666666666666668,168.0,28.0,NFC West,1,5.333333333333333,48,0.4666666666666667,0.6763333333333333,7.720000000000001,4.330478208964691,1.4444444444444444,1.5555555555555556,0.7962962962962963,36.333333333333336,1.4444444444444444,0.0,0.4611278699513994,0.6387777777777778,5.234444444444445,4.01896739883668,1.0,0.7777777777777778,0.9285714285714286,39.666666666666664,1.4444444444444444,0.4611278699513994,0.27649057563317125,2020-11-23,2020,0.4057093986979047,0.2710429662195658,TAM,10.0,7.0,0.7,10.6,106,10.4,104,-3.3200000000000003,-0.1902632497632498,-11.370000000000001,-0.8419815088197442,2.8414685314685313,2.1864646464646467,0.6550038850038848,6.318825972925439,29.6,296.0,53.0,22.6,226.0,38.0,NFC South,1,7.0,70,0.43042328042328043,0.6553,7.115,3.9697367502367507,2.3,1.0,0.9,51.9,1.2,5.0,0.4148865023865024,0.6839999999999999,5.964,3.3180184911802555,1.7,0.8,0.95,60.4,1.7,0.4148865023865024,0.6811740270745608,2020,0.534058701353728,0.3537352048354166,LAR vs. TAM,TAM,24,1620.8669390367177,4.0,LAR,27,1587.9250479274297,6.0,0,-3,-4.0,0,-195.0,173.0,0,0
SFO,10.0,4.0,0.4,10.2,102,10.0,100,-11.85,0.112829387111868,-7.469999999999999,-0.12359959713217723,2.4515151515151516,2.2948232323232323,0.15669191919191916,5.055016181995501,23.8,238.0,42.0,23.4,234.0,44.0,NFC West,-3,0.4,4,0.4164021164021164,0.6701,6.717999999999999,4.272829387111868,1.4,1.5,0.96875,52.2,1.7,-5.0,0.4180701243201243,0.6511,6.537000000000001,4.036400402867823,1.7,0.7,0.9333333333333333,48.9,1.2,0.4180701243201243,-1.0550161819955006,2020-11-29,2020,0.3683228630943029,0.349579287992198,LAR,10.0,7.0,0.7,10.7,107,10.7,107,-2.0700000000000016,-0.07756961193177773,-21.910000000000004,-0.3095960077136548,2.367995337995338,1.848772338772339,0.5192229992229992,6.292846216019798,24.3,243.0,42.0,19.2,192.0,32.0,NFC West,2,5.1,51,0.49259259259259264,0.6852,7.626,4.0824303880682224,1.6,1.4,0.7833333333333333,39.2,1.5,0.0,0.4683484162895928,0.6291,5.042,3.8504039922863456,1.1,0.8,0.9375,36.4,1.5,0.4683484162895928,0.7071537839802016,2020,0.4202808027356714,0.2903074028853892,SFO vs. LAR,LAR,20,1593.8967256411418,4.0,SFO,23,1412.0944607143686,16.0,0,-3,-5.0,0,-215.0,190.0,1,0
NWE,12.0,6.0,0.5,8.666666666666666,104,9.333333333333334,112,-21.416666666666668,0.30621857307883166,-13.950000000000003,0.10285685518657661,2.6671296296296294,2.350126262626263,0.317003367003367,6.000974564586463,22.833333333333332,274.0,47.0,21.25,255.0,47.0,AFC East,2,1.5833333333333333,19,0.5735668372032008,0.6548333333333334,5.276666666666666,4.466218573078832,0.6666666666666666,1.5833333333333333,0.875,34.583333333333336,1.4166666666666667,1.0,0.42392191142191143,0.6666666666666666,6.765833333333333,4.262856855186577,1.3333333333333333,0.9166666666666666,0.8333333333333333,42.25,1.5,0.42392191142191143,-0.0009745645864631669,2020-12-10,2020,0.4518863745708624,0.38463853829199124,LAR,12.0,8.0,0.6666666666666666,10.916666666666666,131,11.166666666666666,134,-5.475000000000001,-0.06308220349153522,-22.258333333333336,-0.30342235852039773,2.4090437340437343,1.862865837865838,0.5461778961778961,7.38421942881185,25.083333333333332,301.0,50.0,20.25,243.0,40.0,NFC West,1,4.833333333333333,58,0.4889807162534435,0.6876666666666668,7.2475,4.096917796508465,1.4166666666666667,1.5,0.7777777777777777,41.166666666666664,1.6666666666666667,0.0,0.46593137254901956,0.62625,4.9799999999999995,3.856577641479602,1.1666666666666667,0.8333333333333334,0.825,35.416666666666664,1.6666666666666667,0.46593137254901956,0.6157805711881501,2020,0.40126528534313455,0.2889497654524415,NWE vs. LAR,LAR,24,1604.791977014091,7.0,NWE,3,1524.64333397162,14.0,1,21,-5.0,1,-228.0,201.0,0,0
NYJ,13.0,0.0,0.0,10.307692307692308,134,10.076923076923077,131,-29.992307692307694,0.034201692664079145,3.584615384615385,-0.3523008864930289,1.41501554001554,3.0367670790747714,-1.6217515390592314,2.3086209807545783,14.076923076923077,183.0,35.0,30.23076923076923,393.0,68.0,AFC East,-13,-16.153846153846153,-210,0.436988936988937,0.578,4.677692307692308,4.1942016926640795,0.8461538461538461,0.5384615384615384,0.75,61.76923076923077,1.3076923076923077,-1.0,0.33908011228801893,0.7143076923076923,7.857692307692308,3.8076991135069713,2.1538461538461537,1.0769230769230769,0.9097222222222222,58.30769230769231,1.2307692307692308,0.33908011228801893,-2.3086209807545783,2020-12-20,2020,0.21480956697680237,0.38697226853123234,LAR,13.0,9.0,0.6923076923076923,10.846153846153847,141,11.153846153846153,145,-7.046153846153848,0.01920617113601878,-23.99230769230769,-0.31626254844853696,2.408348062194216,1.740547486701333,0.6678005754928831,8.377032485638843,25.0,325.0,53.0,18.923076923076923,246.0,41.0,NFC West,2,6.076923076923077,79,0.4898989898989899,0.6839999999999999,7.019230769230769,4.179206171136019,1.3846153846153846,1.4615384615384615,0.7948717948717948,40.69230769230769,1.6153846153846154,0.0,0.446574014221073,0.6249230769230769,4.8246153846153845,3.843737451551463,1.0769230769230769,0.7692307692307693,0.8409090909090909,34.76923076923077,1.6153846153846154,0.446574014221073,0.6229675143611573,2020,0.39389922436505254,0.27455791410546815,NYJ vs. LAR,LAR,20,1643.4580007485524,6.0,NYJ,23,1147.2206070524596,32.0,0,-3,-17.5,0,-1601.0,957.0,0,0
LAR,14.0,9.0,0.6428571428571429,10.857142857142858,152,11.071428571428571,155,-7.507142857142859,0.1492628731977317,-22.400000000000002,-0.3765295092736415,2.366193330479045,1.7805083805083803,0.5856849499706642,8.794972449202481,24.642857142857142,345.0,57.0,19.214285714285715,269.0,46.0,NFC West,-1,5.428571428571429,76,0.4522144522144522,0.6813571428571429,6.904285714285714,4.309262873197732,1.4285714285714286,1.3571428571428572,0.8095238095238094,40.857142857142854,1.5714285714285714,-1.0,0.42766288333515223,0.631,4.977857142857142,3.7834704907263585,1.0714285714285714,0.7857142857142857,0.8541666666666666,36.642857142857146,1.5,0.42766288333515223,0.205027550797519,2020-12-27,2020,0.3804918093963622,0.2799222430122976,SEA,14.0,10.0,0.7142857142857143,10.357142857142858,145,10.428571428571429,146,3.764285714285713,0.7551370541449154,-10.678571428571429,-0.39430330399323194,2.8613164613164614,2.350056887556888,0.5112595737595738,8.210627561551474,29.5,413.0,70.0,24.214285714285715,339.0,62.0,NFC West,2,5.285714285714286,74,0.4990976971746202,0.7083571428571428,7.6499999999999995,4.915137054144915,2.642857142857143,0.9285714285714286,1.0,42.57142857142857,1.2857142857142858,2.0,0.3801698301698302,0.6705714285714286,6.5600000000000005,3.765696696006768,1.5714285714285714,1.2142857142857142,0.8541666666666666,52.357142857142854,1.4285714285714286,0.3801698301698302,1.7893724384485257,2020,0.5444611185671906,0.44860131662612945,LAR vs. SEA,SEA,20,1597.0714876361142,4.0,LAR,9,1528.1320527251887,11.0,1,11,-1.5,1,-127.0,115.0,1,0
LAR,16.0,10.0,0.625,10.75,172,10.8125,173,-11.343750000000002,0.09408202554226808,-21.25625,-0.4354008206144363,2.239169164169164,1.7454448329448329,0.4937243312243311,9.829579289279684,23.25,372.0,63.0,18.5,296.0,51.0,NFC West,1,4.75,76,0.4750937950937951,0.66725,6.5825000000000005,4.254082025542268,1.25,1.1875,0.8333333333333333,40.9375,1.5625,-3.0,0.42881028607615296,0.6351875,5.105625,3.7245991793855637,1.0625,0.75,0.8035714285714286,36.375,1.375,0.42881028607615296,0.1704207107203164,2021-01-09,2020,0.3701804159794258,0.27951280933769374,SEA,16.0,12.0,0.75,10.25,164,10.4375,167,1.7624999999999988,0.6682333483027268,-12.1875,-0.3867467128331585,2.8050407925407925,2.2432315947940946,0.5618091977466978,9.651798755609821,28.6875,459.0,79.0,23.1875,371.0,70.0,NFC West,4,5.5,88,0.5020751470751471,0.6936249999999999,7.463125,4.828233348302727,2.5,0.9375,1.0,41.375,1.125,4.0,0.3828936994378171,0.663875,6.43125,3.773253287166842,1.4375,1.125,0.875,50.1875,1.375,0.3828936994378171,2.3482012443901787,2020,0.5524039246596129,0.45448132002519176,LAR vs. SEA,SEA,20,1597.0714876361142,4.0,LAR,9,1528.1320527251887,11.0,1,11,-1.5,1,-127.0,115.0,1,0
NOR,1.0,1.0,1.0,12.0,12,13.0,13,0.09999999999999432,-1.7482352941176473,-23.400000000000006,-0.8523076923076927,2.8333333333333335,1.7692307692307692,1.0641025641025643,0.7163348336611938,34.0,34.0,5.0,23.0,23.0,4.0,NFC South,1,11.0,11,0.5,0.613,7.39,2.411764705882353,2.0,1.0,1.0,119.0,0.0,3.0,0.3333333333333333,0.639,4.83,3.3076923076923075,2.0,1.0,0.5,103.0,3.0,0.3333333333333333,0.28366516633880623,2020-09-21,2020,0.5348604859745026,0.08728158964270961,LVR,1.0,1.0,1.0,9.0,9,9.0,9,7.5,0.1303225806451609,-2.5,0.13999999999999968,3.7777777777777777,3.3333333333333335,0.4444444444444442,0.5736201125206223,34.0,34.0,6.0,30.0,30.0,6.0,AFC West,1,4.0,4,0.5,0.733,8.63,4.290322580645161,1.0,3.0,1.0,40.0,0.0,0.0,0.5454545454545454,0.647,8.21,4.3,1.0,2.0,1.0,65.0,0.0,0.5454545454545454,0.4263798874793777,2020,0.9509199249862519,0.28425325831958514,NOR vs. LVR,LVR,34,1550.0,1.0,NOR,24,1550.0,1.0,1,10,4.0,1,180.0,-201.0,0,0
LVR,2.0,2.0,1.0,9.0,18,8.5,17,12.950000000000003,-0.3576958525345624,-5.700000000000003,0.9373684210526312,3.7777777777777777,3.166666666666667,0.6111111111111109,1.2690199189823432,34.0,68.0,12.0,27.0,54.0,10.0,AFC West,2,7.0,14,1.0,0.735,8.54,3.8023041474654375,2.0,2.0,1.0,26.5,0.5,0.0,0.5668449197860963,0.6655,7.880000000000001,5.097368421052631,1.0,2.0,1.0,97.0,0.5,0.5668449197860963,0.7309800810176568,2020-09-27,2020,0.9103266936725523,0.5091117885346049,NWE,2.0,1.0,0.5,8.0,16,9.0,18,-4.0,-0.23666666666666658,-13.250000000000007,0.017777777777777892,3.1875,2.4375,0.75,1.2320409502894405,25.5,51.0,7.0,23.0,46.0,7.0,AFC East,-1,2.5,5,1.0,0.7355,7.91,3.923333333333334,0.5,2.5,0.25,29.5,1.0,2.0,0.5416666666666667,0.7085,6.68,4.177777777777778,2.5,0.5,1.0,51.5,2.0,0.5416666666666667,-0.2320409502894405,2020,0.3867410421241849,0.14932537077705324,LVR vs. NWE,NWE,36,1500.0,12.0,LVR,20,1600.0,1.0,1,16,-7.0,1,-311.0,266.0,0,0
TAM,6.0,4.0,0.6666666666666666,10.833333333333334,65,10.666666666666666,64,-4.283333333333334,0.11444863778197119,-18.61666666666667,-1.157840802987862,2.7569930069930066,1.9085858585858586,0.8484071484071483,4.056891712150525,29.5,177.0,30.0,20.333333333333332,122.0,20.0,NFC South,1,9.166666666666666,55,0.41666666666666663,0.6371666666666667,7.0249999999999995,4.274448637781972,2.3333333333333335,1.0,0.8333333333333334,68.33333333333333,1.1666666666666667,4.0,0.416014541014541,0.6685,5.471666666666667,3.0021591970121384,1.1666666666666667,0.8333333333333334,0.9166666666666666,71.33333333333333,1.8333333333333333,0.416014541014541,-0.056891712150524576,2020-10-25,2020,0.45716217598842124,0.25745355665882685,LVR,5.0,3.0,0.6,9.6,48,9.2,46,15.24,0.07705943425438519,-8.320000000000002,0.5197368421052628,3.1858585858585857,3.35,-0.1641414141414142,2.444730232665301,30.2,151.0,28.0,30.4,152.0,26.0,AFC West,1,-0.2,-1,0.875,0.7314,9.084,4.237059434254386,2.2,1.2,0.9333333333333332,43.4,1.4,-4.0,0.5076903488668194,0.6312,7.462000000000001,4.679736842105263,1.4,2.0,1.0,80.4,0.6,0.5076903488668194,0.5552697673346989,2020,0.6481148061890482,0.5149435389160963,TAM vs. LVR,LVR,20,1574.4872479562707,10.0,TAM,45,1587.304834823948,7.0,0,-25,3.5,0,171.0,-192.0,0,0
LVR,11.0,6.0,0.5454545454545454,9.545454545454545,105,9.454545454545455,104,2.9090909090909105,0.056517611694917515,-12.172727272727276,0.10350543363874873,2.8743960584869677,3.0734848484848483,-0.19908878999788093,5.459046545277937,26.545454545454547,292.0,55.0,29.0,319.0,56.0,AFC West,-2,-2.4545454545454546,-27,0.6730555555555555,0.6851818181818182,7.824545454545454,4.2165176116949175,1.7272727272727273,1.1818181818181819,0.9469696969696969,52.90909090909091,1.3636363636363635,-3.0,0.4884273480530165,0.6227272727272727,6.763636363636365,4.263505433638749,1.6363636363636365,1.5454545454545454,0.9333333333333333,63.72727272727273,1.0909090909090908,0.4884273480530165,0.5409534547220627,2020-12-06,2020,0.5495692121296221,0.5159907285528282,NYJ,11.0,0.0,0.0,10.272727272727273,113,10.0,110,-31.809090909090912,-0.026745593161703208,2.3454545454545466,-0.36120407797660986,1.413613406795225,2.9690718372536553,-1.5554584304584305,1.866483906168123,13.818181818181818,152.0,30.0,29.272727272727273,322.0,56.0,AFC East,-11,-15.454545454545455,-170,0.4031746031746032,0.5788181818181818,4.470909090909091,4.133254406838296,0.8181818181818182,0.45454545454545453,0.8055555555555556,64.81818181818181,1.1818181818181819,0.0,0.31992296098685064,0.719,7.775454545454545,3.7987959220233902,1.9090909090909092,1.0909090909090908,0.8916666666666666,63.81818181818182,1.1818181818181819,0.31992296098685064,-1.866483906168123,2020,0.22043884377711695,0.37642719111949174,LVR vs. NYJ,NYJ,28,1167.7230959508383,32.0,LVR,31,1528.575778389246,13.0,0,-3,7.5,1,295.0,-349.0,0,0
MIA,14.0,9.0,0.6428571428571429,10.142857142857142,142,10.428571428571429,146,-6.7714285714285705,-0.34121343234263407,-16.57857142857143,0.41159162272337113,2.5128246753246755,1.8511002886002887,0.6617243867243866,9.095974911530845,25.142857142857142,352.0,64.0,18.357142857142858,257.0,43.0,AFC East,1,6.785714285714286,95,0.5055329286098517,0.6737857142857143,6.756428571428572,3.8187865676573662,1.5,0.9285714285714286,0.8782051282051282,38.5,1.1428571428571428,10.0,0.3925938149152435,0.6425,6.469285714285713,4.57159162272337,1.1428571428571428,1.0,0.625,53.5,1.8571428571428572,0.3925938149152435,-0.09597491153084547,2020-12-26,2020,0.4476144897696307,0.27146432426818673,LVR,14.0,7.0,0.5,9.5,133,9.428571428571429,132,0.10000000000000142,-0.08342035609463326,-7.185714285714288,0.34760270031739726,2.91510989010989,3.227651515151515,-0.3125416250416251,6.696099059656766,26.928571428571427,377.0,70.0,30.071428571428573,421.0,72.0,AFC West,-2,-3.142857142857143,-44,0.5926857330703484,0.6739285714285714,7.731428571428571,4.076579643905367,1.7857142857142858,1.2142857142857142,0.9583333333333333,50.357142857142854,1.5,-6.0,0.48946816488833295,0.6304285714285714,7.322857142857143,4.507602700317397,1.7142857142857142,1.6428571428571428,0.8888888888888888,57.92857142857143,1.0714285714285714,0.48946816488833295,0.303900940343234,2020,0.5377406368550088,0.5183338028705156,MIA vs. LVR,LVR,25,1436.9371125034952,15.0,MIA,26,1611.184946823851,10.0,0,-1,2.0,1,113.0,-125.0,0,0
SEA,3.0,3.0,1.0,11.0,33,11.0,33,33.06666666666666,0.4511111111111112,-5.100000000000004,-1.1555555555555557,3.4076923076923076,2.7521367521367526,0.6555555555555553,1.9382273459084196,37.0,111.0,16.0,28.666666666666668,86.0,15.0,NFC West,3,8.333333333333334,25,0.75,0.7703333333333333,10.833333333333334,4.611111111111112,4.666666666666667,0.3333333333333333,1.0,48.0,0.6666666666666666,4.0,0.38217338217338215,0.672,7.983333333333333,3.0044444444444447,2.0,1.3333333333333333,0.8333333333333334,47.666666666666664,2.0,0.38217338217338215,1.0617726540915804,2020-10-04,2020,0.6564481057117706,0.46390494758963335,MIA,3.0,1.0,0.3333333333333333,9.333333333333334,28,9.333333333333334,28,-8.466666666666669,-0.3081481481481482,6.566666666666663,0.5971753339016767,2.45496632996633,2.341666666666667,0.11329966329966339,1.5045277954198242,23.333333333333332,70.0,12.0,21.666666666666668,65.0,10.0,AFC East,1,1.6666666666666667,5,0.75,0.7423333333333334,6.28,3.8518518518518516,1.3333333333333333,1.3333333333333333,1.0,35.333333333333336,1.0,1.0,0.4395881895881896,0.7296666666666667,8.73,4.757175333901677,1.3333333333333333,1.6666666666666667,0.5,55.0,1.3333333333333333,0.4395881895881896,-0.5045277954198242,2020,0.35649602922573936,0.17803240530716377,SEA vs. MIA,MIA,23,1476.135291917265,17.0,SEA,31,1635.9935000197115,1.0,0,-8,4.5,0,196.0,-223.0,0,0
MIA,4.0,1.0,0.25,9.25,37,9.25,37,-14.8,-0.10065656565656578,7.4999999999999964,0.3501891927339498,2.4801136363636362,2.6173611111111112,-0.13724747474747478,1.8346951177881548,23.25,93.0,18.0,24.0,96.0,15.0,AFC East,-1,-0.75,-3,0.8333333333333334,0.71775,5.9425,4.059343434343434,1.0,1.25,1.0,31.5,1.25,0.0,0.46430652680652684,0.72375,9.032499999999999,4.51018919273395,1.5,1.75,0.6666666666666666,41.25,1.25,0.46430652680652684,-0.8346951177881548,2020-10-11,2020,0.38496951270144064,0.21945657589984918,SFO,4.0,2.0,0.5,10.0,40,9.75,39,-2.6750000000000007,0.7532512315270933,-24.85,-0.08309113300492599,2.809090909090909,1.7767045454545454,1.0323863636363637,2.6152542381938746,26.75,107.0,19.0,17.75,71.0,13.0,NFC West,-1,9.0,36,0.0,0.6990000000000001,7.43,4.913251231527093,1.5,1.75,0.9166666666666666,49.75,1.0,1.0,0.4603729603729604,0.62,5.0200000000000005,4.076908866995074,0.75,0.75,0.8333333333333333,55.0,1.25,0.4603729603729604,-0.6152542381938746,2020,0.40193855921447735,0.19872881348384377,MIA vs. SFO,SFO,17,1464.521415981943,11.0,MIA,43,1447.6439404596144,17.0,0,-26,-8.5,0,-357.0,301.0,0,0
NYJ,5.0,0.0,0.0,10.4,52,10.0,50,-29.28,-0.04412972085385878,-1.0400000000000005,0.05333101594364091,1.4181818181818182,3.232727272727273,-1.814545454545455,0.7932220832477314,15.0,75.0,15.0,32.2,161.0,26.0,AFC East,-5,-17.2,-86,0.25,0.591,4.442,4.115870279146142,0.8,0.4,1.0,73.0,1.0,2.0,0.33990483201009514,0.727,7.618,4.213331015943641,1.6,1.8,0.8333333333333333,66.2,1.4,0.33990483201009514,-0.7932220832477314,2020-10-18,2020,0.24269872596647704,0.3335049033422359,MIA,5.0,2.0,0.4,9.6,48,9.6,48,-1.1799999999999984,-0.3428282828282829,-5.780000000000003,0.8270987226082124,2.765909090909091,2.402979797979798,0.36292929292929293,2.73488432490622,27.2,136.0,27.0,22.6,113.0,18.0,AFC East,1,4.6,23,0.75,0.7314,7.6259999999999994,3.8171717171717168,1.4,1.2,1.0,39.0,1.0,3.0,0.43811188811188806,0.6704,7.558,4.987098722608212,1.4,1.6,0.75,48.0,1.6,0.43811188811188806,-0.7348843249062198,2020,0.47982551344805024,0.24488367563203353,NYJ vs. MIA,MIA,24,1500.0708957271888,16.0,NYJ,0,1286.2114236443915,26.0,1,24,-9.5,1,-410.0,340.0,1,0
MIA,10.0,6.0,0.6,10.2,102,10.5,105,-3.9499999999999984,-0.5511273767082591,-10.99,0.7031884361155949,2.6279545454545454,2.069267676767677,0.5586868686868687,6.0015529314965965,26.4,264.0,47.0,20.2,202.0,33.0,AFC East,-1,6.2,62,0.5568783068783069,0.6811,7.014,3.6088726232917407,1.6,0.9,0.9722222222222222,39.0,1.1,6.0,0.3846313408813409,0.6436,6.9799999999999995,4.863188436115595,1.3,1.3,0.625,53.7,1.7,0.3846313408813409,-0.0015529314965965213,2020-11-29,2020,0.46071275707809795,0.28280833643867836,NYJ,10.0,0.0,0.0,10.2,102,10.0,100,-29.720000000000006,0.008318977956909102,2.960000000000001,-0.3973244857742709,1.5277020202020202,3.0659790209790208,-1.538277000777001,1.8554553154359865,14.9,149.0,29.0,30.2,302.0,52.0,AFC East,-10,-15.3,-153,0.38130511463844796,0.5774,4.611,4.168318977956909,0.9,0.5,0.84375,63.9,1.1,0.0,0.3288383340086126,0.7293999999999999,7.831999999999999,3.7626755142257293,1.9,1.2,0.8796296296296295,68.2,1.1,0.3288383340086126,-1.8554553154359865,2020,0.23156058416897685,0.3715163235973287,MIA vs. NYJ,NYJ,3,1286.2114236443915,26.0,MIA,20,1500.0708957271888,16.0,0,-17,7.5,0,296.0,-350.0,1,0
NWE,13.0,6.0,0.46153846153846156,8.846153846153847,115,9.384615384615385,122,-23.21538461538461,0.24648292687382867,-14.86923076923077,0.17238068683889124,2.482944832944833,2.353962703962704,0.12898212898212902,6.008161507759469,21.307692307692307,277.0,48.0,21.46153846153846,279.0,50.0,AFC East,-1,-0.15384615384615385,-2,0.5813251563251564,0.6513076923076924,5.098461538461539,4.406482926873829,0.6153846153846154,1.4615384615384615,0.8846153846153846,34.0,1.3846153846153846,1.0,0.40906401291016675,0.6646153846153846,6.5746153846153845,4.332380686838891,1.3076923076923077,0.9230769230769231,0.8472222222222222,41.69230769230769,1.4615384615384615,0.40906401291016675,-0.008161507759469444,2020-12-20,2020,0.4171292626271207,0.37805291589661194,MIA,13.0,8.0,0.6153846153846154,10.307692307692308,134,10.615384615384615,138,-5.099999999999999,-0.5053360773213715,-16.56923076923077,0.35416160768810595,2.4945804195804198,1.8781080031080033,0.6164724164724164,8.288056345034624,25.384615384615383,330.0,61.0,18.846153846153847,245.0,39.0,AFC East,-1,6.538461538461538,85,0.5091991341991342,0.6664615384615384,7.016153846153846,3.654663922678629,1.6153846153846154,0.7692307692307693,0.9513888888888888,38.38461538461539,1.1538461538461537,10.0,0.37792154426769814,0.6434615384615385,6.436923076923078,4.514161607688106,1.2307692307692308,1.0769230769230769,0.5909090909090909,56.07692307692308,1.9230769230769231,0.37792154426769814,-0.2880563450346241,2020,0.4451369477341492,0.25460747076011686,NWE vs. MIA,MIA,22,1500.0,1.0,NWE,12,1500.0,1.0,1,10,1.5,1,109.0,-120.0,1,0
TEN,2.0,2.0,1.0,9.5,19,9.0,18,21.000000000000007,-0.4394117647058824,-7.25,0.9532478632478627,2.6333333333333333,2.4444444444444446,0.18888888888888877,1.13469596195106,24.5,49.0,9.0,22.0,44.0,7.0,AFC South,2,2.5,5,1.0,0.712,9.815000000000001,3.7205882352941178,3.0,0.0,0.625,33.5,0.0,3.0,0.5369318181818181,0.667,6.74,5.113247863247863,2.0,1.0,1.0,58.0,1.5,0.5369318181818181,0.8653040380489401,2020-09-27,2020,0.6786246405905384,0.362698007398405,MIN,2.0,0.0,0.0,9.0,18,9.0,18,-35.15,1.1076767676767676,11.700000000000003,0.1962499999999998,2.5,3.9444444444444446,-1.4444444444444444,0.4628140351060304,22.5,45.0,7.0,35.5,71.0,13.0,NFC North,-2,-13.0,-26,0.0,0.5915,4.09,5.267676767676768,1.0,1.5,1.0,32.5,2.0,-3.0,0.3611111111111111,0.7435,8.605,4.35625,2.5,1.0,1.0,78.0,0.5,0.3611111111111111,-0.4628140351060304,2020,0.29889727095160523,0.1939838206561557,TEN vs. MIN,MIN,30,1400.0,22.0,TEN,31,1600.0,1.0,0,-1,3.0,1,139.0,-155.0,0,0
MIN,4.0,1.0,0.25,10.25,41,10.25,41,-12.774999999999999,1.1984595959595958,2.575000000000003,-0.07350395927601794,2.601923076923077,3.1407828282828283,-0.5388597513597514,1.613228514160606,26.5,106.0,17.0,31.25,125.0,26.0,NFC North,1,-4.75,-19,0.3333333333333333,0.62575,7.015000000000001,5.358459595959596,1.5,1.75,0.75,30.25,1.75,-4.0,0.38472222222222224,0.67875,8.592500000000001,4.086496040723982,1.75,1.0,1.0,54.0,0.75,0.38472222222222224,-0.613228514160606,2020-10-11,2020,0.3510677759711567,0.37839060141356246,SEA,4.0,4.0,1.0,10.5,42,10.5,42,27.374999999999996,0.24064102564102563,-12.275000000000002,-0.7362121212121214,3.4168803418803417,2.702991452991453,0.7138888888888888,2.608060023540089,35.5,142.0,21.0,27.25,109.0,21.0,NFC West,4,8.25,33,0.611111111111111,0.75425,10.61,4.4006410256410255,4.0,0.75,1.0,36.0,0.75,5.0,0.38663003663003664,0.665,7.22,3.423787878787879,1.5,1.25,0.875,40.75,2.0,0.38663003663003664,1.391939976459911,2020,0.6739924970574889,0.5489924970574889,MIN vs. SEA,SEA,27,1664.484851477362,1.0,MIN,26,1427.5487556723242,17.0,1,1,-6.5,0,-284.0,245.0,0,0
MIN,12.0,6.0,0.5,10.583333333333334,127,10.166666666666666,122,4.658333333333335,0.5983683966060666,-6.358333333333334,0.2642290977691832,2.5885198135198135,2.7641936766936763,-0.17567386317386324,5.962526838823317,26.583333333333332,319.0,52.0,27.416666666666668,329.0,58.0,NFC North,2,-0.8333333333333334,-10,0.40856618129345407,0.6776666666666666,8.4825,4.758368396606067,2.1666666666666665,1.1666666666666667,0.8333333333333334,43.25,1.75,-4.0,0.4333193426943427,0.6530833333333333,7.0675,4.424229097769183,2.0,0.5833333333333334,0.8666666666666666,47.0,1.4166666666666667,0.4333193426943427,0.03747316117668298,2020-12-13,2020,0.41072743069631723,0.43727694217776475,TAM,12.0,7.0,0.5833333333333334,10.666666666666666,128,10.583333333333334,127,-6.291666666666667,-0.17667236625569968,-7.683333333333334,-0.8783179240164536,2.7345571095571093,2.220130795130795,0.5144263144263143,7.180152389619501,28.666666666666668,344.0,61.0,23.333333333333332,280.0,48.0,NFC South,-2,5.333333333333333,64,0.49458874458874463,0.6461666666666667,6.839166666666667,3.9833276337443007,2.3333333333333335,0.9166666666666666,0.9166666666666666,48.583333333333336,1.3333333333333333,4.0,0.41518319643319646,0.6954166666666667,6.3950000000000005,3.2816820759835466,1.9166666666666667,0.6666666666666666,0.9305555555555555,62.583333333333336,1.6666666666666667,0.41518319643319646,-0.18015238961950075,2020,0.4694080105684964,0.340782601901748,MIN vs. TAM,TAM,26,1540.4961510874296,12.0,MIN,14,1514.526038329996,14.0,1,12,-7.0,1,-317.0,271.0,0,0
MIN,14.0,6.0,0.42857142857142855,10.428571428571429,146,9.928571428571429,139,2.607142857142858,0.6723120579443466,-4.178571428571429,0.2645877876221465,2.5226995226995226,2.8633564847850566,-0.34065696208553353,6.533201276738791,25.714285714285715,360.0,59.0,27.714285714285715,388.0,70.0,NFC North,-2,-2.0,-28,0.42608459916152225,0.6762142857142858,8.141428571428571,4.832312057944347,2.0714285714285716,1.1428571428571428,0.7666666666666667,42.5,1.6428571428571428,-5.0,0.42120012923584355,0.6573571428571429,7.3792857142857144,4.424587787622147,1.9285714285714286,0.7142857142857143,0.8888888888888888,45.285714285714285,1.2857142857142858,0.42120012923584355,-0.533201276738791,2020-12-25,2020,0.3887187498397316,0.4484459972396118,NOR,14.0,10.0,0.7142857142857143,10.642857142857142,149,10.714285714285714,150,0.014285714285713473,0.2943820620831095,-18.114285714285717,-0.6168037758396229,2.7932775557775558,2.1224886224886226,0.6707889332889333,8.985823921667164,28.357142857142858,397.0,67.0,21.214285714285715,297.0,55.0,NFC South,-2,7.142857142857143,100,0.5586238547777009,0.7007142857142857,7.352857142857142,4.45438206208311,1.7857142857142858,1.5714285714285714,0.775,66.85714285714286,1.0714285714285714,6.0,0.4357743796819427,0.5784285714285714,5.340714285714285,3.543196224160377,1.7857142857142858,0.5714285714285714,0.8076923076923077,35.142857142857146,1.5,0.4357743796819427,1.0141760783328362,2020,0.48223863722353794,0.36703794490871716,MIN vs. NOR,NOR,52,1650.3627046591462,5.0,MIN,33,1409.183271264683,17.0,1,19,-6.5,1,-302.0,260.0,0,0
NWE,1.0,1.0,1.0,8.0,8,8.0,8,-2.5999999999999943,1.0066666666666668,-56.7,-0.9377777777777778,2.625,1.375,1.25,0.822372731728972,21.0,21.0,3.0,11.0,11.0,2.0,AFC East,1,10.0,10,0.5,0.789,7.37,5.166666666666667,0.0,3.0,0.0,47.0,1.0,2.0,0.5,0.667,1.57,3.2222222222222223,0.0,1.0,1.0,35.0,3.0,0.5,0.17762726827102804,2020-09-20,2020,0.44161022560163554,0.04440681706775701,SEA,1.0,1.0,1.0,10.0,10,13.0,13,40.400000000000006,0.040000000000000036,-2.700000000000003,-0.7314285714285718,3.8,1.9230769230769231,1.8769230769230767,0.7295505576323126,38.0,38.0,6.0,25.0,25.0,5.0,NFC West,1,13.0,13,0.5,0.8859999999999999,10.83,4.2,4.0,1.0,1.0,46.0,0.0,2.0,0.3333333333333333,0.685,7.94,3.4285714285714284,2.0,1.0,1.0,72.0,2.0,0.3333333333333333,0.2704494423676874,2020,0.7622696654206125,0.1040190162952644,NWE vs. SEA,SEA,35,1550.0,1.0,NWE,30,1550.0,1.0,1,5,-4.0,1,-199.0,177.0,0,0
SFO,6.0,3.0,0.5,10.0,60,10.166666666666666,61,-7.550000000000001,0.8141731775851554,-12.35,0.023914789586296042,2.574747474747475,2.078409090909091,0.49633838383838375,3.438377463251313,24.666666666666668,148.0,26.0,21.666666666666668,130.0,25.0,NFC West,1,3.0,18,0.21000000000000002,0.6583333333333333,6.886666666666667,4.974173177585155,1.6666666666666667,1.3333333333333333,0.95,56.166666666666664,1.1666666666666667,-1.0,0.40435120435120436,0.6276666666666667,6.586666666666667,4.1839147895862965,1.3333333333333333,0.6666666666666666,0.8888888888888888,53.833333333333336,1.0,0.40435120435120436,-0.4383774632513129,2020-10-25,2020,0.40167273876518295,0.31158623884895403,NWE,5.0,2.0,0.4,9.0,45,9.6,48,-27.439999999999998,0.7182656641604008,-13.100000000000005,0.13829538629538646,2.5149999999999997,2.2764141414141412,0.23858585858585854,2.4039086766807523,21.8,109.0,18.0,22.0,110.0,21.0,AFC East,-2,-0.2,-1,0.8125,0.6646000000000001,5.008,4.8782656641604,0.6,1.6,0.7,27.8,2.0,0.0,0.41275058275058274,0.6477999999999999,6.95,4.298295386295386,1.8,0.2,0.9166666666666666,40.2,2.0,0.41275058275058274,-0.40390867668075225,2020,0.3676873058655399,0.31465799079043416,SFO vs. NWE,NWE,6,1461.6606275819508,16.0,SFO,33,1486.1054146183917,13.0,0,-27,-3.0,0,-167.0,150.0,0,0
NWE,7.0,2.0,0.2857142857142857,8.857142857142858,62,9.285714285714286,65,-31.61428571428571,0.7247810511764511,-17.542857142857148,0.38511446511446523,2.236904761904762,2.5783910533910537,-0.34148629148629145,2.8427339567788823,19.428571428571427,136.0,24.0,23.857142857142858,167.0,31.0,AFC East,-4,-4.428571428571429,-31,0.7440476190476191,0.6461428571428571,4.308571428571429,4.884781051176452,0.42857142857142855,1.4285714285714286,0.7857142857142857,29.142857142857142,2.142857142857143,-2.0,0.39005994005994005,0.6642857142857144,6.8185714285714285,4.545114465114465,1.2857142857142858,1.1428571428571428,0.9444444444444443,42.285714285714285,1.8571428571428572,0.39005994005994005,-0.8427339567788823,2020-11-09,2020,0.34049397474033827,0.3513741699777025,NYJ,8.0,0.0,0.0,10.5,84,10.25,82,-38.0375,0.09900983355724752,1.9625000000000004,-0.08083478170189107,1.1377525252525253,2.9387237762237763,-1.800971250971251,1.030608764594971,11.75,94.0,20.0,29.75,238.0,41.0,AFC East,-8,-18.0,-144,0.41768707482993195,0.56925,3.6075,4.259009833557248,0.5,0.375,0.8214285714285714,64.875,1.125,1.0,0.27922973569258397,0.721,7.7725,4.079165218298109,2.0,1.125,0.8452380952380951,65.375,1.25,0.27922973569258397,-1.030608764594971,2020,0.20742235819657823,0.3730869522128143,NWE vs. NYJ,NYJ,27,1241.248430775583,28.0,NWE,30,1387.2199756723196,21.0,0,-3,9.5,1,312.0,-372.0,1,0
NYJ,15.0,2.0,0.13333333333333333,10.4,156,10.333333333333334,155,-26.053333333333335,-0.06816245459309224,-0.05333333333333314,-0.2933274349606251,1.5074579124579124,2.835128205128205,-1.3276702926702926,3.5933596432747774,15.266666666666667,229.0,44.0,28.6,429.0,75.0,AFC East,2,-13.333333333333334,-200,0.4750329036043322,0.5825999999999999,5.048,4.091837545406908,1.0,0.5333333333333333,0.75,61.46666666666667,1.1333333333333333,2.0,0.3472463369676992,0.6974,7.489999999999999,3.866672565039375,2.0,1.0666666666666667,0.8869047619047619,56.8,1.2666666666666666,0.3472463369676992,-1.5933596432747774,2021-01-03,2020,0.25209067337432045,0.40021420505565236,NWE,15.0,6.0,0.4,8.8,132,9.2,138,-24.546666666666667,0.41627510228055054,-12.540000000000001,0.2711252178922209,2.3185521885521885,2.54010101010101,-0.22154882154882152,6.232114308047316,19.866666666666667,298.0,54.0,22.6,339.0,59.0,AFC East,-3,-2.7333333333333334,-41,0.5983571983571984,0.6350666666666667,5.056,4.57627510228055,0.5333333333333333,1.3333333333333333,0.9,32.46666666666667,1.2666666666666666,1.0,0.39155918155918157,0.6772666666666667,6.63,4.4311252178922205,1.4,1.0666666666666667,0.7976190476190476,40.6,1.3333333333333333,0.39155918155918157,-0.2321143080473158,2020,0.4027605188714369,0.3924179979831925,NYJ vs. NWE,NWE,28,1387.2199756723196,21.0,NYJ,14,1241.248430775583,28.0,1,14,-3.0,1,-161.0,145.0,1,0
NOR,7.0,5.0,0.7142857142857143,9.857142857142858,69,10.0,70,5.799999999999999,0.2595072584387654,6.585714285714283,-0.6217659902209594,3.168956043956044,3.0068820068820066,0.1620740370740371,3.712360237597773,29.428571428571427,206.0,37.0,28.142857142857142,197.0,34.0,NFC South,4,1.2857142857142858,9,0.6329365079365079,0.7311428571428571,7.9071428571428575,4.419507258438766,1.8571428571428572,1.2857142857142858,0.9666666666666667,79.0,0.7142857142857143,1.0,0.4975500689786404,0.6674285714285714,7.917142857142857,3.5382340097790412,2.7142857142857144,0.7142857142857143,0.6666666666666666,34.714285714285715,0.8571428571428571,0.4975500689786404,1.287639762402227,2020-11-08,2020,0.6348709548838145,0.5056729631054606,TAM,8.0,6.0,0.75,10.625,85,10.375,83,0.7249999999999996,-0.10728852166352165,-17.587500000000002,-0.9865056022408966,2.942744755244755,1.9967171717171717,0.9460275835275834,5.478485839471556,30.875,247.0,43.0,20.625,165.0,28.0,NFC South,3,10.25,82,0.4037414965986394,0.657,7.46375,4.052711478336478,2.5,1.0,0.875,56.25,1.0,6.0,0.4265942390942391,0.662125,5.640000000000001,3.1734943977591037,1.375,0.75,0.9375,67.0,1.75,0.4265942390942391,0.5215141605284437,2020,0.5388604542687104,0.3171722838777054,NOR vs. TAM,TAM,3,1500.0,1.0,NOR,38,1500.0,1.0,0,-35,-3.0,0,-179.0,160.0,1,0
SFO,9.0,4.0,0.4444444444444444,9.88888888888889,89,9.777777777777779,88,-9.311111111111112,0.3698104301242978,-7.144444444444442,-0.0973328857024191,2.612794612794613,2.299803591470258,0.31299102132435463,4.904710223719622,25.0,225.0,39.0,23.0,207.0,39.0,NFC West,-2,2.0,18,0.37470238095238095,0.6762222222222223,7.003333333333334,4.529810430124297,1.4444444444444444,1.6666666666666667,0.9642857142857143,52.333333333333336,1.4444444444444444,-3.0,0.41591124924458256,0.6557777777777778,6.572222222222223,4.0626671142975805,1.7777777777777777,0.5555555555555556,0.925925925925926,47.55555555555556,1.1111111111111112,0.41591124924458256,-0.9047102237196221,2020-11-15,2020,0.3941526857364978,0.34938926928653374,NOR,8.0,6.0,0.75,9.875,79,10.125,81,9.8625,0.17328506735013594,-2.012500000000003,-0.8640452414433395,3.2478365384615384,2.665112665112665,0.5827238733488733,4.709930084899286,30.5,244.0,43.0,25.0,200.0,35.0,NFC South,5,5.5,44,0.6496598639455782,0.743375,8.21125,4.333285067350136,2.125,1.25,0.9714285714285714,72.625,0.875,2.0,0.5157134532134532,0.6563749999999999,7.095,3.2959547585566606,2.375,0.625,0.7142857142857143,35.25,1.125,0.5157134532134532,1.2900699151007142,2020,0.6320775416919789,0.4477661219576003,SFO vs. NOR,NOR,27,1692.8528502435906,4.0,SFO,13,1447.8140338808016,15.0,1,14,-9.5,1,-387.0,323.0,0,0
NOR,12.0,10.0,0.8333333333333334,10.333333333333334,124,10.583333333333334,127,1.4833333333333332,0.342661425371471,-18.933333333333337,-0.9595366544687199,2.927093045843046,2.0721963221963224,0.8548967236467236,8.122350117569278,28.916666666666668,347.0,60.0,20.083333333333332,241.0,46.0,NFC South,9,8.833333333333334,106,0.5535484717302899,0.7193333333333333,7.426666666666667,4.502661425371471,1.6666666666666667,1.6666666666666667,0.8454545454545456,65.91666666666667,1.0,7.0,0.4661054631642867,0.5815,5.194166666666667,3.2004633455312805,1.75,0.4166666666666667,0.8181818181818182,34.25,1.5833333333333333,0.4661054631642867,1.8776498824307222,2020-12-13,2020,0.5595826565496259,0.3886954688922659,PHI,12.0,3.0,0.25,11.25,135,11.0,132,-30.2,0.9842175768486512,-2.1166666666666667,0.16839572964572944,1.9079115329115328,2.4199411699411697,-0.512029637029637,4.8990707244260285,21.083333333333332,253.0,39.0,25.583333333333332,307.0,55.0,NFC East,-4,-4.5,-54,0.5668372032008395,0.5696666666666667,4.535,5.144217576848651,1.4166666666666667,0.8333333333333334,0.7272727272727273,50.083333333333336,1.8333333333333333,-11.0,0.359690350499174,0.6686666666666666,7.386666666666667,4.32839572964573,1.4166666666666667,1.4166666666666667,0.9083333333333332,64.33333333333333,0.9166666666666666,0.359690350499174,-1.8990707244260285,2020,0.24317051959715114,0.31600448873520737,NOR vs. PHI,PHI,24,1334.7497968928049,25.0,NOR,21,1774.5696328689612,3.0,1,3,7.5,1,284.0,-335.0,0,0
TAM,1.0,12.0,12.0,10.470588235294118,178,10.470588235294118,178,1.3882352941176463,-0.14899062825026332,-9.729411764705885,-0.5937739909934134,2.9875542757895697,2.13993783993784,0.84761643585173,10.993748475130795,30.764705882352942,523.0,93.0,22.235294117647058,378.0,64.0,NFC South,5,8.529411764705882,145,0.45684237637362635,0.6480588235294117,8.003529411764706,4.011009371749736,2.588235294117647,1.0,0.8823529411764706,43.470588235294116,1.0588235294117647,8.0,0.4241629285746933,0.683235294117647,6.171764705882353,3.566226009006587,1.7647058823529411,0.7058823529411765,0.8854166666666666,61.1764705882353,1.5294117647058822,0.4241629285746933,1.0062515248692048,2021-01-17,2020,1.0482100663642475,0.361798301076568,NOR,1.0,13.0,13.0,10.529411764705882,179,10.647058823529411,181,0.2941176470588227,0.3660177205950537,-18.711764705882356,-0.5644011426601302,2.919954065542301,2.0324237853649616,0.887530280177339,11.588806835803037,29.58823529411765,503.0,84.0,20.352941176470587,346.0,63.0,NFC South,3,9.235294117647058,157,0.5327509296259296,0.7038823529411764,7.452941176470588,4.526017720595054,1.7647058823529411,1.8235294117647058,0.7533333333333334,60.294117647058826,1.0588235294117647,8.0,0.454825124894329,0.5822352941176471,5.339411764705882,3.5955988573398696,1.7058823529411764,0.6470588235294118,0.8214285714285714,33.35294117647059,1.5294117647058822,0.454825124894329,1.4111931641969626,2020,1.1315096412991332,0.49118878090833507,TAM vs. NOR,NOR,34,1500.0,1.0,TAM,23,1500.0,1.0,1,11,-4.0,1,-196.0,174.0,1,0
SFO,2.0,1.0,0.5,10.5,21,10.5,21,2.0500000000000043,1.4379310344827583,-16.4,0.13310344827586196,2.459090909090909,1.7409090909090907,0.7181818181818183,1.2805405165766937,25.5,51.0,9.0,18.5,37.0,7.0,NFC West,1,7.0,14,0.0,0.6955,7.475,5.597931034482759,2.0,1.0,1.0,56.0,0.5,0.0,0.3601398601398601,0.653,5.505000000000001,4.293103448275862,1.0,1.0,0.6666666666666666,83.5,0.5,0.3601398601398601,-0.28054051657669365,2020-09-27,2020,0.3684556035907085,0.11990991390388439,NYG,2.0,0.0,0.0,9.5,19,9.5,19,-27.9,-1.3516666666666666,-5.0,0.29937499999999995,1.5222222222222221,2.2444444444444445,-0.7222222222222222,0.5865695542524721,14.5,29.0,6.0,21.5,43.0,8.0,NFC East,-2,-7.0,-14,1.0,0.6295,4.775,2.8083333333333336,1.0,0.5,0.8333333333333333,17.5,2.0,-1.0,0.382051282051282,0.6495,6.315,4.459375,2.5,0.0,0.75,34.5,1.5,0.382051282051282,-0.5865695542524721,2020,0.22317322827592542,0.08703798857842689,SFO vs. NYG,NYG,9,1414.0064999802885,22.0,SFO,36,1500.0,12.0,0,-27,3.0,0,134.0,-149.0,0,0
WAS,5.0,1.0,0.2,12.0,60,11.6,58,-25.34,-0.5916707447142231,-6.899999999999997,0.0017851464910286553,1.485014985014985,2.5264935064935066,-1.0414785214785216,1.396028725836047,17.8,89.0,16.0,28.4,142.0,25.0,NFC East,-4,-10.6,-53,0.7291666666666666,0.6006,4.766,3.5683292552857773,0.8,1.4,0.7916666666666666,39.4,1.6,-1.0,0.30543900543900543,0.6606,6.9879999999999995,4.161785146491029,1.8,1.6,0.9,51.4,1.4,0.30543900543900543,-0.3960287258360471,2020-10-18,2020,0.24554513462207747,0.3106871788072373,NYG,5.0,0.0,0.0,9.2,46,9.2,46,-31.919999999999998,-0.40940740740740733,-1.4200000000000017,-0.4715080852430928,1.7694444444444444,2.9155555555555557,-1.1461111111111113,1.2540479384033467,16.2,81.0,18.0,26.6,133.0,24.0,NFC East,-5,-10.4,-52,0.6041666666666666,0.607,4.572,3.750592592592593,0.4,0.6,0.9333333333333332,32.8,1.8,-3.0,0.40205128205128204,0.7001999999999999,7.2379999999999995,3.688491914756907,1.6,1.2,0.85,28.8,1.2,0.40205128205128204,-1.2540479384033467,2020,0.2931614656901729,0.2865341281666073,WAS vs. NYG,NYG,20,1308.7514252785088,26.0,WAS,19,1382.9893965067247,19.0,1,1,-2.0,0,-128.0,116.0,1,0
NYG,6.0,1.0,0.16666666666666666,8.666666666666666,52,9.0,54,-30.933333333333334,-0.18835232668566002,-2.116666666666667,-0.4890345154803552,2.0300925925925926,2.825462962962963,-0.7953703703703704,1.784401843506842,16.833333333333332,101.0,21.0,25.333333333333332,152.0,28.0,NFC East,1,-8.5,-51,0.5233333333333333,0.6111666666666666,4.538333333333333,3.97164767331434,0.5,0.5,0.9444444444444443,32.333333333333336,1.6666666666666667,-2.0,0.4411033411033411,0.7065,7.008333333333334,3.6709654845196447,1.6666666666666667,1.0,0.8194444444444445,32.333333333333336,1.3333333333333333,0.4411033411033411,-0.7844018435068421,2020-10-22,2020,0.35104987591780873,0.36431095179570494,PHI,6.0,1.0,0.16666666666666666,11.666666666666666,70,11.333333333333334,68,-30.516666666666666,1.2997952428834785,2.2999999999999994,-0.034126049126049184,2.0728937728937726,2.7174075924075924,-0.6445138195138195,2.3548112837579405,23.5,141.0,22.0,29.166666666666668,175.0,31.0,NFC East,-2,-5.666666666666667,-34,0.6933333333333334,0.5906666666666667,4.346666666666667,5.459795242883479,1.3333333333333333,1.1666666666666667,0.5833333333333334,45.333333333333336,2.0,-7.0,0.4481074481074481,0.6819999999999999,7.52,4.1258739508739515,1.8333333333333333,1.6666666666666667,0.9333333333333332,68.66666666666667,0.8333333333333334,0.4481074481074481,-1.3548112837579405,2020,0.24331940894601262,0.27696286814584276,NYG vs. PHI,PHI,22,1384.3467962220352,20.0,NYG,21,1369.275449802461,20.0,1,1,-5.0,0,-223.0,197.0,1,0
TAM,7.0,5.0,0.7142857142857143,10.714285714285714,75,10.428571428571429,73,0.1857142857142853,-0.010472596186881868,-16.542857142857144,-1.1343397358943579,3.0059940059940056,1.9533910533910535,1.0526029526029526,4.9292423843568525,31.714285714285715,222.0,37.0,20.285714285714285,142.0,24.0,NFC South,2,11.428571428571429,80,0.4472222222222222,0.6508571428571429,7.4471428571428575,4.149527403813118,2.5714285714285716,1.1428571428571428,0.8571428571428571,61.42857142857143,1.0,5.0,0.4399172256315113,0.6682857142857143,5.7457142857142856,3.0256602641056425,1.2857142857142858,0.7142857142857143,0.9285714285714286,66.14285714285714,1.7142857142857142,0.4399172256315113,0.07075761564314753,2020-11-02,2020,0.4983200605310409,0.2851236453531028,NYG,7.0,1.0,0.14285714285714285,9.142857142857142,64,9.428571428571429,66,-28.099999999999998,0.28323047323047307,-3.2571428571428567,-0.4859856286534912,1.9900793650793651,2.683730158730159,-0.6936507936507937,2.2568666208564374,17.428571428571427,122.0,24.0,24.857142857142858,174.0,32.0,NFC East,-1,-7.428571428571429,-52,0.46388888888888885,0.6191428571428571,4.651428571428572,4.443230473230473,0.7142857142857143,0.5714285714285714,0.9444444444444443,36.57142857142857,1.8571428571428572,-4.0,0.42094572094572097,0.6885714285714286,7.140000000000001,3.6740143713465088,1.7142857142857142,1.0,0.7738095238095238,38.42857142857143,1.2857142857142858,0.42094572094572097,-1.2568666208564374,2020,0.30766785959697657,0.32852871890171864,TAM vs. NYG,NYG,23,1321.4430314772878,23.0,TAM,25,1635.4610721848117,6.0,0,-2,13.0,1,470.0,-598.0,0,0
NYG,8.0,1.0,0.125,9.25,74,9.5,76,-27.7,0.25386833074333054,-2.2874999999999996,-0.5233624250718047,2.0288194444444443,2.660763888888889,-0.6319444444444445,2.707623165741734,18.125,145.0,28.0,24.875,199.0,38.0,NFC East,-2,-6.75,-54,0.4996598639455782,0.619125,4.6825,4.41386833074333,0.875,0.625,0.9523809523809523,41.125,1.875,-5.0,0.41378205128205126,0.69,7.195,3.636637574928195,1.75,0.875,0.8020833333333334,36.125,1.25,0.41378205128205126,-1.707623165741734,2020-11-08,2020,0.29761241783653963,0.3307735521411416,WAS,7.0,2.0,0.2857142857142857,10.857142857142858,76,10.285714285714286,72,-17.442857142857143,-0.33738386527206427,-17.599999999999998,-0.005977642616298263,1.8464392750107037,2.334400123685838,-0.4879608486751344,2.8591462974711774,19.0,133.0,24.0,23.571428571428573,165.0,29.0,NFC East,1,-4.571428571428571,-32,0.5416666666666666,0.6201428571428572,5.55,3.822616134727936,1.1428571428571428,1.1428571428571428,0.7222222222222222,39.57142857142857,1.4285714285714286,-1.0,0.38007548007548003,0.6335714285714287,5.707142857142857,4.154022357383702,1.4285714285714286,1.1428571428571428,0.9285714285714286,48.0,1.2857142857142858,0.38007548007548003,-0.8591462974711774,2020,0.27703099409904464,0.29580309002646005,NYG vs. WAS,WAS,20,1382.9893965067247,19.0,NYG,23,1308.7514252785088,26.0,0,-3,-3.0,0,-162.0,145.0,1,0
PHI,8.0,3.0,0.375,11.625,93,11.375,91,-29.2625,0.9685002783164551,-4.7124999999999995,0.318496372246372,2.0452006327006327,2.3590784215784217,-0.31387778887778894,3.784704104201559,23.25,186.0,28.0,25.625,205.0,37.0,NFC East,2,-2.375,-19,0.5598639455782313,0.587,4.4875,5.128500278316455,1.5,1.0,0.5714285714285714,46.875,2.125,-7.0,0.42141712454212454,0.6605,6.71875,4.478496372246372,1.625,1.375,0.9027777777777777,67.75,1.25,0.42141712454212454,-0.784704104201559,2020-11-15,2020,0.27154339392789834,0.31588729140733834,NYG,9.0,2.0,0.2222222222222222,9.333333333333334,84,9.666666666666666,87,-25.644444444444446,0.29042264320042077,-4.311111111111111,-0.47064314327370305,2.0589506172839505,2.567143658810325,-0.5081930415263749,3.289683202178097,18.666666666666668,168.0,33.0,24.333333333333332,219.0,42.0,NFC East,1,-5.666666666666667,-51,0.47291666666666665,0.6254444444444444,4.828888888888889,4.4504226432004215,0.8888888888888888,0.6666666666666666,0.9583333333333333,41.0,1.6666666666666667,0.0,0.41225071225071225,0.6960000000000001,7.107777777777778,3.689356856726297,1.6666666666666667,0.8888888888888888,0.8240740740740741,37.111111111111114,1.6666666666666667,0.41225071225071225,-1.289683202178097,2020,0.33656144752397193,0.3599403646341251,PHI vs. NYG,NYG,27,1369.275449802461,20.0,PHI,17,1384.3467962220352,20.0,1,10,4.5,1,194.0,-219.0,1,0
NYG,11.0,4.0,0.36363636363636365,9.545454545454545,105,9.727272727272727,107,-23.154545454545453,0.16992732856369203,-9.4,-0.28241026610404435,2.087075298438935,2.4094811753902663,-0.3224058769513315,4.604793713010574,19.454545454545453,214.0,43.0,23.0,253.0,47.0,NFC East,3,-3.5454545454545454,-39,0.43583333333333335,0.6325454545454545,5.284545454545455,4.329927328563692,0.7272727272727273,0.9090909090909091,0.9666666666666666,44.0,1.4545454545454546,2.0,0.40872460872460875,0.6743636363636364,6.564545454545455,3.8775897338959555,1.4545454545454546,0.9090909090909091,0.856060606060606,39.54545454545455,1.6363636363636365,0.40872460872460875,-0.604793713010574,2020-12-06,2020,0.38700767994852403,0.37516966481606034,SEA,11.0,8.0,0.7272727272727273,10.454545454545455,115,10.454545454545455,115,7.46363636363636,0.564690219791134,-4.763636363636363,-0.5790253194517967,2.9768453768453766,2.686849261849262,0.289996114996115,6.2440381754089875,31.0,341.0,57.0,27.636363636363637,304.0,55.0,NFC West,2,3.3636363636363638,37,0.5663095238095238,0.7128181818181818,8.239090909090908,4.7246902197911345,2.8181818181818183,1.0,1.0,43.18181818181818,1.2727272727272727,2.0,0.3684149184149184,0.688,7.304545454545454,3.5809746805482034,1.8181818181818181,1.3636363636363635,0.8888888888888888,55.18181818181818,1.4545454545454546,0.3684149184149184,1.7559618245910125,2020,0.5747745644282117,0.5111287749822179,NYG vs. SEA,SEA,12,1621.263000341385,4.0,NYG,17,1470.3252648310072,20.0,0,-5,-11.0,0,-514.0,413.0,0,0
SFO,1.0,0.0,0.0,11.0,11,11.0,11,0.9000000000000057,0.7599999999999998,-22.5,0.8399999999999999,1.8181818181818181,2.1818181818181817,-0.36363636363636354,0.3936244838553403,20.0,20.0,4.0,24.0,24.0,4.0,NFC West,-1,-4.0,-4,0.5,0.5760000000000001,8.58,4.92,2.0,0.0,1.0,53.0,0.0,1.0,0.18181818181818182,0.65,4.98,5.0,1.0,2.0,0.3333333333333333,102.0,1.0,0.18181818181818182,-0.3936244838553403,2020-09-20,2020,0.22050018768896715,-0.14313617594739644,NYJ,1.0,0.0,0.0,11.0,11,10.0,10,-26.299999999999997,-0.6933333333333334,4.099999999999994,-1.0975000000000001,1.5454545454545454,2.7,-1.1545454545454548,0.2504117022687918,17.0,17.0,3.0,27.0,27.0,5.0,AFC East,-1,-10.0,-10,0.5,0.6,5.06,3.466666666666667,1.0,1.0,1.0,95.0,2.0,0.0,0.36363636363636365,0.7170000000000001,7.52,3.0625,2.0,1.0,0.5,79.0,2.0,0.36363636363636365,-0.2504117022687918,2020,0.20443317210851134,-0.12520585113439586,SFO vs. NYJ,NYJ,13,1450.0,17.0,SFO,31,1450.0,17.0,0,-18,7.0,0,259.0,-301.0,0,0
NYJ,12.0,0.0,0.0,10.333333333333334,124,10.083333333333334,121,-29.61666666666667,0.13371850038608576,1.883333333333334,-0.43777040481189244,1.5079335016835016,2.956497668997669,-1.4485641673141674,2.306468400595566,15.0,180.0,34.0,29.416666666666668,353.0,61.0,AFC East,-12,-14.416666666666666,-173,0.4161091433818706,0.5813333333333334,4.695833333333334,4.293718500386086,0.9166666666666666,0.5833333333333334,0.8055555555555556,62.75,1.3333333333333333,-1.0,0.33955901053424276,0.7087499999999999,7.8066666666666675,3.7222295951881077,2.0,1.0833333333333333,0.9015151515151515,60.25,1.25,0.33955901053424276,-2.306468400595566,2020-12-13,2020,0.2214919854702626,0.3652241236664397,SEA,12.0,8.0,0.6666666666666666,10.5,126,10.5,126,4.624999999999998,0.591420580263085,-7.158333333333332,-0.3666871879921039,2.81968401968402,2.5917330354830352,0.22795098420098422,6.548638368947266,29.416666666666668,353.0,59.0,26.75,321.0,58.0,NFC West,-1,2.6666666666666665,32,0.5478846910665092,0.70575,7.922499999999999,4.751420580263085,2.6666666666666665,0.9166666666666666,1.0,43.0,1.3333333333333333,1.0,0.36335470085470084,0.6799166666666667,6.98,3.7933128120078963,1.75,1.3333333333333333,0.9,53.5,1.4166666666666667,0.36335470085470084,1.451361631052734,2020,0.5248877885133011,0.4776315969583721,NYJ vs. SEA,SEA,40,1550.8120020272952,7.0,NYJ,3,1156.5901733094947,30.0,1,37,-16.5,1,-1032.0,734.0,0,0
PHI,3.0,0.0,0.0,12.333333333333334,37,11.666666666666666,35,-38.666666666666664,0.10152170269817325,6.933333333333333,-0.8978917378917379,1.6278388278388276,2.6521164021164023,-1.0242775742775743,0.9212702061271103,19.666666666666668,59.0,12.0,29.0,87.0,16.0,NFC East,0,-9.333333333333334,-28,0.5,0.5976666666666667,3.393333333333333,4.2615217026981735,1.0,1.0,0.8333333333333334,47.666666666666664,2.6666666666666665,-7.0,0.47222222222222227,0.6646666666666666,8.093333333333334,3.262108262108262,2.0,1.3333333333333333,0.8888888888888888,50.666666666666664,0.3333333333333333,0.47222222222222227,-0.9212702061271103,2020-10-04,2020,0.22472754528355565,0.16437787335205936,SFO,3.0,2.0,0.6666666666666666,9.666666666666666,29,9.666666666666666,29,3.7333333333333343,0.4576683087027911,-26.0,0.16873563218390805,3.139393939393939,1.5356060606060604,1.6037878787878788,2.2444691415402422,29.0,87.0,16.0,15.333333333333334,46.0,10.0,NFC West,2,13.666666666666666,41,0.0,0.695,8.196666666666667,4.617668308702791,1.6666666666666667,1.6666666666666667,0.9166666666666666,52.333333333333336,0.3333333333333333,3.0,0.46231546231546233,0.6123333333333333,4.920000000000001,4.328735632183908,0.6666666666666666,0.6666666666666666,0.7777777777777777,65.0,1.3333333333333333,0.46231546231546233,-0.24446914154024224,2020,0.5067642958086911,0.20178515614479978,PHI vs. SFO,SFO,20,1537.8712080630237,8.0,PHI,25,1361.991893872262,25.0,0,-5,-8.5,0,-320.0,273.0,0,0
PHI,4.0,1.0,0.25,11.75,47,11.5,46,-34.35,-0.13350158011922708,-0.27500000000000213,-0.2634188034188035,1.8458791208791208,2.443632756132756,-0.5977536352536352,1.5504851094734775,21.0,84.0,15.0,26.75,107.0,19.0,NFC East,2,-5.75,-23,0.5555555555555555,0.609,3.875,4.026498419880773,1.0,1.0,0.875,42.0,2.25,-5.0,0.4310897435897436,0.67625,7.3525,3.8965811965811965,1.75,1.5,0.8888888888888888,48.5,1.0,0.4310897435897436,-0.5504851094734775,2020-10-11,2020,0.2752272519037119,0.252939037608717,PIT,3.0,3.0,1.0,10.333333333333334,31,11.0,33,3.9666666666666637,0.5406379585326953,-14.933333333333337,-1.6988888888888891,2.625925925925926,1.771794871794872,0.8541310541310541,2.04768038790668,26.666666666666668,80.0,14.0,19.333333333333332,58.0,10.0,AFC North,3,7.333333333333333,22,0.0,0.6673333333333332,7.59,4.700637958532695,2.3333333333333335,0.6666666666666666,1.0,41.333333333333336,1.0,2.0,0.3814814814814815,0.6083333333333334,6.306666666666666,2.461111111111111,2.0,0.3333333333333333,0.8333333333333333,34.666666666666664,1.6666666666666667,0.3814814814814815,0.9523196120933202,2020,0.5949728448312526,0.2982141022316485,PHI vs. PIT,PIT,38,1613.0839817871451,1.0,PHI,29,1435.3416859533424,17.0,1,9,-7.5,1,-372.0,312.0,0,0
SEA,10.0,7.0,0.7,10.5,105,10.3,103,7.9899999999999975,0.7838259084369141,-2.3299999999999996,-0.7209278513969763,3.0445299145299147,2.8138675213675213,0.23066239316239318,5.572223145620317,31.8,318.0,52.0,28.7,287.0,52.0,NFC West,1,3.1,31,0.5958994708994709,0.7131000000000001,8.273,4.9438259084369145,3.0,1.0,1.0,39.2,1.4,1.0,0.3852564102564103,0.7003,7.654999999999999,3.4390721486030236,1.8,1.5,0.875,52.8,1.5,0.3852564102564103,1.4277768543796832,2020-11-30,2020,0.5659470442168986,0.5264508703181976,PHI,10.0,3.0,0.3,11.5,115,11.3,113,-29.110000000000003,1.0450610922183814,-5.569999999999999,0.18474154224154202,1.9478271728271728,2.3405960705960704,-0.3927688977688978,4.38693438470309,22.0,220.0,34.0,25.4,254.0,45.0,NFC East,-2,-3.4,-34,0.5342151675485008,0.5864,4.558,5.205061092218382,1.4,1.0,0.6666666666666666,48.2,2.0,-9.0,0.3538003663003663,0.6578999999999999,7.05,4.344741542241541,1.3,1.5,0.8854166666666666,65.9,1.1,0.3538003663003663,-1.38693438470309,2020,0.2546471573218217,0.3031751793702309,SEA vs. PHI,PHI,17,1379.6167061820374,20.0,SEA,23,1599.238604560916,4.0,0,-6,6.5,1,237.0,-274.0,0,0
WAS,15.0,6.0,0.4,10.933333333333334,164,10.8,162,-21.57333333333333,-0.18008975908154828,-16.846666666666668,-0.04444361620832226,2.015919265919266,2.0284361934361934,-0.012516927516927574,7.4930711368734695,21.0,315.0,57.0,21.0,315.0,57.0,NFC East,-2,0.0,0,0.47620791906506194,0.6389333333333334,5.223333333333333,3.9799102409184517,0.9333333333333333,1.2,0.8154761904761905,42.733333333333334,1.6666666666666667,-5.0,0.3892363301186831,0.643,5.566000000000001,4.115556383791678,1.4,0.8,0.9102564102564104,44.46666666666667,1.3333333333333333,0.3892363301186831,-1.4930711368734695,2021-01-03,2020,0.31296542487732204,0.29337240543136306,PHI,15.0,4.0,0.26666666666666666,11.266666666666667,169,11.2,168,-27.38,1.0270215710574648,2.3200000000000003,0.14768390397802147,1.9238039738039738,2.4415084915084915,-0.5177045177045178,5.97659577826138,21.333333333333332,320.0,50.0,26.533333333333335,398.0,70.0,NFC East,-2,-5.2,-78,0.5688676402962117,0.5657333333333334,5.034000000000001,5.187021571057466,1.4666666666666666,0.9333333333333333,0.7307692307692307,54.13333333333333,1.7333333333333334,-9.0,0.3579383035265388,0.6834,7.987333333333334,4.307683903978021,1.6666666666666667,1.3333333333333333,0.8525641025641024,65.33333333333333,1.1333333333333333,0.3579383035265388,-1.9765957782613803,2020,0.2568718781408012,0.33398345060385054,WAS vs. PHI,PHI,14,1500.0,1.0,WAS,20,1500.0,1.0,0,-6,6.5,1,245.0,-283.0,1,0
PIT,5.0,5.0,1.0,10.0,50,11.0,55,6.8,0.20768007241691439,-24.060000000000002,-0.8265151515151518,3.1799999999999997,1.7597435897435898,1.4202564102564101,3.684743604402088,31.2,156.0,25.0,18.8,94.0,15.0,AFC North,5,12.4,62,0.2625,0.6896,7.726000000000001,4.367680072416915,2.2,1.4,1.0,51.0,0.8,5.0,0.446984126984127,0.5888,5.386,3.3334848484848485,1.8,0.6,0.5555555555555555,48.6,1.8,0.446984126984127,1.315256395597912,2020-10-25,2020,0.6315256395597912,0.2899230761235224,TEN,5.0,5.0,1.0,10.2,51,9.8,49,13.840000000000007,0.8822657952069715,-2.1,0.8001139601139599,3.266969696969697,2.5593162393162396,0.7076534576534578,3.1522608196002952,32.8,164.0,29.0,25.2,126.0,21.0,AFC South,5,7.6,38,0.55,0.7056,9.028,5.042265795206971,2.6,1.4,0.5625,46.2,0.6,6.0,0.5009265734265734,0.6588,7.32,4.96011396011396,2.6,0.8,0.875,47.6,1.8,0.5009265734265734,1.8477391803997048,2020,0.7787624950258487,0.5012347868914032,PIT vs. TEN,TEN,24,1696.753896451414,1.0,PIT,27,1689.4697703727006,1.0,0,-3,-1.0,0,-114.0,103.0,0,0
WAS,11.0,4.0,0.36363636363636365,10.545454545454545,116,10.545454545454545,116,-17.045454545454547,-0.1444012777632869,-14.318181818181818,0.025748715160479666,2.192454010635829,2.162514001150365,0.02994000948546399,5.486941446539588,21.90909090909091,241.0,43.0,22.09090909090909,243.0,46.0,NFC East,2,-0.18181818181818182,-2,0.4272222222222222,0.6542727272727272,5.67,4.015598722236714,1.0,1.4545454545454546,0.7666666666666666,43.81818181818182,1.6363636363636365,-5.0,0.3953044430317158,0.6472727272727273,5.864545454545455,4.1857487151604795,1.4545454545454546,0.8181818181818182,0.893939393939394,46.09090909090909,1.1818181818181819,0.3953044430317158,-1.4869414465395883,2020-12-07,2020,0.32058112680156564,0.3068970951874443,PIT,11.0,11.0,1.0,10.727272727272727,118,11.272727272727273,124,-0.6727272727272733,-0.461828923312177,-30.881818181818186,0.025128083603717603,2.73913813459268,1.5759755396119033,1.163162594980777,8.101551541884726,28.818181818181817,317.0,53.0,17.09090909090909,188.0,33.0,AFC North,11,11.727272727272727,129,0.4094444444444445,0.6759090909090909,6.948181818181819,3.6981710766878226,2.272727272727273,0.9090909090909091,0.9666666666666666,45.18181818181818,1.0,12.0,0.44458433723139607,0.5453636363636364,4.787272727272727,4.185128083603718,1.4545454545454546,0.5454545454545454,0.7708333333333333,68.36363636363636,2.090909090909091,0.44458433723139607,2.898448458115274,2020,0.5675021327273572,0.3120592368898856,WAS vs. PIT,PIT,17,1812.5900740220795,1.0,WAS,23,1409.096106495855,20.0,0,-6,-5.5,0,-265.0,231.0,0,0
SFO,7.0,4.0,0.5714285714285714,9.857142857142858,69,9.857142857142858,69,-9.571428571428571,0.8641947699764653,-19.585714285714285,0.03660228717786408,2.7307359307359307,1.8886363636363637,0.8420995670995671,4.4210886053010094,25.857142857142858,181.0,32.0,19.428571428571427,136.0,27.0,NFC West,2,6.428571428571429,45,0.2416666666666667,0.6785714285714286,6.931428571428571,5.024194769976465,1.4285714285714286,1.7142857142857142,0.9583333333333334,57.42857142857143,1.2857142857142858,1.0,0.42595182595182596,0.6237142857142857,5.457142857142857,4.196602287177864,1.1428571428571428,0.5714285714285714,0.9047619047619048,50.42857142857143,1.4285714285714286,0.42595182595182596,-0.42108860530100944,2020-11-01,2020,0.43586990606701387,0.31186461212603056,SEA,6.0,5.0,0.8333333333333334,10.666666666666666,64,10.833333333333334,65,14.949999999999996,1.1765384615384615,-8.65,-0.2573712737127373,3.2001424501424505,2.7096866096866097,0.4904558404558405,3.580473019882202,33.833333333333336,203.0,31.0,28.666666666666668,172.0,33.0,NFC West,-1,5.166666666666667,31,0.55,0.717,9.131666666666666,5.336538461538463,3.6666666666666665,0.8333333333333334,1.0,41.166666666666664,1.1666666666666667,5.0,0.3218559218559219,0.6766666666666667,7.153333333333333,3.9026287262872628,1.8333333333333333,1.1666666666666667,0.875,43.0,2.0,0.3218559218559219,1.4195269801177979,2020,0.5989722301657597,0.543190744471506,SFO vs. SEA,SEA,37,1615.350819968349,3.0,SFO,27,1532.593320272793,13.0,1,10,-1.0,1,-110.0,-100.0,1,0
SEA,13.0,9.0,0.6923076923076923,10.461538461538462,136,10.461538461538462,136,6.115384615384613,0.5977215612684886,-9.26153846153846,-0.4277112504542498,2.910477556631403,2.415445878907417,0.49503167772398543,7.546485788788254,30.23076923076923,393.0,66.0,24.923076923076923,324.0,59.0,NFC West,1,5.3076923076923075,69,0.5022276334776334,0.7115384615384616,7.964615384615385,4.757721561268489,2.769230769230769,0.9230769230769231,1.0,42.38461538461539,1.3076923076923077,1.0,0.37736238120853505,0.6689999999999999,6.786153846153846,3.7322887495457504,1.6153846153846154,1.2307692307692308,0.8409090909090909,53.23076923076923,1.3846153846153846,0.37736238120853505,1.453514211211746,2020-12-20,2020,0.53955426354071,0.4489577706230164,WAS,13.0,6.0,0.46153846153846156,10.923076923076923,142,11.0,143,-19.746153846153845,-0.328119762503001,-15.876923076923076,-0.19513570255651722,2.127342742727358,2.01571697533236,0.1116257673949981,6.89237158929724,22.076923076923077,287.0,51.0,21.153846153846153,275.0,51.0,NFC East,4,0.9230769230769231,12,0.4740740740740741,0.6415384615384615,5.407692307692307,3.831880237496999,0.9230769230769231,1.3076923076923077,0.7847222222222222,44.15384615384615,1.4615384615384615,-2.0,0.36797253776891786,0.6383846153846153,5.758461538461538,3.964864297443483,1.4615384615384615,0.7692307692307693,0.9027777777777778,45.15384615384615,1.3076923076923077,0.36797253776891786,-0.8923715892972401,2020,0.3345011099381586,0.3047278369800112,SEA vs. WAS,WAS,15,1546.0488268933498,16.0,SEA,20,1560.1815682843303,6.0,0,-5,6.0,1,219.0,-251.0,0,0
SEA,15.0,11.0,0.7333333333333333,10.266666666666667,154,10.4,156,2.859999999999999,0.6913501394241431,-12.646666666666667,-0.3740853825775912,2.8187101787101785,2.2533864283864284,0.5653237503237504,9.079663694140075,28.866666666666667,433.0,74.0,23.2,348.0,65.0,NFC West,3,5.666666666666667,85,0.5093662290090861,0.7028,7.592,4.851350139424143,2.533333333333333,0.9333333333333333,1.0,41.8,1.2,3.0,0.3861977238447827,0.6630666666666667,6.388000000000001,3.7859146174224088,1.4666666666666666,1.1333333333333333,0.8653846153846154,51.86666666666667,1.4,0.3861977238447827,1.9203363058599248,2021-01-03,2020,0.5420367474604478,0.44223156405166464,SFO,15.0,6.0,0.4,11.066666666666666,166,10.666666666666666,160,-11.32,0.23672031290863343,-12.319999999999999,-0.1758004048221249,2.2593650793650797,2.277904502904503,-0.018539423539423543,7.352629018192923,23.533333333333335,353.0,61.0,24.266666666666666,364.0,65.0,NFC West,1,-0.7333333333333333,-11,0.46219138004852295,0.6537333333333334,6.769333333333333,4.396720312908633,1.6,1.2,0.875,47.06666666666667,2.0,-10.0,0.3886220261220261,0.6400666666666666,6.132000000000001,3.9841995951778753,1.5333333333333334,0.7333333333333333,0.9166666666666666,44.93333333333333,1.3333333333333333,0.3886220261220261,-1.352629018192923,2020,0.33433318469487217,0.34253296409060835,SEA vs. SFO,SFO,23,1532.593320272793,13.0,SEA,26,1615.350819968349,3.0,0,-3,7.0,1,266.0,-310.0,1,0
WAS,12.0,5.0,0.4166666666666667,10.75,129,10.666666666666666,128,-16.441666666666666,-0.3004630760449178,-14.566666666666665,-0.19806367776956033,2.1571854071854073,2.100360056610057,0.05682535057535052,6.158756476328259,22.0,264.0,48.0,21.666666666666668,260.0,49.0,NFC East,3,0.3333333333333333,4,0.47929292929292927,0.6559166666666667,5.728333333333333,3.859536923955082,1.0,1.4166666666666667,0.7878787878787878,45.333333333333336,1.5,-4.0,0.381970249249661,0.64525,5.8475,3.96193632223044,1.5,0.75,0.9027777777777778,46.0,1.1666666666666667,0.381970249249661,-1.158756476328259,2020-12-13,2020,0.33616258988129427,0.3139459197004657,SFO,12.0,5.0,0.4166666666666667,10.5,126,10.25,123,-12.308333333333335,0.024789280024680727,-7.141666666666665,-0.17133299761014772,2.392929292929293,2.3462151274651273,0.04671416546416544,5.9416764119701435,23.75,285.0,50.0,24.0,288.0,53.0,NFC West,-1,-0.25,-3,0.4704447068083432,0.6711666666666667,6.656666666666666,4.184789280024681,1.4166666666666667,1.3333333333333333,0.95,50.416666666666664,1.8333333333333333,-5.0,0.4117034585784585,0.6603333333333333,6.628333333333334,3.9886670023898527,1.75,0.6666666666666666,0.9444444444444445,47.166666666666664,1.4166666666666667,0.4117034585784585,-0.9416764119701435,2020,0.3656853038369661,0.36117286596584175,WAS vs. SFO,SFO,15,1471.4676955745667,17.0,WAS,23,1500.1700576403266,17.0,0,-8,-3.0,0,-149.0,134.0,0,0
TAM,16.0,11.0,0.6875,10.4375,167,10.4375,167,1.3124999999999996,-0.20433702527452544,-8.887500000000001,-0.6045805176044148,2.9981400543900545,2.143002136752137,0.8551379176379176,10.323915797499126,30.75,492.0,86.0,22.1875,355.0,60.0,NFC South,4,8.5625,137,0.4581318681318681,0.6541875,7.870625,3.955662974725475,2.625,1.0,0.875,44.6875,1.0625,8.0,0.42388739732489733,0.6890000000000001,6.1825,3.5554194823955854,1.8125,0.625,0.8777777777777778,63.4375,1.5625,0.42388739732489733,0.6760842025008742,2021-01-09,2020,0.5367302550206119,0.35200787879867235,WAS,16.0,7.0,0.4375,11.0,176,10.8125,173,-21.912499999999998,-0.19040822321302558,-20.65625,-0.04735554536771594,1.9940909784659784,1.981204385891886,0.012886592574092526,8.192655541496247,20.9375,335.0,61.0,20.5625,329.0,59.0,NFC East,1,0.375,6,0.46223850223850227,0.642,5.0825,3.9695917767869746,1.0,1.125,0.8277777777777777,43.5625,1.6875,-4.0,0.38990905948626536,0.6274375,5.233125,4.112644454632284,1.3125,0.875,0.9102564102564104,44.25,1.4375,0.38990905948626536,-1.1926555414962472,2020,0.3207556860684407,0.2943039461892057,TAM vs. WAS,WAS,23,1463.1986552606247,17.0,TAM,31,1653.9742338725284,7.0,0,-8,10.0,1,373.0,-456.0,0,1
