Aw_Tm,Aw_G,Aw_W,Aw_Wpct,Aw_Poss,Aw_TotPoss,Aw_OppPoss,Aw_TotOppPoss,Aw_PassOffEff,Aw_RushOffEff,Aw_PassDefEff,Aw_RushDefEff,Aw_TmOffEff,Aw_TmDefEff,Aw_TmEff,Aw_TmLuckW,Aw_Pts,Aw_TotPts,Aw_TotScorePlays,Aw_OppPts,Aw_TotOppPts,Aw_TotOppScorePlays,Aw_TmDiv,Aw_WStreak,Aw_AvgMoV,Aw_TotPtDiff,Aw_OppSOS,Aw_PassCmppct,Aw_PassAdjYdsAtt,Aw_RushYdsAtt,Aw_PassTDG,Aw_RushTDG,Aw_FGpct,Aw_PenYdsG,Aw_TOVG,Aw_TO,Aw_Dwn3Conv,Aw_OppPassCmppct,Aw_OppPassAdjYdsAtt,Aw_OppRushYdsAtt,Aw_OppPassTDG,Aw_OppRushTDG,Aw_OppFGpct,Aw_OppPenYdsG,Aw_OppTOVG,Aw_OppDwn3Conv,Aw_TmLuck,Game Date,Aw_Season,Aw_OffEffAdj,Aw_DefEffAdj,Hm_Tm,Hm_G,Hm_W,Hm_Wpct,Hm_Poss,Hm_TotPoss,Hm_OppPoss,Hm_TotOppPoss,Hm_PassOffEff,Hm_RushOffEff,Hm_PassDefEff,Hm_RushDefEff,Hm_TmOffEff,Hm_TmDefEff,Hm_TmEff,Hm_TmLuckW,Hm_Pts,Hm_TotPts,Hm_TotScorePlays,Hm_OppPts,Hm_TotOppPts,Hm_TotOppScorePlays,Hm_TmDiv,Hm_WStreak,Hm_AvgMoV,Hm_TotPtDiff,Hm_OppSOS,Hm_PassCmppct,Hm_PassAdjYdsAtt,Hm_RushYdsAtt,Hm_PassTDG,Hm_RushTDG,Hm_FGpct,Hm_PenYdsG,Hm_TOVG,Hm_TO,Hm_Dwn3Conv,Hm_OppPassCmppct,Hm_OppPassAdjYdsAtt,Hm_OppRushYdsAtt,Hm_OppPassTDG,Hm_OppRushTDG,Hm_OppFGpct,Hm_OppPenYdsG,Hm_OppTOVG,Hm_OppDwn3Conv,Hm_TmLuck,Hm_Season,Hm_OffEffAdj,Hm_DefEffAdj,Matchup,Home Team,Home Elo,Home Lg Rank,Away Team,Away Elo,Away Lg Rank,Home W,Home Pt Diff,Home Spread,Home Spread W,Home Moneyline,Away Moneyline,Divisional Game,Playoff Game
ARI,1.0,0.0,0.0,9.0,9,10.0,10,-8.099999999999994,0.45479612299465266,44.19999999999999,0.5137186819172115,2.3333333333333335,4.4,-2.066666666666667,0.1476677931614211,21.0,21.0,3.0,44.0,44.0,7.0,NFC West,-1,-23.0,-23,0.5,0.632,5.76,4.681818181818182,2.0,1.0,,49.0,0.0,1.0,0.25,0.769,11.79,4.7407407407407405,5.0,1.0,1.0,25.0,1.0,0.25,-0.1476677931614211,2022-09-18,2022,0.2841107356128596,-0.10336745521299484,LVR,1.0,0.0,0.0,10.0,10,10.0,10,-35.3,0.6960548642533944,29.400000000000006,-1.7754091555977225,1.9,2.4,-0.5,0.3650140104518531,19.0,19.0,4.0,24.0,24.0,4.0,AFC West,-1,-5.0,-5,0.5,0.595,4.35,4.923076923076923,2.0,0.0,1.0,11.0,3.0,-3.0,0.45454545454545453,0.765,9.97,2.4516129032258065,3.0,0.0,0.5,21.0,0.0,0.45454545454545453,-0.3650140104518531,2022,0.25399439581925876,-0.14600560418074124,ARI vs. LVR,LVR,1450.0,16.0,ARI,1450.0,16.0,0,-6,-5.5,0,-223.0,197.0,0,0
LAR,2.0,1.0,0.5,9.5,19,9.0,18,-20.599999999999998,-1.5325776143790846,-5.550000000000004,-0.14035539215686255,2.2222222222222223,3.2222222222222223,-1.0,0.6452090733166238,20.5,41.0,7.0,29.0,58.0,8.0,NFC West,1,-8.5,-17,0.0,0.7285,4.285,2.6944444444444446,2.0,0.5,1.0,45.5,3.0,1.0,0.5307692307692308,0.7465,6.55,4.086666666666666,2.5,0.5,0.75,32.0,3.5,0.5307692307692308,0.3547909266833762,2022-09-25,2022,0.4337772759679903,0.3010646503740836,ARI,2.0,1.0,0.5,9.0,18,9.5,19,-16.0,0.6674584606569902,21.449999999999996,0.04811021630874568,2.7777777777777777,3.477777777777778,-0.7,0.781657166474159,25.0,50.0,6.0,33.5,67.0,12.0,NFC West,1,-8.5,-17,0.0,0.6325000000000001,5.38,4.894480519480519,1.5,1.5,,84.5,0.5,1.0,0.2403846153846154,0.705,9.535,4.2751322751322745,3.5,0.5,1.0,46.5,1.0,0.2403846153846154,0.21834283352584105,2022,0.3697238055876402,0.38473984216605506,LAR vs. ARI,ARI,1500.0,7.0,LAR,1500.0,7.0,0,-8,3.5,0,153.0,-171.0,1,0
ARI,3.0,1.0,0.3333333333333333,9.0,27,9.0,27,-18.53333333333333,0.14707606527459482,14.933333333333332,0.2897327912646541,2.2962962962962963,3.151851851851852,-0.8555555555555555,1.0112420375447193,20.666666666666668,62.0,10.0,29.0,87.0,16.0,NFC West,-1,-8.333333333333334,-25,0.25,0.6343333333333333,5.283333333333333,4.374098124098124,1.0,1.0,1.0,73.0,0.3333333333333333,2.0,0.27136752136752135,0.71,9.543333333333333,4.516754850088183,2.3333333333333335,1.0,1.0,42.666666666666664,1.0,0.27136752136752135,-0.011242037544719308,2022-10-02,2022,0.3689824645006519,0.3928410790035123,CAR,3.0,1.0,0.3333333333333333,10.666666666666666,32,11.333333333333334,34,-22.433333333333337,0.3954281761608464,-21.966666666666665,-0.059189890991361516,1.9515151515151514,1.7801864801864802,0.17132867132867133,1.59710564508788,20.666666666666668,62.0,12.0,19.666666666666668,59.0,13.0,NFC South,1,1.0,3,0.75,0.5186666666666667,6.2,4.622450234984375,1.0,0.6666666666666666,1.0,58.0,1.0,0.0,0.272005772005772,0.5953333333333334,5.543333333333333,4.1678321678321675,1.0,0.6666666666666666,0.6666666666666666,63.666666666666664,1.0,0.272005772005772,-0.59710564508788,2022,0.300361794364015,0.17880026092017212,ARI vs. CAR,CAR,1476.135291917265,16.0,ARI,1450.0,16.0,0,-10,-1.0,0,-113.0,102.0,0,0
PHI,4.0,4.0,1.0,10.25,41,10.5,42,-4.950000000000003,0.006122737556561453,-31.6,0.720987168790962,2.86010101010101,1.7133838383838385,1.1467171717171718,3.1109399489148,28.75,115.0,18.0,17.75,71.0,9.0,NFC East,4,11.0,44,0.7222222222222222,0.6677500000000001,8.5025,4.23314479638009,1.0,2.5,0.875,48.25,0.5,8.0,0.4316742081447964,0.5535,4.27,4.948009227614491,1.25,1.0,,44.0,2.5,0.4316742081447964,0.8890600510851998,2022-10-09,2022,0.5366041519483756,0.20834250273670712,ARI,4.0,2.0,0.5,9.5,38,9.5,38,-14.75,-0.054556573858044244,1.1999999999999993,-0.07022515202662238,2.313131313131313,2.7275252525252527,-0.41439393939393937,1.7708723029669742,22.0,88.0,15.0,25.75,103.0,18.0,NFC West,1,-3.75,-15,0.27777777777777773,0.6555,5.5325,4.1724654849654845,1.25,1.0,1.0,70.0,0.5,4.0,0.30352564102564106,0.6852499999999999,7.922499999999999,4.156796906796907,2.0,0.75,1.0,51.0,1.5,0.30352564102564106,0.22912769703302582,2022,0.4173481279966802,0.3823967009644373,PHI vs. ARI,ARI,1503.754092595383,9.0,PHI,1672.2778773231116,1.0,0,-3,5.5,1,196.0,-222.0,0,0
ARI,5.0,2.0,0.4,9.4,47,9.2,46,-15.919999999999998,0.06479648299501264,-1.5400000000000005,-0.05916029096176132,2.228282828282828,2.682020202020202,-0.4537373737373738,2.175752899580999,21.0,105.0,18.0,24.6,123.0,22.0,NFC West,-1,-3.6,-18,0.4583333333333333,0.6578,5.446,4.291818541818541,1.2,1.0,0.8333333333333334,59.0,0.6,3.0,0.3571062271062271,0.6926,7.55,4.167861767861767,1.6,1.0,1.0,46.8,1.2,0.3571062271062271,-0.17575289958099916,2022-10-16,2022,0.36951679918102986,0.36579754873573056,SEA,5.0,2.0,0.4,9.2,46,10.0,50,9.32,0.9235143612781087,3.6799999999999984,0.9369833175205571,2.7307997557997554,3.0387373737373737,-0.30793761793761804,1.904227359175966,25.4,127.0,21.0,30.8,154.0,27.0,NFC West,-1,-5.4,-27,0.14583333333333331,0.7458,8.347999999999999,5.150536420101638,1.8,0.8,0.9166666666666666,78.2,1.4,1.0,0.4443383413971649,0.664,8.82,5.164005376344086,1.8,1.8,0.8833333333333332,52.6,1.6,0.4443383413971649,0.09577264082403403,2022,0.4652661976404553,0.4423434452089957,ARI vs. SEA,SEA,1418.6187387819673,15.0,ARI,1476.2680532070997,15.0,1,10,2.5,1,123.0,-136.0,1,0
NOR,6.0,2.0,0.3333333333333333,11.833333333333334,71,11.333333333333334,68,-13.316666666666668,1.1860407806131492,-3.1499999999999986,0.46539662228785184,2.0364801864801865,2.35975135975136,-0.3232711732711732,2.4039908736985716,23.5,141.0,25.0,26.333333333333332,158.0,31.0,NFC South,-1,-2.8333333333333335,-17,0.5133333333333333,0.6388333333333334,6.511666666666667,5.4130628394366775,1.3333333333333333,1.3333333333333333,0.6944444444444443,68.33333333333333,2.1666666666666665,-7.0,0.40700280112044823,0.6131666666666667,7.776666666666666,4.692418681111381,1.5,0.8333333333333334,0.9666666666666667,57.666666666666664,1.0,0.40700280112044823,-0.40399087369857156,2022-10-20,2022,0.3284042914496143,0.34920657577290265,ARI,6.0,2.0,0.3333333333333333,9.666666666666666,58,9.833333333333334,59,-19.616666666666664,0.20663624983477957,-5.05,0.0017516366168329374,1.9932659932659933,2.4786065786065787,-0.4853405853405853,2.321183572549698,19.0,114.0,19.0,23.666666666666668,142.0,27.0,NFC West,-2,-4.666666666666667,-28,0.44666666666666666,0.6518333333333334,5.1066666666666665,4.433658308658308,1.0,0.8333333333333334,0.875,58.0,0.8333333333333334,2.0,0.3392551892551892,0.6846666666666666,7.151666666666666,4.2287736954403625,1.3333333333333333,1.0,1.0,46.333333333333336,1.1666666666666667,0.3392551892551892,-0.32118357254969787,2022,0.3100503221883786,0.35685888005976885,NOR vs. ARI,ARI,1418.0469598853708,20.0,NOR,1417.2789832654742,20.0,1,8,-2.5,1,-140.0,126.0,0,0
ARI,7.0,3.0,0.42857142857142855,9.571428571428571,67,10.0,70,-17.071428571428573,0.24813333874566165,-5.328571428571428,-0.050410839355166735,2.375180375180375,2.566078366078366,-0.1908979908979908,2.943831487904569,22.285714285714285,156.0,24.0,25.142857142857142,176.0,33.0,NFC West,1,-2.857142857142857,-20,0.42777777777777776,0.6572857142857143,5.4071428571428575,4.475155397569191,1.0,1.0,0.9,52.57142857142857,0.7142857142857143,5.0,0.33364730507587653,0.6801428571428572,7.161428571428571,4.176611219468362,1.7142857142857142,0.8571428571428571,1.0,46.714285714285715,1.4285714285714286,0.33364730507587653,0.056168512095430945,2022-10-30,2022,0.3610832500859069,0.4078644099982637,MIN,6.0,5.0,0.8333333333333334,10.5,63,10.666666666666666,64,-9.933333333333335,0.21611002098786777,-5.5666666666666655,0.09686527388733317,2.251328763828764,1.8905603655603656,0.3607683982683982,3.5333396963816024,23.166666666666668,139.0,25.0,19.666666666666668,118.0,21.0,NFC North,4,3.5,21,0.5866666666666667,0.6685,6.346666666666667,4.443132079811397,1.5,1.1666666666666667,0.6,30.833333333333332,1.0,4.0,0.36450956450956457,0.6970000000000001,7.753333333333334,4.323887332710862,1.0,1.3333333333333333,0.5666666666666667,61.333333333333336,1.6666666666666667,0.36450956450956457,1.4666603036183976,2022,0.4938267396573014,0.35364548535413115,ARI vs. MIN,MIN,1655.5303004432485,2.0,ARI,1467.936439345573,11.0,1,8,-4.0,1,-199.0,177.0,0,0
SEA,8.0,5.0,0.625,10.125,81,10.625,85,3.4750000000000005,0.7768181057007788,-8.587500000000002,0.43321939662962006,2.633192155067155,2.376483585858586,0.25670856920856916,4.363730121666068,26.25,210.0,38.0,24.875,199.0,34.0,NFC West,3,1.375,11,0.35816326530612247,0.723875,7.56875,5.003840164524308,1.625,1.0,0.9523809523809523,66.0,1.375,3.0,0.4117163473781121,0.6421250000000001,7.195,4.660241455453149,1.375,1.375,0.9166666666666666,54.875,1.75,0.4117163473781121,0.6362698783339322,2022-11-06,2022,0.5064479249640269,0.3818134939166966,ARI,8.0,3.0,0.375,9.875,79,10.375,83,-15.849999999999998,0.131920732231331,-4.637499999999999,0.1732024133837019,2.3491161616161618,2.5722416472416474,-0.22312548562548556,3.290031307579296,22.75,182.0,29.0,26.25,210.0,38.0,NFC West,-1,-3.5,-28,0.4857142857142857,0.66325,5.49,4.35894279105486,1.25,0.875,0.9166666666666666,54.375,1.0,3.0,0.3373959373959374,0.6785,7.1274999999999995,4.400224472207231,1.75,1.125,0.875,51.625,1.375,0.3373959373959374,-0.2900313075792962,2022,0.3537802089876589,0.38400423239757037,SEA vs. ARI,ARI,1476.2680532070997,15.0,SEA,1418.6187387819673,15.0,0,-10,-1.5,0,-128.0,116.0,1,0
ARI,9.0,3.0,0.3333333333333333,10.0,90,10.333333333333334,93,-14.38888888888889,0.29309640095010314,-3.522222222222221,0.2006284524194998,2.3002244668911334,2.6308814642147973,-0.33065699732366394,3.574371916304147,22.555555555555557,203.0,31.0,26.77777777777778,241.0,43.0,NFC West,-2,-4.222222222222222,-38,0.503125,0.668888888888889,5.4511111111111115,4.520118459773632,1.3333333333333333,0.7777777777777778,0.9166666666666666,56.888888888888886,1.0,3.0,0.34752654752654755,0.6881111111111111,7.178888888888888,4.427650511243028,1.7777777777777777,1.2222222222222223,0.8888888888888888,49.666666666666664,1.3333333333333333,0.34752654752654755,-0.574371916304147,2022-11-13,2022,0.3224623093760141,0.3814838800465014,LAR,8.0,3.0,0.375,9.625,77,9.5,76,-16.337500000000002,-1.049962671850349,-9.862499999999999,-0.21384172147119684,1.7826388888888889,2.3576655982905983,-0.5750267094017094,3.038197081767149,16.375,131.0,25.0,21.625,173.0,29.0,NFC West,-2,-5.25,-42,0.36955782312925173,0.679875,5.6975,3.17705938697318,1.0,0.75,0.9285714285714286,38.5,1.625,-5.0,0.43810803167420814,0.6793750000000001,6.60625,4.013180337352332,1.25,0.5,0.84375,34.25,1.0,0.43810803167420814,-0.038197081767148866,2022,0.3231251184347748,0.3320596786657117,ARI vs. LAR,LAR,1500.0,7.0,ARI,1500.0,7.0,0,-10,-3.5,0,-183.0,160.0,1,0
SFO,9.0,5.0,0.5555555555555556,9.555555555555555,86,9.666666666666666,87,-6.344444444444442,0.15676425582304557,-13.955555555555556,-0.8240684080757605,2.38858024691358,1.9265928515928517,0.46198739532072863,5.276745041374609,22.0,198.0,34.0,18.11111111111111,163.0,27.0,NFC West,2,3.888888888888889,35,0.5760416666666667,0.6405555555555555,7.7299999999999995,4.383786314646574,1.3333333333333333,1.0,0.8333333333333333,45.55555555555556,1.4444444444444444,-3.0,0.44466490299823636,0.6634444444444445,6.127777777777777,3.4029536507477682,1.0,0.8888888888888888,0.65,41.888888888888886,1.1111111111111112,0.44466490299823636,-0.27674504137460865,2022-11-21,2022,0.38319207828586993,0.2663191365043239,ARI,10.0,4.0,0.4,10.0,100,10.3,103,-13.51,0.14108455497273992,-5.419999999999999,0.08786340129519692,2.34020202020202,2.5377933177933176,-0.1975912975912975,4.323960214035355,23.0,230.0,36.0,25.8,258.0,46.0,NFC West,1,-2.8,-28,0.48888888888888893,0.6723,5.555,4.368106613796269,1.3,0.9,0.9285714285714286,57.9,0.9,5.0,0.3461072261072261,0.6869,6.906999999999999,4.314885460118726,1.7,1.2,0.9,47.6,1.4,0.3461072261072261,-0.32396021403535524,2022,0.3483374322947272,0.38747362150910064,SFO vs. ARI,ARI,1459.7047679943494,14.0,SFO,1567.845311026175,10.0,0,-28,10.0,0,350.0,-422.0,1,0
LAC,10.0,5.0,0.5,10.7,107,10.2,102,-8.33,-0.7139441018342817,-8.649999999999999,1.4376815965178527,2.14030303030303,2.588888888888889,-0.4485858585858586,4.540384813692833,22.7,227.0,43.0,25.8,258.0,48.0,AFC West,-2,-3.1,-31,0.5197530864197532,0.6677,6.593999999999999,3.5130779569892474,1.6,0.8,0.9444444444444444,41.2,1.2,1.0,0.42054487179487177,0.6426000000000001,6.868,5.664703655341381,1.6,1.1,0.8,54.7,1.3,0.42054487179487177,0.45961518630716736,2022-11-27,2022,0.4203396757114095,0.4451583617085726,ARI,11.0,4.0,0.36363636363636365,10.0,110,10.272727272727273,113,-15.609090909090908,-0.002228167493587563,-2.0272727272727256,0.21183485297271537,2.2183654729109277,2.652539379812107,-0.4341739069011796,4.364505230310374,21.818181818181817,240.0,38.0,26.90909090909091,296.0,52.0,NFC West,-1,-5.090909090909091,-56,0.4955555555555556,0.6731818181818182,5.374545454545454,4.224793891329941,1.1818181818181819,0.9090909090909091,0.9375,57.18181818181818,1.0,3.0,0.3600974782792965,0.6871818181818182,7.244545454545454,4.438856911796244,1.9090909090909092,1.1818181818181819,0.9090909090909091,46.0,1.2727272727272727,0.3600974782792965,-0.36450523031037374,2022,0.33400727375884776,0.4030939083055998,LAC vs. ARI,ARI,1424.7836192907498,17.0,LAC,1474.1486646825151,14.0,0,-1,2.5,1,123.0,-136.0,0,0
NWE,12.0,6.0,0.5,10.583333333333334,127,10.583333333333334,127,-12.158333333333331,-0.25477509991194963,-21.808333333333334,-0.21886252928718775,1.9356271043771045,1.8958772708772706,0.039749833499833485,6.500465719866466,20.75,249.0,46.0,18.833333333333332,226.0,42.0,AFC East,-2,1.9166666666666667,23,0.5848386462022825,0.6965833333333333,6.3308333333333335,3.9722469589115796,1.0,0.75,0.7833333333333333,49.166666666666664,1.4166666666666667,2.0,0.35729469618788506,0.59,5.48,4.008159529536341,1.4166666666666667,0.4166666666666667,0.9090909090909091,34.0,1.5833333333333333,0.35729469618788506,-0.5004657198664662,2022-12-12,2022,0.3470988037310647,0.28935724394068796,ARI,12.0,4.0,0.3333333333333333,10.083333333333334,121,10.25,123,-15.225,0.08933312587597612,-1.2583333333333317,0.258596776989695,2.215319865319865,2.6398277648277646,-0.42450789950789947,4.840337047202657,22.0,264.0,42.0,26.75,321.0,56.0,NFC West,-2,-4.75,-57,0.495959595959596,0.6688333333333333,5.444166666666667,4.316355184699505,1.25,0.9166666666666666,0.8888888888888888,54.0,1.0833333333333333,1.0,0.37496114996115,0.6920000000000001,7.183333333333334,4.4856188358132245,2.0,1.0833333333333333,0.9166666666666666,44.666666666666664,1.1666666666666667,0.37496114996115,-0.8403370472026568,2022,0.3228001680561215,0.38546146704380163,NWE vs. ARI,ARI,1381.8403970785423,24.0,NWE,1536.2564429899703,15.0,0,-14,2.0,0,113.0,-125.0,0,0
ARI,13.0,4.0,0.3076923076923077,10.23076923076923,133,10.307692307692308,134,-16.346153846153847,0.15241069908090932,-3.153846153846153,0.29083855152420895,2.128243978243978,2.625575279421433,-0.497331301177455,4.990643005478535,21.307692307692307,277.0,45.0,26.76923076923077,348.0,60.0,NFC West,-3,-5.461538461538462,-71,0.4962962962962963,0.6699230769230768,5.334615384615384,4.379432757904438,1.1538461538461537,0.9230769230769231,0.8666666666666666,53.53846153846154,1.1538461538461537,0.0,0.36809600655754504,0.6915384615384615,7.026153846153846,4.517860610347738,1.8461538461538463,1.1538461538461537,0.9230769230769231,47.38461538461539,1.1538461538461537,0.36809600655754504,-0.9906430054785353,2022-12-18,2022,0.31256279048783453,0.3791971410282939,DEN,13.0,3.0,0.23076923076923078,11.538461538461538,150,10.846153846153847,141,-19.107692307692307,-0.04265865642292272,-21.446153846153848,0.16154076540753143,1.3224373916681609,1.7342759804298267,-0.4118385887616656,5.180174120211657,14.923076923076923,194.0,41.0,18.307692307692307,238.0,50.0,AFC West,-5,-3.3846153846153846,-44,0.40072450697450696,0.6021538461538462,6.146153846153846,4.1843634024006064,0.9230769230769231,0.46153846153846156,0.7727272727272727,63.46153846153846,1.0769230769230769,2.0,0.27506400977763207,0.6343076923076924,5.310769230769231,4.388562824231061,0.9230769230769231,0.5384615384615384,0.9807692307692307,61.92307692307692,1.2307692307692308,0.27506400977763207,-2.1801741202116567,2022,0.22749377490837028,0.2678621352915533,ARI vs. DEN,DEN,1252.8420878808292,25.0,ARI,1352.7065069312798,23.0,1,9,-1.5,1,-121.0,110.0,0,0
TAM,14.0,6.0,0.42857142857142855,10.428571428571429,146,10.642857142857142,149,-12.299999999999999,-1.102147015320666,-6.099999999999999,0.0453591085702575,1.7196761571761574,1.970019266447838,-0.2503431092716807,6.5390921567496925,17.642857142857142,247.0,49.0,20.571428571428573,288.0,51.0,NFC South,-2,-2.9285714285714284,-41,0.514792899408284,0.6586428571428572,6.167142857142857,3.1248750435028634,1.4285714285714286,0.2857142857142857,0.7892857142857144,48.714285714285715,1.2857142857142858,-5.0,0.37387309819032505,0.6527142857142857,6.530714285714285,4.272381167393787,1.7142857142857142,0.7142857142857143,0.8333333333333333,50.92857142857143,0.9285714285714286,0.37387309819032505,-0.5390921567496925,2022-12-25,2022,0.3226929962423019,0.3046530680756307,ARI,14.0,4.0,0.2857142857142857,10.428571428571429,146,10.428571428571429,146,-19.964285714285715,0.1003083592305923,-3.749999999999999,0.32107539868424456,2.0586441336441337,2.5808913308913306,-0.5222471972471973,5.237785928251715,20.857142857142858,292.0,49.0,26.571428571428573,372.0,64.0,NFC West,-4,-5.714285714285714,-80,0.47587113740959897,0.6617857142857143,5.017142857142857,4.327330418054122,1.0714285714285714,0.9285714285714286,0.8787878787878788,53.0,1.2857142857142858,-1.0,0.3537081965653394,0.6998571428571428,6.884285714285714,4.548097457507773,1.7857142857142858,1.2142857142857142,0.8928571428571429,46.214285714285715,1.2142857142857142,0.3537081965653394,-1.2377859282517152,2022,0.305943488021363,0.36828850322499523,TAM vs. ARI,ARI,1288.717989447463,27.0,TAM,1436.302939343413,18.0,0,-3,7.5,1,273.0,-320.0,0,0
ARI,15.0,4.0,0.26666666666666666,10.666666666666666,160,10.6,159,-21.513333333333332,0.11058509679241632,-5.393333333333333,0.27342445707261526,1.9975916675916676,2.5062678062678065,-0.5086761386761387,5.637349207661523,20.533333333333335,308.0,53.0,26.066666666666666,391.0,69.0,NFC West,-5,-5.533333333333333,-83,0.472492586778301,0.6538666666666667,4.913333333333333,4.337607155615945,1.0,0.9333333333333333,0.8888888888888888,54.4,1.4,-2.0,0.3476715097767729,0.6976666666666667,6.718666666666667,4.500446515896144,1.7333333333333334,1.1333333333333333,0.9,45.13333333333333,1.2666666666666666,0.3476715097767729,-1.637349207661523,2023-01-01,2022,0.29509187166414136,0.357661595250044,ATL,15.0,5.0,0.3333333333333333,9.6,144,9.4,141,-15.193333333333332,0.6797383435162893,-4.8,0.16030745141175953,2.2185016835016835,2.5045045695045696,-0.2860028860028861,6.407400351804877,21.0,315.0,56.0,23.333333333333332,350.0,66.0,NFC South,-4,-2.3333333333333335,-35,0.428976578976579,0.6140000000000001,6.482666666666666,4.906760402339818,1.0,0.9333333333333333,0.819047619047619,33.733333333333334,1.2666666666666666,-3.0,0.40866291116291115,0.6569333333333333,7.4959999999999996,4.387329510235289,1.5333333333333334,1.0,0.8819444444444443,48.266666666666666,1.0666666666666667,0.40866291116291115,-1.4074003518048768,2022,0.35240073161987356,0.3929605563975784,ARI vs. ATL,ATL,1292.356088393656,26.0,ARI,1258.7656252808872,28.0,1,1,-7.0,0,-279.0,241.0,0,0
ARI,16.0,4.0,0.25,10.5625,169,10.5,168,-21.25625,0.13115131623308643,-5.70625,0.23479360865263563,2.004686632811633,2.4885149572649574,-0.48382832445332447,6.106995302558028,20.4375,327.0,58.0,25.6875,411.0,73.0,NFC West,-6,-5.25,-84,0.46321530321530324,0.6505,4.970625,4.358173375056616,1.0,0.875,0.882051282051282,54.125,1.3125,-1.0,0.3486693131429974,0.69975,6.6975,4.461815667476165,1.625,1.1875,0.90625,46.6875,1.25,0.3486693131429974,-2.106995302558028,2023-01-08,2022,0.29800084040371094,0.3501448448338036,SFO,16.0,12.0,0.75,9.875,158,10.0625,161,0.41875000000000195,0.459745682042459,-15.41875,-0.7488249195522314,2.6249684343434345,1.6552046911421912,0.9697637432012433,11.158619325369006,25.75,412.0,71.0,16.5,264.0,45.0,NFC West,9,9.25,148,0.5358469308469309,0.6575625,8.106875,4.686767740865988,1.6875,1.125,0.8154761904761905,45.0,1.0625,9.0,0.4451703723907671,0.65725,6.08125,3.4781971392712974,1.1875,0.625,0.6590909090909091,48.875,1.625,0.4451703723907671,0.8413806746309938,2022,0.4729976376181964,0.2767321934621097,ARI vs. SFO,SFO,1567.845311026175,10.0,ARI,1459.7047679943494,14.0,1,25,-14.0,1,-1061.0,753.0,1,0
ATL,1.0,0.0,0.0,13.0,13,12.0,12,-20.299999999999997,1.0624516253869984,6.700000000000003,3.720346362229103,2.0,2.25,-0.25,0.4776537518018551,26.0,26.0,6.0,27.0,27.0,5.0,NFC South,-1,-1.0,-1,0.5,0.606,6.52,5.289473684210527,0.0,2.0,0.8,55.0,2.0,-1.0,0.38461538461538464,0.6759999999999999,8.06,7.947368421052632,2.0,1.0,0.6666666666666666,99.0,1.0,0.38461538461538464,-0.4776537518018551,2022-09-18,2022,0.2410828837837592,-0.1990223965841063,LAR,1.0,0.0,0.0,10.0,10,9.0,9,-41.9,-1.3381331699346402,11.299999999999997,0.6129779411764709,1.0,3.4444444444444446,-2.4444444444444446,0.0640784824256055,10.0,10.0,2.0,31.0,31.0,5.0,NFC West,-1,-21.0,-21,0.5,0.7070000000000001,1.85,2.888888888888889,1.0,0.0,1.0,30.0,3.0,1.0,0.46153846153846156,0.8390000000000001,8.45,4.84,3.0,1.0,1.0,35.0,4.0,0.46153846153846156,-0.0640784824256055,2022,0.1871843035148789,-0.035599156903114194,ATL vs. LAR,LAR,1450.0,16.0,ATL,1450.0,16.0,1,4,-10.5,0,-473.0,385.0,0,0
ATL,2.0,0.0,0.0,11.0,22,10.5,21,-21.35,0.08438144994840124,3.700000000000003,0.9966621517027869,2.5,2.8472222222222223,-0.3472222222222223,0.8965231609108368,26.5,53.0,9.0,29.0,58.0,10.0,NFC South,-2,-2.5,-5,0.0,0.63,5.585,4.31140350877193,1.0,1.0,0.65,42.0,2.5,-1.0,0.3423076923076923,0.713,7.390000000000001,5.223684210526316,2.5,1.0,0.8333333333333333,80.0,2.0,0.3423076923076923,-0.8965231609108368,2022-09-25,2022,0.2257111716318743,0.024637342640276942,SEA,2.0,1.0,0.5,7.5,15,9.5,19,-9.650000000000002,-0.941307773109243,0.14999999999999858,0.4479779411764713,1.6517857142857142,2.238888888888889,-0.5871031746031747,0.5750495035424051,12.0,24.0,3.0,21.5,43.0,9.0,NFC West,-1,-9.5,-19,0.0,0.7975,5.325,3.285714285714286,1.0,0.0,1.0,91.5,2.0,-2.0,0.41558441558441556,0.6575,8.415,4.675000000000001,1.0,1.0,0.7083333333333333,66.0,1.0,0.41558441558441556,0.42495049645759486,2022,0.24249504964575952,0.33748827547679877,ATL vs. SEA,SEA,1485.9935000197115,7.0,ATL,1400.0,26.0,0,-4,-1.0,0,-106.0,-104.0,0,0
CLE,3.0,2.0,0.6666666666666666,10.0,30,10.0,30,-7.266666666666666,0.7853364535349833,-9.566666666666668,-0.15389606201332118,2.865656565656566,2.4,0.4656565656565657,1.8078841170412292,28.333333333333332,85.0,15.0,24.0,72.0,12.0,AFC North,1,4.333333333333333,13,0.25,0.6736666666666666,6.603333333333334,5.012358512358513,1.3333333333333333,1.6666666666666667,1.0,44.333333333333336,0.3333333333333333,2.0,0.4953703703703704,0.606,7.253333333333334,4.073125996810208,1.6666666666666667,1.3333333333333333,0.8333333333333334,59.333333333333336,1.0,0.4953703703703704,0.1921158829587708,2022-10-02,2022,0.5320193138264618,0.2922821177278361,ATL,3.0,1.0,0.3333333333333333,10.0,30,10.0,30,-15.833333333333334,0.5719781298201235,1.6333333333333353,0.8786224873244498,2.7916666666666665,2.75,0.041666666666666664,1.4903991775543566,26.666666666666668,80.0,14.0,27.0,81.0,15.0,NFC South,1,-0.3333333333333333,-1,0.25,0.6366666666666667,6.756666666666667,4.799000188643652,1.0,1.3333333333333333,0.7666666666666666,33.0,2.3333333333333335,-2.0,0.4186813186813187,0.7176666666666667,7.223333333333334,5.105644546147979,2.3333333333333335,0.6666666666666666,0.8888888888888888,69.0,1.6666666666666667,0.4186813186813187,-0.4903991775543566,2022,0.3903823501582112,0.25160013707427387,CLE vs. ATL,ATL,1462.1287919369763,16.0,CLE,1535.9935000197115,3.0,1,3,1.0,1,-103.0,-107.0,0,0
ATL,4.0,2.0,0.5,9.75,39,10.0,40,-26.975,0.8150852255163532,-7.0,0.8664970650731694,2.732638888888889,2.5625,0.17013888888888884,2.07245921399072,25.75,103.0,19.0,25.25,101.0,19.0,NFC South,2,0.5,2,0.38888888888888884,0.5695,6.2,5.042107284339882,0.75,1.5,0.825,28.5,2.0,-1.0,0.3973443223443223,0.68825,6.71,5.093519123896698,1.75,1.0,0.9166666666666666,64.5,1.75,0.3973443223443223,-0.07245921399072008,2022-10-09,2022,0.47835432650113024,0.347645468338602,TAM,4.0,2.0,0.5,10.5,42,11.0,44,-6.574999999999999,-1.7433640501655203,-24.450000000000003,-0.04388392068539082,1.9772727272727273,1.6104895104895105,0.3667832167832168,2.5752939311370557,20.5,82.0,16.0,17.0,68.0,12.0,NFC South,-2,3.5,14,0.7222222222222222,0.671,6.8,2.4836580086580087,1.5,0.25,0.95,51.5,1.5,3.0,0.35826967150496564,0.6295,4.7225,4.183138138138139,1.5,0.5,1.0,57.5,2.25,0.35826967150496564,-0.5752939311370557,2022,0.3261624827488518,0.16532086833156437,ATL vs. TAM,TAM,1485.87967695197,9.0,ATL,1522.601467752094,9.0,1,6,-10.5,0,-430.0,355.0,1,0
SFO,5.0,3.0,0.6,10.0,50,10.2,51,-13.079999999999998,0.3458174957946101,-29.860000000000003,-1.1792054874775455,2.262222222222222,1.196958041958042,1.0652641802641802,3.389464976754935,21.6,108.0,17.0,12.2,61.0,12.0,NFC West,2,9.4,47,0.6041666666666666,0.5806,7.359999999999999,4.572839554618139,1.0,1.2,0.7333333333333333,48.0,1.2,1.0,0.3941176470588236,0.6226,4.32,3.0478165713459835,0.4,0.6,0.75,39.6,1.4,0.3941176470588236,-0.38946497675493497,2022-10-16,2022,0.3135163815806644,0.1699075305056501,ATL,5.0,2.0,0.4,9.6,48,9.8,49,-25.5,0.7808573170354736,-7.06,0.4477932402938297,2.5194444444444444,2.5166666666666666,0.0027777777777777237,2.383032778962017,23.6,118.0,21.0,24.4,122.0,23.0,NFC South,-1,-0.8,-4,0.41666666666666663,0.5676,6.0,5.007879375859003,0.8,1.4,0.6599999999999999,33.8,1.6,-1.0,0.4035897435897436,0.6851999999999999,6.794,4.674815299117358,1.6,1.0,0.9333333333333332,60.6,1.4,0.4035897435897436,-0.38303277896201715,2022,0.4039846318408235,0.33955202483213714,SFO vs. ATL,ATL,1467.3363684542917,15.0,SFO,1560.120276023982,7.0,1,14,3.5,1,166.0,-185.0,0,0
ATL,6.0,3.0,0.5,9.333333333333334,56,9.666666666666666,58,-14.199999999999998,0.6462107543923065,-8.049999999999999,0.18949069044093658,2.6828703703703702,2.3564814814814814,0.32638888888888884,3.2209427597174134,24.333333333333332,146.0,24.0,22.666666666666668,136.0,25.0,NFC South,1,1.6666666666666667,10,0.4533333333333333,0.6278333333333334,6.916666666666667,4.873232813215836,1.0,1.3333333333333333,0.6599999999999999,34.833333333333336,1.3333333333333333,2.0,0.44346764346764345,0.6888333333333333,6.661666666666666,4.416512749264466,1.6666666666666667,0.8333333333333334,0.9333333333333332,55.5,1.6666666666666667,0.44346764346764345,-0.2209427597174134,2022-10-23,2022,0.4127898028773276,0.3433230776065076,CIN,6.0,3.0,0.5,10.5,63,11.166666666666666,67,-3.7499999999999987,-0.5043469887955179,-26.46666666666667,0.3191924202340874,2.2664983164983163,1.7835201835201835,0.482978132978133,3.514712221587267,23.0,138.0,26.0,19.166666666666668,115.0,27.0,AFC North,1,3.8333333333333335,23,0.48,0.6713333333333332,6.919999999999999,3.722675070028011,2.0,0.5,0.8888888888888888,36.0,1.3333333333333333,0.0,0.48104575163398694,0.5701666666666666,5.4383333333333335,4.546214479057617,0.8333333333333334,0.3333333333333333,0.9166666666666666,47.0,1.3333333333333333,0.48104575163398694,-0.514712221587267,2022,0.3772949265574896,0.3012506716844373,ATL vs. CIN,CIN,1531.3385221895996,9.0,ATL,1530.380420330678,9.0,1,18,-6.5,1,-271.0,235.0,0,0
CAR,7.0,2.0,0.2857142857142857,10.428571428571429,73,10.428571428571429,73,-22.914285714285715,0.2794005840633254,-12.214285714285714,-0.21994886640550915,1.6976911976911977,2.0783771783771785,-0.38068598068598064,3.0444921258014643,17.714285714285715,124.0,22.0,21.285714285714285,149.0,28.0,NFC South,1,-3.5714285714285716,-25,0.5388888888888889,0.5868571428571429,5.578571428571428,4.506422642886855,0.8571428571428571,0.5714285714285714,0.9583333333333334,46.857142857142854,1.1428571428571428,-2.0,0.24990723562152134,0.6494285714285715,6.3999999999999995,4.00707319241802,1.1428571428571428,1.0,0.7857142857142857,54.42857142857143,0.8571428571428571,0.24990723562152134,-1.0444921258014643,2022-10-30,2022,0.256401513174888,0.2715346780382759,ATL,7.0,3.0,0.42857142857142855,9.285714285714286,65,9.428571428571429,66,-10.271428571428569,0.47712823427772905,-1.7571428571428567,0.08917254258682915,2.569444444444444,2.6448412698412698,-0.07539682539682545,3.373917295907789,23.285714285714285,163.0,27.0,24.428571428571427,171.0,30.0,NFC South,-1,-1.1428571428571428,-8,0.4611111111111111,0.626,7.324285714285714,4.704150293101258,1.0,1.2857142857142858,0.7166666666666667,33.0,1.1428571428571428,2.0,0.43725798011512296,0.7061428571428571,7.475714285714285,4.316194601410358,1.8571428571428572,1.0,0.9333333333333332,50.0,1.4285714285714286,0.43725798011512296,-0.373917295907789,2022,0.39319611650657077,0.36533004572027344,CAR vs. ATL,ATL,1480.5183019222884,11.0,CAR,1412.8783116327422,21.0,1,3,-4.5,0,-201.0,178.0,1,0
LAC,7.0,4.0,0.5714285714285714,10.857142857142858,76,10.428571428571429,73,-6.071428571428571,-0.7529821202674614,-9.37142857142857,1.6355313812960008,2.1783549783549785,2.665079365079365,-0.4867243867243867,3.1875787880746884,23.428571428571427,164.0,30.0,27.0,189.0,34.0,AFC West,-1,-3.5714285714285716,-25,0.48333333333333334,0.6634285714285715,6.895714285714285,3.4740399385560674,1.7142857142857142,0.8571428571428571,0.9166666666666666,48.142857142857146,1.0,2.0,0.39414573521716384,0.6624285714285714,6.324285714285714,5.862553440119529,1.8571428571428572,1.0,0.7857142857142857,60.857142857142854,1.2857142857142858,0.39414573521716384,0.8124212119253116,2022-11-06,2022,0.4405500683416529,0.4532726442376919,ATL,8.0,4.0,0.5,9.625,77,9.75,78,-8.599999999999998,0.4532986368292609,-4.1,0.13645377296608996,2.6336805555555554,2.6684027777777777,-0.034722222222222265,3.923850547763821,25.0,200.0,33.0,25.625,205.0,36.0,NFC South,1,-0.625,-5,0.43605442176870746,0.637,7.34125,4.68032069565279,1.25,1.125,0.7571428571428571,36.875,1.25,1.0,0.4451007326007326,0.683875,7.5275,4.363475831789619,1.75,1.25,0.8888888888888888,53.0,1.375,0.4451007326007326,0.0761494522361792,2022,0.4326508635126525,0.4082393914751642,LAC vs. ATL,ATL,1520.905269101023,11.0,LAC,1506.5702237503838,6.0,0,-3,2.5,0,130.0,-143.0,0,0
ATL,9.0,4.0,0.4444444444444444,9.666666666666666,87,9.777777777777779,88,-11.399999999999999,0.5713582420741891,-5.644444444444444,0.07291942128576191,2.5299382716049386,2.5941358024691357,-0.06419753086419758,4.328731144377846,24.11111111111111,217.0,36.0,25.0,225.0,40.0,NFC South,-1,-0.8888888888888888,-8,0.4529761904761905,0.6242222222222222,7.076666666666666,4.798380300897718,1.1111111111111112,1.2222222222222223,0.725,34.44444444444444,1.3333333333333333,1.0,0.4461501461501462,0.6854444444444444,7.260000000000001,4.2999414801092914,1.6666666666666667,1.2222222222222223,0.9047619047619048,52.111111111111114,1.4444444444444444,0.4461501461501462,-0.328731144377846,2022-11-10,2022,0.3986790278446967,0.38743782099101787,CAR,9.0,2.0,0.2222222222222222,10.666666666666666,96,10.555555555555555,95,-23.822222222222223,0.19463999675513557,-8.333333333333334,0.07770161227945233,1.8473625140291807,2.425774842441509,-0.5784123284123284,3.6566488931900363,19.88888888888889,179.0,31.0,25.333333333333332,228.0,40.0,NFC South,-2,-5.444444444444445,-49,0.5202380952380952,0.5781111111111111,5.637777777777778,4.421662055578665,1.0,0.8888888888888888,0.9166666666666667,50.22222222222222,1.3333333333333333,-4.0,0.2648851148851149,0.6739999999999999,6.677777777777778,4.304723671102981,1.3333333333333333,1.3333333333333333,0.7222222222222222,53.333333333333336,0.8888888888888888,0.2648851148851149,-1.6566488931900363,2022,0.26347671795267236,0.29676496406128483,ATL vs. CAR,CAR,1412.8783116327422,21.0,ATL,1480.5183019222884,11.0,1,10,2.5,1,119.0,-132.0,1,0
CHI,10.0,3.0,0.3,10.0,100,9.5,95,-21.07,1.3061601079778238,-13.900000000000002,0.2955246805816317,2.188282828282828,2.7652020202020204,-0.576919191919192,4.314733286184541,21.7,217.0,42.0,24.7,247.0,38.0,NFC North,-3,-3.0,-30,0.41177248677248673,0.5887,5.413,5.533182166801353,1.2,1.2,1.0,51.1,1.3,0.0,0.4228085803085803,0.6559,6.462999999999999,4.52254673940516,1.1,1.7,0.6666666666666666,43.4,1.3,0.4228085803085803,-1.3147332861845413,2022-11-20,2022,0.3647812019802492,0.30741066855261834,ATL,10.0,4.0,0.4,9.8,98,9.9,99,-11.819999999999999,0.6435202119844172,-7.029999999999999,0.13654229455142858,2.413308080808081,2.5619949494949497,-0.14868686868686876,4.558316015448407,23.2,232.0,39.0,25.0,250.0,46.0,NFC South,-2,-1.8,-18,0.42733686067019394,0.6251,6.862,4.870542270807946,1.2,1.1,0.7555555555555555,34.7,1.3,0.0,0.4288078588078588,0.6794,7.164999999999999,4.363564353374957,1.5,1.3,0.9166666666666666,55.8,1.3,0.4288078588078588,-0.5583160154484066,2022,0.3757404850995022,0.3922398619084579,CHI vs. ATL,ATL,1401.151199848446,14.0,CHI,1337.519254036709,23.0,1,3,-3.0,0,-138.0,125.0,0,0
ATL,11.0,5.0,0.45454545454545453,9.727272727272727,107,9.909090909090908,109,-10.727272727272725,0.6112119614701963,-8.290909090909091,0.09462181009827277,2.466643709825528,2.5472681359044995,-0.08062442607897159,5.127652807101375,23.545454545454547,259.0,43.0,24.90909090909091,274.0,50.0,NFC South,1,-1.3636363636363635,-15,0.41460317460317453,0.6273636363636363,6.924545454545455,4.838234020293725,1.1818181818181819,1.0909090909090908,0.78,32.72727272727273,1.3636363636363635,-1.0,0.41002734639098276,0.6782727272727272,6.959090909090909,4.321643868921802,1.4545454545454546,1.3636363636363635,0.8703703703703703,55.81818181818182,1.2727272727272727,0.41002734639098276,-0.1276528071013754,2022-11-27,2022,0.3972055474041129,0.4116908754336374,WAS,11.0,6.0,0.5454545454545454,10.727272727272727,118,10.727272727272727,118,-20.07272727272727,-0.33324610515754266,-10.345454545454546,-0.10010871950815217,1.8533976124885214,1.8631807586353042,-0.009783146146782572,5.408762636086887,19.454545454545453,214.0,38.0,20.272727272727273,223.0,40.0,NFC East,2,-0.8181818181818182,-9,0.5463492063492064,0.6105454545454546,5.652727272727272,3.8937759536659864,1.3636363636363635,0.6363636363636364,0.9270833333333333,54.27272727272727,1.1818181818181819,0.0,0.3483666289147572,0.6045454545454546,6.790909090909091,4.126913339315377,1.6363636363636365,0.5454545454545454,0.9642857142857143,45.81818181818182,1.1818181818181819,0.3483666289147572,0.5912373639131134,2022,0.33934285040731765,0.3263863594426229,ATL vs. WAS,WAS,1610.65339153706,13.0,ATL,1442.0948599330684,15.0,1,6,-3.5,1,-183.0,163.0,0,0
PIT,11.0,4.0,0.36363636363636365,10.545454545454545,116,10.727272727272727,118,-23.90909090909091,-0.03176713696275835,-9.409090909090908,-0.2342825242990047,1.7012537967083423,2.244123048668503,-0.5428692519601611,4.39138193508766,17.636363636363637,194.0,39.0,23.727272727272727,261.0,47.0,AFC North,1,-6.090909090909091,-67,0.4935858585858585,0.6454545454545454,4.736363636363636,4.195254921860771,0.6363636363636364,0.9090909090909091,0.8257575757575758,44.27272727272727,1.2727272727272727,2.0,0.3709235209235209,0.6169090909090909,7.15,3.9927395345245245,2.090909090909091,0.5454545454545454,0.8166666666666667,42.54545454545455,1.4545454545454546,0.3709235209235209,-0.3913819350876597,2022-12-04,2022,0.324244596027885,0.3479237666031433,ATL,12.0,5.0,0.4166666666666667,9.666666666666666,116,9.75,117,-11.816666666666665,0.6879108505836502,-8.541666666666666,0.13088121741785239,2.381460437710438,2.5329124579124582,-0.15145202020202025,5.416828592864145,22.666666666666668,272.0,46.0,24.416666666666668,293.0,54.0,NFC South,-1,-1.75,-21,0.42649875377148105,0.6250833333333333,6.814166666666666,4.914932909407179,1.1666666666666667,1.0,0.7696969696969697,31.666666666666668,1.3333333333333333,-1.0,0.40919173419173416,0.6725,6.860833333333333,4.357903276241381,1.5,1.25,0.8833333333333332,53.5,1.25,0.40919173419173416,-0.4168285928641451,2022,0.38277721604040904,0.4070450541206098,PIT vs. ATL,ATL,1414.61280698906,18.0,PIT,1450.441111445724,19.0,0,-3,1.0,0,103.0,-113.0,0,0
ATL,13.0,5.0,0.38461538461538464,9.538461538461538,124,9.538461538461538,124,-13.099999999999998,0.7109379894204605,-8.584615384615384,0.11582420864252783,2.3521173271173272,2.5468642468642466,-0.19474691974691982,5.816391872273953,22.153846153846153,288.0,50.0,24.0,312.0,59.0,NFC South,-2,-1.8461538461538463,-24,0.4212602212602212,0.6186923076923078,6.723076923076923,4.93796004824399,1.1538461538461537,0.9230769230769231,0.7888888888888889,32.92307692307692,1.3076923076923077,-2.0,0.4007923700231393,0.6646923076923077,6.929230769230769,4.342846267466057,1.4615384615384615,1.1538461538461537,0.8939393939393938,51.69230769230769,1.1538461538461537,0.4007923700231393,-0.8163918722739529,2022-12-18,2022,0.3779034779071354,0.4093256076525042,NOR,13.0,4.0,0.3076923076923077,10.538461538461538,137,10.076923076923077,131,-8.169230769230769,-0.0042797692933137935,-9.476923076923075,0.2031253819154101,1.9272488195565118,2.2454291435060663,-0.3181803239495547,5.228021966999985,20.384615384615383,265.0,49.0,22.846153846153847,297.0,55.0,NFC South,-2,-2.4615384615384617,-32,0.45801767676767674,0.6624615384615384,6.893076923076923,4.222742289530215,1.5384615384615385,0.6923076923076923,0.7435897435897435,57.30769230769231,1.6153846153846154,-12.0,0.39184857374902626,0.6188461538461538,6.793846153846153,4.430147440738939,1.2307692307692308,0.8461538461538461,0.9416666666666668,50.30769230769231,0.6923076923076923,0.39184857374902626,-1.228021966999985,2022,0.32387811545030926,0.347891245927775,ATL vs. NOR,NOR,1500.0,1.0,ATL,1500.0,1.0,1,3,-5.0,0,-231.0,203.0,1,0
ATL,14.0,5.0,0.35714285714285715,9.571428571428571,134,9.5,133,-15.164285714285713,0.7813034804799558,-4.714285714285714,0.08713350886554062,2.312680375180375,2.531612038754896,-0.2189316635745208,6.226060090834422,21.857142857142858,306.0,53.0,23.785714285714285,333.0,62.0,NFC South,-3,-1.9285714285714286,-27,0.4125242279088433,0.6102142857142858,6.487142857142857,5.008325539303485,1.0714285714285714,1.0,0.8051282051282052,32.714285714285715,1.2857142857142858,-2.0,0.41234291502148646,0.6660714285714285,7.464285714285714,4.3141555676890695,1.5714285714285714,1.0714285714285714,0.8939393939393938,51.285714285714285,1.1428571428571428,0.41234291502148646,-1.2260600908344221,2022-12-24,2022,0.36088422984316393,0.39204311190562074,BAL,14.0,9.0,0.6428571428571429,9.785714285714286,137,10.071428571428571,141,-16.2,1.1540177347162646,-12.921428571428569,-0.44765423642575275,2.22005772005772,1.8920093795093795,0.3280483405483406,8.096416671430594,21.714285714285715,304.0,59.0,18.785714285714285,263.0,51.0,AFC North,-1,2.9285714285714284,41,0.48289082712159637,0.6284285714285714,6.0200000000000005,5.381039793539793,1.2142857142857142,0.9285714285714286,0.8904761904761905,44.285714285714285,1.1428571428571428,7.0,0.42214333285761857,0.6837142857142856,6.3307142857142855,3.7793678223977762,1.2857142857142858,0.7142857142857143,0.8012820512820512,37.42857142857143,1.6428571428571428,0.42214333285761857,0.9035833285694057,2022,0.4584522504617283,0.3592111194311245,ATL vs. BAL,BAL,1535.596352282162,8.0,ATL,1314.206170428282,24.0,1,8,-6.5,1,-274.0,238.0,0,0
TAM,16.0,8.0,0.5,10.75,172,11.0,176,-10.95625,-1.0856730624251905,-7.637499999999999,0.0016313279658995705,1.7402935606060606,1.910580044955045,-0.17028648434898436,7.768743780686251,18.5,296.0,59.0,20.5,328.0,59.0,NFC South,2,-2.0,-32,0.49186813186813183,0.66525,6.3256250000000005,3.1413489963983383,1.5,0.3125,0.7739583333333333,47.6875,1.3125,-2.0,0.3658644511126129,0.6439375,6.506875,4.2286533867894285,1.6875,0.6875,0.8589743589743589,52.8125,1.1875,0.3658644511126129,0.23125621931374862,2023-01-08,2022,0.34798114714371775,0.3191207801631787,ATL,16.0,6.0,0.375,9.5625,153,9.375,150,-14.893749999999999,0.61571287719358,-5.5875,0.1777660236887207,2.218734217171717,2.479917478354978,-0.26118326118326124,6.937754256908372,20.9375,335.0,60.0,23.0625,369.0,71.0,NFC South,1,-2.125,-34,0.4181559181559181,0.6213125,6.47625,4.842734936017109,0.9375,1.0,0.8311111111111111,36.0,1.25,-4.0,0.41153057012432015,0.653375,7.391875,4.404788082512249,1.5,0.9375,0.8756410256410256,48.375,1.0,0.41153057012432015,-0.9377542569083719,2022,0.36917268978165757,0.4160081032331273,TAM vs. ATL,ATL,1522.601467752094,9.0,TAM,1485.87967695197,9.0,1,13,-6.0,1,-235.0,207.0,1,0
MIA,1.0,1.0,1.0,7.0,7,8.0,8,0.7999999999999972,-1.4009351023017897,-15.599999999999994,-0.6815675133689836,2.857142857142857,0.875,1.9821428571428572,0.9233018365972593,20.0,20.0,3.0,7.0,7.0,1.0,AFC East,1,13.0,13,0.5,0.6970000000000001,7.94,2.8260869565217392,1.0,0.0,1.0,20.0,0.0,3.0,0.42857142857142855,0.7,5.6,3.5454545454545454,1.0,0.0,,15.0,3.0,0.42857142857142855,0.07669816340274072,2022-09-18,2022,0.46144207002974597,0.00958727042534259,BAL,1.0,1.0,1.0,11.0,11,12.0,12,-1.9000000000000057,-1.227022058823529,-26.099999999999994,0.655330882352942,2.1818181818181817,0.75,1.4318181818181817,0.910891197056884,24.0,24.0,4.0,9.0,9.0,2.0,AFC North,1,15.0,15,0.5,0.5670000000000001,7.53,3.0,3.0,0.0,1.0,29.0,1.0,1.0,0.38461538461538464,0.627,4.61,4.882352941176471,1.0,0.0,0.5,81.0,2.0,0.38461538461538464,0.08910880294311596,2022,0.39603956470658763,0.014851467157185994,MIA vs. BAL,BAL,1550.0,1.0,MIA,1550.0,1.0,0,-4,-3.0,0,-164.0,148.0,0,0
BAL,2.0,1.0,0.5,10.0,20,11.0,22,20.349999999999994,0.3729779411764711,-1.3499999999999943,0.6030433006535953,3.202020202020202,2.475,0.7270202020202019,1.3518682218412557,31.0,62.0,9.0,25.5,51.0,8.0,AFC North,-1,5.5,11,1.0,0.6455000000000001,10.28,4.6,3.0,0.5,1.0,17.0,0.5,3.0,0.3423076923076923,0.6735,7.215,4.830065359477125,3.5,0.0,0.5,66.0,2.0,0.3423076923076923,-0.35186822184125566,2022-09-25,2022,0.3708296500857175,0.11784214148340806,NWE,2.0,1.0,0.5,8.5,17,8.0,16,-17.949999999999996,-0.4542947860962563,-13.700000000000003,-0.745796762380841,1.3819444444444444,2.2063492063492065,-0.824404761904762,0.6897478648055213,12.0,24.0,4.0,17.0,34.0,6.0,AFC East,1,-5.0,-10,1.0,0.6499999999999999,6.045,3.7727272727272725,1.0,0.5,0.5,35.0,2.0,-2.0,0.4869281045751634,0.6665000000000001,5.8950000000000005,3.481225296442688,1.0,0.0,1.0,20.0,1.0,0.4869281045751634,0.3102521351944787,2022,0.2717943688464093,0.24567227534896474,BAL vs. NWE,NWE,1514.0064999802885,7.0,BAL,1500.0,7.0,0,-11,2.5,0,129.0,-143.0,0,0
BUF,3.0,2.0,0.6666666666666666,8.666666666666666,26,10.0,30,9.0,0.45575571895424866,-35.26666666666667,-1.472483206245461,3.4195767195767197,1.3232323232323233,2.096344396344396,2.3619688166692328,30.333333333333332,91.0,14.0,12.666666666666666,38.0,6.0,AFC East,-1,17.666666666666668,53,0.5,0.7186666666666667,8.326666666666666,4.682777777777777,3.0,0.3333333333333333,0.8333333333333334,45.333333333333336,1.6666666666666667,2.0,0.631908831908832,0.6190000000000001,4.036666666666667,2.7545388525780683,0.6666666666666666,1.0,1.0,45.666666666666664,2.3333333333333335,0.631908831908832,-0.36196881666923275,2022-10-02,2022,0.4734927764952659,0.1092020788887178,BAL,3.0,2.0,0.6666666666666666,10.333333333333334,31,11.333333333333334,34,16.433333333333326,1.249901018099548,-14.366666666666662,0.7192119903516968,3.255892255892256,2.3722222222222222,0.8836700336700337,2.0495296966034213,33.0,99.0,15.0,25.666666666666668,77.0,13.0,AFC North,1,7.333333333333333,22,0.75,0.6373333333333334,9.623333333333333,5.476923076923076,3.3333333333333335,0.6666666666666666,1.0,14.666666666666666,1.0,5.0,0.3797202797202797,0.6783333333333333,6.55,4.946234049175225,2.3333333333333335,1.0,0.75,49.333333333333336,2.6666666666666665,0.3797202797202797,-0.049529696603421325,2022,0.4758823069994482,0.24858935239368157,BUF vs. BAL,BAL,1552.0146061080266,3.0,BUF,1538.008106127738,3.0,0,-3,3.0,0,154.0,-172.0,0,0
CIN,4.0,2.0,0.5,11.25,45,12.0,48,-6.225,-1.1846761204481788,-26.25,-0.46809949990097,2.0941919191919194,1.4975024975024973,0.5966894216894217,2.4962506447655595,22.75,91.0,18.0,17.5,70.0,16.0,AFC North,2,5.25,21,0.5,0.64625,6.9525,3.04234593837535,2.0,0.25,0.8333333333333333,41.5,1.5,1.0,0.4715686274509804,0.57475,5.6975,3.758922558922559,0.75,0.25,0.875,50.0,1.75,0.4715686274509804,-0.49625064476555947,2022-10-09,2022,0.35037493552344406,0.20864577960287004,BAL,4.0,2.0,0.5,10.25,41,11.0,44,2.724999999999996,1.107942976141506,-19.025,0.7326534780578904,2.941919191919192,2.3541666666666665,0.5877525252525253,2.467469660167058,29.75,119.0,19.0,25.0,100.0,18.0,AFC North,-1,4.75,19,0.7222222222222222,0.6505000000000001,7.7700000000000005,5.334965034965035,2.75,0.75,1.0,28.5,1.25,5.0,0.40017482517482517,0.6407499999999999,6.135,4.959675536881419,2.0,1.0,0.8333333333333334,44.75,2.5,0.40017482517482517,-0.4674696601670578,2022,0.40925656376113356,0.2590087847556418,CIN vs. BAL,BAL,1500.0,9.0,CIN,1539.8909684099183,9.0,1,2,-3.0,0,-168.0,151.0,1,0
BAL,5.0,3.0,0.6,10.0,50,10.6,53,-3.600000000000004,1.1480928262913561,-19.32,0.7026231325863683,2.775757575757576,2.261111111111111,0.5146464646464647,3.0329918732683265,27.6,138.0,24.0,23.4,117.0,21.0,AFC North,1,4.2,21,0.6666666666666666,0.6392,7.122,5.375114885114885,2.4,0.6,1.0,32.4,1.2,5.0,0.41104895104895106,0.6497999999999999,5.85,4.9296451914098975,1.8,1.0,0.875,39.8,2.2,0.41104895104895106,-0.03299187326832653,2022-10-16,2022,0.47683278016624064,0.3143666817410006,NYG,5.0,4.0,0.8,10.2,51,10.6,53,-21.8,1.2180810692312118,-11.059999999999999,0.802511107285724,2.0901515151515153,1.8342424242424245,0.255909090909091,2.81606263779364,20.6,103.0,21.0,18.6,93.0,21.0,NFC East,2,2.0,10,0.47916666666666663,0.6678,5.082,5.4451031280547415,0.6,1.4,0.8541666666666666,56.4,1.0,1.0,0.356017316017316,0.5814,7.074,5.029533166109253,1.2,0.2,0.8833333333333332,52.0,1.2,0.356017316017316,1.1839373622063598,2022,0.509265429828759,0.41080258342012665,BAL vs. NYG,NYG,1629.0855114409949,2.0,BAL,1555.715678067474,7.0,1,4,5.5,1,206.0,-234.0,0,0
CLE,6.0,2.0,0.3333333333333333,10.5,63,10.0,60,-20.283333333333335,0.9153237786835987,-13.016666666666666,0.5013307589576012,2.425135975135975,2.7092592592592593,-0.2841232841232841,2.7845180315642244,24.666666666666668,148.0,27.0,27.166666666666668,163.0,29.0,AFC North,-3,-2.5,-15,0.3466666666666667,0.6176666666666667,5.864999999999999,5.142345837507128,1.0,1.6666666666666667,0.8333333333333334,52.0,1.3333333333333333,-3.0,0.4183201058201058,0.5898333333333333,7.263333333333333,4.72835281778113,1.3333333333333333,1.8333333333333333,0.8333333333333334,50.333333333333336,0.8333333333333334,0.4183201058201058,-0.7845180315642244,2022-10-23,2022,0.3725344263168411,0.3395804919017708,BAL,6.0,3.0,0.5,9.833333333333334,59,10.333333333333334,62,-8.150000000000004,1.717518123216653,-14.549999999999997,0.3272521598245037,2.6835016835016834,2.3287037037037037,0.3547979797979799,3.4266163571236667,26.333333333333332,158.0,28.0,23.5,141.0,25.0,AFC North,-1,2.8333333333333335,17,0.6933333333333334,0.6211666666666668,6.82,5.944540182040182,2.1666666666666665,0.6666666666666666,0.9444444444444445,39.333333333333336,1.3333333333333333,4.0,0.4092074592074592,0.6588333333333333,6.078333333333333,4.5542742186480325,1.8333333333333333,1.0,0.9,37.333333333333336,2.0,0.4092074592074592,-0.42661635712366675,2022,0.4408326045212919,0.30735105126857076,CLE vs. BAL,BAL,1516.1202398095822,9.0,CLE,1384.0581172377229,20.0,1,3,-6.5,0,-282.0,244.0,1,0
BAL,7.0,4.0,0.5714285714285714,9.714285714285714,68,10.285714285714286,72,-10.78571428571429,1.3877786166914323,-12.314285714285713,0.34926060477954657,2.665223665223665,2.2817460317460316,0.38347763347763353,4.00867639356003,25.857142857142858,181.0,33.0,23.0,161.0,29.0,AFC North,1,2.857142857142857,20,0.6333333333333333,0.6128571428571429,6.685714285714285,5.614800675514961,1.8571428571428572,0.8571428571428571,0.9523809523809524,41.285714285714285,1.2857142857142858,5.0,0.41741591741591744,0.6811428571428572,6.39,4.576282663603076,1.5714285714285714,1.1428571428571428,0.8611111111111112,38.42857142857143,2.0,0.41741591741591744,-0.008676393560030249,2022-10-27,2022,0.4846926029674769,0.3447388583070618,TAM,7.0,3.0,0.42857142857142855,10.0,70,10.285714285714286,72,-9.599999999999998,-1.556415284645326,-12.214285714285714,0.15384938627483505,1.7679653679653682,1.7758352758352758,-0.007869907869907886,3.7124527587372076,17.714285714285715,124.0,26.0,17.714285714285715,124.0,21.0,NFC South,-2,0.0,0,0.5055555555555555,0.6621428571428571,6.598571428571428,2.6706067741782027,1.1428571428571428,0.2857142857142857,0.9714285714285714,46.142857142857146,0.8571428571428571,3.0,0.349708519771545,0.6388571428571428,5.9157142857142855,4.380871445098364,1.5714285714285714,0.5714285714285714,0.8,49.285714285714285,1.2857142857142858,0.349708519771545,-0.7124527587372076,2022,0.3336249556588421,0.2203144683859497,BAL vs. TAM,TAM,1400.831329440308,11.0,BAL,1547.9802923635814,6.0,0,-5,-2.0,0,-128.0,116.0,0,0
BAL,8.0,5.0,0.625,9.875,79,10.375,83,-9.037500000000001,1.560928532252062,-12.3,0.14389193849582876,2.638888888888889,2.2465277777777777,0.39236111111111116,4.627689803372268,26.0,208.0,38.0,22.875,183.0,34.0,AFC North,2,3.125,25,0.6040816326530613,0.625125,6.71125,5.787950591075591,1.875,0.875,0.9166666666666666,48.75,1.125,6.0,0.42293123543123545,0.669875,6.515,4.370913997319358,1.5,1.125,0.880952380952381,38.0,1.875,0.42293123543123545,0.37231019662773157,2022-11-07,2022,0.5033983978985028,0.3774978112731067,NOR,8.0,3.0,0.375,11.25,90,10.5,84,-8.8,0.8469796162085252,-8.087499999999999,0.24819380877393238,2.2887237762237764,2.3531468531468533,-0.06442307692307692,3.780807572628053,24.875,199.0,35.0,25.0,200.0,36.0,NFC South,1,-0.125,-1,0.46190476190476193,0.6535,6.87875,5.074001675032054,1.75,1.125,0.7083333333333333,60.75,2.0,-9.0,0.4358610751993105,0.619875,7.05375,4.475215867597462,1.25,0.875,0.9714285714285714,53.125,0.875,0.4358610751993105,-0.7808075726280528,2022,0.35093296521946965,0.33317102289492573,BAL vs. NOR,NOR,1428.8193273982697,17.0,BAL,1577.9853397292795,7.0,0,-14,1.0,0,112.0,-124.0,0,0
CAR,10.0,3.0,0.3,10.7,107,10.6,106,-23.39,0.24609081247386486,-9.059999999999999,0.19922924516915413,1.88989898989899,2.3195609945609945,-0.42966200466200466,4.427064022119476,20.4,204.0,37.0,24.3,243.0,43.0,NFC South,1,-3.9,-39,0.5118165784832451,0.5828,5.705,4.473112871297394,0.9,1.0,0.9270833333333334,54.1,1.2,-3.0,0.2783966033966034,0.6698999999999999,6.503,4.426251303992683,1.4,1.2,0.75,51.7,0.9,0.2783966033966034,-1.4270640221194757,2022-11-20,2022,0.29644731886128917,0.3072040066498703,BAL,9.0,6.0,0.6666666666666666,9.777777777777779,88,10.222222222222221,92,-9.422222222222224,1.440045133243663,-12.944444444444445,0.013790383238122365,2.6790123456790123,2.1574074074074074,0.5216049382716049,5.477383845096391,26.11111111111111,235.0,43.0,21.77777777777778,196.0,37.0,AFC North,3,4.333333333333333,39,0.5754464285714286,0.6162222222222222,6.727777777777778,5.667067192067192,1.7777777777777777,1.0,0.925925925925926,46.77777777777778,1.0,7.0,0.4426055426055426,0.6695555555555556,6.421111111111111,4.240812442061651,1.4444444444444444,1.0,0.8958333333333334,38.22222222222222,1.7777777777777777,0.4426055426055426,0.5226161549036092,2022,0.5170107255818879,0.3808415431539052,CAR vs. BAL,BAL,1607.7470987494462,5.0,CAR,1408.0427445716605,23.0,1,10,-13.0,0,-647.0,503.0,0,0
BAL,10.0,7.0,0.7,9.9,99,10.3,103,-11.040000000000001,1.256671747370277,-16.529999999999998,-0.19852615508568988,2.5292929292929296,1.9689393939393938,0.5603535353535354,6.447358231255393,24.8,248.0,46.0,19.9,199.0,38.0,AFC North,4,4.9,49,0.5448412698412698,0.6273,6.503,5.4836938061938065,1.6,1.0,0.9333333333333333,51.4,1.0,9.0,0.43834498834498836,0.6662,6.018,4.02849590373784,1.3,0.9,0.9074074074074073,41.0,1.9,0.43834498834498836,0.552641768744607,2022-11-27,2022,0.49032476905277966,0.3524275604002865,JAX,10.0,3.0,0.3,10.0,100,9.8,98,-11.23,0.9642094786251137,-13.59,-0.29182870858136717,2.2047222222222222,2.1260858585858586,0.0786363636363637,4.76865026104256,21.6,216.0,38.0,20.5,205.0,36.0,AFC South,-1,1.1,11,0.4505291005291005,0.6653,6.420999999999999,5.191231537448642,1.3,1.1,0.84375,44.4,1.3,1.0,0.41085081585081584,0.6338,6.567,3.9351933502421614,1.6,0.9,1.0,43.6,1.4,0.41085081585081584,-1.76865026104256,2022,0.3127912900803827,0.2656414189821101,BAL vs. JAX,JAX,1365.8198227619778,23.0,BAL,1631.8034843855992,4.0,1,1,3.5,1,147.0,-164.0,0,0
DEN,11.0,3.0,0.2727272727272727,11.363636363636363,125,10.909090909090908,120,-21.318181818181817,-0.07475662973901204,-20.818181818181817,0.2732670383620212,1.3066822066822068,1.6776980595162414,-0.3710158528340347,4.355327569370641,14.272727272727273,157.0,34.0,17.636363636363637,194.0,43.0,AFC West,-3,-3.3636363636363638,-37,0.3422330447330447,0.5855454545454545,6.081818181818181,4.152265429084517,0.7272727272727273,0.5454545454545454,0.775,67.18181818181819,1.0909090909090908,-1.0,0.27783857127017836,0.6152727272727273,5.471818181818182,4.50028909718555,0.8181818181818182,0.5454545454545454,0.9772727272727273,65.45454545454545,1.0,0.27783857127017836,-1.3553275693706412,2022-12-04,2022,0.23848644555738055,0.281606753422017,BAL,11.0,7.0,0.6363636363636364,10.0,110,10.272727272727273,113,-11.20909090909091,1.1789333494046064,-12.590909090909092,-0.3920257826982207,2.522497704315886,2.0444903581267218,0.47800734618916446,6.925823731981218,25.0,275.0,52.0,20.636363636363637,227.0,43.0,AFC North,-1,4.363636363636363,48,0.5203571428571429,0.6157272727272727,6.6872727272727275,5.405955408228135,1.5454545454545454,1.0,0.9212121212121211,48.54545454545455,1.0909090909090908,8.0,0.45044349589804134,0.6769090909090909,6.340909090909091,3.8349962761253082,1.4545454545454546,0.8181818181818182,0.9166666666666666,39.0,1.8181818181818181,0.45044349589804134,0.07417626801878185,2022,0.47591501317105506,0.3485032819990407,DEN vs. BAL,BAL,1549.586398313761,7.0,DEN,1280.3828832685483,29.0,1,1,-9.5,0,-347.0,294.0,0,0
BAL,12.0,8.0,0.6666666666666666,10.0,120,10.333333333333334,124,-13.225000000000001,1.0349846844332142,-11.433333333333332,-0.4497040438039012,2.3956228956228958,1.9422979797979798,0.4533249158249159,7.487927479737422,23.75,285.0,54.0,19.666666666666668,236.0,46.0,AFC North,1,4.083333333333333,49,0.4978453364817001,0.632,6.3374999999999995,5.262006743256744,1.4166666666666667,1.0,0.9277777777777777,45.75,1.1666666666666667,6.0,0.43213730713730714,0.6849166666666666,6.509166666666666,3.777318015019628,1.3333333333333333,0.75,0.9015151515151515,39.75,1.6666666666666667,0.43213730713730714,0.5120725202625778,2022-12-11,2022,0.4692027195098467,0.3558839623199453,PIT,12.0,5.0,0.4166666666666667,10.25,123,10.5,126,-22.675,-0.034524866937642375,-11.0,-0.13248700931890553,1.785673123173123,2.2237794612794612,-0.43810633810633814,4.991818655677852,17.75,213.0,44.0,23.083333333333332,277.0,51.0,AFC North,2,-5.333333333333333,-64,0.48659320477502294,0.63925,4.9875,4.192497191885887,0.6666666666666666,0.8333333333333334,0.8402777777777778,43.083333333333336,1.1666666666666667,3.0,0.3816798941798942,0.6106666666666667,7.023333333333333,4.094535049504624,2.0,0.5,0.8333333333333333,43.0,1.4166666666666667,0.3816798941798942,0.00818134432214812,2022,0.3579674655488987,0.3713077040743582,BAL vs. PIT,PIT,1495.303203538145,18.0,BAL,1567.0999363027613,6.0,0,-2,-1.5,0,-124.0,112.0,1,0
BAL,13.0,9.0,0.6923076923076923,9.846153846153847,128,10.23076923076923,133,-13.823076923076924,1.02398782872482,-13.023076923076921,-0.49026696803618025,2.365190365190365,1.9125485625485625,0.4526418026418027,8.066391057589597,23.153846153846153,301.0,58.0,19.23076923076923,250.0,48.0,AFC North,2,3.923076923076923,51,0.4910804473304473,0.6331538461538462,6.275384615384615,5.251009887548349,1.3076923076923077,1.0,0.9333333333333333,45.76923076923077,1.0769230769230769,9.0,0.4225646148723072,0.6868461538461539,6.378461538461538,3.736755090787349,1.3076923076923077,0.7692307692307693,0.8263888888888888,37.84615384615385,1.7692307692307692,0.4225646148723072,0.9336089424104035,2022-12-17,2022,0.4856666578484396,0.3590591262207631,CLE,13.0,5.0,0.38461538461538464,10.384615384615385,135,10.307692307692308,134,-16.04615384615385,0.40319793416797634,-11.284615384615384,0.4233957559458145,2.270667153359461,2.5181623931623935,-0.2474952398029321,6.169118856065875,23.076923076923077,300.0,51.0,24.846153846153847,323.0,61.0,AFC North,-1,-1.7692307692307692,-23,0.4496392496392496,0.6418461538461538,6.3707692307692305,4.630219992991505,1.0,1.3846153846153846,0.782051282051282,54.07692307692308,1.3846153846153846,-5.0,0.3812233141418662,0.6156153846153847,6.892307692307692,4.650417814769344,1.4615384615384615,1.3076923076923077,0.8461538461538461,48.46153846153846,1.0,0.3812233141418662,-1.1691188560658752,2022,0.34380338366988056,0.37926736497128677,BAL vs. CLE,CLE,1384.0581172377229,20.0,BAL,1516.1202398095822,9.0,1,10,-2.5,1,-155.0,139.0,1,0
PIT,15.0,7.0,0.4666666666666667,9.866666666666667,148,10.133333333333333,152,-21.60666666666667,-0.16351813247531352,-14.246666666666666,-0.31911540602016436,1.8571099271099272,2.112356902356902,-0.25524697524697526,6.787296081367857,17.6,264.0,53.0,21.266666666666666,319.0,61.0,AFC North,2,-3.6666666666666665,-55,0.4880270523127666,0.6547333333333333,5.197333333333333,4.063503926348216,0.6666666666666666,0.9333333333333333,0.7722222222222223,43.2,1.2,2.0,0.4124867724867725,0.6078,6.652,3.9079066528033644,1.7333333333333334,0.4666666666666667,0.869047619047619,41.46666666666667,1.3333333333333333,0.4124867724867725,0.2127039186321431,2023-01-01,2022,0.36318617463401065,0.3802521662441056,BAL,15.0,10.0,0.6666666666666666,9.666666666666666,145,10.066666666666666,151,-15.520000000000001,1.1560660622057684,-13.099999999999998,-0.4672888589290389,2.2137205387205388,1.8258754208754209,0.38784511784511794,8.91507641046014,21.4,321.0,63.0,18.133333333333333,272.0,54.0,AFC North,1,3.2666666666666666,49,0.4739088292659721,0.6218,6.148,5.383088121029298,1.2,0.8666666666666667,0.8811111111111111,41.733333333333334,1.0666666666666667,8.0,0.4162226662226662,0.6826000000000001,6.336666666666667,3.75973319989449,1.2,0.6666666666666666,0.8154761904761905,38.13333333333333,1.6,0.4162226662226662,1.0849235895398603,2022,0.4659081315590856,0.35964056239962583,PIT vs. BAL,BAL,1567.0999363027613,6.0,PIT,1495.303203538145,18.0,0,-3,-1.0,0,-121.0,110.0,1,0
BAL,16.0,10.0,0.625,9.5625,153,9.875,158,-15.95625,1.0874801974985802,-13.2625,-0.4004429156297616,2.176925505050505,1.85461534992785,0.32231015512265515,9.294474150086005,20.875,334.0,66.0,18.0,288.0,58.0,AFC North,-1,2.875,46,0.47342601842601845,0.624625,6.04625,5.314502256322109,1.1875,0.8125,0.8885416666666667,41.0,1.0625,7.0,0.41625041625041626,0.6746875,6.34125,3.8265791431937677,1.1875,0.625,0.8111111111111111,38.4375,1.5,0.41625041625041626,0.7055258499139949,2023-01-08,2022,0.450394079286897,0.36033247598695084,CIN,15.0,11.0,0.7333333333333333,10.066666666666666,151,10.466666666666667,157,1.1866666666666679,-0.39121318142641637,-15.146666666666668,-0.12474949139646527,2.6685064935064933,2.006936766936767,0.6615697265697267,9.336796620831329,26.066666666666666,391.0,69.0,20.4,306.0,59.0,AFC North,7,5.666666666666667,85,0.4761024689596118,0.6920000000000001,7.506666666666666,3.8358088773971124,2.2666666666666666,0.8666666666666667,0.7738095238095238,39.2,1.1333333333333333,3.0,0.47560622384151796,0.6066666666666667,6.6659999999999995,4.102272567427064,1.1333333333333333,0.7333333333333333,0.8269230769230769,54.0,1.3333333333333333,0.47560622384151796,1.663203379168671,2022,0.5076207651932177,0.392411464701041,BAL vs. CIN,CIN,1539.8909684099183,9.0,BAL,1500.0,9.0,1,11,-11.0,0,-603.0,474.0,1,0
BAL,17.0,10.0,0.5882352941176471,9.764705882352942,166,10.058823529411764,171,-18.235294117647058,1.014513833836931,-13.676470588235292,-0.4637711005235126,2.1212692536221947,1.8676922750452163,0.25357697857697864,9.51889306042797,20.58823529411765,350.0,70.0,18.529411764705884,315.0,62.0,AFC North,-2,2.0588235294117645,35,0.4896702256077256,0.6132941176470589,5.939411764705882,5.24153589266046,1.1176470588235294,0.8235294117647058,0.8950980392156863,39.88235294117647,1.2352941176470589,4.0,0.41382392117686234,0.67,6.279411764705882,3.7632509583000164,1.1764705882352942,0.6470588235294118,0.8229166666666666,38.23529411764706,1.4705882352941178,0.41382392117686234,0.48110693957202955,2023-01-15,2022,0.4336206540645082,0.35150623675729814,CIN,16.0,12.0,0.75,10.25,164,10.625,170,-0.15624999999999867,-0.4590762362637359,-17.618750000000002,-0.1265118972310271,2.63153252997003,1.958426295926296,0.673106234043734,10.112377710489362,26.125,418.0,73.0,20.125,322.0,63.0,AFC North,8,6.0,96,0.486028971028971,0.6859375,7.368125,3.767945822559793,2.1875,0.875,0.788888888888889,38.9375,1.125,6.0,0.4667141681847564,0.59575,6.51375,4.100510161592502,1.0625,0.75,0.8392857142857143,52.0,1.5,0.4667141681847564,1.887622289510638,2022,0.49763583351153834,0.39114713391145967,BAL vs. CIN,CIN,1539.8909684099183,9.0,BAL,1500.0,9.0,1,11,-11.0,0,-603.0,474.0,1,0
TEN,1.0,0.0,0.0,12.0,12,11.0,11,6.400000000000006,-0.6500989819004519,9.5,3.210477941176471,1.6666666666666667,1.9090909090909092,-0.24242424242424243,0.4711239954543948,20.0,20.0,4.0,21.0,21.0,3.0,AFC South,-1,-1.0,-1,0.5,0.606,9.27,3.576923076923077,2.0,0.0,0.6666666666666666,50.0,1.0,1.0,0.2727272727272727,0.81,7.19,7.4375,2.0,1.0,,45.0,2.0,0.2727272727272727,-0.4711239954543948,2022-09-19,2022,0.1762920015152017,-0.12848836239665315,BUF,1.0,1.0,1.0,9.0,9,10.0,10,11.299999999999997,0.6129779411764709,-41.9,-1.3381331699346402,3.4444444444444446,1.0,2.4444444444444446,0.9359215175743945,31.0,31.0,5.0,10.0,10.0,2.0,AFC East,1,21.0,21,0.5,0.8390000000000001,8.45,4.84,3.0,1.0,1.0,35.0,4.0,-1.0,0.9,0.7070000000000001,1.85,2.888888888888889,1.0,0.0,1.0,30.0,3.0,0.9,0.06407848242560554,2022,0.5911547124586698,0.01281569648512111,TEN vs. BUF,BUF,1550.0,1.0,TEN,1450.0,16.0,1,34,-10.0,1,-395.0,329.0,0,0
BUF,2.0,2.0,1.0,9.5,19,10.5,21,16.75,0.29714460784313745,-57.150000000000006,-1.3010961328976032,3.772222222222222,0.8181818181818181,2.954040404040404,1.9209917918848611,36.0,72.0,11.0,8.5,17.0,3.0,AFC East,2,27.5,55,0.0,0.7445,9.14,4.524166666666666,3.5,0.5,1.0,42.0,2.0,3.0,0.6423076923076924,0.6035,1.28,2.9259259259259256,0.5,0.5,1.0,58.5,3.5,0.6423076923076924,0.07900820811513887,2022-09-25,2022,0.601818165507014,0.07707201486536706,MIA,2.0,2.0,1.0,8.5,17,8.5,17,12.100000000000001,-0.42508969167377053,13.5,0.6457052139037438,3.5285714285714285,2.548611111111111,0.9799603174603175,1.4823248118128878,31.0,62.0,9.0,22.5,45.0,6.0,AFC East,2,8.5,17,1.0,0.7085,8.88,3.8019323671497585,3.5,0.0,1.0,35.5,1.0,1.0,0.5324675324675324,0.712,9.315,4.872727272727273,2.0,0.5,1.0,10.0,1.5,0.5324675324675324,0.5176751881871122,2022,0.6664434321671767,0.2678250332094904,BUF vs. MIA,MIA,1600.0,1.0,BUF,1585.9935000197115,1.0,1,2,4.0,1,175.0,-196.0,1,0
PIT,4.0,1.0,0.25,11.0,44,11.25,45,-31.0,-0.19916282128687168,-21.4,-0.2792532961460442,1.672863247863248,2.076010101010101,-0.40314685314685306,1.5826160947567207,18.5,74.0,14.0,22.5,90.0,15.0,AFC North,-3,-4.0,-16,0.27777777777777773,0.617,3.9325,4.027859237536657,0.5,1.0,0.8125,39.75,1.75,1.0,0.35277777777777775,0.6035,5.7,3.9477687626774847,1.75,0.75,0.7916666666666666,42.5,2.0,0.35277777777777775,-0.5826160947567207,2022-10-09,2022,0.27183735609889725,0.2014486587702733,BUF,4.0,3.0,0.75,9.0,36,10.0,40,-1.5,0.5350612745098042,-36.050000000000004,-0.9338451921172506,3.1396825396825396,1.4924242424242424,1.6472582972582972,2.944028853105596,28.5,114.0,19.0,14.5,58.0,10.0,AFC East,1,14.0,56,0.5555555555555555,0.671,7.467499999999999,4.762083333333333,2.5,0.5,0.875,41.75,1.75,2.0,0.5648407148407149,0.63675,3.58,3.293176866706278,0.75,1.0,1.0,51.75,2.25,0.5648407148407149,0.05597114689440419,2022,0.5351628596596782,0.19099819668090026,PIT vs. BUF,BUF,1590.0227122357646,2.0,PIT,1387.7442893803773,24.0,1,35,-14.0,1,-749.0,568.0,0,0
BUF,5.0,4.0,0.8,9.4,47,10.4,52,4.5,0.915977941176471,-34.160000000000004,-0.9571864478114473,3.2026551226551225,1.243939393939394,1.9587157287157286,3.9415987004071087,30.4,152.0,25.0,12.2,61.0,11.0,AFC East,2,18.2,91,0.47916666666666663,0.659,8.568000000000001,5.143,2.8,0.6,0.8,39.0,1.8,2.0,0.5629836829836831,0.6402,3.8840000000000003,3.2698356110120814,0.6,0.8,0.7777777777777778,52.2,2.2,0.5629836829836831,0.05840129959289131,2022-10-16,2022,0.538127797829031,0.17170159344431463,KAN,5.0,4.0,0.8,9.8,49,9.8,49,7.099999999999997,0.17608104427957416,2.8599999999999994,-0.6665843483858186,3.246666666666667,2.5674747474747477,0.6791919191919191,3.006473284717682,31.8,159.0,26.0,25.0,125.0,22.0,AFC West,2,6.8,34,0.47916666666666663,0.6614,8.084,4.403103103103104,3.0,0.8,0.8,45.6,0.8,0.0,0.5095098039215686,0.6866,7.164,3.5604377104377107,2.4,0.6,1.0,49.4,0.8,0.5095098039215686,0.993526715282318,2022,0.6360477330503684,0.44839831729065716,BUF vs. KAN,KAN,1605.915775751011,2.0,BUF,1613.8094337081118,2.0,0,-4,2.5,0,132.0,-146.0,0,0
GNB,7.0,3.0,0.42857142857142855,10.0,70,10.0,70,-5.014285714285713,0.16457121006297307,-13.757142857142856,0.41308732649565494,1.9325813075813074,2.106168831168831,-0.17358752358752352,3.043251566189963,18.285714285714285,128.0,21.0,20.857142857142858,146.0,27.0,NFC North,-3,-2.5714285714285716,-18,0.6694444444444444,0.674,6.684285714285714,4.391593268886502,1.5714285714285714,0.42857142857142855,0.875,41.142857142857146,1.2857142857142858,-4.0,0.3382086167800454,0.6781428571428572,5.9314285714285715,4.640109385319184,0.8571428571428571,1.0,0.9166666666666667,54.42857142857143,0.7142857142857143,0.3382086167800454,-0.043251566189963064,2022-10-30,2022,0.2981463614490016,0.3282289953323898,BUF,6.0,5.0,0.8333333333333334,9.333333333333334,56,10.333333333333334,62,6.5,0.7308542852624925,-31.266666666666666,-0.8725294200171648,3.1133237133237137,1.3699494949494948,1.7433742183742182,4.5479742165517685,29.333333333333332,176.0,29.0,13.5,81.0,15.0,AFC East,3,15.833333333333334,95,0.5433333333333333,0.6616666666666667,8.715,4.957876344086022,2.8333333333333335,0.5,0.8333333333333334,38.333333333333336,1.6666666666666667,3.0,0.5297591297591299,0.6376666666666667,4.358333333333333,3.3544926388063643,0.8333333333333334,0.6666666666666666,0.75,53.166666666666664,2.1666666666666665,0.5297591297591299,0.4520257834482315,2022,0.5568712729761868,0.21983974933258998,GNB vs. BUF,BUF,1662.6736404327291,2.0,GNB,1445.9709970587492,11.0,1,10,-10.5,0,-445.0,365.0,0,0
BUF,7.0,6.0,0.8571428571428571,9.285714285714286,65,10.142857142857142,71,1.9571428571428575,0.8321100456311561,-28.285714285714285,-0.39321730851023984,3.097134611420326,1.444083694083694,1.6530509173366317,5.297562514282976,29.0,203.0,34.0,14.0,98.0,18.0,AFC East,4,15.0,105,0.5242063492063492,0.6414285714285715,8.418571428571429,5.059132104454685,2.7142857142857144,0.5714285714285714,0.8571428571428571,37.857142857142854,1.7142857142857142,2.0,0.4948955806098664,0.6369999999999999,4.617142857142857,3.833804750313289,1.0,0.5714285714285714,0.7,53.857142857142854,2.0,0.4948955806098664,0.7024374857170237,2022-11-06,2022,0.5755667571744589,0.2427442147744596,NYJ,8.0,5.0,0.625,11.625,93,11.375,91,-24.662499999999998,0.28362145798758415,-21.975,-0.4732104023790452,1.9662337662337661,1.8167977855477855,0.14943598068598066,4.287667246089623,22.0,176.0,32.0,19.875,159.0,31.0,AFC East,-1,2.125,17,0.4921768707482993,0.575625,5.7625,4.510643516811113,1.125,1.125,0.8333333333333334,70.875,1.5,0.0,0.3227453102453102,0.633,4.98875,3.753811656444484,1.125,1.0,0.7708333333333333,48.0,1.5,0.3227453102453102,0.7123327539103768,2022,0.37472398941550017,0.3284097738615683,BUF vs. NYJ,NYJ,1555.061002586732,7.0,BUF,1684.987988625572,2.0,1,3,11.0,1,400.0,-494.0,1,0
MIN,8.0,7.0,0.875,10.875,87,10.75,86,-9.950000000000003,0.16919847438925067,-8.287499999999998,0.029908592224769104,2.242692377067377,1.9012536075036075,0.3414387695637695,4.78225928009285,24.125,193.0,34.0,20.125,161.0,29.0,NFC North,6,4.0,32,0.5517006802721088,0.654875,6.3525,4.396220533212779,1.625,1.25,0.5714285714285714,39.125,1.0,6.0,0.38576198107448106,0.677875,7.1137500000000005,4.2569306510482985,1.375,1.0,0.6904761904761905,57.625,1.75,0.38576198107448106,2.21774071990715,2022-11-13,2022,0.49914250643224584,0.388538489647249,BUF,8.0,6.0,0.75,9.25,74,9.875,79,-5.2749999999999995,0.9610821689379568,-24.9875,-0.23273701994645984,2.946103896103896,1.5760732323232323,1.3700306637806636,5.7024431108970015,27.5,220.0,37.0,14.75,118.0,22.0,AFC East,-1,12.75,102,0.5386054421768708,0.627375,7.70875,5.188104227761486,2.375,0.75,0.8125,36.875,1.75,1.0,0.5099567099567099,0.647375,4.82,3.994285038877069,1.0,0.625,0.75,50.875,1.875,0.5099567099567099,0.2975568891029985,2022,0.5185973055689375,0.25402887905105376,MIN vs. BUF,BUF,1617.115460951642,3.0,MIN,1712.356206797852,2.0,0,-3,-6.5,0,-264.0,230.0,0,0
CLE,9.0,3.0,0.3333333333333333,10.11111111111111,91,9.666666666666666,87,-14.000000000000002,0.6772186005246572,-8.744444444444444,0.38581921363661836,2.4306462056462057,2.7762345679012346,-0.34558836225502887,4.219315772083115,24.11111111111111,217.0,39.0,26.444444444444443,238.0,43.0,AFC North,-1,-2.3333333333333335,-21,0.43392857142857144,0.6543333333333333,6.653333333333333,4.904240659348186,0.8888888888888888,1.7777777777777777,0.7962962962962963,51.666666666666664,1.4444444444444444,-5.0,0.4137544554211221,0.6226666666666667,7.291111111111111,4.612841272460148,1.4444444444444444,1.6666666666666667,0.7777777777777778,44.888888888888886,0.8888888888888888,0.4137544554211221,-1.2193157720831147,2022-11-20,2022,0.3705087727579469,0.37237474048585706,BUF,9.0,6.0,0.6666666666666666,9.777777777777779,88,10.11111111111111,91,-7.2666666666666675,1.104790752684623,-25.555555555555557,-0.023213135377245318,2.856854256854257,1.7065095398428731,1.1503447170113836,6.146210726798116,27.77777777777778,250.0,43.0,16.77777777777778,151.0,27.0,AFC East,-2,11.0,99,0.580654761904762,0.6325555555555556,7.474444444444444,5.3318128115081524,2.2222222222222223,0.8888888888888888,0.8333333333333334,39.888888888888886,2.0,-1.0,0.5131239131239131,0.6421111111111111,4.871111111111111,4.203808923446284,1.0,0.7777777777777778,0.7857142857142857,52.333333333333336,1.8888888888888888,0.5131239131239131,-0.14621072679811586,2022,0.48069815498444574,0.2589161298857764,CLE vs. BUF,BUF,1580.4884046449629,6.0,CLE,1401.361287773465,18.0,1,8,-7.5,1,-353.0,298.0,0,0
BUF,10.0,7.0,0.7,9.8,98,10.1,101,-6.669999999999999,1.089791289715626,-21.45,-0.13590172002956596,2.8811688311688313,1.7658585858585858,1.1153102453102453,6.816043404429785,28.1,281.0,51.0,17.4,174.0,31.0,AFC East,1,10.7,107,0.5531746031746032,0.636,7.49,5.316813348539155,2.1,0.9,0.85,44.8,1.8,0.0,0.48908424908424913,0.6462,5.301,4.091120338793963,1.2,0.7,0.75,51.3,1.8,0.48908424908424913,0.1839565955702147,2022-11-24,2022,0.5299814146674295,0.28188381629967985,DET,10.0,4.0,0.4,10.0,100,9.7,97,-9.54,0.582339124698096,-2.8900000000000032,0.8022140800376099,2.518513986013986,3.003816738816739,-0.4853027528027528,4.515717930984797,25.0,250.0,40.0,28.2,282.0,45.0,NFC North,3,-3.2,-32,0.5341710758377425,0.6445,6.975,4.8093611835216254,1.5,1.5,0.9047619047619048,48.1,1.2,1.0,0.41106990231990237,0.6692,7.861,5.029236138861139,1.6,1.7,0.8333333333333333,55.5,1.3,0.41106990231990237,-0.5157179309847972,2022,0.37937128276060816,0.39360071454194245,BUF vs. DET,DET,1506.017086884737,16.0,BUF,1606.774747411008,4.0,0,-3,10.0,1,342.0,-412.0,0,0
BUF,11.0,8.0,0.7272727272727273,9.818181818181818,108,10.0,110,-7.954545454545454,1.1205512047387123,-19.700000000000003,-0.1961334391407055,2.8737898465171194,1.8578512396694216,1.0159386068476977,7.3827898743287195,28.09090909090909,309.0,56.0,18.09090909090909,199.0,35.0,AFC East,2,10.0,110,0.5378571428571428,0.6300909090909091,7.3109090909090915,5.347573263562241,2.090909090909091,0.9090909090909091,0.8636363636363636,44.0,1.7272727272727273,1.0,0.49765234765234767,0.644,5.482727272727273,4.030888619682823,1.2727272727272727,0.7272727272727273,0.7222222222222222,49.54545454545455,1.8181818181818181,0.49765234765234767,0.6172101256712805,2022-12-01,2022,0.5476125985164912,0.3071093838004089,NWE,11.0,6.0,0.5454545454545454,10.727272727272727,118,10.818181818181818,119,-11.745454545454544,-0.28327212962128656,-24.336363636363636,-0.17880871456275377,2.010583103764922,1.795502477320659,0.2150806264442628,6.388901393898804,21.727272727272727,239.0,44.0,18.363636363636363,202.0,38.0,AFC East,-1,3.3636363636363638,37,0.570595238095238,0.7043636363636364,6.3963636363636365,3.943749929202242,1.0,0.8181818181818182,0.8148148148148148,48.0,1.5454545454545454,1.0,0.3670487594776928,0.5830000000000001,5.253636363636364,4.048213344260775,1.3636363636363635,0.36363636363636365,0.9,32.81818181818182,1.6363636363636365,0.3670487594776928,-0.38890139389880396,2022,0.35969825783393883,0.2790082101083617,BUF vs. NWE,NWE,1576.903650211773,14.0,BUF,1642.6678291904186,4.0,0,-14,3.5,0,165.0,-185.0,1,0
NYJ,12.0,7.0,0.5833333333333334,11.166666666666666,134,10.916666666666666,131,-20.666666666666668,0.24843732322786952,-23.425,-0.1668388839541014,1.9699457949457948,1.7415015540015542,0.22844424094424096,6.254199788830521,21.0,252.0,48.0,18.583333333333332,223.0,42.0,AFC East,-1,2.4166666666666665,29,0.5408041453495999,0.5855833333333333,5.982499999999999,4.475459382051398,1.0833333333333333,1.0,0.8472222222222222,54.75,1.25,0.0,0.32930807618307617,0.63375,5.0575,4.060183174869428,0.9166666666666666,1.0,0.75,43.583333333333336,1.25,0.32930807618307617,0.7458002111694793,2022-12-11,2022,0.38047164809461126,0.31381908961139826,BUF,12.0,9.0,0.75,9.666666666666666,116,9.916666666666666,119,-6.791666666666667,0.9722173967391562,-19.45,-0.174897966971417,2.884307359307359,1.7956228956228957,1.0886844636844637,8.271225548361057,27.75,333.0,60.0,17.416666666666668,209.0,37.0,AFC East,3,10.333333333333334,124,0.5385478158205431,0.6331666666666668,7.365833333333334,5.199239455562685,2.0833333333333335,0.9166666666666666,0.875,44.25,1.6666666666666667,0.0,0.5061813186813188,0.64125,5.493333333333333,4.052124091852112,1.25,0.6666666666666666,0.7,50.583333333333336,1.6666666666666667,0.5061813186813188,0.7287744516389427,2022,0.5486540711913338,0.30389681702425836,NYJ vs. BUF,BUF,1684.987988625572,2.0,NYJ,1555.061002586732,7.0,1,8,-10.0,0,-398.0,332.0,1,0
MIA,13.0,8.0,0.6153846153846154,9.923076923076923,129,10.0,130,-3.430769230769231,-0.24337005134571416,-3.969230769230767,-0.014230314291307918,2.6446997446997447,2.463896146588454,0.18080359811129046,6.735555259740306,24.307692307692307,316.0,52.0,24.0,312.0,53.0,AFC East,-2,0.3076923076923077,4,0.5099747474747475,0.6307692307692307,8.022307692307693,3.983652007477815,1.9230769230769231,0.6923076923076923,0.7954545454545454,50.0,1.1538461538461537,-3.0,0.37127039627039626,0.681923076923077,7.0,4.212791744532221,1.5384615384615385,1.0769230769230769,0.9583333333333334,47.30769230769231,0.9230769230769231,0.37127039627039626,1.2644447402596937,2022-12-17,2022,0.4423083640390603,0.4159855451087359,BUF,13.0,10.0,0.7692307692307693,9.846153846153847,128,10.076923076923077,131,-7.507692307692308,0.899198977080488,-20.076923076923077,-0.2208655544565445,2.7906426906426907,1.7344211344211344,1.0562215562215562,9.041640677290497,27.153846153846153,353.0,64.0,17.0,221.0,39.0,AFC East,4,10.153846153846153,132,0.5422799422799423,0.6300769230769231,7.226923076923077,5.126221035904018,2.0,0.9230769230769231,0.8846153846153846,43.53846153846154,1.5384615384615385,2.0,0.4790786136939983,0.6377692307692308,5.452307692307692,4.0061565043669844,1.1538461538461537,0.6923076923076923,0.7272727272727273,51.38461538461539,1.6923076923076923,0.4790786136939983,0.9583593227095033,2022,0.5368599739503656,0.2967563203673932,MIA vs. BUF,BUF,1585.9935000197115,1.0,MIA,1600.0,1.0,1,3,-7.0,0,-320.0,273.0,1,0
BUF,14.0,11.0,0.7857142857142857,9.928571428571429,139,10.071428571428571,141,-5.664285714285713,0.9024984597375904,-18.521428571428572,0.030123266660099457,2.7991032776747065,1.8176767676767676,0.9814265099979386,9.599703295340436,27.5,385.0,69.0,17.857142857142858,250.0,45.0,AFC East,5,9.642857142857142,135,0.5479033786726094,0.6297142857142858,7.382142857142857,5.12952051856112,2.142857142857143,0.8571428571428571,0.8928571428571429,44.07142857142857,1.5,1.0,0.4856750392464678,0.6327142857142858,5.675,4.257145325483629,1.2142857142857142,0.7142857142857143,0.75,51.357142857142854,1.5714285714285714,0.4856750392464678,1.4002967046595636,2022-12-24,2022,0.5460536858281141,0.32827424098768004,CHI,14.0,3.0,0.21428571428571427,9.928571428571429,139,9.5,133,-20.021428571428572,1.1334711105025206,-10.371428571428572,0.3116071056866508,2.094516594516594,2.820021645021645,-0.7255050505050507,5.465420890349999,20.714285714285715,290.0,55.0,25.571428571428573,358.0,56.0,NFC North,-7,-4.857142857142857,-68,0.45864327979712594,0.6107142857142858,5.51,5.360493169326049,1.1428571428571428,1.2142857142857142,0.9242424242424242,47.857142857142854,1.3571428571428572,-1.0,0.4305962886320029,0.6531428571428571,6.950714285714286,4.538629164510179,1.1428571428571428,1.7142857142857142,0.6944444444444445,35.5,1.2857142857142858,0.4305962886320029,-2.465420890349999,2022,0.32600300669617166,0.31682944690676695,BUF vs. CHI,CHI,1240.3564832756608,31.0,BUF,1738.2889044754352,2.0,0,-22,8.0,0,304.0,-360.0,0,0
NWE,16.0,8.0,0.5,10.5,168,10.8125,173,-13.84375,-0.0744737444017492,-20.90625,-0.2471144871360659,2.0137152777777776,1.8901844683094682,0.12353080946830944,8.657931934699242,21.3125,341.0,59.0,19.5,312.0,56.0,AFC East,1,1.8125,29,0.559919524919525,0.669125,6.198125,4.15254831442178,1.0,0.75,0.8333333333333334,51.3125,1.25,7.0,0.3475164766863683,0.603625,5.44875,3.979907571687463,1.5625,0.4375,0.8111111111111111,42.4375,1.6875,0.3475164766863683,-0.657931934699242,2023-01-08,2022,0.3367492618499794,0.2901574464078188,BUF,15.0,12.0,0.8,10.066666666666666,151,10.2,153,-7.2,1.106766984306634,-19.16,-0.06977837572846426,2.806940836940837,1.7687205387205387,1.0382202982202982,10.512418285874563,28.0,420.0,74.0,17.533333333333335,263.0,48.0,AFC East,6,10.466666666666667,157,0.5240735455021169,0.6262000000000001,7.2026666666666666,5.333789043130163,2.1333333333333333,1.0,0.8333333333333334,45.93333333333333,1.6,0.0,0.48966033966033967,0.6334,5.544,4.157243683095064,1.2,0.6666666666666666,0.7692307692307693,48.93333333333333,1.6,0.48966033966033967,1.4875817141254366,2022,0.5386671288500142,0.32392327768105483,NWE vs. BUF,BUF,1642.6678291904186,4.0,NWE,1576.903650211773,14.0,1,12,-8.0,1,-373.0,314.0,1,0
MIA,17.0,9.0,0.5294117647058824,9.882352941176471,168,9.882352941176471,168,-6.847058823529412,0.01478481399719647,-5.611764705882352,-0.1906835828782383,2.503834564128682,2.4026644923703744,0.1011700717583071,8.781089688997948,23.352941176470587,397.0,68.0,23.470588235294116,399.0,69.0,AFC East,1,-0.11764705882352941,-2,0.5138541146353647,0.6265882352941176,7.615882352941177,4.241806872820725,1.7647058823529411,0.7058823529411765,0.7611111111111111,51.8235294117647,1.2352941176470589,-7.0,0.3566340522222875,0.6631176470588235,6.855882352941176,4.036338475945291,1.588235294117647,0.8823529411764706,0.9479166666666666,47.0,0.8235294117647058,0.3566340522222875,0.21891031100205183,2023-01-15,2022,0.40997405502385836,0.3918434213792512,BUF,16.0,13.0,0.8125,10.0,160,10.25,164,-6.512499999999999,0.9984051691109987,-19.5625,-0.03884523635668835,2.87456259018759,1.7888573232323233,1.085705266955267,11.242503235205596,28.4375,455.0,77.0,17.875,286.0,52.0,AFC East,7,10.5625,169,0.5224686424686424,0.625375,7.260625,5.225427227934528,2.1875,0.9375,0.8333333333333334,44.3125,1.6875,0.0,0.49551490176490176,0.6344375,5.44625,4.188176822466841,1.3125,0.625,0.7857142857142857,47.125,1.6875,0.49551490176490176,1.7574967647944035,2022,0.5341122073785817,0.3320845395462306,MIA vs. BUF,BUF,1585.9935000197115,1.0,MIA,1600.0,1.0,1,3,-7.0,0,-320.0,273.0,1,0
CIN,1.0,13.0,13.0,10.058823529411764,171,10.529411764705882,179,-0.3705882352941162,-0.5140534415123512,-17.194117647058825,-0.10721417564403139,2.6784171710642295,1.9543358602182133,0.7240813108460167,10.806034655180591,26.0,442.0,76.0,19.941176470588236,339.0,66.0,AFC North,9,6.0588235294117645,103,0.4924168662220133,0.6878823529411765,7.3076470588235285,3.7129686173111778,2.1176470588235294,0.8823529411764706,0.8020833333333334,39.11764705882353,1.1176470588235294,7.0,0.4709346017304495,0.5951764705882353,6.544117647058823,4.119807883179497,1.1176470588235294,0.7058823529411765,0.85,51.05882352941177,1.5294117647058822,0.4709346017304495,2.193965344819409,2023-01-22,2022,1.4195401532530705,0.808948115966933,BUF,1.0,14.0,14.0,10.294117647058824,175,10.470588235294118,178,-6.758823529411765,0.9331085448433568,-21.83529411764706,-0.1616791670900319,2.8388040064510656,1.8138825227060522,1.0249214837450131,11.797016873388264,28.764705882352942,489.0,83.0,18.647058823529413,317.0,57.0,AFC East,8,10.117647058823529,172,0.52290258760847,0.6232941176470588,7.264705882352941,5.160130603666886,2.235294117647059,0.9411764705882353,0.84375,42.470588235294116,1.7647058823529411,-1.0,0.49945520166108404,0.6206470588235294,5.281176470588235,4.065342891733497,1.2941176470588236,0.6470588235294118,0.8,46.35294117647059,1.7058823529411764,0.49945520166108404,2.202983126611736,2022,1.5191291400501377,0.7054496529037582,CIN vs. BUF,BUF,1778.2630005266076,1.0,CIN,1786.3888279022767,3.0,0,-17,-6.0,0,-259.0,226.0,0,1
CAR,1.0,0.0,0.0,10.0,10,11.0,11,-19.700000000000003,-1.3849167956656343,-27.099999999999994,1.3370805052790349,2.4,2.3636363636363638,0.036363636363636154,0.45271640851387884,24.0,24.0,4.0,26.0,26.0,6.0,NFC South,-1,-2.0,-2,0.5,0.593,6.74,2.8421052631578947,1.0,2.0,1.0,96.0,1.0,-1.0,0.36363636363636365,0.529,4.65,5.564102564102564,1.0,1.0,1.0,71.0,0.0,0.36363636363636365,-0.45271640851387884,2022-09-18,2022,0.21891343659444848,-0.2469362228257521,NYG,1.0,1.0,1.0,11.0,11,12.0,12,9.5,3.210477941176471,6.400000000000006,-0.6500989819004519,1.9090909090909092,1.6666666666666667,0.24242424242424243,0.5288760045456051,21.0,21.0,3.0,20.0,20.0,4.0,NFC East,1,1.0,1,0.5,0.81,7.19,7.4375,2.0,1.0,,45.0,2.0,-1.0,0.2,0.606,9.27,3.576923076923077,2.0,0.0,0.6666666666666666,50.0,1.0,0.2,0.4711239954543949,2022,0.40121563512392583,0.15704133181813162,CAR vs. NYG,NYG,1550.0,1.0,CAR,1450.0,16.0,1,3,1.0,1,103.0,-114.0,0,0
NOR,2.0,1.0,0.5,12.5,25,12.0,24,-20.2,2.246662151702787,-20.65,-0.3822852167182653,1.5096153846153846,1.9090909090909092,-0.39947552447552437,0.6844362674427487,18.5,37.0,7.0,23.0,46.0,9.0,NFC South,-1,-4.5,-9,1.0,0.6505,5.195,6.473684210526316,1.5,0.5,0.8333333333333333,79.5,3.0,-3.0,0.3076923076923077,0.5675,6.32,3.844736842105264,0.5,1.0,0.9,78.0,1.5,0.3076923076923077,0.31556373255725134,2022-09-25,2022,0.3241789225580152,0.24666819985448463,CAR,2.0,0.0,0.0,10.5,21,10.5,21,-23.700000000000003,0.3679436162336791,-20.699999999999996,0.1156352838338135,1.9272727272727272,2.131818181818182,-0.20454545454545459,0.8522796879236867,20.0,40.0,8.0,22.5,45.0,11.0,NFC South,-2,-2.5,-5,1.0,0.538,5.9399999999999995,4.5949656750572085,1.0,1.0,1.0,67.0,1.5,-3.0,0.26515151515151514,0.5880000000000001,5.0,4.3426573426573425,1.0,0.5,1.0,66.5,0.0,0.26515151515151514,-0.8522796879236867,2022,0.21861339277644062,0.038688653162843964,NOR vs. CAR,CAR,1414.0064999802885,26.0,NOR,1500.0,7.0,1,8,2.0,1,112.0,-123.0,1,0
SFO,4.0,2.0,0.5,10.25,41,10.0,40,-18.4,0.17006186720776562,-28.825000000000003,-1.3584278152292852,1.8,1.1552884615384615,0.6447115384615385,2.494753537250765,17.75,71.0,12.0,11.5,46.0,8.0,NFC West,1,6.25,25,0.7222222222222222,0.57575,6.8325,4.397083926031295,0.75,1.0,0.7916666666666666,47.5,1.25,1.0,0.34681372549019607,0.6295,4.215,2.8685942435942438,0.5,0.5,0.75,41.25,1.5,0.34681372549019607,-0.494753537250765,2022-10-09,2022,0.25648144849384646,0.12526232313746175,CAR,4.0,1.0,0.25,10.75,43,11.25,45,-26.825000000000003,0.00904638664552182,-17.325,-0.2092560410575115,1.8272727272727272,1.9260489510489511,-0.0987762237762238,1.8374753796656251,19.5,78.0,14.0,21.25,85.0,18.0,NFC South,-1,-1.75,-7,0.611111111111111,0.54175,5.415,4.2360684454690505,1.0,0.5,1.0,62.5,1.5,-2.0,0.254004329004329,0.62625,5.7275,4.017766017766018,1.25,0.75,0.75,63.0,1.0,0.254004329004329,-0.8374753796656251,2022,0.25741479467837936,0.2162524620334375,SFO vs. CAR,CAR,1422.381199321882,24.0,SFO,1524.3931645427665,9.0,0,-22,6.0,0,206.0,-234.0,0,0
CAR,5.0,1.0,0.2,10.8,54,10.8,54,-28.26,-0.08522612597770012,-12.219999999999999,0.04236316918238838,1.7345454545454544,2.363061383061383,-0.6285159285159285,1.9427639401614551,18.6,93.0,18.0,24.4,122.0,23.0,NFC South,-2,-5.8,-29,0.5833333333333333,0.5524,5.279999999999999,4.141795932845829,0.8,0.6,0.95,56.6,1.4,-2.0,0.2432034632034632,0.621,6.476000000000001,4.269385228005918,1.4,1.0,0.7,60.4,1.0,0.2432034632034632,-0.9427639401614551,2022-10-16,2022,0.2704824039892363,0.2604312199121724,LAR,5.0,2.0,0.4,9.6,48,9.2,46,-18.18,-1.0092442810457514,-12.0,-0.16686519607843114,1.7555555555555558,2.528888888888889,-0.7733333333333332,1.6384317126791217,16.0,80.0,16.0,23.2,116.0,19.0,NFC West,-2,-7.2,-36,0.3958333333333333,0.7006,5.454,3.2177777777777776,1.0,0.6,0.9,31.2,2.4,-5.0,0.42456259426847665,0.6698000000000001,6.506,4.060156862745098,1.2,0.6,0.8,36.2,1.4,0.42456259426847665,0.3615682873208783,2022,0.35743788582139185,0.36030346721346385,CAR vs. LAR,LAR,1452.812156149574,15.0,CAR,1386.6540878406663,27.0,1,14,-10.0,1,-413.0,343.0,0,0
TAM,6.0,3.0,0.5,10.166666666666666,61,10.333333333333334,62,-7.8666666666666645,-1.5904808222822924,-18.45,-0.18390660744333887,2.007070707070707,1.7218078218078219,0.2852628852628853,3.7026166184095546,20.166666666666668,121.0,25.0,17.166666666666668,103.0,18.0,NFC South,-1,3.0,18,0.5733333333333334,0.6636666666666667,6.760000000000001,2.6365412365412366,1.3333333333333333,0.3333333333333333,0.9666666666666667,48.833333333333336,1.0,3.0,0.3802154952890247,0.6241666666666666,5.31,4.04311545138019,1.5,0.5,0.8,55.0,1.5,0.3802154952890247,-0.7026166184095546,2022-10-23,2022,0.36184312715781736,0.20793790556082803,CAR,6.0,1.0,0.16666666666666666,10.5,63,10.666666666666666,64,-30.933333333333337,-0.03743021002343346,-10.916666666666666,-0.03127000100250584,1.6306397306397307,2.3692178192178193,-0.7385780885780885,2.054328266129118,17.166666666666668,103.0,19.0,24.333333333333332,146.0,27.0,NFC South,-3,-7.166666666666667,-43,0.5466666666666666,0.5635,4.916666666666667,4.189591848800095,0.6666666666666666,0.5,0.9583333333333334,52.166666666666664,1.3333333333333333,-2.0,0.236002886002886,0.6488333333333333,6.528333333333333,4.195752057821023,1.3333333333333333,1.1666666666666667,0.75,58.5,1.0,0.236002886002886,-1.0543282661291178,2022,0.2485919654591184,0.2774300437877964,TAM vs. CAR,CAR,1346.061570818573,28.0,TAM,1467.6480702544773,9.0,1,18,13.0,1,524.0,-680.0,1,0
CAR,8.0,2.0,0.25,10.625,85,10.625,85,-22.6125,0.30290330925802417,-10.3,-0.15664382626857248,1.8396464646464648,2.203996697746698,-0.36435023310023307,3.4945588739454325,19.75,158.0,28.0,23.25,186.0,34.0,NFC South,-1,-3.5,-28,0.5231292517006803,0.5795,5.8675,4.529925368081553,0.875,0.875,0.9166666666666667,50.25,1.125,-1.0,0.26674575424575425,0.6575,6.5325,4.0703782325549565,1.375,0.875,0.8125,55.625,1.0,0.26674575424575425,-1.4945588739454325,2022-11-06,2022,0.2678711051904822,0.2752720563027284,CIN,8.0,4.0,0.5,10.125,81,10.75,86,0.6500000000000012,-0.5207300420168064,-17.112500000000004,0.13248206065777107,2.4092487373737375,1.9737512487512487,0.4354974886224886,4.467491794188993,23.25,186.0,33.0,20.5,164.0,35.0,AFC North,-1,2.75,22,0.45510204081632655,0.694,7.40625,3.7062920168067226,2.125,0.625,0.7619047619047619,29.875,1.25,0.0,0.49032976827094477,0.596875,6.62125,4.3595041194813,0.875,0.75,0.875,45.0,1.25,0.49032976827094477,-0.46749179418899267,2022,0.38359995492556054,0.3323223651211995,CAR vs. CIN,CIN,1502.3116868236275,11.0,CAR,1372.491344454008,26.0,1,21,-7.0,1,-331.0,282.0,0,0
DEN,10.0,3.0,0.3,11.2,112,10.9,109,-20.619999999999997,-0.29637219209371823,-23.28,0.321122035037098,1.3604273504273503,1.6363769563769566,-0.27594960594960594,4.233367097420677,14.7,147.0,32.0,17.1,171.0,38.0,AFC West,-2,-2.4,-24,0.3499559082892416,0.5898,6.276,3.930649866729811,0.7,0.6,0.8055555555555556,69.5,1.0,0.0,0.27705099982576764,0.6189,5.051,4.548144093860627,0.8,0.5,0.975,68.6,1.0,0.27705099982576764,-1.2333670974206772,2022-11-27,2022,0.25047522578798065,0.2707633488972608,CAR,11.0,3.0,0.2727272727272727,10.727272727272727,118,10.636363636363637,117,-25.7,0.0319575567944226,-10.563636363636363,0.14532761147284964,1.7428833792470158,2.2161298297661935,-0.4732464505191778,4.4570896359604735,18.818181818181817,207.0,38.0,23.272727272727273,256.0,46.0,NFC South,-1,-4.454545454545454,-49,0.5273015873015873,0.5876363636363636,5.403636363636363,4.258979615617951,0.8181818181818182,0.9090909090909091,0.9351851851851851,55.18181818181818,1.3636363636363635,-5.0,0.2758150939969122,0.6750909090909091,6.319090909090909,4.372349670296379,1.2727272727272727,1.1818181818181819,0.7727272727272727,55.45454545454545,0.9090909090909091,0.2758150939969122,-1.4570896359604735,2022,0.27937642051887673,0.3053410075725083,DEN vs. CAR,CAR,1383.9863589355073,26.0,DEN,1321.483840756631,21.0,1,13,1.0,1,105.0,-116.0,0,0
CAR,12.0,4.0,0.3333333333333333,10.75,129,10.833333333333334,130,-23.241666666666664,0.012187516362491824,-12.041666666666666,0.3116668933341163,1.7718855218855218,2.095554908054908,-0.3236693861693862,5.335129164010509,19.166666666666668,230.0,43.0,22.166666666666668,266.0,48.0,NFC South,1,-3.0,-36,0.5066378066378067,0.5869166666666666,5.760000000000001,4.239209575186021,0.8333333333333334,0.9166666666666666,0.9416666666666667,53.416666666666664,1.3333333333333333,-4.0,0.2667193917193917,0.6640833333333334,6.1375,4.538688952157645,1.25,1.0833333333333333,0.75,54.5,1.0,0.2667193917193917,-1.3351291640105094,2022-12-11,2022,0.29624641211081915,0.29738064110736895,SEA,12.0,7.0,0.5833333333333334,10.083333333333334,121,10.666666666666666,128,5.216666666666668,0.3046854805822202,-11.733333333333334,0.6902583198479787,2.648054029304029,2.3928159803159805,0.25523804898804897,6.42238000286002,26.5,318.0,57.0,25.333333333333332,304.0,51.0,NFC West,1,1.1666666666666667,14,0.35448314311950674,0.7250833333333334,7.851666666666667,4.531707539405749,1.8333333333333333,1.0,0.9696969696969696,55.0,1.4166666666666667,4.0,0.40873682417800067,0.6513333333333333,6.5975,4.917280378671507,1.5,1.3333333333333333,0.8083333333333332,53.75,1.75,0.40873682417800067,0.5776199971399798,2022,0.4937495453422719,0.3844131639675384,CAR vs. SEA,SEA,1507.0202548830716,10.0,CAR,1425.0873164235898,24.0,0,-6,-3.5,0,-200.0,178.0,0,0
PIT,13.0,5.0,0.38461538461538464,10.153846153846153,132,10.307692307692308,134,-23.4,-0.10702465092886443,-11.76923076923077,-0.05367835012329051,1.7679717718179258,2.2065656565656564,-0.43859388474773087,5.4133550778256785,17.46153846153846,227.0,46.0,22.53846153846154,293.0,55.0,AFC North,-1,-5.076923076923077,-66,0.5015993265993266,0.6446923076923077,4.973846153846154,4.119997407894664,0.6923076923076923,0.8461538461538461,0.7756410256410257,40.92307692307692,1.3076923076923077,0.0,0.3907814407814408,0.6134615384615384,6.908461538461538,4.173343708700239,1.8461538461538463,0.5384615384615384,0.8472222222222222,43.23076923076923,1.3076923076923077,0.3907814407814408,-0.4133550778256785,2022-12-18,2022,0.3374042345105005,0.36582403600435576,CAR,13.0,5.0,0.38461538461538464,10.615384615384615,138,10.76923076923077,140,-22.77692307692308,0.0590041711140688,-12.407692307692306,0.2152842266846271,1.891996891996892,2.1189737612814534,-0.22697686928456157,5.964344067356877,20.0,260.0,49.0,22.307692307692307,290.0,52.0,NFC South,2,-2.3076923076923075,-30,0.5130291005291006,0.5866153846153845,5.717692307692308,4.2860262299375975,0.8461538461538461,1.0,0.9469696969696969,51.53846153846154,1.2307692307692308,-2.0,0.2817054740131663,0.6578461538461539,6.116153846153846,4.442306285508156,1.3846153846153846,1.0,0.7692307692307693,53.0,1.0769230769230769,0.2817054740131663,-0.964344067356877,2022,0.328733077312995,0.3153044552183749,PIT vs. CAR,CAR,1486.6645937444623,18.0,PIT,1455.490978149982,18.0,0,-8,-2.5,0,-145.0,130.0,0,0
DET,14.0,7.0,0.5,9.714285714285714,136,9.714285714285714,136,-5.171428571428571,0.2755554378547439,-4.4785714285714295,0.38114784990437006,2.756081418581419,2.745258709544424,0.01082270903699475,7.18372753473029,26.357142857142858,369.0,61.0,26.0,364.0,60.0,NFC North,3,0.35714285714285715,5,0.557151609074686,0.6514285714285714,7.386428571428572,4.502577496678273,1.6428571428571428,1.3571428571428572,0.8333333333333333,44.714285714285715,1.0,4.0,0.42695469213326354,0.6494285714285715,7.742857142857142,4.608169908727899,1.6428571428571428,1.3571428571428572,0.8472222222222222,47.142857142857146,1.2857142857142858,0.42695469213326354,-0.18372753473028958,2022-12-24,2022,0.44264318297345184,0.40387413230891944,CAR,14.0,5.0,0.35714285714285715,10.428571428571429,146,10.5,147,-21.05,-0.15339055959575962,-11.628571428571428,0.14559568248166357,1.8997113997113997,2.212516451802166,-0.3128050520907663,6.241031635181374,19.714285714285715,276.0,53.0,22.428571428571427,314.0,56.0,NFC South,-1,-2.7142857142857144,-38,0.5031511223818916,0.5882142857142857,5.955,4.073631499227769,0.8571428571428571,0.9285714285714286,0.9513888888888888,50.714285714285715,1.1428571428571428,-2.0,0.28755768041482327,0.6660714285714285,6.227857142857142,4.372617741305192,1.2857142857142858,1.1428571428571428,0.7857142857142857,55.0,1.0,0.28755768041482327,-1.2410316351813737,2022,0.33083430691555143,0.31997192829438437,DET vs. CAR,CAR,1432.1903501081813,24.0,DET,1635.0069231528296,12.0,1,14,2.5,1,117.0,-129.0,0,0
CAR,15.0,6.0,0.4,10.4,156,10.466666666666667,157,-18.220000000000002,0.07115803813014103,-10.266666666666667,0.03055842129661155,2.01973063973064,2.2183486883486885,-0.19861804861804852,6.996271028916052,20.866666666666667,313.0,60.0,22.466666666666665,337.0,60.0,NFC South,1,-1.6,-24,0.5029260422117565,0.5944666666666667,6.376,4.29818009695367,0.8666666666666667,1.0666666666666667,0.9551282051282051,52.266666666666666,1.0666666666666667,-1.0,0.2906093906093906,0.6613333333333333,6.441333333333334,4.257580480120141,1.4,1.0666666666666667,0.8,53.333333333333336,1.0,0.2906093906093906,-0.9962710289160519,2023-01-01,2022,0.3590699736175372,0.3313051967155146,TAM,15.0,7.0,0.4666666666666667,10.6,159,10.866666666666667,163,-13.373333333333333,-1.0549164626653014,-8.573333333333332,0.05929912950943719,1.7024669774669774,1.9148751248751248,-0.21240814740814742,7.139528877339885,17.733333333333334,266.0,54.0,20.266666666666666,304.0,55.0,NFC South,1,-2.533333333333333,-38,0.49843014128728413,0.6592,6.049333333333333,3.1721055961582274,1.4,0.26666666666666666,0.8033333333333333,47.46666666666667,1.3333333333333333,-4.0,0.3724776367423426,0.6454000000000001,6.326,4.286321188332966,1.6,0.7333333333333333,0.8472222222222222,52.46666666666667,1.0666666666666667,0.3724776367423426,-0.13952887733988462,2022,0.3364634971168328,0.3117897389555445,CAR vs. TAM,TAM,1467.6480702544773,9.0,CAR,1346.061570818573,28.0,1,6,-3.5,1,-184.0,164.0,1,0
CAR,16.0,6.0,0.375,10.5625,169,10.625,170,-16.68125,0.012749054797809412,-8.04375,-0.06804035871089723,2.00888209013209,2.2239326645576645,-0.21505057442557435,7.367056125569685,21.0625,337.0,64.0,22.9375,367.0,65.0,NFC South,-1,-1.875,-30,0.5005087505087505,0.5961875,6.55375,4.239771113621338,1.0,1.0,0.9583333333333333,52.625,1.1875,-3.0,0.29517357642357644,0.66725,6.693125,4.158981700112632,1.5,1.0625,0.7708333333333334,53.1875,1.0,0.29517357642357644,-1.3670561255696851,2023-01-08,2022,0.3463418668504216,0.32578726170513617,NOR,16.0,7.0,0.4375,10.375,166,10.125,162,-8.44375,-0.07577353272157794,-15.0625,0.24977288760642166,1.9429729992229992,2.056229360916861,-0.11325636169386168,7.4348745097997675,20.1875,323.0,58.0,20.9375,335.0,62.0,NFC South,3,-0.75,-12,0.4784043734043734,0.666375,7.059375,4.151248526101951,1.4375,0.75,0.7777777777777778,51.625,1.5,-12.0,0.4032964737468414,0.5995,6.326875,4.47679494642995,1.0625,0.875,0.9533333333333334,48.625,0.75,0.4032964737468414,-0.4348745097997675,2022,0.3399010837468424,0.348394205398308,CAR vs. NOR,NOR,1500.0,7.0,CAR,1414.0064999802885,26.0,0,-3,-3.5,0,-179.0,160.0,1,0
CHI,1.0,1.0,1.0,10.0,10,10.0,10,-18.299999999999997,-1.5513463831478531,-51.0,0.529734697933228,1.9,1.0,0.8999999999999999,0.8207141932370094,19.0,19.0,3.0,10.0,10.0,2.0,NFC North,1,9.0,9,0.5,0.471,5.88,2.675675675675676,2.0,1.0,,24.0,1.0,1.0,0.35714285714285715,0.4639999999999999,3.93,4.756756756756757,0.0,1.0,1.0,99.0,2.0,0.35714285714285715,0.17928580676299055,2022-09-18,2022,0.3537857420288972,0.03585716135259811,GNB,1.0,0.0,0.0,9.0,9,10.0,10,-28.799999999999997,1.939644607843138,17.799999999999997,0.272977941176471,0.7777777777777778,2.3,-1.5222222222222221,0.05628935073166412,7.0,7.0,1.0,23.0,23.0,5.0,NFC North,-1,-16.0,-16,0.5,0.667,4.67,6.166666666666667,0.0,1.0,,10.0,2.0,-2.0,0.3333333333333333,0.7190000000000001,9.66,4.5,2.0,0.0,1.0,20.0,0.0,0.3333333333333333,-0.05628935073166412,2022,0.10485673880759287,-0.028144675365832095,CHI vs. GNB,GNB,1450.0,16.0,CHI,1550.0,1.0,1,17,-10.5,1,-420.0,348.0,1,0
HOU,2.0,0.0,0.0,11.0,22,11.0,22,-21.249999999999996,-0.6297998366013067,-26.950000000000003,0.5051511160491367,1.2833333333333334,1.6333333333333333,-0.35000000000000003,0.7036537187659896,14.5,29.0,7.0,18.0,36.0,8.0,AFC South,-1,-3.5,-7,0.0,0.5609999999999999,5.5649999999999995,3.5972222222222223,1.0,0.0,1.0,67.0,0.5,2.0,0.24358974358974358,0.546,5.99,4.732173174872665,1.0,0.5,0.8333333333333333,94.5,1.5,0.24358974358974358,-0.7036537187659896,2022-09-25,2022,0.20623690837813805,0.05388114204254737,CHI,2.0,1.0,0.5,9.0,18,9.0,18,-41.449999999999996,0.4441491123476424,-11.899999999999999,0.8224089511337969,1.575,2.1875,-0.6125,0.9074620181400247,14.5,29.0,5.0,18.5,37.0,7.0,NFC North,-1,-4.0,-8,0.0,0.5535,3.075,4.671171171171172,1.0,1.0,1.0,37.0,1.0,1.0,0.25,0.612,6.984999999999999,5.049431009957326,1.0,1.0,1.0,62.0,1.5,0.25,0.0925379818599753,2022,0.2906302752583299,0.2124379409172174,HOU vs. CHI,CHI,1485.9935000197115,7.0,HOU,1400.0,26.0,1,3,-3.0,0,-156.0,141.0,0,0
CHI,3.0,2.0,0.6666666666666666,9.666666666666666,29,9.666666666666666,29,-53.699999999999996,1.228758721957252,-18.13333333333333,0.4170430589257994,1.7469696969696968,2.0643939393939394,-0.31742424242424244,1.4895220545763879,17.333333333333332,52.0,10.0,19.0,57.0,11.0,NFC North,1,-1.6666666666666667,-5,0.0,0.5259999999999999,1.8933333333333333,5.455780780780781,0.6666666666666666,1.3333333333333333,1.0,35.333333333333336,1.3333333333333333,1.0,0.30952380952380953,0.6163333333333333,6.396666666666666,4.644065117749329,1.0,1.0,1.0,49.666666666666664,1.6666666666666667,0.30952380952380953,0.5104779454236121,2022-10-02,2022,0.40350321211765655,0.3174167517202268,NYG,3.0,2.0,0.6666666666666666,10.333333333333334,31,11.0,33,-16.633333333333333,1.5192153149138445,-7.699999999999998,1.0367832180252259,1.803030303030303,1.807070707070707,-0.004040404040403993,1.4266340990519615,18.666666666666668,56.0,12.0,19.666666666666668,59.0,13.0,NFC East,-1,-1.0,-3,0.25,0.666,5.296666666666667,5.746237373737373,1.0,0.6666666666666666,0.875,54.666666666666664,1.0,0.0,0.2686868686868687,0.5886666666666667,7.329999999999999,5.263805276848754,1.3333333333333333,0.3333333333333333,0.8055555555555555,52.666666666666664,1.0,0.2686868686868687,0.5733659009480385,2022,0.4610794710900695,0.33791673446792425,CHI vs. NYG,NYG,1523.864708082735,3.0,CHI,1523.864708082735,3.0,1,8,-3.0,1,-144.0,130.0,0,0
CHI,4.0,2.0,0.5,10.25,41,10.25,41,-47.0,1.028876026762057,-28.25,0.7446631431248308,1.5602272727272726,1.964962121212121,-0.40473484848484853,1.7191069256469482,16.0,64.0,14.0,19.25,77.0,15.0,NFC North,-1,-3.25,-13,0.2222222222222222,0.5195,3.1825,5.255898085585586,0.5,1.0,1.0,42.75,1.75,0.0,0.31547619047619047,0.603,5.205,4.971685201948359,0.75,1.25,0.9166666666666666,51.0,1.75,0.31547619047619047,0.2808930743530518,2022-10-09,2022,0.3654420917130654,0.30008168362985227,MIN,4.0,3.0,0.75,10.25,41,10.5,42,-14.175000000000002,0.3470688502673802,-8.774999999999999,0.5338089402427643,2.0421717171717173,1.8626262626262626,0.17954545454545445,2.1519538368674684,21.5,86.0,17.0,20.0,80.0,13.0,NFC North,2,1.5,6,0.611111111111111,0.6395000000000001,6.18,4.574090909090909,1.5,0.75,0.6666666666666666,23.75,1.25,1.0,0.3050976800976801,0.7075,7.3125,4.760830999066293,0.75,1.75,0.4444444444444444,57.75,1.5,0.3050976800976801,0.8480461631325316,2022,0.502541370568616,0.29776547690906496,CHI vs. MIN,MIN,1586.1545913261243,2.0,CHI,1473.864708082735,9.0,1,7,-10.0,0,-385.0,322.0,1,0
WAS,5.0,1.0,0.2,11.4,57,11.6,58,-16.24,-0.4331406678833142,1.8599999999999965,0.2951474814063559,1.6190909090909091,2.188694638694639,-0.5696037296037296,1.5235611008667203,18.0,90.0,14.0,25.6,128.0,24.0,NFC East,-4,-7.6,-38,0.5416666666666666,0.629,5.734,3.793881390940215,2.0,0.4,1.0,67.0,1.6,-7.0,0.38877005347593585,0.5888,8.338,4.522169540229885,2.2,0.6,0.9375,47.2,0.2,0.38877005347593585,-0.5235611008667203,2022-10-13,2022,0.2198952441679506,0.2877052882041335,CHI,5.0,2.0,0.4,9.8,49,9.8,49,-34.44,0.6276964096449397,-23.48,0.5051648124125783,1.798181818181818,2.296969696969697,-0.49878787878787884,2.061033498308317,17.2,86.0,19.0,21.2,106.0,19.0,NFC North,-2,-4.0,-20,0.35416666666666663,0.5584,4.574,4.8547184684684686,0.6,1.0,1.0,42.2,1.6,0.0,0.33238095238095233,0.6396,5.529999999999999,4.732186871236108,0.8,1.6,0.7333333333333333,54.8,1.6,0.33238095238095233,-0.06103349830831695,2022,0.3830218919679264,0.30547087155976316,WAS vs. CHI,CHI,1439.4844148124614,15.0,WAS,1380.7777269234243,27.0,0,-5,1.0,0,109.0,-120.0,0,0
CHI,6.0,2.0,0.3333333333333333,9.833333333333334,59,9.833333333333334,59,-34.36666666666667,0.8861442324677625,-25.599999999999998,0.47837176244465557,1.6151515151515152,2.114141414141414,-0.49898989898989904,2.279022924040851,15.5,93.0,20.0,19.666666666666668,118.0,22.0,NFC North,-3,-4.166666666666667,-25,0.32333333333333336,0.5518333333333333,4.608333333333333,5.113166291291291,0.6666666666666666,0.8333333333333334,1.0,42.166666666666664,1.6666666666666667,-2.0,0.34108669108669104,0.6238333333333334,5.26,4.705393821268184,0.6666666666666666,1.5,0.7222222222222222,51.666666666666664,1.3333333333333333,0.34108669108669104,-0.27902292404085083,2022-10-24,2022,0.32321904383949995,0.29339405556808273,NWE,6.0,3.0,0.5,10.166666666666666,61,10.333333333333334,62,-10.133333333333331,0.13839690918164593,-19.383333333333336,0.3577385643428914,2.2502104377104377,1.8633634883634882,0.3868469493469493,3.3229262524324286,23.5,141.0,24.0,18.833333333333332,113.0,21.0,AFC East,2,4.666666666666667,28,0.5633333333333332,0.703,6.833333333333333,4.365418968005175,1.0,1.3333333333333333,0.8,49.833333333333336,1.8333333333333333,1.0,0.38368983957219244,0.594,5.9750000000000005,4.58476062316642,1.5,0.3333333333333333,1.0,39.166666666666664,2.0,0.38368983957219244,-0.32292625243242856,2022,0.3722671309880375,0.26402835671752417,CHI vs. NWE,NWE,1517.9896523517716,9.0,CHI,1381.1153415234985,20.0,0,-19,-9.5,0,-392.0,327.0,0,0
CHI,7.0,3.0,0.42857142857142855,10.0,70,10.0,70,-32.471428571428575,0.9271204765690066,-28.614285714285717,0.3324884345943134,1.8129870129870131,1.993939393939394,-0.18095238095238098,3.1631551585181334,18.0,126.0,27.0,18.857142857142858,132.0,24.0,NFC North,1,-0.8571428571428571,-6,0.3527777777777778,0.5614285714285715,4.78,5.154142535392536,0.7142857142857143,1.0,1.0,41.142857142857146,1.5714285714285714,1.0,0.37966160823303685,0.6214285714285713,4.8914285714285715,4.559510493417842,0.7142857142857143,1.4285714285714286,0.7222222222222222,48.57142857142857,1.7142857142857142,0.37966160823303685,-0.16315515851813345,2022-10-30,2022,0.37672410351022534,0.2858862779501322,DAL,7.0,5.0,0.7142857142857143,10.285714285714286,72,10.285714285714286,72,-18.214285714285715,0.08779492824244382,-24.37142857142857,0.17381118200971196,1.8547619047619048,1.5063492063492063,0.3484126984126984,4.305707883539171,19.142857142857142,134.0,27.0,14.857142857142858,104.0,24.0,NFC East,1,4.285714285714286,30,0.5055555555555555,0.6007142857142858,6.162857142857143,4.3148169870659725,0.8571428571428571,0.8571428571428571,0.8928571428571429,53.857142857142854,0.8571428571428571,6.0,0.3263736263736264,0.6481428571428571,4.805714285714286,4.400833240833241,0.8571428571428571,0.2857142857142857,0.8642857142857142,49.57142857142857,1.7142857142857142,0.3263736263736264,0.6942921164608293,2022,0.41219422052468735,0.3187758150695633,CHI vs. DAL,DAL,1612.1050976258866,2.0,CHI,1449.8536207907905,11.0,1,20,-10.5,1,-430.0,355.0,0,0
MIA,8.0,5.0,0.625,10.0,80,9.75,78,-3.075000000000001,-0.3488980213804379,0.7500000000000018,0.03599750618991132,2.4156926406926407,2.5182810245310243,-0.10258838383838381,3.9672452445219344,22.25,178.0,31.0,24.0,192.0,31.0,AFC East,2,-1.75,-14,0.5904761904761904,0.658125,7.9675,3.878124037443091,1.875,0.625,0.7916666666666666,52.0,1.25,-3.0,0.40520833333333334,0.69225,7.93,4.26301956501344,1.5,1.25,0.9285714285714286,42.625,0.875,0.40520833333333334,1.0327547554780656,2022-11-06,2022,0.43752405846846887,0.39906313689073725,CHI,8.0,3.0,0.375,10.125,81,9.875,79,-26.525,0.9805270782495907,-23.375,0.6246185884343244,1.9159090909090908,2.4252525252525254,-0.5093434343434344,3.3870480105855845,19.375,155.0,32.0,22.625,181.0,30.0,NFC North,-1,-3.25,-26,0.404421768707483,0.585,5.07375,5.207549137073119,0.875,1.125,1.0,41.625,1.5,1.0,0.38220390720390723,0.641,5.3774999999999995,4.851640647257853,0.875,1.75,0.7222222222222222,47.625,1.625,0.38220390720390723,-0.38704801058558447,2022,0.37594824639083535,0.3139059488646084,MIA vs. CHI,CHI,1421.642120382313,17.0,MIA,1547.9718654638782,7.0,0,-3,4.0,1,172.0,-193.0,0,0
DET,8.0,2.0,0.25,10.25,82,9.5,76,-11.337499999999999,0.8610743639089294,0.3499999999999961,0.7102099279397077,2.2762674825174827,3.175225468975469,-0.8989579864579864,3.212428801180901,23.5,188.0,31.0,29.25,234.0,37.0,NFC North,1,-5.75,-46,0.5280612244897959,0.6325,6.7325,5.088096422732458,1.75,1.125,0.8666666666666666,52.625,1.5,-3.0,0.3993268883893884,0.68475,8.19875,4.937231986763237,1.625,1.625,0.8095238095238094,50.75,1.125,0.3993268883893884,-1.2124288011809008,2022-11-13,2022,0.32075412677346354,0.35220416834918866,CHI,9.0,3.0,0.3333333333333333,10.0,90,9.666666666666666,87,-22.944444444444443,1.1019105074636886,-16.811111111111114,0.4575280817341765,2.098092031425365,2.6418911335578006,-0.5437991021324355,3.834151484761635,20.77777777777778,187.0,37.0,24.0,216.0,34.0,NFC North,-2,-3.2222222222222223,-29,0.4319940476190476,0.5874444444444444,5.20888888888889,5.328932566287218,1.1111111111111112,1.1111111111111112,1.0,47.22222222222222,1.3333333333333333,1.0,0.40918125084791757,0.6475555555555554,6.1211111111111105,4.684550140557706,1.1111111111111112,1.6666666666666667,0.619047619047619,46.55555555555556,1.4444444444444444,0.40918125084791757,-0.8341514847616351,2022,0.3730078951405179,0.31116072735390093,DET vs. CHI,CHI,1389.0614474222168,17.0,DET,1378.341789960509,23.0,0,-1,-3.0,0,-159.0,143.0,1,0
CHI,11.0,3.0,0.2727272727272727,10.0,110,9.454545454545455,104,-21.05454545454546,1.1579107313949957,-12.618181818181819,0.29485238746766396,2.2075298438934805,2.7865472910927456,-0.5790174471992654,4.745396494531572,21.90909090909091,241.0,46.0,24.90909090909091,274.0,42.0,NFC North,-4,-3.0,-33,0.4105952380952381,0.5958181818181818,5.366363636363636,5.3849327902185244,1.1818181818181819,1.2727272727272727,0.9444444444444444,51.54545454545455,1.2727272727272727,1.0,0.43550780028052755,0.6553636363636364,6.5618181818181816,4.521874446291193,1.0909090909090908,1.6363636363636365,0.7037037037037037,40.63636363636363,1.3636363636363635,0.43550780028052755,-1.7453964945315716,2022-11-27,2022,0.3518279018607832,0.303053625200764,NYJ,10.0,6.0,0.6,11.2,112,11.1,111,-25.05,0.14977919963814923,-23.45,-0.23411259380780208,1.8502597402597403,1.733236208236208,0.117023532023532,4.9372916810683645,19.9,199.0,37.0,18.6,186.0,35.0,AFC East,-1,1.3,13,0.5397707231040564,0.5734,5.434,4.376801258461678,1.0,1.0,0.8666666666666666,61.2,1.3,1.0,0.3180863580863581,0.6445000000000001,4.998,3.992909465015727,0.9,1.0,0.7,46.9,1.4,0.3180863580863581,1.0627083189316355,2022,0.3654644712504201,0.3172926046509975,CHI vs. NYJ,NYJ,1563.9955062695649,9.0,CHI,1296.5755939520868,26.0,1,21,-8.5,1,-375.0,315.0,0,0
GNB,12.0,4.0,0.3333333333333333,9.916666666666666,119,9.833333333333334,118,-4.308333333333333,0.35577044767016613,-11.499999999999998,0.5403797274813619,2.0157650220150223,2.412626262626263,-0.3968612406112406,4.721629176793984,19.583333333333332,235.0,40.0,23.583333333333332,283.0,49.0,NFC North,-2,-4.0,-48,0.6645021645021645,0.6567500000000001,7.0874999999999995,4.582792506493695,1.8333333333333333,0.4166666666666667,0.8333333333333334,45.166666666666664,1.4166666666666667,-5.0,0.3754324379324379,0.64925,6.345833333333334,4.767401786304891,1.5,1.0833333333333333,0.9351851851851851,50.416666666666664,1.0,0.3754324379324379,-0.721629176793984,2022-12-04,2022,0.3159207513503086,0.35567808639625337,CHI,12.0,3.0,0.25,9.916666666666666,119,9.416666666666666,113,-21.558333333333334,1.074108860945751,-7.900000000000001,0.3294878502767312,2.1161616161616164,2.8413720538720537,-0.7252104377104378,4.809474976957177,20.916666666666668,251.0,48.0,25.416666666666668,305.0,47.0,NFC North,-5,-4.5,-54,0.4278138528138528,0.5928333333333333,5.385833333333333,5.30113091976928,1.1666666666666667,1.1666666666666667,0.95,48.083333333333336,1.25,0.0,0.42485650923150925,0.664,7.072500000000001,4.55650990910026,1.25,1.5833333333333333,0.6833333333333333,37.666666666666664,1.25,0.42485650923150925,-1.8094749769571772,2022,0.3425386562367336,0.31855064607891787,GNB vs. CHI,CHI,1550.0,1.0,GNB,1450.0,16.0,0,-9,4.0,0,163.0,-182.0,1,0
PHI,13.0,12.0,0.9230769230769231,9.692307692307692,126,10.076923076923077,131,4.130769230769231,0.5521033748617187,-24.853846153846156,0.5568489525633877,3.08003108003108,1.9023310023310023,1.1777000777000777,9.363568449117249,29.692307692307693,386.0,62.0,19.076923076923077,248.0,42.0,NFC East,4,10.615384615384615,138,0.5269179894179894,0.6763076923076923,8.253846153846153,4.779125433685247,1.6923076923076923,2.076923076923077,0.85,43.69230769230769,0.7692307692307693,14.0,0.468717067246479,0.6107692307692308,4.7761538461538455,4.783871011386917,1.2307692307692308,0.8461538461538461,0.84375,49.69230769230769,1.8461538461538463,0.468717067246479,2.636431550882751,2022-12-18,2022,0.5918551624876255,0.36096895193016765,CHI,13.0,3.0,0.23076923076923078,9.846153846153847,128,9.384615384615385,122,-21.76923076923077,1.143252636348114,-8.392307692307694,0.3996601649613266,2.115773115773116,2.8621212121212123,-0.7463480963480964,5.094635793696367,20.76923076923077,270.0,52.0,25.615384615384617,333.0,52.0,NFC North,-6,-4.846153846153846,-63,0.4199404761904762,0.6087692307692307,5.476153846153846,5.370274695171643,1.0769230769230769,1.2307692307692308,0.9242424242424242,49.23076923076923,1.3846153846153846,-3.0,0.4341332812486659,0.6576153846153846,7.03,4.626682223784855,1.2307692307692308,1.6153846153846154,0.712121212121212,36.30769230769231,1.1538461538461537,0.4341332812486659,-2.0946357936963667,2022,0.3407926314469885,0.3247660395509388,PHI vs. CHI,CHI,1245.1823185662693,29.0,PHI,1763.1609501320168,1.0,0,-5,8.5,1,323.0,-386.0,0,0
CHI,15.0,3.0,0.2,10.066666666666666,151,9.666666666666666,145,-20.56,0.9600129451911287,-11.593333333333335,0.5552683871924238,2.027104377104377,2.8264646464646463,-0.7993602693602694,5.552705899815873,20.2,303.0,58.0,26.2,393.0,61.0,NFC North,-8,-6.0,-90,0.48200549450549446,0.6128666666666667,5.39,5.187035004014658,1.1333333333333333,1.1333333333333333,0.9305555555555555,45.666666666666664,1.4,0.0,0.4130009805009805,0.6480666666666667,6.8,4.782290446015953,1.2,1.8,0.6410256410256411,37.93333333333333,1.4,0.4130009805009805,-2.552705899815873,2023-01-01,2022,0.31873865687005715,0.32105054717757786,DET,15.0,7.0,0.4666666666666667,9.733333333333333,146,9.733333333333333,146,-4.239999999999999,0.15185419297815317,-2.7533333333333343,0.5700605536635954,2.7256759906759904,2.808908128908129,-0.08323213823213825,7.428488140995611,26.133333333333333,392.0,65.0,26.733333333333334,401.0,67.0,NFC North,-1,-0.6,-9,0.5428652696509839,0.6476666666666666,7.522666666666667,4.378876251801683,1.7333333333333334,1.2666666666666666,0.8472222222222222,43.733333333333334,1.0,3.0,0.4207132682132682,0.6516,8.044666666666666,4.797082612487125,1.6,1.4666666666666666,0.8589743589743589,48.93333333333333,1.2,0.4207132682132682,-0.4284881409956114,2022,0.43248779490195677,0.41520150436223474,CHI vs. DET,DET,1378.341789960509,23.0,CHI,1389.0614474222168,17.0,1,31,-4.5,1,-219.0,194.0,1,0
MIN,16.0,12.0,0.75,11.1875,179,11.125,178,-10.0625,-0.07298092380201757,-6.099999999999999,0.28274481264606144,2.2177477036852036,2.3864104645354645,-0.16866276085026083,8.107980526416712,24.6875,395.0,68.0,25.875,414.0,77.0,NFC North,-1,-1.1875,-19,0.5518259518259518,0.6583125,6.405625,4.154041135021512,1.8125,1.0,0.7555555555555556,40.5,1.3125,2.0,0.38960259001619296,0.6767500000000001,7.395625,4.509766871469591,1.375,1.0625,0.8333333333333334,56.625,1.4375,0.38960259001619296,3.8920194735832876,2023-01-08,2022,0.47229655174708923,0.5107744029023572,CHI,16.0,3.0,0.1875,10.1875,163,9.75,156,-23.125,1.2040050756220309,-8.918750000000003,0.6810547214959138,1.9524936868686869,2.8827651515151516,-0.9302714646464647,5.586796803642431,19.5625,313.0,60.0,27.125,434.0,68.0,NFC North,-9,-7.5625,-121,0.48098290598290594,0.595375,5.068125,5.43102713444556,1.125,1.0625,0.9358974358974359,45.875,1.4375,-2.0,0.40161149614274616,0.6528125,7.019375,4.908076780319443,1.3125,1.8125,0.6666666666666667,38.1875,1.3125,0.40161149614274616,-2.5867968036424314,2022,0.30858596310638575,0.33818021528538245,MIN vs. CHI,CHI,1473.864708082735,9.0,MIN,1586.1545913261243,2.0,0,-16,6.5,0,227.0,-260.0,1,0
CIN,1.0,0.0,0.0,15.0,15,13.0,13,-41.4,-0.3152573529411762,-22.0,-0.8179311497326198,1.3333333333333333,1.7692307692307692,-0.4358974358974359,0.41793996356363666,20.0,20.0,4.0,23.0,23.0,4.0,AFC North,-1,-3.0,-3,0.5,0.623,3.0,3.911764705882353,2.0,0.0,0.6666666666666666,27.0,5.0,-5.0,0.5,0.5529999999999999,5.58,3.409090909090909,1.0,0.0,0.75,59.0,0.0,0.5,-0.41793996356363666,2022-09-18,2022,0.15521600971636354,-0.12859691186573438,DAL,1.0,0.0,0.0,10.0,10,10.0,10,-49.0,-0.28257761437908435,-15.400000000000006,0.3790385472370774,0.3,1.9,-1.5999999999999999,0.012436448966408564,3.0,3.0,1.0,19.0,19.0,5.0,NFC East,-1,-16.0,-16,0.5,0.5,3.05,3.9444444444444446,0.0,0.0,1.0,73.0,1.0,0.0,0.2,0.667,6.3,4.606060606060606,1.0,0.0,0.8,25.0,1.0,0.2,-0.012436448966408564,2022,0.09875635510335914,-0.006218224483204304,CIN vs. DAL,DAL,1450.0,16.0,CIN,1450.0,16.0,1,3,7.5,1,260.0,-303.0,0,0
CIN,2.0,0.0,0.0,12.0,24,11.5,23,-27.7,-0.49113970588235256,-13.600000000000001,-0.540995122796593,1.6111111111111112,1.8846153846153846,-0.27350427350427353,0.8228205601776619,18.5,37.0,8.0,21.5,43.0,8.0,AFC North,-2,-3.0,-6,0.0,0.645,4.07,3.7358823529411764,1.5,0.0,0.8333333333333333,31.0,2.5,-4.0,0.42647058823529416,0.583,6.82,3.686026936026936,1.0,0.5,0.875,52.0,0.5,0.42647058823529416,-0.8228205601776619,2022-09-25,2022,0.196196573303723,0.030813815621276188,NYJ,2.0,1.0,0.5,11.0,22,10.0,20,-7.899999999999999,0.5391544117647067,-2.1000000000000014,-0.2405355723370426,1.925,2.757575757575758,-0.8325757575757575,0.6085270015202099,20.0,40.0,7.0,27.0,54.0,9.0,AFC East,1,-7.0,-14,1.0,0.6134999999999999,6.625,4.766176470588236,2.5,0.0,0.75,69.0,1.5,-1.0,0.3380952380952381,0.6910000000000001,7.395,3.9864864864864864,2.0,1.5,1.0,33.5,1.0,0.3380952380952381,0.3914729984797901,2022,0.38046161339451207,0.3130814246579528,CIN vs. NYJ,NYJ,1514.0064999802885,7.0,CIN,1400.0,26.0,0,-15,6.5,0,220.0,-247.0,0,0
MIA,3.0,3.0,1.0,8.666666666666666,26,8.0,24,10.9,-0.8884789120962391,6.833333333333333,0.6881294563279862,3.13015873015873,2.603835978835979,0.5263227513227514,2.041347787028516,27.666666666666668,83.0,12.0,21.333333333333332,64.0,9.0,AFC East,3,6.333333333333333,19,1.0,0.6890000000000001,9.103333333333333,3.33854314672729,2.6666666666666665,0.6666666666666666,1.0,30.333333333333332,0.6666666666666666,2.0,0.479978354978355,0.6970000000000001,8.443333333333333,4.915151515151515,2.0,0.3333333333333333,0.75,24.0,1.3333333333333333,0.479978354978355,0.9586522129714838,2022-09-29,2022,0.6090234173802284,0.3698315266214355,CIN,3.0,1.0,0.3333333333333333,11.666666666666666,35,12.333333333333334,37,-14.033333333333333,-0.9150052521008399,-25.366666666666664,-0.5030041014722384,1.892255892255892,1.542124542124542,0.3501313501313501,1.6951712323839896,21.333333333333332,64.0,13.0,18.333333333333332,55.0,12.0,AFC North,1,3.0,9,0.25,0.643,5.6866666666666665,3.312016806722689,2.0,0.0,0.7777777777777777,30.666666666666668,2.0,-1.0,0.45098039215686275,0.568,5.586666666666667,3.724017957351291,0.6666666666666666,0.3333333333333333,0.9166666666666666,53.0,1.6666666666666667,0.45098039215686275,-0.6951712323839896,2022,0.2853597521810299,0.14106256947200113,MIA vs. CIN,CIN,1465.842293610764,16.0,MIA,1647.9853938919734,1.0,1,12,-4.0,1,-190.0,169.0,0,0
CIN,5.0,2.0,0.4,10.8,54,11.4,57,-9.08,-0.831240546218487,-26.78,-0.11274115454262468,2.053131313131313,1.6202242202242203,0.43290709290709295,2.9307284316642908,21.6,108.0,21.0,17.8,89.0,21.0,AFC North,-1,3.8,19,0.5,0.6542,6.504,3.395781512605042,1.8,0.4,0.8666666666666666,37.2,1.4,1.0,0.4572549019607843,0.5786,5.464,4.114280904280904,0.8,0.2,0.9,49.6,1.6,0.4572549019607843,-0.9307284316642908,2022-10-16,2022,0.31649889975944406,0.22615685240368383,NOR,5.0,2.0,0.4,12.2,61,11.8,59,-11.000000000000002,0.9274768779122496,-8.36,0.33245178708155665,1.923776223776224,2.165034965034965,-0.2412587412587412,1.9879746636215478,23.0,115.0,19.0,25.6,128.0,26.0,NFC South,1,-2.6,-13,0.5416666666666666,0.661,6.752,5.154498936735779,1.4,1.4,0.6333333333333333,75.2,2.6,-8.0,0.3942857142857143,0.5844,7.531999999999999,4.559473845905086,1.2,0.8,0.96,63.2,1.0,0.3942857142857143,0.012025336378452156,2022,0.31222452915144455,0.35360223303674493,CIN vs. NOR,NOR,1464.4422151126294,15.0,CIN,1484.1752903424444,15.0,0,-4,3.0,0,148.0,-164.0,0,0
CIN,7.0,4.0,0.5714285714285714,10.142857142857142,71,10.857142857142858,76,1.9285714285714295,-0.5055454681872746,-20.78571428571429,0.19682680499925548,2.567712842712843,1.7985728557157128,0.7691399869971299,4.361737685396892,24.714285714285715,173.0,31.0,18.857142857142858,132.0,30.0,AFC North,2,5.857142857142857,41,0.48333333333333334,0.6911428571428572,7.697142857142857,3.721476590636254,2.142857142857143,0.7142857142857143,0.8888888888888888,33.285714285714285,1.1428571428571428,0.0,0.5032340208810797,0.5765714285714285,6.057142857142857,4.423848863822784,0.8571428571428571,0.42857142857142855,0.9285714285714286,43.42857142857143,1.1428571428571428,0.5032340208810797,-0.3617376853968919,2022-10-31,2022,0.4140566031241375,0.31794712300393463,CLE,7.0,2.0,0.2857142857142857,10.428571428571429,73,9.857142857142858,69,-17.22857142857143,0.8533219923730567,-14.957142857142856,0.34533230446938773,2.3644022644022646,2.687301587301587,-0.3228993228993229,3.202457995127861,24.0,168.0,31.0,26.571428571428573,186.0,34.0,AFC North,-4,-2.5714285714285716,-18,0.37222222222222223,0.6458571428571428,6.207142857142857,5.080344051196586,0.8571428571428571,1.7142857142857142,0.8095238095238095,51.0,1.4285714285714286,-4.0,0.3845341166769738,0.5860000000000001,7.065714285714286,4.5723543632929164,1.1428571428571428,1.8571428571428572,0.8571428571428571,50.714285714285715,0.8571428571428571,0.3845341166769738,-1.202457995127861,2022,0.3517099846399928,0.3377151721856164,CIN vs. CLE,CLE,1352.1980646837235,21.0,CIN,1581.2006405979894,6.0,1,19,3.0,1,147.0,-163.0,1,0
CIN,9.0,5.0,0.5555555555555556,10.11111111111111,91,10.777777777777779,97,1.4000000000000017,-0.24593057949675565,-18.933333333333337,0.043154442443799484,2.6082210998877664,1.9665667665667665,0.641654333321,5.305401774944389,25.333333333333332,228.0,39.0,20.555555555555557,185.0,38.0,AFC North,1,4.777777777777778,43,0.42946428571428574,0.7064444444444444,7.454444444444444,3.9810914793267735,2.0,1.1111111111111112,0.6666666666666666,30.444444444444443,1.1111111111111112,3.0,0.5025153495741731,0.5935555555555555,6.307777777777778,4.270176501267328,1.0,0.7777777777777778,0.875,45.55555555555556,1.4444444444444444,0.5025153495741731,-0.30540177494438936,2022-11-20,2022,0.41402848690741,0.33493096512269555,PIT,9.0,3.0,0.3333333333333333,10.444444444444445,94,10.666666666666666,96,-25.71111111111111,-0.10257468519122906,-9.144444444444442,-0.12293299810836968,1.52660364327031,2.211335578002245,-0.6847319347319347,3.319487908205862,15.555555555555555,140.0,28.0,23.0,207.0,37.0,AFC North,1,-7.444444444444445,-67,0.5020833333333333,0.6434444444444445,4.478888888888889,4.1244473736323,0.6666666666666666,0.6666666666666666,0.787037037037037,44.22222222222222,1.5555555555555556,-2.0,0.34550783276273467,0.6137777777777778,7.274444444444445,4.104089060715159,2.0,0.5555555555555556,0.8333333333333333,44.888888888888886,1.3333333333333333,0.34550783276273467,-0.31948790820586215,2022,0.28729827254164997,0.3289108187458138,CIN vs. PIT,PIT,1500.0,1.0,CIN,1500.0,1.0,0,-7,3.5,0,163.0,-182.0,1,0
CIN,10.0,6.0,0.6,10.3,103,11.0,110,1.5800000000000018,-0.3857063940960997,-18.610000000000003,0.04113679231706664,2.655732323232323,2.0006793206793203,0.6550530025530026,5.92716469275382,26.5,265.0,46.0,21.5,215.0,44.0,AFC North,2,5.0,50,0.41878306878306876,0.6973,7.571,3.8413156647274294,2.2,1.0,0.7037037037037037,31.8,1.2,1.0,0.48559714795008907,0.5937,6.317,4.268158851140596,1.0,0.9,0.8888888888888888,48.0,1.3,0.48559714795008907,0.07283530724618004,2022-11-27,2022,0.44985478071196533,0.3629134122898472,TEN,10.0,7.0,0.7,10.3,103,10.5,105,-18.18,-0.15355333874217764,-9.859999999999996,-0.5577751697551634,1.9632575757575759,1.8121756021756021,0.15108197358197362,5.886135547232998,19.3,193.0,33.0,18.5,185.0,33.0,AFC South,2,0.8,8,0.4154761904761905,0.6139,6.036,4.073468720081351,1.1,1.1,0.8809523809523808,51.1,1.1,2.0,0.35628121878121877,0.6512,6.551,3.669246889068366,1.8,0.2,0.9074074074074073,49.1,1.3,0.35628121878121877,1.113864452767002,2022,0.3560752688750593,0.31786431137267723,CIN vs. TEN,TEN,1622.9033341027946,4.0,CIN,1570.36664052449,9.0,0,-4,1.0,0,-105.0,-105.0,0,0
KAN,11.0,9.0,0.8181818181818182,9.818181818181818,108,9.818181818181818,108,5.2272727272727275,0.39634484875390485,-7.8909090909090915,-0.11441338744374828,3.0474747474747477,2.270156106519743,0.7773186409550047,7.035896100467898,29.636363636363637,326.0,56.0,22.09090909090909,243.0,44.0,AFC West,5,7.545454545454546,83,0.511984126984127,0.6574545454545455,8.519090909090908,4.6233669075774335,2.6363636363636362,0.8181818181818182,0.7333333333333333,47.09090909090909,1.3636363636363635,-3.0,0.5139500123668431,0.6478181818181818,6.442727272727273,4.112608671379781,2.0,0.5454545454545454,0.9333333333333333,44.81818181818182,1.0909090909090908,0.5139500123668431,1.9641038995321018,2022-12-04,2022,0.6111025407186849,0.4431149592419297,CIN,11.0,7.0,0.6363636363636364,10.181818181818182,112,10.818181818181818,119,0.581818181818183,-0.38426755842196986,-17.790909090909093,-0.07415037596844205,2.616322314049587,1.9804155440519076,0.6359067699976791,6.556379596100188,25.90909090909091,285.0,50.0,21.0,231.0,47.0,AFC North,3,4.909090909090909,54,0.4469047619047619,0.688,7.585454545454545,3.8427545004015595,2.090909090909091,1.0,0.7333333333333333,36.18181818181818,1.0909090909090908,1.0,0.47391948514943166,0.5985454545454545,6.493636363636364,4.1528716828550865,0.9090909090909091,0.8181818181818182,0.875,48.81818181818182,1.1818181818181819,0.47391948514943166,0.4436204038998124,2022,0.46443264626216774,0.3749810229054936,KAN vs. CIN,CIN,1627.8701752922768,7.0,KAN,1704.9558691836462,2.0,1,3,2.5,1,120.0,-132.0,0,0
CLE,12.0,5.0,0.4166666666666667,10.416666666666666,125,10.333333333333334,124,-15.466666666666669,0.5523829335839351,-10.874999999999998,0.3750331379458239,2.3765560828060828,2.5363425925925926,-0.15978650978650977,6.047158384115912,24.166666666666668,290.0,49.0,25.0,300.0,57.0,AFC North,2,-0.8333333333333334,-10,0.42990948445493893,0.6449166666666667,6.420833333333333,4.779404992407464,1.0,1.5,0.7638888888888888,50.416666666666664,1.4166666666666667,-5.0,0.39076970143146617,0.6215,6.905833333333334,4.602055196769353,1.4166666666666667,1.3333333333333333,0.8333333333333334,49.5,1.0,0.39076970143146617,-1.047158384115912,2022-12-11,2022,0.3577928261188802,0.38125804576975336,CIN,12.0,8.0,0.6666666666666666,9.916666666666666,119,10.5,126,2.675000000000001,-0.33194808051425667,-16.608333333333334,0.039776983793634,2.719724025974026,2.1010952010952013,0.618628824878825,7.125716387753157,26.0,312.0,55.0,21.25,255.0,51.0,AFC North,4,4.75,57,0.4806572215663125,0.6978333333333334,7.810833333333332,3.8950739783092723,2.0833333333333335,1.0,0.7575757575757577,38.583333333333336,1.0,2.0,0.48745649775061545,0.5980833333333333,6.665833333333333,4.266799042617163,0.9166666666666666,0.9166666666666666,0.8409090909090909,47.666666666666664,1.1666666666666667,0.48745649775061545,0.8742836122468427,2022,0.49585826237645403,0.4005214710480086,CLE vs. CIN,CIN,1581.2006405979894,6.0,CLE,1352.1980646837235,21.0,1,13,-4.5,1,-204.0,181.0,1,0
CIN,13.0,9.0,0.6923076923076923,9.923076923076923,129,10.461538461538462,136,1.223076923076924,-0.22920229186349061,-17.1,-0.06997678871537855,2.687437562437563,2.0163955702417242,0.6710419921958384,8.003755915803193,25.76923076923077,335.0,59.0,20.384615384615383,265.0,53.0,AFC North,5,5.384615384615385,70,0.4753246753246753,0.6860769230769231,7.727692307692307,3.997819766960038,2.076923076923077,1.0,0.7777777777777778,38.38461538461539,1.0,2.0,0.4807290748467219,0.5986153846153847,6.596923076923077,4.15704527010815,0.9230769230769231,0.8461538461538461,0.8541666666666666,51.53846153846154,1.1538461538461537,0.4807290748467219,0.9962440841968068,2022-12-18,2022,0.4924140733259461,0.389593289854316,TAM,13.0,6.0,0.46153846153846156,10.384615384615385,135,10.615384615384615,138,-12.592307692307692,-1.144848935051215,-6.792307692307691,0.17986461961520075,1.6911197776582392,1.8837969722585108,-0.19267719460027152,6.255426990410886,17.23076923076923,224.0,45.0,19.53846153846154,254.0,45.0,NFC South,-1,-2.3076923076923075,-30,0.5,0.6568461538461539,6.162307692307692,3.0821731237723142,1.3076923076923077,0.3076923076923077,0.8115384615384615,48.0,1.0769230769230769,-2.0,0.3769915416408629,0.6496923076923077,6.600769230769231,4.40688667843873,1.5384615384615385,0.7692307692307693,0.8166666666666667,52.76923076923077,0.9230769230769231,0.3769915416408629,-0.2554269904108857,2022,0.3267839233227978,0.29459631294955974,CIN vs. TAM,TAM,1454.9379803532013,16.0,CIN,1710.9808031716934,6.0,0,-11,3.5,0,150.0,-167.0,0,0
CIN,14.0,10.0,0.7142857142857143,10.0,140,10.5,147,1.342857142857144,-0.3344887378028131,-16.485714285714288,-0.10405145086596071,2.716256957328386,2.0217179645751076,0.6945389927532785,8.720090749464386,26.357142857142858,369.0,65.0,20.571428571428573,288.0,57.0,AFC North,6,5.785714285714286,81,0.4742641973411204,0.6865,7.577142857142857,3.8925333210207156,2.2142857142857144,0.9285714285714286,0.7948717948717949,37.57142857142857,1.0,5.0,0.47386381125876925,0.6045714285714286,6.570714285714286,4.122970607957568,1.0714285714285714,0.7857142857142857,0.8269230769230769,52.0,1.3571428571428572,0.47386381125876925,1.2799092505356136,2022-12-24,2022,0.5067316843289872,0.3955076906125024,NWE,14.0,7.0,0.5,10.642857142857142,149,10.785714285714286,151,-15.692857142857141,-0.012077386559182017,-21.935714285714287,-0.12333139488441772,1.9902777777777776,1.8809900417043275,0.10928773607345034,7.72094485824422,21.428571428571427,300.0,54.0,19.214285714285715,269.0,49.0,AFC East,-1,2.2142857142857144,31,0.5500902943210636,0.676,6.051428571428572,4.214944672264346,0.8571428571428571,0.8571428571428571,0.8194444444444445,50.0,1.3571428571428572,3.0,0.3367221272020034,0.5920714285714286,5.409285714285715,4.103690663939111,1.4285714285714286,0.42857142857142855,0.8974358974358974,39.0,1.5714285714285714,0.3367221272020034,-0.7209448582442199,2022,0.3437531052995264,0.284613860901624,CIN vs. NWE,NWE,1494.5240613856668,12.0,CIN,1729.6158441814816,5.0,0,-4,3.0,0,136.0,-151.0,0,0
CIN,2.0,14.0,7.0,9.88888888888889,178,10.38888888888889,187,-0.2611111111111101,-0.4392837241734297,-18.033333333333335,-0.1489578884522491,2.7439019314019313,1.9152060902060901,0.8286958411958412,11.719286830277577,26.055555555555557,469.0,81.0,19.38888888888889,349.0,68.0,AFC North,10,6.666666666666667,120,1.2869805799736596,0.6851666666666667,7.333888888888889,3.787738334650099,2.111111111111111,0.8888888888888888,0.8137254901960784,37.44444444444444,1.0555555555555556,8.0,0.47810490163431335,0.5951666666666666,6.466111111111111,4.07806417037128,1.0555555555555556,0.7222222222222222,0.859375,51.55555555555556,1.5,0.47810490163431335,2.280713169722423,2023-01-29,2022,0.9739824908638097,0.5964933035858951,KAN,1.0,15.0,15.0,9.944444444444445,179,10.055555555555555,181,4.588888888888889,0.3923598260662379,-10.988888888888889,0.1812914853487948,2.967664742664743,2.1990219656886323,0.7686427769761104,11.72418924989437,29.055555555555557,523.0,88.0,21.61111111111111,389.0,70.0,AFC West,6,7.444444444444445,134,1.013223214693803,0.6696111111111112,8.33,4.6193818848897665,2.4444444444444446,1.0,0.7254901960784315,48.22222222222222,1.2777777777777777,-1.0,0.48607831844415955,0.6424444444444445,6.0633333333333335,4.408313544172324,1.8888888888888888,0.6111111111111112,0.9583333333333334,43.0,1.2222222222222223,0.48607831844415955,3.275810750105631,2022,2.102074558711148,1.2668881353999677,CIN vs. KAN,KAN,1751.4138613625648,1.0,CIN,1835.219640514508,4.0,1,3,-2.0,1,-131.0,119.0,0,1
NYJ,1.0,0.0,0.0,12.0,12,11.0,11,-26.099999999999994,0.655330882352942,-1.9000000000000057,-1.227022058823529,0.75,2.1818181818181817,-1.4318181818181817,0.089108802943116,9.0,9.0,2.0,24.0,24.0,4.0,AFC East,-1,-15.0,-15,0.5,0.627,4.61,4.882352941176471,1.0,0.0,0.5,81.0,2.0,-1.0,0.14285714285714285,0.5670000000000001,7.53,3.0,3.0,0.0,1.0,29.0,1.0,0.14285714285714285,-0.089108802943116,2022-09-18,2022,0.15181519950948066,-0.032403201070223986,CLE,1.0,1.0,1.0,11.0,11,10.0,10,-27.099999999999994,1.3370805052790349,-19.700000000000003,-1.3849167956656343,2.3636363636363638,2.4,-0.036363636363636154,0.5472835914861212,26.0,26.0,6.0,24.0,24.0,4.0,AFC North,1,2.0,2,0.5,0.529,4.65,5.564102564102564,1.0,1.0,1.0,71.0,0.0,1.0,0.4444444444444444,0.593,6.74,2.8421052631578947,1.0,2.0,1.0,96.0,1.0,0.4444444444444444,0.45271640851387884,2022,0.7923907682802975,0.18108656340555154,NYJ vs. CLE,CLE,1550.0,1.0,NYJ,1450.0,16.0,0,-1,-6.5,0,-235.0,207.0,0,0
PIT,2.0,1.0,0.5,11.0,22,12.0,24,-25.1,-0.45429478609625606,-30.849999999999998,-0.2711397058823526,1.6623931623931623,1.6111111111111112,0.05128205128205132,0.9690103350335826,18.5,37.0,7.0,18.5,37.0,7.0,AFC North,-1,0.0,0,0.0,0.5945,4.715,3.772727272727273,1.0,0.0,0.875,39.5,1.0,4.0,0.4,0.6114999999999999,4.745,3.9558823529411766,1.5,0.5,0.5833333333333333,41.0,3.0,0.4,0.03098966496641742,2022-09-22,2022,0.3231119921537482,0.1503526594742692,CLE,2.0,1.0,0.5,10.0,20,10.0,20,-14.699999999999996,1.0415157097142393,-4.700000000000003,-0.48096942724458147,2.8484848484848486,2.75,0.09848484848484862,1.0278653929090273,28.0,56.0,11.0,27.5,55.0,9.0,AFC North,-1,0.5,1,0.0,0.6719999999999999,5.955,5.268537768537769,1.0,2.0,1.0,54.5,0.5,1.0,0.5555555555555556,0.5965,7.69,3.7460526315789475,2.5,1.0,1.0,76.5,1.0,0.5555555555555556,-0.027865392909027342,2022,0.5423370169500176,0.21873028659546886,PIT vs. CLE,CLE,1485.9935000197115,7.0,PIT,1485.9935000197115,7.0,1,12,-4.5,1,-206.0,183.0,1,0
LAC,4.0,2.0,0.5,10.75,43,10.25,41,3.8000000000000007,-1.5412021663504107,-7.449999999999999,1.6833106640091942,2.1037878787878785,2.7055555555555557,-0.6017676767676768,1.8015940206319165,23.0,92.0,16.0,27.0,108.0,19.0,AFC West,1,-4.0,-16,0.5,0.67525,8.14,2.685819892473118,2.25,0.5,0.875,40.25,1.0,1.0,0.4064217032967033,0.6855,6.2299999999999995,5.910332722832723,2.25,0.5,0.875,35.5,1.25,0.4064217032967033,0.19840597936808346,2022-10-09,2022,0.39054939342958916,0.3705470341950829,CLE,4.0,2.0,0.5,10.0,40,9.75,39,-13.675,0.7965325397310694,-22.275,0.2706795816412697,2.6492424242424244,2.438888888888889,0.21035353535353546,2.225824080604866,26.25,105.0,19.0,23.75,95.0,17.0,AFC North,-1,2.5,10,0.27777777777777773,0.65525,6.245,5.023554598554599,1.0,1.75,1.0,46.0,0.75,1.0,0.46081349206349204,0.5465,6.5725,4.497701640464799,1.25,1.5,0.875,48.25,1.0,0.46081349206349204,-0.22582408060486614,2022,0.4481833904281721,0.30231404249818766,LAC vs. CLE,CLE,1475.5208242045942,9.0,LAC,1487.61722039894,9.0,0,-2,1.0,0,103.0,-114.0,0,0
NWE,5.0,2.0,0.4,9.8,49,9.8,49,-15.639999999999997,0.33561863381716367,-14.000000000000004,0.49691291119839776,2.0669191919191916,2.005266955266955,0.061652236652236604,2.422407643979045,20.6,103.0,18.0,19.6,98.0,17.0,AFC East,1,1.0,5,0.6041666666666666,0.7024,6.194,4.562640692640693,0.8,1.0,0.875,41.4,2.0,-2.0,0.360427807486631,0.6194,6.3340000000000005,4.723934970021927,1.6,0.4,1.0,34.4,1.6,0.360427807486631,-0.42240764397904496,2022-10-16,2022,0.3363129077892947,0.24824110225451523,CLE,5.0,2.0,0.4,10.0,50,9.6,48,-15.080000000000002,1.1660151684072466,-19.1,0.7711392535483099,2.679393939393939,2.6177777777777775,0.06161616161616164,2.685036640017608,26.6,133.0,23.0,25.0,125.0,23.0,AFC North,-2,1.6,8,0.3333333333333333,0.6477999999999999,6.202,5.393037227230776,1.0,2.0,0.8,49.8,0.8,0.0,0.44865079365079363,0.5666,6.709999999999999,4.998161312371839,1.2,1.6,0.9,42.0,0.8,0.44865079365079363,-0.685036640017608,2022,0.3969766291183801,0.3176839886649792,NWE vs. CLE,CLE,1427.2609325064973,15.0,NWE,1474.7868370829972,15.0,0,-23,-2.5,0,-140.0,127.0,0,0
CLE,8.0,3.0,0.375,10.375,83,9.875,79,-14.000000000000002,0.706915349609847,-14.125,0.22378800905777313,2.4688519813519814,2.513888888888889,-0.04503690753690748,4.09670388633576,25.0,200.0,36.0,24.875,199.0,36.0,AFC North,1,0.125,1,0.4006802721088435,0.6575,6.7524999999999995,4.933937408433376,0.875,1.875,0.7708333333333334,51.625,1.5,-4.0,0.413390429015429,0.602,6.85375,4.450810067881302,1.25,1.625,0.75,45.125,1.0,0.413390429015429,-1.09670388633576,2022-11-13,2022,0.37427509049986846,0.33626370267707695,MIA,9.0,6.0,0.6666666666666666,9.777777777777779,88,9.666666666666666,87,1.2333333333333312,-0.40782001587894556,1.3000000000000018,0.2623286656328624,2.633393458393458,2.633533750200417,-0.00014029180695842826,4.520141770345884,23.666666666666668,213.0,35.0,24.88888888888889,224.0,36.0,AFC East,3,-1.2222222222222223,-11,0.5635416666666666,0.6627777777777778,8.423333333333334,3.8192020429445837,2.0,0.6666666666666666,0.6785714285714286,50.44444444444444,1.1111111111111112,-3.0,0.41574074074074074,0.6827777777777777,7.747777777777778,4.489350724456391,1.6666666666666667,1.2222222222222223,0.9375,48.111111111111114,0.7777777777777778,0.41574074074074074,1.4798582296541163,2022,0.46312504802764404,0.435855550788695,CLE vs. MIA,MIA,1580.5525384239745,5.0,CLE,1431.0870184580854,17.0,1,22,-3.0,1,-177.0,158.0,0,0
TAM,10.0,5.0,0.5,10.2,102,10.4,104,-10.68,-1.4433548926563629,-9.529999999999998,0.10149271465008769,1.8231526806526808,1.7746503496503496,0.04850233100233101,5.369807732637845,18.3,183.0,38.0,18.0,180.0,32.0,NFC South,2,0.3,3,0.5222222222222223,0.658,6.553999999999999,2.783667166167166,1.2,0.4,0.8550000000000001,45.3,0.9,1.0,0.38508900413312175,0.6361,6.276,4.328514773473617,1.6,0.5,0.8333333333333334,54.5,1.0,0.38508900413312175,-0.3698077326378453,2022-11-27,2022,0.35877186878408024,0.2655443774572971,CLE,10.0,3.0,0.3,10.1,101,9.7,97,-11.05,0.4944868422821463,-7.999999999999997,0.44271690457242185,2.417581585081585,2.8086111111111114,-0.391029526029526,4.549483094451446,24.0,240.0,43.0,26.9,269.0,51.0,AFC North,-2,-2.9,-29,0.45978835978835975,0.6572,6.904999999999999,4.7215089011056754,1.1,1.6,0.7666666666666667,50.7,1.4,-6.0,0.4087426462426462,0.6271,7.325,4.669738963395951,1.4,1.6,0.8,49.3,0.8,0.4087426462426462,-1.5494830944514462,2022,0.3597744821174137,0.39172820843605805,TAM vs. CLE,CLE,1375.0749450074195,21.0,TAM,1507.074574389677,12.0,1,6,3.0,1,151.0,-169.0,0,0
CLE,11.0,4.0,0.36363636363636365,10.454545454545455,115,9.909090909090908,109,-12.618181818181819,0.5706063539463362,-7.636363636363634,0.45455881699097167,2.3471520903339087,2.682070707070707,-0.33491861673679857,5.221298124240117,23.90909090909091,263.0,47.0,26.0,286.0,54.0,AFC North,1,-2.090909090909091,-23,0.4638095238095238,0.654,6.653636363636363,4.797628412769865,1.0909090909090908,1.6363636363636365,0.7424242424242423,49.90909090909091,1.3636363636363635,-7.0,0.39832219177138967,0.6313636363636363,7.2281818181818185,4.6815808758145,1.4545454545454546,1.4545454545454546,0.8181818181818182,51.18181818181818,0.7272727272727273,0.39832219177138967,-1.2212981242401169,2022-12-04,2022,0.36331935822981387,0.3953710602927721,HOU,11.0,1.0,0.09090909090909091,10.545454545454545,116,10.272727272727273,113,-26.772727272727273,-0.07601158366840907,-16.80909090909091,0.5740835760736026,1.5214240305149396,2.4038829857011677,-0.8824589551862279,3.469642763194269,15.818181818181818,174.0,36.0,23.636363636363637,260.0,46.0,AFC South,-6,-7.818181818181818,-86,0.515,0.6214545454545455,4.678181818181819,4.15101047515512,1.0909090909090908,0.45454545454545453,0.9242424242424242,39.45454545454545,1.4545454545454546,-4.0,0.27526362526362524,0.6204545454545455,6.4363636363636365,4.801105634897132,0.9090909090909091,1.3636363636363635,0.8333333333333333,48.63636363636363,1.0909090909090908,0.27526362526362524,-2.469642763194269,2022,0.24066838599138426,0.2786777416677905,CLE vs. HOU,HOU,1276.3997862620097,32.0,CLE,1443.2070822021246,19.0,0,-13,7.5,0,280.0,-329.0,0,0
NOR,14.0,5.0,0.35714285714285715,10.428571428571429,146,10.071428571428571,141,-4.328571428571428,-0.02439161350345517,-11.799999999999999,0.30976320208240893,1.9562548562548563,2.213612776112776,-0.25735791985791984,5.818353748439517,20.428571428571427,286.0,52.0,22.5,315.0,58.0,NFC South,1,-2.0714285714285716,-29,0.45237134660211586,0.6639999999999999,7.430714285714286,4.202630445320074,1.6428571428571428,0.6428571428571429,0.7435897435897435,56.5,1.5714285714285714,-12.0,0.39632692237734257,0.6103571428571428,6.5528571428571425,4.536785260905938,1.1428571428571428,0.9285714285714286,0.9461538461538462,48.857142857142854,0.7142857142857143,0.39632692237734257,-0.8183537484395167,2022-12-24,2022,0.3353452079653352,0.3579207105321722,CLE,14.0,6.0,0.42857142857142855,10.214285714285714,143,10.214285714285714,143,-15.728571428571428,0.3819917441923926,-13.842857142857142,0.596325095707188,2.2245480709766423,2.3621031746031744,-0.13755510362653217,7.139093242224877,22.357142857142858,313.0,54.0,23.285714285714285,326.0,62.0,AFC North,1,-0.9285714285714286,-13,0.4683060529214375,0.6419285714285714,6.323571428571428,4.609013803015921,1.0,1.2857142857142858,0.7619047619047619,52.5,1.2857142857142858,-3.0,0.37780260122697096,0.6121428571428572,6.5928571428571425,4.823347154530716,1.3571428571428572,1.2142857142857142,0.8095238095238095,46.785714285714285,1.0714285714285714,0.37780260122697096,-1.1390932422248774,2022,0.34689758487505323,0.36732078870232643,NOR vs. CLE,CLE,1520.010684635226,18.0,NOR,1386.6087215252487,24.0,0,-7,-3.0,0,-181.0,162.0,0,0
CLE,15.0,6.0,0.4,10.2,153,10.2,153,-18.293333333333333,0.3178614122266253,-16.633333333333333,0.5345976785675333,2.142911532911533,2.3179629629629632,-0.17505143005143,7.360482461620023,21.533333333333335,323.0,56.0,22.866666666666667,343.0,65.0,AFC North,-1,-1.3333333333333333,-20,0.4603658246515389,0.6314,6.074,4.544883471050154,0.9333333333333333,1.2666666666666666,0.7777777777777778,52.0,1.2666666666666666,-3.0,0.3817824278118396,0.6068666666666667,6.362,4.7616197373910625,1.2666666666666666,1.2666666666666666,0.8222222222222223,44.666666666666664,1.0666666666666667,0.3817824278118396,-1.3604824616200233,2023-01-01,2022,0.3328161142262652,0.3579819782111976,WAS,15.0,7.0,0.4666666666666667,10.6,159,10.6,159,-15.006666666666664,-0.18162541950753244,-9.766666666666667,0.1578190171813401,1.8298148148148148,1.9561020461020462,-0.12628723128723135,7.037946668802023,19.0,285.0,52.0,20.866666666666667,313.0,57.0,NFC East,-2,-1.8666666666666667,-28,0.5576534576534576,0.6203333333333333,6.124666666666667,4.045396639315997,1.5333333333333334,0.4666666666666667,0.9166666666666667,51.4,1.2666666666666666,-3.0,0.34009645583174997,0.6262666666666666,6.766666666666667,4.38484107600487,1.4666666666666666,0.6666666666666666,0.9166666666666667,40.86666666666667,1.0666666666666667,0.34009645583174997,-0.03794666880202335,2022,0.3262166764034779,0.33368429345001455,CLE vs. WAS,WAS,1483.6700559455198,12.0,CLE,1451.7035327698827,22.0,0,-14,-1.0,0,-117.0,106.0,0,0
CLE,16.0,7.0,0.4375,10.125,162,10.125,162,-15.95,0.3379728619526573,-20.05625,0.46672617471032163,2.1756462287712286,2.242534722222222,-0.06688849345099343,8.24891813565236,21.6875,347.0,60.0,22.0625,353.0,67.0,AFC North,1,-0.375,-6,0.4607858807858808,0.6231875,6.440625,4.564994920776186,1.0625,1.1875,0.7916666666666666,50.0,1.1875,0.0,0.38064829880087236,0.604625,5.94,4.69374823353385,1.1875,1.25,0.8333333333333334,43.375,1.1875,0.38064829880087236,-1.2489181356523602,2023-01-08,2022,0.3414602283413805,0.3554484895491095,PIT,16.0,8.0,0.5,9.6875,155,10.0,160,-21.2375,-0.11565785957939406,-14.7625,-0.29550242896323187,1.8838976995226995,2.081897095959596,-0.19799939643689646,7.4078983417419915,17.5,280.0,57.0,20.75,332.0,64.0,AFC North,3,-3.25,-52,0.49993635993635993,0.6485625,5.273125,4.111364199244135,0.6875,0.875,0.7708333333333334,43.1875,1.125,3.0,0.42576884920634916,0.6115,6.51875,3.931519629860297,1.6875,0.4375,0.8777777777777778,40.75,1.3125,0.42576884920634916,0.5921016582580085,2022,0.38135072359705907,0.38980254145645027,CLE vs. PIT,PIT,1485.9935000197115,7.0,CLE,1485.9935000197115,7.0,1,14,-2.5,1,-142.0,128.0,1,0
DAL,2.0,1.0,0.5,10.0,20,9.5,19,-27.1,-0.2733183551198253,-14.700000000000003,-0.14399175579322576,1.15,1.8944444444444444,-0.7444444444444444,0.6075558523523834,11.5,23.0,5.0,18.0,36.0,9.0,NFC East,1,-6.5,-13,0.0,0.5565,5.555,3.9537037037037037,0.5,0.5,1.0,59.0,1.0,-1.0,0.25,0.667,5.72,4.083030303030303,1.0,0.0,0.9,30.0,0.5,0.25,0.3924441476476166,2022-09-26,2022,0.2990555184559521,0.32978940339022494,NYG,2.0,2.0,1.0,10.5,21,11.5,23,-2.3999999999999986,1.0523340017825316,-10.649999999999999,0.7353525231162703,1.9045454545454545,1.5606060606060606,0.3439393939393939,1.1293127251357973,20.0,40.0,8.0,18.0,36.0,8.0,NFC East,2,2.0,4,0.0,0.7285,6.27,5.2793560606060606,1.5,0.5,1.0,53.5,1.0,1.0,0.26666666666666666,0.5445,7.205,4.962374581939799,1.5,0.0,0.8333333333333333,44.0,1.5,0.26666666666666666,0.8706872748642027,2022,0.54679757616461,0.32533691736768744,DAL vs. NYG,NYG,1585.9935000197115,1.0,DAL,1500.0,7.0,0,-7,-1.0,0,-120.0,109.0,1,0
WAS,3.0,1.0,0.3333333333333333,11.333333333333334,34,11.666666666666666,35,-12.466666666666663,-0.5001100819115519,4.8666666666666645,1.5035334967320264,1.9055555555555557,2.317016317016317,-0.4114607614607615,1.0438798798885356,21.0,63.0,9.0,27.333333333333332,82.0,15.0,NFC East,-2,-6.333333333333333,-19,0.5,0.6306666666666666,5.926666666666667,3.726911976911977,2.3333333333333335,0.6666666666666666,,42.666666666666664,1.6666666666666667,-4.0,0.5065359477124183,0.596,8.643333333333333,5.730555555555555,2.6666666666666665,0.3333333333333333,0.9166666666666666,49.0,0.3333333333333333,0.5065359477124183,-0.04387987988853559,2022-10-02,2022,0.2608341282451292,0.2794457314444949,DAL,3.0,2.0,0.6666666666666666,10.0,30,9.666666666666666,29,-18.666666666666668,0.3643359658678289,-24.833333333333332,0.7216648098633397,1.5333333333333332,1.7962962962962965,-0.262962962962963,1.3102344784362192,15.333333333333334,46.0,10.0,17.333333333333332,52.0,13.0,NFC East,2,-2.0,-6,0.5,0.5966666666666667,6.23,4.591358024691358,0.6666666666666666,0.6666666666666666,0.9166666666666666,62.666666666666664,0.6666666666666666,0.0,0.2948717948717949,0.625,4.93,4.948686868686869,0.6666666666666666,0.3333333333333333,0.85,39.0,0.6666666666666666,0.2948717948717949,0.6897655215637808,2022,0.40997394684042004,0.40191898598079484,WAS vs. DAL,DAL,1562.1287919369763,3.0,WAS,1451.8357936304756,16.0,1,15,-3.0,1,-155.0,140.0,1,0
DAL,4.0,3.0,0.75,10.5,42,10.25,41,-12.350000000000001,-0.24902078168432096,-29.825000000000003,0.7993079075064377,1.6708333333333334,1.5555555555555556,0.11527777777777776,2.2079053421031634,17.75,71.0,16.0,15.5,62.0,15.0,NFC East,3,2.25,9,0.4444444444444444,0.5865,7.0525,3.978001277139208,1.0,0.5,0.9375,52.0,0.5,2.0,0.3044871794871795,0.6175,4.2025,5.026329966329967,0.75,0.25,0.8875,63.25,1.0,0.3044871794871795,0.7920946578968366,2022-10-09,2022,0.45638996741874627,0.3468379260271497,LAR,4.0,2.0,0.5,9.0,36,9.0,36,-18.25,-0.8381331699346402,-8.5,-0.3503553921568625,1.9861111111111112,2.611111111111111,-0.625,1.5047330051891796,17.5,70.0,14.0,23.5,94.0,15.0,NFC West,-1,-6.0,-24,0.27777777777777773,0.7110000000000001,5.34,3.388888888888889,1.0,0.75,1.0,32.75,2.25,-2.0,0.4424679487179487,0.681,6.945,3.8766666666666665,1.5,0.5,0.75,34.75,1.75,0.4424679487179487,0.49526699481082037,2022,0.43703984671771867,0.36409031195946046,DAL vs. LAR,LAR,1487.5987293294957,9.0,DAL,1596.7688787064412,2.0,0,-12,-5.5,0,-220.0,195.0,0,0
DAL,5.0,4.0,0.8,10.4,52,10.6,53,-15.080000000000002,-0.08579750770039789,-27.440000000000005,0.30070858090711095,1.7766666666666666,1.411111111111111,0.3655555555555555,3.0742066346132213,18.6,93.0,20.0,14.4,72.0,17.0,NFC East,4,4.2,21,0.4583333333333333,0.5942000000000001,6.5920000000000005,4.141224551123131,0.8,0.6,0.95,50.0,0.4,5.0,0.31025641025641026,0.6258,4.544,4.52773063973064,0.8,0.2,0.8099999999999999,55.6,1.4,0.31025641025641026,0.9257933653867787,2022-10-16,2022,0.4558302588759061,0.31599429136443485,PHI,5.0,5.0,1.0,9.8,49,10.2,51,-6.460000000000003,0.00191802070478575,-29.4,0.6852314771142176,2.788080808080808,1.7484848484848485,1.0395959595959596,3.706059352300775,27.0,135.0,22.0,17.6,88.0,12.0,NFC East,5,9.4,47,0.6666666666666666,0.6786,8.014,4.228940079528315,0.8,2.4,0.9,44.6,0.4,9.0,0.43764705882352944,0.5762,4.436,4.912253535937746,1.2,1.0,0.5,38.2,2.2,0.43764705882352944,1.293940647699225,2022,0.5651701806097263,0.24912661871525763,DAL vs. PHI,PHI,1699.763916711395,1.0,DAL,1631.5554518863628,2.0,1,9,-6.5,1,-292.0,252.0,1,0
DET,5.0,1.0,0.2,11.2,56,10.0,50,-8.4,1.3599356131341431,0.4399999999999977,1.1327221969207266,2.472027972027972,3.5146464646464644,-1.0426184926184927,1.9870728881060276,28.0,140.0,22.0,34.0,170.0,26.0,NFC North,-3,-6.0,-30,0.5208333333333334,0.5968,7.1579999999999995,5.586957671957672,2.2,1.4,0.7777777777777777,54.0,1.2,-2.0,0.3742765567765568,0.6754,8.264,5.359744255744255,1.6,2.0,0.6666666666666666,43.0,0.8,0.3742765567765568,-0.9870728881060276,2022-10-23,2022,0.3153014159345264,0.3133444196369732,DAL,6.0,4.0,0.6666666666666666,10.333333333333334,62,10.333333333333334,62,-23.01666666666667,0.08297275942010596,-22.75,0.12728338881525217,1.763888888888889,1.6574074074074074,0.10648148148148147,3.3417792585756225,18.333333333333332,110.0,23.0,16.333333333333332,98.0,22.0,NFC East,-1,2.0,12,0.5666666666666667,0.5741666666666667,5.783333333333334,4.309994818243635,0.8333333333333334,0.6666666666666666,0.875,53.666666666666664,0.8333333333333334,2.0,0.3252136752136752,0.6215,4.933333333333334,4.354305447638781,1.0,0.3333333333333333,0.8416666666666667,48.0,1.1666666666666667,0.3252136752136752,0.6582207414243775,2022,0.4116641856257008,0.3346259578261729,DET vs. DAL,DAL,1591.2472458826064,5.0,DET,1359.591942476493,27.0,1,18,-7.0,1,-278.0,241.0,0,0
DAL,8.0,6.0,0.75,10.125,81,10.375,83,-14.275000000000002,0.41051177037643855,-19.4375,0.32138144551020803,2.303472222222222,1.6476010101010101,0.6558712121212121,5.081815031471719,22.875,183.0,33.0,16.625,133.0,29.0,NFC East,2,6.25,50,0.49455782312925173,0.6228750000000001,6.49,4.637533829199968,1.0,1.25,0.8928571428571429,52.25,0.875,6.0,0.38784965034965035,0.660875,5.0962499999999995,4.548403504333737,1.0,0.5,0.88125,49.0,1.625,0.38784965034965035,0.9181849685282808,2022-11-13,2022,0.45416682710097717,0.34582434350500024,GNB,9.0,3.0,0.3333333333333333,9.777777777777779,88,9.666666666666666,87,-10.3,0.40529241912762143,-15.899999999999999,0.4309363758751434,1.824106449106449,2.17979797979798,-0.35569153069153064,3.523248139529315,17.11111111111111,154.0,26.0,20.88888888888889,188.0,34.0,NFC North,-5,-3.7777777777777777,-34,0.6241071428571429,0.654,6.318888888888889,4.632314477951151,1.5555555555555556,0.3333333333333333,0.8333333333333334,47.44444444444444,1.4444444444444444,-5.0,0.3778659611992945,0.645,5.915555555555556,4.657958434698672,1.1111111111111112,0.8888888888888888,0.9270833333333334,53.111111111111114,0.8888888888888888,0.3778659611992945,-0.5232481395293149,2022,0.27827720754070434,0.3246610003269519,DAL vs. GNB,GNB,1358.239547752622,17.0,DAL,1640.316598034364,4.0,1,3,3.5,1,177.0,-199.0,0,0
DAL,9.0,6.0,0.6666666666666666,10.333333333333334,93,10.555555555555555,95,-15.08888888888889,0.4651227069169439,-12.466666666666665,0.40574686810560484,2.3067901234567905,1.751571268237935,0.5552188552188553,5.521799525899162,23.444444444444443,211.0,37.0,18.22222222222222,164.0,34.0,NFC East,-1,5.222222222222222,47,0.4744047619047619,0.6188888888888889,6.328888888888889,4.692144765740473,1.2222222222222223,1.2222222222222223,0.8928571428571429,55.666666666666664,1.0,6.0,0.3817922817922818,0.6652222222222223,6.018888888888889,4.632768926929134,1.2222222222222223,0.5555555555555556,0.8388888888888889,48.0,1.6666666666666667,0.3817922817922818,0.4782004741008379,2022-11-20,2022,0.4189885514238124,0.33714481417477016,MIN,9.0,8.0,0.8888888888888888,11.0,99,11.11111111111111,100,-12.18888888888889,0.3340628595878307,-9.944444444444443,0.2770809067173451,2.2990598907265576,1.9280984447651113,0.370961445961446,5.338491664191737,25.11111111111111,226.0,39.0,21.22222222222222,191.0,35.0,NFC North,7,3.888888888888889,35,0.5764880952380952,0.6487777777777778,6.233333333333333,4.5610849184113595,1.5555555555555556,1.3333333333333333,0.625,41.888888888888886,1.1111111111111112,8.0,0.38865117271980015,0.6774444444444445,6.945555555555555,4.504102965540874,1.3333333333333333,1.1111111111111112,0.7291666666666666,58.333333333333336,2.0,0.38865117271980015,2.6615083358082634,2022,0.5104363918030553,0.4146142130592102,DAL vs. MIN,MIN,1748.9832631045313,1.0,DAL,1556.7852123946711,6.0,0,-37,1.5,0,118.0,-131.0,0,0
NYG,10.0,7.0,0.7,10.1,101,10.3,103,-11.780000000000001,0.3956617454184425,-14.720000000000002,1.1551130468890938,2.1112121212121213,2.03229797979798,0.0789141414141414,5.18400064295155,20.5,205.0,40.0,20.4,204.0,42.0,NFC East,-1,0.1,1,0.43108465608465607,0.6603,6.318,4.622683804241971,0.9,1.3,0.9270833333333333,51.4,1.1,1.0,0.40397019647019644,0.5862999999999999,6.789,5.3821351057126225,1.0,0.9,0.9083333333333332,52.5,1.2,0.40397019647019644,1.81599935704845,2022-11-24,2022,0.4679603705761763,0.44104075048158725,DAL,10.0,7.0,0.7,10.3,103,10.4,104,-10.430000000000001,0.3734082303428966,-14.76,0.3718817401185738,2.4761111111111114,1.609747474747475,0.8663636363636364,6.519646945740149,25.1,251.0,45.0,16.7,167.0,35.0,NFC East,1,8.4,84,0.5204585537918871,0.6437,6.853,4.600430289166426,1.3,1.3,0.90625,54.0,0.9,7.0,0.41420128890717123,0.6554,5.784000000000001,4.598903798942103,1.1,0.5,0.8550000000000001,49.1,1.6,0.41420128890717123,0.48035305425985086,2022,0.45787950237057595,0.31905034317220654,NYG vs. DAL,DAL,1500.0,7.0,NYG,1585.9935000197115,1.0,1,8,-10.5,0,-441.0,363.0,1,0
IND,12.0,4.0,0.3333333333333333,10.666666666666666,128,10.166666666666666,122,-19.45,-0.2668367591238194,-6.158333333333332,-0.3636689718291377,1.5604367854367853,2.0669823232323234,-0.5065455377955378,4.747969906798747,15.833333333333334,190.0,40.0,20.333333333333332,244.0,45.0,AFC South,-2,-4.5,-54,0.47279942279942283,0.6760833333333333,5.204166666666667,3.9601852996997096,0.9166666666666666,0.5833333333333334,0.7803030303030304,43.5,1.75,-10.0,0.35902292152292153,0.6994166666666667,6.6875,3.863353086994391,1.0833333333333333,0.9166666666666666,0.925,40.583333333333336,0.9166666666666666,0.35902292152292153,-0.7479699067987466,2022-12-04,2022,0.2930216170104493,0.3151238758156123,DAL,11.0,8.0,0.7272727272727273,10.181818181818182,112,10.363636363636363,114,-10.290909090909093,0.34912668890352455,-14.636363636363637,0.34340996618877223,2.533838383838384,1.645224977043159,0.8886134067952249,7.209073380768852,25.363636363636363,279.0,49.0,17.0,187.0,39.0,NFC East,2,8.363636363636363,92,0.5384126984126983,0.6488181818181818,6.869090909090909,4.5761487477270535,1.3636363636363635,1.3636363636363635,0.8055555555555556,56.90909090909091,1.0,5.0,0.4343978659486681,0.6503636363636364,5.8554545454545455,4.570432025012301,1.0909090909090908,0.5454545454545454,0.8681818181818183,50.63636363636363,1.4545454545454546,0.4343978659486681,0.7909266192311479,2022,0.46895730871942065,0.33560298098087304,IND vs. DAL,DAL,1671.072753986742,4.0,IND,1362.8358642163637,24.0,1,35,-11.0,1,-460.0,376.0,0,0
HOU,12.0,1.0,0.08333333333333333,10.916666666666666,131,10.25,123,-28.416666666666668,-0.11132306265860847,-19.308333333333334,0.555570387200596,1.4724164724164723,2.4285594035594036,-0.9561429311429311,3.643782503318474,15.666666666666666,188.0,39.0,23.916666666666668,287.0,48.0,AFC South,-7,-8.25,-99,0.5012396694214876,0.6124166666666667,4.568333333333333,4.11569899616492,1.0833333333333333,0.4166666666666667,0.9305555555555555,38.75,1.6666666666666667,-6.0,0.2592694342694343,0.6141666666666666,6.221666666666667,4.7825924460241245,0.8333333333333334,1.25,0.8472222222222222,49.25,1.1666666666666667,0.2592694342694343,-2.643782503318474,2022-12-11,2022,0.23211989972683175,0.2717469104611878,DAL,12.0,9.0,0.75,10.333333333333334,124,10.5,126,-9.433333333333335,0.5069966462007799,-17.041666666666668,0.2569850752155249,2.697685185185185,1.64006734006734,1.0576178451178453,8.1314848516913,27.75,333.0,56.0,17.166666666666668,206.0,43.0,NFC East,3,10.583333333333334,127,0.5197691197691198,0.6503333333333333,6.796666666666667,4.734018705024309,1.5,1.5833333333333333,0.8055555555555556,55.75,1.0,9.0,0.443069838658074,0.6435,5.610833333333333,4.484007134039054,1.1666666666666667,0.5,0.8791666666666668,53.75,1.75,0.443069838658074,0.8685151483087008,2022,0.4842989571944135,0.3375305233976681,HOU vs. DAL,DAL,1685.5729220700775,3.0,HOU,1248.716370976122,30.0,1,4,-17.0,0,-1365.0,918.0,0,0
DAL,13.0,10.0,0.7692307692307693,10.461538461538462,136,10.692307692307692,139,-11.00769230769231,0.457977837625709,-16.223076923076924,0.14906768652645008,2.663247863247863,1.650002988464527,1.0132448747833362,8.725360868334818,27.692307692307693,360.0,61.0,17.615384615384617,229.0,48.0,NFC East,4,10.076923076923077,131,0.4833994708994709,0.6476153846153847,6.682307692307693,4.684999896449238,1.4615384615384615,1.6153846153846154,0.825,52.23076923076923,1.1538461538461537,8.0,0.4500131844023247,0.6509999999999999,5.714615384615385,4.3760897453499785,1.1538461538461537,0.5384615384615384,0.8884615384615385,51.53846153846154,1.7692307692307692,0.4500131844023247,1.2746391316651824,2022-12-18,2022,0.49250734560609516,0.3526190804205472,JAX,13.0,5.0,0.38461538461538464,9.923076923076923,129,9.846153846153847,128,-6.476923076923077,0.4816175853677346,-11.13846153846154,-0.06884426016153283,2.297688422688423,2.3627233877233875,-0.06503496503496499,6.129515890555408,22.615384615384617,294.0,53.0,22.615384615384617,294.0,53.0,AFC South,1,0.0,0,0.47514430014430015,0.67,6.891538461538461,4.708639644191264,1.5384615384615385,0.9230769230769231,0.8863636363636364,42.84615384615385,1.1538461538461537,5.0,0.3944414559799175,0.6347692307692309,6.864615384615385,4.158177798661996,1.6153846153846154,1.0,0.975,39.69230769230769,1.5384615384615385,0.3944414559799175,-1.1295158905554077,2022,0.3751554310080879,0.34623537127437704,DAL vs. JAX,JAX,1469.6581390136266,18.0,DAL,1693.0559925089487,2.0,1,6,4.0,1,168.0,-188.0,0,0
PHI,14.0,13.0,0.9285714285714286,9.785714285714286,137,10.142857142857142,142,1.2571428571428573,0.45316151487987205,-22.885714285714283,0.588953404130989,3.0223665223665224,1.8963203463203462,1.126046176046176,9.992783352463615,29.357142857142858,411.0,66.0,19.142857142857142,268.0,45.0,NFC East,5,10.214285714285714,143,0.5041373156757772,0.6705,8.087142857142856,4.680183573703401,1.5714285714285714,2.142857142857143,0.8181818181818182,42.357142857142854,0.9285714285714286,12.0,0.47541584815744475,0.6125714285714287,4.859999999999999,4.815975462954518,1.2857142857142858,0.8571428571428571,0.84375,48.285714285714285,1.7857142857142858,0.47541584815744475,3.007216647536385,2022-12-24,2022,0.5852326896441092,0.36233639292713143,DAL,14.0,10.0,0.7142857142857143,10.571428571428571,148,10.785714285714286,151,-9.842857142857143,0.3916276708061641,-14.471428571428573,0.34442635550938805,2.675396825396825,1.7702408702408703,0.9051559551559551,9.130241464948844,28.142857142857142,394.0,67.0,19.214285714285715,269.0,54.0,NFC East,-1,8.928571428571429,125,0.4758006950314642,0.6561428571428571,6.712142857142857,4.618649729629693,1.5714285714285714,1.5714285714285714,0.8409090909090909,49.785714285714285,1.2142857142857142,9.0,0.45804795694501577,0.6504285714285715,5.8950000000000005,4.5714484143329175,1.3571428571428572,0.5,0.8964285714285715,50.5,1.8571428571428572,0.45804795694501577,0.8697585350511563,2022,0.48082713409673145,0.35428900704482613,PHI vs. DAL,DAL,1631.5554518863628,2.0,PHI,1699.763916711395,1.0,1,6,-4.0,1,-200.0,178.0,1,0
DAL,15.0,11.0,0.7333333333333333,10.533333333333333,158,10.733333333333333,161,-7.906666666666668,0.3310295167878406,-14.513333333333334,0.23966312788719357,2.7637037037037038,1.878891478891479,0.8848122248122248,9.725360868334818,28.933333333333334,434.0,75.0,20.2,303.0,59.0,NFC East,1,8.733333333333333,131,0.5081414617128902,0.6638000000000001,6.872,4.55805157561137,1.6666666666666667,1.5333333333333334,0.8541666666666666,48.86666666666667,1.2,12.0,0.46306698203757024,0.6470666666666667,6.010666666666666,4.4666851867107225,1.4,0.5333333333333333,0.9033333333333334,47.8,2.0,0.46306698203757024,1.2746391316651824,2022-12-29,2022,0.515020225685607,0.37316923758519494,TEN,15.0,7.0,0.4666666666666667,10.4,156,10.466666666666667,157,-21.06,0.13076006906594445,-7.539999999999997,-0.8164923867462058,1.789983164983165,2.0288914788914787,-0.2389083139083139,7.256648647702667,17.933333333333334,269.0,45.0,20.8,312.0,55.0,AFC South,-5,-2.8666666666666667,-43,0.4422571476142904,0.624,5.609333333333334,4.3577821278894735,0.9333333333333333,1.0666666666666667,0.7916666666666666,52.8,1.2666666666666666,-3.0,0.35947247197247195,0.6563333333333333,7.002666666666667,3.410529672077323,1.7333333333333334,0.5333333333333333,0.9358974358974359,51.733333333333334,1.0666666666666667,0.35947247197247195,-0.2566486477026668,2022,0.28352598754417946,0.3209699891194706,DAL vs. TEN,TEN,1349.8257815015268,12.0,DAL,1685.4399707053185,5.0,0,-14,14.0,0,563.0,-741.0,0,0
DAL,16.0,12.0,0.75,10.5625,169,10.75,172,-8.3625,0.21607316831212997,-15.71875,0.2130994703844401,2.744381313131313,1.8353243978243978,0.9090569153069153,10.57505491005894,28.8125,461.0,80.0,19.75,316.0,62.0,NFC East,2,9.0625,145,0.5053764753764753,0.6665,6.78375,4.443095227135659,1.6875,1.5,0.8653846153846154,48.0,1.3125,11.0,0.4725868341217606,0.6386875,5.9475,4.440121529207969,1.375,0.5,0.909375,52.5625,2.0,0.4725868341217606,1.42494508994106,2023-01-08,2022,0.5155309198207414,0.37003873385768377,WAS,16.0,7.0,0.4375,10.5,168,10.5,168,-18.53125,-0.20473297973505247,-7.956250000000001,0.1879331165977024,1.7848958333333333,2.000512334887335,-0.21561650155400158,7.1495109947696855,18.4375,295.0,54.0,21.0625,337.0,61.0,NFC East,-3,-2.625,-42,0.5471432271432272,0.61725,5.7175,4.022289079088477,1.4375,0.5,0.9236111111111112,49.6875,1.375,-6.0,0.3461841773422656,0.618375,7.09,4.414955175421231,1.5625,0.625,0.9236111111111112,39.5625,1.0,0.3461841773422656,-0.14951099476968555,2022,0.31842500233721616,0.33700886507405103,DAL vs. WAS,WAS,1451.8357936304756,16.0,DAL,1562.1287919369763,3.0,1,20,7.5,1,274.0,-320.0,1,0
DAL,17.0,12.0,0.7058823529411765,10.823529411764707,184,10.941176470588236,186,-11.194117647058825,0.09414817673770122,-15.93529411764706,0.1685586056821062,2.6064765300059416,1.8366078366078367,0.7698686933981052,10.605080523899938,27.470588235294116,467.0,81.0,20.11764705882353,342.0,66.0,NFC East,-1,7.352941176470588,125,0.5011341956654457,0.6489411764705882,6.528823529411764,4.3211702355612305,1.6470588235294117,1.411764705882353,0.8653846153846154,49.529411764705884,1.3529411764705883,10.0,0.45785950401002307,0.6351764705882353,6.009411764705882,4.395580664505635,1.3529411764705883,0.5294117647058824,0.8852941176470589,50.05882352941177,1.9411764705882353,0.45785950401002307,1.3949194761000623,2023-01-16,2022,0.4763390273542536,0.3630818106965858,TAM,17.0,8.0,0.47058823529411764,10.705882352941176,182,10.941176470588236,186,-10.764705882352942,-1.0175171210368574,-6.8352941176470585,0.04532398588584921,1.7379233511586452,1.9746635717223953,-0.23674022056374996,7.975248853512552,18.41176470588235,313.0,62.0,21.058823529411764,358.0,65.0,NFC South,-1,-2.6470588235294117,-45,0.4845638736263736,0.6641764705882354,6.258235294117647,3.209504937786672,1.5294117647058822,0.29411764705882354,0.7872549019607843,46.64705882352941,1.2941176470588236,-2.0,0.37149233407883925,0.6432941176470588,6.610588235294117,4.272346044709378,1.7058823529411764,0.7058823529411765,0.869047619047619,50.76470588235294,1.1764705882352942,0.37149233407883925,0.02475114648744814,2022,0.3411553235559864,0.32941455550970405,DAL vs. TAM,TAM,1500.0,1.0,DAL,1500.0,1.0,0,-17,2.5,0,122.0,-135.0,0,1
DAL,1.0,13.0,13.0,10.722222222222221,193,10.88888888888889,196,-8.222222222222221,0.05725776682556938,-16.655555555555555,0.1651004206169783,2.6530303030303033,1.8123518456851793,0.840678457345124,11.473148568470114,27.666666666666668,498.0,86.0,19.77777777777778,356.0,68.0,NFC East,1,7.888888888888889,142,0.4993373744671323,0.655,6.8005555555555555,4.284279825649098,1.7777777777777777,1.3888888888888888,0.8653846153846154,47.611111111111114,1.2777777777777777,11.0,0.462337394812885,0.6293333333333333,5.952222222222222,4.392122479440507,1.3888888888888888,0.5,0.8852941176470589,49.166666666666664,1.8888888888888888,0.462337394812885,1.5268514315298862,2023-01-22,2022,1.1259545238941462,0.5297239660409809,SFO,1.0,14.0,14.0,9.944444444444445,179,10.11111111111111,182,3.933333333333335,0.4974612693026855,-15.794444444444443,-0.7347357128045977,2.762317620650954,1.6647274022274021,1.0975902184235518,12.883050988178066,27.27777777777778,491.0,85.0,16.666666666666668,300.0,51.0,NFC West,11,10.61111111111111,191,0.5186538663182262,0.6595,8.478333333333333,4.724483328126214,1.8333333333333333,1.1666666666666667,0.8385416666666666,42.111111111111114,0.9444444444444444,15.0,0.45165105362473784,0.6650555555555555,5.922222222222222,3.492286346018931,1.2222222222222223,0.6666666666666666,0.6875,47.888888888888886,1.7777777777777777,0.45165105362473784,1.1169490118219336,2022,1.005255117345611,0.31299120660944296,DAL vs. SFO,SFO,1778.1191866215893,1.0,DAL,1643.2081557268975,3.0,1,7,-3.5,1,-183.0,164.0,0,1
HOU,1.0,0.0,0.0,12.0,12,12.0,12,-3.0999999999999943,-1.477022058823529,-17.900000000000006,0.4308726780185763,1.6666666666666667,1.6666666666666667,0.0,0.5,20.0,20.0,4.0,20.0,20.0,4.0,AFC South,0,0.0,0,0.5,0.622,7.08,2.75,2.0,0.0,1.0,40.0,1.0,1.0,0.3333333333333333,0.64,6.3,4.657894736842105,1.0,1.0,0.6666666666666666,89.0,2.0,0.3333333333333333,-0.5,2022-09-18,2022,0.16666666666666666,-0.16666666666666666,DEN,1.0,0.0,0.0,9.0,9,7.0,7,0.29999999999999716,0.9229779411764714,16.799999999999997,-0.227022058823529,1.7777777777777777,2.4285714285714284,-0.6507936507936507,0.46414157892781804,16.0,16.0,4.0,17.0,17.0,3.0,AFC West,-1,-1.0,-1,0.5,0.69,8.33,5.15,1.0,0.0,0.75,106.0,2.0,-1.0,0.5333333333333333,0.821,7.75,4.0,2.0,0.0,1.0,77.0,1.0,0.5333333333333333,-0.46414157892781804,2022,0.23815929825430307,-0.19891781954049342,HOU vs. DEN,DEN,1450.0,16.0,HOU,1450.0,16.0,1,7,-10.5,0,-481.0,391.0,0,0
SFO,2.0,1.0,0.5,10.0,20,9.0,18,-25.5,0.2513563195548496,-27.2,-1.603469935271405,1.85,1.3875,0.46250000000000013,1.1400947242927673,18.5,37.0,7.0,13.0,26.0,3.0,NFC West,1,5.5,11,1.0,0.5445,6.215,4.478378378378379,0.5,1.5,0.8333333333333333,62.5,1.0,2.0,0.43529411764705883,0.6225,4.39,2.623552123552124,1.0,0.5,,65.0,2.0,0.43529411764705883,-0.14009472429276726,2022-09-25,2022,0.3254834232487657,0.07165877297560272,DEN,2.0,1.0,0.5,9.5,19,8.5,17,-17.85,0.7512037476280842,-11.3,-0.004799836601306673,1.6888888888888889,1.6642857142857141,0.024603174603174682,1.2604878601618286,16.0,32.0,8.0,13.0,26.0,6.0,AFC West,1,3.0,6,0.0,0.571,7.005,4.978225806451613,1.0,0.0,0.875,103.0,1.5,-2.0,0.39166666666666666,0.6605,5.9,4.222222222222222,1.0,0.0,1.0,85.5,0.5,0.39166666666666666,-0.26048786016182857,2022,0.36621308207119396,0.1305021423243832,SFO vs. DEN,DEN,1500.0,7.0,SFO,1514.0064999802885,7.0,1,1,1.0,1,-101.0,-110.0,0,0
DEN,3.0,2.0,0.6666666666666666,10.666666666666666,32,9.666666666666666,29,-20.96666666666667,0.11199716567956679,-15.299999999999999,0.13165240511409296,1.407977207977208,1.387301587301587,0.020675620675620714,1.8167202442607149,14.333333333333334,43.0,10.0,12.0,36.0,8.0,AFC West,2,2.3333333333333335,7,0.25,0.5826666666666667,6.286666666666666,4.339019224503096,0.6666666666666666,0.3333333333333333,0.75,78.66666666666667,1.0,1.0,0.36637426900584796,0.6473333333333333,5.703333333333333,4.358674463937622,1.0,0.0,1.0,70.33333333333333,1.3333333333333333,0.36637426900584796,0.18327975573928512,2022-10-02,2022,0.33159164122284224,0.2007613568495894,LVR,3.0,0.0,0.0,9.333333333333334,28,9.333333333333334,28,-17.066666666666663,0.3680553783591711,0.6666666666666666,-0.36175779302162886,2.3000000000000003,2.7629629629629626,-0.46296296296296297,1.1796523198880977,21.333333333333332,64.0,14.0,25.666666666666668,77.0,11.0,AFC West,-3,-4.333333333333333,-13,0.0,0.612,6.063333333333333,4.5950774371827,2.0,0.0,1.0,41.0,1.6666666666666667,-3.0,0.3611111111111111,0.7006666666666668,7.793333333333334,3.8652642658019,1.6666666666666667,1.3333333333333333,0.75,75.33333333333333,0.6666666666666666,0.3611111111111111,-1.1796523198880977,2022,0.30339128001865034,0.10742648191941577,DEN vs. LVR,LVR,1352.0146061080266,31.0,DEN,1552.0146061080266,3.0,1,9,-2.5,1,-137.0,124.0,1,0
IND,4.0,1.0,0.25,10.25,41,10.0,40,-20.225,-0.8517840986313352,3.900000000000002,-1.1265100561376133,1.3888888888888888,2.1916666666666664,-0.8027777777777778,1.4014624586947464,14.25,57.0,11.0,21.25,85.0,15.0,AFC South,-1,-7.0,-28,0.4444444444444444,0.65825,5.4575,3.3752379601921936,1.25,0.25,0.7222222222222222,50.75,2.25,-6.0,0.38461538461538464,0.70525,7.53,3.1005120026859156,1.75,0.75,0.875,36.0,0.75,0.38461538461538464,-0.4014624586947464,2022-10-06,2022,0.24136532289242554,0.2436128944973675,DEN,4.0,2.0,0.5,10.75,43,9.75,39,-10.450000000000003,0.08974235955379284,-17.775,0.43672063123495053,1.5787101787101787,1.8404761904761906,-0.2617660117660118,2.1304643672697097,16.5,66.0,14.0,17.0,68.0,14.0,AFC West,-1,-0.5,-2,0.16666666666666666,0.607,7.255,4.316764418377321,1.0,0.5,0.8125,71.5,1.0,0.0,0.34296251993620414,0.64,5.55,4.66374269005848,0.75,0.5,1.0,59.0,1.0,0.34296251993620414,-0.13046436726970967,2022,0.3149622026640934,0.2575224285783594,IND vs. DEN,DEN,1476.0399134432307,9.0,IND,1423.963491903822,24.0,0,-3,-3.5,0,-178.0,159.0,0,0
DEN,5.0,2.0,0.4,11.0,55,10.4,52,-17.900000000000002,0.11924661873547135,-23.240000000000002,0.31935670860786997,1.4129681429681429,1.6569963369963372,-0.24402819402819403,2.4663225945064893,15.0,75.0,17.0,16.0,80.0,18.0,AFC West,-2,-1.0,-5,0.1875,0.5932000000000001,6.624,4.346268677559,0.8,0.4,0.8,67.0,1.2,0.0,0.30103668261563,0.6388,4.976,4.546378767431399,0.6,0.4,1.0,60.0,1.2,0.30103668261563,-0.4663225945064893,2022-10-17,2022,0.2802636941577807,0.24463920499570457,LAC,5.0,3.0,0.6,10.4,52,10.2,51,1.7599999999999993,-0.6783661448450344,-10.1,1.8754376678297462,2.3496969696969696,2.724444444444445,-0.3747474747474747,2.3423814612191745,24.4,122.0,22.0,27.2,136.0,23.0,AFC West,2,-2.8,-14,0.5,0.6696,7.964,3.5486559139784943,2.0,0.8,0.9,35.6,0.8,2.0,0.38513736263736265,0.6719999999999999,6.1899999999999995,6.102459726653275,2.0,1.0,0.7,41.4,1.2,0.38513736263736265,0.6576185387808255,2022,0.47872156866606985,0.4200989270272902,DEN vs. LAC,LAC,1535.8771120970368,7.0,DEN,1418.6011382125566,15.0,1,3,-3.5,0,-186.0,166.0,1,0
NYJ,6.0,4.0,0.6666666666666666,11.5,69,11.166666666666666,67,-21.7,0.14411374136906638,-18.01666666666667,-0.4694888698387271,2.1633116883116883,1.991841491841492,0.17147019647019643,3.1395023866228735,23.833333333333332,143.0,25.0,21.333333333333332,128.0,23.0,AFC East,3,2.5,15,0.5366666666666666,0.5836666666666667,6.03,4.3711358001925955,1.1666666666666667,1.3333333333333333,0.8611111111111112,73.5,1.5,1.0,0.3350889850889851,0.6426666666666666,5.373333333333334,3.7575331889848016,1.3333333333333333,1.1666666666666667,0.7777777777777777,49.333333333333336,1.6666666666666667,0.3350889850889851,0.8604976133771265,2022-10-23,2022,0.41428125684644485,0.3353021022578953,DEN,6.0,2.0,0.3333333333333333,11.166666666666666,67,10.666666666666666,64,-17.85,0.10501343334520323,-25.166666666666668,0.06857135848041455,1.3996956746956748,1.6447191697191696,-0.24502349502349505,2.865885873916297,15.166666666666666,91.0,21.0,16.5,99.0,23.0,AFC West,-3,-1.3333333333333333,-8,0.27,0.5836666666666667,6.591666666666666,4.332035492168732,0.8333333333333334,0.3333333333333333,0.8333333333333334,81.0,1.1666666666666667,0.0,0.2984829497987393,0.6405,4.67,4.295593417303944,0.5,0.5,1.0,64.83333333333333,1.1666666666666667,0.2984829497987393,-0.8658858739162971,2022,0.268199991661089,0.24761621067688844,NYJ vs. DEN,DEN,1384.865440588374,20.0,NYJ,1607.0525105144502,5.0,0,-7,2.0,0,115.0,-127.0,0,0
DEN,7.0,2.0,0.2857142857142857,11.285714285714286,79,10.857142857142858,76,-21.542857142857144,0.021865505892527195,-25.82857142857143,0.3775342036274702,1.306882006882007,1.6002354788069073,-0.2933534719249005,3.0695395926822866,14.285714285714286,100.0,23.0,16.428571428571427,115.0,27.0,AFC West,-4,-2.142857142857143,-15,0.3361111111111111,0.5748571428571428,6.1899999999999995,4.248887564716056,0.7142857142857143,0.42857142857142855,0.7857142857142857,74.28571428571429,1.1428571428571428,-1.0,0.3004853855417765,0.6368571428571429,4.58,4.604556262450999,0.42857142857142855,0.5714285714285714,1.0,67.71428571428571,1.0,0.3004853855417765,-1.0695395926822866,2022-10-30,2022,0.24665567697704774,0.2502301334540945,JAX,7.0,2.0,0.2857142857142857,9.714285714285714,68,9.571428571428571,67,-10.742857142857146,1.0180529174544548,-20.657142857142862,-0.48960139576922534,2.3223304473304474,2.076226551226551,0.24610389610389616,3.4702096362050074,22.142857142857142,155.0,27.0,19.571428571428573,137.0,25.0,AFC South,-4,2.5714285714285716,18,0.45555555555555555,0.6487142857142858,6.7942857142857145,5.245074976277984,1.2857142857142858,1.1428571428571428,0.95,47.142857142857146,1.4285714285714286,-1.0,0.40845107273678705,0.6302857142857142,5.768571428571429,3.7374206630543036,1.2857142857142858,1.0,1.0,44.42857142857143,1.2857142857142858,0.40845107273678705,-1.4702096362050074,2022,0.31366457945895965,0.2414600407140188,DEN vs. JAX,JAX,1376.5481318809336,21.0,DEN,1363.0935885689953,21.0,0,-4,-1.0,0,-107.0,-103.0,0,0
DEN,8.0,3.0,0.375,11.25,90,10.875,87,-21.200000000000003,-0.05835258255412268,-28.8875,0.5480584208210952,1.3821581196581196,1.593387862137862,-0.21122974247974247,3.692187508037158,15.125,121.0,26.0,16.5,132.0,30.0,AFC West,1,-1.375,-11,0.3289115646258503,0.578,6.27,4.1686694762694065,0.75,0.625,0.7857142857142857,75.0,1.125,0.0,0.28565198507632716,0.629875,4.185,4.7750804796446245,0.5,0.625,1.0,66.0,1.125,0.28565198507632716,-0.6921875080371578,2022-11-13,2022,0.26389322887643596,0.271888469481157,TEN,8.0,5.0,0.625,10.25,82,10.375,83,-25.924999999999997,0.17867253693033408,-7.299999999999998,-0.3338845001196509,1.9019886363636365,1.9329545454545454,-0.030965909090909058,4.357936468896935,18.625,149.0,26.0,19.75,158.0,28.0,AFC South,-1,-1.125,-9,0.42346938775510207,0.597875,5.115,4.405694595753863,0.75,1.25,0.861111111111111,54.0,1.125,3.0,0.33116883116883117,0.674625,6.7075,3.893137558703878,1.875,0.25,0.880952380952381,50.125,1.5,0.33116883116883117,0.6420635311030649,2022,0.34252081068396295,0.32225569107061114,DEN vs. TEN,TEN,1563.6099591286015,9.0,DEN,1415.028885673184,17.0,1,7,-2.5,1,-135.0,122.0,0,0
LVR,9.0,2.0,0.2222222222222222,9.11111111111111,82,9.333333333333334,84,-11.255555555555553,0.4252115641703278,7.355555555555556,0.296338650223638,2.5076639409972743,2.712570145903479,-0.20490620490620487,3.866654778446405,22.555555555555557,203.0,38.0,25.11111111111111,226.0,38.0,AFC West,-3,-2.5555555555555554,-23,0.3107142857142857,0.63,6.583333333333333,4.652233622993857,1.4444444444444444,0.7777777777777778,1.0,52.111111111111114,0.7777777777777778,-1.0,0.38180029846696517,0.7152222222222222,8.196666666666665,4.523360709047167,1.8888888888888888,1.1111111111111112,0.6875,49.333333333333336,0.6666666666666666,0.38180029846696517,-1.8666547784464051,2022-11-20,2022,0.3672996184539792,0.30828983917861985,DEN,9.0,3.0,0.3333333333333333,11.444444444444445,103,11.0,99,-22.577777777777776,-0.23264919102850115,-26.477777777777778,0.32184174916976027,1.3140550807217475,1.5737521737521736,-0.2596970930304263,3.9135767274323032,14.555555555555555,131.0,28.0,16.555555555555557,149.0,33.0,AFC West,-1,-2.0,-18,0.365922619047619,0.5693333333333332,6.163333333333333,3.994372867795028,0.7777777777777778,0.5555555555555556,0.8125,72.22222222222223,1.1111111111111112,0.0,0.28005666647307514,0.6185555555555555,4.596666666666667,4.548863807993289,0.6666666666666666,0.5555555555555556,1.0,65.33333333333333,1.1111111111111112,0.28005666647307514,-0.9135767274323032,2022,0.24425010963527025,0.262460121206211,LVR vs. DEN,DEN,1552.0146061080266,3.0,LVR,1352.0146061080266,31.0,0,-6,-2.5,0,-145.0,131.0,1,0
KAN,12.0,9.0,0.75,9.583333333333334,115,9.583333333333334,115,4.491666666666667,0.47106427312245197,-5.091666666666667,-0.08458175711755352,3.079232804232804,2.4024050024050023,0.6768278018278019,7.4665593088149285,29.166666666666668,350.0,60.0,22.5,270.0,49.0,AFC West,-1,6.666666666666667,80,0.523291355109537,0.6520833333333333,8.522499999999999,4.698086331945981,2.5,0.9166666666666666,0.712121212121212,46.083333333333336,1.3333333333333333,-4.0,0.5165753901241518,0.661,6.763333333333333,4.142440301705975,2.0,0.5833333333333334,0.9393939393939394,46.5,1.0,0.5165753901241518,1.5334406911850715,2022-12-11,2022,0.5884104648341336,0.4450279665710641,DEN,12.0,3.0,0.25,11.333333333333334,136,10.833333333333334,130,-19.433333333333334,-0.15887398692462654,-22.03333333333333,0.2047905659775111,1.265973840973841,1.6212232212232214,-0.3552493802493803,4.793223821614437,13.833333333333334,166.0,37.0,17.0,204.0,45.0,AFC West,-4,-3.1666666666666665,-38,0.3689721894267349,0.6011666666666667,6.271666666666666,4.068148071898903,0.6666666666666666,0.5,0.7727272727272727,65.58333333333333,1.0,1.0,0.2685742458865524,0.6315833333333333,5.223333333333334,4.43181262480104,0.75,0.5833333333333334,0.9791666666666666,61.25,1.0833333333333333,0.2685742458865524,-1.7932238216144372,2022,0.23140362659330013,0.2655800820688143,KAN vs. DEN,DEN,1262.8693452795485,27.0,KAN,1644.0408635657782,3.0,0,-6,8.5,1,329.0,-394.0,1,0
DEN,14.0,4.0,0.2857142857142857,11.571428571428571,162,11.0,154,-18.564285714285713,0.01139941987619372,-24.7,0.10878627796245567,1.3708347208347207,1.6928167071024214,-0.3219819862677005,5.933031197438476,15.571428571428571,218.0,45.0,18.071428571428573,253.0,54.0,AFC West,1,-2.5,-35,0.3935681839527993,0.6168571428571428,6.067142857142857,4.238421478699722,0.9285714285714286,0.5714285714285714,0.75,61.142857142857146,1.1428571428571428,3.0,0.2813906064818272,0.6287142857142857,4.995,4.335808336785985,0.8571428571428571,0.5714285714285714,0.9821428571428571,60.785714285714285,1.3571428571428572,0.2813906064818272,-1.933031197438476,2022-12-25,2022,0.23942398417780802,0.2771875303053443,LAR,14.0,4.0,0.2857142857142857,9.5,133,9.285714285714286,130,-22.678571428571427,-0.624375587486823,-8.685714285714283,-0.2950234257942824,1.76751443001443,2.5254687772544915,-0.7579543472400615,4.816105115970819,16.428571428571427,230.0,45.0,22.857142857142858,320.0,58.0,NFC West,-1,-6.428571428571429,-90,0.41284420707497627,0.6433571428571428,5.022857142857142,3.6026464713367057,1.0,0.7142857142857143,0.9230769230769231,42.285714285714285,1.5,-5.0,0.3964037712987293,0.6834285714285714,6.759285714285714,3.9319986330292465,1.3571428571428572,0.7142857142857143,0.9107142857142857,42.642857142857146,1.1428571428571428,0.3964037712987293,-0.816105115970819,2022,0.3186225938675151,0.3882779688316992,DEN vs. LAR,LAR,1296.8248559238202,27.0,DEN,1316.830605364646,27.0,1,37,3.0,1,155.0,-173.0,0,0
DEN,15.0,4.0,0.26666666666666666,11.533333333333333,173,10.8,162,-21.10666666666667,0.07550465462954555,-21.40666666666667,0.11232498143598264,1.3642942242942242,2.00496225996226,-0.6406680356680357,5.9776540152920825,15.466666666666667,232.0,48.0,20.266666666666666,304.0,62.0,AFC West,-1,-4.8,-72,0.38586433407861975,0.6119333333333333,5.775333333333333,4.302526713453075,0.9333333333333333,0.5333333333333333,0.7692307692307693,60.733333333333334,1.3333333333333333,-1.0,0.282631232716372,0.6439333333333334,5.304666666666666,4.339347040259511,0.9333333333333333,0.7333333333333333,0.9833333333333333,57.13333333333333,1.2666666666666666,0.282631232716372,-1.9776540152920825,2023-01-01,2022,0.24087576387899037,0.3067429839719716,KAN,15.0,12.0,0.8,9.933333333333334,149,10.0,150,4.026666666666667,0.40456953637752463,-8.006666666666666,-0.031308963711477254,2.9815680615680615,2.275863395863396,0.7057046657046657,9.597259587596414,29.2,438.0,74.0,22.133333333333333,332.0,59.0,AFC West,3,7.066666666666666,106,0.4702234273662845,0.6627333333333334,8.435333333333334,4.631591595201054,2.466666666666667,0.9333333333333333,0.7380952380952381,50.93333333333333,1.4,-5.0,0.49810879694780624,0.6436,6.391333333333334,4.195713095112052,2.066666666666667,0.5333333333333333,0.9487179487179488,44.266666666666666,1.0666666666666667,0.49810879694780624,2.4027404124035865,2022,0.5761981165628033,0.4301163041474718,DEN vs. KAN,KAN,1644.0408635657782,3.0,DEN,1262.8693452795485,27.0,1,3,-13.5,0,-711.0,544.0,1,0
LAC,16.0,10.0,0.625,10.5,168,10.1875,163,-7.487499999999999,-0.5144060616763915,-17.2125,1.2817221019772924,2.1915088383838386,2.1895202020202023,0.001988636363636387,8.603633816910627,22.6875,363.0,67.0,22.0625,353.0,64.0,AFC West,4,0.625,10,0.48194842194842197,0.687375,6.62625,3.7126159971471377,1.4375,0.9375,0.9444444444444444,37.5625,1.0625,5.0,0.42793803418803417,0.612125,6.086875,5.508744160800822,1.3125,1.0,0.7604166666666666,45.375,1.375,0.42793803418803417,1.3963661830893734,2023-01-08,2022,0.43361478209337356,0.40236481430894167,DEN,16.0,4.0,0.25,11.5625,185,10.875,174,-21.18125,0.11128423503872839,-19.6875,0.02080329141976317,1.4040258352758352,2.0202771187146187,-0.6162512834387834,6.408317223639114,16.0,256.0,52.0,20.6875,331.0,66.0,AFC West,-2,-4.6875,-75,0.4134733784733785,0.6164375,5.685625,4.338306293862257,0.9375,0.625,0.7857142857142857,58.375,1.375,-1.0,0.2805917806715988,0.6468125,5.48375,4.247825350243292,1.0625,0.75,0.921875,55.5,1.3125,0.2805917806715988,-2.4083172236391137,2022,0.23877280553066424,0.2985097209913141,LAC vs. DEN,DEN,1418.6011382125566,15.0,LAC,1535.8771120970368,7.0,1,3,-6.0,0,-254.0,222.0,1,0
WAS,1.0,1.0,1.0,10.0,10,11.0,11,0.20000000000000284,-1.1913077731092434,-26.5,2.606311274509804,2.8,2.0,0.7999999999999998,0.6391216923795505,28.0,28.0,4.0,22.0,22.0,5.0,NFC East,1,6.0,6,0.5,0.659,7.2,3.0357142857142856,4.0,0.0,,63.0,3.0,-2.0,0.7,0.5710000000000001,5.6,6.833333333333333,1.0,1.0,0.75,90.0,1.0,0.7,0.3608783076204495,2022-09-18,2022,0.5443513230481799,0.16403559437293158,DET,1.0,0.0,0.0,10.0,10,9.0,9,-20.799999999999997,2.2372636554621854,-19.900000000000006,1.3114394796380093,3.5,4.222222222222222,-0.7222222222222223,0.45142759230134666,35.0,35.0,5.0,38.0,38.0,5.0,NFC North,-1,-3.0,-3,0.5,0.568,5.41,6.464285714285714,2.0,3.0,,65.0,1.0,-1.0,0.6428571428571429,0.563,7.47,5.538461538461538,0.0,4.0,1.0,61.0,0.0,0.6428571428571429,-0.45142759230134666,2022,0.27428620384932667,-0.2507931068340815,WAS vs. DET,DET,1450.0,16.0,WAS,1550.0,1.0,1,9,1.0,1,103.0,-114.0,0,0
DET,2.0,1.0,0.5,11.5,23,10.5,21,-0.8999999999999986,2.9842874649859947,-11.450000000000003,0.6374468056453355,3.1346153846153846,3.236111111111111,-0.10149572649572658,1.1155693650645668,35.5,71.0,11.0,32.5,65.0,9.0,NFC North,1,3.0,6,1.0,0.578,7.325,7.211309523809524,3.0,1.5,1.0,35.0,0.5,0.0,0.4752747252747253,0.6074999999999999,7.244999999999999,4.864468864468865,1.5,2.5,1.0,39.0,0.5,0.4752747252747253,-0.11556936506456683,2022-09-25,2022,0.4506247170497775,0.1895208503433071,MIN,2.0,1.0,0.5,9.5,19,9.5,19,-16.400000000000002,0.8411597593582893,-10.699999999999996,1.2533700980392162,1.5388888888888888,1.5888888888888888,-0.050000000000000044,0.9948755855290019,15.0,30.0,6.0,15.5,31.0,5.0,NFC North,-1,-0.5,-1,1.0,0.653,5.775,5.068181818181818,1.5,0.0,1.0,22.5,1.5,0.0,0.3205128205128205,0.7530000000000001,7.14,5.480392156862745,0.5,1.5,0.5,35.0,1.5,0.3205128205128205,0.0051244144709980954,2022,0.3165985917585787,0.13225321243039448,DET vs. MIN,MIN,1500.0,7.0,DET,1514.0064999802885,7.0,1,4,-6.5,0,-266.0,232.0,1,0
SEA,3.0,1.0,0.3333333333333333,8.0,24,9.0,27,-7.266666666666668,-0.41335746255023675,-1.5,0.8143757906388368,1.9530423280423281,2.6175925925925925,-0.6645502645502647,0.9811734868988855,15.666666666666666,47.0,8.0,23.333333333333332,70.0,14.0,NFC West,-2,-7.666666666666667,-23,0.0,0.774,5.846666666666667,3.8136645962732927,1.3333333333333333,0.0,1.0,76.66666666666667,1.6666666666666667,-1.0,0.45352686529157116,0.6549999999999999,8.643333333333333,5.041397849462366,1.0,1.3333333333333333,0.8055555555555555,49.0,1.3333333333333333,0.45352686529157116,0.018826513101114495,2022-10-02,2022,0.335425168122346,0.34893297757303215,DET,3.0,1.0,0.3333333333333333,11.666666666666666,35,10.666666666666666,32,-7.599999999999999,1.9043271475256773,-10.133333333333335,0.655957184155714,2.756410256410257,3.005892255892256,-0.24948199948199953,1.5252375836250356,31.666666666666668,95.0,15.0,31.0,93.0,13.0,NFC North,-1,0.6666666666666666,2,0.75,0.5886666666666667,6.933333333333334,6.131349206349206,2.3333333333333335,1.6666666666666667,0.6666666666666666,43.0,0.6666666666666666,0.0,0.3793498168498169,0.6,7.1866666666666665,4.882979242979243,1.6666666666666667,2.3333333333333335,0.5,31.0,0.6666666666666666,0.3793498168498169,-0.5252375836250356,2022,0.35353748805356633,0.19970741055077643,SEA vs. DET,DET,1461.991893872262,16.0,SEA,1423.864708082735,16.0,0,-3,-3.0,0,-169.0,151.0,0,0
DET,4.0,1.0,0.25,11.5,46,10.25,41,-0.625,1.821489845938376,0.5499999999999972,1.2155154037139335,3.090034965034965,3.587752525252525,-0.4977175602175602,1.9870728881060276,35.0,140.0,22.0,35.25,141.0,20.0,NFC North,-2,-0.25,-1,0.611111111111111,0.61025,7.7625,6.048511904761905,2.75,1.75,0.7777777777777777,47.0,1.0,-1.0,0.38451236263736266,0.64175,8.39,5.442537462537462,1.75,2.5,0.5555555555555555,42.25,0.75,0.38451236263736266,-0.9870728881060276,2022-10-09,2022,0.3602412851177576,0.2454789160846308,NWE,4.0,1.0,0.25,10.0,40,9.75,39,-19.549999999999997,0.2191359498344797,-7.6250000000000036,0.7427114685186942,1.7780934343434343,2.506583694083694,-0.7284902597402598,1.4227495983903862,18.5,74.0,12.0,24.5,98.0,17.0,AFC East,-2,-6.0,-24,0.7222222222222222,0.6755,5.8025,4.446158008658008,0.75,1.25,0.8333333333333334,40.25,2.25,-3.0,0.3672014260249554,0.6385000000000001,6.7325,4.969733527342223,2.0,0.5,1.0,22.5,1.5,0.3672014260249554,-0.42274959839038617,2022,0.268293780120721,0.2808542104318169,DET vs. NWE,NWE,1427.8519086541642,24.0,DET,1406.526870905326,24.0,1,29,-3.0,1,-148.0,133.0,0,0
MIA,7.0,4.0,0.5714285714285714,10.428571428571429,73,10.0,70,-8.828571428571427,-0.38279238965779844,-0.12857142857142737,0.028458947808372707,2.1281385281385283,2.395892599464028,-0.2677540713254999,3.3861146536309166,21.0,147.0,26.0,23.571428571428573,165.0,26.0,AFC East,1,-2.5714285714285716,-18,0.6611111111111111,0.6369999999999999,7.402857142857143,3.8442296691657307,1.7142857142857142,0.5714285714285714,0.75,51.57142857142857,1.2857142857142858,-2.0,0.3678571428571429,0.6868571428571428,7.784285714285715,4.255481006631902,1.5714285714285714,1.1428571428571428,0.9166666666666666,44.42857142857143,1.0,0.3678571428571429,0.6138853463690834,2022-10-30,2022,0.3873992544140825,0.35094085511346157,DET,6.0,1.0,0.16666666666666666,11.0,66,10.0,60,-12.683333333333332,1.2087760011411977,2.1333333333333306,0.9633898209633508,2.16002331002331,3.328872053872054,-1.1688487438487438,2.023144263142479,24.333333333333332,146.0,24.0,32.333333333333336,194.0,30.0,NFC North,-4,-8.0,-48,0.55,0.632,6.638333333333333,5.4357980599647275,1.8333333333333333,1.1666666666666667,0.8333333333333333,54.833333333333336,1.8333333333333333,-6.0,0.3674526862026862,0.6895000000000001,8.293333333333333,5.19041187978688,1.5,2.0,0.7333333333333333,45.0,0.8333333333333334,0.3674526862026862,-1.0231442631424792,2022,0.3016276204156073,0.3314046447381267,MIA vs. DET,DET,1338.7340907332127,27.0,MIA,1522.1624635778903,6.0,0,-4,3.5,0,169.0,-190.0,0,0
GNB,8.0,3.0,0.375,9.875,79,9.875,79,-5.6875,0.4543317288715152,-15.2,0.5414069866640903,1.9271197552447552,2.217897727272727,-0.29077797202797195,3.293663268458755,18.125,145.0,24.0,21.625,173.0,32.0,NFC North,-4,-3.5,-28,0.6928571428571428,0.668875,6.62,4.681353787695044,1.625,0.375,0.8,43.25,1.25,-3.0,0.3584325396825397,0.658375,6.02,4.768429045487619,1.0,1.0,0.9270833333333334,52.0,0.875,0.3584325396825397,-0.2936632684587548,2022-11-06,2022,0.2926456986661233,0.3395613534957593,DET,7.0,1.0,0.14285714285714285,10.571428571428571,74,9.571428571428571,67,-9.885714285714284,1.0487747745296954,7.142857142857139,0.8098144974773129,2.333591408591409,3.485971964543393,-1.1523805559519844,2.442013672251461,24.714285714285715,173.0,29.0,32.142857142857146,225.0,35.0,NFC North,-5,-7.428571428571429,-52,0.5535714285714285,0.646,6.968571428571429,5.275796833353224,1.7142857142857142,1.2857142857142858,0.8666666666666666,51.285714285714285,1.5714285714285714,-5.0,0.3784515088086517,0.7061428571428571,8.811428571428571,5.036836556300842,1.7142857142857142,1.8571428571428572,0.7777777777777777,46.42857142857143,0.8571428571428571,0.3784515088086517,-1.442013672251461,2022,0.3111613967272348,0.34014823341407,GNB vs. DET,DET,1312.9246888472248,29.0,GNB,1423.6566488659062,17.0,1,6,4.0,1,170.0,-191.0,1,0
DET,9.0,3.0,0.3333333333333333,10.0,90,9.555555555555555,86,-8.71111111111111,0.6362321090533516,-0.15555555555555933,0.9806762151247449,2.453904428904429,3.155755972422639,-0.7018515435182101,3.7318469997579946,24.333333333333332,219.0,35.0,29.333333333333332,264.0,42.0,NFC North,2,-5.0,-45,0.5037202380952381,0.6434444444444444,7.044444444444444,4.863254167876881,1.6666666666666667,1.2222222222222223,0.8888888888888888,48.44444444444444,1.3333333333333333,-2.0,0.4054622846289513,0.6753333333333333,8.093333333333334,5.207698273948274,1.6666666666666667,1.6666666666666667,0.8333333333333333,54.666666666666664,1.1111111111111112,0.4054622846289513,-0.7318469997579946,2022-11-20,2022,0.3572658703808274,0.3943958992379382,NYG,9.0,7.0,0.7777777777777778,10.0,90,10.333333333333334,93,-10.033333333333335,0.5289513988812257,-14.466666666666669,1.2726475781544602,2.163973063973064,1.9136644219977552,0.2503086419753086,4.967871574178352,20.77777777777778,187.0,37.0,19.22222222222222,173.0,37.0,NFC East,1,1.5555555555555556,14,0.4433035714285714,0.6654444444444444,6.378888888888889,4.755973457704755,0.8888888888888888,1.2222222222222223,0.9270833333333333,50.111111111111114,0.8888888888888888,4.0,0.4061207311207311,0.5787777777777777,6.837777777777777,5.4996696369779885,1.1111111111111112,0.5555555555555556,0.898148148148148,53.333333333333336,1.3333333333333333,0.4061207311207311,2.0321284258216483,2022,0.5039367305622234,0.443475211177301,DET vs. NYG,NYG,1631.3950173230128,3.0,DET,1429.8839833460163,18.0,0,-13,-3.0,0,-159.0,143.0,0,0
JAX,11.0,4.0,0.36363636363636365,10.0,110,9.909090909090908,109,-7.772727272727274,0.665006611584328,-13.52727272727273,-0.22879433782416106,2.2588383838383836,2.1559458218549126,0.10289256198347112,5.290184760316734,22.181818181818183,244.0,43.0,21.09090909090909,232.0,42.0,AFC South,1,1.0909090909090908,12,0.4754761904761905,0.6760909090909091,6.707272727272727,4.892028670407857,1.4545454545454546,1.0,0.8611111111111112,42.09090909090909,1.2727272727272727,2.0,0.4014727696545879,0.6216363636363637,6.745454545454546,3.998227720999368,1.5454545454545454,0.9090909090909091,0.9714285714285714,41.45454545454545,1.4545454545454546,0.4014727696545879,-1.290184760316734,2022-12-04,2022,0.3450595498399838,0.30509778154019784,DET,11.0,4.0,0.36363636363636365,9.909090909090908,109,9.727272727272727,107,-8.872727272727273,0.45681278333898717,-4.518181818181821,0.8591173777586975,2.542083421628876,2.9852879443788534,-0.4432045227499773,4.948971461085862,25.0,275.0,44.0,28.181818181818183,310.0,50.0,NFC North,-1,-3.1818181818181817,-35,0.5507539682539683,0.6424545454545455,7.004545454545454,4.683834842162517,1.5454545454545454,1.4545454545454546,0.8541666666666666,46.63636363636363,1.2727272727272727,0.0,0.4100635475635475,0.6602727272727272,7.6481818181818175,5.086139436582227,1.6363636363636365,1.6363636363636365,0.8518518518518517,53.72727272727273,1.2727272727272727,0.4100635475635475,-0.9489714610858622,2022,0.3688450839968491,0.3844956898434213,JAX vs. DET,DET,1470.1240051053264,19.0,JAX,1448.036908833816,19.0,1,26,-1.0,1,-118.0,107.0,0,0
MIN,12.0,10.0,0.8333333333333334,10.666666666666666,128,11.083333333333334,133,-12.466666666666669,0.09537678511984164,-6.799999999999998,0.17076670379366501,2.262173705923706,2.1370994745994745,0.1250742313242313,6.597274191932532,24.083333333333332,289.0,50.0,23.25,279.0,55.0,NFC North,2,0.8333333333333334,10,0.5922668240850059,0.6518333333333334,6.1000000000000005,4.322398843943371,1.5,1.1666666666666667,0.7272727272727273,41.666666666666664,1.0,8.0,0.38517524822671884,0.6846666666666668,7.433333333333334,4.397788762617194,1.3333333333333333,1.0833333333333333,0.8030303030303031,54.916666666666664,1.6666666666666667,0.38517524822671884,3.4027258080674683,2022-12-11,2022,0.5013908140646962,0.49633453599229993,DET,12.0,5.0,0.4166666666666667,9.75,117,9.583333333333334,115,-6.833333333333333,0.33531041745985285,-5.858333333333335,0.8519390913768453,2.7469098031598036,2.882347282347282,-0.1354374791874792,5.872273297683122,26.25,315.0,52.0,27.0,324.0,53.0,NFC North,1,-0.75,-9,0.5337432769250952,0.6519166666666666,7.1875,4.562332476283381,1.5833333333333333,1.5,0.8703703703703703,43.583333333333336,1.1666666666666667,1.0,0.4314471408221408,0.6518333333333334,7.479166666666667,5.078961150200374,1.5833333333333333,1.5,0.8666666666666666,51.25,1.25,0.4314471408221408,-0.8722732976831216,2022,0.4121380260117362,0.388963416828112,MIN vs. DET,DET,1514.0064999802885,7.0,MIN,1500.0,7.0,1,11,-2.5,1,-132.0,119.0,1,0
DET,13.0,6.0,0.46153846153846156,9.76923076923077,127,9.615384615384615,125,-4.7153846153846155,0.32795150902779785,-3.7615384615384633,0.5607972834428797,2.797147510609049,2.8375513375513375,-0.040403826942288494,6.588608131344315,26.846153846153847,349.0,58.0,26.692307692307693,347.0,57.0,NFC North,2,0.15384615384615385,2,0.5587091149591149,0.655,7.403846153846154,4.554973567851326,1.6923076923076923,1.4615384615384615,0.85,44.15384615384615,1.0769230769230769,3.0,0.4341563351178736,0.6598461538461537,7.718461538461539,4.787819342266409,1.6153846153846154,1.4615384615384615,0.8787878787878788,49.23076923076923,1.3076923076923077,0.4341563351178736,-0.5886081313443148,2022-12-18,2022,0.4360149778207328,0.40027651477746096,NYJ,13.0,7.0,0.5384615384615384,11.23076923076923,146,11.0,143,-21.199999999999996,0.16990548265048921,-22.861538461538462,-0.15223758971328813,1.8953345799499646,1.7357450242065626,0.1595895557434019,6.483784659901081,20.307692307692307,264.0,50.0,18.692307692307693,243.0,46.0,AFC East,-2,1.6153846153846154,21,0.5582371332371332,0.5863846153846154,5.903846153846154,4.396927541474018,1.0,1.0,0.8589743589743589,55.23076923076923,1.3076923076923077,-2.0,0.34017578073007937,0.6306153846153847,5.096153846153846,4.074784469110241,0.9230769230769231,1.0,0.7692307692307693,42.92307692307692,1.1538461538461537,0.34017578073007937,0.5162153400989187,2022,0.35606468229976074,0.3097073187974988,DET vs. NYJ,NYJ,1518.3707088859503,10.0,DET,1595.9958346763044,16.0,0,-3,-2.0,0,-132.0,120.0,0,0
DET,16.0,8.0,0.5,9.8125,157,9.875,158,-2.0250000000000004,0.3028539144200352,-6.43125,0.8384247085649683,2.7882757867132866,2.685434704184704,0.10284108252858248,8.394397237169054,27.0625,433.0,72.0,25.6875,411.0,69.0,NFC North,1,1.375,22,0.520007585007585,0.6524375,7.696875,4.5298759732435645,1.8125,1.3125,0.8589743589743589,43.625,0.9375,5.0,0.4152520222832723,0.6316875,7.556875,5.065446767388497,1.5625,1.375,0.869047619047619,48.9375,1.25,0.4152520222832723,-0.39439723716905384,2023-01-08,2022,0.4472943467053456,0.39864975895385096,GNB,16.0,8.0,0.5,9.625,154,9.8125,157,-6.843749999999998,0.304509888687435,-15.931249999999999,0.6042073854803025,2.3677761474636476,2.248705808080808,0.11907033938283935,7.8145861271705845,22.125,354.0,60.0,21.9375,351.0,63.0,NFC North,4,0.1875,3,0.6159096459096459,0.6535625,6.824375,4.531531947510964,1.625,0.75,0.8846153846153846,44.5,1.25,4.0,0.3835851648351648,0.6519375000000001,6.05875,4.8312294443038315,1.375,1.0,0.8525641025641026,52.5625,1.5,0.3835851648351648,0.18541387282941546,2022,0.3941253378124046,0.3808443765876804,DET vs. GNB,GNB,1423.6566488659062,17.0,DET,1312.9246888472248,29.0,0,-4,-5.5,0,-273.0,237.0,1,0
GNB,2.0,1.0,0.5,8.5,17,9.0,18,-0.7999999999999972,1.5273639060887518,-23.4,1.3563112745098045,2.076388888888889,1.775,0.30138888888888893,0.9695415258286488,17.0,34.0,6.0,16.5,33.0,7.0,NFC North,1,0.5,1,1.0,0.7135,7.3549999999999995,5.754385964912281,1.0,1.0,1.0,17.5,1.5,-2.0,0.4444444444444444,0.6775,4.965,5.583333333333334,1.0,0.5,1.0,35.0,0.5,0.4444444444444444,0.03045847417135117,2022-09-25,2022,0.35831620132435615,0.20036692553331828,TAM,2.0,2.0,1.0,10.5,21,11.5,23,-18.200000000000003,-0.7239917557932258,-48.05,0.24520016339869333,1.859090909090909,0.5346153846153846,1.3244755244755244,1.8254735317889876,19.5,39.0,8.0,6.5,13.0,3.0,NFC South,2,13.0,26,1.0,0.5980000000000001,6.21,3.503030303030303,1.0,0.0,0.9,63.0,1.0,4.0,0.32563025210084034,0.5625,2.69,4.472222222222222,0.5,0.0,1.0,66.5,3.0,0.32563025210084034,0.17452646821101236,2022,0.41419551775447855,0.07659955227463124,GNB vs. TAM,TAM,1600.0,1.0,GNB,1514.0064999802885,7.0,0,-2,-1.0,0,-123.0,112.0,0,0
NWE,3.0,1.0,0.3333333333333333,9.666666666666666,29,9.0,27,-25.433333333333326,0.01431993251846242,-6.26666666666667,0.5040512157280066,1.6435185185185184,2.5921115921115923,-0.9485930735930737,0.9920863900433556,16.666666666666668,50.0,9.0,23.666666666666668,71.0,12.0,AFC East,-1,-7.0,-21,0.75,0.6626666666666666,5.77,4.241341991341991,0.6666666666666666,1.3333333333333333,0.75,28.666666666666668,2.6666666666666665,-4.0,0.3986928104575163,0.6513333333333334,6.7,4.731073274551536,2.0,0.3333333333333333,1.0,16.666666666666668,1.3333333333333333,0.3986928104575163,0.007913609956644363,2022-10-02,2022,0.31116347689206664,0.2974686829565399,GNB,3.0,2.0,0.6666666666666666,9.333333333333334,28,9.666666666666666,29,0.46666666666666856,0.5025685844513249,-16.799999999999997,0.3047239729225028,1.8085016835016834,1.5469696969696969,0.26153198653198656,1.5598733072681803,16.0,48.0,8.0,15.0,45.0,10.0,NFC North,2,1.0,3,1.0,0.7326666666666667,7.216666666666666,4.729590643274854,1.3333333333333333,0.6666666666666666,1.0,33.333333333333336,1.6666666666666667,-2.0,0.4296296296296296,0.6976666666666667,5.460000000000001,4.531746031746032,1.0,0.3333333333333333,1.0,36.666666666666664,1.0,0.4296296296296296,0.4401266927318197,2022,0.3276311135935066,0.2804743324979103,NWE vs. GNB,GNB,1576.135291917265,3.0,NWE,1461.991893872262,16.0,1,3,-10.0,0,-435.0,358.0,0,0
NYG,4.0,3.0,0.75,10.75,43,11.25,45,-27.125,1.5712923351158647,-12.5,0.8848943988130372,1.768939393939394,1.6053030303030302,0.1636363636363637,2.1970492279814016,19.0,76.0,16.0,17.75,71.0,17.0,NFC East,1,1.25,5,0.38888888888888884,0.64025,4.38,5.7983143939393935,0.75,1.0,0.8055555555555555,54.75,1.25,1.0,0.30865800865800863,0.5665,7.26,5.111916457636566,1.0,0.25,0.8541666666666666,55.75,1.5,0.30865800865800863,0.8029507720185984,2022-10-09,2022,0.44678611832731147,0.3591675729128676,GNB,4.0,3.0,0.75,10.0,40,10.0,40,-2.5749999999999993,0.741599495061183,-13.075,0.43693898013751,1.9188762626262625,1.705681818181818,0.21319444444444452,2.12921009892115,18.75,75.0,13.0,17.25,69.0,13.0,NFC North,3,1.5,6,0.7777777777777778,0.6995,7.12,4.968621553884712,1.5,0.75,1.0,35.0,1.75,-3.0,0.42936507936507934,0.7017500000000001,5.57,4.663961038961039,1.0,0.5,1.0,46.25,1.0,0.42936507936507934,0.87078990107885,2022,0.3957516794626566,0.31450167946265656,NYG vs. GNB,GNB,1610.2752771353628,2.0,NYG,1573.864708082735,2.0,0,-5,-8.5,0,-397.0,331.0,0,0
NYJ,5.0,3.0,0.6,11.6,58,10.8,54,-20.3,-0.06650758344089933,-17.92,-0.31798223204176673,2.1050649350649353,2.2363636363636363,-0.1312987012987014,2.226250211525889,23.2,116.0,21.0,23.6,118.0,21.0,AFC East,2,-0.4,-2,0.5208333333333333,0.5892,6.136,4.160514475382629,1.4,1.2,0.9,72.4,1.8,0.0,0.3839249639249639,0.6468,5.39,3.909039826781762,1.4,1.4,0.8333333333333333,50.8,1.8,0.3839249639249639,0.7737497884741109,2022-10-16,2022,0.4180991226136425,0.3712916502146531,GNB,5.0,3.0,0.6,9.6,48,9.6,48,-3.1199999999999988,0.6878751842842405,-10.559999999999999,0.310598385248528,2.08510101010101,2.0395454545454546,0.04555555555555561,2.510196689108911,19.4,97.0,17.0,19.2,96.0,18.0,NFC North,-1,0.2,1,0.7708333333333333,0.6878,6.962000000000001,4.914897243107769,1.6,0.6,1.0,35.4,1.4,-3.0,0.4234920634920635,0.717,6.034000000000001,4.537620444072057,0.8,1.0,1.0,49.6,0.8,0.4234920634920635,0.4898033108910891,2022,0.3888610678547855,0.33673524831683166,NYJ vs. GNB,GNB,1555.0544737771029,7.0,NYJ,1557.3883818306665,7.0,0,-17,-7.5,0,-362.0,305.0,0,0
GNB,6.0,3.0,0.5,10.166666666666666,61,9.833333333333334,59,-5.683333333333333,0.368725643766279,-13.583333333333334,0.45836871527692247,1.8657893032893034,2.1087121212121214,-0.2429228179228179,2.5969445140119265,17.833333333333332,107.0,19.0,20.5,123.0,22.0,NFC North,-2,-2.6666666666666665,-16,0.7366666666666666,0.6768333333333333,6.683333333333334,4.595747702589808,1.5,0.5,0.875,36.5,1.3333333333333333,-4.0,0.3945767195767196,0.6901666666666667,5.945,4.685390774100451,0.6666666666666666,1.1666666666666667,0.9444444444444445,54.5,0.6666666666666666,0.3945767195767196,0.4030554859880735,2022-10-23,2022,0.33239905528353386,0.3357831092986938,WAS,6.0,2.0,0.3333333333333333,11.166666666666666,67,11.333333333333334,68,-19.566666666666666,-0.3035494711352548,-4.11666666666667,0.6090201256022759,1.549242424242424,1.9405788655788656,-0.39133644133644135,2.3055716751341864,17.0,102.0,17.0,22.5,135.0,25.0,NFC East,1,-5.5,-33,0.5133333333333333,0.615,5.43,3.923472587688274,1.6666666666666667,0.5,0.8888888888888888,61.833333333333336,1.3333333333333333,-5.0,0.35427807486631013,0.5771666666666667,7.745,4.836042184425804,2.0,0.5,0.9375,46.333333333333336,0.5,0.35427807486631013,-0.30557167513418637,2022,0.24080915801671354,0.28764879441579744,GNB vs. WAS,WAS,1439.1468002123877,20.0,GNB,1505.3903450933187,9.0,1,2,4.0,1,173.0,-195.0,0,0
TEN,9.0,6.0,0.6666666666666666,10.444444444444445,94,10.666666666666666,96,-23.844444444444445,-0.006501258733138609,-10.22222222222222,-0.4775664510867485,1.8480639730639732,1.8036519036519034,0.044412069412069446,5.136547249501789,18.444444444444443,166.0,29.0,18.666666666666668,168.0,30.0,AFC South,1,-0.2222222222222222,-2,0.4174107142857143,0.5901111111111111,5.423333333333334,4.22052080009039,0.8888888888888888,1.1111111111111112,0.8809523809523808,54.666666666666664,1.1111111111111112,3.0,0.336038961038961,0.6552222222222223,6.552222222222222,3.7494556077367807,1.7777777777777777,0.2222222222222222,0.8958333333333334,50.111111111111114,1.4444444444444444,0.336038961038961,0.8634527504982108,2022-11-17,2022,0.3381089004307897,0.3077587760589657,GNB,10.0,4.0,0.4,10.0,100,9.9,99,-4.9399999999999995,0.4728302021017372,-16.47,0.4780437582117278,1.9000291375291376,2.1951515151515153,-0.2951223776223776,4.083263645101872,18.5,185.0,31.0,21.6,216.0,38.0,NFC North,1,-3.1,-31,0.638095238095238,0.6586000000000001,7.026999999999999,4.699852260925266,1.7,0.4,0.7857142857142857,46.7,1.5,-5.0,0.38623321123321125,0.6392,5.828,4.705065817035257,1.3,0.9,0.9270833333333334,56.1,1.0,0.38623321123321125,-0.08326364510187201,2022,0.307418827001842,0.3422585671577059,TEN vs. GNB,GNB,1441.7709333923149,14.0,TEN,1593.4421540457452,6.0,0,-10,-3.0,0,-171.0,153.0,0,0
GNB,11.0,4.0,0.36363636363636365,9.909090909090908,109,9.818181818181818,108,-5.09090909090909,0.3135134893860431,-11.990909090909089,0.3003105021176135,1.8990163876527513,2.2683195592286505,-0.3693031715758988,4.333675347370664,18.363636363636363,202.0,34.0,22.09090909090909,243.0,42.0,NFC North,-1,-3.727272727272727,-41,0.6409523809523809,0.6546363636363636,6.982727272727273,4.540535548209572,1.7272727272727273,0.36363636363636365,0.8125,46.09090909090909,1.3636363636363635,-4.0,0.39657564657564653,0.6563636363636364,6.348181818181818,4.527332560941143,1.4545454545454546,0.9090909090909091,0.9270833333333334,52.72727272727273,1.0,0.39657564657564653,-0.3336753473706642,2022-11-27,2022,0.3024645856458694,0.34173875034548157,PHI,10.0,9.0,0.9,9.6,96,10.0,100,2.8299999999999996,0.14972897951194955,-31.95,0.5604626369318436,2.774040404040404,1.843030303030303,0.9310101010101011,6.93635939668239,26.3,263.0,42.0,18.3,183.0,31.0,NFC East,1,8.0,80,0.52663139329806,0.6812,8.286999999999999,4.376751038335479,1.5,1.8,0.8125,45.4,0.9,12.0,0.47418067226890753,0.5926,4.148,4.7874846957553725,1.0,0.9,0.7916666666666666,49.5,2.1,0.47418067226890753,2.0636406033176096,2022,0.5277842763951454,0.34297285870284594,GNB vs. PHI,PHI,1699.2977096863713,1.0,GNB,1412.3097533352654,17.0,1,7,-6.5,1,-278.0,241.0,0,0
LAR,13.0,4.0,0.3076923076923077,9.615384615384615,125,9.461538461538462,123,-21.530769230769234,-0.6730407910491578,-8.523076923076921,-0.2958586957810437,1.7880924630924633,2.455999342537804,-0.6679068794453411,4.654015096726215,16.76923076923077,218.0,42.0,22.76923076923077,296.0,54.0,NFC West,1,-6.0,-78,0.415196608946609,0.6489230769230769,5.193076923076924,3.553981267774371,1.0,0.7692307692307693,0.9166666666666666,39.69230769230769,1.5384615384615385,-6.0,0.39892434111891123,0.6796153846153847,6.812307692307693,3.9311633630424856,1.3846153846153846,0.6153846153846154,0.9038461538461539,39.76923076923077,1.0769230769230769,0.39892434111891123,-0.6540150967262148,2022-12-19,2022,0.31909622519230707,0.38316646952894584,GNB,13.0,5.0,0.38461538461538464,9.846153846153847,128,9.76923076923077,127,-5.076923076923076,0.423921024093728,-12.484615384615381,0.6505795900732932,2.100022413483952,2.3894327894327896,-0.2894103759488375,5.4364683600547945,20.23076923076923,263.0,45.0,23.23076923076923,302.0,53.0,NFC North,1,-3.0,-39,0.6299603174603174,0.6509230769230769,7.043846153846153,4.650943082917257,1.7692307692307692,0.5384615384615384,0.85,43.23076923076923,1.3076923076923077,-2.0,0.3820559782098244,0.660846153846154,6.362307692307693,4.877601648896822,1.3846153846153846,1.1538461538461537,0.9083333333333334,51.38461538461539,1.1538461538461537,0.3820559782098244,-0.4364683600547945,2022,0.3397589686283259,0.3712096771151398,LAR vs. GNB,GNB,1429.9572681155355,22.0,LAR,1333.2571330458984,23.0,1,12,-8.0,1,-356.0,301.0,0,0
GNB,14.0,6.0,0.42857142857142855,9.642857142857142,135,9.642857142857142,135,-5.485714285714285,0.37334345694657706,-14.278571428571427,0.6047004806983102,2.194918771704486,2.325901875901876,-0.13098310419738993,6.274378340810191,20.5,287.0,49.0,22.428571428571427,314.0,56.0,NFC North,2,-1.9285714285714286,-27,0.6051704705550859,0.6567857142857143,6.974285714285714,4.600365515770106,1.7142857142857142,0.6428571428571429,0.8636363636363636,45.857142857142854,1.3571428571428572,-3.0,0.386512297226583,0.6544285714285715,6.1085714285714285,4.83172253952184,1.3571428571428572,1.0714285714285714,0.9166666666666667,53.142857142857146,1.1428571428571428,0.386512297226583,-0.2743783408101912,2022-12-25,2022,0.3558494504234395,0.3770554565685869,MIA,14.0,8.0,0.5714285714285714,9.928571428571429,139,10.071428571428571,141,-3.064285714285714,0.009226233834441893,-2.378571428571427,0.05431411774949403,2.662935477221192,2.4956957724814868,0.1672397047397048,7.1774926416903675,24.642857142857142,345.0,58.0,24.571428571428573,344.0,58.0,AFC East,-3,0.07142857142857142,1,0.5299175183790569,0.6262142857142857,8.061428571428571,4.2362482926579705,1.9285714285714286,0.7142857142857143,0.8125,50.07142857142857,1.0714285714285714,-2.0,0.37026128633271493,0.6778571428571428,7.171428571428572,4.2813361765730225,1.7142857142857142,1.0,0.9615384615384616,47.57142857142857,0.9285714285714286,0.37026128633271493,0.8225073583096325,2022,0.4417807948519829,0.4061324350465849,GNB vs. MIA,MIA,1484.4009216156362,9.0,GNB,1466.389545237614,18.0,0,-6,-3.5,0,-182.0,163.0,0,0
MIN,15.0,12.0,0.8,11.133333333333333,167,11.266666666666667,169,-8.520000000000001,-0.1360448481339168,-5.866666666666665,0.2541030081177715,2.2711531061531063,2.2418007918007916,0.029352314352314328,7.997559741410429,25.2,378.0,65.0,24.866666666666667,373.0,72.0,NFC North,2,0.3333333333333333,5,0.5579087579087579,0.6602666666666667,6.548666666666667,4.090977210689612,1.8,1.0666666666666667,0.7857142857142857,40.86666666666667,1.1333333333333333,6.0,0.3877983182394947,0.6798666666666667,7.464,4.481125066941301,1.4,1.0,0.8214285714285714,58.4,1.5333333333333334,0.3877983182394947,4.002440258589571,2023-01-01,2022,0.4930772921390507,0.5113119126699996,GNB,15.0,7.0,0.4666666666666667,9.666666666666666,145,9.666666666666666,145,-6.659999999999998,0.27731908922856996,-14.779999999999998,0.5862893484338912,2.221924186924187,2.304175084175084,-0.08225089725089725,6.925006912176867,20.866666666666667,313.0,55.0,22.266666666666666,334.0,60.0,NFC North,3,-1.4,-21,0.602760334903192,0.6551333333333333,6.854666666666666,4.5043411480521,1.6666666666666667,0.6666666666666666,0.875,45.46666666666667,1.3333333333333333,0.0,0.37026862026862023,0.6534666666666666,6.178666666666667,4.81331140725742,1.3333333333333333,1.0666666666666667,0.8958333333333334,53.733333333333334,1.3333333333333333,0.37026862026862023,0.07499308782313285,2022,0.38120672176104475,0.38827567138822433,MIN vs. GNB,GNB,1500.0,1.0,MIN,1500.0,1.0,1,24,-3.0,1,-173.0,155.0,1,0
LAC,3.0,1.0,0.3333333333333333,10.333333333333334,31,9.666666666666666,29,0.7333333333333343,-1.6459288688593714,-4.8666666666666645,0.5343739525724827,1.8606060606060606,2.940740740740741,-1.0801346801346803,1.1061942141701957,19.333333333333332,58.0,10.0,28.0,84.0,15.0,AFC West,-2,-8.666666666666666,-26,0.75,0.6696666666666666,7.623333333333334,2.581093189964158,2.3333333333333335,0.0,0.8333333333333334,33.333333333333336,1.0,0.0,0.37522893772893773,0.6663333333333333,6.736666666666667,4.761396011396012,2.3333333333333335,0.3333333333333333,1.0,25.0,1.0,0.37522893772893773,-0.1061942141701957,2022-10-02,2022,0.31116191245481767,0.3265182389361732,HOU,3.0,0.0,0.0,11.0,33,11.0,33,-24.366666666666664,-0.551096132897603,-44.03333333333334,1.2694267244249149,1.4616161616161616,1.7858585858585858,-0.3242424242424243,1.1215936823296262,16.333333333333332,49.0,11.0,19.666666666666668,59.0,13.0,AFC South,-2,-3.3333333333333335,-10,0.25,0.5823333333333333,5.45,3.675925925925926,1.0,0.3333333333333333,1.0,53.0,1.0,2.0,0.24572649572649574,0.521,3.8366666666666664,5.496448783248444,0.6666666666666666,1.0,0.8888888888888888,73.66666666666667,1.6666666666666667,0.24572649572649574,-1.1215936823296262,2022,0.20871181307448597,0.11534628413853391,LAC vs. HOU,HOU,1362.1287919369763,31.0,LAC,1450.0,16.0,0,-10,5.5,0,205.0,-234.0,0,0
HOU,4.0,0.0,0.0,11.25,45,11.25,45,-22.074999999999996,0.86920809990663,-29.775000000000002,0.6453145286128039,1.5962121212121212,2.047727272727273,-0.45151515151515154,1.4261938758679054,18.25,73.0,15.0,23.25,93.0,19.0,AFC South,-3,-5.0,-20,0.27777777777777773,0.6225,5.265,5.096230158730159,1.25,0.5,0.875,56.5,1.25,1.0,0.2676282051282051,0.56375,5.3,4.872336587436333,1.0,1.25,0.9166666666666666,70.5,1.5,0.2676282051282051,-1.4261938758679054,2022-10-09,2022,0.21448384367767453,0.1661239797694989,JAX,4.0,2.0,0.5,10.25,41,10.25,41,-2.4750000000000014,0.1127815605853536,-31.625,-0.8379652822667524,2.6328282828282825,1.609090909090909,1.0237373737373738,2.637365467880765,26.25,105.0,18.0,16.75,67.0,11.0,AFC South,-1,9.5,38,0.5,0.65,7.3125,4.339803619408882,2.0,0.75,0.9166666666666666,39.25,1.5,3.0,0.3672619047619048,0.597,4.9525,3.3890567765567767,1.25,1.0,1.0,41.75,2.25,0.3672619047619048,-0.6373654678807652,2022,0.36906964376918433,0.1584693893494609,HOU vs. JAX,JAX,1511.8798290661243,9.0,HOU,1324.5115715380366,32.0,0,-7,-7.0,0,-304.0,261.0,1,0
HOU,5.0,1.0,0.2,10.8,54,11.0,55,-21.54,0.5983491649347917,-33.02,0.7170010572793835,1.5658585858585858,1.7581818181818183,-0.19232323232323237,2.2882484021492706,17.2,86.0,18.0,19.8,99.0,21.0,AFC South,1,-2.6,-13,0.3333333333333333,0.6314,5.311999999999999,4.825371223758321,1.0,0.6,0.9,50.2,1.0,3.0,0.291025641025641,0.5574,5.074,4.944023116102913,0.8,1.0,0.9333333333333332,66.0,1.6,0.291025641025641,-1.2882484021492706,2022-10-23,2022,0.24745010652338195,0.207079212926783,LVR,5.0,1.0,0.2,9.4,47,9.6,48,-13.66,0.937480543836968,7.619999999999999,-0.16221132542934535,2.6644444444444444,2.7426262626262625,-0.07818181818181813,2.3458323264793957,25.0,125.0,26.0,26.0,130.0,20.0,AFC West,-1,-1.0,-5,0.35416666666666663,0.6174,6.409999999999999,5.164502602660496,1.6,0.6,1.0,49.4,1.0,-2.0,0.4,0.6912,8.312000000000001,4.064810733394184,2.2,1.0,0.75,69.6,0.6,0.4,-1.3458323264793957,2022,0.4042908915384498,0.22118063946005037,HOU vs. LVR,LVR,1398.0903614680687,27.0,HOU,1399.1340578288025,27.0,1,18,-7.0,1,-325.0,278.0,0,0
TEN,6.0,4.0,0.6666666666666666,9.833333333333334,59,10.0,60,-13.266666666666666,-0.504231307907778,-0.11666666666666477,-0.10975872519106766,2.0422979797979797,2.1479797979797977,-0.10568181818181814,3.174445091678055,19.166666666666668,115.0,20.0,21.333333333333332,128.0,22.0,AFC South,4,-2.1666666666666665,-13,0.41666666666666663,0.645,6.31,3.7227907509157507,1.0,1.0,0.9166666666666666,57.666666666666664,1.1666666666666667,3.0,0.3708513708513708,0.6996666666666668,7.453333333333333,4.1172633336324616,2.1666666666666665,0.16666666666666666,0.9,47.833333333333336,1.6666666666666667,0.3708513708513708,0.8255549083219451,2022-10-30,2022,0.38562457109163534,0.35600613328634106,HOU,6.0,1.0,0.16666666666666666,10.333333333333334,62,10.333333333333334,62,-18.75,0.5767293232939122,-24.95,0.9053428836079105,1.7215488215488215,2.36991341991342,-0.6483645983645984,2.467534208912261,17.666666666666668,106.0,22.0,22.833333333333332,137.0,26.0,AFC South,-1,-5.166666666666667,-31,0.30666666666666664,0.64,5.609999999999999,4.803751382117441,1.1666666666666667,0.5,0.8611111111111112,44.166666666666664,1.0,2.0,0.34252136752136747,0.5941666666666667,5.808333333333334,5.1323649424314395,0.8333333333333334,1.3333333333333333,0.9444444444444443,62.333333333333336,1.3333333333333333,0.34252136752136747,-1.467534208912261,2022,0.26804905216110286,0.246892770344842,TEN vs. HOU,HOU,1348.9838583004882,27.0,TEN,1596.7811221320806,5.0,0,-7,1.0,0,104.0,-115.0,1,0
PHI,7.0,7.0,1.0,9.571428571428571,67,10.0,70,0.8428571428571416,0.0846750675794797,-33.857142857142854,0.8751370602528835,2.95974025974026,1.698124098124098,1.2616161616161616,5.3512017188725,28.0,196.0,32.0,16.857142857142858,118.0,18.0,NFC East,7,11.142857142857142,78,0.6253968253968254,0.6657142857142857,8.468571428571428,4.311697126403009,1.4285714285714286,2.0,0.9166666666666666,41.857142857142854,0.2857142857142857,14.0,0.4571628651460585,0.5757142857142857,3.892857142857143,5.102159119076412,1.1428571428571428,0.8571428571428571,0.6666666666666666,46.142857142857146,2.2857142857142856,0.4571628651460585,1.6487982811275002,2022-11-03,2022,0.5901099040428145,0.28097626338835713,HOU,7.0,1.0,0.14285714285714285,10.428571428571429,73,10.428571428571429,73,-21.37142857142857,0.2317489671184048,-31.5,1.1689732886573874,1.6054834054834053,2.252133580705009,-0.6466501752216038,2.6889234283074064,16.571428571428573,116.0,24.0,22.0,154.0,29.0,AFC South,-2,-5.428571428571429,-38,0.3666666666666667,0.6295714285714286,5.251428571428571,4.4587710259419335,1.1428571428571428,0.42857142857142855,0.880952380952381,44.285714285714285,1.0,3.0,0.31399790685504975,0.595,4.9071428571428575,5.395995347480917,0.7142857142857143,1.4285714285714286,0.8809523809523808,58.42857142857143,1.4285714285714286,0.31399790685504975,-1.6889234283074064,2022,0.249443909433703,0.24465992285535268,PHI vs. HOU,HOU,1329.6183934229275,29.0,PHI,1752.0300358236468,1.0,0,-12,14.0,1,539.0,-702.0,0,0
HOU,8.0,1.0,0.125,10.25,82,10.25,82,-22.5375,0.33065258887566307,-24.4625,1.0710867734480793,1.6409090909090909,2.373394660894661,-0.73248556998557,2.908904704175204,16.625,133.0,27.0,22.875,183.0,33.0,AFC South,-3,-6.25,-50,0.4571428571428572,0.62475,5.0775,4.5576746476991925,1.25,0.375,0.8958333333333334,41.75,1.125,2.0,0.30252594627594626,0.6178750000000001,5.48375,5.298108832271608,0.875,1.5,0.7708333333333333,55.0,1.375,0.30252594627594626,-1.908904704175204,2022-11-13,2022,0.2507005685781547,0.2561069279911864,NYG,8.0,6.0,0.75,10.0,80,10.25,82,-17.3125,0.6154693576900647,-13.975000000000001,1.2956325985661825,2.134469696969697,1.971054292929293,0.16341540404040403,4.244559142002849,20.375,163.0,33.0,19.625,157.0,33.0,NFC East,-1,0.75,6,0.4887755102040816,0.653,5.5875,4.842491416513594,0.75,1.25,0.9166666666666666,53.375,1.0,2.0,0.3943858225108225,0.57675,6.811249999999999,5.522654657389712,1.125,0.625,0.8854166666666666,55.0,1.25,0.3943858225108225,1.7554408579971508,2022,0.503014919240478,0.4404413846248567,HOU vs. NYG,NYG,1615.874301183509,4.0,HOU,1321.5389141704725,26.0,1,8,-5.5,1,-221.0,195.0,0,0
WAS,10.0,5.0,0.5,10.9,109,10.8,108,-19.869999999999997,-0.32636850979094406,-5.460000000000001,0.1813326144233855,1.7831818181818182,1.9494988344988347,-0.16631701631701637,4.530723108036851,19.1,191.0,34.0,21.3,213.0,38.0,NFC East,1,-2.2,-22,0.5947089947089946,0.616,5.511,3.9006535490325844,1.5,0.6,0.9166666666666666,56.1,1.3,-2.0,0.3601263687293099,0.6073999999999999,7.358,4.408354673246914,1.8,0.5,0.9583333333333334,48.9,1.1,0.3601263687293099,0.46927689196314937,2022-11-20,2022,0.32656460029976797,0.3331782610135182,HOU,9.0,1.0,0.1111111111111111,10.333333333333334,93,10.222222222222221,92,-22.077777777777776,0.41488756954066514,-16.38888888888889,0.9339446573327943,1.6202020202020202,2.376350809684143,-0.7561487894821228,3.185592271999701,16.555555555555557,149.0,31.0,23.0,207.0,37.0,AFC South,-4,-6.444444444444445,-58,0.49375,0.6214444444444445,5.296666666666667,4.641909628364194,1.2222222222222223,0.3333333333333333,0.9074074074074073,41.55555555555556,1.2222222222222223,0.0,0.3022452855786189,0.6342222222222222,6.286666666666666,5.160966716156323,1.0,1.4444444444444444,0.7962962962962963,51.55555555555556,1.2222222222222223,0.3022452855786189,-2.185592271999701,2022,0.25238547140741846,0.25982256755556893,WAS vs. HOU,HOU,1306.0181980309685,28.0,WAS,1594.7012490674974,12.0,0,-13,3.0,0,135.0,-150.0,0,0
HOU,10.0,1.0,0.1,10.3,103,10.1,101,-25.79,0.08194660670424572,-16.96,0.8003479857171619,1.5581818181818181,2.3942712842712846,-0.8360894660894662,3.3075527439496653,15.9,159.0,33.0,23.0,230.0,41.0,AFC South,-5,-7.1,-71,0.49444444444444446,0.6169,4.879,4.308968665527774,1.1,0.4,0.9166666666666666,38.9,1.3,-2.0,0.2874053724053724,0.6264000000000001,6.365,5.027370044540691,0.9,1.4,0.8166666666666667,50.0,1.1,0.2874053724053724,-2.3075527439496653,2022-11-27,2022,0.24645704800937965,0.27167360148323144,MIA,10.0,7.0,0.7,9.6,96,9.5,95,4.539999999999999,-0.198831129264313,-0.2299999999999983,0.28006025985388994,2.8575541125541126,2.582680375180375,0.27487373737373744,5.397529884598528,25.2,252.0,42.0,24.1,241.0,39.0,AFC East,4,1.1,11,0.5425925925925925,0.6753,8.66,4.028190929559216,2.1,0.8,0.71875,49.7,1.0,-2.0,0.4287121212121212,0.6774,7.559,4.507082318677419,1.6,1.2,0.9444444444444444,48.5,0.8,0.4287121212121212,1.6024701154014718,2022,0.5076080675488144,0.43525929947437625,HOU vs. MIA,MIA,1610.2782691085947,5.0,HOU,1290.0660555614058,28.0,1,15,-14.0,1,-822.0,613.0,0,0
KAN,13.0,10.0,0.7692307692307693,9.692307692307692,126,9.923076923076923,129,3.0384615384615383,0.40733187969516915,-5.86923076923077,0.025918786475913922,3.0801309801309804,2.3714507714507715,0.7086802086802086,8.079609010217709,29.53846153846154,384.0,65.0,22.923076923076923,298.0,53.0,AFC West,1,6.615384615384615,86,0.5005170755170755,0.6532307692307693,8.356153846153846,4.634353938518698,2.5384615384615383,0.8461538461538461,0.7361111111111112,47.92307692307692,1.4615384615384615,-5.0,0.5153003601146016,0.6573846153846153,6.6,4.252940845299443,2.1538461538461537,0.5384615384615384,0.9393939393939394,45.84615384615385,1.0769230769230769,0.5153003601146016,1.920390989782291,2022-12-18,2022,0.5920790075310434,0.4399408005119031,HOU,13.0,1.0,0.07692307692307693,11.076923076923077,144,10.384615384615385,135,-26.723076923076924,-0.19090905612659612,-20.123076923076926,0.5028151370101546,1.4952483414021875,2.4148240648240646,-0.9195757234218772,4.049906486674955,16.23076923076923,211.0,44.0,24.153846153846153,314.0,53.0,AFC South,-8,-7.923076923076923,-103,0.521969696969697,0.6223076923076923,4.752307692307692,4.036113002696933,1.0769230769230769,0.46153846153846156,0.9358974358974359,37.69230769230769,1.6923076923076923,-5.0,0.27522306753075987,0.6142307692307692,6.151538461538461,4.729837195833683,0.8461538461538461,1.3076923076923077,0.8589743589743589,46.23076923076923,1.3076923076923077,0.27522306753075987,-3.0499064866749546,2022,0.23386971933028955,0.27028772433403275,KAN vs. HOU,HOU,1241.233300537251,26.0,KAN,1654.0681209644972,2.0,0,-6,14.5,1,572.0,-755.0,0,0
HOU,14.0,1.0,0.07142857142857142,11.0,154,10.5,147,-26.00714285714286,-0.23940692366617294,-17.635714285714286,0.5740605321129435,1.5598734598734598,2.4209080601937742,-0.8610346003203146,4.420691583328587,16.785714285714285,235.0,48.0,24.571428571428573,344.0,58.0,AFC South,-9,-7.785714285714286,-109,0.5409897794513179,0.6123571428571429,4.819285714285714,3.987615135157356,1.1428571428571428,0.5,0.9404761904761905,37.357142857142854,1.6428571428571428,-4.0,0.284135705564277,0.6330714285714285,6.327142857142857,4.801082590936472,0.9285714285714286,1.3571428571428572,0.8333333333333333,50.214285714285715,1.3571428571428572,0.284135705564277,-3.420691583328587,2022-12-24,2022,0.2355319128015899,0.2699707911403994,TEN,14.0,7.0,0.5,10.285714285714286,144,10.5,147,-17.74285714285714,0.018067087417496693,-6.621428571428568,-0.7395497911216352,1.834505772005772,2.038098013098013,-0.20359224109224108,6.930081896931081,18.214285714285715,255.0,43.0,20.928571428571427,293.0,52.0,AFC South,-4,-2.7142857142857144,-38,0.47078242270549964,0.6250714285714285,6.0164285714285715,4.245089146241026,1.0,1.0,0.7916666666666666,54.42857142857143,1.1428571428571428,-1.0,0.361339553303839,0.6585714285714286,7.078571428571428,3.487472267701894,1.7857142857142858,0.5714285714285714,0.9305555555555555,52.92857142857143,1.0714285714285714,0.361339553303839,0.0699181030689191,2022,0.30010241985712477,0.33024088501437504,HOU vs. TEN,TEN,1596.7811221320806,5.0,HOU,1348.9838583004882,27.0,0,-5,-3.0,0,-170.0,153.0,1,0
JAX,15.0,7.0,0.4666666666666667,10.0,150,10.133333333333333,152,-6.053333333333334,0.5791550914983581,-12.113333333333335,-0.15286146258475836,2.3542929292929293,2.2532491582491585,0.10104377104377109,7.712198844974974,23.533333333333335,353.0,64.0,22.066666666666666,331.0,60.0,AFC South,3,1.4666666666666666,22,0.4979258836401694,0.6665333333333333,6.990666666666667,4.806177150321887,1.6,0.8666666666666667,0.8884615384615385,41.266666666666666,1.2666666666666666,5.0,0.41546037296037297,0.6396666666666667,6.657333333333333,4.07416059623877,1.6,0.9333333333333333,0.9800000000000001,39.86666666666667,1.6,0.41546037296037297,-0.7121988449749743,2023-01-01,2022,0.40640856618737853,0.3496789777638165,HOU,15.0,2.0,0.13333333333333333,10.933333333333334,164,10.6,159,-25.633333333333333,-0.34969237712110784,-20.959999999999997,0.6496872841150282,1.5825485625485627,2.3372919672919674,-0.7547434047434047,5.094124832557002,16.933333333333334,254.0,51.0,23.866666666666667,358.0,60.0,AFC South,1,-6.933333333333334,-104,0.538061938061938,0.6132000000000001,4.894,3.877329681702421,1.1333333333333333,0.4666666666666667,0.9444444444444444,37.2,1.6,-2.0,0.289002849002849,0.6314666666666666,5.899333333333333,4.876709342938557,0.8666666666666667,1.4,0.8333333333333333,48.86666666666667,1.4666666666666666,0.289002849002849,-3.094124832557002,2022,0.24682911932503776,0.2743616394325283,JAX vs. HOU,HOU,1324.5115715380366,32.0,JAX,1511.8798290661243,9.0,0,-28,3.5,0,167.0,-187.0,1,0
HOU,16.0,2.0,0.125,11.0,176,10.625,170,-26.05,-0.34202548222750917,-22.10625,0.7091170881124028,1.4992642773892775,2.367347582972583,-0.8680833055833056,5.098056162006757,16.0625,257.0,52.0,24.3125,389.0,64.0,AFC South,-1,-8.25,-132,0.5333022533022533,0.610375,4.8625,3.88499657659602,1.0625,0.4375,0.9479166666666666,37.6875,1.5625,-1.0,0.2929989944695827,0.6394375,5.69875,4.936139146935932,0.8125,1.5,0.8444444444444444,47.6875,1.5,0.2929989944695827,-3.098056162006757,2023-01-08,2022,0.23824612200839798,0.2800457373645469,IND,16.0,4.0,0.25,10.8125,173,10.625,170,-24.900000000000002,-0.1831712285054959,-4.4937499999999995,-0.12169246648446577,1.5161609224109225,2.388778409090909,-0.8726174866799867,5.329848451397334,16.125,258.0,53.0,24.6875,395.0,67.0,AFC South,-6,-8.5625,-137,0.5201372701372702,0.6545625,4.608125,4.043850830318033,0.9375,0.4375,0.8055555555555556,49.0,1.9375,-13.0,0.32385980247822355,0.70275,6.766875,4.105329592339063,1.375,1.25,0.9423076923076923,42.75,1.125,0.32385980247822355,-1.3298484513973339,2022,0.28089524280200195,0.336727997704551,HOU vs. IND,IND,1500.0,1.0,HOU,1500.0,1.0,0,-1,-3.0,0,-142.0,128.0,1,0
IND,1.0,0.0,0.0,12.0,12,12.0,12,-17.900000000000006,0.4308726780185763,-3.0999999999999943,-1.477022058823529,1.6666666666666667,1.6666666666666667,0.0,0.5,20.0,20.0,4.0,20.0,20.0,4.0,AFC South,0,0.0,0,0.5,0.64,6.3,4.657894736842105,1.0,1.0,0.6666666666666666,89.0,2.0,-1.0,0.4,0.622,7.08,2.75,2.0,0.0,1.0,40.0,1.0,0.4,-0.5,2022-09-18,2022,0.16666666666666666,-0.16666666666666666,JAX,1.0,0.0,0.0,11.0,11,10.0,10,-26.5,2.606311274509804,0.20000000000000284,-1.1913077731092434,2.0,2.8,-0.7999999999999998,0.3608783076204494,22.0,22.0,5.0,28.0,28.0,4.0,AFC South,-1,-6.0,-6,0.5,0.5710000000000001,5.6,6.833333333333333,1.0,1.0,0.75,90.0,1.0,2.0,0.25,0.659,7.2,3.0357142857142856,4.0,0.0,,63.0,3.0,0.25,-0.3608783076204494,2022,0.290509860172523,-0.14435132304817974,IND vs. JAX,JAX,1450.0,16.0,IND,1450.0,16.0,1,24,3.0,1,142.0,-157.0,1,0
KAN,2.0,2.0,1.0,10.0,20,10.0,20,24.699999999999996,0.7266816448801747,-4.149999999999999,-0.32361296791443817,3.5500000000000003,2.257575757575758,1.2924242424242427,1.4216689984915485,35.5,71.0,11.0,22.5,45.0,7.0,AFC West,2,13.0,26,1.0,0.7275,9.695,4.953703703703704,3.5,0.5,1.0,39.5,0.5,0.0,0.47916666666666663,0.6599999999999999,6.43,3.903409090909091,2.5,0.5,1.0,37.0,0.5,0.47916666666666663,0.5783310015084515,2022-09-25,2022,0.7090410254148243,0.27620792526397897,IND,2.0,0.0,0.0,11.0,22,11.0,22,-44.1,0.17884838652060076,9.200000000000003,-1.5547247615262316,0.8333333333333334,2.033333333333333,-1.2,0.5,10.0,20.0,4.0,22.0,44.0,8.0,AFC South,-1,-12.0,-24,0.0,0.5865,3.635,4.40587044534413,0.5,0.5,0.6666666666666666,59.5,2.5,-4.0,0.30000000000000004,0.7275,8.125,2.6722972972972974,2.0,0.5,1.0,29.5,0.5,0.30000000000000004,-0.5,2022,0.13636363636363635,0.09090909090909091,KAN vs. IND,IND,1400.0,26.0,KAN,1600.0,1.0,1,3,4.5,1,177.0,-199.0,0,0
TEN,3.0,1.0,0.3333333333333333,10.666666666666666,32,10.0,30,-23.166666666666668,-0.7013810331825033,5.700000000000003,1.3391329119367048,1.6565656565656566,2.8178451178451183,-1.1612794612794612,1.0374260383949454,17.0,51.0,9.0,28.0,84.0,14.0,AFC South,1,-11.0,-33,0.5,0.6033333333333334,6.13,3.5256410256410255,1.0,1.0,0.8333333333333333,74.0,2.0,-3.0,0.3686868686868687,0.6866666666666666,7.86,5.566154970760234,2.6666666666666665,0.3333333333333333,1.0,46.0,1.0,0.3686868686868687,-0.037426038394945405,2022-10-02,2022,0.2777413089004739,0.3052892829163419,IND,3.0,1.0,0.3333333333333333,10.666666666666666,32,10.666666666666666,32,-29.133333333333336,-0.2774294162484301,-1.9333333333333325,-1.6049108171470696,1.2222222222222223,1.9222222222222223,-0.6999999999999998,1.0951194033859748,13.333333333333334,40.0,8.0,20.333333333333332,61.0,11.0,AFC South,1,-7.0,-21,0.5,0.6343333333333333,4.376666666666666,3.9495926425750993,1.0,0.3333333333333333,0.8333333333333333,51.0,2.0,-3.0,0.3333333333333333,0.6703333333333333,7.5633333333333335,2.622111241676459,1.6666666666666667,0.6666666666666666,0.8333333333333334,34.666666666666664,1.0,0.3333333333333333,-0.0951194033859748,2022,0.24207338305116877,0.21826756836202374,TEN vs. IND,IND,1475.9746926647958,16.0,TEN,1461.991893872262,16.0,0,-7,-4.5,0,-205.0,182.0,1,0
JAX,5.0,2.0,0.4,10.2,51,10.0,50,-11.180000000000001,0.29097468285742323,-29.18,-0.7673895408039141,2.2262626262626264,1.576161616161616,0.6501010101010102,2.7753109415994,22.2,111.0,20.0,16.0,80.0,14.0,AFC South,-2,6.2,31,0.375,0.6264000000000001,6.684,4.5179967416809514,1.6,0.6,0.9375,41.0,1.6,1.0,0.3795238095238095,0.611,5.061999999999999,3.459632518019615,1.0,1.0,1.0,38.4,1.8,0.3795238095238095,-0.7753109415994,2022-10-16,2022,0.33134816144318435,0.1805825872704336,IND,5.0,2.0,0.4,10.8,54,10.4,52,-25.2,-0.7114470752851586,-6.419999999999999,-0.8537553138176535,1.2957264957264958,1.903333333333333,-0.6076068376068375,2.0656042314579666,13.8,69.0,15.0,18.8,94.0,18.0,AFC South,1,-5.0,-25,0.4583333333333333,0.6534,4.901999999999999,3.5155749835383703,1.0,0.2,0.7916666666666666,53.4,2.2,-6.0,0.3576923076923077,0.6718,6.843999999999999,3.3732667450058758,1.4,0.6,0.85,38.6,1.0,0.3576923076923077,-0.06560423145796657,2022,0.27413309825233523,0.2723812455144485,JAX vs. IND,IND,1450.0,16.0,JAX,1450.0,16.0,1,7,-1.0,1,-122.0,110.0,1,0
IND,6.0,3.0,0.5,10.5,63,10.166666666666666,61,-19.733333333333334,-0.8286262392082203,-4.083333333333333,-0.1886937107125722,1.7094017094017093,2.086111111111111,-0.3767094017094017,2.6988905070636884,17.166666666666668,103.0,21.0,20.166666666666668,121.0,22.0,AFC South,2,-3.0,-18,0.44666666666666666,0.6651666666666667,5.375,3.3983958196153083,1.3333333333333333,0.3333333333333333,0.8333333333333333,53.166666666666664,1.8333333333333333,-5.0,0.40918803418803423,0.7113333333333333,6.885000000000001,4.038328348110957,1.3333333333333333,1.0,0.85,39.5,1.0,0.40918803418803423,0.3011094929363116,2022-10-23,2022,0.3500616384964617,0.3186459258049149,TEN,5.0,3.0,0.6,10.2,51,10.0,50,-12.0,-0.5482445862960564,4.920000000000002,-0.05101194081751661,1.9757575757575758,2.3775757575757575,-0.40181818181818174,2.3537308984410457,19.2,96.0,16.0,23.6,118.0,20.0,AFC South,3,-4.4,-22,0.3958333333333333,0.644,6.412000000000001,3.6787774725274724,1.2,1.2,0.8888888888888888,66.2,1.2,1.0,0.36168831168831167,0.6896,8.23,4.176010118006013,2.4,0.2,0.875,51.8,1.4,0.36168831168831167,0.6462691015589543,2022,0.35427570833311084,0.37170152812471635,IND vs. TEN,TEN,1461.991893872262,16.0,IND,1475.9746926647958,16.0,1,9,-2.5,1,-143.0,129.0,1,0
WAS,7.0,3.0,0.42857142857142855,11.142857142857142,78,11.0,77,-18.885714285714283,-0.23998540471478272,-3.671428571428574,0.3705379087795419,1.6266233766233766,1.9966866466866466,-0.3700632700632701,2.85926462295615,17.857142857142858,125.0,22.0,22.285714285714285,156.0,27.0,NFC East,2,-4.428571428571429,-31,0.5111111111111111,0.6137142857142858,5.49,3.987036654108746,1.7142857142857142,0.42857142857142855,0.8541666666666666,60.714285714285715,1.2857142857142858,-5.0,0.3661669213139801,0.5885714285714286,7.594285714285713,4.597559967603071,2.0,0.42857142857142855,0.9375,49.57142857142857,0.5714285714285714,0.3661669213139801,0.1407353770438502,2022-10-30,2022,0.2877219382691661,0.3076064103528459,IND,7.0,3.0,0.42857142857142855,10.428571428571429,73,9.857142857142858,69,-20.528571428571432,-0.7678928689011636,-6.299999999999999,-0.20233245432025987,1.608058608058608,2.1273809523809524,-0.5193223443223444,2.8781763138266787,16.142857142857142,113.0,23.0,20.0,140.0,26.0,AFC South,-1,-3.857142857142857,-27,0.47222222222222215,0.6772857142857143,5.117142857142857,3.4591291899223653,1.2857142857142858,0.2857142857142857,0.861111111111111,49.57142857142857,2.0,-7.0,0.3946886446886447,0.7025714285714286,6.7299999999999995,4.024689604503269,1.1428571428571428,0.8571428571428571,0.875,36.0,1.0,0.3946886446886447,0.12182368617332129,2022,0.32055175104106925,0.329539163230862,WAS vs. IND,IND,1478.7232225046846,11.0,WAS,1498.566148246957,11.0,0,-1,-3.0,0,-151.0,136.0,0,0
IND,8.0,3.0,0.375,10.375,83,10.0,80,-18.225,-0.6183874659173214,-5.887499999999999,-0.27684722631173997,1.6070512820512821,2.0546401515151516,-0.44758886946386944,3.342317892754497,16.125,129.0,27.0,19.625,157.0,29.0,AFC South,-2,-3.5,-28,0.46598639455782315,0.685,5.505,3.6086345929062076,1.125,0.375,0.8809523809523808,46.5,2.0,-8.0,0.39743589743589747,0.7075,6.859999999999999,3.950174832511789,1.125,0.875,0.8928571428571429,38.0,1.0,0.39743589743589747,-0.342317892754497,2022-11-06,2022,0.31138165195124784,0.30167622048456183,NWE,8.0,4.0,0.5,10.5,84,10.625,85,-16.4375,-0.025519752324291822,-21.8375,0.31154840855128635,2.075915404040404,1.9496059496059497,0.12630945443445438,4.086975439722407,22.125,177.0,32.0,20.375,163.0,31.0,AFC East,1,1.75,14,0.5520408163265306,0.688875,5.94625,4.201502306499237,1.0,1.125,0.8333333333333334,47.875,2.0,0.0,0.38974106388967067,0.583875,5.9425,4.538570467374815,1.5,0.5,0.9285714285714286,38.875,2.0,0.38974106388967067,-0.08697543972240673,2022,0.37681069334655204,0.3151525902479491,IND vs. NWE,NWE,1523.0147330315765,11.0,IND,1431.575748247029,17.0,1,23,-5.0,1,-212.0,188.0,0,0
IND,9.0,3.0,0.3333333333333333,10.777777777777779,97,10.333333333333334,93,-22.5,-0.6254074711897283,-6.655555555555555,-0.4379777632574943,1.4522995522995523,2.0485690235690237,-0.5962694712694713,3.3482703692157894,14.666666666666666,132.0,28.0,20.333333333333332,183.0,34.0,AFC South,-3,-5.666666666666667,-51,0.47023809523809523,0.6663333333333333,4.885555555555555,3.6016145876338004,1.0,0.3333333333333333,0.8333333333333333,43.0,1.8888888888888888,-8.0,0.3532763532763533,0.703,6.664444444444444,3.7890442955660344,1.1111111111111112,0.7777777777777778,0.90625,37.666666666666664,1.0,0.3532763532763533,-0.34827036921578935,2022-11-13,2022,0.2774896101511545,0.31082294796495,LVR,8.0,2.0,0.25,9.0,72,9.25,74,-12.374999999999998,0.6056991003778933,7.35,-0.0007412611454661877,2.5711219336219338,2.739141414141414,-0.16801948051948049,3.4958696817927724,22.875,183.0,35.0,25.125,201.0,33.0,AFC West,-2,-2.25,-18,0.3074829931972789,0.62975,6.51125,4.832721159201422,1.375,0.75,1.0,49.375,0.875,-2.0,0.3814484126984127,0.710875,8.20375,4.226280797678063,2.0,1.0,0.6904761904761905,52.375,0.625,0.3814484126984127,-1.4958696817927724,2022,0.3952162519743975,0.3068180751703353,IND vs. LVR,LVR,1327.9541505525494,23.0,IND,1394.4392415368272,17.0,0,-5,-4.5,0,-199.0,177.0,0,0
PHI,9.0,8.0,0.8888888888888888,9.555555555555555,86,9.88888888888889,89,2.677777777777777,0.1612871756906391,-33.955555555555556,0.6693284578277398,2.89337822671156,1.8861952861952862,1.007182940516274,6.400500975610209,27.333333333333332,246.0,39.0,18.555555555555557,167.0,27.0,NFC East,-1,8.777777777777779,79,0.5424603174603174,0.676888888888889,8.35,4.3883092345141685,1.5555555555555556,1.8888888888888888,0.7857142857142857,44.333333333333336,0.7777777777777778,13.0,0.48057111733582325,0.5785555555555555,3.966666666666667,4.896350516651268,1.1111111111111112,0.8888888888888888,0.8,45.0,2.2222222222222223,0.48057111733582325,1.5994990243897913,2022-11-20,2022,0.5340832841746793,0.32357861879965594,IND,10.0,4.0,0.4,10.7,107,10.3,103,-19.509999999999998,-0.2955689299531083,-6.219999999999999,-0.4960488594807645,1.5570695970695971,2.0437121212121214,-0.4866425241425241,3.9774852725621566,15.7,157.0,33.0,20.3,203.0,37.0,AFC South,1,-4.6,-46,0.44576719576719576,0.6747,5.211,3.9314531288704204,1.0,0.5,0.8148148148148148,41.2,1.8,-9.0,0.3724941724941725,0.6959,6.714,3.7309731993427646,1.2,0.8,0.90625,41.3,0.9,0.3724941724941725,0.02251472743784344,2022,0.3091055943976157,0.32410975234485456,PHI vs. IND,IND,1434.9863702851935,14.0,PHI,1679.6489102266978,1.0,0,-1,6.5,1,235.0,-270.0,0,0
PIT,10.0,3.0,0.3,10.7,107,10.8,108,-24.71,-0.09001942255445905,-7.909999999999999,-0.2750085708465523,1.6047125097125097,2.2985353535353537,-0.6938228438228439,3.697724990396431,17.0,170.0,34.0,24.4,244.0,44.0,AFC North,-1,-7.4,-74,0.5080246913580246,0.6386000000000001,4.671,4.13700263626907,0.7,0.8,0.8083333333333333,46.8,1.4,0.0,0.358015873015873,0.6139,7.409000000000001,3.952013487976977,2.2,0.5,0.8518518518518517,44.8,1.4,0.358015873015873,-0.6977249903964311,2022-11-28,2022,0.2955863087163751,0.33824083372458985,IND,11.0,4.0,0.36363636363636365,10.727272727272727,118,10.272727272727273,113,-19.0,-0.3068199136965731,-5.272727272727272,-0.4467984891730819,1.5477492204764933,2.012465564738292,-0.46471634426179875,4.441626851489975,15.727272727272727,173.0,37.0,20.0,220.0,40.0,AFC South,-1,-4.2727272727272725,-47,0.490079365079365,0.6787272727272727,5.262727272727273,3.920202145126956,0.9090909090909091,0.5454545454545454,0.8083333333333333,45.63636363636363,1.7272727272727273,-8.0,0.3689340962068235,0.6980909090909091,6.805454545454546,3.7802235696504467,1.1818181818181819,0.8181818181818182,0.9166666666666666,42.54545454545455,1.0,0.3689340962068235,-0.4416268514899748,2022,0.30097057511161085,0.3075904472569598,PIT vs. IND,IND,1415.3375708255203,17.0,PIT,1397.9394048365675,21.0,0,-7,-2.5,0,-128.0,116.0,0,0
IND,13.0,4.0,0.3076923076923077,10.76923076923077,140,10.307692307692308,134,-21.300000000000004,-0.2996715257673868,-5.684615384615384,-0.16311242195992798,1.5621980583519044,2.2541375291375294,-0.6919394707856246,4.8255584358763,16.076923076923077,209.0,44.0,22.923076923076923,298.0,52.0,AFC South,-3,-6.846153846153846,-89,0.49400553150553145,0.6677692307692309,5.0284615384615385,3.927350533056142,1.0,0.5384615384615384,0.7986111111111112,46.92307692307692,2.0,-14.0,0.35507441276672047,0.696923076923077,6.634615384615385,4.063909636863601,1.2307692307692308,1.1538461538461537,0.925,40.76923076923077,0.9230769230769231,0.35507441276672047,-0.8255584358763004,2022-12-17,2022,0.29432715869310044,0.3335654198245881,MIN,13.0,10.0,0.7692307692307693,10.615384615384615,138,11.0,143,-9.861538461538462,-0.13756792233281584,-4.684615384615383,0.17606500410516293,2.2650834208526516,2.2342456688610537,0.030837751991598106,6.880939358271338,24.0,312.0,54.0,24.076923076923077,313.0,61.0,NFC North,-1,-0.07692307692307693,-1,0.5776334776334776,0.6598461538461537,6.445384615384615,4.089454136490714,1.5384615384615385,1.1538461538461537,0.75,40.38461538461539,1.0769230769230769,6.0,0.3863156137477404,0.6852307692307693,7.630769230769231,4.403087062928692,1.4615384615384615,1.0769230769230769,0.7916666666666666,54.61538461538461,1.5384615384615385,0.3863156137477404,3.1190606417286624,2022,0.485189116306214,0.4961068849625866,IND vs. MIN,MIN,1668.5502335099318,2.0,IND,1348.3356961330285,25.0,1,3,-3.5,0,-188.0,168.0,0,0
LAC,14.0,8.0,0.5714285714285714,10.642857142857142,149,10.357142857142858,145,-8.7,-0.6518750897337128,-12.599999999999998,1.2606007811497801,2.115692640692641,2.3915945165945165,-0.2759018759018759,6.678740890068369,22.285714285714285,312.0,58.0,24.285714285714285,340.0,61.0,AFC West,2,-2.0,-28,0.5084752853983623,0.6749999999999999,6.542857142857143,3.575146969089816,1.5,0.7857142857142857,0.9358974358974359,37.285714285714285,1.0714285714285714,3.0,0.41336996336996334,0.6163571428571428,6.615714285714286,5.48762283997331,1.5,1.0714285714285714,0.7261904761904762,49.5,1.2857142857142858,0.41336996336996334,1.3212591099316313,2022-12-26,2022,0.4259985754439284,0.4303432540422806,IND,14.0,4.0,0.2857142857142857,11.071428571428571,155,10.857142857142858,152,-21.092857142857145,-0.2961434076966461,-5.635714285714285,-0.17958215792637566,1.6220410541839114,2.24788961038961,-0.625848556205699,5.278274844390179,17.5,245.0,50.0,24.071428571428573,337.0,58.0,AFC South,-4,-6.571428571428571,-92,0.5151767036382421,0.6612142857142856,5.0807142857142855,3.930878651126883,1.0,0.5,0.8141025641025641,50.92857142857143,1.9285714285714286,-12.0,0.35226834568939835,0.6912857142857144,6.700714285714286,4.047439900897153,1.4285714285714286,1.1428571428571428,0.9318181818181818,43.142857142857146,1.0714285714285714,0.35226834568939835,-1.2782748443901788,2022,0.2931273077329452,0.3194831104442527,LAC vs. IND,IND,1334.6695846632006,27.0,LAC,1563.441551247297,9.0,0,-17,3.5,0,165.0,-185.0,0,0
IND,15.0,4.0,0.26666666666666666,11.0,165,10.8,162,-24.6,-0.2296305558670097,-6.473333333333333,-0.23899481798618588,1.533904983904984,2.2313636363636364,-0.6974586524586524,5.289303435122315,16.533333333333335,248.0,51.0,23.8,357.0,62.0,AFC South,-5,-7.266666666666667,-109,0.5191946941946942,0.6562,4.6706666666666665,3.997391502956519,0.9333333333333333,0.4666666666666667,0.8273809523809524,48.266666666666666,2.0,-13.0,0.3287837893101051,0.6968,6.615333333333334,3.9880272408373427,1.3333333333333333,1.2,0.9375,44.266666666666666,1.1333333333333333,0.3287837893101051,-1.2893034351223154,2023-01-01,2022,0.2825234443671765,0.32430583828082976,NYG,15.0,8.0,0.5333333333333333,10.266666666666667,154,10.333333333333334,155,-10.266666666666667,0.46437031860762656,-10.166666666666666,1.19851885546912,2.088826728826729,2.237020202020202,-0.14819347319347323,7.331645742057975,20.733333333333334,311.0,59.0,22.6,339.0,66.0,NFC East,-1,-1.8666666666666667,-28,0.5288526949241235,0.6732,6.3453333333333335,4.691392377431156,0.9333333333333333,1.2,0.9236111111111112,49.4,1.0,2.0,0.36003607503607504,0.6128666666666667,6.970666666666667,5.425540914292649,1.3333333333333333,1.0,0.85,48.6,1.1333333333333333,0.36003607503607504,0.668354257942025,2022,0.4001874031249262,0.41639199183835424,IND vs. NYG,NYG,1500.3613858543688,10.0,IND,1313.5364214973167,28.0,1,28,-5.5,1,-229.0,202.0,0,0
JAX,2.0,1.0,0.5,10.5,21,10.0,20,-2.5,0.4869419051404349,-35.05,-0.6322418390433091,2.2,1.4,0.8,1.3603429219048018,23.0,46.0,9.0,14.0,28.0,4.0,AFC South,1,9.0,18,0.0,0.702,7.385,4.713963963963964,1.5,1.0,0.875,54.5,0.5,5.0,0.325,0.596,4.085,3.59478021978022,2.0,0.0,,46.5,3.0,0.325,-0.36034292190480177,2022-09-25,2022,0.3513550881632567,0.06396570780951982,LAC,2.0,1.0,0.5,10.5,21,10.0,20,14.600000000000001,-1.4387156072106257,-15.049999999999997,0.8178497360482662,2.290909090909091,2.3,-0.00909090909090926,1.0656491978951774,24.0,48.0,8.0,23.0,46.0,8.0,AFC West,-1,1.0,2,1.0,0.7264999999999999,8.535,2.788306451612903,3.0,0.0,0.75,23.0,0.5,2.0,0.3705357142857143,0.6405,5.975,5.044871794871796,2.0,0.0,1.0,32.5,1.5,0.3705357142857143,-0.06564919789517742,2022,0.36844777182949,0.18687016042096452,JAX vs. LAC,LAC,1500.0,7.0,JAX,1500.0,7.0,0,-28,-6.5,0,-252.0,220.0,0,0
JAX,3.0,2.0,0.6666666666666666,10.0,30,10.0,30,3.5,0.3137687319672618,-32.36666666666667,-1.1082796900811602,2.874074074074074,1.2666666666666666,1.6074074074074076,2.3197979056297835,28.0,84.0,16.0,12.666666666666666,38.0,6.0,AFC South,2,15.333333333333334,46,0.25,0.7073333333333333,7.676666666666667,4.5407907907907905,2.0,1.0,0.9166666666666666,39.666666666666664,0.3333333333333333,7.0,0.39444444444444443,0.5826666666666667,4.656666666666666,3.1187423687423688,1.6666666666666667,0.0,1.0,49.0,2.6666666666666665,0.39444444444444443,-0.3197979056297835,2022-10-02,2022,0.4764803723324829,0.11201347295801445,PHI,3.0,3.0,1.0,10.0,30,10.333333333333334,31,3.199999999999998,0.01717100301659154,-35.333333333333336,1.1247095429080731,2.9346801346801343,1.6481481481481481,1.2865319865319866,2.428507511165782,28.666666666666668,86.0,13.0,16.666666666666668,50.0,7.0,NFC East,3,12.0,36,0.75,0.677,9.389999999999999,4.244193061840121,1.3333333333333333,2.0,0.8333333333333334,57.666666666666664,0.3333333333333333,4.0,0.4866767219708396,0.5786666666666667,3.6199999999999997,5.3517316017316015,1.0,1.3333333333333333,,46.0,1.6666666666666667,0.4866767219708396,0.5714924888342181,2022,0.5158822483871649,0.193553198084296,JAX vs. PHI,PHI,1634.157706389236,1.0,JAX,1550.0,3.0,1,8,-6.5,1,-256.0,223.0,0,0
NYG,6.0,5.0,0.8333333333333334,10.0,60,10.333333333333334,62,-16.616666666666667,0.7568004403618732,-14.366666666666667,1.4295333573786262,2.1862373737373737,1.8989057239057239,0.2873316498316498,3.4224381539383,21.166666666666668,127.0,25.0,18.833333333333332,113.0,25.0,NFC East,3,2.3333333333333335,14,0.5033333333333333,0.6738333333333334,5.4383333333333335,4.983822499185402,0.8333333333333334,1.3333333333333333,0.8833333333333332,51.166666666666664,1.0,2.0,0.38001443001442997,0.573,6.78,5.656555416202155,1.1666666666666667,0.3333333333333333,0.8472222222222222,55.666666666666664,1.3333333333333333,0.38001443001442997,1.5775618460617,2022-10-23,2022,0.5262195726431736,0.4420404466439314,JAX,6.0,2.0,0.3333333333333333,10.0,60,9.833333333333334,59,-8.050000000000002,0.7652479531833251,-23.05,-0.8752449604738498,2.355218855218855,1.9430976430976432,0.41212121212121217,3.142024665993678,23.0,138.0,24.0,19.0,114.0,20.0,AFC South,-3,4.0,24,0.38,0.6735000000000001,6.751666666666666,4.992270012006855,1.5,1.0,0.9375,41.5,1.5,0.0,0.39960317460317457,0.6298333333333334,5.508333333333333,3.351777098349679,1.3333333333333333,1.0,1.0,40.666666666666664,1.5,0.39960317460317457,-1.1420246659936781,2022,0.32386502226708813,0.21796470813595037,NYG vs. JAX,JAX,1393.5763398439117,20.0,NYG,1668.6809496988867,2.0,0,-6,-3.0,0,-165.0,148.0,0,0
LVR,7.0,2.0,0.2857142857142857,8.714285714285714,61,9.142857142857142,64,-13.842857142857142,0.74721565695554,7.114285714285714,-0.04563551012582012,2.678684807256236,2.744733044733045,-0.06604823747680884,3.166546519716405,23.285714285714285,163.0,31.0,24.857142857142858,174.0,28.0,AFC West,-1,-1.5714285714285714,-11,0.31706349206349205,0.6364285714285715,6.298571428571428,4.9742377157790685,1.2857142857142858,0.8571428571428571,1.0,50.0,0.8571428571428571,-2.0,0.4002267573696145,0.6972857142857143,8.2,4.181386548697708,2.142857142857143,0.8571428571428571,0.6944444444444445,55.57142857142857,0.5714285714285714,0.4002267573696145,-1.1665465197164049,2022-11-06,2022,0.4235059903718769,0.3020908425177247,JAX,8.0,2.0,0.25,9.875,79,9.75,78,-15.687500000000002,1.1085122954197069,-20.425,-0.5058861215081562,2.2252209595959593,2.0553345959595957,0.16988636363636367,3.8475617208501363,21.5,172.0,30.0,19.75,158.0,28.0,AFC South,-5,1.75,14,0.4312925170068027,0.64025,6.1225,5.335534354243236,1.25,1.125,0.9583333333333334,48.0,1.5,-2.0,0.4028492340992341,0.6265000000000001,5.90125,3.7211359373153727,1.25,1.125,1.0,48.875,1.25,0.4028492340992341,-1.8475617208501363,2022,0.2920461208457214,0.23119915355159648,LVR vs. JAX,JAX,1324.6128347767449,26.0,LVR,1386.8107374033852,25.0,1,7,2.5,1,116.0,-129.0,0,0
JAX,9.0,3.0,0.3333333333333333,9.88888888888889,89,9.88888888888889,89,-12.944444444444446,1.0201796494527406,-18.38888888888889,-0.4924450853034315,2.2779741863075196,2.0289842873176207,0.24898989898989907,4.518238558773769,22.11111111111111,199.0,35.0,19.77777777777778,178.0,32.0,AFC South,1,2.3333333333333335,21,0.41309523809523807,0.6586666666666666,6.3566666666666665,5.247201708276269,1.2222222222222223,1.2222222222222223,0.9166666666666667,46.0,1.4444444444444444,-2.0,0.4247548747548747,0.6216666666666666,6.134444444444444,3.734576973520097,1.3333333333333333,1.0,1.0,48.44444444444444,1.2222222222222223,0.4247548747548747,-1.5182385587737688,2022-11-13,2022,0.3269184150348541,0.2589467741813226,KAN,8.0,6.0,0.75,10.125,81,9.875,79,2.8125,0.17038521687322034,-5.512500000000001,-0.1551464452001401,3.0375,2.4345328282828285,0.6029671717171718,4.818304801165731,30.375,243.0,40.0,23.625,189.0,34.0,AFC West,2,6.75,54,0.5615646258503402,0.65725,8.12375,4.397407275696749,2.625,1.0,0.6666666666666666,54.875,1.125,-1.0,0.4998630851862276,0.631375,6.9,4.071875613623389,2.125,0.625,1.0,51.625,1.0,0.4998630851862276,1.1816951988342694,2022,0.5667713085700166,0.4401544885448816,JAX vs. KAN,KAN,1651.0417734907455,3.0,JAX,1383.4694216275807,17.0,1,10,-10.0,0,-399.0,333.0,0,0
JAX,12.0,4.0,0.3333333333333333,9.833333333333334,118,9.75,117,-8.841666666666667,0.6740042223836733,-11.100000000000001,-0.2931627769396998,2.216435185185185,2.3929503367003364,-0.17651515151515149,5.3668829237194755,21.5,258.0,46.0,22.666666666666668,272.0,50.0,AFC South,-1,-1.1666666666666667,-14,0.46530893349075164,0.6663333333333333,6.616666666666667,4.901026281207202,1.4166666666666667,0.9166666666666666,0.875,40.583333333333336,1.25,1.0,0.3888500388500389,0.6328333333333334,6.95,3.9338592818838296,1.5833333333333333,1.0,0.975,38.833333333333336,1.3333333333333333,0.3888500388500389,-1.3668829237194755,2022-12-11,2022,0.34542611970967807,0.3430597249387651,TEN,12.0,7.0,0.5833333333333334,10.166666666666666,122,10.333333333333334,124,-17.141666666666666,-0.23722669685097428,-6.774999999999999,-0.615248857615764,1.8675294612794613,1.9869981869981868,-0.1194687257187257,6.3057645651697944,18.25,219.0,38.0,20.0,240.0,42.0,AFC South,-2,-1.75,-21,0.47712514757969304,0.61675,6.173333333333333,3.9897953619725546,1.0,0.9166666666666666,0.8796296296296295,54.166666666666664,0.9166666666666666,2.0,0.3571688727938728,0.65325,7.010000000000001,3.611773201207765,1.8333333333333333,0.4166666666666667,0.9166666666666666,54.25,1.0833333333333333,0.3571688727938728,0.6942354348302056,2022,0.3294951820516037,0.3300792259831106,JAX vs. TEN,TEN,1535.7360554802713,10.0,JAX,1401.2112224570508,24.0,0,-14,-3.0,0,-169.0,151.0,1,0
JAX,14.0,6.0,0.42857142857142855,10.071428571428571,141,10.0,140,-5.421428571428572,0.6532226901477236,-9.964285714285714,-0.09756427713913188,2.371663059163059,2.396338383838384,-0.024675324675324628,6.7246352939413825,23.857142857142858,334.0,59.0,23.428571428571427,328.0,59.0,AFC South,2,0.42857142857142855,6,0.4977663362278747,0.6680714285714285,6.987857142857143,4.880244748971252,1.7142857142857142,0.8571428571428571,0.8958333333333334,42.42857142857143,1.2857142857142858,4.0,0.4138861138861139,0.6442142857142857,6.881428571428572,4.129457781684397,1.7142857142857142,1.0,0.9777777777777779,38.142857142857146,1.5714285714285714,0.4138861138861139,-0.7246352939413825,2022-12-22,2022,0.3967814172530184,0.3695135294170706,NYJ,14.0,7.0,0.5,11.214285714285714,157,10.857142857142858,152,-20.67142857142857,0.018176892025721703,-22.021428571428572,-0.17033443954769306,1.8703431489145774,1.7704933954933957,0.09984975342118196,6.888665256515106,20.071428571428573,281.0,53.0,18.785714285714285,263.0,49.0,AFC East,-3,1.2857142857142858,18,0.550798773875697,0.5812142857142858,6.057857142857143,4.245198950849251,1.0714285714285714,0.9285714285714286,0.8333333333333333,52.714285714285715,1.2857142857142858,-3.0,0.35159179639221655,0.6287857142857144,5.243571428571428,4.056687619275836,0.9285714285714286,0.9285714285714286,0.7619047619047619,43.57142857142857,1.0714285714285714,0.35159179639221655,0.11133474348489436,2022,0.3402642135599178,0.3019057342249811,JAX vs. NYJ,NYJ,1479.3596204094251,12.0,JAX,1548.0047615991202,18.0,0,-16,-2.5,0,-136.0,123.0,0,0
TEN,16.0,7.0,0.4375,10.4375,167,10.5,168,-21.856249999999996,0.11100285273951904,-8.018749999999999,-0.8597286162510386,1.7519728535353536,2.0554948523698524,-0.3035219988344988,7.406954605978545,17.625,282.0,48.0,21.1875,339.0,60.0,AFC South,-6,-3.5625,-57,0.4616622266622266,0.6170625,5.57125,4.338024911563048,0.9375,1.0,0.8106060606060606,57.25,1.3125,-2.0,0.36434919247419245,0.6595,6.90625,3.3672934425724903,1.75,0.5625,0.9404761904761905,50.6875,1.1875,0.36434919247419245,-0.4069546059785454,2023-01-07,2022,0.2801145879165531,0.3257376204022646,JAX,16.0,8.0,0.5,10.0625,161,10.25,164,-8.131250000000001,0.6429931575342747,-13.375,-0.15749649984968153,2.383285984848485,2.128046085858586,0.25523989898989907,8.708267515525218,24.0,384.0,68.0,20.875,334.0,61.0,AFC South,4,3.125,50,0.4736197136197136,0.6723125,6.721875,4.870015216357803,1.5,1.0,0.8964285714285715,40.5625,1.3125,4.0,0.41032743298368296,0.6351875,6.515625,4.069525558973847,1.5,0.875,0.9818181818181819,40.1875,1.5625,0.41032743298368296,-0.7082675155252183,2022,0.40366374570818525,0.3322392079089031,TEN vs. JAX,JAX,1401.2112224570508,24.0,TEN,1535.7360554802713,10.0,1,4,-6.0,0,-260.0,227.0,1,0
LAC,17.0,10.0,0.5882352941176471,10.588235294117647,180,10.294117647058824,175,-6.494117647058822,-0.5750412272839771,-15.282352941176471,1.292645648073976,2.1998514557338087,2.212685680332739,-0.012834224598930459,9.043618311338069,23.0,391.0,72.0,22.58823529411765,384.0,69.0,AFC West,-1,0.4117647058823529,7,0.4674516455766456,0.6870588235294117,6.708235294117647,3.651980831539552,1.5294117647058822,0.8823529411764706,0.9479166666666666,37.35294117647059,1.1176470588235294,5.0,0.4321769733534439,0.608,6.417647058823529,5.519667706897505,1.411764705882353,1.0,0.7745098039215685,44.8235294117647,1.411764705882353,0.4321769733534439,0.9563816886619314,2023-01-14,2022,0.42250309855675133,0.39327406269501625,JAX,17.0,9.0,0.5294117647058824,9.941176470588236,169,10.235294117647058,174,-8.182352941176472,0.436353606992219,-13.741176470588236,-0.17516089924633318,2.390151515151515,2.096984551396316,0.2931669637551991,9.337482418871586,23.764705882352942,404.0,71.0,20.58823529411765,350.0,65.0,AFC South,5,3.176470588235294,54,0.4713622315184815,0.6695294117647058,6.736470588235294,4.663375665815748,1.4705882352941178,0.9411764705882353,0.9033333333333334,39.64705882352941,1.2941176470588236,5.0,0.4129284930755519,0.6384117647058823,6.416470588235294,4.051861159577196,1.4705882352941178,0.8235294117647058,0.9833333333333334,40.1764705882353,1.588235294117647,0.4129284930755519,-0.3374824188715859,2022,0.41177819292033324,0.3441729691593465,LAC vs. JAX,JAX,1622.497131048341,10.0,LAC,1516.9306151174671,8.0,1,1,2.0,1,114.0,-126.0,0,1
JAX,1.0,10.0,10.0,10.166666666666666,183,10.333333333333334,186,-9.461111111111112,0.48680099063737575,-13.933333333333334,-0.23842854820835133,2.380381192881193,2.1193742985409654,0.2610068943402277,9.85690061744868,24.166666666666668,435.0,76.0,21.11111111111111,380.0,71.0,AFC South,6,3.0555555555555554,55,0.47823711755372655,0.6654444444444444,6.566666666666666,4.713823049460904,1.6111111111111112,0.8888888888888888,0.909375,39.111111111111114,1.5,0.0,0.40109913234913236,0.6352222222222221,6.412777777777778,3.988593510615178,1.4444444444444444,0.8888888888888888,0.9653846153846154,40.27777777777778,1.5,0.40109913234913236,0.14309938255131982,2023-01-21,2022,0.47472979821803446,0.054623957855611326,KAN,17.0,14.0,0.8235294117647058,10.0,170,10.058823529411764,171,4.0058823529411764,0.3817352310597536,-10.052941176470588,-0.005216386665836283,2.9657626687038454,2.210729140140905,0.7550335285629404,11.053512411970736,29.176470588235293,496.0,83.0,21.705882352941178,369.0,66.0,AFC West,5,7.470588235294118,127,0.4515496656121656,0.6660588235294118,8.378235294117648,4.6087572898832825,2.411764705882353,1.0588235294117647,0.7083333333333334,49.294117647058826,1.3529411764705883,-3.0,0.48525939599969836,0.6440588235294118,6.148235294117647,4.221805672157693,1.9411764705882353,0.5882352941176471,0.9555555555555556,43.1764705882353,1.1764705882352942,0.48525939599969836,2.946487588029264,2022,0.5728576020091449,0.4301576129377129,JAX vs. KAN,KAN,1651.0417734907455,3.0,JAX,1383.4694216275807,17.0,1,10,-10.0,0,-399.0,333.0,0,0
LAC,1.0,1.0,1.0,10.0,10,10.0,10,29.400000000000006,-1.7754091555977225,-35.3,0.6960548642533944,2.4,1.9,0.5,0.6349859895481469,24.0,24.0,4.0,19.0,19.0,4.0,AFC West,1,5.0,5,0.5,0.765,9.97,2.4516129032258065,3.0,0.0,0.5,21.0,0.0,3.0,0.42857142857142855,0.595,4.35,4.923076923076923,2.0,0.0,1.0,11.0,3.0,0.42857142857142855,0.3650140104518531,2022-09-15,2022,0.5460056041807413,0.14600560418074124,KAN,1.0,1.0,1.0,10.0,10,9.0,9,44.19999999999999,0.5137186819172115,-8.099999999999994,0.45479612299465266,4.4,2.3333333333333335,2.066666666666667,0.8523322068385789,44.0,44.0,7.0,21.0,21.0,3.0,AFC West,1,23.0,23,0.5,0.769,11.79,4.7407407407407405,5.0,1.0,1.0,25.0,1.0,-1.0,0.625,0.632,5.76,4.681818181818182,2.0,1.0,,49.0,0.0,0.625,0.1476677931614211,2022,0.8033674552129948,0.049222597720473694,LAC vs. KAN,KAN,1550.0,1.0,LAC,1550.0,1.0,1,3,-4.0,0,-188.0,167.0,1,0
KAN,3.0,2.0,0.6666666666666666,10.0,30,10.0,30,8.399999999999997,-0.08397321287613228,-2.5,-0.6124036525384561,2.9333333333333336,2.1717171717171717,0.7616161616161617,1.8265495951055737,29.333333333333332,88.0,14.0,21.666666666666668,65.0,11.0,AFC West,-1,7.666666666666667,23,0.5,0.6703333333333333,8.61,4.143048845947397,2.6666666666666665,0.6666666666666666,0.8333333333333334,41.333333333333336,1.0,-1.0,0.41944444444444445,0.6833333333333332,6.239999999999999,3.614618406285073,2.3333333333333335,0.3333333333333333,1.0,36.0,0.6666666666666666,0.41944444444444445,0.1734504048944263,2022-10-02,2022,0.49364784076135526,0.2656439383759854,TAM,3.0,2.0,0.6666666666666666,10.666666666666666,32,11.333333333333334,34,-13.333333333333334,-1.0821447139461842,-31.03333333333333,-0.35220724400871406,1.6030303030303028,0.7806526806526808,0.8223776223776222,2.2351417503494564,17.0,51.0,11.0,9.0,27.0,5.0,NFC South,-1,8.0,24,0.75,0.6446666666666667,6.29,3.144877344877345,1.0,0.0,0.9333333333333332,55.333333333333336,1.3333333333333333,4.0,0.27769289533995417,0.632,4.1066666666666665,3.874814814814815,1.0,0.0,1.0,66.0,2.6666666666666665,0.27769289533995417,-0.2351417503494564,2022,0.3168066744391248,0.0865126592965953,KAN vs. TAM,TAM,1537.8712080630237,3.0,KAN,1524.0253073352042,3.0,0,-10,-1.0,0,-125.0,113.0,0,0
LVR,4.0,1.0,0.25,9.5,38,9.75,39,-19.099999999999998,0.6140228611687591,5.774999999999999,-0.2655738594721039,2.525,2.594949494949495,-0.06994949494949487,1.8659081968791031,24.0,96.0,20.0,25.0,100.0,15.0,AFC West,1,-1.0,-4,0.2222222222222222,0.6134999999999999,5.82,4.841044919992288,1.5,0.5,1.0,37.0,1.25,-2.0,0.39583333333333337,0.6955,8.385,3.961448199351425,1.75,1.25,0.8333333333333334,69.0,0.75,0.39583333333333337,-0.8659081968791031,2022-10-10,2022,0.4123805004106443,0.20520113491547085,KAN,4.0,3.0,0.75,10.0,40,10.0,40,5.1249999999999964,0.15729160266404552,1.5500000000000007,-1.3910582541097243,3.225,2.403787878787879,0.8212121212121213,2.4863974143179743,32.25,129.0,21.0,24.0,96.0,16.0,AFC West,1,8.25,33,0.5555555555555555,0.65825,8.1,4.384313661487575,2.75,1.0,0.875,39.0,1.0,0.0,0.4910539215686275,0.7,6.7625,2.8359638047138045,2.5,0.5,1.0,37.0,1.0,0.4910539215686275,0.5136025856820257,2022,0.5924103393707659,0.3513602585682026,LVR vs. KAN,KAN,1576.0168384462577,2.0,LVR,1427.9892987728224,24.0,1,1,-7.5,0,-321.0,275.0,1,0
KAN,6.0,4.0,0.6666666666666666,9.833333333333334,59,9.666666666666666,58,3.116666666666665,0.07186015672535324,5.133333333333333,-0.5879476227060821,3.038888888888889,2.584006734006734,0.45488215488215494,3.4000977685730223,29.833333333333332,179.0,30.0,24.833333333333332,149.0,26.0,AFC West,-1,5.0,30,0.5433333333333333,0.6553333333333333,7.858333333333333,4.298882215548883,2.8333333333333335,0.6666666666666666,0.7777777777777778,47.666666666666664,1.0,-1.0,0.48519756387403445,0.6846666666666666,7.544999999999999,3.639074436117447,2.5,0.5,1.0,47.0,0.8333333333333334,0.48519756387403445,0.5999022314269777,2022-10-23,2022,0.559313748426015,0.41838350004914204,SFO,6.0,3.0,0.5,9.833333333333334,59,9.833333333333334,59,-13.066666666666665,0.10451090335825357,-17.833333333333332,-0.9871749160352096,2.1444444444444444,1.5807983682983682,0.5636460761460761,3.5515549959995387,20.333333333333332,122.0,19.0,14.833333333333334,89.0,15.0,NFC West,-1,5.5,33,0.5633333333333332,0.6016666666666667,7.133333333333333,4.331532962181782,1.1666666666666667,1.0,0.7333333333333333,45.0,1.5,-2.0,0.3909313725490196,0.6736666666666666,5.516666666666667,3.2398471427883195,0.6666666666666666,0.6666666666666666,0.75,39.666666666666664,1.1666666666666667,0.3909313725490196,-0.5515549959995387,2022,0.2924306640565219,0.1884934323729009,KAN vs. SFO,SFO,1497.0762241475952,9.0,KAN,1557.051569026394,5.0,0,-21,1.0,0,-104.0,-106.0,0,0
TEN,7.0,5.0,0.7142857142857143,10.0,70,10.142857142857142,71,-21.485714285714284,-0.039233161213202764,-5.399999999999999,-0.3566693601544352,1.9713203463203464,1.970995670995671,0.00032467532467536246,3.9530558722829094,18.857142857142858,132.0,23.0,19.714285714285715,138.0,24.0,AFC South,5,-0.8571428571428571,-6,0.375,0.6385714285714286,5.337142857142857,4.187788897610326,0.8571428571428571,1.1428571428571428,0.8333333333333333,54.42857142857143,1.2857142857142858,2.0,0.3654916512059369,0.6807142857142857,6.831428571428572,3.8703526986690937,2.0,0.14285714285714285,0.9166666666666666,47.42857142857143,1.5714285714285714,0.3654916512059369,1.0469441277170906,2022-11-06,2022,0.37771370395406756,0.34029508866239466,KAN,7.0,5.0,0.7142857142857143,9.857142857142858,69,9.571428571428571,67,6.157142857142857,0.21963888783741764,1.8428571428571416,-0.42074056936231613,3.2333333333333334,2.57994227994228,0.6533910533910535,4.223185397779756,31.857142857142858,223.0,36.0,24.571428571428573,172.0,31.0,AFC West,1,7.285714285714286,51,0.5361111111111111,0.6608571428571429,8.45,4.446660946660947,2.857142857142857,1.0,0.6666666666666667,52.857142857142854,1.1428571428571428,0.0,0.5111217214158391,0.6768571428571428,7.377142857142857,3.806281489461213,2.4285714285714284,0.42857142857142855,1.0,51.714285714285715,1.1428571428571428,0.5111217214158391,0.7768146022202442,2022,0.5796383554449871,0.447934440658481,TEN vs. KAN,KAN,1598.5051456097062,2.0,TEN,1616.146587009641,6.0,1,3,-14.0,0,-689.0,530.0,0,0
KAN,9.0,7.0,0.7777777777777778,10.0,90,10.0,90,5.788888888888888,0.31964449076699714,-4.433333333333334,-0.08674373560273886,3.033333333333333,2.335746352413019,0.6975869809203143,5.567893098896938,30.0,270.0,44.0,22.88888888888889,206.0,37.0,AFC West,3,7.111111111111111,64,0.5330357142857143,0.6667777777777778,8.383333333333333,4.546666549590526,2.7777777777777777,0.8888888888888888,0.6666666666666666,48.77777777777778,1.3333333333333333,-4.0,0.5221005201655357,0.6417777777777778,6.911111111111111,4.14027832322079,2.111111111111111,0.5555555555555556,0.9166666666666666,49.22222222222222,0.8888888888888888,0.5221005201655357,1.4321069011030616,2022-11-20,2022,0.5666823501833762,0.43084932758125094,LAC,9.0,5.0,0.5555555555555556,10.777777777777779,97,10.333333333333334,93,-10.255555555555555,-0.7495280325391802,-11.833333333333332,1.396311220773891,2.078114478114478,2.506172839506173,-0.42805836139169473,4.102488561449037,22.22222222222222,200.0,38.0,25.333333333333332,228.0,42.0,AFC West,-1,-3.111111111111111,-28,0.4875,0.6566666666666667,6.418888888888889,3.477494026284349,1.5555555555555556,0.7777777777777778,0.9375,43.0,1.1111111111111112,2.0,0.4037800162800163,0.6486666666666667,6.382222222222222,5.6233332795974205,1.4444444444444444,1.2222222222222223,0.7777777777777778,54.77777777777778,1.3333333333333333,0.4037800162800163,0.8975114385509633,2022,0.43081951278915986,0.4464701080276469,KAN vs. LAC,LAC,1550.0,1.0,KAN,1550.0,1.0,0,-3,5.5,1,203.0,-231.0,1,0
LAR,10.0,3.0,0.3,9.8,98,9.6,96,-15.170000000000002,-0.8620412159116515,-4.709999999999998,-0.3498111222749966,1.777929292929293,2.426132478632479,-0.6482031857031858,3.617931946112308,16.8,168.0,32.0,22.7,227.0,39.0,NFC West,-4,-5.9,-59,0.3578042328042328,0.6686,5.818,3.3649808429118777,1.1,0.7,0.9444444444444444,39.2,1.5,-7.0,0.4134734383263795,0.6923999999999999,6.9879999999999995,3.877210936548532,1.4,0.6,0.875,35.6,0.8,0.4134734383263795,-0.6179319461123081,2022-11-27,2022,0.3063532425759246,0.3405215146891875,KAN,10.0,8.0,0.8,9.9,99,10.0,100,7.209999999999999,0.46868153951164826,-3.0900000000000007,-0.11743823459148453,3.0633333333333335,2.3721717171717174,0.6911616161616163,6.1299968466531425,30.0,300.0,50.0,23.3,233.0,42.0,AFC West,4,6.7,67,0.5355379188712521,0.6589,8.669,4.695703598335177,2.8,0.8,0.7037037037037037,49.3,1.3,-3.0,0.5198904681489821,0.6543,7.037000000000001,4.109583824232045,2.1,0.6,0.925925925925926,46.8,1.0,0.5198904681489821,1.8700031533468575,2022,0.5994951087548919,0.45654013244056796,LAR vs. KAN,KAN,1696.3680155055972,2.0,LAR,1285.5203075386476,21.0,1,16,-16.5,0,-1088.0,768.0,0,0
SEA,14.0,7.0,0.5,10.142857142857142,142,10.5,147,2.4142857142857155,0.2491354239324193,-10.142857142857142,0.6912058433918007,2.525604752390467,2.439080364080364,0.08652438831010253,7.036112421641565,25.357142857142858,355.0,64.0,25.357142857142858,355.0,60.0,NFC West,-2,0.0,0,0.37884273845812305,0.7135,7.517142857142857,4.476157482755949,1.8571428571428572,0.8571428571428571,0.9743589743589743,55.285714285714285,1.4285714285714286,1.0,0.4052909042404841,0.6466428571428572,6.716428571428572,4.918227902215329,1.5,1.3571428571428572,0.7569444444444443,52.42857142857143,1.5,0.4052909042404841,-0.03611242164156536,2022-12-24,2022,0.44954165242200195,0.37795590607458995,KAN,14.0,11.0,0.7857142857142857,9.857142857142858,138,9.928571428571429,139,3.8714285714285714,0.48539750746331417,-6.642857142857143,-0.03806678410669934,3.0386930529787675,2.3734900020614305,0.6652030509173367,8.708823913564077,29.571428571428573,414.0,70.0,23.0,322.0,57.0,AFC West,2,6.571428571428571,92,0.4679329217790756,0.6692857142857144,8.374285714285714,4.712419566286843,2.5,0.9285714285714286,0.717948717948718,51.785714285714285,1.5,-6.0,0.514207477249273,0.6449285714285714,6.534999999999999,4.18895527471683,2.142857142857143,0.5714285714285714,0.9444444444444445,44.92857142857143,1.0714285714285714,0.514207477249273,2.2911760864359234,2022,0.5902600031317364,0.4478915914320903,SEA vs. KAN,KAN,1662.5666009779322,2.0,SEA,1426.684655547001,12.0,1,14,-10.5,1,-447.0,367.0,0,0
KAN,16.0,13.0,0.8125,10.0625,161,10.125,162,4.15625,0.29478256167745875,-8.9,0.011146467844019514,2.9358450577200577,2.2586219336219338,0.6772231240981241,10.166596379249382,29.0625,465.0,78.0,22.25,356.0,63.0,AFC West,4,6.8125,109,0.4566529766529766,0.6644375,8.41875,4.521804620500988,2.5,0.9375,0.6888888888888889,49.6875,1.4375,-5.0,0.4808658860274572,0.646125,6.263125,4.238168526667549,2.0,0.625,0.9523809523809524,42.9375,1.125,0.4808658860274572,2.8334036207506177,2023-01-07,2022,0.5702661034233494,0.4334507824487997,LVR,16.0,6.0,0.375,9.9375,159,9.625,154,-15.024999999999999,0.4372274566546382,-1.7312499999999997,0.15130284225842863,2.4040365884115884,2.5086963383838383,-0.10465974997224994,7.705455308819117,23.875,382.0,71.0,24.1875,387.0,68.0,AFC West,-2,-0.3125,-5,0.3943245643245643,0.61275,6.434375,4.664249515478167,1.6875,0.75,0.9345238095238095,55.3125,1.1875,-6.0,0.38888229825729825,0.6800625,7.508125,4.378324901081958,1.5,1.0625,0.711111111111111,44.6875,0.8125,0.38888229825729825,-1.7054553088191167,2022,0.39894366079946647,0.3668949021916802,KAN vs. LVR,LVR,1427.9892987728224,24.0,KAN,1576.0168384462577,2.0,0,-18,9.0,0,338.0,-407.0,1,0
SEA,6.0,3.0,0.5,9.833333333333334,59,10.166666666666666,61,4.000000000000001,0.820647180150058,-3.283333333333335,0.9334586119393999,2.5192562067562068,2.6686447811447813,-0.1493885743885745,2.7587966862072677,24.333333333333332,146.0,26.0,27.166666666666668,163.0,28.0,NFC West,1,-2.8333333333333335,-17,0.19666666666666668,0.729,7.816666666666666,5.047669238973587,1.5,0.8333333333333334,0.9333333333333332,72.5,1.3333333333333333,2.0,0.41790099878335174,0.657,7.918333333333333,5.1604806707629285,1.5,1.5,0.9027777777777777,52.666666666666664,1.6666666666666667,0.41790099878335174,0.2412033137927323,2022-10-23,2022,0.4583934637248899,0.4009663737327774,LAC,6.0,4.0,0.6666666666666666,10.666666666666666,64,10.5,63,-4.333333333333333,-0.762864352730339,-11.35,1.568505974257099,2.221969696969697,2.4925925925925925,-0.2706228956228956,2.9428181818093666,23.5,141.0,27.0,25.333333333333332,152.0,27.0,AFC West,3,-1.8333333333333333,-11,0.48,0.6661666666666667,7.16,3.46415770609319,1.6666666666666667,0.8333333333333334,0.9166666666666666,44.5,0.8333333333333334,2.0,0.40428113553113554,0.6493333333333333,6.2299999999999995,5.795528033080628,1.8333333333333333,0.8333333333333334,0.75,59.666666666666664,1.1666666666666667,0.40428113553113554,1.0571818181906334,2022,0.4962080965915289,0.43265584415647373,SEA vs. LAC,LAC,1569.6128097212195,5.0,SEA,1476.8398321036962,9.0,0,-14,-5.5,0,-219.0,193.0,0,0
LAC,8.0,5.0,0.625,10.75,86,10.375,83,-7.5625,-0.7132787792536366,-12.424999999999999,1.6205693441382025,2.1560606060606062,2.5444444444444443,-0.3883838383838384,3.782698191460663,23.0,184.0,34.0,25.75,206.0,37.0,AFC West,1,-2.75,-22,0.4857142857142857,0.6677500000000001,6.67375,3.5137432795698924,1.625,0.875,0.9285714285714286,47.75,1.125,2.0,0.40737751831501834,0.644875,6.15375,5.847591402961731,1.625,1.125,0.75,55.125,1.375,0.40737751831501834,1.2173018085393368,2022-11-13,2022,0.4555061940266532,0.4578918176445112,SFO,8.0,4.0,0.5,9.5,76,9.5,76,-6.249999999999998,0.2260790085685015,-11.724999999999998,-0.7971367017322895,2.4121527777777776,1.9855987762237763,0.42655400155400147,4.596535411362982,22.0,176.0,29.0,18.375,147.0,23.0,NFC West,1,3.625,29,0.569047619047619,0.63575,7.67,4.453101067392031,1.5,0.875,0.8095238095238094,44.75,1.5,-3.0,0.4340715452847806,0.6753750000000001,6.3462499999999995,3.4298853570912393,1.0,1.0,0.5625,46.5,1.125,0.4340715452847806,-0.5965354113629822,2022,0.35312577807643675,0.24223632489909772,LAC vs. SFO,SFO,1511.0385860919473,11.0,LAC,1558.632032765992,9.0,1,6,-8.5,0,-357.0,302.0,0,0
LAC,11.0,6.0,0.5454545454545454,10.636363636363637,117,10.272727272727273,113,-6.918181818181818,-0.5787693706514859,-8.863636363636362,1.4066657561927003,2.1730027548209367,2.55188246097337,-0.37887970615243344,5.06455299680055,22.90909090909091,252.0,47.0,25.636363636363637,282.0,52.0,AFC West,1,-2.727272727272727,-30,0.5041414141414141,0.6747272727272727,6.586363636363637,3.648252688172043,1.7272727272727273,0.7272727272727273,0.95,40.18181818181818,1.0909090909090908,3.0,0.4242715617715618,0.6406363636363636,6.808181818181819,5.63368781501623,1.6363636363636365,1.0909090909090908,0.7727272727272727,51.45454545454545,1.3636363636363635,0.4242715617715618,0.9354470031994504,2022-12-04,2022,0.4358710249808658,0.4574764635288588,LVR,11.0,4.0,0.36363636363636365,9.545454545454545,105,9.545454545454545,105,-8.845454545454544,0.635411511504778,6.127272727272728,0.03602123163911639,2.531445322354413,2.6385674931129475,-0.10712217075853435,5.141983811844007,24.09090909090909,265.0,50.0,25.09090909090909,276.0,48.0,AFC West,2,-1.0,-11,0.3419047619047619,0.635090909090909,6.881818181818182,4.8624335703283075,1.6363636363636365,0.8181818181818182,0.9351851851851851,56.09090909090909,0.8181818181818182,-1.0,0.38912350275986635,0.721909090909091,8.110909090909091,4.263043290462646,1.7272727272727273,1.1818181818181819,0.725,45.36363636363637,0.7272727272727273,0.38912350275986635,-1.1419838118440069,2022,0.4267539475392204,0.3681253480792101,LAC vs. LVR,LVR,1500.0,1.0,LAC,1500.0,1.0,1,7,-2.5,1,-139.0,125.0,1,0
MIA,12.0,8.0,0.6666666666666666,10.0,120,10.0,120,-0.6000000000000002,-0.3149078226523875,-4.374999999999998,0.03973421514434816,2.707683982683983,2.4775541588041587,0.23012982387982395,6.407370289528977,24.916666666666668,299.0,50.0,24.083333333333332,289.0,48.0,AFC East,-1,0.8333333333333334,10,0.5108815426997245,0.6535833333333333,8.253333333333334,3.9121142361711416,2.0,0.75,0.775,50.0,1.25,-3.0,0.3794823232323232,0.6749999999999999,6.979166666666667,4.266756273967878,1.5833333333333333,1.0833333333333333,0.9545454545454546,47.916666666666664,1.0,0.3794823232323232,1.592629710471023,2022-12-11,2022,0.47196630939135503,0.4197543236823674,LAC,12.0,6.0,0.5,10.583333333333334,127,10.416666666666666,125,-7.449999999999999,-0.6100631552718835,-8.991666666666665,1.3797205072401983,2.1585858585858584,2.5267255892255895,-0.36813973063973066,5.3938761588769175,22.666666666666668,272.0,50.0,25.75,309.0,57.0,AFC West,-1,-3.0833333333333335,-37,0.4913682277318641,0.6681666666666667,6.63,3.616958903551646,1.6666666666666667,0.6666666666666666,0.9242424242424242,38.5,1.0833333333333333,4.0,0.414957264957265,0.6316666666666667,6.921666666666667,5.606742566063727,1.6666666666666667,1.0833333333333333,0.7638888888888888,48.416666666666664,1.4166666666666667,0.414957264957265,0.6061238411230825,2022,0.41358674019432684,0.44103270596267713,MIA vs. LAC,LAC,1454.5555224433176,15.0,MIA,1574.2331766097484,6.0,1,6,3.0,1,146.0,-163.0,0,0
TEN,13.0,7.0,0.5384615384615384,10.23076923076923,133,10.384615384615385,135,-16.71538461538461,-0.017210955464247737,-4.569230769230767,-0.708462180785592,1.8777195027195028,2.0859004243619625,-0.20818092164246013,6.543131598333862,18.53846153846154,241.0,41.0,21.23076923076923,276.0,49.0,AFC South,-3,-2.6923076923076925,-35,0.4651424963924964,0.6199230769230769,6.147692307692308,4.209811103359281,1.0769230769230769,0.9230769230769231,0.8796296296296295,53.84615384615385,1.1538461538461537,-2.0,0.36815588257895954,0.6579230769230769,7.254615384615385,3.518559878037937,1.9230769230769231,0.46153846153846156,0.9242424242424242,55.46153846153846,1.0,0.36815588257895954,0.45686840166613774,2022-12-18,2022,0.3191044560256285,0.34779860494680387,LAC,13.0,7.0,0.5384615384615384,10.538461538461538,137,10.307692307692308,134,-6.807692307692307,-0.6140432715985986,-11.176923076923076,1.320902253170519,2.1694638694638693,2.4776612276612275,-0.3081973581973582,6.065691188665588,22.692307692307693,295.0,55.0,25.076923076923077,326.0,59.0,AFC West,1,-2.3846153846153846,-31,0.505976430976431,0.6756153846153846,6.677692307692308,3.61297878722493,1.6153846153846154,0.6923076923076923,0.9305555555555555,38.61538461538461,1.0,4.0,0.4214990138067061,0.6105384615384615,6.7930769230769235,5.547924311994048,1.6153846153846154,1.0,0.782051282051282,48.53846153846154,1.3076923076923077,0.4214990138067061,0.9343088113344118,2022,0.43031273701481904,0.43807360497630904,TEN vs. LAC,LAC,1521.1281846994634,10.0,TEN,1467.2891389236954,10.0,1,3,-3.0,0,-158.0,142.0,0,0
LAR,15.0,5.0,0.3333333333333333,9.4,141,9.4,141,-19.52,-0.5719594263166774,-11.886666666666665,-0.2104900013295655,2.074680134680135,2.4419526769526767,-0.3672725422725423,5.7714822981172125,18.733333333333334,281.0,53.0,22.266666666666666,334.0,61.0,NFC West,1,-3.533333333333333,-53,0.4037634984063555,0.6576000000000001,5.3306666666666676,3.655062632506852,1.0666666666666667,0.8666666666666667,0.9285714285714286,39.86666666666667,1.4,-1.0,0.40997685321214733,0.6740666666666667,6.421333333333333,4.016532057493963,1.3333333333333333,0.6666666666666666,0.9166666666666666,43.46666666666667,1.3333333333333333,0.40997685321214733,-0.7714822981172125,2023-01-01,2022,0.3565538714892613,0.3815317162245154,LAC,15.0,9.0,0.6,10.6,159,10.333333333333334,155,-9.333333333333334,-0.6798015543397006,-16.673333333333332,1.2233306870563214,2.107979797979798,2.2521548821548825,-0.14417508417508415,7.667712299336232,22.133333333333333,332.0,62.0,22.866666666666667,343.0,62.0,AFC West,3,-0.7333333333333333,-11,0.49256378542092827,0.6816,6.468,3.5472205044838288,1.4,0.8666666666666667,0.9404761904761905,38.8,1.1333333333333333,4.0,0.4154415954415954,0.6143333333333333,6.1033333333333335,5.450352745879851,1.4,1.0,0.7444444444444444,46.93333333333333,1.4,0.4154415954415954,1.332287700663768,2022,0.42457100102354456,0.40886100535103387,LAR vs. LAC,LAC,1584.5747144131808,9.0,LAR,1349.7007369875737,26.0,1,21,-6.5,1,-283.0,244.0,0,0
LAR,3.0,2.0,0.6666666666666666,9.0,27,9.0,27,-13.099999999999996,-0.7640590958605661,-11.566666666666668,-0.39146650326797366,2.314814814814815,2.5925925925925926,-0.27777777777777773,1.4156242022460637,20.333333333333332,61.0,11.0,23.333333333333332,70.0,12.0,NFC West,2,-3.0,-9,0.25,0.7256666666666667,6.043333333333333,3.4629629629629632,1.3333333333333333,1.0,1.0,42.0,2.3333333333333335,0.0,0.47884615384615387,0.7103333333333334,6.063333333333333,3.835555555555555,1.6666666666666667,0.3333333333333333,0.8333333333333334,38.0,2.3333333333333335,0.47884615384615387,0.5843757977539363,2022-10-03,2022,0.4867670836455963,0.3828704885561387,SFO,3.0,1.0,0.3333333333333333,10.666666666666666,32,10.333333333333334,31,-24.766666666666666,0.30242317588486384,-27.2,-1.4577852895867593,1.511111111111111,1.207051282051282,0.30405982905982915,1.5838623401938812,15.666666666666666,47.0,9.0,12.333333333333334,37.0,5.0,NFC West,-1,3.3333333333333335,10,0.75,0.57,5.913333333333333,4.529445234708393,0.6666666666666666,1.0,0.8888888888888888,55.0,1.6666666666666667,-1.0,0.3235294117647059,0.617,4.543333333333333,2.7692367692367696,0.6666666666666666,0.6666666666666666,0.5,53.333333333333336,1.3333333333333333,0.3235294117647059,-0.5838623401938812,2022,0.22651290560682366,0.07613643332290962,LAR vs. SFO,SFO,1461.991893872262,16.0,LAR,1550.0,3.0,1,15,-1.0,1,-124.0,112.0,1,0
SFO,7.0,3.0,0.42857142857142855,9.714285714285714,68,9.857142857142858,69,-13.757142857142856,0.17279531012140023,-11.799999999999999,-0.6881054602430646,2.203174603174603,1.9835414585414586,0.21963314463314457,3.7284673667928057,20.714285714285715,145.0,24.0,19.0,133.0,21.0,NFC West,-2,1.7142857142857142,12,0.5805555555555556,0.6057142857142858,7.024285714285715,4.399817368944929,1.2857142857142858,0.8571428571428571,0.7777777777777777,50.0,1.7142857142857142,-3.0,0.4167166866746698,0.6765714285714285,6.442857142857143,3.5389165985804643,1.0,1.0,0.5625,46.0,1.2857142857142858,0.4167166866746698,-0.7284673667928057,2022-10-30,2022,0.31621172940540476,0.22919707100900846,LAR,6.0,3.0,0.5,9.666666666666666,58,9.166666666666666,55,-15.883333333333335,-0.907609542859289,-17.383333333333333,-0.1054627684407093,1.862962962962963,2.2925925925925927,-0.4296296296296296,2.5268673867114595,17.333333333333332,104.0,20.0,21.0,126.0,20.0,NFC West,1,-3.6666666666666665,-22,0.35666666666666663,0.7151666666666667,5.676666666666667,3.31941251596424,1.0,0.8333333333333334,0.9166666666666666,34.166666666666664,2.1666666666666665,-5.0,0.4371354952237305,0.6613333333333333,5.9383333333333335,4.1215592903828195,1.0,0.5,0.8333333333333334,35.166666666666664,1.3333333333333333,0.4371354952237305,0.4731326132885405,2022,0.372019115706238,0.33170500686597215,SFO vs. LAR,LAR,1550.0,3.0,SFO,1461.991893872262,16.0,0,-17,1.0,0,-106.0,-104.0,1,0
LAR,7.0,3.0,0.42857142857142855,9.285714285714286,65,9.0,63,-15.214285714285714,-1.0008589499017995,-8.285714285714283,-0.004815958992292225,1.8825396825396825,2.5186507936507936,-0.6361111111111111,2.658799342141283,16.857142857142858,118.0,22.0,22.428571428571427,157.0,25.0,NFC West,-1,-5.571428571428571,-39,0.3686507936507937,0.7082857142857143,5.675714285714285,3.2261631089217295,1.0,0.8571428571428571,0.9166666666666666,36.42857142857143,1.8571428571428572,-5.0,0.4625996552467141,0.6877142857142857,6.831428571428572,4.222206099831237,1.2857142857142858,0.5714285714285714,0.8571428571428571,31.285714285714285,1.1428571428571428,0.4625996552467141,0.341200657858717,2022-11-06,2022,0.35495915268767425,0.35947849534346465,TAM,8.0,3.0,0.375,10.125,81,10.375,83,-9.924999999999999,-1.523574464750935,-10.287499999999998,0.48124045563753953,1.7969696969696969,1.8606740481740482,-0.06370435120435122,4.093439348924969,18.25,146.0,31.0,18.875,151.0,26.0,NFC South,-3,-0.625,-5,0.5149659863945578,0.65325,6.6975,2.703447594072594,1.125,0.375,0.975,44.75,0.875,2.0,0.3444564932616403,0.647875,6.0375,4.708262514461069,1.625,0.625,0.7777777777777778,55.75,1.125,0.3444564932616403,-1.093439348924969,2022,0.3304064509001944,0.2312809893493235,LAR vs. TAM,TAM,1370.82628207461,17.0,LAR,1437.988734644003,16.0,1,3,-3.0,0,-158.0,142.0,0,0
LAR,9.0,3.0,0.3333333333333333,9.666666666666666,87,9.555555555555555,86,-17.022222222222226,-1.0363026037362577,-9.388888888888888,-0.32641731451034484,1.7734567901234568,2.3957027540360873,-0.6222459639126305,3.2886087840359406,16.444444444444443,148.0,28.0,22.22222222222222,200.0,34.0,NFC West,-3,-5.777777777777778,-52,0.3650297619047619,0.6794444444444445,5.56,3.190719455087271,1.0,0.7777777777777778,0.9375,37.44444444444444,1.6666666666666667,-7.0,0.41973239179121535,0.6819999999999999,6.593333333333333,3.900604744313184,1.2222222222222223,0.6666666666666666,0.8611111111111112,37.888888888888886,0.8888888888888888,0.41973239179121535,-0.2886087840359406,2022-11-20,2022,0.3115184598301324,0.3387432833886021,NOR,10.0,3.0,0.3,10.9,109,10.2,102,-13.030000000000001,0.3455126145354477,-10.26,0.3278017980451378,2.0754234654234653,2.404739704739705,-0.3293162393162393,4.093203550148535,22.2,222.0,40.0,24.7,247.0,45.0,NFC South,-2,-2.5,-25,0.4564814814814815,0.6502,6.381,4.572534673358977,1.6,0.9,0.7666666666666666,60.0,1.9,-12.0,0.40096158743217564,0.6104,6.869,4.554823856868667,1.1,1.1,0.9222222222222223,49.6,0.7,0.40096158743217564,-1.0932035501485347,2022,0.3268549155908795,0.34882925514050583,LAR vs. NOR,NOR,1346.5043056010902,23.0,LAR,1333.6748373595726,18.0,1,7,-2.5,1,-124.0,112.0,0,0
SEA,11.0,6.0,0.5454545454545454,10.181818181818182,112,10.636363636363637,117,4.41818181818182,0.3447580668091892,-7.218181818181819,0.6662094286528265,2.616058941058941,2.4202620611711523,0.19579687988778893,5.8285039862165,26.454545454545453,291.0,52.0,25.545454545454547,281.0,46.0,NFC West,-2,0.9090909090909091,10,0.3626587301587302,0.7257272727272727,7.719090909090909,4.571780125632718,1.7272727272727273,1.0909090909090908,0.9666666666666666,56.18181818181818,1.3636363636363635,4.0,0.40044017183054614,0.6616363636363637,6.994545454545454,4.893231487476355,1.6363636363636365,1.2727272727272727,0.787037037037037,55.09090909090909,1.7272727272727273,0.40044017183054614,0.1714960137835,2022-12-04,2022,0.471524182399953,0.3635499740746239,LAR,11.0,3.0,0.2727272727272727,9.636363636363637,106,9.545454545454545,105,-18.872727272727275,-0.7913251886439002,-5.609090909090907,-0.34773938923395414,1.7299357208448116,2.4682012432012432,-0.7382655223564314,3.712032692297553,16.181818181818183,178.0,34.0,23.0,253.0,45.0,NFC West,-5,-6.818181818181818,-75,0.40202380952380956,0.6608181818181819,5.334545454545455,3.435696870179629,1.0909090909090908,0.6363636363636364,0.95,37.90909090909091,1.5454545454545454,-7.0,0.41084997889810726,0.6879090909090909,6.990909090909091,3.8792826695895752,1.3636363636363635,0.6363636363636364,0.8863636363636364,34.63636363636363,0.9090909090909091,0.41084997889810726,-0.7120326922975528,2022,0.29999218564483976,0.3618688561442511,SEA vs. LAR,LAR,1276.9324538605986,29.0,SEA,1483.6986917276686,14.0,0,-4,7.0,1,252.0,-292.0,1,0
LVR,12.0,5.0,0.4166666666666667,9.75,117,9.583333333333334,115,-8.975,0.6727374496096031,4.508333333333334,-0.04650510317216464,2.5079915454915453,2.5853535353535353,-0.07736198986198982,5.812660649767639,24.333333333333332,292.0,55.0,24.666666666666668,296.0,51.0,AFC West,3,-0.3333333333333333,-4,0.3604092876820149,0.6265833333333334,6.989166666666667,4.8997595084331325,1.6666666666666667,0.8333333333333334,0.9083333333333334,52.666666666666664,0.9166666666666666,-2.0,0.38169654419654414,0.7114166666666667,8.0275,4.180516955651364,1.6666666666666667,1.0833333333333333,0.7196969696969696,43.25,0.75,0.38169654419654414,-0.812660649767639,2022-12-08,2022,0.43825047312163806,0.3764886281607612,LAR,12.0,3.0,0.25,9.75,117,9.5,114,-22.416666666666668,-0.6458150793406875,-3.974999999999998,-0.33010385412399446,1.7600168350168353,2.5125178062678066,-0.7525009712509713,4.118156675654033,16.75,201.0,39.0,23.333333333333332,280.0,50.0,NFC West,-6,-6.583333333333333,-79,0.4150629673356946,0.6505833333333334,5.075833333333333,3.5812069794828414,1.0,0.75,0.9545454545454546,38.0,1.5833333333333333,-7.0,0.4043902584343761,0.6904166666666667,7.184166666666666,3.8969182046995345,1.5,0.5833333333333334,0.8958333333333334,35.25,1.0,0.4043902584343761,-1.118156675654033,2022,0.30227342567627685,0.36117848407697245,LVR vs. LAR,LAR,1253.6108907051955,27.0,LVR,1490.6191673327196,18.0,1,1,6.5,1,245.0,-283.0,0,0
LAR,16.0,5.0,0.3125,9.3125,149,9.375,150,-19.88125,-0.40136237930989405,-9.881249999999998,-0.07442648072938984,2.0231376262626264,2.5046084124209127,-0.4814707861582862,5.835560780542818,18.1875,291.0,55.0,22.8125,365.0,66.0,NFC West,-1,-4.625,-74,0.4168459318459318,0.6526875,5.3625,3.825659679513635,1.0,0.875,0.9333333333333333,38.75,1.375,-2.0,0.4070805726136609,0.6803125,6.5825,4.1525955780941395,1.375,0.75,0.921875,41.9375,1.25,0.4070805726136609,-0.835560780542818,2023-01-08,2022,0.34985073702606756,0.38952207853507254,SEA,16.0,8.0,0.5,10.25,164,10.5625,169,0.30000000000000115,0.28341879461509045,-11.981250000000001,0.5709126497325314,2.3974041583416583,2.304649864024864,0.09275429431679427,8.10792932489904,24.25,388.0,71.0,24.0625,385.0,66.0,NFC West,1,0.1875,3,0.4118224368224368,0.7021875,7.25625,4.510440853438619,1.8125,0.75,0.961111111111111,52.125,1.3125,3.0,0.3843914459723283,0.63275,6.6125,4.797934708556061,1.4375,1.25,0.7678571428571429,48.9375,1.5,0.3843914459723283,-0.10792932489903961,2022,0.43000648549244214,0.36348989073841104,LAR vs. SEA,SEA,1483.6986917276686,14.0,LAR,1276.9324538605986,29.0,1,3,-5.5,0,-224.0,198.0,1,0
LVR,2.0,0.0,0.0,9.5,19,9.5,19,-18.299999999999997,0.13927830747683712,2.75,-0.44764417863919737,2.227777777777778,2.811111111111111,-0.5833333333333335,0.7310246371391151,21.0,42.0,9.0,26.5,53.0,7.0,AFC West,-2,-5.5,-11,0.0,0.6179999999999999,5.8149999999999995,4.366300366300366,2.0,0.0,1.0,39.5,2.0,-3.0,0.5,0.6990000000000001,7.485,3.779377880184332,2.0,1.0,0.5,70.5,0.5,0.5,-0.7310246371391151,2022-09-25,2022,0.3005467964670517,0.04954809315858405,TEN,2.0,0.0,0.0,11.5,23,10.5,21,-33.0,-0.957079038880509,15.850000000000001,1.5958946078431375,1.1515151515151516,3.0045454545454544,-1.853030303030303,0.48605372114392814,13.5,27.0,5.0,31.0,62.0,9.0,AFC South,-2,-17.5,-35,1.0,0.5529999999999999,4.99,3.26994301994302,1.0,0.5,0.6666666666666666,68.5,2.5,-3.0,0.303030303030303,0.73,8.51,5.822916666666666,3.0,0.5,1.0,47.0,1.0,0.303030303030303,-0.48605372114392814,2022,0.16455937813652954,0.11013134546915823,LVR vs. TEN,TEN,1414.0064999802885,26.0,LVR,1400.0,26.0,1,2,1.5,1,117.0,-130.0,0,0
LVR,6.0,2.0,0.3333333333333333,9.0,54,9.333333333333334,56,-8.816666666666665,1.0890757890725642,5.55,-0.057071085342868644,3.1251322751322754,2.7021885521885523,0.422943722943723,3.166546519716405,27.166666666666668,163.0,31.0,25.0,150.0,24.0,AFC West,1,2.1666666666666665,13,0.32333333333333336,0.6441666666666667,6.921666666666667,5.316097847896093,1.5,1.0,1.0,48.5,0.8333333333333334,-1.0,0.40740740740740744,0.6898333333333334,8.11,4.169950973480661,2.1666666666666665,0.8333333333333334,0.7333333333333333,60.333333333333336,0.6666666666666666,0.40740740740740744,-1.1665465197164049,2022-10-30,2022,0.46246005521231925,0.2738181057345425,NOR,7.0,2.0,0.2857142857142857,11.714285714285714,82,11.0,77,-12.414285714285715,0.9646941412131044,-2.9571428571428555,0.4699279437054379,2.187112887112887,2.6893106893106897,-0.5021978021978022,2.7813429583437004,25.0,175.0,31.0,28.571428571428573,200.0,36.0,NFC South,-2,-3.5714285714285716,-25,0.48333333333333334,0.6408571428571428,6.612857142857143,5.191716200036633,1.7142857142857142,1.1428571428571428,0.738095238095238,65.57142857142857,2.2857142857142856,-10.0,0.414793609751593,0.6241428571428571,7.695714285714286,4.6969500025289666,1.4285714285714286,1.0,0.9714285714285714,52.285714285714285,0.8571428571428571,0.414793609751593,-0.7813429583437004,2022,0.3358508158385806,0.34855594341303675,LVR vs. NOR,NOR,1367.389503805272,21.0,LVR,1448.240560996383,20.0,1,24,1.0,1,108.0,-119.0,0,0
LVR,10.0,3.0,0.3,9.2,92,9.3,93,-9.579999999999998,0.41415486853760886,6.32,0.179716865033207,2.476897546897547,2.619090909090909,-0.14219336219336215,4.546864408458031,22.5,225.0,43.0,24.2,242.0,42.0,AFC West,1,-1.7,-17,0.3132275132275132,0.6292,6.839,4.641176927361138,1.5,0.7,0.96875,56.7,0.7,-1.0,0.3708929958929959,0.7211000000000001,8.106,4.406738923856736,1.7,1.1,0.6944444444444444,48.9,0.6,0.3708929958929959,-1.5468644084580312,2022-11-27,2022,0.39509220699598335,0.33659322026318567,SEA,10.0,6.0,0.6,10.0,100,10.4,104,4.440000000000001,0.519327383720287,-7.790000000000001,0.4480325774004621,2.594331501831502,2.3545959595959594,0.2397355422355422,5.423623389602475,25.7,257.0,46.0,24.1,241.0,39.0,NFC West,-1,1.6,16,0.3696208112874779,0.7253000000000001,7.675,4.746349442543816,1.7,1.0,0.9629629629629629,60.8,1.3,4.0,0.4071508556802674,0.6584,6.962999999999999,4.675054636223991,1.5,1.2,0.8020833333333333,55.6,1.7,0.4071508556802674,0.5763766103975252,2022,0.4865133240782861,0.3591141228899072,LVR vs. SEA,SEA,1560.6616228053906,9.0,LVR,1351.1198718035923,21.0,0,-6,-4.0,0,-196.0,174.0,0,0
NWE,13.0,7.0,0.5384615384615384,10.615384615384615,138,10.692307692307692,139,-13.215384615384615,-0.1830431810003861,-22.423076923076923,-0.1320775979927804,1.9755439005439006,1.8333738910661987,0.14217000947770178,7.350159761590588,21.23076923076923,276.0,50.0,18.384615384615383,239.0,45.0,AFC East,1,2.8461538461538463,37,0.5638798701298701,0.6957692307692308,6.239230769230769,4.043978877823142,0.9230769230769231,0.8461538461538461,0.8030303030303031,51.53846153846154,1.3846153846153846,3.0,0.3507895097678379,0.5971538461538461,5.367692307692308,4.094944460830749,1.3076923076923077,0.46153846153846156,0.8888888888888888,35.07692307692308,1.6153846153846154,0.3507895097678379,-0.3501597615905876,2022-12-18,2022,0.3525596498999279,0.29011777018728474,LVR,13.0,5.0,0.38461538461538464,9.692307692307692,126,9.461538461538462,123,-13.138461538461538,0.6298409692038156,3.3230769230769233,-0.11983158227821367,2.4518212556674097,2.549941724941725,-0.09812046927431539,6.276802228695457,23.692307692307693,308.0,59.0,24.076923076923077,313.0,54.0,AFC West,-1,-0.38461538461538464,-5,0.3512085137085137,0.6206923076923077,6.632307692307692,4.856863028027345,1.5384615384615385,0.8461538461538461,0.9166666666666667,55.84615384615385,1.0,-3.0,0.38192107038260886,0.7050769230769232,7.917692307692308,4.107190476545315,1.6153846153846154,1.0769230769230769,0.7013888888888888,44.53846153846154,0.7692307692307693,0.38192107038260886,-1.2768022286954572,2022,0.42226414438764837,0.3621342586932116,NWE vs. LVR,LVR,1410.9729249920167,18.0,NWE,1565.3903331372328,10.0,1,6,-1.0,1,-129.0,117.0,0,0
LVR,14.0,6.0,0.42857142857142855,9.857142857142858,138,9.571428571428571,134,-13.314285714285713,0.5841644175124214,-0.3357142857142854,0.046619097968549524,2.455262594548309,2.523647186147186,-0.06838459159887726,6.906017132041824,24.142857142857142,338.0,63.0,24.071428571428573,337.0,58.0,AFC West,1,0.07142857142857142,1,0.3656125925356694,0.6139285714285715,6.583571428571429,4.81118647633595,1.6428571428571428,0.7857142857142857,0.9236111111111112,58.285714285714285,1.0,-3.0,0.38015119800834085,0.6846428571428572,7.61,4.2736411567920785,1.5,1.0714285714285714,0.7243589743589743,43.5,0.7857142857142857,0.38015119800834085,-0.906017132041824,2022-12-24,2022,0.42697770221602743,0.3739077858963615,PIT,14.0,6.0,0.42857142857142855,9.928571428571429,139,10.142857142857142,142,-21.835714285714285,-0.15369113244514998,-10.828571428571427,-0.2580243293161647,1.8865860330146045,2.1918109668109667,-0.3052249337963624,6.136667510001181,17.928571428571427,251.0,50.0,22.071428571428573,309.0,59.0,AFC North,1,-4.142857142857143,-58,0.49260056183133105,0.6538571428571428,5.167142857142857,4.07333092637838,0.6428571428571429,1.0,0.7916666666666667,43.785714285714285,1.2142857142857142,0.0,0.41643990929705216,0.6131428571428571,7.060714285714285,3.9689977295073646,1.7857142857142858,0.5,0.8589743589743589,43.0,1.2142857142857142,0.41643990929705216,-0.13666751000118094,2022,0.35620073201435815,0.38175886162471345,LVR vs. PIT,PIT,1509.9652217862629,18.0,LVR,1481.8391967435828,18.0,1,3,-2.5,1,-141.0,127.0,0,0
SFO,15.0,11.0,0.7333333333333333,9.8,147,10.0,150,0.7533333333333351,0.3524437783471051,-16.986666666666665,-0.7981951102674782,2.5757239057239056,1.5594910644910647,1.0162328412328412,10.608686073512976,25.0,375.0,64.0,15.333333333333334,230.0,39.0,NFC West,8,9.666666666666666,145,0.5455502830502831,0.6594666666666666,8.116,4.579465837170634,1.6666666666666667,1.0666666666666667,0.8205128205128205,43.266666666666666,1.0666666666666667,8.0,0.44151506388348494,0.656,5.83,3.4288269485560505,1.0666666666666667,0.6,0.625,48.86666666666667,1.6,0.44151506388348494,0.39131392648702423,2023-01-01,2022,0.44673201419282066,0.24944944139244177,LVR,15.0,6.0,0.4,9.866666666666667,148,9.533333333333333,143,-16.566666666666666,0.4669274243531827,-1.54,0.023438082577472694,2.3582450882450887,2.4517003367003367,-0.09345524845524841,7.255388560675148,23.2,348.0,65.0,23.333333333333332,350.0,61.0,AFC West,-1,-0.13333333333333333,-2,0.3701096522525094,0.6085333333333334,6.206666666666667,4.693949483176712,1.6,0.7333333333333333,0.9294871794871795,55.733333333333334,1.1333333333333333,-5.0,0.3881411181411181,0.6834666666666667,7.477333333333333,4.2504601414010015,1.4666666666666666,1.0,0.7083333333333333,42.93333333333333,0.8,0.3881411181411181,-1.255388560675148,2022,0.4024323169171691,0.36243417146797946,SFO vs. LVR,LVR,1435.8780382261252,22.0,SFO,1741.57981531288,5.0,0,-3,10.0,1,371.0,-453.0,0,0
MIA,4.0,3.0,0.75,9.25,37,8.5,34,0.9499999999999993,-0.7572056078689705,9.425,0.017674910873440752,2.6885281385281385,2.627876984126984,0.06065115440115437,2.2402683746469467,24.5,98.0,16.0,22.75,91.0,14.0,AFC East,-1,1.75,7,0.7777777777777778,0.6655,8.335,3.4698164509545584,2.25,0.5,0.875,33.0,1.0,0.0,0.40998376623376626,0.68675,9.02,4.244696969696969,2.0,0.5,0.8333333333333334,36.5,1.0,0.40998376623376626,0.7597316253530533,2022-10-09,2022,0.514565581119249,0.3870311967275202,NYJ,4.0,2.0,0.5,11.75,47,10.75,43,-24.049999999999997,-0.04910623732251462,-11.350000000000001,-0.6580299676540184,1.7222402597402597,2.409090909090909,-0.6868506493506494,1.3425518454585417,19.0,76.0,15.0,25.25,101.0,18.0,AFC East,1,-6.25,-25,0.4444444444444444,0.56975,5.445,4.177915821501014,1.75,0.25,0.875,64.25,2.25,-2.0,0.36626984126984125,0.66875,5.907500000000001,3.5689920911695108,1.75,1.25,0.9166666666666666,38.0,1.75,0.36626984126984125,0.6574481545414583,2022,0.3716049059474568,0.38275620221945494,MIA vs. NYJ,NYJ,1496.4134170088587,9.0,MIA,1573.9367190928192,2.0,1,23,3.0,1,146.0,-162.0,1,0
MIN,5.0,4.0,0.8,9.8,49,10.0,50,-12.220000000000002,0.18708937812661777,-3.8599999999999994,0.2316427404295056,2.358737373737374,2.04010101010101,0.31863636363636355,2.8100272642060995,23.0,115.0,21.0,20.4,102.0,18.0,NFC North,3,2.6,13,0.5833333333333333,0.6688000000000001,6.3100000000000005,4.414111436950146,1.4,1.2,0.5,33.0,1.2,1.0,0.4040781440781441,0.7088000000000001,7.878,4.458664799253034,0.8,1.6,0.5833333333333333,54.2,1.4,0.4040781440781441,1.1899727357939005,2022-10-16,2022,0.5305690916394772,0.37367803697716084,MIA,5.0,3.0,0.6,9.6,48,9.0,45,-8.080000000000002,-0.3973227442137284,6.480000000000001,-0.013082664884135032,2.4599134199134203,2.8295743145743146,-0.3696608946608947,2.3565700085795993,23.0,115.0,19.0,26.2,131.0,20.0,AFC East,-2,-3.2,-16,0.7083333333333334,0.6442,7.332000000000001,3.8296993146098,1.8,0.8,0.75,46.8,1.2,-2.0,0.4007142857142857,0.6828000000000001,8.995999999999999,4.213939393939394,1.6,1.4,0.875,50.2,0.8,0.4007142857142857,0.6434299914204007,2022,0.4467715409874484,0.4127493325707023,MIN vs. MIA,MIA,1512.9617542710116,7.0,MIN,1620.534884596398,2.0,0,-8,3.0,0,157.0,-175.0,0,0
PIT,6.0,2.0,0.3333333333333333,10.833333333333334,65,11.0,66,-23.98333333333333,-0.5698420667943578,-11.783333333333331,-0.003295875158197218,1.5272792022792023,2.2597643097643094,-0.7324851074851074,2.147149995211412,16.166666666666668,97.0,19.0,24.333333333333332,146.0,26.0,AFC North,1,-8.166666666666666,-49,0.43666666666666665,0.6315000000000001,4.766666666666667,3.657179992029171,0.6666666666666666,0.6666666666666666,0.7638888888888888,43.0,1.5,1.0,0.36851851851851847,0.6083333333333333,7.0,4.223726183665332,2.0,0.6666666666666666,0.7777777777777777,40.0,1.6666666666666667,0.36851851851851847,-0.14714999521141214,2022-10-23,2022,0.2851388463871364,0.31862146496086685,MIA,6.0,3.0,0.5,10.333333333333334,62,9.833333333333334,59,-9.083333333333334,-0.4272726299820285,5.650000000000001,0.049299985145573766,2.2404040404040404,2.6436928811928815,-0.4032888407888408,2.6332575764040964,21.833333333333332,131.0,22.0,25.833333333333332,155.0,24.0,AFC East,-3,-4.0,-24,0.7266666666666667,0.6431666666666667,7.298333333333335,3.799749428841501,1.8333333333333333,0.6666666666666666,0.6875,55.166666666666664,1.5,-5.0,0.381547619047619,0.6801666666666667,8.584999999999999,4.2763220439691025,1.6666666666666667,1.3333333333333333,0.9,45.166666666666664,0.6666666666666666,0.381547619047619,0.3667424235959036,2022,0.37652777773954266,0.36384694397260364,PIT vs. MIA,MIA,1477.9663384241612,9.0,PIT,1437.4542739033252,20.0,1,6,-7.5,0,-297.0,255.0,0,0
MIA,11.0,8.0,0.7272727272727273,9.818181818181818,108,9.818181818181818,108,2.736363636363636,-0.33426107390955645,-3.536363636363635,0.10409173737672205,2.8250491932310116,2.4527863550590823,0.3722628381719291,6.235439865353925,25.636363636363637,282.0,47.0,23.272727272727273,256.0,42.0,AFC East,5,2.3636363636363638,26,0.49833333333333335,0.6649090909090909,8.522727272727273,3.8927609849139726,2.0,0.8181818181818182,0.75,48.36363636363637,1.0,0.0,0.4139807162534435,0.6764545454545454,7.114545454545453,4.331113796200251,1.5454545454545454,1.1818181818181819,0.95,48.18181818181818,1.0,0.4139807162534435,1.764560134646075,2022-12-04,2022,0.5049952241821258,0.41591879263900267,SFO,11.0,7.0,0.6363636363636364,9.454545454545455,104,9.545454545454545,105,-2.790909090909089,0.17688640371981706,-16.618181818181817,-0.9286687963659883,2.447474747474747,1.667212333121424,0.7802624143533233,7.233914633712816,22.636363636363637,249.0,43.0,15.727272727272727,173.0,29.0,NFC West,4,6.909090909090909,76,0.5371969696969697,0.6507272727272727,7.881818181818182,4.403908462543346,1.5454545454545454,0.9090909090909091,0.8666666666666666,45.81818181818182,1.1818181818181819,1.0,0.44836855064127795,0.6593636363636364,5.935454545454545,3.2983532624575407,0.8181818181818182,0.8181818181818182,0.6071428571428571,43.0,1.2727272727272727,0.44836855064127795,-0.23391463371281596,2022,0.40466929261394136,0.24520906980288168,MIA vs. SFO,SFO,1625.9502243405204,7.0,MIA,1623.944538407991,4.0,1,16,-4.5,1,-222.0,196.0,0,0
MIA,15.0,8.0,0.5333333333333333,9.933333333333334,149,10.066666666666666,151,-4.313333333333333,0.030513384694280856,-3.759999999999998,-0.020441627355374158,2.618739778739779,2.5026493876493876,0.11609039109039113,7.526864070323691,24.333333333333332,365.0,62.0,24.666666666666668,370.0,64.0,AFC East,-4,-0.3333333333333333,-5,0.5226785119642262,0.6271333333333333,8.001333333333333,4.25753544351781,1.8666666666666667,0.7333333333333333,0.8012820512820512,50.86666666666667,1.2666666666666666,-5.0,0.36462481962481963,0.6748,7.038666666666667,4.206580431468155,1.6666666666666667,1.0,0.9642857142857143,47.06666666666667,0.9333333333333333,0.36462481962481963,0.47313592967630935,2023-01-01,2022,0.4292324061028775,0.40895395121381184,NWE,15.0,7.0,0.4666666666666667,10.6,159,10.8,162,-14.406666666666666,-0.03890703137680515,-20.540000000000003,-0.1941329947025807,1.9775925925925926,1.888924038924039,0.08866855366855365,8.104238986877279,21.2,318.0,56.0,19.4,291.0,53.0,AFC East,-2,1.8,27,0.5618185386042529,0.6733333333333333,6.181333333333333,4.188115027446724,0.9333333333333333,0.8,0.8194444444444445,52.13333333333333,1.3333333333333333,5.0,0.3450432161577673,0.6038666666666667,5.483333333333333,4.0328890641209485,1.5333333333333334,0.4,0.869047619047619,40.53333333333333,1.6666666666666667,0.3450432161577673,-1.104238986877279,2022,0.3262736338510995,0.2812655694220182,MIA vs. NWE,NWE,1500.0,1.0,MIA,1500.0,1.0,1,2,-3.0,0,-160.0,144.0,1,0
NYJ,16.0,7.0,0.4375,11.25,180,10.75,172,-24.21875,-0.030487682712787567,-20.31875,-0.11618557414340738,1.6862661643911643,1.8118079836829837,-0.12554181929181932,6.940849128191703,18.125,290.0,56.0,19.0625,305.0,59.0,AFC East,-5,-0.9375,-15,0.537041477041477,0.5758125,5.675625,4.196534376110741,0.9375,0.8125,0.8333333333333334,50.75,1.4375,-7.0,0.33648897568934333,0.6293124999999999,5.4325,4.110836484680122,0.9375,0.875,0.7635416666666667,41.25,1.0,0.33648897568934333,0.05915087180829737,2023-01-08,2022,0.31226126695182804,0.32285243511507616,MIA,16.0,8.0,0.5,10.0,160,10.0,160,-5.69375,-0.03650850645150819,-3.8624999999999985,-0.057162428131657644,2.5743867243867244,2.505956023143523,0.06843070124320129,7.973171122501728,24.125,386.0,65.0,24.5625,393.0,67.0,AFC East,-5,-0.4375,-7,0.5189443889443889,0.6254375,7.809375,4.190513552372021,1.875,0.75,0.744047619047619,52.125,1.3125,-7.0,0.35969291125541125,0.6705,7.001875,4.169859630691871,1.6875,0.9375,0.9666666666666667,46.5625,0.875,0.35969291125541125,0.02682887749827234,2022,0.40693120196772953,0.3932802870282751,NYJ vs. MIA,MIA,1573.9367190928192,2.0,NYJ,1496.4134170088587,9.0,1,5,-3.5,1,-200.0,178.0,1,0
MIN,1.0,1.0,1.0,10.0,10,9.0,9,17.799999999999997,0.272977941176471,-28.799999999999997,1.939644607843138,2.3,0.7777777777777778,1.5222222222222221,0.9437106492683359,23.0,23.0,5.0,7.0,7.0,1.0,NFC North,1,16.0,16,0.5,0.7190000000000001,9.66,4.5,2.0,0.0,1.0,20.0,0.0,2.0,0.3076923076923077,0.667,4.67,6.166666666666667,0.0,1.0,,10.0,2.0,0.3076923076923077,0.05628935073166408,2022-09-19,2022,0.5281446753658321,0.006254372303518231,PHI,1.0,1.0,1.0,9.0,9,10.0,10,-19.900000000000006,1.3114394796380093,-20.799999999999997,2.2372636554621854,4.222222222222222,3.5,0.7222222222222223,0.5485724076986533,38.0,38.0,5.0,35.0,35.0,5.0,NFC East,1,3.0,3,0.5,0.563,7.47,5.538461538461538,0.0,4.0,1.0,61.0,0.0,1.0,0.5882352941176471,0.568,5.41,6.464285714285714,2.0,3.0,,65.0,1.0,0.5882352941176471,0.45142759230134666,2022,0.8063486623896371,0.22571379615067333,MIN vs. PHI,PHI,1550.0,1.0,MIN,1550.0,1.0,1,17,-2.5,1,-141.0,127.0,0,0
MIN,3.0,2.0,0.6666666666666666,10.0,30,10.333333333333334,31,-13.433333333333335,0.7917658199643499,-14.133333333333331,0.7503822362278251,1.874410774410774,1.7259259259259256,0.14848484848484844,1.5852073669685334,19.333333333333332,58.0,10.0,18.333333333333332,55.0,9.0,NFC North,1,1.0,3,0.75,0.6303333333333333,6.206666666666667,5.018787878787879,1.6666666666666667,0.6666666666666666,0.5,20.0,1.3333333333333333,0.0,0.28774928774928776,0.7053333333333334,6.81,4.977404295051354,0.6666666666666666,1.6666666666666667,0.41666666666666663,43.0,1.3333333333333333,0.28774928774928776,0.41479263303146663,2022-10-02,2022,0.3794214036701629,0.23368960964820645,NOR,3.0,1.0,0.3333333333333333,12.666666666666666,38,11.666666666666666,35,-21.633333333333336,1.3614946875879541,-20.400000000000002,-0.1047243791404499,1.3653846153846156,1.9393939393939394,-0.5740093240093239,0.9396103102785553,17.0,51.0,9.0,22.666666666666668,68.0,13.0,NFC South,-2,-5.666666666666667,-17,0.5,0.637,5.673333333333333,5.588516746411483,1.3333333333333333,0.6666666666666666,0.5555555555555555,72.33333333333333,3.0,-6.0,0.3333333333333333,0.5383333333333333,6.453333333333333,4.122297679683079,0.6666666666666666,0.6666666666666666,0.9333333333333332,65.33333333333333,1.0,0.3333333333333333,0.06038968972144465,2022,0.2416097123464298,0.2550958663464646,MIN vs. NOR,NOR,1437.8712080630237,16.0,MIN,1552.0146061080266,3.0,0,-3,4.0,1,177.0,-199.0,0,0
MIN,7.0,6.0,0.8571428571428571,10.857142857142858,76,10.857142857142858,76,-8.485714285714288,0.43359361549756986,-5.814285714285712,-0.014339410006426372,2.3033367426224567,1.9300041228612659,0.37333261976119114,4.187139876706875,24.714285714285715,173.0,30.0,20.571428571428573,144.0,26.0,NFC North,5,4.142857142857143,29,0.5603174603174603,0.6682857142857143,6.424285714285714,4.660615674321099,1.5714285714285714,1.4285714285714286,0.5,38.714285714285715,1.0,6.0,0.37837083551369266,0.6981428571428572,7.512857142857143,4.212682648817102,1.2857142857142858,1.1428571428571428,0.6388888888888888,62.142857142857146,1.8571428571428572,0.37837083551369266,1.8128601232931247,2022-11-06,2022,0.496965796426304,0.38183150978500235,WAS,8.0,4.0,0.5,11.125,89,10.875,87,-16.9,-0.30979355790694746,-3.4750000000000014,0.37773946455329593,1.6164772727272727,1.9471008158508158,-0.3306235431235432,3.395123044028332,17.75,142.0,25.0,21.5,172.0,31.0,NFC East,3,-3.75,-30,0.4993197278911565,0.62975,5.7749999999999995,3.9172285009165817,1.625,0.5,0.8833333333333332,59.625,1.25,-4.0,0.34122938948306597,0.607375,7.6725,4.604761523376824,1.75,0.5,0.95,46.5,0.75,0.34122938948306597,0.604876955971668,2022,0.302137533566421,0.3387229678665542,MIN vs. WAS,WAS,1545.7136225046129,11.0,MIN,1680.8832285113322,2.0,0,-3,3.0,0,151.0,-169.0,0,0
NWE,10.0,6.0,0.6,10.8,108,11.0,110,-14.709999999999999,-0.23505098285490847,-28.27,0.014901508752212633,1.9516414141414142,1.6083860583860585,0.3432553557553557,6.026517931668348,21.3,213.0,38.0,16.9,169.0,33.0,AFC East,3,4.4,44,0.5451058201058201,0.7030000000000001,6.0,3.99197107596862,0.9,0.9,0.7916666666666666,47.3,1.7,0.0,0.373753635425462,0.5597000000000001,4.947,4.241923567575741,1.2,0.4,0.8888888888888888,34.1,1.7,0.373753635425462,-0.026517931668347927,2022-11-24,2022,0.35091881351537296,0.2692044620499495,MIN,10.0,8.0,0.8,10.8,108,11.0,110,-14.510000000000002,0.30736613245257705,-5.799999999999999,0.20417061016325766,2.102487234987235,2.1352886002886002,-0.03280136530136533,5.34064424435075,22.9,229.0,40.0,23.1,231.0,43.0,NFC North,-1,-0.2,-2,0.5865079365079365,0.6406000000000001,5.976999999999999,4.534388191276106,1.4,1.2,0.6666666666666666,43.6,1.1,7.0,0.35887696453872925,0.6964,7.4079999999999995,4.431192668986787,1.4,1.2,0.7592592592592592,56.4,1.8,0.35887696453872925,2.6593557556492504,2022,0.46886502798700924,0.4557748159026525,NWE vs. MIN,MIN,1673.8378844182828,2.0,NWE,1619.0892637328752,9.0,1,7,-2.5,1,-136.0,123.0,0,0
NYJ,11.0,7.0,0.6363636363636364,11.0,121,10.909090909090908,120,-18.772727272727273,0.20075181250526938,-23.781818181818185,-0.19898524109763305,1.9951856224583495,1.6766793812248357,0.31850624123351395,5.873213198642759,20.90909090909091,230.0,42.0,17.818181818181817,196.0,37.0,AFC East,1,3.090909090909091,34,0.5130663780663781,0.5902727272727273,6.093636363636364,4.427773871328799,1.1818181818181819,1.0,0.8333333333333333,56.09090909090909,1.1818181818181819,2.0,0.34219971947244676,0.6368181818181818,5.052727272727273,4.028036817725896,0.9090909090909091,0.9090909090909091,0.7272727272727273,43.54545454545455,1.3636363636363635,0.34219971947244676,1.126786801357241,2022-12-04,2022,0.38266344527197904,0.3118872057956197,MIN,11.0,9.0,0.8181818181818182,10.636363636363637,117,10.909090909090908,120,-11.82727272727273,0.08706821607394116,-3.6454545454545437,0.11602022766795539,2.244685365139911,2.177535091171455,0.06715027396845574,5.978260782120293,23.818181818181817,262.0,45.0,23.363636363636363,257.0,49.0,NFC North,1,0.45454545454545453,5,0.5878571428571429,0.6565454545454545,6.19,4.31409027489747,1.5454545454545454,1.0909090909090908,0.7,41.45454545454545,1.0909090909090908,6.0,0.37473663442914784,0.6983636363636364,7.676363636363636,4.343042286491484,1.4545454545454546,1.0909090909090908,0.7833333333333333,56.27272727272727,1.6363636363636365,0.37473663442914784,3.0217392178797073,2022,0.490270602023766,0.48338274369401946,NYJ vs. MIN,MIN,1716.023497939385,2.0,NYJ,1581.6578629759574,7.0,1,5,-3.0,1,-146.0,132.0,0,0
NYG,14.0,8.0,0.5714285714285714,10.214285714285714,143,10.285714285714286,144,-10.37857142857143,0.37089834556699486,-11.27857142857143,1.2740274170163393,2.082184482184482,2.2214826839826842,-0.1392982017982018,6.900982533710945,20.5,287.0,54.0,22.285714285714285,312.0,61.0,NFC East,1,-1.7857142857142858,-25,0.5090941110171879,0.6702857142857143,6.298571428571429,4.597920404390524,0.9285714285714286,1.2142857142857142,0.9166666666666667,48.42857142857143,0.9285714285714286,4.0,0.3662724180581324,0.6060714285714285,6.977142857142858,5.501049475839868,1.2142857142857142,1.0714285714285714,0.8392857142857143,51.07142857142857,1.2142857142857142,0.3662724180581324,1.0990174662890553,2022-12-24,2022,0.4072662053844201,0.4266071753192621,MIN,14.0,11.0,0.7857142857142857,11.142857142857142,156,11.285714285714286,158,-9.514285714285716,-0.1558622654154858,-5.664285714285713,0.1456119414707215,2.2580536526965096,2.246085263942407,0.011968388754102999,7.428222949757459,25.071428571428573,351.0,60.0,24.928571428571427,349.0,67.0,NFC North,1,0.14285714285714285,2,0.5568687722533876,0.6568571428571428,6.5249999999999995,4.071159793408043,1.7142857142857142,1.1428571428571428,0.7692307692307693,42.785714285714285,1.2142857142857142,4.0,0.3825311651467113,0.6774285714285714,7.497142857142857,4.3726340002942505,1.4285714285714286,1.0,0.8076923076923077,58.07142857142857,1.5,0.3825311651467113,3.5717770502425408,2022,0.482741127753916,0.5019480390444169,NYG vs. MIN,MIN,1682.2163449797597,2.0,NYG,1529.7244901594934,9.0,1,3,-4.5,0,-215.0,191.0,0,0
NYG,17.0,9.0,0.5294117647058824,10.117647058823529,172,10.117647058823529,172,-9.076470588235296,0.6187783923052559,-12.911764705882355,1.0726510406132117,2.216611819552996,2.191161616161616,0.02545020339137983,8.610891095771331,21.470588235294116,365.0,67.0,21.823529411764707,371.0,74.0,NFC East,-1,-0.35294117647058826,-6,0.5301940247252747,0.6744117647058824,6.388235294117647,4.845800451128785,1.0,1.2352941176470589,0.9345238095238095,48.64705882352941,0.9411764705882353,3.0,0.3680990578049401,0.6114117647058823,6.638823529411765,5.29967309943674,1.2352941176470589,0.9411764705882353,0.8382352941176471,48.1764705882353,1.1176470588235294,0.3680990578049401,0.38910890422866906,2023-01-15,2022,0.39845085382466516,0.4147722499702194,MIN,17.0,13.0,0.7647058823529411,11.058823529411764,188,11.058823529411764,188,-9.047058823529412,-0.09907003081566683,-8.952941176470588,0.3329724298323422,2.276834440069734,2.3225039666216136,-0.04566952655187947,8.978048640263388,24.941176470588236,424.0,74.0,25.11764705882353,427.0,79.0,NFC North,1,-0.17647058823529413,-3,0.5290555798368298,0.6694705882352942,6.59235294117647,4.127952028007861,1.7647058823529411,1.0588235294117647,0.7708333333333334,40.23529411764706,1.3529411764705883,2.0,0.398770352100802,0.6652352941176471,7.11529411764706,4.559994488655871,1.3529411764705883,1.0588235294117647,0.8333333333333334,54.470588235294116,1.4705882352941178,0.398770352100802,4.021951359736612,2022,0.4867410515082945,0.4949105623964933,NYG vs. MIN,MIN,1682.2163449797597,2.0,NYG,1529.7244901594934,9.0,1,3,-4.5,0,-215.0,191.0,0,0
NWE,1.0,0.0,0.0,8.0,8,7.0,7,-15.599999999999994,-0.6815675133689836,0.7999999999999972,-1.4009351023017897,0.875,2.857142857142857,-1.9821428571428572,0.07669816340274074,7.0,7.0,1.0,20.0,20.0,3.0,AFC East,-1,-13.0,-13,0.5,0.7,5.6,3.5454545454545454,1.0,0.0,,15.0,3.0,-3.0,0.4444444444444444,0.6970000000000001,7.94,2.8260869565217392,1.0,0.0,1.0,20.0,0.0,0.4444444444444444,-0.07669816340274074,2022-09-18,2022,0.11541272957465741,-0.032870641458317494,PIT,1.0,1.0,1.0,13.0,13,15.0,15,-22.0,-0.8179311497326198,-41.4,-0.3152573529411762,1.7692307692307692,1.3333333333333333,0.4358974358974359,0.5820600364363633,23.0,23.0,4.0,20.0,20.0,4.0,AFC North,1,3.0,3,0.5,0.5529999999999999,5.58,3.409090909090909,1.0,0.0,0.75,59.0,0.0,5.0,0.26666666666666666,0.623,3.0,3.911764705882353,2.0,0.0,0.6666666666666666,27.0,5.0,0.26666666666666666,0.4179399635636367,2022,0.4362892195580421,0.11145065695030312,NWE vs. PIT,PIT,1550.0,1.0,NWE,1450.0,16.0,0,-3,3.0,0,135.0,-150.0,0,0
NWE,7.0,3.0,0.42857142857142855,10.285714285714286,72,10.428571428571429,73,-15.357142857142858,0.04108141751173365,-19.62857142857143,0.47420133246197427,2.1105699855699855,2.02574013288299,0.0848298526869955,3.4387940179551464,22.142857142857142,155.0,26.0,20.857142857142858,146.0,28.0,AFC East,-1,1.2857142857142858,9,0.525,0.6892857142857143,6.24,4.268103476335263,1.0,1.2857142857142858,0.8,47.0,2.142857142857143,-2.0,0.40030557677616496,0.5975714285714285,5.951428571428572,4.701223391285503,1.4285714285714286,0.5714285714285714,1.0,38.57142857142857,1.8571428571428572,0.40030557677616496,-0.4387940179551464,2022-10-30,2022,0.33847491177215516,0.3047236154545125,NYJ,7.0,5.0,0.7142857142857143,11.571428571428571,81,11.285714285714286,79,-22.857142857142858,0.4422848175320289,-21.685714285714287,-0.4705650396936988,2.044743351886209,1.8144355644355645,0.23030778745064454,3.9358486678568845,22.714285714285715,159.0,29.0,19.571428571428573,137.0,25.0,AFC East,4,3.142857142857143,22,0.5027777777777778,0.5881428571428572,5.7457142857142856,4.669306876355558,1.0,1.2857142857142858,0.880952380952381,75.14285714285714,1.2857142857142858,2.0,0.3178313749742321,0.6254285714285714,5.145714285714286,3.75645701912983,1.1428571428571428,1.1428571428571428,0.738095238095238,47.142857142857146,1.5714285714285714,0.3178313749742321,1.0641513321431155,2022,0.4124521845364204,0.319355846841913,NWE vs. NYJ,NYJ,1628.824362533829,2.0,NWE,1449.2513730844796,11.0,0,-5,3.0,0,140.0,-155.0,1,0
NYJ,9.0,6.0,0.6666666666666666,11.222222222222221,101,11.11111111111111,100,-22.133333333333333,0.35106629598896366,-25.744444444444447,-0.21353290966075555,2.0255411255411255,1.8248079081412416,0.20073321739988403,4.882786649475598,21.77777777777778,196.0,36.0,19.555555555555557,176.0,34.0,AFC East,1,2.2222222222222223,20,0.537797619047619,0.5916666666666667,5.815555555555556,4.578088354812492,1.1111111111111112,1.1111111111111112,0.8518518518518519,66.33333333333333,1.4444444444444444,1.0,0.32961976295309625,0.6214444444444445,4.738888888888889,4.0134891491627736,1.0,1.1111111111111112,0.7407407407407407,46.0,1.5555555555555556,0.32961976295309625,1.117213350524402,2022-11-20,2022,0.4006817168524516,0.3444280599086997,NWE,9.0,5.0,0.5555555555555556,10.777777777777779,97,11.0,99,-16.03333333333333,-0.2145755641575404,-25.711111111111112,0.2012021950045897,2.0674803591470257,1.7567925901259234,0.3106877690211023,5.081022963261114,22.555555555555557,203.0,37.0,18.444444444444443,166.0,32.0,AFC East,2,4.111111111111111,37,0.5299107142857142,0.6864444444444444,5.852222222222222,4.012446494665989,1.0,1.0,0.8571428571428571,46.44444444444444,1.8888888888888888,0.0,0.38565218750977265,0.5764444444444444,5.274444444444445,4.428224253828119,1.3333333333333333,0.4444444444444444,0.875,36.22222222222222,1.8888888888888888,0.38565218750977265,-0.08102296326111436,2022,0.37800933603589776,0.28440770502316987,NYJ vs. NWE,NWE,1449.2513730844796,11.0,NYJ,1628.824362533829,2.0,1,7,-3.5,1,-182.0,163.0,1,0
TAM,1.0,1.0,1.0,10.0,10,10.0,10,-15.400000000000006,0.3790385472370774,-49.0,-0.28257761437908435,1.9,0.3,1.5999999999999999,0.9875635510335914,19.0,19.0,5.0,3.0,3.0,1.0,NFC South,1,16.0,16,0.5,0.667,6.3,4.606060606060606,1.0,0.0,0.8,25.0,1.0,0.0,0.35714285714285715,0.5,3.05,3.9444444444444446,0.0,0.0,1.0,73.0,1.0,0.35714285714285715,0.012436448966408609,2022-09-18,2022,0.5062182244832043,0.0012436448966408609,NOR,1.0,1.0,1.0,12.0,12,13.0,13,6.700000000000003,3.720346362229103,-20.299999999999997,1.0624516253869984,2.25,2.0,0.25,0.522346248198145,27.0,27.0,5.0,26.0,26.0,6.0,NFC South,1,1.0,1,0.5,0.6759999999999999,8.06,7.947368421052632,2.0,1.0,0.6666666666666666,99.0,1.0,1.0,0.3076923076923077,0.606,6.52,5.289473684210527,0.0,2.0,0.8,55.0,2.0,0.3076923076923077,0.477653751801855,2022,0.615689063250773,0.22045557775470231,TAM vs. NOR,NOR,1550.0,1.0,TAM,1550.0,1.0,0,-10,2.5,0,124.0,-138.0,1,0
SEA,4.0,2.0,0.5,8.25,33,9.5,38,2.6999999999999975,0.41352941868447046,3.9499999999999993,1.0040263282732453,2.798115079365079,2.985921717171717,-0.18780663780663798,1.5193381824178933,23.75,95.0,15.0,28.75,115.0,21.0,NFC West,1,-5.0,-20,0.1111111111111111,0.77225,7.385,4.640551477508,1.5,0.75,0.8888888888888888,76.5,1.5,0.0,0.5276451489686784,0.66,9.045,5.2310483870967746,1.75,1.5,0.8541666666666666,51.5,1.5,0.5276451489686784,0.4806618175821067,2022-10-09,2022,0.5091661156343302,0.48088090900805425,NOR,4.0,1.0,0.25,12.25,49,11.5,46,-14.4,0.992143278762861,-19.400000000000002,-0.3252987990612196,1.5922202797202798,2.090909090909091,-0.4986888111888111,1.3728638403796207,19.0,76.0,13.0,24.0,96.0,20.0,NFC South,-3,-5.0,-20,0.5555555555555555,0.65625,6.46,5.21916533758639,1.25,1.0,0.5416666666666666,79.75,2.75,-7.0,0.35000000000000003,0.5705,6.365,3.9017232597623095,0.75,0.75,0.95,57.75,1.0,0.35000000000000003,-0.3728638403796207,2022,0.2405753575258415,0.28555827821960644,SEA vs. NOR,NOR,1403.7312228449257,24.0,SEA,1479.329731049671,9.0,1,7,-5.5,1,-229.0,201.0,0,0
NOR,9.0,3.0,0.3333333333333333,11.0,99,10.333333333333334,93,-9.833333333333334,0.6387572078716304,-8.577777777777776,0.2731698234853256,2.1949149615816284,2.4250194250194252,-0.23010446343779675,3.9311135309039313,23.555555555555557,212.0,38.0,25.22222222222222,227.0,41.0,NFC South,-1,-1.6666666666666667,-15,0.4822916666666667,0.655,6.7444444444444445,4.86577926669516,1.6666666666666667,1.0,0.7407407407407407,58.44444444444444,1.8888888888888888,-10.0,0.41773509714686186,0.6115555555555555,7.032222222222222,4.5001918823088545,1.2222222222222223,1.0,0.975,50.666666666666664,0.7777777777777778,0.41773509714686186,-0.9311135309039313,2022-11-13,2022,0.3441275935192487,0.3462656454395924,PIT,8.0,2.0,0.25,10.625,85,10.75,86,-25.75,-0.21783271697556367,-5.062499999999999,0.14841146781435866,1.4396513209013209,2.3627525252525254,-0.9231012043512044,2.481577927450466,15.0,120.0,24.0,24.625,197.0,35.0,AFC North,-2,-9.625,-77,0.5261904761904762,0.648875,4.36375,4.009189341847965,0.75,0.5,0.8229166666666666,44.75,1.75,-4.0,0.32251984126984123,0.614625,7.795,4.375433526637888,2.125,0.625,0.8095238095238094,41.25,1.25,0.32251984126984123,-0.4815779274504659,2022,0.26535607314880705,0.33160577403958386,NOR vs. PIT,PIT,1381.3002356411007,26.0,NOR,1399.057568378103,17.0,1,10,-1.0,1,-116.0,105.0,0,0
NOR,11.0,4.0,0.36363636363636365,10.818181818181818,119,10.272727272727273,113,-8.445454545454545,0.2631609775634195,-9.19090909090909,0.3622117504510166,2.1322031503849685,2.3514162605071696,-0.21921311012220102,4.763880388072168,22.636363636363637,249.0,45.0,24.272727272727273,267.0,49.0,NFC South,1,-1.6363636363636365,-18,0.44416666666666665,0.6625454545454545,6.759090909090909,4.490183036386949,1.7272727272727273,0.8181818181818182,0.7878787878787878,55.90909090909091,1.7272727272727273,-12.0,0.3975683852689201,0.6068181818181818,6.984545454545454,4.589233809274545,1.1818181818181819,1.0,0.93,50.09090909090909,0.6363636363636364,0.3975683852689201,-0.7638803880721676,2022-11-27,2022,0.35189104853839,0.3640948197783297,SFO,10.0,6.0,0.6,9.6,96,9.7,97,-2.5199999999999974,0.286242767215531,-16.22,-0.8851971064838707,2.529722222222222,1.8339335664335663,0.6957886557886558,6.23620002509959,23.6,236.0,40.0,17.3,173.0,29.0,NFC West,3,6.3,63,0.5564814814814815,0.6455,8.019,4.51326482603906,1.6,1.0,0.8518518518518517,44.0,1.3,-1.0,0.45474386724386723,0.6653,5.872,3.341824952339658,0.9,0.9,0.7083333333333334,42.7,1.2,0.45474386724386723,-0.23620002509959015,2022,0.4068249989541838,0.26201051471351744,NOR vs. SFO,SFO,1602.7664597297746,9.0,NOR,1394.658835422015,17.0,1,13,-9.5,1,-392.0,327.0,0,0
NOR,12.0,4.0,0.3333333333333333,10.583333333333334,127,10.083333333333334,121,-9.458333333333334,0.1276154215008708,-8.883333333333333,0.25563766864365506,1.9545195545195544,2.290881572131572,-0.3363620176120176,4.763880388072168,20.75,249.0,45.0,23.333333333333332,280.0,52.0,NFC South,-1,-2.5833333333333335,-31,0.45833333333333326,0.6573333333333333,6.743333333333333,4.3546374803244,1.5833333333333333,0.75,0.7222222222222222,55.083333333333336,1.75,-14.0,0.3947407167995403,0.6148333333333333,6.945,4.482659727467184,1.1666666666666667,0.9166666666666666,0.9363636363636364,51.25,0.5833333333333334,0.3947407167995403,-0.7638803880721676,2022-12-05,2022,0.3317751853915698,0.3665827960194541,TAM,11.0,5.0,0.45454545454545453,10.363636363636363,114,10.727272727272727,118,-10.072727272727272,-1.2600519077624688,-11.236363636363636,0.21333896518991932,1.7861994066539522,1.7626691490327853,0.02353025762116673,5.697992702849175,18.181818181818183,200.0,41.0,18.454545454545453,203.0,36.0,NFC South,-1,-0.2727272727272727,-3,0.5,0.6594545454545454,6.527272727272727,2.9669701510610604,1.2727272727272727,0.36363636363636365,0.8681818181818183,47.54545454545455,0.8181818181818182,2.0,0.3743233370907168,0.6348181818181818,6.081818181818181,4.440361024013448,1.5454545454545454,0.6363636363636364,0.7962962962962963,53.36363636363637,1.0,0.3743233370907168,-0.6979927028491746,2022,0.3368279897792535,0.2579909573940137,NOR vs. TAM,TAM,1550.0,1.0,NOR,1550.0,1.0,1,1,-3.5,0,-190.0,169.0,1,0
NOR,15.0,6.0,0.4,10.4,156,10.066666666666666,151,-7.753333333333334,-0.04473791669573357,-14.626666666666665,0.25044810625730723,1.939171199171199,2.1327052577052577,-0.1935340585340585,6.596964529044372,20.2,303.0,55.0,21.666666666666668,325.0,60.0,NFC South,2,-1.4666666666666666,-22,0.45067135245706674,0.6552666666666667,7.144,4.182284142127796,1.5333333333333334,0.7333333333333333,0.7619047619047619,53.733333333333334,1.5333333333333334,-12.0,0.4010162386632975,0.6019333333333333,6.287999999999999,4.477470165080836,1.0666666666666667,0.9333333333333333,0.9500000000000001,48.6,0.7333333333333333,0.4010162386632975,-0.5969645290443717,2023-01-01,2022,0.33853288500109385,0.3550472972438577,PHI,15.0,13.0,0.8666666666666667,9.8,147,10.133333333333333,152,0.16666666666666713,0.3411492766329786,-20.08,0.5152002012243437,3.0475420875420878,2.0365656565656565,1.010976430976431,10.397663949077641,29.666666666666668,445.0,71.0,20.533333333333335,308.0,53.0,NFC East,-1,9.133333333333333,137,0.519147915576487,0.6658000000000001,8.056666666666667,4.568171335456507,1.6,2.066666666666667,0.8333333333333334,40.2,1.1333333333333333,9.0,0.4818166963755199,0.6231333333333333,5.1433333333333335,4.742222260047872,1.4,0.8666666666666667,0.8611111111111112,47.46666666666667,1.7333333333333334,0.4818166963755199,2.602336050922359,2022,0.566787237920856,0.3859314959205636,NOR vs. PHI,PHI,1697.2561846407616,1.0,NOR,1454.915873390592,22.0,0,-10,-5.5,0,-225.0,198.0,0,0
NYG,7.0,6.0,0.8571428571428571,9.714285714285714,68,10.0,70,-15.142857142857142,0.9092946620899659,-16.15714285714286,1.587440406764713,2.284632034632035,1.9312049062049061,0.3534271284271284,4.094253183726971,21.428571428571427,150.0,30.0,18.571428571428573,130.0,28.0,NFC East,4,2.857142857142857,20,0.47500000000000003,0.668,5.708571428571429,5.136316720913494,0.8571428571428571,1.2857142857142858,0.9027777777777777,53.42857142857143,0.8571428571428571,3.0,0.3971552257266543,0.5625714285714285,6.8185714285714285,5.8144624655882415,1.0,0.5714285714285714,0.869047619047619,59.285714285714285,1.2857142857142858,0.3971552257266543,1.9057468162730293,2022-10-30,2022,0.5612865640508212,0.4517569609298874,SEA,7.0,4.0,0.5714285714285714,9.857142857142858,69,10.428571428571429,73,3.785714285714287,0.99450955777568,-5.171428571428573,0.7010089923066005,2.68793389150532,2.561219336219336,0.12671455528598377,3.514036079941946,26.142857142857142,183.0,33.0,26.571428571428573,186.0,31.0,NFC West,2,-0.42857142857142855,-3,0.27499999999999997,0.7307142857142858,7.684285714285714,5.221531616599209,1.5714285714285714,1.0,0.9444444444444443,71.85714285714286,1.4285714285714286,2.0,0.4375659354650951,0.6555714285714286,7.545714285714285,4.928031051130129,1.5714285714285714,1.4285714285714286,0.9027777777777777,55.142857142857146,1.7142857142857142,0.4375659354650951,0.4859639200580541,2022,0.5114633734201155,0.39347334935772926,NYG vs. SEA,SEA,1539.882418074532,6.0,NYG,1685.7091576618648,1.0,1,14,-3.0,1,-164.0,147.0,0,0
WAS,12.0,7.0,0.5833333333333334,10.5,126,10.583333333333334,127,-19.341666666666665,-0.2613310382333118,-11.466666666666669,0.03586689302016414,1.896864478114478,1.8282860657860658,0.06857841232841227,6.119586850324117,19.416666666666668,233.0,42.0,19.666666666666668,236.0,43.0,NFC East,3,-0.25,-3,0.5380034107306835,0.6104166666666667,5.663333333333333,3.965691020590217,1.4166666666666667,0.5833333333333334,0.9351851851851851,52.083333333333336,1.1666666666666667,0.0,0.35405829872741634,0.6041666666666666,6.691666666666666,4.262888951843693,1.5833333333333333,0.5,0.9270833333333334,43.666666666666664,1.1666666666666667,0.35405829872741634,0.8804131496758831,2022-12-04,2022,0.3577892541576634,0.33520850750397835,NYG,11.0,7.0,0.6363636363636364,10.090909090909092,111,10.181818181818182,112,-11.92727272727273,0.36502815282501655,-14.190909090909093,1.0597674312182492,2.1011019283746557,2.130371900826446,-0.02926997245179066,5.494574207922847,20.454545454545453,225.0,44.0,21.09090909090909,232.0,46.0,NFC East,-2,-0.6363636363636364,-7,0.4579761904761904,0.6548181818181819,6.340909090909091,4.592050211648545,0.9090909090909091,1.2727272727272727,0.9351851851851851,52.72727272727273,1.0,3.0,0.39203902158447607,0.5966363636363636,6.8109090909090915,5.286789490041778,1.0909090909090908,1.0,0.8257575757575757,55.54545454545455,1.2727272727272727,0.39203902158447607,1.505425792077153,2022,0.45064597448926674,0.42958570327560797,WAS vs. NYG,NYG,1516.11975087847,7.0,WAS,1638.135444481068,13.0,0,0,2.5,1,113.0,-124.0,1,0
PHI,12.0,11.0,0.9166666666666666,9.666666666666666,116,10.0,120,4.075,0.27025630078710217,-27.458333333333332,0.5284215368456308,2.9367003367003366,1.8941919191919192,1.0425084175084176,8.499561645975906,28.166666666666668,338.0,54.0,18.833333333333332,226.0,39.0,NFC East,3,9.333333333333334,112,0.5217893217893218,0.67625,8.339166666666666,4.497278359610632,1.6666666666666667,1.9166666666666667,0.8333333333333334,46.583333333333336,0.8333333333333334,13.0,0.46232227739580684,0.60175,4.598333333333334,4.75544359566916,1.1666666666666667,0.8333333333333334,0.84375,51.0,1.9166666666666667,0.46232227739580684,2.5004383540240944,2022-12-11,2022,0.5625170051130036,0.3656368720881526,NYG,12.0,7.0,0.5833333333333334,10.333333333333334,124,10.333333333333334,124,-10.775,0.35457952407652665,-13.158333333333337,1.0011460848258789,2.054215229215229,2.091729797979798,-0.03751456876456879,5.994574207922847,20.416666666666668,245.0,48.0,21.0,252.0,50.0,NFC East,0,-0.5833333333333334,-7,0.4693722943722944,0.6674166666666667,6.355833333333333,4.581601582900055,0.9166666666666666,1.25,0.9083333333333334,51.166666666666664,1.0,3.0,0.3850101287601288,0.6018333333333333,6.825,5.228168143649408,1.1666666666666667,0.9166666666666666,0.8125,55.5,1.25,0.3850101287601288,1.005425792077153,2022,0.41952986426055333,0.40340812473377524,PHI vs. NYG,NYG,1482.9912478812262,10.0,PHI,1745.0448574402624,1.0,0,-26,7.5,0,260.0,-302.0,1,0
NYG,13.0,7.0,0.5384615384615384,10.384615384615385,135,10.307692307692308,134,-9.453846153846154,0.3963794023149839,-11.77692307692308,1.2267708678205893,2.0500448269679037,2.3000582750582748,-0.2500134480903712,6.130567404781504,20.53846153846154,267.0,51.0,23.076923076923077,300.0,58.0,NFC East,-1,-2.5384615384615383,-33,0.5066468253968254,0.6713846153846154,6.398461538461539,4.623401461138513,1.0,1.2307692307692308,0.9083333333333334,49.84615384615385,1.0,2.0,0.37906260406260406,0.6076153846153847,6.856153846153846,5.453792926644118,1.2307692307692308,1.1538461538461537,0.8269230769230769,51.92307692307692,1.1538461538461537,0.37906260406260406,0.8694325952184956,2022-12-18,2022,0.40304334037387074,0.4284885709085377,WAS,13.0,7.0,0.5384615384615384,10.615384615384615,138,10.76923076923077,140,-17.99230769230769,-0.21382009109922595,-10.438461538461537,0.05154210185270058,1.8791569541569542,1.8059918713764869,0.07316508278046735,6.619586850324117,19.46153846153846,253.0,46.0,19.692307692307693,256.0,47.0,NFC East,0,-0.23076923076923078,-3,0.5462000962000962,0.6141538461538462,5.764615384615384,4.013201967724303,1.4615384615384615,0.5384615384615384,0.9083333333333334,52.30769230769231,1.1538461538461537,0.0,0.34330656146267,0.6196923076923078,6.678461538461538,4.27856416067623,1.5384615384615385,0.5384615384615384,0.8981481481481483,42.92307692307692,1.1538461538461537,0.34330656146267,0.38041314967588313,2022,0.3430875166583559,0.31971396595316837,NYG vs. WAS,WAS,1638.135444481068,13.0,NYG,1516.11975087847,7.0,0,-8,-4.5,0,-203.0,180.0,1,0
NYG,16.0,9.0,0.5625,10.125,162,10.1875,163,-8.05,0.5377123490722334,-11.368750000000002,1.1557188446221256,2.255150058275058,2.1753314393939394,0.07981861888111885,8.291100725782957,21.8125,349.0,64.0,21.8125,349.0,68.0,NFC East,1,0.0,0,0.5113736263736264,0.680625,6.51375,4.764734407895762,1.0,1.25,0.9294871794871795,47.5625,1.0,2.0,0.37324810606060604,0.6139375,6.764375,5.382740903445654,1.3125,0.9375,0.828125,49.3125,1.125,0.37324810606060604,0.7088992742170426,2023-01-08,2022,0.4125654141781986,0.409587864511794,PHI,16.0,13.0,0.8125,9.875,158,10.125,162,-1.1937499999999992,0.3348052348336136,-20.0,0.4491684528284945,2.9138888888888888,2.034280303030303,0.8796085858585859,10.559753968322244,28.4375,455.0,73.0,20.5,328.0,56.0,NFC East,-2,7.9375,127,0.5112047212047213,0.659375,7.984999999999999,4.561827293657142,1.5625,1.9375,0.8461538461538461,40.75,1.125,9.0,0.46732815285204987,0.63625,5.18375,4.676190511652024,1.3125,0.875,0.875,45.75,1.6875,0.46732815285204987,2.4402460316777557,2022,0.5324912817691757,0.37679543895600087,NYG vs. PHI,PHI,1745.0448574402624,1.0,NYG,1482.9912478812262,10.0,1,6,-16.5,0,-1252.0,858.0,1,0
NYG,1.0,10.0,10.0,9.944444444444445,179,10.0,180,-7.866666666666668,0.6125302190943974,-11.550000000000002,0.9900303128667262,2.3394984644984644,2.2360970819304153,0.10340138256804922,9.258047267338025,22.0,396.0,72.0,21.944444444444443,395.0,78.0,NFC East,1,0.05555555555555555,1,0.5439888398798434,0.6750555555555555,6.555555555555555,4.839552277917926,1.0555555555555556,1.2777777777777777,0.9388888888888889,48.44444444444444,0.8888888888888888,3.0,0.37756364006364,0.6218888888888888,6.702222222222222,5.217052371690254,1.2777777777777777,0.9444444444444444,0.8472222222222222,46.166666666666664,1.0555555555555556,0.37756364006364,0.741952732661975,2023-01-21,2022,0.7006737248696213,0.3215128508201892,PHI,17.0,14.0,0.8235294117647058,9.823529411764707,167,10.117647058823529,172,-3.335294117647058,0.30002646669461214,-20.323529411764707,0.5354429605464428,2.8862745098039215,2.00873440285205,0.8775401069518717,11.23996359833387,28.058823529411764,477.0,79.0,20.235294117647058,344.0,59.0,NFC East,1,7.823529411764706,133,0.5144106761294261,0.6541764705882354,7.787647058823529,4.527048525518141,1.4705882352941178,1.8823529411764706,0.8571428571428571,40.11764705882353,1.1176470588235294,8.0,0.4608466648691562,0.6326470588235295,5.1364705882352935,4.762465019369972,1.2941176470588236,0.8823529411764706,0.8863636363636364,46.94117647058823,1.588235294117647,0.4608466648691562,2.760036401666129,2022,0.5498565958899698,0.3785369862169294,NYG vs. PHI,PHI,1745.0448574402624,1.0,NYG,1482.9912478812262,10.0,1,6,-16.5,0,-1252.0,858.0,1,0
NYJ,3.0,1.0,0.3333333333333333,12.0,36,10.333333333333334,31,-21.566666666666663,0.21709558823529473,3.0333333333333314,-0.7479358297372999,1.569047619047619,2.6565656565656566,-1.0875180375180376,0.7361763293138821,17.333333333333332,52.0,11.0,27.0,81.0,14.0,AFC East,-1,-9.666666666666666,-29,0.5,0.5883333333333333,5.456666666666667,4.444117647058824,1.6666666666666667,0.0,0.8333333333333334,64.33333333333333,2.3333333333333335,-4.0,0.355026455026455,0.6736666666666666,7.903333333333333,3.479086229086229,2.3333333333333335,1.0,0.8888888888888888,32.333333333333336,1.0,0.355026455026455,0.2638236706861179,2022-10-02,2022,0.3324264849772898,0.34079066010328657,PIT,3.0,1.0,0.3333333333333333,10.666666666666666,32,11.333333333333334,34,-23.166666666666668,-0.13611296791443758,-18.033333333333335,-0.08976715686274472,1.674928774928775,2.0407407407407407,-0.3658119658119658,1.1889916109013805,18.0,54.0,10.0,22.0,66.0,11.0,AFC North,-2,-4.0,-12,0.25,0.6046666666666667,5.2700000000000005,4.090909090909091,0.6666666666666666,0.6666666666666666,0.75,34.666666666666664,1.0,3.0,0.30370370370370364,0.6333333333333333,5.796666666666667,4.137254901960785,1.6666666666666667,0.6666666666666666,0.7222222222222222,35.333333333333336,2.0,0.30370370370370364,-0.1889916109013805,2022,0.29281337386443956,0.19530482627534132,NYJ vs. PIT,PIT,1435.9935000197115,16.0,NYJ,1448.1642063695244,16.0,0,-4,-3.0,0,-161.0,145.0,0,0
NYJ,15.0,7.0,0.4666666666666667,11.266666666666667,169,10.733333333333333,161,-22.106666666666666,-0.044836371364228356,-21.546666666666667,-0.1894982295506975,1.7623202723202724,1.7932012432012432,-0.03088097088097091,6.901101705481515,18.933333333333334,284.0,54.0,18.8,282.0,54.0,AFC East,-4,0.13333333333333333,2,0.5420682492111063,0.5808666666666666,5.8886666666666665,4.182185687459301,1.0,0.8666666666666667,0.8444444444444444,53.46666666666667,1.3333333333333333,-4.0,0.3384087535558124,0.6298666666666667,5.362666666666667,4.037523829272831,0.8666666666666667,0.9333333333333333,0.7644444444444445,42.333333333333336,1.0666666666666667,0.3384087535558124,0.09889829451848531,2023-01-01,2022,0.3216333364512814,0.3152548686973078,SEA,15.0,7.0,0.4666666666666667,10.2,153,10.533333333333333,158,0.44666666666666827,0.23674643045836682,-9.053333333333335,0.5966573165774454,2.4178371628371624,2.421929551929552,-0.004092389092389137,7.147676747609228,24.333333333333332,365.0,66.0,25.266666666666666,379.0,64.0,NFC West,-3,-0.9333333333333333,-14,0.4079049918335632,0.7076,7.308000000000001,4.463768489281896,1.8,0.8,0.9761904761904762,53.93333333333333,1.4,0.0,0.3877953201482613,0.6416000000000001,6.888,4.823679375400974,1.5333333333333334,1.3333333333333333,0.7756410256410255,51.53333333333333,1.4,0.3877953201482613,-0.14767674760922844,2022,0.42712563601646664,0.3740711764358689,NYJ vs. SEA,SEA,1406.2255888202628,12.0,NYJ,1439.1118812723107,12.0,1,17,1.0,1,102.0,-113.0,0,0
PHI,2.0,2.0,1.0,9.5,19,9.5,19,-6.25,0.9392675339366519,-35.7,1.8233026165011466,3.311111111111111,2.138888888888889,1.1722222222222223,1.4974074714379872,31.0,62.0,9.0,21.0,42.0,6.0,NFC East,2,10.0,20,1.0,0.7010000000000001,8.54,5.166289592760181,0.5,3.0,0.75,60.5,0.5,3.0,0.5633484162895928,0.5775,3.65,6.050324675324676,1.5,1.5,,45.0,2.0,0.5633484162895928,0.5025925285620128,2022-09-25,2022,0.5927192830804767,0.23725145187821253,WAS,2.0,1.0,0.5,11.0,22,12.0,24,-1.3999999999999986,-0.6139268207282909,-3.75,3.168811274509804,2.525,2.3846153846153846,0.14038461538461533,0.9749799196163302,27.5,55.0,8.0,29.0,58.0,11.0,NFC East,-1,-1.5,-3,0.0,0.6555,7.109999999999999,3.613095238095238,3.5,0.5,,40.0,2.0,-3.0,0.5833333333333333,0.5795,7.42,7.395833333333333,2.5,0.5,0.875,47.5,0.5,0.5833333333333333,0.025020080383669763,2022,0.3681854691606673,0.2349004350879243,PHI vs. WAS,WAS,1485.9935000197115,7.0,PHI,1600.0,1.0,0,-16,6.0,0,210.0,-240.0,1,0
PIT,7.0,2.0,0.2857142857142857,10.857142857142858,76,11.0,77,-25.52857142857143,-0.5022342395687115,-11.142857142857142,-0.019383742665943084,1.4389665889665888,2.144733044733045,-0.7057664557664557,2.394292917984592,15.285714285714286,107.0,21.0,23.142857142857142,162.0,30.0,AFC North,-1,-7.857142857142857,-55,0.4472222222222222,0.6451428571428571,4.511428571428572,3.7247878192548174,0.7142857142857143,0.5714285714285714,0.7976190476190476,42.57142857142857,1.7142857142857142,-2.0,0.3566893424036281,0.6071428571428571,7.147142857142858,4.207638316157586,1.8571428571428572,0.5714285714285714,0.8095238095238094,38.57142857142857,1.4285714285714286,0.3566893424036281,-0.394292917984592,2022-10-30,2022,0.26075159534271347,0.3120059600379633,PHI,6.0,6.0,1.0,9.666666666666666,58,10.166666666666666,61,-5.266666666666668,-0.12170874468668551,-34.949999999999996,0.7254969134322856,2.8048821548821548,1.7404040404040402,1.0644781144781146,4.438486728338374,26.833333333333332,161.0,27.0,17.5,105.0,15.0,NFC East,6,9.333333333333334,56,0.6933333333333334,0.6655,7.824999999999999,4.105313314136843,1.0,2.1666666666666665,0.9166666666666666,38.833333333333336,0.3333333333333333,12.0,0.4361344537815126,0.5591666666666667,3.9866666666666664,4.952518972255814,1.1666666666666667,1.0,0.5,43.833333333333336,2.3333333333333335,0.4361344537815126,1.5615132716616262,2022,0.5866691331461606,0.26891447834678794,PIT vs. PHI,PHI,1740.0721227151514,1.0,PIT,1393.258148749596,21.0,1,22,-11.0,1,-490.0,397.0,0,0
WAS,9.0,4.0,0.4444444444444444,11.0,99,10.88888888888889,98,-17.866666666666664,-0.2376337617124936,-5.333333333333335,0.1489275781174871,1.6257575757575757,1.9327764827764828,-0.3070189070189071,3.800003640642357,17.666666666666668,159.0,28.0,21.333333333333332,192.0,35.0,NFC East,-1,-3.6666666666666665,-33,0.544047619047619,0.6193333333333333,5.613333333333333,3.9893882971110353,1.6666666666666667,0.4444444444444444,0.9027777777777777,55.888888888888886,1.2222222222222223,-4.0,0.3366483462071697,0.6022222222222222,7.470000000000001,4.375949636941016,1.7777777777777777,0.4444444444444444,0.9583333333333334,46.0,0.7777777777777778,0.3366483462071697,0.19999635935764282,2022-11-14,2022,0.28911324137150846,0.3253966809268906,PHI,8.0,8.0,1.0,9.5,76,9.875,79,3.8374999999999986,0.1223258300049101,-33.4625,0.893617170368332,2.992550505050505,1.721969696969697,1.270580808080808,6.131220443004702,28.125,225.0,36.0,16.875,135.0,21.0,NFC East,8,11.25,90,0.5564625850340136,0.67975,8.6,4.349347888828439,1.5,2.0,0.7857142857142857,40.5,0.375,15.0,0.46251750700280114,0.577625,3.88875,5.120639229191861,1.25,0.75,0.75,43.375,2.25,0.46251750700280114,1.8687795569952979,2022,0.5843356316641952,0.29469045996345133,WAS vs. PHI,PHI,1600.0,1.0,WAS,1485.9935000197115,7.0,0,-11,-11.0,0,-501.0,405.0,1,0
TEN,11.0,7.0,0.6363636363636364,10.181818181818182,112,10.363636363636363,114,-17.4,-0.2511414042041187,-9.818181818181815,-0.5406937181120277,1.9463957759412305,1.8494525676343856,0.09694320830684468,6.25692064388663,19.0,209.0,36.0,18.636363636363637,205.0,37.0,AFC South,-1,0.36363636363636365,4,0.43392857142857144,0.616909090909091,6.238181818181818,3.97588065461941,1.0,1.0,0.8645833333333333,51.63636363636363,1.0,2.0,0.36366474434656254,0.6460909090909092,6.658181818181817,3.686328340711501,1.7272727272727273,0.2727272727272727,0.9166666666666666,51.90909090909091,1.1818181818181819,0.36366474434656254,0.7430793561133697,2022-12-04,2022,0.34314192923707904,0.3169808103478427,PHI,11.0,10.0,0.9090909090909091,9.636363636363637,106,10.0,110,2.0181818181818185,0.42531190923655354,-28.654545454545453,0.5841112143739959,2.8854912764003675,1.975482093663912,0.9100091827364555,7.54840556725907,27.545454545454547,303.0,49.0,19.636363636363637,216.0,37.0,NFC East,2,7.909090909090909,87,0.5103318903318903,0.6711818181818182,8.108181818181817,4.652333968060082,1.5454545454545454,1.9090909090909092,0.8333333333333334,43.54545454545455,0.9090909090909091,13.0,0.47955818691112806,0.6005454545454545,4.52,4.811133273197525,1.1818181818181819,0.9090909090909091,0.8214285714285714,48.18181818181818,2.090909090909091,0.47955818691112806,2.4515944327409303,2022,0.565289989025991,0.3807512347201772,TEN vs. PHI,PHI,1715.381113585526,1.0,TEN,1565.3997993350076,7.0,1,25,-5.0,1,-213.0,189.0,0,0
SFO,2.0,15.0,7.5,9.947368421052632,189,10.052631578947368,191,2.95263157894737,0.4346595151907795,-16.878947368421052,-0.7367220755137281,2.7169324827219565,1.6472856091277144,1.069646873594242,13.631261617435287,26.842105263157894,510.0,90.0,16.42105263157895,312.0,54.0,NFC West,12,10.421052631578947,198,1.2120619848561025,0.6592631578947369,8.393157894736841,4.661681574014308,1.736842105263158,1.1578947368421053,0.8480392156862745,41.473684210526315,0.9473684210526315,16.0,0.45419573501290955,0.6627894736842105,5.8042105263157895,3.490299983309801,1.2105263157894737,0.631578947368421,0.7115384615384616,48.0,1.7894736842105263,0.45419573501290955,1.3687383825647128,2023-01-29,2022,0.8020805672773126,0.33484783418454056,PHI,1.0,15.0,15.0,9.777777777777779,176,10.055555555555555,181,-2.533333333333333,0.3869076092163315,-21.983333333333334,0.5986393483592222,2.960493827160494,1.940347923681257,1.0201459034792368,12.222140429701,28.61111111111111,515.0,85.0,19.5,351.0,60.0,NFC East,2,9.11111111111111,164,1.072386518710048,0.6548888888888889,7.79,4.6139296680398605,1.5,1.9444444444444444,0.8666666666666667,39.27777777777778,1.0555555555555556,9.0,0.47492661205896497,0.6283888888888889,4.982777777777778,4.825661407182752,1.2222222222222223,0.8888888888888888,0.8863636363636364,44.611111111111114,1.5555555555555556,0.47492661205896497,2.7778595702990003,2022,1.8245344515648583,0.9208374266184531,SFO vs. PHI,PHI,1690.988722380261,1.0,SFO,1809.6242764988492,3.0,1,24,-2.5,1,-147.0,133.0,0,1
TAM,5.0,3.0,0.6,10.2,51,10.6,53,-6.719999999999999,-1.6400956518971221,-23.48,0.09368200007407834,2.0484848484848484,1.6217249417249415,0.4267599067599068,3.2647203661657582,20.6,103.0,20.0,16.6,83.0,14.0,NFC South,1,4.0,20,0.6666666666666666,0.6714,6.866,2.586926406926407,1.4,0.4,0.96,50.2,1.2,3.0,0.39911573720397253,0.6155999999999999,4.818,4.320704058897607,1.4,0.6,0.75,57.0,1.8,0.39911573720397253,-0.2647203661657582,2022-10-16,2022,0.3713944810850386,0.19733552782520525,PIT,5.0,1.0,0.2,11.2,56,11.2,56,-30.119999999999997,-0.36944055114714436,-11.42,0.26452628465179223,1.3882905982905984,2.351717171717172,-0.9634265734265733,1.585046247455208,15.4,77.0,15.0,25.6,128.0,21.0,AFC North,-4,-10.2,-51,0.3958333333333333,0.6244,4.1659999999999995,3.8575815076763846,0.4,0.8,0.7166666666666667,42.6,1.8,1.0,0.34888888888888886,0.605,7.154000000000001,4.491548343475321,2.2,0.8,0.7333333333333333,39.6,2.0,0.34888888888888886,-0.5850462474552081,2022,0.23651537960061383,0.2561215314408594,TAM vs. PIT,PIT,1363.95756790803,27.0,TAM,1541.1447762497723,7.0,1,2,10.0,1,323.0,-386.0,0,0
SEA,1.0,1.0,1.0,7.0,7,9.0,9,16.799999999999997,-0.227022058823529,0.29999999999999716,0.9229779411764714,2.4285714285714284,1.7777777777777777,0.6507936507936507,0.535858421072182,17.0,17.0,3.0,16.0,16.0,4.0,NFC West,1,1.0,1,0.5,0.821,7.75,4.0,2.0,0.0,1.0,77.0,1.0,1.0,0.5454545454545454,0.69,8.33,5.15,1.0,0.0,0.75,106.0,2.0,0.5454545454545454,0.46414157892781804,2022-09-18,2022,0.627489248111922,0.20628514619014135,SFO,1.0,0.0,0.0,10.0,10,10.0,10,-51.0,0.529734697933228,-18.299999999999997,-1.5513463831478531,1.0,1.9,-0.8999999999999999,0.17928580676299052,10.0,10.0,2.0,19.0,19.0,3.0,NFC West,-1,-9.0,-9,0.5,0.4639999999999999,3.93,4.756756756756757,0.0,1.0,1.0,99.0,2.0,-1.0,0.47058823529411764,0.471,5.88,2.675675675675676,2.0,1.0,,24.0,1.0,0.47058823529411764,-0.17928580676299052,2022,0.1641428386474019,-0.05378574202889717,SEA vs. SFO,SFO,1450.0,16.0,SEA,1550.0,1.0,1,20,-8.5,1,-379.0,318.0,1,0
SEA,9.0,6.0,0.6666666666666666,10.11111111111111,91,10.666666666666666,96,3.68888888888889,0.7371757344791239,-7.933333333333334,0.5609174359708046,2.685059693393027,2.3245510662177327,0.3605086271752938,5.0793895129412165,26.77777777777778,241.0,43.0,24.444444444444443,220.0,36.0,NFC West,4,2.3333333333333335,21,0.36026785714285714,0.7284444444444444,7.571111111111112,4.964197793302653,1.6666666666666667,1.1111111111111112,0.9583333333333333,62.44444444444444,1.3333333333333333,3.0,0.44004416063239593,0.6501111111111111,6.966666666666667,4.787939494794333,1.4444444444444444,1.2222222222222223,0.9166666666666666,57.333333333333336,1.6666666666666667,0.44004416063239593,0.9206104870587835,2022-11-13,2022,0.5208623332643806,0.3716921036274493,TAM,9.0,4.0,0.4444444444444444,10.444444444444445,94,10.555555555555555,95,-11.144444444444444,-1.5406241974256676,-11.833333333333334,0.27291499106779116,1.7340585340585342,1.774302857636191,-0.040244323577656914,4.7140416092991035,18.0,162.0,35.0,18.22222222222222,164.0,29.0,NFC South,1,-0.2222222222222222,-2,0.5041666666666667,0.6496666666666666,6.512222222222222,2.6863978613978614,1.1111111111111112,0.3333333333333333,0.9500000000000001,45.888888888888886,0.7777777777777778,2.0,0.3538025971849501,0.6293333333333333,6.016666666666667,4.49993704989132,1.5555555555555556,0.5555555555555556,0.8095238095238095,55.44444444444444,1.0,0.3538025971849501,-0.7140416092991035,2022,0.3427996970148125,0.2471260740705567,SEA vs. TAM,TAM,1430.3731145369718,13.0,SEA,1637.363082658096,5.0,1,5,-2.5,1,-138.0,124.0,0,0
SFO,13.0,9.0,0.6923076923076923,9.692307692307692,126,9.846153846153847,128,-1.2538461538461514,0.21969887755678844,-19.72307692307692,-0.8394478407926547,2.551709401709402,1.5686435359512283,0.9830658657581736,9.040408343048233,24.384615384615383,317.0,54.0,15.153846153846153,197.0,33.0,NFC West,6,9.23076923076923,120,0.5499368686868688,0.6581538461538462,7.877692307692308,4.446720936380317,1.6153846153846154,1.0,0.8787878787878788,43.38461538461539,1.1538461538461537,6.0,0.44596547177518836,0.6461538461538462,5.685384615384615,3.3875742180308746,0.9230769230769231,0.6923076923076923,0.5833333333333334,46.38461538461539,1.6153846153846154,0.44596547177518836,-0.04040834304823271,2022-12-15,2022,0.4272392853940143,0.23717940185060596,SEA,13.0,7.0,0.5384615384615384,10.076923076923077,131,10.538461538461538,137,3.5230769230769243,0.20883984568287686,-12.153846153846153,0.6849156820237491,2.6289729501267964,2.4651634690096227,0.16380948111717336,6.7931650995136525,26.307692307692307,342.0,61.0,25.692307692307693,334.0,57.0,NFC West,-1,0.6153846153846154,8,0.3527206589706589,0.7141538461538463,7.6984615384615385,4.435861904506406,1.9230769230769231,0.9230769230769231,0.9722222222222222,53.46153846153846,1.4615384615384615,2.0,0.4127984885903438,0.6460769230769231,6.490769230769231,4.911937740847278,1.4615384615384615,1.3846153846153846,0.8257575757575757,51.84615384615385,1.6153846153846154,0.4127984885903438,0.20683490048634745,2022,0.47305750377549455,0.3906735481907478,SFO vs. SEA,SEA,1550.0,1.0,SFO,1450.0,16.0,0,-8,3.0,0,152.0,-169.0,1,0
SEA,17.0,9.0,0.5294117647058824,10.411764705882353,177,10.588235294117647,180,-1.7999999999999992,0.33999416924942,-14.370588235294118,0.5954038853636876,2.3423532350002936,2.254643722290781,0.08770951270951266,8.708366045489232,23.941176470588236,407.0,76.0,23.58823529411765,401.0,70.0,NFC West,2,0.35294117647058826,6,0.4056147845210345,0.6969411764705882,7.085294117647059,4.56701622807295,1.7647058823529411,0.7058823529411765,0.9510416666666667,50.23529411764706,1.3529411764705883,2.0,0.367127778027432,0.6249411764705882,6.3999999999999995,4.822425944187216,1.3529411764705883,1.2352941176470589,0.7833333333333333,48.11764705882353,1.4705882352941178,0.367127778027432,0.29163395451076823,2023-01-14,2022,0.43674449336750354,0.3726844368678934,SFO,17.0,13.0,0.7647058823529411,10.0,170,10.117647058823529,172,2.3764705882352954,0.452733907142552,-16.48235294117647,-0.7740129865681901,2.656833036244801,1.6273584258878377,1.0294746103569632,12.085663644036039,26.470588235294116,450.0,77.0,16.294117647058822,277.0,47.0,NFC West,10,10.176470588235293,173,0.5179814976689977,0.663,8.224117647058824,4.679755965966081,1.7647058823529411,1.1764705882352942,0.8277777777777777,42.94117647058823,1.0,13.0,0.44613320116416094,0.6621764705882353,5.895882352941177,3.453009072255339,1.1764705882352942,0.6470588235294118,0.6590909090909091,48.94117647058823,1.7647058823529411,0.44613320116416094,0.914336355963961,2022,0.4773023873388322,0.27187886755482427,SEA vs. SFO,SFO,1450.0,16.0,SEA,1550.0,1.0,1,20,-8.5,1,-379.0,318.0,1,0
TAM,12.0,6.0,0.5,10.333333333333334,124,10.666666666666666,128,-10.616666666666665,-1.190632753684224,-9.691666666666665,0.0633088798554653,1.7790161227661228,1.7491133866133868,0.02990273615273616,6.233851123921356,18.083333333333332,217.0,44.0,18.25,219.0,40.0,NFC South,1,-0.16666666666666666,-2,0.4848484848484848,0.6600833333333334,6.398333333333333,3.036389305139305,1.3333333333333333,0.3333333333333333,0.8791666666666668,46.833333333333336,0.9166666666666666,0.0,0.3875741701109348,0.64225,6.299166666666667,4.290330938678994,1.5,0.5833333333333334,0.8166666666666667,55.916666666666664,0.9166666666666666,0.3875741701109348,-0.23385112392135632,2022-12-11,2022,0.347923757088347,0.280368460314548,SFO,12.0,8.0,0.6666666666666666,9.666666666666666,116,9.75,117,-3.691666666666664,0.10646265929218528,-18.341666666666665,-0.85978156823745,2.472685185185185,1.6463335275835276,0.8263516576016575,8.061984209537764,23.5,282.0,49.0,15.833333333333334,190.0,32.0,NFC West,5,7.666666666666667,92,0.5544765840220386,0.6514166666666666,7.6825,4.333484718115714,1.5833333333333333,0.8333333333333334,0.8787878787878788,45.75,1.1666666666666667,4.0,0.44609222405275034,0.6485,5.881666666666667,3.367240490586079,0.9166666666666666,0.75,0.65625,45.083333333333336,1.5,0.44609222405275034,-0.061984209537763846,2022,0.42023187768150116,0.2492995051957205,TAM vs. SFO,SFO,1675.6615861387631,6.0,TAM,1479.35333094935,15.0,1,28,-3.5,1,-196.0,175.0,0,0
WAS,14.0,7.0,0.5,10.571428571428571,148,10.571428571428571,148,-17.049999999999997,-0.06366418769491797,-11.292857142857144,0.050692280852017504,1.830645743145743,1.8555638805638808,-0.02491813741813747,6.8491717213946774,18.928571428571427,265.0,49.0,19.714285714285715,276.0,50.0,NFC East,-1,-0.7857142857142857,-11,0.5456048225278994,0.6121428571428572,5.963571428571428,4.163357871128611,1.4285714285714286,0.5,0.9166666666666667,51.42857142857143,1.2142857142857142,-2.0,0.32592752135819364,0.6222857142857142,6.558571428571428,4.277714339675547,1.4285714285714286,0.5714285714285714,0.9083333333333334,42.0,1.0714285714285714,0.32592752135819364,0.15082827860532255,2022-12-24,2022,0.3346479660480988,0.31734624224433694,SFO,14.0,10.0,0.7142857142857143,9.714285714285714,136,9.928571428571429,139,-0.021428571428569194,0.25921881067248004,-19.17142857142857,-0.7242745706520027,2.5194444444444444,1.5410131535131535,0.978431290931291,9.79746102092032,24.142857142857142,338.0,57.0,15.0,210.0,36.0,NFC West,7,9.142857142857142,128,0.5490541509772279,0.6578571428571429,8.004285714285714,4.486240869496009,1.6428571428571428,1.0,0.8055555555555555,44.57142857142857,1.0714285714285714,7.0,0.44707782818685077,0.6503571428571429,5.647857142857142,3.502747488171526,0.9285714285714286,0.6428571428571429,0.625,48.714285714285715,1.5714285714285714,0.44707782818685077,0.2025389790796801,2022,0.42518105136950723,0.24424018666334454,WAS vs. SFO,SFO,1718.8352587501097,5.0,WAS,1506.4146125082902,12.0,1,17,-6.5,1,-279.0,241.0,0,0
TEN,4.0,2.0,0.5,10.0,40,9.75,39,-12.024999999999999,-0.4488627181641883,5.900000000000002,0.3606376475075159,1.9924242424242424,2.5856060606060605,-0.5931818181818181,1.731082983086174,18.75,75.0,13.0,25.25,101.0,17.0,AFC South,2,-6.5,-26,0.4444444444444444,0.655,6.455,3.7781593406593403,1.25,1.0,0.8888888888888888,65.5,1.5,0.0,0.3806818181818182,0.6975,8.07,4.587659706331045,2.5,0.25,0.8333333333333334,47.0,1.5,0.3806818181818182,0.26891701691382597,2022-10-09,2022,0.3468495076242484,0.35622813645855794,WAS,4.0,1.0,0.25,11.5,46,11.75,47,-20.549999999999997,-0.11702326132473106,5.299999999999997,0.6053773664638271,1.6375,2.258595571095571,-0.6210955710955711,1.1462090162215917,18.25,73.0,11.0,26.75,107.0,21.0,NFC East,-3,-8.5,-34,0.5555555555555555,0.62175,4.95,4.109998797498798,2.0,0.5,1.0,66.0,1.75,-6.0,0.4632352941176471,0.5860000000000001,8.8625,4.832399425287356,2.5,0.25,0.9375,41.75,0.25,0.4632352941176471,-0.14620901622159166,2022,0.23038967837805702,0.31877452478375834,TEN vs. WAS,WAS,1417.1957068610109,24.0,TEN,1514.0030946332358,9.0,0,-4,1.0,0,-100.0,-110.0,0,0
