Aw_Tm,Aw_G,Aw_W,Aw_Wpct,Aw_Poss,Aw_TotPoss,Aw_OppPoss,Aw_TotOppPoss,Aw_PassOffEff,Aw_RushOffEff,Aw_PassDefEff,Aw_RushDefEff,Aw_TmOffEff,Aw_TmDefEff,Aw_TmEff,Aw_TmLuckW,Aw_Pts,Aw_TotPts,Aw_TotScorePlays,Aw_OppPts,Aw_TotOppPts,Aw_TotOppScorePlays,Aw_TmDiv,Aw_WStreak,Aw_AvgMoV,Aw_TotPtDiff,Aw_OppSOS,Aw_PassCmppct,Aw_PassAdjYdsAtt,Aw_RushYdsAtt,Aw_PassTDG,Aw_RushTDG,Aw_FGpct,Aw_PenYdsG,Aw_TOVG,Aw_TO,Aw_Dwn3Conv,Aw_OppPassCmppct,Aw_OppPassAdjYdsAtt,Aw_OppRushYdsAtt,Aw_OppPassTDG,Aw_OppRushTDG,Aw_OppFGpct,Aw_OppPenYdsG,Aw_OppTOVG,Aw_OppDwn3Conv,Aw_TmLuck,Game Date,Aw_Season,Aw_OffEffAdj,Aw_DefEffAdj,Hm_Tm,Hm_G,Hm_W,Hm_Wpct,Hm_Poss,Hm_TotPoss,Hm_OppPoss,Hm_TotOppPoss,Hm_PassOffEff,Hm_RushOffEff,Hm_PassDefEff,Hm_RushDefEff,Hm_TmOffEff,Hm_TmDefEff,Hm_TmEff,Hm_TmLuckW,Hm_Pts,Hm_TotPts,Hm_TotScorePlays,Hm_OppPts,Hm_TotOppPts,Hm_TotOppScorePlays,Hm_TmDiv,Hm_WStreak,Hm_AvgMoV,Hm_TotPtDiff,Hm_OppSOS,Hm_PassCmppct,Hm_PassAdjYdsAtt,Hm_RushYdsAtt,Hm_PassTDG,Hm_RushTDG,Hm_FGpct,Hm_PenYdsG,Hm_TOVG,Hm_TO,Hm_Dwn3Conv,Hm_OppPassCmppct,Hm_OppPassAdjYdsAtt,Hm_OppRushYdsAtt,Hm_OppPassTDG,Hm_OppRushTDG,Hm_OppFGpct,Hm_OppPenYdsG,Hm_OppTOVG,Hm_OppDwn3Conv,Hm_TmLuck,Hm_Season,Hm_OffEffAdj,Hm_DefEffAdj,Matchup,Home Team,Home Elo,Home Lg Rank,Away Team,Away Elo,Away Lg Rank,Home W,Home Pt Diff,Home Spread,Home Spread W,Home Moneyline,Away Moneyline,Divisional Game,Playoff Game
DET,1.0,1.0,1.0,13.0,13,14.0,14,-3.200000000000003,-0.7172459893048129,-38.5,0.7613636363636358,2.6153846153846154,1.7142857142857142,0.9010989010989012,0.6953998064617208,34.0,34.0,6.0,24.0,24.0,4.0,NFC North,1,10.0,10,0.5,0.6509999999999999,8.19,3.294117647058824,2.0,2.0,1.0,88.0,2.0,2.0,0.38461538461538464,0.643,3.93,4.7727272727272725,1.0,2.0,1.0,52.0,4.0,0.38461538461538464,0.30460019353827916,2013-09-15,2013,0.6021231662484365,0.08702862672522262,ARI,1.0,0.0,0.0,10.0,10,11.0,11,-5.799999999999997,-0.7036713286713292,0.7000000000000028,-1.2196969696969702,2.4,2.4545454545454546,-0.054545454545454675,0.4306632083470305,24.0,24.0,3.0,27.0,27.0,6.0,NFC West,-1,-3.0,-3,0.5,0.65,7.48,3.3076923076923075,2.0,0.0,0.5,68.0,2.0,0.0,0.5,0.711,7.74,2.7916666666666665,2.0,0.0,1.0,59.0,2.0,0.5,-0.4306632083470305,2013,0.17080103749589085,-0.23490720455292574,DET vs. ARI,ARI,1450.0,17.0,DET,1550.0,1.0,1,4,1.0,1,-101.0,-109.0,0,0
ARI,2.0,1.0,0.5,11.0,22,11.0,22,-15.350000000000001,-0.617517482517483,4.25,-1.3905303030303033,2.2416666666666667,2.1818181818181817,0.05984848484848482,1.032522338422275,24.5,49.0,9.0,24.0,48.0,8.0,NFC West,1,0.5,1,1.0,0.6125,6.69,3.3938461538461535,1.5,0.5,0.75,54.0,1.5,0.0,0.29545454545454547,0.6890000000000001,8.215,2.6208333333333336,2.0,0.0,0.5,80.0,1.5,0.29545454545454547,-0.03252233842227503,2013-09-22,2013,0.4024386125954438,0.17590502937776817,NOR,2.0,2.0,1.0,11.0,22,11.0,22,-11.600000000000001,-0.7915360501567401,-26.050000000000004,1.5557359307359304,1.8166666666666664,1.4083333333333332,0.4083333333333332,1.2502786076408445,19.5,39.0,9.0,15.5,31.0,4.0,NFC South,2,4.0,8,0.0,0.6539999999999999,7.255,3.219827586206897,1.5,0.0,0.875,46.0,1.5,1.0,0.40934065934065933,0.5335,5.605,5.567099567099567,1.5,0.0,0.5,68.5,2.0,0.40934065934065933,0.7497213923591555,2013,0.5624430120734637,0.1590655811235596,ARI vs. NOR,NOR,1585.9935000197115,1.0,ARI,1514.0064999802885,9.0,1,24,-8.0,1,-355.0,310.0,0,0
ARI,3.0,1.0,0.3333333333333333,11.0,33,10.666666666666666,32,-30.133333333333336,0.04286713286713247,1.5666666666666675,-0.8196969696969701,1.7065656565656566,2.487878787878788,-0.7813131313131314,1.0610831637694491,18.666666666666668,56.0,10.0,26.333333333333332,79.0,13.0,NFC West,-1,-7.666666666666667,-23,1.0,0.5796666666666667,5.136666666666667,4.054230769230769,1.0,0.6666666666666666,0.75,42.0,1.6666666666666667,-1.0,0.32517482517482516,0.6693333333333333,7.896666666666666,3.1916666666666664,2.3333333333333335,0.3333333333333333,0.6666666666666666,63.333333333333336,1.3333333333333333,0.32517482517482516,-0.06108316376944911,2013-09-29,2013,0.29686028648793444,0.2625616549062204,TAM,3.0,0.0,0.0,10.666666666666666,32,11.666666666666666,35,-42.70000000000001,-0.05883838383838406,-23.500000000000004,-0.1511233019853709,1.038888888888889,1.6726495726495727,-0.6337606837606836,0.8956653822679341,11.333333333333334,34.0,5.0,19.0,57.0,13.0,NFC South,-3,-7.666666666666667,-23,1.0,0.45199999999999996,4.523333333333333,3.9525252525252523,0.6666666666666666,0.3333333333333333,0.5,89.33333333333333,1.6666666666666667,0.0,0.37225274725274726,0.6246666666666667,5.076666666666667,3.860240334378266,1.3333333333333333,0.0,0.9166666666666666,43.333333333333336,1.6666666666666667,0.37225274725274726,-0.8956653822679341,2013,0.10960076134021175,0.1367271431477796,ARI vs. TAM,TAM,1388.4788293388217,27.0,ARI,1474.2205165379482,16.0,0,-3,-2.5,0,-134.0,121.0,0,0
CAR,3.0,1.0,0.3333333333333333,10.0,30,10.0,30,-9.000000000000005,0.4144655163676901,-23.400000000000002,-0.35887723387723397,2.140151515151515,1.2272727272727273,0.912878787878788,1.6926139788088672,22.666666666666668,68.0,12.0,12.0,36.0,8.0,NFC South,1,10.666666666666666,32,0.0,0.6016666666666667,6.326666666666667,4.425829152731327,2.0,0.6666666666666666,1.0,36.0,1.6666666666666667,1.0,0.4878246753246753,0.6563333333333333,5.473333333333333,3.652486402486403,0.6666666666666666,0.3333333333333333,0.5833333333333334,66.33333333333333,2.0,0.4878246753246753,-0.6926139788088672,2013-10-06,2013,0.30765146949215105,0.11621209077254513,ARI,4.0,2.0,0.5,11.5,46,11.25,45,-32.275000000000006,-0.27069055944055986,-10.399999999999999,-0.9724523460410561,1.5299242424242425,2.0582167832167833,-0.5282925407925408,1.7117117351361253,17.25,69.0,13.0,22.25,89.0,15.0,NFC West,1,-5.0,-20,0.6666666666666666,0.573,4.970000000000001,3.740673076923077,1.0,0.5,0.8333333333333334,54.0,2.0,-1.0,0.2688811188811189,0.6415,6.5225,3.0389112903225803,2.0,0.25,0.75,65.75,1.75,0.2688811188811189,0.2882882648638747,2013,0.3029768882784259,0.2740240220719895,CAR vs. ARI,ARI,1512.1258369705592,11.0,CAR,1452.0146061080266,16.0,1,16,3.0,1,151.0,-167.0,0,0
ARI,5.0,3.0,0.6,11.4,57,11.2,56,-34.86,-0.37596803196803236,-19.82,-0.6302346041055722,1.6239393939393938,1.7556643356643356,-0.13172494172494176,2.667742532239302,18.2,91.0,17.0,19.0,95.0,17.0,NFC West,2,-0.8,-4,0.5833333333333334,0.5942000000000001,4.298,3.6353956043956046,1.0,0.6,0.875,49.2,2.2,0.0,0.2817715617715618,0.6208,5.848,3.3811290322580647,1.6,0.2,0.8,68.4,2.2,0.2817715617715618,0.332257467760698,2013-10-13,2013,0.3180644805330943,0.2630299176854709,SFO,5.0,3.0,0.6,11.8,59,11.8,59,-21.18,0.596381461675579,-33.5,-0.6334838304659139,1.8787121212121214,1.6966666666666668,0.18204545454545462,2.5932074575370554,22.6,113.0,18.0,19.6,98.0,17.0,NFC West,2,3.0,15,0.5833333333333333,0.5378000000000001,6.23,4.607745098039215,1.2,1.4,0.6666666666666666,71.2,1.8,0.0,0.3527272727272727,0.5311999999999999,4.914,3.377879805897723,1.0,1.2,0.7916666666666666,54.4,1.8,0.3527272727272727,0.4067925424629446,2013,0.32990598564180684,0.2539507566843053,ARI vs. SFO,SFO,1548.2926223389093,7.0,ARI,1553.560430604831,7.0,1,12,-10.0,1,-430.0,369.0,1,0
SEA,6.0,5.0,0.8333333333333334,11.166666666666666,67,10.833333333333334,65,-12.366666666666665,0.5952037706418178,-36.5,-0.08357154339912991,2.2784900284900282,1.4547392422392422,0.8237507862507862,4.3910394284140795,26.166666666666668,157.0,29.0,15.666666666666666,94.0,16.0,NFC West,1,10.5,63,0.6033333333333333,0.6084999999999999,7.371666666666666,4.606567407005454,1.5,1.0,0.9666666666666667,69.83333333333333,1.6666666666666667,7.0,0.32326770451770453,0.5675,4.128333333333333,3.927792092964507,0.8333333333333334,0.5,1.0,62.833333333333336,2.8333333333333335,0.32326770451770453,0.6089605715859205,2013-10-17,2013,0.47676581237808874,0.2301112029368583,ARI,6.0,3.0,0.5,11.666666666666666,70,11.666666666666666,70,-32.6,-0.11678793428793462,-18.03333333333333,-0.5402473375520918,1.6096930846930846,1.844005994005994,-0.2343129093129093,2.914885455012482,18.5,111.0,20.0,21.166666666666668,127.0,23.0,NFC West,-1,-2.6666666666666665,-16,0.5866666666666667,0.5968333333333333,4.573333333333333,3.894575702075702,1.1666666666666667,0.6666666666666666,0.875,47.333333333333336,2.5,-2.0,0.29891219891219895,0.6093333333333333,6.211666666666666,3.4711162988115447,1.6666666666666667,0.3333333333333333,0.8333333333333334,62.833333333333336,2.1666666666666665,0.29891219891219895,0.08511454498751814,2013,0.2897673592851199,0.2784705584159831,SEA vs. ARI,ARI,1502.8023901422937,12.0,SEA,1643.8100281330967,3.0,0,-12,5.0,0,203.0,-227.0,1,0
ATL,6.0,2.0,0.3333333333333333,10.166666666666666,61,10.0,60,6.866666666666667,-0.4816738816738822,6.416666666666664,0.3401322136027359,2.5771885521885523,2.6565656565656566,-0.07937710437710437,2.8580851848970767,25.5,153.0,25.0,26.166666666666668,157.0,31.0,NFC South,1,-0.6666666666666666,-4,0.7,0.7054999999999999,8.311666666666667,3.529689754689754,2.1666666666666665,0.5,0.95,55.5,1.1666666666666667,-2.0,0.42127317127317127,0.6745,8.455,4.351495849966373,2.3333333333333335,0.3333333333333333,1.0,57.166666666666664,0.8333333333333334,0.42127317127317127,-0.8580851848970767,2013-10-27,2013,0.3512236895562106,0.3566648868560851,ARI,7.0,3.0,0.42857142857142855,11.714285714285714,82,11.714285714285714,82,-32.885714285714286,-0.4350606536320825,-12.842857142857142,-0.4334425230965982,1.6416416916416916,1.9853384710527568,-0.34369677941106513,3.1776393697769874,19.0,133.0,25.0,23.0,161.0,29.0,NFC West,-2,-4.0,-28,0.6277777777777778,0.6068571428571429,4.345714285714286,3.576302982731554,1.1428571428571428,0.7142857142857143,0.9,43.714285714285715,2.4285714285714284,-2.0,0.3038295038295038,0.611,6.6499999999999995,3.5779211132670383,1.8571428571428572,0.42857142857142855,0.8571428571428571,63.857142857142854,2.142857142857143,0.3038295038295038,-0.17763936977698735,2013,0.2971411424313159,0.29416107713670275,ATL vs. ARI,ARI,1472.0496657213052,16.0,ATL,1441.717588612477,23.0,1,14,-2.5,1,-150.0,136.0,0,0
HOU,8.0,2.0,0.25,11.5,92,10.25,82,-17.375,0.4475714050442307,-12.587500000000002,0.205488889470744,1.5629464285714287,2.880173992673993,-1.3172275641025641,2.63259667581439,18.25,146.0,27.0,27.625,221.0,32.0,AFC South,-6,-9.375,-75,0.7306122448979592,0.63675,6.1587499999999995,4.458935041407868,1.5,0.25,0.65625,73.125,2.0,-11.0,0.37286212561947857,0.564375,6.81125,4.216852525834381,1.625,0.75,0.880952380952381,50.5,0.625,0.37286212561947857,-0.6325966758143902,2013-11-10,2013,0.2702715893383308,0.31060504020417606,ARI,8.0,4.0,0.5,11.625,93,11.75,94,-27.5,-0.044598526473526745,-18.1375,-0.6396112336835493,1.743254662004662,1.8725878288378288,-0.12933316683316684,4.027333411501109,20.0,160.0,30.0,21.75,174.0,32.0,NFC West,1,-1.75,-14,0.5857142857142856,0.62125,4.78875,3.96676510989011,1.25,0.75,0.9166666666666666,44.75,2.25,1.0,0.30335081585081586,0.60425,6.0337499999999995,3.3717524026800874,1.75,0.375,0.875,62.75,2.375,0.30335081585081586,-0.02733341150110924,2013,0.32147849147172947,0.29670921653186766,HOU vs. ARI,ARI,1517.6955852476474,11.0,HOU,1363.339446646234,22.0,1,3,-4.0,0,-213.0,191.0,0,0
ARI,9.0,5.0,0.5555555555555556,11.666666666666666,105,12.0,108,-25.266666666666666,-0.11370269577166159,-17.966666666666665,-0.6121339874204903,1.7995596995596996,1.8549987049987051,-0.055439005439005436,4.596670203154078,20.77777777777778,187.0,34.0,22.0,198.0,36.0,NFC West,2,-1.2222222222222223,-11,0.54375,0.6216666666666666,5.055555555555555,3.897660940591975,1.3333333333333333,0.6666666666666666,0.9285714285714286,43.0,2.3333333333333335,-1.0,0.302978502978503,0.594,5.928888888888888,3.3992296489431464,1.8888888888888888,0.3333333333333333,0.8333333333333334,61.666666666666664,2.2222222222222223,0.302978502978503,0.40332979684592196,2013-11-17,2013,0.33832086041562054,0.31123443692021935,JAX,9.0,1.0,0.1111111111111111,11.444444444444445,103,10.88888888888889,98,-40.28888888888889,-1.1673061528170638,2.055555555555554,0.5852321088780643,1.09677791344458,3.1572168572168575,-2.060438943772277,1.2627663218936984,12.777777777777779,115.0,21.0,32.333333333333336,291.0,45.0,AFC South,1,-19.555555555555557,-176,0.5788690476190476,0.5734444444444444,4.142222222222222,2.844057483546573,0.4444444444444444,0.5555555555555556,1.0,50.77777777777778,1.8888888888888888,-5.0,0.28422660930400867,0.6566666666666667,8.38888888888889,4.596595745241701,2.0,1.5555555555555556,0.9666666666666667,39.666666666666664,1.3333333333333333,0.28422660930400867,-0.2627663218936984,2013,0.1979308600218256,0.39475682031154596,ARI vs. JAX,JAX,1344.3100096328033,27.0,ARI,1546.8365957857952,9.0,0,-13,9.5,0,334.0,-385.0,0,0
IND,10.0,7.0,0.7,10.8,108,10.9,109,-13.510000000000002,0.2230020356560054,-10.75,0.28163329104505547,2.4271606824548,2.032543706293706,0.3946169761610939,5.4864175627572696,25.2,252.0,45.0,22.0,220.0,39.0,AFC South,1,3.2,32,0.5514991181657849,0.6013,6.699,4.234365672019642,1.4,1.1,0.875,31.3,1.1,4.0,0.3958220211161388,0.6023,7.721000000000001,4.2929969274086925,1.4,0.8,0.8388888888888889,54.3,1.5,0.3958220211161388,1.5135824372427304,2013-11-24,2013,0.4797326015517805,0.37617405050685,ARI,10.0,6.0,0.6,11.8,118,12.2,122,-21.0,-0.4451354564975258,-19.389999999999997,-0.752056952314805,1.8272960372960374,1.7694988344988345,0.05779720279720282,5.422530463029873,21.4,214.0,39.0,21.2,212.0,38.0,NFC West,3,0.2,2,0.495679012345679,0.6309,5.601999999999999,3.5662281798661106,1.4,0.7,0.9375,42.9,2.1,1.0,0.30393065268065267,0.5989,5.746,3.259306684048832,1.8,0.4,0.75,59.5,2.2,0.30393065268065267,0.5774695369701268,2013,0.34959433215409746,0.2983146249220204,IND vs. ARI,ARI,1570.5974294186192,9.0,IND,1599.7724928184562,5.0,1,29,-3.5,1,-185.0,166.0,0,0
ARI,11.0,7.0,0.6363636363636364,11.636363636363637,128,12.0,132,-18.327272727272728,-0.40570165466717223,-21.29090909090909,-0.563509075107123,2.024814579360034,1.7086353040898494,0.31617927527018436,6.37772703546699,23.09090909090909,254.0,46.0,20.272727272727273,223.0,40.0,NFC West,4,2.8181818181818183,31,0.5161111111111112,0.6357272727272728,5.881818181818182,3.6056619816964646,1.4545454545454546,0.7272727272727273,0.9222222222222223,46.63636363636363,1.9090909090909092,2.0,0.3217551388005933,0.5910909090909091,5.536363636363636,3.4478545612565132,1.7272727272727273,0.36363636363636365,0.7727272727272727,62.18181818181818,2.090909090909091,0.3217551388005933,0.6222729645330096,2013-12-01,2013,0.37970494060264093,0.2926245995739121,PHI,11.0,6.0,0.5454545454545454,11.818181818181818,130,11.636363636363637,128,-1.336363636363636,0.8601751594510664,-16.481818181818184,0.012192089793253319,2.170238852057034,2.2018299881936247,-0.031591136136590696,5.538957627629766,25.09090909090909,276.0,48.0,23.636363636363637,260.0,45.0,NFC East,3,1.4545454545454546,16,0.4029761904761905,0.6070909090909091,9.141818181818183,4.871538795814703,1.9090909090909092,0.9090909090909091,0.787037037037037,57.63636363636363,1.3636363636363635,4.0,0.38531338411721183,0.6168181818181818,6.469090909090909,4.023555726156889,1.5454545454545454,0.6363636363636364,0.8111111111111111,64.72727272727273,1.7272727272727273,0.38531338411721183,0.46104237237023415,2013,0.3847063173942456,0.3343372917305828,ARI vs. PHI,PHI,1550.6477879672138,13.0,ARI,1624.7862175739062,6.0,1,3,-3.5,0,-185.0,166.0,0,0
LAR,12.0,5.0,0.4166666666666667,10.916666666666666,131,11.25,135,-12.558333333333335,0.06293749762669876,-4.175,-0.34026749952833585,2.336345598845599,2.14782196969697,0.1885236291486292,5.493717975881315,23.25,279.0,44.0,23.166666666666668,278.0,44.0,NFC West,-1,0.08333333333333333,1,0.4459464777646596,0.5755,7.1000000000000005,4.074301133990335,1.5833333333333333,0.5,0.8863636363636364,59.75,1.25,8.0,0.3418523598864156,0.6715,7.605833333333334,3.671096136835301,1.5,1.0833333333333333,0.75,64.91666666666667,1.9166666666666667,0.3418523598864156,-0.4937179758813146,2013-12-08,2013,0.32205878439009045,0.28535580806248284,ARI,12.0,7.0,0.5833333333333334,11.666666666666666,140,12.0,144,-18.349999999999998,-0.36526439556611995,-18.875,-0.5934773473686952,2.0019133644133644,1.7329156954156952,0.268997668997669,6.799263457614817,22.916666666666668,275.0,49.0,20.583333333333332,247.0,44.0,NFC West,-1,2.3333333333333335,28,0.5187786960514233,0.6315000000000001,5.859166666666667,3.6460992407975166,1.5833333333333333,0.6666666666666666,0.9222222222222223,47.333333333333336,2.0,-1.0,0.32271998834498833,0.5933333333333334,5.7175,3.4178862889949415,1.8333333333333333,0.3333333333333333,0.7916666666666666,61.0,1.9166666666666667,0.32271998834498833,0.20073654238518301,2013,0.3558548158195678,0.28520393973665975,LAR vs. ARI,ARI,1500.0,1.0,LAR,1500.0,1.0,1,20,-4.0,1,-199.0,179.0,1,0
ARI,13.0,8.0,0.6153846153846154,11.538461538461538,150,11.846153846153847,154,-16.076923076923077,-0.38852202947362124,-21.66923076923077,-0.45153337769624124,2.07868925945849,1.6765375649991034,0.40215169445938675,7.730363497342611,23.46153846153846,305.0,52.0,19.76923076923077,257.0,46.0,NFC West,1,3.6923076923076925,48,0.5102693602693603,0.6478461538461538,6.086153846153847,3.6228416068900153,1.5384615384615385,0.7692307692307693,0.8300000000000001,46.07692307692308,1.9230769230769231,0.0,0.34185141781295625,0.5933076923076923,5.468461538461539,3.559830258667395,1.6923076923076923,0.38461538461538464,0.8076923076923077,63.23076923076923,1.9230769230769231,0.34185141781295625,0.2696365026573888,2013-12-15,2013,0.3538569734041971,0.28191971984127867,TEN,13.0,5.0,0.38461538461538464,11.076923076923077,144,11.461538461538462,149,-19.76923076923077,0.1976739820048621,-20.215384615384615,0.06278260175305175,2.0540886463963384,2.1775611140995754,-0.12347246770323703,6.036537656513886,22.46153846153846,292.0,49.0,24.46153846153846,318.0,57.0,AFC South,-2,-2.0,-26,0.6287247474747475,0.6094615384615385,5.9592307692307696,4.209037618368499,1.3076923076923077,1.0769230769230769,0.8666666666666666,61.84615384615385,1.5384615384615385,0.0,0.42095682095682097,0.6281538461538462,6.121538461538462,4.074146238116688,0.9230769230769231,1.3846153846153846,0.7638888888888888,49.23076923076923,1.5384615384615385,0.42095682095682097,-1.036537656513886,2013,0.3131461831361216,0.32262124603960174,ARI vs. TEN,TEN,1403.6430153502324,20.0,ARI,1601.704456506368,9.0,0,-3,3.0,0,130.0,-144.0,0,0
ARI,14.0,9.0,0.6428571428571429,11.428571428571429,160,11.928571428571429,167,-15.028571428571427,-0.3595980172673526,-20.785714285714285,-0.4576866668491756,2.1944971694971693,1.7435980685980685,0.4508991008991009,8.280296749198643,24.428571428571427,342.0,58.0,20.785714285714285,291.0,52.0,NFC West,2,3.642857142857143,51,0.500603669834439,0.6492142857142857,6.210714285714286,3.651765619096284,1.5,0.8571428571428571,0.8454545454545456,47.714285714285715,1.7857142857142858,3.0,0.3531477451120308,0.5952857142857143,5.550714285714285,3.5536769695144614,1.8571428571428572,0.35714285714285715,0.7976190476190476,59.857142857142854,2.0,0.3531477451120308,0.7197032508013574,2013-12-22,2013,0.38113517345824943,0.3051431005310824,SEA,14.0,12.0,0.8571428571428571,10.857142857142858,152,10.785714285714286,151,0.821428571428573,0.2612278562274885,-34.214285714285715,-0.2008704227071904,2.508424908424909,1.3783298051155195,1.1300951033093891,10.638615333898608,27.142857142857142,380.0,68.0,14.642857142857142,205.0,40.0,NFC West,1,12.5,175,0.4836095528403221,0.6414285714285715,8.308571428571428,4.2725914925911255,1.7857142857142858,0.9285714285714286,0.9846153846153847,72.57142857142857,1.2142857142857142,16.0,0.39160690499976214,0.5864285714285715,3.7764285714285717,3.8104932136564464,1.0,0.2857142857142857,0.9772727272727273,53.285714285714285,2.357142857142857,0.39160690499976214,1.361384666101392,2013,0.49087131451827754,0.2717385934929308,ARI vs. SEA,SEA,1643.8100281330967,3.0,ARI,1502.8023901422937,12.0,0,-7,-8.0,0,-425.0,365.0,1,0
SFO,15.0,11.0,0.7333333333333333,10.866666666666667,163,11.533333333333333,173,-11.753333333333334,0.38073751942135214,-28.27333333333333,-0.18543158030686116,2.493365800865801,1.4712613312613314,1.0221044696044697,9.887594583370726,25.533333333333335,383.0,66.0,16.8,252.0,46.0,NFC West,5,8.733333333333333,131,0.5071949875521303,0.5766666666666667,7.161333333333333,4.392101155784989,1.2666666666666666,1.2,0.8974358974358974,55.0,1.2,10.0,0.3745313945313945,0.5822,4.964666666666667,3.8259320560567756,1.1333333333333333,0.7333333333333333,0.8888888888888888,56.53333333333333,1.8666666666666667,0.3745313945313945,1.112405416629274,2013-12-29,2013,0.43493609713600495,0.2678884967880334,ARI,15.0,10.0,0.6666666666666666,11.533333333333333,173,12.066666666666666,181,-17.546666666666667,-0.38754518257144593,-22.95333333333333,-0.35126513148347294,2.1353768453768454,1.674977244977245,0.4603996003996004,9.058907529803498,23.933333333333334,359.0,62.0,20.066666666666666,301.0,54.0,NFC West,3,3.8666666666666667,58,0.5260707546421832,0.6406,5.818,3.623818453792191,1.4666666666666666,0.8,0.8583333333333334,47.6,1.9333333333333333,1.0,0.35065719368350945,0.5827333333333333,5.338666666666667,3.6600985048801635,1.8,0.3333333333333333,0.7777777777777778,62.666666666666664,2.0,0.35065719368350945,0.9410924701965016,2013,0.3808661784786833,0.2971708999597094,SFO vs. ARI,ARI,1553.560430604831,7.0,SFO,1548.2926223389093,7.0,0,-3,-3.0,0,-160.0,144.0,1,0
LAR,1.0,1.0,1.0,11.0,11,10.0,10,0.7000000000000028,-1.2196969696969702,-5.799999999999997,-0.7036713286713292,2.4545454545454546,2.4,0.054545454545454675,0.5693367916529696,27.0,27.0,6.0,24.0,24.0,3.0,NFC West,1,3.0,3,0.5,0.711,7.74,2.7916666666666665,2.0,0.0,1.0,59.0,2.0,0.0,0.36363636363636365,0.65,7.48,3.3076923076923075,2.0,0.0,0.5,68.0,2.0,0.36363636363636365,0.4306632083470304,2013-09-15,2013,0.780361750007471,0.12919896250410912,ATL,1.0,0.0,0.0,12.0,12,10.0,10,-5.900000000000006,2.274350649350649,11.700000000000003,-1.3217084639498435,1.4166666666666667,2.3,-0.8833333333333331,0.32818497021132914,17.0,17.0,3.0,23.0,23.0,5.0,NFC South,-1,-6.0,-6,0.5,0.6579999999999999,7.21,6.285714285714286,2.0,0.0,1.0,19.0,2.0,-1.0,0.2727272727272727,0.743,9.6,2.689655172413793,2.0,0.0,1.0,57.0,1.0,0.2727272727272727,-0.32818497021132914,2013,0.16795375744716773,-0.16409248510566454,LAR vs. ATL,ATL,1450.0,17.0,LAR,1550.0,1.0,1,7,-4.0,1,-204.0,183.0,0,0
ATL,2.0,1.0,0.5,11.0,22,10.5,21,5.099999999999994,0.2564935064935061,-0.25,-0.7498693834900734,2.2583333333333333,2.2409090909090907,0.017424242424242675,0.9753411417780249,24.0,48.0,7.0,23.5,47.0,9.0,NFC South,1,0.5,1,1.0,0.7124999999999999,8.22,4.267857142857142,2.0,0.5,1.0,36.0,1.0,0.0,0.40559440559440557,0.6625000000000001,8.135,3.2614942528735633,2.5,0.0,1.0,55.0,1.0,0.40559440559440557,0.02465885822197511,2013-09-22,2013,0.322104818353496,0.21956975533328038,MIA,2.0,2.0,1.0,11.0,22,11.5,23,-7.399999999999999,-1.7062106572976141,-38.0,0.35402097902097873,2.1363636363636362,1.3257575757575757,0.8106060606060604,1.4844150441946957,23.5,47.0,9.0,15.0,30.0,6.0,AFC East,2,8.5,17,1.0,0.6539999999999999,7.6850000000000005,2.3051529790660226,1.0,1.5,1.0,38.5,1.0,2.0,0.4642857142857143,0.536,4.585,4.365384615384615,1.0,0.5,0.8333333333333333,35.0,2.0,0.4642857142857143,0.5155849558053043,2013,0.5145514682329032,0.19768499423547448,ATL vs. MIA,MIA,1600.0,1.0,ATL,1514.0064999802885,9.0,1,4,-3.0,1,-140.0,127.0,0,0
NWE,3.0,3.0,1.0,13.333333333333334,40,12.666666666666666,38,-21.433333333333334,-0.13658645276292317,-38.800000000000004,0.13541666666666638,1.5666666666666667,0.8606837606837607,0.705982905982906,2.196377893814252,19.666666666666668,59.0,13.0,11.333333333333334,34.0,5.0,AFC East,3,8.333333333333334,25,0.5,0.5796666666666667,5.233333333333333,3.874777183600713,1.6666666666666667,0.0,0.8888888888888888,38.666666666666664,1.3333333333333333,3.0,0.3907407407407408,0.5196666666666666,4.33,4.146780303030304,0.6666666666666666,0.3333333333333333,0.75,63.0,2.3333333333333335,0.3907407407407408,0.803622106185748,2013-09-29,2013,0.41205906150345606,0.12296588185025209,ATL,3.0,1.0,0.3333333333333333,10.666666666666666,32,10.333333333333334,31,-1.8000000000000018,0.4560966810966806,-3.633333333333335,0.16296586555207218,2.272222222222222,2.393939393939394,-0.12171717171717167,1.381465125134505,23.666666666666668,71.0,12.0,24.666666666666668,74.0,14.0,NFC South,-1,-1.0,-3,1.0,0.6766666666666666,7.463333333333334,4.467460317460318,2.0,0.3333333333333333,0.9166666666666666,43.666666666666664,1.3333333333333333,0.0,0.4219114219114219,0.6703333333333333,7.233333333333333,4.174329501915708,2.3333333333333335,0.3333333333333333,1.0,41.0,1.3333333333333333,0.4219114219114219,-0.3814651251345049,2013,0.3273168593581869,0.24365041127007453,NWE vs. ATL,ATL,1476.135291917265,16.0,NWE,1625.527670641467,1.0,0,-7,-3.0,0,-156.0,141.0,0,0
NYJ,4.0,2.0,0.5,14.0,56,13.25,53,-34.6,-0.1288025350545351,-17.175,-0.9698313782991206,1.212820512820513,1.719642857142857,-0.5068223443223443,1.6268186131442035,17.0,68.0,14.0,22.0,88.0,16.0,AFC East,-1,-5.0,-20,0.7222222222222222,0.5680000000000001,5.2625,3.8825611013091015,1.0,0.5,1.0,86.25,3.0,-10.0,0.34676434676434675,0.5197499999999999,6.45,3.041532258064516,1.75,0.25,0.9166666666666666,62.25,0.5,0.34676434676434675,0.3731813868557965,2013-10-07,2013,0.27332383667848725,0.25457972730987144,ATL,4.0,1.0,0.25,10.75,43,10.0,40,-3.8500000000000014,0.3058982683982677,2.224999999999998,0.18389961910540298,2.2268939393939395,2.628787878787879,-0.4018939393939394,1.7290399478526655,23.5,94.0,17.0,26.0,104.0,20.0,NFC South,-2,-2.5,-10,1.0,0.665,7.4225,4.317261904761905,2.0,0.25,0.9375,46.5,1.25,-1.0,0.42357642357642356,0.664,8.295,4.195263255469039,2.25,0.5,1.0,54.0,1.0,0.42357642357642356,-0.7290399478526655,2013,0.3232925632936319,0.2838700065184168,NYJ vs. ATL,ATL,1446.4007652579553,21.0,NYJ,1500.2899218752325,11.0,0,-2,-10.0,0,-467.0,398.0,0,0
TAM,5.0,0.0,0.0,11.2,56,11.8,59,-38.239999999999995,-0.22848135735232536,-15.420000000000005,-0.2988557993730409,1.1408158508158508,1.7672261072261073,-0.6264102564102564,1.5064446331943893,12.8,64.0,11.0,20.2,101.0,21.0,NFC South,-5,-7.4,-37,0.6833333333333333,0.5037999999999999,4.366,3.782882279011311,1.0,0.2,0.7,82.6,1.8,0.0,0.38112942612942613,0.6274,6.178,3.7125078369905955,1.6,0.2,0.95,50.2,1.8,0.38112942612942613,-1.5064446331943893,2013-10-20,2013,0.13724681798164898,0.17750733119633158,ATL,5.0,1.0,0.2,10.4,52,9.8,49,-1.4400000000000006,0.024264069264068676,10.119999999999996,0.41757424073886773,2.403737373737374,2.7696969696969695,-0.365959595959596,2.1882525072654073,24.4,122.0,21.0,26.8,134.0,26.0,NFC South,-3,-2.4,-12,0.875,0.6928,7.412000000000001,4.0356277056277055,2.0,0.6,0.9375,46.4,1.2,-2.0,0.43886113886113887,0.6912,8.936,4.428937877102504,2.4,0.4,1.0,48.0,0.8,0.43886113886113887,-1.1882525072654073,2013,0.3078719128747171,0.2983895298412221,TAM vs. ATL,ATL,1404.094439648372,26.0,TAM,1316.267117877844,28.0,1,8,-6.0,1,-250.0,222.0,1,0
ATL,7.0,2.0,0.2857142857142857,10.428571428571429,73,10.142857142857142,71,-2.0,-0.7104050711193572,6.9571428571428555,0.6756328064646827,2.3637806637806635,2.6277056277056277,-0.26392496392496395,3.0083911431729553,23.714285714285715,166.0,28.0,26.285714285714285,184.0,36.0,NFC South,-1,-2.5714285714285716,-18,0.6547619047619048,0.6842857142857143,7.37,3.3009585652442794,2.0,0.42857142857142855,0.9583333333333334,55.42857142857143,1.5714285714285714,-5.0,0.41823414680557536,0.6812857142857143,8.374285714285714,4.686996442828319,2.2857142857142856,0.42857142857142855,1.0,56.42857142857143,0.8571428571428571,0.41823414680557536,-1.0083911431729553,2013-11-03,2013,0.32830733462066,0.3615652290659429,CAR,7.0,4.0,0.5714285714285714,9.571428571428571,67,10.428571428571429,73,-0.48571428571428654,0.10984352381663566,-25.514285714285716,-0.24428547642833381,2.598701298701299,1.3178210678210678,1.2808802308802307,4.412565273899276,24.285714285714285,170.0,29.0,13.714285714285714,96.0,20.0,NFC South,3,10.571428571428571,74,0.20833333333333334,0.6732857142857143,7.515714285714286,4.121207160180272,1.7142857142857142,1.0,1.0,49.285714285714285,1.2857142857142858,6.0,0.44319470212327355,0.6627142857142857,4.7628571428571425,3.767078159935303,0.8571428571428571,0.2857142857142857,0.8214285714285714,53.285714285714285,2.142857142857143,0.44319470212327355,-0.41256527389927644,2013,0.40732538818106817,0.21868629064973477,ATL vs. CAR,CAR,1535.076115874941,10.0,ATL,1396.0716690861348,20.0,1,24,-10.0,1,-420.0,361.0,1,0
SEA,9.0,8.0,0.8888888888888888,11.11111111111111,100,10.88888888888889,98,-6.455555555555556,0.4829286561373542,-32.233333333333334,-0.007634583923150491,2.2752223085556422,1.5311056227722895,0.7441166857833524,6.437848324564497,25.77777777777778,232.0,42.0,16.555555555555557,149.0,28.0,NFC West,4,9.222222222222221,83,0.4931547619047619,0.6176666666666667,7.467777777777777,4.49429229250099,1.7777777777777777,0.8888888888888888,0.975,71.0,1.6666666666666667,6.0,0.3746027121027121,0.5895555555555556,4.207777777777778,4.0037290524404865,1.0,0.4444444444444444,0.96875,61.22222222222222,2.3333333333333335,0.3746027121027121,1.5621516754355032,2013-11-10,2013,0.49290041152032343,0.30356037064874614,ATL,8.0,2.0,0.25,10.5,84,10.125,81,-5.612500000000001,-0.6355248917748922,2.037499999999998,0.585970372323264,2.1819444444444445,2.724242424242424,-0.5422979797979798,3.0605275172708883,22.0,176.0,30.0,27.25,218.0,41.0,NFC South,-2,-5.25,-42,0.6428571428571429,0.691375,6.89375,3.3758387445887443,1.875,0.375,0.9642857142857143,55.875,1.875,-7.0,0.41595487845487844,0.673875,7.9087499999999995,4.597334008686901,2.125,0.625,1.0,51.25,1.0,0.41595487845487844,-1.0605275172708883,2013,0.3097978786932639,0.37579995646897163,SEA vs. ATL,ATL,1365.072837341852,22.0,SEA,1701.948076148145,2.0,0,-23,3.5,0,159.0,-177.0,0,0
ATL,9.0,2.0,0.2222222222222222,10.222222222222221,92,10.0,90,-6.844444444444445,-0.5661736411736417,5.51111111111111,0.6333565406702221,2.0783950617283953,2.828956228956229,-0.750561167227834,3.116273163993798,20.666666666666668,186.0,32.0,27.88888888888889,251.0,48.0,NFC South,-3,-7.222222222222222,-65,0.6736111111111112,0.6855555555555556,6.69,3.445189995189995,1.7777777777777777,0.3333333333333333,0.96875,51.333333333333336,1.7777777777777777,-8.0,0.4067747067747068,0.6802222222222222,8.393333333333333,4.644720177033858,2.111111111111111,0.6666666666666666,1.0,54.44444444444444,0.8888888888888888,0.4067747067747068,-1.1162731639937982,2013-11-17,2013,0.3046850951113508,0.40792455324481197,TAM,9.0,1.0,0.1111111111111111,10.88888888888889,98,11.0,99,-25.511111111111106,-0.06849817371888717,-5.188888888888891,-0.6624395293935526,1.5085340585340585,2.2008719675386343,-0.6923379090045757,2.9663582622007487,16.22222222222222,146.0,27.0,23.22222222222222,209.0,39.0,NFC South,1,-7.0,-63,0.6010416666666667,0.5524444444444444,5.155555555555555,3.942865462644749,1.3333333333333333,0.2222222222222222,0.8333333333333334,78.44444444444444,1.3333333333333333,2.0,0.3632013774170637,0.6665555555555556,6.928888888888888,3.348924106970084,1.8888888888888888,0.4444444444444444,0.9722222222222222,60.888888888888886,1.5555555555555556,0.3632013774170637,-1.9663582622007487,2013,0.21531556340201788,0.26409879660400765,ATL vs. TAM,TAM,1316.267117877844,28.0,ATL,1404.094439648372,26.0,1,13,-1.0,1,-127.0,115.0,1,0
NOR,10.0,8.0,0.8,11.0,110,11.1,111,5.620000000000003,-0.2778150766354037,-28.24,0.9963306182121968,2.6681468531468533,1.6427389277389277,1.0254079254079254,6.938503641236896,28.8,288.0,52.0,18.3,183.0,33.0,NFC South,2,10.5,105,0.5778659611992946,0.6888,8.528,3.733548559728233,2.6,0.7,0.6916666666666667,44.3,1.3,3.0,0.4468789543789544,0.5497,5.302,5.007694254575833,1.1,0.8,0.8333333333333334,49.0,1.6,0.4468789543789544,1.0614963587631037,2013-11-21,2013,0.5229071005960739,0.2991255674226869,ATL,10.0,2.0,0.2,10.3,103,10.2,102,-9.09,-0.15069264069264116,8.029999999999998,0.6583582071773625,2.12510101010101,2.8877272727272727,-0.7626262626262627,3.4045349523390067,21.4,214.0,37.0,29.2,292.0,54.0,NFC South,-4,-7.8,-78,0.6111111111111112,0.6728,6.5280000000000005,3.8606709956709957,1.8,0.4,0.9722222222222222,50.7,1.9,-11.0,0.3803829503829504,0.6921999999999999,8.61,4.669721843541,2.1,0.8,0.9666666666666666,61.1,0.8,0.3803829503829504,-1.4045349523390067,2013,0.3087691327800551,0.4021128554644055,NOR vs. ATL,ATL,1500.0,1.0,NOR,1500.0,1.0,0,-4,7.5,1,289.0,-330.0,1,0
ATL,11.0,2.0,0.18181818181818182,10.090909090909092,111,10.0,110,-8.772727272727273,-0.12562967335694653,8.627272727272725,0.6083834941281808,2.0796372819100095,2.818388429752066,-0.738751147842057,3.750734772013734,20.636363636363637,227.0,40.0,28.09090909090909,309.0,57.0,NFC South,-5,-7.454545454545454,-82,0.63,0.6815454545454546,6.55,3.88573396300669,1.6363636363636365,0.45454545454545453,0.9416666666666667,48.36363636363637,1.8181818181818181,-12.0,0.39125722762086396,0.6926363636363636,8.683636363636364,4.619747130491818,2.090909090909091,0.7272727272727273,0.9696969696969696,61.54545454545455,0.7272727272727273,0.39125722762086396,-1.7507347720137338,2013-12-01,2013,0.3030062318750619,0.3886017504092704,BUF,11.0,4.0,0.36363636363636365,12.454545454545455,137,12.636363636363637,139,-24.80909090909091,0.08302921560098567,-21.690909090909088,0.021946586020312197,1.7381803802258347,2.0560146923783287,-0.31783431215249397,4.520721846514824,21.454545454545453,236.0,43.0,24.818181818181817,273.0,47.0,AFC East,1,-3.3636363636363638,-37,0.5505555555555556,0.5722727272727273,5.404545454545455,4.094392851964622,1.0909090909090908,0.8181818181818182,0.925,58.09090909090909,1.5454545454545454,3.0,0.34733474729604763,0.5724545454545454,5.7727272727272725,4.033310222383949,2.0,0.36363636363636365,0.696969696969697,57.45454545454545,1.8181818181818181,0.34733474729604763,-0.5207218465148236,2013,0.29901059097535676,0.2913839589364312,ATL vs. BUF,BUF,1462.6883627903433,24.0,ATL,1289.5582188822818,25.0,0,-3,-5.0,0,-212.0,190.0,0,0
ATL,12.0,3.0,0.25,10.416666666666666,125,10.333333333333334,124,-9.466666666666667,-0.029996392496392927,6.799999999999998,0.7475981149742927,2.1087151274651275,2.7680465367965366,-0.6593314093314093,4.305248410196401,21.75,261.0,46.0,28.333333333333332,340.0,62.0,NFC South,1,-6.583333333333333,-79,0.6057851239669422,0.6744166666666667,6.521666666666667,3.981367243867244,1.5833333333333333,0.6666666666666666,0.9469696969696969,50.583333333333336,1.75,-11.0,0.40494875494875493,0.6818333333333334,8.559166666666666,4.758961751337929,2.0,0.9166666666666666,0.9722222222222222,60.5,0.8333333333333334,0.40494875494875493,-1.305248410196401,2013-12-08,2013,0.3279723820873104,0.40394798290848327,GNB,12.0,5.0,0.4166666666666667,10.833333333333334,130,10.916666666666666,131,-12.233333333333336,0.4462738641351054,-1.2333333333333354,0.34843502749681193,2.4256613756613756,2.3635010822510822,0.06216029341029339,5.841513522036531,24.5,294.0,54.0,25.416666666666668,305.0,51.0,NFC North,-1,-0.9166666666666666,-11,0.41921159648432377,0.6389166666666667,7.177499999999999,4.457637500498742,1.4166666666666667,0.9166666666666666,0.890909090909091,52.25,1.5,-4.0,0.36207736299648063,0.6323333333333333,8.190833333333334,4.359798663860449,1.8333333333333333,0.9166666666666666,0.736111111111111,57.583333333333336,1.1666666666666667,0.36207736299648063,-0.8415135220365313,2013,0.3862553011602739,0.32956921779652476,ATL vs. GNB,GNB,1338.4000624142034,17.0,ATL,1362.5975153165537,27.0,1,1,-3.5,0,-185.0,166.0,0,0
WAS,13.0,3.0,0.23076923076923078,11.615384615384615,151,11.0,143,-22.153846153846153,0.8644751723295966,-0.9538461538461532,0.04182299850218009,1.8950920873997796,2.906150259996414,-1.011058172596634,4.1765212960042835,21.46153846153846,279.0,43.0,31.307692307692307,407.0,60.0,NFC East,-5,-9.846153846153847,-128,0.47226731601731603,0.5980769230769231,5.718461538461539,4.875838808693233,1.2307692307692308,1.0,0.7348484848484849,50.92307692307692,1.6923076923076923,-3.0,0.40245661201543553,0.6673076923076924,7.931538461538461,4.053186634865816,1.9230769230769231,1.4615384615384615,0.8589743589743589,43.23076923076923,1.4615384615384615,0.40245661201543553,-1.1765212960042835,2013-12-15,2013,0.2589962222474864,0.34933228738017374,ATL,13.0,3.0,0.23076923076923078,10.384615384615385,135,10.307692307692308,134,-10.207692307692307,-0.058663438011264515,5.576923076923076,0.6425963951744055,2.108044733044733,2.7243506493506495,-0.6163059163059164,4.777713187545997,21.692307692307693,282.0,48.0,27.846153846153847,362.0,67.0,NFC South,-1,-6.153846153846154,-80,0.5900252525252525,0.6664615384615384,6.453076923076923,3.9527001983523724,1.6153846153846154,0.6153846153846154,0.8680555555555555,47.84615384615385,1.7692307692307692,-11.0,0.4093018093018093,0.6870769230769231,8.374615384615385,4.653960031538042,1.9230769230769231,0.9230769230769231,0.9743589743589743,56.61538461538461,0.9230769230769231,0.4093018093018093,-1.7777131875459968,2013,0.30693434016968213,0.39316487740207706,WAS vs. ATL,ATL,1309.1208413600286,29.0,WAS,1297.079352349795,29.0,1,1,-5.5,0,-230.0,205.0,0,0
ATL,14.0,4.0,0.2857142857142857,10.642857142857142,149,10.642857142857142,149,-10.607142857142858,-0.15732569707725025,4.749999999999999,0.6605108146903956,2.09522521129664,2.6535636982065554,-0.5583384869099155,5.300059435744142,22.071428571428573,309.0,53.0,27.714285714285715,388.0,72.0,NFC South,1,-5.642857142857143,-79,0.5623901739286354,0.6733571428571429,6.300714285714286,3.8540379392863864,1.5714285714285714,0.7142857142857143,0.8782051282051282,49.642857142857146,1.7857142857142858,-6.0,0.40557616986188416,0.684,8.320714285714285,4.671874451054032,2.0,0.8571428571428571,0.9761904761904762,57.285714285714285,1.3571428571428572,0.40557616986188416,-1.3000594357441422,2013-12-23,2013,0.3226734659182936,0.4038330396099817,SFO,14.0,10.0,0.7142857142857143,11.071428571428571,155,11.571428571428571,162,-12.971428571428573,0.22064950673932748,-29.75,-0.13000786201709147,2.3678919294990726,1.4205072705072705,0.9473846589918019,9.192194776909005,24.928571428571427,349.0,61.0,16.285714285714285,228.0,42.0,NFC West,4,8.642857142857142,121,0.52423196461658,0.5736428571428572,6.992857142857143,4.232013143102964,1.2857142857142858,1.1428571428571428,0.8888888888888888,55.714285714285715,1.2857142857142858,8.0,0.369537605251891,0.5687142857142857,4.886428571428572,3.881355774346545,1.0714285714285714,0.7142857142857143,0.8787878787878788,57.92857142857143,1.8571428571428572,0.369537605251891,0.8078052230909947,2013,0.41625627585647496,0.2557000967239073,ATL vs. SFO,SFO,1708.6159747638558,4.0,ATL,1357.3886253098826,25.0,1,10,-15.5,0,-1000.0,760.0,0,0
CAR,15.0,11.0,0.7333333333333333,9.8,147,10.4,156,-9.853333333333333,0.26649661544816833,-25.1,-0.06807450066273629,2.484921004921005,1.4893987493987493,0.9955222555222555,9.620792337907258,23.0,345.0,60.0,14.733333333333333,221.0,47.0,NFC South,2,8.266666666666667,124,0.4115745365745366,0.6359999999999999,6.742666666666667,4.277860251811805,1.4666666666666666,0.9333333333333333,0.9102564102564104,42.2,1.1333333333333333,12.0,0.4269953956718663,0.6570666666666667,4.733333333333333,3.9432891357009003,1.0,0.26666666666666666,0.8777777777777778,46.46666666666667,1.9333333333333333,0.4269953956718663,1.3792076620927425,2013-12-29,2013,0.44569272549912226,0.3088986154351961,ATL,15.0,4.0,0.26666666666666666,10.666666666666666,160,10.466666666666667,157,-10.406666666666665,-0.21092822636300934,4.786666666666665,0.7912747401756823,2.100998075998076,2.759992784992785,-0.6589947089947091,5.604659629282421,22.2,333.0,57.0,28.133333333333333,422.0,77.0,NFC South,-1,-5.933333333333334,-89,0.5732398553827125,0.6798666666666667,6.284666666666666,3.800435410000627,1.6,0.7333333333333333,0.8869047619047619,48.8,1.8,-8.0,0.4140933140933141,0.6796666666666666,8.400666666666668,4.802638376539319,1.9333333333333333,0.9333333333333333,0.9777777777777777,56.46666666666667,1.2666666666666666,0.4140933140933141,-1.6046596292824207,2013,0.3181393338045425,0.40528289110201854,CAR vs. ATL,ATL,1396.0716690861348,20.0,CAR,1535.076115874941,10.0,0,-1,5.5,1,205.0,-230.0,1,0
CLE,1.0,0.0,0.0,12.0,12,11.0,11,-55.1,-0.3959790209790208,-19.5,-3.1417984189723325,0.8333333333333334,2.090909090909091,-1.2575757575757573,0.12196047194996402,10.0,10.0,2.0,23.0,23.0,5.0,AFC North,-1,-13.0,-13,0.5,0.491,2.43,3.615384615384616,1.0,0.0,1.0,57.0,3.0,-2.0,0.07142857142857142,0.632,6.05,0.8695652173913043,1.0,1.0,1.0,77.0,1.0,0.07142857142857142,-0.12196047194996402,2013-09-15,2013,0.14633992134167265,-0.05543657815907457,BAL,1.0,0.0,0.0,18.0,18,16.0,16,-32.400000000000006,-1.2494588744588748,39.400000000000006,-1.1852766798418974,1.5,3.0625,-1.5625,0.19584307430646192,27.0,27.0,5.0,49.0,49.0,7.0,AFC North,-1,-22.0,-22,0.5,0.5479999999999999,4.6,2.761904761904762,2.0,1.0,1.0,53.0,2.0,0.0,0.36363636363636365,0.643,13.93,2.8260869565217392,7.0,0.0,,61.0,2.0,0.36363636363636365,-0.19584307430646192,2013,0.2233769238037606,-0.08568134500907706,CLE vs. BAL,BAL,1450.0,17.0,CLE,1450.0,17.0,1,8,-5.5,1,-250.0,222.0,1,0
HOU,2.0,2.0,1.0,13.0,26,12.0,24,-8.25,1.2029220779220777,-8.399999999999999,-0.2083333333333337,2.4875,2.195804195804196,0.2916958041958042,1.1892304089189245,30.5,61.0,8.0,26.0,52.0,7.0,AFC South,2,4.5,9,1.0,0.649,6.425,5.214285714285714,3.0,0.5,0.25,56.5,1.5,-2.0,0.4072398190045249,0.525,6.574999999999999,3.8030303030303028,3.0,0.0,0.5,62.5,0.5,0.4072398190045249,0.8107695910810755,2013-09-22,2013,0.43242609093555007,0.2640705653659902,BAL,2.0,1.0,0.5,14.5,29,14.0,28,-19.900000000000006,-1.2554112554112558,6.450000000000003,-0.9733201581027671,1.3863636363636362,1.78125,-0.39488636363636365,1.0774875558155046,20.5,41.0,7.0,27.5,55.0,9.0,AFC North,1,-7.0,-14,0.0,0.6074999999999999,5.59,2.755952380952381,1.5,1.0,0.5,47.0,1.5,-1.0,0.4318181818181818,0.619,9.585,3.0380434782608696,3.5,0.0,1.0,47.0,1.0,0.4318181818181818,-0.0774875558155046,2013,0.23202736395330117,0.14826092852965106,HOU vs. BAL,BAL,1500.0,9.0,HOU,1600.0,1.0,1,21,-1.0,1,-116.0,105.0,0,0
BAL,3.0,2.0,0.6666666666666666,12.333333333333334,37,12.666666666666666,38,-18.066666666666674,-1.3676104361588237,-5.73333333333333,-0.6236824769433467,2.1742424242424243,1.4875,0.6867424242424244,2.022982524222738,23.666666666666668,71.0,11.0,21.333333333333332,64.0,12.0,AFC North,2,2.3333333333333335,7,0.5,0.6273333333333334,5.963333333333334,2.643753200204813,1.0,1.0,0.6666666666666666,60.333333333333336,1.0,0.0,0.4545454545454546,0.6506666666666666,7.579999999999999,3.3876811594202905,2.3333333333333335,0.0,1.0,69.0,1.0,0.4545454545454546,-0.022982524222737943,2013-09-29,2013,0.2950197498518008,0.208107102713396,BUF,3.0,1.0,0.3333333333333333,12.666666666666666,38,13.666666666666666,41,-12.6,0.4270202020202018,-20.03333333333333,0.31941410156080163,1.741924741924742,1.808080808080808,-0.06615606615606621,1.300825428060597,21.666666666666668,65.0,12.0,24.333333333333332,73.0,15.0,AFC East,-1,-2.6666666666666665,-8,0.25,0.6036666666666667,6.396666666666666,4.438383838383839,1.3333333333333333,0.3333333333333333,0.875,72.33333333333333,1.3333333333333333,2.0,0.31949531949531945,0.5543333333333332,6.506666666666667,4.330777737924438,2.0,0.3333333333333333,1.0,78.0,2.0,0.31949531949531945,-0.3008254280605971,2013,0.2841236391515161,0.2072164112121223,BAL vs. BUF,BUF,1450.0,16.0,BAL,1564.0064999802885,8.0,1,3,4.0,1,175.0,-195.0,0,0
BAL,4.0,2.0,0.5,13.25,53,13.5,54,-27.500000000000004,-1.3618820695433604,-18.025,-0.5478754940711464,1.9431818181818181,1.475,0.46818181818181814,2.440922487786375,22.75,91.0,15.0,21.75,87.0,17.0,AFC North,-1,1.0,4,0.4444444444444444,0.5955,5.1525,2.6494815668202762,1.25,0.75,0.75,60.0,2.0,-2.0,0.38778409090909094,0.60175,6.56,3.46348814229249,2.0,0.25,1.0,76.5,1.5,0.38778409090909094,-0.4409224877863749,2013-10-06,2013,0.25182152209058667,0.20140887827607235,MIA,4.0,3.0,0.75,10.75,43,11.0,44,-17.8,0.15437074790621663,-12.199999999999998,0.09632867132867085,2.1295454545454544,2.1015151515151516,0.028030303030303017,2.207680998083853,22.75,91.0,17.0,22.75,91.0,17.0,AFC East,-1,0.0,0,0.8333333333333334,0.6557499999999999,5.9225,4.165734384269854,1.25,1.25,1.0,28.75,2.0,-1.0,0.4613095238095238,0.6114999999999999,6.8375,4.107692307692307,2.0,0.5,0.7291666666666666,43.5,1.75,0.4613095238095238,0.7923190019161468,2013,0.4736594362358982,0.3663035399578096,BAL vs. MIA,MIA,1586.1317712434843,6.0,BAL,1498.1642063695244,11.0,0,-3,-2.5,0,-138.0,125.0,0,0
GNB,4.0,2.0,0.5,11.25,45,11.0,44,2.899999999999997,1.1458034290271129,5.049999999999997,-0.06509170653907537,2.6801587301587304,2.121212121212121,0.5589466089466089,2.5267181728584593,29.5,118.0,21.0,24.25,97.0,15.0,NFC North,1,5.25,21,0.4166666666666667,0.6625,8.64,5.15716706539075,2.25,0.75,1.0,52.75,1.75,-2.0,0.38629807692307694,0.67025,8.42,3.946271929824561,2.25,0.75,0.41666666666666663,64.0,1.25,0.38629807692307694,-0.5267181728584593,2013-10-13,2013,0.4052162131665131,0.21079106481319948,BAL,5.0,3.0,0.6,13.2,66,13.4,67,-27.76,-1.2267783829074155,-17.919999999999998,-0.8405731225296446,1.9545454545454546,1.5338461538461536,0.42069930069930067,3.013057549256121,23.4,117.0,21.0,22.0,110.0,21.0,AFC North,1,1.4,7,0.5208333333333333,0.5952,5.41,2.784585253456221,1.0,1.0,0.8,60.8,2.0,-4.0,0.38522727272727275,0.5864,6.708,3.170790513833992,1.8,0.2,0.9375,74.2,1.2,0.38522727272727275,-0.013057549256120904,2013,0.31735088322915594,0.249927735718273,GNB vs. BAL,BAL,1560.560001435911,7.0,GNB,1518.657095420992,17.0,0,-2,1.0,0,111.0,-123.0,0,0
BAL,6.0,3.0,0.5,13.333333333333334,80,13.5,81,-21.61666666666667,-1.3348153190895131,-17.833333333333332,-0.5912604303908654,1.8311688311688312,1.5043956043956044,0.32677322677322673,3.4475353361548526,22.333333333333332,134.0,24.0,21.5,129.0,26.0,AFC North,-1,0.8333333333333334,5,0.5166666666666666,0.594,6.238333333333333,2.676548317274124,1.1666666666666667,0.8333333333333334,0.8333333333333334,57.333333333333336,1.8333333333333333,-3.0,0.3448322510822511,0.5771666666666667,7.011666666666667,3.420103205972771,1.6666666666666667,0.16666666666666666,0.9099999999999999,71.0,1.3333333333333333,0.3448322510822511,-0.44753533615485264,2013-10-20,2013,0.27762323319225735,0.2435474923044729,PIT,5.0,1.0,0.2,11.2,56,10.8,54,-13.239999999999998,-0.9912537462537468,-17.24,0.023314234784822842,1.5520279720279722,2.1434343434343432,-0.5914063714063713,1.8835696721728734,17.6,88.0,18.0,23.2,116.0,21.0,AFC North,1,-5.6,-28,0.4,0.6582,6.645999999999999,3.02010989010989,1.2,0.4,1.0,46.8,2.2,-9.0,0.34775058275058274,0.5944,6.5,4.034677871148459,0.8,1.2,0.9333333333333332,63.6,0.4,0.34775058275058274,-0.8835696721728734,2013,0.26462766393174386,0.24238902549766542,BAL vs. PIT,PIT,1400.682006158083,25.0,BAL,1504.5587581042698,12.0,1,3,-2.5,1,-127.0,115.0,1,0
BAL,7.0,3.0,0.42857142857142855,12.428571428571429,87,12.571428571428571,88,-19.128571428571433,-1.2666299138649373,-14.657142857142857,-0.3852653218845125,1.8961038961038963,1.6772370486656203,0.21886684743827595,3.8470986155646605,21.428571428571427,150.0,28.0,21.142857142857142,148.0,31.0,AFC North,-2,0.2857142857142857,2,0.46388888888888885,0.61,6.292857142857144,2.7447337224986996,1.1428571428571428,0.7142857142857143,0.8571428571428571,58.714285714285715,1.5714285714285714,-2.0,0.3669990723562152,0.6002857142857143,7.034285714285714,3.626098314479124,1.5714285714285714,0.14285714285714285,0.9249999999999999,68.0,1.2857142857142858,0.3669990723562152,-0.8470986155646605,2013-11-03,2013,0.282892017675188,0.25931808915177845,CLE,8.0,3.0,0.375,11.5,92,11.5,92,-24.025,0.0065514215909833196,-18.1875,-0.4385769306381585,1.606818181818182,1.978932178932179,-0.3721139971139971,3.114780171772071,18.5,148.0,26.0,22.375,179.0,33.0,AFC North,-3,-3.875,-31,0.48095238095238096,0.558125,5.5287500000000005,4.01791505795462,1.625,0.125,0.9166666666666666,68.25,1.375,-2.0,0.3307364612511671,0.607375,5.6674999999999995,3.5727867057254783,1.375,1.125,0.78125,53.375,1.125,0.3307364612511671,-0.1147801717720709,2013,0.2785539613232692,0.3087123020808718,BAL vs. CLE,CLE,1450.0,17.0,BAL,1450.0,17.0,1,6,1.0,1,102.0,-113.0,1,0
CIN,9.0,6.0,0.6666666666666666,11.0,99,11.222222222222221,101,-7.599999999999999,-0.40425178015565416,-21.322222222222223,-0.06885481802148503,2.210942760942761,1.667880267880268,0.5430624930624932,5.337974276611802,24.11111111111111,217.0,35.0,18.444444444444443,166.0,30.0,AFC North,-1,5.666666666666667,51,0.4875,0.6599999999999999,7.368888888888888,3.607111856207982,1.7777777777777777,0.7777777777777778,0.7619047619047619,59.0,1.8888888888888888,-4.0,0.4368691584377859,0.5992222222222222,5.628888888888889,3.942508818342152,1.2222222222222223,0.4444444444444444,0.8333333333333334,41.55555555555556,1.4444444444444444,0.4368691584377859,0.6620257233881981,2013-11-10,2013,0.3795408533317474,0.2858754364154521,BAL,8.0,3.0,0.375,12.375,99,12.5,100,-19.2875,-1.2823406767963224,-11.524999999999999,-0.52387243878061,1.8465909090909092,1.7175824175824177,0.12900849150849145,4.18295684280144,21.0,168.0,31.0,21.5,172.0,35.0,AFC North,-3,-0.5,-4,0.4511904761904762,0.6068749999999999,6.171250000000001,2.729022959567314,1.25,0.625,0.875,61.375,1.625,-3.0,0.3758116883116883,0.606375,7.175,3.4874911975830267,1.75,0.125,0.9357142857142857,66.375,1.25,0.3758116883116883,-1.18295684280144,2013,0.2668287094358022,0.254495638127437,CIN vs. BAL,BAL,1391.4755220390114,17.0,CIN,1597.21405297726,6.0,1,3,-1.0,1,-116.0,105.0,1,0
BAL,9.0,4.0,0.4444444444444444,12.666666666666666,114,12.777777777777779,115,-22.011111111111113,-1.2707506352667648,-15.82222222222222,-0.48126393385255917,1.7895622895622896,1.6526658526658526,0.13689643689643682,4.778076246187415,20.88888888888889,188.0,35.0,21.0,189.0,38.0,AFC North,1,-0.1111111111111111,-1,0.478125,0.6012222222222222,5.652222222222223,2.740613001096872,1.3333333333333333,0.5555555555555556,0.8888888888888888,61.77777777777778,1.7777777777777777,-3.0,0.3548881673881674,0.5913333333333334,6.702222222222222,3.5300997025110776,1.7777777777777777,0.1111111111111111,0.88125,73.88888888888889,1.4444444444444444,0.3548881673881674,-0.7780762461874149,2013-11-17,2013,0.28047498185520514,0.26515275617862627,CHI,9.0,5.0,0.5555555555555556,10.777777777777779,97,10.88888888888889,98,-8.17777777777778,0.6626663229632574,-15.133333333333335,0.4412940834151735,2.696885521885522,2.5052965552965554,0.19158896658896651,4.7527483677022575,28.77777777777778,259.0,41.0,27.444444444444443,247.0,41.0,NFC North,-1,1.3333333333333333,12,0.4007440476190476,0.6307777777777778,7.118888888888888,4.674029959326894,1.8888888888888888,0.8888888888888888,0.9629629629629629,39.666666666666664,1.3333333333333333,8.0,0.37411586235115646,0.6316666666666666,6.768888888888889,4.45265771977881,1.5555555555555556,1.1111111111111112,0.8571428571428571,36.888888888888886,2.2222222222222223,0.37411586235115646,0.2472516322977425,2013,0.4342924592488058,0.3833756427712103,BAL vs. CHI,CHI,1495.8832411333285,9.0,BAL,1468.0479992123726,14.0,1,3,-4.0,0,-202.0,181.0,0,0
NYJ,10.0,5.0,0.5,12.4,124,11.9,119,-33.730000000000004,0.35351775156042964,-7.25,-0.9627404276538405,1.5411888111888112,2.3595393495393493,-0.8183505383505384,3.5500099357919015,18.3,183.0,38.0,26.8,268.0,44.0,AFC East,-1,-8.5,-85,0.569047619047619,0.5631999999999999,4.995,4.364881387924067,0.9,0.6,0.9,62.9,2.1,-14.0,0.35965811965811967,0.607,7.45,3.048623208709796,1.9,0.6,0.9166666666666666,61.2,0.7,0.35965811965811967,1.4499900642080985,2013-11-24,2013,0.35088679229024816,0.3863861872480306,BAL,10.0,4.0,0.4,12.5,125,12.5,125,-24.720000000000002,-1.1204216914740128,-14.959999999999999,-0.4342739041036669,1.7924242424242423,1.7173992673992675,0.07502497502497499,5.196016209751051,20.8,208.0,39.0,21.2,212.0,42.0,AFC North,-1,-0.4,-4,0.4867283950617284,0.5959,5.322,2.8909419448896236,1.3,0.6,0.9,60.2,1.8,-5.0,0.36384379509379505,0.5935,6.790000000000001,3.5770897322599695,1.7,0.1,0.8944444444444445,77.6,1.3,0.36384379509379505,-1.1960162097510514,2013,0.2746842942557672,0.2622138553523647,NYJ vs. BAL,BAL,1422.045263886409,17.0,NYJ,1501.3271269077295,14.0,1,16,-4.0,1,-208.0,186.0,0,0
PIT,11.0,5.0,0.45454545454545453,11.363636363636363,125,11.545454545454545,127,-9.872727272727273,-0.8015984289165288,-19.218181818181815,0.1864272075143168,1.9608179699088792,2.031064894701258,-0.07024692479237932,5.54821961935801,22.09090909090909,243.0,47.0,23.272727272727273,256.0,46.0,AFC North,3,-1.1818181818181819,-13,0.4583333333333333,0.6498181818181817,6.694545454545454,3.2097652074471084,1.7272727272727273,0.36363636363636365,0.9333333333333333,42.27272727272727,1.6363636363636365,-4.0,0.3731518926706093,0.5815454545454546,6.297272727272727,4.197790843877954,1.1818181818181819,1.1818181818181819,0.9166666666666666,49.0,1.2727272727272727,0.3731518926706093,-0.5482196193580098,2013-11-28,2013,0.35726085664739893,0.31122540981355157,BAL,11.0,5.0,0.45454545454545453,12.454545454545455,137,12.454545454545455,137,-23.44545454545455,-1.1867536571384656,-20.636363636363637,-0.428295048594833,1.7734159779614325,1.5839993339993341,0.18941664396209845,6.183579760784642,20.636363636363637,227.0,44.0,19.545454545454547,215.0,43.0,AFC North,1,1.0909090909090908,12,0.4880555555555556,0.599,5.579090909090909,2.8246099792251713,1.2727272727272727,0.5454545454545454,0.9090909090909091,58.45454545454545,1.7272727272727273,-3.0,0.3517461074279256,0.5774545454545454,6.279090909090908,3.5830685877688038,1.5454545454545454,0.09090909090909091,0.905,75.63636363636364,1.4545454545454546,0.3517461074279256,-1.1835797607846423,2013,0.28661080990409804,0.251563417575488,PIT vs. BAL,BAL,1504.5587581042698,12.0,PIT,1400.682006158083,25.0,1,2,-3.0,0,-160.0,144.0,1,0
MIN,12.0,3.0,0.25,11.416666666666666,137,11.416666666666666,137,-22.23333333333333,0.7837509912346646,2.6666666666666665,0.25591213434350657,2.2564336126836126,2.917055860805861,-0.6606222481222482,4.521888720633537,24.083333333333332,289.0,50.0,30.5,366.0,61.0,NFC North,2,-6.416666666666667,-77,0.43064738292011023,0.6175833333333333,5.6191666666666675,4.795114627598301,1.0,1.3333333333333333,0.8680555555555555,42.916666666666664,2.0,-9.0,0.3742697729830083,0.6640833333333332,8.1375,4.267275770707143,2.1666666666666665,1.0833333333333333,0.9545454545454546,63.083333333333336,1.25,0.3742697729830083,-1.5218887206335374,2013-12-08,2013,0.31867735034569533,0.35168174455070206,BAL,12.0,6.0,0.5,12.0,144,12.083333333333334,145,-21.74166666666667,-1.1754711554072297,-19.366666666666667,-0.39355076424223334,1.887536075036075,1.660332722832723,0.22720335220335217,6.739812144883529,20.75,249.0,50.0,19.583333333333332,235.0,46.0,AFC North,2,1.1666666666666667,14,0.48500918273645544,0.60625,5.725833333333334,2.835892480956407,1.25,0.5,0.9166666666666666,58.166666666666664,1.5833333333333333,-3.0,0.37145353965206906,0.5823333333333334,6.3183333333333325,3.6178128721214033,1.5833333333333333,0.16666666666666666,0.905,73.58333333333333,1.3333333333333333,0.37145353965206906,-0.7398121448835289,2013,0.3258156208077682,0.2712463455950332,MIN vs. BAL,BAL,1544.1635913186408,14.0,MIN,1371.8252280004203,27.0,1,3,-6.0,0,-250.0,222.0,0,0
BAL,13.0,7.0,0.5384615384615384,12.153846153846153,158,12.307692307692308,160,-22.938461538461542,-1.1172634545121385,-18.953846153846154,-0.3210748313284951,1.9016816516816517,1.6659481544096928,0.23573349727195878,7.304153998136976,21.384615384615383,278.0,53.0,20.076923076923077,261.0,51.0,AFC North,3,1.3076923076923077,17,0.46542508417508416,0.6026923076923076,5.520769230769231,2.894100181851498,1.3846153846153846,0.46153846153846156,0.9166666666666666,57.15384615384615,1.6923076923076923,-5.0,0.3717263442942176,0.571923076923077,6.449999999999999,3.690288805035142,1.6153846153846154,0.23076923076923078,0.9136363636363637,74.84615384615384,1.3076923076923077,0.3717263442942176,-0.3041539981369761,2013-12-16,2013,0.32759485788643633,0.2867731471610645,DET,13.0,7.0,0.5384615384615384,11.615384615384615,151,11.538461538461538,150,-13.130769230769234,-0.04242984184003061,-12.615384615384615,-0.06530606857529975,2.267739952355337,2.1349641811180273,0.13277577123730974,6.744187642739021,26.615384615384617,346.0,54.0,24.692307692307693,321.0,59.0,NFC North,-1,1.9230769230769231,25,0.44730339105339106,0.5795384615384616,7.146923076923077,3.968933794523606,2.076923076923077,0.9230769230769231,0.7272727272727273,55.69230769230769,2.1538461538461537,-10.0,0.4283385642697384,0.5953076923076923,7.108461538461539,3.946057567788337,1.6923076923076923,0.6923076923076923,0.9166666666666666,43.53846153846154,1.3846153846153846,0.4283385642697384,0.25581235726097873,2013,0.364653014412681,0.37081688670687063,BAL vs. DET,DET,1478.0668935380684,12.0,BAL,1571.2141419482891,12.0,0,-2,-4.5,0,-213.0,191.0,0,0
NWE,14.0,10.0,0.7142857142857143,11.928571428571429,167,11.785714285714286,165,-12.828571428571426,0.1665571377336081,-18.900000000000002,0.42849404064679025,2.2804510965225253,1.9805839993339993,0.2998670971885257,7.950528806910037,26.357142857142858,369.0,70.0,22.214285714285715,311.0,53.0,AFC East,-1,4.142857142857143,58,0.5184097953328722,0.6107142857142858,6.708571428571429,4.177920774097244,1.6428571428571428,1.0714285714285714,0.9285714285714286,38.285714285714285,1.3571428571428572,6.0,0.37633335385436223,0.5761428571428572,6.167142857142857,4.439857677010427,1.7142857142857142,0.6428571428571429,0.8846153846153846,58.142857142857146,1.7857142857142858,0.37633335385436223,2.049471193089963,2013-12-22,2013,0.48052308961347195,0.3452908975037957,BAL,14.0,8.0,0.5714285714285714,12.071428571428571,169,12.214285714285714,171,-23.47857142857143,-1.017862447093368,-21.357142857142858,-0.28109546025957666,1.882730364873222,1.6508479615622473,0.23188240331097473,7.873490789789946,21.142857142857142,296.0,59.0,19.785714285714285,277.0,54.0,AFC North,4,1.3571428571428572,19,0.47104327296634985,0.5972142857142858,5.530714285714287,2.993501189270269,1.2857142857142858,0.42857142857142855,0.9230769230769231,57.357142857142854,1.5714285714285714,-2.0,0.36558262582422246,0.5688571428571428,6.230714285714286,3.7302681761040604,1.5714285714285714,0.2857142857142857,0.9208333333333334,75.85714285714286,1.4285714285714286,0.36558262582422246,0.12650921021005423,2013,0.3522671358420935,0.2960866739145125,NWE vs. BAL,BAL,1608.1213731598637,11.0,NWE,1610.2408987166884,4.0,0,-34,1.0,0,-101.0,-109.0,0,0
BAL,15.0,8.0,0.5333333333333333,12.133333333333333,182,12.2,183,-25.813333333333336,-0.9293339549494811,-20.92666666666667,-0.25134863278416103,1.793112443112443,1.7685692085692084,0.024543234543234503,7.888420515479479,20.2,303.0,60.0,21.2,318.0,59.0,AFC North,-1,-1.0,-15,0.48841773306059016,0.5939333333333333,5.324,3.0820296814141557,1.2,0.4666666666666667,0.8571428571428571,59.06666666666667,1.7333333333333334,-6.0,0.36501997457879815,0.5668000000000001,6.272,3.7600150035794755,1.5333333333333334,0.4,0.926923076923077,74.66666666666667,1.3333333333333333,0.36501997457879815,0.11157948452052135,2013-12-29,2013,0.332122626033418,0.3033089943849584,CIN,15.0,10.0,0.6666666666666666,11.4,171,11.733333333333333,176,-8.493333333333334,-0.45944440510557516,-25.14666666666667,0.15097974660358524,2.3413047138047136,1.691695145812793,0.649609567991921,9.298267570323347,26.4,396.0,60.0,19.2,288.0,50.0,AFC North,1,7.2,108,0.4650704454275883,0.6323333333333333,7.083333333333333,3.5519192312580614,2.066666666666667,0.8666666666666667,0.7833333333333333,61.6,1.7333333333333334,2.0,0.4082367832832229,0.5976,4.965333333333334,4.162343382967221,1.4,0.4,0.8214285714285714,42.4,1.8666666666666667,0.4082367832832229,0.7017324296766532,2013,0.367291986659103,0.27844190207720937,BAL vs. CIN,CIN,1597.21405297726,6.0,BAL,1391.4755220390114,17.0,1,17,-6.5,1,-285.0,252.0,1,0
CAR,1.0,0.0,0.0,8.0,8,8.0,8,-3.9000000000000057,1.1424825174825175,13.200000000000003,-1.3190559440559442,0.875,1.5,-0.625,0.21798942573253388,7.0,7.0,1.0,12.0,12.0,3.0,NFC South,-1,-5.0,-5,0.5,0.696,6.04,5.153846153846154,1.0,0.0,,46.0,2.0,-1.0,0.45454545454545453,0.758,9.7,2.6923076923076925,1.0,0.0,1.0,99.0,1.0,0.45454545454545453,-0.21798942573253388,2013-09-15,2013,0.09775132178343326,-0.0817460346497002,BUF,1.0,0.0,0.0,13.0,13,15.0,15,5.5,-0.011363636363636687,-24.799999999999997,0.6356951871657754,1.6153846153846154,1.5333333333333334,0.08205128205128198,0.44630705217803657,21.0,21.0,2.0,23.0,23.0,5.0,AFC East,-1,-2.0,-2,0.5,0.667,7.04,4.0,2.0,0.0,,75.0,2.0,1.0,0.3076923076923077,0.5579999999999999,5.15,4.647058823529412,2.0,0.0,1.0,36.0,3.0,0.3076923076923077,-0.44630705217803657,2013,0.08518353043414822,-0.14876901739267884,CAR vs. BUF,BUF,1450.0,17.0,CAR,1450.0,17.0,1,1,3.5,1,162.0,-180.0,0,0
BUF,2.0,1.0,0.5,12.0,24,13.0,26,-3.1000000000000014,0.2462121212121211,-25.0,0.2652907754010694,1.8986013986013985,1.812121212121212,0.0864801864801864,0.9715022659842296,22.5,45.0,7.0,23.0,46.0,10.0,AFC East,1,-0.5,-1,0.0,0.6795,6.88,4.257575757575758,1.5,0.5,0.75,65.0,2.0,0.0,0.36813186813186816,0.5554999999999999,4.915,4.2766544117647065,2.0,0.0,1.0,33.0,2.0,0.36813186813186816,0.028497734015770382,2013-09-22,2013,0.29582258621063323,0.19778802577226354,NYJ,2.0,1.0,0.5,14.0,28,13.5,27,-50.650000000000006,-0.4440144984326022,-32.6,-1.5863636363636366,1.0256410256410255,1.1416666666666666,-0.11602564102564111,0.8831860938876039,14.0,28.0,6.0,15.0,30.0,6.0,AFC East,-1,-1.0,-2,1.0,0.522,3.195,3.5673491379310347,0.5,0.5,1.0,55.5,3.0,-4.0,0.3611111111111111,0.4855,5.12,2.425,1.0,0.5,0.8333333333333333,66.0,1.0,0.3611111111111111,0.11681390611239606,2013,0.2268014899406139,0.12409043401248844,BUF vs. NYJ,NYJ,1500.0,9.0,BUF,1500.0,9.0,1,7,-2.5,1,-132.0,120.0,1,0
BUF,4.0,2.0,0.5,13.5,54,14.25,57,-23.174999999999997,0.2401515151515149,-28.974999999999998,-0.09661366625364132,1.6658185564435564,1.668560606060606,-0.0027420496170496578,1.8828854644969604,22.0,88.0,17.0,23.25,93.0,19.0,AFC East,1,-1.25,-5,0.38888888888888884,0.5665,5.672499999999999,4.251515151515152,1.25,0.5,0.9166666666666666,79.0,1.75,4.0,0.3090659340659341,0.54075,5.56,3.9147499701099955,2.0,0.25,1.0,73.25,2.75,0.3090659340659341,0.11711453550303963,2013-10-03,2013,0.32403216251644296,0.2597595446252533,CLE,4.0,2.0,0.5,12.25,49,11.75,47,-26.6,-0.0386449334978749,-26.975,-1.2383271707254881,1.2750000000000001,1.440909090909091,-0.16590909090909078,1.7433321067576486,16.0,64.0,12.0,17.5,70.0,14.0,AFC North,2,-1.5,-6,0.2222222222222222,0.577,4.945,3.9727187028657616,1.75,0.0,0.8333333333333334,54.25,1.75,0.0,0.30952380952380953,0.6105,4.99,2.7730364656381488,0.5,1.25,0.75,44.5,1.75,0.30952380952380953,0.2566678932423514,2013,0.2606123199944297,0.24251782183719636,BUF vs. CLE,CLE,1515.753500523169,11.0,BUF,1515.842293610764,11.0,1,13,-3.5,1,-185.0,166.0,0,0
CIN,5.0,3.0,0.6,11.0,55,11.4,57,-17.060000000000002,-0.5202022487316608,-24.68,-0.16501443001443042,1.6763636363636365,1.5303896103896104,0.1459740259740261,2.7732355162795015,18.8,94.0,16.0,17.4,87.0,16.0,AFC North,1,1.4,7,0.4583333333333333,0.6694,5.954,3.4911613876319763,1.0,1.0,0.75,59.0,2.2,-2.0,0.41949579831932776,0.5828,5.396,3.846349206349206,1.2,0.4,0.8666666666666666,44.6,1.8,0.41949579831932776,0.2267644837204985,2013-10-13,2013,0.3041026608710108,0.23729204119132624,BUF,5.0,2.0,0.4,13.6,68,13.6,68,-28.380000000000003,0.38984848484848456,-25.54,-0.3108136602756404,1.6755119880119878,2.007575757575758,-0.33206376956376965,2.1467675661653978,22.4,112.0,21.0,26.0,130.0,24.0,AFC East,-1,-3.6,-18,0.41666666666666663,0.5482,5.254,4.401212121212121,1.0,1.0,0.9375,74.4,1.6,3.0,0.30975274725274726,0.5398,6.0120000000000005,3.7005499760879963,1.8,0.4,1.0,71.8,2.2,0.30975274725274726,-0.14676756616539777,2013,0.29975847385449017,0.27199287768244257,CIN vs. BUF,BUF,1465.829515258551,18.0,CIN,1558.8297953133274,7.0,0,-3,6.0,1,214.0,-240.0,0,0
BUF,6.0,2.0,0.3333333333333333,13.166666666666666,79,13.333333333333334,80,-24.083333333333332,0.3333964646464644,-20.616666666666664,-0.2568402823065666,1.7598963536463537,2.047979797979798,-0.2880834443334444,2.5774307745124285,22.666666666666668,136.0,25.0,26.166666666666668,157.0,29.0,AFC East,-2,-3.5,-21,0.4533333333333333,0.5558333333333333,5.586666666666666,4.344760101010102,1.1666666666666667,1.0,0.95,66.5,1.5,3.0,0.336558661926309,0.5581666666666667,6.398333333333333,3.75452335405707,2.0,0.3333333333333333,0.9444444444444445,72.83333333333333,2.0,0.336558661926309,-0.5774307745124285,2013-10-20,2013,0.2860004865763487,0.2671968907065408,MIA,5.0,3.0,0.6,11.2,56,11.4,57,-17.740000000000002,-0.27877612894775405,-15.52,-0.06020979020979063,2.0574825174825175,2.081212121212121,-0.023729603729603754,2.6355459366141067,22.8,114.0,21.0,23.4,117.0,23.0,AFC East,-2,-0.6,-3,0.75,0.6295999999999999,6.198,3.732587507415883,1.2,1.0,0.95,36.0,1.6,1.0,0.40654761904761905,0.608,6.758,3.9511538461538462,1.6,0.8,0.7833333333333333,47.6,1.8,0.40654761904761905,0.36445406338589326,2013,0.40233405475394196,0.35221909985219485,BUF vs. MIA,MIA,1523.735976177098,7.0,BUF,1428.9025816680985,22.0,0,-2,-6.0,0,-255.0,227.0,1,0
BUF,7.0,3.0,0.42857142857142855,13.0,91,13.428571428571429,94,-25.37142857142857,0.1412878787878785,-22.11428571428571,-0.10748647574329093,1.7822921126492555,1.96969696969697,-0.18740485704771426,3.131123722334392,22.714285714285715,159.0,29.0,25.428571428571427,178.0,32.0,AFC East,1,-2.7142857142857144,-19,0.4777777777777778,0.5701428571428572,5.382857142857143,4.152651515151516,1.0,1.0,0.9583333333333334,64.57142857142857,1.4285714285714286,5.0,0.3561480260120242,0.5518571428571428,6.035714285714286,3.903877160620346,2.142857142857143,0.2857142857142857,0.8095238095238095,67.0,2.142857142857143,0.3561480260120242,-0.13112372233439196,2013-10-27,2013,0.3127117928607576,0.28541647550957366,NOR,6.0,5.0,0.8333333333333334,11.0,66,11.0,66,1.7000000000000028,-0.5360836481526141,-26.76666666666667,1.2907404242930556,2.4774669774669777,1.5510295260295262,0.9264374514374515,4.235283425433991,26.833333333333332,161.0,31.0,17.166666666666668,103.0,17.0,NFC South,-1,9.666666666666666,58,0.61,0.668,8.246666666666668,3.4752799882110224,2.3333333333333335,0.5,0.875,38.833333333333336,1.1666666666666667,5.0,0.4251373626373627,0.5863333333333333,5.421666666666667,5.302104060656692,1.1666666666666667,0.6666666666666666,0.8,42.666666666666664,2.0,0.4251373626373627,0.7647165745660089,2013,0.5295611459887533,0.24747520648389432,BUF vs. NOR,NOR,1642.3213913479988,3.0,BUF,1492.221079264747,16.0,1,18,-10.5,1,-520.0,439.0,0,0
KAN,8.0,8.0,1.0,11.875,95,12.5,100,-19.9375,0.22364821193711804,-32.65,0.4611017982621243,2.0091928904428906,1.0354895104895105,0.97370337995338,6.153945777456662,24.0,192.0,31.0,12.25,98.0,19.0,AFC West,8,11.75,94,0.48741496598639455,0.590375,5.805,4.235011848300755,1.125,0.875,0.8642857142857142,41.0,1.0,12.0,0.3601681487372277,0.5435,4.90875,4.472465434625761,1.0,0.25,0.5714285714285714,47.5,2.5,0.3601681487372277,1.846054222543338,2013-11-03,2013,0.4016153696037414,0.21009378778540427,BUF,8.0,3.0,0.375,12.75,102,13.125,105,-26.0125,0.062206439393939106,-13.937499999999996,-0.22527881312852643,1.7526874167499167,2.121212121212121,-0.36852470446220453,3.284098258524767,22.0,176.0,32.0,26.625,213.0,37.0,AFC East,-1,-4.625,-37,0.5285714285714286,0.569375,5.30625,4.0735700757575755,1.0,1.0,0.8928571428571429,62.125,1.625,2.0,0.35970644583744427,0.5785,6.785,3.78608482323511,2.5,0.25,0.7083333333333334,66.0,1.875,0.35970644583744427,-0.2840982585247671,2013,0.3025843820186366,0.2958194814697424,KAN vs. BUF,BUF,1462.5716256475368,16.0,KAN,1747.3985520579288,1.0,0,-10,4.5,0,201.0,-225.0,0,0
BUF,9.0,3.0,0.3333333333333333,12.555555555555555,113,12.666666666666666,114,-28.43333333333333,0.3142659046606412,-15.366666666666662,-0.18701770653146144,1.6892575017575018,2.1694725028058364,-0.48021500104833437,3.4896106081110343,21.0,189.0,35.0,26.22222222222222,236.0,40.0,AFC East,-2,-5.222222222222222,-47,0.5875,0.5574444444444445,5.17,4.325629541024278,1.0,0.8888888888888888,0.90625,60.55555555555556,1.7777777777777777,-1.0,0.3539270971546513,0.5870000000000001,6.472222222222222,3.824345929832175,2.2222222222222223,0.2222222222222222,0.7407407407407408,62.888888888888886,1.6666666666666667,0.3539270971546513,-0.4896106081110343,2013-11-10,2013,0.2928845906746448,0.29280270533680175,PIT,8.0,2.0,0.25,11.25,90,11.0,88,-12.687499999999998,-0.6107731764605635,-14.287499999999998,0.25613854669582203,1.7680944055944057,2.3417069042069043,-0.5736124986124985,3.0981051392335934,19.5,156.0,31.0,26.0,208.0,37.0,AFC North,-2,-6.5,-52,0.4547619047619048,0.657125,6.465,3.400590459903073,1.5,0.375,0.9047619047619048,49.0,2.125,-11.0,0.3716710372960373,0.612625,6.705,4.267502183059459,1.125,1.5,0.9523809523809523,56.75,0.75,0.3716710372960373,-1.0981051392335934,2013,0.29716491761633135,0.31018481512550716,BUF vs. PIT,PIT,1387.9242848037136,22.0,BUF,1446.3196157850964,20.0,1,13,-3.0,1,-143.0,129.0,0,0
NYJ,9.0,5.0,0.5555555555555556,12.222222222222221,110,11.88888888888889,107,-29.433333333333337,0.19116157727179928,-10.488888888888889,-0.8228349249316995,1.6013209013209013,2.2791177957844626,-0.6777968944635612,3.4591607022457262,18.77777777777778,169.0,36.0,25.666666666666668,231.0,38.0,AFC East,1,-6.888888888888889,-62,0.6026785714285714,0.5797777777777777,5.481111111111111,4.202525213635436,0.8888888888888888,0.5555555555555556,1.0,67.22222222222223,1.8888888888888888,-10.0,0.37941811275144605,0.5951111111111111,7.146666666666666,3.188528711431937,1.8888888888888888,0.5555555555555556,0.9047619047619048,60.888888888888886,0.7777777777777778,0.37941811275144605,1.5408392977542738,2013-11-17,2013,0.38330324719106446,0.3764817168376557,BUF,10.0,3.0,0.3,12.5,125,12.5,125,-29.479999999999997,0.31352113237639523,-16.619999999999997,-0.15733108739346685,1.6036650849150849,2.1616161616161618,-0.5579510767010767,3.6115710800609984,19.9,199.0,37.0,25.9,259.0,45.0,AFC East,-3,-6.0,-60,0.55,0.5580999999999999,4.927,4.3248847687400325,1.0,0.8,0.9166666666666666,57.5,1.7,-1.0,0.3399629588677576,0.5883,6.287999999999999,3.85403254897017,2.1,0.3,0.7666666666666667,60.8,1.6,0.3399629588677576,-0.6115710800609984,2013,0.2778974960301944,0.30198344111780406,NYJ vs. BUF,BUF,1500.0,9.0,NYJ,1500.0,9.0,1,23,1.0,1,118.0,-130.0,1,0
BUF,12.0,4.0,0.3333333333333333,12.583333333333334,151,12.75,153,-23.849999999999998,0.26602335965769724,-21.308333333333334,0.10528184526609423,1.7778558247308247,2.087061087061087,-0.3092052623302623,4.966208208332156,22.25,267.0,48.0,25.583333333333332,307.0,53.0,AFC East,-1,-3.3333333333333335,-40,0.5170339761248852,0.5715,5.553333333333334,4.277386996021334,1.0833333333333333,1.0,0.9318181818181818,57.333333333333336,1.5833333333333333,2.0,0.3481520897832817,0.5744166666666667,5.809166666666666,4.116645481629731,1.9166666666666667,0.5833333333333334,0.7222222222222222,58.916666666666664,1.75,0.3481520897832817,-0.9662082083321559,2013-12-08,2013,0.2922858752759694,0.28964649507537893,TAM,12.0,3.0,0.25,10.833333333333334,130,11.0,132,-16.900000000000002,-0.2949309136490805,-10.800000000000002,-0.10571630777006062,1.666122766122766,2.2336085211085215,-0.567485754985755,4.284087360628452,18.083333333333332,217.0,38.0,23.75,285.0,52.0,NFC South,-1,-5.666666666666667,-68,0.5779843893480258,0.5921666666666666,6.103333333333333,3.716432722714556,1.3333333333333333,0.3333333333333333,0.7638888888888888,77.0,1.1666666666666667,10.0,0.32727116293292763,0.64525,6.531666666666666,3.905647328593576,2.0,0.5,0.9772727272727273,54.75,2.0,0.32727116293292763,-1.284087360628452,2013,0.26102864121546077,0.3189567280601771,BUF vs. TAM,TAM,1437.7473635070796,27.0,BUF,1389.6490663560714,24.0,1,21,-3.0,1,-178.0,160.0,0,0
BUF,13.0,4.0,0.3076923076923077,12.692307692307692,165,12.923076923076923,168,-27.66923076923077,0.1712593249987135,-24.369230769230764,0.14118091078175593,1.6740647173339482,2.064979464979465,-0.3909147476455168,4.993735517252894,21.0,273.0,50.0,25.692307692307693,334.0,58.0,AFC East,-2,-4.6923076923076925,-61,0.49478114478114477,0.5694615384615385,5.049230769230769,4.18262296136235,1.0,0.9230769230769231,0.9375,61.69230769230769,1.8461538461538463,-1.0,0.3283641667929593,0.557923076923077,5.457692307692308,4.152544547145393,1.9230769230769231,0.6153846153846154,0.7435897435897435,60.23076923076923,1.7692307692307692,0.3283641667929593,-0.9937355172528939,2013-12-15,2013,0.27986630495914,0.2922909065931008,JAX,13.0,4.0,0.3076923076923077,11.846153846153847,154,11.23076923076923,146,-32.90769230769231,-0.857955897659738,-3.9384615384615387,0.08256837080099572,1.2718183525875835,2.6951791797945646,-1.423360827206981,3.548101004075075,15.461538461538462,201.0,37.0,28.615384615384617,372.0,60.0,AFC South,3,-13.153846153846153,-171,0.49306758056758054,0.5789230769230769,4.619230769230769,3.1534077387038986,0.8461538461538461,0.5384615384615384,0.8888888888888888,50.15384615384615,1.5384615384615385,-2.0,0.2950673552453738,0.6401538461538461,7.796153846153846,4.093932007164633,1.9230769230769231,1.2307692307692308,0.8800000000000001,49.84615384615385,1.3846153846153846,0.2950673552453738,0.4518989959249251,2013,0.2486115199047064,0.3936322127268153,BUF vs. JAX,JAX,1448.1763185789368,24.0,BUF,1346.52708449686,24.0,0,-7,4.0,0,181.0,-202.0,0,0
MIA,14.0,8.0,0.5714285714285714,11.642857142857142,163,11.285714285714286,158,-15.857142857142858,0.05904216773190799,-25.54285714285714,0.19925494389780068,1.9287351537351538,1.9097430347430346,0.018992118992118962,7.513979536320522,22.142857142857142,310.0,57.0,21.142857142857142,296.0,56.0,AFC East,3,1.0,14,0.5832697217312602,0.6265714285714286,5.995,4.070405804095545,1.6428571428571428,0.5714285714285714,0.7797619047619048,37.357142857142854,1.5,2.0,0.35438731436630594,0.5881428571428572,5.442857142857143,4.210618580261437,1.2142857142857142,0.7857142857142857,0.8653846153846154,48.642857142857146,1.6428571428571428,0.35438731436630594,0.4860204636794778,2013-12-22,2013,0.3618331141234576,0.3414182395868222,BUF,14.0,5.0,0.35714285714285715,12.642857142857142,177,12.857142857142858,180,-25.642857142857142,0.19392911347283134,-24.87142857142857,0.21093003299026475,1.7152029518100949,2.036528550814265,-0.3213255990041704,5.664412355176526,21.428571428571427,300.0,55.0,25.285714285714285,354.0,62.0,AFC East,1,-3.857142857142857,-54,0.4803896957743111,0.5793571428571429,5.173571428571429,4.205292749836468,1.0714285714285714,0.9285714285714286,0.9166666666666666,62.07142857142857,1.8571428571428572,1.0,0.3323821109231326,0.5597142857142857,5.355714285714286,4.222293669353902,1.9285714285714286,0.5714285714285714,0.7619047619047619,61.642857142857146,1.9285714285714286,0.3323821109231326,-0.664412355176526,2013,0.29598761923538786,0.3034946166583553,MIA vs. BUF,BUF,1428.9025816680985,22.0,MIA,1523.735976177098,7.0,1,19,-1.0,1,-108.0,-102.0,1,0
BUF,15.0,6.0,0.4,12.6,189,12.866666666666667,193,-26.16,0.17893574060791648,-28.573333333333334,0.007221566144449109,1.706411643911644,1.9007599807599809,-0.19434833684833683,6.663481355672833,21.266666666666666,319.0,60.0,23.6,354.0,62.0,AFC East,2,-2.3333333333333335,-35,0.48689247260675833,0.5807333333333333,5.207333333333334,4.190299376971553,1.0,0.9333333333333333,0.9226190476190476,60.0,1.8,2.0,0.334784707037029,0.5466666666666666,4.996666666666667,4.018585202508086,1.8,0.5333333333333333,0.7619047619047619,60.0,1.9333333333333333,0.334784707037029,-0.6634813556728334,2013-12-29,2013,0.30341838400692417,0.2856180158716008,NWE,15.0,11.0,0.7333333333333333,11.933333333333334,179,11.866666666666667,178,-12.966666666666665,0.16646045867614476,-21.540000000000003,0.42059876694133325,2.356198801198801,1.884442501942502,0.47175629925629925,8.935599081220504,27.333333333333332,410.0,75.0,21.2,318.0,54.0,AFC East,1,6.133333333333334,92,0.5221968507682793,0.6058666666666667,6.718,4.177824095039782,1.6,1.1333333333333333,0.9333333333333333,39.6,1.2666666666666666,10.0,0.3717572841102253,0.5742666666666667,5.918,4.431962403304969,1.6,0.6666666666666666,0.8214285714285714,59.8,1.9333333333333333,0.3717572841102253,2.064400918779496,2013,0.47665924354132666,0.3248979961101471,BUF vs. NWE,NWE,1500.0,1.0,BUF,1500.0,1.0,1,14,-7.5,1,-335.0,293.0,1,0
NYG,2.0,0.0,0.0,14.5,29,12.0,24,-23.700000000000003,-1.620386192754614,-2.6499999999999986,-0.2752317023306532,1.8738095238095238,3.208333333333333,-1.3345238095238092,0.6149308689655095,27.0,54.0,10.0,38.5,77.0,11.0,NFC East,-2,-11.5,-23,1.0,0.607,6.41,2.3909774436090228,2.5,0.5,1.0,34.0,5.0,-8.0,0.3181818181818182,0.7164999999999999,6.475,3.7361319340329837,2.0,1.0,1.0,86.0,1.0,0.3181818181818182,-0.6149308689655095,2013-09-22,2013,0.23880502259215355,0.08824500919540407,CAR,2.0,0.0,0.0,9.5,19,9.5,19,-14.550000000000004,0.5186844405594404,0.75,-0.40763403263403264,1.4829545454545454,1.8409090909090908,-0.3579545454545454,0.6927942119263408,15.0,30.0,6.0,18.0,36.0,8.0,NFC South,-2,-3.0,-6,0.0,0.6244999999999999,5.359999999999999,4.530048076923077,1.5,0.0,1.0,38.0,1.5,0.0,0.4460227272727273,0.7250000000000001,8.209999999999999,3.603729603729604,1.0,0.5,0.875,77.0,1.5,0.4460227272727273,-0.6927942119263408,2013,0.20640091390636722,0.0646749027523493,NYG vs. CAR,CAR,1400.0,25.0,NYG,1414.0064999802885,25.0,1,38,1.0,1,113.0,-125.0,0,0
CAR,4.0,1.0,0.25,10.25,41,10.25,41,-21.125000000000004,0.4955082281848584,-28.85,-0.46842740592740606,1.7414772727272727,1.4204545454545454,0.3210227272727273,1.7365831817056905,18.5,74.0,14.0,14.5,58.0,12.0,NFC South,-1,4.0,16,0.16666666666666666,0.58575,5.5325,4.506871864548495,1.5,0.5,1.0,46.75,2.25,0.0,0.4700351731601732,0.662,4.507499999999999,3.5429362304362306,0.75,0.5,0.6875,57.25,2.25,0.4700351731601732,-0.7365831817056905,2013-10-13,2013,0.2785843625373191,0.16561586475324214,MIN,4.0,1.0,0.25,12.5,50,12.5,50,-19.674999999999997,0.6442815249266857,-11.075,0.41946425034660284,2.4012987012987015,2.4886946386946387,-0.08739593739593754,1.8373376796758887,28.75,115.0,19.0,30.75,123.0,20.0,NFC North,1,-2.0,-8,0.3333333333333333,0.60275,6.4375,4.655645161290322,1.0,1.75,0.9166666666666666,50.25,2.5,2.0,0.3679311497326203,0.6579999999999999,6.484999999999999,4.430827886710239,2.5,1.0,1.0,55.0,3.0,0.3679311497326203,-0.8373376796758887,2013,0.3004529204307906,0.21626623203241113,CAR vs. MIN,MIN,1413.7872007853357,21.0,CAR,1410.5800124737548,25.0,0,-25,-2.5,0,-140.0,127.0,0,0
LAR,6.0,3.0,0.5,11.0,66,11.833333333333334,71,-7.066666666666669,-0.9411540847067167,0.14999999999999858,0.2634968462909635,2.3886002886002884,2.2057088744588746,0.1828914141414142,2.716870480102675,23.5,141.0,22.0,25.666666666666668,154.0,24.0,NFC West,2,-2.1666666666666665,-13,0.24666666666666667,0.6095,6.886666666666667,3.07020955165692,2.1666666666666665,0.0,1.0,60.333333333333336,1.0,6.0,0.3130697991379106,0.6646666666666666,7.901666666666667,4.2748604826546,1.8333333333333333,1.0,0.6666666666666666,69.66666666666667,2.0,0.3130697991379106,0.28312951989732493,2013-10-20,2013,0.34906275110540697,0.29764109971252534,CAR,5.0,2.0,0.4,9.8,49,10.0,50,-8.400000000000002,0.2659287270700312,-28.74,-0.023168498168498353,2.268181818181818,1.3585858585858586,0.9095959595959595,2.6877392604225263,21.8,109.0,19.0,13.6,68.0,14.0,NFC South,1,8.2,41,0.1875,0.6224000000000001,6.702000000000001,4.277292363433668,1.8,0.8,1.0,45.4,1.8,2.0,0.49269480519480524,0.675,4.266,3.988195138195138,0.8,0.4,0.75,56.8,2.2,0.49269480519480524,-0.6877392604225263,2013,0.33442022062029386,0.18548660141633855,LAR vs. CAR,CAR,1461.041550864098,21.0,LAR,1485.9949171462506,12.0,1,15,-8.0,1,-326.0,286.0,0,0
CAR,6.0,3.0,0.5,9.5,57,10.333333333333334,62,-1.9333333333333347,0.00041508755038477396,-26.100000000000005,-0.18786768786768807,2.515151515151515,1.3404882154882154,1.1746632996632995,3.5256492411779226,23.166666666666668,139.0,24.0,13.833333333333334,83.0,17.0,NFC South,2,9.333333333333334,56,0.25,0.6656666666666666,7.545000000000001,4.011778723914022,1.6666666666666667,0.8333333333333334,1.0,47.666666666666664,1.5,5.0,0.44761604136604133,0.6751666666666667,4.678333333333334,3.8234959484959483,0.8333333333333334,0.3333333333333333,0.7916666666666666,58.666666666666664,2.3333333333333335,0.44761604136604133,-0.5256492411779226,2013-10-24,2013,0.38416496553137386,0.2044730185483207,TAM,6.0,0.0,0.0,11.166666666666666,67,11.333333333333334,68,-33.88333333333333,-0.1982474514732583,-4.783333333333336,-0.7509404388714737,1.2991647241647242,2.0467624967624967,-0.7475977725977726,1.83661195556272,14.5,87.0,16.0,22.0,132.0,25.0,NFC South,-6,-7.5,-45,0.5866666666666667,0.5183333333333333,4.6466666666666665,3.813116184890378,1.1666666666666667,0.16666666666666666,0.75,86.0,1.6666666666666667,0.0,0.3666274629509924,0.6509999999999999,7.283333333333334,3.260423197492163,1.8333333333333333,0.16666666666666666,0.9583333333333334,58.666666666666664,1.6666666666666667,0.3666274629509924,-1.83661195556272,2013,0.1657069868432748,0.19383505174248036,CAR vs. TAM,TAM,1278.6439689137392,29.0,CAR,1514.626466991003,14.0,0,-18,6.5,0,239.0,-270.0,1,0
CAR,8.0,5.0,0.625,9.625,77,10.5,84,-4.475000000000001,0.09090475000622283,-26.1875,-0.2276702464202467,2.6988636363636362,1.266729797979798,1.4321338383838382,5.3604288998013425,25.5,204.0,34.0,13.25,106.0,22.0,NFC South,4,12.25,98,0.2193877551020408,0.666875,7.157500000000001,4.102268386369859,1.625,1.125,1.0,45.0,1.375,8.0,0.4592239357864358,0.6725,4.6125,3.78369338994339,0.875,0.25,0.84375,54.0,2.375,0.4592239357864358,-0.3604288998013425,2013-11-10,2013,0.4216646386473285,0.21736691101840844,SFO,8.0,6.0,0.75,11.25,90,11.5,92,-12.925,0.5520457277029143,-26.9,-0.12830231079111298,2.597409361471861,1.584795066045066,1.0126142954267956,5.119743772030027,27.25,218.0,33.0,18.125,145.0,25.0,NFC West,5,9.125,73,0.49047619047619045,0.563375,7.5125,4.563409364066551,1.125,1.875,0.7777777777777777,58.5,1.5,4.0,0.4020021645021645,0.565,5.3975,3.8830613255725237,1.25,0.875,0.861111111111111,60.75,2.0,0.4020021645021645,0.8802562279699728,2013,0.40701174378195704,0.26767174687398004,CAR vs. SFO,SFO,1648.1504725636871,5.0,CAR,1566.0749476192238,7.0,0,-1,-6.0,0,-235.0,210.0,0,0
NWE,9.0,7.0,0.7777777777777778,12.333333333333334,111,12.333333333333334,111,-17.177777777777777,0.28899220671832926,-28.599999999999998,0.35923852879498,2.1781403781403785,1.5693343693343695,0.6088060088060088,5.531906314635876,26.0,234.0,45.0,19.444444444444443,175.0,31.0,AFC East,2,6.555555555555555,59,0.5148809523809523,0.5783333333333334,6.341111111111111,4.300355843081966,1.4444444444444444,1.1111111111111112,0.9629629629629629,45.22222222222222,1.1111111111111112,9.0,0.3326685660018993,0.5582222222222222,5.195555555555555,4.370602165158617,1.4444444444444444,0.4444444444444444,0.8541666666666666,62.333333333333336,2.111111111111111,0.3326685660018993,1.4680936853641242,2013-11-18,2013,0.47153575159297856,0.2938047089552431,CAR,9.0,6.0,0.6666666666666666,9.88888888888889,89,10.666666666666666,96,-9.633333333333335,0.025778155104912277,-30.24444444444445,-0.16196951196951226,2.491582491582492,1.2093153759820428,1.2822671156004488,5.922532647557547,23.77777777777778,214.0,36.0,12.777777777777779,115.0,25.0,NFC South,5,11.0,99,0.2857142857142857,0.6483333333333333,6.695555555555556,4.037141791468549,1.4444444444444444,1.1111111111111112,0.9285714285714286,42.77777777777778,1.4444444444444444,8.0,0.45395068801931543,0.6533333333333333,4.105555555555555,3.8493941243941245,0.7777777777777778,0.2222222222222222,0.8611111111111112,50.77777777777778,2.3333333333333335,0.45395068801931543,0.0774673524424534,2013,0.40797606078393045,0.2337230136702099,NWE vs. CAR,CAR,1627.671642801076,4.0,NWE,1634.049036187245,3.0,1,4,-3.0,1,-172.0,155.0,0,0
CAR,10.0,7.0,0.7,9.5,95,10.3,103,-6.300000000000001,0.06989006291457915,-28.23,-0.11890892440892467,2.6424242424242426,1.3740981240981243,1.2683261183261183,6.528908163702207,23.8,238.0,40.0,13.5,135.0,29.0,NFC South,6,10.3,103,0.3403880070546737,0.6514,6.944,4.081253699278216,1.6,1.0,0.9375,43.2,1.3,10.0,0.4812828919446567,0.6605000000000001,4.34,3.892454711954712,0.8,0.3,0.875,50.7,2.3,0.4812828919446567,0.47109183629779317,2013-11-24,2013,0.4408880773178018,0.26666180898314173,MIA,10.0,5.0,0.5,11.6,116,11.1,111,-21.1,-0.07685660753240327,-23.72,0.11142445392445363,1.8736907536907537,2.0421717171717173,-0.1684809634809635,4.931712847493837,21.3,213.0,38.0,22.5,225.0,44.0,AFC East,1,-1.2,-12,0.5824514991181657,0.6172,5.483,3.9345070288312334,1.4,0.7,0.775,38.3,1.7,0.0,0.3481714608920491,0.6062,5.675,4.122788090288091,1.1,1.0,0.8916666666666666,53.5,1.7,0.3481714608920491,0.06828715250616302,2013,0.32982319982347774,0.35946363487411814,CAR vs. MIA,MIA,1480.299581024188,14.0,CAR,1678.589320423407,5.0,0,-4,4.5,1,181.0,-202.0,0,0
TAM,11.0,3.0,0.2727272727272727,10.909090909090908,120,11.090909090909092,122,-15.309090909090907,-0.2570733934023026,-10.490909090909092,-0.18648633672144674,1.763043017588472,2.19120929575475,-0.42816627816627817,4.256560051707714,19.181818181818183,211.0,36.0,23.454545454545453,258.0,47.0,NFC South,3,-4.2727272727272725,-47,0.5630555555555555,0.5853636363636364,6.247272727272727,3.754290242961334,1.4545454545454546,0.36363636363636365,0.7727272727272727,81.27272727272727,1.0909090909090908,10.0,0.34793217774501195,0.6474545454545454,6.458181818181819,3.8248772996421896,2.0,0.45454545454545453,0.975,57.45454545454545,2.0,0.34793217774501195,-1.256560051707714,2013-12-01,2013,0.2657301804079714,0.3062158551190294,CAR,11.0,8.0,0.7272727272727273,9.818181818181818,108,10.454545454545455,115,-9.454545454545455,0.1404254409022738,-27.172727272727272,-0.19469357736737444,2.542063996609451,1.3703922340285977,1.1716717625808535,7.158123067048574,23.454545454545453,258.0,44.0,13.727272727272727,151.0,33.0,NFC South,7,9.727272727272727,107,0.3563492063492063,0.6376363636363637,6.633636363636364,4.151789077265911,1.5454545454545454,1.0,0.9074074074074073,44.36363636363637,1.2727272727272727,10.0,0.4696154632651959,0.6610909090909091,4.497272727272727,3.816670058996262,0.8181818181818182,0.2727272727272727,0.8636363636363636,51.09090909090909,2.1818181818181817,0.4696154632651959,0.8418769329514264,2013,0.43858803455375656,0.2828315721639503,TAM vs. CAR,CAR,1514.626466991003,14.0,TAM,1278.6439689137392,29.0,1,21,-7.5,1,-335.0,293.0,1,0
CAR,12.0,9.0,0.75,9.833333333333334,118,10.416666666666666,125,-9.850000000000001,0.19395282171834985,-27.775000000000002,-0.23774941561706298,2.5552253302253303,1.3061928811928811,1.249032449032449,8.130595758127836,23.75,285.0,49.0,13.083333333333334,157.0,35.0,NFC South,8,10.666666666666666,128,0.34874721238357603,0.63625,6.6925,4.205316458081986,1.5833333333333333,1.0,0.9166666666666666,42.75,1.3333333333333333,10.0,0.4625321233777116,0.6615833333333333,4.4991666666666665,3.7736142207465737,0.75,0.25,0.8472222222222222,49.333333333333336,2.1666666666666665,0.4625321233777116,0.8694042418721644,2013-12-08,2013,0.44533955356761024,0.2769527656436839,NOR,12.0,9.0,0.75,10.666666666666666,128,10.666666666666666,128,3.9916666666666685,-0.3410535620803053,-20.791666666666668,0.7849206507430188,2.4588723776223778,1.819180587930588,0.6396917896917897,7.615378657295648,26.0,312.0,56.0,19.166666666666668,230.0,41.0,NFC South,-1,6.833333333333333,82,0.5736258690804146,0.6825,8.251666666666667,3.6703100742833317,2.4166666666666665,0.5833333333333334,0.7196969696969697,46.75,1.1666666666666667,3.0,0.4506042568542568,0.5832499999999999,5.988333333333333,4.796284287106656,1.1666666666666667,0.75,0.8333333333333333,48.416666666666664,1.4166666666666667,0.4506042568542568,1.384621342704352,2013,0.4879809864527628,0.3305790853195823,CAR vs. NOR,NOR,1645.9532574483123,3.0,CAR,1722.370118403008,3.0,1,18,-3.0,1,-173.0,156.0,1,0
NYJ,13.0,6.0,0.46153846153846156,12.153846153846153,158,11.76923076923077,153,-38.792307692307695,0.3163610576438868,-8.23076923076923,-0.7891347593535138,1.5387514195206504,2.2919533457994996,-0.7532019262788494,4.248858410958688,17.384615384615383,226.0,46.0,25.923076923076923,337.0,59.0,AFC East,1,-8.538461538461538,-111,0.5257756132756133,0.5502307692307692,4.4653846153846155,4.327724694007523,0.7692307692307693,0.6153846153846154,0.9230769230769231,57.38461538461539,2.1538461538461537,-18.0,0.3373109796186719,0.6082307692307692,7.422307692307692,3.2222288770101226,1.8461538461538463,0.5384615384615384,0.8863636363636364,54.76923076923077,0.7692307692307693,0.3373109796186719,1.7511415890413122,2013-12-15,2013,0.33035662760267787,0.4079021386392345,CAR,13.0,9.0,0.6923076923076923,9.76923076923077,127,10.307692307692308,134,-10.676923076923078,0.29856058581237765,-23.83076923076923,-0.2158102380274329,2.4697806467037235,1.4706737706737707,0.999106876029953,8.243679725406482,22.923076923076923,298.0,52.0,14.461538461538462,188.0,40.0,NFC South,-1,8.461538461538462,110,0.38218494468494474,0.6370769230769231,6.473846153846154,4.309924222176014,1.5384615384615385,0.9230769230769231,0.893939393939394,42.15384615384615,1.2307692307692308,10.0,0.45772196004096455,0.6656153846153846,4.856153846153846,3.7955533983362035,1.0,0.23076923076923078,0.8589743589743589,49.0,2.0,0.45772196004096455,0.7563202745935182,2013,0.43326992990845725,0.2929120614143173,NYJ vs. CAR,CAR,1661.5468170853555,6.0,NYJ,1435.2017824564718,17.0,1,10,-10.0,0,-390.0,338.0,0,0
NOR,14.0,10.0,0.7142857142857143,10.5,147,10.428571428571429,146,3.5857142857142867,-0.3576104634485123,-17.385714285714283,0.7997737175100257,2.4679223554223557,1.8767579642579642,0.5911643911643912,8.726713600358968,25.642857142857142,359.0,64.0,19.285714285714285,270.0,49.0,NFC South,-1,6.357142857142857,89,0.5726538418846111,0.6857142857142857,8.110000000000001,3.6537531729151245,2.4285714285714284,0.5714285714285714,0.7115384615384616,48.785714285714285,1.2142857142857142,0.0,0.4517084106369821,0.5961428571428572,6.115,4.811137353873662,1.2142857142857142,0.7142857142857143,0.8333333333333334,46.142857142857146,1.2142857142857142,0.4517084106369821,1.273286399641032,2013-12-22,2013,0.47497100562537703,0.3421678246489288,CAR,14.0,10.0,0.7142857142857143,9.642857142857142,135,10.214285714285714,143,-8.714285714285714,0.25062949057758294,-24.657142857142862,-0.08641099096981485,2.561224886224886,1.5243558029272315,1.0368690832976548,8.966992157581984,23.428571428571427,328.0,57.0,14.857142857142858,208.0,44.0,NFC South,1,8.571428571428571,120,0.3882890613659844,0.6392142857142857,6.847857142857143,4.26199312694122,1.5,0.9285714285714286,0.9027777777777778,43.357142857142854,1.1428571428571428,11.0,0.45749506679128527,0.6563571428571429,4.8028571428571425,3.924952645393822,1.0,0.2857142857142857,0.869047619047619,46.92857142857143,1.9285714285714286,0.45749506679128527,1.0330078424180158,2013,0.4533764269935592,0.30841775477841793,NOR vs. CAR,CAR,1722.370118403008,3.0,NOR,1645.9532574483123,3.0,1,4,-3.5,1,-173.0,156.0,1,0
SFO,1.0,13.0,13.0,10.882352941176471,185,11.411764705882353,194,-11.405882352941177,0.4037469316137404,-25.929411764705883,-0.17832198262370105,2.4544278433984315,1.5269299328122856,0.9274979105861458,11.051714656243453,25.235294117647058,429.0,76.0,17.176470588235293,292.0,54.0,NFC West,7,8.058823529411764,137,0.5167122807747808,0.5765294117647058,7.263529411764706,4.415110567977377,1.2941176470588236,1.1176470588235294,0.8944444444444444,50.294117647058826,1.1176470588235294,11.0,0.3734553028670676,0.585764705882353,5.254117647058823,3.833041653739936,1.1764705882352942,0.7058823529411765,0.869047619047619,52.8235294117647,1.7647058823529411,0.3734553028670676,1.948285343756547,2014-01-12,2013,1.2111874925702573,0.5423062297054306,CAR,16.0,12.0,0.75,9.8125,157,10.375,166,-10.450000000000001,0.28792345315820633,-24.1125,-0.07703007164404257,2.460863442113442,1.5213113275613275,0.9395521145521145,10.149668342452863,22.875,366.0,62.0,15.0625,241.0,51.0,NFC South,3,7.8125,125,0.4019140119140119,0.631,6.654375,4.299287089521843,1.5,0.875,0.9102564102564104,41.9375,1.1875,11.0,0.4294748501090413,0.6597500000000001,4.790625,3.9343335647195943,1.0625,0.25,0.8854166666666666,47.0625,1.875,0.4294748501090413,1.8503316575471374,2013,0.4405734724394596,0.32355682023151505,SFO vs. CAR,CAR,1734.7042698064945,3.0,SFO,1781.4436668645026,1.0,0,-13,0.0,0,-107.0,-103.0,0,1
MIN,1.0,0.0,0.0,14.0,14,13.0,13,-38.5,0.7613636363636358,-3.200000000000003,-0.7172459893048129,1.7142857142857142,2.6153846153846154,-0.9010989010989012,0.30460019353827916,24.0,24.0,4.0,34.0,34.0,6.0,NFC North,-1,-10.0,-10,0.5,0.643,3.93,4.7727272727272725,1.0,2.0,1.0,52.0,4.0,-2.0,0.2,0.6509999999999999,8.19,3.294117647058824,2.0,2.0,1.0,88.0,2.0,0.2,-0.30460019353827916,2013-09-15,2013,0.1986856589890631,-0.140584704709975,CHI,1.0,1.0,1.0,10.0,10,10.0,10,-6.799999999999997,-1.118506493506494,-3.4000000000000057,-1.0113636363636367,2.4,2.1,0.2999999999999998,0.5784635778521735,24.0,24.0,4.0,21.0,21.0,3.0,NFC North,1,3.0,3,0.5,0.636,7.18,2.892857142857143,2.0,1.0,1.0,59.0,1.0,2.0,0.42857142857142855,0.7879999999999999,6.88,3.0,2.0,1.0,,84.0,3.0,0.42857142857142855,0.4215364221478265,2013,0.5686145688591306,0.12646092664434794,MIN vs. CHI,CHI,1550.0,1.0,MIN,1450.0,17.0,1,1,-6.0,0,-260.0,231.0,1,0
CHI,2.0,2.0,1.0,10.5,21,10.0,20,-5.0,-0.21308321308321365,-14.050000000000004,-0.6477272727272732,2.6090909090909093,2.55,0.05909090909090908,1.0978817764292674,27.5,55.0,8.0,25.5,51.0,7.0,NFC North,2,2.0,4,0.0,0.6735,6.93,3.7982804232804233,2.5,0.5,1.0,47.0,2.5,1.0,0.5059523809523809,0.6604999999999999,6.805,3.3636363636363633,1.5,0.5,1.0,54.5,3.0,0.5059523809523809,0.9021182235707326,2013-09-22,2013,0.5527844235372823,0.33287068912487816,PIT,2.0,0.0,0.0,10.5,21,10.5,21,-27.799999999999997,-1.6030303030303032,-23.0,-0.810383244206774,0.9045454545454545,1.7222222222222223,-0.8176767676767677,0.36574373801059323,9.5,19.0,3.0,18.0,36.0,8.0,AFC North,-2,-8.5,-17,0.0,0.5885,4.915,2.408333333333333,1.0,0.0,1.0,38.0,2.0,-4.0,0.27884615384615385,0.553,6.26,3.200980392156863,0.5,1.0,1.0,72.0,0.0,0.27884615384615385,-0.36574373801059323,2013,0.11673259014210048,0.12081071656941081,CHI vs. PIT,PIT,1400.0,25.0,CHI,1585.9935000197115,1.0,0,-17,2.5,0,115.0,-127.0,0,0
CHI,3.0,3.0,1.0,10.666666666666666,32,11.0,33,-6.766666666666666,-0.20536716370049732,-12.9,-0.4990981240981247,2.9515151515151516,2.28974358974359,0.6617715617715617,1.8856496761446335,31.666666666666668,95.0,13.0,24.666666666666668,74.0,12.0,NFC North,3,7.0,21,0.0,0.6713333333333334,6.52,3.8059964726631392,2.0,1.0,1.0,39.666666666666664,1.6666666666666667,6.0,0.44841269841269843,0.6516666666666666,7.21,3.5122655122655124,1.6666666666666667,0.3333333333333333,1.0,56.0,3.6666666666666665,0.44841269841269843,1.1143503238553665,2013-09-29,2013,0.5571516063554143,0.3774970089521656,DET,3.0,2.0,0.6666666666666666,12.0,36,12.0,36,-0.1000000000000038,-1.1836142757498258,-30.433333333333337,0.5577272727272722,2.2581585081585085,1.9325396825396826,0.32561882561882566,1.764217514310109,27.333333333333332,82.0,13.0,23.0,69.0,13.0,NFC North,1,4.333333333333333,13,0.0,0.6376666666666666,8.586666666666666,2.827749360613811,2.0,1.0,0.6666666666666666,86.66666666666667,1.3333333333333333,3.0,0.32167832167832167,0.6193333333333334,4.976666666666667,4.569090909090909,0.6666666666666666,1.3333333333333333,1.0,45.666666666666664,2.3333333333333335,0.32167832167832167,0.2357824856898909,2013,0.3894923362404499,0.2691219658700794,CHI vs. DET,DET,1523.864708082735,8.0,CHI,1611.5211706611783,1.0,1,8,-3.0,1,-148.0,134.0,1,0
NOR,4.0,4.0,1.0,10.75,43,11.0,44,3.950000000000003,-0.6097831765935219,-39.45,1.629094041922989,2.546969696969697,1.249621212121212,1.2973484848484849,3.0923278450480325,27.0,108.0,20.0,13.75,55.0,8.0,NFC South,4,13.25,53,0.5,0.67675,8.5,3.4015804597701145,2.5,0.5,0.8125,41.75,1.25,5.0,0.4546703296703297,0.5525,4.0325,5.640457678286626,1.0,0.5,0.6666666666666666,45.0,2.5,0.4546703296703297,0.9076721549519675,2013-10-06,2013,0.5706595529013916,0.1776214615887258,CHI,4.0,3.0,0.75,11.75,47,11.5,46,-14.35,0.8900087181337178,-14.275000000000002,-0.052164502164502746,2.746969696969697,2.4865384615384616,0.26043123543123536,2.2564347727982663,31.75,127.0,19.0,28.5,114.0,19.0,NFC North,-1,3.25,13,0.2222222222222222,0.647,5.904999999999999,4.901372354497354,2.0,1.0,1.0,37.25,2.25,5.0,0.35554029304029305,0.653,6.8575,3.959199134199134,1.5,0.75,1.0,48.25,3.5,0.35554029304029305,0.7435652272017337,2013,0.4794028687065581,0.38656380063496165,NOR vs. CHI,CHI,1549.1674043909363,6.0,NOR,1677.518920281591,1.0,0,-8,-1.0,0,-115.0,104.0,0,0
NYG,5.0,0.0,0.0,13.6,68,12.2,61,-40.08,-0.7481099138219884,-4.1800000000000015,-0.18810441655269267,1.1495238095238096,3.0051948051948054,-1.8556709956709958,0.8614811200452176,16.4,82.0,14.0,36.4,182.0,29.0,NFC East,-5,-20.0,-100,0.5625,0.5362,4.414,3.2632537225416485,1.6,0.4,0.5,62.8,4.0,-13.0,0.26848151848151847,0.6275999999999999,7.2379999999999995,3.8232592198109443,2.4,1.0,1.0,70.8,1.4,0.26848151848151847,-0.8614811200452176,2013-10-10,2013,0.17040960093931456,0.29841654924160227,CHI,5.0,3.0,0.6,11.2,56,11.2,56,-6.32,0.9541786916786915,-7.540000000000001,-0.40262501865950195,2.5975757575757576,2.5092307692307694,0.08834498834498827,2.5513754446561037,29.0,145.0,22.0,28.0,140.0,25.0,NFC North,-2,1.0,5,0.41666666666666663,0.663,7.0280000000000005,4.965542328042328,2.0,0.8,1.0,38.4,2.0,4.0,0.3644322344322345,0.6881999999999999,7.331999999999999,3.6087386177041347,1.6,0.6,1.0,40.6,2.8,0.3644322344322345,0.44862455534389634,2013,0.42810621506273466,0.3971986210128479,NYG vs. CHI,CHI,1516.841853268708,7.0,NYG,1306.0406694840244,27.0,1,6,-9.5,0,-370.0,322.0,0,0
CHI,6.0,4.0,0.6666666666666666,10.666666666666666,64,10.833333333333334,65,-4.183333333333334,0.7587722117176137,-13.383333333333335,-0.21561991648198595,2.7271464646464647,2.47991452991453,0.24723193473193464,3.1960279371043754,28.666666666666668,172.0,26.0,26.833333333333332,161.0,28.0,NFC North,1,1.8333333333333333,11,0.3333333333333333,0.6636666666666667,7.255,4.77013584808125,2.0,0.6666666666666666,1.0,40.5,1.6666666666666667,7.0,0.37945110445110447,0.6631666666666667,6.859999999999999,3.7957437198816506,1.5,0.8333333333333334,1.0,39.0,2.8333333333333335,0.37945110445110447,0.8039720628956246,2013-10-20,2013,0.46068560842522455,0.416695430156609,WAS,5.0,1.0,0.2,11.2,56,11.6,58,-20.58,1.243946821152703,-0.48000000000000115,0.07352832957605733,1.9146853146853147,2.5530769230769232,-0.6383916083916084,1.8464846937369697,21.4,107.0,16.0,28.6,143.0,21.0,NFC East,-1,-7.2,-36,0.30833333333333335,0.594,6.132,5.255310457516339,1.2,0.8,0.55,66.2,1.8,-1.0,0.3493531468531469,0.6522,8.006,4.084891965939694,2.0,1.2,0.8,56.2,1.6,0.3493531468531469,-0.8464846937369697,2013,0.23734373178645887,0.2283580049362884,CHI vs. WAS,WAS,1380.7046509687666,25.0,CHI,1539.75063316966,6.0,1,4,1.0,1,108.0,-119.0,0,0
CHI,7.0,4.0,0.5714285714285714,10.714285714285714,75,11.0,77,-6.114285714285715,0.9864151425112012,-10.885714285714288,-0.06351685985378326,2.870021645021645,2.6613553113553112,0.20866633366633355,3.6410945049942534,30.428571428571427,213.0,32.0,29.428571428571427,206.0,34.0,NFC North,-1,1.0,7,0.3111111111111111,0.6555714285714286,7.208571428571429,4.997778778874838,1.8571428571428572,1.0,0.9523809523809524,39.0,1.5714285714285714,7.0,0.36095808952951813,0.6571428571428571,7.284285714285715,3.9478467765098535,1.5714285714285714,1.1428571428571428,1.0,40.142857142857146,2.5714285714285716,0.36095808952951813,0.35890549500574664,2013-11-04,2013,0.4485428111241598,0.40111834291316395,GNB,7.0,5.0,0.7142857142857143,10.714285714285714,75,10.857142857142858,76,5.91428571428571,0.7336185290813236,-5.700000000000003,-0.10104188336453827,3.115419501133787,2.124876314162029,0.9905431869717585,4.675507068371955,30.285714285714285,212.0,38.0,22.571428571428573,158.0,25.0,NFC North,4,7.714285714285714,54,0.41944444444444445,0.6718571428571429,8.982857142857142,4.74498216544496,2.142857142857143,0.8571428571428571,0.8833333333333333,69.0,1.2857142857142858,-2.0,0.45125960640666524,0.6201428571428572,7.5600000000000005,3.910321752999099,1.7142857142857142,0.8571428571428571,0.6666666666666666,64.0,1.0,0.45125960640666524,0.32449293162804516,2013,0.5301537740987918,0.29720361520808486,CHI vs. GNB,GNB,1629.4439979785675,8.0,CHI,1468.3373389372025,9.0,0,-7,-10.0,0,-475.0,404.0,1,0
DET,8.0,5.0,0.625,11.5,92,11.75,94,-6.2500000000000036,-0.3392399699239683,-13.725000000000001,0.8512113927738924,2.3188166000666,2.11606795981796,0.20274864024864028,4.256778801842863,27.125,217.0,36.0,24.625,197.0,39.0,NFC North,1,2.5,20,0.4530612244897959,0.626625,7.61375,3.6721236664396684,2.0,1.0,0.8125,61.375,1.5,1.0,0.3950085002716582,0.609625,6.88125,4.862575029137529,1.625,0.625,0.9583333333333334,50.875,1.625,0.3950085002716582,0.743221198157137,2013-11-10,2013,0.42765755860551213,0.40157663128740473,CHI,8.0,5.0,0.625,10.75,86,11.0,88,-6.525000000000001,1.0094200678791192,-15.4875,0.3007609137721402,2.818087121212121,2.555958624708625,0.26212849650349646,4.311771342917885,30.0,240.0,37.0,28.25,226.0,38.0,NFC North,1,1.75,14,0.3687074829931972,0.64075,7.25625,5.020783704242756,1.875,1.0,0.9583333333333334,39.75,1.375,8.0,0.3694097569097569,0.646375,6.7787500000000005,4.312124550135777,1.375,1.25,1.0,35.125,2.375,0.3694097569097569,0.6882286570821146,2013,0.4672448551047067,0.41498961501295506,DET vs. CHI,CHI,1611.5211706611783,1.0,DET,1523.864708082735,8.0,0,-2,1.0,0,-103.0,-107.0,1,0
CHI,10.0,6.0,0.6,10.7,107,10.9,109,-8.080000000000002,0.5952633270305681,-18.53,0.4204185553397316,2.6571969696969697,2.436585081585082,0.220611888111888,5.33480840413862,28.2,282.0,45.0,26.7,267.0,45.0,NFC North,1,1.5,15,0.4055996472663139,0.629,7.165000000000001,4.606626963394205,1.8,0.8,0.9666666666666666,46.8,1.2,10.0,0.37516581457757925,0.6233,6.327,4.431782191703368,1.5,1.1,0.875,37.8,2.2,0.37516581457757925,0.6651915958613799,2013-11-24,2013,0.4485360951530487,0.3990216713887726,LAR,10.0,4.0,0.4,11.2,112,11.5,115,-9.71,-0.45031898645056573,-6.029999999999999,-0.19040724652025004,2.1604329004329004,2.137386363636364,0.023046536796536808,4.450295645539651,22.4,224.0,35.0,23.4,234.0,36.0,NFC West,1,-1.0,-10,0.4076719576719577,0.5951,7.301,3.561044649913071,1.7,0.3,0.8611111111111112,57.3,1.4,5.0,0.339453601094468,0.6613,7.424000000000001,3.8209563898433863,1.5,1.1,0.7142857142857143,61.0,1.9,0.339453601094468,-0.45029564553965074,2013,0.2984282610768859,0.267642918922237,CHI vs. LAR,LAR,1454.976548313929,18.0,CHI,1541.885976459292,9.0,1,21,-1.0,1,-123.0,111.0,0,0
CHI,11.0,6.0,0.5454545454545454,10.636363636363637,117,10.636363636363637,117,-7.190909090909093,0.4561993373513746,-18.381818181818183,0.8263066946519646,2.606542699724518,2.6923500741682562,-0.08580737444373812,5.496898423383224,27.545454545454547,303.0,48.0,28.09090909090909,309.0,51.0,NFC North,-1,-0.5454545454545454,-6,0.4050396825396826,0.6414545454545455,7.169090909090909,4.467562973715011,1.8181818181818181,0.8181818181818182,0.9666666666666666,50.18181818181818,1.3636363636363635,7.0,0.3956052859796175,0.608,6.446363636363636,4.837670331015601,1.4545454545454546,1.2727272727272727,0.8888888888888888,37.90909090909091,2.0,0.3956052859796175,0.5031015766167757,2013-12-01,2013,0.4290201054216047,0.41620682238341533,MIN,11.0,2.0,0.18181818181818182,11.272727272727273,124,11.181818181818182,123,-21.727272727272727,0.6605795937436011,1.6545454545454548,0.1529372044077923,2.300724780270235,3.0523726273726273,-0.7516478471023926,3.9398286841971744,24.181818181818183,266.0,45.0,31.454545454545453,346.0,57.0,NFC North,0,-7.2727272727272725,-80,0.41916666666666663,0.6227272727272727,5.630909090909091,4.671943230107238,1.0,1.3636363636363635,0.8787878787878788,41.36363636363637,2.090909090909091,-9.0,0.3869039234680946,0.6663636363636364,7.905454545454545,4.164300840771429,2.1818181818181817,1.1818181818181819,1.0,64.18181818181819,1.2727272727272727,0.3869039234680946,-1.9398286841971744,2013,0.2989059451694481,0.3395637583154184,CHI vs. MIN,MIN,1450.0,17.0,CHI,1550.0,1.0,1,3,-2.5,1,-137.0,124.0,1,0
DAL,12.0,7.0,0.5833333333333334,11.083333333333334,133,11.416666666666666,137,-4.233333333333331,0.04742386517103799,-10.333333333333336,0.5367053274299288,2.4985486735486737,2.267965367965368,0.23058330558330553,6.974436014018928,27.416666666666668,329.0,52.0,25.25,303.0,52.0,NFC East,2,2.1666666666666665,26,0.5282959464777647,0.6376666666666667,7.226666666666667,4.058787501534675,2.0,0.75,0.875,57.583333333333336,1.0833333333333333,12.0,0.3566485597735598,0.6415833333333333,7.055833333333333,4.548068963793566,1.8333333333333333,1.0833333333333333,0.7954545454545454,58.916666666666664,2.0833333333333335,0.3566485597735598,0.0255639859810719,2013-12-09,2013,0.39181035543296727,0.3487404667098636,CHI,12.0,6.0,0.5,10.916666666666666,131,10.833333333333334,130,-5.441666666666667,0.5339024228751237,-19.166666666666668,0.9356675004006645,2.508378427128427,2.6154234654234654,-0.10704503829503832,5.914838386946861,26.916666666666668,323.0,52.0,27.666666666666668,332.0,56.0,NFC North,-2,-0.75,-9,0.38474681883772793,0.64125,7.4624999999999995,4.54526605923876,1.8333333333333333,0.75,0.9242424242424242,50.25,1.3333333333333333,7.0,0.3777896939661645,0.6040833333333333,6.366666666666667,4.947031136764301,1.4166666666666667,1.25,0.875,39.75,1.9166666666666667,0.3777896939661645,0.08516161305313918,2013,0.39976361569895885,0.3979288784172922,DAL vs. CHI,CHI,1405.6201784294828,14.0,DAL,1565.218384726572,10.0,1,17,-2.0,1,-127.0,115.0,0,0
CHI,13.0,7.0,0.5384615384615384,10.692307692307692,139,10.615384615384615,138,-1.8615384615384634,0.5424396490875267,-16.923076923076923,1.0990826876825315,2.748118548118548,2.683467814237045,0.06465073388150308,6.669654451680337,28.307692307692307,368.0,60.0,27.692307692307693,360.0,60.0,NFC North,1,0.6153846153846154,8,0.401295695045695,0.6496153846153846,7.787692307692307,4.553803285451163,2.0,0.7692307692307693,0.9305555555555555,47.53846153846154,1.2307692307692308,7.0,0.40467300422051555,0.6006923076923077,6.461538461538462,5.110446324046167,1.5384615384615385,1.2307692307692308,0.875,40.53846153846154,1.7692307692307692,0.40467300422051555,0.3303455483196629,2013-12-15,2013,0.44262353785234076,0.412386138739788,CLE,13.0,4.0,0.3076923076923077,12.153846153846153,158,12.153846153846153,158,-20.153846153846153,-0.08676238798577382,-17.138461538461538,-0.5401619277532131,1.6443976837641996,2.0522824397824397,-0.40788475601824015,4.938803690471712,19.76923076923077,257.0,44.0,24.923076923076923,324.0,56.0,AFC North,-4,-5.153846153846154,-67,0.4772546897546897,0.5672307692307692,5.99,3.924601248377863,1.8461538461538463,0.15384615384615385,0.8076923076923077,59.69230769230769,1.7692307692307692,-7.0,0.33968668335184177,0.5974615384615385,5.7069230769230765,3.4712017086104234,1.7692307692307692,0.7692307692307693,0.8653846153846154,50.38461538461539,1.2307692307692308,0.33968668335184177,-0.9388036904717119,2013,0.2583703201651629,0.3015710775723389,CHI vs. CLE,CLE,1340.44977779513,24.0,CHI,1477.0983239103673,12.0,0,-7,-1.0,0,-104.0,-106.0,0,0
CHI,14.0,8.0,0.5714285714285714,10.714285714285714,150,10.571428571428571,148,-1.6071428571428588,0.6296103821543791,-18.028571428571432,1.1248071099145278,2.798577612863327,2.7132201132201135,0.0853574996432139,7.2879994585169126,29.0,406.0,65.0,27.928571428571427,391.0,63.0,NFC North,2,1.0714285714285714,15,0.39409543448004986,0.6539285714285714,7.763571428571429,4.6409740185180155,2.0714285714285716,0.7857142857142857,0.9358974358974359,47.0,1.3571428571428572,6.0,0.4216861569802747,0.5999285714285714,6.372142857142856,5.136170746278164,1.5,1.2142857142857142,0.8863636363636364,44.07142857142857,1.7857142857142858,0.4216861569802747,0.7120005414830874,2013-12-22,2013,0.4553714453316194,0.41691893538293173,PHI,14.0,8.0,0.5714285714285714,11.928571428571429,167,11.642857142857142,163,-2.314285714285713,0.9352138725651103,-16.007142857142856,-0.21116106983158428,2.213429427715142,2.2705936920222634,-0.05716426430712145,7.143174908859974,26.0,364.0,63.0,24.928571428571427,349.0,57.0,NFC East,-1,1.0714285714285714,15,0.4215560080944697,0.6014999999999999,8.845,4.946577508928747,2.0,1.0,0.8257575757575757,55.785714285714285,1.2142857142857142,9.0,0.3786390875206665,0.6080714285714286,6.659999999999999,3.8002025665320525,1.5714285714285714,0.8571428571428571,0.7966666666666666,60.0,1.8571428571428572,0.3786390875206665,0.8568250911400259,2013,0.40033361024030006,0.3461170158610786,CHI vs. PHI,PHI,1562.48763097161,11.0,CHI,1508.387978378042,11.0,1,43,-2.5,1,-139.0,126.0,0,0
GNB,15.0,7.0,0.4666666666666667,10.866666666666667,163,11.0,165,-11.753333333333334,0.4869349162239091,-4.600000000000002,0.5604777379475553,2.483660413660414,2.441911976911977,0.041748436748436764,7.266931928103938,25.6,384.0,70.0,26.666666666666668,400.0,66.0,NFC North,-1,-1.0666666666666667,-16,0.41631146631146626,0.6414666666666666,7.027333333333333,4.498298552587546,1.5333333333333334,1.0666666666666667,0.9142857142857144,52.4,1.5333333333333334,-3.0,0.3852418659771601,0.6232666666666666,7.75,4.571841374311192,1.8666666666666667,0.9333333333333333,0.7222222222222221,56.2,1.3333333333333333,0.3852418659771601,-0.2669319281039382,2013-12-29,2013,0.4218056298702349,0.366215148583895,CHI,15.0,8.0,0.5333333333333333,10.733333333333333,161,10.533333333333333,158,-3.640000000000001,0.5342472019724764,-14.773333333333335,1.3175809120145021,2.6786724386724385,2.8923387723387726,-0.2136663336663337,7.3105127155189775,27.8,417.0,67.0,29.666666666666668,445.0,70.0,NFC North,-1,-1.8666666666666667,-28,0.40676208711923,0.6479333333333333,7.537999999999999,4.545610838336113,2.0,0.7333333333333333,0.9404761904761905,44.53333333333333,1.4,5.0,0.4173832703244468,0.6159333333333333,6.654,5.328944548378138,1.5333333333333334,1.4,0.8958333333333334,42.13333333333333,1.7333333333333334,0.4173832703244468,0.6894872844810225,2013,0.435277701060136,0.4338667130437433,GNB vs. CHI,CHI,1468.3373389372025,9.0,GNB,1629.4439979785675,8.0,0,-5,3.0,0,140.0,-155.0,1,0
PIT,1.0,0.0,0.0,10.0,10,9.0,9,-26.799999999999997,-1.9446969696969698,-27.700000000000003,-1.3446969696969702,0.9,1.7777777777777777,-0.8777777777777777,0.2036537187659896,9.0,9.0,1.0,16.0,16.0,4.0,AFC North,-1,-7.0,-7,0.5,0.636,4.18,2.066666666666667,1.0,0.0,,47.0,2.0,-2.0,0.3076923076923077,0.55,5.85,2.6666666666666665,0.0,1.0,1.0,60.0,0.0,0.3076923076923077,-0.2036537187659896,2013-09-16,2013,0.07963462812340105,-0.09051276389599532,CIN,1.0,0.0,0.0,10.0,10,10.0,10,-3.4000000000000057,-1.0113636363636367,-6.799999999999997,-1.118506493506494,2.1,2.4,-0.2999999999999998,0.42153642214782644,21.0,21.0,3.0,24.0,24.0,4.0,AFC North,-1,-3.0,-3,0.5,0.7879999999999999,6.88,3.0,2.0,1.0,,84.0,3.0,-2.0,0.6363636363636364,0.636,7.18,2.892857142857143,2.0,1.0,1.0,59.0,1.0,0.6363636363636364,-0.42153642214782644,2013,0.17353907335565208,-0.16861456885913056,PIT vs. CIN,CIN,1450.0,17.0,PIT,1450.0,17.0,1,10,-7.0,1,-275.0,244.0,1,0
GNB,2.0,1.0,0.5,11.0,22,11.5,23,21.799999999999997,0.5423644338118021,16.049999999999997,0.4886363636363633,3.0666666666666664,2.3257575757575757,0.7409090909090909,1.2076644918342287,33.0,66.0,10.0,27.0,54.0,9.0,NFC North,1,6.0,12,0.0,0.6890000000000001,10.754999999999999,4.553728070175438,3.5,1.0,1.0,42.0,1.5,-2.0,0.4,0.671,10.065000000000001,4.5,3.0,0.5,0.3333333333333333,81.5,0.5,0.4,-0.20766449183422875,2013-09-22,2013,0.40734897912858437,0.15502216464112917,CIN,2.0,1.0,0.5,11.0,22,10.5,21,-10.850000000000001,-0.6437165775401072,-17.799999999999997,-1.1899350649350653,1.8833333333333333,1.6545454545454545,0.22878787878787893,1.2594464029032229,20.5,41.0,7.0,17.0,34.0,6.0,AFC North,1,3.5,7,0.0,0.6719999999999999,6.775,3.3676470588235294,1.5,1.0,1.0,84.0,1.5,0.0,0.5240641711229946,0.5885,6.415,2.821428571428571,1.5,0.5,1.0,44.0,1.5,0.5240641711229946,-0.25944640290322285,2013,0.27690625408357816,0.1057933710138253,GNB vs. CIN,CIN,1500.0,9.0,GNB,1500.0,9.0,1,4,3.0,1,133.0,-147.0,0,0
CIN,3.0,2.0,0.6666666666666666,11.333333333333334,34,11.666666666666666,35,-6.400000000000001,-0.6273767082590616,-24.566666666666663,-0.10818903318903361,2.2,1.8173160173160172,0.3826839826839829,1.833066515423845,25.0,75.0,11.0,21.333333333333332,64.0,11.0,AFC North,2,3.6666666666666665,11,0.25,0.6859999999999999,7.016666666666667,3.383986928104575,1.6666666666666667,1.3333333333333333,0.5,70.33333333333333,2.3333333333333335,0.0,0.4705882352941176,0.594,5.416666666666667,3.903174603174603,1.3333333333333333,0.6666666666666666,1.0,47.666666666666664,2.3333333333333335,0.4705882352941176,0.16693348457615498,2013-09-29,2013,0.3415320424542912,0.22701207933654957,CLE,3.0,1.0,0.3333333333333333,13.0,39,12.333333333333334,37,-35.96666666666667,0.29670574523515675,-21.933333333333337,-1.3639816821794384,1.1333333333333335,1.7212121212121214,-0.5878787878787878,0.8214465813319396,15.666666666666666,47.0,9.0,21.333333333333332,64.0,12.0,AFC North,1,-5.666666666666667,-17,0.0,0.5499999999999999,4.076666666666667,4.308069381598794,1.6666666666666667,0.0,1.0,45.666666666666664,2.3333333333333335,-2.0,0.24603174603174605,0.6313333333333334,5.3999999999999995,2.647381954184198,0.6666666666666666,1.6666666666666667,0.6666666666666666,51.0,1.6666666666666667,0.24603174603174605,0.1785534186680604,2013,0.24450410912831236,0.23551928850465517,CIN vs. CLE,CLE,1452.0146061080266,16.0,CIN,1550.0,8.0,1,11,3.5,1,166.0,-185.0,1,0
NWE,4.0,4.0,1.0,12.25,49,12.25,49,-11.125,-0.040764619630843546,-31.6,0.06538825757575706,2.0083333333333333,1.1682400932400934,0.8400932400932402,2.848803071096092,22.25,89.0,19.0,14.25,57.0,10.0,AFC East,4,8.0,32,0.4444444444444444,0.596,6.795,3.970599016732793,1.75,0.25,0.9166666666666666,52.25,1.0,4.0,0.4276709401709402,0.54725,5.0725,4.076751893939393,1.0,0.25,0.8333333333333334,61.0,2.0,0.4276709401709402,1.1511969289039081,2013-10-06,2013,0.49935072269986863,0.21179576167877082,CIN,4.0,2.0,0.5,11.0,44,11.25,45,-15.325000000000001,-0.6858734402852054,-18.049999999999997,-0.3423160173160177,1.8,1.787987012987013,0.012012987012987142,1.9111809899981362,20.25,81.0,13.0,20.25,81.0,14.0,AFC North,-1,0.0,0,0.27777777777777773,0.6515,6.2025,3.325490196078431,1.25,1.0,0.6666666666666666,59.0,2.25,-2.0,0.42436974789915966,0.61,5.95,3.669047619047619,1.5,0.5,0.8333333333333334,55.75,1.75,0.42436974789915966,0.08881901000186376,2013,0.3020150405115013,0.24024147855570052,NWE vs. CIN,CIN,1486.261105584858,11.0,NWE,1655.2621973007767,1.0,1,7,2.0,1,127.0,-140.0,0,0
CIN,6.0,4.0,0.6666666666666666,11.166666666666666,67,11.333333333333334,68,-13.550000000000002,-0.4313307726865836,-21.0,-0.12898929773929813,1.7719696969696972,1.638961038961039,0.13300865800865813,3.3425723079324707,20.166666666666668,121.0,21.0,18.5,111.0,20.0,AFC North,2,1.6666666666666667,10,0.44666666666666666,0.6661666666666667,6.3500000000000005,3.580032863677053,1.3333333333333333,0.8333333333333334,0.7333333333333333,62.166666666666664,2.0,-2.0,0.4143946467475879,0.5846666666666667,5.705000000000001,3.8823743386243383,1.3333333333333333,0.5,0.8888888888888888,41.666666666666664,1.6666666666666667,0.4143946467475879,0.6574276920675293,2013-10-20,2013,0.34777607346621425,0.2773248868660554,DET,6.0,4.0,0.6666666666666666,11.5,69,11.833333333333334,71,-6.200000000000003,-0.4503711615705157,-24.600000000000005,1.54685606060606,2.2782634032634035,1.986808561808562,0.2914548414548415,3.306697394918739,27.0,162.0,27.0,23.333333333333332,140.0,28.0,NFC North,1,3.6666666666666665,22,0.38666666666666666,0.6293333333333333,7.364999999999999,3.560992474793121,2.0,0.8333333333333334,0.8333333333333334,66.66666666666667,1.3333333333333333,5.0,0.36718836718836717,0.6173333333333333,5.618333333333333,5.558219696969697,1.1666666666666667,0.8333333333333334,1.0,54.333333333333336,2.1666666666666665,0.36718836718836717,0.6933026050812612,2013,0.43651973511399533,0.37420768296308754,CIN vs. DET,DET,1574.454447509511,6.0,CIN,1595.7567289037802,6.0,0,-3,-2.5,0,-150.0,136.0,0,0
NYJ,7.0,4.0,0.5714285714285714,12.571428571428571,88,12.285714285714286,86,-25.928571428571427,0.05259735259620957,-13.928571428571429,-0.8138047436434537,1.6042957042957045,1.9705540491254776,-0.36625834482977343,2.790829692004298,19.142857142857142,134.0,27.0,23.142857142857142,162.0,29.0,AFC East,1,-4.0,-28,0.5416666666666666,0.5922857142857143,5.827142857142857,4.063960988959846,1.1428571428571428,0.42857142857142855,1.0,67.71428571428571,2.142857142857143,-11.0,0.3898641041498184,0.5907142857142856,6.502857142857143,3.1975588927201835,1.4285714285714286,0.7142857142857143,0.9444444444444443,63.42857142857143,0.5714285714285714,0.3898641041498184,1.2091703079957021,2013-10-27,2013,0.3598175297335779,0.34728561284364673,CIN,7.0,5.0,0.7142857142857143,11.0,77,11.0,77,-6.628571428571428,-0.49038308654521023,-18.485714285714288,-0.24361420325706076,1.9045454545454545,1.7857761286332714,0.11876932591218321,3.9119090995854404,21.142857142857142,148.0,26.0,19.285714285714285,135.0,24.0,AFC North,3,1.8571428571428572,13,0.48333333333333334,0.6718571428571429,7.224285714285714,3.520980549818426,1.5714285714285714,0.7142857142857143,0.7222222222222222,60.42857142857143,1.7142857142857142,-2.0,0.41233826864078965,0.5795714285714285,6.058571428571428,3.767749433106576,1.5714285714285714,0.42857142857142855,0.8333333333333333,40.0,1.4285714285714286,0.41233826864078965,1.0880909004145596,2013,0.390149097237066,0.3156107265490713,NYJ vs. CIN,CIN,1642.6949199417395,4.0,NYJ,1539.0232803607398,9.0,1,40,-6.0,1,-255.0,227.0,0,0
CIN,8.0,6.0,0.75,10.875,87,11.0,88,-2.624999999999999,-0.5355056552725135,-22.6875,-0.23020788239538276,2.278977272727273,1.6648268398268398,0.614150432900433,4.8942066607106876,24.625,197.0,31.0,18.0,144.0,27.0,AFC North,4,6.625,53,0.4959183673469388,0.667,7.89625,3.475857981091123,2.0,0.625,0.7222222222222222,58.5,1.625,-1.0,0.4289778032425091,0.584875,5.49375,3.781155753968254,1.375,0.375,0.8541666666666666,43.625,1.5,0.4289778032425091,1.1057933392893124,2013-10-31,2013,0.40557412861777115,0.31087559681933447,MIA,7.0,3.0,0.42857142857142855,11.857142857142858,83,11.428571428571429,80,-23.37142857142857,0.05937859243572647,-20.599999999999998,-0.17366687366687408,1.8707292707292706,2.111038961038961,-0.24030969030969035,3.332264691060935,21.714285714285715,152.0,27.0,23.857142857142858,167.0,32.0,AFC East,-4,-2.142857142857143,-15,0.6746031746031745,0.598,5.301428571428572,4.070742228799363,1.5714285714285714,0.7142857142857143,0.7261904761904762,39.0,2.0,-3.0,0.3905850801859205,0.6124285714285714,5.908571428571428,3.8376967626967624,1.2857142857142858,1.0,0.8452380952380951,46.57142857142857,1.5714285714285714,0.3905850801859205,-0.33226469106093504,2013,0.30986033277341607,0.3238705890822323,CIN vs. MIA,MIA,1426.435700877446,14.0,CIN,1678.2029481596296,5.0,1,2,3.0,1,136.0,-150.0,0,0
CLE,9.0,4.0,0.4444444444444444,11.555555555555555,104,11.555555555555555,104,-20.2,-0.1601900982583806,-18.433333333333334,-0.5445479402690316,1.6505050505050507,1.925717492384159,-0.27521244187910854,3.7789219445352913,19.11111111111111,172.0,30.0,21.88888888888889,197.0,36.0,AFC North,1,-2.7777777777777777,-25,0.4744047619047619,0.5682222222222222,5.821111111111112,3.8511735381052556,1.7777777777777777,0.1111111111111111,0.925925925925926,66.77777777777777,1.3333333333333333,-1.0,0.32361759518622263,0.6048888888888889,5.628888888888889,3.466815696094605,1.4444444444444444,1.0,0.8055555555555556,56.333333333333336,1.2222222222222223,0.32361759518622263,0.2210780554647087,2013-11-17,2013,0.2955473735725868,0.3161953098255657,CIN,10.0,6.0,0.6,11.4,114,11.6,116,-11.86,-0.377866191582904,-23.57,-0.1797723665223669,2.103181818181818,1.6344255744255745,0.46875624375624386,5.742854873225827,23.4,234.0,38.0,18.6,186.0,34.0,AFC North,-2,4.8,48,0.4749999999999999,0.6411,6.9239999999999995,3.6334974447807324,1.8,0.7,0.7291666666666666,66.5,2.0,-4.0,0.41949803206769154,0.5949,5.215999999999999,3.8315912698412697,1.3,0.4,0.85,43.9,1.6,0.41949803206769154,0.2571451267741729,2013,0.34190483755913903,0.27133011578476024,CLE vs. CIN,CIN,1550.0,8.0,CLE,1452.0146061080266,16.0,1,21,-4.0,1,-212.0,190.0,1,0
CIN,11.0,7.0,0.6363636363636364,11.818181818181818,130,12.090909090909092,133,-13.754545454545456,-0.3973337012257272,-26.61818181818182,-0.04006056808688427,2.1449380165289256,1.5927933029537307,0.5521447135751949,6.588556749990698,25.0,275.0,43.0,18.727272727272727,206.0,37.0,AFC North,1,6.2727272727272725,69,0.4719444444444444,0.6282727272727272,6.579999999999999,3.6140299351379097,1.9090909090909092,0.6363636363636364,0.7592592592592592,66.27272727272727,2.0,-2.0,0.38785535382777153,0.5846363636363636,4.925454545454546,3.9713030682767525,1.2727272727272727,0.36363636363636365,0.8636363636363636,43.54545454545455,1.8181818181818181,0.38785535382777153,0.4114432500093024,2013-12-01,2013,0.3431413005247553,0.2633105948396064,LAC,11.0,5.0,0.45454545454545453,9.909090909090908,109,9.727272727272727,107,4.1909090909090905,-0.0442329283797878,0.48181818181818026,0.9583275175348891,2.486734225370589,2.365610651974288,0.12112357339630057,5.766635660058433,24.454545454545453,269.0,50.0,23.636363636363637,260.0,44.0,AFC West,1,0.8181818181818182,9,0.5721825396825396,0.7073636363636363,8.483636363636364,3.967130707983849,2.0,0.5454545454545454,0.8666666666666666,55.36363636363637,1.1818181818181819,-4.0,0.4513429752066116,0.6798181818181818,8.114545454545455,4.969691153898526,1.6363636363636365,0.8181818181818182,0.725,57.0,0.8181818181818182,0.4513429752066116,-0.7666356600584328,2013,0.4267458023328427,0.34517249868940436,CIN vs. LAC,LAC,1486.54327821771,12.0,CIN,1567.4714180931237,8.0,0,-7,2.5,0,118.0,-130.0,0,0
IND,12.0,8.0,0.6666666666666666,10.833333333333334,130,10.916666666666666,131,-18.433333333333334,0.30838553476384284,-12.808333333333332,0.2744671364769401,2.2670783464901114,2.1243419774669774,0.1427363690231338,6.276046947484346,23.75,285.0,53.0,22.833333333333332,274.0,48.0,AFC South,1,0.9166666666666666,11,0.5470943198215925,0.5880833333333334,6.168333333333333,4.319749171127479,1.25,1.0,0.9,37.666666666666664,1.0833333333333333,6.0,0.37976010917187386,0.6062500000000001,7.315,4.285830772840577,1.4166666666666667,0.8333333333333334,0.835,58.416666666666664,1.5833333333333333,0.37976010917187386,1.723953052515654,2013-12-08,2013,0.4662625075534164,0.3885176504584933,CIN,12.0,8.0,0.6666666666666666,11.583333333333334,139,11.833333333333334,142,-13.975,-0.3388537396802021,-26.150000000000002,-0.05503026822105809,2.1236005892255894,1.552653120300179,0.5709474689254103,7.367167530595553,24.333333333333332,292.0,46.0,18.0,216.0,39.0,AFC North,2,6.333333333333333,76,0.4703627180899908,0.6266666666666666,6.629166666666666,3.6725098966834344,1.8333333333333333,0.6666666666666666,0.7833333333333333,63.25,2.0,-1.0,0.39720074100879055,0.58775,5.005833333333333,3.9563333681425785,1.25,0.3333333333333333,0.875,43.666666666666664,1.9166666666666667,0.39720074100879055,0.6328324694044474,2013,0.3483874661826166,0.26624440510960884,IND vs. CIN,CIN,1606.0310816278493,7.0,IND,1583.0886011032055,7.0,1,14,-7.0,1,-302.0,266.0,0,0
CIN,13.0,9.0,0.6923076923076923,11.538461538461538,150,11.846153846153847,154,-11.323076923076922,-0.2806951603042026,-23.13076923076923,0.04448254961412817,2.2539529914529917,1.6127054443796527,0.641247547073339,8.090479962771056,25.692307692307693,334.0,52.0,18.76923076923077,244.0,43.0,AFC North,3,6.923076923076923,90,0.4867213804713804,0.6312307692307692,6.855384615384616,3.730668476059434,1.9230769230769231,0.8461538461538461,0.7833333333333333,63.0,1.8461538461538463,-1.0,0.40510837631580665,0.591,5.300000000000001,4.055846185977765,1.4615384615384615,0.3076923076923077,0.8076923076923077,43.92307692307692,1.7692307692307692,0.40510837631580665,0.909520037228944,2013-12-15,2013,0.37092053432610517,0.2772774033970253,PIT,13.0,5.0,0.38461538461538464,11.076923076923077,144,11.307692307692308,147,-7.8538461538461535,-0.680023845446853,-16.976923076923075,0.3252286161484778,2.0472655549578627,2.161535046150431,-0.1142694911925681,6.378937533856343,22.384615384615383,291.0,53.0,24.0,312.0,58.0,AFC North,-2,-1.6153846153846154,-21,0.461489898989899,0.6441538461538462,6.94923076923077,3.331339790916784,1.8461538461538463,0.38461538461538464,0.9333333333333333,44.53846153846154,1.4615384615384615,-4.0,0.3933631225486429,0.5914615384615385,6.361538461538462,4.336592252512114,1.3076923076923077,1.0769230769230769,0.9027777777777778,48.46153846153846,1.1538461538461537,0.3933631225486429,-1.3789375338563428,2013,0.32901512324017834,0.32235563738164946,CIN vs. PIT,PIT,1450.0,17.0,CIN,1450.0,17.0,1,10,2.0,1,111.0,-123.0,1,0
MIN,14.0,4.0,0.2857142857142857,11.714285714285714,164,11.642857142857142,163,-18.971428571428568,0.5979182893328664,-0.3285714285714282,0.3369810006364625,2.34360976325262,2.8268642072213503,-0.48325444396872974,5.710403944606911,25.928571428571427,363.0,63.0,30.357142857142858,425.0,70.0,NFC North,1,-4.428571428571429,-62,0.4501927559619867,0.6143571428571428,6.135,4.609281925696503,1.1428571428571428,1.5,0.8630952380952381,45.0,1.8571428571428572,-7.0,0.3857671098742527,0.6538571428571428,7.805,4.348344637000099,2.2857142857142856,0.9285714285714286,0.9583333333333334,64.0,1.3571428571428572,0.3857671098742527,-1.7104039446069113,2013-12-22,2013,0.33721452591017625,0.3463066274660457,CIN,14.0,9.0,0.6428571428571429,11.428571428571429,160,11.642857142857142,163,-11.542857142857144,-0.3621065449577986,-21.907142857142855,-0.03490328906682327,2.235813492063492,1.7356074364477725,0.5002060556157195,8.367167530595552,25.285714285714285,354.0,55.0,19.571428571428573,274.0,48.0,AFC North,-1,5.714285714285714,80,0.4788670730978423,0.6267142857142857,6.790714285714286,3.6492570914058384,1.9285714285714286,0.8571428571428571,0.7833333333333333,62.07142857142857,1.7857142857142858,-1.0,0.3965802269871266,0.6059285714285715,5.375714285714286,3.9764603472968134,1.4285714285714286,0.35714285714285715,0.8214285714285714,42.57142857142857,1.7142857142857142,0.3965802269871266,0.6328324694044483,2013,0.3592882972398414,0.28675545947914705,MIN vs. CIN,CIN,1576.4726964905042,8.0,MIN,1429.8837799869,25.0,1,28,-7.5,1,-373.0,324.0,0,0
LAC,16.0,9.0,0.5625,9.75,156,9.75,156,4.0874999999999995,0.0023550132540473,-5.725000000000001,0.5232744200795266,2.56286525974026,2.1907512626262626,0.37211399711399706,8.975099256239401,24.75,396.0,75.0,21.75,348.0,60.0,AFC West,4,3.0,48,0.576003811003811,0.6921875,8.31625,4.013718649617684,2.0,0.5625,0.9111111111111111,47.8125,1.3125,-4.0,0.4792402603523927,0.6641875,7.49,4.534638056443163,1.4375,0.875,0.7678571428571429,53.125,1.0625,0.4792402603523927,0.024900743760598587,2014-01-05,2013,0.48151745023319104,0.36117549864809134,CIN,16.0,11.0,0.6875,11.4375,183,11.9375,191,-10.325000000000001,-0.450189357059204,-26.806250000000002,0.10065471373956245,2.3720565025252527,1.6567975325328266,0.715258969992426,10.136177551078744,26.875,430.0,65.0,19.0625,305.0,54.0,AFC North,2,7.8125,125,0.4696213046213046,0.62925,6.885625,3.5611742793044328,2.0625,0.875,0.8030303030303031,62.5,1.875,1.0,0.4163758304818676,0.59775,4.73,4.112018350103199,1.375,0.375,0.8333333333333334,43.25,1.9375,0.4163758304818676,0.8638224489212565,2013,0.37436764316252785,0.2803162343722997,LAC vs. CIN,CIN,1649.664540077909,6.0,LAC,1641.26655169538,12.0,0,-17,-6.5,0,-255.0,227.0,0,1
CLE,2.0,0.0,0.0,12.0,24,11.0,22,-40.8,-0.5786713286713288,-13.450000000000003,-2.2015810276679844,0.6666666666666667,1.6818181818181817,-1.0151515151515151,0.24031599044092133,8.0,16.0,4.0,18.5,37.0,7.0,AFC North,-2,-10.5,-21,0.0,0.5429999999999999,3.835,3.432692307692308,0.5,0.0,1.0,45.0,1.5,-1.0,0.16904761904761906,0.6495,6.3149999999999995,1.809782608695652,1.0,1.0,0.5,59.0,1.0,0.16904761904761906,-0.24031599044092133,2013-09-22,2013,0.14664033412992322,0.1208588197025807,MIN,2.0,0.0,0.0,12.0,24,12.0,24,-31.6,0.2386363636363631,-3.200000000000003,-0.01245296098237314,2.357142857142857,2.7167832167832167,-0.3596403596403598,0.7851819949611852,27.0,54.0,8.0,32.5,65.0,10.0,NFC North,-2,-5.5,-11,1.0,0.588,5.33,4.25,1.0,1.0,1.0,38.5,3.5,-1.0,0.31875,0.6809999999999999,7.435,3.9989106753812633,2.5,1.0,1.0,61.5,3.0,0.31875,-0.7851819949611852,2013,0.20246966750646914,0.0447537510497531,CLE vs. MIN,MIN,1414.0064999802885,25.0,CLE,1400.0,25.0,0,-4,-7.0,0,-290.0,256.0,0,0
DET,5.0,3.0,0.6,11.6,58,12.0,60,-6.6200000000000045,-0.5810298094690344,-24.46,1.4584999999999995,2.17027972027972,2.0750793650793655,0.09520035520035522,2.5007586241116235,26.2,131.0,22.0,24.6,123.0,25.0,NFC North,-1,1.6,8,0.3333333333333333,0.639,7.522,3.430333826894602,1.6,1.0,0.8,67.0,1.4,4.0,0.32634032634032634,0.6198,5.724,5.469863636363636,1.0,1.0,1.0,47.8,2.2,0.32634032634032634,0.49924137588837647,2013-10-13,2013,0.4171838285156699,0.3749367813240314,CLE,5.0,3.0,0.6,12.0,60,12.2,61,-23.639999999999997,-0.2644386740710273,-31.420000000000005,-0.7929344638531178,1.6927272727272729,1.4955844155844153,0.1971428571428573,2.4794500050892108,20.2,101.0,17.0,18.8,94.0,18.0,AFC North,3,1.4,7,0.29166666666666663,0.5688,5.5200000000000005,3.746924962292609,1.6,0.2,0.8666666666666666,56.6,1.4,1.0,0.3299719887955182,0.5833999999999999,4.708,3.218429172510519,0.4,1.6,0.8,46.8,1.6,0.3299719887955182,0.5205499949107892,2013,0.31283116637827807,0.2667865570767023,DET vs. CLE,CLE,1565.7662788753817,7.0,DET,1517.5613789319852,7.0,0,-14,1.0,0,113.0,-125.0,0,0
CLE,6.0,3.0,0.5,11.833333333333334,71,12.0,72,-23.916666666666668,0.11107383221353784,-26.866666666666664,-0.6269583735572519,1.6681818181818182,1.716017316017316,-0.04783549783549775,2.6735112342820955,19.666666666666668,118.0,20.0,20.833333333333332,125.0,23.0,AFC North,-1,-1.1666666666666667,-7,0.35333333333333333,0.5748333333333333,5.448333333333333,4.122437468577174,1.6666666666666667,0.16666666666666666,0.8888888888888888,61.666666666666664,1.5,0.0,0.334500466853408,0.583,5.02,3.384405262806385,1.0,1.3333333333333333,0.8333333333333334,49.833333333333336,1.5,0.334500466853408,0.3264887657179045,2013-10-20,2013,0.2970182519116387,0.28358620743405505,GNB,5.0,3.0,0.6,11.8,59,11.6,58,-1.1600000000000037,1.0477033492822962,5.859999999999997,-0.4270733652312605,2.4155555555555557,1.93982683982684,0.4757287157287157,3.0922403859597276,27.4,137.0,26.0,22.8,114.0,18.0,NFC North,2,4.6,23,0.4625,0.6362,8.618,5.0590669856459325,2.0,0.6,0.95,53.2,1.8,-3.0,0.3796266968325792,0.6538,8.812000000000001,3.584290271132376,2.2,0.6,0.5333333333333333,59.2,1.2,0.3796266968325792,-0.09224038595972761,2013,0.4325483049662613,0.24255059673353416,CLE vs. GNB,GNB,1574.6583387526332,11.0,CLE,1508.8732102978558,12.0,1,18,-7.5,1,-380.0,330.0,0,0
CLE,7.0,3.0,0.42857142857142855,11.571428571428571,81,11.571428571428571,81,-28.071428571428573,0.03768214415592906,-20.599999999999998,-0.5981295687364891,1.6155844155844155,1.9629354772211915,-0.3473510616367759,2.786595201560742,18.714285714285715,131.0,23.0,22.285714285714285,156.0,28.0,AFC North,-2,-3.5714285714285716,-25,0.39444444444444443,0.5505714285714286,5.0371428571428565,4.049045780519566,1.5714285714285714,0.14285714285714285,0.9047619047619048,68.0,1.4285714285714286,-1.0,0.3422702414299053,0.5988571428571429,5.5442857142857145,3.4132340676271475,1.2857142857142858,1.2857142857142858,0.7857142857142857,56.57142857142857,1.2857142857142858,0.3422702414299053,0.21340479843925797,2013-10-27,2013,0.2926072493194055,0.3068348048611979,KAN,7.0,7.0,1.0,12.0,84,12.714285714285714,89,-22.599999999999998,0.15869916563525546,-37.92857142857143,0.5571682889229473,1.9975191475191476,0.9626373626373627,1.0348817848817848,5.48213074766799,24.142857142857142,169.0,26.0,11.571428571428571,81.0,16.0,AFC West,7,12.571428571428571,88,0.49722222222222223,0.5794285714285714,5.701428571428571,4.170062801998893,1.0,1.0,0.8833333333333333,42.42857142857143,1.1428571428571428,11.0,0.3364327714891625,0.5338571428571429,4.328571428571428,4.568531925286584,0.8571428571428571,0.2857142857142857,0.5,44.285714285714285,2.7142857142857144,0.3364327714891625,1.5178692523320096,2013,0.37664047714393245,0.19307529379985897,CLE vs. KAN,KAN,1729.1888835251082,1.0,CLE,1468.2289124251529,16.0,1,6,-7.0,0,-310.0,273.0,0,0
PIT,10.0,4.0,0.4,11.3,113,11.4,114,-11.08,-0.7306219081718178,-18.009999999999998,0.26245629190211217,1.931899766899767,2.149555999555999,-0.21765623265623263,4.65461306810962,21.6,216.0,43.0,24.5,245.0,44.0,AFC North,2,-2.9,-29,0.46481481481481485,0.6501,6.608,3.280741728191819,1.7,0.4,0.925925925925926,45.7,1.8,-8.0,0.3818956533662416,0.5878,6.375,4.273819928265749,1.2,1.3,0.9629629629629629,52.9,1.0,0.3818956533662416,-0.6546130681096196,2013-11-24,2013,0.35562091864715606,0.32210265351155853,CLE,10.0,4.0,0.4,12.1,121,12.0,120,-23.889999999999997,-0.008465346805748331,-19.860000000000003,-0.5492940260075245,1.6031016042780748,1.989395743145743,-0.3862941388676683,3.9332200677704203,19.2,192.0,33.0,23.8,238.0,41.0,AFC North,-1,-4.6,-46,0.4883597883597884,0.5596,5.441000000000001,4.002898289557889,1.7,0.1,0.9333333333333333,64.1,1.6,-3.0,0.3134780578898226,0.5944,5.38,3.4620696103561124,1.6,0.9,0.825,57.1,1.3,0.3134780578898226,0.06677993222957967,2013,0.27454854360626124,0.30978164768451066,PIT vs. CLE,CLE,1451.7536321921432,17.0,PIT,1519.9467774697807,17.0,0,-16,-2.5,0,-145.0,131.0,1,0
JAX,11.0,2.0,0.18181818181818182,11.545454545454545,127,11.090909090909092,122,-37.04545454545455,-1.1194724485268304,-1.1727272727272733,0.13585106428866414,1.1064546564546565,2.8215753943026667,-1.7151207378480107,2.298960588299269,12.909090909090908,142.0,26.0,29.454545454545453,324.0,52.0,AFC South,1,-16.545454545454547,-182,0.5386507936507936,0.591,4.3545454545454545,2.8918911878368063,0.45454545454545453,0.6363636363636364,0.8666666666666666,50.90909090909091,1.7272727272727273,-6.0,0.282969212043234,0.6502727272727273,8.076363636363636,4.147214700652301,1.8181818181818181,1.3636363636363635,0.975,38.27272727272727,1.1818181818181819,0.282969212043234,-0.29896058829926897,2013-12-01,2013,0.19916036127717895,0.37589720522238296,CLE,11.0,4.0,0.36363636363636365,12.181818181818182,134,12.0,132,-24.563636363636363,-0.05986519131101091,-17.854545454545455,-0.6367548996762621,1.5342881717213268,2.013087039223403,-0.478798867502076,4.039613516522031,18.454545454545453,203.0,35.0,24.09090909090909,265.0,45.0,AFC North,-2,-5.636363636363637,-62,0.4795238095238095,0.5559090909090909,5.448181818181818,3.951498445052626,1.6363636363636365,0.09090909090909091,0.893939393939394,59.18181818181818,1.8181818181818181,-7.0,0.3170656141244377,0.5991818181818181,5.578181818181818,3.374608736687375,1.6363636363636365,0.8181818181818182,0.8409090909090909,52.63636363636363,1.1818181818181819,0.3170656141244377,-0.0396135165220306,2013,0.26025341039466005,0.3086896637441519,JAX vs. CLE,CLE,1411.4433043444185,20.0,JAX,1366.2383493984976,25.0,0,-4,-7.5,0,-315.0,277.0,0,0
CLE,12.0,4.0,0.3333333333333333,12.166666666666666,146,12.166666666666666,146,-23.191666666666663,-0.11971228395428528,-17.733333333333334,-0.5961332139404397,1.6008752685223273,2.0358059764309764,-0.4349307079086491,4.461149938669857,19.25,231.0,39.0,24.75,297.0,51.0,AFC North,-3,-5.5,-66,0.4524596615505706,0.5595833333333333,5.644166666666667,3.8916513524093514,1.75,0.16666666666666666,0.8194444444444445,58.416666666666664,1.9166666666666667,-9.0,0.3291050180756063,0.596,5.554166666666667,3.4152304224231966,1.75,0.75,0.8541666666666666,51.166666666666664,1.1666666666666667,0.3291050180756063,-0.4611499386698572,2013-12-08,2013,0.25685796369399294,0.3067815942510487,NWE,12.0,9.0,0.75,12.083333333333334,145,11.916666666666666,143,-12.899999999999999,0.1540028078753567,-24.90833333333333,0.486006552032586,2.306359612609613,1.930125777000777,0.37623383560883555,7.034558074856552,26.833333333333332,322.0,61.0,21.75,261.0,44.0,AFC East,2,5.083333333333333,61,0.5334120425029516,0.60975,6.665,4.165366444238994,1.5833333333333333,1.1666666666666667,0.9444444444444445,41.083333333333336,1.3333333333333333,8.0,0.3616045991045991,0.5609166666666666,5.564166666666666,4.497370188396222,1.5,0.75,0.893939393939394,59.833333333333336,2.0,0.3616045991045991,1.9654419251434483,2013,0.489593078984914,0.332447228849832,CLE vs. NWE,NWE,1662.8708035819122,3.0,CLE,1354.9742514591878,24.0,1,1,-9.5,0,-500.0,423.0,0,0
CLE,14.0,4.0,0.2857142857142857,12.0,168,12.071428571428571,169,-21.02857142857143,0.023665253936815813,-15.792857142857144,-0.3756625106263079,1.7483692777810427,2.1524440836940837,-0.4040748059130412,5.320458683635136,20.571428571428573,288.0,47.0,25.857142857142858,362.0,61.0,AFC North,-5,-5.285714285714286,-74,0.48196290888598575,0.5688571428571428,5.934285714285714,4.0350288903004525,1.7857142857142858,0.21428571428571427,0.8214285714285714,61.857142857142854,1.7857142857142858,-6.0,0.339232872636234,0.6055,5.831428571428572,3.6357011257373286,1.8571428571428572,0.7857142857142857,0.875,49.642857142857146,1.3571428571428572,0.339232872636234,-1.3204586836351364,2013-12-22,2013,0.25337518786953594,0.301120887700024,NYJ,14.0,6.0,0.42857142857142855,11.928571428571429,167,11.5,161,-38.550000000000004,0.40774806929641066,-6.442857142857142,-0.759373329933602,1.5875707625707627,2.39609953538525,-0.8085287728144872,4.525545978783185,17.571428571428573,246.0,50.0,26.214285714285715,367.0,64.0,AFC East,-1,-8.642857142857142,-121,0.5385857732011577,0.5492142857142858,4.44,4.419111705660048,0.7857142857142857,0.6428571428571429,0.9285714285714286,54.714285714285715,2.0714285714285716,-19.0,0.35131257631257634,0.6124285714285714,7.728571428571429,3.251990306430035,1.7857142857142858,0.5714285714285714,0.8958333333333334,55.07142857142857,0.7142857142857143,0.35131257631257634,1.4744540212168147,2013,0.33093357615946994,0.4109871594311784,CLE vs. NYJ,NYJ,1413.8348324179617,19.0,CLE,1309.1601233274555,25.0,1,11,-2.5,1,-125.0,113.0,0,0
CLE,15.0,4.0,0.26666666666666666,11.8,177,11.866666666666667,178,-23.88,0.11974269299615073,-15.46,-0.2624870301199076,1.7281076222252694,2.1867255892255892,-0.4586179670003199,5.509990127899575,20.066666666666666,301.0,50.0,25.733333333333334,386.0,65.0,AFC North,-6,-5.666666666666667,-85,0.47814923172066026,0.5609333333333333,5.668666666666667,4.131106329359787,1.6666666666666667,0.26666666666666666,0.8333333333333334,59.333333333333336,1.8,-8.0,0.3443951255715962,0.6012000000000001,5.9,3.748876606243729,1.8666666666666667,0.8,0.85,48.666666666666664,1.2666666666666666,0.3443951255715962,-1.5099901278995747,2013-12-29,2013,0.254049150133718,0.30406391074401784,PIT,15.0,7.0,0.4666666666666667,11.0,165,11.266666666666667,169,-8.066666666666666,-0.580779751157852,-17.793333333333333,0.2552991440963575,2.2076301476301476,2.178885928885929,0.02874421874421875,7.720594972868422,23.933333333333334,359.0,63.0,24.2,363.0,66.0,AFC North,2,-0.26666666666666666,-4,0.48072760572760576,0.6506666666666666,6.876666666666666,3.4305838852057846,1.8,0.5333333333333333,0.9444444444444445,44.13333333333333,1.4666666666666666,-4.0,0.36758137287549053,0.5863333333333334,6.2413333333333325,4.266662780459994,1.3333333333333333,1.2,0.9102564102564104,51.333333333333336,1.2,0.36758137287549053,-0.7205949728684216,2013,0.36347576432698564,0.34573598887206475,CLE vs. PIT,PIT,1519.9467774697807,17.0,CLE,1451.7536321921432,17.0,1,13,-9.5,1,-360.0,314.0,1,0
DAL,1.0,1.0,1.0,12.0,12,14.0,14,-10.799999999999997,-0.22875494071146285,0.09999999999999432,-0.4399350649350646,3.0,2.2142857142857144,0.7857142857142856,0.587681786892464,36.0,36.0,5.0,31.0,31.0,5.0,NFC East,1,5.0,5,0.5,0.735,4.88,3.782608695652174,2.0,0.0,1.0,40.0,1.0,5.0,0.3333333333333333,0.643,8.88,3.571428571428572,4.0,0.0,1.0,52.0,6.0,0.3333333333333333,0.412318213107536,2013-09-15,2013,0.5884659221281401,0.14725650468126286,KAN,1.0,1.0,1.0,13.0,13,14.0,14,-5.900000000000006,0.47011784511784516,-67.1,-0.9244071146245063,2.1538461538461537,0.14285714285714285,2.010989010989011,0.9980820256716131,28.0,28.0,3.0,2.0,2.0,0.0,AFC West,1,26.0,26,0.5,0.618,6.21,4.481481481481482,2.0,1.0,,20.0,0.0,2.0,0.3333333333333333,0.4629999999999999,0.41,3.0869565217391304,0.0,0.0,,30.0,2.0,0.3333333333333333,0.0019179743283869177,2013,0.2312118402296278,0.0,DAL vs. KAN,KAN,1550.0,1.0,DAL,1550.0,1.0,1,1,-3.0,0,-170.0,153.0,0,0
LAR,2.0,1.0,0.5,11.0,22,10.0,20,-5.75,-0.6988636363636367,5.149999999999999,-1.232517482517483,2.3181818181818183,2.75,-0.4318181818181819,0.9221806200862739,25.5,51.0,10.0,27.5,55.0,7.0,NFC West,-1,-2.0,-4,0.0,0.6465000000000001,7.205,3.3125,2.5,0.0,1.0,56.0,1.5,-1.0,0.3877005347593583,0.7085,8.355,2.7788461538461537,2.0,0.5,0.75,60.5,1.0,0.3877005347593583,0.07781937991372612,2013-09-22,2013,0.47223167725311954,0.18861839148490206,DAL,2.0,1.0,0.5,11.0,22,12.5,25,-6.699999999999996,-0.9638092885375498,-3.8500000000000014,0.05435064935064915,2.3,1.87987012987013,0.42012987012987013,1.051823365820282,26.0,52.0,9.0,24.0,48.0,8.0,NFC East,-1,2.0,4,1.0,0.7245,6.025,3.047554347826087,1.5,0.0,1.0,33.5,1.5,3.0,0.303030303030303,0.613,7.76,4.065714285714286,3.0,0.0,0.75,48.5,3.0,0.303030303030303,-0.05182336582028202,2013,0.39849067517312414,0.15170826146875488,LAR vs. DAL,DAL,1500.0,9.0,LAR,1485.9935000197115,9.0,1,24,-3.5,1,-170.0,153.0,0,0
DAL,3.0,2.0,0.6666666666666666,11.0,33,11.666666666666666,35,7.500000000000004,-0.08750387506781394,-10.9,-0.32866522366522394,2.4727272727272727,1.4865800865800864,0.9861471861471861,2.023262540473108,27.666666666666668,83.0,14.0,18.333333333333332,55.0,9.0,NFC East,1,9.333333333333334,28,0.75,0.719,7.670000000000001,3.923859761295823,2.0,0.3333333333333333,0.8333333333333334,46.333333333333336,1.3333333333333333,3.0,0.35353535353535354,0.606,6.6499999999999995,3.6826984126984126,2.3333333333333335,0.0,0.75,46.0,2.3333333333333335,0.35353535353535354,-0.02326254047310794,2013-09-29,2013,0.420952772054308,0.16943463938801928,LAC,3.0,1.0,0.3333333333333333,10.333333333333334,31,9.666666666666666,29,9.5,-0.0639323340936248,7.1333333333333355,1.1256167456258197,2.515151515151515,2.774074074074074,-0.25892255892255905,1.4010974751403542,26.0,78.0,14.0,27.0,81.0,14.0,AFC West,-1,-1.0,-3,0.75,0.694,8.57,3.9474313022700116,2.6666666666666665,0.3333333333333333,0.75,44.0,1.3333333333333333,-3.0,0.5,0.6666666666666666,9.33,5.136980381989456,2.0,0.6666666666666666,0.6388888888888888,88.66666666666667,0.3333333333333333,0.5,-0.4010974751403542,2013,0.3912326381509144,0.2572946591728166,DAL vs. LAC,LAC,1461.991893872262,16.0,DAL,1547.9853938919734,8.0,1,9,1.0,1,-105.0,-105.0,0,0
DEN,4.0,4.0,1.0,11.5,46,13.25,53,30.125,-0.14281771451936398,-15.95,-1.1119533459316746,4.169791666666667,1.7833333333333334,2.3864583333333336,3.3003208509205795,44.75,179.0,26.0,22.75,91.0,17.0,AFC West,4,22.0,88,0.27777777777777773,0.75425,11.1975,3.868545921844273,4.0,1.0,1.0,64.5,1.25,1.0,0.5618055555555556,0.586,7.2725,2.8994102904319625,1.5,1.0,0.8888888888888888,52.0,1.5,0.5618055555555556,0.6996791490794205,2013-10-06,2013,0.6640850971525267,0.29667238459599127,DAL,4.0,2.0,0.5,10.5,42,11.5,46,7.2500000000000036,0.36903118460823037,-3.275000000000002,-0.21230278980279016,2.437878787878788,1.7967532467532468,0.6411255411255412,2.3236781358503293,26.0,104.0,16.0,21.25,85.0,15.0,NFC East,-1,4.75,19,0.611111111111111,0.72175,7.5575,4.380394820971867,2.0,0.25,0.625,43.0,1.25,3.0,0.34848484848484845,0.66275,7.4225,3.7990608465608466,2.5,0.0,0.8333333333333334,55.75,2.0,0.34848484848484845,-0.32367813585032934,2013,0.3501258918237781,0.21817841283828837,DEN vs. DAL,DAL,1485.856601954997,11.0,DEN,1650.9504244866737,1.0,0,-3,7.5,1,269.0,-305.0,0,0
WAS,4.0,1.0,0.25,11.25,45,12.0,48,-14.524999999999999,0.9214107991681515,6.349999999999998,0.4631723736925598,2.0297202797202796,2.416346153846154,-0.386625874125874,1.6739136717398826,22.75,91.0,12.0,28.0,112.0,17.0,NFC East,1,-5.25,-21,0.27777777777777773,0.62075,6.5625,4.932774435531789,1.5,0.75,0.5,56.75,1.75,0.0,0.3116914335664336,0.66525,8.84,4.474536010056196,2.25,1.0,0.75,50.25,1.75,0.3116914335664336,-0.6739136717398826,2013-10-13,2013,0.22173908855067448,0.20595556031469792,DAL,5.0,2.0,0.4,10.6,53,11.4,57,13.800000000000002,0.23580936327099966,3.299999999999997,-0.3075988300827014,2.8230303030303032,2.364675324675325,0.4583549783549783,2.7878197147781476,30.4,152.0,24.0,27.2,136.0,24.0,NFC East,-2,3.2,16,0.7083333333333333,0.7162,8.962,4.247172999634636,2.6,0.4,0.7,50.6,1.4,3.0,0.4121212121212121,0.6874,8.076,3.7037648062809354,2.8,0.4,0.875,55.6,2.0,0.4121212121212121,-0.7878197147781476,2013,0.38148047866160173,0.2704993924397349,WAS vs. DAL,DAL,1457.9752874236158,18.0,WAS,1426.135291917265,21.0,1,15,-5.5,1,-230.0,205.0,1,0
DAL,6.0,3.0,0.5,10.5,63,11.333333333333334,68,6.86666666666667,-0.05100017175582572,-4.716666666666669,0.16601612644623373,2.8691919191919193,2.212987012987013,0.6562049062049061,3.6152486927810603,30.5,183.0,28.0,25.333333333333332,152.0,28.0,NFC East,1,5.166666666666667,31,0.6166666666666666,0.6968333333333333,8.246666666666668,3.960363464607811,2.3333333333333335,0.6666666666666666,0.75,55.5,1.3333333333333333,4.0,0.41287878787878785,0.654,7.465,4.1773797628098706,2.3333333333333335,0.5,0.85,63.666666666666664,2.0,0.41287878787878785,-0.6152486927810603,2013-10-20,2013,0.39887046720140296,0.30091430539737823,PHI,6.0,3.0,0.5,12.0,72,11.166666666666666,67,-0.25,1.5080933169279038,-6.216666666666666,-0.030647417856546417,2.345154845154845,2.9287878787878783,-0.5836330336330335,2.9155467200053806,27.666666666666668,166.0,31.0,29.833333333333332,179.0,28.0,NFC East,2,-2.1666666666666665,-13,0.4,0.5795,8.985,5.519456953291541,1.8333333333333333,1.1666666666666667,0.8194444444444443,61.333333333333336,1.3333333333333333,2.0,0.44914938862307285,0.6475,7.3183333333333325,3.9807162185070903,2.1666666666666665,0.6666666666666666,0.76,67.5,1.6666666666666667,0.44914938862307285,0.08445327999461938,2013,0.43661586036998423,0.35414102447723717,DAL vs. PHI,PHI,1497.7391349980735,12.0,DAL,1503.4059283721142,12.0,0,-14,-3.0,0,-170.0,153.0,1,0
DAL,7.0,4.0,0.5714285714285714,11.0,77,11.714285714285714,82,1.2000000000000028,-0.2101729743921064,-13.971428571428573,0.0909867193367491,2.6327767470624615,1.9274582560296847,0.7053184910327767,4.599121733457227,28.571428571428573,200.0,31.0,22.142857142857142,155.0,29.0,NFC East,2,6.428571428571429,45,0.5972222222222222,0.6824285714285715,7.75,3.8011906619715305,2.142857142857143,0.7142857142857143,0.7857142857142857,58.285714285714285,1.4285714285714286,5.0,0.398538961038961,0.6247142857142858,6.57,4.102350355700386,2.0,0.42857142857142855,0.7916666666666666,59.285714285714285,2.142857142857143,0.398538961038961,-0.5991217334572267,2013-10-27,2013,0.36813956635032646,0.27286667200303205,DET,7.0,4.0,0.5714285714285714,11.142857142857142,78,11.571428571428571,81,-5.800000000000003,-0.5190843722552473,-16.1,1.2052056277056273,2.333749583749584,2.0886930529787673,0.2450565307708165,3.7373606032657696,26.571428571428573,186.0,31.0,23.857142857142858,167.0,33.0,NFC North,-1,2.7142857142857144,19,0.43333333333333335,0.6178571428571429,7.481428571428571,3.4922792641083893,2.142857142857143,0.7142857142857143,0.7857142857142857,61.42857142857143,1.1428571428571428,5.0,0.4124772470637132,0.63,6.597142857142857,5.216569264069264,1.4285714285714286,0.7142857142857143,0.9523809523809524,53.714285714285715,1.8571428571428572,0.4124772470637132,0.2626393967342304,2013,0.41234765805633905,0.36449224002156894,DAL vs. DET,DET,1527.5162564715515,9.0,DAL,1552.5904835592587,9.0,1,1,-3.0,0,-155.0,140.0,0,0
MIN,7.0,1.0,0.14285714285714285,11.571428571428571,81,11.428571428571429,80,-26.24285714285714,0.6138897665516627,1.2571428571428567,-0.0948466021995438,2.1559008451865593,3.16411802483231,-1.008217179645751,2.2461203019998432,23.285714285714285,163.0,25.0,32.142857142857146,225.0,37.0,NFC North,-3,-8.857142857142858,-62,0.3194444444444444,0.5974285714285715,5.401428571428572,4.625253402915299,0.7142857142857143,1.4285714285714286,0.8095238095238094,48.57142857142857,2.142857142857143,-2.0,0.3627407023415427,0.6884285714285714,7.697142857142857,3.916517034164093,2.2857142857142856,1.2857142857142858,1.0,64.57142857142857,1.8571428571428572,0.3627407023415427,-1.2461203019998432,2013-11-03,2013,0.25369839938272293,0.3140956229035818,DAL,8.0,4.0,0.5,11.25,90,12.0,96,1.4125000000000032,-0.3872448840616246,-13.400000000000002,0.1945722352190285,2.592141192141192,1.9633116883116883,0.6288295038295038,5.079703534880133,28.75,230.0,37.0,23.25,186.0,34.0,NFC East,-1,5.5,44,0.5935374149659864,0.6555,7.890000000000001,3.624118752302012,2.25,0.625,0.8125,54.875,1.25,9.0,0.37756774475524474,0.632625,6.81625,4.205935871582666,1.875,0.75,0.8214285714285714,59.5,2.375,0.37756774475524474,-1.0797035348801334,2013,0.35562634612421534,0.2620964580912441,MIN vs. DAL,DAL,1498.9882640092417,11.0,MIN,1287.8441639826622,24.0,1,4,-10.0,0,-450.0,385.0,0,0
DAL,9.0,5.0,0.5555555555555556,11.11111111111111,100,11.777777777777779,106,-0.055555555555552395,-0.3454803009840704,-13.97777777777778,0.3747556058094603,2.604125504125504,2.0007215007215007,0.6034040034040034,5.673579551523653,28.555555555555557,257.0,41.0,23.22222222222222,209.0,38.0,NFC East,1,5.333333333333333,48,0.5372023809523809,0.6567777777777777,7.686666666666667,3.6658833353795663,2.2222222222222223,0.5555555555555556,0.8333333333333334,53.77777777777778,1.2222222222222223,10.0,0.37529831279831277,0.6374444444444445,6.656666666666666,4.3861192421730975,1.7777777777777777,0.8888888888888888,0.84375,56.77777777777778,2.3333333333333335,0.37529831279831277,-0.6735795515236527,2013-11-10,2013,0.379314709319478,0.29182806817830315,NOR,8.0,6.0,0.75,11.0,88,11.0,88,3.900000000000004,-0.6404805682822928,-27.8,1.0927144091288825,2.483100233100233,1.651908508158508,0.831191724941725,5.43168031787694,27.0,216.0,40.0,18.25,146.0,26.0,NFC South,-1,8.75,70,0.5683673469387756,0.670125,8.46375,3.3708830680813437,2.625,0.375,0.7395833333333334,43.875,1.125,6.0,0.4112772644022644,0.5665,5.5375,5.104078045492519,1.0,0.875,0.7857142857142857,45.375,1.875,0.4112772644022644,0.56831968212306,2013,0.4868363455751739,0.2795118064420448,DAL vs. NOR,NOR,1599.464708927299,4.0,DAL,1521.8622006886394,10.0,1,32,-6.0,1,-255.0,227.0,0,0
DAL,10.0,5.0,0.5,11.1,111,11.6,116,-3.179999999999997,-0.15581863452202702,-8.770000000000001,0.5729857868553084,2.4982584082584083,2.2906493506493506,0.20760905760905754,5.748816264600059,27.4,274.0,44.0,25.8,258.0,45.0,NFC East,-1,1.6,16,0.5608465608465608,0.6328,7.435,3.8555450018416098,2.1,0.6,0.85,56.6,1.1,11.0,0.3377684815184815,0.6566,7.12,4.584349423218946,2.0,1.1,0.75,55.5,2.2,0.3377684815184815,-0.7488162646000589,2013-11-24,2013,0.366713589511349,0.32008902421810115,NYG,10.0,4.0,0.4,12.4,124,11.6,116,-32.6,-0.747788884273954,-21.98,-0.5505063883974957,1.5964285714285715,2.253733766233766,-0.6573051948051948,4.475519533292262,19.2,192.0,34.0,25.6,256.0,39.0,NFC East,4,-6.4,-64,0.48990299823633154,0.5709,4.894,3.2635747520896827,1.2,0.7,0.75,54.4,2.9,-11.0,0.35539591986960406,0.5968,5.7170000000000005,3.4608572479661412,1.4,0.7,0.8888888888888888,59.4,1.8,0.35539591986960406,-0.47551953329226215,2013,0.2611551095710186,0.2865989122427602,DAL vs. NYG,NYG,1500.0,1.0,DAL,1500.0,1.0,0,-3,-1.0,0,-129.0,117.0,1,0
LVR,11.0,4.0,0.36363636363636365,11.909090909090908,131,11.545454545454545,127,-25.90909090909091,0.7105318207473957,-5.0636363636363635,-0.4025449691466028,1.6810621196984834,2.186842324342324,-0.505780204643841,4.551734626264364,19.363636363636363,213.0,36.0,24.454545454545453,269.0,43.0,AFC West,-1,-5.090909090909091,-56,0.40805555555555556,0.5953636363636363,5.265454545454546,4.7218954571110325,1.0,0.9090909090909091,0.5518518518518518,57.90909090909091,1.6363636363636365,-2.0,0.32453461571108627,0.6595454545454545,7.570909090909091,3.608818667217034,1.9090909090909092,0.6363636363636364,0.8703703703703703,39.90909090909091,1.4545454545454546,0.32453461571108627,-0.5517346262643636,2013-11-28,2013,0.26102536672760784,0.2908199077098299,DAL,11.0,6.0,0.5454545454545454,11.090909090909092,122,11.545454545454545,127,-4.57272727272727,-0.01995908923490066,-8.872727272727275,0.7683479605020711,2.46949111494566,2.2559622195985836,0.21352889534707709,6.327279842452232,27.09090909090909,298.0,47.0,25.363636363636363,279.0,49.0,NFC East,1,1.7272727272727273,19,0.5447619047619048,0.6302727272727272,7.235454545454545,3.9914045471287363,2.090909090909091,0.5454545454545454,0.8636363636363636,59.18181818181818,1.0909090909090908,11.0,0.34012010716556174,0.6453636363636364,7.0609090909090915,4.779711596865708,2.0,1.0,0.775,57.81818181818182,2.090909090909091,0.34012010716556174,-0.3272798424522323,2013,0.3737837909126267,0.3392722174086189,LVR vs. DAL,DAL,1537.6953606713605,9.0,LVR,1369.493794798468,20.0,1,7,-10.0,0,-443.0,379.0,0,0
GNB,13.0,6.0,0.46153846153846156,10.76923076923077,140,10.846153846153847,141,-11.992307692307694,0.36445093286130936,-2.607692307692309,0.29065787275169386,2.4083028083028086,2.3432317682317683,0.06507104007104006,6.3690487446869355,24.307692307692307,316.0,59.0,25.076923076923077,326.0,53.0,NFC North,1,-0.7692307692307693,-10,0.40511063011063014,0.6474615384615384,7.099230769230768,4.375814569224946,1.3846153846153846,0.9230769230769231,0.9,49.0,1.5384615384615385,-4.0,0.37012269404803344,0.6276153846153847,7.993846153846154,4.30202150911533,1.8461538461538463,0.8461538461538461,0.6794871794871794,54.30769230769231,1.2307692307692308,0.37012269404803344,-0.3690487446869355,2013-12-15,2013,0.40946490333157737,0.33630137290321466,DAL,13.0,7.0,0.5384615384615384,10.846153846153847,141,11.153846153846153,145,-3.138461538461536,0.27916548593210694,-6.376923076923079,0.5450269455996545,2.5755833909680064,2.5261988011988015,0.04938458976920511,7.219619949285452,27.46153846153846,357.0,56.0,26.76923076923077,348.0,60.0,NFC East,-1,0.6923076923076923,9,0.5259379509379509,0.6316923076923077,7.255384615384615,4.290529122295744,2.076923076923077,0.7692307692307693,0.875,57.0,1.0,12.0,0.36767559363713215,0.6499230769230769,7.412307692307692,4.556390581963291,2.0,1.0769230769230769,0.8125,55.53846153846154,1.9230769230769231,0.36767559363713215,-0.2196199492854518,2013,0.39045350945990986,0.37497230930656383,GNB vs. DAL,DAL,1493.7402392456877,12.0,GNB,1391.8767363707284,17.0,0,-1,-4.0,0,-199.0,179.0,0,0
DAL,14.0,7.0,0.5,10.928571428571429,153,11.142857142857142,156,-4.499999999999998,0.5044451517998713,-5.107142857142859,0.6163958722848163,2.60589886304172,2.586015769944342,0.01988309309737876,7.703391759031874,28.071428571428573,393.0,64.0,27.5,385.0,66.0,NFC East,-2,0.5714285714285714,8,0.5209841440610672,0.6297142857142858,7.1571428571428575,4.5158087881635085,2.0714285714285716,0.7857142857142857,0.8846153846153846,58.57142857142857,1.0714285714285714,11.0,0.35728606710749566,0.6511428571428571,7.465000000000001,4.627759508648453,2.142857142857143,1.0714285714285714,0.8269230769230769,55.785714285714285,1.8571428571428572,0.35728606710749566,-0.7033917590318737,2013-12-22,2013,0.39728427984218495,0.371600798490795,WAS,14.0,3.0,0.21428571428571427,11.857142857142858,166,11.214285714285714,157,-21.0,0.8665411077630731,-2.0142857142857133,-0.06401686317190881,1.8835378906807478,2.836323200608915,-0.952785309928167,4.654175047806138,21.785714285714285,305.0,48.0,31.0,434.0,65.0,NFC East,-6,-9.214285714285714,-129,0.4536905402290018,0.6013571428571429,5.854285714285715,4.87790474412671,1.3571428571428572,0.9285714285714286,0.7569444444444445,52.0,2.0714285714285716,-8.0,0.40942399687147585,0.6741428571428572,7.673571428571429,3.947346773191728,1.8571428571428572,1.5,0.869047619047619,45.357142857142854,1.5,0.40942399687147585,-1.654175047806138,2013,0.25499122104359095,0.33552257592929985,DAL vs. WAS,WAS,1426.135291917265,21.0,DAL,1457.9752874236158,18.0,0,-1,3.0,1,150.0,-166.0,1,0
PHI,15.0,9.0,0.6,11.8,177,11.6,174,-0.10666666666666487,1.1406272238217126,-17.08,-0.25047281988108955,2.425867465867466,2.1858874458874458,0.23998001998002,8.120661651857908,27.866666666666667,418.0,70.0,24.0,360.0,59.0,NFC East,1,3.8666666666666667,58,0.43226119118976264,0.6174,8.962,5.151990860185349,2.0,1.2,0.8402777777777777,53.06666666666667,1.2,10.0,0.3904335187229924,0.6051333333333333,6.508,3.7608908164825468,1.5333333333333334,0.8,0.8151515151515152,56.666666666666664,1.8666666666666667,0.3904335187229924,0.8793383481420918,2013-12-29,2013,0.41866428789828486,0.3363528592108749,DAL,15.0,8.0,0.5333333333333333,10.8,162,11.066666666666666,166,-4.413333333333331,0.47875355142955045,-6.686666666666668,0.5459738098034908,2.60995004995005,2.566948051948052,0.04300199800199796,8.228586972838066,27.8,417.0,68.0,27.2,408.0,71.0,NFC East,1,0.6,9,0.4990771133628277,0.6297333333333334,7.196,4.490117187793187,2.066666666666667,0.8,0.8928571428571429,57.46666666666667,1.1333333333333333,10.0,0.36013366263366264,0.6466,7.2860000000000005,4.557337446167128,2.066666666666667,1.0666666666666667,0.8392857142857143,55.0,1.8,0.36013366263366264,-0.22858697283806606,2013,0.4133564139288113,0.39267884535281017,PHI vs. DAL,DAL,1503.4059283721142,12.0,PHI,1497.7391349980735,12.0,0,-2,7.5,1,264.0,-300.0,1,0
DEN,1.0,1.0,1.0,16.0,16,18.0,18,39.400000000000006,-1.1852766798418974,-32.400000000000006,-1.2494588744588748,3.0625,1.5,1.5625,0.804156925693538,49.0,49.0,7.0,27.0,27.0,5.0,AFC West,1,22.0,22,0.5,0.643,13.93,2.8260869565217392,7.0,0.0,,61.0,2.0,0.0,0.5333333333333333,0.5479999999999999,4.6,2.761904761904762,2.0,1.0,1.0,53.0,2.0,0.5333333333333333,0.19584307430646197,2013-09-15,2013,0.5231813450090771,0.05440085397401722,NYG,1.0,0.0,0.0,14.0,14,12.0,12,0.09999999999999432,-0.4399350649350646,-10.799999999999997,-0.22875494071146285,2.2142857142857144,3.0,-0.7857142857142856,0.4123182131075361,31.0,31.0,5.0,36.0,36.0,5.0,NFC East,-1,-5.0,-5,0.5,0.643,8.88,3.571428571428572,4.0,0.0,1.0,52.0,6.0,-5.0,0.5454545454545454,0.735,4.88,3.782608695652174,2.0,0.0,1.0,40.0,1.0,0.5454545454545454,-0.4123182131075361,2013,0.2098863524615943,-0.17179925546147334,DEN vs. NYG,NYG,1450.0,17.0,DEN,1550.0,1.0,0,-18,3.5,0,158.0,-175.0,0,0
LVR,2.0,1.0,0.5,9.5,19,8.5,17,-28.85,1.9030748663101602,5.699999999999996,-0.6743191019506809,1.9261363636363638,1.95,-0.023863636363636365,1.2319214116764303,18.0,36.0,8.0,15.0,30.0,5.0,AFC West,1,3.0,6,0.0,0.64,4.635,5.9144385026737964,0.5,1.0,0.65,40.5,1.5,-3.0,0.41208791208791207,0.7204999999999999,7.1450000000000005,3.337044534412956,1.5,0.5,1.0,50.5,0.0,0.41208791208791207,-0.23192141167643032,2013-09-23,2013,0.37222707122601467,0.11295273357699555,DEN,2.0,2.0,1.0,14.0,28,16.5,33,22.450000000000003,-0.7534925718958705,-39.95,-2.025148097516519,3.239583333333333,1.5166666666666666,1.7229166666666664,1.6015442698355646,45.0,90.0,13.0,25.0,50.0,10.0,AFC West,2,20.0,40,0.0,0.6705,11.0,3.257871064467766,4.5,1.0,1.0,96.5,1.5,3.0,0.5333333333333333,0.5595,4.27,1.9862155388471177,1.5,1.0,1.0,34.5,3.0,0.5333333333333333,0.39845573016443536,2013,0.5567843659310296,0.21188723184309627,LVR vs. DEN,DEN,1585.9935000197115,1.0,LVR,1500.0,9.0,1,16,-16.0,0,-1500.0,1025.0,1,0
PHI,3.0,1.0,0.3333333333333333,12.333333333333334,37,11.333333333333334,34,-9.466666666666663,2.7913972340664075,-5.433333333333333,-0.005452801929882067,2.2271062271062267,2.5848484848484845,-0.35774225774225776,1.3008432218458006,26.333333333333332,79.0,14.0,28.666666666666668,86.0,15.0,NFC East,-2,-2.3333333333333335,-7,0.5,0.5516666666666666,8.073333333333332,6.802760870430045,1.6666666666666667,1.3333333333333333,0.75,62.333333333333336,2.3333333333333335,-2.0,0.4070707070707071,0.6689999999999999,7.473333333333334,4.005910834433755,1.6666666666666667,0.6666666666666666,0.6,57.333333333333336,1.6666666666666667,0.4070707070707071,-0.3008432218458006,2013-09-29,2013,0.3404341882356648,0.2498759967873823,DEN,3.0,3.0,1.0,12.666666666666666,38,14.333333333333334,43,26.833333333333332,-0.2775448314803639,-20.166666666666668,-1.7264356300734012,3.3930555555555557,1.7111111111111112,1.6819444444444445,2.3944215971058247,42.333333333333336,127.0,20.0,23.666666666666668,71.0,13.0,AFC West,3,18.666666666666668,56,0.25,0.7353333333333333,11.226666666666667,3.733818804883273,4.0,1.0,1.0,77.66666666666667,1.6666666666666667,1.0,0.5407407407407407,0.5986666666666667,6.426666666666667,2.2849280062902353,1.6666666666666667,1.0,1.0,48.666666666666664,2.0,0.5407407407407407,0.6055784028941753,2013,0.6325576145428378,0.26257766850871533,PHI vs. DEN,DEN,1623.864708082735,1.0,PHI,1451.8357936304756,16.0,1,32,-10.5,1,-470.0,400.0,0,0
JAX,5.0,0.0,0.0,12.4,62,11.8,59,-46.56,-1.415633150729261,-0.880000000000004,0.9221222024163198,0.8103696303696303,2.7751981351981354,-1.964828504828505,0.4618649098972618,10.2,51.0,10.0,32.6,163.0,26.0,AFC South,-5,-22.4,-112,0.47916666666666663,0.5252,3.5100000000000002,2.595730485634376,0.6,0.4,1.0,51.0,2.2,-7.0,0.2784910136303325,0.6262000000000001,7.822,4.933485838779957,2.4,0.8,0.95,37.0,0.8,0.2784910136303325,-0.4618649098972618,2013-10-13,2013,0.14639145451944316,0.31183563505990236,DEN,5.0,5.0,1.0,11.4,57,12.8,64,30.02,-0.25201076985596044,-4.76,-0.9489782611609243,4.263106060606061,2.2993939393939393,1.9637121212121216,3.8361792719927617,46.0,230.0,35.0,27.8,139.0,25.0,AFC West,5,18.2,91,0.3333333333333333,0.7605999999999999,11.096,3.759352866507676,4.0,1.2,1.0,62.6,1.4,1.0,0.5879059829059828,0.6076,8.734,3.0623853752027124,2.2,1.0,0.9166666666666666,57.8,1.6,0.5879059829059828,1.1638207280072383,2013,0.7569604402815907,0.40342349437556546,JAX vs. DEN,DEN,1678.8317390180546,1.0,JAX,1304.93423381986,27.0,1,16,-27.0,0,-5000.0,2173.0,0,0
DEN,6.0,6.0,1.0,11.333333333333334,68,12.5,75,23.833333333333332,-0.2348914200210329,-9.85,-1.021104218756438,4.0828914141414145,2.2040404040404042,1.87885101010101,4.64584729568096,44.166666666666664,265.0,40.0,26.333333333333332,158.0,28.0,AFC West,6,17.833333333333332,107,0.26666666666666666,0.745,10.396666666666667,3.776472216342604,3.6666666666666665,1.5,1.0,57.333333333333336,1.6666666666666667,0.0,0.5796652421652422,0.6135,8.076666666666666,2.9902594176071986,1.8333333333333333,1.0,0.9333333333333332,58.5,1.6666666666666667,0.5796652421652422,1.3541527043190396,2013-10-20,2013,0.7209953631685333,0.3953695016020736,IND,6.0,4.0,0.6666666666666666,9.5,57,10.166666666666666,61,-10.333333333333334,0.6461188968795456,-29.266666666666666,0.4102228342424418,2.603030303030303,1.6347319347319347,0.9682983682983685,3.7329733962613183,24.666666666666668,148.0,26.0,16.333333333333332,98.0,20.0,AFC South,-1,8.333333333333334,50,0.58,0.6291666666666667,6.906666666666666,4.657482533243182,1.1666666666666667,1.1666666666666667,0.8666666666666666,29.166666666666668,0.8333333333333334,5.0,0.4547008547008547,0.5823333333333333,5.364999999999999,4.421586470606079,0.8333333333333334,0.6666666666666666,0.86,45.666666666666664,1.6666666666666667,0.4547008547008547,0.2670266037386817,2013,0.4764406189976775,0.2878156614064853,DEN vs. IND,IND,1564.7796751451092,6.0,DEN,1689.2431358993852,1.0,1,6,6.0,1,226.0,-254.0,0,0
WAS,6.0,2.0,0.3333333333333333,11.333333333333334,68,11.5,69,-16.466666666666665,1.1781392642798247,-3.3500000000000014,0.4533190625255022,2.2205710955710956,2.7487762237762237,-0.5282051282051281,2.401418125847092,25.333333333333332,152.0,22.0,30.666666666666668,184.0,27.0,NFC East,1,-5.333333333333333,-32,0.38,0.5985,6.748333333333334,5.189502900643461,1.3333333333333333,1.1666666666666667,0.625,63.0,1.6666666666666667,-1.0,0.3808712121212121,0.6446666666666666,7.826666666666667,4.464682698889139,1.8333333333333333,1.5,0.7777777777777778,51.833333333333336,1.5,0.3808712121212121,-0.4014181258470919,2013-10-27,2013,0.3018843167435392,0.2999075135317114,DEN,7.0,6.0,0.8571428571428571,12.0,84,13.142857142857142,92,19.614285714285717,-0.31724459378426195,-8.757142857142856,-0.8906804489215217,3.7942640692640697,2.2169085816144642,1.5773554876496054,5.048140730376637,42.57142857142857,298.0,46.0,28.142857142857142,197.0,35.0,AFC West,-1,14.428571428571429,101,0.3333333333333333,0.7231428571428572,10.02,3.6941190425793744,3.5714285714285716,1.4285714285714286,1.0,63.857142857142854,1.8571428571428572,-2.0,0.541498778998779,0.6048571428571429,7.948571428571428,3.1206831874421153,2.0,1.0,0.9444444444444443,57.57142857142857,1.5714285714285714,0.541498778998779,0.9518592696233634,2013,0.6220842285759774,0.37781843856648717,WAS vs. DEN,DEN,1622.0602305301954,2.0,WAS,1452.1179452012243,23.0,1,24,-11.0,1,-538.0,452.0,0,0
DEN,8.0,7.0,0.875,12.125,97,13.25,106,16.275,-0.3856271211655073,-16.3875,-0.780765847351786,3.7526733682983684,2.127295008912656,1.6253783593857125,5.907051428934835,42.875,343.0,52.0,27.25,218.0,37.0,AFC West,1,15.625,125,0.3333333333333333,0.718,9.57375,3.6257365151981293,3.625,1.375,1.0,63.0,2.125,-1.0,0.5154780982905983,0.593375,6.93625,3.230597789011851,1.875,1.0,0.9444444444444443,51.0,2.0,0.5154780982905983,1.0929485710651647,2013-11-10,2013,0.609321295999212,0.35311214284128667,LAC,8.0,4.0,0.5,9.75,78,9.5,76,4.3375,-0.24628215260908426,-1.7125000000000004,0.8688117799916529,2.519954004329004,2.2291035353535356,0.29085046897546885,4.540376630680407,24.0,192.0,35.0,21.75,174.0,30.0,AFC West,-1,2.25,18,0.5003401360544217,0.723375,8.35125,3.7650814837545523,2.125,0.375,0.8571428571428571,49.5,1.5,-7.0,0.4621212121212121,0.683875,8.055,4.880175416355289,1.25,0.75,0.65625,65.25,0.625,0.4621212121212121,-0.5403766306804068,2013,0.41840836206119514,0.31873141624932205,DEN vs. LAC,LAC,1483.7782621686156,12.0,DEN,1649.3838202104575,2.0,0,-8,7.0,0,248.0,-280.0,1,0
KAN,9.0,9.0,1.0,11.555555555555555,104,12.333333333333334,111,-20.700000000000003,0.21202853797133367,-34.333333333333336,0.6688395569879169,2.0698998532331867,1.0517482517482517,1.0181516014849348,6.948433427870395,23.88888888888889,215.0,34.0,12.333333333333334,111.0,22.0,AFC West,9,11.555555555555555,104,0.4733630952380952,0.5975555555555556,5.601111111111112,4.223392174334971,1.0,0.7777777777777778,0.88125,40.666666666666664,0.8888888888888888,15.0,0.34579049118522803,0.5344444444444444,4.816666666666666,4.680203193351554,1.0,0.2222222222222222,0.625,47.55555555555556,2.5555555555555554,0.34579049118522803,2.0515665721296052,2013-11-17,2013,0.4014457942867592,0.22135582040725857,DEN,9.0,8.0,0.8888888888888888,11.88888888888889,107,12.88888888888889,116,18.15555555555555,-0.3642443097228753,-14.944444444444445,-0.7238481413689759,3.6468207718207717,2.113151119033472,1.5336696527873,6.596477863963538,41.22222222222222,371.0,56.0,26.444444444444443,238.0,41.0,AFC West,2,14.777777777777779,133,0.35416666666666663,0.7153333333333333,9.723333333333333,3.6471193266407615,3.6666666666666665,1.2222222222222223,1.0,59.111111111111114,2.0,-2.0,0.4998694207027541,0.6002222222222222,7.001111111111111,3.287515494994661,1.7777777777777777,1.0,0.9047619047619048,49.77777777777778,1.7777777777777777,0.4998694207027541,1.4035221360364618,2013,0.6049815572357651,0.3692954095569875,KAN vs. DEN,DEN,1677.2059405487205,2.0,KAN,1763.650561920369,1.0,1,10,-7.5,1,-320.0,281.0,1,0
DEN,10.0,9.0,0.9,12.0,120,12.8,128,15.75,-0.44006735349806253,-16.02,-0.47659969086844195,3.4898310023310026,2.0435026737967914,1.446328328534211,7.346066161694747,39.8,398.0,61.0,25.5,255.0,44.0,AFC West,3,14.3,143,0.4259259259259259,0.7038,9.609,3.571296282865574,3.4,1.3,0.9523809523809524,61.4,1.9,-2.0,0.48738247863247863,0.5869,6.8340000000000005,3.5347639454951945,1.8,0.9,0.9166666666666666,50.1,1.7,0.48738247863247863,1.653933838305253,2013-11-24,2013,0.5924083034471836,0.3662289756917431,NWE,10.0,7.0,0.7,11.8,118,11.7,117,-16.47,0.28695662241013264,-23.369999999999997,0.37000439923564016,2.246040626040626,1.8124009324009325,0.4336396936396937,5.9255307984912164,25.4,254.0,49.0,19.9,199.0,35.0,AFC East,-1,5.5,55,0.5317460317460317,0.593,6.352,4.298320258773769,1.4,1.1,0.9666666666666666,45.7,1.2,7.0,0.3494017094017094,0.5703,5.593999999999999,4.381368035599277,1.6,0.4,0.8703703703703703,60.8,1.9,0.3494017094017094,1.0744692015087836,2013,0.4598720261643478,0.30137301030154484,DEN vs. NWE,NWE,1583.1313585649143,5.0,DEN,1739.3958146106604,2.0,1,3,-1.0,1,-116.0,105.0,0,0
DEN,11.0,9.0,0.8181818181818182,12.363636363636363,136,13.090909090909092,144,11.436363636363636,-0.2344276216373572,-14.045454545454545,-0.4577659146524626,3.348710002119093,2.050911521633447,1.2977984804856464,7.791552523512078,39.0,429.0,65.0,26.272727272727273,289.0,50.0,AFC West,-1,12.727272727272727,140,0.4533333333333333,0.6878181818181818,9.056363636363637,3.77693601472628,3.272727272727273,1.2727272727272727,0.9583333333333334,63.54545454545455,2.090909090909091,-3.0,0.48852952602952604,0.5953636363636364,6.91090909090909,3.553597721711174,1.9090909090909092,0.9090909090909091,0.9259259259259258,48.81818181818182,1.8181818181818181,0.48852952602952604,1.2084474764879216,2013-12-01,2013,0.5304472499810929,0.3538020036770177,KAN,11.0,9.0,0.8181818181818182,11.636363636363637,128,12.363636363636363,136,-18.79090909090909,0.5435329911225512,-26.19090909090909,0.4306881346277018,2.1102210920392737,1.3599385463021827,0.7502825457370913,7.653944762386091,24.545454545454547,270.0,43.0,16.272727272727273,179.0,34.0,AFC West,-2,8.272727272727273,91,0.5075793650793651,0.5935454545454545,5.775454545454545,4.554896627486188,1.2727272727272727,0.8181818181818182,0.905,43.72727272727273,1.0,13.0,0.34119455106297214,0.5547272727272727,5.762727272727273,4.4420517709913385,1.1818181818181819,0.5454545454545454,0.6666666666666667,55.18181818181818,2.1818181818181817,0.34119455106297214,1.3460552376139088,2013,0.3770457210350839,0.2578648917639525,DEN vs. KAN,KAN,1763.650561920369,1.0,DEN,1677.2059405487205,2.0,0,-7,5.0,0,193.0,-215.0,1,0
TEN,12.0,5.0,0.4166666666666667,11.083333333333334,133,11.5,138,-19.016666666666666,0.18479075323254004,-22.549999999999997,0.0012531215961091302,2.013141488141488,1.972660903910904,0.04048058423058417,5.842048783096437,22.0,264.0,45.0,22.25,267.0,48.0,AFC South,-1,-0.25,-3,0.6101239669421488,0.6150833333333333,5.9941666666666675,4.196154389596177,1.3333333333333333,0.9166666666666666,0.8666666666666666,61.5,1.5,2.0,0.4375180375180375,0.6254166666666666,5.958333333333333,4.012616757959745,0.6666666666666666,1.3333333333333333,0.7424242424242423,48.333333333333336,1.6666666666666667,0.4375180375180375,-0.8420487830964367,2013-12-08,2013,0.3146038876946493,0.29443336860590036,DEN,12.0,10.0,0.8333333333333334,12.166666666666666,146,12.833333333333334,154,12.0,-0.19433357985379449,-13.816666666666668,-0.2238990581283937,3.361317501942502,2.113335561497326,1.247981940445176,8.420767426858445,38.666666666666664,464.0,70.0,26.416666666666668,317.0,53.0,AFC West,1,12.25,147,0.48650137741046834,0.6829166666666667,9.285,3.8170300565098425,3.4166666666666665,1.1666666666666667,0.9583333333333334,64.5,2.0833333333333335,-4.0,0.4954377798127798,0.5973333333333334,6.906666666666666,3.787464578235243,1.9166666666666667,0.9166666666666666,0.9259259259259258,53.25,1.75,0.4954377798127798,1.5792325731415549,2013,0.5425492466437836,0.3607680337535186,TEN vs. DEN,DEN,1710.9194428395435,2.0,TEN,1419.3755996425682,17.0,1,23,-13.0,1,-630.0,520.0,0,0
LAC,13.0,6.0,0.46153846153846156,9.76923076923077,127,9.615384615384615,125,4.746153846153845,-0.08597098601832866,-3.1692307692307704,0.8795896072185166,2.5058691308691303,2.2666278166278166,0.23924131424131415,6.897175645907403,24.307692307692307,316.0,59.0,22.384615384615383,291.0,49.0,AFC West,1,1.9230769230769231,25,0.5645713083213083,0.7040769230769232,8.466923076923077,3.9253926503453083,2.0,0.5384615384615384,0.8888888888888888,52.61538461538461,1.3076923076923077,-3.0,0.4686906042675273,0.6701538461538461,7.828461538461538,4.890953243582153,1.5384615384615385,0.8461538461538461,0.75,56.07692307692308,1.0769230769230769,0.4686906042675273,-0.897175645907403,2013-12-12,2013,0.4325055341559438,0.3347928574464845,DEN,13.0,11.0,0.8461538461538461,12.076923076923077,157,12.692307692307692,165,11.676923076923076,-0.11775896881609003,-14.96923076923077,-0.17957815155907675,3.4593979738210505,2.146575483340189,1.3128224904808616,9.226278553440997,39.61538461538461,515.0,79.0,26.53846153846154,345.0,57.0,AFC West,2,13.076923076923077,170,0.4806818181818182,0.6812307692307692,9.192307692307692,3.893604667547547,3.4615384615384617,1.2307692307692308,0.9629629629629629,64.15384615384616,1.9230769230769231,-2.0,0.48691298018221096,0.5930769230769231,6.8015384615384615,3.83178548480456,1.8461538461538463,1.0769230769230769,0.9259259259259258,54.23076923076923,1.7692307692307692,0.48691298018221096,1.7737214465590032,2013,0.5718392916600495,0.3660149755029665,LAC vs. DEN,DEN,1649.3838202104575,2.0,LAC,1483.7782621686156,12.0,0,-7,-10.0,0,-470.0,400.0,1,0
DEN,14.0,11.0,0.7857142857142857,11.857142857142858,166,12.357142857142858,173,10.214285714285714,-0.27899047104351216,-12.564285714285713,-0.16593945242174013,3.3710282772782776,2.234320091673033,1.1367081856052446,9.555601715517364,38.214285714285715,535.0,83.0,26.571428571428573,372.0,62.0,AFC West,-1,11.642857142857142,163,0.47920925228617534,0.6796428571428572,9.009285714285713,3.732373165320124,3.357142857142857,1.1428571428571428,0.9666666666666666,62.642857142857146,1.8571428571428572,-3.0,0.46800649747078316,0.5935714285714286,7.03,3.845424183941897,1.8571428571428572,1.0714285714285714,0.9333333333333332,52.857142857142854,1.6428571428571428,0.46800649747078316,1.4443982844826362,2013-12-22,2013,0.551585653017237,0.3697575118240807,HOU,14.0,2.0,0.14285714285714285,11.928571428571429,167,11.214285714285714,157,-25.821428571428573,0.2895476869757676,-9.621428571428572,0.23288094972486323,1.5155341682127397,2.5308786451643597,-1.0153444769516198,4.368058646311643,18.071428571428573,253.0,47.0,26.785714285714285,375.0,59.0,AFC South,-12,-8.714285714285714,-122,0.5877135684827992,0.5887857142857144,5.437142857142858,4.300911323339404,1.2857142857142858,0.42857142857142855,0.7678571428571429,73.28571428571429,1.7857142857142858,-15.0,0.35771647819967145,0.5832142857142857,6.904285714285714,4.2442445860885,1.7857142857142858,0.7142857142857143,0.8076923076923077,47.57142857142857,0.7142857142857143,0.35771647819967145,-2.368058646311643,2013,0.23383286724694302,0.2853887806495055,DEN vs. HOU,HOU,1197.4084160833495,32.0,DEN,1648.4648113700434,2.0,0,-24,9.0,0,361.0,-420.0,0,0
DEN,15.0,12.0,0.8,12.0,180,12.4,186,10.393333333333333,-0.10559312650929827,-15.306666666666667,-0.19922414160761015,3.322483534983535,2.152032085561497,1.1704514494220377,10.478254291003788,38.13333333333333,572.0,90.0,25.666666666666668,385.0,65.0,AFC West,1,12.466666666666667,187,0.45518410161267303,0.6761333333333333,9.032,3.9057705098543383,3.4,1.0666666666666667,0.9696969696969696,62.93333333333333,1.7333333333333334,-1.0,0.4489272764272764,0.5863999999999999,6.710666666666667,3.8121394947560265,1.8,1.0,0.9393939393939393,53.13333333333333,1.6666666666666667,0.4489272764272764,1.521745708996212,2013-12-29,2013,0.5507248569665404,0.3616177315715964,LVR,15.0,4.0,0.26666666666666666,11.666666666666666,175,11.266666666666667,169,-27.7,0.4633072284457089,-2.0066666666666673,-0.2636466137378119,1.8105411255411255,2.550081677581678,-0.739540552040552,5.585772901327883,20.533333333333335,308.0,52.0,27.933333333333334,419.0,67.0,AFC West,-5,-7.4,-111,0.45085053835053834,0.5832666666666667,5.285333333333333,4.474670864809346,1.0,1.0666666666666667,0.6641025641025641,60.13333333333333,2.0,-8.0,0.34995786348727526,0.6712666666666667,7.994,3.747717022625825,1.9333333333333333,1.0,0.9027777777777778,42.0,1.4666666666666666,0.34995786348727526,-1.585772901327883,2013,0.2657294510975048,0.3281077773613538,DEN vs. LVR,LVR,1500.0,9.0,DEN,1585.9935000197115,1.0,0,-20,10.0,0,423.0,-500.0,1,0
LAC,1.0,10.0,10.0,9.823529411764707,167,9.823529411764707,167,4.858823529411764,0.05448921033536003,-7.370588235294118,0.5224133579358111,2.5564935064935064,2.115359477124183,0.4411340293693234,9.888351431336385,24.88235294117647,423.0,80.0,21.058823529411764,358.0,62.0,AFC West,5,3.823529411764706,65,0.5829723228160728,0.6955882352941176,8.349411764705883,4.065852846698997,1.9411764705882353,0.6470588235294118,0.9166666666666666,46.64705882352941,1.2352941176470589,0.0,0.47065749993950684,0.6585882352941176,7.344705882352941,4.533776994299448,1.411764705882353,0.8235294117647058,0.7833333333333333,52.23529411764706,1.2352941176470589,0.47065749993950684,0.11164856866361461,2014-01-12,2013,0.5325262604376597,0.041450366809246145,DEN,16.0,13.0,0.8125,11.875,190,12.25,196,11.8125,-0.08246240406484961,-15.1875,-0.2374828600298618,3.327328314047064,2.1050300802139037,1.2222982338331603,11.369439846367118,37.875,606.0,96.0,24.9375,399.0,67.0,AFC West,2,12.9375,207,0.4426162726162726,0.6856875,9.098749999999999,3.928901232298787,3.4375,1.0,0.9722222222222222,62.5,1.625,0.0,0.45836932165057165,0.5843125,6.67125,3.7738807763337747,1.8125,0.9375,0.861111111111111,50.4375,1.625,0.45836932165057165,1.6305601536328815,2013,0.5567545311673542,0.3553085236904984,LAC vs. DEN,DEN,1649.3838202104575,2.0,LAC,1483.7782621686156,12.0,0,-7,-10.0,0,-470.0,400.0,1,0
NWE,1.0,13.0,13.0,11.941176470588236,203,11.882352941176471,202,-14.770588235294115,0.3394375561609073,-22.341176470588238,0.3765023497457905,2.4553872597990245,1.8692427670368847,0.5861444927621399,10.544582942267263,28.647058823529413,487.0,88.0,21.176470588235293,360.0,62.0,AFC East,3,7.470588235294118,127,1.2319222444222444,0.5994705882352942,6.583529411764706,4.3508011925245444,1.4705882352941178,1.4705882352941178,0.9375,38.8235294117647,1.1764705882352942,13.0,0.38206839296804695,0.5678823529411765,5.970588235294118,4.387865986109427,1.588235294117647,0.6470588235294118,0.84375,58.411764705882355,1.9411764705882353,0.38206839296804695,2.4554170577327366,2014-01-19,2013,1.497914783647689,0.7536428593041072,DEN,1.0,14.0,14.0,11.588235294117647,197,12.0,204,10.735294117647058,-0.08347043503052222,-13.570588235294117,-0.2470575462194302,3.333283791372027,2.1062047813777918,1.227079009994235,12.063096791058348,37.05882352941177,630.0,100.0,24.470588235294116,416.0,70.0,AFC West,3,12.588235294117647,214,1.0399527555777555,0.6861764705882354,8.931176470588234,3.9278932013331143,3.3529411764705883,1.0,0.9358974358974359,61.76470588235294,1.6470588235294117,-2.0,0.47213040227746106,0.5891764705882353,6.788823529411765,3.7643060901442063,1.8235294117647058,0.8823529411764706,0.8333333333333333,51.1764705882353,1.5294117647058822,0.47213040227746106,1.9369032089416525,2013,1.4908138116455087,0.6646236501270376,NWE vs. DEN,DEN,1719.0586256447516,1.0,NWE,1732.928477359787,3.0,1,10,-5.0,1,-228.0,204.0,0,1
DET,2.0,1.0,0.5,12.0,24,13.0,26,2.299999999999997,-1.1393048128342247,-31.700000000000003,0.11499999999999955,2.2622377622377625,1.8988095238095237,0.36342823842823846,1.0935406763864766,27.5,55.0,8.0,24.5,49.0,10.0,NFC North,-1,3.0,6,0.0,0.659,8.44,2.8720588235294118,2.0,1.0,0.5,94.5,1.5,2.0,0.32867132867132864,0.609,4.915,4.126363636363636,1.0,1.5,1.0,46.0,2.5,0.32867132867132864,-0.09354067638647656,2013-09-22,2013,0.3177432206022539,0.17431910069490836,WAS,2.0,0.0,0.0,11.0,22,11.5,23,-10.299999999999997,1.2206625074272126,25.449999999999996,1.5681431663574519,2.1363636363636362,3.169230769230769,-1.0328671328671328,0.562579935396049,23.5,47.0,6.0,35.5,71.0,11.0,NFC East,-2,-12.0,-24,0.0,0.631,6.75,5.232026143790849,2.5,0.5,0.0,76.5,2.0,-1.0,0.23636363636363636,0.7050000000000001,10.600000000000001,5.579506802721088,3.0,1.5,1.0,52.5,1.5,0.23636363636363636,-0.562579935396049,2013,0.19601182699144784,0.1046004502313796,DET vs. WAS,WAS,1400.0,25.0,DET,1485.9935000197115,9.0,0,-7,1.0,0,102.0,-113.0,0,0
DET,4.0,3.0,0.75,12.25,49,12.75,51,-4.675000000000004,-0.5655516159032785,-32.1,1.462329545454545,2.4628496503496504,1.9827380952380953,0.4801115551115552,2.3934324176564763,30.5,122.0,20.0,25.25,101.0,19.0,NFC North,2,5.25,21,0.3333333333333333,0.6425,7.89,3.445812020460358,1.75,1.25,0.75,71.25,1.75,4.0,0.2912587412587413,0.608,4.7475,5.473693181818182,1.0,1.25,1.0,41.75,2.75,0.2912587412587413,0.6065675823435237,2013-10-06,2013,0.4700579165656657,0.3359058042378772,GNB,3.0,1.0,0.3333333333333333,12.0,36,11.666666666666666,35,1.833333333333331,1.046677299308878,11.533333333333331,0.12752525252525215,2.7587301587301583,2.4949494949494953,0.26378066378066367,1.6340443793136066,32.0,96.0,15.0,29.333333333333332,88.0,13.0,NFC North,-1,2.6666666666666665,8,0.25,0.661,8.31,5.058040935672515,2.6666666666666665,1.0,1.0,46.333333333333336,2.3333333333333335,-2.0,0.36923076923076925,0.6853333333333333,9.21,4.138888888888888,2.6666666666666665,1.0,0.2222222222222222,68.66666666666667,1.6666666666666667,0.36923076923076925,-0.6340443793136066,2013,0.3286049473175547,0.1691183149421249,DET vs. GNB,GNB,1450.0,16.0,DET,1586.2184743529772,6.0,1,13,-10.0,1,-445.0,381.0,1,0
DET,9.0,6.0,0.6666666666666666,11.333333333333334,102,11.666666666666666,105,-6.922222222222225,-0.1275955909813674,-14.57777777777778,0.5220363895363891,2.2945036445036444,2.072868489535156,0.22163515496848835,4.815801777058492,26.444444444444443,238.0,39.0,24.0,216.0,43.0,NFC North,2,2.4444444444444446,22,0.4745535714285714,0.6141111111111112,7.51111111111111,3.8837680453822694,2.111111111111111,0.8888888888888888,0.7222222222222222,60.22222222222222,1.4444444444444444,1.0,0.39741496320443687,0.6031111111111112,6.785555555555556,4.5334000259000256,1.6666666666666667,0.5555555555555556,0.9629629629629629,49.55555555555556,1.5555555555555556,0.39741496320443687,1.1841982229415082,2013-11-17,2013,0.4326620160073189,0.4179053159645342,PIT,9.0,3.0,0.3333333333333333,11.222222222222221,101,11.11111111111111,100,-14.377777777777775,-0.5307041029817804,-17.022222222222222,0.2617696172649731,1.803962703962704,2.1741098407765076,-0.37014713681380346,3.9761446672836294,19.88888888888889,179.0,36.0,24.22222222222222,218.0,39.0,AFC North,1,-4.333333333333333,-39,0.4395833333333333,0.6507777777777778,6.26111111111111,3.480659533381856,1.4444444444444444,0.4444444444444444,0.9166666666666666,48.22222222222222,2.0,-11.0,0.3826618370736018,0.6072222222222222,6.264444444444444,4.27313325362861,1.1111111111111112,1.3333333333333333,0.9583333333333333,53.77777777777778,0.7777777777777778,0.3826618370736018,-0.9761446672836294,2013,0.3177764488204503,0.30436706441770944,DET vs. PIT,PIT,1446.249799071497,19.0,DET,1625.2274152194814,4.0,1,10,3.0,1,139.0,-154.0,0,0
TAM,10.0,2.0,0.2,11.0,110,11.0,110,-19.889999999999997,0.026688964227164158,-7.600000000000001,-0.23733194009056105,1.6993473193473192,2.2353302253302254,-0.535982905982906,3.67809647385554,18.7,187.0,33.0,23.7,237.0,44.0,NFC South,2,-5.0,-50,0.5589506172839507,0.5772,5.696,4.038052600590801,1.4,0.4,0.8166666666666667,82.7,1.2,5.0,0.3541539669480846,0.6557000000000001,6.743,3.774031696273076,1.9,0.5,0.975,59.3,1.7,0.3541539669480846,-1.6780964738555402,2013-11-24,2013,0.24965710578433378,0.2928761410457784,DET,10.0,6.0,0.6,11.6,116,11.7,117,-8.920000000000003,-0.0879723955195943,-11.260000000000002,0.21684453509453466,2.257910422910423,2.173914973914974,0.08399544899544902,5.137333376232501,26.5,265.0,44.0,25.3,253.0,50.0,NFC North,-1,1.2,12,0.45886243386243386,0.594,7.497,3.9233912408440426,2.1,0.9,0.75,58.7,1.6,-2.0,0.3951734668839932,0.6072,7.08,4.228208171458172,1.9,0.5,0.9666666666666666,46.9,1.4,0.3951734668839932,0.8626666237674989,2013,0.4120321822808361,0.42148147964818367,TAM vs. DET,DET,1551.5304368211976,9.0,TAM,1385.0429813502892,26.0,0,-3,-7.0,0,-310.0,273.0,0,0
GNB,11.0,5.0,0.45454545454545453,10.909090909090908,120,10.818181818181818,119,-8.272727272727275,0.7060590914531728,-1.100000000000002,0.23526661850315292,2.5552669552669554,2.2753345139708774,0.2799324412960777,5.805442147000079,25.818181818181817,284.0,53.0,24.09090909090909,265.0,45.0,NFC North,0,1.7272727272727273,19,0.40658730158730155,0.6515454545454545,7.570909090909091,4.7174227278168095,1.5454545454545454,1.0,0.8800000000000001,54.72727272727273,1.3636363636363635,-5.0,0.3768116687234334,0.6326363636363637,8.181818181818182,4.24663025486679,1.7272727272727273,0.8181818181818182,0.7575757575757575,58.27272727272727,0.9090909090909091,0.3768116687234334,-0.805442147000079,2013-11-28,2013,0.4093269440977241,0.3160848765355206,DET,11.0,6.0,0.5454545454545454,11.636363636363637,128,11.545454545454545,127,-11.690909090909093,-0.050704932566022425,-7.463636363636366,-0.08420469261378395,2.2117367481003845,2.194468158104522,0.01726858999586275,5.558869798380328,26.0,286.0,47.0,25.181818181818183,277.0,53.0,NFC North,-2,0.8181818181818182,9,0.4329761904761905,0.5913636363636363,7.143636363636364,3.9606587037976144,2.1818181818181817,0.8181818181818182,0.75,56.90909090909091,1.9090909090909092,-7.0,0.4077334547430241,0.6126363636363636,7.505454545454546,3.9271589437498524,1.9090909090909092,0.45454545454545453,0.9090909090909091,48.72727272727273,1.2727272727272727,0.4077334547430241,0.4411302016196723,2013,0.3819127269006567,0.3961201866040391,GNB vs. DET,DET,1586.2184743529772,6.0,GNB,1450.0,16.0,1,30,-7.0,1,-265.0,235.0,1,0
DET,12.0,7.0,0.5833333333333334,11.666666666666666,140,11.416666666666666,137,-10.94166666666667,0.08629443901673454,-11.491666666666667,-0.2781346045929383,2.30520313020313,2.094929144929145,0.2102739852739853,6.522798423343876,27.166666666666668,326.0,53.0,23.916666666666668,287.0,54.0,NFC North,1,3.25,39,0.4349370326643054,0.5944999999999999,7.239166666666667,4.097658075380371,2.25,0.9166666666666666,0.7272727272727273,56.333333333333336,2.0833333333333335,-8.0,0.4362556668477721,0.60325,7.1175,3.733229031770698,1.75,0.4166666666666667,0.9166666666666666,46.75,1.4166666666666667,0.4362556668477721,0.4772015766561237,2013-12-08,2013,0.39362600212069915,0.3769883729558581,PHI,12.0,7.0,0.5833333333333334,11.833333333333334,142,11.666666666666666,140,-0.5833333333333327,0.7115665343096452,-16.658333333333335,0.017804870189270055,2.1560522810522813,2.164177489177489,-0.008125208125208136,6.117421205481939,25.0,300.0,52.0,23.416666666666668,281.0,48.0,NFC East,4,1.5833333333333333,19,0.4241932310114128,0.608,9.022499999999999,4.722930170673282,2.0,0.8333333333333334,0.8083333333333332,56.833333333333336,1.25,7.0,0.3792456021074442,0.6141666666666666,6.3975,4.029168506552907,1.6666666666666667,0.5833333333333334,0.8111111111111111,63.916666666666664,1.8333333333333333,0.3792456021074442,0.8825787945180608,2013,0.393130338799847,0.3395022512719446,DET vs. PHI,PHI,1611.1581211101711,10.0,DET,1514.5055060156355,10.0,1,14,-2.5,1,-139.0,126.0,0,0
NYG,14.0,5.0,0.35714285714285715,12.0,168,11.5,161,-31.300000000000004,-0.49471677854151785,-15.592857142857143,-0.2982479279356666,1.543625025767883,2.286868885083171,-0.7432438593152878,5.681562133677492,17.928571428571427,251.0,44.0,25.5,357.0,57.0,NFC East,-2,-7.571428571428571,-106,0.4957442130519053,0.5915714285714285,4.659999999999999,3.5166468578221184,1.1428571428571428,0.7142857142857143,0.8,52.57142857142857,2.7857142857142856,-17.0,0.32944946657352675,0.6259285714285714,6.102857142857142,3.7131157084279702,1.5,0.7142857142857143,0.9230769230769231,58.142857142857146,1.5714285714285714,0.32944946657352675,-0.6815621336774917,2013-12-22,2013,0.249154449880183,0.31151329120691346,DET,14.0,7.0,0.5,11.571428571428571,162,11.5,161,-15.950000000000003,-0.02235368430600247,-13.892857142857142,-0.041044874437731985,2.2096546310832026,2.0993498564927138,0.11030477459048892,7.174850851086052,25.857142857142858,362.0,57.0,24.214285714285715,339.0,65.0,NFC North,-2,1.6428571428571428,23,0.4543155562386332,0.5759285714285713,6.877857142857143,3.9890099520576343,2.0,0.9285714285714286,0.75,58.07142857142857,2.2142857142857144,-13.0,0.4197209745142076,0.5903571428571429,7.005,3.970318761925905,1.5714285714285714,0.6428571428571429,0.9230769230769231,44.714285714285715,1.2857142857142858,0.4197209745142076,-0.17485085108605158,2013,0.34745745215524476,0.36984680331828157,NYG vs. DET,DET,1441.1596623264938,15.0,NYG,1421.0196231593222,22.0,0,-3,-9.5,0,-450.0,385.0,0,0
DET,15.0,7.0,0.4666666666666667,11.6,174,11.533333333333333,173,-18.060000000000002,-0.014213607035770704,-15.013333333333334,-0.1755740617407288,2.1734554334554335,2.087170977170977,0.08628445628445632,7.592790814649688,25.466666666666665,382.0,60.0,24.133333333333333,362.0,69.0,NFC North,-3,1.3333333333333333,20,0.44737464916036346,0.5771999999999999,6.605333333333333,3.9971500293278663,1.8666666666666667,1.0,0.7692307692307693,58.2,2.2666666666666666,-14.0,0.4231121252328683,0.5875333333333334,6.876,3.835789574622908,1.5333333333333334,0.6,0.9285714285714286,43.733333333333334,1.3333333333333333,0.4231121252328683,-0.5927908146496881,2013-12-29,2013,0.33120021115747844,0.3564922673561355,MIN,15.0,4.0,0.26666666666666666,11.8,177,11.6,174,-22.406666666666663,0.7416132197766291,1.973333333333333,0.19303730411573516,2.259163984163984,2.8929520479520483,-0.6337880637880638,5.779303904879116,25.133333333333333,377.0,65.0,31.133333333333333,467.0,75.0,NFC North,-1,-6.0,-90,0.4639544978830693,0.6054666666666667,5.674,4.752976856140266,1.1333333333333333,1.4666666666666666,0.8630952380952381,44.666666666666664,2.0,-10.0,0.3600493025493025,0.6576666666666667,8.03,4.204400940479371,2.4,0.9333333333333333,0.9583333333333334,63.4,1.3333333333333333,0.3600493025493025,-1.7793039048791162,2013,0.3236705258692495,0.35116942802071505,DET vs. MIN,MIN,1500.0,1.0,DET,1500.0,1.0,1,1,2.5,1,118.0,-130.0,1,0
WAS,1.0,0.0,0.0,11.0,11,13.0,13,-24.099999999999994,0.09974747474747403,8.700000000000003,1.3559833024118735,2.4545454545454546,2.5384615384615383,-0.08391608391608374,0.38329412863305845,27.0,27.0,3.0,33.0,33.0,5.0,NFC East,-1,-6.0,-6,0.5,0.612,5.27,4.111111111111111,2.0,1.0,0.0,75.0,3.0,-1.0,0.2,0.6,8.8,5.36734693877551,2.0,2.0,1.0,65.0,2.0,0.2,-0.38329412863305845,2013-09-15,2013,0.16819251037280222,-0.1474208187050225,GNB,1.0,0.0,0.0,12.0,12,12.0,12,1.4000000000000057,-0.6955741626794261,28.599999999999994,-1.3643048128342246,2.3333333333333335,2.8333333333333335,-0.5,0.3869502985972193,28.0,28.0,4.0,34.0,34.0,6.0,NFC North,-1,-6.0,-6,0.5,0.568,9.11,3.3157894736842106,3.0,1.0,,44.0,2.0,-2.0,0.4,0.6920000000000001,11.9,2.647058823529412,3.0,1.0,0.6666666666666666,85.0,0.0,0.4,-0.3869502985972193,2013,0.20434990046759355,-0.19347514929860965,WAS vs. GNB,GNB,1450.0,17.0,WAS,1450.0,17.0,1,18,-9.0,1,-355.0,310.0,0,0
GNB,6.0,4.0,0.6666666666666666,11.333333333333334,68,11.333333333333334,68,1.8666666666666636,0.8022266677665949,-3.950000000000003,-0.42300580172433766,2.587037037037037,1.8331890331890335,0.7538480038480039,3.9791564186810815,28.0,168.0,31.0,21.166666666666668,127.0,21.0,NFC North,3,6.833333333333333,41,0.47000000000000003,0.6458333333333334,8.63,4.813590304130232,2.1666666666666665,0.6666666666666666,0.86,60.5,1.5,-2.0,0.40609917043740573,0.6123333333333334,7.771666666666667,3.588357834639299,2.0,0.5,0.611111111111111,67.0,1.1666666666666667,0.40609917043740573,0.020843581318918503,2013-10-27,2013,0.45746605642374133,0.2584257725678855,MIN,6.0,1.0,0.16666666666666666,12.166666666666666,73,12.166666666666666,73,-27.916666666666668,0.41108112317789686,-3.566666666666665,-0.16431598539441716,1.8693843193843194,2.643851981351981,-0.774467661967662,1.9424709516907168,22.0,132.0,21.0,30.166666666666668,181.0,30.0,NFC North,-2,-8.166666666666666,-49,0.25,0.5858333333333333,5.253333333333333,4.422444759541533,0.8333333333333334,1.1666666666666667,0.7777777777777777,49.0,2.5,-2.0,0.3815308193984665,0.6651666666666666,7.13,3.8470476509692197,2.3333333333333335,1.1666666666666667,1.0,55.333333333333336,2.1666666666666665,0.3815308193984665,-0.9424709516907168,2013,0.24248426943948617,0.27791294851433446,GNB vs. MIN,MIN,1301.9855253358933,27.0,GNB,1615.3026366253364,8.0,0,-13,7.0,0,269.0,-305.0,1,0
PHI,9.0,4.0,0.4444444444444444,12.222222222222221,110,11.88888888888889,107,-6.844444444444443,0.9058842994437415,-14.766666666666667,-0.01883061433562489,2.0767565767565768,2.385064935064935,-0.3083083583083583,3.965951153730141,25.0,225.0,39.0,25.666666666666668,231.0,40.0,NFC East,1,-0.6666666666666666,-6,0.3839285714285714,0.5952222222222221,8.32,4.917247935807378,2.0,0.7777777777777778,0.7738095238095237,55.666666666666664,1.5555555555555556,1.0,0.3963465059956288,0.6266666666666666,6.6,3.9925330220280113,1.5555555555555556,0.7777777777777778,0.85,71.33333333333333,1.6666666666666667,0.3963465059956288,0.034048846269858934,2013-11-10,2013,0.355886772731843,0.3337091940299007,GNB,8.0,5.0,0.625,10.75,86,10.875,87,-0.7875000000000041,0.9982543790903587,-6.162500000000003,0.05789517023784713,2.953264790764791,2.1660849567099567,0.787179834054834,5.004830230448322,29.0,232.0,42.0,23.125,185.0,30.0,NFC North,-1,5.875,47,0.441156462585034,0.65925,8.265,5.009618015453995,1.875,1.0,0.9,60.375,1.25,-3.0,0.408741044494721,0.60975,7.563750000000001,4.069258806601484,1.75,0.875,0.7083333333333333,61.625,0.875,0.408741044494721,-0.0048302304483218705,2013,0.48807722430402684,0.30151593834274476,PHI vs. GNB,GNB,1557.7891565845289,7.0,PHI,1449.7666102914527,15.0,0,-14,1.0,0,102.0,-113.0,0,0
GNB,9.0,5.0,0.5555555555555556,10.666666666666666,96,10.666666666666666,96,-3.611111111111115,0.8082968218176926,-0.355555555555559,0.21836791545029482,2.7695687029020366,2.258742183742184,0.5108265191598524,5.1551361887242,27.22222222222222,245.0,45.0,23.555555555555557,212.0,35.0,NFC North,-2,3.6666666666666665,33,0.4415674603174603,0.6592222222222222,7.92,4.819660458181329,1.7777777777777777,0.8888888888888888,0.85,57.111111111111114,1.3333333333333333,-4.0,0.4119364839953075,0.616111111111111,8.396666666666668,4.229731551813932,1.8888888888888888,0.7777777777777778,0.7037037037037037,62.0,0.8888888888888888,0.4119364839953075,-0.15513618872420043,2013-11-17,2013,0.46066999017061455,0.317789621984552,NYG,9.0,3.0,0.3333333333333333,12.666666666666666,114,11.666666666666666,105,-35.07777777777778,-0.7462805784862114,-20.61111111111111,-0.47152224973459117,1.473809523809524,2.3728354978354975,-0.8990259740259741,3.6258254915681407,18.333333333333332,165.0,30.0,27.0,243.0,36.0,NFC East,3,-8.666666666666666,-78,0.4816964285714286,0.555,4.704444444444444,3.2650830578774253,1.2222222222222223,0.6666666666666666,0.7142857142857143,57.111111111111114,3.111111111111111,-13.0,0.3631383236646395,0.5846666666666667,5.685555555555556,3.5398413866290457,1.5555555555555556,0.6666666666666666,0.875,61.77777777777778,1.6666666666666667,0.3631383236646395,-0.6258254915681407,2013,0.24485890375531752,0.280920933654547,GNB vs. NYG,NYG,1462.26440950116,19.0,GNB,1492.72574355586,9.0,1,14,-3.5,1,-178.0,160.0,0,0
MIN,10.0,2.0,0.2,11.1,111,11.0,110,-24.04,0.5882390330333948,4.24,-0.0071032997503589265,2.3307972582972583,3.15760989010989,-0.8268126318126319,3.4398286841971744,24.0,240.0,39.0,32.0,320.0,52.0,NFC North,-1,-8.0,-80,0.41018518518518515,0.615,5.411,4.599602669397031,1.0,1.4,0.8666666666666666,40.2,2.2,-8.0,0.38809431581490406,0.6801999999999999,8.096,4.004260336613278,2.3,1.1,1.0,65.6,1.4,0.38809431581490406,-1.4398286841971744,2013-11-24,2013,0.3007627759606398,0.3573899167470427,GNB,10.0,5.0,0.5,10.7,107,10.6,106,-6.680000000000004,0.6013307759995596,-1.3500000000000028,0.12039476026890168,2.6107936507936507,2.302867965367965,0.30792568542568544,5.305442147000079,25.8,258.0,48.0,23.9,239.0,39.0,NFC North,-3,1.9,19,0.42954144620811285,0.6639,7.728,4.612694412363196,1.6,0.9,0.8666666666666667,55.2,1.5,-6.0,0.3957428355957768,0.6259,8.217,4.131758396632539,1.8,0.8,0.7333333333333333,58.8,0.9,0.3957428355957768,-0.305442147000079,2013,0.434896053218688,0.31989410968584614,MIN vs. GNB,GNB,1615.3026366253364,8.0,MIN,1301.9855253358933,27.0,0,0,-6.0,0,-254.0,226.0,1,0
PIT,14.0,6.0,0.42857142857142855,10.928571428571429,153,11.214285714285714,157,-7.721428571428571,-0.7076592273377342,-16.79285714285714,0.20053696174826183,2.1391275391275393,2.149996828568257,-0.010869289440717982,7.102249966031846,22.928571428571427,321.0,58.0,23.714285714285715,332.0,61.0,AFC North,1,-0.7857142857142857,-11,0.4792451138604985,0.6552857142857142,6.9071428571428575,3.3037044090259022,1.7857142857142858,0.42857142857142855,0.9393939393939394,43.142857142857146,1.4285714285714286,-4.0,0.37955147093802555,0.5897857142857142,6.332142857142856,4.211900598111899,1.3571428571428572,1.0714285714285714,0.9027777777777778,48.57142857142857,1.1428571428571428,0.37955147093802555,-1.102249966031846,2013-12-22,2013,0.34923879643797984,0.3301923348826467,GNB,14.0,7.0,0.5,10.785714285714286,151,10.928571428571429,153,-10.321428571428573,0.4487181461706386,-4.007142857142859,0.5151166538466306,2.476540919398062,2.390143784786642,0.08639713461142032,6.885276934940514,25.214285714285715,353.0,65.0,25.857142857142858,362.0,61.0,NFC North,2,-0.6428571428571429,-9,0.4153683922914692,0.6488571428571428,7.174285714285714,4.460081782534275,1.5714285714285714,0.9285714285714286,0.9076923076923078,49.714285714285715,1.5,-3.0,0.3821468972204266,0.6259285714285714,7.8428571428571425,4.526480290210268,1.8571428571428572,0.8571428571428571,0.7023809523809523,56.07142857142857,1.2857142857142858,0.3821468972204266,0.11472306505948637,2013,0.4339910119341847,0.3734818426557557,PIT vs. GNB,GNB,1456.1299980355552,15.0,PIT,1526.2549642356348,19.0,0,-7,1.0,0,103.0,-114.0,0,0
SFO,16.0,12.0,0.75,11.0,176,11.5625,185,-10.4625,0.33177467544565986,-27.2125,-0.18875687926495507,2.4481073613886113,1.4834741647241647,0.9646331966644467,10.46965461980709,25.375,406.0,71.0,17.0,272.0,50.0,NFC West,6,8.375,134,0.5178264328264328,0.57925,7.32375,4.343138311809296,1.3125,1.125,0.8869047619047619,52.8125,1.125,12.0,0.3655462592962593,0.5815,5.156874999999999,3.8226067570986815,1.1875,0.6875,0.8589743589743589,54.875,1.875,0.3655462592962593,1.5303453801929106,2014-01-05,2013,0.44199379332162525,0.27922880709785325,GNB,16.0,8.0,0.5,10.75,172,10.9375,175,-11.975000000000001,0.49990890374601105,-4.093750000000002,0.5898418187197725,2.5575983044733044,2.464292478354978,0.09330582611832614,7.863069755510297,26.0625,417.0,75.0,26.75,428.0,70.0,NFC North,1,-0.6875,-11,0.4241129241129241,0.6414375,7.009375,4.511272540109648,1.5625,1.0625,0.92,50.0625,1.5625,-3.0,0.3924142493535876,0.623375,7.83625,4.601205455083409,1.875,1.0,0.7222222222222221,55.1875,1.375,0.3924142493535876,0.1369302444897027,2013,0.43977825884328775,0.3784232561122426,SFO vs. GNB,GNB,1500.0,1.0,SFO,1500.0,1.0,0,-3,3.0,0,153.0,-170.0,0,1
TEN,1.0,1.0,1.0,9.0,9,10.0,10,-27.700000000000003,-1.3446969696969702,-26.799999999999997,-1.9446969696969698,1.7777777777777777,0.9,0.8777777777777777,0.7963462812340105,16.0,16.0,4.0,9.0,9.0,1.0,AFC South,1,7.0,7,0.5,0.55,5.85,2.6666666666666665,0.0,1.0,1.0,60.0,0.0,2.0,0.4,0.636,4.18,2.066666666666667,1.0,0.0,,47.0,2.0,0.4,0.20365371876598948,2013-09-15,2013,0.5349572083404397,0.02036537187659895,HOU,1.0,1.0,1.0,10.0,10,11.0,11,8.5,0.2743506493506489,-6.200000000000003,-0.011363636363636687,3.1,2.5454545454545454,0.5545454545454547,0.5600155055725573,31.0,31.0,4.0,28.0,28.0,4.0,AFC South,1,3.0,3,0.5,0.7559999999999999,7.64,4.285714285714286,3.0,0.0,0.5,73.0,1.0,0.0,0.46153846153846156,0.483,7.52,4.0,4.0,0.0,,55.0,1.0,0.46153846153846156,0.4399844944274427,2013,0.5759937977709771,0.15999436160997918,TEN vs. HOU,HOU,1550.0,1.0,TEN,1550.0,1.0,1,6,-7.5,0,-325.0,285.0,1,0
SEA,3.0,3.0,1.0,11.0,33,10.666666666666666,32,2.0,-0.44962513845492635,-47.900000000000006,0.053251748251748054,2.459401709401709,0.8184731934731935,1.6409285159285159,2.686870413719947,28.666666666666668,86.0,15.0,9.0,27.0,5.0,NFC West,3,19.666666666666668,59,0.5,0.6343333333333333,9.206666666666665,3.5617384979087103,2.3333333333333335,1.0,1.0,69.0,1.3333333333333333,6.0,0.39134615384615384,0.5446666666666666,2.766666666666667,4.064615384615385,0.3333333333333333,0.6666666666666666,1.0,70.66666666666667,3.3333333333333335,0.39134615384615384,0.31312958628005294,2013-09-29,2013,0.5019893312545535,0.12047549928541942,HOU,3.0,2.0,0.6666666666666666,12.0,36,10.666666666666666,32,-15.533333333333331,0.8271456804065499,-10.4,-0.6695584881068757,1.9583333333333333,2.713869463869464,-0.7555361305361306,1.2437354405116912,23.333333333333332,70.0,11.0,27.333333333333332,82.0,11.0,AFC South,-1,-4.0,-12,0.75,0.6706666666666666,5.473333333333333,4.838509316770186,2.0,0.3333333333333333,0.5,75.33333333333333,1.3333333333333333,-3.0,0.3548265460030166,0.5723333333333334,6.62,3.341805148256761,2.0,0.3333333333333333,0.75,70.66666666666667,0.3333333333333333,0.3548265460030166,0.7562645594883088,2013,0.3825825014293648,0.315821980774702,SEA vs. HOU,HOU,1535.9935000197115,8.0,SEA,1624.0253073352042,1.0,0,-3,1.0,0,103.0,-114.0,0,0
HOU,4.0,2.0,0.5,12.5,50,11.0,44,-16.9,0.6960897797854317,-21.825000000000003,-0.013343108504399237,1.8258928571428572,2.5145687645687644,-0.6886759074259075,1.6616754040753277,22.5,90.0,15.0,26.25,105.0,15.0,AFC South,-2,-3.75,-15,0.8333333333333334,0.66125,5.5075,4.707453416149068,2.0,0.25,0.625,78.0,1.75,-4.0,0.3543552036199095,0.55975,5.465,3.9980205278592376,1.5,0.5,0.8333333333333334,68.5,0.75,0.3543552036199095,0.33832459592467234,2013-10-06,2013,0.3253743446943504,0.28451630078903456,SFO,4.0,2.0,0.5,12.25,49,12.25,49,-23.325000000000003,0.5191510695187163,-25.775,-0.8806805456581498,1.4983901515151516,2.0458333333333334,-0.5474431818181817,1.596368260668302,19.75,79.0,13.0,23.75,95.0,16.0,NFC West,1,-4.0,-16,0.611111111111111,0.5722499999999999,5.67,4.530514705882353,1.25,1.25,0.5555555555555555,84.75,2.25,-4.0,0.35,0.5265,5.8475,3.130683090705487,1.25,1.5,0.8888888888888888,55.0,1.25,0.35,0.40363173933169794,2013,0.29207761536383714,0.2778474889250365,HOU vs. SFO,SFO,1498.2749127327347,11.0,HOU,1498.397971685693,11.0,1,31,-4.0,1,-213.0,191.0,0,0
LAR,5.0,2.0,0.4,11.8,59,12.2,61,-15.4,-1.1191121743753325,6.459999999999999,0.09846894282188359,1.7806060606060605,2.3868506493506496,-0.6062445887445888,1.7898261614356423,20.6,103.0,18.0,28.2,141.0,21.0,NFC West,1,-7.6,-38,0.20833333333333331,0.5814,6.052,2.892251461988304,2.0,0.0,1.0,57.6,1.2,2.0,0.289969473251207,0.6554,8.55,4.10983257918552,2.2,1.0,0.6,64.6,1.6,0.289969473251207,0.21017383856435767,2013-10-13,2013,0.31790891218358797,0.2898808216716443,HOU,5.0,2.0,0.4,12.0,60,10.8,54,-26.4,0.6279324298889513,-19.98,0.17038611925708666,1.5207142857142857,2.6916550116550115,-1.170940725940726,1.6648362072065743,18.6,93.0,16.0,27.8,139.0,20.0,AFC South,-3,-9.2,-46,0.75,0.639,4.642,4.639296066252588,1.6,0.2,0.6,72.8,2.2,-8.0,0.3584841628959276,0.5278,6.066,4.181749755620723,1.4,0.8,0.875,58.2,0.6,0.3584841628959276,0.3351637927934257,2013,0.2845420689489827,0.3211232439106241,LAR vs. HOU,HOU,1448.3802620795184,18.0,LAR,1433.9143000335143,18.0,0,-25,-9.5,0,-395.0,342.0,0,0
HOU,6.0,2.0,0.3333333333333333,11.666666666666666,70,10.166666666666666,61,-27.233333333333334,0.7047164188468532,-10.883333333333335,0.13342782665363276,1.4839285714285715,3.147807747807748,-1.6638791763791765,1.7377918885395416,17.666666666666668,106.0,19.0,29.5,177.0,24.0,AFC South,-4,-11.833333333333334,-71,0.6799999999999999,0.651,4.645,4.71608005521049,1.3333333333333333,0.3333333333333333,0.6666666666666666,76.5,2.5,-12.0,0.37016537384184445,0.5648333333333334,6.898333333333333,4.1447914630172695,1.6666666666666667,0.6666666666666666,0.9,60.833333333333336,0.5,0.37016537384184445,0.2622081114604584,2013-10-20,2013,0.2832903669470207,0.34506282698101365,KAN,6.0,6.0,1.0,12.333333333333334,74,13.166666666666666,79,-22.116666666666664,0.19745963263507083,-44.61666666666667,0.811645832026267,2.047105672105672,0.8564102564102564,1.1906954156954157,4.946272326595809,25.333333333333332,152.0,23.0,10.833333333333334,65.0,12.0,AFC West,6,14.5,87,0.53,0.5633333333333334,5.739999999999999,4.2088232689987075,1.1666666666666667,0.8333333333333334,0.86,45.5,1.0,12.0,0.3147271222929118,0.5228333333333334,3.4433333333333334,4.823009468389904,0.8333333333333334,0.3333333333333333,0.4,45.0,3.0,0.3147271222929118,1.0537276734041914,2013,0.3653958029015685,0.15325892844061242,HOU vs. KAN,KAN,1715.4503588854986,1.0,HOU,1396.299644966782,22.0,1,1,-7.0,0,-280.0,248.0,0,0
IND,7.0,5.0,0.7142857142857143,10.571428571428571,74,11.0,77,-9.171428571428573,0.5383679359093214,-25.900000000000002,0.23571048129871633,2.5588999236058063,1.6958416583416582,0.8630582652641478,4.330679961565642,26.714285714285715,187.0,33.0,18.714285714285715,131.0,26.0,AFC South,1,8.0,56,0.65,0.6182857142857142,6.945714285714287,4.549731572272958,1.4285714285714286,1.1428571428571428,0.8888888888888888,32.42857142857143,0.8571428571428571,7.0,0.4317603964662788,0.5837142857142857,5.707142857142857,4.247074117662353,1.1428571428571428,0.7142857142857143,0.8833333333333333,53.857142857142854,1.8571428571428572,0.4317603964662788,0.6693200384343578,2013-11-03,2013,0.48858602561454406,0.32171117068514526,HOU,7.0,2.0,0.2857142857142857,11.428571428571429,80,10.142857142857142,71,-23.02857142857143,0.4655145061977356,-12.971428571428573,0.10381476050830855,1.500510204081633,2.940978069549498,-1.4404678654678655,2.2019334674673594,17.428571428571427,122.0,23.0,27.714285714285715,194.0,27.0,AFC South,-5,-10.285714285714286,-72,0.7333333333333334,0.6437142857142858,5.3585714285714285,4.476878142561373,1.2857142857142858,0.2857142857142857,0.7142857142857143,71.28571428571429,2.2857142857142856,-11.0,0.36490365376920003,0.5807142857142857,6.694285714285714,4.115178396871945,1.4285714285714286,0.8571428571428571,0.9166666666666666,55.57142857142857,0.7142857142857143,0.36490365376920003,-0.2019334674673594,2013,0.27920630401473345,0.3149855057915117,IND vs. HOU,HOU,1382.5611203271726,26.0,IND,1631.9625805142991,4.0,0,-3,1.0,0,-103.0,-107.0,1,0
LVR,9.0,3.0,0.3333333333333333,11.555555555555555,104,11.222222222222221,101,-30.099999999999998,0.7191687105464192,-3.6444444444444457,-0.5135573507064738,1.6682678432678433,2.2575295075295077,-0.5892616642616644,3.548554836466324,18.444444444444443,166.0,27.0,24.77777777777778,223.0,34.0,AFC West,-2,-6.333333333333333,-57,0.4322916666666667,0.5991111111111111,4.800000000000001,4.730532346910056,0.7777777777777778,1.0,0.6142857142857142,56.666666666666664,1.7777777777777777,-2.0,0.3324558883382413,0.6701111111111111,7.690000000000001,3.497806285657163,2.0,0.7777777777777778,0.8333333333333333,32.111111111111114,1.5555555555555556,0.3324558883382413,-0.548554836466324,2013-11-17,2013,0.24379168740962529,0.2787119203081903,HOU,9.0,2.0,0.2222222222222222,11.777777777777779,106,10.444444444444445,94,-17.288888888888888,0.3542505803375364,-12.011111111111113,0.10859722951213463,1.579761904761905,2.8101546601546605,-1.2303927553927554,3.0632598841614205,18.88888888888889,170.0,31.0,27.555555555555557,248.0,36.0,AFC South,-7,-8.666666666666666,-78,0.7017857142857142,0.6228888888888888,6.04,4.365614216701173,1.6666666666666667,0.2222222222222222,0.6388888888888888,70.88888888888889,1.8888888888888888,-9.0,0.3730996672173143,0.5711111111111111,6.8533333333333335,4.119960865875772,1.6666666666666667,0.6666666666666666,0.8958333333333334,48.111111111111114,0.8888888888888888,0.3730996672173143,-1.0632598841614205,2013,0.25790245659433536,0.2951804304612161,LVR vs. HOU,HOU,1334.198436108086,24.0,LVR,1378.361000950933,19.0,0,-5,-10.5,0,-470.0,400.0,0,0
JAX,10.0,1.0,0.1,11.7,117,11.1,111,-39.480000000000004,-1.251711901171721,3.589999999999999,0.18390586768722755,1.087100122100122,3.0491874791874793,-1.962087357087357,1.4369060620179035,12.9,129.0,23.0,31.8,318.0,50.0,AFC South,-1,-18.9,-189,0.576278659611993,0.5804,4.138,2.759651735191915,0.5,0.6,0.8888888888888888,49.7,1.9,-7.0,0.2700896626593221,0.6624000000000001,8.602,4.195269504050865,2.0,1.5,0.9714285714285714,39.9,1.2,0.2700896626593221,-0.4369060620179035,2013-11-24,2013,0.18799244493469078,0.38572495216135566,HOU,10.0,2.0,0.2,12.2,122,11.0,110,-18.689999999999998,0.3462605872388477,-10.500000000000004,0.2288592074406865,1.5655357142857143,2.704139194139194,-1.1386034798534799,3.448775125437934,19.3,193.0,35.0,27.6,276.0,40.0,AFC South,-8,-8.3,-83,0.6608465608465609,0.6115999999999999,6.005,4.3576242236024845,1.6,0.2,0.675,68.8,1.9,-11.0,0.34828970049558283,0.5703,6.906000000000001,4.2402228438043235,1.8,0.7,0.7962962962962963,51.0,0.8,0.34828970049558283,-1.4487751254379342,2013,0.2453220250898953,0.27458999543862056,JAX vs. HOU,HOU,1290.519931282932,26.0,JAX,1320.5491759999793,30.0,0,-7,-10.5,0,-470.0,400.0,1,0
NWE,11.0,8.0,0.7272727272727273,12.181818181818182,134,12.090909090909092,133,-14.454545454545451,0.23637618832805982,-24.127272727272725,0.5020012444841907,2.2350369327642055,1.8237735749099386,0.411263357854267,6.480044436673884,26.181818181818183,288.0,55.0,20.90909090909091,230.0,39.0,AFC East,1,5.2727272727272725,58,0.5685714285714286,0.600909090909091,6.472727272727273,4.247739824691696,1.5454545454545454,1.0909090909090908,0.9696969696969696,44.81818181818182,1.3636363636363635,8.0,0.3565989565989566,0.5664545454545454,5.406363636363636,4.513364880847828,1.6363636363636365,0.45454545454545453,0.8833333333333334,63.0,2.090909090909091,0.3565989565989566,1.519955563326116,2013-12-01,2013,0.46716252101963124,0.30709382567991694,HOU,11.0,2.0,0.18181818181818182,12.090909090909092,133,10.909090909090908,120,-21.427272727272726,0.28344626388104605,-10.700000000000001,0.22650128657535842,1.47280106257379,2.5764901764901764,-1.1036891139163867,3.586720599156569,18.09090909090909,199.0,37.0,26.272727272727273,289.0,43.0,AFC South,-9,-8.181818181818182,-90,0.6047619047619047,0.604090909090909,5.715454545454545,4.294809900244683,1.4545454545454546,0.18181818181818182,0.7045454545454546,64.54545454545455,1.8181818181818181,-12.0,0.3408694246929541,0.5818181818181819,6.870909090909091,4.2378649229389955,1.6363636363636365,0.7272727272727273,0.7833333333333333,52.09090909090909,0.7272727272727273,0.3408694246929541,-1.586720599156569,2013,0.23806653303568484,0.2740689501789906,NWE vs. HOU,HOU,1244.8307578844135,25.0,NWE,1654.2166599950604,4.0,0,-3,7.0,1,264.0,-300.0,0,0
HOU,12.0,2.0,0.16666666666666666,11.916666666666666,143,10.916666666666666,131,-22.433333333333334,0.28566448647970344,-9.458333333333336,0.1449508146020471,1.6084009740259742,2.6193584193584196,-1.0109574453324452,4.032206960973902,19.166666666666668,230.0,42.0,26.916666666666668,323.0,49.0,AFC South,-10,-7.75,-93,0.6158992522628887,0.5954166666666666,5.8475,4.29702812284334,1.3333333333333333,0.5,0.7291666666666666,61.25,1.75,-12.0,0.3503424271806625,0.59225,7.03,4.1563144509656835,1.6666666666666667,0.8333333333333334,0.7727272727272727,47.75,0.75,0.3503424271806625,-2.0322069609739017,2013-12-05,2013,0.24396696249364577,0.27953044460068627,JAX,12.0,3.0,0.25,11.75,141,11.166666666666666,134,-35.325,-1.038624300386794,-1.75,0.05969428367875018,1.2047262922262922,2.7808885558885557,-1.5761622636622636,2.8774241661514424,14.5,174.0,32.0,29.333333333333332,352.0,56.0,AFC South,2,-14.833333333333334,-178,0.5227403909222091,0.5885,4.4325,2.972739335976843,0.6666666666666666,0.5833333333333334,0.8787878787878788,49.583333333333336,1.6666666666666667,-4.0,0.2958467777062978,0.6460833333333333,8.053333333333333,4.071057920042387,1.9166666666666667,1.3333333333333333,0.8666666666666667,39.25,1.3333333333333333,0.2958467777062978,0.12257583384855764,2013,0.22926857368980724,0.38735338724845725,HOU vs. JAX,JAX,1320.5491759999793,30.0,HOU,1290.519931282932,26.0,1,7,3.0,1,152.0,-168.0,1,0
HOU,13.0,2.0,0.15384615384615385,11.923076923076923,155,11.076923076923077,144,-23.03076923076923,0.29115625030956793,-9.030769230769234,0.2345749777145769,1.6128829503829503,2.57763262378647,-0.9647496734035196,4.361530123050269,19.23076923076923,250.0,46.0,26.923076923076923,350.0,54.0,AFC South,-11,-7.6923076923076925,-100,0.5854076479076479,0.5933846153846154,5.76,4.302519886673204,1.3846153846153846,0.46153846153846156,0.75,70.15384615384616,1.7692307692307692,-14.0,0.35959210472785136,0.5823846153846154,7.016923076923077,4.245938614078214,1.7692307692307692,0.7692307692307693,0.7916666666666666,48.46153846153846,0.6923076923076923,0.35959210472785136,-2.3615301230502688,2013-12-15,2013,0.242863332178505,0.27803278491201144,IND,13.0,8.0,0.6153846153846154,10.923076923076923,142,10.923076923076923,142,-16.00769230769231,0.3799432908309598,-10.246153846153845,0.2854471869177749,2.2721748839395897,2.2546373498296575,0.017537534109932366,6.552734515308843,24.076923076923077,313.0,57.0,24.307692307692307,316.0,54.0,AFC South,-1,-0.23076923076923078,-3,0.557058682058682,0.5913076923076923,6.373076923076923,4.391306927194597,1.4615384615384615,0.9230769230769231,0.8181818181818182,38.38461538461539,1.0,6.0,0.3659324084663451,0.6123846153846154,7.488461538461538,4.296810823281412,1.5384615384615385,1.0,0.835,58.53846153846154,1.4615384615384615,0.3659324084663451,1.4472654846911572,2013,0.4460964965478852,0.3933652958685387,HOU vs. IND,IND,1631.9625805142991,4.0,HOU,1382.5611203271726,26.0,1,22,-6.0,1,-260.0,231.0,1,0
HOU,15.0,2.0,0.13333333333333333,12.0,180,11.4,171,-27.68,0.22589718849673043,-8.120000000000001,0.3721535328745188,1.4811652236652235,2.5383438783438783,-1.0571786546786546,4.445406070825218,17.733333333333334,266.0,50.0,27.466666666666665,412.0,66.0,AFC South,-13,-9.733333333333333,-146,0.6018564768564768,0.5819333333333333,5.224,4.237260824860368,1.2666666666666666,0.4,0.7833333333333333,72.2,1.8,-17.0,0.35886871298636003,0.5861333333333333,7.067333333333334,4.383517169238155,1.9333333333333333,0.6666666666666666,0.8214285714285714,48.86666666666667,0.6666666666666666,0.35886871298636003,-2.445406070825218,2013-12-29,2013,0.2324924801699034,0.29731118882087154,TEN,15.0,6.0,0.4,11.066666666666666,166,11.266666666666667,169,-19.113333333333333,0.14380548934839243,-17.88,-0.011918378143988188,2.1027172827172826,2.2405529655529657,-0.13783568283568293,7.115819308004221,23.066666666666666,346.0,59.0,24.733333333333334,371.0,66.0,AFC South,1,-1.6666666666666667,-25,0.6032711336282766,0.6132000000000001,5.962666666666666,4.155169125712029,1.4666666666666666,1.0,0.8611111111111112,54.93333333333333,1.6,-3.0,0.41354719354719355,0.6359333333333334,6.260666666666666,3.9994452582196485,1.0,1.3333333333333333,0.7976190476190476,48.266666666666666,1.4,0.41354719354719355,-1.1158193080042214,2013,0.3289825947099401,0.3354461245253339,HOU vs. TEN,TEN,1550.0,1.0,HOU,1550.0,1.0,1,6,-7.0,0,-280.0,248.0,1,0
MIA,1.0,1.0,1.0,11.0,11,12.0,12,-19.5,-3.1417984189723325,-55.1,-0.3959790209790208,2.090909090909091,0.8333333333333334,1.2575757575757573,0.8780395280500359,23.0,23.0,5.0,10.0,10.0,2.0,AFC East,1,13.0,13,0.5,0.632,6.05,0.8695652173913043,1.0,1.0,1.0,77.0,1.0,2.0,0.5,0.491,2.43,3.615384615384616,1.0,0.0,1.0,57.0,3.0,0.5,0.12196047194996407,2013-09-15,2013,0.5099820327045291,0.02032674532499401,IND,1.0,1.0,1.0,7.0,7,8.0,8,22.299999999999997,0.8732517482517483,-31.700000000000003,1.170454545454545,3.0,2.125,0.875,0.6226479153548714,21.0,21.0,3.0,17.0,17.0,3.0,AFC South,1,4.0,4,0.5,0.7829999999999999,8.13,4.884615384615385,2.0,1.0,,31.0,0.0,2.0,0.6,0.655,4.52,5.181818181818182,1.0,1.0,0.5,51.0,2.0,0.6,0.3773520846451286,2013,0.5902937505621979,0.14150703174192322,MIA vs. IND,IND,1550.0,1.0,MIA,1550.0,1.0,0,-4,-1.0,0,-119.0,108.0,0,0
IND,2.0,1.0,0.5,9.0,18,9.5,19,0.6999999999999957,0.9886363636363633,-13.5,0.4499158249158246,2.409090909090909,2.153409090909091,0.25568181818181823,1.0162723992102118,20.5,41.0,7.0,20.5,41.0,7.0,AFC South,-1,0.0,0,1.0,0.6819999999999999,7.4350000000000005,5.0,1.5,1.0,0.6666666666666666,22.0,0.5,2.0,0.5333333333333333,0.6655,6.92,4.461279461279461,1.0,1.5,0.75,25.5,1.5,0.5333333333333333,-0.01627239921021184,2013-09-22,2013,0.38572481126468106,0.1812129790928557,SFO,2.0,1.0,0.5,11.5,23,12.0,24,-27.150000000000006,-0.18783422459893062,-19.949999999999996,-0.5236816654789787,1.5530303030303032,2.375,-0.8219696969696968,0.6176511135954182,18.5,37.0,7.0,28.5,57.0,9.0,NFC West,-1,-10.0,-20,1.0,0.578,5.45,3.823529411764706,1.5,0.5,0.8333333333333333,103.0,2.5,-2.0,0.375,0.49449999999999994,7.0,3.4876819708846583,2.0,1.5,1.0,64.0,1.5,0.375,0.38234888640458176,2013,0.3625313522789581,0.25919041620085903,IND vs. SFO,SFO,1500.0,9.0,IND,1500.0,9.0,0,-20,-10.5,0,-510.0,431.0,0,0
IND,3.0,2.0,0.6666666666666666,9.333333333333334,28,9.666666666666666,29,-5.900000000000001,0.8553030303030299,-26.266666666666666,0.6294893378226708,2.5060606060606063,1.668939393939394,0.8371212121212123,1.9770813167399885,22.666666666666668,68.0,12.0,16.0,48.0,8.0,AFC South,1,6.666666666666667,20,0.75,0.6726666666666666,6.906666666666666,4.866666666666666,1.0,1.6666666666666667,0.6666666666666666,18.0,0.3333333333333333,4.0,0.49444444444444446,0.604,5.773333333333333,4.640852974186307,0.6666666666666666,1.3333333333333333,0.75,33.0,1.6666666666666667,0.49444444444444446,0.022918683260011452,2013-09-29,2013,0.4318455261800016,0.18601551110436887,JAX,3.0,0.0,0.0,12.333333333333334,37,12.333333333333334,37,-44.96666666666667,-1.7058869010470843,0.7333333333333295,1.142594243084439,0.7835164835164834,2.4475524475524475,-1.664035964035964,0.23788739565196704,9.333333333333334,28.0,5.0,30.666666666666668,92.0,15.0,AFC South,-3,-21.333333333333332,-64,0.5,0.5316666666666666,3.276666666666667,2.305476735316552,0.3333333333333333,0.6666666666666666,1.0,48.333333333333336,1.6666666666666667,-2.0,0.32021229544449353,0.6556666666666667,7.996666666666666,5.153957879448075,2.3333333333333335,1.0,0.9,24.666666666666668,1.0,0.32021229544449353,-0.23788739565196704,2013,0.12441948668234383,0.23812332491189636,IND vs. JAX,JAX,1375.9746926647958,27.0,IND,1550.0,8.0,0,-34,9.5,0,305.0,-350.0,1,0
SEA,4.0,4.0,1.0,11.25,45,11.5,46,-12.525,0.15160690373456276,-41.175000000000004,0.11566933066933038,2.323717948717949,0.9709977522477522,1.3527201964701965,3.26893045015631,27.25,109.0,19.0,11.75,47.0,9.0,NFC West,4,15.5,62,0.5555555555555555,0.60625,7.404999999999999,4.1629705400982,1.75,1.0,1.0,67.25,1.5,7.0,0.34708104395604394,0.56675,3.4775,4.127032967032967,0.75,0.5,1.0,74.5,3.25,0.34708104395604394,0.7310695498436899,2013-10-06,2013,0.49939067470572285,0.18249796711191962,IND,4.0,3.0,0.75,9.5,38,10.0,40,-6.975000000000001,0.9469696969696966,-37.5,0.024831649831649538,2.8045454545454547,1.3198863636363636,1.484659090909091,2.974493021889839,26.25,105.0,18.0,12.75,51.0,9.0,AFC South,2,13.5,54,0.5,0.6557499999999999,6.99,4.958333333333333,1.25,1.5,0.7777777777777777,28.0,0.5,6.0,0.4862179487179487,0.58575,4.5649999999999995,4.036195286195286,0.5,1.0,0.8333333333333334,41.0,2.0,0.4862179487179487,0.025506978110160894,2013,0.4767047737235717,0.17018476751869654,SEA vs. IND,IND,1576.8593522064248,6.0,SEA,1661.6208356692227,1.0,1,6,3.0,1,130.0,-144.0,0,0
IND,5.0,4.0,0.8,9.6,48,10.6,53,-5.4,0.7070271682340644,-34.4,0.4999455337690629,2.923636363636364,1.4866783216783215,1.436958041958042,3.5875427232926196,27.8,139.0,23.0,15.8,79.0,15.0,AFC South,3,12.0,60,0.625,0.635,7.302000000000001,4.718390804597702,1.4,1.4,0.8333333333333333,29.4,0.8,6.0,0.5056410256410256,0.5654,4.942,4.5113091701327,0.8,0.8,0.825,49.8,2.0,0.5056410256410256,0.4124572767073804,2013-10-14,2013,0.518693822351124,0.249761732643814,LAC,5.0,2.0,0.4,10.8,54,9.6,48,6.539999999999997,-0.4343278569509474,11.780000000000001,0.9636817356871799,2.337878787878788,2.671111111111111,-0.33323232323232344,2.3510935820319245,25.0,125.0,23.0,25.8,129.0,20.0,AFC West,-1,-0.8,-4,0.6041666666666666,0.7288,8.324000000000002,3.5770357794126895,2.6,0.2,0.75,49.4,2.0,-8.0,0.45606060606060606,0.7026,9.086,4.9750453720508165,2.0,0.4,0.5833333333333333,76.8,0.4,0.45606060606060606,-0.35109358203192453,2013,0.39601795412320645,0.30407553483067296,IND vs. LAC,LAC,1456.7432702435308,18.0,IND,1638.821132703468,4.0,1,10,1.0,1,105.0,-116.0,0,0
LAR,9.0,3.0,0.3333333333333333,11.222222222222221,101,11.222222222222221,101,-15.299999999999999,-0.4750677791028672,-1.9444444444444444,0.09128632060520564,2.0166426166426166,2.311381673881674,-0.2947390572390572,3.4745927073221052,20.666666666666668,186.0,31.0,25.11111111111111,226.0,35.0,NFC West,-3,-4.444444444444445,-40,0.36488095238095236,0.5986666666666667,6.223333333333333,3.53629585726077,1.6666666666666667,0.2222222222222222,0.84375,58.55555555555556,1.4444444444444444,1.0,0.32531881603089036,0.6685555555555556,7.762222222222222,4.102649956968842,1.5555555555555556,1.2222222222222223,0.7142857142857143,65.55555555555556,1.5555555555555556,0.32531881603089036,-0.47459270732210523,2013-11-10,2013,0.29074546322663886,0.2897571564837473,IND,8.0,6.0,0.75,10.625,85,11.125,89,-9.262500000000001,0.5857229179466302,-19.8875,0.24649288325758884,2.545855614973262,1.733861451048951,0.8119941639243111,4.900016753218612,26.75,214.0,38.0,19.375,155.0,30.0,AFC South,2,7.375,59,0.5979591836734695,0.59725,7.03125,4.597086554310267,1.625,1.0,0.8571428571428571,30.25,0.75,7.0,0.41625188536953245,0.58425,6.46375,4.2578565196212255,1.375,0.625,0.7928571428571428,57.875,1.625,0.41625188536953245,1.0999832467813881,2013,0.5085284755554306,0.34129142893741804,LAR vs. IND,IND,1651.1842541952378,4.0,LAR,1371.64729638666,20.0,0,-30,-7.5,0,-335.0,293.0,0,0
IND,9.0,6.0,0.6666666666666666,11.0,99,11.11111111111111,100,-12.988888888888889,0.21779266588041007,-13.166666666666666,0.19381813483120647,2.3264748323571856,1.9250485625485625,0.40142626980862284,4.9243138150010655,24.666666666666668,222.0,39.0,21.444444444444443,193.0,34.0,AFC South,-1,3.2222222222222223,29,0.5648809523809524,0.597111111111111,6.736666666666667,4.229156302244046,1.5555555555555556,0.8888888888888888,0.8571428571428571,29.11111111111111,1.2222222222222223,3.0,0.38852019440254737,0.5818888888888889,7.634444444444445,4.205181771194843,1.4444444444444444,0.6666666666666666,0.81875,56.55555555555556,1.5555555555555556,0.38852019440254737,1.0756861849989345,2013-11-14,2013,0.44102330102688936,0.3428592558777376,TEN,9.0,4.0,0.4444444444444444,11.333333333333334,102,11.777777777777779,106,-21.444444444444443,0.08191245908771519,-21.04444444444444,-0.04839998806948288,1.9656701323367989,1.8642212725546061,0.10144885978219305,4.5376735190913875,22.22222222222222,200.0,33.0,21.77777777777778,196.0,31.0,AFC South,-1,0.4444444444444444,4,0.6260416666666666,0.5903333333333333,5.906666666666667,4.093276095451352,1.3333333333333333,0.8888888888888888,0.8333333333333333,58.888888888888886,1.4444444444444444,4.0,0.4165784832451499,0.6378888888888888,6.023333333333333,3.962963648294154,0.7777777777777778,1.3333333333333333,0.6875,47.666666666666664,1.8888888888888888,0.4165784832451499,-0.5376735190913875,2013,0.30420127872547303,0.24248649990373897,IND vs. TEN,TEN,1436.252275655473,14.0,IND,1567.8550022679688,4.0,0,-3,2.5,0,127.0,-140.0,1,0
TEN,11.0,5.0,0.45454545454545453,11.0,121,11.454545454545455,126,-15.781818181818181,0.15716842501401065,-20.436363636363634,-0.0121453549530049,2.090093744639199,1.985327046690683,0.10476669794851605,5.58687474026063,22.727272727272727,250.0,43.0,22.272727272727273,245.0,42.0,AFC South,1,0.45454545454545453,5,0.6075,0.6193636363636363,6.367272727272728,4.168532061377648,1.3636363636363635,0.9090909090909091,0.8666666666666666,60.36363636363637,1.2727272727272727,5.0,0.4409287682014955,0.634,6.173636363636363,3.9992182814106316,0.7272727272727273,1.3636363636363635,0.7166666666666667,48.18181818181818,1.7272727272727273,0.4409287682014955,-0.5868747402606296,2013-12-01,2013,0.3364120106452238,0.2852462199921021,IND,11.0,7.0,0.6363636363636364,10.727272727272727,118,10.818181818181818,119,-15.945454545454545,0.32290818668452276,-9.009090909090908,0.25499720673517434,2.306509711322546,2.2114033693579147,0.09510634196463083,5.531220990320152,23.90909090909091,263.0,47.0,23.636363636363637,260.0,46.0,AFC South,-1,0.2727272727272727,3,0.5563492063492064,0.5932727272727273,6.402727272727273,4.33427182304816,1.3636363636363635,1.0,0.8888888888888888,36.54545454545455,1.0909090909090908,3.0,0.3948032359797066,0.6097272727272727,7.808181818181819,4.266360843098811,1.4545454545454546,0.8181818181818182,0.835,57.0,1.3636363636363635,0.3948032359797066,1.4687790096798476,2013,0.4514889163751562,0.40302813937759585,TEN vs. IND,IND,1567.8550022679688,4.0,TEN,1436.252275655473,14.0,1,8,-3.5,1,-185.0,166.0,1,0
IND,14.0,9.0,0.6428571428571429,11.071428571428571,155,11.0,154,-16.1,0.36786581190436163,-13.950000000000001,0.2842464138262455,2.247239315306542,2.111448967698968,0.13579034760757455,7.546205992047469,24.142857142857142,338.0,62.0,22.785714285714285,319.0,55.0,AFC South,1,1.3571428571428572,19,0.5260423337346414,0.5915,6.3064285714285715,4.379229448267998,1.5,0.8571428571428571,0.8333333333333334,38.214285714285715,1.0,7.0,0.3636039030997014,0.6064285714285714,7.042142857142857,4.2956100501898815,1.4285714285714286,0.9285714285714286,0.85,62.5,1.5,0.3636039030997014,1.4537940079525313,2013-12-22,2013,0.44153697165578665,0.36871923489674824,KAN,14.0,11.0,0.7857142857142857,11.5,161,12.357142857142858,173,-11.828571428571431,0.6148145408717516,-25.72142857142857,0.33746188850724906,2.4835719835719834,1.5398732220160791,0.9436987615559044,9.799629721907383,28.5,399.0,58.0,18.214285714285715,255.0,46.0,AFC West,2,10.285714285714286,144,0.4962821366667521,0.6142857142857142,6.650714285714286,4.6261781772353885,1.6428571428571428,1.0,0.8681818181818183,50.285714285714285,1.0,21.0,0.3402870051836217,0.5479285714285714,5.909285714285715,4.348825524870885,1.5,0.5714285714285714,0.7222222222222222,57.07142857142857,2.5,0.3402870051836217,1.2003702780926169,2013,0.39113641354453055,0.2697014999142281,IND vs. KAN,KAN,1607.994949802023,2.0,IND,1549.6847807727668,8.0,0,-16,-7.5,0,-345.0,301.0,0,0
JAX,15.0,4.0,0.26666666666666666,11.733333333333333,176,11.133333333333333,167,-30.880000000000003,-0.7364747789492901,-4.7266666666666675,0.11246834560328717,1.32002035002035,2.6339701039701042,-1.313949753949754,4.248209262805075,15.8,237.0,44.0,27.933333333333334,419.0,69.0,AFC South,-2,-12.133333333333333,-182,0.47011758083186655,0.5876666666666667,4.705333333333333,3.2748888574143464,1.0,0.4666666666666667,0.9047619047619048,49.8,1.6666666666666667,-4.0,0.309462414950031,0.6456,7.566,4.123831981966924,1.8666666666666667,1.2,0.8722222222222222,47.93333333333333,1.4,0.309462414950031,-0.24820926280507472,2013-12-29,2013,0.24586317895324875,0.3787918406652494,IND,15.0,10.0,0.6666666666666666,11.0,165,10.933333333333334,164,-15.306666666666668,0.34062306437276957,-16.053333333333335,0.5145390771469199,2.250756694286106,2.01735236985237,0.23340432443373624,8.489916641315805,24.066666666666666,361.0,67.0,21.733333333333334,326.0,56.0,AFC South,2,2.3333333333333335,35,0.544590330304616,0.5989333333333333,6.34,4.351986700736406,1.4666666666666666,0.8666666666666667,0.8269230769230769,37.733333333333334,0.9333333333333333,10.0,0.3652895688189806,0.6040666666666666,6.78,4.525902713510557,1.3333333333333333,0.9333333333333333,0.7791666666666667,62.666666666666664,1.6,0.3652895688189806,1.510083358684195,2013,0.4469396303158954,0.35307506832777036,JAX vs. IND,IND,1550.0,8.0,JAX,1375.9746926647958,27.0,1,20,-11.0,1,-550.0,461.0,1,0
KAN,16.0,11.0,0.6875,11.375,182,12.125,194,-13.33125,0.762471322771382,-22.58125,0.36493712927093735,2.3532391219891218,1.6445481601731602,0.7086909618159618,10.286582280986078,26.875,430.0,63.0,19.0625,305.0,56.0,AFC West,-2,7.8125,125,0.5085238835238836,0.6169375,6.449375,4.773834959135018,1.5,1.0625,0.7730769230769231,48.375,1.0625,19.0,0.3323493438213833,0.5650625,6.039375,4.376300765634574,1.5625,0.5625,0.744047619047619,53.25,2.25,0.3323493438213833,0.7134177190139219,2014-01-04,2013,0.36158836411328193,0.2834894949306635,IND,16.0,11.0,0.6875,11.0,176,10.9375,175,-14.381250000000001,0.24719532414817277,-16.6375,0.3957326575525102,2.28053894634777,1.9480860285547785,0.33245291779299135,9.421016681043598,24.4375,391.0,73.0,21.0,336.0,58.0,AFC South,3,3.4375,55,0.526062086062086,0.6056875,6.43,4.2585589605118095,1.4375,0.9375,0.8392857142857143,36.0,0.875,12.0,0.3737089707677943,0.6030625,6.703125,4.407096293916147,1.3125,0.875,0.7961538461538461,61.875,1.625,0.3737089707677943,1.5789833189564018,2013,0.4557051783678329,0.3434217973212398,KAN vs. IND,IND,1625.059517809212,6.0,KAN,1506.6193512048685,6.0,1,1,2.0,1,111.0,-123.0,0,1
IND,1.0,12.0,12.0,11.0,187,11.0,187,-13.65294117647059,0.3062893791025865,-14.58235294117647,0.41222699320450157,2.3870313077925536,2.0491790072672424,0.3378523005253109,9.93432870143536,25.647058823529413,436.0,79.0,22.352941176470587,380.0,66.0,AFC South,4,3.2941176470588234,56,0.5361519556832056,0.6079411764705883,6.55,4.317653015466224,1.588235294117647,0.9411764705882353,0.85,35.0,1.0588235294117647,9.0,0.381137854840277,0.6059411764705882,6.875294117647059,4.423590629568138,1.4705882352941178,0.8823529411764706,0.8107142857142857,59.11764705882353,1.588235294117647,0.381137854840277,2.0656712985646397,2014-01-11,2013,1.2951231689123346,0.7290604583169317,NWE,16.0,12.0,0.75,11.875,190,11.8125,189,-14.206249999999999,0.29342784808499567,-20.7125,0.4453868310204868,2.4021181943056944,1.8803012092074591,0.5218169850982352,9.714209861825358,27.75,444.0,82.0,21.125,338.0,58.0,AFC East,2,6.625,106,0.514050394050394,0.6044375,6.5325,4.304791484448632,1.5625,1.1875,0.9375,39.0625,1.25,9.0,0.36775322308410546,0.572875,6.07375,4.456750467384124,1.5625,0.6875,0.8333333333333334,59.4375,1.8125,0.36775322308410546,2.285790138174642,2013,0.49323512872707914,0.331539625666048,IND vs. NWE,NWE,1686.9999688713135,3.0,IND,1658.6455659690591,2.0,1,21,-7.5,1,-295.0,260.0,0,1
JAX,1.0,0.0,0.0,14.0,14,13.0,13,-67.1,-0.9244071146245063,-5.900000000000006,0.47011784511784516,0.14285714285714285,2.1538461538461537,-2.010989010989011,0.001917974328386929,2.0,2.0,0.0,28.0,28.0,3.0,AFC South,-1,-26.0,-26,0.5,0.4629999999999999,0.41,3.0869565217391304,0.0,0.0,,30.0,2.0,-2.0,0.2631578947368421,0.618,6.21,4.481481481481482,2.0,1.0,,20.0,0.0,0.2631578947368421,-0.001917974328386929,2013-09-15,2013,0.0,-0.00044260946039700666,LVR,1.0,0.0,0.0,8.0,8,7.0,7,-31.700000000000003,1.170454545454545,22.299999999999997,0.8732517482517483,2.125,3.0,-0.875,0.37735208464512865,17.0,17.0,3.0,21.0,21.0,3.0,AFC West,-1,-4.0,-4,0.5,0.655,4.52,5.181818181818182,1.0,1.0,0.5,51.0,2.0,-2.0,0.5384615384615384,0.7829999999999999,8.13,4.884615384615385,2.0,1.0,,31.0,0.0,0.5384615384615384,-0.37735208464512865,2013,0.23349296825807678,-0.16172232199076939,JAX vs. LVR,LVR,1450.0,17.0,JAX,1450.0,17.0,1,10,-3.5,1,-195.0,175.0,0,0
JAX,2.0,0.0,0.0,12.0,24,12.0,24,-39.0,-1.5731485333888082,-15.950000000000003,1.5529065161418103,0.5214285714285715,1.9405594405594404,-1.419130869130869,0.1473486472970853,5.5,11.0,2.0,23.5,47.0,8.0,AFC South,-2,-18.0,-36,0.0,0.5604999999999999,3.285,2.4382151029748282,0.5,0.0,1.0,50.0,1.0,-1.0,0.33746130030959753,0.6214999999999999,5.48,5.564270152505447,1.0,1.0,0.8,25.0,0.5,0.33746130030959753,-0.1473486472970853,2013-09-22,2013,0.07719380636262144,0.14210855878381912,SEA,2.0,2.0,1.0,10.0,20,9.5,19,-14.049999999999997,-0.8354225561672377,-43.400000000000006,1.0655594405594404,1.9583333333333333,0.5738636363636364,1.3844696969696968,1.7774091620748287,20.5,41.0,8.0,5.0,10.0,2.0,NFC West,2,15.5,31,1.0,0.5895,7.295,3.1759410801963988,1.0,1.0,1.0,91.5,1.0,5.0,0.3870192307692308,0.58,2.52,5.076923076923077,0.5,0.0,1.0,83.5,3.5,0.3870192307692308,0.22259083792517131,2013,0.44451816758503426,0.06434688620658796,JAX vs. SEA,SEA,1600.0,1.0,JAX,1400.0,25.0,1,28,-19.5,1,-4500.0,2000.0,0,0
JAX,4.0,0.0,0.0,12.0,48,11.75,47,-51.525,-1.726700529320667,-2.0000000000000036,1.1624381065557534,0.6558191808191808,2.7606643356643357,-2.104845154845155,0.24047569050211653,7.75,31.0,6.0,32.25,129.0,21.0,AFC South,-4,-24.5,-98,0.5555555555555555,0.5315,2.6925,2.2846631070429697,0.25,0.5,1.0,52.5,2.0,-4.0,0.28561376703791563,0.643,7.807499999999999,5.17380174291939,2.25,1.0,0.9333333333333332,33.0,1.0,0.28561376703791563,-0.24047569050211653,2013-10-06,2013,0.11748513467180886,0.30824473669923164,LAR,4.0,1.0,0.25,11.75,47,11.75,47,-20.15,-1.3891048644338122,14.75,0.1659270876182637,1.5174242424242423,2.6264204545454546,-1.108996212121212,1.0112153808307875,17.25,69.0,13.0,30.25,121.0,17.0,NFC West,-3,-13.0,-52,0.27777777777777773,0.587,5.595,2.6222587719298245,1.75,0.0,1.0,58.75,1.5,-1.0,0.2571986836692719,0.69425,8.9925,4.1772907239819,2.25,1.25,0.5,69.5,1.25,0.2571986836692719,-0.011215380830787547,2013,0.27582021302765836,0.2702624389674288,JAX vs. LAR,LAR,1389.7331933950034,21.0,JAX,1349.115340458371,27.0,1,14,-11.0,1,-535.0,450.0,0,0
LAC,6.0,3.0,0.5,10.333333333333334,62,9.5,57,4.849999999999999,-0.36833832469090017,3.9833333333333343,0.8599977030904751,2.3440656565656566,2.392592592592593,-0.048526936026936175,3.205662909063226,24.0,144.0,28.0,23.0,138.0,23.0,AFC West,1,1.0,6,0.6433333333333333,0.7185,8.183333333333334,3.6430253116727367,2.3333333333333335,0.16666666666666666,0.8,45.333333333333336,1.6666666666666667,-7.0,0.4633838383838384,0.6854999999999999,8.393333333333333,4.871361339454112,1.6666666666666667,0.3333333333333333,0.6527777777777778,68.66666666666667,0.5,0.4633838383838384,-0.20566290906322582,2013-10-20,2013,0.4361328993178217,0.32242617863025086,JAX,6.0,0.0,0.0,12.166666666666666,73,11.666666666666666,70,-44.68333333333334,-1.4099832933967187,-1.916666666666669,0.7435527235392007,0.9631868131868132,2.842968142968143,-1.87978132978133,0.6521968862090631,11.666666666666666,70.0,13.0,33.0,198.0,31.0,AFC South,-6,-21.333333333333332,-128,0.5833333333333333,0.5448333333333333,3.723333333333333,2.6013803429669182,0.5,0.5,1.0,52.833333333333336,2.1666666666666665,-6.0,0.2915996542157533,0.633,7.668333333333333,4.754916359902837,2.3333333333333335,1.1666666666666667,0.95,36.0,1.1666666666666667,0.2915996542157533,-0.6521968862090631,2013,0.15872474995269903,0.32090927744647385,LAC vs. JAX,JAX,1294.5228369385295,28.0,LAC,1530.7847278018896,12.0,0,-18,7.5,0,273.0,-310.0,0,0
SFO,7.0,5.0,0.7142857142857143,11.857142857142858,83,11.857142857142858,83,-17.485714285714288,0.37313428347182004,-28.5,-0.08786497856646676,2.1113249845392703,1.6524642024642024,0.4588607820750678,4.152003305570991,25.142857142857142,176.0,28.0,19.285714285714285,135.0,23.0,NFC West,4,5.857142857142857,41,0.5722222222222222,0.5514285714285714,6.930000000000001,4.384497919835456,1.1428571428571428,1.5714285714285714,0.7777777777777777,61.857142857142854,1.5714285714285714,4.0,0.3641929499072356,0.5537142857142857,5.381428571428572,3.9234986577971704,1.2857142857142858,1.0,0.8333333333333333,58.57142857142857,2.142857142857143,0.3641929499072356,0.8479966944290087,2013-10-27,2013,0.37821670816525343,0.27109109117360963,JAX,7.0,0.0,0.0,11.571428571428571,81,11.0,77,-41.785714285714285,-1.1261468718037573,1.7428571428571413,0.6285646721245097,0.9327315541601255,2.9266257551971835,-1.9938942010370582,0.6882682612455149,10.857142857142858,76.0,15.0,31.714285714285715,222.0,35.0,AFC South,-7,-20.857142857142858,-146,0.5694444444444444,0.5582857142857143,4.104285714285714,2.885216764559879,0.42857142857142855,0.42857142857142855,1.0,51.714285714285715,2.0,-7.0,0.2889035997173989,0.6634285714285715,8.198571428571428,4.639928308488146,2.142857142857143,1.2857142857142858,0.96,39.57142857142857,1.0,0.2889035997173989,-0.6882682612455149,2013,0.16697703012578002,0.34491764537366787,SFO vs. JAX,JAX,1274.0993393010672,29.0,SFO,1637.1416427274976,4.0,0,-32,16.0,0,925.0,-1350.0,0,0
JAX,8.0,0.0,0.0,11.25,90,10.5,84,-38.525,-1.036798967373742,3.8999999999999986,0.7755473177740178,0.9550289987789988,3.3107975357975357,-2.355768537018537,0.7205277947864789,10.75,86.0,17.0,33.0,264.0,40.0,AFC South,-8,-22.25,-178,0.5901360544217686,0.569,4.28,2.9745646689898946,0.5,0.375,1.0,54.75,1.875,-7.0,0.2885049354670098,0.661375,8.6225,4.786910954137655,2.0,1.625,0.96,39.0,1.0,0.2885049354670098,-0.7205277947864789,2013-11-10,2013,0.17187642706754147,0.37377810745318574,TEN,8.0,4.0,0.5,11.0,88,11.625,93,-22.5375,0.20931271175987493,-16.875,0.22197046796728637,1.9703074703074703,1.8184027777777778,0.15190469252969246,4.079912046198607,21.625,173.0,28.0,20.875,167.0,27.0,AFC South,1,0.75,6,0.7154761904761904,0.58675,5.83,4.2206763481235114,1.25,0.875,0.8095238095238094,60.625,1.125,6.0,0.39920634920634923,0.6415,6.39625,4.233334104330923,0.875,1.25,0.6428571428571429,51.25,1.875,0.39920634920634923,-0.07991204619860692,2013,0.3150034981625554,0.2511322241298893,JAX vs. TEN,TEN,1517.4717758233987,12.0,JAX,1263.0905094648776,25.0,0,-2,-11.5,0,-520.0,439.0,1,0
TEN,14.0,5.0,0.35714285714285715,11.214285714285714,157,11.357142857142858,159,-19.021428571428572,0.14514873858756333,-18.87142857142857,0.05947056887170099,2.094181215609787,2.286306748806749,-0.19212553319696185,6.486604404657855,23.285714285714285,326.0,55.0,25.357142857142858,355.0,63.0,AFC South,-3,-2.0714285714285716,-29,0.6276985834678143,0.6102857142857143,6.006428571428572,4.1565123749512,1.5,1.0,0.8484848484848485,58.57142857142857,1.6428571428571428,-3.0,0.426602762317048,0.6309285714285714,6.243571428571428,4.070834205235338,0.9285714285714286,1.4285714285714286,0.782051282051282,50.642857142857146,1.4285714285714286,0.426602762317048,-1.4866044046578546,2013-12-22,2013,0.3131195440144759,0.32585081873609845,JAX,14.0,4.0,0.2857142857142857,11.857142857142858,166,11.285714285714286,158,-32.800000000000004,-0.7168398605625511,-3.607142857142857,0.1115732274320934,1.3000218035932323,2.663380666952096,-1.3633588633588634,3.8774241661514424,15.785714285714286,221.0,41.0,28.5,399.0,65.0,AFC South,-1,-12.714285714285714,-178,0.47880794419255956,0.5792142857142857,4.577142857142857,3.2945237758010855,0.9285714285714286,0.5,0.8974358974358974,52.285714285714285,1.7142857142857142,-4.0,0.3120863536802281,0.6449999999999999,7.724285714285714,4.12293686379573,1.9285714285714286,1.2142857142857142,0.8606060606060606,51.07142857142857,1.4285714285714286,0.3120863536802281,0.12257583384855764,2013,0.2491504342460374,0.38560914520802725,TEN vs. JAX,JAX,1263.0905094648776,25.0,TEN,1517.4717758233987,12.0,0,-4,4.0,0,179.0,-199.0,1,0
KAN,2.0,2.0,1.0,12.0,24,12.0,24,-6.850000000000001,0.509377104377104,-34.849999999999994,-1.3116353754940715,1.8496503496503496,0.8714285714285714,0.9782217782217781,1.5339404467437951,22.5,45.0,6.0,9.0,18.0,4.0,AFC West,2,13.5,27,1.0,0.6005,6.425,4.520740740740741,2.0,0.5,0.5,32.5,0.0,4.0,0.3205128205128205,0.5885,3.79,2.6997282608695654,0.5,0.0,1.0,28.5,2.0,0.3205128205128205,0.46605955325620485,2013-09-19,2013,0.3082574441570256,0.12217162943801707,PHI,2.0,1.0,0.5,11.5,23,10.5,21,13.450000000000003,1.3038887803925396,-0.14999999999999858,0.07644998370804768,2.769230769230769,2.877272727272727,-0.10804195804195804,1.0604734872680555,31.5,63.0,11.0,30.0,60.0,10.0,NFC East,-1,1.5,3,0.0,0.611,10.495000000000001,5.315252416756176,2.0,1.5,0.875,71.0,1.0,3.0,0.4606060606060606,0.689,7.665,4.087813620071684,2.5,0.5,0.5,53.5,2.5,0.4606060606060606,-0.06047348726805546,2013,0.46379981826198674,0.22369678874570106,KAN vs. PHI,PHI,1485.9935000197115,9.0,KAN,1600.0,1.0,0,-10,-3.0,0,-166.0,150.0,0,0
NYG,3.0,0.0,0.0,13.333333333333334,40,11.666666666666666,35,-39.7,-1.1673786739576215,-1.0666666666666675,-0.11481191222570564,1.2492063492063492,3.29040404040404,-2.041197691197691,0.6149308689655095,18.0,54.0,10.0,38.333333333333336,115.0,17.0,NFC East,-3,-20.333333333333332,-61,0.5,0.5776666666666667,4.273333333333333,2.843984962406015,1.6666666666666667,0.3333333333333333,0.6666666666666666,37.666666666666664,4.333333333333333,-9.0,0.29545454545454547,0.6629999999999999,7.07,3.896551724137931,2.3333333333333335,1.3333333333333333,1.0,68.0,1.3333333333333333,0.29545454545454547,-0.6149308689655095,2013-09-29,2013,0.19875576091954086,0.22424928788177467,KAN,3.0,3.0,1.0,12.333333333333334,37,12.666666666666666,38,-9.9,0.2831652785161555,-41.666666666666664,1.0477144634753335,1.8997668997668997,0.9619047619047619,0.9378621378621378,2.29357071216605,23.666666666666668,71.0,11.0,11.333333333333334,34.0,7.0,AFC West,3,12.333333333333334,37,0.75,0.61,6.646666666666666,4.294528914879792,1.3333333333333333,0.6666666666666666,0.65,43.333333333333336,0.0,9.0,0.31893837156995053,0.5366666666666666,3.6033333333333335,5.05907809983897,0.6666666666666666,0.3333333333333333,0.75,34.0,3.0,0.31893837156995053,0.70642928783395,2013,0.36730380329886,0.16618425451611973,NYG vs. KAN,KAN,1634.157706389236,1.0,NYG,1361.991893872262,27.0,1,24,-3.5,1,-177.0,159.0,0,0
KAN,4.0,4.0,1.0,12.25,49,13.0,52,-11.375,0.12024733551049316,-40.525,0.9496116051822577,2.070658508158508,0.8464285714285714,1.2242299367299367,3.265009886818876,25.5,102.0,15.0,10.25,41.0,8.0,AFC West,4,15.25,61,0.5,0.60375,6.5575,4.13161097187413,1.75,0.5,0.7666666666666666,48.0,0.75,9.0,0.3798287786774629,0.524,3.8850000000000002,4.960975241545895,0.75,0.25,0.5,41.75,3.0,0.3798287786774629,0.7349901131811238,2013-10-06,2013,0.3623716923352901,0.1436534658915817,TEN,4.0,3.0,0.75,10.75,43,12.25,49,-3.875,-0.34863231873799216,-16.974999999999998,-0.02540780475563109,2.253205128205128,1.36875,0.8844551282051282,2.689295099940651,24.5,98.0,16.0,17.25,69.0,11.0,AFC South,2,7.25,29,0.7222222222222222,0.59875,7.442500000000001,3.6627313176256444,1.75,0.5,0.7916666666666666,69.0,0.0,9.0,0.408531746031746,0.67175,5.6225,3.9859558316080053,1.5,0.5,0.5,49.5,2.25,0.408531746031746,0.31070490005934914,2013,0.40099580465668366,0.1858048668400655,KAN vs. TEN,TEN,1601.724684232794,6.0,KAN,1651.4262640343036,1.0,0,-9,2.5,0,119.0,-131.0,0,0
LVR,5.0,2.0,0.4,10.4,52,10.4,52,-5.579999999999998,0.47373949579831887,4.399999999999997,-0.5979555970345446,1.9458391608391608,2.1725641025641025,-0.2267249417249418,2.406621807869912,19.6,98.0,16.0,21.6,108.0,18.0,AFC West,1,-2.0,-10,0.375,0.6792,7.102000000000001,4.485103132161956,1.2,0.6,0.575,53.6,1.2,2.0,0.37365869424692955,0.7232,7.958,3.4134080393290924,1.8,0.6,0.875,40.0,1.6,0.37365869424692955,-0.4066218078699122,2013-10-13,2013,0.2826694272080054,0.24877233637823684,KAN,5.0,5.0,1.0,12.4,62,13.2,66,-17.3,0.2170020642125902,-41.14,0.9119620114185334,2.0565268065268065,0.9199999999999999,1.1365268065268066,3.997437262856475,25.6,128.0,20.0,11.6,58.0,11.0,AFC West,5,14.0,70,0.5625,0.5856,6.21,4.2283657005762265,1.4,0.6,0.825,50.6,1.0,10.0,0.320529689608637,0.5216,3.908,4.923325647782169,0.8,0.4,0.5,40.4,3.0,0.320529689608637,1.002562737143525,2013,0.3872621120737758,0.16675209123811752,LVR vs. KAN,KAN,1694.3220262676184,1.0,LVR,1465.4997075223955,18.0,1,17,-7.5,1,-360.0,314.0,1,0
LAC,10.0,4.0,0.4,9.7,97,9.5,95,1.9299999999999997,-0.03270504276658812,-1.4210854715202005e-15,0.8219632995914082,2.393740981240981,2.2855050505050505,0.10823593073593063,5.221735292305337,22.8,228.0,43.0,22.2,222.0,38.0,AFC West,-3,0.6,6,0.5357583774250441,0.7089000000000001,8.186,3.9786585935970487,1.9,0.4,0.8518518518518519,51.2,1.3,-6.0,0.4498106060606061,0.6794,8.147,4.833326935955045,1.5,0.7,0.6944444444444444,56.5,0.7,0.4498106060606061,-1.221735292305337,2013-11-24,2013,0.3891395695163613,0.31113058830778656,KAN,10.0,9.0,0.9,11.6,116,12.4,124,-21.2,0.3656893205378366,-31.49,0.48970812654165047,2.0045765345765347,1.1542657342657343,0.8503108003108004,7.198845130139186,23.2,232.0,37.0,13.8,138.0,27.0,AFC West,-1,9.4,94,0.5195326278659612,0.5845,5.574,4.377052956901474,1.1,0.7,0.8944444444444445,41.9,0.9,15.0,0.341980672835936,0.541,5.193,4.501071762905287,1.0,0.4,0.6296296296296297,51.0,2.4,0.341980672835936,1.801154869860814,2013,0.37641614671107776,0.2351864366824532,LAC vs. KAN,KAN,1701.460687858429,2.0,LAC,1401.6556237065492,17.0,0,-3,-3.5,0,-173.0,156.0,1,0
KAN,12.0,9.0,0.75,11.5,138,12.166666666666666,146,-18.166666666666668,0.6939582721653688,-22.491666666666664,0.41535586338917624,2.1677026677026676,1.5382770007770008,0.6294256669256669,8.024729859039724,24.833333333333332,298.0,46.0,17.833333333333332,214.0,39.0,AFC West,-3,7.0,84,0.5358159517250427,0.5956666666666667,5.865833333333334,4.7053219085290054,1.3333333333333333,0.8333333333333334,0.905,48.583333333333336,1.0,14.0,0.3448129538590065,0.5609166666666666,6.265833333333333,4.426719499752813,1.5,0.5,0.6666666666666667,56.833333333333336,2.1666666666666665,0.3448129538590065,0.9752701409602764,2013-12-08,2013,0.36042417058222986,0.2665727942337048,WAS,12.0,3.0,0.25,11.416666666666666,137,11.0,132,-20.400000000000002,0.9521676220736405,-0.6333333333333329,-0.04146408017128252,1.9934926184926185,2.8074203574203573,-0.813927738927739,4.148993987083545,22.416666666666668,269.0,41.0,30.166666666666668,362.0,55.0,NFC East,-4,-7.75,-93,0.4470188902007084,0.6102500000000001,5.863333333333333,4.9635312584372775,1.25,1.0833333333333333,0.7083333333333333,52.916666666666664,1.6666666666666667,-2.0,0.41932799635005513,0.6685833333333333,8.0525,3.9698995561923542,1.9166666666666667,1.4166666666666667,0.8888888888888888,44.333333333333336,1.5,0.41932799635005513,-1.1489939870835446,2013,0.27061511346081185,0.34204881989293245,KAN vs. WAS,WAS,1315.5043602143262,27.0,KAN,1573.9641036882394,3.0,0,-35,3.5,0,166.0,-185.0,0,0
KAN,13.0,10.0,0.7692307692307693,11.461538461538462,149,12.307692307692308,160,-17.138461538461538,0.720674400659089,-24.084615384615386,0.3689566258516296,2.315641623333931,1.4748930556622863,0.8407485676716445,8.997202550118985,26.384615384615383,343.0,51.0,17.23076923076923,224.0,41.0,AFC West,1,9.153846153846153,119,0.5119979557479558,0.6,5.913076923076924,4.7320380370227255,1.3846153846153846,0.9230769230769231,0.8681818181818183,47.15384615384615,1.0,15.0,0.33227489447125075,0.5525384615384615,6.09,4.380320262215266,1.4615384615384615,0.46153846153846156,0.696969696969697,54.53846153846154,2.1538461538461537,0.33227489447125075,1.0027974498810153,2013-12-15,2013,0.3686849096251584,0.2563051420409238,LVR,13.0,4.0,0.3076923076923077,11.615384615384615,151,11.307692307692308,147,-25.315384615384616,0.5817195019019116,-5.3307692307692305,-0.2447670717953773,1.8147448705141012,2.3834275766968074,-0.5686827061827061,5.226110053871677,20.307692307692307,264.0,44.0,25.923076923076923,337.0,54.0,AFC West,-3,-5.615384615384615,-73,0.42022306397306397,0.5926923076923077,5.480769230769231,4.593083138265548,1.0,1.0,0.603030303030303,56.84615384615385,1.6153846153846154,-3.0,0.341667357278217,0.6626153846153847,7.520769230769231,3.7665965645682595,1.7692307692307692,0.9230769230769231,0.893939393939394,39.61538461538461,1.3846153846153846,0.341667357278217,-1.2261100538716772,2013,0.2639078744929425,0.30444273003188355,KAN vs. LVR,LVR,1465.4997075223955,18.0,KAN,1694.3220262676184,1.0,0,-25,6.5,0,235.0,-265.0,1,0
KAN,15.0,11.0,0.7333333333333333,11.4,171,12.2,183,-14.073333333333334,0.823069329056059,-24.28666666666667,0.3122460692021312,2.3646671846671845,1.5905483405483405,0.7741188441188441,9.855919072639047,27.066666666666666,406.0,59.0,18.533333333333335,278.0,51.0,AFC West,-1,8.533333333333333,128,0.5067517799660657,0.6113999999999999,6.414666666666666,4.834432965419696,1.5333333333333334,1.0,0.7958333333333334,51.266666666666666,1.1333333333333333,18.0,0.3259345381713803,0.5582666666666667,5.969333333333334,4.323609705565768,1.4666666666666666,0.6,0.7243589743589743,55.333333333333336,2.3333333333333335,0.3259345381713803,1.1440809273609531,2013-12-29,2013,0.3713453312726301,0.28136543799468433,LAC,15.0,8.0,0.5333333333333333,9.666666666666666,145,9.666666666666666,145,4.159999999999999,-0.07450818788255156,-5.96,0.5679259661847466,2.57008658008658,2.1913468013468016,0.37873977873977865,8.40576246458643,24.6,369.0,70.0,21.6,324.0,56.0,AFC West,3,3.0,45,0.5647659879802737,0.6938666666666666,8.398,3.936855448481085,1.9333333333333333,0.6,0.9047619047619048,49.53333333333333,1.3333333333333333,-3.0,0.4758954933954934,0.6617999999999999,7.524666666666667,4.579289602548384,1.4666666666666666,0.8,0.7884615384615384,56.333333333333336,1.1333333333333333,0.4758954933954934,-0.40576246458643084,2013,0.46969959884089646,0.35001255263593556,KAN vs. LAC,LAC,1401.6556237065492,17.0,KAN,1701.460687858429,2.0,1,3,-15.5,0,-850.0,671.0,1,0
LAC,1.0,0.0,0.0,11.0,11,10.0,10,-6.200000000000003,-0.011363636363636687,8.5,0.2743506493506489,2.5454545454545454,3.1,-0.5545454545454547,0.43998449442744264,28.0,28.0,4.0,31.0,31.0,4.0,AFC West,-1,-3.0,-3,0.5,0.483,7.52,4.0,4.0,0.0,,55.0,1.0,0.0,0.5,0.7559999999999999,7.64,4.285714285714286,3.0,0.0,0.5,73.0,1.0,0.5,-0.43998449442744264,2013-09-15,2013,0.20364200202638447,-0.1759937977709771,PHI,1.0,1.0,1.0,13.0,13,11.0,11,8.700000000000003,1.3559833024118735,-24.099999999999994,0.09974747474747403,2.5384615384615383,2.4545454545454546,0.08391608391608374,0.6167058713669417,33.0,33.0,5.0,27.0,27.0,3.0,NFC East,1,6.0,6,0.5,0.6,8.8,5.36734693877551,2.0,2.0,1.0,65.0,2.0,1.0,0.4666666666666667,0.612,5.27,4.111111111111111,2.0,1.0,0.0,75.0,3.0,0.4666666666666667,0.38329412863305834,2013,0.532036203320407,0.10453476235447044,LAC vs. PHI,PHI,1550.0,1.0,LAC,1450.0,17.0,0,-3,-7.5,0,-325.0,285.0,0,0
LAC,2.0,1.0,0.5,10.5,21,10.0,20,8.799999999999997,0.020894428152492317,13.350000000000001,0.7630724538619273,2.922727272727273,3.05,-0.12727272727272743,0.996216878526329,30.5,61.0,11.0,30.5,61.0,10.0,AFC West,1,0.0,0,1.0,0.6244999999999999,8.79,4.032258064516129,3.5,0.0,1.0,43.5,1.5,-2.0,0.5833333333333333,0.689,9.915,4.774436090225564,2.5,0.5,0.625,75.0,0.5,0.5833333333333333,0.0037831214736709917,2013-09-22,2013,0.5248003413383424,0.25094578036841775,TEN,2.0,1.0,0.5,11.0,22,13.0,26,-19.15,-0.8750000000000004,-25.9,0.09339826839826837,1.811965811965812,1.3875,0.42446581196581196,1.1671313778876433,20.0,40.0,7.0,19.5,39.0,5.0,AFC South,-1,0.5,1,1.0,0.5585,5.74,3.1363636363636362,1.0,0.5,0.75,65.0,0.0,4.0,0.325,0.589,4.695,4.104761904761905,2.0,0.5,0.0,43.5,2.0,0.325,-0.16713137788764332,2013,0.29159273533605673,0.08008352135695737,LAC vs. TEN,TEN,1500.0,9.0,LAC,1514.0064999802885,9.0,1,3,-3.0,0,-147.0,133.0,0,0
LAC,4.0,2.0,0.5,10.5,42,9.5,38,12.024999999999999,-0.013753122624090786,6.975000000000001,1.2788716501284556,2.5681818181818183,2.6638888888888888,-0.09570707070707091,2.1006818797631324,27.0,108.0,20.0,25.5,102.0,16.0,AFC West,1,1.5,6,0.7222222222222222,0.72875,8.8625,3.997610513739546,2.75,0.25,0.8333333333333334,54.25,1.25,-3.0,0.47916666666666663,0.6825,8.8025,5.290235286492092,2.0,0.5,0.47916666666666663,74.75,0.5,0.47916666666666663,-0.10068187976313236,2013-10-06,2013,0.4642045381234366,0.305191381077565,LVR,4.0,1.0,0.25,10.5,42,10.0,40,-14.724999999999998,0.6664438502673794,9.349999999999998,-0.2182877977285873,1.757298951048951,2.3615384615384616,-0.6042395104895106,1.6570335101387041,17.75,71.0,12.0,22.75,91.0,15.0,AFC West,-2,-5.0,-20,0.3333333333333333,0.65325,6.3225,4.677807486631016,1.0,0.75,0.43333333333333335,45.75,1.5,-3.0,0.38374003447532856,0.7217499999999999,8.405000000000001,3.7930758386350494,1.75,0.75,1.0,42.5,0.75,0.38374003447532856,-0.6570335101387041,2013,0.23878332070437827,0.2196531084244965,LAC vs. LVR,LVR,1398.122291956688,21.0,LAC,1524.1206858092385,11.0,1,10,6.0,1,205.0,-230.0,1,0
LAC,7.0,4.0,0.5714285714285714,9.857142857142858,69,9.285714285714286,65,7.542857142857143,-0.32448479778700534,-0.07142857142857142,0.8195511251852657,2.4989950525664812,2.157936507936508,0.34105854462997304,4.169591534026774,24.0,168.0,32.0,20.571428571428573,144.0,25.0,AFC West,2,3.4285714285714284,24,0.5361111111111111,0.7367142857142858,8.64,3.6868788385766313,2.142857142857143,0.42857142857142855,0.8333333333333334,47.57142857142857,1.4285714285714286,-6.0,0.4805194805194805,0.6788571428571428,8.107142857142858,4.830914761548903,1.4285714285714286,0.2857142857142857,0.7023809523809523,65.28571428571429,0.5714285714285714,0.4805194805194805,-0.1695915340267744,2013-11-03,2013,0.4525322379112696,0.3203521135150124,WAS,7.0,2.0,0.2857142857142857,11.714285714285714,82,11.714285714285714,82,-24.085714285714285,1.008210278473616,-3.885714285714286,0.26508708033125555,2.1176323676323676,2.8505994005994006,-0.7329670329670329,2.542507427288893,24.714285714285715,173.0,24.0,32.714285714285715,229.0,33.0,NFC East,-1,-8.0,-56,0.4595238095238095,0.5862857142857143,5.762857142857143,5.0195739148372525,1.2857142857142858,1.1428571428571428,0.625,54.714285714285715,2.142857142857143,-2.0,0.3876855287569573,0.65,7.630000000000001,4.2764507166948915,2.142857142857143,1.4285714285714286,0.8095238095238095,52.57142857142857,1.8571428571428572,0.3876855287569573,-0.5425074272888928,2013,0.26999968945133546,0.31375828379698,LAC vs. WAS,WAS,1424.7943555209622,20.0,LAC,1551.208225439352,9.0,1,6,-1.0,1,-123.0,111.0,0,0
LAC,9.0,4.0,0.4444444444444444,9.777777777777779,88,9.555555555555555,86,3.4777777777777774,-0.24875152381990753,2.166666666666665,0.7508124913057116,2.462181337181337,2.292536475869809,0.1696448613115279,4.850950195651705,23.555555555555557,212.0,39.0,22.444444444444443,202.0,34.0,AFC West,-2,1.1111111111111112,10,0.547172619047619,0.7157777777777778,8.258888888888889,3.762612112543729,2.0,0.4444444444444444,0.8333333333333334,48.44444444444444,1.3333333333333333,-6.0,0.4593855218855219,0.685,8.373333333333333,4.762176127669348,1.5555555555555556,0.6666666666666666,0.65625,61.111111111111114,0.6666666666666666,0.4593855218855219,-0.8509501956517047,2013-11-17,2013,0.401278967638363,0.31404094747783207,MIA,9.0,4.0,0.4444444444444444,11.88888888888889,107,11.333333333333334,102,-21.27777777777778,-0.24787629438741243,-25.022222222222222,-0.08860763860763893,1.834965034965035,2.071548821548822,-0.23658378658378665,4.30249794414747,21.444444444444443,193.0,34.0,23.22222222222222,209.0,40.0,AFC East,-1,-1.7777777777777777,-16,0.5997023809523809,0.6158888888888889,5.413333333333333,3.7634873419762247,1.4444444444444444,0.6666666666666666,0.75,40.888888888888886,1.7777777777777777,0.0,0.36463495654672123,0.6016666666666667,5.4688888888888885,3.9227559977559974,1.1111111111111112,1.1111111111111112,0.8796296296296295,51.0,1.7777777777777777,0.36463495654672123,-0.3024979441474702,2013,0.3070769157829553,0.3354031396885634,LAC vs. MIA,MIA,1425.9990629003846,14.0,LAC,1455.9561418303526,14.0,1,4,2.5,1,126.0,-139.0,0,0
NYG,12.0,5.0,0.4166666666666667,12.166666666666666,146,11.583333333333334,139,-28.46666666666667,-0.44075182604735524,-19.941666666666666,-0.30782668241335803,1.6712662337662338,2.177985209235209,-0.5067189754689755,5.590712900131317,19.75,237.0,42.0,24.75,297.0,45.0,NFC East,1,-5.0,-60,0.4710776597140233,0.5856666666666667,5.155833333333333,3.5706118103162816,1.25,0.75,0.8,52.166666666666664,2.5833333333333335,-11.0,0.3447743776691145,0.6102500000000001,5.732499999999999,3.7035369539502785,1.4166666666666667,0.6666666666666666,0.9090909090909091,61.166666666666664,1.6666666666666667,0.3447743776691145,-0.5907129001313169,2013-12-08,2013,0.2735103071886328,0.2808260908237954,LAC,12.0,5.0,0.4166666666666667,9.833333333333334,118,9.666666666666666,116,2.0916666666666663,-0.058854931822886335,-0.9250000000000019,0.9038357108503629,2.372098965848966,2.3258838383838385,0.04621512746512738,5.988024879453578,23.25,279.0,52.0,23.083333333333332,277.0,47.0,AFC West,-1,0.16666666666666666,2,0.5780171848353667,0.70025,8.2675,3.9525087045407505,1.9166666666666667,0.5,0.8787878787878788,54.5,1.3333333333333333,-5.0,0.45219259906759907,0.6739166666666666,8.035833333333334,4.915199347213999,1.5833333333333333,0.8333333333333334,0.75,54.75,0.9166666666666666,0.45219259906759907,-0.9880248794535778,2013,0.4043945665737387,0.33804801053569095,NYG vs. LAC,LAC,1447.9836146829844,17.0,NYG,1496.227374404511,17.0,1,23,-4.5,1,-220.0,197.0,0,0
LVR,14.0,4.0,0.2857142857142857,11.714285714285714,164,11.357142857142858,159,-26.864285714285717,0.5350274162682251,-0.8642857142857149,-0.2816668264073958,1.8554499072356216,2.546516083123226,-0.6910661758876044,5.42368288208328,21.071428571428573,295.0,49.0,28.071428571428573,393.0,61.0,AFC West,-4,-7.0,-98,0.447069810531349,0.5852142857142857,5.343571428571429,4.546391052631862,1.0714285714285714,1.0714285714285714,0.6361111111111111,59.214285714285715,2.0,-9.0,0.3529768317583444,0.6724285714285714,8.143571428571429,3.729696809956241,2.0,1.0,0.893939393939394,43.285714285714285,1.3571428571428572,0.3529768317583444,-1.4236828820832796,2013-12-22,2013,0.26839701166285684,0.31723061284497756,LAC,14.0,7.0,0.5,9.642857142857142,135,9.571428571428571,134,5.742857142857142,-0.07901851299104548,-3.5714285714285725,0.6471189209886227,2.5679499072356213,2.2634559884559886,0.304493918779633,7.567852483831035,24.5,343.0,64.0,22.214285714285715,311.0,53.0,AFC West,2,2.2857142857142856,32,0.5862315035391958,0.6966428571428571,8.576428571428572,3.9323451233725915,2.0,0.5714285714285714,0.8974358974358974,51.357142857142854,1.2142857142857142,-2.0,0.47092698967698965,0.6693571428571429,7.742857142857143,4.658482557352259,1.5714285714285714,0.7857142857142857,0.7708333333333334,55.142857142857146,1.0714285714285714,0.47092698967698965,-0.567852483831035,2013,0.45484520689672686,0.3512280481646882,LVR vs. LAC,LAC,1524.1206858092385,11.0,LVR,1398.122291956688,21.0,1,13,-10.0,1,-521.0,439.0,1,0
SFO,3.0,1.0,0.3333333333333333,11.0,33,11.333333333333334,34,-35.36666666666667,0.20432263814616736,-19.66666666666666,-0.1529089891071981,1.2686868686868686,2.4833333333333334,-1.2146464646464645,0.6568421960656415,14.666666666666666,44.0,8.0,28.0,84.0,14.0,NFC West,-2,-13.333333333333334,-40,0.75,0.5456666666666666,4.793333333333334,4.215686274509804,1.0,0.6666666666666666,0.8333333333333333,84.66666666666667,2.3333333333333335,-4.0,0.3333333333333333,0.5476666666666666,6.616666666666666,3.8584546472564387,1.3333333333333333,2.0,0.8333333333333333,46.0,1.0,0.3333333333333333,0.34315780393435846,2013-09-26,2013,0.27015416597449365,0.32160989465765705,LAR,3.0,1.0,0.3333333333333333,10.666666666666666,32,10.333333333333334,31,-12.166666666666666,-0.8308080808080812,15.4,-0.26664267105443606,1.7787878787878786,2.772727272727273,-0.993939393939394,0.950741445433448,19.333333333333332,58.0,11.0,28.666666666666668,86.0,12.0,NFC West,-2,-9.333333333333334,-28,0.25,0.6283333333333334,6.28,3.1805555555555554,2.0,0.0,1.0,51.0,1.3333333333333333,-1.0,0.28410804881393115,0.7083333333333334,9.223333333333334,3.7447209653092006,2.3333333333333335,0.6666666666666666,0.6666666666666666,64.33333333333333,1.0,0.28410804881393115,0.04925855456655204,2013,0.34939420937741744,0.2644204586537487,SFO vs. LAR,LAR,1438.008106127738,16.0,SFO,1450.0,16.0,0,-24,3.0,0,161.0,-179.0,1,0
SEA,7.0,6.0,0.8571428571428571,11.285714285714286,79,11.0,77,-7.985714285714286,0.5398012839267529,-36.22857142857143,-0.40658946144167846,2.357753357753358,1.508824112395541,0.8489292453578169,5.128285513649574,27.285714285714285,191.0,35.0,16.571428571428573,116.0,21.0,NFC West,2,10.714285714285714,75,0.5861111111111111,0.6102857142857143,7.644285714285714,4.55116492029039,1.7142857142857142,1.0,0.9714285714285714,69.85714285714286,1.7142857142857142,7.0,0.3604199372056515,0.5817142857142857,3.9642857142857144,3.604774174921958,0.8571428571428571,0.5714285714285714,1.0,57.0,2.7142857142857144,0.3604199372056515,0.8717144863504256,2013-10-28,2013,0.4982097776171155,0.2677291358318347,LAR,7.0,3.0,0.42857142857142855,11.142857142857142,78,11.285714285714286,79,-7.900000000000003,-0.9511840206577052,4.471428571428571,0.03626113824256194,2.225943104514533,2.426321892393321,-0.20037878787878785,2.878960499347279,22.285714285714285,156.0,25.0,26.285714285714285,184.0,29.0,NFC West,-1,-4.0,-28,0.2722222222222222,0.619,6.865714285714286,3.0601796157059313,2.0,0.0,1.0,61.42857142857143,1.2857142857142858,3.0,0.312301586074253,0.6957142857142857,8.452857142857143,4.047624774606199,1.7142857142857142,1.0,0.7142857142857143,68.14285714285714,1.7142857142857142,0.312301586074253,0.12103950065272118,2013,0.3260549221910587,0.3209948381897449,SEA vs. LAR,LAR,1432.4100010193454,16.0,SEA,1674.5627525540851,2.0,0,-5,13.0,1,534.0,-650.0,1,0
TEN,7.0,3.0,0.42857142857142855,11.0,77,11.571428571428571,81,-17.857142857142858,0.004103210471396945,-16.914285714285715,0.11244676858598966,1.8881436024293166,1.8281746031746031,0.059968999254713475,3.4157702734353865,20.714285714285715,145.0,24.0,20.857142857142858,146.0,24.0,AFC South,-3,-0.14285714285714285,-1,0.7722222222222221,0.5861428571428571,6.175714285714286,4.015466846835034,1.4285714285714286,0.42857142857142855,0.8095238095238094,65.0,1.0,6.0,0.37290249433106576,0.6515714285714286,6.3999999999999995,4.1238104049496265,0.8571428571428571,1.1428571428571428,0.75,52.285714285714285,1.8571428571428572,0.37290249433106576,-0.41577027343538653,2013-11-03,2013,0.2931753496058455,0.2363695122355392,LAR,8.0,3.0,0.375,11.125,89,11.25,90,-15.137500000000003,-0.658030796945271,4.725,-0.10302529191654625,2.0499729437229437,2.282122564935065,-0.23214962121212118,3.1387344800853256,20.625,165.0,28.0,24.75,198.0,31.0,NFC West,-2,-4.125,-33,0.3557823129251701,0.602125,6.205,3.353332839418366,1.75,0.0,0.9642857142857143,60.375,1.375,1.0,0.31790674495782856,0.67825,8.30625,3.9083383444470905,1.75,0.875,0.7142857142857143,70.0,1.5,0.31790674495782856,-0.13873448008532563,2013,0.30915089123259953,0.29541559877410406,TEN vs. LAR,LAR,1412.5321030975476,16.0,TEN,1476.586969112511,16.0,0,-7,3.0,0,144.0,-160.0,0,0
LAR,11.0,5.0,0.45454545454545453,10.909090909090908,120,11.363636363636363,125,-10.363636363636365,0.034727111206239704,-5.327272727272727,-0.2580466386039145,2.441302636757182,2.133987603305785,0.3073150334513971,5.288205626295047,24.181818181818183,266.0,41.0,23.181818181818183,255.0,39.0,NFC West,2,1.0,11,0.4269047619047619,0.5823636363636363,7.331818181818182,4.046090747569877,1.6363636363636365,0.5454545454545454,0.875,55.63636363636363,1.2727272727272727,8.0,0.3449578191767891,0.6708181818181818,7.404545454545455,3.7533169977597223,1.5454545454545454,1.0909090909090908,0.7142857142857143,63.09090909090909,2.0,0.3449578191767891,-0.2882056262950474,2013-12-01,2013,0.332714825243866,0.2754618040541768,SFO,11.0,7.0,0.6363636363636364,11.363636363636363,125,11.636363636363637,128,-14.681818181818182,0.24928394521644445,-29.94545454545454,-0.1054331798678513,2.331862455726092,1.4480327753055027,0.8838296804205896,6.948052678916722,24.90909090909091,274.0,45.0,16.727272727272727,184.0,34.0,NFC West,1,8.181818181818182,90,0.5136111111111111,0.5618181818181818,6.881818181818182,4.2606475815800815,1.2727272727272727,1.3636363636363635,0.8518518518518517,51.18181818181818,1.4545454545454546,6.0,0.36868888687070506,0.5757272727272728,4.877272727272727,3.9059304564957853,1.0,0.8181818181818182,0.8518518518518517,53.54545454545455,2.0,0.36868888687070506,0.051947321083278375,2013,0.3617000941445436,0.24273168246934052,LAR vs. SFO,SFO,1450.0,16.0,LAR,1438.008106127738,16.0,1,10,-7.5,1,-325.0,285.0,1,0
NOR,13.0,10.0,0.7692307692307693,10.538461538461538,137,10.538461538461538,137,5.492307692307694,-0.3111679116858105,-20.77692307692308,0.8440693510659182,2.5346856135317677,1.7903547307393461,0.7443308827924213,8.502294690017003,26.384615384615383,343.0,61.0,18.692307692307693,243.0,44.0,NFC South,1,7.6923076923076925,100,0.5883237133237134,0.684923076923077,8.32,3.700195724677826,2.5384615384615383,0.5384615384615384,0.7430555555555555,46.61538461538461,1.0769230769230769,3.0,0.4608141858141858,0.5881538461538461,5.823846153846153,4.855432987429555,1.1538461538461537,0.6923076923076923,0.8194444444444445,47.38461538461539,1.3076923076923077,0.4608141858141858,1.4977053099829973,2013-12-15,2013,0.496552512020754,0.3334638032786367,LAR,13.0,5.0,0.38461538461538464,10.846153846153847,141,11.153846153846153,145,-15.83846153846154,0.1543880176841224,-2.9923076923076914,-0.36544797159258974,2.2335497835497837,2.2133741258741257,0.020175657675657713,5.56261793615352,22.23076923076923,289.0,46.0,23.692307692307693,308.0,47.0,NFC West,-2,-1.4615384615384615,-19,0.4573953823953824,0.5768461538461538,6.744615384615385,4.165751654047759,1.4615384615384615,0.5384615384615384,0.8958333333333334,62.07692307692308,1.3076923076923077,7.0,0.3365350454895584,0.6847692307692307,7.6984615384615385,3.6459156647710467,1.4615384615384615,1.1538461538461537,0.6666666666666666,62.30769230769231,1.8461538461538463,0.3365350454895584,-0.5626179361535204,2013,0.31212197214235576,0.2851761045097,NOR vs. LAR,LAR,1437.5781894798629,20.0,NOR,1706.776558765965,3.0,1,11,6.5,1,256.0,-290.0,0,0
TAM,14.0,4.0,0.2857142857142857,11.285714285714286,158,11.142857142857142,156,-20.907142857142855,-0.2663260645130647,-14.021428571428572,-0.11220488717953254,1.6335997335997336,2.1808481201338346,-0.5472483865341008,5.372427817230431,18.428571428571427,258.0,45.0,23.142857142857142,324.0,60.0,NFC South,-1,-4.714285714285714,-66,0.5679591775745622,0.5710714285714286,5.612142857142857,3.7450375718505717,1.4285714285714286,0.35714285714285715,0.782051282051282,73.71428571428571,1.2857142857142858,11.0,0.3067086158472713,0.6387857142857143,6.091428571428572,3.899158749184104,1.8571428571428572,0.42857142857142855,0.9807692307692307,59.5,2.0714285714285716,0.3067086158472713,-1.372427817230431,2013-12-22,2013,0.2568900308429614,0.3194387962299332,LAR,14.0,6.0,0.42857142857142855,10.714285714285714,150,11.071428571428571,155,-12.8,0.1593553365126438,-4.292857142857143,-0.4080133762190931,2.288296227581942,2.1695616883116884,0.11873453927025358,6.338199025811554,22.571428571428573,316.0,51.0,23.142857142857142,324.0,50.0,NFC West,1,-0.5714285714285714,-8,0.4813827198442583,0.5856428571428571,6.97,4.170718972876281,1.5,0.5714285714285714,0.9038461538461539,59.785714285714285,1.2142857142857142,10.0,0.34821111366887575,0.6855714285714286,7.532857142857144,3.603350260144544,1.4285714285714286,1.1428571428571428,0.6333333333333333,63.357142857142854,1.9285714285714286,0.34821111366887575,-0.33819902581155414,2013,0.3317865950874337,0.29174656622554024,TAM vs. LAR,LAR,1520.0642235676028,19.0,TAM,1457.277924312653,25.0,1,10,-3.5,1,-172.0,155.0,0,0
LAR,15.0,7.0,0.4666666666666667,10.666666666666666,160,11.0,165,-12.113333333333335,0.10182022550037892,-5.926666666666666,-0.47722223414177284,2.289076479076479,2.1115909090909093,0.17748556998557,7.132686676225287,22.6,339.0,56.0,22.466666666666665,337.0,53.0,NFC West,2,0.13333333333333333,2,0.4674064031206888,0.5999333333333333,6.998666666666667,4.113183861864015,1.4,0.6666666666666666,0.9107142857142857,61.46666666666667,1.2666666666666666,10.0,0.35356846799571257,0.6808666666666666,7.315333333333333,3.534141402221864,1.3333333333333333,1.1333333333333333,0.6666666666666666,60.86666666666667,1.9333333333333333,0.35356846799571257,-0.13268667622528696,2013-12-29,2013,0.3469039775547433,0.2969566085495191,SEA,15.0,12.0,0.8,11.066666666666666,166,10.933333333333334,164,-2.786666666666665,0.31972175672141356,-35.45333333333333,-0.23939942764862787,2.3888156288156286,1.3736206386206387,1.0151949901949902,10.860004553293752,26.0,390.0,70.0,14.8,222.0,44.0,NFC West,-1,11.2,168,0.4949843806986664,0.6258,7.9126666666666665,4.33108539308505,1.7333333333333334,0.8666666666666667,0.9500000000000001,74.53333333333333,1.2666666666666666,18.0,0.3757561882561883,0.5820000000000001,3.5460000000000003,3.771964208715009,1.0,0.26666666666666666,0.9791666666666666,52.8,2.466666666666667,0.3757561882561883,1.1399954467062479,2013,0.4537348117547942,0.27079666652645323,LAR vs. SEA,SEA,1674.5627525540851,2.0,LAR,1432.4100010193454,16.0,1,18,-13.0,1,-600.0,498.0,1,0
WAS,3.0,0.0,0.0,10.666666666666666,32,11.666666666666666,35,-16.166666666666668,1.294835611012081,15.333333333333329,0.621351043711292,2.090909090909091,2.8628205128205124,-0.7719114219114219,0.8919030974724164,22.333333333333332,67.0,9.0,32.666666666666664,98.0,16.0,NFC East,-3,-10.333333333333334,-31,0.25,0.634,6.2,5.306199247375718,1.6666666666666667,0.6666666666666666,0.3333333333333333,66.0,2.0,-2.0,0.31142191142191145,0.6683333333333333,10.026666666666667,4.632714680074929,2.6666666666666665,1.3333333333333333,1.0,58.666666666666664,1.3333333333333333,0.31142191142191145,-0.8919030974724164,2013-09-29,2013,0.19763408461196097,0.16885286133753655,LVR,3.0,1.0,0.3333333333333333,9.666666666666666,29,9.0,27,-12.766666666666666,0.8923796791443848,15.666666666666663,-0.22476251818357085,1.9840909090909091,2.533333333333333,-0.5492424242424243,1.4390440844061703,19.0,57.0,11.0,22.333333333333332,67.0,12.0,AFC West,-1,-3.3333333333333335,-10,0.5,0.6523333333333333,6.669999999999999,4.903743315508021,1.0,1.0,0.65,52.666666666666664,1.0,-1.0,0.41361416361416364,0.7686666666666667,8.656666666666666,3.786601118180066,2.0,0.6666666666666666,1.0,47.0,0.6666666666666666,0.41361416361416364,-0.43904408440617027,2013,0.3237990238107141,0.23125272823612292,WAS vs. LVR,LVR,1462.1287919369763,16.0,WAS,1362.1287919369763,27.0,0,-10,3.5,0,166.0,-185.0,0,0
PIT,6.0,2.0,0.3333333333333333,10.5,63,10.166666666666666,61,-10.299999999999997,-0.6842605670191881,-15.066666666666665,-0.12349105143222812,1.7457375957375956,2.1671476671476673,-0.4214100714100713,2.4840063927630656,17.833333333333332,107.0,23.0,22.0,132.0,25.0,AFC North,2,-4.166666666666667,-25,0.42000000000000004,0.6716666666666667,6.733333333333333,3.327103069344448,1.1666666666666667,0.3333333333333333,1.0,47.333333333333336,2.0,-10.0,0.38701437451437454,0.613,6.52,3.8878725849314084,0.8333333333333334,1.0,0.9444444444444443,64.16666666666667,0.3333333333333333,0.38701437451437454,-0.48400639276306556,2013-10-27,2013,0.33562924065198274,0.30846950869104744,LVR,6.0,2.0,0.3333333333333333,10.833333333333334,65,10.666666666666666,64,-14.983333333333333,0.4464604023427548,-4.033333333333336,-0.4816717517375415,1.7112762237762238,2.1438034188034187,-0.4325271950271951,2.4577867441305785,17.5,105.0,17.0,22.0,132.0,21.0,AFC West,-1,-4.5,-27,0.5,0.6541666666666667,6.105,4.457824038706391,1.1666666666666667,0.5,0.45999999999999996,56.0,1.5,0.0,0.3558266896502191,0.6779999999999999,7.196666666666666,3.529691884626095,1.5,0.8333333333333334,0.9,36.666666666666664,1.5,0.3558266896502191,-0.4577867441305785,2013,0.24158365474302607,0.248402287430359,PIT vs. LVR,LVR,1444.3713749045155,22.0,PIT,1465.2010116343054,23.0,1,3,2.5,1,126.0,-139.0,0,0
PHI,8.0,3.0,0.375,12.125,97,11.625,93,-14.9875,0.9005402914196639,-11.1625,-0.31521853203666883,1.8651973026973028,2.5046266233766232,-0.6394293206793206,3.072762980771015,22.0,176.0,32.0,26.375,211.0,36.0,NFC East,-2,-4.375,-35,0.37755102040816324,0.572875,7.11,4.9119039277833005,1.375,0.875,0.7738095238095237,56.125,1.75,-1.0,0.3958898192450824,0.64025,6.845,3.696145104326968,1.75,0.625,0.8285714285714285,71.5,1.625,0.3958898192450824,-0.07276298077101506,2013-11-03,2013,0.3268963719269684,0.3351888880272089,LVR,7.0,3.0,0.42857142857142855,11.285714285714286,79,11.142857142857142,78,-23.657142857142855,0.5502299005726689,-8.171428571428574,-0.7227555548044273,1.681093906093906,2.0212192569335428,-0.34012535083963663,3.0481185255701098,18.0,126.0,20.0,21.428571428571427,150.0,24.0,AFC West,1,-3.4285714285714284,-24,0.47222222222222227,0.6358571428571428,5.172857142857143,4.561593536936305,1.0,0.8571428571428571,0.45999999999999996,53.57142857142857,1.7142857142857142,-1.0,0.3560147135777388,0.6731428571428572,6.711428571428572,3.2886080815592096,1.4285714285714286,0.8571428571428571,0.8055555555555555,33.142857142857146,1.5714285714285714,0.3560147135777388,-0.04811852557010976,2013,0.2514242847895078,0.261621163711204,PHI vs. LVR,LVR,1497.3654142904447,14.0,PHI,1384.0084591634632,16.0,0,-29,1.0,0,102.0,-113.0,0,0
LVR,8.0,3.0,0.375,11.625,93,11.375,91,-26.15,0.775485253910176,0.1374999999999993,-0.5138315649993285,1.6495285964035964,2.239720695970696,-0.5901920995670996,3.1549303526109838,18.25,146.0,24.0,24.875,199.0,31.0,AFC West,-1,-6.625,-53,0.45833333333333337,0.621125,5.10625,4.786848890273813,0.875,1.0,0.5499999999999999,55.625,1.75,-3.0,0.3531795410471881,0.68575,8.1225,3.4975320713643083,2.125,0.75,0.8055555555555555,35.5,1.375,0.3531795410471881,-0.15493035261098376,2013-11-10,2013,0.2530667628190005,0.29147961410585094,NYG,8.0,2.0,0.25,13.0,104,11.75,94,-35.225,-0.7756451962515333,-15.475000000000001,-0.5640420764059606,1.3580357142857145,2.442167207792208,-1.0841314935064934,3.0194499754234814,17.625,141.0,27.0,27.875,223.0,33.0,NFC East,2,-10.25,-82,0.4969387755102041,0.55625,4.76375,3.2357184401121035,1.25,0.625,0.6666666666666666,63.625,3.125,-12.0,0.34603061412271935,0.604875,6.1025,3.4473215599576763,1.75,0.625,0.8571428571428571,61.375,1.625,0.34603061412271935,-1.0194499754234814,2013,0.2265322724321707,0.26244434948274614,LVR vs. NYG,NYG,1409.0181472896377,23.0,LVR,1431.6072631624552,17.0,1,4,-7.5,0,-290.0,256.0,0,0
TEN,10.0,4.0,0.4,11.1,111,11.5,115,-18.2,0.1809181828759133,-20.759999999999998,-0.016571352898898262,2.069103119103119,2.0111324786324785,0.0579706404706404,4.975569771335183,22.7,227.0,38.0,22.6,226.0,37.0,AFC South,-2,0.1,1,0.6305555555555555,0.6099,6.166,4.1922818192395495,1.3,1.0,0.8518518518518517,56.4,1.4,3.0,0.4294660894660895,0.638,6.057,3.9947922834647387,0.7,1.5,0.7222222222222222,48.0,1.7,0.4294660894660895,-0.9755697713351834,2013-11-24,2013,0.3089444582786154,0.25817732040052016,LVR,10.0,4.0,0.4,12.0,120,11.7,117,-26.78,0.7783735403715426,-6.410000000000001,-0.43476655070076153,1.6764410589410588,2.175526556776557,-0.4990854978354979,4.16303959518981,19.4,194.0,31.0,24.6,246.0,38.0,AFC West,1,-5.2,-52,0.4089506172839506,0.5955,5.058,4.789737176735179,1.0,1.0,0.5375,58.7,1.6,0.0,0.3269880772821949,0.6541,7.49,3.5765970856628755,1.9,0.7,0.8541666666666666,33.9,1.6,0.3269880772821949,-0.16303959518980982,2013,0.25412147712426325,0.2870123892160575,TEN vs. LVR,LVR,1422.039505776087,17.0,TEN,1404.3347851049857,17.0,0,-4,2.5,0,136.0,-150.0,0,0
LVR,12.0,4.0,0.3333333333333333,11.75,141,11.5,138,-25.950000000000003,0.4837071993214764,-4.683333333333334,-0.30327985808135566,1.7409736097236097,2.239453948828949,-0.4984803391053392,4.904578454697668,19.75,237.0,39.0,25.0,300.0,48.0,AFC West,-2,-5.25,-63,0.42054637281910007,0.59575,5.41,4.495070835685113,0.9166666666666666,1.0,0.5966666666666667,59.0,1.6666666666666667,-3.0,0.34236185927362395,0.6645,7.534166666666667,3.708083778282281,1.8333333333333333,0.8333333333333334,0.8833333333333334,39.916666666666664,1.4166666666666667,0.34236185927362395,-0.9045784546976678,2013-12-08,2013,0.2557455320725715,0.2926209143565893,NYJ,12.0,5.0,0.4166666666666667,12.416666666666666,149,11.916666666666666,143,-40.93333333333334,0.30460894881118045,-7.4416666666666655,-1.0013849170385676,1.3243881118881118,2.257949457949458,-0.9335613460613462,3.570390010132698,15.75,189.0,40.0,25.833333333333332,310.0,54.0,AFC East,-3,-10.083333333333334,-121,0.5432703659976387,0.54275,4.224166666666666,4.315972585174817,0.75,0.5,0.9166666666666666,59.166666666666664,2.25,-18.0,0.32054843304843306,0.6125833333333334,7.513333333333333,3.009978719325069,1.8333333333333333,0.5,0.9083333333333332,56.75,0.75,0.32054843304843306,1.429609989867302,2013,0.3004387022341678,0.3911415731077123,LVR vs. NYJ,NYJ,1392.4100022092814,17.0,LVR,1341.9707707432565,24.0,1,10,-3.0,1,-155.0,140.0,0,0
MIA,3.0,3.0,1.0,10.666666666666666,32,11.0,33,-8.4,-0.474594983652955,-30.53333333333333,0.5211149961149957,2.324242424242424,1.6505050505050505,0.6737373737373739,2.0782910608382155,24.666666666666668,74.0,14.0,17.666666666666668,53.0,11.0,AFC East,3,7.0,21,0.75,0.6646666666666666,6.933333333333334,3.536768652710682,1.3333333333333333,1.3333333333333333,1.0,30.0,1.3333333333333333,2.0,0.503968253968254,0.559,5.04,4.532478632478632,1.3333333333333333,0.3333333333333333,0.8055555555555555,43.0,2.0,0.503968253968254,0.9217089391617845,2013-09-30,2013,0.5719158869610936,0.3246343265735316,NOR,3.0,3.0,1.0,10.666666666666666,32,11.0,33,-9.0,-0.4203674677812613,-37.26666666666667,1.4917027417027413,2.2444444444444445,1.151010101010101,1.0934343434343434,2.2217177822936702,23.333333333333332,70.0,14.0,12.666666666666666,38.0,5.0,NFC South,3,10.666666666666666,32,0.25,0.646,7.256666666666667,3.5909961685823752,2.0,0.3333333333333333,0.9166666666666666,40.666666666666664,1.3333333333333333,2.0,0.4523809523809524,0.527,4.413333333333333,5.503066378066379,1.0,0.3333333333333333,0.5,51.666666666666664,2.0,0.4523809523809524,0.7782822177063298,2013,0.5509994900821731,0.14031728372254193,MIA vs. NOR,NOR,1625.7794834620518,1.0,MIA,1637.8712080630237,1.0,1,21,-7.0,1,-321.0,282.0,0,0
MIA,6.0,3.0,0.5,11.666666666666666,70,11.5,69,-19.966666666666665,-0.10087404685040118,-18.45,-0.21873543123543163,1.9645687645687646,2.0537878787878787,-0.08921911421911426,3.0818529887921433,22.5,135.0,24.0,23.333333333333332,140.0,27.0,AFC East,-3,-0.8333333333333334,-5,0.6666666666666667,0.6103333333333333,5.808333333333334,3.910489589513235,1.5,0.8333333333333334,0.7916666666666666,35.333333333333336,1.8333333333333333,-1.0,0.37725122100122094,0.616,6.325,3.792628205128205,1.3333333333333333,0.8333333333333334,0.8194444444444443,48.5,1.6666666666666667,0.37725122100122094,-0.08185298879214331,2013-10-27,2013,0.33817982921187756,0.32074871812225153,NWE,7.0,5.0,0.7142857142857143,12.428571428571429,87,12.142857142857142,85,-24.7,0.12671108521609994,-29.557142857142857,0.1176594239094235,1.8454212454212455,1.4902430902430903,0.35517815517815515,3.9867485448147266,21.714285714285715,152.0,31.0,18.142857142857142,127.0,23.0,AFC East,-1,3.5714285714285716,25,0.5555555555555555,0.5595714285714285,5.531428571428571,4.138074721579737,1.1428571428571428,0.7142857142857143,0.9523809523809523,48.857142857142854,1.1428571428571428,5.0,0.31581196581196586,0.5595714285714285,5.282857142857144,4.12902306027306,1.0,0.5714285714285714,0.9166666666666666,57.714285714285715,1.8571428571428572,0.31581196581196586,1.0132514551852734,2013,0.40789949936082676,0.27110047641892654,MIA vs. NWE,NWE,1575.7845710395795,4.0,MIA,1460.4174785804491,14.0,1,10,-6.5,1,-278.0,246.0,1,0
MIA,8.0,4.0,0.5,12.0,96,11.5,92,-21.75,0.20470248050247275,-23.949999999999996,-0.07123611186111223,1.8484265734265735,2.0554924242424244,-0.20706585081585085,3.8884970751598216,21.75,174.0,30.0,23.375,187.0,36.0,AFC East,1,-1.625,-13,0.6853741496598639,0.6125,5.4775,4.216066116866109,1.375,0.75,0.71875,37.25,1.875,0.0,0.36854765944839474,0.611375,5.563750000000001,3.9401275245025245,1.125,1.125,0.8645833333333333,48.625,1.875,0.36854765944839474,0.11150292484017843,2013-11-11,2013,0.31685558300156946,0.347845251758487,TAM,8.0,0.0,0.0,11.0,88,11.0,88,-24.5,-0.04861296386126651,-3.650000000000002,-0.26168115887943494,1.4221008158508157,2.2600718725718725,-0.8379710567210568,2.380359131188397,15.5,124.0,23.0,23.75,190.0,35.0,NFC South,-8,-8.25,-66,0.6154761904761905,0.5559999999999999,5.21125,3.96275067250237,1.375,0.125,0.8125,79.5,1.375,2.0,0.37735154959419664,0.6695,7.1825,3.749682477484202,1.875,0.5,0.96875,59.75,1.625,0.37735154959419664,-2.380359131188397,2013,0.18359622156628816,0.2296696454664859,MIA vs. TAM,TAM,1250.6868943575391,26.0,MIA,1507.4245960598157,12.0,1,3,1.0,1,113.0,-125.0,0,0
MIA,11.0,5.0,0.45454545454545453,11.636363636363637,128,11.272727272727273,124,-20.69090909090909,-0.1564641983887186,-25.29090909090909,0.17818397818397785,1.8245673518400791,1.996379882743519,-0.17181253090344004,5.30249794414747,20.818181818181817,229.0,42.0,22.272727272727273,245.0,48.0,AFC East,-1,-1.4545454545454546,-16,0.5942063492063492,0.6217272727272728,5.536363636363636,3.8548994379749177,1.3636363636363635,0.6363636363636364,0.7727272727272727,39.81818181818182,1.6363636363636365,0.0,0.33924678262913555,0.5965454545454545,5.48,4.189547614547615,1.0909090909090908,1.0,0.8712121212121212,53.72727272727273,1.6363636363636365,0.33924678262913555,-0.3024979441474702,2013-12-01,2013,0.3191016238251465,0.34126106941416523,NYJ,11.0,5.0,0.45454545454545453,12.363636363636363,136,11.909090909090908,131,-37.7,0.28787918382707295,-7.563636363636363,-1.0434070536655815,1.4238080101716466,2.288975166247894,-0.8651671560762471,3.56244638475831,16.90909090909091,186.0,39.0,26.09090909090909,287.0,49.0,AFC East,-2,-9.181818181818182,-101,0.5521428571428572,0.5499090909090909,4.647272727272727,4.29924282019071,0.8181818181818182,0.5454545454545454,0.9090909090909091,62.27272727272727,2.1818181818181817,-16.0,0.3345376845376845,0.6090909090909091,7.513636363636365,2.967956582698055,1.8181818181818181,0.5454545454545454,0.9259259259259258,59.36363636363637,0.7272727272727273,0.3345376845376845,1.43755361524169,2013,0.3242410367609799,0.38892444631980766,MIA vs. NYJ,NYJ,1440.1115474500602,12.0,MIA,1456.0941111949685,12.0,0,-20,1.0,0,-105.0,-105.0,1,0
MIA,12.0,6.0,0.5,11.666666666666666,140,11.416666666666666,137,-19.474999999999998,-0.18835396636810994,-29.558333333333334,0.20405501030500997,1.8322422947422947,1.8492456617456619,-0.017003367003367038,6.294554318773082,21.0,252.0,47.0,20.666666666666668,248.0,49.0,AFC East,1,0.3333333333333333,4,0.581509904237177,0.6241666666666666,5.700833333333333,3.8230096699955265,1.4166666666666667,0.5833333333333334,0.7708333333333334,38.833333333333336,1.5833333333333333,2.0,0.34743455074337426,0.5855,4.9875,4.215418646668646,1.0,0.9166666666666666,0.8819444444444445,51.333333333333336,1.75,0.34743455074337426,-0.29455431877308236,2013-12-08,2013,0.3274737779867054,0.31907958538936676,PIT,12.0,5.0,0.4166666666666667,11.083333333333334,133,11.166666666666666,134,-9.5,-0.735745529537121,-17.866666666666664,0.08327797052448734,2.0057498057498058,2.1237142487142484,-0.11796444296444293,5.991987235259124,21.916666666666668,263.0,50.0,23.166666666666668,278.0,52.0,AFC North,-1,-1.25,-15,0.45798898071625344,0.6486666666666666,6.699166666666667,3.2756181068265158,1.75,0.4166666666666667,0.9333333333333333,43.0,1.5,-4.0,0.38692769648652003,0.59025,6.384166666666666,4.094641606888124,1.1666666666666667,1.0833333333333333,0.9242424242424242,49.5,1.1666666666666667,0.38692769648652003,-0.9919872352591241,2013,0.3448625552863683,0.32364220383490394,MIA vs. PIT,PIT,1499.354357342943,17.0,MIA,1503.795656435747,14.0,0,-6,-3.0,0,-160.0,144.0,0,0
NWE,13.0,10.0,0.7692307692307693,12.076923076923077,157,11.923076923076923,155,-12.676923076923076,0.15227132315367592,-21.73846153846154,0.47236269138672277,2.3020242577934886,1.9483212300519992,0.3537030277414893,7.556904323054696,26.846153846153847,349.0,66.0,22.076923076923077,287.0,49.0,AFC East,3,4.769230769230769,62,0.5167388167388167,0.6101538461538462,6.732307692307692,4.163634959517312,1.6153846153846154,1.1538461538461537,0.9487179487179488,41.07692307692308,1.3846153846153846,6.0,0.3645580914811684,0.5684615384615385,5.916153846153846,4.483726327750359,1.6153846153846154,0.6923076923076923,0.875,61.0,1.8461538461538463,0.3645580914811684,2.443095676945304,2013-12-15,2013,0.4993847695631505,0.35122168147410415,MIA,13.0,7.0,0.5384615384615384,11.76923076923077,153,11.384615384615385,148,-18.46153846153846,0.07449144363223417,-26.369230769230764,0.18748434517665255,1.8924840117147808,1.9028001912617296,-0.010316179546948804,6.907604020175863,22.0,286.0,53.0,21.23076923076923,276.0,52.0,AFC East,2,0.7692307692307693,10,0.5677729677729678,0.6227692307692307,5.730769230769231,4.085855079995871,1.5384615384615385,0.6153846153846154,0.7628205128205128,38.61538461538461,1.5384615384615385,2.0,0.35367584903784,0.5858461538461538,5.369230769230769,4.198847981540289,1.1538461538461537,0.8461538461538461,0.8819444444444445,52.23076923076923,1.6923076923076923,0.35367584903784,0.09239597982413716,2013,0.3488672634141173,0.32682151296821993,NWE vs. MIA,MIA,1460.4174785804491,14.0,NWE,1575.7845710395795,4.0,1,4,-2.5,1,-134.0,121.0,1,0
NYJ,15.0,7.0,0.4666666666666667,11.733333333333333,176,11.333333333333334,170,-36.7,0.46869617780796297,-10.266666666666667,-0.6110933186162392,1.6595104895104895,2.3326558626558627,-0.6731453731453733,5.336014534518747,18.0,270.0,54.0,25.333333333333332,380.0,67.0,AFC East,1,-7.333333333333333,-110,0.5205235240949527,0.5486666666666667,4.601333333333333,4.480059814171599,0.8666666666666667,0.6666666666666666,0.9,53.4,1.9333333333333333,-17.0,0.3723361823361823,0.6016,7.343333333333334,3.4002703177473976,1.6666666666666667,0.6,0.9038461538461539,53.0,0.8,0.3723361823361823,1.663985465481253,2013-12-29,2013,0.34085424815757104,0.4115635396812721,MIA,15.0,8.0,0.5333333333333333,11.733333333333333,176,11.333333333333334,170,-20.16,-0.1345404414300172,-26.066666666666666,0.1839065156712212,1.8001528101528101,1.8879823879823878,-0.08782957782957786,7.513979536320522,20.666666666666668,310.0,57.0,21.0,315.0,61.0,AFC East,-1,-0.3333333333333333,-5,0.5671178028320886,0.6090666666666666,5.593333333333334,3.8768231949336194,1.5333333333333334,0.5333333333333333,0.7797619047619048,37.333333333333336,1.5333333333333334,1.0,0.34028530293236176,0.5889333333333333,5.458666666666667,4.195270152034857,1.1333333333333333,0.8,0.875,47.46666666666667,1.6,0.34028530293236176,0.4860204636794778,2013,0.3343572600112614,0.3465283326605679,NYJ vs. MIA,MIA,1456.0941111949685,12.0,NYJ,1440.1115474500602,12.0,0,-13,-7.5,0,-280.0,248.0,1,0
PIT,3.0,0.0,0.0,11.333333333333334,34,10.666666666666666,32,-22.066666666666663,-1.1359668109668115,-18.766666666666666,-0.6035671844495375,1.1927738927738927,2.3602693602693603,-1.1674954674954676,0.5779758382952271,14.0,42.0,8.0,25.333333333333332,76.0,13.0,AFC North,-3,-11.333333333333334,-34,0.5,0.6036666666666667,5.95,2.8753968253968254,1.3333333333333333,0.0,1.0,45.0,3.0,-9.0,0.2768065268065268,0.5910000000000001,6.073333333333333,3.407796451914099,0.6666666666666666,1.3333333333333333,1.0,56.333333333333336,0.0,0.2768065268065268,-0.5779758382952271,2013-09-29,2013,0.18996267934939395,0.19256577189752133,MIN,3.0,0.0,0.0,13.0,39,13.0,39,-34.03333333333333,0.26282991202345984,-10.9,0.6741846570277938,2.1714285714285713,2.5000777000777004,-0.3286491286491288,1.2040514040701669,27.0,81.0,13.0,32.0,96.0,15.0,NFC North,-3,-5.0,-15,0.5,0.5903333333333333,4.743333333333333,4.274193548387097,0.6666666666666666,1.6666666666666667,1.0,37.333333333333336,3.3333333333333335,0.0,0.36936274509803924,0.6419999999999999,6.476666666666667,4.685548293391431,3.0,0.6666666666666666,1.0,56.666666666666664,3.3333333333333335,0.36936274509803924,-1.2040514040701669,2013,0.19954984399220366,0.10204469178587605,PIT vs. MIN,MIN,1361.991893872262,27.0,PIT,1374.472329358533,27.0,1,7,3.0,1,139.0,-154.0,0,0
MIN,5.0,1.0,0.2,11.8,59,11.6,58,-21.4,0.8669986465147751,-0.35999999999999943,0.20509354479942674,2.1432611832611834,2.8659557109557108,-0.7226945276945278,1.8861816009590526,25.0,125.0,21.0,31.6,158.0,25.0,NFC North,-1,-6.6,-33,0.3125,0.6275999999999999,5.8100000000000005,4.8783622828784114,1.0,1.4,0.9333333333333332,51.2,2.4,0.0,0.38005920550038197,0.6801999999999999,7.464,4.216457181163063,2.6,1.2,1.0,52.0,2.4,0.38005920550038197,-0.8861816009590526,2013-10-21,2013,0.29284808942325385,0.2684326206069782,NYG,6.0,0.0,0.0,12.833333333333334,77,11.5,69,-40.5,-0.5035239957840579,-2.400000000000001,-0.1931303784752063,1.3468253968253971,3.0668290043290045,-1.7200036075036076,1.216828627596946,17.166666666666668,103.0,17.0,34.833333333333336,209.0,33.0,NFC East,-6,-17.666666666666668,-106,0.5700000000000001,0.5365000000000001,4.428333333333334,3.507839640579579,1.5,0.6666666666666666,0.5,57.5,3.8333333333333335,-16.0,0.3297952047952048,0.6341666666666667,7.43,3.8182332578884304,2.3333333333333335,0.8333333333333334,1.0,67.5,1.1666666666666667,0.3297952047952048,-1.216828627596946,2013,0.17600414140877038,0.30155713837995357,MIN vs. NYG,NYG,1283.1318895830725,28.0,MIN,1363.3256623949926,25.0,1,16,-4.0,1,-199.0,179.0,0,0
WAS,8.0,3.0,0.375,11.625,93,11.375,91,-22.725,1.0338885391189594,-5.6625,0.269593240744394,2.1938374125874125,2.8276078088578087,-0.6337703962703962,3.17172233063526,25.375,203.0,29.0,31.625,253.0,36.0,NFC East,1,-6.25,-50,0.47551020408163264,0.602875,6.00375,5.045252175482596,1.125,1.5,0.5833333333333333,56.0,2.0,-1.0,0.4274601317799847,0.6475,7.4675,4.28095687710803,2.125,1.25,0.8333333333333334,53.875,1.875,0.4274601317799847,-0.17172233063526,2013-11-07,2013,0.30513447904781915,0.3376620825510036,MIN,8.0,1.0,0.125,11.375,91,11.25,90,-25.287499999999998,0.7641813670493193,-0.375,-0.08441123147005541,2.1739132395382397,3.106103271728272,-0.9321900321900323,2.6522442853563235,23.25,186.0,29.0,31.5,252.0,41.0,NFC North,-4,-8.25,-66,0.34523809523809523,0.60725,5.39875,4.775545003412956,0.75,1.5,0.8333333333333333,46.875,2.125,-3.0,0.36547503762577294,0.68575,7.4925,3.9269524048935813,2.25,1.125,1.0,62.125,1.75,0.36547503762577294,-1.6522442853563235,2013,0.2528638952261904,0.30452497819498714,WAS vs. MIN,MIN,1264.9702273032644,25.0,WAS,1492.2243187916986,17.0,1,7,1.0,1,-102.0,-108.0,0,0
MIN,9.0,2.0,0.2222222222222222,11.0,99,11.0,99,-21.444444444444443,0.6548615518552872,0.8222222222222229,0.06876689638127503,2.4045895462562132,3.0943140193140195,-0.6897244730578065,3.2855305609620453,24.444444444444443,220.0,35.0,31.0,279.0,46.0,NFC North,1,-6.555555555555555,-59,0.3489583333333333,0.6262222222222222,5.666666666666667,4.666225188218924,0.8888888888888888,1.5555555555555556,0.8518518518518517,42.44444444444444,2.0,-4.0,0.3915333667784648,0.6816666666666666,7.566666666666666,4.080130532744912,2.3333333333333335,1.0,1.0,62.22222222222222,1.5555555555555556,0.3915333667784648,-1.2855305609620453,2013-11-17,2013,0.30303752005199597,0.3466504985361907,SEA,10.0,9.0,0.9,10.9,109,10.6,106,-2.479999999999999,0.5358803792682074,-30.68,-0.008007489167199112,2.4143667443667445,1.5029950604950604,0.911371683871684,7.382102677841587,26.5,265.0,49.0,15.9,159.0,30.0,NFC West,5,10.6,106,0.4661375661375662,0.629,7.947999999999999,4.547244015631844,1.8,0.9,0.9777777777777779,71.9,1.5,7.0,0.3971424408924409,0.5945,4.293,4.003356147196437,1.0,0.4,0.9722222222222222,56.6,2.2,0.3971424408924409,1.617897322158413,2013,0.5222724484273048,0.3005065279856155,MIN vs. SEA,SEA,1714.5215460076872,1.0,MIN,1343.6910668853118,24.0,1,21,-13.0,1,-700.0,569.0,0,0
PHI,13.0,8.0,0.6153846153846154,11.923076923076923,155,11.615384615384615,151,-2.546153846153845,0.8482642134886235,-18.407692307692308,-0.10565098229615168,2.1913855375393836,2.1375624375624374,0.05382309997694613,6.896031986086793,25.692307692307693,334.0,57.0,23.153846153846153,301.0,49.0,NFC East,5,2.5384615384615383,33,0.43745490620490624,0.5996923076923076,8.866923076923076,4.85962784985226,1.9230769230769231,1.0769230769230769,0.8083333333333332,52.84615384615385,1.2307692307692308,9.0,0.36930363271456385,0.5976923076923076,6.37,3.905712654067485,1.5384615384615385,0.6153846153846154,0.8111111111111111,62.69230769230769,1.9230769230769231,0.36930363271456385,1.1039680139132066,2013-12-15,2013,0.39897080734146545,0.3270985393182614,MIN,13.0,3.0,0.23076923076923078,11.692307692307692,152,11.615384615384615,151,-21.599999999999998,0.76566525065018,-0.40769230769230747,0.20401342833469502,2.216195129656668,2.8520076077768386,-0.6358124781201705,4.957546867380091,24.23076923076923,315.0,55.0,30.384615384615383,395.0,64.0,NFC North,-1,-6.153846153846154,-80,0.4364267676767677,0.6044615384615384,5.804615384615384,4.777028887013817,1.0769230769230769,1.3076923076923077,0.8782051282051282,46.53846153846154,1.9230769230769231,-7.0,0.36810422483499405,0.6560769230769231,7.746923076923077,4.215377064698331,2.230769230769231,1.0,0.9545454545454546,61.69230769230769,1.3846153846153846,0.36810422483499405,-1.957546867380091,2013,0.30735572990591853,0.327415690518428,PHI vs. MIN,MIN,1344.774677370772,29.0,PHI,1647.5967335877383,9.0,1,18,6.5,1,239.0,-270.0,0,0
NYJ,1.0,1.0,1.0,13.0,13,12.0,12,-25.900000000000006,-0.9079153605015677,-35.400000000000006,-1.4113636363636366,1.3846153846153846,1.4166666666666667,-0.03205128205128216,0.53381466525428,18.0,18.0,4.0,17.0,17.0,3.0,AFC East,1,1.0,1,0.5,0.615,4.85,3.103448275862069,1.0,0.0,1.0,45.0,2.0,0.0,0.3888888888888889,0.484,5.16,2.6,1.0,1.0,1.0,102.0,2.0,0.3888888888888889,0.46618533474572,2013-09-12,2013,0.45113394915252925,0.11654633368643,NWE,1.0,1.0,1.0,15.0,15,13.0,13,-24.799999999999997,0.6356951871657754,5.5,-0.011363636363636687,1.5333333333333334,1.6153846153846154,-0.08205128205128198,0.5536929478219634,23.0,23.0,5.0,21.0,21.0,2.0,AFC East,1,2.0,2,0.5,0.5579999999999999,5.15,4.647058823529412,2.0,0.0,1.0,36.0,3.0,-1.0,0.55,0.667,7.04,4.0,2.0,0.0,,75.0,2.0,0.55,0.44630705217803657,2013,0.48210235072601215,0.06866262341200563,NYJ vs. NWE,NWE,1550.0,1.0,NYJ,1550.0,1.0,1,3,-10.5,0,-580.0,483.0,1,0
TAM,2.0,0.0,0.0,11.0,22,12.5,25,-40.800000000000004,-0.28712121212121233,-30.400000000000006,-0.5846394984326022,1.4083333333333332,1.358974358974359,0.049358974358974406,0.8877217568935465,15.5,31.0,4.0,17.0,34.0,8.0,NFC South,-2,-1.5,-3,1.0,0.4465,4.58,3.7242424242424246,1.0,0.5,0.5,110.0,2.0,0.0,0.3798076923076923,0.59,4.88,3.4267241379310347,1.0,0.0,0.875,40.0,2.0,0.3798076923076923,-0.8877217568935465,2013-09-22,2013,0.10111620391876851,0.01796451889703256,NWE,2.0,2.0,1.0,15.0,30,14.0,28,-27.299999999999997,-0.5628342245989306,-34.95,0.004261363636363313,1.2000000000000002,1.141025641025641,0.05897435897435904,1.2043215191886396,18.0,36.0,8.0,15.5,31.0,4.0,AFC East,2,2.5,5,1.0,0.5225,5.115,3.448529411764706,1.5,0.0,0.8333333333333333,33.0,1.5,3.0,0.3861111111111111,0.548,4.29,4.015625,1.0,0.5,1.0,70.5,3.0,0.3861111111111111,0.7956784808113604,2013,0.372757130774848,0.1282627486293829,TAM vs. NWE,NWE,1600.0,1.0,TAM,1414.0064999802885,25.0,1,20,-7.5,1,-325.0,285.0,0,0
NOR,5.0,5.0,1.0,10.6,53,10.6,53,7.040000000000004,-0.8487199582027174,-26.4,1.5454469507101083,2.5575757575757576,1.3996969696969697,1.1578787878787877,3.797387173190195,26.8,134.0,26.0,14.6,73.0,11.0,NFC South,5,12.2,61,0.5625,0.7072,8.646,3.1626436781609195,2.4,0.4,0.85,35.4,1.0,6.0,0.4387362637362638,0.5873999999999999,5.529999999999999,5.556810587073745,1.2,0.4,0.75,44.6,2.2,0.4387362637362638,1.2026128268098049,2013-10-13,2013,0.608558239611528,0.21595751356569,NWE,5.0,4.0,0.8,12.2,61,12.0,60,-19.14,0.07622668813370889,-30.080000000000002,0.08080710955710915,1.7066666666666666,1.170955710955711,0.5357109557109557,2.9867485448147266,19.0,95.0,21.0,14.0,70.0,13.0,AFC East,-1,5.0,25,0.4583333333333333,0.5716,6.072,4.087590324497346,1.4,0.2,0.9333333333333332,41.8,1.2,4.0,0.3588034188034188,0.586,5.05,4.092170745920745,0.8,0.4,0.875,60.6,2.0,0.3588034188034188,1.0132514551852734,2013,0.4140271493734123,0.21724089639136188,NOR vs. NWE,NWE,1582.6935075723072,4.0,NOR,1709.844471403819,1.0,1,3,-2.5,1,-144.0,130.0,0,0
NWE,6.0,5.0,0.8333333333333334,12.333333333333334,74,12.166666666666666,73,-20.716666666666665,0.06639020547938938,-29.233333333333334,0.23852224164724123,1.8068376068376069,1.321950271950272,0.4848873348873348,3.5488522925709303,20.833333333333332,125.0,27.0,16.166666666666668,97.0,18.0,AFC East,1,4.666666666666667,28,0.5666666666666667,0.5731666666666667,5.873333333333334,4.077753841843026,1.3333333333333333,0.5,0.9444444444444443,40.333333333333336,1.1666666666666667,5.0,0.35455840455840454,0.5670000000000001,5.25,4.249885878010878,1.0,0.5,0.9,59.833333333333336,2.0,0.35455840455840454,1.4511477074290697,2013-10-20,2013,0.45311033355987584,0.2651156592094138,NYJ,6.0,3.0,0.5,12.666666666666666,76,12.166666666666666,73,-25.0,0.162616491781825,-8.15,-1.030878261523423,1.4550116550116552,1.9528258778258778,-0.4978142228142228,2.228725944248094,17.333333333333332,104.0,22.0,22.5,135.0,25.0,AFC East,-1,-5.166666666666667,-31,0.4833333333333333,0.6051666666666667,5.885000000000001,4.173980128145462,1.1666666666666667,0.3333333333333333,1.0,71.5,2.3333333333333335,-11.0,0.3675398675398675,0.6095,7.006666666666667,2.980485374840214,1.6666666666666667,0.5,0.9333333333333332,57.333333333333336,0.5,0.3675398675398675,0.7712740557519062,2013,0.3266842746196095,0.3294106196205426,NWE vs. NYJ,NYJ,1550.0,1.0,NWE,1550.0,1.0,1,3,3.5,1,162.0,-180.0,1,0
PIT,7.0,2.0,0.2857142857142857,11.0,77,10.714285714285714,75,-13.542857142857141,-0.8964031107601246,-23.728571428571428,0.06170008305125485,1.68001998001998,2.0718408575551432,-0.3918208775351632,2.8936746113235343,17.857142857142858,125.0,26.0,21.857142857142858,153.0,28.0,AFC North,-1,-4.0,-28,0.4055555555555555,0.6677142857142858,6.314285714285714,3.114960525603512,1.1428571428571428,0.42857142857142855,0.8888888888888888,42.285714285714285,2.0,-9.0,0.3698218448218448,0.6005714285714285,5.528571428571428,4.0730637194148915,0.7142857142857143,1.2857142857142858,0.9444444444444443,60.57142857142857,0.7142857142857143,0.3698218448218448,-0.8936746113235343,2013-11-03,2013,0.29455372932391116,0.27233735406274484,NWE,8.0,6.0,0.75,12.25,98,12.25,98,-25.8,0.12296525853214635,-31.3375,0.2305637994398071,1.9215617715617717,1.4674242424242425,0.45413752913752914,4.736336842545935,22.375,179.0,36.0,18.0,144.0,26.0,AFC East,1,4.375,35,0.5476190476190476,0.5635,5.26625,4.134328894895783,1.125,0.875,0.9583333333333333,47.125,1.125,7.0,0.30133547008547007,0.555125,4.905,4.241927435803444,1.125,0.5,0.8333333333333333,58.125,2.0,0.30133547008547007,1.263663157454065,2013,0.42537228784227854,0.2740500536910787,PIT vs. NWE,NWE,1609.7663487425823,5.0,PIT,1412.206972248376,20.0,1,24,-5.5,1,-248.0,221.0,0,0
NOR,1.0,1.0,1.0,10.0,10,12.0,12,11.700000000000003,-1.3217084639498435,-5.900000000000006,2.274350649350649,2.3,1.4166666666666667,0.8833333333333331,0.6718150297886709,23.0,23.0,5.0,17.0,17.0,3.0,NFC South,1,6.0,6,0.5,0.743,9.6,2.689655172413793,2.0,0.0,1.0,57.0,1.0,1.0,0.46153846153846156,0.6579999999999999,7.21,6.285714285714286,2.0,0.0,1.0,19.0,2.0,0.46153846153846156,0.3281849702113291,2013-09-15,2013,0.6640924851056645,0.08204624255283227,TAM,1.0,0.0,0.0,12.0,12,13.0,13,-35.400000000000006,-1.4113636363636366,-25.900000000000006,-0.9079153605015677,1.4166666666666667,1.3846153846153846,0.03205128205128216,0.46618533474572005,17.0,17.0,3.0,18.0,18.0,4.0,NFC South,-1,-1.0,-1,0.5,0.484,5.16,2.6,1.0,1.0,1.0,102.0,2.0,0.0,0.375,0.615,4.85,3.103448275862069,1.0,0.0,1.0,45.0,2.0,0.375,-0.46618533474572005,2013,0.13345366631356997,-0.1434416414602216,NOR vs. TAM,TAM,1450.0,17.0,NOR,1550.0,1.0,0,-2,3.0,1,143.0,-158.0,1,0
NOR,7.0,6.0,0.8571428571428571,11.0,77,11.0,77,7.642857142857147,-0.6094752948201229,-27.300000000000004,1.0361541299135282,2.578088578088578,1.5502331002331002,1.027855477855478,5.082308889243616,28.0,196.0,36.0,17.142857142857142,120.0,20.0,NFC South,1,10.857142857142858,76,0.5797619047619048,0.6818571428571428,8.787142857142857,3.401888341543514,2.7142857142857144,0.42857142857142855,0.75,41.714285714285715,1.0,8.0,0.43107012035583464,0.5831428571428571,5.328571428571428,5.047517766277165,1.1428571428571428,0.7142857142857143,0.75,43.0,2.142857142857143,0.43107012035583464,0.9176911107563841,2013-11-03,2013,0.5288253803102594,0.25668612655867845,NYJ,8.0,4.0,0.5,12.375,99,12.0,96,-29.200000000000003,0.028977228976228786,-9.0125,-0.8184996052334765,1.5060314685314686,2.3367347929847933,-0.8307033244533245,2.8085321308790503,17.875,143.0,30.0,26.375,211.0,34.0,AFC East,-1,-8.5,-68,0.5663265306122449,0.596,5.29125,4.040340865339865,1.0,0.375,1.0,67.875,2.125,-12.0,0.3911310911310911,0.596,7.265,3.19286403113016,1.875,0.625,0.9444444444444443,61.125,0.625,0.3911310911310911,1.1914678691209497,2013,0.3481616617091269,0.3626431087892087,NOR vs. NYJ,NYJ,1503.51525214285,11.0,NOR,1671.970844965209,4.0,1,6,6.0,1,222.0,-250.0,0,0
SFO,9.0,6.0,0.6666666666666666,11.333333333333334,102,11.555555555555555,104,-18.45555555555556,0.5311113539177419,-29.56666666666667,-0.16907256560383066,2.3921416546416543,1.5012993179659846,0.8908423366756701,5.557640024273823,25.22222222222222,227.0,36.0,17.22222222222222,155.0,27.0,NFC West,-1,8.0,72,0.5072916666666667,0.5563333333333333,6.683333333333334,4.542474990281379,1.0,1.6666666666666667,0.8095238095238094,54.77777777777778,1.5555555555555556,4.0,0.37442927442927443,0.5577777777777777,5.131111111111111,3.8422910707598064,1.1111111111111112,0.8888888888888888,0.8095238095238094,56.77777777777778,2.0,0.37442927442927443,0.4423599757261769,2013-11-17,2013,0.3702886264990658,0.24352961468440898,NOR,9.0,7.0,0.7777777777777778,10.88888888888889,98,11.0,99,7.700000000000003,-0.3074207922211556,-28.188888888888886,1.143650181851936,2.7516446516446518,1.64008029008029,1.1115643615643616,6.356443604800534,29.444444444444443,265.0,47.0,18.11111111111111,163.0,29.0,NFC South,1,11.333333333333334,102,0.566765873015873,0.6877777777777778,8.777777777777779,3.703942844142481,2.7777777777777777,0.6666666666666666,0.6574074074074074,43.888888888888886,1.1111111111111112,5.0,0.44891312391312393,0.5498888888888889,5.496666666666666,5.155013818215573,1.0,0.8888888888888888,0.8125,49.44444444444444,1.6666666666666667,0.44891312391312393,0.6435563951994663,2013,0.5138856582475906,0.2813278736933608,SFO vs. NOR,NOR,1638.4788951544438,3.0,SFO,1586.5537773818348,4.0,1,3,-3.5,0,-177.0,159.0,0,0
NOR,11.0,9.0,0.8181818181818182,10.727272727272727,118,10.818181818181818,119,6.436363636363638,-0.24268312751978852,-26.181818181818183,0.9171187438292698,2.6187698664971393,1.6411262979444798,0.9776435685526595,7.59230382156217,27.727272727272727,305.0,55.0,17.818181818181817,196.0,36.0,NFC South,3,9.909090909090908,109,0.5400793650793652,0.6895454545454546,8.60909090909091,3.7686805088438478,2.5454545454545454,0.6363636363636364,0.7196969696969697,46.27272727272727,1.1818181818181819,4.0,0.4552046438410075,0.5696363636363636,5.4354545454545455,4.928482380192906,1.0,0.8181818181818182,0.8166666666666667,46.81818181818182,1.5454545454545454,0.4552046438410075,1.4076961784378303,2013-12-02,2013,0.5257498380693996,0.31373343195092585,SEA,11.0,10.0,0.9090909090909091,10.909090909090908,120,10.727272727272727,118,0.9272727272727281,0.42444261161336455,-32.199999999999996,-0.008312593457784345,2.533721833721834,1.5178742974197519,1.0158475363020818,8.227804554606458,27.818181818181817,306.0,55.0,16.272727272727273,179.0,34.0,NFC West,6,11.545454545454545,127,0.4417460317460318,0.6324545454545455,8.394545454545455,4.435806247977001,1.8181818181818181,1.0,0.9800000000000001,74.0909090909091,1.3636363636363635,11.0,0.3940964338691612,0.5871818181818181,4.1854545454545455,4.003051042905852,1.0909090909090908,0.36363636363636365,0.975,53.27272727272727,2.3636363636363638,0.3940964338691612,1.7721954453935425,2013,0.5321748102247309,0.30836259256038556,NOR vs. SEA,SEA,1725.0987754136263,1.0,NOR,1691.072008474105,1.0,1,27,-6.5,1,-275.0,244.0,0,0
TAM,15.0,4.0,0.26666666666666666,11.2,168,11.066666666666666,166,-21.433333333333334,-0.34498074321614625,-13.253333333333334,-0.15163598327898564,1.6113597513597513,2.188791578791579,-0.5774318274318274,5.577940166816698,18.066666666666666,271.0,48.0,23.133333333333333,347.0,65.0,NFC South,-2,-5.066666666666666,-76,0.558002909788624,0.574,5.522666666666667,3.6663828931474907,1.3333333333333333,0.4,0.7976190476190476,70.53333333333333,1.3333333333333333,11.0,0.3053089938384056,0.6495333333333334,6.178666666666667,3.859727653084651,1.7333333333333334,0.5333333333333333,0.9821428571428571,61.2,2.066666666666667,0.3053089938384056,-1.5779401668166981,2013-12-29,2013,0.25565828253682477,0.32427063821562835,NOR,15.0,10.0,0.6666666666666666,10.666666666666666,160,10.533333333333333,158,1.2600000000000013,-0.3211940083095206,-17.946666666666665,0.7790312272517815,2.370060865060865,1.846085211085211,0.523975653975654,9.072913420033695,24.8,372.0,67.0,19.133333333333333,287.0,52.0,NFC South,-2,5.666666666666667,85,0.5827704041989756,0.6844666666666667,7.819999999999999,3.690169628054116,2.3333333333333335,0.5333333333333333,0.7321428571428571,48.2,1.2666666666666666,-1.0,0.4401130351130351,0.5958,6.058666666666666,4.790394863615418,1.2,0.7333333333333333,0.8452380952380952,44.8,1.2,0.4401130351130351,0.9270865799663053,2013,0.44463116702405936,0.32751413593175016,TAM vs. NOR,NOR,1550.0,1.0,TAM,1450.0,17.0,1,25,-11.0,1,-630.0,520.0,1,0
NOR,16.0,11.0,0.6875,10.6875,171,10.5625,169,4.675000000000002,-0.34766294339623616,-18.5125,0.7400482149424845,2.4605684246309245,1.8272957944832946,0.6332726301476301,9.967978996670102,25.875,414.0,73.0,19.0,304.0,55.0,NFC South,1,6.875,110,0.5616968216968218,0.6900625,8.23875,3.6637006929674003,2.4375,0.625,0.7321428571428571,51.0625,1.1875,0.0,0.44625981657231656,0.5913125,5.9925,4.751411851306122,1.25,0.6875,0.8555555555555556,46.875,1.1875,0.44625981657231656,1.0320210033298984,2014-01-04,2013,0.45443623291048335,0.3260951017689144,PHI,16.0,10.0,0.625,11.75,188,11.625,186,0.8125000000000013,1.0704660303542457,-16.9375,-0.29108405146680427,2.4106143856143856,2.163852813852814,0.24676157176157176,8.672033969108927,27.625,442.0,74.0,23.875,382.0,64.0,NFC East,2,3.75,60,0.438999333999334,0.6181875,9.024375,5.081829666717883,2.0,1.1875,0.8525641025641024,52.875,1.1875,12.0,0.3900698853412669,0.6080625,6.52,3.7202795848968324,1.5625,0.75,0.8305555555555556,53.4375,1.9375,0.3900698853412669,1.3279660308910728,2013,0.42628639836633625,0.35113905442776505,NOR vs. PHI,PHI,1634.5264576519949,10.0,NOR,1610.3746784999862,6.0,0,-2,-3.0,0,-160.0,144.0,0,1
NOR,1.0,12.0,12.0,10.705882352941176,182,10.529411764705882,179,2.964705882352942,-0.2608871671655604,-17.27058823529412,0.6744571434752795,2.454866538690068,1.8609842771607479,0.5938822615293204,10.515262588156222,25.88235294117647,440.0,79.0,19.294117647058822,328.0,59.0,NFC South,2,6.588235294117647,112,0.5656532703407704,0.6887058823529412,8.105294117647059,3.7504764691980763,2.3529411764705883,0.6470588235294118,0.75,53.05882352941177,1.2352941176470589,-2.0,0.4516834472716825,0.5975294117647059,6.025294117647058,4.685820779838916,1.2941176470588236,0.7058823529411765,0.8333333333333334,46.35294117647059,1.1176470588235294,0.4516834472716825,1.4847374118437777,2014-01-11,2013,1.078539865580541,0.4893827223395692,SEA,16.0,13.0,0.8125,11.0,176,10.9375,175,-2.6437499999999985,0.24173725298693122,-35.49375,-0.43000830180442706,2.408264652014652,1.3389057123432124,1.0693589396714396,11.791104593021547,26.0625,417.0,74.0,14.4375,231.0,46.0,NFC West,1,11.625,186,0.49309653309653306,0.6274375,7.9018749999999995,4.253100889350568,1.6875,0.875,0.9533333333333334,73.9375,1.1875,20.0,0.3715021957209457,0.589375,3.4806250000000003,3.5813553345592095,1.0,0.25,0.9807692307692307,54.9375,2.4375,0.3715021957209457,1.2088954069784528,2013,0.4522223935072463,0.26628899597178884,NOR vs. SEA,SEA,1725.0987754136263,1.0,NOR,1691.072008474105,1.0,1,27,-6.5,1,-275.0,244.0,0,0
PHI,4.0,1.0,0.25,11.75,47,10.5,42,-7.924999999999997,2.2764213021731825,5.925000000000001,0.0612513076434974,2.17032967032967,3.5636363636363635,-1.3933066933066933,1.3949439680310454,24.75,99.0,18.0,34.5,138.0,21.0,NFC East,-3,-9.75,-39,0.6666666666666666,0.55075,8.5075,6.287784938536819,1.5,1.25,0.7291666666666666,62.25,1.75,-2.0,0.4303030303030303,0.7044999999999999,8.3825,4.0726149440071335,2.25,0.75,0.7,49.25,1.25,0.4303030303030303,-0.39494396803104537,2013-10-06,2013,0.34516493923107017,0.32563200399611936,NYG,4.0,0.0,0.0,13.5,54,11.75,47,-39.050000000000004,-0.7117082478924586,-4.75,-0.1782355575459027,1.061904761904762,3.1136363636363638,-2.0517316017316016,0.6434916943126837,15.25,61.0,11.0,36.5,146.0,21.0,NFC East,-4,-21.25,-85,0.6666666666666666,0.5547500000000001,4.3875,3.2996553884711783,1.5,0.25,0.5,44.5,4.0,-9.0,0.23944805194805194,0.6435,6.875,3.833128078817734,2.5,1.0,1.0,66.5,1.75,0.23944805194805194,-0.6434916943126837,2013,0.1709332933451874,0.2632269915927321,PHI vs. NYG,NYG,1344.7233362271943,27.0,PHI,1424.750077226537,21.0,0,-15,1.0,0,111.0,-123.0,1,0
NYG,7.0,1.0,0.14285714285714285,13.142857142857142,92,11.857142857142858,83,-37.51428571428572,-0.7189296587239978,-10.700000000000001,-0.43246982347967594,1.3734693877551023,2.700139146567718,-1.326669758812616,2.160539276865282,18.0,126.0,22.0,30.857142857142858,216.0,33.0,NFC East,1,-12.857142857142858,-90,0.5083333333333333,0.5441428571428572,4.575714285714286,3.292433977639639,1.4285714285714286,0.7142857142857143,0.6,59.57142857142857,3.4285714285714284,-14.0,0.33531318305754393,0.5974285714285715,6.721428571428571,3.578893812883961,2.0,0.7142857142857143,0.8571428571428571,63.285714285714285,1.4285714285714286,0.33531318305754393,-1.1605392768652818,2013-10-27,2013,0.1994846830884531,0.2748747054448291,PHI,7.0,3.0,0.42857142857142855,12.285714285714286,86,11.571428571428571,81,-10.142857142857142,1.2413385968924662,-10.014285714285714,-0.1927277567641527,2.040744969316398,2.683858998144712,-0.6431140288283145,2.931673679329214,24.142857142857142,169.0,32.0,28.0,196.0,31.0,NFC East,-1,-3.857142857142857,-27,0.4166666666666667,0.5608571428571428,7.872857142857143,5.252702233256103,1.5714285714285714,1.0,0.7738095238095237,57.285714285714285,1.5714285714285714,1.0,0.41673122199437984,0.6401428571428571,6.954285714285715,3.818635879599484,2.0,0.7142857142857143,0.7999999999999999,68.57142857142857,1.7142857142857142,0.41673122199437984,0.06832632067078581,2013,0.37572498714529096,0.33177798225889654,NYG vs. PHI,PHI,1424.750077226537,21.0,NYG,1344.7233362271943,27.0,0,-8,-5.5,0,-230.0,205.0,1,0
NYG,11.0,4.0,0.36363636363636365,12.272727272727273,135,11.545454545454545,127,-30.53636363636364,-0.4323562859790766,-21.663636363636364,-0.37876613821259947,1.6248524203069659,2.247195985832349,-0.6223435655253837,4.897055955440089,19.363636363636363,213.0,38.0,25.454545454545453,280.0,42.0,NFC East,-1,-6.090909090909091,-67,0.4909126984126984,0.5674545454545454,5.037272727272727,3.5790073503845603,1.2727272727272727,0.6363636363636364,0.7777777777777778,56.81818181818182,2.727272727272727,-11.0,0.345814472608731,0.5975454545454546,5.673636363636363,3.6325974981510374,1.4545454545454546,0.6363636363636364,0.9,61.72727272727273,1.7272727272727273,0.345814472608731,-0.8970559554400888,2013-12-01,2013,0.2585265142715668,0.27367476726665446,WAS,11.0,3.0,0.2727272727272727,11.363636363636363,125,11.0,121,-22.163636363636364,0.9957731030459445,-0.17272727272727195,0.003230345885729922,2.0459313413858866,2.8642932824751006,-0.8183619410892138,3.8426509317747737,22.90909090909091,252.0,38.0,30.727272727272727,338.0,51.0,NFC East,-3,-7.818181818181818,-86,0.4553571428571429,0.5975454545454546,5.816363636363636,5.007136739409581,1.2727272727272727,1.0909090909090908,0.6759259259259259,52.72727272727273,1.7272727272727273,-2.0,0.4290396323818783,0.6579090909090909,8.197272727272727,4.014593982249367,2.0,1.3636363636363635,0.8787878787878788,48.27272727272727,1.5454545454545454,0.4290396323818783,-0.8426509317747737,2013,0.28071219243095175,0.3508826464909741,NYG vs. WAS,WAS,1349.9421309425377,23.0,NYG,1461.7896036762995,20.0,0,-7,-1.0,0,-107.0,-103.0,1,0
SEA,13.0,11.0,0.8461538461538461,10.692307692307692,139,10.615384615384615,138,2.0846153846153856,0.28672131945848,-31.73076923076923,-0.04511819748087035,2.5652859960552266,1.48435517473979,1.0809308213154367,9.639207505771711,27.46153846153846,357.0,63.0,15.76923076923077,205.0,40.0,NFC West,-1,11.692307692307692,152,0.49185906685906683,0.6376923076923077,8.502307692307692,4.298084955822117,1.8461538461538463,0.9230769230769231,0.9833333333333334,74.3076923076923,1.2307692307692308,12.0,0.40397903378672606,0.5831538461538461,4.218461538461539,3.9662454388827664,1.0769230769230769,0.3076923076923077,0.9772727272727273,54.46153846153846,2.1538461538461537,0.40397903378672606,1.3607924942282885,2013-12-15,2013,0.5006806458972785,0.29789949819906997,NYG,13.0,5.0,0.38461538461538464,11.923076923076923,155,11.384615384615385,148,-28.592307692307696,-0.36156811914860765,-15.592307692307694,-0.31579106348645636,1.6623654123654126,2.326687201687202,-0.6643217893217893,5.681562133677492,19.307692307692307,251.0,44.0,25.692307692307693,334.0,52.0,NFC East,-1,-6.384615384615385,-83,0.4665434102934103,0.5886923076923076,5.17,3.6497955172150287,1.2307692307692308,0.7692307692307693,0.8,53.69230769230769,2.6153846153846154,-13.0,0.34709942554072104,0.621,6.126923076923077,3.69557257287718,1.5384615384615385,0.6923076923076923,0.9166666666666666,58.76923076923077,1.6153846153846154,0.34709942554072104,-0.6815621336774917,2013,0.2689882213986057,0.30590372611682454,SEA vs. NYG,NYG,1439.3288198272444,20.0,SEA,1699.1303707005543,1.0,0,-23,9.5,0,346.0,-400.0,0,0
WAS,15.0,3.0,0.2,11.733333333333333,176,11.066666666666666,166,-21.52,0.7794426962498641,-2.093333333333333,-0.05181099587744432,1.9113020313020312,2.8250127650127648,-0.9137107337107336,5.128979833999946,21.866666666666667,328.0,53.0,30.533333333333335,458.0,69.0,NFC East,-7,-8.666666666666666,-130,0.4569983587840731,0.6001333333333334,5.782666666666667,4.7908063326135,1.3333333333333333,0.9333333333333333,0.7756410256410257,51.46666666666667,2.0,-7.0,0.41129573041337747,0.6712,7.678,3.9595526404861925,1.8666666666666667,1.4666666666666666,0.8777777777777778,45.13333333333333,1.5333333333333334,0.41129573041337747,-2.1289798339999457,2013-12-29,2013,0.25839548060530415,0.32895598050361596,NYG,15.0,6.0,0.4,12.0,180,11.533333333333333,173,-31.26,-0.5990011722375956,-17.726666666666667,-0.2717149010901239,1.5684944684944686,2.2455220705220706,-0.6770276020276019,6.263622170113855,18.266666666666666,274.0,48.0,25.133333333333333,377.0,60.0,NFC East,1,-6.866666666666666,-103,0.4960481978339121,0.5886666666666667,4.687333333333333,3.412362464126041,1.1333333333333333,0.6666666666666666,0.8181818181818182,51.06666666666667,2.7333333333333334,-16.0,0.33101558056666414,0.6238666666666667,5.882000000000001,3.7396487352735126,1.4,0.8,0.9285714285714286,58.266666666666666,1.6666666666666667,0.33101558056666414,-0.26362217011385525,2013,0.261980050309087,0.31760411167366803,WAS vs. NYG,NYG,1461.7896036762995,20.0,WAS,1349.9421309425377,23.0,1,14,-3.5,1,-179.0,161.0,1,0
NYJ,3.0,2.0,0.6666666666666666,14.333333333333334,43,13.666666666666666,41,-37.13333333333333,-0.15345608099497943,-32.266666666666666,-0.79469696969697,1.2837606837606839,1.2373015873015873,0.046459096459096405,1.5538629318112365,18.333333333333332,55.0,11.0,16.666666666666668,50.0,11.0,AFC East,1,1.6666666666666667,5,0.75,0.532,5.359999999999999,3.8579075553686573,1.0,0.6666666666666666,1.0,93.0,2.6666666666666665,-6.0,0.35978835978835977,0.47433333333333333,5.223333333333334,3.216666666666667,1.0,0.3333333333333333,0.8888888888888888,73.0,0.6666666666666666,0.35978835978835977,0.44613706818876353,2013-09-29,2013,0.29385664922539845,0.21876022561037725,TEN,3.0,2.0,0.6666666666666666,10.333333333333334,31,12.0,36,-14.533333333333331,0.03356844305120118,-13.633333333333331,-0.015596440596440756,1.948717948717949,1.4916666666666665,0.45705128205128204,1.7622507812736181,20.0,60.0,11.0,18.666666666666668,56.0,8.0,AFC South,1,1.3333333333333333,4,0.75,0.5796666666666667,6.546666666666667,4.044932079414838,1.0,0.6666666666666666,0.7222222222222222,82.0,0.0,5.0,0.3595238095238095,0.6703333333333333,5.84,3.9957671957671956,1.6666666666666667,0.6666666666666666,0.25,44.0,1.6666666666666667,0.3595238095238095,0.23774921872638188,2013,0.3829595850106473,0.1657592013871394,NYJ vs. TEN,TEN,1552.0146061080266,8.0,NYJ,1550.0,8.0,1,25,-3.5,1,-179.0,161.0,0,0
PIT,4.0,0.0,0.0,11.25,45,10.75,43,-19.449999999999996,-0.9381493506493511,-8.224999999999998,-0.005516297428062367,1.5082167832167832,2.542929292929293,-1.0347125097125096,0.9446895626895055,17.25,69.0,13.0,27.5,110.0,19.0,AFC North,-4,-10.25,-41,0.3333333333333333,0.62925,6.09,3.0732142857142857,1.25,0.5,1.0,46.25,2.75,-11.0,0.3409382284382284,0.6032500000000001,7.435,4.005847338935574,1.0,1.5,0.9166666666666666,64.5,0.0,0.3409382284382284,-0.9446895626895055,2013-10-13,2013,0.22066130936131348,0.2270401064470895,NYJ,5.0,3.0,0.6,13.0,65,12.4,62,-19.340000000000003,0.16741251741091726,-12.1,-0.996319648093842,1.6369230769230767,1.9979365079365081,-0.361013431013431,2.1676060537314616,19.6,98.0,20.0,23.2,116.0,20.0,AFC East,1,-3.6,-18,0.6041666666666666,0.6144000000000001,6.51,4.178776153774554,1.4,0.4,1.0,73.8,2.4,-9.0,0.3865023865023865,0.5766,6.634,3.015043988269795,1.8,0.6,0.9166666666666666,59.0,0.6,0.3865023865023865,0.8323939462685384,2013,0.35891655053960236,0.31176735137216377,PIT vs. NYJ,NYJ,1542.5962474848156,7.0,PIT,1322.6770224454594,27.0,0,-13,1.0,0,102.0,-113.0,0,0
PHI,5.0,2.0,0.4,12.2,61,11.2,56,-6.719999999999999,1.775621071222575,-4.1,-0.1297422693932236,2.2505494505494505,3.150909090909091,-0.9003596403596404,2.1769545422985117,27.0,135.0,26.0,31.8,159.0,24.0,NFC East,1,-4.8,-24,0.5,0.5534,8.544,5.786984707586212,1.6,1.2,0.7833333333333333,67.4,1.4,2.0,0.4389792663476874,0.6559999999999999,7.609999999999999,3.8816213669704127,2.2,0.8,0.7,66.6,1.8,0.4389792663476874,-0.1769545422985117,2013-10-13,2013,0.41114485868930717,0.32768961066012753,TAM,4.0,0.0,0.0,11.25,45,12.0,48,-43.6,-0.4018084066471166,-27.300000000000004,-0.4161833855799374,0.971474358974359,1.5044871794871795,-0.5330128205128204,1.2450368109012582,11.0,44.0,7.0,17.5,70.0,16.0,NFC South,-4,-6.5,-26,0.7777777777777778,0.4784999999999999,3.9925,3.60955522971652,0.75,0.25,0.625,85.25,2.0,0.0,0.37641178266178266,0.60675,4.925,3.5951802507836996,1.25,0.0,0.9375,55.0,2.0,0.37641178266178266,-1.2450368109012582,2013,0.10713745735383998,0.14624693242489517,PHI vs. TAM,TAM,1350.5735089062105,27.0,PHI,1463.432743969707,18.0,0,-11,2.5,0,126.0,-139.0,0,0
WAS,9.0,3.0,0.3333333333333333,11.333333333333334,102,11.0,99,-19.04444444444444,1.0628111369048436,-4.0,0.21522766180646466,2.283411033411033,2.9856513856513853,-0.7022403522403522,3.538436055029538,25.555555555555557,230.0,34.0,31.88888888888889,287.0,42.0,NFC East,-1,-6.333333333333333,-57,0.43169642857142854,0.6080000000000001,6.243333333333333,5.0741747732684805,1.3333333333333333,1.3333333333333333,0.6354166666666666,56.77777777777778,1.7777777777777777,0.0,0.44246456158220865,0.662,7.5055555555555555,4.226591298170102,2.111111111111111,1.3333333333333333,0.8518518518518519,48.666666666666664,1.7777777777777777,0.44246456158220865,-0.5384360550295382,2013-11-17,2013,0.3133912572211282,0.3517235529615706,PHI,10.0,5.0,0.5,11.9,119,11.7,117,-1.5499999999999994,0.965510857214355,-15.91,-0.0880839165384261,2.169080919080919,2.2765584415584414,-0.10747752247752247,4.8156451954542625,25.2,252.0,44.0,24.4,244.0,43.0,NFC East,2,0.8,8,0.4107142857142857,0.6024,8.994,4.976874493577991,2.1,0.7,0.7604166666666666,56.6,1.5,2.0,0.39307549175970224,0.6298999999999999,6.456,3.923279719825211,1.5,0.7,0.8111111111111111,67.3,1.7,0.39307549175970224,0.1843548045457375,2013,0.37656437932774156,0.3375446637568092,WAS vs. PHI,PHI,1500.0,1.0,WAS,1500.0,1.0,1,8,-4.5,1,-208.0,186.0,1,0
SFO,1.0,1.0,1.0,12.0,12,12.0,12,28.599999999999994,-1.3643048128342246,1.4000000000000057,-0.6955741626794261,2.8333333333333335,2.3333333333333335,0.5,0.6130497014027806,34.0,34.0,6.0,28.0,28.0,4.0,NFC West,1,6.0,6,0.5,0.6920000000000001,11.9,2.647058823529412,3.0,1.0,0.6666666666666666,85.0,0.0,2.0,0.5,0.568,9.11,3.3157894736842106,3.0,1.0,,44.0,2.0,0.5,0.3869502985972194,2013-09-15,2013,0.6934751492986098,0.1289834328657398,SEA,1.0,1.0,1.0,8.0,8,8.0,8,13.200000000000003,-1.3190559440559442,-3.9000000000000057,1.1424825174825175,1.5,0.875,0.625,0.7820105742674662,12.0,12.0,3.0,7.0,7.0,1.0,NFC West,1,5.0,5,0.5,0.758,9.7,2.6923076923076925,1.0,0.0,1.0,99.0,1.0,1.0,0.46153846153846156,0.696,6.04,5.153846153846154,1.0,0.0,,46.0,2.0,0.46153846153846156,0.21798942573253377,2013,0.4567460346497002,0.02724867821656672,SFO vs. SEA,SEA,1550.0,1.0,SFO,1550.0,1.0,1,26,-3.0,1,-153.0,138.0,1,0
TEN,5.0,3.0,0.6,11.4,57,12.4,62,-11.82,-0.12663312771766658,-21.779999999999998,0.10047795199969078,2.0454212454212453,1.4949999999999999,0.5504212454212454,2.956867723903052,23.0,115.0,19.0,19.0,95.0,16.0,AFC South,-1,4.0,20,0.7916666666666666,0.5814,6.7540000000000004,3.88473050864597,1.6,0.6,0.7333333333333333,62.2,0.6,8.0,0.38396825396825396,0.64,5.462,4.111841588363328,1.2,0.6,0.625,51.8,2.2,0.38396825396825396,0.04313227609694792,2013-10-13,2013,0.33620881840646316,0.20867779489532634,SEA,5.0,4.0,0.8,11.6,58,11.2,56,-14.419999999999998,0.6013657368913935,-32.760000000000005,0.04198687519377149,2.2897435897435896,1.4567982017982017,0.832945387945388,3.655880748753529,27.4,137.0,25.0,16.2,81.0,14.0,NFC West,-1,11.2,56,0.6041666666666666,0.5818,7.214,4.61272937325503,1.8,0.8,0.96,70.8,1.6,7.0,0.3109981684981685,0.5638,4.492,4.053350511557408,1.0,0.6,1.0,66.6,3.0,0.3109981684981685,0.3441192512464708,2013,0.46069993545228194,0.21720596256232355,TEN vs. SEA,SEA,1599.6590551721797,4.0,TEN,1558.8289219994792,7.0,1,7,-11.0,0,-564.0,471.0,0,0
TAM,7.0,0.0,0.0,11.142857142857142,78,11.142857142857142,78,-32.18571428571429,-0.25318241666167973,-2.9285714285714306,-0.5341754988306715,1.2824009324009324,2.197224997224997,-0.9148240648240649,1.9496959228413664,14.285714285714286,100.0,19.0,23.285714285714285,163.0,30.0,NFC South,-7,-9.0,-63,0.5722222222222223,0.5282857142857142,4.735714285714286,3.7581812197019566,1.1428571428571428,0.14285714285714285,0.7857142857142857,76.71428571428571,1.5714285714285714,-1.0,0.35506843763146284,0.6607142857142857,7.291428571428571,3.4771881375329654,1.8571428571428572,0.42857142857142855,0.9642857142857143,58.714285714285715,1.4285714285714286,0.35506843763146284,-1.9496959228413664,2013-11-03,2013,0.1757431821721869,0.2225441800636612,SEA,8.0,7.0,0.875,11.25,90,11.0,88,-6.175,0.33757233555712085,-39.925,-0.18151055763124757,2.222125097125097,1.4224938256188255,0.7996312715062716,5.868511532911527,25.625,205.0,37.0,15.625,125.0,24.0,NFC West,3,10.0,80,0.5636054421768707,0.6035,7.59875,4.348935971920757,1.75,0.875,0.9714285714285714,71.5,1.5,9.0,0.3380947177822178,0.5695,3.6662500000000002,3.829853078732389,0.75,0.5,0.9642857142857143,56.5,2.625,0.3380947177822178,1.1314884670884728,2013,0.4692570462253799,0.2772098341052889,TAM vs. SEA,SEA,1694.4406504758829,2.0,TAM,1258.1943200298012,25.0,1,3,-16.0,0,-1500.0,1025.0,0,0
SEA,12.0,11.0,0.9166666666666666,10.75,129,10.666666666666666,128,4.0583333333333345,0.333300862878439,-31.425,-0.12621390585680145,2.6373931623931623,1.4497181059681061,1.1876750564250564,9.20472971887298,28.333333333333332,340.0,60.0,15.5,186.0,35.0,NFC West,7,12.833333333333334,154,0.47596746687655783,0.6408333333333334,8.700833333333334,4.344664499242076,1.9166666666666667,0.9166666666666666,0.9818181818181819,73.41666666666667,1.25,12.0,0.40292173104673107,0.5886666666666667,4.196666666666666,3.885149730506835,1.0833333333333333,0.3333333333333333,0.975,53.166666666666664,2.25,0.40292173104673107,1.7952702811270207,2013-12-08,2013,0.5347003984932954,0.2915588931246391,SFO,12.0,8.0,0.6666666666666666,11.25,135,11.583333333333334,139,-12.75,0.12478553564032657,-30.508333333333336,-0.065542769191218,2.329207251082251,1.425848225848226,0.9033590252340252,7.742540329330454,24.75,297.0,50.0,16.416666666666668,197.0,37.0,NFC West,2,8.333333333333334,100,0.5082415059687787,0.5715833333333333,7.126666666666666,4.136149172003964,1.25,1.3333333333333333,0.8666666666666666,54.0,1.4166666666666667,6.0,0.3657425907425907,0.5694166666666667,4.8500000000000005,3.9458208671724186,1.0,0.75,0.8666666666666666,57.833333333333336,1.9166666666666667,0.3657425907425907,0.25745967066954556,2013,0.37831665650214646,0.24971583202324532,SEA vs. SFO,SFO,1550.0,1.0,SEA,1550.0,1.0,1,2,-2.5,0,-130.0,118.0,1,0
SFO,2.0,14.0,7.0,10.722222222222221,193,11.166666666666666,201,-11.822222222222223,0.36434536411172935,-25.927777777777777,-0.1759909633870308,2.47779296320963,1.5214655714655716,0.9563273917440583,11.929754184293488,25.11111111111111,452.0,81.0,16.77777777777778,302.0,56.0,NFC West,8,8.333333333333334,150,0.5304350877880291,0.5722777777777778,7.247222222222222,4.375709000475366,1.2777777777777777,1.1111111111111112,0.9010416666666666,49.72222222222222,1.0555555555555556,13.0,0.3765173098506432,0.5887777777777777,5.322222222222222,3.835372672976606,1.1666666666666667,0.6666666666666666,0.8777777777777778,53.94444444444444,1.7777777777777777,0.3765173098506432,2.070245815706512,2014-01-19,2013,0.8541189406016255,0.4276959345262803,SEA,1.0,14.0,14.0,11.0,187,10.941176470588236,186,-4.394117647058823,0.28399182252093147,-34.258823529411764,-0.39633237125813614,2.389596677831972,1.3403604565369271,1.049236221295045,12.524719705990528,25.88235294117647,440.0,79.0,14.470588235294118,246.0,48.0,NFC West,2,11.411764705882353,194,1.2122779997779998,0.6199411764705882,7.773529411764706,4.2953554588845675,1.588235294117647,0.9411764705882353,0.95625,72.6470588235294,1.1176470588235294,21.0,0.370657528745764,0.5875294117647059,3.715294117647059,3.6150312651055003,1.0,0.29411764705882354,0.9107142857142857,55.76470588235294,2.3529411764705883,0.370657528745764,1.4752802940094725,2013,1.0457066482713815,0.38071749522825094,SFO vs. SEA,SEA,1550.0,1.0,SFO,1550.0,1.0,1,26,-3.0,1,-153.0,138.0,1,0
SFO,6.0,4.0,0.6666666666666666,12.166666666666666,73,12.0,72,-19.166666666666668,0.4819327172655343,-31.46666666666667,-0.33138443303616927,1.9465458152958153,1.6702991452991454,0.27624666999667,3.346064534763875,24.166666666666668,145.0,24.0,19.666666666666668,118.0,20.0,NFC West,3,4.5,27,0.5866666666666667,0.5401666666666667,6.53,4.493296353629171,1.3333333333333333,1.3333333333333333,0.7333333333333333,65.16666666666667,1.8333333333333333,2.0,0.34155844155844156,0.5443333333333333,5.086666666666667,3.6799792033274676,1.1666666666666667,1.1666666666666667,0.7916666666666666,51.666666666666664,2.1666666666666665,0.34155844155844156,0.6539354652361249,2013-10-20,2013,0.36459920357458214,0.2617562715387095,TEN,6.0,3.0,0.5,11.0,66,11.833333333333334,71,-19.05,-0.22408821249199495,-18.499999999999996,0.17779728323206556,1.9452584452584452,1.6162037037037038,0.3290547415547415,3.2217090442425023,21.333333333333332,128.0,21.0,19.166666666666668,115.0,20.0,AFC South,-2,2.1666666666666665,13,0.7933333333333333,0.5821666666666666,6.013333333333333,3.7872754238716415,1.3333333333333333,0.5,0.7777777777777777,59.166666666666664,0.8333333333333334,8.0,0.37552910052910055,0.657,5.911666666666666,4.189160919595702,1.0,0.8333333333333334,0.7,54.0,2.1666666666666665,0.37552910052910055,-0.22170904424250226,2013,0.3064245203810794,0.2243329087210093,SFO vs. TEN,TEN,1514.677949038562,12.0,SFO,1599.0506628014466,6.0,0,-14,3.0,0,139.0,-154.0,0,0
SFO,10.0,6.0,0.6,11.4,114,11.6,116,-19.48,0.44504567307142223,-27.919999999999998,-0.15330167267981126,2.3195941558441557,1.5428360528360527,0.7767581030081031,5.97557998783746,24.7,247.0,40.0,17.8,178.0,32.0,NFC West,-2,6.9,69,0.5373456790123456,0.5555,6.37,4.456409309435059,1.1,1.5,0.8333333333333333,53.8,1.5,6.0,0.376986346986347,0.5718,5.246,3.858061963683826,1.1,0.9,0.8333333333333333,55.9,2.1,0.376986346986347,0.024420012162540417,2013-11-25,2013,0.3517340355144751,0.24894951757689768,WAS,10.0,3.0,0.3,11.3,113,11.0,110,-19.36,1.0580252385253641,-3.5200000000000005,0.17438671380763626,2.2005244755244755,2.905268065268065,-0.7047435897435896,3.8151236228540353,24.6,246.0,36.0,31.1,311.0,46.0,NFC East,-2,-6.5,-65,0.4392857142857143,0.5958,6.279,5.069388874889,1.4,1.2,0.6354166666666666,55.0,1.8,-2.0,0.4452769289533995,0.6612,7.817,4.185750350171273,1.9,1.5,0.8666666666666666,50.6,1.6,0.4452769289533995,-0.8151236228540353,2013,0.2926155305993405,0.3422766484988312,SFO vs. WAS,WAS,1377.6857145625588,25.0,SFO,1543.9712588288824,9.0,0,-21,5.5,0,222.0,-250.0,0,0
SFO,13.0,9.0,0.6923076923076923,11.153846153846153,145,11.461538461538462,149,-14.492307692307692,0.18657359467032475,-29.823076923076922,-0.08144203322120337,2.296191308691309,1.4469368238599007,0.8492544848314079,8.308062542431722,24.307692307692307,316.0,55.0,16.46153846153846,214.0,40.0,NFC West,3,7.846153846153846,102,0.542276936026936,0.5673846153846154,6.923076923076923,4.197937231033961,1.2307692307692308,1.2307692307692308,0.8787878787878788,55.23076923076923,1.3846153846153846,6.0,0.367194344117421,0.5717692307692308,4.947692307692307,3.929921603142433,1.0,0.7692307692307693,0.8787878787878788,59.92307692307692,1.8461538461538463,0.367194344117421,0.6919374575682777,2013-12-15,2013,0.39949950141445906,0.2620947332486996,TAM,13.0,4.0,0.3076923076923077,11.153846153846153,145,11.23076923076923,146,-20.299999999999997,-0.22824625129378992,-15.623076923076924,-0.1718849833961399,1.6764210148825534,2.0947595139902835,-0.41833849910772997,5.256560051707714,18.76923076923077,244.0,43.0,22.384615384615383,291.0,54.0,NFC South,1,-3.6153846153846154,-47,0.5575968013468013,0.5743076923076923,5.729230769230768,3.7831173850698465,1.3846153846153846,0.38461538461538464,0.782051282051282,76.92307692307692,1.2307692307692308,13.0,0.3226092786047537,0.6375384615384616,5.952307692307692,3.839478652967497,1.8461538461538463,0.46153846153846156,0.9791666666666666,59.30769230769231,2.230769230769231,0.3226092786047537,-1.256560051707714,2013,0.267887489536641,0.30566162128966456,SFO vs. TAM,TAM,1480.869345366291,24.0,SFO,1685.0245537102176,6.0,0,-19,4.5,0,196.0,-219.0,0,0
