Aw_Tm,Aw_G,Aw_W,Aw_Wpct,Aw_Poss,Aw_TotPoss,Aw_OppPoss,Aw_TotOppPoss,Aw_PassOffEff,Aw_RushOffEff,Aw_PassDefEff,Aw_RushDefEff,Aw_TmOffEff,Aw_TmDefEff,Aw_TmEff,Aw_TmLuckW,Aw_Pts,Aw_TotPts,Aw_TotScorePlays,Aw_OppPts,Aw_TotOppPts,Aw_TotOppScorePlays,Aw_TmDiv,Aw_WStreak,Aw_AvgMoV,Aw_TotPtDiff,Aw_OppSOS,Aw_PassCmppct,Aw_PassAdjYdsAtt,Aw_RushYdsAtt,Aw_PassTDG,Aw_RushTDG,Aw_FGpct,Aw_PenYdsG,Aw_TOVG,Aw_TO,Aw_Dwn3Conv,Aw_OppPassCmppct,Aw_OppPassAdjYdsAtt,Aw_OppRushYdsAtt,Aw_OppPassTDG,Aw_OppRushTDG,Aw_OppFGpct,Aw_OppPenYdsG,Aw_OppTOVG,Aw_OppDwn3Conv,Aw_TmLuck,Game Date,Aw_Season,Aw_OffEffAdj,Aw_DefEffAdj,Hm_Tm,Hm_G,Hm_W,Hm_Wpct,Hm_Poss,Hm_TotPoss,Hm_OppPoss,Hm_TotOppPoss,Hm_PassOffEff,Hm_RushOffEff,Hm_PassDefEff,Hm_RushDefEff,Hm_TmOffEff,Hm_TmDefEff,Hm_TmEff,Hm_TmLuckW,Hm_Pts,Hm_TotPts,Hm_TotScorePlays,Hm_OppPts,Hm_TotOppPts,Hm_TotOppScorePlays,Hm_TmDiv,Hm_WStreak,Hm_AvgMoV,Hm_TotPtDiff,Hm_OppSOS,Hm_PassCmppct,Hm_PassAdjYdsAtt,Hm_RushYdsAtt,Hm_PassTDG,Hm_RushTDG,Hm_FGpct,Hm_PenYdsG,Hm_TOVG,Hm_TO,Hm_Dwn3Conv,Hm_OppPassCmppct,Hm_OppPassAdjYdsAtt,Hm_OppRushYdsAtt,Hm_OppPassTDG,Hm_OppRushTDG,Hm_OppFGpct,Hm_OppPenYdsG,Hm_OppTOVG,Hm_OppDwn3Conv,Hm_TmLuck,Hm_Season,Hm_OffEffAdj,Hm_DefEffAdj,Matchup,Home Team,Home Pts,Home Elo,Home Lg Rank,Away Team,Away Pts,Away Elo,Away Lg Rank,Home W,Home Pt Diff,Home Spread,Home Spread W,Home Moneyline,Away Moneyline,Divisional Game,Playoff Game
LAR,1.0,0.0,0.0,9.0,9,10.0,10,-15.900000000000006,-0.5913043478260871,-17.599999999999994,1.0580645161290319,2.2222222222222223,2.6,-0.37777777777777777,0.34937142863332393,20.0,20.0,4.0,26.0,26.0,5.0,NFC West,-1,-6.0,-6,0.5,0.6940000000000001,5.69,3.608695652173913,1.0,1.0,1.0,50.0,1.0,0.0,0.4166666666666667,0.643,6.25,5.258064516129032,1.0,2.0,1.0,56.0,1.0,0.4166666666666667,-0.34937142863332393,2024-09-15,2024,0.2891682539407449,-0.17468571431666202,ARI,1.0,0.0,0.0,8.0,8,9.0,9,-11.099999999999994,0.7599999999999998,35.900000000000006,-0.2606060606060612,3.5,3.7777777777777777,-0.2777777777777777,0.3869502985972193,28.0,28.0,4.0,34.0,34.0,6.0,NFC West,-1,-6.0,-6,0.5,0.677,5.35,4.96,1.0,1.0,1.0,31.0,1.0,0.0,0.5384615384615384,0.7829999999999999,11.39,3.939393939393939,2.0,2.0,1.0,65.0,1.0,0.5384615384615384,-0.3869502985972193,2024,0.30652485070139035,-0.25796686573147953,LAR vs. ARI,ARI,41,1450.0,17.0,LAR,10,1450.0,17.0,1,31,1.0,1,-108.0,-112.0,1,0
DET,2.0,1.0,0.5,10.0,20,9.5,19,-27.099999999999998,1.0031063321385898,-16.800000000000004,-0.8739130434782609,2.1,2.111111111111111,-0.011111111111111072,1.021413668020309,21.0,42.0,9.0,20.0,40.0,8.0,NFC North,-1,1.0,2,1.0,0.634,5.215,5.20310633213859,0.5,1.5,1.0,63.5,1.5,-1.0,0.43665158371040724,0.663,6.03,3.3260869565217392,1.0,1.0,1.0,42.5,1.0,0.43665158371040724,-0.021413668020308974,2024-09-22,2024,0.4451819246954305,0.20601817515361914,ARI,2.0,1.0,0.5,8.0,16,9.0,18,23.150000000000006,1.1675,13.150000000000006,-0.9053030303030307,4.3125,2.4444444444444446,1.8680555555555558,1.3528593947706609,34.5,69.0,10.0,22.0,44.0,8.0,NFC West,1,12.5,25,0.0,0.7435,10.245000000000001,5.3675,2.0,1.0,1.0,41.5,1.0,0.0,0.5874125874125874,0.7435,9.25,3.2946969696969695,1.0,1.5,1.0,37.5,1.0,0.5874125874125874,-0.35285939477066086,2024,0.5147314391341685,0.14380902338429757,DET vs. ARI,ARI,13,1500.0,10.0,DET,20,1500.0,10.0,0,-7,3.0,0,124.0,-148.0,0,0
WAS,3.0,2.0,0.6666666666666666,7.0,21,7.333333333333333,22,8.833333333333329,0.5059523809523808,23.63333333333333,1.0656565656565653,3.944444444444444,3.9702380952380953,-0.025793650793650997,1.361925676142139,26.333333333333332,79.0,16.0,29.333333333333332,88.0,16.0,NFC East,2,-3.0,-9,0.0,0.8046666666666665,8.823333333333332,4.7059523809523816,0.6666666666666666,2.0,0.6666666666666666,49.333333333333336,0.0,1.0,0.4351851851851852,0.7113333333333335,9.823333333333332,5.265656565656566,3.0,0.6666666666666666,0.8333333333333333,27.333333333333332,0.3333333333333333,0.4351851851851852,0.638074323857861,2024-09-29,2024,0.9239553838369171,0.6395331694200875,ARI,3.0,1.0,0.3333333333333333,9.0,27,9.333333333333334,28,7.300000000000002,0.8042592592592591,12.500000000000005,-0.5539229504345787,3.268939393939394,2.2962962962962963,0.9726430976430978,1.6177007151101108,27.333333333333332,82.0,13.0,21.333333333333332,64.0,11.0,NFC West,-1,6.0,18,0.25,0.7016666666666667,8.546666666666667,5.00425925925926,1.6666666666666667,0.6666666666666666,1.0,37.666666666666664,1.0,0.0,0.42864542864542865,0.7566666666666667,8.790000000000001,3.6460770495654216,1.3333333333333333,1.3333333333333333,1.0,51.333333333333336,1.0,0.42864542864542865,-0.6177007151101108,2024,0.3823443296736859,0.18101538254510452,WAS vs. ARI,ARI,14,1450.0,15.0,WAS,42,1537.8712080630237,6.0,0,-28,-3.5,0,-180.0,150.0,0,0
ARI,4.0,1.0,0.25,8.75,35,9.25,37,5.375,0.9672569444444443,8.425000000000004,-0.005982753366474691,2.8892045454545454,2.888888888888889,0.00031565656565657463,1.6866006753823162,24.0,96.0,15.0,26.5,106.0,18.0,NFC West,-2,-2.5,-10,0.38888888888888884,0.708,7.945,5.1672569444444445,1.5,0.75,1.0,48.75,1.0,0.0,0.41239316239316237,0.78425,8.325,4.194017246633526,1.25,2.0,1.0,50.75,1.0,0.41239316239316237,-0.6866006753823162,2024-10-06,2024,0.35500707049475183,0.28135937731836697,SFO,4.0,2.0,0.5,9.25,37,9.75,39,3.075000000000003,0.16781346749225978,-8.349999999999998,-0.08170546558704483,2.813888888888889,2.217361111111111,0.5965277777777778,2.4125077334516805,25.75,103.0,20.0,20.5,82.0,16.0,NFC West,1,5.25,21,0.4444444444444444,0.6805,9.0625,4.36781346749226,1.25,1.0,0.875,56.0,1.25,2.0,0.4363636363636364,0.6295,7.105,4.118294534412955,1.5,0.75,1.0,39.5,1.75,0.4363636363636364,-0.41250773345168046,2024,0.48479625223625944,0.26538382221008405,ARI vs. SFO,SFO,23,1488.008106127738,10.0,ARI,24,1412.38277960106,23.0,0,-1,-7.0,0,-325.0,260.0,1,0
ARI,5.0,2.0,0.4,8.8,44,9.2,46,-0.04000000000000057,1.2338055555555554,-1.1599999999999966,0.33213687422989724,2.8446969696969697,2.822222222222222,0.02247474747474749,2.2117958891885094,24.0,120.0,20.0,25.8,129.0,22.0,NFC West,1,-1.8,-9,0.41666666666666663,0.693,7.45,5.433805555555556,1.4,0.8,0.9375,40.0,1.0,2.0,0.3899145299145299,0.736,7.58,4.532136874229897,1.2,1.6,1.0,44.8,1.4,0.3899145299145299,-0.21179588918850945,2024-10-13,2024,0.43529128280104457,0.3623499584254469,GNB,5.0,3.0,0.6,10.8,54,10.8,54,-0.180000000000004,1.0987659868692636,-19.639999999999997,0.37647550248169415,2.402222222222222,1.9632611832611833,0.43896103896103894,3.114175873143349,25.6,128.0,23.0,21.6,108.0,17.0,NFC North,1,4.0,20,0.3125,0.6394,8.360000000000001,5.298765986869264,2.0,0.6,0.7,60.6,1.4,7.0,0.3352877514642221,0.6422000000000001,5.524,4.576475502481694,1.8,0.8,0.8333333333333334,35.4,2.8,0.3352877514642221,-0.1141758731433491,2024,0.41619983302852953,0.2446630005798632,ARI vs. GNB,GNB,34,1538.916817044012,5.0,ARI,13,1473.097454163158,15.0,1,21,-5.5,1,-238.0,195.0,0,0
LAC,5.0,3.0,0.6,10.0,50,10.4,52,-5.74,-0.15882420698210184,-17.640000000000004,0.1800837155675862,1.8199999999999998,1.3256565656565658,0.4943434343434342,2.94650668077235,18.2,91.0,19.0,13.2,66.0,13.0,AFC West,1,5.0,25,0.65,0.6529999999999999,6.554,4.041175793017898,1.2,0.6,0.9,41.0,0.4,7.0,0.4041394716394716,0.6924,5.308,4.3800837155675865,1.0,0.4,0.7333333333333333,39.4,1.8,0.4041394716394716,0.053493319227650105,2024-10-21,2024,0.3840654922613014,0.2026746659613825,ARI,6.0,2.0,0.3333333333333333,9.0,54,9.166666666666666,55,-0.4166666666666667,0.9730988325281803,2.2833333333333363,0.3618684478231599,2.5872474747474747,2.9814814814814814,-0.3942340067340067,2.3047114453140214,22.166666666666668,133.0,23.0,27.166666666666668,163.0,28.0,NFC West,-1,-5.0,-30,0.4533333333333333,0.6921666666666667,7.426666666666667,5.17309883252818,1.3333333333333333,0.6666666666666666,0.95,50.0,1.3333333333333333,0.0,0.39159544159544163,0.7279999999999999,7.843333333333334,4.5618684478231595,1.6666666666666667,1.3333333333333333,0.9333333333333333,44.0,1.3333333333333333,0.39159544159544163,-0.3047114453140214,2024,0.40429517517832564,0.39838811979153754,LAC vs. ARI,ARI,17,1432.457910439715,18.0,LAC,15,1561.3188843703497,11.0,1,2,1.0,1,102.0,-122.0,0,0
ARI,7.0,3.0,0.42857142857142855,9.0,63,9.142857142857142,64,-5.071428571428571,1.1257103293591297,1.3428571428571456,0.09328983839387726,2.4874819624819624,2.7936507936507935,-0.3061688311688312,2.8783315578346436,21.428571428571427,150.0,26.0,25.428571428571427,178.0,33.0,NFC West,1,-4.0,-28,0.4777777777777778,0.6701428571428572,7.025714285714286,5.32571032935913,1.2857142857142858,0.7142857142857143,0.9583333333333334,45.0,1.2857142857142858,1.0,0.3764695621838479,0.7228571428571428,7.954285714285715,4.293289838393878,1.4285714285714286,1.1428571428571428,0.9444444444444445,45.857142857142854,1.4285714285714286,0.3764695621838479,0.12166844216535644,2024-10-27,2024,0.4198716088351457,0.45092647007021597,MIA,6.0,2.0,0.3333333333333333,11.0,66,10.833333333333334,65,-26.049999999999997,-0.22000053137786302,-23.650000000000002,0.6518844623535699,1.0631313131313131,2.053370240870241,-0.9902389277389277,1.732248241438846,11.666666666666666,70.0,16.0,21.5,129.0,24.0,AFC East,-1,-9.833333333333334,-59,0.55,0.6136666666666667,5.066666666666666,3.9799994686221374,0.5,0.5,0.736111111111111,73.33333333333333,1.3333333333333333,-3.0,0.29974747474747476,0.5895,5.71,4.85188446235357,0.5,1.5,0.75,61.166666666666664,0.8333333333333334,0.29974747474747476,0.26775175856115396,2024,0.25324249529540016,0.3241693389883787,ARI vs. MIA,MIA,27,1407.9278564695571,20.0,ARI,28,1500.1964816660986,17.0,0,-1,-4.0,0,-198.0,164.0,0,0
CHI,7.0,4.0,0.5714285714285714,10.428571428571429,73,11.0,77,-16.32857142857143,-0.11161875890939964,-29.214285714285715,0.49741048425258944,2.3042568542568547,1.5782273282273283,0.726029526029526,4.203728365588885,23.285714285714285,163.0,26.0,17.0,119.0,26.0,NFC North,-1,6.285714285714286,44,0.4162698412698413,0.6255714285714286,5.752857142857144,4.088381241090601,1.2857142857142858,1.2857142857142858,0.75,48.57142857142857,1.1428571428571428,5.0,0.32193436815285553,0.6102857142857143,4.9957142857142856,4.697410484252591,0.7142857142857143,0.8571428571428571,0.85,54.0,1.8571428571428572,0.32193436815285553,-0.2037283655888853,2024-11-03,2024,0.3457985567410743,0.2795975185430222,ARI,8.0,4.0,0.5,8.875,71,8.875,71,-2.4000000000000004,0.8542273074200077,0.8125000000000018,0.3066286085946426,2.614046717171717,2.9265873015873014,-0.3125405844155844,3.399866057108818,22.25,178.0,31.0,25.625,205.0,38.0,NFC West,2,-3.375,-27,0.45714285714285713,0.676625,7.3525,5.054227307420008,1.375,0.75,0.9642857142857143,43.0,1.125,1.0,0.3967185592185592,0.724625,7.7725,4.506628608594642,1.375,1.25,0.9523809523809524,42.0,1.25,0.3967185592185592,0.600133942891182,2024,0.46937350744652573,0.5084596651934241,CHI vs. ARI,ARI,29,1537.221564667335,15.0,CHI,9,1515.2676613080191,13.0,1,20,-1.5,1,-120.0,100.0,0,0
NYJ,9.0,3.0,0.3333333333333333,10.0,90,9.666666666666666,87,-8.866666666666667,-0.2782854974502573,-21.12222222222222,0.11543742053079914,2.0012345679012347,2.1016313932980597,-0.10039682539682532,4.382890063332106,19.0,171.0,30.0,20.333333333333332,183.0,36.0,AFC East,1,-1.3333333333333333,-12,0.49910714285714286,0.6334444444444444,6.551111111111111,3.9217145025497424,1.7777777777777777,0.5555555555555556,0.6071428571428571,72.22222222222223,1.1111111111111112,-3.0,0.4069716775599128,0.5738888888888889,5.723333333333333,4.3154374205308,0.6666666666666666,1.2222222222222223,0.8333333333333334,61.0,0.7777777777777778,0.4069716775599128,-1.3828900633321064,2024-11-10,2024,0.2821151828395516,0.3042349396169146,ARI,9.0,5.0,0.5555555555555556,9.222222222222221,83,8.88888888888889,80,-3.822222222222223,0.9887249268570003,-3.244444444444443,0.1392254298619045,2.592115600448934,2.712522045855379,-0.12040644540644545,4.341069104574258,23.0,207.0,36.0,23.77777777777778,214.0,41.0,NFC West,3,-0.7777777777777778,-7,0.4714285714285714,0.6736666666666666,7.296666666666667,5.188724926857001,1.2222222222222223,1.0,0.96875,39.888888888888886,1.2222222222222223,-1.0,0.3953737620404287,0.7037777777777777,7.375555555555555,4.339225429861904,1.2222222222222223,1.1111111111111112,0.9583333333333334,41.0,1.1111111111111112,0.3953737620404287,0.6589308954257422,2024,0.4654906455626864,0.4930780093228547,NYJ vs. ARI,ARI,31,1584.066342251933,12.0,NYJ,6,1410.1460057785866,21.0,1,25,2.0,1,110.0,-130.0,0,0
ARI,10.0,6.0,0.6,8.9,89,8.7,87,-0.8900000000000006,0.9292274341713004,-5.949999999999998,0.17000876922865524,2.849570707070707,2.526984126984127,0.3225865800865801,5.321074188856285,23.8,238.0,41.0,22.0,220.0,43.0,NFC West,4,1.8,18,0.45608465608465604,0.6980000000000001,7.7299999999999995,5.1292274341713,1.2,1.2,0.9722222222222222,41.7,1.1,0.0,0.4272649572649573,0.6963,7.0040000000000004,4.370008769228655,1.1,1.0,0.9629629629629629,39.4,1.1,0.4272649572649573,0.6789258111437153,2024-11-24,2024,0.49195051489538466,0.47838368951629856,SEA,10.0,5.0,0.5,10.7,107,10.6,106,-13.1,0.12391205823834679,-6.4899999999999975,0.42614714724273545,2.1893217893217893,2.3428571428571425,-0.15353535353535358,4.988633205080197,23.0,230.0,38.0,23.8,238.0,41.0,NFC West,1,-0.8,-8,0.5757495590828925,0.6969000000000001,6.267,4.3239120582383475,1.1,1.3,0.7962962962962963,59.1,1.6,-6.0,0.351765318015318,0.6837,7.101000000000001,4.626147147242735,1.5,1.0,0.7962962962962963,63.6,1.0,0.351765318015318,0.011366794919802636,2024,0.35554386748313316,0.34855286659595464,ARI vs. SEA,SEA,16,1496.108933187237,14.0,ARI,6,1610.9375668855612,10.0,1,10,1.0,1,-105.0,-115.0,1,0
ARI,11.0,6.0,0.5454545454545454,9.090909090909092,100,8.636363636363637,95,-3.272727272727273,0.7811158492466366,-6.49090909090909,0.009098881116959305,2.6401056014692377,2.479076479076479,0.16102912239275877,5.4101829917994015,22.181818181818183,244.0,43.0,21.454545454545453,236.0,45.0,NFC West,-1,0.7272727272727273,8,0.46047619047619043,0.6935454545454545,7.528181818181818,4.9811158492466365,1.0909090909090908,1.0909090909090908,0.9416666666666667,43.36363636363637,1.0909090909090908,0.0,0.41114996114996116,0.6975454545454546,6.9390909090909085,4.209098881116959,1.0909090909090908,0.9090909090909091,0.9666666666666666,40.45454545454545,1.0909090909090908,0.41114996114996116,0.5898170082005985,2024-12-01,2024,0.4530564830478416,0.456020828104332,MIN,11.0,9.0,0.8181818181818182,10.090909090909092,111,11.090909090909092,122,0.3454545454545465,-0.06166753830834812,-20.272727272727273,-0.739520176129028,2.4935458480913026,1.64016539016539,0.8533804579259126,7.467585834713478,24.90909090909091,274.0,49.0,17.90909090909091,197.0,33.0,NFC North,4,7.0,77,0.5644444444444445,0.6830909090909091,7.904545454545455,4.138332461691652,1.9090909090909092,0.5454545454545454,0.9,50.09090909090909,1.6363636363636365,4.0,0.3979762661580844,0.6479090909090909,5.612727272727273,3.460479823870972,1.5454545454545454,0.45454545454545453,0.7037037037037037,62.90909090909091,2.0,0.3979762661580844,1.5324141652865224,2024,0.5029388158059293,0.2835839548840948,ARI vs. MIN,MIN,23,1668.458585846166,3.0,ARI,22,1544.9889164141446,12.0,1,1,-3.5,0,-185.0,154.0,0,0
SEA,12.0,7.0,0.5833333333333334,10.416666666666666,125,10.583333333333334,127,-12.733333333333334,-0.0757254587144212,-10.049999999999997,0.2999638925435493,2.207768157768158,2.172835497835498,0.03493265993265989,6.5234327518582855,22.666666666666668,272.0,44.0,22.083333333333332,265.0,45.0,NFC West,3,0.5833333333333334,7,0.5504066640430276,0.6936666666666667,6.270833333333333,4.124274541285579,1.0833333333333333,1.1666666666666667,0.8333333333333333,57.666666666666664,1.5833333333333333,-6.0,0.36044545732045735,0.6686666666666666,6.7275,4.4999638925435494,1.4166666666666667,0.8333333333333334,0.7833333333333333,64.91666666666667,1.0833333333333333,0.36044545732045735,0.4765672481417145,2024-12-08,2024,0.3659793059454903,0.33887501716953883,ARI,12.0,6.0,0.5,9.25,111,8.666666666666666,104,-5.358333333333333,0.7800013564330728,-5.316666666666666,0.036118418801657115,2.586763468013468,2.4854497354497354,0.10131373256373259,5.883869655104317,22.166666666666668,266.0,49.0,21.583333333333332,259.0,50.0,NFC West,-2,0.5833333333333334,7,0.4929948839039748,0.6931666666666666,7.2375,4.980001356433073,1.0833333333333333,1.0,0.9318181818181818,47.75,1.1666666666666667,-1.0,0.40893874643874645,0.6958333333333333,7.019166666666667,4.236118418801657,1.1666666666666667,0.8333333333333334,0.9469696969696969,41.75,1.0833333333333333,0.40893874643874645,0.11613034489568275,2024,0.4457135036785949,0.44535778625383343,SEA vs. ARI,ARI,18,1610.9375668855612,10.0,SEA,30,1496.108933187237,14.0,0,-12,-3.0,0,-175.0,145.0,1,0
NWE,13.0,3.0,0.23076923076923078,10.0,130,9.923076923076923,129,-21.292307692307695,0.3626757252295973,-3.453846153846155,0.010341772551996599,1.7114231921924228,2.453517636209944,-0.742094444017521,4.837910064384674,17.0,221.0,43.0,23.615384615384617,307.0,54.0,AFC East,-3,-6.615384615384615,-86,0.43664021164021166,0.6352307692307693,5.006923076923077,4.562675725229598,1.0,0.6153846153846154,0.7722222222222221,55.23076923076923,1.3076923076923077,-6.0,0.3532790927021697,0.6457692307692308,7.447692307692307,4.210341772551997,1.6923076923076923,0.8461538461538461,0.8012820512820512,43.84615384615385,0.8461538461538461,0.3532790927021697,-1.8379100643846744,2024-12-15,2024,0.28400583859849643,0.3272229317371661,ARI,13.0,6.0,0.46153846153846156,9.307692307692308,121,8.846153846153847,115,-6.615384615384615,0.8016066032626358,-4.130769230769231,0.1469877215737381,2.5262432012432012,2.5040515040515037,0.02219169719169723,6.113454526174878,21.846153846153847,284.0,52.0,22.23076923076923,289.0,56.0,NFC West,-3,-0.38461538461538464,-5,0.5005230880230881,0.6904615384615383,7.055384615384615,5.001606603262636,1.1538461538461537,0.9230769230769231,0.8958333333333334,47.84615384615385,1.2307692307692308,-3.0,0.40312294543063776,0.7038461538461539,7.127692307692308,4.346987721573738,1.1538461538461537,0.9230769230769231,0.9513888888888888,43.30769230769231,1.0,0.40312294543063776,-0.11345452617487783,2024,0.4260015032669462,0.44524852610983734,NWE vs. ARI,ARI,30,1472.2457201669883,12.0,NWE,17,1276.7893011837918,29.0,1,13,-6.0,1,-258.0,210.0,0,0
ARI,14.0,7.0,0.5,9.142857142857142,128,8.785714285714286,123,-6.364285714285714,0.8081882744581618,-3.9499999999999997,0.18172669384228057,2.6519197072768503,2.4769763966192535,0.17494331065759638,6.906949453348577,22.428571428571427,314.0,57.0,21.857142857142858,306.0,59.0,NFC West,1,0.5714285714285714,8,0.47977279131125283,0.6969285714285715,7.069285714285714,5.0081882744581625,1.0714285714285714,1.0,0.9038461538461539,46.92857142857143,1.1428571428571428,-2.0,0.4219474969474969,0.7125714285714285,7.146428571428571,4.381726693842281,1.1428571428571428,0.9285714285714286,0.9166666666666666,43.42857142857143,1.0,0.4219474969474969,0.09305054665142265,2024-12-22,2024,0.44827225511112223,0.44860045426970613,CAR,14.0,3.0,0.21428571428571427,10.5,147,10.285714285714286,144,-27.32857142857143,0.11804372577691431,3.6857142857142873,0.7587785861790023,1.7381521256521257,3.001339929911359,-1.263187804259233,3.9491830300212905,17.642857142857142,247.0,47.0,29.857142857142858,418.0,76.0,NFC South,-4,-12.214285714285714,-171,0.5294470486778179,0.6220714285714285,4.533571428571428,4.318043725776914,1.0714285714285714,0.8571428571428571,0.9181818181818181,58.785714285714285,1.5714285714285714,-8.0,0.33796649778792637,0.6851428571428572,7.62,4.958778586179002,1.9285714285714286,1.3571428571428572,0.7730769230769231,57.142857142857146,1.0,0.33796649778792637,-0.9491830300212905,2024,0.29805072769144775,0.45429667148729264,ARI vs. CAR,CAR,36,1301.0229814995198,26.0,ARI,30,1496.7516758705583,16.0,1,6,5.5,1,200.0,-245.0,0,0
ARI,15.0,7.0,0.4666666666666667,9.266666666666667,139,8.933333333333334,134,-7.64,0.9478722745517556,-3.2800000000000002,0.33961158091946186,2.656943241943242,2.5300264550264546,0.1269167869167869,7.300573937203918,22.933333333333334,344.0,63.0,22.8,342.0,65.0,NFC West,-1,0.13333333333333333,2,0.4608094286665715,0.6921333333333333,6.9126666666666665,5.147872274551756,1.0666666666666667,1.0666666666666667,0.9107142857142857,49.266666666666666,1.2,-4.0,0.4245868945868946,0.7086666666666666,7.1546666666666665,4.539611580919462,1.2,1.0666666666666667,0.9226190476190476,44.8,0.9333333333333333,0.4245868945868946,-0.300573937203918,2024-12-28,2024,0.4441553198830471,0.4430162657123111,LAR,15.0,9.0,0.6,9.133333333333333,137,9.466666666666667,142,-6.226666666666668,-0.21538366426825986,-4.266666666666666,0.21512497542980316,2.499925444925445,2.5485632885632885,-0.04863784363784367,7.729362627537405,21.933333333333334,329.0,57.0,23.133333333333333,347.0,65.0,NFC West,4,-1.2,-18,0.4495873174444603,0.6646,7.174,3.9846163357317406,1.3333333333333333,0.9333333333333333,0.7194444444444444,49.46666666666667,0.8666666666666667,5.0,0.34966070966070967,0.6546666666666667,7.422,4.415124975429803,1.6,0.8666666666666667,0.8974358974358974,57.53333333333333,1.2,0.34966070966070967,1.2706373724625948,2024,0.4513023504770647,0.46600536582632335,ARI vs. LAR,LAR,13,1450.0,17.0,ARI,9,1450.0,17.0,1,4,-6.5,0,-340.0,270.0,1,0
SFO,16.0,6.0,0.375,9.625,154,9.625,154,-7.831249999999998,0.37379654286775016,-9.774999999999999,0.07044627270242251,2.404752886002886,2.58811553030303,-0.18336264430014432,7.289939616907435,22.8125,365.0,69.0,24.3125,389.0,71.0,NFC West,-3,-1.5,-24,0.5504958004958005,0.650625,7.595625,4.5737965428677505,1.3125,1.0,0.8020833333333334,47.375,1.5,-7.0,0.42749490093240095,0.6549375,6.38625,4.270446272702423,1.3125,1.375,0.9038461538461539,38.6875,1.0625,0.42749490093240095,-1.2899396169074349,2025-01-05,2024,0.41192945066290054,0.395054499675151,ARI,16.0,7.0,0.4375,9.3125,149,8.9375,143,-8.81875,0.9471529846649982,-4.8875,0.24906767529381366,2.5471342893217894,2.4621775793650795,0.08495670995670995,7.595514609061755,22.0625,353.0,65.0,22.1875,355.0,68.0,NFC West,-2,-0.125,-2,0.4700888000888001,0.691875,6.758125,5.147152984664999,1.0625,1.0,0.9166666666666666,50.0625,1.25,-6.0,0.4268963675213675,0.6975625,7.076875,4.449067675293814,1.125,1.0625,0.9277777777777777,44.875,0.875,0.4268963675213675,-0.5955146090617554,2024,0.4200048449710511,0.4281053350453674,SFO vs. ARI,ARI,47,1412.38277960106,23.0,SFO,24,1488.008106127738,10.0,1,23,-4.5,1,-192.0,160.0,1,0
ATL,1.0,0.0,0.0,9.0,9,10.0,10,-43.9,-0.15454545454545432,-12.200000000000003,-0.858536585365854,1.1111111111111112,1.8,-0.6888888888888889,0.19892058761843023,10.0,10.0,2.0,18.0,18.0,6.0,NFC South,-1,-8.0,-8,0.5,0.615,2.58,4.045454545454546,1.0,0.0,1.0,34.0,3.0,-3.0,0.2222222222222222,0.7390000000000001,5.78,3.341463414634146,0.0,0.0,1.0,60.0,0.0,0.2222222222222222,-0.19892058761843023,2024-09-16,2024,0.17801764719590438,-0.11935235257105807,PHI,1.0,1.0,1.0,11.0,11,10.0,10,-21.200000000000003,-0.41052631578947407,-20.400000000000006,3.5619047619047617,3.090909090909091,2.9,0.19090909090909092,0.5931453123650444,34.0,34.0,6.0,29.0,29.0,6.0,NFC East,1,5.0,5,0.5,0.588,6.35,3.789473684210526,2.0,2.0,1.0,57.0,3.0,-2.0,0.2857142857142857,0.486,7.03,7.761904761904762,2.0,1.0,0.75,71.0,1.0,0.2857142857142857,0.4068546876349556,2024,0.7673752841645213,0.24411281258097334,ATL vs. PHI,PHI,21,1550.0,1.0,ATL,22,1450.0,17.0,0,-1,-5.5,0,-265.0,215.0,0,0
KAN,2.0,2.0,1.0,9.0,18,9.0,18,-10.699999999999996,-0.07187500000000013,-3.75,0.3724431818181819,2.9444444444444446,2.5,0.4444444444444444,1.1938983928187192,26.5,53.0,9.0,22.5,45.0,10.0,AFC West,2,4.0,8,0.0,0.7170000000000001,6.3100000000000005,4.128125,1.5,1.0,1.0,44.5,2.0,-2.0,0.2847222222222222,0.6365000000000001,7.470000000000001,4.572443181818182,1.5,0.5,0.8333333333333333,71.5,1.0,0.2847222222222222,0.8061016071812808,2024-09-22,2024,0.7015254017953202,0.5016948908836891,ATL,2.0,1.0,0.5,8.5,17,9.0,18,-13.95,0.5370129870129872,-12.050000000000004,-0.01575477916941348,1.9305555555555556,2.2125,-0.28194444444444444,0.7264558102688349,16.0,32.0,7.0,19.5,39.0,10.0,NFC South,1,-3.5,-7,1.0,0.6525,5.995,4.737012987012987,1.5,0.0,1.0,37.0,1.5,-2.0,0.2222222222222222,0.7530000000000001,5.455,4.1842452208305865,0.5,0.5,1.0,56.5,0.5,0.2222222222222222,0.2735441897311651,2024,0.4680826272975928,0.3537622749253237,KAN vs. ATL,ATL,17,1514.0064999802885,10.0,KAN,22,1585.9935000197115,1.0,0,-5,3.0,0,142.0,-170.0,0,0
NOR,3.0,2.0,0.6666666666666666,10.0,30,10.333333333333334,31,10.966666666666669,0.06854175130037173,-37.13333333333333,0.13936507936507914,3.3796296296296298,1.4666666666666668,1.912962962962963,2.2256515853824417,34.333333333333336,103.0,19.0,14.666666666666666,44.0,9.0,NFC South,-1,19.666666666666668,59,0.75,0.68,9.933333333333334,4.268541751300372,2.0,2.0,1.0,53.333333333333336,1.0,4.0,0.5416666666666666,0.6163333333333334,4.32,4.33936507936508,0.3333333333333333,1.0,0.6666666666666666,50.333333333333336,2.3333333333333335,0.5416666666666666,-0.22565158538244168,2024-09-29,2024,0.5856957764192623,0.17171113689847337,ATL,3.0,1.0,0.3333333333333333,8.666666666666666,26,9.0,27,-12.766666666666667,0.05134199134199132,-12.300000000000002,-0.11757389318364941,1.9166666666666667,2.289814814814815,-0.37314814814814823,1.0782743885015742,16.333333333333332,49.0,10.0,20.333333333333332,61.0,15.0,NFC South,-1,-4.0,-12,1.0,0.6649999999999999,6.34,4.251341991341992,1.3333333333333333,0.3333333333333333,1.0,39.333333333333336,1.3333333333333333,-2.0,0.2222222222222222,0.7243333333333334,5.45,4.08242610681635,1.0,0.3333333333333333,1.0,58.0,0.6666666666666666,0.2222222222222222,-0.0782743885015742,2024,0.3745802066023623,0.3558751132404492,NOR vs. ATL,ATL,26,1474.2205165379482,15.0,NOR,24,1534.157706389236,6.0,1,2,-2.5,0,-142.0,120.0,1,0
TAM,4.0,3.0,0.75,9.25,37,9.5,38,1.4749999999999979,0.02607789855072451,-20.875,0.863822751322751,2.6756944444444444,2.075,0.6006944444444443,2.3307139780911976,24.25,97.0,18.0,19.5,78.0,15.0,NFC South,1,4.75,19,0.5555555555555555,0.7070000000000001,7.3925,4.226077898550725,2.0,0.75,1.0,30.0,0.75,2.0,0.40664335664335666,0.65675,5.34,5.063822751322752,0.25,1.75,0.6666666666666666,53.5,1.25,0.40664335664335666,0.6692860219088024,2024-10-03,2024,0.5678861377997192,0.36210059426731606,ATL,4.0,2.0,0.5,8.5,34,9.25,37,-17.775,0.45517316017316,-13.650000000000002,-0.14575617746349467,2.25,2.317361111111111,-0.06736111111111115,1.6255579799876954,18.75,75.0,14.0,21.25,85.0,19.0,NFC South,1,-2.5,-10,0.8888888888888888,0.6487499999999999,6.055,4.65517316017316,1.0,0.25,1.0,48.5,1.25,-1.0,0.25757575757575757,0.73775,5.407500000000001,4.054243822536506,0.75,1.0,1.0,58.5,1.0,0.25757575757575757,0.37444202001230464,2024,0.45031020794244314,0.4332053944610391,TAM vs. ATL,ATL,36,1532.7616093313102,10.0,TAM,30,1579.306494488961,3.0,1,6,-2.5,1,-142.0,120.0,1,0
ATL,5.0,3.0,0.6,9.2,46,9.2,46,-12.100000000000001,0.335249639249639,-3.6599999999999993,0.2741642887984351,2.4,2.5205555555555557,-0.12055555555555561,2.231933496132355,22.2,111.0,21.0,23.0,115.0,25.0,NFC South,2,-0.8,-4,0.8541666666666666,0.6614,6.58,4.535249639249639,1.6,0.2,0.9199999999999999,53.6,1.2,-1.0,0.2917748917748918,0.7486,6.268000000000001,4.474164288798436,1.2,0.8,1.0,56.2,1.0,0.2917748917748918,0.7680665038676451,2024-10-13,2024,0.5266495503531328,0.5182680982464831,CAR,5.0,1.0,0.2,11.0,55,11.0,55,-29.8,0.5572847023008018,11.940000000000001,0.022015194192613663,1.5757575757575757,3.004545454545455,-1.4287878787878787,1.1439183250171583,16.6,83.0,16.0,33.0,165.0,29.0,NFC South,-2,-16.4,-82,0.5,0.6106,4.226000000000001,4.757284702300803,1.0,0.8,0.9,55.2,1.6,-3.0,0.27,0.7134,8.546000000000001,4.222015194192614,2.2,1.8,0.8,49.8,1.0,0.27,-0.1439183250171583,2024,0.2825356610899108,0.40664134027091786,ATL vs. CAR,CAR,20,1373.1536172290066,23.0,ATL,38,1589.4201702813311,5.0,0,-18,6.0,0,210.0,-258.0,1,0
SEA,6.0,3.0,0.5,11.166666666666666,67,11.333333333333334,68,-14.250000000000002,0.8109747359175273,-0.8333333333333298,0.6181678125795773,2.179292929292929,2.3333333333333335,-0.15404040404040417,3.0888783352719624,24.333333333333332,146.0,24.0,25.0,150.0,27.0,NFC West,-3,-0.6666666666666666,-4,0.5633333333333332,0.6985,5.993333333333333,5.010974735917528,1.0,1.5,0.6944444444444443,58.666666666666664,1.6666666666666667,-6.0,0.3804924242424242,0.6865,7.985,4.818167812579578,1.5,1.0,0.8333333333333333,57.0,0.6666666666666666,0.3804924242424242,-0.08887833527196243,2024-10-20,2024,0.35290278595391267,0.3250006984011201,ATL,6.0,4.0,0.6666666666666666,9.166666666666666,55,9.333333333333334,56,-10.55,0.4477957520062781,-6.5666666666666655,0.3201369073320292,2.7037037037037037,2.4337962962962965,0.2699074074074074,3.0526476893693646,24.833333333333332,149.0,28.0,22.5,135.0,29.0,NFC South,3,2.3333333333333335,14,0.7233333333333334,0.6566666666666666,6.845,4.647795752006278,1.5,0.6666666666666666,0.9333333333333332,52.166666666666664,1.1666666666666667,0.0,0.3264790764790765,0.7378333333333335,5.973333333333334,4.52013690733203,1.3333333333333333,0.6666666666666666,1.0,59.166666666666664,1.1666666666666667,0.3264790764790765,0.9473523106306354,2024,0.5894723172656297,0.5133131458580014,SEA vs. ATL,ATL,14,1611.778065538008,3.0,SEA,34,1441.3137636210784,13.0,0,-20,-3.0,0,-162.0,136.0,0,0
ATL,7.0,4.0,0.5714285714285714,9.142857142857142,64,9.285714285714286,65,-13.214285714285714,0.4757892160053812,-3.6857142857142855,0.24033712936151952,2.53968253968254,2.625793650793651,-0.08611111111111115,3.161462134006034,23.285714285714285,163.0,30.0,24.142857142857142,169.0,34.0,NFC South,-1,-0.8571428571428571,-6,0.686111111111111,0.662,6.438571428571429,4.6757892160053816,1.4285714285714286,0.7142857142857143,0.7999999999999999,55.0,1.4285714285714286,-3.0,0.35602968460111317,0.7260000000000001,6.4799999999999995,4.440337129361519,1.4285714285714286,0.7142857142857143,1.0,56.714285714285715,1.0,0.35602968460111317,0.838537865993966,2024-10-27,2024,0.5249020892406674,0.511011620755593,TAM,7.0,4.0,0.5714285714285714,9.857142857142858,69,10.428571428571429,73,5.0,0.8198728755716334,-8.328571428571431,0.9859032501889641,3.0084554334554334,2.496703296703297,0.5117521367521367,3.8831503817636825,29.857142857142858,209.0,36.0,26.0,182.0,33.0,NFC South,-1,3.857142857142857,27,0.5388888888888889,0.7108571428571429,7.685714285714286,5.019872875571634,2.5714285714285716,0.8571428571428571,0.9166666666666666,46.857142857142854,1.2857142857142858,1.0,0.48844097079391197,0.666,7.198571428571428,5.185903250188964,1.5714285714285714,1.1428571428571428,0.7666666666666666,63.285714285714285,1.4285714285714286,0.48844097079391197,0.11684961823631745,2024,0.530448418750533,0.39502159961213007,ATL vs. TAM,TAM,26,1579.306494488961,3.0,ATL,31,1532.7616093313102,10.0,0,-5,1.5,0,102.0,-122.0,1,0
DAL,7.0,3.0,0.42857142857142855,10.571428571428571,74,10.0,70,-17.285714285714285,-0.8335713400293316,6.314285714285718,0.3403958614484926,2.0741536241536243,2.9150639043496187,-0.8409102801959946,3.0311083447890894,21.428571428571427,150.0,31.0,28.285714285714285,198.0,37.0,NFC East,-2,-6.857142857142857,-48,0.5436507936507936,0.6487142857142857,5.885714285714286,3.3664286599706688,1.4285714285714286,0.42857142857142855,0.9047619047619048,55.857142857142854,1.8571428571428572,-8.0,0.3928309785452643,0.6732857142857143,9.377142857142857,4.540395861448493,1.4285714285714286,1.7142857142857142,0.8571428571428571,61.42857142857143,0.7142857142857143,0.3928309785452643,-0.031108344789089415,2024-11-03,2024,0.4170572226091472,0.45071222702613,ATL,8.0,5.0,0.625,9.125,73,9.25,74,-6.0249999999999995,0.4473500467633292,-3.9000000000000004,0.26484044273678414,2.6527777777777777,2.6586805555555557,-0.0059027777777777846,3.7641939764355756,24.25,194.0,35.0,24.375,195.0,38.0,NFC South,1,-0.125,-1,0.6697278911564626,0.678375,7.12125,4.6473500467633295,1.75,0.625,0.7625,53.5,1.25,0.0,0.37402597402597404,0.72775,6.42,4.464840442736785,1.625,0.625,1.0,55.25,1.25,0.37402597402597404,1.2358060235644244,2024,0.5535157719601966,0.5286497109720408,DAL vs. ATL,ATL,27,1586.5147742623008,10.0,DAL,21,1452.6955749836743,20.0,1,6,-3.0,1,-166.0,140.0,0,0
ATL,9.0,6.0,0.6666666666666666,9.222222222222221,83,9.444444444444445,85,-0.6111111111111119,0.30134818971555183,-4.888888888888889,0.49361478507819967,2.6580246913580248,2.5753928170594835,0.08263187429854096,4.408846468883848,24.555555555555557,221.0,39.0,24.0,216.0,42.0,NFC South,2,0.5555555555555556,5,0.6395833333333333,0.6910000000000001,7.58,4.501348189715552,1.8888888888888888,0.6666666666666666,0.7625,50.44444444444444,1.2222222222222223,-1.0,0.36665556665556664,0.7157777777777778,6.331111111111111,4.6936147850782,1.6666666666666667,0.5555555555555556,1.0,55.22222222222222,1.1111111111111112,0.36665556665556664,1.5911535311161522,2024-11-10,2024,0.5529517907811645,0.526573135041671,NOR,9.0,2.0,0.2222222222222222,10.555555555555555,95,10.333333333333334,93,-11.11111111111111,0.09938733185158727,-21.933333333333337,0.7418754481123295,2.204001554001554,2.4698480531813862,-0.2658464991798324,3.6089117845560295,23.0,207.0,38.0,25.444444444444443,229.0,41.0,NFC South,-7,-2.4444444444444446,-22,0.5697916666666667,0.6382222222222222,6.935555555555556,4.299387331851587,1.2222222222222223,1.2222222222222223,0.9583333333333334,63.333333333333336,1.2222222222222223,3.0,0.4026227585051114,0.6321111111111111,5.944444444444445,4.94187544811233,0.8888888888888888,1.3333333333333333,0.8666666666666667,56.0,1.5555555555555556,0.4026227585051114,-1.6089117845560295,2024,0.3284928095752876,0.31306405834313356,ATL vs. NOR,NOR,20,1534.157706389236,6.0,ATL,17,1474.2205165379482,15.0,1,3,3.5,1,160.0,-192.0,1,0
ATL,10.0,6.0,0.6,9.4,94,9.5,95,-3.250000000000001,0.41683837074399666,-1.7099999999999995,0.37980886212593523,2.5467676767676766,2.5178535353535354,0.028914141414141413,4.813727065497873,23.8,238.0,42.0,23.6,236.0,46.0,NFC South,-1,0.2,2,0.5932098765432099,0.6824,7.4590000000000005,4.616838370743997,1.7,0.8,0.7055555555555555,49.9,1.2,-2.0,0.3657042957042957,0.7082,6.934,4.579808862125935,1.7,0.5,1.0,57.3,1.0,0.3657042957042957,1.186272934502127,2024-11-17,2024,0.49981219494583967,0.49323005788115565,DEN,10.0,5.0,0.5,10.7,107,10.6,106,-16.32,0.13280907358391275,-11.91,-0.24162194241124815,1.876969696969697,1.7505439005439005,0.1264257964257964,5.360491944939868,19.7,197.0,36.0,17.7,177.0,35.0,AFC West,-2,2.0,20,0.6408730158730158,0.6349,5.642,4.332809073583912,1.1,0.7,0.8333333333333334,58.6,1.3,-1.0,0.3466877893348482,0.6771,6.215,3.9583780575887517,1.2,0.6,0.96875,47.4,1.2,0.3466877893348482,-0.36049194493986825,2024,0.3243198971795932,0.2852667754029289,ATL vs. DEN,DEN,38,1507.528464859613,14.0,ATL,6,1531.1261451555663,10.0,1,32,-2.0,1,-135.0,114.0,0,0
LAC,11.0,7.0,0.6363636363636364,10.272727272727273,113,10.363636363636363,114,-1.3454545454545466,-0.07850404908556467,-14.036363636363637,0.6563942856110919,2.157206682206682,1.6434608320971955,0.5137458501094865,6.958906938986978,22.09090909090909,243.0,49.0,15.909090909090908,175.0,33.0,AFC West,-1,6.181818181818182,68,0.47554112554112554,0.6438181818181818,7.8136363636363635,4.1214959509144355,1.1818181818181819,1.0909090909090908,0.8636363636363636,43.0,0.45454545454545453,8.0,0.37148016125288846,0.6508181818181819,5.971818181818182,4.856394285611092,1.2727272727272727,0.45454545454545453,0.712121212121212,48.09090909090909,1.1818181818181819,0.37148016125288846,0.041093061013022236,2024-12-01,2024,0.4352482381252117,0.26423929107929006,ATL,11.0,6.0,0.5454545454545454,9.272727272727273,102,9.454545454545455,104,-6.036363636363637,0.2135760080356679,2.4000000000000004,0.3305954690655355,2.383425160697888,2.6727961432506886,-0.28937098255280075,4.826163514464281,22.181818181818183,244.0,44.0,24.90909090909091,274.0,52.0,NFC South,-2,-2.727272727272727,-30,0.5838888888888889,0.679,7.165454545454546,4.413576008035668,1.5454545454545454,0.7272727272727273,0.735,50.09090909090909,1.1818181818181819,-3.0,0.36043047861229677,0.7209090909090909,7.336363636363637,4.530595469065536,1.9090909090909092,0.5454545454545454,1.0,56.18181818181818,0.9090909090909091,0.36043047861229677,1.1738364855357188,2024,0.47740535237394977,0.5079016584334418,LAC vs. ATL,ATL,13,1477.7353783209337,12.0,LAC,17,1567.3762492475123,8.0,0,-4,1.0,0,-102.0,-118.0,0,0
ATL,12.0,6.0,0.5,9.5,114,9.333333333333334,112,-10.633333333333335,0.10703926862729014,0.8583333333333343,0.22755565056497618,2.275084175084175,2.6271464646464646,-0.3520622895622896,5.172363334139008,21.416666666666668,257.0,47.0,24.25,291.0,55.0,NFC South,-3,-2.8333333333333335,-34,0.5886593204775022,0.6736666666666666,6.683333333333334,4.30703926862729,1.4166666666666667,0.75,0.7287878787878789,46.75,1.4166666666666667,-6.0,0.34825174825174826,0.7198333333333333,7.18,4.427555650564977,1.75,0.5,1.0,54.25,0.9166666666666666,0.34825174825174826,0.8276366658609922,2024-12-08,2024,0.4407155872042885,0.48401786951068043,MIN,12.0,10.0,0.8333333333333334,10.0,120,11.083333333333334,133,0.9500000000000005,-0.028750799004874688,-20.941666666666666,-0.6139150001612864,2.4987133237133237,1.6701516076516076,0.8285617160617161,7.993899171408561,24.75,297.0,54.0,18.25,219.0,39.0,NFC North,5,6.5,78,0.5627180899908173,0.6825833333333334,7.904166666666666,4.171249200995125,1.9166666666666667,0.5,0.8863636363636364,50.583333333333336,1.5833333333333333,5.0,0.375228243978244,0.6513333333333333,5.4816666666666665,3.586084999838714,1.5,0.4166666666666667,0.7166666666666667,65.66666666666667,2.0,0.375228243978244,2.006100828591439,2024,0.525228781072179,0.31781825333024194,ATL vs. MIN,MIN,42,1701.4019317419234,3.0,ATL,21,1440.3569095923697,14.0,1,21,-6.0,1,-250.0,205.0,0,0
ATL,13.0,6.0,0.46153846153846156,9.538461538461538,124,9.307692307692308,121,-12.16923076923077,0.15553624796365242,4.915384615384616,0.25556419026510624,2.2616161616161614,2.7840326340326342,-0.5224164724164724,5.334453353383612,21.384615384615383,278.0,51.0,25.615384615384617,333.0,61.0,NFC South,-4,-4.230769230769231,-55,0.6090488215488216,0.6696923076923077,6.684615384615385,4.355536247963652,1.3076923076923077,0.8461538461538461,0.751388888888889,52.92307692307692,1.5384615384615385,-9.0,0.3628832705755783,0.7249230769230769,7.776153846153846,4.455564190265107,2.0,0.5384615384615384,0.9230769230769231,52.76923076923077,0.8461538461538461,0.3628832705755783,0.665546646616388,2024-12-16,2024,0.43234669911751605,0.49116233022479316,LVR,13.0,2.0,0.15384615384615385,10.461538461538462,136,10.153846153846153,132,-19.130769230769232,-0.6559726683053259,-5.638461538461541,0.1515060100571778,1.8195266272189348,2.847416472416472,-1.0278898451975376,3.787853555610474,18.153846153846153,236.0,47.0,27.76923076923077,361.0,67.0,AFC West,-9,-9.615384615384615,-125,0.4413510101010101,0.6576923076923078,5.446923076923077,3.544027331694674,1.0769230769230769,0.6153846153846154,0.8125,49.38461538461539,1.9230769230769231,-17.0,0.3389238966162043,0.6602307692307693,6.768461538461538,4.351506010057178,1.8461538461538463,0.9230769230769231,0.8791666666666668,49.0,0.6153846153846154,0.3389238966162043,-1.7878535556104742,2024,0.29806045412121474,0.39872599753735327,ATL vs. LVR,LVR,9,1229.3243173201906,25.0,ATL,15,1422.1545318024755,12.0,0,-6,6.5,1,275.0,-345.0,0,0
NYG,14.0,2.0,0.14285714285714285,10.285714285714286,144,9.857142857142858,138,-24.900000000000002,0.1288737122627536,3.085714285714285,0.8855597376346235,1.540925740925741,2.5367448028162314,-0.9958190618904904,4.185161346069047,14.857142857142858,208.0,41.0,23.428571428571427,328.0,56.0,NFC East,-9,-8.571428571428571,-120,0.4447842755535063,0.6192142857142857,4.792142857142857,4.328873712262753,0.6428571428571429,0.8571428571428571,0.7272727272727273,50.642857142857146,1.3571428571428572,-8.0,0.35371762740183793,0.7055714285714286,7.992857142857143,5.0855597376346235,1.3571428571428572,1.0,0.7575757575757577,58.5,0.7857142857142857,0.35371762740183793,-2.185161346069047,2024-12-22,2024,0.24028193691030209,0.3134735841719117,ATL,14.0,7.0,0.5,9.642857142857142,135,9.357142857142858,131,-13.164285714285715,0.168750840290573,1.5714285714285718,0.1483485662851311,2.1974747474747476,2.6494588744588747,-0.451984126984127,6.1048684823130515,20.928571428571427,293.0,54.0,24.428571428571427,342.0,63.0,NFC South,1,-3.5,-49,0.5740332317255394,0.6680714285714285,6.492857142857143,4.368750840290573,1.2857142857142858,0.7857142857142857,0.7448717948717949,51.285714285714285,1.5,-7.0,0.35894105894105893,0.7152857142857142,7.429285714285714,4.348348566285131,1.9285714285714286,0.5,0.9285714285714286,52.92857142857143,1.0,0.35894105894105893,0.8951315176869485,2024,0.4255751862196271,0.47731367808848296,NYG vs. ATL,ATL,34,1446.9412488544287,16.0,NYG,7,1196.573572178967,31.0,1,27,-9.5,1,-550.0,410.0,0,0
ATL,15.0,8.0,0.5333333333333333,9.533333333333333,143,9.4,141,-14.06,0.10030780181506109,-1.433333333333333,0.08922789263535312,2.334309764309764,2.5194949494949492,-0.1851851851851852,7.081793646579573,21.8,327.0,58.0,23.266666666666666,349.0,64.0,NFC South,2,-1.4666666666666666,-22,0.5432349396635111,0.6679999999999999,6.447333333333334,4.300307801815062,1.2,0.8666666666666667,0.7392857142857142,49.86666666666667,1.4666666666666666,-5.0,0.3731068931068931,0.7051999999999999,7.137333333333333,4.2892278926353535,1.8666666666666667,0.4666666666666667,0.9285714285714286,55.06666666666667,1.1333333333333333,0.3731068931068931,0.9182063534204268,2024-12-29,2024,0.43042236293630987,0.45142562960704835,WAS,15.0,10.0,0.6666666666666666,9.733333333333333,146,9.733333333333333,146,0.5199999999999989,0.5018402250909989,-7.860000000000002,0.5589382409460116,3.164125504125504,2.501504236504237,0.6626212676212676,8.826196989375482,28.8,432.0,79.0,23.2,348.0,62.0,NFC East,3,5.6,84,0.40063785420928283,0.7091999999999999,7.699333333333333,4.701840225091,1.6,1.5333333333333334,0.7773809523809524,53.13333333333333,0.9333333333333333,2.0,0.4507122507122507,0.6304666666666667,6.739999999999999,4.758938240946011,1.6,1.0,0.8466666666666667,50.46666666666667,1.0666666666666667,0.4507122507122507,1.1738030106245176,2024,0.5834385560910215,0.4295779847756713,ATL vs. WAS,WAS,30,1630.1552392991282,7.0,ATL,24,1466.0767096367022,14.0,1,6,-3.5,1,-192.0,160.0,0,0
CAR,16.0,4.0,0.25,10.5,168,10.1875,163,-23.837500000000002,0.1876632600548,4.862500000000001,0.8985217801480062,1.8129285644910644,3.171626984126984,-1.3586984196359195,4.606723482426617,18.5625,297.0,55.0,31.0,496.0,89.0,NFC South,-1,-12.4375,-199,0.5277429977429977,0.6186875000000001,4.87875,4.3876632600548,1.1875,0.9375,0.8538461538461538,57.3125,1.375,-6.0,0.33639528873903873,0.6913125,7.839375,5.0985217801480065,2.0625,1.3125,0.8033333333333333,57.625,1.0,0.33639528873903873,-0.6067234824266166,2025-01-05,2024,0.3149665954116578,0.49118159895093216,ATL,16.0,8.0,0.5,9.5,152,9.375,150,-15.05,0.17392986854944587,-1.5624999999999996,0.19615114934564354,2.3550820707070708,2.5703598484848484,-0.21527777777777782,7.452578743233206,21.9375,351.0,62.0,23.6875,379.0,69.0,NFC South,-1,-1.75,-28,0.5514637214637214,0.6601875,6.37625,4.373929868549446,1.1875,0.9375,0.7233333333333333,48.3125,1.4375,-5.0,0.3622877122877123,0.7028125000000001,7.0575,4.396151149345644,1.9375,0.5,0.9333333333333333,58.375,1.125,0.3622877122877123,0.5474212567667944,2024,0.42185037743402193,0.4469883611320454,CAR vs. ATL,ATL,38,1589.4201702813311,5.0,CAR,44,1373.1536172290066,23.0,0,-6,-7.5,0,-380.0,300.0,1,0
LVR,1.0,0.0,0.0,12.0,12,12.0,12,-8.900000000000006,-0.9727272727272731,-8.200000000000003,2.318518518518518,0.8333333333333334,1.8333333333333333,-0.9999999999999999,0.1336987074899421,10.0,10.0,2.0,22.0,22.0,5.0,AFC West,-1,-12.0,-12,0.5,0.758,6.06,3.227272727272727,1.0,0.0,0.5,15.0,3.0,-3.0,0.35714285714285715,0.654,6.15,6.518518518518518,1.0,1.0,1.0,50.0,0.0,0.35714285714285715,-0.1336987074899421,2024-09-15,2024,0.1443835487516763,-0.05570779478747586,BAL,1.0,0.0,0.0,9.0,9,9.0,9,-9.799999999999997,1.5812499999999998,0.4000000000000057,-0.6000000000000001,2.2222222222222223,3.0,-0.7777777777777777,0.3293231620763674,20.0,20.0,4.0,27.0,27.0,5.0,AFC North,-1,-7.0,-7,0.5,0.634,7.0,5.78125,1.0,1.0,0.6666666666666666,64.0,1.0,0.0,0.5,0.7140000000000001,9.14,3.6,1.0,2.0,1.0,45.0,1.0,0.5,-0.3293231620763674,2024,0.29807859463272557,-0.1829573122646486,LVR vs. BAL,BAL,23,1450.0,17.0,LVR,26,1450.0,17.0,0,-3,-9.0,0,-455.0,350.0,0,0
BAL,2.0,0.0,0.0,10.0,20,10.0,20,-15.149999999999999,1.486921296296296,-4.799999999999997,-1.6058823529411768,2.1565656565656566,2.6818181818181817,-0.5252525252525253,0.7571881006066212,21.5,43.0,9.0,26.5,53.0,11.0,AFC North,-2,-5.0,-10,0.0,0.626,6.545,5.686921296296296,1.0,1.0,0.7083333333333333,86.5,1.0,0.0,0.38636363636363635,0.7515000000000001,7.305,2.5941176470588236,1.0,1.5,1.0,30.0,1.0,0.38636363636363635,-0.7571881006066212,2024-09-22,2024,0.2796326773635102,0.06677327233317917,DAL,2.0,1.0,0.5,11.0,22,11.5,23,-21.4,-0.5409523809523811,-13.45,0.6832658569500669,2.325,3.051587301587302,-0.7265873015873018,0.9483043233859985,26.0,52.0,11.0,30.5,61.0,10.0,NFC East,-1,-4.5,-9,1.0,0.6305000000000001,5.42,3.659047619047619,1.0,0.5,1.0,55.5,1.0,1.0,0.37362637362637363,0.6104999999999999,8.15,4.883265856950067,1.5,2.5,1.0,52.0,1.5,0.37362637362637363,0.05169567661400154,2024,0.5129239191535004,0.22862949491608728,BAL vs. DAL,DAL,25,1500.0,10.0,BAL,28,1400.0,24.0,0,-3,1.5,0,100.0,-120.0,0,0
BUF,3.0,3.0,1.0,8.666666666666666,26,9.333333333333334,28,28.3,-0.09995445167858981,-31.933333333333326,0.6199999999999998,4.291666666666667,1.8333333333333333,2.4583333333333335,2.5240724552670346,37.333333333333336,112.0,18.0,16.0,48.0,8.0,AFC East,3,21.333333333333332,64,0.5,0.747,10.306666666666667,4.10004554832141,2.3333333333333335,2.0,0.8333333333333334,39.0,0.3333333333333333,5.0,0.404040404040404,0.6276666666666667,3.4966666666666666,4.82,1.0,0.3333333333333333,1.0,42.0,2.0,0.404040404040404,0.4759275447329654,2024-09-29,2024,0.8021371257076074,0.23580262330790144,BAL,3.0,1.0,0.3333333333333333,9.666666666666666,29,10.333333333333334,31,3.0333333333333363,1.6209104938271601,-6.399999999999996,-1.4080882352941178,2.4747474747474745,2.5454545454545454,-0.07070707070707079,1.323934570505556,23.666666666666668,71.0,13.0,26.0,78.0,16.0,AFC North,1,-2.3333333333333335,-7,0.25,0.684,8.853333333333333,5.82091049382716,1.0,1.6666666666666667,0.47222222222222215,92.66666666666667,0.6666666666666666,1.0,0.4057239057239057,0.684,7.489999999999999,2.791911764705882,1.3333333333333333,1.3333333333333333,1.0,34.666666666666664,1.0,0.4057239057239057,-0.3239345705055561,2024,0.39987184578652607,0.2883553427087215,BUF vs. BAL,BAL,35,1464.0064999802885,15.0,BUF,10,1624.0253073352042,1.0,1,25,-2.5,1,-135.0,114.0,0,0
BAL,4.0,2.0,0.5,9.5,38,10.25,41,10.475000000000005,2.1583299291938998,-12.649999999999999,-1.2256313938618928,2.8282828282828283,2.159090909090909,0.6691919191919191,2.275090649222392,26.5,106.0,17.0,22.0,88.0,18.0,AFC North,2,4.5,18,0.5,0.69725,9.22,6.3583299291939,1.25,1.75,0.47222222222222215,89.25,0.75,1.0,0.4431818181818182,0.65,6.8675,2.9743686061381074,1.0,1.25,0.875,35.5,1.0,0.4431818181818182,-0.2750906492223919,2024-10-06,2024,0.4166017037053904,0.29907541654876185,CIN,4.0,1.0,0.25,8.75,35,8.25,33,3.3999999999999986,0.4217558651026394,-6.199999999999999,0.23376298629531367,3.000793650793651,3.4166666666666665,-0.41587301587301573,1.8365022270445526,25.5,102.0,20.0,26.0,104.0,18.0,AFC North,1,-0.5,-2,0.611111111111111,0.7090000000000001,7.59,4.62175586510264,1.75,1.0,0.9166666666666666,36.0,1.0,0.0,0.4524475524475524,0.717,6.5600000000000005,4.433762986295314,1.5,1.25,1.0,37.25,1.0,0.4524475524475524,-0.8365022270445526,2024,0.45192825327934966,0.29502242358483377,BAL vs. CIN,CIN,38,1440.1417918975535,23.0,BAL,41,1535.5339800028396,10.0,0,-3,2.5,0,124.0,-148.0,1,0
WAS,5.0,4.0,0.8,8.4,42,8.4,42,-0.20000000000000284,1.055844878491937,9.119999999999996,0.9949917654808956,3.8666666666666663,2.948809523809524,0.9178571428571429,3.2001101597444213,31.0,155.0,29.0,23.0,115.0,21.0,NFC East,4,8.0,40,0.14583333333333331,0.7634000000000001,8.065999999999999,5.255844878491937,0.8,2.6,0.8,45.6,0.6,0.0,0.5052287581699346,0.6826000000000001,8.004,5.1949917654808955,2.2,0.6,0.8888888888888888,43.2,0.6,0.5052287581699346,0.7998898402555787,2024-10-13,2024,0.8009371684162466,0.4799889840255579,BAL,5.0,3.0,0.6,9.8,49,10.6,53,12.300000000000002,1.9160757080610018,-3.180000000000001,-1.2031138107416883,3.008080808080808,2.3606060606060604,0.6474747474747474,2.8199910169754876,29.4,147.0,24.0,25.2,126.0,23.0,AFC North,3,4.2,21,0.4375,0.6816,9.4,6.116075708061002,1.8,1.6,0.6041666666666666,75.6,0.8,1.0,0.4878787878787879,0.6738,7.678,2.996886189258312,1.8,1.0,0.7,33.2,1.0,0.4878787878787879,0.1800089830245124,2024,0.5074294513983195,0.36279323248892,WAS vs. BAL,BAL,30,1572.1408034149576,5.0,WAS,23,1600.6640998307678,3.0,1,7,-6.5,1,-285.0,230.0,0,0
BAL,6.0,4.0,0.6666666666666666,9.5,57,10.333333333333334,62,12.300000000000002,1.6895225495102946,-1.25,-1.2211133608032587,3.131734006734007,2.393097643097643,0.7386363636363636,3.472416194257327,29.5,177.0,30.0,24.833333333333332,149.0,28.0,AFC North,4,4.666666666666667,28,0.51,0.6961666666666666,9.646666666666667,5.889522549510295,1.6666666666666667,1.6666666666666667,0.6833333333333333,68.5,0.8333333333333334,0.0,0.5065656565656566,0.6758333333333333,7.793333333333333,2.9788866391967415,1.8333333333333333,0.8333333333333334,0.7083333333333334,35.333333333333336,0.8333333333333334,0.5065656565656566,0.5275838057426729,2024-10-21,2024,0.5725950706791818,0.4160546950559001,TAM,6.0,4.0,0.6666666666666666,9.833333333333334,59,10.5,63,6.466666666666666,0.9620739103891278,-19.066666666666666,0.494664902998236,2.9931980056980056,2.2294871794871796,0.7637108262108261,3.5429982009760836,29.666666666666668,178.0,31.0,23.5,141.0,26.0,NFC South,1,6.166666666666667,37,0.5133333333333333,0.7145,7.760000000000001,5.162073910389128,2.5,0.8333333333333334,1.0,42.166666666666664,1.1666666666666667,2.0,0.462004662004662,0.6481666666666667,5.64,4.694664902998237,1.0,1.3333333333333333,0.72,59.666666666666664,1.5,0.462004662004662,0.45700179902391636,2024,0.5654436603665013,0.3753493300915921,BAL vs. TAM,TAM,31,1562.378064478944,3.0,BAL,41,1626.2364385324336,3.0,0,-10,4.5,0,185.0,-225.0,0,0
BAL,7.0,5.0,0.7142857142857143,9.571428571428571,67,10.285714285714286,72,18.557142857142857,2.0100669471993,-1.6142857142857139,-1.0514304997361266,3.27005772005772,2.4940836940836943,0.775974025974026,4.132264013469728,31.142857142857142,218.0,37.0,25.714285714285715,180.0,33.0,AFC North,5,5.428571428571429,38,0.5361111111111111,0.7071428571428572,10.632857142857144,6.210066947199301,2.142857142857143,1.4285714285714286,0.736111111111111,70.85714285714286,0.8571428571428571,1.0,0.48777056277056274,0.6777142857142857,7.714285714285714,3.148569500263874,2.0,0.8571428571428571,0.6785714285714286,41.0,1.0,0.48777056277056274,0.8677359865302723,2024-10-27,2024,0.6206955895556932,0.449673189594244,CLE,7.0,1.0,0.14285714285714285,11.142857142857142,78,10.428571428571429,73,-26.45714285714286,0.0012341402777761143,-9.328571428571427,0.19639285599297177,1.4723094365951508,2.2182975754404324,-0.7459881388452818,2.2774687736617287,15.571428571428571,109.0,19.0,23.142857142857142,162.0,28.0,AFC North,-5,-7.571428571428571,-53,0.3194444444444444,0.6202857142857142,4.258571428571428,4.201234140277776,0.8571428571428571,0.42857142857142855,0.6785714285714286,62.42857142857143,1.1428571428571428,-3.0,0.22998292434382658,0.5865714285714285,7.381428571428572,4.396392855992972,1.1428571428571428,1.1428571428571428,0.619047619047619,51.714285714285715,0.7142857142857143,0.22998292434382658,-1.2774687736617287,2024,0.19913570201543435,0.25876883431990527,BAL vs. CLE,CLE,29,1298.31860143043,28.0,BAL,24,1667.1485857325015,4.0,1,5,7.5,1,300.0,-380.0,1,0
DEN,8.0,5.0,0.625,11.125,89,11.125,89,-18.3375,0.2837649651682968,-20.8875,-0.0939391927199425,2.0128787878787877,1.3687354312354312,0.6441433566433566,4.904864618965483,21.625,173.0,32.0,15.0,120.0,24.0,AFC West,2,6.625,53,0.5918367346938774,0.6285000000000001,5.495,4.483764965168297,1.0,0.875,0.9285714285714286,60.0,1.5,0.0,0.3124806157894393,0.6577500000000001,4.82125,4.106060807280057,1.0,0.5,0.9583333333333334,51.375,1.5,0.3124806157894393,0.0951353810345168,2024-11-03,2024,0.3638263092599783,0.23916186677644438,BAL,8.0,5.0,0.625,9.75,78,10.25,82,16.1,1.9719038168946255,0.33750000000000036,-1.0102190785734586,3.134027777777778,2.5448232323232323,0.5892045454545454,4.5219806353490135,30.25,242.0,41.0,26.125,209.0,39.0,AFC North,-1,4.125,33,0.47993197278911565,0.694375,10.3,6.171903816894625,2.125,1.375,0.7023809523809523,68.625,0.75,2.0,0.4517992424242424,0.6753750000000001,7.91125,3.1897809214265416,2.125,0.75,0.71875,45.125,1.0,0.4517992424242424,0.4780193646509865,2024,0.5570493492799526,0.4445773707643117,DEN vs. BAL,BAL,41,1577.8352320539675,10.0,DEN,10,1580.6824878275352,10.0,1,31,-9.0,1,-440.0,330.0,0,0
CIN,9.0,4.0,0.4444444444444444,9.666666666666666,87,9.555555555555555,86,4.255555555555554,-0.08027462563928214,-7.655555555555556,-0.04746276687281408,2.7528539361872695,2.8864089614089616,-0.13355502522169183,4.823379900884326,26.22222222222222,236.0,40.0,25.22222222222222,227.0,38.0,AFC North,1,1.0,9,0.4770833333333333,0.6976666666666667,7.66,4.119725374360718,2.2222222222222223,0.7777777777777778,0.6851851851851851,37.22222222222222,1.0,1.0,0.46680726680726686,0.6728888888888889,6.854444444444444,4.152537233127187,1.4444444444444444,1.3333333333333333,0.7777777777777778,38.888888888888886,1.1111111111111112,0.46680726680726686,-0.8233799008843263,2024-11-07,2024,0.4177072847568671,0.35234052166200985,BAL,9.0,6.0,0.6666666666666666,9.666666666666666,87,10.11111111111111,91,20.78888888888889,1.701169405867118,-2.7222222222222223,-0.9127873291023335,3.291975308641975,2.3855218855218854,0.9064534231200897,5.487889731522455,31.444444444444443,283.0,48.0,24.333333333333332,219.0,41.0,AFC North,1,7.111111111111111,64,0.4980654761904762,0.7107777777777778,11.08,5.901169405867119,2.2222222222222223,1.4444444444444444,0.7395833333333333,66.88888888888889,0.6666666666666666,3.0,0.44326599326599325,0.6656666666666666,7.594444444444444,3.2872126708976666,2.0,0.6666666666666666,0.75,48.0,1.0,0.44326599326599325,0.5121102684775449,2024,0.5831178708645238,0.42612517827543267,CIN vs. BAL,BAL,35,1535.5339800028396,10.0,CIN,34,1440.1417918975535,23.0,1,1,-6.0,0,-270.0,220.0,1,0
BAL,10.0,7.0,0.7,9.7,97,10.2,102,22.85,1.5070524652804065,-1.6700000000000004,-0.9352585961921003,3.312777777777778,2.456060606060606,0.8567171717171715,6.0050580951139105,31.8,318.0,53.0,25.3,253.0,46.0,AFC North,2,6.5,65,0.4921075837742504,0.7155,11.093,5.707052465280407,2.4,1.4,0.7395833333333333,68.3,0.6,4.0,0.4572727272727272,0.6597999999999999,7.7299999999999995,3.2647414038079,2.2,0.7,0.75,45.5,1.0,0.4572727272727272,0.9949419048860895,2024-11-17,2024,0.6007545576896522,0.45075228198505896,PIT,9.0,7.0,0.7777777777777778,10.222222222222221,92,10.333333333333334,93,-5.644444444444446,-0.1387723681766707,-23.34444444444445,-0.45071918248700943,2.3400673400673404,1.5650004316670985,0.7750669084002417,6.352138882507793,23.88888888888889,215.0,43.0,16.22222222222222,146.0,29.0,AFC North,4,7.666666666666667,69,0.45376984126984127,0.6355555555555557,7.2411111111111115,4.061227631823329,1.2222222222222223,1.0,0.9583333333333333,49.0,0.7777777777777778,9.0,0.39485473676650146,0.6256666666666667,5.4255555555555555,3.7492808175129912,0.8888888888888888,0.7777777777777778,0.7916666666666666,61.111111111111114,1.7777777777777777,0.39485473676650146,0.6478611174922069,2024,0.5010362657634841,0.29962720717714936,BAL vs. PIT,PIT,18,1657.752774876476,4.0,BAL,16,1659.284634909688,7.0,1,2,3.0,1,145.0,-175.0,1,0
BAL,11.0,7.0,0.6363636363636364,9.909090909090908,109,10.363636363636363,114,17.663636363636364,1.581530949297977,-4.7272727272727275,-0.9058500607093959,3.1328282828282825,2.369146005509642,0.7636822773186409,6.435721303460941,30.363636363636363,334.0,56.0,24.636363636363637,271.0,52.0,AFC North,-1,5.7272727272727275,63,0.5206746031746031,0.6945454545454546,10.58,5.781530949297977,2.272727272727273,1.3636363636363635,0.6944444444444444,69.36363636363636,0.8181818181818182,2.0,0.4487603305785124,0.6579090909090909,7.370909090909091,3.294149939290604,2.0,0.6363636363636364,0.775,45.45454545454545,1.0,0.4487603305785124,0.5642786965390592,2024-11-25,2024,0.5401164362019911,0.4380721628548892,LAC,10.0,7.0,0.7,10.4,104,10.6,106,1.1099999999999994,-0.08135445399412115,-18.09,0.5690607411992281,2.1173717948717945,1.4328069153069154,0.6845648795648795,6.611332116268818,22.0,220.0,44.0,14.5,145.0,28.0,AFC West,4,7.5,75,0.4576719576719576,0.6498999999999999,8.034,4.118645546005879,1.3,1.0,0.85,41.1,0.5,8.0,0.37291389166389166,0.6432,5.583,4.769060741199228,1.2,0.3,0.6833333333333333,42.7,1.3,0.37291389166389166,0.38866788373118233,2024,0.43952056431170383,0.24800254787214443,BAL vs. LAC,LAC,23,1618.7731128469918,7.0,BAL,30,1609.0641839583725,9.0,0,-7,3.0,0,140.0,-166.0,0,0
PHI,11.0,9.0,0.8181818181818182,9.909090909090908,109,9.727272727272727,107,0.9363636363636361,1.0205191056220804,-21.736363636363638,0.1299276011344976,2.7562442607897153,1.957870412415867,0.7983738483738484,7.449433054505836,26.90909090909091,296.0,52.0,18.09090909090909,199.0,37.0,NFC East,7,8.818181818181818,97,0.44535714285714284,0.6892727272727273,7.85,5.22051910562208,1.1818181818181819,2.0,0.7407407407407407,48.0,1.0,3.0,0.42476647683866936,0.6196363636363637,5.006363636363637,4.329927601134497,1.0,0.7272727272727273,0.8,33.54545454545455,1.2727272727272727,0.42476647683866936,1.5505669454941637,2024-12-01,2024,0.5443114938829829,0.3631019345652371,BAL,12.0,8.0,0.6666666666666666,9.75,117,10.25,123,18.400000000000002,1.577214181000623,-6.491666666666667,-0.8345292223169464,3.184259259259259,2.3846801346801345,0.7995791245791245,7.088146480742781,30.333333333333332,364.0,61.0,24.5,294.0,57.0,AFC North,1,5.833333333333333,70,0.536976911976912,0.69725,10.52,5.777214181000623,2.25,1.4166666666666667,0.725,72.08333333333333,0.75,2.0,0.45580808080808083,0.6516666666666667,7.224166666666666,3.365470777683054,1.8333333333333333,0.75,0.7954545454545454,46.833333333333336,0.9166666666666666,0.45580808080808083,0.9118535192572192,2024,0.560985088799637,0.46001060338594957,PHI vs. BAL,BAL,19,1660.4610475578518,7.0,PHI,24,1718.3254711722911,3.0,0,-5,-3.0,0,-162.0,136.0,0,0
BAL,13.0,8.0,0.6153846153846154,9.846153846153847,128,10.23076923076923,133,16.80769230769231,1.5318515516928828,-6.576923076923077,-0.767071263490701,3.072183372183372,2.385858585858586,0.6863247863247862,7.453160491194634,29.46153846153846,383.0,65.0,24.46153846153846,318.0,61.0,AFC North,-1,5.0,65,0.5604106541606542,0.6927692307692308,10.236153846153845,5.731851551692883,2.230769230769231,1.3076923076923077,0.7045454545454546,68.07692307692308,0.6923076923076923,2.0,0.45151515151515154,0.646076923076923,7.203076923076923,3.432928736509299,1.7692307692307692,0.8461538461538461,0.8125,47.46153846153846,0.8461538461538461,0.45151515151515154,0.5468395088053661,2024-12-15,2024,0.5291734183127096,0.4426588837693044,NYG,13.0,2.0,0.15384615384615385,10.461538461538462,136,10.0,130,-24.49230769230769,0.2503255362829654,-0.6846153846153851,0.8549204122417534,1.5248431056123364,2.3953405568790185,-0.870497451266682,4.082832209735992,14.923076923076923,194.0,39.0,22.53846153846154,293.0,51.0,NFC East,-8,-7.615384615384615,-99,0.4305675805675806,0.6210769230769231,4.836153846153847,4.450325536282966,0.6153846153846154,0.8461538461538461,0.7272727272727273,51.15384615384615,1.3846153846153846,-8.0,0.36810616284300496,0.6952307692307692,7.453846153846154,5.054920412241753,1.0769230769230769,1.0769230769230769,0.7575757575757577,54.38461538461539,0.7692307692307693,0.36810616284300496,-2.082832209735992,2024,0.24081987772641192,0.29927547769435764,BAL vs. NYG,NYG,14,1205.0343902829582,25.0,BAL,35,1618.7122576101854,9.0,0,-21,16.5,0,1000.0,-1800.0,0,0
PIT,14.0,10.0,0.7142857142857143,10.285714285714286,144,10.428571428571429,146,-4.328571428571429,-0.2984175677405018,-19.22142857142857,-0.13592579183668815,2.3404401154401158,1.8621614496614498,0.47827866577866585,8.848655033776641,24.0,336.0,68.0,18.928571428571427,265.0,48.0,AFC North,-1,5.071428571428571,71,0.4607653030729954,0.6470714285714286,7.309285714285714,3.9015824322594983,1.2857142857142858,0.8571428571428571,0.9294871794871795,53.5,0.8571428571428571,18.0,0.3867291788510276,0.6347142857142857,5.842142857142858,4.064074208163312,1.1428571428571428,0.9285714285714286,0.7435897435897435,65.28571428571429,2.142857142857143,0.3867291788510276,1.151344966223359,2024-12-21,2024,0.5110572706861054,0.33232121251405145,BAL,14.0,9.0,0.6428571428571429,9.714285714285714,136,10.071428571428571,141,19.32857142857143,1.5141386528392435,-8.264285714285714,-0.8158518875270795,3.1652417027417026,2.3404401154401158,0.8248015873015871,8.350831354861578,29.857142857142858,418.0,70.0,23.714285714285715,332.0,63.0,AFC North,1,6.142857142857143,86,0.5291364618287695,0.7032857142857143,10.57642857142857,5.714138652839244,2.4285714285714284,1.2142857142857142,0.7045454545454546,71.21428571428571,0.7142857142857143,2.0,0.4777056277056277,0.6424285714285715,6.99,3.3841481124729205,1.7142857142857142,0.8571428571428571,0.8125,47.214285714285715,0.8571428571428571,0.4777056277056277,0.6491686451384222,2024,0.5385723766595008,0.43561176527037515,PIT vs. BAL,BAL,34,1659.284634909688,7.0,PIT,17,1657.752774876476,4.0,1,17,-7.0,1,-345.0,275.0,1,0
BAL,15.0,10.0,0.6666666666666666,9.666666666666666,145,10.133333333333333,152,18.96,1.5191609882639958,-8.366666666666667,-0.7164617616919409,3.206077441077441,2.2874410774410774,0.9186363636363636,9.188741335616974,30.133333333333333,452.0,75.0,23.266666666666666,349.0,66.0,AFC North,2,6.866666666666666,103,0.5423614084328371,0.6998666666666666,10.488666666666665,5.7191609882639955,2.466666666666667,1.1333333333333333,0.7291666666666666,67.13333333333334,0.7333333333333333,3.0,0.4725252525252525,0.6440666666666667,6.914,3.483538238308059,1.7333333333333334,0.8,0.8269230769230769,46.0,0.9333333333333333,0.4725252525252525,0.8112586643830255,2024-12-25,2024,0.5452158160132079,0.42874696133740337,HOU,15.0,9.0,0.6,10.8,162,11.066666666666666,166,-16.44,-0.10271900370683343,-18.833333333333332,0.08510054224527892,2.1610023310023307,2.026155511155511,0.13484681984681976,8.000138621886533,23.133333333333333,347.0,68.0,21.8,327.0,60.0,AFC South,-1,1.3333333333333333,20,0.5298826173826174,0.6237333333333334,5.935999999999999,4.097280996293167,1.2666666666666666,0.9333333333333333,0.8388888888888889,58.93333333333333,1.1333333333333333,11.0,0.38090980914510325,0.578,5.564666666666667,4.285100542245279,1.8666666666666667,0.6,0.9305555555555555,46.666666666666664,1.8666666666666667,0.38090980914510325,0.9998613781134669,2024,0.4477327463834221,0.36144244284610766,BAL vs. HOU,HOU,2,1534.8708005438127,10.0,BAL,31,1676.8426745358531,7.0,0,-29,5.5,0,200.0,-245.0,0,0
CLE,16.0,3.0,0.1875,11.625,186,10.9375,175,-29.4625,-0.013019774348509872,-2.3875,0.25725530863406765,1.3880237817737817,2.3002716033966033,-0.9122478216228217,4.3591929021341995,15.5,248.0,43.0,25.0,400.0,66.0,AFC North,-5,-9.5,-152,0.49693528693528694,0.6080625,4.33125,4.1869802256514905,1.125,0.5,0.625,55.9375,2.0,-20.0,0.2780970384105059,0.630625,7.811875,4.457255308634068,1.5,1.25,0.6,50.4375,0.75,0.2780970384105059,-1.3591929021341995,2025-01-04,2024,0.21154391976082976,0.32153331016397957,BAL,16.0,11.0,0.6875,9.625,154,10.0625,161,20.25,1.526539007892845,-10.6,-0.7209476074685476,3.2209753787878785,2.158364898989899,1.0626104797979798,10.18723383089772,30.1875,483.0,80.0,21.9375,351.0,66.0,AFC North,3,8.25,132,0.5462039812039812,0.6965625,10.645624999999999,5.726539007892845,2.4375,1.1875,0.75,64.8125,0.6875,4.0,0.47077020202020203,0.639,6.693125,3.4790523925314525,1.625,0.75,0.8269230769230769,46.1875,0.9375,0.47077020202020203,0.8127661691022805,2024,0.5458690314643597,0.4051407481214094,CLE vs. BAL,BAL,35,1667.1485857325015,4.0,CLE,10,1298.31860143043,28.0,1,25,-19.5,1,-2400.0,1200.0,1,0
PIT,17.0,10.0,0.5882352941176471,10.294117647058824,175,10.352941176470589,176,-7.9411764705882355,-0.12760738892712556,-14.182352941176472,-0.11914071549458054,2.1745989304812836,2.0279594588418117,0.14663947163947166,9.519459230840127,22.352941176470587,380.0,76.0,20.41176470588235,347.0,63.0,AFC North,-4,1.9411764705882353,33,0.5041337135087135,0.6409411764705882,6.812941176470589,4.072392611072875,1.2352941176470589,0.8235294117647058,0.9427083333333334,48.411764705882355,1.0,16.0,0.39103187277927764,0.6532352941176471,6.226470588235294,4.0808592845054195,1.3529411764705883,0.8235294117647058,0.7916666666666666,61.11764705882353,1.9411764705882353,0.39103187277927764,0.4805407691598731,2025-01-11,2024,0.4465617137667732,0.34701673410998396,BAL,17.0,12.0,0.7058823529411765,9.705882352941176,165,10.117647058823529,172,18.63529411764706,1.559431671294106,-12.75294117647059,-0.7522231352025958,3.2186720142602496,2.084878193701723,1.1337938205585263,11.138389909614554,30.470588235294116,518.0,84.0,21.235294117647058,361.0,68.0,AFC North,4,9.235294117647058,157,0.5237849823787324,0.6849999999999999,10.491764705882352,5.759431671294106,2.411764705882353,1.2352941176470589,0.75,65.88235294117646,0.6470588235294118,6.0,0.47248960190136663,0.6325294117647059,6.4794117647058815,3.447776864797404,1.588235294117647,0.7058823529411765,0.8392857142857143,44.64705882352941,1.0,0.47248960190136663,0.8616100903854456,2024,0.5348931363965694,0.39213046721826617,PIT vs. BAL,BAL,34,1659.284634909688,7.0,PIT,17,1657.752774876476,4.0,1,17,-7.0,1,-345.0,275.0,1,0
BAL,1.0,13.0,13.0,9.61111111111111,173,10.0,180,19.272222222222222,1.5716854673333225,-11.227777777777778,-0.7973016478933608,3.234301346801347,2.066273849607183,1.1680274971941638,11.976299890369951,30.333333333333332,546.0,88.0,20.833333333333332,375.0,70.0,AFC North,5,9.5,171,0.5275761771869039,0.6892777777777778,10.45111111111111,5.771685467333323,2.388888888888889,1.2777777777777777,0.75,63.0,0.6111111111111112,6.0,0.4832772166105499,0.6344444444444445,6.658333333333333,3.4026983521066394,1.6111111111111112,0.6666666666666666,0.8392857142857143,44.44444444444444,0.9444444444444444,0.4832772166105499,1.0237001096300489,2025-01-19,2024,1.0293965875574815,0.39810559818946345,BUF,1.0,14.0,14.0,9.277777777777779,167,9.444444444444445,170,4.133333333333334,0.36805998844420096,-7.799999999999999,0.2950355159985139,3.3936748436748436,2.2724668849668848,1.1212079587079586,12.214312501518172,30.88888888888889,556.0,92.0,20.833333333333332,375.0,62.0,AFC East,1,10.055555555555555,181,0.47760180515370826,0.6467777777777778,8.451666666666666,4.568059988444201,1.7777777777777777,1.8333333333333333,0.8333333333333333,48.77777777777778,0.4444444444444444,24.0,0.4427227093893761,0.6883333333333334,6.503888888888889,4.495035515998514,1.6111111111111112,0.7222222222222222,0.7738095238095238,57.94444444444444,1.7777777777777777,0.4427227093893761,1.7856874984818276,2024,1.5346302386845996,0.6512507347404313,BAL vs. BUF,BUF,27,1702.4186493856275,2.0,BAL,25,1738.8520735961567,4.0,1,2,1.5,1,-102.0,-118.0,0,1
BUF,1.0,1.0,1.0,9.0,9,8.0,8,35.900000000000006,-0.2606060606060612,-11.099999999999994,0.7599999999999998,3.7777777777777777,3.5,0.2777777777777777,0.6130497014027806,34.0,34.0,6.0,28.0,28.0,4.0,AFC East,1,6.0,6,0.5,0.7829999999999999,11.39,3.939393939393939,2.0,2.0,1.0,65.0,1.0,0.0,0.3333333333333333,0.677,5.35,4.96,1.0,1.0,1.0,31.0,1.0,0.3333333333333333,0.3869502985972194,2024-09-12,2024,0.9246335323981463,0.1934751492986097,MIA,1.0,1.0,1.0,11.0,11,11.0,11,-1.2000000000000028,-0.96,-6.799999999999997,0.7230769230769232,1.8181818181818181,1.5454545454545454,0.2727272727272727,0.5951194033859748,20.0,20.0,4.0,17.0,17.0,3.0,AFC East,1,3.0,3,0.5,0.622,9.16,3.24,1.0,1.0,0.6666666666666666,103.0,0.0,1.0,0.5,0.5710000000000001,7.57,4.923076923076923,1.0,1.0,1.0,71.0,1.0,0.5,0.4048805966140252,2024,0.5108656714960091,0.11042198089473414,BUF vs. MIA,MIA,10,1550.0,1.0,BUF,31,1550.0,1.0,0,-21,-2.5,0,-135.0,114.0,1,0
JAX,2.0,0.0,0.0,9.0,18,10.0,20,-19.299999999999997,1.2853479853479857,-12.050000000000004,-0.4248275862068964,1.7012987012987013,1.9090909090909092,-0.20779220779220775,0.7210891293559208,15.0,30.0,6.0,19.0,38.0,8.0,AFC South,-2,-4.0,-8,0.0,0.519,7.050000000000001,5.485347985347985,0.5,1.0,0.8333333333333333,61.5,0.5,-1.0,0.26666666666666666,0.6345000000000001,7.109999999999999,3.7751724137931038,0.5,1.0,0.8333333333333333,101.5,0.0,0.26666666666666666,-0.7210891293559208,2024-09-23,2024,0.2131518117740132,0.05578217412881586,BUF,2.0,2.0,1.0,8.5,17,9.0,18,21.5,-0.15337995337995358,-28.249999999999996,0.3241176470588232,3.826388888888889,2.25,1.5763888888888888,1.548971218977175,32.5,65.0,10.0,19.0,38.0,6.0,AFC East,2,13.5,27,1.0,0.7335,9.879999999999999,4.046620046620046,1.5,2.0,0.75,35.0,0.5,3.0,0.3333333333333333,0.659,3.92,4.524117647058823,1.0,0.5,1.0,40.5,2.0,0.3333333333333333,0.45102878102282506,2024,0.7208908179478898,0.24183813017047084,JAX vs. BUF,BUF,47,1600.0,1.0,JAX,10,1400.0,24.0,1,37,-4.0,1,-218.0,180.0,0,0
BUF,4.0,3.0,0.75,9.0,36,9.25,37,13.375,-0.24453105615024673,-15.749999999999995,1.4076470588235293,3.46875,2.3472222222222223,1.1215277777777777,2.572916376550199,30.5,122.0,20.0,20.75,83.0,12.0,AFC East,-1,9.75,39,0.4444444444444444,0.6972499999999999,8.98,3.9554689438497537,1.75,1.75,0.75,38.75,0.5,5.0,0.3607226107226107,0.655,5.202500000000001,5.607647058823529,1.25,0.75,1.0,51.25,1.75,0.3607226107226107,0.4270836234498012,2024-10-06,2024,0.6148727254791392,0.2778716451445785,HOU,4.0,3.0,0.75,10.25,41,10.25,41,-4.550000000000001,-0.3667519980019981,-13.075,0.48804112554112555,2.0225378787878787,2.3708333333333336,-0.34829545454545463,1.8825130932225886,19.75,79.0,16.0,23.5,94.0,17.0,AFC South,1,-3.75,-15,0.6666666666666666,0.675,7.0825,3.833248001998002,1.5,0.5,0.75,81.5,1.0,-1.0,0.4024725274725275,0.562,6.4350000000000005,4.688041125541126,2.0,0.75,1.0,38.5,0.75,0.4024725274725275,1.1174869067774114,2024,0.4992670152953573,0.4268126671659512,BUF vs. HOU,HOU,23,1576.8593522064248,3.0,BUF,20,1552.4978273126528,3.0,1,3,-1.0,1,-118.0,-102.0,0,0
BUF,5.0,3.0,0.6,9.6,48,10.0,50,1.8400000000000005,0.035803726508373934,-13.079999999999995,0.9575462184873949,3.1083333333333334,2.2316239316239317,0.8767094017094017,2.9908563401138353,28.4,142.0,24.0,21.2,106.0,17.0,AFC East,-2,7.2,36,0.5208333333333333,0.6178,8.158,4.235803726508374,1.6,1.6,0.8,36.0,0.4,7.0,0.33143523143523146,0.6714,5.772,5.157546218487395,1.2,0.8,1.0,54.0,1.8,0.33143523143523146,0.009143659886164723,2024-10-14,2024,0.5009143659886165,0.2726217688722592,NYJ,5.0,2.0,0.4,10.6,53,10.0,50,-14.219999999999999,-0.7656758001723678,-29.279999999999994,0.07550974209717828,1.9022222222222223,1.6907647907647907,0.2114574314574315,2.677776058735782,18.6,93.0,17.0,17.0,85.0,18.0,AFC East,-2,1.6,8,0.4583333333333333,0.6268,5.7780000000000005,3.434324199827633,1.6,0.6,0.8125,70.4,1.2,0.0,0.44254901960784315,0.5796,4.458,4.275509742097179,0.4,0.8,0.9,61.8,1.2,0.44254901960784315,-0.6777760587357822,2024,0.2772747434018555,0.23920012377102368,BUF vs. NYJ,NYJ,20,1466.4606888637436,15.0,BUF,23,1505.997998192399,5.0,0,-3,1.0,0,102.0,-122.0,1,0
TEN,5.0,1.0,0.2,11.2,56,10.2,51,-34.1,0.15835164835164833,-16.46,-0.30038551538551583,1.7053302253302252,2.178181818181818,-0.4728515928515929,2.063247951167792,19.2,96.0,18.0,22.0,110.0,19.0,AFC South,-1,-2.8,-14,0.30833333333333335,0.6404,3.214,4.358351648351649,1.0,1.0,1.0,58.4,2.0,-7.0,0.2989177489177489,0.5964,5.6899999999999995,3.8996144846144842,1.0,0.6,1.0,67.6,0.6,0.2989177489177489,-1.0632479511677921,2024-10-20,2024,0.25307691742492766,0.21881681932475275,BUF,6.0,4.0,0.6666666666666666,9.333333333333334,56,9.833333333333334,59,6.05,0.08236169128223085,-11.499999999999995,1.0582726423902893,3.0694444444444446,2.2300569800569803,0.8393874643874644,3.572916376550199,27.5,165.0,28.0,21.0,126.0,21.0,AFC East,1,6.5,39,0.4966666666666667,0.6415000000000001,8.465,4.28236169128223,1.6666666666666667,1.5,0.75,45.666666666666664,0.3333333333333333,8.0,0.351953601953602,0.669,6.081666666666667,5.258272642390289,1.3333333333333333,0.6666666666666666,0.9,63.333333333333336,1.6666666666666667,0.351953601953602,0.4270836234498012,2024,0.5355903019541501,0.3219456386792255,TEN vs. BUF,BUF,34,1550.332556502892,3.0,TEN,10,1382.9237038113542,24.0,1,24,-9.5,1,-535.0,400.0,0,0
BUF,7.0,5.0,0.7142857142857143,9.571428571428571,67,9.857142857142858,69,7.342857142857142,-0.000832836043802132,-13.728571428571424,0.8368527410964385,3.0725108225108224,2.0543345543345546,1.018176268176268,4.520780002452265,28.428571428571427,199.0,34.0,19.428571428571427,136.0,23.0,AFC East,2,9.0,63,0.4472222222222222,0.6407142857142858,8.792857142857143,4.199167163956198,1.7142857142857142,1.5714285714285714,0.7857142857142857,44.857142857142854,0.2857142857142857,10.0,0.3445316588173731,0.6627142857142857,5.838571428571429,5.036852741096439,1.2857142857142858,0.5714285714285714,0.9166666666666666,61.714285714285715,1.7142857142857142,0.3445316588173731,0.4792199975477347,2024-10-27,2024,0.5422035819117761,0.30853428559751117,SEA,7.0,4.0,0.5714285714285714,10.857142857142858,76,11.0,77,-10.271428571428574,0.6610552681490892,-4.8857142857142835,0.6218224107824949,2.4076479076479074,2.2222222222222223,0.18542568542568533,3.980063890635293,25.714285714285715,180.0,29.0,23.428571428571427,164.0,29.0,NFC West,1,2.2857142857142856,16,0.5805555555555556,0.6922857142857143,6.497142857142857,4.861055268149089,1.1428571428571428,1.4285714285714286,0.738095238095238,56.285714285714285,1.4285714285714286,-3.0,0.3780844155844156,0.6875714285714285,7.415714285714286,4.821822410782495,1.4285714285714286,1.0,0.6944444444444443,59.142857142857146,1.0,0.3780844155844156,0.019936109364707022,2024,0.3826656901721363,0.3238926663665613,BUF vs. SEA,SEA,10,1514.0498053485246,11.0,BUF,31,1577.9467003900984,4.0,0,-21,3.0,0,142.0,-170.0,0,0
MIA,7.0,2.0,0.2857142857142857,10.428571428571429,73,10.428571428571429,73,-22.74285714285714,0.06857097310468882,-17.942857142857143,0.4093075611382247,1.4622758194186767,2.260031635031635,-0.7977558156129584,2.210713742164672,13.857142857142858,97.0,21.0,22.428571428571427,157.0,29.0,AFC East,-2,-8.571428571428571,-60,0.5297619047619048,0.6312857142857142,5.271428571428571,4.268570973104689,0.5714285714285714,0.7142857142857143,0.7738095238095237,65.0,1.1428571428571428,-3.0,0.36168831168831167,0.6084285714285714,6.271428571428571,4.609307561138225,0.7142857142857143,1.4285714285714286,0.7857142857142857,56.57142857142857,0.7142857142857143,0.36168831168831167,-0.2107137421646721,2024-11-03,2024,0.2790117640206299,0.32855049212764087,BUF,8.0,6.0,0.75,9.5,76,9.75,78,6.762499999999999,0.07721244493226131,-14.899999999999995,0.44254026610644237,3.119002525252525,1.936431623931624,1.1825709013209014,5.45670152002666,28.75,230.0,39.0,18.25,146.0,25.0,AFC East,3,10.5,84,0.46496598639455783,0.648875,8.70875,4.277212444932261,1.75,1.625,0.8125,49.875,0.375,11.0,0.36813186813186816,0.6703749999999999,5.78125,4.642540266106443,1.125,0.625,0.9285714285714286,64.25,1.75,0.36813186813186816,0.5432984799733402,2024,0.5480076327614479,0.3022154839732909,MIA vs. BUF,BUF,30,1550.0,1.0,MIA,27,1550.0,1.0,1,3,-6.5,0,-285.0,230.0,1,0
BUF,9.0,7.0,0.7777777777777778,9.333333333333334,84,9.444444444444445,85,5.466666666666665,0.1516742200567469,-10.599999999999998,0.4607526379727516,3.189113355780022,2.1498439831773166,1.039269372602706,6.018805267782864,28.88888888888889,260.0,45.0,19.22222222222222,173.0,30.0,AFC East,4,9.666666666666666,87,0.4425595238095238,0.648,8.442222222222222,4.351674220056747,1.8888888888888888,1.4444444444444444,0.8333333333333334,48.77777777777778,0.4444444444444444,11.0,0.3827838827838828,0.6951111111111111,6.1866666666666665,4.660752637972752,1.2222222222222223,0.6666666666666666,0.9375,63.44444444444444,1.6666666666666667,0.3827838827838828,0.9811947322171362,2024-11-10,2024,0.5941187340605437,0.3522037149889073,IND,9.0,4.0,0.4444444444444444,10.444444444444445,94,10.444444444444445,94,-28.32222222222222,0.5834739149432132,-1.1666666666666652,0.1805929311100663,2.0160493827160497,2.0957070707070704,-0.07965768799102131,4.388937825105984,20.88888888888889,188.0,34.0,21.444444444444443,193.0,37.0,AFC South,-2,-0.5555555555555556,-5,0.4473214285714286,0.5294444444444444,5.764444444444445,4.7834739149432135,1.2222222222222223,1.0,0.8333333333333333,40.22222222222222,1.4444444444444444,2.0,0.35627643960977295,0.7097777777777777,7.431111111111111,4.380592931110066,1.5555555555555556,0.7777777777777778,0.75,46.333333333333336,1.6666666666666667,0.35627643960977295,-0.38893782510598385,2024,0.3460710566742276,0.3328715135591946,BUF vs. IND,IND,20,1463.5752919288575,16.0,BUF,30,1638.205162427806,3.0,0,-10,4.5,0,190.0,-230.0,0,0
KAN,9.0,9.0,1.0,9.11111111111111,82,9.222222222222221,83,-13.344444444444443,-0.4586502338657512,-8.511111111111113,-0.6495237833824792,2.677469135802469,1.9657687991021322,0.7117003367003367,6.077181914330358,24.333333333333332,219.0,41.0,17.88888888888889,161.0,31.0,AFC West,9,6.444444444444445,58,0.4384920634920635,0.6908888888888889,6.023333333333333,3.741349766134249,1.3333333333333333,1.2222222222222223,0.9125,43.111111111111114,1.3333333333333333,-4.0,0.4905202821869488,0.6611111111111111,6.5344444444444445,3.550476216617521,1.4444444444444444,0.5555555555555556,0.7708333333333333,51.666666666666664,0.8888888888888888,0.4905202821869488,2.9228180856696424,2024-11-17,2024,0.6623787825372024,0.4532896394320735,BUF,10.0,8.0,0.8,9.4,94,9.6,96,0.979999999999999,0.1519906690188141,-11.949999999999998,0.5446773741754765,3.1702020202020202,2.1166777666777667,1.0535242535242535,6.742117699958367,29.0,290.0,50.0,19.3,193.0,34.0,AFC East,5,9.7,97,0.4427689594356261,0.6426999999999999,8.112,4.351990669018814,1.7,1.5,0.85,49.3,0.6,13.0,0.39450549450549455,0.6999,5.982,4.744677374175477,1.3,0.6,0.9444444444444444,59.6,1.9,0.39450549450549455,1.2578823000416328,2024,0.5988235265979592,0.3632999981264745,KAN vs. BUF,BUF,30,1664.9962018998854,3.0,KAN,21,1765.4404124437356,1.0,1,9,-2.5,1,-142.0,120.0,0,0
SFO,11.0,5.0,0.45454545454545453,9.636363636363637,106,9.909090909090908,109,-6.572727272727271,0.4980618820359883,-18.436363636363634,-0.07060587306582745,2.470549652367834,2.42311753902663,0.047432113341204236,5.527099485230811,23.636363636363637,260.0,51.0,23.636363636363637,260.0,46.0,NFC West,-2,0.0,0,0.5272222222222223,0.6525454545454545,7.77,4.698061882035988,1.2727272727272727,0.9090909090909091,0.9090909090909091,52.0,1.4545454545454546,0.0,0.4345730027548209,0.6314545454545454,5.716363636363636,4.129394126934173,1.1818181818181819,1.4545454545454546,0.9722222222222222,37.45454545454545,1.4545454545454546,0.4345730027548209,-0.5270994852308108,2024-12-01,2024,0.4580771237163196,0.36343071199281296,BUF,11.0,9.0,0.8181818181818182,9.454545454545455,104,9.636363636363637,106,-0.60909090909091,0.061340490896869125,-11.945454545454544,0.530455366897492,3.1547291092745637,2.115161606070697,1.039567503203867,7.441702104581145,29.09090909090909,320.0,55.0,19.454545454545453,214.0,37.0,AFC East,6,9.636363636363637,106,0.4984920634920635,0.6456363636363637,7.913636363636363,4.2613404908968695,1.6363636363636365,1.6363636363636365,0.8636363636363636,47.0,0.6363636363636364,14.0,0.41318681318681316,0.6996363636363636,5.854545454545455,4.730455366897492,1.4545454545454546,0.5454545454545454,0.9444444444444444,59.36363636363637,1.9090909090909092,0.41318681318681316,1.558297895418855,2024,0.6037643218951373,0.36677274625257084,SFO vs. BUF,BUF,35,1729.0615912578542,3.0,SFO,10,1462.984078584563,14.0,1,25,-6.5,1,-340.0,270.0,0,0
BUF,12.0,10.0,0.8333333333333334,9.416666666666666,113,9.666666666666666,116,2.683333333333333,0.1886849236730073,-13.20833333333333,0.6084729752115898,3.2159090909090913,2.0222314722314723,1.1936776186776186,8.392858183297982,29.583333333333332,355.0,60.0,18.666666666666668,224.0,39.0,AFC East,7,10.916666666666666,131,0.4944969172241899,0.6566666666666666,8.143333333333333,4.388684923673007,1.6666666666666667,1.75,0.7916666666666666,46.0,0.5833333333333334,17.0,0.4204212454212454,0.69225,5.765000000000001,4.80847297521159,1.3333333333333333,0.5833333333333334,0.8833333333333334,55.25,2.0,0.4204212454212454,1.6071418167020184,2024-12-08,2024,0.6020859210930097,0.35321733538173755,LAR,12.0,6.0,0.5,9.333333333333334,112,9.583333333333334,115,-7.116666666666668,-0.15729719561007074,-1.224999999999999,0.22518846902925607,2.3403829966329965,2.6530652218152215,-0.3126822251822252,5.509348097100302,21.166666666666668,254.0,43.0,24.166666666666668,290.0,55.0,NFC West,1,-3.0,-36,0.42851239669421487,0.656,7.100833333333334,4.04270280438993,1.4166666666666667,0.8333333333333334,0.625925925925926,46.5,1.0,3.0,0.31207588707588707,0.6755,7.621666666666666,4.425188469029256,1.6666666666666667,0.8333333333333334,0.9242424242424242,59.75,1.25,0.31207588707588707,0.49065190289969784,2024,0.39962651177432074,0.45796076424600246,BUF vs. LAR,LAR,44,1526.0067912458817,14.0,BUF,42,1746.8366077840328,3.0,1,2,3.5,1,160.0,-192.0,0,0
BUF,13.0,10.0,0.7692307692307693,9.384615384615385,122,9.538461538461538,124,3.8,0.3171571241144502,-9.684615384615382,0.48950618957260306,3.3275058275058274,2.289752128213667,1.0377536992921608,8.865322960647577,30.53846153846154,397.0,66.0,20.615384615384617,268.0,45.0,AFC East,-1,9.923076923076923,129,0.4949555074555074,0.6519230769230769,8.352307692307692,4.51715712411445,1.7692307692307692,1.8461538461538463,0.7916666666666666,47.0,0.5384615384615384,17.0,0.43081619235465385,0.698,6.244615384615385,4.689506189572604,1.3846153846153846,0.7692307692307693,0.893939393939394,58.61538461538461,1.8461538461538463,0.43081619235465385,1.1346770393524235,2024-12-15,2024,0.5882021970978941,0.36666282057745603,DET,13.0,12.0,0.9230769230769231,9.923076923076923,129,10.23076923076923,133,10.800000000000002,0.5065448647503166,-24.384615384615383,0.1778722804617943,3.3173937173937174,1.8116221385452156,1.5057715788485018,9.388857880399312,32.07692307692308,417.0,70.0,18.0,234.0,45.0,NFC North,11,14.076923076923077,183,0.6209595959595959,0.7446153846153846,8.843846153846155,4.706544864750317,2.076923076923077,1.6923076923076923,0.9772727272727273,60.46153846153846,0.9230769230769231,8.0,0.45747020701771834,0.6033076923076923,5.760769230769231,4.377872280461794,0.8461538461538461,0.9230769230769231,0.856060606060606,52.53846153846154,1.5384615384615385,0.45747020701771834,2.6111421196006876,2024,0.6516278761908456,0.3802784241654314,BUF vs. DET,DET,42,1848.580459740277,1.0,BUF,48,1668.7418216857218,5.0,0,-6,-2.5,0,-130.0,110.0,0,0
NWE,14.0,3.0,0.21428571428571427,9.857142857142858,138,9.714285714285714,136,-19.885714285714283,0.38200841152272125,-3.4285714285714293,0.07344236022685398,1.7409643927501068,2.584388825460254,-0.8434244327101471,5.044415137210974,17.0,238.0,46.0,24.071428571428573,337.0,59.0,AFC East,-4,-7.071428571428571,-99,0.43855546163238474,0.6488571428571428,5.177142857142857,4.582008411522722,1.0,0.6428571428571429,0.7512820512820512,54.5,1.2857142857142858,-7.0,0.3280448717948718,0.6554285714285715,7.433571428571428,4.273442360226854,1.5714285714285714,0.9285714285714286,0.8154761904761905,43.214285714285715,0.7857142857142857,0.3280448717948718,-2.044415137210974,2024-12-22,2024,0.2846567824473577,0.3394850351389457,BUF,14.0,11.0,0.7857142857142857,9.428571428571429,132,9.642857142857142,135,5.128571428571429,0.40836859003904824,-7.749999999999998,0.38311289031741713,3.4326839826839826,2.398925677497106,1.0337583051868766,9.44378653849975,31.785714285714285,445.0,74.0,22.142857142857142,310.0,51.0,AFC East,1,9.642857142857142,135,0.5278879240417702,0.6536428571428571,8.6,4.608368590039048,1.7857142857142858,2.0,0.782051282051282,47.142857142857146,0.5,18.0,0.43575789290075,0.6941428571428572,6.492142857142857,4.583112890317417,1.6428571428571428,0.7857142857142857,0.8194444444444445,57.357142857142854,1.7857142857142858,0.43575789290075,1.5562134615002492,2024,0.6229219676141874,0.3927867124531813,NWE vs. BUF,BUF,24,1742.534765454204,5.0,NWE,21,1252.2833454802217,26.0,1,3,-14.0,0,-1100.0,700.0,1,0
NYJ,15.0,4.0,0.26666666666666666,9.533333333333333,143,9.466666666666667,142,-7.7733333333333325,-0.07548345695673744,-13.639999999999999,-0.13677534266348637,2.0902236652236654,2.4952645502645505,-0.40504088504088503,6.424501050798266,19.466666666666665,292.0,52.0,22.933333333333334,344.0,68.0,AFC East,-1,-3.466666666666667,-52,0.47948083662369373,0.6346,6.6659999999999995,4.124516543043263,1.6666666666666667,0.5333333333333333,0.6875,65.26666666666667,1.0,-2.0,0.39563599798893917,0.6338,6.373333333333333,4.063224657336514,0.9333333333333333,1.2666666666666666,0.9,59.8,0.8666666666666667,0.39563599798893917,-2.4245010507982663,2024-12-29,2024,0.30486058058670873,0.3695464453266281,BUF,15.0,12.0,0.8,9.333333333333334,140,9.6,144,2.586666666666667,0.5106678268935879,-7.9533333333333305,0.3575720309629226,3.4038383838383837,2.3945528545528547,1.0092855292855292,10.022250116351923,31.266666666666666,469.0,77.0,22.066666666666666,331.0,54.0,AFC East,2,9.2,138,0.5054877662020519,0.6468666666666666,8.318666666666667,4.710667826893588,1.7333333333333334,1.9333333333333333,0.7976190476190476,49.2,0.5333333333333333,20.0,0.43094979094979097,0.6886,6.518666666666666,4.557572030962922,1.6666666666666667,0.8,0.8194444444444445,55.8,1.8666666666666667,0.43094979094979097,1.9777498836480767,2024,0.6225174957337628,0.3994437470912019,NYJ vs. BUF,BUF,40,1505.997998192399,5.0,NYJ,14,1466.4606888637436,15.0,1,26,-10.0,1,-520.0,390.0,1,0
BUF,16.0,13.0,0.8125,9.375,150,9.5625,153,4.03125,0.3945599112421504,-8.781249999999998,0.4060571123610733,3.4410984848484847,2.3421155233655235,1.0989829614829614,10.945551952949183,31.8125,509.0,83.0,21.5625,345.0,56.0,AFC East,3,10.25,164,0.4895663595663596,0.644375,8.493125,4.5945599112421505,1.8125,1.9375,0.8111111111111111,49.875,0.5,23.0,0.4397297147297147,0.6905,6.34375,4.606057112361073,1.6875,0.75,0.8194444444444445,59.8125,1.9375,0.4397297147297147,2.0544480470508173,2025-01-05,2024,0.6243829949605075,0.3901344324488749,NWE,16.0,3.0,0.1875,9.75,156,9.625,154,-19.581249999999997,0.3717573600823811,-4.40625,0.17150144743787946,1.717788288100788,2.698840222277722,-0.9810519341769341,5.481766836070056,16.625,266.0,50.0,25.0625,401.0,70.0,AFC East,-6,-8.4375,-135,0.47246235246235246,0.6398125,5.234375,4.5717573600823815,1.0625,0.625,0.7512820512820512,53.5625,1.375,-10.0,0.33599759615384617,0.648625,7.31125,4.37150144743788,1.625,0.9375,0.8385416666666666,46.0625,0.75,0.33599759615384617,-2.481766836070056,2024,0.270797939982571,0.3556316239752825,BUF vs. NWE,NWE,23,1252.2833454802217,26.0,BUF,16,1742.534765454204,5.0,1,7,3.0,1,140.0,-166.0,1,0
DEN,17.0,10.0,0.5882352941176471,10.529411764705882,179,10.764705882352942,183,-7.641176470588236,-0.0563618953041925,-15.476470588235296,-0.37520183623199055,2.443895973307738,1.7102129896247542,0.7336829836829836,10.346537140416071,25.0,425.0,73.0,18.294117647058822,311.0,61.0,AFC West,1,6.705882352941177,114,0.5798573822011321,0.6651764705882353,6.520588235294118,4.143638104695808,1.7647058823529411,0.7058823529411765,0.90625,55.35294117647059,1.1176470588235294,6.0,0.39170861817920644,0.6564705882352941,6.014117647058824,3.8247981637680093,1.2941176470588236,0.5882352941176471,0.85,42.529411764705884,1.4705882352941178,0.39170861817920644,-0.3465371404160713,2025-01-12,2024,0.3995079818434528,0.3069306443055672,BUF,17.0,13.0,0.7647058823529411,9.411764705882353,160,9.529411764705882,162,2.394117647058824,0.35602073642754967,-7.882352941176469,0.2860929684966964,3.3327985739750443,2.3546708193767016,0.9781277545983429,11.242873326865347,30.88235294117647,525.0,86.0,21.647058823529413,368.0,61.0,AFC East,-1,9.235294117647058,157,0.4706872120934621,0.6395882352941176,8.26764705882353,4.556020736427549,1.7647058823529411,1.8823529411764706,0.8229166666666666,49.0,0.47058823529411764,24.0,0.43739267268679033,0.6930000000000001,6.464705882352941,4.486092968496697,1.6470588235294117,0.7647058823529411,0.8333333333333334,59.76470588235294,1.8823529411764706,0.43739267268679033,1.7571266731346533,2024,0.5930562109888162,0.3933132632756768,DEN vs. BUF,BUF,31,1661.3629242217835,5.0,DEN,7,1598.5357635396992,10.0,1,24,-7.5,1,-425.0,330.0,0,1
BUF,2.0,15.0,7.5,9.210526315789474,175,9.368421052631579,178,3.2105263157894735,0.3425480592278395,-6.752631578947367,0.36722662919157456,3.3926919571656415,2.3173370489159963,1.0753549082496452,12.759785917328584,30.68421052631579,583.0,97.0,21.05263157894737,400.0,67.0,AFC East,2,9.631578947368421,183,1.17329059375628,0.651,8.308421052631578,4.5425480592278396,1.6842105263157894,1.894736842105263,0.8425925925925926,46.73684210526316,0.42105263157894735,27.0,0.4433449591344328,0.69,6.656315789473684,4.567226629191575,1.631578947368421,0.7368421052631579,0.788888888888889,57.1578947368421,1.8421052631578947,0.4433449591344328,2.2402140826714163,2025-01-26,2024,1.1751450457689354,0.6098155717387216,KAN,1.0,16.0,16.0,9.277777777777779,167,9.277777777777779,167,-10.177777777777777,-0.37992723540264123,-10.644444444444444,-0.044327048080629976,2.468644781144781,2.123526936026936,0.3451178451178451,11.388886619958841,22.666666666666668,408.0,78.0,18.88888888888889,340.0,64.0,AFC West,1,3.7777777777777777,68,1.0917184939243763,0.6698888888888889,6.238333333333333,3.820072764597359,1.5,0.8888888888888888,0.81875,47.666666666666664,0.7777777777777778,6.0,0.45572213280546614,0.6643333333333333,6.4688888888888885,4.15567295191937,1.3333333333333333,0.7777777777777778,0.8072916666666666,51.72222222222222,1.1111111111111112,0.45572213280546614,4.611113380041159,2024,2.620759542773715,1.7671332713930192,BUF vs. KAN,KAN,32,1757.4807062910666,1.0,BUF,29,1757.6427059827988,4.0,1,3,-1.5,1,-118.0,-102.0,0,1
LAC,1.0,1.0,1.0,12.0,12,12.0,12,-8.200000000000003,2.318518518518518,-8.900000000000006,-0.9727272727272731,1.8333333333333333,0.8333333333333334,0.9999999999999999,0.8663012925100579,22.0,22.0,5.0,10.0,10.0,2.0,AFC West,1,12.0,12,0.5,0.654,6.15,6.518518518518518,1.0,1.0,1.0,50.0,0.0,3.0,0.26666666666666666,0.758,6.06,3.227272727272727,1.0,0.0,0.5,15.0,3.0,0.26666666666666666,0.13369870748994206,2024-09-15,2024,0.4723744614541425,0.022283117914990342,CAR,1.0,0.0,0.0,12.0,12,12.0,12,-71.7,-1.3000000000000003,40.80000000000001,0.6648648648648647,0.8333333333333334,3.9166666666666665,-3.083333333333333,0.024898763710140305,10.0,10.0,2.0,47.0,47.0,9.0,NFC South,-1,-37.0,-37,0.5,0.419,1.45,2.9,0.0,1.0,1.0,80.0,3.0,-2.0,0.1,0.792,10.79,4.864864864864865,3.0,2.0,1.0,95.0,1.0,0.1,-0.024898763710140305,2024,0.1625168727149766,-0.018674072782605244,LAC vs. CAR,CAR,3,1450.0,17.0,LAC,26,1550.0,1.0,0,-23,5.0,0,185.0,-225.0,0,0
CAR,2.0,0.0,0.0,11.5,23,11.0,22,-57.75,-0.2500000000000002,20.400000000000006,0.7210687960687965,0.553030303030303,3.2583333333333333,-2.70530303030303,0.03085124017143295,6.5,13.0,3.0,36.5,73.0,14.0,NFC South,-2,-30.0,-60,1.0,0.5555,1.185,3.95,0.0,0.5,1.0,85.0,2.0,-1.0,0.09166666666666667,0.746,8.52,4.921068796068797,2.5,1.5,1.0,55.0,1.5,0.09166666666666667,-0.03085124017143295,2024-09-22,2024,0.1284227452062109,0.3083655144909077,LVR,2.0,1.0,0.5,11.5,23,11.5,23,-9.450000000000003,-1.7922459893048133,-14.350000000000001,1.8555555555555552,1.5984848484848486,1.962121212121212,-0.3636363636363635,0.7058337689596883,18.0,36.0,8.0,22.5,45.0,10.0,AFC West,1,-4.5,-9,0.0,0.7735000000000001,5.765,2.407754010695187,1.0,0.5,0.75,15.0,2.0,-3.0,0.34523809523809523,0.636,6.12,6.055555555555555,1.0,1.0,0.875,79.5,0.5,0.34523809523809523,0.2941662310403117,2024,0.3989854314852716,0.2813404850087634,CAR vs. LVR,LVR,22,1500.0,10.0,CAR,36,1414.0064999802885,24.0,0,-14,-5.5,0,-245.0,200.0,0,0
CIN,3.0,0.0,0.0,8.333333333333334,25,8.0,24,4.3666666666666645,0.4462121212121213,-2.0666666666666678,-0.06992521367521398,2.8677248677248675,3.6666666666666665,-0.7989417989417987,1.1411024205828317,22.666666666666668,68.0,14.0,26.666666666666668,80.0,14.0,AFC North,-3,-4.0,-12,0.75,0.7086666666666668,7.68,4.6462121212121215,1.6666666666666667,0.6666666666666666,0.8888888888888888,35.0,1.0,0.0,0.42377622377622376,0.7526666666666667,7.0,4.130074786324786,1.3333333333333333,1.3333333333333333,1.0,37.333333333333336,1.0,0.42377622377622376,-1.1411024205828317,2024-09-29,2024,0.3469942148245381,0.16700786266444936,CAR,3.0,1.0,0.3333333333333333,11.333333333333334,34,11.333333333333334,34,-31.133333333333336,-0.15806451612903252,11.366666666666669,0.22654586404586427,1.4595959595959596,2.783333333333333,-1.3237373737373737,0.7934842070073657,16.333333333333332,49.0,10.0,31.666666666666668,95.0,17.0,NFC South,1,-15.333333333333334,-46,0.75,0.6046666666666667,4.086666666666667,4.041935483870968,1.0,0.6666666666666666,1.0,73.66666666666667,1.3333333333333333,0.0,0.20000000000000004,0.7223333333333333,7.94,4.426545864045864,2.3333333333333335,1.3333333333333333,0.6666666666666666,54.666666666666664,1.3333333333333333,0.20000000000000004,0.20651579299263434,2024,0.3143642934306504,0.3677526321654391,CIN vs. CAR,CAR,24,1476.135291917265,15.0,CIN,34,1376.135291917265,30.0,0,-10,4.5,0,170.0,-205.0,0,0
CAR,4.0,1.0,0.25,10.75,43,11.0,44,-28.0,0.16765850945494976,8.650000000000002,0.25700617222794664,1.7613636363636362,2.9375,-1.1761363636363635,1.0980844005456447,18.25,73.0,14.0,32.25,129.0,23.0,NFC South,-1,-14.0,-56,0.5,0.606,4.375,4.36765850945495,1.25,0.75,1.0,64.5,1.25,0.0,0.275,0.71925,7.785,4.457006172227947,2.25,1.5,0.75,50.75,1.25,0.275,-0.09808440054564471,2024-10-06,2024,0.3175977813509359,0.37922760674687594,CHI,4.0,2.0,0.5,10.5,42,11.25,45,-29.5,-0.7064935064935068,-36.9,0.279020979020979,1.9011363636363636,1.7000291375291376,0.20110722610722603,1.9912083798784765,19.25,77.0,13.0,18.75,75.0,16.0,NFC North,1,0.5,2,0.4444444444444444,0.61975,3.8675,3.4935064935064934,0.75,0.75,0.875,56.0,1.5,2.0,0.317173023055376,0.60575,4.2225,4.479020979020979,0.5,1.25,0.9333333333333332,71.75,2.0,0.317173023055376,0.008791620121523458,2024,0.31020411346178456,0.2674481440108021,CAR vs. CHI,CHI,36,1490.0161815928163,10.0,CAR,10,1412.1287919369763,23.0,1,26,-4.0,1,-198.0,164.0,0,0
CAR,6.0,1.0,0.16666666666666666,10.833333333333334,65,10.666666666666666,64,-28.349999999999998,0.5560705852506682,9.483333333333334,0.18676704779209027,1.6464646464646464,3.2074915824915826,-1.561026936026936,1.3232041317801488,17.166666666666668,103.0,20.0,33.833333333333336,203.0,36.0,NFC South,-3,-16.666666666666668,-100,0.52,0.6228333333333333,4.271666666666667,4.756070585250669,1.1666666666666667,0.6666666666666666,0.9166666666666666,58.333333333333336,1.6666666666666667,-4.0,0.3007575757575758,0.7000000000000001,8.483333333333333,4.38676704779209,2.0,2.0,0.8333333333333334,49.0,1.0,0.3007575757575758,-0.32320413178014884,2024-10-20,2024,0.29111773683178727,0.43844961264561105,WAS,6.0,4.0,0.6666666666666666,8.5,51,8.333333333333334,50,1.2333333333333318,0.6613522135580957,9.649999999999997,0.9219525973602058,3.6481481481481484,3.08234126984127,0.5658068783068783,3.547684982462582,29.666666666666668,178.0,34.0,24.166666666666668,145.0,27.0,NFC East,-1,5.5,33,0.23666666666666666,0.7505000000000001,8.116666666666665,4.861352213558096,1.0,2.1666666666666665,0.7916666666666666,45.666666666666664,0.5,1.0,0.47657952069716775,0.6970000000000001,8.483333333333333,5.121952597360206,2.0,0.8333333333333334,0.9166666666666666,41.5,0.6666666666666666,0.47657952069716775,0.4523150175374182,2024,0.7169238908374909,0.4907083515783677,CAR vs. WAS,WAS,40,1546.568464713292,3.0,CAR,7,1350.7957219723298,25.0,1,33,-10.0,1,-535.0,400.0,0,0
CAR,7.0,1.0,0.14285714285714285,10.571428571428571,74,10.285714285714286,72,-32.528571428571425,0.46669404201610065,12.1,0.3863408672194751,1.5223665223665226,3.4635642135642137,-1.9411976911976911,1.339019408491404,15.714285714285714,110.0,21.0,34.714285714285715,243.0,43.0,NFC South,-4,-19.0,-133,0.5444444444444444,0.6369999999999999,3.6214285714285714,4.666694042016101,1.0,0.7142857142857143,0.9166666666666666,58.42857142857143,1.7142857142857142,-6.0,0.30064935064935067,0.7142857142857143,8.682857142857143,4.586340867219476,2.0,1.8571428571428572,0.8571428571428571,49.857142857142854,0.8571428571428571,0.30064935064935067,-0.339019408491404,2024-10-27,2024,0.27003975370980793,0.48298048697394763,DEN,7.0,4.0,0.5714285714285714,11.285714285714286,79,11.0,77,-24.342857142857145,0.4689456744780535,-20.142857142857142,-0.00021622025136285622,1.9004329004329004,1.3976023976023977,0.5028305028305028,4.0669546382100865,20.714285714285715,145.0,28.0,15.142857142857142,106.0,22.0,AFC West,1,5.571428571428571,39,0.6666666666666666,0.6084285714285714,4.968571428571429,4.668945674478054,0.7142857142857143,0.8571428571428571,0.9285714285714286,62.42857142857143,1.4285714285714286,0.0,0.26468372896944325,0.6614285714285714,4.890000000000001,4.199783779748637,0.8571428571428571,0.5714285714285714,0.9583333333333334,51.714285714285715,1.4285714285714286,0.26468372896944325,-0.06695463821008651,2024,0.35104027148303363,0.24216511680775155,CAR vs. DEN,DEN,28,1560.0177257241724,11.0,CAR,14,1326.3234383656088,28.0,1,14,-13.0,1,-750.0,525.0,0,0
NOR,8.0,2.0,0.25,10.625,85,10.375,83,-11.1625,0.03620099223547474,-21.775000000000002,0.9248272704307186,2.204501748251748,2.49107905982906,-0.2865773115773115,3.1352251212511133,23.125,185.0,33.0,25.75,206.0,37.0,NFC South,-6,-2.625,-21,0.6333333333333334,0.647625,6.82625,4.236200992235474,1.25,1.25,0.9523809523809524,57.625,1.375,2.0,0.4112839366515837,0.63425,6.01,5.1248272704307185,0.875,1.25,0.85,56.125,1.625,0.4112839366515837,-1.1352251212511133,2024-11-03,2024,0.33314348676281363,0.32680221462907955,CAR,8.0,1.0,0.125,10.75,86,10.25,82,-31.724999999999998,0.31460728676408806,13.55,0.21148575881704068,1.4779040404040404,3.380618686868687,-1.9027146464646465,1.5011094277360075,15.5,124.0,23.0,33.875,271.0,47.0,NFC South,-5,-18.375,-147,0.5482993197278911,0.636375,3.71125,4.514607286764088,1.125,0.625,0.9166666666666666,57.25,1.75,-6.0,0.30771103896103896,0.721125,8.745000000000001,4.411485758817041,2.125,1.75,0.8571428571428571,49.0,1.0,0.30771103896103896,-0.5011094277360075,2024,0.2506896557588253,0.46562173307379207,NOR vs. CAR,CAR,23,1500.0,1.0,NOR,22,1500.0,1.0,1,1,7.0,1,275.0,-345.0,1,0
NYG,9.0,2.0,0.2222222222222222,10.11111111111111,91,9.555555555555555,86,-17.422222222222224,0.10545472495504107,4.0,1.170259619029334,1.6585997335997336,2.484722684722685,-0.8261229511229512,2.9569523655518886,15.444444444444445,139.0,29.0,22.444444444444443,202.0,36.0,NFC East,-4,-7.0,-63,0.48095238095238096,0.6339999999999999,5.463333333333334,4.305454724955041,0.8888888888888888,0.5555555555555556,0.75,44.22222222222222,1.2222222222222223,-4.0,0.372334455667789,0.7122222222222222,7.773333333333334,5.370259619029334,1.2222222222222223,0.7777777777777778,0.7619047619047619,55.888888888888886,0.7777777777777778,0.372334455667789,-0.9569523655518886,2024-11-10,2024,0.2847965584847316,0.32758361090456334,CAR,9.0,2.0,0.2222222222222222,10.666666666666666,96,10.222222222222221,92,-30.77777777777778,0.1994576848531024,10.855555555555556,0.25519601325742364,1.5692480359147025,3.249438832772166,-1.6801907968574636,2.0274227644310914,16.333333333333332,147.0,27.0,32.55555555555556,293.0,52.0,NFC South,1,-16.22222222222222,-146,0.5110119047619047,0.634,3.901111111111111,4.399457684853102,1.1111111111111112,0.7777777777777778,0.9285714285714286,57.0,1.6666666666666667,-7.0,0.31796536796536795,0.7035555555555555,8.64111111111111,4.455196013257424,2.0,1.6666666666666667,0.875,55.666666666666664,0.8888888888888888,0.31796536796536795,-0.027422764431091373,2024,0.28039303861152837,0.5006932563400763,NYG vs. CAR,CAR,20,1360.982888088041,24.0,NYG,17,1342.6975818188885,24.0,1,3,6.5,1,240.0,-298.0,0,0
KAN,10.0,9.0,0.9,9.2,92,9.3,93,-13.2,-0.37396168106741146,-9.31,-0.6690875340764894,2.6197222222222223,2.069191919191919,0.550530303030303,6.377597509707579,24.0,240.0,44.0,19.1,191.0,36.0,AFC West,-1,4.9,49,0.4786596119929453,0.6915,5.879,3.8260383189325884,1.5,1.1,0.9125,44.5,1.4,-5.0,0.49146825396825394,0.6625,6.473999999999999,3.530912465923511,1.4,0.8,0.7962962962962963,48.9,0.9,0.49146825396825394,2.622402490292421,2024-11-24,2024,0.6036801191009419,0.44989945123712594,CAR,10.0,3.0,0.3,10.8,108,10.4,104,-29.189999999999998,0.34701191636779216,4.65,0.3008528825199166,1.578989898989899,3.066161616161616,-1.4871717171717171,2.622542167817066,16.7,167.0,31.0,31.0,310.0,55.0,NFC South,2,-14.3,-143,0.47892416225749557,0.6306,4.063000000000001,4.547011916367792,1.1,0.8,0.9375,60.0,1.6,-5.0,0.3261688311688312,0.6927,8.007,4.500852882519917,1.8,1.7,0.8333333333333334,51.6,1.1,0.3261688311688312,0.37745783218293383,2024,0.2978714748126583,0.49592325074044363,KAN vs. CAR,CAR,27,1408.3538478846103,22.0,KAN,30,1701.3750230857668,1.0,0,-3,11.0,1,500.0,-700.0,0,0
TAM,11.0,5.0,0.45454545454545453,9.636363636363637,106,10.0,110,2.5727272727272723,0.6868907126762859,-0.10909090909091,0.48195878775816053,2.904370629370629,2.4633061383061383,0.441064491064491,6.038345821678149,28.09090909090909,309.0,53.0,24.818181818181817,273.0,49.0,NFC South,1,3.272727272727273,36,0.5504761904761905,0.7162727272727273,7.390909090909091,4.886890712676286,2.1818181818181817,1.0909090909090908,0.95,44.90909090909091,1.1818181818181819,0.0,0.4926442541415803,0.6918181818181819,7.758181818181819,4.681958787758161,1.8181818181818181,0.9090909090909091,0.7333333333333333,55.18181818181818,1.1818181818181819,0.4926442541415803,-1.0383458216781492,2024-12-01,2024,0.4528024626509932,0.3629099625931989,CAR,11.0,3.0,0.2727272727272727,10.545454545454545,116,10.181818181818182,112,-27.336363636363636,0.3016125646633609,5.627272727272728,0.4686075155775465,1.7422635445362717,3.1283287419651056,-1.3860651974288338,3.0604384200608625,17.636363636363637,194.0,37.0,30.90909090909091,340.0,61.0,NFC South,-1,-13.272727272727273,-146,0.5210317460317461,0.6278181818181818,4.392727272727273,4.501612564663361,1.0909090909090908,0.8181818181818182,0.9444444444444444,59.36363636363637,1.4545454545454546,-5.0,0.33148215420942695,0.6960909090909091,7.9818181818181815,4.668607515577547,1.9090909090909092,1.5454545454545454,0.85,55.18181818181818,1.0,0.33148215420942695,-0.06043842006086253,2024,0.3172129925217462,0.49213738342231117,TAM vs. CAR,CAR,23,1392.733679343808,21.0,TAM,26,1447.6520968859195,14.0,0,-3,6.5,1,235.0,-290.0,1,0
CAR,12.0,3.0,0.25,10.75,129,10.5,126,-26.508333333333336,0.2360019937985569,2.400000000000001,0.5838303935529219,1.7445108132608134,3.022396584896585,-1.2778857716357717,3.488303358591116,18.083333333333332,217.0,42.0,30.5,366.0,67.0,NFC South,-2,-12.416666666666666,-149,0.5149875377148104,0.6225833333333334,4.586666666666667,4.436001993798557,1.0833333333333333,0.8333333333333334,0.9099999999999999,59.583333333333336,1.4166666666666667,-4.0,0.3351086413586413,0.6920000000000001,7.6575,4.783830393552922,1.8333333333333333,1.5,0.8454545454545456,55.083333333333336,1.0833333333333333,0.3351086413586413,-0.48830335859111607,2024-12-08,2024,0.312332854611869,0.46579608133227196,PHI,12.0,10.0,0.8333333333333334,9.916666666666666,119,9.833333333333334,118,0.22500000000000023,0.939011200355594,-20.11666666666667,0.2013919677066228,2.726557239057239,1.9386539386539388,0.7879033004033005,8.084419044053984,26.666666666666668,320.0,56.0,18.166666666666668,218.0,41.0,NFC East,8,8.5,102,0.4654761904761905,0.6800833333333333,7.7749999999999995,5.139011200355594,1.1666666666666667,2.0,0.7666666666666666,48.583333333333336,0.9166666666666666,3.0,0.4171470482132247,0.62125,5.158333333333334,4.401391967706623,1.0833333333333333,0.6666666666666666,0.7727272727272727,32.416666666666664,1.1666666666666667,0.4171470482132247,1.915580955946016,2024,0.5457090570959221,0.3739680926509793,CAR vs. PHI,PHI,22,1760.0742611199576,3.0,CAR,16,1350.571902868444,25.0,1,6,-14.0,0,-950.0,625.0,0,0
DAL,13.0,5.0,0.38461538461538464,11.0,143,10.692307692307692,139,-18.161538461538463,-0.27780520262873654,1.4538461538461538,0.4842848739205011,1.9178740063355448,2.713938838938839,-0.7960648326032942,5.108519366087858,20.615384615384617,268.0,51.0,28.153846153846153,366.0,66.0,NFC East,-1,-7.538461538461538,-98,0.5323683261183261,0.6296153846153845,5.556923076923076,3.922194797371264,1.3846153846153846,0.3076923076923077,0.8717948717948718,50.46153846153846,1.7692307692307692,-8.0,0.3469248700017931,0.6866923076923077,8.223846153846154,4.684284873920501,1.5384615384615385,1.6153846153846154,0.8888888888888888,63.61538461538461,1.1538461538461537,0.3469248700017931,-0.10851936608785806,2024-12-15,2024,0.3536662250293272,0.434331888122967,CAR,13.0,3.0,0.23076923076923078,10.538461538461538,137,10.307692307692308,134,-26.876923076923074,0.16173939699052312,2.6692307692307704,0.7344538620389254,1.7641638276253662,3.0014430014430014,-1.2372791738176354,3.8080937285794896,17.923076923076923,233.0,45.0,29.846153846153847,388.0,70.0,NFC South,-3,-11.923076923076923,-155,0.541516354016354,0.6176923076923077,4.593846153846154,4.361739396990523,1.0769230769230769,0.8461538461538461,0.9181818181818181,58.30769230769231,1.3846153846153846,-5.0,0.3429848997156689,0.690076923076923,7.519230769230769,4.934453862038926,1.8461538461538463,1.4615384615384615,0.775,53.92307692307692,1.0,0.3429848997156689,-0.8080937285794896,2024,0.30804928816054067,0.4497321693452558,DAL vs. CAR,CAR,14,1341.9230572658814,20.0,DAL,30,1405.868181900479,16.0,0,-16,-2.5,0,-142.0,120.0,0,0
CAR,15.0,4.0,0.26666666666666666,10.533333333333333,158,10.333333333333334,155,-25.1,0.28017414405845337,1.7400000000000015,0.9017565654912066,1.8404571354571355,2.983068783068783,-1.1426116476116477,4.55555854616595,18.866666666666667,283.0,53.0,29.866666666666667,448.0,82.0,NFC South,1,-11.0,-165,0.5273436880579737,0.6242,4.715999999999999,4.480174144058453,1.1333333333333333,1.0,0.9249999999999999,59.13333333333333,1.4666666666666666,-6.0,0.3440068265068265,0.6811333333333334,7.426666666666667,5.101756565491207,1.8666666666666667,1.4,0.7892857142857144,58.8,1.0666666666666667,0.3440068265068265,-0.5555585461659502,2024-12-29,2024,0.3230191548747699,0.4741695480492009,TAM,15.0,8.0,0.5333333333333333,10.066666666666666,151,10.2,153,1.5,0.9464846274230331,-4.113333333333335,0.020994885914425807,2.8524691974691976,2.2915786065786063,0.5608905908905908,8.807269051417247,28.466666666666665,427.0,75.0,23.466666666666665,352.0,66.0,NFC South,-1,5.0,75,0.4991508491508491,0.7121999999999999,7.445333333333334,5.146484627423034,2.2666666666666666,1.0,0.9461538461538462,47.266666666666666,1.4666666666666666,-4.0,0.47349467525938116,0.6791333333333333,7.321333333333333,4.220994885914426,1.6,0.8666666666666667,0.7846153846153846,52.666666666666664,1.2,0.47349467525938116,-0.8072690514172471,2024,0.4699579784298925,0.3793987985213341,CAR vs. TAM,TAM,48,1447.6520968859195,14.0,CAR,14,1392.733679343808,21.0,1,34,-9.5,1,-500.0,380.0,1,0
CHI,1.0,1.0,1.0,10.0,10,13.0,13,-45.2,-0.3818181818181827,-50.5,1.1846153846153848,2.4,1.3076923076923077,1.0923076923076922,0.6936569446912285,24.0,24.0,3.0,17.0,17.0,3.0,NFC North,1,7.0,7,0.5,0.483,2.21,3.8181818181818175,0.0,0.0,1.0,55.0,1.0,2.0,0.15384615384615385,0.594,1.06,5.384615384615385,1.0,1.0,1.0,50.0,3.0,0.15384615384615385,0.3063430553087715,2024-09-15,2024,0.3919029165926314,0.07069455122510111,HOU,1.0,1.0,1.0,8.0,8,9.0,9,12.0,1.125,-1.5999999999999943,0.5272727272727282,3.625,3.0,0.625,0.5422385271072196,29.0,29.0,6.0,27.0,27.0,4.0,AFC South,1,2.0,2,0.5,0.75,7.63,5.325,2.0,1.0,1.0,30.0,0.0,1.0,0.5,0.474,10.21,4.727272727272728,2.0,2.0,,20.0,1.0,0.5,0.45776147289278035,2024,1.0933211046695852,0.20344954350790237,CHI vs. HOU,HOU,19,1550.0,1.0,CHI,13,1550.0,1.0,1,6,-6.0,0,-258.0,210.0,0,0
CHI,2.0,1.0,0.5,11.0,22,12.5,25,-49.35,-0.6772727272727279,-29.35,0.19685314685314692,1.7416666666666667,1.4455128205128205,0.2961538461538461,0.9828327304539981,18.5,37.0,6.0,18.0,36.0,8.0,NFC North,-1,0.5,1,1.0,0.5525,1.7,3.5227272727272725,0.0,0.5,1.0,57.5,1.5,1.0,0.25339366515837103,0.6165,4.07,4.396853146853147,1.0,0.5,1.0,82.5,2.0,0.25339366515837103,0.017167269546001895,2024-09-22,2024,0.27506826402900025,0.1627467631273603,IND,2.0,0.0,0.0,9.5,19,8.5,17,-30.249999999999996,2.052525252525253,19.4,0.9247641509433961,2.0,2.701388888888889,-0.7013888888888888,0.7049043956659603,18.5,37.0,6.0,22.5,45.0,10.0,AFC South,-2,-4.0,-8,0.0,0.487,6.325,6.252525252525253,1.5,1.0,0.5,20.0,2.0,-3.0,0.3611111111111111,0.8035,8.885,5.124764150943396,1.5,0.5,0.875,40.0,0.5,0.3611111111111111,-0.7049043956659603,2024,0.20448877963169046,0.0867928248041293,CHI vs. IND,IND,21,1400.0,24.0,CHI,16,1500.0,10.0,1,5,-1.5,1,-125.0,105.0,0,0
LAR,3.0,1.0,0.3333333333333333,8.666666666666666,26,8.666666666666666,26,-9.199999999999998,-0.8573578595317728,25.433333333333337,0.8208254269449714,2.236111111111111,3.5749999999999997,-1.3388888888888892,0.952799124112852,19.0,57.0,11.0,30.333333333333332,91.0,15.0,NFC West,1,-11.333333333333334,-34,0.25,0.6709999999999999,7.06,3.3426421404682274,0.6666666666666666,1.3333333333333333,1.0,45.0,0.6666666666666666,1.0,0.3383838383838384,0.7286666666666667,10.996666666666668,5.020825426944971,2.3333333333333335,1.0,0.8333333333333334,73.0,1.0,0.3383838383838384,0.04720087588714805,2024-09-29,2024,0.4297334568558799,0.39369247613214375,CHI,3.0,1.0,0.3333333333333333,11.0,33,12.0,36,-40.1,-1.101515151515152,-40.666666666666664,0.2463869463869465,1.6459595959595958,1.6000388500388503,0.045920745920745874,1.3270666071152561,17.666666666666668,53.0,9.0,19.0,57.0,11.0,NFC North,-2,-1.3333333333333333,-4,0.5,0.58,2.94,3.098484848484848,0.6666666666666666,0.3333333333333333,0.8333333333333334,46.666666666666664,2.0,0.0,0.31178625296272355,0.5776666666666667,3.813333333333334,4.446386946386947,0.6666666666666666,1.3333333333333333,1.0,81.0,2.0,0.31178625296272355,-0.32706660711525615,2024,0.24299394480770395,0.1703913640901128,LAR vs. CHI,CHI,24,1435.9935000197115,15.0,LAR,18,1464.0064999802885,15.0,1,6,-3.0,1,-162.0,136.0,0,0
JAX,5.0,1.0,0.2,10.0,50,10.2,51,-14.219999999999999,1.488810975895375,9.419999999999998,-0.08162864721485415,1.8971861471861473,2.8626262626262626,-0.9654401154401153,1.689545628777433,19.4,97.0,19.0,28.6,143.0,26.0,AFC South,1,-9.2,-46,0.5416666666666666,0.5944,6.684,5.688810975895375,1.2,0.8,0.9333333333333332,47.4,1.0,-3.0,0.2641025641025641,0.6948000000000001,8.76,4.118371352785146,2.0,1.2,0.9333333333333332,75.4,0.4,0.2641025641025641,-0.6895456287774331,2024-10-13,2024,0.32759453221291507,0.33753652412465385,CHI,5.0,3.0,0.6,10.6,53,11.4,57,-18.580000000000002,-0.7487845487845491,-36.92,0.6463746779536252,2.1754545454545453,1.5266899766899766,0.6487645687645687,2.945374455406963,22.6,113.0,19.0,17.0,85.0,18.0,NFC North,2,5.6,28,0.3958333333333333,0.6338,5.412000000000001,3.451215451215451,1.0,1.2,0.9,54.0,1.2,5.0,0.32646569117157354,0.6104,4.104,4.846374677953625,0.4,1.2,0.825,61.0,2.2,0.32646569117157354,0.054625544593037034,2024,0.3624071145179913,0.2560816133427181,JAX vs. CHI,CHI,35,1528.9913563007865,5.0,JAX,16,1423.7849368635557,23.0,1,19,1.5,1,100.0,-120.0,0,0
CHI,6.0,4.0,0.6666666666666666,10.333333333333334,62,11.0,66,-11.550000000000002,-0.45042390559631973,-32.61666666666667,0.40531223162802105,2.461026936026936,1.5685379435379436,0.8924889924889925,3.810103881733545,24.666666666666668,148.0,24.0,16.833333333333332,101.0,21.0,NFC North,3,7.833333333333333,47,0.35666666666666663,0.6603333333333333,5.9816666666666665,3.7495760944036807,1.5,1.1666666666666667,0.75,46.666666666666664,1.1666666666666667,6.0,0.3478123184005537,0.6198333333333333,4.368333333333333,4.605312231628021,0.6666666666666666,1.0,0.86,58.0,2.1666666666666665,0.3478123184005537,0.18989611826645492,2024-10-27,2024,0.3993481366623519,0.2752217638474635,WAS,7.0,5.0,0.7142857142857143,8.428571428571429,59,8.428571428571429,59,5.028571428571427,0.7931281521617655,0.04285714285713941,0.7803071952528471,3.8412698412698414,2.7531179138321997,1.0881519274376417,4.531869705751326,31.142857142857142,218.0,41.0,21.714285714285715,152.0,28.0,NFC East,1,9.428571428571429,66,0.225,0.7575714285714286,8.368571428571428,4.993128152161765,1.1428571428571428,2.0,0.8214285714285714,47.0,0.42857142857142855,3.0,0.47992530345471524,0.7005714285714285,7.231428571428571,4.9803071952528475,1.7142857142857142,0.8571428571428571,0.9166666666666666,44.0,0.8571428571428571,0.47992530345471524,0.4681302942486738,2024,0.7413882374435731,0.4385173080846559,CHI vs. WAS,WAS,18,1571.0407483200129,4.0,CHI,15,1564.297326781892,3.0,1,3,-1.5,1,-122.0,102.0,0,0
NWE,9.0,2.0,0.2222222222222222,10.0,90,9.88888888888889,89,-24.11111111111111,0.2985534498409426,-3.3555555555555565,0.20916469542913685,1.5607201440534775,2.5059508392841727,-0.9452306952306953,2.887922102980516,15.666666666666666,141.0,27.0,24.11111111111111,217.0,39.0,AFC East,-1,-8.444444444444445,-76,0.4348214285714286,0.615,4.615555555555556,4.4985534498409425,0.8888888888888888,0.7777777777777778,0.8333333333333333,52.22222222222222,1.2222222222222223,-3.0,0.3385748510748511,0.6633333333333333,7.607777777777778,4.409164695429137,1.3333333333333333,1.1111111111111112,0.8240740740740741,49.666666666666664,0.8888888888888888,0.3385748510748511,-0.8879221029805162,2024-11-10,2024,0.27040259656731613,0.3462809462968288,CHI,8.0,4.0,0.5,10.25,82,11.125,89,-18.75,-0.2476664140457247,-27.4625,0.6933224090151333,2.1412247474747477,1.6830322455322455,0.4581925019425019,4.262525318123445,21.5,172.0,29.0,18.5,148.0,31.0,NFC North,-2,3.0,24,0.4282312925170068,0.6145,5.55875,3.9523335859542756,1.125,1.125,0.7857142857142857,46.625,1.0,7.0,0.3084782864194629,0.61525,5.2275,4.893322409015133,0.625,1.125,0.8714285714285713,49.125,1.875,0.3084782864194629,-0.26252531812344504,2024,0.34205299660734767,0.2933451055311422,NWE vs. CHI,CHI,3,1468.4228837234216,14.0,NWE,19,1302.005731390797,24.0,0,-16,-6.5,0,-325.0,260.0,0,0
GNB,9.0,6.0,0.6666666666666666,10.555555555555555,95,10.444444444444445,94,-2.877777777777778,0.8737034010122389,-14.988888888888889,0.12072164132894574,2.4487654320987655,2.0883197049863718,0.3604457271123938,5.352725807757592,25.555555555555557,230.0,42.0,21.555555555555557,194.0,33.0,NFC North,-1,4.0,36,0.4532738095238095,0.6521111111111111,7.802222222222222,5.073703401012239,2.0,0.6666666666666666,0.7592592592592592,53.888888888888886,1.4444444444444444,6.0,0.35361104037574626,0.649888888888889,5.986666666666666,4.320721641328946,1.4444444444444444,0.8888888888888888,0.9285714285714286,49.111111111111114,2.111111111111111,0.35361104037574626,0.6472741922424081,2024-11-17,2024,0.47390118839085515,0.3373050216832145,CHI,9.0,4.0,0.4444444444444444,10.333333333333334,93,11.11111111111111,100,-21.22222222222222,-0.2812590347073109,-26.7,0.6067627762674201,1.9336139169472502,1.6879478546145212,0.24566606233272895,4.274961767089854,19.444444444444443,175.0,30.0,18.555555555555557,167.0,36.0,NFC North,-3,0.8888888888888888,8,0.40248015873015874,0.6054444444444445,5.196666666666667,3.9187409652926894,1.0,1.0,0.8125,44.22222222222222,0.8888888888888888,8.0,0.2821394291982527,0.6135555555555556,5.3533333333333335,4.80676277626742,0.6666666666666666,1.0,0.8875,48.111111111111114,1.7777777777777777,0.2821394291982527,-0.2749617670898541,2024,0.3127253846921199,0.30900152931640584,GNB vs. CHI,CHI,19,1396.15128272305,15.0,GNB,20,1620.1521901682254,7.0,0,-1,6.0,1,215.0,-265.0,1,0
MIN,10.0,8.0,0.8,9.9,99,10.8,108,-1.1099999999999994,-0.10709355139844216,-22.23,-0.7480176482873853,2.492900432900433,1.6113247863247864,0.8815756465756465,6.9054820869572735,24.4,244.0,43.0,17.0,170.0,28.0,NFC North,3,7.4,74,0.582716049382716,0.6857,7.644,4.092906448601558,1.9,0.5,0.8888888888888888,50.6,1.7,4.0,0.3916200466200467,0.646,5.424,3.4519823517126147,1.5,0.4,0.7083333333333334,61.2,2.1,0.3916200466200467,1.0945179130427265,2024-11-24,2024,0.48188310127357303,0.2617097236714781,CHI,10.0,4.0,0.4,10.0,100,10.6,106,-19.860000000000003,-0.1466625430012857,-22.729999999999997,0.550086498640678,2.0116810966810967,1.8524864024864023,0.15919469419469415,4.744607861986358,19.4,194.0,34.0,18.7,187.0,39.0,NFC North,-4,0.7,7,0.4318342151675485,0.6191,5.361,4.053337456998714,0.9,1.1,0.7962962962962963,44.8,0.8,9.0,0.31017548627842745,0.6287,6.2,4.750086498640679,0.7,1.1,0.8875,45.8,1.7,0.31017548627842745,-0.7446078619863581,2024,0.31468333269246385,0.30373612583257736,MIN vs. CHI,CHI,27,1374.5567395555613,18.0,MIN,30,1651.5863698124165,4.0,0,-3,3.0,0,145.0,-175.0,1,0
CHI,11.0,4.0,0.36363636363636365,10.363636363636363,114,10.727272727272727,118,-18.11818181818182,-0.19283371677802832,-19.30909090909091,0.5357688708181247,2.0041256723074907,1.9113512749876385,0.09277439731985182,5.182504114230155,20.09090909090909,221.0,39.0,19.727272727272727,217.0,45.0,NFC North,-5,0.36363636363636365,4,0.46865079365079365,0.6234545454545454,5.555454545454546,4.007166283221972,1.0,1.0909090909090908,0.7833333333333333,48.0,0.8181818181818182,9.0,0.3140632762958966,0.6312727272727273,6.591818181818183,4.735768870818125,0.8181818181818182,1.0909090909090908,0.8999999999999999,45.72727272727273,1.6363636363636365,0.3140632762958966,-1.182504114230155,2024-11-28,2024,0.3053288194138947,0.3056913057470285,DET,11.0,10.0,0.9090909090909091,10.0,110,10.454545454545455,115,12.009090909090911,0.5310535891466632,-29.227272727272727,0.12612178600030235,3.3791420700511607,1.6258564667655577,1.7532856032856032,8.252284205780281,32.72727272727273,360.0,59.0,16.636363636363637,183.0,37.0,NFC North,9,16.09090909090909,177,0.6337878787878788,0.7529090909090909,9.126363636363637,4.731053589146663,2.0,1.9090909090909092,1.0,59.18181818181818,0.9090909090909091,9.0,0.4657548334018923,0.6118181818181818,5.152727272727272,4.326121786000303,0.6363636363636364,0.8181818181818182,0.8416666666666666,49.63636363636363,1.7272727272727273,0.4657548334018923,1.7477157942197188,2024,0.6215828362470772,0.3436090785661103,CHI vs. DET,DET,23,1807.8165844022035,1.0,CHI,20,1357.6845235218118,19.0,1,3,-9.5,0,-520.0,390.0,1,0
CHI,12.0,4.0,0.3333333333333333,10.25,123,10.583333333333334,127,-17.083333333333332,-0.09343090704652597,-17.78333333333333,0.6310204548156043,2.022300384800385,1.965034965034965,0.057265419765419746,5.600444077793791,20.083333333333332,241.0,42.0,20.0,240.0,50.0,NFC North,-6,0.08333333333333333,1,0.5086908041453496,0.61425,5.697500000000001,4.106569092953475,1.1666666666666667,1.0,0.7833333333333333,50.5,0.75,10.0,0.3267802254934608,0.6301666666666667,6.6575,4.831020454815604,0.9166666666666666,1.0,0.885,48.5,1.5833333333333333,0.3267802254934608,-1.6004440777937914,2024-12-08,2024,0.2959223229896076,0.30838438064981005,SFO,12.0,5.0,0.4166666666666667,9.666666666666666,116,9.833333333333334,118,-8.283333333333331,0.5787789474218782,-13.658333333333331,0.06773409004053543,2.348003848003848,2.5452651515151516,-0.19726130351130353,5.575943406513975,22.5,270.0,53.0,24.583333333333332,295.0,51.0,NFC West,-3,-2.0833333333333335,-25,0.5536730945821855,0.6490833333333333,7.520833333333333,4.778778947421878,1.1666666666666667,0.9166666666666666,0.8611111111111112,48.5,1.5833333333333333,-3.0,0.4233585858585858,0.6436666666666667,6.129166666666666,4.267734090040536,1.25,1.5833333333333333,0.875,37.25,1.3333333333333333,0.4233585858585858,-0.575943406513975,2024,0.43496767202209724,0.3754427162908102,CHI vs. SFO,SFO,38,1445.2090620583842,19.0,CHI,13,1350.713626290741,22.0,1,25,-3.0,1,-162.0,136.0,0,0
CHI,13.0,4.0,0.3076923076923077,10.153846153846153,132,10.461538461538462,136,-15.100000000000001,-0.1602365881894672,-14.323076923076922,0.5557835872506031,1.9778499278499277,2.1386647540493695,-0.1608148261994416,5.673399759126759,19.53846153846154,254.0,44.0,21.384615384615383,278.0,56.0,NFC North,-7,-1.8461538461538463,-24,0.501022126022126,0.6246923076923078,5.688461538461539,4.039763411810533,1.2307692307692308,0.9230769230769231,0.7833333333333333,48.92307692307692,0.7692307692307693,10.0,0.33241251584011766,0.6408461538461538,7.079999999999999,4.755783587250603,1.0,1.1538461538461537,0.8954545454545454,47.15384615384615,1.5384615384615385,0.33241251584011766,-1.6733997591267586,2024-12-16,2024,0.29042564720187797,0.32708688545752346,MIN,13.0,11.0,0.8461538461538461,9.923076923076923,129,11.0,143,5.0,0.018973621431397733,-21.684615384615384,-0.5099600001488797,2.6654789654789655,1.703216868601484,0.9622620968774815,8.831809152163958,26.076923076923077,339.0,60.0,18.46153846153846,240.0,43.0,NFC North,6,7.615384615384615,99,0.5574915824915825,0.6905384615384615,8.444615384615386,4.218973621431398,2.1538461538461537,0.5384615384615384,0.8125,49.38461538461539,1.4615384615384615,8.0,0.3976465841850457,0.6490769230769231,5.575384615384616,3.6900399998511206,1.3846153846153846,0.5384615384615384,0.7424242424242423,70.38461538461539,2.076923076923077,0.3976465841850457,2.1681908478360423,2024,0.5426901913358155,0.3277203907783484,CHI vs. MIN,MIN,30,1651.5863698124165,4.0,CHI,12,1374.5567395555613,18.0,1,18,-7.0,1,-325.0,260.0,1,0
DET,14.0,12.0,0.8571428571428571,10.0,140,10.214285714285714,143,11.271428571428574,0.3989345172681511,-21.042857142857144,0.2790326637901535,3.353164296021439,2.0250777000777,1.328086595943739,9.810394302547138,32.785714285714285,459.0,76.0,20.142857142857142,282.0,53.0,NFC North,-1,12.642857142857142,177,0.6323650708266093,0.7374285714285714,8.905714285714286,4.598934517268151,2.2857142857142856,1.6428571428571428,0.8958333333333334,59.07142857142857,0.9285714285714286,7.0,0.4577607966263429,0.6085,6.1935714285714285,4.479032663790154,0.9285714285714286,1.1428571428571428,0.8402777777777778,52.285714285714285,1.4285714285714286,0.4577607966263429,2.189605697452862,2024-12-22,2024,0.6277602209216415,0.40212242855394686,CHI,14.0,4.0,0.2857142857142857,10.071428571428571,141,10.5,147,-15.150000000000002,-0.17046599445179592,-15.271428571428569,0.49687293692974716,1.9318130282415997,2.1807081807081805,-0.24889515246658103,5.775728895459815,19.0,266.0,47.0,22.0,308.0,62.0,NFC North,-8,-3.0,-42,0.5275707198784122,0.6224999999999999,5.708571428571429,4.0295340055482045,1.2142857142857142,0.8571428571428571,0.8030303030303031,52.07142857142857,0.7857142857142857,10.0,0.31462114566106164,0.6379285714285714,6.913571428571428,4.696872936929748,1.0,1.2142857142857142,0.9041666666666667,47.785714285714285,1.5,0.31462114566106164,-1.7757288954598147,2024,0.29105407391762345,0.3381461654429016,DET vs. CHI,CHI,17,1357.6845235218118,19.0,DET,34,1807.8165844022035,1.0,0,-17,7.0,0,270.0,-340.0,1,0
SEA,15.0,8.0,0.5333333333333333,10.6,159,10.666666666666666,160,-13.593333333333335,0.07346981223993256,-7.306666666666664,0.25020555563756747,2.16015392015392,2.1885714285714286,-0.028417508417508466,7.845626699479,22.6,339.0,57.0,22.666666666666668,340.0,59.0,NFC West,-2,-0.06666666666666667,-1,0.5788517038517039,0.6967333333333333,6.077333333333333,4.273469812239933,1.1333333333333333,1.1333333333333333,0.8333333333333333,62.6,1.5333333333333334,-7.0,0.3533136308136308,0.6701333333333334,6.898,4.4502055556375675,1.6,0.7333333333333333,0.7948717948717949,61.666666666666664,1.0666666666666667,0.3533136308136308,0.15437330052099973,2024-12-26,2024,0.36217999083006164,0.3479616769711413,CHI,15.0,4.0,0.26666666666666666,10.0,150,10.4,156,-13.7,-0.20772904580206836,-11.846666666666666,0.48791474113443073,1.9289514189514188,2.287179487179487,-0.35822806822806824,5.937818914704418,18.866666666666667,283.0,50.0,22.8,342.0,68.0,NFC North,-9,-3.933333333333333,-59,0.5511115868258726,0.6243333333333333,5.933333333333334,3.992270954197932,1.2666666666666666,0.8,0.8194444444444445,53.266666666666666,0.8666666666666667,8.0,0.3069797359503242,0.6433333333333333,7.263333333333334,4.687914741134431,1.1333333333333333,1.2,0.885897435897436,48.266666666666666,1.4,0.3069797359503242,-1.937818914704418,2024,0.29027069078434625,0.35052492042739297,SEA vs. CHI,CHI,3,1298.8824141660127,24.0,SEA,6,1549.7314071898763,14.0,0,-3,3.5,1,160.0,-192.0,0,0
CHI,16.0,4.0,0.25,10.0,160,10.3125,165,-16.137500000000003,-0.17735467609161298,-11.756249999999998,0.49992006981352877,1.8271419552669552,2.1858974358974357,-0.3587554806304806,6.099908933949021,17.875,286.0,51.0,21.75,348.0,70.0,NFC North,-10,-3.875,-62,0.5499263699263699,0.621,5.631875,4.022645323908387,1.1875,0.75,0.8333333333333334,51.375,0.875,8.0,0.30862683578676225,0.6493125,7.198125,4.699920069813529,1.0625,1.125,0.8940476190476191,46.8125,1.375,0.30862683578676225,-2.0999089339490213,2025-01-05,2024,0.2769158767064843,0.34204786917559415,GNB,16.0,11.0,0.6875,10.0625,161,9.9375,159,2.26875,0.5427270840993346,-14.89375,-0.202783313985823,2.7825757575757577,1.9799918831168832,0.8025838744588745,10.414692378290622,27.375,438.0,78.0,19.625,314.0,56.0,NFC North,-1,7.75,124,0.5187360787360787,0.655625,8.67375,4.742727084099335,1.75,1.3125,0.8555555555555556,49.4375,1.0625,12.0,0.37176356119370824,0.664625,5.935625,3.9972166860141773,1.375,0.75,0.8974358974358974,55.9375,1.8125,0.37176356119370824,0.5853076217093776,2024,0.5021948736387156,0.3430728092829108,CHI vs. GNB,GNB,22,1620.1521901682254,7.0,CHI,24,1396.15128272305,15.0,0,-2,-10.0,0,-410.0,320.0,1,0
CIN,1.0,0.0,0.0,9.0,9,9.0,9,-15.400000000000006,0.17499999999999982,-25.0,0.1589743589743584,1.1111111111111112,1.7777777777777777,-0.6666666666666665,0.24714292277317998,10.0,10.0,2.0,16.0,16.0,4.0,AFC North,-1,-6.0,-6,0.5,0.7240000000000001,5.31,4.375,0.0,1.0,1.0,10.0,2.0,-2.0,0.36363636363636365,0.625,5.0,4.358974358974359,0.0,1.0,1.0,40.0,0.0,0.36363636363636365,-0.24714292277317998,2024-09-15,2024,0.1673015727170711,-0.10984129901030225,KAN,1.0,1.0,1.0,9.0,9,9.0,9,0.4000000000000057,-0.6000000000000001,-9.799999999999997,1.5812499999999998,3.0,2.2222222222222223,0.7777777777777777,0.6706768379236325,27.0,27.0,5.0,20.0,20.0,4.0,AFC West,1,7.0,7,0.5,0.7140000000000001,9.14,3.6,1.0,2.0,1.0,45.0,1.0,0.0,0.4444444444444444,0.634,7.0,5.78125,1.0,1.0,0.6666666666666666,64.0,1.0,0.4444444444444444,0.32932316207636747,2024,0.7385128678202042,0.14636584981171888,CIN vs. KAN,KAN,26,1550.0,1.0,CIN,25,1450.0,17.0,1,1,-6.5,0,-290.0,235.0,0,0
WAS,2.0,1.0,0.5,7.5,15,7.5,15,-7.050000000000004,1.1714285714285713,22.349999999999994,0.598484848484848,2.75,3.5982142857142856,-0.8482142857142858,0.7791067288468772,20.5,41.0,10.0,27.5,55.0,10.0,NFC East,1,-7.0,-14,0.0,0.7505,6.975,5.371428571428572,0.0,1.5,0.5,60.0,0.0,1.0,0.375,0.6855,9.84,4.798484848484848,3.0,0.5,1.0,33.0,0.5,0.375,0.22089327115312285,2024-09-23,2024,0.740297757051041,0.4069644237177076,CIN,2.0,0.0,0.0,9.0,18,9.0,18,-6.550000000000004,-0.3306818181818181,-23.4,0.3076121794871791,1.9444444444444444,2.333333333333333,-0.38888888888888884,0.7239213678780936,17.5,35.0,8.0,21.0,42.0,8.0,AFC North,-2,-3.5,-7,1.0,0.6815,6.625,3.869318181818182,1.0,0.5,1.0,44.5,1.5,0.0,0.3356643356643357,0.6725,4.24,4.507612179487179,1.0,0.5,1.0,42.0,1.5,0.3356643356643357,-0.7239213678780936,2024,0.2835730293604236,0.06135080713820142,WAS vs. CIN,CIN,33,1414.0064999802885,24.0,WAS,38,1500.0,10.0,0,-5,-7.5,0,-355.0,280.0,0,0
CIN,5.0,1.0,0.2,9.4,47,8.8,44,9.659999999999997,0.11479599642993757,-1.0400000000000005,0.37642215374213334,3.033968253968254,3.478787878787879,-0.44481962481962467,2.291601859291457,28.0,140.0,25.0,29.0,145.0,25.0,AFC North,-1,-1.0,-5,0.5833333333333333,0.721,8.256,4.314795996429938,2.4,0.8,0.7333333333333333,33.6,1.0,0.0,0.47624375624375626,0.6974,7.272,4.576422153742134,2.0,1.2,1.0,34.0,1.0,0.47624375624375626,-1.291601859291457,2024-10-13,2024,0.39451044050090883,0.30777251598960714,NYG,5.0,2.0,0.4,10.2,51,9.6,48,-12.72,-0.37643239113827365,1.9799999999999982,1.1992818775427467,1.8396353646353645,2.3166278166278165,-0.4769924519924519,2.167212194617636,17.8,89.0,18.0,20.8,104.0,19.0,NFC East,1,-3.0,-15,0.3958333333333333,0.6364,6.266,3.823567608861727,1.2,0.4,0.75,47.6,1.4,-2.0,0.38492063492063494,0.7335999999999999,7.228,5.399281877542746,1.4,0.2,0.5833333333333333,59.8,1.0,0.38492063492063494,-0.16721219461763592,2024,0.3411379627328728,0.30342903459277043,CIN vs. NYG,NYG,7,1481.961891686862,15.0,CIN,17,1403.5349684854357,23.0,0,-10,4.5,0,190.0,-230.0,0,0
CIN,6.0,2.0,0.3333333333333333,9.5,57,9.0,54,5.699999999999998,0.4039966636916146,-8.216666666666667,0.25347007435500357,2.8116402116402117,3.0156565656565655,-0.2040163540163539,3.1827874146547876,26.166666666666668,157.0,28.0,25.333333333333332,152.0,26.0,AFC North,1,0.8333333333333334,5,0.5466666666666666,0.714,7.97,4.603996663691615,2.0,1.0,0.7777777777777777,39.166666666666664,1.0,0.0,0.4574758574758575,0.6706666666666666,6.6499999999999995,4.453470074355004,1.6666666666666667,1.1666666666666667,0.8333333333333334,29.833333333333332,1.0,0.4574758574758575,-1.1827874146547876,2024-10-20,2024,0.39439167365399397,0.3063195284536281,CLE,6.0,1.0,0.16666666666666666,10.833333333333334,65,10.166666666666666,61,-24.683333333333337,0.09032871921296108,-11.899999999999999,0.5357916653251338,1.5382071632071632,2.2963471713471715,-0.7581400081400083,2.0007812058372316,15.833333333333334,95.0,17.0,23.5,141.0,26.0,AFC North,-4,-7.666666666666667,-46,0.31666666666666665,0.6243333333333333,4.363333333333333,4.290328719212961,0.8333333333333334,0.3333333333333333,0.7916666666666666,59.5,1.0,-1.0,0.19813797313797313,0.5843333333333333,7.251666666666666,4.7357916653251335,1.0,1.3333333333333333,0.7222222222222222,54.166666666666664,0.8333333333333334,0.19813797313797313,-1.0007812058372316,2024,0.21791466538658222,0.2840975099678469,CIN vs. CLE,CLE,14,1329.8380310721209,25.0,CIN,21,1464.6336385462166,18.0,0,-7,5.5,0,190.0,-230.0,1,0
PHI,6.0,4.0,0.6666666666666666,9.666666666666666,58,9.5,57,-7.300000000000002,0.8910834518729255,-14.783333333333337,0.620277321656632,2.3026515151515152,2.088888888888889,0.21376262626262635,3.4714688881240896,22.333333333333332,134.0,22.0,19.166666666666668,115.0,24.0,NFC East,2,3.1666666666666665,19,0.44000000000000006,0.6708333333333334,6.696666666666666,5.091083451872925,1.1666666666666667,1.5,0.6666666666666666,45.166666666666664,1.3333333333333333,-6.0,0.3452380952380953,0.6093333333333333,6.0566666666666675,4.820277321656632,1.1666666666666667,0.5,0.9166666666666666,41.0,0.3333333333333333,0.3452380952380953,0.5285311118759104,2024-10-27,2024,0.412723231210546,0.3879670955702393,CIN,7.0,3.0,0.42857142857142855,9.857142857142858,69,9.571428571428571,67,5.7571428571428545,0.0834257117356696,-12.342857142857143,0.14106958754238397,2.6599773242630387,2.7386946386946387,-0.07871731443160004,3.9060998468302905,25.428571428571427,178.0,30.0,23.714285714285715,166.0,28.0,AFC North,2,1.7142857142857142,12,0.48333333333333334,0.6977142857142857,7.997142857142857,4.28342571173567,2.0,0.8571428571428571,0.6666666666666666,38.857142857142854,0.8571428571428571,2.0,0.414100185528757,0.66,6.218571428571429,4.341069587542384,1.5714285714285714,1.1428571428571428,0.7142857142857143,37.0,1.1428571428571428,0.414100185528757,-0.9060998468302905,2024,0.37850311510370865,0.3041134419802811,PHI vs. CIN,CIN,17,1496.1530681879071,17.0,PHI,37,1564.188479121564,10.0,0,-20,-2.5,0,-148.0,124.0,0,0
LVR,8.0,2.0,0.25,11.0,88,10.375,83,-22.1,-0.8409109431390114,-10.7375,0.3718616725012718,1.6985236985236987,2.557354797979798,-0.8588310994560995,2.524691464545825,18.0,144.0,29.0,26.25,210.0,38.0,AFC West,-4,-8.25,-66,0.3761904761904762,0.669,4.9825,3.359089056860989,1.0,0.75,0.7857142857142857,45.75,2.125,-13.0,0.3258200133200133,0.6665,6.1925,4.571861672501272,1.25,1.25,0.84375,53.125,0.5,0.3258200133200133,-0.5246914645458252,2024-11-03,2024,0.30793174364797027,0.37057488606514855,CIN,8.0,3.0,0.375,9.5,76,9.375,75,2.9624999999999986,-0.08950250223128914,-6.737500000000001,0.11446153012522703,2.631051587301587,2.974482808857809,-0.3434312215562215,4.042777860583013,24.375,195.0,33.0,25.375,203.0,35.0,AFC North,-1,-1.0,-8,0.5095238095238095,0.698375,7.6625,4.110497497768711,1.875,0.875,0.6458333333333333,34.375,1.0,0.0,0.4584915084915085,0.6775,7.04125,4.314461530125227,1.5,1.375,0.75,37.375,1.0,0.4584915084915085,-1.042777860583013,2024,0.37761238585651413,0.34750462479932426,LVR vs. CIN,CIN,41,1455.820891133807,22.0,LVR,24,1338.6646038438548,24.0,1,17,-8.0,1,-410.0,320.0,0,0
CIN,10.0,4.0,0.4,9.8,98,9.6,96,4.609999999999998,-0.18599716307535394,-2.75,-0.06671649018553269,2.786659451659452,2.9477680652680656,-0.16110861360861356,5.306211537292871,27.0,270.0,45.0,26.2,262.0,43.0,AFC North,-1,0.8,8,0.4981481481481482,0.6886,7.789,4.0140028369246465,2.4,0.8,0.6851851851851851,35.8,1.0,0.0,0.47012654012654015,0.6814,7.290000000000001,4.133283509814468,1.7,1.3,0.7777777777777778,43.1,1.0,0.47012654012654015,-1.3062115372928709,2024-11-17,2024,0.3992045722671641,0.34461760822542353,LAC,9.0,6.0,0.6666666666666666,10.11111111111111,91,10.444444444444445,94,2.0777777777777766,-0.312616059993468,-19.78888888888889,0.6100674902213645,2.062037037037037,1.3420076836743504,0.7200293533626867,5.978045840663095,20.666666666666668,186.0,38.0,13.11111111111111,118.0,23.0,AFC West,3,7.555555555555555,68,0.4648809523809524,0.6696666666666666,7.938888888888889,3.8873839400065324,1.2222222222222223,0.8888888888888888,0.8333333333333334,40.111111111111114,0.4444444444444444,9.0,0.3840457382124049,0.6524444444444444,5.31,4.810067490221365,1.0,0.3333333333333333,0.7037037037037037,41.22222222222222,1.4444444444444444,0.3840457382124049,0.02195415933690459,2024,0.4186010476859614,0.2180909523223981,CIN vs. LAC,LAC,34,1586.3846684050743,9.0,CIN,27,1458.5323332652845,17.0,1,7,-1.0,1,-110.0,-110.0,0,0
PIT,11.0,8.0,0.7272727272727273,10.272727272727273,113,10.454545454545455,115,-6.954545454545456,-0.23011856861513705,-24.39090909090909,-0.252909882251023,2.2428833792470155,1.6198488380306564,0.6230345412163594,7.286489684612615,22.90909090909091,252.0,53.0,16.90909090909091,186.0,36.0,AFC North,-1,6.0,66,0.453015873015873,0.6439090909090909,7.108181818181818,3.969881431384863,1.0909090909090908,0.9090909090909091,0.9333333333333333,47.72727272727273,0.8181818181818182,13.0,0.38556296644531945,0.6166363636363636,5.52,3.9470901177489774,0.8181818181818182,1.0,0.7666666666666666,61.63636363636363,2.0,0.38556296644531945,0.713510315387385,2024-12-01,2024,0.4994497560060591,0.3048904121375066,CIN,11.0,4.0,0.36363636363636365,10.0,110,9.909090909090908,109,3.9363636363636347,-0.15090651188668538,-3.1909090909090905,0.12116682710406118,2.73787222878132,2.917551388005933,-0.17967915922461372,5.6729252616871495,27.0,297.0,50.0,26.90909090909091,296.0,49.0,AFC North,-2,0.09090909090909091,1,0.5149999999999999,0.6769090909090909,7.811818181818182,4.049093488113315,2.4545454545454546,0.7272727272727273,0.6666666666666666,37.63636363636363,0.9090909090909091,1.0,0.45412573166583864,0.6623636363636364,7.435454545454546,4.3211668271040615,1.7272727272727273,1.3636363636363635,0.8,43.72727272727273,1.0,0.45412573166583864,-1.6729252616871495,2024,0.385416311500531,0.34030580665331917,PIT vs. CIN,CIN,38,1426.1438888233668,20.0,PIT,44,1617.1263719648796,5.0,0,-6,-3.0,0,-155.0,130.0,1,0
CIN,12.0,4.0,0.3333333333333333,10.0,120,9.916666666666666,119,4.424999999999998,0.02833569743720506,-0.7583333333333329,0.11363369407615864,2.826382876382876,3.0410887723387723,-0.21470589595589595,6.086926130674797,27.916666666666668,335.0,55.0,28.333333333333332,340.0,56.0,AFC North,-3,-0.4166666666666667,-5,0.534297520661157,0.6819166666666666,7.8125,4.228335697437205,2.5,0.75,0.6969696969696969,42.916666666666664,1.0833333333333333,-1.0,0.4579485873603521,0.67075,7.7475,4.313633694076159,1.8333333333333333,1.3333333333333333,0.7954545454545454,48.666666666666664,1.0,0.4579485873603521,-2.0869261306747973,2024-12-09,2024,0.3786243491756154,0.3495323086009884,DAL,12.0,5.0,0.4166666666666667,11.0,132,10.75,129,-17.633333333333333,-0.4709556361811313,0.5916666666666668,0.5500805432384376,1.9261816886816885,2.715100408850409,-0.7889187201687201,4.77919620401149,20.666666666666668,248.0,47.0,28.25,339.0,61.0,NFC East,2,-7.583333333333333,-91,0.5504624163715073,0.6390833333333333,5.5874999999999995,3.729044363818869,1.3333333333333333,0.3333333333333333,0.8611111111111112,51.666666666666664,1.75,-7.0,0.348057498057498,0.6814166666666667,8.200833333333334,4.750080543238438,1.4166666666666667,1.75,0.8787878787878788,62.5,1.1666666666666667,0.348057498057498,0.22080379598850985,2024,0.3626122338456187,0.4421634570770666,CIN vs. DAL,DAL,20,1464.9462241599076,19.0,CIN,27,1401.1583471241324,22.0,0,-7,5.0,0,190.0,-230.0,0,0
CIN,13.0,5.0,0.38461538461538464,10.0,130,10.0,130,4.992307692307691,0.0026742470270556796,-2.5846153846153843,0.2618157176087618,2.8166611166611166,2.9470190066343913,-0.13035788997327458,6.75760296859843,27.846153846153847,362.0,60.0,27.692307692307693,360.0,60.0,AFC North,1,0.15384615384615385,2,0.5244949494949495,0.6871538461538461,7.865384615384615,4.202674247027056,2.5384615384615383,0.6923076923076923,0.7222222222222222,45.53846153846154,1.0769230769230769,0.0,0.45349100371724804,0.6588461538461539,7.55076923076923,4.461815717608762,1.8461538461538463,1.2307692307692308,0.8125,47.69230769230769,1.0769230769230769,0.45349100371724804,-1.7576029685984302,2024-12-15,2024,0.39913835614443444,0.36363539756455276,TEN,13.0,3.0,0.23076923076923078,10.923076923076923,142,10.23076923076923,133,-20.9,-0.013537120773963015,-7.384615384615388,-0.14221179232491477,1.5762739397354781,2.5565850815850815,-0.9803111418496033,4.170434744464912,17.46153846153846,227.0,44.0,26.307692307692307,342.0,56.0,AFC South,-2,-8.846153846153847,-115,0.4810395622895623,0.6263846153846154,5.314615384615385,4.1864628792260365,1.2307692307692308,0.5384615384615384,0.9545454545454546,60.23076923076923,1.7692307692307692,-11.0,0.34734848484848485,0.6690769230769231,6.511538461538462,4.0577882076750855,1.5384615384615385,1.1538461538461537,0.8589743589743589,55.0,0.9230769230769231,0.34734848484848485,-1.1704347444649121,2024,0.2819614687126456,0.3507551499768449,CIN vs. TEN,TEN,27,1323.3198332914706,20.0,CIN,37,1460.2363893835611,16.0,0,-10,6.0,0,205.0,-250.0,0,0
CLE,14.0,3.0,0.21428571428571427,11.714285714285714,164,10.928571428571429,153,-25.957142857142856,-0.14617225911938542,-5.6571428571428575,0.3216154946197906,1.525598607741465,2.338405641977071,-0.8128070342356057,4.312092936365611,17.071428571428573,239.0,41.0,25.428571428571427,356.0,58.0,AFC North,-3,-8.357142857142858,-117,0.5045224006762468,0.6164285714285713,4.698571428571428,4.053827740880615,1.2857142857142858,0.5,0.5961538461538461,55.0,1.9285714285714286,-16.0,0.27055627919183867,0.6055,7.664285714285714,4.521615494619791,1.4285714285714286,1.3571428571428572,0.5769230769230769,48.42857142857143,0.7857142857142857,0.27055627919183867,-1.3120929363656106,2024-12-22,2024,0.22656976899347123,0.3164792762328639,CIN,14.0,6.0,0.42857142857142855,10.0,140,10.071428571428571,141,4.307142857142856,-0.020044243145206555,-4.1499999999999995,0.1711365729443997,2.8797567511853224,2.911842324342324,-0.0320855731570017,7.436071369424421,28.5,399.0,65.0,27.642857142857142,387.0,64.0,AFC North,2,0.8571428571428571,12,0.501900663439125,0.6882857142857143,7.765,4.179955756854794,2.5714285714285716,0.7142857142857143,0.7435897435897435,50.357142857142854,1.2857142857142858,2.0,0.476043844111071,0.6662857142857143,7.295000000000001,4.3711365729444,1.8571428571428572,1.2857142857142858,0.8125,52.142857142857146,1.4285714285714286,0.476043844111071,-1.436071369424421,2024,0.41666089846296567,0.3749196719132913,CLE vs. CIN,CIN,24,1464.6336385462166,18.0,CLE,6,1329.8380310721209,25.0,1,18,-10.0,1,-575.0,425.0,1,0
DEN,15.0,9.0,0.6,10.8,162,11.066666666666666,166,-13.026666666666667,-0.052541758691865975,-16.753333333333334,-0.30267463517547666,2.2753043253043255,1.738241388241388,0.537062937062937,8.975932276879911,24.2,363.0,63.0,18.733333333333334,281.0,56.0,AFC West,-1,5.466666666666667,82,0.5623965320393892,0.6424666666666667,5.992666666666667,4.147458241308134,1.5333333333333334,0.7333333333333333,0.8928571428571429,57.666666666666664,1.2,6.0,0.3740951640951641,0.6517333333333333,5.933333333333334,3.8973253648245234,1.2666666666666666,0.6,0.9423076923076923,46.2,1.6,0.3740951640951641,0.024067723120088758,2024-12-28,2024,0.389512866895706,0.3154007198773996,CIN,15.0,7.0,0.4666666666666667,10.0,150,10.066666666666666,151,5.919999999999999,0.05280719124629204,-7.746666666666666,0.29083857919255085,2.847772967772968,2.7577195027195027,0.09005346505346506,8.399999994387969,28.2,423.0,69.0,26.2,393.0,65.0,AFC North,3,2.0,30,0.48135673849959565,0.6935333333333333,7.847333333333334,4.252807191246292,2.6,0.6666666666666666,0.7261904761904762,49.333333333333336,1.2666666666666666,4.0,0.46855001207942387,0.6610666666666667,6.8773333333333335,4.490838579192551,1.7333333333333334,1.2666666666666666,0.8125,51.4,1.5333333333333334,0.46855001207942387,-1.3999999943879686,2024,0.417066666838769,0.3615894041345616,DEN vs. CIN,CIN,30,1521.8153339751102,17.0,DEN,24,1570.7711453261477,10.0,1,6,-3.5,1,-175.0,145.0,0,0
CIN,16.0,8.0,0.5,10.0,160,10.0,160,6.781249999999999,0.04370317036482732,-6.44375,0.2948833902152386,2.8572871572871574,2.7520287004662003,0.10525845682095684,9.029214897734336,28.3125,453.0,74.0,26.0625,417.0,69.0,AFC North,4,2.25,36,0.48926628926628923,0.6999375,7.923125,4.243703170364827,2.625,0.6875,0.711111111111111,47.1875,1.25,4.0,0.472919482478306,0.668125,6.893125,4.4948833902152385,1.8125,1.1875,0.8269230769230769,50.375,1.5,0.472919482478306,-1.0292148977343363,2025-01-04,2024,0.43274925686236687,0.3765563172095042,PIT,16.0,10.0,0.625,10.25,164,10.3125,165,-6.84375,-0.07416980725681002,-14.262500000000001,-0.06646796259394419,2.2139204545454545,2.0467523795648797,0.16716807498057504,9.084981443941397,22.6875,363.0,73.0,20.5,328.0,58.0,AFC North,-3,2.1875,35,0.5044092944092944,0.64675,6.95875,4.12583019274319,1.25,0.8125,0.9388888888888889,50.1875,1.0,15.0,0.39463803149464916,0.6438125,6.315625,4.133532037406056,1.375,0.875,0.7777777777777778,63.375,1.9375,0.39463803149464916,0.9150185560586035,2024,0.4705778790366914,0.3496481349437117,CIN vs. PIT,PIT,17,1617.1263719648796,5.0,CIN,19,1426.1438888233668,20.0,0,-2,2.5,1,124.0,-148.0,1,0
CLE,1.0,0.0,0.0,14.0,14,12.0,12,-51.9,0.6947368421052627,-16.799999999999997,-0.1200000000000001,1.2142857142857142,2.75,-1.5357142857142858,0.17193042417505228,17.0,17.0,3.0,33.0,33.0,6.0,AFC North,-1,-16.0,-16,0.5,0.5329999999999999,1.49,4.894736842105263,1.0,1.0,1.0,64.0,2.0,-2.0,0.13333333333333333,0.594,5.72,4.08,1.0,1.0,1.0,85.0,0.0,0.13333333333333333,-0.17193042417505228,2024-09-15,2024,0.17744348053391734,-0.08596521208752617,JAX,1.0,0.0,0.0,11.0,11,11.0,11,-6.799999999999997,0.7230769230769232,-1.2000000000000028,-0.96,1.5454545454545454,1.8181818181818181,-0.2727272727272727,0.4048805966140252,17.0,17.0,3.0,20.0,20.0,4.0,AFC South,-1,-3.0,-3,0.5,0.5710000000000001,7.57,4.923076923076923,1.0,1.0,1.0,71.0,1.0,-1.0,0.2,0.622,9.16,3.24,1.0,1.0,0.6666666666666666,103.0,0.0,0.2,-0.4048805966140252,2024,0.16230529183253856,-0.14722930785964553,CLE vs. JAX,JAX,13,1450.0,17.0,CLE,18,1450.0,17.0,0,-5,-3.0,0,-170.0,142.0,0,0
NYG,2.0,0.0,0.0,9.5,19,8.0,16,-29.000000000000004,0.49372294372294356,4.399999999999999,1.006043956043956,1.5357142857142858,3.0555555555555554,-1.5198412698412698,0.4349798258248411,12.0,24.0,5.0,24.5,49.0,10.0,NFC East,-2,-12.5,-25,0.0,0.5475000000000001,4.745,4.6937229437229435,1.0,0.5,1.0,57.5,1.5,-1.0,0.4444444444444444,0.7925,7.705,5.206043956043956,1.0,0.5,1.0,66.0,1.0,0.4444444444444444,-0.4349798258248411,2024-09-22,2024,0.20592370712831035,0.17656880442973713,CLE,2.0,1.0,0.5,11.5,23,9.5,19,-37.400000000000006,0.4025408348457349,-24.299999999999997,0.863809523809524,1.6071428571428572,2.303571428571429,-0.6964285714285715,0.8557218914331566,17.5,35.0,7.0,23.0,46.0,9.0,AFC North,1,-5.5,-11,0.0,0.59,3.275,4.602540834845735,0.5,1.0,1.0,82.0,1.0,-2.0,0.1380952380952381,0.5305,6.125,5.063809523809525,0.5,1.0,0.8333333333333333,68.5,0.0,0.1380952380952381,0.14427810856684342,2024,0.3263031904340849,0.2710132362395155,NYG vs. CLE,CLE,15,1500.0,10.0,NYG,21,1400.0,24.0,0,-6,-6.5,0,-270.0,220.0,0,0
CLE,3.0,1.0,0.3333333333333333,12.0,36,10.666666666666666,32,-30.233333333333338,0.14613833434160103,-14.399999999999997,0.34253968253968264,1.4560439560439562,2.0741758241758244,-0.6181318681318683,1.1662954564044539,16.666666666666668,50.0,9.0,22.333333333333332,67.0,12.0,AFC North,-1,-5.666666666666667,-17,0.0,0.5826666666666666,3.8766666666666665,4.346138334341601,1.0,0.6666666666666666,0.6666666666666666,70.66666666666667,1.3333333333333333,-2.0,0.1873015873015873,0.5823333333333333,6.636666666666667,4.542539682539683,1.0,1.0,0.5555555555555555,68.33333333333333,0.6666666666666666,0.1873015873015873,-0.16629545640445387,2024-09-29,2024,0.23614204529962884,0.2292130679494433,LVR,3.0,1.0,0.3333333333333333,11.666666666666666,35,11.333333333333334,34,-8.533333333333337,-1.4489973262032088,-2.200000000000003,1.245639187574671,1.6767676767676767,2.3989898989898992,-0.7222222222222222,0.9432008021237556,19.333333333333332,58.0,11.0,27.0,81.0,17.0,AFC West,-1,-7.666666666666667,-23,0.0,0.7406666666666667,6.103333333333333,2.751002673796792,1.3333333333333333,0.6666666666666666,0.5,28.0,1.6666666666666667,-4.0,0.32106782106782106,0.6583333333333333,7.376666666666668,5.445639187574671,1.6666666666666667,1.0,0.9166666666666666,70.0,0.3333333333333333,0.32106782106782106,0.056799197876244434,2024,0.320236106444178,0.3427998663127074,CLE vs. LVR,LVR,20,1437.8712080630237,15.0,CLE,16,1435.9935000197115,15.0,1,4,2.5,1,114.0,-135.0,0,0
CLE,4.0,1.0,0.25,11.25,45,10.25,41,-27.325000000000003,0.10505829621074614,-18.099999999999998,0.5172495894909688,1.5364774114774113,2.111187423687424,-0.5747100122100124,1.5370805530580867,16.5,66.0,11.0,21.75,87.0,16.0,AFC North,-2,-5.25,-21,0.1111111111111111,0.6244999999999999,3.8775,4.305058296210746,1.0,0.5,0.75,62.5,1.25,-2.0,0.2154761904761905,0.5825,6.1850000000000005,4.717249589490969,0.75,1.25,0.6666666666666666,63.5,0.75,0.2154761904761905,-0.5370805530580867,2024-10-06,2024,0.21162285509089468,0.24028482409189397,WAS,4.0,3.0,0.75,7.5,30,7.5,30,5.674999999999997,0.788923745173745,17.624999999999996,1.163304924242424,4.125,3.4151785714285716,0.7098214285714285,2.2930257158699336,30.25,121.0,23.0,25.5,102.0,18.0,NFC East,3,4.75,19,0.1111111111111111,0.8202499999999999,8.35,4.988923745173745,0.75,2.5,0.75,49.25,0.25,1.0,0.5138888888888888,0.71525,8.9025,5.363304924242424,2.5,0.75,0.8333333333333333,41.0,0.5,0.5138888888888888,0.7069742841300664,2024,0.9021700711249293,0.5560461426195099,CLE vs. WAS,WAS,34,1575.4884284619634,3.0,CLE,13,1386.2637212981529,23.0,1,21,-3.0,1,-155.0,130.0,0,0
CLE,5.0,1.0,0.2,11.4,57,10.6,53,-26.840000000000003,0.14839446305555332,-19.22,0.8385055539457161,1.4458485958485958,2.2556166056166056,-0.8097680097680099,1.6299961091835988,15.8,79.0,14.0,24.2,121.0,22.0,AFC North,-3,-8.4,-42,0.2708333333333333,0.61,3.9840000000000004,4.348394463055554,1.0,0.4,0.8,60.4,1.2,-1.0,0.18776556776556777,0.5731999999999999,6.3340000000000005,5.038505553945717,0.8,1.6,0.7333333333333333,57.0,1.0,0.18776556776556777,-0.6299961091835988,2024-10-13,2024,0.21466685779448988,0.2797739079168333,PHI,4.0,2.0,0.5,9.5,38,9.25,37,-16.950000000000003,1.136625177809388,-9.550000000000004,0.9748604269293925,2.2456439393939394,2.5708333333333333,-0.32518939393939383,1.8472524490297069,21.5,86.0,14.0,24.0,96.0,20.0,NFC East,-1,-2.5,-10,0.5555555555555555,0.6795,5.585,5.336625177809388,1.0,1.5,0.6666666666666666,49.0,2.0,-6.0,0.40934065934065933,0.5935,7.15,5.174860426929392,1.75,0.75,0.9375,39.0,0.5,0.40934065934065933,0.15274755097029313,2024,0.3824899060104217,0.4260469663473369,CLE vs. PHI,PHI,20,1498.0569697829812,10.0,CLE,16,1361.0880499293485,23.0,1,4,-8.0,0,-425.0,330.0,0,0
LAC,7.0,4.0,0.5714285714285714,10.142857142857142,71,10.428571428571429,73,-3.528571428571429,-0.32934375733831284,-21.542857142857144,0.6161752085159041,1.8476190476190477,1.3119769119769118,0.5356421356421356,4.315205367834903,18.857142857142858,132.0,29.0,13.0,91.0,18.0,AFC West,1,5.857142857142857,41,0.5365079365079365,0.6545714285714286,7.234285714285714,3.8706562426616875,1.1428571428571428,0.5714285714285714,0.9285714285714286,42.285714285714285,0.5714285714285714,6.0,0.3856098266812552,0.6462857142857142,5.298571428571428,4.8161752085159035,0.8571428571428571,0.42857142857142855,0.7619047619047619,39.714285714285715,1.4285714285714286,0.3856098266812552,-0.3152053678349027,2024-11-03,2024,0.39005843930138395,0.20024716903908366,CLE,8.0,2.0,0.25,11.0,88,10.5,84,-21.400000000000002,-0.08913751856129376,-8.299999999999999,0.3849389870890884,1.650770757020757,2.2137376512376514,-0.5629668942168943,2.8877521517824425,17.25,138.0,25.0,23.25,186.0,32.0,AFC North,1,-6.0,-48,0.3758503401360544,0.6251249999999999,4.887499999999999,4.110862481438707,1.125,0.375,0.71875,63.875,1.125,-4.0,0.26790172546751495,0.588875,7.455,4.584938987089089,1.25,1.125,0.6041666666666666,51.875,0.625,0.26790172546751495,-0.8877521517824425,2024,0.2525656196099985,0.2910594213436932,LAC vs. CLE,CLE,10,1387.631955108964,24.0,LAC,27,1527.349581051726,13.0,0,-17,2.0,0,110.0,-130.0,0,0
CLE,9.0,2.0,0.2222222222222222,11.222222222222221,101,10.666666666666666,96,-24.733333333333334,-0.18015927575818708,-5.122222222222222,0.33926943779899643,1.552821869488536,2.217766801100135,-0.6649449316115983,2.974499976685458,16.444444444444443,148.0,27.0,23.666666666666668,213.0,36.0,AFC North,-1,-7.222222222222222,-65,0.40029761904761907,0.6184444444444445,4.5811111111111105,4.0198407242418135,1.1111111111111112,0.3333333333333333,0.6944444444444444,59.55555555555556,1.3333333333333333,-7.0,0.2773505533567453,0.5975555555555556,7.803333333333334,4.539269437798996,1.3333333333333333,1.2222222222222223,0.537037037037037,50.0,0.5555555555555556,0.2773505533567453,-0.9744999766854581,2024-11-17,2024,0.23838118881132306,0.2927291676381059,NOR,10.0,3.0,0.3,10.5,105,10.4,104,-7.31,0.0250041542219841,-22.440000000000005,0.8133129033010965,2.1836013986013985,2.3774087024087023,-0.1938073038073037,4.204031187942005,22.7,227.0,42.0,24.6,246.0,44.0,NFC South,1,-1.9,-19,0.5805555555555555,0.6384000000000001,7.478,4.225004154221984,1.3,1.1,0.9629629629629629,64.6,1.1,4.0,0.40082202111613874,0.6294000000000001,5.987,5.013312903301097,0.8,1.4,0.805,54.9,1.5,0.40082202111613874,-1.2040311879420047,2024,0.3518387524823198,0.32982944974091516,CLE vs. NOR,NOR,35,1374.5011740858486,22.0,CLE,14,1356.720867247758,24.0,1,21,1.0,1,-105.0,-115.0,0,0
PIT,10.0,8.0,0.8,10.4,104,10.5,105,-8.610000000000001,-0.18607160194723896,-24.43,-0.17301568529094014,2.2560606060606063,1.541833721833722,0.7142268842268843,6.921475674160762,23.3,233.0,49.0,16.2,162.0,32.0,AFC North,5,7.1,71,0.4811287477954144,0.6359,6.8950000000000005,4.013928398052761,1.1,0.9,0.9629629629629629,48.6,0.8,11.0,0.3803692630898513,0.6115999999999999,5.428,4.026984314709059,0.9,0.8,0.7407407407407408,63.0,1.9,0.3803692630898513,1.078524325839238,2024-11-21,2024,0.5219689345828102,0.30715502707319586,CLE,10.0,2.0,0.2,11.2,112,10.6,106,-21.970000000000002,-0.2521433481823684,-3.5,0.6496282083048112,1.5248124098124098,2.345990120990121,-0.8211777111777113,3.076829113018514,16.2,162.0,29.0,24.8,248.0,41.0,AFC North,-2,-8.6,-86,0.38915343915343914,0.6204,5.01,3.9478566518176317,1.2,0.3,0.625,55.0,1.2,-5.0,0.27269242109799385,0.6136999999999999,7.898999999999999,4.849628208304812,1.4,1.4,0.537037037037037,49.1,0.7,0.27269242109799385,-1.0768291130185141,2024,0.2310463890379135,0.3064622701568311,PIT vs. CLE,CLE,24,1309.277427631001,25.0,PIT,19,1707.9732258277918,4.0,1,5,3.5,1,170.0,-205.0,1,0
CLE,11.0,3.0,0.2727272727272727,11.090909090909092,122,10.454545454545455,115,-22.154545454545456,-0.32484412124323053,-2.3090909090909095,0.5296085316139993,1.6043749180112814,2.324637483728393,-0.7202625657171112,3.7118151025666606,16.90909090909091,186.0,33.0,24.272727272727273,267.0,45.0,AFC North,1,-7.363636363636363,-81,0.4302380952380952,0.6246363636363635,5.14,3.87515587875677,1.0909090909090908,0.5454545454545454,0.6590909090909091,54.36363636363637,1.3636363636363635,-7.0,0.2569931100890853,0.6237272727272727,8.020909090909091,4.729608531614,1.3636363636363635,1.3636363636363635,0.55,48.18181818181818,0.7272727272727273,0.2569931100890853,-0.7118151025666606,2024-12-02,2024,0.25298815321557394,0.3304097394343876,DEN,12.0,7.0,0.5833333333333334,10.583333333333334,127,10.416666666666666,125,-10.508333333333335,-0.014150946838580869,-15.016666666666666,-0.34356392026334176,2.1356902356902356,1.6652259777259777,0.47046425796425795,7.07954065316682,22.0,264.0,49.0,16.833333333333332,202.0,42.0,AFC West,2,5.166666666666667,62,0.5970779220779221,0.6493333333333333,6.2475,4.185849053161419,1.4166666666666667,0.6666666666666666,0.8636363636363636,57.416666666666664,1.0833333333333333,2.0,0.3676943699002522,0.66675,5.964166666666667,3.8564360797366586,1.0833333333333333,0.5,0.975,47.5,1.25,0.3676943699002522,-0.07954065316681991,2024,0.3832693622013293,0.30577286171132906,CLE vs. DEN,DEN,41,1576.8419544698963,9.0,CLE,32,1400.1242814939133,21.0,1,9,-6.5,1,-290.0,235.0,0,0
CLE,12.0,3.0,0.25,11.416666666666666,137,10.583333333333334,127,-21.433333333333334,-0.36878827055991786,-4.9750000000000005,0.4752180770564225,1.648454785954786,2.4156399156399155,-0.7671851296851298,4.0690532359692,18.166666666666668,218.0,38.0,25.666666666666668,308.0,50.0,AFC North,-1,-7.5,-90,0.4441558441558442,0.6214166666666666,5.315,3.8312117294400827,1.3333333333333333,0.5,0.6458333333333334,53.666666666666664,1.5,-8.0,0.2750507017921879,0.6145833333333334,7.885833333333333,4.675218077056423,1.3333333333333333,1.4166666666666667,0.5909090909090909,48.916666666666664,0.8333333333333334,0.2750507017921879,-1.0690532359692,2024-12-08,2024,0.252661786516527,0.3258184633868373,PIT,12.0,9.0,0.75,10.25,123,10.416666666666666,125,-4.208333333333335,-0.20837791866643973,-21.541666666666668,-0.06516739206343776,2.4226430976430975,1.8015281015281015,0.6211149961149962,7.872488815624967,24.666666666666668,296.0,60.0,18.666666666666668,224.0,41.0,AFC North,1,6.0,72,0.4448904630722812,0.6538333333333334,7.447500000000001,3.9916220813335603,1.25,0.9166666666666666,0.9166666666666667,52.333333333333336,0.8333333333333334,15.0,0.39046975627857977,0.6266666666666666,5.711666666666667,4.134832607936563,1.0,1.0,0.7878787878787878,64.91666666666667,2.0833333333333335,0.39046975627857977,1.1275111843750327,2024,0.5336386660315053,0.3314853057062509,CLE vs. PIT,PIT,27,1707.9732258277918,4.0,CLE,14,1309.277427631001,25.0,1,13,-6.0,1,-258.0,210.0,1,0
KAN,13.0,12.0,0.9230769230769231,9.23076923076923,120,9.23076923076923,120,-11.399999999999999,-0.17045868957848226,-6.9,-0.5143530481907062,2.598892773892774,2.1336441336441334,0.46524864024864027,8.07074568366632,23.692307692307693,308.0,60.0,19.384615384615383,252.0,48.0,AFC West,3,4.3076923076923075,56,0.45470177970177966,0.6814615384615385,6.056923076923076,4.029541310421518,1.5384615384615385,0.8461538461538461,0.9181818181818181,51.84615384615385,1.0769230769230769,-4.0,0.5000692683384991,0.6601538461538462,6.906923076923078,3.6856469518092942,1.3846153846153846,0.7692307692307693,0.7847222222222222,53.30769230769231,0.7692307692307693,0.5000692683384991,3.9292543163336795,2024-12-15,2024,0.6511251660128339,0.49013090204103626,CLE,13.0,3.0,0.23076923076923078,11.538461538461538,150,10.692307692307692,139,-22.346153846153847,-0.3434968651322319,-4.638461538461538,0.3793221810191152,1.6044908083369622,2.4028983836676145,-0.7984075753306523,4.243192976093406,17.846153846153847,232.0,40.0,25.76923076923077,335.0,55.0,AFC North,-2,-7.923076923076923,-103,0.4696428571428572,0.6186153846153846,5.180000000000001,3.856503134867768,1.3846153846153846,0.46153846153846156,0.5961538461538461,55.76923076923077,1.6153846153846154,-10.0,0.2657272750271083,0.6116923076923076,7.832307692307693,4.579322181019116,1.3846153846153846,1.3846153846153846,0.625,49.84615384615385,0.8461538461538461,0.2657272750271083,-1.2431929760934057,2024,0.24116527228526347,0.32740696530982993,KAN vs. CLE,CLE,7,1355.999821615589,20.0,KAN,21,1757.1069487778575,1.0,0,-14,4.5,0,190.0,-230.0,0,0
MIA,15.0,7.0,0.4666666666666667,9.733333333333333,146,9.8,147,-8.813333333333333,-0.4022825563156623,-11.286666666666667,0.1872686190352093,2.2936123136123134,2.3609440559440555,-0.06733174233174227,6.8920768545740945,20.333333333333332,305.0,63.0,21.933333333333334,329.0,64.0,AFC East,1,-1.6,-24,0.4960535496249782,0.6938,6.322,3.797717443684338,1.3333333333333333,0.6666666666666666,0.8944444444444444,53.333333333333336,1.1333333333333333,-4.0,0.3687471787471787,0.6438,6.516,4.3872686190352095,1.2,0.8,0.788888888888889,60.733333333333334,0.8666666666666667,0.3687471787471787,0.10792314542590553,2024-12-29,2024,0.4346114877451288,0.4094816695271011,CLE,15.0,3.0,0.2,11.6,174,10.866666666666667,163,-28.1,-0.005316330733648596,-3.3800000000000003,0.3716896131602894,1.4638920338920338,2.3425119325119326,-0.8786198986198986,4.348164311402063,16.333333333333332,245.0,42.0,25.333333333333332,380.0,62.0,AFC North,-4,-9.0,-135,0.4990973312401884,0.6145333333333334,4.454,4.194683669266351,1.2,0.5333333333333333,0.5961538461538461,54.06666666666667,2.0,-18.0,0.2691858605790494,0.6162666666666666,7.753333333333333,4.57168961316029,1.5333333333333334,1.2666666666666666,0.5714285714285714,47.53333333333333,0.8,0.2691858605790494,-1.348164311402063,2024,0.21968471223031164,0.32082364527324014,MIA vs. CLE,CLE,3,1316.6389965995586,27.0,MIA,20,1498.926612610483,17.0,0,-17,3.0,0,142.0,-170.0,0,0
NOR,1.0,1.0,1.0,12.0,12,12.0,12,40.80000000000001,0.6648648648648647,-71.7,-1.3000000000000003,3.9166666666666665,0.8333333333333334,3.083333333333333,0.9751012362898597,47.0,47.0,9.0,10.0,10.0,2.0,NFC South,1,37.0,37,0.5,0.792,10.79,4.864864864864865,3.0,2.0,1.0,95.0,1.0,2.0,0.5384615384615384,0.419,1.45,2.9,0.0,1.0,1.0,80.0,3.0,0.5384615384615384,0.024898763710140326,2024-09-15,2024,0.7686740727826052,0.004149793951690054,DAL,1.0,1.0,1.0,12.0,12,14.0,14,-16.799999999999997,-0.1200000000000001,-51.9,0.6947368421052627,2.75,1.2142857142857142,1.5357142857142858,0.8280695758249477,33.0,33.0,6.0,17.0,17.0,3.0,NFC East,1,16.0,16,0.5,0.594,5.72,4.08,1.0,1.0,1.0,85.0,0.0,2.0,0.2857142857142857,0.5329999999999999,1.49,4.894736842105263,1.0,1.0,1.0,64.0,2.0,0.2857142857142857,0.17193042417505233,2024,0.5859652120875262,0.036842233751796925,NOR vs. DAL,DAL,19,1550.0,1.0,NOR,44,1550.0,1.0,0,-25,-6.5,0,-290.0,235.0,0,0
DAL,3.0,1.0,0.3333333333333333,11.0,33,10.666666666666666,32,-17.466666666666665,-0.6981349206349208,4.166666666666669,1.085140200929674,2.3075757575757576,3.0714285714285716,-0.7638528138528139,1.3815578534870638,25.666666666666668,77.0,16.0,29.666666666666668,89.0,14.0,NFC East,-2,-4.0,-12,0.5,0.6033333333333334,6.233333333333333,3.50186507936508,1.3333333333333333,0.6666666666666666,1.0,51.666666666666664,1.0,0.0,0.42857142857142855,0.6736666666666666,9.923333333333334,5.285140200929674,1.3333333333333333,2.6666666666666665,0.6666666666666666,69.66666666666667,1.0,0.42857142857142855,-0.38155785348706384,2024-09-26,2024,0.4231825691334038,0.2360228130331365,NYG,3.0,1.0,0.3333333333333333,10.666666666666666,32,9.666666666666666,29,-17.533333333333335,0.09581529581529565,-2.3666666666666694,0.5484737484737484,1.5622710622710623,2.421652421652422,-0.8593813593813593,1.124406260853544,15.0,45.0,8.0,21.333333333333332,64.0,12.0,NFC East,1,-6.333333333333333,-19,0.25,0.5936666666666667,5.716666666666666,4.295815295815296,1.3333333333333333,0.6666666666666666,0.5,61.0,1.6666666666666667,-1.0,0.39153439153439157,0.7176666666666667,6.830000000000001,4.7484737484737485,1.3333333333333333,0.3333333333333333,0.5,60.0,1.3333333333333333,0.39153439153439157,-0.12440626085354389,2024,0.239632811595538,0.258702584709856,DAL vs. NYG,NYG,15,1464.0064999802885,15.0,DAL,20,1435.9935000197115,15.0,0,-5,5.5,1,205.0,-250.0,1,0
DAL,4.0,2.0,0.5,10.25,41,10.0,40,-7.049999999999997,-0.7040359730848863,-1.6499999999999968,0.03468848403058877,2.355681818181818,2.772321428571429,-0.41663961038961045,2.045699626250284,24.25,97.0,20.0,26.0,104.0,19.0,NFC East,1,-1.75,-7,0.4444444444444444,0.65625,7.0175,3.495964026915114,1.5,0.5,0.9166666666666666,61.0,0.75,1.0,0.3964285714285714,0.6865,8.8925,4.234688484030589,1.0,2.0,0.75,61.0,1.0,0.3964285714285714,-0.04569962625028401,2024-10-06,2024,0.4822317528963068,0.35082316938277874,PIT,4.0,3.0,0.75,10.25,41,9.75,39,-5.425000000000001,-0.449445974298453,-20.8,-0.5449686004784691,1.8464646464646464,1.3669191919191919,0.4795454545454545,2.9317071277653617,18.75,75.0,17.0,13.25,53.0,11.0,AFC North,-1,5.5,22,0.4444444444444444,0.70425,6.907500000000001,3.7505540257015473,0.75,0.75,0.9166666666666666,51.5,0.75,2.0,0.43495475113122173,0.62975,5.4225,3.655031399521531,1.0,0.25,0.9166666666666666,66.25,1.25,0.43495475113122173,0.06829287223463831,2024,0.4217132855365173,0.21635398458064758,DAL vs. PIT,PIT,17,1563.0839817871451,3.0,DAL,20,1490.0161815928163,10.0,0,-3,-2.5,0,-135.0,114.0,0,0
DET,4.0,3.0,0.75,9.75,39,10.25,41,3.8250000000000046,0.524476754109162,-18.100000000000005,0.28248792270531387,2.716666666666667,2.0101010101010104,0.7065656565656566,2.4629355383361147,26.0,104.0,18.0,20.5,82.0,15.0,NFC North,2,5.5,22,0.8333333333333334,0.76275,8.9575,4.724476754109162,1.5,1.75,1.0,76.75,1.0,1.0,0.4683257918552036,0.65575,5.9,4.482487922705314,1.0,1.25,0.75,46.25,1.25,0.4683257918552036,0.5370644616638853,2024-10-13,2024,0.5235074378842944,0.32351199344486753,DAL,5.0,3.0,0.6,10.0,50,9.8,49,-7.839999999999998,-0.7000029720162961,-2.6199999999999974,-0.10455690508322135,2.328989898989899,2.5956349206349207,-0.2666450216450217,2.640819029636259,23.4,117.0,24.0,24.2,121.0,22.0,NFC East,2,-0.8,-4,0.5208333333333333,0.663,6.976000000000001,3.4999970279837043,1.6,0.4,0.8666666666666666,66.2,1.2,-1.0,0.43714285714285717,0.6634,8.356,4.095443094916779,1.2,1.6,0.8,58.8,1.0,0.43714285714285717,0.3591809703637412,2024,0.5144813731549192,0.39143665856327475,DET vs. DAL,DAL,9,1550.3791519191386,5.0,DET,47,1612.1287919369763,3.0,0,-38,3.5,0,150.0,-180.0,0,0
DAL,6.0,3.0,0.5,10.5,63,9.833333333333334,59,-16.566666666666666,-0.7637279668763254,5.366666666666671,0.06472109761583396,2.056209531209531,2.946362433862434,-0.8901529026529027,2.6603232481354566,21.0,126.0,27.0,28.0,168.0,31.0,NFC East,-1,-7.0,-42,0.5666666666666667,0.6471666666666667,6.051666666666667,3.436272033123675,1.3333333333333333,0.3333333333333333,0.8888888888888888,60.166666666666664,1.8333333333333333,-6.0,0.4027472527472527,0.6701666666666667,9.235000000000001,4.264721097615834,1.5,1.6666666666666667,0.8333333333333334,59.5,0.8333333333333334,0.4027472527472527,0.3396767518645434,2024-10-27,2024,0.4528340537046103,0.4675988116039572,SFO,7.0,3.0,0.42857142857142855,9.714285714285714,68,9.857142857142858,69,-8.799999999999997,0.7247562138583808,-21.0,0.1273038365143626,2.6743145743145744,2.3597041847041846,0.31461038961038973,3.870398932559037,25.714285714285715,180.0,35.0,22.571428571428573,158.0,28.0,NFC West,-1,3.142857142857143,22,0.5305555555555556,0.6365714285714285,7.784285714285715,4.924756213858381,1.2857142857142858,1.0,0.9285714285714286,45.57142857142857,1.5714285714285714,2.0,0.4127705627705628,0.6172857142857142,5.781428571428571,4.327303836514362,1.1428571428571428,1.2857142857142858,0.95,40.0,1.8571428571428572,0.4127705627705628,-0.8703989325590369,2024,0.45070596084124726,0.29736817782266456,DAL vs. SFO,SFO,30,1463.9074313997503,17.0,DAL,24,1509.1732383948406,13.0,1,6,-5.5,1,-238.0,195.0,0,0
PHI,8.0,6.0,0.75,9.75,78,9.375,75,2.1875,0.7783599690607701,-20.7875,0.19437465790914055,2.596780303030303,2.1316017316017315,0.46517857142857155,4.949275633094853,24.875,199.0,34.0,19.375,155.0,29.0,NFC East,4,5.5,44,0.41122448979591836,0.696875,7.925,4.9783599690607705,1.25,1.75,0.6944444444444443,47.25,1.125,-2.0,0.3932868601986249,0.609375,5.470000000000001,4.3943746579091405,1.0,0.75,0.8571428571428571,33.25,0.875,0.3932868601986249,1.050724366905147,2024-11-10,2024,0.49314844306854966,0.38911834440041543,DAL,8.0,3.0,0.375,10.625,85,10.0,80,-16.724999999999998,-0.43889873204947466,10.8625,0.18951304543409764,2.053520784770785,2.8881809163059162,-0.8346601315351316,3.386455852340818,21.375,171.0,35.0,28.125,225.0,41.0,NFC East,-3,-6.75,-54,0.5552721088435374,0.645125,5.8525,3.761101267950526,1.5,0.375,0.9166666666666666,55.75,1.625,-7.0,0.3725732600732601,0.688125,9.61125,4.389513045434098,1.625,1.625,0.8571428571428571,57.0,0.75,0.3725732600732601,-0.38645585234081814,2024,0.39187359583539905,0.4236801719594163,PHI vs. DAL,DAL,6,1421.0546993918986,20.0,PHI,34,1628.8192678265364,5.0,0,-28,7.5,0,285.0,-360.0,1,0
HOU,10.0,6.0,0.6,11.2,112,11.3,113,-16.45,-0.16449027026613253,-20.1,0.36755390442890423,2.014357031857032,2.062252747252747,-0.04789571539571549,4.996075981848011,22.4,224.0,46.0,22.6,226.0,40.0,AFC South,-2,-0.2,-2,0.5903439153439154,0.6144999999999999,6.078,4.035509729733867,1.2,1.0,0.7916666666666667,60.4,1.1,7.0,0.3841852265381677,0.5382,5.436,4.567553904428904,2.1,0.6,1.0,48.5,1.8,0.3841852265381677,1.0039240181519888,2024-11-18,2024,0.4519468793169567,0.35412120418237125,DAL,9.0,3.0,0.3333333333333333,10.88888888888889,98,10.222222222222221,92,-20.522222222222222,-0.40772479885879226,9.744444444444447,0.24857299945019207,1.8766338599671935,2.882086740420074,-1.0054528804528806,3.4025828116646517,19.666666666666668,177.0,37.0,28.77777777777778,259.0,47.0,NFC East,-4,-9.11111111111111,-82,0.5796130952380952,0.6385555555555555,5.217777777777778,3.7922752011412078,1.3333333333333333,0.3333333333333333,0.925925925925926,54.0,2.0,-10.0,0.354985754985755,0.6874444444444445,9.331111111111111,4.448572999450192,1.6666666666666667,1.6666666666666667,0.875,56.111111111111114,0.8888888888888888,0.354985754985755,-0.4025828116646517,2024,0.3606626258145214,0.43125435730889056,HOU vs. DAL,DAL,10,1397.8357473598635,20.0,HOU,34,1520.205263264124,10.0,0,-24,7.5,0,285.0,-360.0,0,0
DAL,10.0,3.0,0.3,10.9,109,10.3,103,-21.089999999999996,-0.4313967634173575,6.45,0.3677156995051728,1.7798795648795651,2.9029689754689754,-1.1230894105894105,3.454719185762585,18.7,187.0,39.0,29.3,293.0,52.0,NFC East,-5,-10.6,-106,0.5818783068783069,0.6335999999999999,5.2299999999999995,3.768603236582643,1.3,0.3,0.8833333333333334,55.2,2.0,-11.0,0.3528205128205128,0.6863,9.001000000000001,4.5677156995051735,1.5,1.8,0.8888888888888888,57.4,0.9,0.3528205128205128,-0.4547191857625852,2024-11-24,2024,0.34152839610574237,0.4314122352818889,WAS,11.0,7.0,0.6363636363636364,9.090909090909092,100,9.0,99,0.027272727272727015,0.3610591814011458,-4.863636363636367,0.8208635474650531,3.29630167811986,2.610150203332022,0.6861514747878384,6.530664804291888,28.0,308.0,59.0,22.09090909090909,243.0,43.0,NFC East,-2,5.909090909090909,65,0.3794444444444444,0.7023636363636364,8.05181818181818,4.561059181401146,1.0909090909090908,1.7272727272727273,0.8681818181818183,43.36363636363637,0.45454545454545453,5.0,0.4287836346659876,0.656,6.961818181818182,5.020863547465053,1.5454545454545454,1.1818181818181819,0.861111111111111,47.0,0.9090909090909091,0.4287836346659876,0.469335195708112,2024,0.6151734332243441,0.413389727654223,DAL vs. WAS,WAS,26,1543.0740424330506,9.0,DAL,34,1364.7523503709222,22.0,0,-8,-10.5,0,-625.0,455.0,1,0
NYG,11.0,2.0,0.18181818181818182,10.090909090909092,111,9.727272727272727,107,-20.599999999999998,0.11462338458888385,2.5999999999999996,1.173962415569455,1.5653694790058426,2.4875003784094694,-0.9221308994036267,3.392630740039175,14.818181818181818,163.0,33.0,22.90909090909091,252.0,45.0,NFC East,-6,-8.090909090909092,-89,0.446984126984127,0.6353636363636364,5.159090909090909,4.3146233845888835,0.7272727272727273,0.7272727272727273,0.7222222222222222,41.36363636363637,1.3636363636363635,-6.0,0.3883838383838384,0.7100000000000001,7.752727272727273,5.373962415569455,1.0909090909090908,1.0909090909090908,0.8148148148148148,56.27272727272727,0.8181818181818182,0.3883838383838384,-1.3926307400391749,2024-11-28,2024,0.2596586286475899,0.32908378648958125,DAL,11.0,4.0,0.36363636363636365,11.090909090909092,122,10.727272727272727,118,-17.645454545454545,-0.47854251219759775,4.20909090909091,0.4797415450047025,1.855834569470933,2.7966384625475538,-0.9408038930766204,4.108519366087858,20.09090909090909,221.0,43.0,29.0,319.0,57.0,NFC East,1,-8.909090909090908,-98,0.5873268398268399,0.6441818181818181,5.552727272727273,3.7214574878024025,1.3636363636363635,0.2727272727272727,0.8484848484848485,52.0,1.9090909090909092,-9.0,0.3372748463657555,0.6837272727272727,8.701818181818181,4.679741545004703,1.5454545454545454,1.7272727272727273,0.8666666666666666,59.27272727272727,1.0909090909090908,0.3372748463657555,-0.10851936608785806,2024,0.3489818682997184,0.4343716457110879,NYG vs. DAL,DAL,27,1435.9935000197115,15.0,NYG,20,1464.0064999802885,15.0,1,7,-4.5,1,-218.0,185.0,1,0
TAM,14.0,8.0,0.5714285714285714,10.0,140,10.142857142857142,142,1.9857142857142855,0.8979416039159827,-4.950000000000001,0.21178023490831338,2.90037284144427,2.286431623931624,0.6139412175126461,8.354552642903368,28.785714285714285,403.0,71.0,23.285714285714285,326.0,60.0,NFC South,4,5.5,77,0.5045800353492661,0.7115714285714285,7.527142857142857,5.0979416039159835,2.2857142857142856,1.0,0.9416666666666668,47.285714285714285,1.4285714285714286,-2.0,0.47160143777790836,0.6745714285714286,7.22,4.4117802349083135,1.6428571428571428,0.8571428571428571,0.7666666666666666,54.285714285714285,1.2857142857142858,0.47160143777790836,-0.35455264290336785,2024-12-22,2024,0.4942993685478882,0.3816533407574436,DAL,14.0,6.0,0.42857142857142855,10.928571428571429,153,10.642857142857142,149,-15.657142857142857,-0.1811762595838268,-1.0214285714285718,0.4175502400690367,1.9951687201687203,2.620086064728922,-0.6249173445602018,5.967430064646057,21.285714285714285,298.0,57.0,27.142857142857142,380.0,68.0,NFC East,1,-5.857142857142857,-82,0.5091683957068572,0.6289999999999999,5.797857142857143,4.018823740416173,1.5,0.2857142857142857,0.8630952380952381,53.92857142857143,1.7142857142857142,-5.0,0.3578588078588079,0.6861428571428572,7.904285714285714,4.617550240069037,1.5,1.5714285714285714,0.8888888888888888,63.714285714285715,1.3571428571428572,0.3578588078588079,0.03256993535394326,2024,0.3734157265710433,0.4248392884007997,TAM vs. DAL,DAL,26,1446.7682576668406,18.0,TAM,24,1568.58879699031,12.0,1,2,4.5,1,180.0,-218.0,0,0
DAL,15.0,7.0,0.4666666666666667,10.933333333333334,164,10.666666666666666,160,-14.106666666666666,-0.345764508944905,-1.3066666666666669,0.49811935449921685,2.0197332297332298,2.590868205868206,-0.5711349761349761,6.514713656132178,21.6,324.0,63.0,26.933333333333334,404.0,72.0,NFC East,2,-5.333333333333333,-80,0.5136155511155511,0.6365999999999999,5.994,3.854235491055095,1.4666666666666666,0.3333333333333333,0.8722222222222222,52.333333333333336,1.6,-3.0,0.3562237762237762,0.6884666666666667,7.7973333333333334,4.698119354499217,1.5333333333333334,1.5333333333333334,0.8974358974358974,62.6,1.4,0.3562237762237762,0.48528634386782166,2024-12-29,2024,0.39657440636734664,0.43455859031603467,PHI,15.0,12.0,0.8,9.933333333333334,149,9.866666666666667,148,-0.4066666666666658,0.9292915944961417,-18.893333333333334,0.08598285521104983,2.746721981721982,1.9651681651681652,0.7815538165538166,10.062950398538714,26.8,402.0,71.0,18.866666666666667,283.0,52.0,NFC East,-1,7.933333333333334,119,0.4844518576661434,0.6763333333333333,7.499333333333333,5.1292915944961415,1.2666666666666666,1.8666666666666667,0.7282051282051282,51.2,1.0,6.0,0.42432221373397844,0.6176666666666667,5.276,4.285982855211049,1.3333333333333333,0.6,0.8076923076923077,39.0,1.4,0.42432221373397844,1.9370496014612861,2024,0.5380449761538036,0.37330026093512925,DAL vs. PHI,PHI,41,1628.8192678265364,5.0,DAL,7,1421.0546993918986,20.0,1,34,-7.5,1,-325.0,260.0,1,0
WAS,16.0,11.0,0.6875,9.6875,155,9.6875,155,0.26874999999999893,0.5829752110228115,-9.237500000000002,0.603895905234712,3.1747009934509935,2.5118268883893884,0.6628741050616052,9.45541189272185,28.875,462.0,84.0,23.25,372.0,66.0,NFC East,4,5.625,90,0.4094842194842195,0.7065625,7.584375,4.782975211022812,1.6875,1.5,0.7922222222222222,56.5625,0.9375,2.0,0.4513888888888889,0.625,6.650625,4.803895905234712,1.5625,1.0625,0.8151515151515152,48.875,1.0625,0.4513888888888889,1.54458810727815,2025-01-05,2024,0.5942521778271632,0.44029952220982177,DAL,16.0,7.0,0.4375,10.875,174,10.5625,169,-16.28125,-0.32207089380251513,1.3937500000000003,0.4708559424620634,1.9372499028749028,2.713661165223665,-0.7764112623487623,6.529643381821711,20.6875,331.0,64.0,27.8125,445.0,78.0,NFC East,-1,-7.125,-114,0.5327078477078477,0.6313124999999999,5.7725,3.877929106197485,1.4375,0.3125,0.8177083333333334,53.375,1.75,-7.0,0.36074550449550447,0.6881875,8.155625,4.6708559424620635,1.625,1.5,0.9047619047619048,60.25,1.3125,0.36074550449550447,0.4703566181782888,2024,0.37862888777421355,0.4462602870628353,WAS vs. DAL,DAL,19,1364.7523503709222,22.0,WAS,23,1543.0740424330506,9.0,0,-4,7.0,1,250.0,-310.0,1,0
PIT,1.0,1.0,1.0,10.0,10,9.0,9,-12.200000000000003,-0.858536585365854,-43.9,-0.15454545454545432,1.8,1.1111111111111112,0.6888888888888889,0.8010794123815698,18.0,18.0,6.0,10.0,10.0,2.0,AFC North,1,8.0,8,0.5,0.7390000000000001,5.78,3.341463414634146,0.0,0.0,1.0,60.0,0.0,3.0,0.47058823529411764,0.615,2.58,4.045454545454546,1.0,0.0,1.0,34.0,3.0,0.47058823529411764,0.19892058761843023,2024-09-15,2024,0.719352352571058,0.044204575026317826,DEN,1.0,0.0,0.0,15.0,15,12.0,12,-53.1,-0.2400000000000002,-14.900000000000006,0.2242424242424237,1.3333333333333333,2.1666666666666665,-0.8333333333333333,0.34937142863332393,20.0,20.0,4.0,26.0,26.0,5.0,AFC West,-1,-6.0,-6,0.5,0.619,1.0,3.96,0.0,1.0,1.0,60.0,3.0,-1.0,0.2777777777777778,0.72,5.32,4.424242424242424,1.0,2.0,1.0,41.0,2.0,0.2777777777777778,-0.34937142863332393,2024,0.17350095236444696,-0.14557142859721836,PIT vs. DEN,DEN,6,1450.0,17.0,PIT,13,1550.0,1.0,0,-7,3.0,0,130.0,-155.0,0,0
DEN,2.0,0.0,0.0,13.0,26,11.5,23,-49.85,-0.5357894736842108,-9.550000000000004,-0.029545454545454986,0.9393939393939393,1.6742424242424243,-0.7348484848484849,0.4873169023519588,13.0,26.0,6.0,19.5,39.0,8.0,AFC West,-2,-6.5,-13,1.0,0.595,2.515,3.6642105263157894,0.0,0.5,1.0,92.0,2.5,-3.0,0.2222222222222222,0.685,5.91,4.170454545454545,1.0,1.0,1.0,59.5,1.0,0.2222222222222222,-0.4873169023519588,2024-09-22,2024,0.17454035742092786,0.08916227785183325,TAM,2.0,2.0,1.0,9.0,18,9.0,18,13.699999999999996,-0.811594202898551,-23.750000000000004,0.6740740740740736,3.3125,2.05,1.2625,1.4404399559390217,28.5,57.0,11.0,18.0,36.0,7.0,NFC South,2,10.5,21,1.0,0.716,9.185,3.3884057971014494,2.5,0.5,1.0,40.5,0.5,1.0,0.4461538461538461,0.6665,5.445,4.874074074074073,0.0,2.0,0.5,61.0,1.0,0.4461538461538461,0.5595600440609783,2024,0.7820877912408545,0.30324778634519023,DEN vs. TAM,TAM,7,1600.0,1.0,DEN,26,1414.0064999802885,24.0,0,-19,-6.0,0,-245.0,200.0,0,0
DEN,3.0,1.0,0.3333333333333333,12.0,36,10.666666666666666,32,-38.233333333333334,-0.13814536340852168,-13.233333333333334,0.4761363636363633,1.4929292929292928,1.3754208754208754,0.11750841750841756,1.444615424231083,17.333333333333332,52.0,12.0,15.333333333333334,46.0,9.0,AFC West,1,2.0,6,1.0,0.628,3.676666666666667,4.0618546365914785,0.0,1.0,1.0,78.33333333333333,2.0,-2.0,0.25071225071225073,0.7093333333333334,5.0200000000000005,4.676136363636363,1.0,0.6666666666666666,1.0,46.0,1.3333333333333333,0.25071225071225073,-0.4446154242310829,2024-09-29,2024,0.28393161952987966,0.14581730397833595,NYJ,3.0,2.0,0.6666666666666666,9.0,27,9.0,27,2.6666666666666665,-0.2608054226475282,-21.566666666666663,0.6598997493734334,2.5037037037037035,1.843193843193843,0.6605098605098606,1.9116948362806572,22.333333333333332,67.0,11.0,17.333333333333332,52.0,12.0,AFC East,2,5.0,15,0.25,0.6753333333333332,7.41,3.939194577352472,2.0,1.0,0.75,62.0,0.6666666666666666,1.0,0.5611111111111111,0.6496666666666667,5.05,4.859899749373434,0.3333333333333333,1.0,1.0,51.666666666666664,1.0,0.5611111111111111,0.08830516371934283,2024,0.41939946667793543,0.3093785427732359,DEN vs. NYJ,NYJ,9,1550.0,6.0,DEN,10,1488.4788293388217,15.0,0,-1,-7.5,0,-425.0,330.0,0,0
LVR,4.0,2.0,0.5,11.0,44,10.75,43,-13.700000000000003,-0.8264031670661999,-6.300000000000001,0.9296839361355487,1.8131313131313131,2.2436868686868685,-0.4305555555555555,1.5724157054701227,19.5,78.0,15.0,24.25,97.0,19.0,AFC West,1,-4.75,-19,0.1111111111111111,0.70125,5.785,3.3735968329338,1.0,1.0,0.625,33.25,1.5,-4.0,0.3241341991341991,0.68125,6.5025,5.129683936135549,1.5,0.75,0.9375,62.0,0.5,0.3241341991341991,0.42758429452987734,2024-10-06,2024,0.37735093419288723,0.3786284976515562,DEN,4.0,2.0,0.5,12.0,48,11.25,45,-36.7,-0.1374799902983268,-17.925,0.0027544466403158774,1.3280303030303031,1.2046425796425797,0.12338772338772344,2.006719171987287,15.5,62.0,14.0,13.75,55.0,12.0,AFC West,2,1.75,7,0.8888888888888888,0.591,3.5575,4.062520009701673,0.25,0.75,0.875,77.25,1.75,-2.0,0.2416056166056166,0.67475,4.86,4.202754446640316,0.75,0.5,0.9166666666666666,57.0,1.25,0.2416056166056166,-0.006719171987286998,2024,0.2911767270425937,0.19955205520084754,LVR vs. DEN,DEN,34,1547.2410498535785,10.0,LVR,18,1487.600986784582,10.0,1,16,-3.0,1,-155.0,130.0,1,0
LAC,4.0,2.0,0.5,10.25,41,10.5,42,-4.824999999999999,0.009364478114478048,-17.950000000000003,-0.2526731333182949,1.636111111111111,1.257070707070707,0.379040404040404,2.2438280546885143,17.0,68.0,14.0,12.5,50.0,10.0,AFC West,-2,4.5,18,0.6666666666666666,0.66175,6.4125,4.209364478114479,1.25,0.5,0.875,46.25,0.5,5.0,0.35239656177156176,0.7215,5.1125,3.9473268666817054,0.75,0.5,0.6666666666666666,40.0,1.75,0.35239656177156176,-0.24382805468851432,2024-10-13,2024,0.320648824599761,0.16405785388758842,DEN,5.0,3.0,0.6,11.8,59,11.4,57,-26.72,-0.17141256366723293,-24.119999999999997,0.0822035573122526,1.6806060606060604,1.2637140637140636,0.4168919968919969,2.8253789110168324,19.2,96.0,19.0,14.6,73.0,15.0,AFC West,3,4.6,23,0.7916666666666666,0.6136,4.476000000000001,4.028587436332767,0.6,0.8,0.9,70.6,1.4,1.0,0.24328449328449325,0.6588,4.428,4.282203557312252,0.8,0.6,0.9375,61.4,1.6,0.24328449328449325,0.17462108898316764,2024,0.33328068030739044,0.2197168994201667,LAC vs. DEN,DEN,16,1588.7414753557928,5.0,LAC,23,1498.6345818846669,10.0,0,-7,3.0,0,130.0,-155.0,1,0
DEN,6.0,3.0,0.5,11.5,69,11.0,66,-25.0,0.175674715462491,-21.666666666666668,-0.07009352680119307,1.6671717171717173,1.479020979020979,0.1881507381507382,3.1227002849329963,18.666666666666668,112.0,22.0,16.0,96.0,20.0,AFC West,-1,2.6666666666666665,16,0.7333333333333333,0.6073333333333334,4.745,4.375674715462491,0.8333333333333334,0.6666666666666666,0.9166666666666666,65.0,1.5,-1.0,0.24819162319162316,0.652,4.876666666666667,4.129906473198807,0.8333333333333334,0.6666666666666666,0.95,54.5,1.3333333333333333,0.24819162319162316,-0.12270028493299634,2024-10-17,2024,0.3123202747137055,0.24632826843772748,NOR,6.0,2.0,0.3333333333333333,10.333333333333334,62,10.166666666666666,61,-8.116666666666667,-0.25014470876539857,-27.01666666666667,0.8605250305250304,2.676709401709402,2.410327635327635,0.2663817663817664,3.021798274111379,27.833333333333332,167.0,29.0,24.5,147.0,26.0,NFC South,-4,3.3333333333333335,20,0.6866666666666666,0.6565,7.285,3.9498552912346017,1.5,1.6666666666666667,1.0,60.0,1.5,3.0,0.47852564102564105,0.639,5.420000000000001,5.060525030525031,0.8333333333333334,1.1666666666666667,0.7999999999999999,61.333333333333336,2.0,0.47852564102564105,-1.021798274111379,2024,0.38808561841604844,0.2826044941888092,DEN vs. NOR,NOR,10,1410.5257019749558,18.0,DEN,33,1526.0571728701098,13.0,0,-23,2.5,0,124.0,-148.0,0,0
DEN,9.0,5.0,0.5555555555555556,10.88888888888889,98,10.88888888888889,98,-19.322222222222223,0.23742070977922675,-12.088888888888887,-0.1351354915680535,1.9126823793490462,1.7228265561598894,0.1898558231891565,4.938955522792042,20.333333333333332,183.0,34.0,17.88888888888889,161.0,31.0,AFC West,-1,2.4444444444444446,22,0.5959821428571428,0.6240000000000001,5.446666666666667,4.437420709779227,1.0,0.7777777777777778,0.9375,61.22222222222222,1.4444444444444444,-1.0,0.3253795949874381,0.6782222222222223,6.21,4.064864508431946,1.2222222222222223,0.6666666666666666,0.9642857142857143,51.55555555555556,1.3333333333333333,0.3253795949874381,0.06104447720795836,2024-11-10,2024,0.3492919639740029,0.28332469250957676,KAN,8.0,8.0,1.0,9.25,74,9.25,74,-13.725,-0.3659815130989701,-10.912500000000001,-0.6296272997835499,2.7621527777777777,2.0170454545454546,0.7451073232323232,5.498718336478184,25.375,203.0,37.0,18.375,147.0,29.0,AFC West,8,7.0,56,0.4217687074829932,0.693875,5.99375,3.83401848690103,1.375,1.375,0.9,47.25,1.5,-4.0,0.49714781746031744,0.652125,6.4262500000000005,3.57037270021645,1.375,0.625,0.8809523809523808,53.75,1.0,0.49714781746031744,2.501281663521816,2024,0.6563301039701135,0.46543440581441325,DEN vs. KAN,KAN,16,1742.6961333469485,1.0,DEN,14,1530.2727439564003,12.0,1,2,-7.5,0,-380.0,300.0,1,0
DEN,11.0,6.0,0.5454545454545454,10.545454545454545,116,10.363636363636363,114,-10.881818181818183,0.10605020675460596,-13.909090909090908,-0.38502427665091826,2.0901744719926536,1.6595853641308187,0.43058910786183513,6.348055495973459,21.363636363636363,235.0,42.0,16.636363636363637,183.0,37.0,AFC West,1,4.7272727272727275,52,0.6367857142857143,0.6542727272727272,6.161818181818182,4.306050206754606,1.3636363636363635,0.7272727272727273,0.85,57.36363636363637,1.1818181818181819,0.0,0.3647574944366388,0.6741818181818182,6.034545454545454,3.814975723349082,1.0909090909090908,0.5454545454545454,0.9722222222222222,47.81818181818182,1.1818181818181819,0.3647574944366388,-0.3480554959734592,2024-11-24,2024,0.35061259339272316,0.28478624134687563,LVR,10.0,2.0,0.2,10.5,105,10.0,100,-19.98,-0.8520144687969236,-4.550000000000002,0.19222879209531016,1.8936674436674437,2.9852777777777777,-1.091610334110334,2.945234319593228,18.7,187.0,36.0,28.5,285.0,51.0,AFC West,-6,-9.8,-98,0.3712962962962963,0.6686,5.134,3.3479855312030766,1.1,0.7,0.8333333333333334,46.6,2.0,-15.0,0.3562604062604063,0.6801999999999999,6.6370000000000005,4.3922287920953105,1.8,1.1,0.875,50.8,0.5,0.3562604062604063,-0.945234319593228,2024,0.31044910904251793,0.4107930497007454,DEN vs. LVR,LVR,19,1487.600986784582,10.0,DEN,29,1547.2410498535785,10.0,0,-10,6.5,0,225.0,-278.0,1,0
IND,13.0,6.0,0.46153846153846156,10.307692307692308,134,10.23076923076923,133,-27.746153846153845,0.412152917197273,-3.9999999999999996,0.33333101110838254,2.006740481740482,2.2807109557109557,-0.2739704739704739,5.747399450348824,20.53846153846154,267.0,50.0,22.923076923076923,298.0,56.0,AFC South,1,-2.3846153846153846,-31,0.4838624338624338,0.5436923076923077,5.64,4.612152917197273,1.2307692307692308,0.9230769230769231,0.8939393939393938,39.76923076923077,1.5384615384615385,-2.0,0.3595899826669057,0.7126153846153845,7.122307692307692,4.533331011108382,1.3076923076923077,1.0769230769230769,0.7961538461538461,47.53846153846154,1.3846153846153846,0.3595899826669057,0.2526005496511763,2024-12-15,2024,0.3803846311610556,0.39684536193202186,DEN,13.0,8.0,0.6153846153846154,10.692307692307692,139,10.76923076923077,140,-12.338461538461539,-0.02252986808768415,-14.899999999999999,-0.38268776586181374,2.234226884226884,1.7012342358496204,0.5329926483772638,7.72230251976428,23.46153846153846,305.0,54.0,18.0,234.0,47.0,AFC West,3,5.461538461538462,71,0.5700487012987013,0.638923076923077,6.259230769230769,4.177470131912316,1.3846153846153846,0.7692307692307693,0.875,57.38461538461539,1.1538461538461537,3.0,0.3749131461801145,0.6605384615384615,6.062307692307693,3.8173122341381864,1.3076923076923077,0.46153846153846156,0.9318181818181818,47.38461538461539,1.3846153846153846,0.3749131461801145,0.2776974802357204,2024,0.39678786050510734,0.3170614184456477,IND vs. DEN,DEN,31,1603.3979310954956,9.0,IND,13,1493.5909202339824,18.0,1,18,-4.5,1,-238.0,195.0,0,0
DEN,14.0,9.0,0.6428571428571429,10.857142857142858,152,11.071428571428571,155,-14.292857142857144,-0.13044440131951626,-18.47142857142857,-0.3227636397288271,2.24496891996892,1.6416222666222666,0.6033466533466533,8.609218552485633,24.0,336.0,58.0,17.642857142857142,247.0,50.0,AFC West,4,6.357142857142857,89,0.5617017597786829,0.6365714285714287,5.911428571428572,4.069555598680484,1.5,0.7142857142857143,0.8846153846153846,57.42857142857143,1.2857142857142858,5.0,0.3733437197722912,0.6452857142857144,5.762857142857143,3.8772363602711732,1.2142857142857142,0.5,0.9375,48.92857142857143,1.6428571428571428,0.3733437197722912,0.3907814475143674,2024-12-19,2024,0.3922299454679668,0.3085433513252158,LAC,14.0,8.0,0.5714285714285714,9.928571428571429,139,10.357142857142858,145,-3.4071428571428575,-0.23883352265177232,-13.8,0.5223872139147046,2.1199481074481072,1.8051795426795427,0.31476856476856474,8.163486540143635,21.0,294.0,58.0,17.642857142857142,247.0,49.0,AFC West,-2,3.357142857142857,47,0.5196918466149235,0.6526428571428572,7.393571428571429,3.961166477348228,1.1428571428571428,0.9285714285714286,0.8928571428571429,44.0,0.5714285714285714,11.0,0.3443248220033935,0.6598571428571428,6.060714285714285,4.722387213914705,1.3571428571428572,0.42857142857142855,0.75,51.42857142857143,1.3571428571428572,0.3443248220033935,-0.1634865401436354,2024,0.41239351524751755,0.3098468766172226,DEN vs. LAC,LAC,34,1498.6345818846669,10.0,DEN,27,1588.7414753557928,5.0,1,7,-3.0,1,-148.0,124.0,1,0
KAN,16.0,15.0,0.9375,9.5,152,9.4375,151,-9.2125,-0.19787268528251684,-14.40625,-0.07563978153657877,2.597537878787879,1.982717803030303,0.6148200757575758,10.62455872588224,24.0625,385.0,73.0,18.0,288.0,55.0,AFC West,6,6.0625,97,0.46644762644762644,0.676875,6.301875,4.002127314717483,1.625,0.9375,0.8642857142857142,50.875,0.875,6.0,0.48301568223443225,0.648875,5.995625,4.124360218463422,1.25,0.75,0.8154761904761905,50.5,1.25,0.48301568223443225,4.37544127411776,2025-01-05,2024,0.6115983606129097,0.44107999589258146,DEN,16.0,9.0,0.5625,10.6875,171,11.0,176,-11.39375,-0.027035676551402155,-14.475,-0.28956104190558085,2.2997644716394716,1.8171013014763013,0.4826631701631701,9.346717373533544,24.1875,387.0,67.0,19.4375,311.0,61.0,AFC West,-2,4.75,76,0.556014541014541,0.6506875,6.06375,4.172964323448598,1.625,0.6875,0.9,56.25,1.1875,6.0,0.37154754967254966,0.66075,6.12875,3.9104389580944194,1.375,0.625,0.9107142857142857,44.25,1.5625,0.37154754967254966,-0.3467173735335436,2024,0.38332234501946366,0.3174184091670646,KAN vs. DEN,DEN,38,1530.2727439564003,12.0,KAN,0,1742.6961333469485,1.0,1,38,-10.5,1,-485.0,370.0,1,0
TAM,1.0,1.0,1.0,8.0,8,8.0,8,45.099999999999994,-0.46666666666666723,-10.900000000000006,0.39999999999999947,4.625,2.5,2.125,0.8112250525926544,37.0,37.0,7.0,20.0,20.0,3.0,NFC South,1,17.0,17,0.5,0.8,12.0,3.733333333333333,4.0,0.0,1.0,46.0,0.0,0.0,0.6923076923076923,0.708,6.71,4.6,0.0,3.0,0.0,51.0,0.0,0.6923076923076923,0.18877494740734557,2024-09-15,2024,1.0401780789814272,0.07079060527775459,DET,1.0,1.0,1.0,10.0,10,9.0,9,-17.599999999999994,1.0580645161290319,-15.900000000000006,-0.5913043478260871,2.6,2.2222222222222223,0.37777777777777777,0.6506285713666762,26.0,26.0,5.0,20.0,20.0,4.0,NFC North,1,6.0,6,0.5,0.643,6.25,5.258064516129032,1.0,2.0,1.0,56.0,1.0,0.0,0.46153846153846156,0.6940000000000001,5.69,3.608695652173913,1.0,1.0,1.0,50.0,1.0,0.46153846153846156,0.3493714286333238,2024,0.6746857143166619,0.15527619050369948,TAM vs. DET,DET,16,1550.0,1.0,TAM,20,1550.0,1.0,0,-4,-7.5,0,-375.0,295.0,0,0
SEA,3.0,3.0,1.0,11.333333333333334,34,12.333333333333334,37,-9.666666666666666,-0.46895961907403577,-33.56666666666666,0.036666666666666625,2.1464646464646466,1.1414141414141412,1.005050505050505,2.225501664630033,24.333333333333332,73.0,14.0,14.333333333333334,43.0,9.0,NFC West,3,10.0,30,0.75,0.745,6.25,3.7310403809259647,1.0,1.6666666666666667,0.8333333333333334,61.0,1.3333333333333333,-1.0,0.3575757575757576,0.6,3.5833333333333335,4.236666666666667,0.3333333333333333,0.6666666666666666,0.7222222222222222,62.333333333333336,1.0,0.3575757575757576,0.7744983353699668,2024-09-30,2024,0.5180683989723484,0.22495932448945677,DET,3.0,2.0,0.6666666666666666,10.0,30,10.0,30,-14.33333333333333,0.7183499578598349,-19.33333333333334,-0.5566827697262481,2.066666666666667,1.8013468013468013,0.26531986531986534,1.756572347680859,20.666666666666668,62.0,12.0,17.666666666666668,53.0,11.0,NFC North,1,3.0,9,0.75,0.6836666666666668,6.1000000000000005,4.918349957859835,1.0,1.3333333333333333,1.0,68.66666666666667,1.3333333333333333,-1.0,0.4577677224736048,0.648,5.736666666666667,3.6433172302737518,1.0,0.6666666666666666,1.0,38.333333333333336,1.0,0.4577677224736048,0.24342765231914099,2024,0.43245702030921884,0.27419671306122834,SEA vs. DET,DET,42,1550.0,6.0,SEA,29,1635.9935000197115,1.0,1,13,-3.5,1,-185.0,154.0,0,0
DET,5.0,4.0,0.8,9.8,49,10.8,54,12.120000000000006,0.6018036255095517,-26.520000000000003,0.009519749928956855,3.1133333333333333,1.7465423465423466,1.3667909867909869,3.443431319836917,30.2,151.0,27.0,18.2,91.0,18.0,NFC North,3,12.0,60,0.775,0.751,9.892,4.801803625509551,1.8,1.8,1.0,74.0,0.8,6.0,0.45466063348416286,0.6382,5.006,4.2095197499289565,0.8,1.0,0.8,43.0,2.0,0.45466063348416286,0.5565686801630831,2024-10-20,2024,0.6123565484261356,0.3037712453442055,MIN,5.0,5.0,1.0,10.8,54,12.0,60,1.1000000000000014,-0.034081017022193724,-31.160000000000004,-0.7168320802005013,2.623261183261183,1.228205128205128,1.3950560550560551,3.8346761964042626,27.8,139.0,23.0,15.2,76.0,13.0,NFC North,5,12.6,63,0.7916666666666666,0.6472,7.967999999999999,4.165918982977806,2.2,0.6,1.0,56.2,1.8,4.0,0.40324009324009324,0.6136,4.366,3.4831679197994987,1.6,0.2,0.6,71.4,2.6,0.40324009324009324,1.1653238035957374,2024,0.5251942499359331,0.22383069815581527,DET vs. MIN,MIN,29,1708.934797010735,1.0,DET,31,1653.3347054612746,2.0,0,-2,-1.0,0,-118.0,-102.0,1,0
TEN,6.0,1.0,0.16666666666666666,11.0,66,10.333333333333334,62,-32.93333333333333,0.05001526251526248,-11.200000000000003,-0.33365459615459653,1.5877751877751878,2.33030303030303,-0.7425278425278425,2.1153843252657256,17.666666666666668,106.0,20.0,24.0,144.0,25.0,AFC South,-2,-6.333333333333333,-38,0.38,0.6378333333333334,3.408333333333333,4.250015262515263,1.0,0.8333333333333334,1.0,57.333333333333336,2.0,-9.0,0.3115981240981241,0.603,6.535,3.8663454038454037,1.1666666666666667,0.8333333333333334,1.0,63.0,0.5,0.3115981240981241,-1.1153843252657256,2024-10-27,2024,0.24669776135021587,0.2610628813665507,DET,6.0,5.0,0.8333333333333334,10.0,60,10.5,63,15.850000000000003,0.6903919101468485,-21.900000000000006,0.4111077281154005,3.0641414141414143,1.9924889924889928,1.0716524216524217,3.982863899661689,30.333333333333332,182.0,32.0,20.0,120.0,23.0,NFC North,4,10.333333333333334,62,0.82,0.7725,10.156666666666668,4.890391910146849,1.8333333333333333,1.8333333333333333,1.0,69.83333333333333,0.8333333333333334,6.0,0.4455505279034691,0.6676666666666667,5.523333333333333,4.6111077281154005,0.8333333333333334,1.0,0.8333333333333334,45.666666666666664,1.8333333333333333,0.4455505279034691,1.0171361003383108,2024,0.6237454311411832,0.36612203785127284,TEN vs. DET,DET,52,1711.2685893796668,2.0,TEN,14,1355.3095599241478,27.0,1,38,-12.5,1,-800.0,550.0,0,0
DET,7.0,6.0,0.8571428571428571,10.285714285714286,72,10.857142857142858,76,16.38571428571429,0.9679549706020606,-23.700000000000006,0.4577351955274861,3.2454545454545456,1.8616938616938619,1.3837606837606837,4.940162421540813,33.42857142857143,234.0,39.0,19.142857142857142,134.0,25.0,NFC North,5,14.285714285714286,100,0.7111111111111111,0.7748571428571429,9.765714285714285,5.167954970602061,2.142857142857143,1.8571428571428572,1.0,64.0,0.7142857142857143,10.0,0.4295195001077354,0.655,5.441428571428572,4.657735195527486,0.8571428571428571,1.0,0.8333333333333334,47.714285714285715,2.142857142857143,0.4295195001077354,1.0598375784591871,2024-11-03,2024,0.6236779078569609,0.3317592847020295,GNB,8.0,6.0,0.75,10.875,87,10.875,87,0.5499999999999989,0.7579163261387687,-17.8375,0.17643684649506397,2.536111111111111,1.9207882395382394,0.6153228715728716,5.134736382025058,27.0,216.0,39.0,21.25,170.0,30.0,NFC North,4,5.75,46,0.395578231292517,0.659875,8.04625,4.957916326138768,2.25,0.625,0.7708333333333334,52.25,1.5,7.0,0.36656242042271453,0.628875,5.842499999999999,4.376436846495064,1.5,0.875,0.9166666666666666,48.875,2.375,0.36656242042271453,0.865263617974942,2024,0.4967604613520442,0.3390199835334027,DET vs. GNB,GNB,14,1661.426912537313,3.0,DET,24,1722.6832797112716,2.0,0,-10,2.5,0,130.0,-155.0,1,0
DET,8.0,7.0,0.875,9.875,79,10.5,84,15.312500000000004,0.806335599276803,-24.525000000000002,0.6255182960865503,3.2683441558441557,1.8477321289821291,1.4206120268620268,5.722172995808279,32.25,258.0,42.0,18.5,148.0,28.0,NFC North,6,13.75,110,0.7166666666666667,0.78025,9.4375,5.006335599276803,2.0,1.75,1.0,62.375,0.625,11.0,0.41749622926093516,0.646875,5.4925,4.825518296086551,0.75,1.0,0.8095238095238095,50.125,2.0,0.41749622926093516,1.277827004191721,2024-11-10,2024,0.6165644528102092,0.3449094585079884,HOU,9.0,6.0,0.6666666666666666,11.0,99,11.0,99,-13.744444444444447,0.061677477482075,-17.855555555555554,0.5104765604765603,2.04159328325995,2.085042735042735,-0.043449451782785205,4.568211043317757,22.333333333333332,201.0,41.0,22.22222222222222,200.0,35.0,AFC South,-1,0.1111111111111111,1,0.5547619047619048,0.6187777777777778,6.342222222222222,4.261677477482075,1.2222222222222223,1.0,0.7962962962962963,63.77777777777778,1.0,4.0,0.382428029486853,0.5424444444444444,5.836666666666667,4.710476560476561,2.111111111111111,0.5555555555555556,1.0,47.111111111111114,1.4444444444444444,0.382428029486853,1.4317889566822428,2024,0.48002620339390795,0.3704967603635,DET vs. HOU,HOU,23,1541.999536541431,7.0,DET,26,1763.9580020803592,2.0,0,-3,4.5,1,190.0,-230.0,0,0
JAX,10.0,2.0,0.2,9.8,98,10.1,101,-18.45,0.46296364476671376,4.79,-0.019204976223873783,2.095382395382395,2.636868686868687,-0.5414862914862916,3.704127102459091,20.2,202.0,34.0,26.4,264.0,49.0,AFC South,-3,-6.2,-62,0.5679894179894179,0.6197,6.091,4.662963644766714,1.1,1.0,0.9583333333333333,40.5,1.5,-7.0,0.3252836052836053,0.7019,8.206999999999999,4.180795023776126,1.9,1.1,0.8166666666666667,54.9,0.8,0.3252836052836053,-1.7041271024590912,2024-11-17,2024,0.28781599848611317,0.35395819007871737,DET,9.0,8.0,0.8888888888888888,10.333333333333334,93,10.777777777777779,97,9.133333333333335,0.6146594215793804,-26.333333333333332,0.31157181874360024,3.1115440115440114,1.8390097556764227,1.2725342558675894,6.294308057278026,31.555555555555557,284.0,47.0,19.0,171.0,33.0,NFC North,7,12.555555555555555,113,0.7104166666666667,0.7491111111111111,8.592222222222222,4.814659421579381,2.0,1.6666666666666667,1.0,62.22222222222222,1.1111111111111112,8.0,0.4359225741578683,0.639,5.293333333333333,4.511571818743601,0.7777777777777778,1.0,0.8020833333333334,47.888888888888886,2.0,0.4359225741578683,1.705691942721974,2024,0.601155939436001,0.3668818260135454,JAX vs. DET,DET,52,1785.7522753576666,2.0,JAX,6,1361.801492947484,27.0,1,46,-14.0,1,-1000.0,650.0,0,0
DET,10.0,9.0,0.9,10.1,101,10.6,106,14.050000000000002,0.5890074329098145,-28.190000000000005,0.10159110745747549,3.4503896103896103,1.7217754467754467,1.7286141636141636,7.288355580816733,33.6,336.0,55.0,17.7,177.0,35.0,NFC North,8,15.9,159,0.6537037037037037,0.756,9.336,4.7890074329098145,2.2,1.8,1.0,60.6,1.0,9.0,0.45233031674208146,0.6336999999999999,5.054,4.301591107457476,0.7,0.9,0.8240740740740741,47.1,1.9,0.45233031674208146,1.7116444191832674,2024-11-24,2024,0.6377628149060195,0.353686372331523,IND,11.0,5.0,0.45454545454545453,10.636363636363637,117,10.454545454545455,115,-25.16363636363636,0.4501150213171744,-3.481818181818181,0.19365228087891048,2.0269054178145085,2.2105371900826447,-0.18363177226813593,5.187159892204655,21.454545454545453,236.0,44.0,22.727272727272727,250.0,47.0,AFC South,1,-1.2727272727272727,-14,0.4656349206349207,0.5613636363636364,5.883636363636364,4.650115021317174,1.2727272727272727,1.0,0.8703703703703703,38.81818181818182,1.6363636363636365,-1.0,0.36092039273857457,0.7038181818181818,7.180909090909091,4.393652280878911,1.4545454545454546,0.9090909090909091,0.7954545454545454,44.09090909090909,1.5454545454545454,0.36092039273857457,-0.18715989220465534,2024,0.3696697472750545,0.36458773523034094,DET vs. IND,IND,6,1479.143934384844,17.0,DET,24,1793.7661979544769,1.0,0,-18,7.0,0,295.0,-375.0,0,0
GNB,12.0,9.0,0.75,10.166666666666666,122,10.0,120,1.8916666666666657,0.6739283444099726,-12.875,-0.05942375499768852,2.65223063973064,2.0331709956709956,0.6190596440596441,7.636029623759769,26.5,318.0,57.0,20.0,240.0,42.0,NFC North,3,6.5,78,0.4568345795618523,0.6624166666666667,8.6475,4.873928344409973,1.9166666666666667,1.0,0.8030303030303031,49.5,1.1666666666666667,9.0,0.3582152732888027,0.6650833333333334,6.234999999999999,4.140576245002312,1.3333333333333333,0.8333333333333334,0.9166666666666666,53.666666666666664,1.9166666666666667,0.3582152732888027,1.363970376240231,2024-12-05,2024,0.5203185187470581,0.3606158026403401,DET,12.0,11.0,0.9166666666666666,9.916666666666666,119,10.333333333333334,124,10.925000000000002,0.6266981132834312,-27.26666666666667,0.19894497050027715,3.3105098605098604,1.675553613053613,1.6349562474562473,8.834344242216645,31.916666666666668,383.0,64.0,16.916666666666668,203.0,40.0,NFC North,10,15.0,180,0.609228650137741,0.7416666666666667,8.980833333333335,4.826698113283432,2.0,1.75,0.975,60.833333333333336,0.9166666666666666,8.0,0.45670383538030596,0.6035833333333334,5.328333333333333,4.398944970500277,0.8333333333333334,0.75,0.8416666666666666,52.0,1.5833333333333333,0.45670383538030596,2.1656557577833553,2024,0.6348753280799262,0.3539154773597676,GNB vs. DET,DET,34,1722.6832797112716,2.0,GNB,31,1661.426912537313,3.0,1,3,-3.0,0,-170.0,142.0,1,0
DET,15.0,13.0,0.8666666666666667,9.933333333333334,149,10.133333333333333,152,12.92666666666667,0.39650554945027433,-19.2,0.2118030352237511,3.3814718614718613,2.015998445998446,1.3654734154734156,10.648304283302535,32.86666666666667,493.0,82.0,19.933333333333334,299.0,56.0,NFC North,1,12.933333333333334,194,0.6076043004614433,0.7362,9.122666666666667,4.596505549450274,2.3333333333333335,1.6,0.8782051282051282,58.8,0.8666666666666667,9.0,0.46613229907347553,0.6112666666666667,6.385999999999999,4.411803035223752,1.0,1.0666666666666667,0.8525641025641026,53.46666666666667,1.4666666666666666,0.46613229907347553,2.3516957166974652,2024-12-30,2024,0.6366170240578041,0.40162059655046406,SFO,15.0,6.0,0.4,9.666666666666666,145,9.733333333333333,146,-9.046666666666665,0.40093853461448903,-12.45333333333333,0.04807198381187693,2.3132178932178933,2.427323232323232,-0.11410533910533911,6.88505902029341,22.066666666666666,331.0,64.0,23.266666666666666,349.0,64.0,NFC West,-2,-1.2,-18,0.5279121671978815,0.644,7.485333333333333,4.600938534614489,1.2,0.9333333333333333,0.8555555555555556,48.53333333333333,1.4666666666666666,-5.0,0.41432789432789435,0.6476000000000001,6.131333333333333,4.248071983811878,1.2,1.3333333333333333,0.8958333333333334,37.46666666666667,1.1333333333333333,0.41432789432789435,-0.8850590202934097,2024,0.4153361943453893,0.38326768159873137,DET vs. SFO,SFO,34,1398.8432462259568,22.0,DET,40,1781.0648496557797,2.0,0,-6,4.0,0,190.0,-230.0,0,0
MIN,16.0,14.0,0.875,10.0625,161,10.875,174,3.8687500000000004,-0.14959139279919095,-19.575,-0.44164135069567745,2.658315295815296,1.748447039072039,0.9098682567432568,10.844290223294282,26.4375,423.0,76.0,18.8125,301.0,54.0,NFC North,9,7.625,122,0.5534902134902135,0.6858125,8.215,4.05040860720081,2.1875,0.5625,0.8166666666666667,50.9375,1.3125,10.0,0.40121284965034965,0.649125,5.688125,3.7583586493043226,1.4375,0.5625,0.7619047619047619,71.0,1.9375,0.40121284965034965,3.1557097767057183,2025-01-05,2024,0.565152928194734,0.35215816377230924,DET,16.0,14.0,0.875,9.8125,157,10.0625,161,14.018750000000002,0.3971027404884201,-17.35,0.19648201218893332,3.48262987012987,2.1261096542346545,1.3565202158952159,11.24342368668851,33.3125,533.0,89.0,20.8125,333.0,61.0,NFC North,2,12.5,200,0.5937640137640138,0.738,9.190625,4.59710274048842,2.375,1.625,0.8869047619047619,58.6875,0.8125,11.0,0.4771776018099548,0.6199375,6.5649999999999995,4.396482012188933,1.125,1.125,0.7916666666666667,52.0,1.5,0.4771776018099548,2.7565763133114896,2024,0.6645443040942367,0.42047793288509355,MIN vs. DET,DET,31,1653.3347054612746,2.0,MIN,9,1708.934797010735,1.0,1,22,-3.0,1,-148.0,124.0,1,0
WAS,1.0,13.0,13.0,9.555555555555555,172,9.555555555555555,172,0.8611111111111103,0.5383460910550693,-6.816666666666669,0.5082493516616243,3.1322738989405656,2.497020726187393,0.6352531727531727,10.648776898083659,28.22222222222222,508.0,93.0,22.833333333333332,411.0,75.0,NFC East,6,5.388888888888889,97,0.421646975669467,0.7037777777777777,7.581666666666667,4.738346091055069,1.7222222222222223,1.3888888888888888,0.8166666666666667,55.5,0.8888888888888888,2.0,0.4565052231718898,0.6345,6.972777777777777,4.708249351661625,1.5,1.0,0.8435897435897436,50.77777777777778,1.0,0.4565052231718898,2.351223101916341,2025-01-18,2024,1.8119985376640682,1.0252426316495673,DET,17.0,15.0,0.8823529411764706,9.882352941176471,168,10.058823529411764,171,11.947058823529414,0.46444584304033465,-19.08823529411765,0.3093824511004202,3.443544690603514,2.0539855569267336,1.3895591336767807,12.192787586958483,33.1764705882353,564.0,94.0,20.11764705882353,342.0,64.0,NFC North,3,13.058823529411764,222,0.6113412629037629,0.7427058823529411,8.91,4.664445843040334,2.2941176470588234,1.7058823529411764,0.8944444444444444,58.11764705882353,0.8823529411764706,9.0,0.4736181350368202,0.6092941176470589,6.382352941176471,4.509382451100421,1.0588235294117647,1.0588235294117647,0.788888888888889,50.705882352941174,1.411764705882353,0.4736181350368202,2.8072124130415173,2024,0.6519180556113104,0.4140562760353137,WAS vs. DET,DET,31,1842.7463444164648,1.0,WAS,45,1717.7667322458135,4.0,0,-14,-8.5,0,-520.0,390.0,0,1
IND,1.0,0.0,0.0,9.0,9,8.0,8,-1.5999999999999943,0.5272727272727282,12.0,1.125,3.0,3.625,-0.625,0.45776147289278035,27.0,27.0,4.0,29.0,29.0,6.0,AFC South,-1,-2.0,-2,0.5,0.474,10.21,4.727272727272728,2.0,2.0,,20.0,1.0,-1.0,0.5,0.75,7.63,5.325,2.0,1.0,1.0,30.0,0.0,0.5,-0.45776147289278035,2024-09-15,2024,0.24099490093654205,-0.34332110466958526,GNB,1.0,0.0,0.0,10.0,10,11.0,11,-20.400000000000006,3.5619047619047617,-21.200000000000003,-0.41052631578947407,2.9,3.090909090909091,-0.19090909090909092,0.4068546876349556,29.0,29.0,6.0,34.0,34.0,6.0,NFC North,-1,-5.0,-5,0.5,0.486,7.03,7.761904761904762,2.0,1.0,0.75,71.0,1.0,2.0,0.2727272727272727,0.588,6.35,3.789473684210526,2.0,2.0,1.0,57.0,3.0,0.2727272727272727,-0.4068546876349556,2024,0.35588718741902664,-0.2219207387099758,IND vs. GNB,GNB,16,1450.0,17.0,IND,10,1450.0,17.0,1,6,3.0,1,120.0,-142.0,0,0
GNB,2.0,1.0,0.5,9.5,19,10.5,21,3.1999999999999957,2.143216531895777,-40.05,1.5836257309941517,2.3388888888888886,2.0454545454545454,0.2934343434343434,1.1597117648617756,22.5,45.0,10.0,22.0,44.0,8.0,NFC North,1,0.5,1,0.0,0.6715,8.585,6.343216531895777,1.5,0.5,0.75,60.5,1.0,4.0,0.4304812834224599,0.544,4.395,5.783625730994152,1.5,1.0,0.75,38.5,3.0,0.4304812834224599,-0.15971176486177563,2024-09-22,2024,0.48428637766795374,0.16005490193109034,TEN,2.0,0.0,0.0,12.0,24,10.0,20,-34.75,0.813736263736264,-24.050000000000004,-0.18674242424242493,1.4265734265734267,2.4,-0.9734265734265733,0.6126861106175431,17.0,34.0,6.0,24.0,48.0,7.0,AFC South,-2,-7.0,-14,0.0,0.6365000000000001,3.12,5.013736263736265,1.0,1.0,1.0,47.5,2.5,-4.0,0.31547619047619047,0.5415,4.505,4.013257575757575,1.0,0.5,1.0,62.5,0.5,0.31547619047619047,-0.6126861106175431,2024,0.1734142361728071,0.06777993064192994,GNB vs. TEN,TEN,14,1400.0,24.0,GNB,30,1500.0,10.0,0,-16,-3.0,0,-162.0,136.0,0,0
MIN,3.0,3.0,1.0,9.666666666666666,29,10.666666666666666,32,11.633333333333335,0.6556166056166054,-30.333333333333332,-0.7606349206349207,2.9370370370370367,0.9666666666666667,1.9703703703703705,2.6234285867908196,28.333333333333332,85.0,14.0,10.0,30.0,6.0,NFC North,3,18.333333333333332,55,1.0,0.6843333333333333,8.763333333333334,4.855616605616606,2.6666666666666665,0.3333333333333333,1.0,48.666666666666664,1.3333333333333333,2.0,0.4482905982905983,0.646,4.516666666666667,3.43936507936508,0.6666666666666666,0.3333333333333333,0.6666666666666666,71.0,2.0,0.4482905982905983,0.3765714132091804,2024-09-29,2024,0.5433563193669946,0.14853571332557378,GNB,3.0,2.0,0.6666666666666666,9.666666666666666,29,10.333333333333334,31,8.233333333333329,1.7225047149575448,-31.399999999999995,0.6557504873294344,2.559259259259259,1.83030303030303,0.7289562289562289,2.018622463419975,25.0,75.0,15.0,19.333333333333332,58.0,10.0,NFC North,2,5.666666666666667,17,0.0,0.6756666666666667,9.406666666666668,5.922504714957545,1.3333333333333333,0.6666666666666666,0.8333333333333334,65.33333333333333,0.6666666666666666,7.0,0.40603514132925894,0.6176666666666667,4.44,4.855750487329434,1.6666666666666667,0.6666666666666666,0.75,30.666666666666668,3.0,0.40603514132925894,-0.018622463419974977,2024,0.5140306097551768,0.2130513480193575,MIN vs. GNB,GNB,29,1535.9935000197115,6.0,MIN,31,1650.0,1.0,0,-2,-2.5,0,-135.0,114.0,1,0
GNB,4.0,2.0,0.5,11.0,44,11.25,45,1.7499999999999964,1.3734574835865796,-18.5,0.32416580667354633,2.4027777777777777,1.9262987012987014,0.47647907647907645,2.479189883595202,26.0,104.0,19.0,22.25,89.0,15.0,NFC North,-1,3.75,15,0.3333333333333333,0.655,8.555,5.57345748358658,2.0,0.5,0.625,66.0,1.5,6.0,0.3878596893302776,0.64175,5.7325,4.524165806673547,2.0,0.75,0.8333333333333334,36.75,3.0,0.3878596893302776,-0.4791898835952022,2024-10-06,2024,0.3800874557482452,0.2100675097003998,LAR,4.0,1.0,0.25,8.75,35,8.75,35,-13.299999999999997,-0.5487876254180605,19.650000000000002,0.7352619273515857,2.1770833333333335,3.3479166666666664,-1.1708333333333334,1.2886573513496316,18.75,75.0,16.0,28.75,115.0,19.0,NFC West,-1,-10.0,-40,0.27777777777777773,0.6757500000000001,6.657500000000001,3.65121237458194,0.5,1.25,0.95,44.75,1.0,-1.0,0.36742424242424243,0.7312500000000001,9.91,4.935261927351586,2.0,1.25,0.875,75.75,0.75,0.36742424242424243,-0.28865735134963155,2024,0.4241534455600421,0.36796793088826424,GNB vs. LAR,LAR,19,1409.9838184071837,23.0,GNB,24,1501.8357936304756,10.0,0,-5,3.0,0,130.0,-155.0,0,0
HOU,6.0,5.0,0.8333333333333334,11.166666666666666,67,11.0,66,-4.216666666666669,0.05787962037962021,-18.766666666666666,0.3438589188589187,2.1688714063714065,2.1275641025641026,0.04130730380730371,3.294576002004499,23.833333333333332,143.0,28.0,22.5,135.0,24.0,AFC South,3,1.3333333333333333,8,0.5900000000000001,0.677,7.058333333333334,4.2578796203796205,1.6666666666666667,0.8333333333333334,0.7777777777777778,71.5,1.1666666666666667,0.0,0.4122544122544123,0.5256666666666666,6.005,4.543858918858919,2.0,0.6666666666666666,1.0,38.166666666666664,1.1666666666666667,0.4122544122544123,1.705423997995501,2024-10-20,2024,0.5366961988653582,0.40638933321184856,GNB,6.0,4.0,0.6666666666666666,10.5,63,10.666666666666666,64,3.0999999999999965,1.0007260416892987,-16.75,0.2586571216332958,2.6314814814814813,1.8527176527176528,0.7787638287638288,4.021260317017837,27.0,162.0,29.0,20.166666666666668,121.0,20.0,NFC North,2,6.833333333333333,41,0.32999999999999996,0.6475,8.493333333333334,5.200726041689299,2.3333333333333335,0.5,0.6944444444444445,57.166666666666664,1.3333333333333333,9.0,0.37662868177574066,0.6498333333333334,5.821666666666666,4.458657121633296,1.6666666666666667,0.6666666666666666,0.875,46.166666666666664,2.8333333333333335,0.37662868177574066,-0.021260317017836705,2024,0.4586863777949278,0.25930935848865433,HOU vs. GNB,GNB,24,1579.556360767455,3.0,HOU,22,1640.389076506501,1.0,1,2,-3.0,0,-170.0,142.0,0,0
GNB,7.0,5.0,0.7142857142857143,10.714285714285714,75,10.714285714285714,75,1.5714285714285694,0.843479464305113,-20.885714285714283,0.23642471897572534,2.541269841269841,1.8737579880437025,0.6675118532261389,4.572632634268854,26.571428571428573,186.0,33.0,20.428571428571427,143.0,25.0,NFC North,3,6.142857142857143,43,0.4138888888888889,0.6588571428571429,7.994285714285715,5.043479464305113,2.4285714285714284,0.42857142857142855,0.7380952380952381,56.857142857142854,1.5714285714285714,6.0,0.3799674415220634,0.625,5.364285714285714,4.436424718975725,1.4285714285714286,0.8571428571428571,0.9,47.42857142857143,2.4285714285714284,0.3799674415220634,0.4273673657311461,2024-10-27,2024,0.46686309156024347,0.30606511265386405,JAX,7.0,2.0,0.2857142857142857,9.428571428571429,66,9.714285714285714,68,-8.671428571428569,0.9755243234417514,11.185714285714283,-0.1476329417708729,2.2621624407338694,2.8860028860028857,-0.6238404452690167,2.6627261832062477,20.714285714285715,145.0,26.0,27.714285714285715,194.0,34.0,AFC South,1,-7.0,-49,0.4888888888888889,0.627,7.108571428571429,5.175524323441751,1.2857142857142858,0.8571428571428571,0.9523809523809523,43.42857142857143,1.0,-4.0,0.34102564102564104,0.71,8.665714285714285,4.052367058229128,2.2857142857142856,1.0,0.8095238095238094,60.285714285714285,0.42857142857142855,0.34102564102564104,-0.6627261832062477,2024,0.3566431152308172,0.3812338440566966,GNB vs. JAX,JAX,27,1430.31610082244,22.0,GNB,30,1638.222514123839,4.0,0,-3,3.5,1,160.0,-192.0,0,0
SFO,10.0,5.0,0.5,9.6,96,9.8,98,-4.869999999999999,0.6928680702395871,-20.919999999999998,-0.06004741275336256,2.6176046176046173,2.3199747474747476,0.2976298701298702,5.486554468955793,25.0,250.0,49.0,22.2,222.0,40.0,NFC West,-1,2.8,28,0.5080246913580246,0.6592,7.954000000000001,4.8928680702395875,1.3,1.0,0.9,49.5,1.3,3.0,0.44803030303030306,0.6381,5.436,4.139952587246638,1.1,1.3,0.96875,37.2,1.6,0.44803030303030306,-0.48655446895579324,2024-11-24,2024,0.485582115647048,0.3474875726956819,GNB,10.0,7.0,0.7,10.1,101,10.1,101,-1.2900000000000005,0.790333060911015,-14.25,0.21512006543134526,2.5372222222222223,2.1509163059163057,0.3863059163059163,5.883079712861088,25.0,250.0,45.0,21.3,213.0,37.0,NFC North,1,3.7,37,0.4522927689594356,0.6634,8.404,4.990333060911015,1.9,0.8,0.7592592592592592,51.0,1.4,5.0,0.33824993633817163,0.6591,6.072,4.415120065431346,1.3,1.0,0.8958333333333334,49.2,1.9,0.33824993633817163,1.1169202871389121,2024,0.49530832962500104,0.37061985210310866,SFO vs. GNB,GNB,38,1641.7467333357142,7.0,SFO,10,1492.7684303352137,14.0,1,28,-6.5,1,-290.0,235.0,0,0
MIA,11.0,5.0,0.45454545454545453,9.818181818181818,108,9.909090909090908,109,-8.872727272727273,-0.23690159479362916,-17.818181818181817,0.2496953030133807,2.2630066902794175,2.3149237126509856,-0.05191702237156776,5.055365926170898,19.545454545454547,215.0,43.0,21.454545454545453,236.0,45.0,AFC East,3,-1.9090909090909092,-21,0.4923520923520924,0.6844545454545454,6.402727272727273,3.963098405206371,1.2727272727272727,0.7272727272727273,0.856060606060606,51.54545454545455,1.0909090909090908,-1.0,0.4084869675778766,0.6248181818181818,5.918181818181818,4.449695303013381,1.0,0.9090909090909091,0.7575757575757577,56.72727272727273,1.0,0.4084869675778766,-0.055365926170898305,2024-11-28,2024,0.3961441626049254,0.37323480677423654,GNB,11.0,8.0,0.7272727272727273,10.181818181818182,112,10.090909090909092,111,-0.5909090909090909,0.7024672848108794,-15.1,0.06374551402849567,2.6206152433425163,2.0462875508330054,0.5743276925095107,6.842534696586069,26.181818181818183,288.0,51.0,20.272727272727273,223.0,39.0,NFC North,2,5.909090909090909,65,0.45706349206349206,0.6544545454545454,8.414545454545454,4.9024672848108795,1.9090909090909092,1.0,0.7833333333333333,50.0,1.2727272727272727,8.0,0.34945798408365253,0.6524545454545454,6.059090909090909,4.263745514028496,1.2727272727272727,0.9090909090909091,0.9074074074074073,51.72727272727273,2.0,0.34945798408365253,1.1574653034139306,2024,0.5032716968134013,0.3563809556373,MIA vs. GNB,GNB,30,1671.531085086365,5.0,MIA,17,1493.648210823908,14.0,1,13,-3.5,1,-175.0,145.0,0,0
GNB,13.0,9.0,0.6923076923076923,10.076923076923077,131,10.0,130,2.53076923076923,0.6163184717630517,-11.169230769230769,-0.12679839827840933,2.7131701631701635,2.1383116883116884,0.574858474858475,8.081515985577102,26.846153846153847,349.0,62.0,21.076923076923077,274.0,48.0,NFC North,-1,5.769230769230769,75,0.4951539201539201,0.6576153846153846,8.824615384615385,4.8163184717630525,1.8461538461538463,1.1538461538461537,0.8194444444444445,50.23076923076923,1.1538461538461537,9.0,0.3460448676512025,0.6739230769230768,6.309230769230769,4.073201601721591,1.4615384615384615,0.8461538461538461,0.9242424242424242,53.84615384615385,1.8461538461538463,0.3460448676512025,0.9184840144228978,2024-12-15,2024,0.5067210856689487,0.3669155223031356,SEA,13.0,8.0,0.6153846153846154,10.461538461538462,136,10.538461538461538,137,-10.97692307692308,0.04374721925120427,-10.946153846153845,0.35849509813384484,2.2477300477300477,2.144155844155844,0.10357420357420352,7.293847880787726,23.23076923076923,302.0,50.0,21.76923076923077,283.0,48.0,NFC West,4,1.4615384615384615,19,0.5462061087061086,0.7018461538461539,6.436923076923078,4.243747219251205,1.0769230769230769,1.2307692307692308,0.8472222222222222,58.0,1.4615384615384615,-4.0,0.36861631957785806,0.6678461538461539,6.584615384615384,4.558495098133845,1.4615384615384615,0.7692307692307693,0.7575757575757577,63.69230769230769,1.1538461538461537,0.36861631957785806,0.7061521192122742,2024,0.3876174241858675,0.34244542488612534,GNB vs. SEA,SEA,13,1623.731873563276,8.0,GNB,30,1664.1634691097763,7.0,0,-17,3.0,0,136.0,-162.0,0,0
NOR,14.0,5.0,0.35714285714285715,10.357142857142858,145,10.285714285714286,144,-8.87142857142857,0.20044147848301597,-18.085714285714285,0.6283064506796835,2.1624320124320127,2.2380377558948985,-0.07560574346288622,6.487157406709501,22.071428571428573,309.0,56.0,22.285714285714285,312.0,55.0,NFC South,-1,-0.21428571428571427,-3,0.5141399199091506,0.6361428571428572,7.145714285714285,4.400441478483016,1.3571428571428572,1.0714285714285714,0.8611111111111112,57.214285714285715,1.0714285714285714,1.0,0.38911529646823767,0.625,6.295714285714285,4.828306450679683,1.0,1.1428571428571428,0.708974358974359,56.357142857142854,1.1428571428571428,0.38911529646823767,-1.4871574067095006,2024-12-23,2024,0.3451818646424965,0.31409044773361977,GNB,14.0,10.0,0.7142857142857143,10.214285714285714,143,10.071428571428571,141,4.049999999999999,0.5664133708388001,-14.407142857142857,-0.06059851268709439,2.697943722943723,2.069990723562152,0.6279529993815709,8.960400375232856,27.071428571428573,379.0,68.0,20.5,287.0,51.0,NFC North,1,6.571428571428571,92,0.5044024351716659,0.6635714285714285,8.905714285714286,4.7664133708388,1.8571428571428572,1.1428571428571428,0.8333333333333334,48.57142857142857,1.1428571428571428,10.0,0.3510892818665928,0.6690714285714285,5.940714285714286,4.139401487312906,1.3571428571428572,0.8571428571428571,0.9305555555555555,57.714285714285715,1.8571428571428572,0.3510892818665928,1.0395996247671437,2024,0.5108355516903925,0.36272521826906,NOR vs. GNB,GNB,34,1708.3710189523863,6.0,NOR,0,1375.3828520268255,23.0,1,34,-14.0,1,-950.0,625.0,0,0
GNB,15.0,11.0,0.7333333333333333,10.066666666666666,151,9.933333333333334,149,3.1399999999999997,0.570020000817068,-16.926666666666666,-0.11322527850795477,2.8014141414141416,1.931991341991342,0.8694227994227994,9.960165794101034,27.533333333333335,413.0,74.0,19.133333333333333,287.0,51.0,NFC North,2,8.4,126,0.49388389388389387,0.6571333333333332,8.836666666666668,4.770020000817069,1.8,1.2666666666666666,0.8452380952380952,49.333333333333336,1.0666666666666667,12.0,0.358452560511384,0.6577999999999999,5.731333333333334,4.086774721492046,1.2666666666666666,0.8,0.9305555555555555,56.53333333333333,1.8666666666666667,0.358452560511384,1.0398342058989662,2024-12-29,2024,0.5240387334377588,0.34319084765138586,MIN,15.0,13.0,0.8666666666666667,10.066666666666666,151,10.933333333333334,164,3.0866666666666673,-0.05648722924221392,-20.16,-0.4799729962976115,2.6555363155363154,1.6983435083435083,0.9571928071928072,10.298816807483872,26.4,396.0,71.0,18.4,276.0,50.0,NFC North,8,8.0,120,0.540644276358562,0.6804,8.162666666666667,4.143512770757786,2.1333333333333333,0.6,0.8392857142857143,51.2,1.3333333333333333,10.0,0.3946270396270396,0.6502,5.652,3.720027003702389,1.4666666666666666,0.4666666666666667,0.7435897435897435,72.33333333333333,2.0,0.3946270396270396,2.701183192516128,2024,0.5548715261230222,0.3394549429373197,GNB vs. MIN,MIN,27,1650.0,1.0,GNB,25,1535.9935000197115,6.0,1,2,1.0,1,-108.0,-112.0,1,0
GNB,17.0,11.0,0.6470588235294118,10.117647058823529,172,10.0,170,1.5117647058823531,0.5899463465319942,-15.358823529411765,-0.25013090185091036,2.736541889483066,1.9918640183346066,0.7446778711484594,10.863320061039605,27.058823529411764,460.0,83.0,19.88235294117647,338.0,59.0,NFC North,-2,7.176470588235294,122,0.5019400738150738,0.6570588235294118,8.596470588235295,4.789946346531995,1.6470588235294117,1.3529411764705883,0.8645833333333334,49.1764705882353,1.1176470588235294,12.0,0.3675421752411372,0.6667058823529411,5.814117647058824,3.94986909814909,1.3529411764705883,0.7647058823529411,0.9047619047619048,55.294117647058826,1.8235294117647058,0.3675421752411372,0.13667993896039476,2025-01-12,2024,0.48643790524408786,0.3294339503109561,PHI,17.0,14.0,0.8235294117647058,9.823529411764707,167,9.823529411764707,167,2.0352941176470596,0.6965458046674639,-20.58823529411765,0.06606330361759297,2.822271029623971,1.8601157012921719,0.9621553283317991,11.78317935250973,27.235294117647058,463.0,81.0,17.823529411764707,303.0,56.0,NFC East,2,9.411764705882353,160,0.46478079212454215,0.6757647058823529,7.831764705882354,4.896545804667464,1.411764705882353,1.7058823529411764,0.7422222222222222,46.64705882352941,0.8823529411764706,11.0,0.41415631657846186,0.6221176470588236,5.028823529411764,4.266063303617592,1.2941176470588236,0.5294117647058824,0.7666666666666667,40.8235294117647,1.5294117647058822,0.41415631657846186,2.2168206474902696,2024,0.548278433408493,0.3593314393305583,GNB vs. PHI,PHI,34,1500.0,1.0,GNB,29,1500.0,1.0,1,5,-2.0,1,-130.0,110.0,0,0
HOU,2.0,2.0,1.0,10.0,20,10.5,21,1.8999999999999986,0.1670454545454545,-27.549999999999997,-0.22272727272727244,2.6041666666666665,2.0416666666666665,0.5625,1.2530627413444502,24.0,48.0,11.0,20.0,40.0,7.0,AFC South,2,4.0,8,1.0,0.6945,7.355,4.367045454545455,1.5,0.5,1.0,72.5,0.5,2.0,0.39285714285714285,0.548,5.7,3.9772727272727275,1.0,1.5,1.0,40.0,1.5,0.39285714285714285,0.7469372586555498,2024-09-22,2024,0.7554077461302763,0.29115620977592493,MIN,2.0,2.0,1.0,9.5,19,11.0,22,9.700000000000003,0.9762820512820509,-29.599999999999998,-0.39809523809523806,2.7055555555555557,1.1,1.6055555555555556,1.6465034225242983,25.5,51.0,8.0,11.5,23.0,5.0,NFC North,2,14.0,28,1.0,0.7230000000000001,8.93,5.176282051282051,2.0,0.5,1.0,58.0,2.0,0.0,0.44166666666666665,0.651,4.64,3.801904761904762,0.5,0.5,1.0,62.5,2.0,0.44166666666666665,0.35349657747570173,2024,0.4954729636790951,0.15380642925860247,HOU vs. MIN,MIN,34,1600.0,1.0,HOU,7,1600.0,1.0,1,27,2.0,1,114.0,-135.0,0,0
JAX,3.0,0.0,0.0,9.333333333333334,28,9.666666666666666,29,-25.966666666666665,1.260820225526108,5.933333333333333,-0.280919540229885,1.4675324675324675,3.013468013468014,-1.545935545935546,0.7459878930660612,13.333333333333334,40.0,8.0,28.333333333333332,85.0,16.0,AFC South,-3,-15.0,-45,0.5,0.5343333333333333,5.583333333333333,5.460820225526109,0.6666666666666666,0.6666666666666666,0.8888888888888888,56.0,1.0,-3.0,0.22905982905982905,0.681,8.459999999999999,3.919080459770115,1.6666666666666667,1.3333333333333333,0.8888888888888888,83.33333333333333,0.0,0.22905982905982905,-0.7459878930660612,2024-09-29,2024,0.21466781970799417,0.23062291621773587,HOU,3.0,2.0,0.6666666666666666,10.0,30,10.333333333333334,31,-9.333333333333334,-0.3838744588744589,-13.199999999999998,-0.14372294372294356,1.9694444444444443,2.4944444444444445,-0.525,1.2761375770779289,18.333333333333332,55.0,12.0,24.666666666666668,74.0,13.0,AFC South,-1,-6.333333333333333,-19,1.0,0.6749999999999999,6.326666666666667,3.8161255411255417,1.3333333333333333,0.3333333333333333,0.6666666666666666,77.66666666666667,1.0,0.0,0.35714285714285715,0.5676666666666667,6.609999999999999,4.0562770562770565,2.0,1.0,1.0,36.666666666666664,1.0,0.35714285714285715,0.7238624229220711,2024,0.49651498972294283,0.38075496234394546,JAX vs. HOU,HOU,24,1550.0,6.0,JAX,20,1375.9746926647958,30.0,1,4,-5.5,0,-238.0,195.0,1,0
HOU,5.0,4.0,0.8,10.8,54,10.6,53,-4.120000000000002,-0.46197302697302706,-19.32,0.6218614718614718,1.971876456876457,2.23,-0.25812354312354324,2.4645731296589517,20.4,102.0,21.0,22.8,114.0,21.0,AFC South,2,-2.4,-12,0.6875,0.6874,7.275999999999999,3.7380269730269733,1.4,0.6,0.8,78.2,1.2,-3.0,0.421978021978022,0.5096,6.122,4.821861471861472,1.8,0.8,1.0,35.8,0.6,0.421978021978022,1.5354268703410483,2024-10-13,2024,0.5083109788043038,0.4386564689704227,NWE,5.0,1.0,0.2,9.8,49,9.8,49,-29.439999999999998,0.9373796671165092,-9.28,-0.16826545298945828,1.2215728715728715,2.113131313131313,-0.8915584415584416,1.5757871621322042,12.4,62.0,14.0,20.4,102.0,20.0,AFC East,-4,-8.0,-40,0.5208333333333334,0.5838,4.151999999999999,5.13737966711651,0.4,0.6,0.8333333333333333,55.4,0.8,2.0,0.3154020979020979,0.6764,7.101999999999999,4.031734547010542,0.8,1.0,0.85,52.6,1.2,0.3154020979020979,-0.5757871621322042,2024,0.25281216216387403,0.2795275786014527,HOU vs. NWE,NWE,21,1348.275315767206,23.0,HOU,41,1623.3591813266785,3.0,0,-20,6.5,0,215.0,-265.0,0,0
IND,7.0,4.0,0.5714285714285714,10.428571428571429,73,10.285714285714286,72,-22.74285714285714,0.5432981566910139,-1.8571428571428552,0.3655345074863415,2.1476190476190475,2.1206709956709955,0.026948051948051974,3.7280505394144345,22.142857142857142,155.0,28.0,21.285714285714285,149.0,29.0,AFC South,2,0.8571428571428571,6,0.35833333333333334,0.5512857142857143,6.295714285714285,4.743298156691013,1.4285714285714286,1.1428571428571428,0.8333333333333333,36.42857142857143,1.2857142857142858,2.0,0.3971306471306471,0.6975714285714286,7.417142857142857,4.565534507486341,1.4285714285714286,0.8571428571428571,0.8214285714285714,49.42857142857143,1.5714285714285714,0.3971306471306471,0.27194946058556546,2024-10-27,2024,0.3984629841416748,0.3608859808670266,HOU,7.0,5.0,0.7142857142857143,11.142857142857142,78,11.142857142857142,78,-10.142857142857144,0.06432971790114626,-17.17142857142857,0.2804505018790731,2.1447469197469196,2.1093406593406594,0.03540626040626032,3.7432036847534813,23.571428571428573,165.0,33.0,22.714285714285715,159.0,28.0,AFC South,-1,0.8571428571428571,6,0.6027777777777777,0.6482857142857144,6.424285714285714,4.264329717901147,1.4285714285714286,1.0,0.8095238095238095,69.14285714285714,1.0,3.0,0.3973169687455402,0.5544285714285714,5.861428571428571,4.480450501879074,2.142857142857143,0.5714285714285714,1.0,40.57142857142857,1.4285714285714286,0.3973169687455402,1.2567963152465187,2024,0.49903713993248194,0.37214340078187275,IND vs. HOU,HOU,23,1500.0,1.0,IND,20,1500.0,1.0,1,3,-5.0,0,-225.0,185.0,1,0
HOU,8.0,6.0,0.75,11.25,90,11.25,90,-9.187500000000002,-0.05491839338822119,-22.0625,0.5040480352980351,2.1162368881118883,2.0540064102564104,0.06223047785547778,4.325263721189844,23.5,188.0,38.0,22.375,179.0,32.0,AFC South,1,1.125,9,0.5982993197278912,0.65175,6.59125,4.145081606611779,1.375,1.0,0.8333333333333334,64.25,1.0,4.0,0.3861138861138861,0.52425,5.5775,4.704048035298035,2.0,0.625,1.0,42.625,1.5,0.3861138861138861,1.6747362788101556,2024-10-31,2024,0.510611081381647,0.38554383461378466,NYJ,8.0,2.0,0.25,10.125,81,9.75,78,-11.95,-0.3833092798696347,-17.487499999999997,0.005561542541593467,1.9597222222222221,2.183779761904762,-0.2240575396825396,3.625837385460019,18.75,150.0,27.0,21.25,170.0,33.0,AFC East,-5,-2.5,-20,0.463265306122449,0.626625,6.38125,3.8166907201303655,1.625,0.625,0.6071428571428571,70.875,1.125,-3.0,0.40575980392156863,0.6012500000000001,5.895,4.205561542541593,0.75,1.25,0.875,61.125,0.75,0.40575980392156863,-1.6258373854600192,2024,0.26559010893916585,0.2842105228843259,HOU vs. NYJ,NYJ,21,1325.101127274962,24.0,HOU,13,1627.044415045056,3.0,1,8,-2.5,1,-148.0,124.0,0,0
TEN,10.0,2.0,0.2,10.9,109,10.3,103,-23.82,0.07421992481202996,-5.120000000000003,-0.026579704079704402,1.5728574203574204,2.553560606060606,-0.9807031857031857,3.209129258627635,17.0,170.0,32.0,26.3,263.0,44.0,AFC South,-2,-9.3,-93,0.48734567901234566,0.6343,4.849,4.27421992481203,1.2,0.6,0.9375,63.0,1.8,-11.0,0.33131493506493503,0.6517000000000001,6.828,4.173420295920296,1.5,1.1,0.95,53.0,0.7,0.33131493506493503,-1.2091292586276352,2024-11-24,2024,0.2580806089210236,0.3328138957479456,HOU,11.0,7.0,0.6363636363636364,11.181818181818182,123,11.272727272727273,124,-17.063636363636366,-0.018627518423756883,-20.654545454545453,0.2755540545313271,2.1122254008617642,1.9574198528743985,0.15480554798736607,5.943939607750078,23.454545454545453,258.0,51.0,21.454545454545453,236.0,42.0,AFC South,1,2.0,22,0.5646428571428571,0.620090909090909,6.073636363636364,4.181372481576243,1.0909090909090908,1.1818181818181819,0.8106060606060606,61.18181818181818,1.0909090909090908,8.0,0.3795623271559101,0.5428181818181819,5.427272727272728,4.475554054531328,2.0,0.5454545454545454,0.9375,50.09090909090909,1.8181818181818181,0.3795623271559101,1.0560603922499219,2024,0.4544413008165159,0.340435877180716,TEN vs. HOU,HOU,27,1553.2886602530652,9.0,TEN,32,1349.4139593427158,25.0,0,-5,-8.0,0,-375.0,295.0,1,0
HOU,12.0,7.0,0.5833333333333334,11.25,135,11.5,138,-17.700000000000003,-0.17099679384922814,-17.966666666666665,0.23592454998704981,2.1237066174566173,1.9847777222777223,0.1389288951788951,6.344612849929007,23.75,285.0,55.0,22.333333333333332,268.0,48.0,AFC South,-1,1.4166666666666667,17,0.5314935064935065,0.6189166666666667,5.996666666666666,4.029003206150772,1.1666666666666667,1.0833333333333333,0.7986111111111112,62.833333333333336,1.1666666666666667,9.0,0.36716290245702016,0.5575833333333333,5.748333333333334,4.4359245499870505,2.0,0.5833333333333334,0.9444444444444444,48.833333333333336,1.9166666666666667,0.36716290245702016,0.6553871500709931,2024-12-01,2024,0.42965820571228674,0.33783730869770995,JAX,11.0,2.0,0.18181818181818182,9.727272727272727,107,9.909090909090908,109,-20.854545454545452,0.2583091957772264,9.654545454545456,0.015099070240453004,1.965499147317329,2.9880624426078968,-1.0225632952905679,3.7100795789203835,18.90909090909091,208.0,36.0,28.727272727272727,316.0,57.0,AFC South,-4,-9.818181818181818,-108,0.6000793650793651,0.6166363636363636,5.800909090909091,4.458309195777226,1.0,0.9090909090909091,0.9629629629629629,40.45454545454545,1.4545454545454546,-8.0,0.31389418662145935,0.7124545454545455,8.918181818181818,4.215099070240453,2.090909090909091,1.2727272727272727,0.8333333333333333,54.09090909090909,0.7272727272727273,0.31389418662145935,-1.7100795789203835,2024,0.2841437002199373,0.3940996363649192,HOU vs. JAX,JAX,20,1375.9746926647958,30.0,HOU,23,1550.0,6.0,0,-3,3.5,1,160.0,-192.0,1,0
MIA,13.0,6.0,0.46153846153846156,9.76923076923077,127,9.76923076923077,127,-6.300000000000001,-0.4541856756408788,-12.646153846153847,0.21992532965601075,2.3063048063048064,2.439550833781603,-0.13324602747679665,5.8824732593713325,20.307692307692307,264.0,53.0,22.46153846153846,292.0,57.0,AFC East,1,-2.1538461538461537,-28,0.49173280423280424,0.6950000000000001,6.653076923076923,3.745814324359121,1.3846153846153846,0.6923076923076923,0.8782051282051282,53.15384615384615,1.0,-2.0,0.3761678492447723,0.6396153846153846,6.538461538461538,4.419925329656011,1.0769230769230769,0.9230769230769231,0.7948717948717949,57.76923076923077,0.8461538461538461,0.3761678492447723,0.11752674062866753,2024-12-15,2024,0.4210956494568863,0.4183519226019588,HOU,13.0,8.0,0.6153846153846154,11.076923076923077,144,11.384615384615385,148,-16.915384615384617,-0.1486124250915952,-17.892307692307693,0.19316112306496905,2.1569257665411508,1.9859486667178976,0.17097709982325357,6.92667288636537,23.692307692307693,308.0,60.0,22.153846153846153,288.0,52.0,AFC South,1,1.5384615384615385,20,0.5023538961038961,0.6210769230769231,6.073846153846153,4.0513875749084045,1.1538461538461537,1.0769230769230769,0.8141025641025641,59.15384615384615,1.0769230769230769,10.0,0.3685054010845866,0.5586153846153846,5.802307692307693,4.393161123064969,2.0,0.5384615384615384,0.9166666666666666,47.38461538461539,1.8461538461538463,0.3685054010845866,1.0733271136346296,2024,0.4510681767190587,0.35333316523336833,MIA vs. HOU,HOU,20,1509.896819812775,9.0,MIA,12,1497.1031305180938,12.0,1,8,-2.5,1,-155.0,130.0,0,0
HOU,14.0,9.0,0.6428571428571429,11.0,154,11.285714285714286,158,-15.557142857142859,-0.16299725187076697,-19.650000000000002,0.0748526217934111,2.145716783216783,1.9298094762380475,0.21590730697873545,7.697088015294811,23.428571428571427,328.0,64.0,21.428571428571427,300.0,55.0,AFC South,2,2.0,28,0.49921424729117037,0.6261428571428571,6.035714285714286,4.037002748129233,1.2142857142857142,1.0,0.8273809523809524,59.92857142857143,1.0714285714285714,13.0,0.36965611419392935,0.5705,5.49,4.2748526217934115,1.9285714285714286,0.5,0.9242424242424242,48.57142857142857,2.0,0.36965611419392935,1.3029119847051893,2024-12-21,2024,0.45426083813596113,0.3556329833448397,KAN,14.0,13.0,0.9285714285714286,9.571428571428571,134,9.571428571428571,134,-11.935714285714285,-0.18889531379226415,-11.614285714285716,-0.30482442910225443,2.5204004329004333,2.016955266955267,0.503445165945166,9.001845723394114,23.5,329.0,63.0,18.5,259.0,49.0,AFC West,4,5.0,70,0.43747619901466056,0.6702857142857143,6.015714285714286,4.011104686207736,1.5714285714285714,0.8571428571428571,0.8416666666666667,50.285714285714285,1.0,2.0,0.49212781266352695,0.655,6.302142857142857,3.8951755708977456,1.2857142857142858,0.7857142857142857,0.7847222222222222,52.714285714285715,1.1428571428571428,0.49212781266352695,3.998154276605886,2024,0.6044156286919887,0.44398164155313885,HOU vs. KAN,KAN,27,1766.1453244637387,1.0,HOU,19,1558.0564916430685,8.0,1,8,-3.5,1,-180.0,150.0,0,0
HOU,16.0,9.0,0.5625,10.6875,171,10.9375,175,-18.168750000000003,-0.1455637718575093,-15.18125,0.1821073397502978,2.039828574203574,2.1147985694860694,-0.07496999528249537,8.001646126605788,21.8125,349.0,68.0,22.375,358.0,65.0,AFC South,-2,-0.5625,-9,0.539001554001554,0.6199375,5.77625,4.054436228142491,1.1875,0.875,0.8388888888888889,58.3125,1.125,10.0,0.373769612740201,0.5823125,6.029375,4.382107339750298,1.875,0.6875,0.9358974358974359,45.625,1.75,0.373769612740201,0.9983538733942119,2025-01-05,2024,0.4224737073796807,0.3713903577752228,TEN,16.0,3.0,0.1875,10.8125,173,10.125,162,-21.925,-0.0830705889505233,-5.281250000000003,-0.010448013664925676,1.6919441669441668,2.684963474025974,-0.9930193070818071,5.120299269306573,18.5625,297.0,55.0,27.3125,437.0,71.0,AFC South,-5,-8.75,-140,0.4523774373774374,0.6371875,5.145,4.116929411049477,1.3125,0.6875,0.8846153846153846,60.125,2.0625,-16.0,0.38094223484848483,0.6699375,6.85625,4.189551986335075,1.625,1.25,0.8541666666666666,58.75,1.0625,0.38094223484848483,-2.1202992693065728,2024,0.27578885122403846,0.35280044439785235,HOU vs. TEN,TEN,14,1349.4139593427158,25.0,HOU,23,1553.2886602530652,9.0,0,-9,-2.5,0,-142.0,120.0,1,0
LAC,17.0,11.0,0.6470588235294118,9.941176470588236,169,10.176470588235293,173,-0.34117647058823597,-0.22810818831145277,-12.923529411764704,0.4706774254647706,2.3851741395859043,1.8219125645596232,0.5632615750262808,10.559568319642956,23.647058823529413,402.0,79.0,17.705882352941178,301.0,59.0,AFC West,3,5.9411764705882355,101,0.4905531968031968,0.6651176470588236,7.694117647058825,3.971891811688547,1.3529411764705883,1.0,0.9,42.23529411764706,0.5294117647058824,12.0,0.37698722365677384,0.6587647058823529,6.027647058823529,4.6706774254647705,1.411764705882353,0.4117647058823529,0.78125,51.11764705882353,1.2352941176470589,0.37698722365677384,0.44043168035704383,2025-01-11,2024,0.4795663427595567,0.3298148483988662,HOU,17.0,10.0,0.5882352941176471,10.588235294117647,180,10.882352941176471,185,-17.54705882352941,0.035818275574271176,-14.117647058823529,0.08058631976498616,2.070165455459573,2.072751594810418,-0.0025861393508453236,8.765974020682389,21.88235294117647,372.0,71.0,21.88235294117647,372.0,68.0,AFC South,1,0.0,0,0.5170327068764569,0.6212941176470588,5.829411764705882,4.235818275574271,1.1764705882352942,0.8823529411764706,0.8489583333333334,57.705882352941174,1.1176470588235294,10.0,0.37629296885352254,0.5842352941176471,6.238235294117647,4.280586319764986,1.8235294117647058,0.6470588235294118,0.9404761904761905,46.94117647058823,1.7058823529411764,0.37629296885352254,1.234025979317611,2024,0.4230770733763236,0.37262758874200236,LAC vs. HOU,HOU,32,1519.9528460670117,10.0,LAC,12,1610.9556504063307,8.0,1,20,3.0,1,136.0,-162.0,0,1
HOU,1.0,11.0,11.0,10.666666666666666,192,11.0,198,-17.233333333333334,0.0750048419639359,-16.844444444444445,-0.002903043678747657,2.103304411637745,2.0088807797141133,0.09442363192363183,9.676865217739273,22.444444444444443,404.0,76.0,21.333333333333332,384.0,71.0,AFC South,2,1.1111111111111112,20,0.5246813019736896,0.6238333333333332,5.902777777777778,4.275004841963936,1.1666666666666667,0.8888888888888888,0.857843137254902,59.27777777777778,1.2222222222222223,11.0,0.3752290737584855,0.576111111111111,5.98,4.197096956321253,1.7777777777777777,0.6111111111111112,0.9444444444444444,44.888888888888886,1.8333333333333333,0.3752290737584855,1.323134782260727,2025-01-18,2024,0.9195741846448711,0.47445742192177576,KAN,17.0,15.0,0.8823529411764706,9.352941176470589,159,9.352941176470589,159,-10.523529411764706,-0.28890691235145965,-10.476470588235294,-0.10210693529024108,2.444741532976827,2.145499108734403,0.29924242424242425,10.62455872588224,22.647058823529413,385.0,73.0,19.176470588235293,326.0,61.0,AFC West,-1,3.4705882352941178,59,0.47245089979464977,0.6716470588235294,6.177058823529412,3.911093087648541,1.5294117647058822,0.8823529411764706,0.8066666666666666,48.76470588235294,0.8235294117647058,6.0,0.4611389427565898,0.6634705882352941,6.456470588235295,4.0978930647097584,1.411764705882353,0.7647058823529411,0.8277777777777777,49.94117647058823,1.1764705882352942,0.4611389427565898,4.37544127411776,2024,0.5772871672255259,0.4598231290126465,HOU vs. KAN,KAN,27,1766.1453244637387,1.0,HOU,19,1558.0564916430685,8.0,1,8,-3.5,1,-180.0,150.0,0,0
PIT,3.0,3.0,1.0,10.0,30,9.666666666666666,29,-7.36666666666667,-0.5548168546201594,-30.5,-0.7120414673046254,1.7346801346801346,0.9225589225589226,0.8121212121212121,2.5010439194183314,17.0,51.0,13.0,8.666666666666666,26.0,6.0,AFC North,3,8.333333333333334,25,0.5,0.7233333333333333,6.25,3.645183145379841,0.6666666666666666,0.3333333333333333,0.8888888888888888,51.0,0.3333333333333333,4.0,0.42609351432880843,0.6286666666666667,4.286666666666666,3.487958532695375,0.6666666666666666,0.0,1.0,75.66666666666667,1.6666666666666667,0.42609351432880843,0.4989560805816686,2024-09-29,2024,0.50540476719513,0.17234179866080473,IND,3.0,1.0,0.3333333333333333,10.0,30,9.333333333333334,28,-41.26666666666666,1.4835016835016839,5.733333333333334,-0.03349056603773596,1.9696969696969697,2.2857744107744105,-0.316077441077441,1.3606705190047022,19.333333333333332,58.0,9.0,20.333333333333332,61.0,13.0,AFC South,1,-1.0,-3,0.25,0.49133333333333334,5.316666666666667,5.683501683501684,1.0,1.6666666666666667,0.5,39.333333333333336,2.0,-2.0,0.32407407407407407,0.7473333333333333,7.7299999999999995,4.166509433962264,1.6666666666666667,0.3333333333333333,0.75,35.0,1.3333333333333333,0.32407407407407407,-0.36067051900470215,2024,0.2639329480995298,0.25370575301117704,PIT vs. IND,IND,27,1464.0064999802885,15.0,PIT,24,1635.9935000197115,1.0,1,3,2.5,1,110.0,-130.0,0,0
IND,4.0,2.0,0.5,10.0,40,9.75,39,-28.875,1.1016887626262628,4.400000000000002,-0.05845125786163541,2.1522727272727273,2.2597853535353534,-0.10751262626262614,1.9300073106576716,21.25,85.0,14.0,21.25,85.0,17.0,AFC South,2,0.0,0,0.5,0.52675,6.195,5.301688762626263,1.25,1.5,0.5833333333333333,39.0,1.5,0.0,0.3763888888888889,0.7222500000000001,8.0175,4.141548742138365,1.5,0.75,0.8125,39.5,1.5,0.3763888888888889,0.06999268934232838,2024-10-06,2024,0.3561243603174537,0.33455048537704857,JAX,4.0,0.0,0.0,9.5,38,10.0,40,-22.65,1.5414485024779143,6.899999999999999,-0.2895358090185677,1.6006493506493507,2.8055555555555554,-1.204906204906205,1.1396123769214015,15.0,60.0,12.0,27.25,109.0,20.0,AFC South,-4,-12.25,-49,0.5555555555555555,0.537,5.665,5.7414485024779145,1.0,0.5,0.9166666666666666,53.0,0.75,-2.0,0.2551282051282051,0.6795,8.6825,3.9104641909814326,1.75,1.25,0.9166666666666666,85.75,0.25,0.2551282051282051,-1.1396123769214015,2024,0.22582007550620514,0.23254845288482484,IND vs. JAX,JAX,37,1349.115340458371,32.0,IND,34,1536.9160182128549,10.0,1,3,-3.5,0,-185.0,154.0,1,0
IND,5.0,2.0,0.4,10.2,51,10.2,51,-19.2,1.0313510101010102,7.420000000000002,0.2088911676237352,2.34,2.4244949494949495,-0.08449494949494944,2.38007405880164,23.8,119.0,20.0,24.4,122.0,24.0,AFC South,-1,-0.6,-3,0.375,0.5726,6.7700000000000005,5.23135101010101,1.6,1.4,0.7222222222222222,38.0,1.4,1.0,0.4011111111111111,0.7426,8.565999999999999,4.408891167623735,1.6,1.0,0.85,36.6,1.6,0.4011111111111111,-0.38007405880164,2024-10-13,2024,0.3623471326430086,0.3406989121127868,TEN,4.0,1.0,0.25,11.75,47,10.25,41,-33.375,-0.055631868131868156,-14.975000000000001,-0.03976760851760908,1.6594405594405595,2.2227272727272727,-0.5632867132867132,1.6583673545537672,19.75,79.0,15.0,22.5,90.0,15.0,AFC South,1,-2.75,-11,0.27777777777777773,0.65225,3.37,4.1443681318681325,1.0,1.0,1.0,44.75,2.25,-7.0,0.28273809523809523,0.60075,5.9025,4.160232391482391,0.75,0.75,1.0,74.5,0.5,0.28273809523809523,-0.6583673545537672,2024,0.2666196259664548,0.2141737175713018,IND vs. TEN,TEN,17,1428.012999960577,23.0,IND,20,1462.2464218076705,15.0,0,-3,-2.5,0,-135.0,114.0,1,0
MIA,5.0,2.0,0.4,10.8,54,10.6,53,-28.639999999999997,-0.3640006376534356,-20.22,0.784423516986446,1.109090909090909,2.1973776223776222,-1.0882867132867133,1.485105318665666,12.0,60.0,14.0,22.6,113.0,20.0,AFC East,1,-10.6,-53,0.5625,0.621,4.779999999999999,3.835999362346564,0.4,0.6,0.7833333333333333,78.0,1.2,-2.0,0.27969696969696967,0.624,5.776,4.984423516986446,0.6,1.6,0.7,68.4,0.8,0.27969696969696967,0.514894681334334,2024-10-20,2024,0.28595750199511355,0.34074676840259127,IND,6.0,3.0,0.5,10.166666666666666,61,10.0,60,-19.733333333333334,0.6356496512746513,0.01666666666666809,0.34312359206739834,2.283333333333333,2.335227272727273,-0.051893939393939346,2.9751934621876144,23.166666666666668,139.0,24.0,23.166666666666668,139.0,27.0,AFC South,1,0.0,0,0.35,0.5736666666666667,6.448333333333333,4.835649651274651,1.6666666666666667,1.1666666666666667,0.7916666666666666,38.333333333333336,1.3333333333333333,1.0,0.41203703703703703,0.7176666666666667,7.57,4.543123592067398,1.5,1.0,0.875,49.333333333333336,1.5,0.41203703703703703,0.02480653781238562,2024,0.3950692811680253,0.37686049033592894,MIA vs. IND,IND,16,1507.3357179568932,13.0,MIA,10,1449.7100781247675,15.0,1,6,-3.0,1,-155.0,130.0,0,0
IND,8.0,4.0,0.5,10.625,85,10.5,84,-26.9375,0.7340397332584834,-1.9374999999999982,0.2086357974988246,2.0875,2.0951704545454546,-0.007670454545454522,4.145990502978071,21.875,175.0,32.0,21.5,172.0,34.0,AFC South,-1,0.375,3,0.4091836734693878,0.5215,5.9575000000000005,4.9340397332584836,1.375,1.125,0.861111111111111,39.0,1.375,1.0,0.3667200854700855,0.694875,7.46,4.408635797498825,1.375,0.875,0.84375,47.0,1.5,0.3667200854700855,-0.14599050297807104,2024-11-03,2024,0.369600446918679,0.3467802424088476,MIN,7.0,5.0,0.7142857142857143,10.0,70,11.285714285714286,79,4.4,0.13681906328965127,-13.828571428571427,-0.4724395810955962,2.7422387136672848,1.8156010656010655,0.9266376480662196,4.571931184403987,26.857142857142858,188.0,32.0,19.571428571428573,137.0,22.0,NFC North,-2,7.285714285714286,51,0.7166666666666667,0.6815714285714286,8.290000000000001,4.336819063289651,2.0,0.5714285714285714,1.0,55.714285714285715,1.4285714285714286,5.0,0.38598782170210744,0.6689999999999999,6.078571428571428,3.727560418904404,2.0,0.42857142857142855,0.6666666666666666,63.714285714285715,2.142857142857143,0.38598782170210744,0.4280688155960126,2024,0.48509837163076,0.2557278733148504,IND vs. MIN,MIN,21,1572.633634799974,8.0,IND,13,1503.796447717165,15.0,1,8,-6.5,1,-298.0,240.0,0,0
IND,10.0,4.0,0.4,10.5,105,10.4,104,-27.9,0.6551265234488919,-4.989999999999998,0.17801750896680155,1.9962626262626262,2.1861363636363635,-0.18987373737373736,4.665625392930481,20.8,208.0,38.0,22.3,223.0,42.0,AFC South,-3,-1.5,-15,0.48403880070546734,0.5508,5.602,4.8551265234488925,1.3,0.9,0.8541666666666666,38.7,1.7,0.0,0.35701243201243205,0.6983,7.202,4.378017508966802,1.4,0.9,0.775,47.1,1.7,0.35701243201243205,-0.6656253929304814,2024-11-17,2024,0.33781546197013496,0.3365805129778075,NYJ,10.0,3.0,0.3,9.7,97,9.3,93,-11.01,-0.2057510653522904,-16.46,0.1432686784777192,1.8868253968253967,2.4081349206349207,-0.5213095238095238,4.402884979050079,17.7,177.0,32.0,21.4,214.0,41.0,AFC East,-1,-3.7,-37,0.5053791887125221,0.633,6.262,3.9942489346477097,1.6,0.5,0.65625,67.5,1.1,-4.0,0.4124283559577678,0.6082,6.314,4.3432686784777195,0.7,1.4,0.85,60.7,0.7,0.4124283559577678,-1.4028849790500786,2024,0.283616165639585,0.3349265761924159,IND vs. NYJ,NYJ,27,1383.2747811449583,22.0,IND,28,1436.7842524567782,17.0,0,-1,-4.0,0,-205.0,170.0,0,0
IND,12.0,5.0,0.4166666666666667,10.5,126,10.333333333333334,124,-26.366666666666664,0.44355781715979087,-3.891666666666666,0.17347418676526385,1.9135521885521884,2.24854797979798,-0.33499579124579126,5.223231267241107,20.166666666666668,242.0,46.0,22.833333333333332,274.0,51.0,AFC South,-1,-2.6666666666666665,-32,0.5051226551226551,0.5473333333333333,5.905,4.643557817159791,1.1666666666666667,0.9166666666666666,0.8833333333333332,41.833333333333336,1.5,-1.0,0.35167702667702666,0.7053333333333334,7.168333333333333,4.373474186765264,1.3333333333333333,1.0833333333333333,0.8125,44.166666666666664,1.4166666666666667,0.35167702667702666,-0.22323126724110676,2024-12-01,2024,0.35828793763684463,0.3693650573727847,NWE,12.0,3.0,0.25,10.083333333333334,121,10.083333333333334,121,-22.625,0.20526429372991326,-0.0500000000000013,0.008262410460741424,1.6318195693195694,2.3975607725607726,-0.7657412032412033,4.362078247492391,16.416666666666668,197.0,38.0,23.5,282.0,50.0,AFC East,-2,-7.083333333333333,-85,0.43845598845598843,0.6215,4.876666666666666,4.405264293729913,1.0,0.5833333333333334,0.7878787878787878,52.5,1.3333333333333333,-7.0,0.33726447163947165,0.6579166666666666,7.863333333333333,4.208262410460741,1.6666666666666667,0.8333333333333334,0.7847222222222222,46.25,0.75,0.33726447163947165,-1.3620782474923914,2024,0.2784029108782983,0.3318843578687193,IND vs. NWE,NWE,24,1305.2866734806569,24.0,IND,25,1465.0935479371174,18.0,0,-1,2.5,1,114.0,-135.0,0,0
TEN,14.0,3.0,0.21428571428571427,10.928571428571429,153,10.214285714285714,143,-21.157142857142855,-0.08454820555384478,-7.185714285714289,-0.15458127968632196,1.639007619364762,2.6382575757575757,-0.9992499563928136,4.491966343638921,18.142857142857142,254.0,48.0,27.071428571428573,379.0,61.0,AFC South,-3,-8.928571428571429,-125,0.47362231785308706,0.6361428571428572,5.218571428571429,4.115451794446155,1.2857142857142858,0.6428571428571429,0.9545454545454546,63.785714285714285,2.0714285714285716,-13.0,0.3671807359307359,0.6715,6.507857142857143,4.045418720313679,1.6428571428571428,1.1428571428571428,0.869047619047619,59.142857142857146,1.1428571428571428,0.3671807359307359,-1.4919663436389214,2024-12-22,2024,0.2802920707307805,0.35064438213687604,IND,14.0,6.0,0.42857142857142855,10.642857142857142,149,10.428571428571429,146,-30.400000000000002,0.41530270882603915,-6.549999999999999,0.1999978436482599,1.925306637806638,2.288132700632701,-0.3628260628260628,5.860483417627471,20.0,280.0,53.0,23.5,329.0,60.0,AFC South,-1,-3.5,-49,0.49397952474875556,0.5367857142857143,5.3707142857142856,4.6153027088260385,1.1428571428571428,0.9285714285714286,0.9027777777777777,41.857142857142854,1.7857142857142858,-4.0,0.35295260295260295,0.7050000000000001,6.7128571428571435,4.39999784364826,1.4285714285714286,1.0,0.8107142857142857,48.285714285714285,1.5,0.35295260295260295,0.13951658237252929,2024,0.3592494625435015,0.3857000953729705,TEN vs. IND,IND,38,1462.2464218076705,15.0,TEN,30,1428.012999960577,23.0,1,8,-4.0,1,-198.0,164.0,1,0
IND,15.0,7.0,0.4666666666666667,10.733333333333333,161,10.533333333333333,158,-28.766666666666666,0.5542825282376366,-8.046666666666665,0.1036343510414062,2.0080639730639733,2.3022571872571875,-0.2941932141932142,6.496991812299269,21.2,318.0,59.0,23.933333333333334,359.0,64.0,AFC South,1,-2.7333333333333334,-41,0.4740013954299669,0.5434,5.6066666666666665,4.754282528237637,1.1333333333333333,1.1333333333333333,0.8717948717948717,43.2,1.7333333333333334,-2.0,0.364977984977985,0.7030666666666666,6.553333333333333,4.303634351041406,1.4666666666666666,1.0666666666666667,0.7566666666666666,47.4,1.6,0.364977984977985,0.5030081877007309,2024-12-29,2024,0.3787484401964154,0.39164241519529397,NYG,15.0,2.0,0.13333333333333333,10.266666666666667,154,9.733333333333333,146,-26.14,0.07105136221446745,1.1066666666666662,0.7693294393361749,1.4848640248640248,2.650961815961816,-1.166097791097791,4.208236181802526,14.333333333333334,215.0,42.0,24.133333333333333,362.0,60.0,NFC East,-10,-9.8,-147,0.44872825587111304,0.6155333333333334,4.676,4.271051362214467,0.6666666666666666,0.8,0.7272727272727273,52.93333333333333,1.4666666666666666,-10.0,0.35235867446393765,0.703,7.847333333333334,4.9693294393361755,1.2666666666666666,1.0666666666666667,0.75,56.6,0.8,0.35235867446393765,-2.2082361818025262,2024,0.2325775239672268,0.3230620224163691,IND vs. NYG,NYG,45,1177.4381113966936,32.0,IND,33,1486.5689426921092,17.0,1,12,7.5,1,320.0,-410.0,0,0
JAX,16.0,4.0,0.25,9.625,154,9.625,154,-18.006249999999998,0.016710417642102376,2.7125,0.0797767460560119,1.962143759018759,2.692629419191919,-0.7304856601731602,6.317929593696594,18.5625,297.0,54.0,25.5625,409.0,76.0,AFC South,1,-7.0,-112,0.49385022385022387,0.6308125,5.9875,4.216710417642102,1.125,0.75,0.9487179487179488,45.625,1.4375,-14.0,0.3622766122766123,0.6785,8.26375,4.279776746056012,1.75,1.125,0.8333333333333334,49.5625,0.5625,0.3622766122766123,-2.3179295936965936,2025-01-05,2024,0.29985056896931167,0.3911677560385791,IND,16.0,7.0,0.4375,10.8125,173,10.5,168,-27.60625,0.4957762338591478,-4.087499999999999,0.0013238707679849582,2.054434974747475,2.439616113053613,-0.3851811383061383,6.821075568369412,21.9375,351.0,65.0,25.25,404.0,70.0,AFC South,-1,-3.3125,-53,0.45129019129019127,0.5521874999999999,5.700625,4.6957762338591476,1.1875,1.1875,0.8571428571428571,41.8125,1.8125,-5.0,0.3758207070707071,0.7053125,7.2006250000000005,4.201323870767985,1.625,1.0625,0.771875,50.3125,1.5,0.3758207070707071,0.17892443163058758,2024,0.3799241647601113,0.39528449040704655,JAX vs. IND,IND,26,1536.9160182128549,10.0,JAX,23,1349.115340458371,32.0,1,3,-3.5,0,-180.0,150.0,1,0
NWE,6.0,1.0,0.16666666666666666,10.333333333333334,62,10.333333333333334,62,-27.2,0.6067907482381165,-8.516666666666667,0.3026359320325942,1.2872081622081621,2.2865837865837864,-0.9993756243756243,1.7457842897866571,13.833333333333334,83.0,17.0,23.833333333333332,143.0,27.0,AFC East,-5,-10.0,-60,0.5766666666666667,0.5875,4.363333333333333,4.806790748238117,0.8333333333333334,0.5,0.8333333333333333,54.5,1.3333333333333333,-1.0,0.30129662004662006,0.6678333333333333,6.913333333333333,4.502635932032594,1.1666666666666667,1.1666666666666667,0.8194444444444445,50.166666666666664,1.1666666666666667,0.30129662004662006,-0.7457842897866571,2024-10-20,2024,0.2401120082624377,0.3087737209025813,JAX,6.0,1.0,0.16666666666666666,9.833333333333334,59,10.0,60,-13.699999999999998,1.1073424799128124,11.783333333333331,0.10553934571175942,1.8772847522847522,3.0336700336700333,-1.1563852813852813,1.8248162024508512,18.833333333333332,113.0,22.0,29.666666666666668,178.0,31.0,AFC South,-1,-10.833333333333334,-65,0.5533333333333333,0.6065,6.5183333333333335,5.307342479912813,1.3333333333333333,0.6666666666666666,0.9444444444444443,46.666666666666664,1.1666666666666667,-4.0,0.29786324786324786,0.7111666666666666,8.771666666666667,4.30553934571176,2.3333333333333335,1.1666666666666667,0.7777777777777777,64.5,0.5,0.29786324786324786,-0.8248162024508512,2024,0.3216215919380827,0.3595297159000656,NWE vs. JAX,JAX,32,1388.4789663824497,25.0,NWE,16,1331.2454205873837,25.0,1,16,-6.5,1,-298.0,240.0,0,0
JAX,8.0,2.0,0.25,9.75,78,10.0,80,-7.149999999999999,0.8231490004028368,8.962499999999999,-0.109307029177719,2.2606421356421356,2.837752525252525,-0.5771103896103896,3.1006224354500436,21.5,172.0,31.0,28.0,224.0,40.0,AFC South,-1,-6.5,-52,0.5210884353741496,0.630625,7.36875,5.023149000402837,1.375,0.875,0.9583333333333333,45.375,1.125,-5.0,0.3122863247863248,0.704625,8.63375,4.090692970822281,2.125,1.125,0.8333333333333333,55.25,0.5,0.3122863247863248,-1.1006224354500436,2024-11-03,2024,0.34275753926450103,0.3687110977843723,PHI,7.0,5.0,0.7142857142857143,9.428571428571429,66,9.142857142857142,64,-1.6142857142857159,0.7535294056346687,-15.042857142857144,0.3459519899913988,2.6344155844155845,2.1374149659863946,0.49700061842918997,4.334790874371367,24.428571428571427,171.0,29.0,18.857142857142858,132.0,27.0,NFC East,3,5.571428571428571,39,0.4380952380952381,0.6892857142857143,7.568571428571429,4.953529405634669,1.1428571428571428,1.7142857142857142,0.7333333333333333,44.42857142857143,1.1428571428571428,-4.0,0.3738404452690167,0.6227142857142857,5.951428571428572,4.545951989991399,1.1428571428571428,0.5714285714285714,0.8571428571428571,35.57142857142857,0.5714285714285714,0.3738404452690167,0.6652091256286328,2024,0.48114949056976264,0.4016978714106542,JAX vs. PHI,PHI,28,1604.520656175664,8.0,JAX,23,1407.1117024089658,24.0,1,5,-7.5,0,-340.0,270.0,0,0
MIN,8.0,6.0,0.75,10.0,80,11.0,88,4.4750000000000005,0.11424793037844483,-17.025,-0.4910162124060151,2.6619588744588745,1.769206487956488,0.8927523865023865,5.328983862276075,26.125,209.0,35.0,18.75,150.0,24.0,NFC North,1,7.375,59,0.6857142857142857,0.7,8.15375,4.314247930378445,2.125,0.5,0.8571428571428571,53.875,1.625,4.0,0.400239343989344,0.6595,5.84625,3.708983787593985,1.75,0.375,0.6666666666666667,62.0,2.125,0.400239343989344,0.6710161377239254,2024-11-10,2024,0.4741961950317771,0.2615119137860429,JAX,9.0,2.0,0.2222222222222222,9.88888888888889,89,10.222222222222221,92,-13.133333333333333,0.6353917040617808,11.166666666666666,0.008635297735747461,2.241782908449575,2.781705948372615,-0.53992303992304,3.4861376767265573,21.666666666666668,195.0,33.0,28.0,252.0,45.0,AFC South,-2,-6.333333333333333,-57,0.5452380952380952,0.6178888888888889,6.783333333333334,4.835391704061781,1.2222222222222223,1.0,0.9583333333333333,42.22222222222222,1.3333333333333333,-7.0,0.3109211775878442,0.7096666666666667,8.83222222222222,4.208635297735747,2.111111111111111,1.2222222222222223,0.7962962962962963,56.55555555555556,0.5555555555555556,0.3109211775878442,-1.4861376767265573,2024,0.3095598709962842,0.35401425669964365,MIN vs. JAX,JAX,7,1382.8130907580935,24.0,MIN,12,1612.8547905882815,5.0,0,-5,7.0,1,280.0,-345.0,0,0
JAX,12.0,2.0,0.16666666666666666,9.75,117,9.833333333333334,118,-20.53333333333333,0.21011676279579083,8.225000000000001,0.023840814387081927,1.9683742183742183,2.952020202020202,-0.9836459836459838,4.1280195424840205,19.0,228.0,40.0,28.25,339.0,62.0,AFC South,-5,-9.25,-111,0.5985569985569985,0.6128333333333333,5.855,4.4101167627957905,1.0833333333333333,0.8333333333333334,0.9333333333333333,39.583333333333336,1.4166666666666667,-9.0,0.3155141155141155,0.707,8.758333333333333,4.223840814387082,2.0,1.25,0.8472222222222222,50.833333333333336,0.6666666666666666,0.3155141155141155,-2.1280195424840205,2024-12-08,2024,0.28125300448763474,0.3884624211624229,TEN,12.0,3.0,0.25,11.166666666666666,134,10.416666666666666,125,-20.191666666666666,-0.03966521417179325,-5.2166666666666694,-0.031626877582760206,1.6451301013801014,2.6654671717171716,-1.0203370703370702,3.9408498733943516,18.416666666666668,221.0,42.0,27.666666666666668,332.0,54.0,AFC South,-1,-9.25,-111,0.5096189164370982,0.6290833333333333,5.3775,4.160334785828207,1.3333333333333333,0.5833333333333334,0.95,63.166666666666664,1.9166666666666667,-13.0,0.33462752525252526,0.663,6.705000000000001,4.16837312241724,1.6666666666666667,1.1666666666666667,0.8472222222222222,56.333333333333336,0.8333333333333334,0.33462752525252526,-0.9408498733943516,2024,0.288858398829252,0.36212940455780335,JAX vs. TEN,TEN,6,1382.0432935743163,25.0,JAX,10,1320.7999511785358,30.0,0,-4,-3.0,0,-170.0,142.0,1,0
NYJ,13.0,3.0,0.23076923076923078,9.692307692307692,126,9.615384615384615,125,-9.592307692307692,-0.14746418946513182,-12.938461538461537,-0.1999499868073169,2.0517538017538017,2.478052503052503,-0.4262987012987013,5.636839869680566,19.307692307692307,251.0,45.0,23.076923076923077,300.0,58.0,AFC East,-4,-3.769230769230769,-49,0.49254449254449256,0.6399230769230768,6.345384615384615,4.052535810534868,1.6153846153846154,0.5384615384615384,0.725,65.76923076923077,1.0,-3.0,0.3961480450168233,0.6227692307692307,6.616923076923077,4.000050013192683,0.8461538461538461,1.3846153846153846,0.8846153846153846,57.38461538461539,0.7692307692307693,0.3961480450168233,-2.636839869680566,2024-12-15,2024,0.28470220138240204,0.3341927923437091,JAX,13.0,3.0,0.23076923076923078,9.615384615384615,125,9.692307692307692,126,-21.523076923076925,0.08093618340913236,5.330769230769231,0.04508382866499869,1.9131146631146632,2.7826340326340326,-0.8695193695193696,4.89843467141346,18.307692307692307,238.0,42.0,26.53846153846154,345.0,64.0,AFC South,1,-8.23076923076923,-107,0.569510582010582,0.6227692307692307,5.726923076923077,4.280936183409133,1.0,0.8461538461538461,0.9393939393939394,39.53846153846154,1.4615384615384615,-11.0,0.3267467575159883,0.6983076923076923,8.435384615384615,4.245083828664999,1.8461538461538463,1.1538461538461537,0.8589743589743589,48.84615384615385,0.6153846153846154,0.3267467575159883,-1.89843467141346,2024,0.2869327654157752,0.39468875520728847,NYJ vs. JAX,JAX,25,1379.5234114613816,20.0,NYJ,32,1289.1603778390686,20.0,0,-7,3.5,0,145.0,-175.0,0,0
JAX,14.0,3.0,0.21428571428571427,9.642857142857142,135,9.642857142857142,135,-21.385714285714283,0.11013039690946523,6.242857142857143,0.13006231295290252,1.9550350443207587,2.8378427128427126,-0.8828076685219541,5.256204163264457,18.785714285714285,263.0,48.0,26.928571428571427,377.0,69.0,AFC South,-1,-8.142857142857142,-114,0.5434535549920165,0.6264285714285714,5.682857142857143,4.310130396909465,1.0714285714285714,0.7857142857142857,0.9444444444444445,44.285714285714285,1.5,-13.0,0.3415029415029415,0.6865,8.630714285714285,4.330062312952903,1.9285714285714286,1.1428571428571428,0.8333333333333333,49.785714285714285,0.5714285714285714,0.3415029415029415,-2.2562041632644574,2024-12-22,2024,0.2982551323615376,0.3922338162617737,LVR,14.0,2.0,0.14285714285714285,10.428571428571429,146,10.214285714285714,143,-20.75714285714286,-0.6980785166731273,-7.100000000000001,0.1650084765202751,1.753846153846154,2.741432178932179,-0.9875860250860251,4.017438426681035,17.5,245.0,49.0,26.857142857142858,376.0,70.0,AFC West,-10,-9.357142857142858,-131,0.44290389098081406,0.6528571428571429,5.2664285714285715,3.5019214833268726,1.0714285714285714,0.5714285714285714,0.8269230769230769,49.785714285714285,2.0,-19.0,0.3351232101232101,0.6592857142857144,6.570714285714286,4.365008476520275,1.7857142857142858,0.8571428571428571,0.8628205128205129,47.642857142857146,0.6428571428571429,0.3351232101232101,-2.017438426681035,2024,0.28725318840148206,0.3840056494167471,JAX vs. LVR,LVR,19,1204.5376002682376,31.0,JAX,14,1316.804626183462,26.0,1,5,-2.5,1,-130.0,110.0,0,0
TEN,15.0,3.0,0.2,11.0,165,10.333333333333334,155,-21.68,-0.16194196154722482,-7.100000000000003,0.022390805626099505,1.6964071114071113,2.6734848484848484,-0.977077737077737,4.855457948967123,18.933333333333334,284.0,52.0,27.8,417.0,67.0,AFC South,-4,-8.866666666666667,-133,0.47040439719011146,0.6387999999999999,5.158666666666666,4.0380580384527756,1.3333333333333333,0.7333333333333333,0.875,61.86666666666667,2.1333333333333333,-15.0,0.3730050505050505,0.6691333333333334,6.668000000000001,4.2223908056261,1.6,1.3333333333333333,0.8444444444444444,59.333333333333336,1.1333333333333333,0.3730050505050505,-1.855457948967123,2024-12-29,2024,0.27616815622372104,0.3499717494276141,JAX,15.0,3.0,0.2,9.8,147,9.733333333333333,146,-20.673333333333332,0.05135979902026276,4.6,0.01176186245974605,1.9024771524771524,2.763804713804714,-0.8613275613275614,5.582770914036043,18.466666666666665,277.0,50.0,26.4,396.0,73.0,AFC South,-2,-7.933333333333334,-119,0.5148395255538113,0.6274,5.741333333333333,4.251359799020263,1.0666666666666667,0.8,0.9444444444444445,45.333333333333336,1.5333333333333334,-15.0,0.3454027454027454,0.6828666666666667,8.485333333333333,4.211761862459746,1.8,1.2,0.8222222222222223,50.6,0.5333333333333333,0.3454027454027454,-2.5827709140360433,2024,0.28156982054340035,0.38057430286546523,TEN vs. JAX,JAX,20,1320.7999511785358,30.0,TEN,13,1382.0432935743163,25.0,1,7,1.0,1,-112.0,-108.0,1,0
KAN,3.0,3.0,1.0,9.0,27,9.0,27,-11.399999999999997,-0.15498737373737384,-5.966666666666669,-0.05837121212121218,2.777777777777778,2.2962962962962963,0.48148148148148157,1.8420798145859798,25.0,75.0,14.0,20.666666666666668,62.0,13.0,AFC West,3,4.333333333333333,13,0.25,0.7003333333333334,6.0200000000000005,4.0450126262626265,1.6666666666666667,0.6666666666666666,1.0,50.0,1.6666666666666667,-2.0,0.3326719576719577,0.6543333333333333,7.323333333333333,4.141628787878788,1.3333333333333333,0.6666666666666666,0.8888888888888888,62.333333333333336,1.0,0.3326719576719577,1.1579201854140202,2024-09-29,2024,0.7186528715530405,0.5068266964244723,LAC,3.0,2.0,0.6666666666666666,10.333333333333334,31,10.666666666666666,32,-3.0666666666666678,0.6485970819304153,-19.46666666666667,-0.23176930596285464,1.848148148148148,1.1094276094276094,0.7387205387205387,2.022438835293369,19.333333333333332,58.0,12.0,11.0,33.0,7.0,AFC West,-1,8.333333333333334,25,0.5,0.6846666666666666,6.216666666666666,4.848597081930415,1.3333333333333333,0.6666666666666666,1.0,44.666666666666664,0.6666666666666666,3.0,0.3672979797979798,0.7436666666666666,4.483333333333333,3.9682306940371457,0.6666666666666666,0.3333333333333333,0.7222222222222222,40.0,1.6666666666666667,0.3672979797979798,-0.022438835293368875,2024,0.3842014406073072,0.1441971682598585,KAN vs. LAC,LAC,10,1535.9935000197115,6.0,KAN,17,1625.7794834620518,1.0,0,-7,7.5,1,275.0,-345.0,1,0
NOR,4.0,2.0,0.5,10.0,40,9.75,39,3.8000000000000007,-0.006169444100478816,-36.05,0.5211904761904759,3.134722222222222,1.9125,1.2222222222222223,2.6783679938963205,31.75,127.0,23.0,17.5,70.0,13.0,NFC South,-2,14.25,57,0.611111111111111,0.7045,8.77,4.193830555899521,1.5,2.25,1.0,55.0,1.25,3.0,0.5408653846153846,0.61225,4.54,4.721190476190476,0.25,0.75,0.75,56.75,2.0,0.5408653846153846,-0.6783679938963205,2024-10-07,2024,0.4774846008774039,0.1934693338419733,KAN,4.0,4.0,1.0,9.25,37,9.25,37,-11.899999999999999,-0.1950866841491843,-7.0,-0.5208617424242425,2.5083333333333333,1.9722222222222223,0.5361111111111112,2.6206905951908346,23.0,92.0,17.0,18.0,72.0,15.0,AFC West,4,5.0,20,0.38888888888888884,0.6890000000000001,6.265000000000001,4.004913315850816,1.5,0.75,0.875,47.5,1.75,-4.0,0.39012896825396826,0.639,7.2425,3.6791382575757576,1.25,0.5,0.7916666666666666,59.5,0.75,0.39012896825396826,1.3793094048091654,2024,0.6178936478497015,0.4438489261630911,NOR vs. KAN,KAN,26,1663.1384015970966,1.0,NOR,13,1475.616613595874,10.0,1,13,-5.5,1,-230.0,190.0,0,0
KAN,5.0,5.0,1.0,9.2,46,9.2,46,-12.419999999999998,-0.2832488344988346,-10.080000000000002,-0.6433560606060607,2.5844444444444443,1.8666666666666667,0.7177777777777778,3.458600575946231,23.6,118.0,23.0,17.0,85.0,17.0,AFC West,5,6.6,33,0.41666666666666663,0.6948000000000001,6.428,3.9167511655011653,1.2,1.0,0.86,49.0,1.6,-4.0,0.39781746031746035,0.6254,6.76,3.5566439393939397,1.4,0.4,0.7916666666666666,61.6,0.8,0.39781746031746035,1.5413994240537692,2024-10-20,2024,0.6541399424053769,0.4095816965604959,SFO,6.0,3.0,0.5,9.5,57,9.833333333333334,59,0.3500000000000038,0.8441600272792221,-15.0,0.0621963562753034,2.8473063973063972,2.2863215488215487,0.5609848484848485,3.6106249518209905,27.0,162.0,31.0,21.666666666666668,130.0,24.0,NFC West,1,5.333333333333333,32,0.4366666666666667,0.6513333333333333,8.683333333333334,5.044160027279222,1.5,0.8333333333333334,0.9166666666666666,46.5,1.3333333333333333,3.0,0.45126262626262625,0.6213333333333334,6.405,4.262196356275304,1.3333333333333333,0.8333333333333334,0.95,38.666666666666664,1.8333333333333333,0.45126262626262625,-0.6106249518209905,2024,0.4885106037823079,0.2975847490290854,KAN vs. SFO,SFO,18,1487.8663027476182,13.0,KAN,28,1688.4991822780114,1.0,0,-10,-2.5,0,-142.0,120.0,0,0
KAN,6.0,6.0,1.0,9.333333333333334,56,9.5,57,-19.849999999999998,-0.14971590909090918,-19.01666666666667,-0.5347411616161618,2.6203703703703702,1.828282828282828,0.7920875420875421,4.198826595208184,24.333333333333332,146.0,27.0,17.166666666666668,103.0,21.0,AFC West,6,7.166666666666667,43,0.4333333333333333,0.6778333333333334,5.696666666666666,4.0502840909090905,1.0,1.5,0.86,48.833333333333336,1.6666666666666667,-3.0,0.4267526455026455,0.6124999999999999,6.031666666666666,3.6652588383838385,1.1666666666666667,0.6666666666666666,0.8333333333333333,58.0,1.1666666666666667,0.4267526455026455,1.8011734047918164,2024-10-27,2024,0.6268800057421996,0.4176159108205501,LVR,7.0,2.0,0.2857142857142857,11.428571428571429,80,10.714285714285714,75,-27.542857142857144,-0.5855308737915232,-11.62857142857143,0.6210438818733746,1.584027084027084,2.4405483405483404,-0.8565212565212565,2.1953683024694577,17.714285714285715,124.0,25.0,26.142857142857142,183.0,33.0,AFC West,-3,-8.428571428571429,-59,0.2722222222222222,0.6502857142857142,4.575714285714286,3.614469126208477,0.8571428571428571,0.8571428571428571,0.75,47.714285714285715,2.2857142857142856,-13.0,0.3064316635745207,0.6601428571428573,6.148571428571429,4.821043881873375,1.1428571428571428,1.2857142857142858,0.8214285714285714,52.857142857142854,0.42857142857142855,0.3064316635745207,-0.1953683024694577,2024,0.3037782007826135,0.36486256384477694,KAN vs. LVR,LVR,20,1349.6888443820008,22.0,KAN,27,1712.4580536258793,1.0,0,-7,9.0,1,340.0,-440.0,1,0
TAM,8.0,4.0,0.5,9.75,78,10.25,82,3.6999999999999993,0.7719342206706337,-1.7500000000000009,0.8936998266739642,2.9935096153846152,2.61517094017094,0.37833867521367515,4.280418539334141,29.375,235.0,40.0,26.625,213.0,38.0,NFC South,-2,2.75,22,0.5435374149659864,0.7145,7.4750000000000005,4.971934220670634,2.625,0.75,0.9285714285714286,46.625,1.5,-2.0,0.5077429923018159,0.681875,7.78625,5.093699826673965,1.875,1.0,0.7285714285714285,60.75,1.25,0.5077429923018159,-0.28041853933414096,2024-11-04,2024,0.4948449654272986,0.389244048026376,KAN,7.0,7.0,1.0,9.142857142857142,64,9.285714285714286,65,-17.657142857142855,-0.32438703537841473,-14.014285714285716,-0.8338597711812,2.7281746031746033,1.924242424242424,0.8039321789321789,4.8695034331318165,24.714285714285715,173.0,32.0,17.571428571428573,123.0,25.0,AFC West,7,7.142857142857143,50,0.4087301587301588,0.6825714285714286,5.811428571428571,3.875612964621585,1.1428571428571428,1.4285714285714286,0.8833333333333333,49.714285714285715,1.5714285714285714,-3.0,0.47293083900226757,0.6392857142857142,6.288571428571429,3.3661402288188005,1.2857142857142858,0.5714285714285714,0.861111111111111,54.285714285714285,1.1428571428571428,0.47293083900226757,2.1304965668681835,2024,0.6521783262048703,0.446730580597153,TAM vs. KAN,KAN,30,1723.4822941640252,1.0,TAM,24,1473.993166827137,15.0,1,6,-9.0,0,-425.0,330.0,0,0
LVR,11.0,2.0,0.18181818181818182,10.545454545454545,116,10.090909090909092,111,-20.636363636363637,-0.7643313352699305,-4.71818181818182,0.05326584405358779,1.878540651267924,2.953558310376492,-1.0750176591085683,3.213749162399868,18.727272727272727,206.0,41.0,28.545454545454547,314.0,58.0,AFC West,-7,-9.818181818181818,-108,0.3887121212121212,0.661,5.13909090909091,3.4356686647300694,1.0909090909090908,0.6363636363636364,0.85,46.36363636363637,2.0,-17.0,0.3498471225743953,0.6724545454545455,6.6872727272727275,4.253265844053588,1.8181818181818181,1.0,0.8863636363636364,51.45454545454545,0.45454545454545453,0.3498471225743953,-1.2137491623998682,2024-11-29,2024,0.3144484987003177,0.41736490465258613,KAN,11.0,10.0,0.9090909090909091,9.090909090909092,100,9.181818181818182,101,-10.6,-0.1448602695018426,-9.263636363636364,-0.6221142084678042,2.7224747474747475,2.1879017447199263,0.534573002754821,6.939701257463783,24.545454545454547,270.0,50.0,19.818181818181817,218.0,42.0,AFC West,1,4.7272727272727275,52,0.46079365079365076,0.6950000000000001,6.047272727272727,4.055139730498158,1.6363636363636365,1.0,0.9222222222222223,48.72727272727273,1.2727272727272727,-5.0,0.5027333777333778,0.6568181818181817,6.584545454545455,3.5778857915321964,1.3636363636363635,0.8181818181818182,0.8166666666666667,49.27272727272727,0.8181818181818182,0.5027333777333778,3.060298742536217,2024,0.6391044882971008,0.49372866533440246,LVR vs. KAN,KAN,19,1712.4580536258793,1.0,LVR,17,1349.6888443820008,22.0,1,2,-13.5,0,-800.0,550.0,1,0
LAC,12.0,8.0,0.6666666666666666,10.083333333333334,121,10.5,126,-2.5750000000000006,-0.1474522410735323,-17.96666666666667,0.5129560230714288,2.154522792022792,1.5967835405335407,0.5577392514892515,7.612707119312251,21.666666666666668,260.0,52.0,15.666666666666666,188.0,36.0,AFC West,1,6.0,72,0.48189689098780003,0.6491666666666667,7.6175,4.052547758926468,1.0833333333333333,1.0,0.875,42.166666666666664,0.5,11.0,0.3632507538757539,0.6478333333333334,5.589166666666666,4.7129560230714285,1.1666666666666667,0.5,0.7083333333333334,44.916666666666664,1.4166666666666667,0.3632507538757539,0.3872928806877489,2024-12-08,2024,0.443622059087991,0.2711260209687559,KAN,12.0,11.0,0.9166666666666666,9.25,111,9.333333333333334,112,-11.341666666666667,-0.15466358037668906,-7.3500000000000005,-0.5336046910954871,2.639541245791246,2.134364478114478,0.5051767676767677,7.505223470565052,24.083333333333332,289.0,55.0,19.583333333333332,235.0,45.0,AFC West,2,4.5,54,0.43543224452315366,0.6841666666666667,6.0616666666666665,4.045336419623311,1.5833333333333333,0.9166666666666666,0.9099999999999999,48.0,1.1666666666666667,-4.0,0.49729726292226295,0.6568333333333333,6.888333333333333,3.6663953089045127,1.4166666666666667,0.75,0.7651515151515151,53.583333333333336,0.8333333333333334,0.49729726292226295,3.494776529434948,2024,0.6397993311703619,0.4853161784409023,LAC vs. KAN,KAN,19,1625.7794834620518,1.0,LAC,17,1535.9935000197115,6.0,1,2,-5.0,0,-238.0,195.0,1,0
KAN,15.0,14.0,0.9333333333333333,9.466666666666667,142,9.466666666666667,142,-11.633333333333333,-0.16106419763468463,-12.76,-0.235091035789555,2.5773737373737378,2.0408249158249157,0.5365488215488216,9.698795116802392,23.733333333333334,356.0,68.0,18.533333333333335,278.0,53.0,AFC West,5,5.2,78,0.45214626643198075,0.6711333333333334,6.0553333333333335,4.038935802365315,1.5333333333333334,0.9333333333333333,0.8538461538461538,48.266666666666666,0.9333333333333333,4.0,0.4952167277167277,0.6506666666666666,6.184666666666667,3.964908964210445,1.3333333333333333,0.7333333333333333,0.8012820512820512,52.2,1.2,0.4952167277167277,4.301204883197608,2024-12-25,2024,0.6161887004964494,0.45538209333778085,PIT,15.0,10.0,0.6666666666666666,10.333333333333334,155,10.333333333333334,155,-4.693333333333333,-0.23352306322446834,-17.02,-0.020899160100207138,2.287441077441078,1.9898692048692048,0.2975718725718726,9.010745053021244,23.533333333333335,353.0,71.0,19.933333333333334,299.0,53.0,AFC North,-2,3.6,54,0.4737718630575773,0.6484000000000001,7.212000000000001,3.9664769367755315,1.3333333333333333,0.8,0.9345238095238095,51.86666666666667,0.9333333333333333,17.0,0.3876139002609591,0.6358666666666667,6.069999999999999,4.179100839899793,1.2666666666666666,0.8666666666666667,0.7619047619047619,61.6,2.066666666666667,0.3876139002609591,0.9892549469787557,2024,0.4882740220367706,0.34169054287736517,KAN vs. PIT,PIT,10,1575.2075809376367,7.0,KAN,29,1789.3310155629945,1.0,0,-19,3.0,0,136.0,-162.0,0,0
LAC,2.0,2.0,1.0,11.0,22,11.5,23,-4.100000000000001,1.547895622895623,-26.35,-0.08636363636363664,2.216666666666667,0.553030303030303,1.6636363636363636,1.8603488160487653,24.0,48.0,10.0,6.5,13.0,3.0,AFC West,2,17.5,35,0.0,0.677,6.2,5.747895622895623,1.5,1.0,1.0,32.5,1.0,2.0,0.4145833333333333,0.7250000000000001,3.4899999999999998,4.113636363636363,0.5,0.0,0.75,52.5,2.0,0.4145833333333333,0.13965118395123466,2024-09-22,2024,0.4862843599889169,0.07432507721421096,PIT,2.0,2.0,1.0,10.5,21,10.0,20,-8.200000000000003,-0.5709349593495938,-45.25,-0.49306220095693787,1.490909090909091,0.8282828282828283,0.6626262626262627,1.663133938662935,15.5,31.0,9.0,8.0,16.0,4.0,AFC North,2,7.5,15,0.0,0.6945000000000001,6.140000000000001,3.6290650406504064,0.5,0.0,1.0,69.0,0.0,5.0,0.3891402714932127,0.593,3.305,3.7069377990430623,0.5,0.0,1.0,79.0,2.5,0.3891402714932127,0.3368660613370651,2024,0.5007570131436567,0.1336866061337065,LAC vs. PIT,PIT,20,1585.9935000197115,1.0,LAC,10,1585.9935000197115,1.0,1,10,-3.0,1,-148.0,124.0,0,0
NOR,7.0,2.0,0.2857142857142857,10.428571428571429,73,10.142857142857142,71,-8.528571428571428,-0.15454580479211044,-26.071428571428573,1.0559602302459443,2.424192474192474,2.5374236874236873,-0.11323121323121314,3.0775439208342883,25.285714285714285,177.0,31.0,25.714285714285715,180.0,32.0,NFC South,-5,-0.42857142857142855,-3,0.6555555555555556,0.6652857142857143,6.954285714285715,4.045454195207889,1.4285714285714286,1.4285714285714286,1.0,56.42857142857143,1.5714285714285714,2.0,0.45218164188752424,0.6355714285714286,5.547142857142857,5.255960230245945,0.7142857142857143,1.2857142857142858,0.8285714285714285,59.285714285714285,1.8571428571428572,0.45218164188752424,-1.0775439208342883,2024-10-27,2024,0.35928794218030735,0.31693882199859713,LAC,6.0,3.0,0.5,9.833333333333334,59,10.166666666666666,61,-5.5,-0.3853838088487213,-20.200000000000003,0.4902996480304597,1.7944444444444443,1.4195286195286194,0.37491582491582487,3.3728865682517277,17.666666666666668,106.0,24.0,13.833333333333334,83.0,16.0,AFC West,-1,3.8333333333333335,23,0.5866666666666667,0.6595,6.898333333333333,3.814616191151279,1.0,0.5,0.9166666666666666,43.666666666666664,0.6666666666666666,6.0,0.40821146446146445,0.6666666666666666,5.193333333333333,4.69029964803046,1.0,0.5,0.7777777777777777,35.333333333333336,1.6666666666666667,0.40821146446146445,-0.3728865682517277,2024,0.3814992157117473,0.20227818280866766,NOR vs. LAC,LAC,26,1493.580313143966,16.0,NOR,8,1376.5651491208932,22.0,1,18,-7.0,1,-310.0,250.0,0,0
TEN,8.0,2.0,0.25,11.25,90,10.625,85,-30.3125,0.13995535714285706,-10.000000000000004,0.24142571955071918,1.5527195027195027,2.4825757575757574,-0.9298562548562549,2.7532052067725763,17.5,140.0,26.0,26.625,213.0,35.0,AFC South,1,-9.125,-73,0.4261904761904762,0.6265000000000001,4.03875,4.339955357142857,1.125,0.75,1.0,58.875,2.125,-11.0,0.32247700216450215,0.63925,6.17875,4.441425719550719,1.5,1.0,0.9375,58.125,0.75,0.32247700216450215,-0.7532052067725763,2024-11-10,2024,0.26168981197765695,0.32152620259258796,LAC,8.0,5.0,0.625,10.375,83,10.75,86,-0.5500000000000007,-0.2914366572362412,-25.275000000000002,0.42561164078474945,1.8979166666666667,1.2441336441336441,0.6537830225330226,5.228457542931888,19.875,159.0,33.0,12.625,101.0,20.0,AFC West,2,7.25,58,0.49557823129251705,0.656125,7.6537500000000005,3.908563342763759,1.25,0.75,0.8125,41.375,0.5,9.0,0.38205145548895547,0.636125,4.9025,4.62561164078475,0.875,0.375,0.7291666666666666,37.875,1.625,0.38205145548895547,-0.22845754293188758,2024,0.3862362968121201,0.19684716444965442,TEN vs. LAC,LAC,27,1558.2606689129325,11.0,TEN,17,1395.2579402483832,22.0,1,10,-8.0,1,-380.0,300.0,0,0
TAM,13.0,7.0,0.5384615384615384,10.0,130,10.153846153846153,132,-0.5153846153846156,0.8502487489903877,-4.153846153846155,0.3273717215096522,2.815786136939983,2.331541748849441,0.48424438809054193,7.470854276836022,27.923076923076923,363.0,63.0,23.76923076923077,309.0,57.0,NFC South,3,4.153846153846154,54,0.49534632034632037,0.7036153846153846,7.199999999999999,5.050248748990388,2.1538461538461537,1.0769230769230769,0.9363636363636364,44.53846153846154,1.3846153846153846,-2.0,0.461724625299286,0.6766923076923077,7.393076923076923,4.5273717215096525,1.6153846153846154,0.9230769230769231,0.7454545454545454,53.84615384615385,1.2307692307692308,0.461724625299286,-0.47085427683602177,2024-12-15,2024,0.4670628287333317,0.3829611341610413,LAC,13.0,8.0,0.6153846153846154,9.923076923076923,129,10.384615384615385,135,-2.492307692307693,-0.15790463278582473,-17.515384615384615,0.44580555975824193,2.1522518080210387,1.6363471998087382,0.5159046082123004,8.047184906210981,21.307692307692307,277.0,55.0,15.923076923076923,207.0,41.0,AFC West,-1,5.384615384615385,70,0.5181277056277056,0.6530769230769231,7.58,4.042095367214175,1.0769230769230769,1.0,0.8846153846153846,42.76923076923077,0.46153846153846156,11.0,0.37081134677288524,0.6479230769230769,5.6207692307692305,4.645805559758243,1.1538461538461537,0.46153846153846156,0.7307692307692307,49.0,1.3076923076923077,0.37081134677288524,-0.04718490621098148,2024,0.4248090817879523,0.2792395548976352,TAM vs. LAC,LAC,17,1571.216678603259,8.0,TAM,40,1509.8478251292352,10.0,0,-23,-3.0,0,-162.0,136.0,0,0
LAC,15.0,9.0,0.6,10.0,150,10.333333333333334,155,-2.693333333333334,-0.22433985923689226,-12.566666666666666,0.5567677488600734,2.1846788396788397,1.86483423983424,0.3198445998445998,8.796772815749357,21.866666666666667,328.0,64.0,18.266666666666666,274.0,54.0,AFC West,1,3.6,54,0.528489367775082,0.6586,7.455333333333333,3.9756601407631083,1.2,1.0,0.9,41.6,0.6,10.0,0.35470316720316725,0.6641999999999999,6.132000000000001,4.7567677488600735,1.4,0.4666666666666667,0.7666666666666667,52.06666666666667,1.2666666666666666,0.35470316720316725,0.20322718425064323,2024-12-28,2024,0.432447351018685,0.32988140556969237,NWE,15.0,3.0,0.2,9.8,147,9.6,144,-19.279999999999998,0.35654118408787316,-5.4,0.1980700124022066,1.7804556554556554,2.612096237096237,-0.8316405816405816,5.465951559358801,17.266666666666666,259.0,49.0,24.066666666666666,361.0,62.0,AFC East,-5,-6.8,-102,0.4633525204953776,0.6463333333333333,5.291333333333333,4.556541184087873,1.0666666666666667,0.6666666666666666,0.7512820512820512,53.13333333333333,1.4,-9.0,0.3450641025641026,0.6485333333333333,7.23,4.398070012402206,1.5333333333333334,0.9333333333333333,0.8277777777777777,45.53333333333333,0.8,0.3450641025641026,-2.4659515593588006,2024,0.27853440979202665,0.33106990894433075,LAC vs. NWE,NWE,7,1246.669264669864,27.0,LAC,40,1579.8059454658942,10.0,0,-33,6.0,0,245.0,-305.0,0,0
LAC,16.0,10.0,0.625,10.0,160,10.25,164,-1.8687500000000004,-0.2245078072237757,-13.2875,0.5594697645563188,2.2981364121989123,1.796893210955711,0.5012432012432012,9.780957539038102,23.0,368.0,72.0,17.5625,281.0,55.0,AFC West,2,5.4375,87,0.5065900765900766,0.6580625,7.5225,3.9754921927762243,1.3125,1.0,0.90625,42.375,0.5625,11.0,0.3692989251353222,0.6565624999999999,6.0225,4.759469764556319,1.375,0.4375,0.7666666666666667,52.5625,1.25,0.3692989251353222,0.21904246096189794,2025-01-05,2024,0.4561605692145534,0.31899669792412516,LVR,16.0,4.0,0.25,10.4375,167,10.375,166,-19.5375,-0.719517532498343,-9.618750000000002,0.22309120816403188,1.7988199300699301,2.528488005050505,-0.7296680749805751,5.588542539576393,18.0625,289.0,59.0,25.0,400.0,74.0,AFC West,2,-6.9375,-111,0.4203579753579753,0.6464375,5.496875,3.4804824675016572,1.0625,0.625,0.8277777777777777,48.6875,1.75,-15.0,0.34581217393717395,0.6516875,6.364375,4.423091208164032,1.6875,0.8125,0.8726190476190476,50.75,0.8125,0.34581217393717395,-1.5885425395763928,2024,0.31821706218749735,0.3736625949063806,LAC vs. LVR,LVR,20,1500.0,1.0,LAC,34,1500.0,1.0,0,-14,7.0,0,275.0,-345.0,1,0
SFO,2.0,1.0,0.5,9.5,19,9.5,19,-6.599999999999994,0.20842105263157862,0.5500000000000043,0.6311403508771927,2.6277777777777778,2.2055555555555557,0.42222222222222217,1.1029601354488943,24.5,49.0,11.0,21.0,42.0,8.0,NFC West,-1,3.5,7,1.0,0.7165,7.545,4.408421052631579,0.5,1.5,1.0,35.0,1.0,2.0,0.3307692307692308,0.6545000000000001,8.175,4.831140350877193,2.0,0.5,1.0,31.5,2.0,0.3307692307692308,-0.10296013544889426,2024-09-22,2024,0.5491431186858464,0.18885049780023277,LAR,2.0,0.0,0.0,9.0,18,9.0,18,-12.75,-1.0706521739130437,19.900000000000006,1.316532258064516,1.6666666666666667,3.8625,-2.1958333333333337,0.38346233245988237,15.0,30.0,6.0,33.5,67.0,11.0,NFC West,-2,-18.5,-37,0.0,0.6990000000000001,6.4,3.1293478260869563,0.5,1.0,1.0,30.0,1.0,0.0,0.29924242424242425,0.7265,10.695,5.516532258064516,2.0,1.5,1.0,54.0,1.0,0.29924242424242425,-0.38346233245988237,2024,0.2694229445900196,0.18838650952614702,SFO vs. LAR,LAR,27,1400.0,24.0,SFO,24,1500.0,10.0,1,3,6.0,1,210.0,-258.0,1,0
LVR,6.0,2.0,0.3333333333333333,11.166666666666666,67,10.666666666666666,64,-20.783333333333335,-0.6842687780441334,-7.033333333333334,0.7400273859951275,1.6557239057239057,2.544276094276094,-0.8885521885521886,1.859510075232678,18.166666666666668,109.0,20.0,27.166666666666668,163.0,31.0,AFC West,-2,-9.0,-54,0.2866666666666667,0.6791666666666667,5.111666666666667,3.515731221955867,1.0,1.0,0.7,42.333333333333336,2.0,-10.0,0.32417027417027416,0.6686666666666667,6.456666666666667,4.940027385995127,1.3333333333333333,1.1666666666666667,0.9583333333333334,57.0,0.3333333333333333,0.32417027417027416,0.14048992476732192,2024-10-20,2024,0.3054970111824538,0.4149874678848619,LAR,5.0,1.0,0.2,8.8,44,9.0,45,-15.479999999999999,-0.3218872431915913,14.14,0.5882095418812685,2.1638888888888888,3.158333333333333,-0.9944444444444447,1.6536713618014847,18.8,94.0,18.0,27.8,139.0,23.0,NFC West,-2,-9.0,-45,0.3333333333333333,0.6694,6.264,3.8781127568084086,0.6,1.2,0.95,41.8,1.2,-2.0,0.3939393939393939,0.7004,9.443999999999999,4.788209541881269,2.0,1.2,0.9,68.4,0.8,0.3939393939393939,-0.6536713618014847,2024,0.35560870676169676,0.34206914968251484,LVR vs. LAR,LAR,20,1372.9027949936471,23.0,LVR,15,1404.1775222627812,18.0,1,5,-7.0,0,-355.0,280.0,0,0
MIN,6.0,5.0,0.8333333333333334,10.5,63,11.833333333333334,71,1.1166666666666683,0.3747737556561083,-20.216666666666665,-0.4084711779448622,2.7230880230880232,1.4932012432012431,1.2298867798867799,4.295243616579491,28.0,168.0,28.0,17.833333333333332,107.0,18.0,NFC North,-1,10.166666666666666,61,0.7933333333333333,0.6751666666666667,7.991666666666666,4.574773755656108,2.0,0.6666666666666666,1.0,56.666666666666664,1.6666666666666667,4.0,0.40270007770007776,0.658,5.551666666666667,3.791528822055138,1.6666666666666667,0.5,0.6666666666666666,67.66666666666667,2.3333333333333335,0.40270007770007776,0.7047563834205093,2024-10-24,2024,0.4966486209941117,0.24104604436988067,LAR,6.0,2.0,0.3333333333333333,9.166666666666666,55,9.666666666666666,58,-19.433333333333334,-0.28371555980251667,0.43333333333333474,0.49132404352174675,2.1062710437710437,2.8242521367521367,-0.717981092981093,2.3178131345647053,19.0,114.0,20.0,25.666666666666668,154.0,28.0,NFC West,1,-6.666666666666667,-40,0.3333333333333333,0.6593333333333333,5.936666666666667,3.9162844401974835,0.5,1.3333333333333333,0.76,39.5,1.1666666666666667,1.0,0.36161616161616167,0.6631666666666667,8.096666666666666,4.691324043521747,1.6666666666666667,1.0,0.9166666666666666,70.33333333333333,1.3333333333333333,0.36161616161616167,-0.3178131345647053,2024,0.344374961541533,0.3767276788281272,MIN vs. LAR,LAR,30,1427.3914728744276,20.0,MIN,20,1651.0009130923431,2.0,1,10,3.0,1,130.0,-155.0,0,0
LAR,7.0,3.0,0.42857142857142855,9.0,63,9.285714285714286,65,-13.157142857142857,-0.36550619411644286,3.8142857142857145,0.23671931003162708,2.3410894660894663,2.8289508110936685,-0.48786134500420225,3.0411255667402077,20.571428571428573,144.0,24.0,24.857142857142858,174.0,32.0,NFC West,2,-4.285714285714286,-30,0.4166666666666667,0.6701428571428572,6.408571428571428,3.8344938058835574,1.0,1.1428571428571428,0.76,39.57142857142857,1.1428571428571428,0.0,0.3670995670995671,0.6712857142857143,8.379999999999999,4.436719310031627,1.7142857142857142,0.8571428571428571,0.9285714285714286,67.42857142857143,1.1428571428571428,0.3670995670995671,-0.04112556674020773,2024-11-03,2024,0.3787142548712812,0.4190856744270623,SEA,8.0,4.0,0.5,10.625,85,10.75,86,-11.875000000000002,0.2887174772775119,-3.9374999999999973,0.6220357859052712,2.245580808080808,2.375,-0.12941919191919202,4.0441423730608985,23.75,190.0,31.0,24.375,195.0,34.0,NFC West,-1,-0.625,-5,0.5996598639455782,0.69625,6.3575,4.488717477277512,1.0,1.375,0.7708333333333333,59.5,1.5,-4.0,0.3486810064935065,0.689875,7.50375,4.822035785905271,1.5,1.125,0.738095238095238,62.375,1.0,0.3486810064935065,-0.04414237306089852,2024,0.3626935094634002,0.3437487780754788,LAR vs. SEA,SEA,20,1473.1430185193954,15.0,LAR,26,1505.7587511667966,20.0,0,-6,1.5,0,105.0,-125.0,1,0
MIA,8.0,2.0,0.25,10.0,80,10.125,81,-16.924999999999997,0.13580605307950594,-16.3125,0.45156516862752555,1.761634199134199,2.4462776806526807,-0.6846434815184815,2.648609994408468,15.5,124.0,26.0,23.375,187.0,35.0,AFC East,-3,-7.875,-63,0.5612244897959184,0.664,5.79125,4.335806053079506,0.75,0.75,0.8020833333333333,64.0,1.125,-3.0,0.3789772727272727,0.6125,6.27625,4.651565168627526,1.0,1.25,0.8125,54.5,0.75,0.3789772727272727,-0.648609994408468,2024-11-11,2024,0.298650218977156,0.34305347252423396,LAR,8.0,4.0,0.5,9.5,76,9.875,79,-13.6,-0.4906512531852209,1.4625000000000004,0.08743242658070394,2.298453282828283,2.6539033882783882,-0.3554501054501055,3.691754138106884,21.25,170.0,28.0,24.25,194.0,35.0,NFC West,3,-3.0,-24,0.42857142857142855,0.657375,6.44,3.709348746814779,1.125,1.0,0.7999999999999999,45.0,1.125,2.0,0.3500582750582751,0.664625,8.2225,4.287432426580704,1.875,0.75,0.9285714285714286,70.875,1.375,0.3500582750582751,0.30824586189311587,2024,0.38261658574507773,0.40472880564281494,MIA vs. LAR,LAR,15,1551.0787096888605,14.0,MIA,23,1351.551098259742,22.0,0,-8,-2.5,0,-142.0,120.0,0,0
LAR,9.0,4.0,0.4444444444444444,9.666666666666666,87,9.88888888888889,89,-14.944444444444445,-0.47070234851031983,-0.466666666666667,-0.05056511576664703,2.194584736251403,2.6145807895807898,-0.4199960533293867,3.958139025137903,20.555555555555557,185.0,33.0,24.11111111111111,217.0,40.0,NFC West,-1,-3.5555555555555554,-32,0.40625,0.6616666666666666,6.236666666666667,3.7292976514896807,1.0,0.8888888888888888,0.8047619047619048,47.111111111111114,1.2222222222222223,2.0,0.33894068894068896,0.6701111111111112,7.887777777777777,4.1494348842333535,1.7777777777777777,0.7777777777777778,0.9375,64.66666666666667,1.4444444444444444,0.33894068894068896,0.041860974862097056,2024-11-17,2024,0.3810746004731152,0.4015910599182071,NWE,10.0,3.0,0.3,10.1,101,10.0,100,-23.76,0.26012667628541974,-7.120000000000002,0.13324822588622315,1.5773754023754023,2.282628482628483,-0.7052530802530803,3.875485654014107,16.0,160.0,32.0,22.0,220.0,40.0,AFC East,1,-6.0,-60,0.44206349206349205,0.6134999999999999,4.79,4.4601266762854195,0.9,0.7,0.8518518518518517,51.0,1.2,-4.0,0.3404316516816517,0.6503,7.077,4.333248225886224,1.2,1.0,0.8416666666666666,47.2,0.8,0.3404316516816517,-0.8754856540141072,2024,0.2890935238332164,0.32498057383943574,LAR vs. NWE,NWE,22,1374.2773323911686,22.0,LAR,28,1475.1536876436226,15.0,0,-6,4.0,0,164.0,-198.0,0,0
PHI,10.0,8.0,0.8,10.0,100,9.8,98,0.4599999999999994,0.8447932384065109,-23.82,0.05180925013683631,2.6207575757575756,1.9314352314352312,0.6893223443223444,6.638208001913182,25.9,259.0,45.0,17.9,179.0,34.0,NFC East,6,8.0,80,0.4392857142857143,0.6900000000000001,7.784999999999999,5.044793238406511,1.2,1.9,0.7083333333333333,47.6,1.1,2.0,0.40724312452253625,0.6149,4.846,4.251809250136836,0.9,0.7,0.8888888888888888,33.1,1.3,0.40724312452253625,1.3617919980868178,2024-11-24,2024,0.5112806399139068,0.35949074279076715,LAR,10.0,5.0,0.5,9.6,96,9.8,98,-9.180000000000001,-0.39779878032595456,-0.6299999999999997,-0.04884193752331565,2.286237373737374,2.597567155067155,-0.3113297813297814,4.597260717517454,21.3,213.0,37.0,23.9,239.0,45.0,NFC West,1,-2.6,-26,0.39444444444444443,0.6622,7.002000000000001,3.8022012196740453,1.3,0.8,0.7041666666666667,49.0,1.1,4.0,0.33004662004662005,0.6775,7.745,4.151158062476684,1.8,0.7,0.9444444444444444,62.7,1.5,0.33004662004662005,0.4027392824825462,2024,0.40093890984568153,0.4317584364405251,PHI vs. LAR,LAR,20,1511.031049120734,14.0,PHI,37,1692.274503528222,4.0,0,-17,3.0,0,142.0,-170.0,0,0
LAR,11.0,5.0,0.45454545454545453,9.545454545454545,105,9.727272727272727,107,-8.42727272727273,-0.2788069720134941,-0.05454545454545403,0.2081234911404201,2.2804178145087235,2.73516206016206,-0.4547442456533366,4.786035664924799,21.181818181818183,233.0,40.0,25.09090909090909,276.0,52.0,NFC West,-1,-3.909090909090909,-43,0.43499999999999994,0.6626363636363636,6.966363636363638,3.921193027986506,1.3636363636363635,0.8181818181818182,0.625925925925926,48.0,1.0909090909090908,3.0,0.3000423818605637,0.677909090909091,7.8136363636363635,4.408123491140421,1.7272727272727273,0.9090909090909091,0.95,61.72727272727273,1.3636363636363635,0.3000423818605637,0.21396433507520118,2024-12-01,2024,0.3883624012147256,0.45125415923866646,NOR,11.0,4.0,0.36363636363636365,10.454545454545455,115,10.454545454545455,115,-5.636363636363637,0.33571806227972584,-20.136363636363637,0.6575571848191786,2.303273998728544,2.276983117892209,0.026290880836335493,5.101702051608949,23.818181818181817,262.0,47.0,23.636363636363637,260.0,46.0,NFC South,2,0.18181818181818182,2,0.5447222222222222,0.6493636363636364,7.594545454545454,4.535718062279726,1.3636363636363635,1.2727272727272727,0.9629629629629629,62.45454545454545,1.1818181818181819,2.0,0.4098382010146716,0.6301818181818182,6.249090909090909,4.857557184819179,0.9090909090909091,1.2727272727272727,0.7318181818181819,51.18181818181818,1.3636363636363635,0.4098382010146716,-1.1017020516089486,2024,0.36776284867539877,0.32357447085058366,LAR vs. NOR,NOR,14,1421.9446137026057,20.0,LAR,21,1484.980081476665,14.0,0,-7,2.5,0,120.0,-142.0,0,0
LAR,13.0,7.0,0.5384615384615384,9.23076923076923,120,9.538461538461538,124,-4.061538461538463,-0.21735858349354517,0.1923076923076934,0.3508527044432952,2.5834304584304584,2.8079576406499482,-0.22452718221948997,6.036883319750707,22.923076923076923,298.0,49.0,25.53846153846154,332.0,61.0,NFC West,2,-2.6153846153846154,-34,0.46224747474747474,0.6645384615384615,7.477692307692308,3.982641416506455,1.4615384615384615,1.0,0.6633333333333333,50.53846153846154,0.9230769230769231,3.0,0.34448030601876756,0.6693076923076924,7.8707692307692305,4.550852704443296,1.7692307692307692,1.0,0.9242424242424242,59.69230769230769,1.1538461538461537,0.34448030601876756,0.9631166802492928,2024-12-12,2024,0.4385850752129586,0.4905397751210961,SFO,13.0,6.0,0.46153846153846156,9.615384615384615,125,9.76923076923077,127,-5.553846153846152,0.5075606573487019,-11.938461538461537,-0.011468898570641296,2.492174492174492,2.4605866355866355,0.03158785658785657,6.502987725181008,23.692307692307693,308.0,59.0,23.692307692307693,308.0,53.0,NFC West,1,0.0,0,0.5353114478114478,0.6583076923076923,7.876923076923077,4.7075606573487025,1.2307692307692308,1.0769230769230769,0.8717948717948718,47.15384615384615,1.5384615384615385,-3.0,0.4292540792540792,0.6518461538461539,6.086923076923076,4.1885311014293585,1.3076923076923077,1.4615384615384615,0.875,36.69230769230769,1.3076923076923077,0.4292540792540792,-0.5029877251810078,2024,0.45373767643958185,0.3690742886525782,LAR vs. SFO,SFO,6,1500.0,10.0,LAR,12,1400.0,24.0,0,-6,-3.0,0,-155.0,130.0,1,0
LAR,14.0,8.0,0.5714285714285714,9.285714285714286,130,9.571428571428571,134,-5.471428571428573,-0.23491567715378067,-3.8571428571428563,0.2626339022462177,2.484613997113997,2.6502463806035235,-0.16563238348952639,6.874793300506103,22.142857142857142,310.0,53.0,24.142857142857142,338.0,63.0,NFC West,3,-2.0,-28,0.46219293526985833,0.6594285714285714,7.367142857142857,3.9650843228462196,1.3571428571428572,0.9285714285714286,0.693939393939394,49.785714285714285,0.8571428571428571,4.0,0.3389221889221889,0.6537857142857143,7.5,4.462633902246218,1.6428571428571428,0.9285714285714286,0.9305555555555555,57.214285714285715,1.1428571428571428,0.3389221889221889,1.125206699493897,2024-12-22,2024,0.4404593159742728,0.4743539563262876,NYJ,14.0,4.0,0.2857142857142857,9.642857142857142,135,9.642857142857142,135,-7.614285714285714,-0.0487322753107901,-13.414285714285713,-0.15069247543438052,2.159168212739641,2.479620181405896,-0.3204519686662544,6.2790703778295685,20.214285714285715,283.0,50.0,23.214285714285715,325.0,64.0,AFC East,1,-3.0,-42,0.47240793394639546,0.6322857142857143,6.6899999999999995,4.15126772468921,1.7142857142857142,0.5714285714285714,0.7045454545454546,65.5,0.9285714285714286,-1.0,0.39642318465847876,0.6264285714285714,6.509285714285714,4.049307524565619,0.9285714285714286,1.2857142857142858,0.8928571428571429,60.857142857142854,0.8571428571428571,0.39642318465847876,-2.2790703778295685,2024,0.310077503232022,0.3630367702745543,LAR vs. NYJ,NYJ,9,1351.879163116988,24.0,LAR,19,1637.2109386462837,12.0,0,-10,3.0,0,136.0,-162.0,0,0
SEA,16.0,9.0,0.5625,10.5,168,10.625,170,-13.393750000000002,0.11137794897493675,-10.143749999999999,0.25195901275804555,2.0668109668109667,2.070535714285714,-0.003724747474747523,8.683536680234397,21.5625,345.0,59.0,21.4375,343.0,60.0,NFC West,1,0.125,2,0.558039368039368,0.699375,6.08625,4.311377948974937,1.0625,1.0625,0.8444444444444444,60.25,1.5,-7.0,0.3552699904262404,0.6639375,6.53625,4.451959012758046,1.5,0.6875,0.8095238095238095,59.25,1.0625,0.3552699904262404,0.31646331976560305,2025-01-05,2024,0.3581366576883075,0.3378631614654177,LAR,16.0,10.0,0.625,9.125,146,9.5,152,-7.650000000000001,-0.27124036706967547,-5.656249999999999,0.2602023917381677,2.4339578823953825,2.445528083028083,-0.011570200632700665,8.434421955679568,21.375,342.0,60.0,22.25,356.0,67.0,NFC West,5,-0.875,-14,0.45072594072594074,0.65625,7.095000000000001,3.928759632930325,1.25,0.9375,0.741025641025641,49.25,0.8125,7.0,0.3528069153069153,0.6567500000000001,7.235625,4.460202391738168,1.5625,0.8125,0.9047619047619048,57.8125,1.25,0.3528069153069153,1.5655780443204321,2024,0.4511706689465864,0.4563707767144198,SEA vs. LAR,LAR,25,1505.7587511667966,20.0,SEA,30,1473.1430185193954,15.0,0,-5,7.5,1,285.0,-360.0,1,0
MIN,17.0,14.0,0.8235294117647058,10.058823529411764,171,10.882352941176471,185,0.882352941176471,-0.016333694770755577,-19.670588235294115,-0.3249603604270513,2.554884984296749,1.811372614313791,0.7435123699829582,10.89492632302431,25.41176470588235,432.0,79.0,19.529411764705884,332.0,59.0,NFC North,-1,5.882352941176471,100,0.5735845751470752,0.6712941176470588,7.935294117647059,4.183666305229245,2.0588235294117645,0.5294117647058824,0.8125,49.705882352941174,1.2352941176470589,12.0,0.39118675442204853,0.6590588235294118,5.6135294117647065,3.8750396395729494,1.411764705882353,0.7058823529411765,0.7777777777777778,69.70588235294117,1.9411764705882353,0.39118675442204853,3.1050736769756906,2025-01-13,2024,0.5463711112766012,0.35840996723102253,LAR,17.0,10.0,0.5882352941176471,9.176470588235293,156,9.470588235294118,161,-7.464705882352942,-0.26704975724204744,-3.2176470588235278,0.30666107457709907,2.4378427128427127,2.497751921281333,-0.05990920843862025,8.828046439534907,21.58823529411765,367.0,66.0,22.705882352941178,386.0,72.0,NFC West,-1,-1.1176470588235294,-19,0.45771181943056943,0.6564117647058824,7.128235294117648,3.9329502427579524,1.2941176470588236,0.8823529411764706,0.7595238095238095,46.94117647058823,0.8235294117647058,6.0,0.3530619707090295,0.6617058823529413,7.441764705882353,4.506661074577099,1.7058823529411764,0.7647058823529411,0.9111111111111111,55.76470588235294,1.1764705882352942,0.3530619707090295,1.1719535604650932,2024,0.4522431881563711,0.4517284093363123,MIN vs. LAR,LAR,30,1427.3914728744276,20.0,MIN,20,1651.0009130923431,2.0,1,10,3.0,1,130.0,-155.0,0,0
LAR,1.0,11.0,11.0,9.166666666666666,165,9.5,171,-6.127777777777779,-0.25827426567809536,-4.755555555555555,0.323967782555139,2.4690736732403398,2.4089879256545923,0.06008574758574755,9.759146479262702,21.88888888888889,394.0,70.0,21.944444444444443,395.0,74.0,NFC West,1,-0.05555555555555555,-1,0.47923050133257744,0.6590555555555555,7.23,3.9417257343219045,1.3333333333333333,0.8333333333333334,0.7755555555555556,49.611111111111114,0.7777777777777778,8.0,0.34455852789186125,0.6596666666666667,7.220000000000001,4.523967782555139,1.6666666666666667,0.7222222222222222,0.9166666666666666,53.77777777777778,1.2222222222222223,0.34455852789186125,1.2408535207372982,2025-01-19,2024,0.9506651300097628,0.5369775469857313,PHI,1.0,15.0,15.0,9.833333333333334,177,9.833333333333334,177,2.4444444444444455,0.7006592730356114,-22.81666666666667,0.0668375645277267,2.7877004168670836,1.812331495664829,0.9753689212022546,12.64948064501979,26.944444444444443,485.0,86.0,17.38888888888889,313.0,58.0,NFC East,3,9.555555555555555,172,0.475503029266005,0.672611111111111,7.822777777777778,4.900659273035611,1.4444444444444444,1.6111111111111112,0.7583333333333333,47.611111111111114,0.8333333333333334,15.0,0.40124864242511304,0.6212222222222222,4.850555555555555,4.266837564527727,1.2222222222222223,0.5555555555555556,0.75,43.27777777777778,1.6666666666666667,0.40124864242511304,2.350519354980211,2024,1.6279359577869952,0.7702266812929504,LAR vs. PHI,PHI,28,1779.10270253286,1.0,LAR,22,1678.8414816459344,6.0,1,6,-7.0,0,-325.0,260.0,0,1
PIT,5.0,3.0,0.6,10.0,50,9.6,48,-5.640000000000001,-0.49186447174645476,-18.84,-0.5727490739311624,1.854949494949495,1.5379797979797982,0.3169696969696969,3.336587724379387,18.4,92.0,20.0,14.6,73.0,15.0,AFC North,-2,3.8,19,0.4583333333333333,0.6776,6.768000000000001,3.7081355282535453,1.0,0.6,0.9333333333333332,51.2,0.8,4.0,0.3979638009049774,0.6418,5.7,3.627250926068838,1.2,0.2,0.8666666666666666,70.4,1.6,0.3979638009049774,-0.3365877243793869,2024-10-13,2024,0.37307298204964906,0.22896326722628835,LVR,5.0,2.0,0.4,11.2,56,10.8,54,-20.740000000000002,-0.58112253365296,-2.4,0.6823185774798675,1.7505050505050506,2.4131313131313132,-0.6626262626262627,1.7537559664405773,19.2,96.0,18.0,26.2,131.0,24.0,AFC West,-1,-7.0,-35,0.20833333333333331,0.6799999999999999,5.168,3.6188774663470404,1.0,1.0,0.7,42.4,1.8,-7.0,0.35264069264069264,0.6858000000000001,6.831999999999999,4.882318577479867,1.6,0.8,0.95,58.4,0.4,0.35264069264069264,0.2462440335594227,2024,0.33725854501453434,0.3774439140941709,PIT vs. LVR,LVR,13,1446.1005612823678,15.0,PIT,32,1502.7210114608229,5.0,0,-19,3.5,0,150.0,-180.0,0,0
LVR,9.0,2.0,0.2222222222222222,11.0,99,10.444444444444445,94,-21.311111111111114,-0.8966827431076927,-7.922222222222223,0.32982686301188313,1.7522230855564187,2.6873456790123456,-0.9351225934559267,2.7440894242445117,18.666666666666668,168.0,32.0,27.88888888888889,251.0,45.0,AFC West,-5,-9.222222222222221,-83,0.37604166666666666,0.6653333333333333,5.024444444444445,3.3033172568923077,1.0,0.7777777777777778,0.8125,46.333333333333336,2.111111111111111,-14.0,0.33235283235283236,0.6693333333333333,6.3533333333333335,4.529826863011883,1.6666666666666667,1.1111111111111112,0.8611111111111112,53.888888888888886,0.5555555555555556,0.33235283235283236,-0.7440894242445117,2024-11-17,2024,0.29650857286663934,0.38595269019976003,MIA,9.0,3.0,0.3333333333333333,10.0,90,10.222222222222221,92,-16.811111111111114,-0.007566336656600805,-17.355555555555558,0.366823359767677,1.8214526214526212,2.325984200984201,-0.5045315795315796,3.382225107377449,16.333333333333332,147.0,31.0,22.444444444444443,202.0,40.0,AFC East,1,-6.111111111111111,-55,0.5535714285714286,0.6695555555555556,5.726666666666667,4.192433663343399,0.7777777777777778,0.7777777777777778,0.824074074074074,58.55555555555556,1.2222222222222223,-3.0,0.38815073815073814,0.6217777777777778,6.091111111111111,4.566823359767677,0.8888888888888888,1.1111111111111112,0.8148148148148148,55.55555555555556,0.8888888888888888,0.38815073815073814,-0.3822251073774492,2024,0.32981607613740627,0.3680084489189638,LVR vs. MIA,MIA,34,1427.4761203049798,20.0,LVR,19,1304.913502727792,24.0,1,15,-8.0,1,-425.0,330.0,0,0
LVR,12.0,2.0,0.16666666666666666,10.583333333333334,127,10.166666666666666,122,-17.775000000000002,-0.6639703906641029,-5.950000000000002,0.02695202371578879,1.8507834757834758,2.8513678451178452,-1.0005843693343695,3.6482269492986,18.583333333333332,223.0,44.0,27.75,333.0,63.0,AFC West,-8,-9.166666666666666,-110,0.43601928374655646,0.6606666666666666,5.5633333333333335,3.536029609335897,1.1666666666666667,0.5833333333333334,0.7954545454545454,50.916666666666664,1.9166666666666667,-18.0,0.341526529026529,0.6635,6.648333333333333,4.226952023715789,1.75,0.9166666666666666,0.8791666666666668,50.5,0.4166666666666667,0.341526529026529,-1.6482269492986,2024-12-08,2024,0.29887008807799315,0.4024328566900193,TAM,12.0,6.0,0.5,10.0,120,10.25,123,-0.39999999999999974,0.7839233242267661,-1.5500000000000014,0.40131936496878984,2.8171016483516484,2.4054665242165245,0.4116351241351241,6.610480883147896,27.916666666666668,335.0,59.0,24.666666666666668,296.0,54.0,NFC South,2,3.25,39,0.5252262888626524,0.7105,7.115833333333334,4.983923324226766,2.0833333333333335,1.0833333333333333,0.9363636363636364,45.666666666666664,1.25,-1.0,0.46547945518533757,0.68125,7.671666666666667,4.6013193649687905,1.75,0.9166666666666666,0.72,55.75,1.1666666666666667,0.46547945518533757,-0.6104808831478961,2024,0.46665390825991254,0.3801043579336135,LVR vs. TAM,TAM,28,1489.8138733612836,14.0,LVR,13,1249.3582690881422,30.0,1,15,-7.0,1,-325.0,260.0,0,0
LVR,15.0,3.0,0.2,10.466666666666667,157,10.333333333333334,155,-20.6,-0.7611695785245484,-7.340000000000002,0.10257933999035197,1.7520745920745922,2.636447811447811,-0.8843732193732194,4.690871675909449,17.6,264.0,53.0,26.0,390.0,72.0,AFC West,1,-8.4,-126,0.4265740212168784,0.6514666666666666,5.3453333333333335,3.4388304214754517,1.0,0.6666666666666666,0.8154761904761905,50.6,1.8666666666666667,-17.0,0.3318292818292818,0.6580666666666667,6.569999999999999,4.302579339990353,1.7333333333333334,0.8666666666666667,0.8628205128205129,48.46666666666667,0.7333333333333333,0.3318292818292818,-1.6908716759094489,2024-12-29,2024,0.29952603022369395,0.38118590939119124,NOR,15.0,5.0,0.3333333333333333,10.2,153,10.133333333333333,152,-11.759999999999998,0.13041204658414823,-17.52,0.6277868753352259,2.0182698782698782,2.372168572168572,-0.35389869389869383,6.487157406709501,20.6,309.0,56.0,23.066666666666666,346.0,61.0,NFC South,-2,-2.466666666666667,-37,0.5284360480789052,0.6270666666666667,6.856,4.330412046584148,1.2666666666666666,1.0,0.8611111111111112,56.06666666666667,1.1333333333333333,-1.0,0.3874167009461127,0.6211333333333333,6.400666666666667,4.827786875335226,1.0,1.2666666666666666,0.7297619047619047,56.6,1.0666666666666667,0.3874167009461127,-1.4871574067095006,2024,0.32972513517397295,0.33477342025908796,LVR vs. NOR,NOR,10,1362.561348469139,23.0,LVR,25,1270.1543385191887,27.0,0,-15,2.0,0,105.0,-125.0,0,0
MIA,2.0,1.0,0.5,10.5,21,9.5,19,-23.3,-0.5358823529411767,0.14999999999999858,0.3384615384615386,1.4090909090909092,2.7102272727272725,-1.3011363636363638,0.6591978858115803,15.0,30.0,6.0,24.0,48.0,7.0,AFC East,-1,-9.0,-18,1.0,0.6315,5.825,3.6641176470588235,1.0,0.5,0.8333333333333333,76.5,1.5,-2.0,0.48333333333333334,0.6275000000000001,7.97,4.538461538461538,1.0,1.5,0.75,38.0,0.5,0.48333333333333334,0.34080211418841966,2024-09-22,2024,0.33440030202691706,0.24698986313997204,SEA,2.0,2.0,1.0,11.5,23,13.0,26,-6.600000000000001,-0.7773524720893144,-36.55,0.34944444444444445,2.128787878787879,1.5757575757575757,0.553030303030303,1.2326886078030395,24.5,49.0,10.0,20.0,40.0,8.0,NFC West,2,4.5,9,1.0,0.735,6.4350000000000005,3.422647527910686,1.0,1.5,1.0,45.5,1.0,1.0,0.4,0.5875,3.185,4.549444444444445,0.5,1.0,0.8333333333333333,51.0,1.5,0.4,0.7673113921969605,2024,0.6015894330862958,0.27189406033799396,MIA vs. SEA,SEA,24,1600.0,1.0,MIA,3,1500.0,10.0,1,21,-4.0,1,-205.0,170.0,0,0
TEN,3.0,0.0,0.0,11.333333333333334,34,10.0,30,-27.866666666666664,0.14249084249084257,-9.933333333333337,0.16919874419874356,1.4177156177156176,2.6,-1.1822843822843823,0.753775412059344,16.0,48.0,8.0,26.0,78.0,12.0,AFC South,-3,-10.0,-30,0.25,0.6793333333333335,3.59,4.342490842490843,1.3333333333333333,0.6666666666666666,1.0,36.666666666666664,2.6666666666666665,-7.0,0.32142857142857145,0.589,6.686666666666667,4.369198744198743,1.0,0.6666666666666666,1.0,66.66666666666667,0.3333333333333333,0.32142857142857145,-0.753775412059344,2024-09-30,2024,0.17617447748554163,0.16616327839208744,MIA,3.0,1.0,0.3333333333333333,10.666666666666666,32,10.0,30,-24.73333333333333,-0.5535511982570808,-5.166666666666667,0.27491638795986617,1.0303030303030303,2.5340909090909087,-1.503787878787879,0.6663848289845864,11.0,33.0,7.0,24.0,72.0,11.0,AFC East,-2,-13.0,-39,1.0,0.6293333333333333,5.343333333333334,3.646448801742919,0.6666666666666666,0.3333333333333333,0.7222222222222222,79.33333333333333,1.0,0.0,0.35000000000000003,0.6733333333333333,7.273333333333333,4.474916387959866,1.0,1.6666666666666667,0.6666666666666666,56.0,1.0,0.35000000000000003,0.3336151710154136,2024,0.2430761062198739,0.285219632012995,TEN vs. MIA,MIA,12,1464.0064999802885,15.0,TEN,31,1364.0064999802885,30.0,0,-19,-2.5,0,-135.0,114.0,0,0
MIA,4.0,1.0,0.25,10.75,43,10.75,43,-26.074999999999996,-0.5818300653594773,-16.35,0.04368729096989954,1.0454545454545454,2.496722027972028,-1.4512674825174825,0.7617928864901631,11.25,45.0,10.0,25.75,103.0,18.0,AFC East,-3,-14.5,-58,0.6666666666666666,0.631,4.895,3.6181699346405227,0.5,0.5,0.7916666666666666,84.0,1.0,0.0,0.3041666666666667,0.64775,6.1325,4.2436872909699,0.75,1.75,0.75,59.25,1.0,0.3041666666666667,0.23820711350983692,2024-10-06,2024,0.24640739032033937,0.3388821397859132,NWE,4.0,1.0,0.25,9.75,39,9.5,38,-27.875,0.23488247863247846,-1.875,-0.33716108452950566,1.2769660894660895,2.3005050505050506,-1.0235389610389611,1.299099594307707,13.0,52.0,12.0,21.75,87.0,16.0,AFC East,-3,-8.75,-35,0.611111111111111,0.5975,4.1025,4.4348824786324785,0.5,0.5,0.9166666666666666,43.0,1.0,0.0,0.31732954545454545,0.70025,7.797499999999999,3.8628389154704945,1.0,1.0,0.875,52.25,1.0,0.31732954545454545,-0.29909959430770705,2024,0.2846846465917149,0.2843053058623466,MIA vs. NWE,NWE,10,1397.9853938919734,23.0,MIA,15,1400.0,23.0,0,-5,2.0,0,110.0,-130.0,1,0
NWE,11.0,3.0,0.2727272727272727,10.0,110,9.909090909090908,109,-21.79090909090909,0.23344849359280584,-2.590909090909093,0.14461959929050583,1.656199860745315,2.3579450852178123,-0.7017452244724972,4.236363961634557,16.545454545454547,182.0,37.0,22.545454545454547,248.0,44.0,AFC East,-1,-6.0,-66,0.4423015873015873,0.6253636363636365,4.941818181818181,4.433448493592806,1.0,0.6363636363636364,0.8666666666666666,50.45454545454545,1.2727272727272727,-6.0,0.34844435867163137,0.6518181818181819,7.696363636363636,4.344619599290506,1.4545454545454546,0.9090909090909091,0.7651515151515151,48.90909090909091,0.7272727272727273,0.34844435867163137,-1.2363639616345568,2024-11-24,2024,0.29855746563596813,0.3216013225088236,MIA,10.0,4.0,0.4,9.6,96,9.8,98,-12.55,-0.11142508760632537,-16.42,0.2851410237909093,2.205974025974026,2.4100524475524474,-0.20407842157842154,4.181080212028733,18.1,181.0,37.0,22.1,221.0,44.0,AFC East,2,-4.0,-40,0.5167548500881834,0.6804,6.073,4.088574912393675,1.0,0.8,0.8416666666666666,55.0,1.1,-2.0,0.41600233100233097,0.6294,6.093999999999999,4.485141023790909,1.0,1.0,0.8333333333333334,54.9,0.9,0.41600233100233097,-0.18108021202873292,2024,0.378437533494726,0.3959515006844242,NWE vs. MIA,MIA,34,1400.0,23.0,NWE,15,1397.9853938919734,23.0,1,19,-7.5,1,-360.0,285.0,1,0
NYJ,12.0,3.0,0.25,9.833333333333334,118,9.583333333333334,115,-10.591666666666667,-0.13911795128563886,-14.358333333333333,-0.059594941848277516,1.9518999518999518,2.4178902116402115,-0.4659902597402597,5.2574421300547,18.75,225.0,39.0,22.333333333333332,268.0,51.0,AFC East,-3,-3.5833333333333335,-43,0.499442476715204,0.6355833333333333,6.1499999999999995,4.060882048714361,1.6666666666666667,0.5,0.6944444444444444,64.33333333333333,1.0833333333333333,-3.0,0.40138260432378076,0.6161666666666666,6.510833333333333,4.140405058151723,0.75,1.4166666666666667,0.875,58.083333333333336,0.8333333333333334,0.40138260432378076,-2.2574421300546996,2024-12-08,2024,0.26833316167222226,0.32309452997623933,MIA,12.0,5.0,0.4166666666666667,9.75,117,9.916666666666666,119,-7.166666666666667,-0.33501693808463634,-13.9,0.2588873610955989,2.2318302068302067,2.3720134032634035,-0.14018319643319638,5.261870998997198,19.333333333333332,232.0,46.0,22.166666666666668,266.0,51.0,AFC East,-1,-2.8333333333333335,-34,0.5137085137085138,0.6944166666666667,6.55,3.864983061915364,1.3333333333333333,0.6666666666666666,0.8680555555555555,53.5,1.0833333333333333,-2.0,0.3982559107559107,0.63525,6.359166666666667,4.4588873610955995,1.0833333333333333,0.9166666666666666,0.7777777777777778,55.666666666666664,0.9166666666666666,0.3982559107559107,-0.2618709989971979,2024,0.3845825741069294,0.38350460717867146,NYJ vs. MIA,MIA,32,1467.2228486934937,19.0,NYJ,26,1319.040659663669,25.0,1,6,-6.5,0,-298.0,240.0,1,0
SFO,14.0,6.0,0.42857142857142855,9.642857142857142,135,9.785714285714286,137,-9.192857142857141,0.40814842994409545,-12.785714285714283,-0.0437323982967985,2.3570191713048856,2.3705447330447327,-0.013525561739847465,6.665077744425612,22.428571428571427,314.0,61.0,22.857142857142858,320.0,57.0,NFC West,-1,-0.42857142857142855,-6,0.5355537624768394,0.6435714285714286,7.505714285714285,4.608148429944095,1.1428571428571428,1.0,0.880952380952381,45.57142857142857,1.5,-4.0,0.41645021645021646,0.6476428571428572,6.075714285714286,4.156267601703202,1.2142857142857142,1.3571428571428572,0.8863636363636364,36.92857142857143,1.2142857142857142,0.41645021645021646,-0.665077744425612,2024-12-22,2024,0.4303863796772686,0.366574853267852,MIA,14.0,6.0,0.42857142857142855,9.785714285714286,137,9.785714285714286,137,-8.885714285714286,-0.5262551198620191,-11.592857142857143,0.17921637753772426,2.227283034425892,2.4081543456543457,-0.18087131122845404,6.112058130441893,19.714285714285715,276.0,56.0,22.285714285714285,312.0,61.0,AFC East,-1,-2.5714285714285716,-36,0.5012444820137127,0.6971428571428572,6.28,3.6737448801379813,1.3571428571428572,0.6428571428571429,0.8869047619047619,53.92857142857143,1.2142857142857142,-5.0,0.371276739133882,0.6433571428571428,6.467142857142856,4.379216377537724,1.1428571428571428,0.8571428571428571,0.8095238095238095,58.642857142857146,0.8571428571428571,0.371276739133882,-0.11205813044189306,2024,0.40548735385571116,0.40988761941764573,SFO vs. MIA,MIA,29,1448.9434586878006,18.0,SFO,17,1448.826400148639,18.0,1,12,2.0,1,105.0,-125.0,0,0
MIA,16.0,8.0,0.5,9.875,158,9.9375,159,-7.48125,-0.46834360024963706,-13.700000000000001,0.1675286160597944,2.2544282106782108,2.2290100524475522,0.025418158230658294,7.881048263841958,20.3125,325.0,67.0,20.75,332.0,65.0,AFC East,2,-0.4375,-7,0.47631664631664633,0.7033125,6.47,3.731656399750363,1.3125,0.6875,0.9010416666666666,55.875,1.0625,-2.0,0.35706411643911645,0.6355,6.264375,4.367528616059794,1.125,0.75,0.8020833333333334,62.1875,0.9375,0.35706411643911645,0.11895173615804211,2025-01-05,2024,0.42720323034912533,0.3862939712461764,NYJ,16.0,4.0,0.25,9.5,152,9.5,152,-8.6125,6.759243639195556e-05,-11.181249999999999,-0.2124180602176067,2.0568069083694085,2.589310515873016,-0.5325036075036076,6.501199214201008,19.125,306.0,54.0,24.0,384.0,74.0,AFC East,-2,-4.875,-78,0.5008487808487808,0.639875,6.481875,4.200067592436392,1.6875,0.5,0.6875,68.6875,1.125,-5.0,0.39868652589240827,0.632125,6.669375,3.9875819397823933,1.0625,1.3125,0.90625,59.8125,0.8125,0.39868652589240827,-2.5011992142010078,2024,0.2997266621846815,0.3803089054889496,MIA vs. NYJ,NYJ,32,1319.040659663669,25.0,MIA,20,1467.2228486934937,19.0,1,12,-1.5,1,-122.0,102.0,1,0
SFO,1.0,1.0,1.0,9.0,9,9.0,9,-11.599999999999994,0.5368421052631573,-6.299999999999997,-0.6210526315789475,3.5555555555555554,2.111111111111111,1.4444444444444442,0.7747751652375652,32.0,32.0,8.0,19.0,19.0,3.0,NFC West,1,13.0,13,0.5,0.655,7.62,4.7368421052631575,0.0,2.0,1.0,40.0,0.0,2.0,0.46153846153846156,0.655,6.66,3.5789473684210527,2.0,1.0,,10.0,2.0,0.46153846153846156,0.22522483476243482,2024-09-15,2024,1.089088742011053,0.0750749449208116,MIN,1.0,1.0,1.0,9.0,9,12.0,12,12.0,0.06923076923076898,-57.6,-0.676190476190476,3.111111111111111,0.5,2.611111111111111,0.9746883927356275,28.0,28.0,3.0,6.0,6.0,2.0,NFC North,1,22.0,22,0.5,0.792,8.17,4.269230769230769,2.0,1.0,,63.0,2.0,0.0,0.3,0.524,1.81,3.523809523809524,0.0,0.0,1.0,95.0,2.0,0.3,0.025311607264372538,2024,0.34177053575479077,0.004218601210728756,SFO vs. MIN,MIN,23,1550.0,1.0,SFO,17,1550.0,1.0,1,6,4.5,1,180.0,-218.0,0,0
NYJ,4.0,2.0,0.5,10.0,40,9.75,39,-6.0,-0.5499518930726027,-24.199999999999996,0.46105384428813956,2.0508547008547007,1.5907287157287158,0.46012598512598524,2.3495910885244533,19.0,76.0,14.0,15.5,62.0,14.0,AFC East,-1,3.5,14,0.27777777777777773,0.64925,6.6525,3.6500481069273976,1.5,0.75,0.75,69.0,0.75,1.0,0.47965686274509806,0.6072500000000001,4.5875,4.66105384428814,0.5,0.75,0.875,57.25,1.0,0.47965686274509806,-0.3495910885244533,2024-10-06,2024,0.3194107797541103,0.23785721000421572,MIN,4.0,4.0,1.0,10.75,43,11.75,47,13.775000000000002,0.32406539538892454,-27.174999999999997,-0.4888972431077695,2.7563492063492063,1.2083333333333333,1.548015873015873,3.162861166615592,29.0,116.0,19.0,14.75,59.0,10.0,NFC North,4,14.25,57,0.8888888888888888,0.6917500000000001,8.975,4.5240653953889245,2.75,0.5,1.0,50.25,1.75,3.0,0.4271270396270397,0.63275,4.8875,3.7111027568922306,1.5,0.25,0.5,70.25,2.5,0.4271270396270397,0.8371388333844081,2024,0.5343351036878126,0.20410312943534087,NYJ vs. MIN,MIN,23,1684.157706389236,1.0,NYJ,17,1491.237779485243,10.0,1,6,-2.5,1,-142.0,120.0,0,0
MIN,9.0,7.0,0.7777777777777778,9.88888888888889,89,10.777777777777779,97,-1.8666666666666663,0.07157955568523262,-22.5,-0.557446509793001,2.5143338143338143,1.6590477423810759,0.8552860719527386,6.110994436543541,24.555555555555557,221.0,39.0,17.444444444444443,157.0,25.0,NFC North,2,7.111111111111111,64,0.6277777777777778,0.6924444444444444,7.5344444444444445,4.271579555685232,1.8888888888888888,0.4444444444444444,0.875,52.333333333333336,1.7777777777777777,4.0,0.39545084545084547,0.6568888888888889,5.181111111111111,3.642553490206999,1.5555555555555556,0.4444444444444444,0.6666666666666667,57.888888888888886,2.2222222222222223,0.39545084545084547,0.8890055634564593,2024-11-17,2024,0.48148716226567034,0.25455342392486996,TEN,9.0,2.0,0.2222222222222222,10.88888888888889,98,10.333333333333334,93,-24.266666666666666,0.35615079365079355,-6.322222222222226,0.1610393860393857,1.6163062246395579,2.5817340067340067,-0.9654277820944487,3.0036169090413685,17.444444444444443,157.0,29.0,26.666666666666668,240.0,40.0,AFC South,-1,-9.222222222222221,-83,0.4510416666666667,0.6438888888888888,4.542222222222223,4.556150793650794,1.2222222222222223,0.6666666666666666,0.9285714285714286,59.888888888888886,1.8888888888888888,-11.0,0.3236832611832612,0.6546666666666667,6.627777777777778,4.361039386039386,1.4444444444444444,1.1111111111111112,0.9444444444444444,55.0,0.6666666666666666,0.3236832611832612,-1.0036169090413685,2024,0.2629196254396829,0.33435522537436707,MIN vs. TEN,TEN,13,1367.1339407562411,26.0,MIN,23,1633.866388398891,4.0,0,-10,6.0,0,235.0,-290.0,0,0
MIN,14.0,12.0,0.8571428571428571,10.0,140,10.857142857142858,152,2.6714285714285717,-0.0015934599023720456,-21.264285714285712,-0.4952091626998218,2.669892805607091,1.6767966160823302,0.993096189524761,9.729480015830902,26.357142857142858,369.0,66.0,18.0,252.0,46.0,NFC North,7,8.357142857142858,117,0.5382762536608691,0.6840714285714286,8.180714285714286,4.198406540097628,2.0714285714285716,0.6428571428571429,0.8269230769230769,49.857142857142854,1.4285714285714286,8.0,0.40495754245754245,0.6451428571428571,5.603571428571429,3.704790837300178,1.3571428571428572,0.5,0.7638888888888888,72.0,2.0,0.40495754245754245,2.2705199841690984,2024-12-22,2024,0.5478848566097758,0.3300958267254598,SEA,14.0,8.0,0.5714285714285714,10.5,147,10.642857142857142,149,-14.228571428571431,0.09776527501897538,-8.464285714285712,0.3270059524688223,2.1715934858792,2.1695732838589983,0.00202020202020197,7.41496349113197,22.5,315.0,53.0,22.357142857142858,313.0,54.0,NFC West,-1,0.14285714285714285,2,0.5574446920600766,0.6950000000000001,6.059285714285714,4.297765275018976,1.0,1.2142857142857142,0.8589743589743589,61.57142857142857,1.5,-5.0,0.3642646044431759,0.6730714285714285,6.825714285714286,4.527005952468822,1.5,0.7857142857142857,0.7777777777777778,61.07142857142857,1.1428571428571428,0.3642646044431759,0.58503650886803,2024,0.3756107555733749,0.3516740035852702,MIN vs. SEA,SEA,24,1579.5243237206655,12.0,MIN,27,1728.4314885802155,2.0,0,-3,2.5,0,124.0,-148.0,0,0
SEA,1.0,1.0,1.0,12.0,12,15.0,15,-14.900000000000006,0.2242424242424237,-53.1,-0.2400000000000002,2.1666666666666665,1.3333333333333333,0.8333333333333333,0.6506285713666762,26.0,26.0,5.0,20.0,20.0,4.0,NFC West,1,6.0,6,0.5,0.72,5.32,4.424242424242424,1.0,2.0,1.0,41.0,2.0,1.0,0.3333333333333333,0.619,1.0,3.96,0.0,1.0,1.0,60.0,3.0,0.3333333333333333,0.3493714286333238,2024-09-15,2024,0.5622380952638849,0.09316571430221969,NWE,1.0,1.0,1.0,9.0,9,9.0,9,-25.0,0.1589743589743584,-15.400000000000006,0.17499999999999982,1.7777777777777777,1.1111111111111112,0.6666666666666665,0.75285707722682,16.0,16.0,4.0,10.0,10.0,2.0,AFC East,1,6.0,6,0.5,0.625,5.0,4.358974358974359,0.0,1.0,1.0,40.0,0.0,2.0,0.4,0.7240000000000001,5.31,4.375,0.0,1.0,1.0,10.0,2.0,0.4,0.24714292277317995,2024,0.5542857434547466,0.054920649505151097,SEA vs. NWE,NWE,20,1550.0,1.0,SEA,23,1550.0,1.0,0,-3,3.5,1,142.0,-170.0,0,0
NWE,2.0,1.0,0.5,10.0,20,10.0,20,-22.5,0.5489316239316238,-6.850000000000001,-0.8019736842105263,1.797979797979798,1.601010101010101,0.1969696969696969,1.1707970407904567,18.0,36.0,8.0,16.5,33.0,7.0,AFC East,-1,1.5,3,1.0,0.5905,5.1850000000000005,4.7489316239316235,0.5,1.0,0.8333333333333333,41.0,0.0,2.0,0.3875,0.7370000000000001,6.43,3.398026315789474,0.5,1.0,1.0,30.0,1.0,0.3875,-0.17079704079045666,2024-09-19,2024,0.3658405918419087,0.14511051786167006,NYJ,2.0,1.0,0.5,9.5,19,10.0,20,-4.600000000000001,-0.30635964912280733,-15.299999999999997,0.4898496240601502,2.2555555555555555,2.55050505050505,-0.29494949494949485,0.9188817794536632,21.5,43.0,7.0,24.5,49.0,11.0,AFC East,1,-3.0,-6,0.0,0.6275,6.73,3.8936403508771926,2.0,1.0,1.0,40.0,1.0,0.0,0.5083333333333333,0.667,6.4,4.68984962406015,0.5,1.5,1.0,42.5,1.0,0.5083333333333333,0.08111822054633677,2024,0.3833638827322199,0.29730751065024263,NWE vs. NYJ,NYJ,24,1500.0,10.0,NWE,3,1500.0,10.0,1,21,-6.5,1,-285.0,230.0,1,0
NWE,3.0,1.0,0.3333333333333333,9.0,27,9.333333333333334,28,-26.366666666666664,0.6992877492877492,1.1666666666666667,-0.5912147793726742,1.3415103415103413,2.0673400673400675,-0.7258297258297258,1.1779839839634627,13.0,39.0,9.0,19.0,57.0,11.0,AFC East,-2,-6.0,-18,0.75,0.5986666666666667,4.24,4.899287749287749,0.3333333333333333,0.6666666666666666,0.8888888888888888,50.666666666666664,0.3333333333333333,1.0,0.3189393939393939,0.7483333333333334,7.21,3.608785220627326,1.0,1.0,0.8333333333333334,55.333333333333336,0.6666666666666666,0.3189393939393939,-0.1779839839634627,2024-09-29,2024,0.3135573351151708,0.2385973354333561,SFO,3.0,1.0,0.3333333333333333,9.0,27,9.0,27,7.76666666666667,0.0820846233230131,-0.3333333333333286,0.27717049032838476,2.751851851851852,2.5953703703703703,0.15648148148148144,1.5336233437959248,24.333333333333332,73.0,15.0,23.0,69.0,13.0,NFC West,-2,1.3333333333333333,4,0.5,0.722,8.896666666666667,4.282084623323013,1.3333333333333333,1.0,0.8333333333333334,60.333333333333336,1.0,1.0,0.40233100233100233,0.6413333333333333,8.243333333333334,4.477170490328385,1.6666666666666667,1.0,1.0,46.0,1.3333333333333333,0.40233100233100233,-0.5336233437959248,2024,0.4567364178155695,0.2353444016129997,NWE vs. SFO,SFO,30,1435.9935000197115,15.0,NWE,13,1450.0,15.0,1,17,-10.5,1,-550.0,410.0,0,0
NYJ,7.0,2.0,0.2857142857142857,10.285714285714286,72,9.857142857142858,69,-15.057142857142859,-0.40949631985101104,-15.84285714285714,0.09022701636089943,1.8904761904761906,2.0989229024943308,-0.20844671201814055,3.201004582795249,18.285714285714285,128.0,23.0,20.714285714285715,145.0,29.0,AFC East,-4,-2.4285714285714284,-17,0.5166666666666666,0.6294285714285713,5.945714285714286,3.7905036801489893,1.5714285714285714,0.5714285714285714,0.625,73.14285714285714,1.2857142857142858,-3.0,0.4065826330532213,0.6014285714285714,6.089999999999999,4.2902270163609,0.8571428571428571,1.0,0.8571428571428571,62.714285714285715,0.8571428571428571,0.4065826330532213,-1.2010045827952491,2024-10-27,2024,0.26463669562640724,0.2881384411986289,NWE,7.0,1.0,0.14285714285714285,10.0,70,9.857142857142858,69,-22.22857142857143,0.2820111175374332,-4.228571428571429,0.2857758538301357,1.389035567606996,2.6129901844187557,-1.2239546168117597,1.9078743090312609,14.142857142857142,99.0,20.0,25.0,175.0,31.0,AFC East,-6,-10.857142857142858,-76,0.5083333333333333,0.604,4.887142857142857,4.482011117537433,1.0,0.42857142857142855,0.861111111111111,51.714285714285715,1.1428571428571428,-1.0,0.32968281718281717,0.6795714285714285,7.447142857142857,4.485775853830136,1.1428571428571428,1.2857142857142858,0.8452380952380952,46.42857142857143,1.0,0.32968281718281717,-0.9078743090312609,2024,0.24865819146811177,0.32682380211186524,NYJ vs. NWE,NWE,25,1500.0,10.0,NYJ,22,1500.0,10.0,1,3,7.0,1,245.0,-305.0,1,0
NWE,8.0,2.0,0.25,9.875,79,9.75,78,-23.075000000000003,0.1733726310710605,-2.4750000000000005,0.22505387210136873,1.5626283438783437,2.5919219669219666,-1.0292936230436232,2.483041506366491,15.5,124.0,24.0,24.625,197.0,35.0,AFC East,1,-9.125,-73,0.4765306122448979,0.6035,4.8425,4.373372631071061,0.875,0.75,0.8809523809523808,51.5,1.0,-1.0,0.3468057983682984,0.6705,7.695,4.425053872101369,1.25,1.25,0.8020833333333334,47.5,0.875,0.3468057983682984,-0.483041506366491,2024-11-03,2024,0.2854541200113991,0.36553453089290516,TEN,7.0,1.0,0.14285714285714285,11.285714285714286,79,10.571428571428571,74,-33.15714285714286,0.14822736787022497,-6.800000000000003,0.09020082234367909,1.5147963147963146,2.616450216450216,-1.1016539016539018,2.158085803386602,17.142857142857142,120.0,22.0,28.0,196.0,32.0,AFC South,-3,-10.857142857142858,-76,0.45555555555555555,0.6294285714285713,3.6285714285714286,4.348227367870225,1.0,0.8571428571428571,1.0,57.714285714285715,2.2857142857142856,-13.0,0.3060451453308596,0.6295714285714286,6.661428571428572,4.290200822343679,1.5714285714285714,1.0,1.0,58.142857142857146,0.42857142857142855,0.3060451453308596,-1.158085803386602,2024,0.23240888304791094,0.2991143905243798,NWE vs. TEN,TEN,20,1343.894869592543,31.0,NWE,17,1353.3688020466373,24.0,1,3,-3.0,0,-162.0,136.0,0,0
PHI,2.0,1.0,0.5,9.5,19,9.0,18,-16.550000000000004,0.20825035561877647,-2.200000000000003,2.395238095238095,2.8579545454545454,2.825,0.03295454545454546,1.0656100897146397,27.5,55.0,10.0,25.5,51.0,11.0,NFC East,-1,2.0,4,0.0,0.6775,5.74,4.408250355618777,1.5,1.5,1.0,55.0,2.0,-3.0,0.37362637362637363,0.588,8.22,6.595238095238095,2.0,0.5,0.875,55.5,0.5,0.37362637362637363,-0.06561008971463966,2024-09-22,2024,0.5090499763908842,0.285508028142749,NOR,2.0,2.0,1.0,10.5,21,11.0,22,32.900000000000006,0.668329868329868,-48.85,-1.1309523809523812,4.402777777777778,1.3666666666666667,3.0361111111111114,1.8548664887288089,45.5,91.0,16.0,14.5,29.0,7.0,NFC South,2,31.0,62,1.0,0.74,12.8,4.868329868329868,2.5,3.0,1.0,67.5,1.0,3.0,0.5817307692307692,0.543,3.285,3.069047619047619,0.5,0.5,1.0,53.0,2.5,0.5817307692307692,0.14513351127119112,2024,0.8171937185795013,0.1821803313385986,PHI vs. NOR,NOR,12,1600.0,1.0,PHI,15,1485.9935000197115,10.0,0,-3,-2.5,0,-142.0,120.0,0,0
TAM,5.0,3.0,0.6,9.2,46,10.0,50,8.440000000000001,0.4116315496098104,-14.580000000000002,0.6621693121693119,2.8072222222222223,2.2600000000000002,0.5472222222222222,2.7243384619465383,25.4,127.0,24.0,22.8,114.0,22.0,NFC South,-1,2.6,13,0.5416666666666666,0.724,7.856,4.611631549609811,2.2,0.6,1.0,33.4,0.8,2.0,0.43440559440559434,0.6678,6.008,4.862169312169312,1.0,1.4,0.65,57.6,1.2,0.43440559440559434,0.2756615380534617,2024-10-13,2024,0.5505038126664482,0.3762582153487046,NOR,5.0,2.0,0.4,9.8,49,9.6,48,-1.4400000000000006,-0.2316022219470497,-31.74,0.2897728937728935,2.7966666666666664,2.1077777777777778,0.6888888888888889,2.8404580131409243,28.0,140.0,25.0,19.2,96.0,19.0,NFC South,-3,8.8,44,0.7083333333333333,0.6778000000000001,7.981999999999999,3.9683977780529505,1.6,1.8,1.0,58.0,1.2,3.0,0.5126923076923078,0.6334,5.048,4.489772893772893,0.2,1.0,0.76,56.4,1.8,0.5126923076923078,-0.8404580131409243,2024,0.42444305988357917,0.25013040729301017,TAM vs. NOR,NOR,27,1450.2558329149592,15.0,TAM,51,1522.6479335389406,5.0,0,-24,3.5,0,145.0,-175.0,1,0
NOR,12.0,4.0,0.3333333333333333,10.25,123,10.166666666666666,122,-6.341666666666666,0.3421501592402863,-17.85,0.7010366148198792,2.257167832167832,2.3372345247345248,-0.08006669256669247,5.378389619433445,23.0,276.0,50.0,23.416666666666668,281.0,49.0,NFC South,-1,-0.4166666666666667,-5,0.536524334251607,0.6493333333333333,7.420833333333333,4.542150159240286,1.3333333333333333,1.1666666666666667,0.9333333333333333,60.416666666666664,1.0833333333333333,2.0,0.40346279537456003,0.62625,6.4433333333333325,4.90103661481988,1.0,1.25,0.7318181818181819,49.416666666666664,1.25,0.40346279537456003,-1.3783896194334453,2024-12-08,2024,0.3598106497481895,0.32203477366650357,NYG,12.0,2.0,0.16666666666666666,10.166666666666666,122,9.75,117,-22.150000000000002,0.21538889619060383,0.9249999999999995,1.0438405476053338,1.586437173937174,2.50520868020868,-0.9187715062715064,3.7219539021155423,15.25,183.0,37.0,23.25,279.0,49.0,NFC East,-7,-8.0,-96,0.43940705758887577,0.6370833333333333,4.953333333333334,4.415388896190604,0.6666666666666666,0.8333333333333334,0.75,46.083333333333336,1.4166666666666667,-8.0,0.3768518518518518,0.6994166666666667,7.604166666666667,5.243840547605334,1.0833333333333333,1.0833333333333333,0.8333333333333334,55.583333333333336,0.75,0.3768518518518518,-1.7219539021155423,2024,0.2597593617634733,0.32380645213414416,NOR vs. NYG,NYG,11,1235.2144910493778,30.0,NOR,14,1380.9179039333887,22.0,0,-3,5.5,1,200.0,-245.0,0,0
WAS,13.0,8.0,0.6153846153846154,9.615384615384615,125,9.461538461538462,123,-0.3538461538461545,0.5619218714419951,-4.030769230769234,0.5431782464564434,3.2455885994347535,2.5426391984084296,0.7029494010263241,7.74447076702097,28.923076923076923,376.0,70.0,22.76923076923077,296.0,51.0,NFC East,1,6.153846153846154,80,0.36393097643097644,0.7090000000000001,7.7930769230769235,4.761921871441995,1.3076923076923077,1.7692307692307692,0.7858974358974359,47.69230769230769,0.6923076923076923,4.0,0.43790849673202614,0.6501538461538462,7.086153846153847,4.743178246456443,1.6153846153846154,1.0,0.8333333333333333,48.46153846153846,1.0,0.43790849673202614,0.25552923297902996,2024-12-15,2024,0.5710074131129429,0.39088930011377765,NOR,13.0,5.0,0.38461538461538464,10.461538461538462,136,10.461538461538462,136,-7.392307692307692,0.20720620759709413,-20.523076923076925,0.6986157380946043,2.1663797740720816,2.2178868140406602,-0.05150703996857834,6.017511311812996,22.307692307692307,290.0,52.0,22.46153846153846,292.0,51.0,NFC South,1,-0.15384615384615385,-2,0.505702861952862,0.6489999999999999,7.2846153846153845,4.407206207597094,1.3076923076923077,1.1538461538461537,0.8484848484848485,58.84615384615385,1.0769230769230769,2.0,0.3980682213713888,0.6110769230769231,6.211538461538462,4.8986157380946045,0.9230769230769231,1.2307692307692308,0.7125,54.23076923076923,1.2307692307692308,0.3980682213713888,-1.0175113118129957,2024,0.35242613788785304,0.3168025583130867,WAS vs. NOR,NOR,19,1411.0980046998084,16.0,WAS,20,1513.2004470419258,9.0,0,-1,7.5,1,295.0,-375.0,0,0
NOR,16.0,5.0,0.3125,10.25,164,10.125,162,-13.7625,0.24918437059571588,-16.650000000000002,0.5826291429951954,1.9489461926961926,2.3801580364080364,-0.4312118437118436,6.589486543042557,19.9375,319.0,58.0,23.1875,371.0,67.0,NFC South,-3,-3.25,-52,0.5065403115403115,0.622625,6.632499999999999,4.449184370595716,1.25,0.9375,0.8717948717948718,57.875,1.1875,-3.0,0.3694531571369807,0.618,6.48625,4.782629142995195,1.0625,1.1875,0.7477777777777778,54.3125,1.0,0.3694531571369807,-1.5894865430425567,2025-01-05,2024,0.31852506878945563,0.3466452166728969,TAM,16.0,9.0,0.5625,9.9375,159,10.1875,163,4.637499999999999,0.9404543382090935,-4.162500000000001,-0.05531729445522582,3.0491898726273727,2.2358549436674435,0.8133349289599289,9.756104115156582,29.6875,475.0,82.0,22.875,366.0,68.0,NFC South,1,6.8125,109,0.48365190365190364,0.7204375000000001,7.8568750000000005,5.140454338209094,2.4375,0.9375,0.9500000000000001,46.8125,1.375,-4.0,0.488544115198527,0.6701875,7.32125,4.144682705544774,1.625,0.8125,0.7285714285714285,51.25,1.125,0.488544115198527,-0.7561041151565817,2024,0.49135198999888374,0.3713899233778192,NOR vs. TAM,TAM,27,1522.6479335389406,5.0,NOR,19,1450.2558329149592,15.0,1,8,-14.5,0,-1050.0,675.0,1,0
NYG,1.0,0.0,0.0,12.0,12,9.0,9,-57.6,-0.676190476190476,12.0,0.06923076923076898,0.5,3.111111111111111,-2.611111111111111,0.025311607264372524,6.0,6.0,2.0,28.0,28.0,3.0,NFC East,-1,-22.0,-22,0.5,0.524,1.81,3.523809523809524,0.0,0.0,1.0,95.0,2.0,0.0,0.3888888888888889,0.792,8.17,4.269230769230769,2.0,1.0,,63.0,2.0,0.3888888888888889,-0.025311607264372524,2024-09-15,2024,0.1624480654559379,-0.008437202421457474,WAS,1.0,0.0,0.0,8.0,8,8.0,8,-10.900000000000006,0.39999999999999947,45.099999999999994,-0.46666666666666723,2.5,4.625,-2.125,0.18877494740734563,20.0,20.0,3.0,37.0,37.0,7.0,NFC East,-1,-17.0,-17,0.5,0.708,6.71,4.6,0.0,3.0,0.0,51.0,0.0,0.0,0.25,0.8,12.0,3.733333333333333,4.0,0.0,1.0,46.0,0.0,0.25,-0.18877494740734563,2024,0.3042093947222454,-0.16517807898142747,NYG vs. WAS,WAS,21,1450.0,17.0,NYG,18,1450.0,17.0,1,3,-1.5,1,-125.0,105.0,1,0
NYG,4.0,1.0,0.25,10.0,40,9.25,37,-17.924999999999997,-0.707305194805195,4.274999999999999,0.23092052874661562,1.6404532967032968,2.441239316239316,-0.8007860195360195,1.4602644880903235,15.0,60.0,13.0,21.0,84.0,16.0,NFC East,-1,-6.0,-24,0.27777777777777773,0.6265000000000001,5.7375,3.4926948051948052,1.0,0.5,0.6666666666666666,54.5,1.5,-2.0,0.37177579365079366,0.742,7.465,4.430920528746616,1.5,0.25,0.5555555555555555,67.25,1.0,0.37177579365079366,-0.4602644880903235,2024-10-06,2024,0.28760351034266124,0.2745660012875326,SEA,4.0,3.0,0.75,11.25,45,11.5,46,-10.850000000000001,0.3482802856944731,-10.599999999999996,0.013214285714285734,2.2689393939393936,2.0227272727272725,0.2462121212121211,2.519138473974778,25.5,102.0,18.0,21.25,85.0,15.0,NFC West,-1,4.25,17,0.7222222222222222,0.7285,6.285,4.5482802856944735,1.0,2.0,0.625,63.25,1.5,-3.0,0.3931818181818182,0.7,7.07,4.213214285714286,1.0,1.25,0.7222222222222222,72.0,0.75,0.3931818181818182,0.48086152602522203,2024,0.44808615260252227,0.28376588527379526,NYG vs. SEA,SEA,20,1573.864708082735,3.0,NYG,29,1409.9838184071837,23.0,0,-9,-7.0,0,-310.0,250.0,0,0
PHI,5.0,3.0,0.6,9.2,46,9.0,45,-8.620000000000001,0.713744586691955,-10.420000000000005,0.7398883415435139,2.2965151515151514,2.4566666666666666,-0.16015151515151507,2.476467352376074,21.2,106.0,18.0,22.4,112.0,23.0,NFC East,1,-1.2,-6,0.4666666666666667,0.6716,6.836,4.913744586691955,1.2,1.2,0.6666666666666666,47.2,1.6,-6.0,0.3989010989010989,0.614,6.9719999999999995,4.939888341543513,1.4,0.6,0.9,42.2,0.4,0.3989010989010989,0.5235326476239259,2024-10-20,2024,0.43227646807491593,0.46240555953489015,NYG,6.0,2.0,0.3333333333333333,10.166666666666666,61,9.666666666666666,58,-17.95,-0.3739087130453356,-0.7000000000000005,1.307734897952289,1.6496961371961374,2.213856513856514,-0.5641603766603766,2.2760266392543054,16.0,96.0,19.0,20.166666666666668,121.0,22.0,NFC East,-1,-4.166666666666667,-25,0.35666666666666663,0.6198333333333333,5.811666666666667,3.8260912869546644,1.0,0.5,0.6,41.166666666666664,1.3333333333333333,-2.0,0.37632275132275134,0.7244999999999999,7.113333333333333,5.5077348979522895,1.1666666666666667,0.5,0.6666666666666666,61.0,1.0,0.37632275132275134,-0.2760266392543054,2024,0.2971461580714978,0.29864199407013015,PHI vs. NYG,NYG,3,1420.863221626081,18.0,PHI,28,1529.306988640209,11.0,0,-25,3.0,0,140.0,-166.0,1,0
NYG,7.0,2.0,0.2857142857142857,10.428571428571429,73,10.0,70,-20.614285714285717,-0.3173185794356845,-0.7000000000000008,1.3748838807845016,1.4497395461681177,2.2309246309246307,-0.7811850847565134,2.28102510350629,14.142857142857142,99.0,20.0,21.285714285714285,149.0,26.0,NFC East,-2,-7.142857142857143,-50,0.3972222222222222,0.615,5.192857142857143,3.882681420564315,0.8571428571428571,0.42857142857142855,0.6666666666666666,40.285714285714285,1.1428571428571428,-2.0,0.3531746031746032,0.7162857142857143,6.954285714285715,5.574883880784502,1.1428571428571428,0.8571428571428571,0.6666666666666666,57.285714285714285,0.8571428571428571,0.3531746031746032,-0.28102510350628984,2024-10-28,2024,0.26297357716218045,0.3034558108343602,PIT,7.0,5.0,0.7142857142857143,10.142857142857142,71,9.857142857142858,69,-7.142857142857143,-0.21312314875313662,-20.842857142857145,-0.6662493385222589,2.2626262626262625,1.4816738816738817,0.780952380952381,5.1255450550914565,23.0,161.0,34.0,14.428571428571429,101.0,19.0,AFC North,2,8.571428571428571,60,0.42777777777777776,0.6461428571428571,6.965714285714286,3.9868768512468633,1.0,1.1428571428571428,0.9523809523809523,48.857142857142854,0.5714285714285714,9.0,0.3792363099085788,0.6427142857142857,5.49,3.533750661477741,1.1428571428571428,0.42857142857142855,0.7222222222222222,63.42857142857143,1.8571428571428572,0.3792363099085788,-0.12554505509145653,2024,0.47028464411849186,0.23108621936493237,NYG vs. PIT,PIT,26,1577.708537859454,4.0,NYG,18,1385.9817311447262,22.0,1,8,-6.0,1,-270.0,220.0,0,0
WAS,8.0,6.0,0.75,8.75,70,8.75,70,3.299999999999999,0.8252371331415447,-5.587500000000003,0.9229203109977564,3.5656565656565657,2.5794327200577203,0.9862238455988457,5.138245221895986,29.5,236.0,46.0,20.875,167.0,30.0,NFC East,2,8.625,69,0.28809523809523807,0.732,8.4175,5.025237133141545,1.125,1.75,0.81875,44.875,0.375,4.0,0.4616013071895425,0.665125,6.875,5.122920310997756,1.5,1.0,0.9166666666666666,46.0,0.875,0.4616013071895425,0.8617547781040136,2024-11-03,2024,0.7279298567728297,0.4211654345412864,NYG,8.0,2.0,0.25,10.5,84,9.875,79,-21.825,-0.017653757006223902,0.8999999999999986,1.3514104924606323,1.4730675574425574,2.313170163170163,-0.8401026057276058,2.5759657753641276,14.625,117.0,25.0,21.875,175.0,31.0,NFC East,-3,-7.25,-58,0.4425170068027211,0.617125,5.175000000000001,4.182346242993776,0.75,0.5,0.7142857142857143,43.375,1.25,-3.0,0.3506944444444444,0.716,7.33,5.551410492460633,1.125,0.75,0.7222222222222222,56.375,0.875,0.3506944444444444,-0.5759657753641276,2024,0.27619174942841784,0.3151029445628355,WAS vs. NYG,NYG,22,1450.0,17.0,WAS,27,1450.0,17.0,0,-5,4.5,0,180.0,-218.0,1,0
TAM,10.0,4.0,0.4,9.7,97,10.2,102,2.0799999999999996,0.6849547839439143,1.7399999999999984,0.5701546665339766,2.861474358974359,2.6221367521367522,0.2393376068376068,5.06914359955141,27.9,279.0,48.0,26.6,266.0,48.0,NFC South,-4,1.3,13,0.5894179894179894,0.7079000000000001,7.15,4.884954783943915,2.4,0.8,0.9444444444444444,46.5,1.2,0.0,0.48736322501028384,0.6922,8.006,4.770154666533977,2.0,0.9,0.7333333333333333,56.5,1.2,0.48736322501028384,-1.0691435995514098,2024-11-24,2024,0.44193928579539415,0.373216771785816,NYG,10.0,2.0,0.2,10.3,103,9.8,98,-20.8,0.16608572304777228,2.1099999999999994,1.2207336571264007,1.634406426906427,2.402917082917083,-0.768510656010656,3.3618329621659138,15.6,156.0,32.0,22.2,222.0,40.0,NFC East,-5,-6.6,-66,0.45220458553791887,0.6301,5.147,4.366085723047773,0.8,0.7,0.7222222222222222,41.3,1.4,-6.0,0.38176767676767676,0.701,7.548,5.420733657126401,1.2,0.8,0.7916666666666666,59.0,0.8,0.38176767676767676,-1.3618329621659138,2024,0.26837023806863175,0.31176191991159535,TAM vs. NYG,NYG,7,1295.326622022319,27.0,TAM,30,1414.1101189300114,17.0,0,-23,6.5,0,240.0,-298.0,0,0
NYG,16.0,3.0,0.1875,10.25,164,9.875,158,-21.05,-0.029222681257270122,0.39999999999999947,0.6973827130140275,1.6733100233100233,2.6571517024642026,-0.9838416791541792,4.884152425732383,16.25,260.0,48.0,24.6875,395.0,66.0,NFC East,1,-8.4375,-135,0.4499241499241499,0.62325,5.440625,4.17077731874273,0.875,0.8125,0.75,55.5,1.375,-7.0,0.3639901034637877,0.7018125,7.8012500000000005,4.897382713014028,1.3125,1.125,0.7435897435897435,54.375,0.9375,0.3639901034637877,-1.884152425732383,2025-01-05,2024,0.25821672391952954,0.3424232357205944,PHI,16.0,13.0,0.8125,9.875,158,9.875,158,2.237500000000001,0.8750799174591803,-20.76875,0.08269226009369254,2.8597740800865803,1.8860951548451548,0.9736789252414253,11.04802067284918,27.6875,443.0,77.0,18.125,290.0,53.0,NFC East,1,9.5625,153,0.4832661782661783,0.6768125,7.87625,5.07507991745918,1.375,1.8125,0.7476190476190476,49.5625,0.9375,10.0,0.4266482292217586,0.6135625,5.099375,4.282692260093692,1.3125,0.5625,0.75,40.875,1.5625,0.4266482292217586,1.95197932715082,2024,0.5467968386829957,0.35540146532396893,NYG vs. PHI,PHI,20,1529.306988640209,11.0,NYG,13,1420.863221626081,18.0,1,7,-3.0,1,-155.0,130.0,1,0
NYJ,1.0,0.0,0.0,9.0,9,9.0,9,-6.299999999999997,-0.6210526315789475,-11.599999999999994,0.5368421052631573,2.111111111111111,3.5555555555555554,-1.4444444444444442,0.22522483476243474,19.0,19.0,3.0,32.0,32.0,8.0,AFC East,-1,-13.0,-13,0.5,0.655,6.66,3.5789473684210527,2.0,1.0,,10.0,2.0,-2.0,0.6,0.655,7.62,4.7368421052631575,0.0,2.0,1.0,40.0,0.0,0.6,-0.22522483476243474,2024-09-15,2024,0.25825838841252174,-0.20019985312216426,TEN,1.0,0.0,0.0,13.0,13,10.0,10,-50.5,1.1846153846153848,-45.2,-0.3818181818181827,1.3076923076923077,2.4,-1.0923076923076922,0.30634305530877154,17.0,17.0,3.0,24.0,24.0,3.0,AFC South,-1,-7.0,-7,0.5,0.594,1.06,5.384615384615385,1.0,1.0,1.0,50.0,3.0,-2.0,0.21428571428571427,0.483,2.21,3.8181818181818175,0.0,0.0,1.0,55.0,1.0,0.21428571428571427,-0.30634305530877154,2024,0.16007467954412963,-0.09190291659263147,NYJ vs. TEN,TEN,17,1450.0,17.0,NYJ,24,1450.0,17.0,0,-7,3.5,0,150.0,-180.0,0,0
NYJ,6.0,2.0,0.3333333333333333,10.333333333333334,62,9.666666666666666,58,-12.449999999999998,-0.3777457064928462,-19.88333333333333,0.11545003760623447,1.9555555555555557,1.8881373256373255,0.06741822991823,3.095716022299419,18.833333333333332,113.0,21.0,18.0,108.0,22.0,AFC East,-3,0.8333333333333334,5,0.48666666666666664,0.6318333333333334,6.086666666666666,3.8222542935071537,1.6666666666666667,0.5,0.75,77.0,1.1666666666666667,-1.0,0.42434640522875816,0.6096666666666667,5.381666666666667,4.315450037606235,0.6666666666666666,0.8333333333333334,0.8333333333333334,67.16666666666667,1.0,0.42434640522875816,-1.0957160222994191,2024-10-20,2024,0.27685474067664567,0.2468225503144045,PIT,6.0,4.0,0.6666666666666666,10.0,60,9.833333333333334,59,-9.733333333333334,-0.2384584883601409,-19.2,-0.6772908949426354,2.079124579124579,1.4786195286195287,0.6005050505050505,4.2308336155872865,20.666666666666668,124.0,27.0,14.333333333333334,86.0,17.0,AFC North,1,6.333333333333333,38,0.44666666666666666,0.6618333333333334,6.403333333333333,3.9615415116398593,0.8333333333333334,1.0,0.9444444444444443,51.0,0.6666666666666666,7.0,0.38291855203619907,0.6473333333333333,5.555,3.522709105057365,1.1666666666666667,0.3333333333333333,0.8666666666666666,65.66666666666667,1.8333333333333333,0.38291855203619907,-0.23083361558728654,2024,0.43268747883095354,0.2290277642232094,NYJ vs. PIT,PIT,37,1544.6440504804095,3.0,NYJ,15,1422.1261305532507,18.0,1,22,3.0,1,140.0,-166.0,0,0
SEA,11.0,6.0,0.5454545454545454,10.454545454545455,115,10.636363636363637,117,-12.990909090909094,-0.03280721978332111,-8.363636363636362,0.3237701338570322,2.172110717565263,2.179456906729634,-0.00734618916437103,5.899524402137081,22.363636363636363,246.0,40.0,22.181818181818183,244.0,43.0,NFC West,2,0.18181818181818182,2,0.5781746031746031,0.6980909090909091,6.2690909090909095,4.16719278021668,1.0909090909090908,1.1818181818181819,0.8166666666666667,58.36363636363637,1.5454545454545454,-6.0,0.3652411981957437,0.6805454545454546,6.956363636363636,4.523770133857032,1.3636363636363635,0.9090909090909091,0.7833333333333333,63.27272727272727,1.0,0.3652411981957437,0.1004755978629186,2024-12-01,2024,0.3510031809600923,0.3374673276675257,NYJ,11.0,3.0,0.2727272727272727,9.818181818181818,108,9.545454545454545,105,-8.954545454545455,-0.15522824122935494,-14.763636363636362,-0.015210292292982552,1.938436311163584,2.4013347763347763,-0.46289846517119243,4.881350479775905,18.545454545454547,204.0,37.0,22.0,242.0,47.0,AFC East,-2,-3.4545454545454546,-38,0.49484126984126986,0.6444545454545455,6.326363636363637,4.044771758770645,1.6363636363636365,0.5454545454545454,0.6944444444444444,62.63636363636363,1.0,-3.0,0.40290689702454413,0.6135454545454546,6.530909090909091,4.184789707707018,0.7272727272727273,1.4545454545454546,0.8636363636363636,58.81818181818182,0.7272727272727273,0.40290689702454413,-1.8813504797759046,2024,0.2839983436433431,0.33036928783595887,SEA vs. NYJ,NYJ,21,1340.9150992168927,23.0,SEA,26,1562.0575836586536,12.0,0,-5,-1.0,0,-115.0,-105.0,0,0
PHI,3.0,2.0,0.6666666666666666,9.333333333333334,28,9.0,27,-15.600000000000003,1.032166903745851,-12.433333333333337,1.2198139025725232,2.460858585858586,2.327777777777778,0.13308080808080813,1.6948249930610069,23.333333333333332,70.0,12.0,21.0,63.0,14.0,NFC East,1,2.3333333333333335,7,0.5,0.706,5.956666666666666,5.232166903745851,1.0,1.6666666666666667,0.6666666666666666,51.666666666666664,2.0,-4.0,0.39194139194139194,0.5786666666666667,6.88,5.419813902572524,1.6666666666666667,0.3333333333333333,0.9166666666666666,45.333333333333336,0.6666666666666666,0.39194139194139194,0.30517500693899313,2024-09-29,2024,0.4721678581341418,0.3984253098413074,TAM,3.0,2.0,0.6666666666666666,9.0,27,9.333333333333334,28,2.2666666666666657,-0.04522946859903406,-20.833333333333336,0.6684303350970012,2.4675925925925926,2.2333333333333334,0.23425925925925917,1.4831414340598976,21.333333333333332,64.0,12.0,20.666666666666668,62.0,13.0,NFC South,-1,0.6666666666666666,2,0.5,0.73,7.203333333333333,4.154770531400966,2.0,0.3333333333333333,1.0,33.333333333333336,1.0,0.0,0.3883449883449883,0.6756666666666667,5.63,4.868430335097002,0.0,2.0,0.6666666666666666,57.666666666666664,1.0,0.3883449883449883,0.5168585659401024,2024,0.5210160838429782,0.38951382568120635,PHI vs. TAM,TAM,33,1525.527670641467,6.0,PHI,16,1551.8357936304756,6.0,1,17,1.0,1,-105.0,-115.0,0,0
WAS,10.0,7.0,0.7,9.0,90,8.9,89,2.13,0.48502224239840325,-3.980000000000003,0.7529499022115583,3.445931845931846,2.611165223665224,0.8347666222666223,6.235724132434051,29.0,290.0,56.0,21.7,217.0,38.0,NFC East,-1,7.3,73,0.3351851851851852,0.7038,8.401,4.685022242398404,1.1,1.8,0.8550000000000001,45.2,0.4,6.0,0.4466619981325864,0.6573,6.922,4.952949902211559,1.7,1.0,0.9333333333333332,46.8,1.0,0.4466619981325864,0.7642758675659493,2024-11-14,2024,0.6697771650929923,0.4169016662556248,PHI,9.0,7.0,0.7777777777777778,10.0,90,9.777777777777779,88,2.033333333333333,0.7719924871183453,-24.133333333333336,0.15518488110442125,2.623063973063973,1.9460391460391462,0.6770248270248271,5.9331486737710195,25.88888888888889,233.0,40.0,17.88888888888889,161.0,31.0,NFC East,5,8.0,72,0.40669642857142857,0.6952222222222222,7.832222222222222,4.971992487118346,1.3333333333333333,1.7777777777777777,0.738095238095238,47.44444444444444,1.2222222222222223,1.0,0.38999236058059583,0.6067777777777779,4.877777777777777,4.355184881104421,0.8888888888888888,0.6666666666666666,0.875,34.0,1.3333333333333333,0.38999236058059583,1.0668513262289805,2024,0.4971284605545176,0.35488938271855863,WAS vs. PHI,PHI,26,1652.0382198585714,4.0,WAS,18,1583.3103261027013,7.0,1,8,-4.5,1,-230.0,190.0,1,0
PIT,13.0,10.0,0.7692307692307693,10.384615384615385,135,10.615384615384615,138,-3.9307692307692315,-0.25168950734044987,-22.446153846153848,-0.06323143882778871,2.4093628593628593,1.7457892534815613,0.6635736058812983,8.698349075500762,24.846153846153847,323.0,65.0,18.307692307692307,238.0,43.0,AFC North,2,6.538461538461538,85,0.4286495911495911,0.6479230769230769,7.427692307692308,3.9483104926595507,1.3076923076923077,0.9230769230769231,0.9236111111111112,53.0,0.8461538461538461,17.0,0.3934006541472605,0.6234615384615385,5.546153846153846,4.136768561172212,1.0769230769230769,0.9230769230769231,0.7222222222222222,66.15384615384616,2.1538461538461537,0.3934006541472605,1.3016509244992385,2024-12-15,2024,0.5296907749814532,0.31882440900416237,PHI,13.0,11.0,0.8461538461538461,9.76923076923077,127,9.692307692307692,126,0.6615384615384622,1.062313068318315,-20.97692307692308,0.12979168059796853,2.728360528360528,1.9433728664497896,0.7849876619107389,8.76462867406561,26.307692307692307,342.0,59.0,18.0,234.0,44.0,NFC East,9,8.307692307692308,108,0.4475198412698413,0.679076923076923,7.627692307692308,5.262313068318315,1.2307692307692308,1.9230769230769231,0.6969696969696969,47.92307692307692,0.8461538461538461,4.0,0.42993060860707916,0.6164615384615384,5.121538461538462,4.329791680597969,1.0769230769230769,0.6923076923076923,0.7916666666666666,33.23076923076923,1.1538461538461537,0.42993060860707916,2.2353713259343895,2024,0.5444499747002599,0.38239092694817645,PIT vs. PHI,PHI,27,1768.72310672252,3.0,PIT,13,1659.6803969168386,5.0,1,14,-5.5,1,-265.0,215.0,0,0
PHI,14.0,12.0,0.8571428571428571,9.642857142857142,135,9.642857142857142,135,2.2357142857142867,0.9092226790846939,-20.157142857142862,0.05581496391660105,2.774549062049062,1.9077351220208363,0.8668139400282258,9.614322715789731,26.357142857142858,369.0,64.0,17.642857142857142,247.0,47.0,NFC East,10,8.714285714285714,122,0.4722668357283742,0.6863571428571429,7.7749999999999995,5.109222679084694,1.2857142857142858,1.8571428571428572,0.7222222222222222,48.357142857142854,0.9285714285714286,3.0,0.44123808614354837,0.6178571428571429,5.167857142857143,4.255814963916601,1.0714285714285714,0.6428571428571429,0.8076923076923077,35.142857142857146,1.1428571428571428,0.44123808614354837,2.385677284210269,2024-12-22,2024,0.5548589133277552,0.38260678960734534,WAS,14.0,9.0,0.6428571428571429,9.5,133,9.428571428571429,132,0.6428571428571418,0.5013764316451179,-5.750000000000002,0.5124155145666974,3.1923322709036994,2.511815763601478,0.6805165073022216,8.274824672124465,28.285714285714285,396.0,74.0,22.5,315.0,55.0,NFC East,2,5.785714285714286,81,0.36552208475285397,0.7159285714285714,7.764285714285714,4.701376431645118,1.3571428571428572,1.6428571428571428,0.7773809523809524,50.285714285714285,0.6428571428571429,5.0,0.4444444444444445,0.6372142857142856,6.961428571428571,4.712415514566698,1.6428571428571428,0.9285714285714286,0.8518518518518517,47.57142857142857,1.0,0.4444444444444445,0.7251753278755348,2024,0.5852110495503703,0.4084873609486766,PHI vs. WAS,WAS,36,1583.3103261027013,7.0,PHI,33,1652.0382198585714,4.0,1,3,4.0,1,180.0,-218.0,1,0
WAS,2.0,14.0,7.0,9.526315789473685,181,9.631578947368421,183,2.021052631578947,0.5170296301223463,-9.063157894736845,0.7204009876153604,3.230575272680536,2.5139239415555203,0.7166513311250153,11.35627016476743,29.105263157894736,553.0,99.0,23.263157894736842,442.0,80.0,NFC East,7,5.842105263157895,111,0.44724175153096724,0.7041052631578948,7.758421052631578,4.717029630122346,1.736842105263158,1.4736842105263157,0.799074074074074,53.89473684210526,0.8421052631578947,7.0,0.4500224921277553,0.6316842105263158,6.80157894736842,4.92040098761536,1.4736842105263157,1.105263157894737,0.8547619047619047,49.68421052631579,1.2105263157894737,0.4500224921277553,2.6437298352325698,2025-01-26,2024,1.2699703140553162,0.7964436798322556,PHI,2.0,16.0,8.0,9.842105263157896,187,9.947368421052632,189,1.1631578947368428,0.8839063082009196,-21.931578947368422,0.12046265511649294,2.7883477633477636,1.8134368555421185,0.9749109078056446,13.28860233739934,27.0,513.0,92.0,17.63157894736842,335.0,62.0,NFC East,4,9.368421052631579,178,1.0601973054178937,0.6766842105263158,7.582105263157895,5.08390630820092,1.368421052631579,1.6842105263157894,0.7725490196078431,45.8421052631579,0.7894736842105263,17.0,0.4011829244027386,0.6196315789473684,4.991052631578947,4.3204626551164935,1.263157894736842,0.5263157894736842,0.7647058823529411,42.578947368421055,1.6842105263157894,0.4011829244027386,2.7113976626006604,2024,1.1589534357199487,0.6087477647651877,WAS vs. PHI,PHI,26,1652.0382198585714,4.0,WAS,18,1583.3103261027013,7.0,1,8,-4.5,1,-230.0,190.0,1,0
PIT,8.0,6.0,0.75,10.0,80,10.0,80,-4.737500000000001,-0.03809565838480106,-22.025,-0.3229681712069765,2.340909090909091,1.5010101010101011,0.8398989898989899,5.830604383233618,23.375,187.0,39.0,14.875,119.0,24.0,AFC North,3,8.5,68,0.40748299319727893,0.654625,7.34,4.161904341615199,1.0,1.0,0.9583333333333333,49.0,0.625,10.0,0.38952407886231416,0.641375,5.4350000000000005,3.8770318287930237,1.0,0.5,0.7619047619047619,63.625,1.875,0.38952407886231416,0.1693956167663817,2024-11-10,2024,0.4978225453967014,0.2688523356287393,WAS,9.0,7.0,0.7777777777777778,8.555555555555555,77,8.555555555555555,77,6.133333333333334,0.7025499663012561,-2.988888888888892,0.9415205631808014,3.5980439313772643,2.6420354337021004,0.9560084976751644,5.757258631708225,29.22222222222222,263.0,51.0,21.0,189.0,34.0,NFC East,3,8.222222222222221,74,0.2833333333333333,0.7264444444444444,8.74,4.902549966301256,1.2222222222222223,1.6666666666666667,0.8388888888888889,45.666666666666664,0.3333333333333333,5.0,0.45660856935366734,0.6766666666666666,6.974444444444444,5.141520563180801,1.5555555555555556,1.0,0.9333333333333332,46.55555555555556,0.8888888888888888,0.45660856935366734,1.2427413682917754,2024,0.7537948193115159,0.45346783047896155,PIT vs. WAS,WAS,27,1638.4492419145397,3.0,PIT,28,1602.6138590646376,3.0,0,-1,-1.5,0,-122.0,102.0,0,0
SFO,5.0,2.0,0.4,9.2,46,9.6,48,-5.439999999999998,0.4711738509168848,-11.02,0.3946356275303641,2.762222222222222,2.3072222222222223,0.45499999999999996,2.8873125196454876,25.2,126.0,24.0,21.2,106.0,21.0,NFC West,-1,4.0,20,0.3958333333333333,0.653,8.17,4.671173850916885,1.2,0.8,0.9,49.0,1.6,0.0,0.4581818181818182,0.6302,6.7780000000000005,4.594635627530364,1.4,0.8,0.9375,32.6,1.6,0.4581818181818182,-0.8873125196454876,2024-10-10,2024,0.42914999795003606,0.2723601545310198,SEA,5.0,3.0,0.6,11.2,56,11.4,57,-10.120000000000001,1.2931696831010329,-6.859999999999998,0.19998319327731098,2.1787878787878787,2.1454545454545455,0.03333333333333326,2.8121907674474653,24.4,122.0,21.0,22.8,114.0,20.0,NFC West,-2,1.6,8,0.6041666666666666,0.7228,6.284000000000001,5.493169683101033,1.0,1.6,0.6333333333333333,56.6,1.4,-3.0,0.3690909090909091,0.6952,7.332000000000001,4.399983193277311,1.2,1.0,0.7916666666666666,61.6,0.8,0.3690909090909091,0.18780923255253468,2024,0.3890856924414401,0.29388134965280943,SFO vs. SEA,SEA,24,1501.8866348030565,5.0,SFO,36,1427.29343156564,15.0,0,-12,3.5,0,164.0,-198.0,1,0
SEA,9.0,4.0,0.4444444444444444,11.0,99,11.0,99,-12.222222222222223,0.15024045118270413,-5.355555555555553,0.40106884673061133,2.1548019881353215,2.3333333333333335,-0.17853134519801195,4.393513801694223,23.333333333333332,210.0,34.0,24.555555555555557,221.0,38.0,NFC West,-2,-1.2222222222222223,-11,0.5782738095238095,0.6875555555555556,6.442222222222223,4.350240451182704,1.2222222222222223,1.2222222222222223,0.7708333333333333,63.44444444444444,1.6666666666666667,-6.0,0.339568302068302,0.6763333333333333,7.41,4.601068846730612,1.5555555555555556,1.0,0.7708333333333333,64.66666666666667,1.0,0.339568302068302,-0.39351380169422256,2024-11-17,2024,0.328418104087987,0.3244068187829624,SFO,9.0,5.0,0.5555555555555556,9.88888888888889,89,10.0,90,-3.555555555555554,0.6974254278382244,-20.91111111111111,-0.05415896103030625,2.638608305274972,2.299971941638608,0.3386363636363636,5.081673872341767,25.88888888888889,233.0,46.0,22.444444444444443,202.0,36.0,NFC West,2,3.4444444444444446,31,0.5159722222222223,0.6491111111111112,8.357777777777777,4.8974254278382245,1.3333333333333333,1.0,0.8888888888888888,49.0,1.3333333333333333,3.0,0.4271043771043771,0.6222222222222222,5.518888888888889,4.145841038969694,1.2222222222222223,1.2222222222222223,0.9642857142857143,39.111111111111114,1.6666666666666667,0.4271043771043771,-0.08167387234176715,2024,0.5121635479054666,0.35192560567369924,SEA vs. SFO,SFO,17,1427.29343156564,15.0,SEA,20,1501.8866348030565,5.0,0,-3,-6.0,0,-265.0,215.0,1,0
SFO,8.0,4.0,0.5,9.875,79,10.0,80,-6.1999999999999975,0.8834672426816388,-21.075,-0.04518809041835381,2.6809343434343433,2.3374684343434344,0.3434659090909091,4.4996138359054045,26.25,210.0,41.0,22.75,182.0,32.0,NFC West,1,3.5,28,0.5261904761904762,0.6435,8.09,5.083467242681639,1.25,1.125,0.9375,49.0,1.375,4.0,0.42367424242424245,0.622375,5.67,4.154811909581646,1.25,1.25,0.9583333333333334,38.75,1.875,0.42367424242424245,-0.49961383590540454,2024-11-10,2024,0.48657568469601015,0.3250193082047298,TAM,9.0,4.0,0.4444444444444444,9.666666666666666,87,10.222222222222221,92,4.488888888888888,0.7750526405961189,-0.022222222222223326,0.7213839729165397,2.957193732193732,2.657929724596391,0.29926400759734084,4.651203635987773,28.77777777777778,259.0,44.0,27.0,243.0,43.0,NFC South,-3,1.7777777777777777,16,0.6005952380952381,0.7175555555555556,7.4655555555555555,4.975052640596119,2.5555555555555554,0.7777777777777778,0.9375,47.0,1.3333333333333333,-1.0,0.5018321547733312,0.692,7.728888888888889,4.92138397291654,2.0,1.0,0.7625,57.333333333333336,1.2222222222222223,0.5018321547733312,-0.6512036359877733,2024,0.46915330781167053,0.381640390884693,SFO vs. TAM,TAM,20,1454.779327644214,16.0,SFO,23,1520.3850948109164,15.0,0,-3,6.5,1,240.0,-298.0,0,0
WAS,17.0,12.0,0.7058823529411765,9.705882352941176,165,9.705882352941176,165,0.31176470588235194,0.6709047737731035,-9.929411764705884,0.5475581370534846,3.123247993836229,2.475837071425307,0.6474109224109225,10.066716861647297,28.529411764705884,485.0,88.0,23.0,391.0,71.0,NFC East,5,5.529411764705882,94,0.4112352057664558,0.7048235294117646,7.51,4.870904773773104,1.7058823529411764,1.4705882352941178,0.8052083333333333,56.470588235294116,0.9411764705882353,1.0,0.4519859225741579,0.6228235294117647,6.654117647058823,4.747558137053485,1.4705882352941178,1.0588235294117647,0.8305555555555556,49.94117647058823,1.0,0.4519859225741579,1.933283138352703,2025-01-12,2024,0.5939853533600847,0.45392623986561204,TAM,17.0,10.0,0.5882352941176471,9.823529411764707,167,10.117647058823529,172,3.935294117647058,0.9777331152783878,-4.847058823529414,-0.10097974462659026,3.0683551742375275,2.2285170711641302,0.8398381030733971,10.453053508564858,29.529411764705884,502.0,87.0,22.647058823529413,385.0,73.0,NFC South,2,6.882352941176471,117,0.47295490967365966,0.7166470588235294,7.782352941176471,5.1777331152783885,2.411764705882353,0.9411764705882353,0.9533333333333334,49.35294117647059,1.3529411764705883,-5.0,0.4965709319515548,0.6671764705882354,7.23764705882353,4.099020255373411,1.588235294117647,0.7647058823529411,0.7466666666666666,52.76470588235294,1.0588235294117647,0.4965709319515548,-0.4530535085648584,2024,0.5070744433796609,0.388141960969482,WAS vs. TAM,TAM,37,1500.0,1.0,WAS,20,1500.0,1.0,1,17,-4.0,1,-198.0,164.0,0,0
TEN,11.0,3.0,0.2727272727272727,11.181818181818182,123,10.454545454545455,115,-20.599999999999998,0.049290840738209045,-6.900000000000003,-0.19207780584785963,1.6376625899353172,2.5259641873278236,-0.8883015973925065,3.808456016448706,18.363636363636363,202.0,38.0,26.363636363636363,290.0,48.0,AFC South,1,-8.0,-88,0.5022474747474748,0.642090909090909,5.251818181818181,4.249290840738209,1.2727272727272727,0.6363636363636364,0.9444444444444444,60.45454545454545,1.9090909090909092,-12.0,0.3271694214876033,0.6475454545454545,6.675454545454546,4.00792219415214,1.5454545454545454,1.0,0.9242424242424242,55.54545454545455,0.8181818181818182,0.3271694214876033,-0.808456016448706,2024-12-01,2024,0.2862370076681073,0.3487700483877171,WAS,12.0,7.0,0.5833333333333334,9.583333333333334,115,9.333333333333334,112,-1.4916666666666671,0.464304249617717,-3.0583333333333367,0.6732915851762987,3.166054316054316,2.6105864043364044,0.5554679117179118,6.876864623966616,27.833333333333332,334.0,64.0,23.083333333333332,277.0,47.0,NFC East,-3,4.75,57,0.3722222222222222,0.6986666666666667,7.8566666666666665,4.664304249617717,1.1666666666666667,1.6666666666666667,0.8513888888888889,46.25,0.6666666666666666,3.0,0.4208294428882664,0.6638333333333334,7.113333333333333,4.873291585176299,1.5833333333333333,1.0833333333333333,0.8095238095238094,44.75,0.9166666666666666,0.4208294428882664,0.12313537603338442,2024,0.5622323652653164,0.3889786924654532,TEN vs. WAS,WAS,42,1469.4503216610983,9.0,TEN,19,1425.7934189551438,21.0,1,23,-6.0,1,-250.0,205.0,0,0
