game_id,season,gameday,weekday,away_team,away_score,home_team,home_score,total_score,hm_spread,home_spread_odds,away_spread_odds,total_line,home_moneyline,away_moneyline,div_game
1999_01_MIN_ATL,1999,1999-09-12,Sunday,MIN,17.0,ATL,14.0,31.0,4.0,,,49.0,,,0
1999_01_KC_CHI,1999,1999-09-12,Sunday,KC,17.0,CHI,20.0,37.0,3.0,,,38.0,,,0
1999_01_PIT_CLE,1999,1999-09-12,Sunday,PIT,43.0,CLE,0.0,43.0,6.0,,,37.0,,,1
1999_01_OAK_GB,1999,1999-09-12,Sunday,OAK,24.0,GB,28.0,52.0,-9.0,,,43.0,,,0
1999_01_BUF_IND,1999,1999-09-12,Sunday,BUF,14.0,IND,31.0,45.0,3.0,,,45.5,,,1
1999_01_SF_JAX,1999,1999-09-12,Sunday,SF,3.0,JAX,41.0,44.0,-5.5,,,49.0,,,0
1999_01_CAR_NO,1999,1999-09-12,Sunday,CAR,10.0,NO,19.0,29.0,-3.5,,,38.0,,,1
1999_01_NE_NYJ,1999,1999-09-12,Sunday,NE,30.0,NYJ,28.0,58.0,-7.0,,,44.5,,,1
1999_01_ARI_PHI,1999,1999-09-12,Sunday,ARI,25.0,PHI,24.0,49.0,3.0,,,37.0,,,1
1999_01_DET_SEA,1999,1999-09-12,Sunday,DET,28.0,SEA,20.0,48.0,-9.5,,,42.0,,,0
1999_01_BAL_STL,1999,1999-09-12,Sunday,BAL,10.0,STL,27.0,37.0,-0.0,,,39.0,,,0
1999_01_NYG_TB,1999,1999-09-12,Sunday,NYG,17.0,TB,13.0,30.0,-5.5,,,37.5,,,0
1999_01_CIN_TEN,1999,1999-09-12,Sunday,CIN,35.0,TEN,36.0,71.0,-9.0,,,42.0,,,1
1999_01_DAL_WAS,1999,1999-09-12,Sunday,DAL,41.0,WAS,35.0,76.0,-2.5,,,42.0,,,1
1999_01_MIA_DEN,1999,1999-09-13,Monday,MIA,38.0,DEN,21.0,59.0,-6.0,,,43.0,,,0
1999_02_PIT_BAL,1999,1999-09-19,Sunday,PIT,23.0,BAL,20.0,43.0,2.5,,,38.0,,,1
1999_02_NYJ_BUF,1999,1999-09-19,Sunday,NYJ,3.0,BUF,17.0,20.0,-4.0,,,42.0,,,1
1999_02_JAX_CAR,1999,1999-09-19,Sunday,JAX,22.0,CAR,20.0,42.0,9.5,,,44.0,,,0
1999_02_SEA_CHI,1999,1999-09-19,Sunday,SEA,14.0,CHI,13.0,27.0,3.5,,,39.0,,,0
1999_02_SD_CIN,1999,1999-09-19,Sunday,SD,34.0,CIN,7.0,41.0,-1.0,,,40.5,,,0
1999_02_GB_DET,1999,1999-09-19,Sunday,GB,15.0,DET,23.0,38.0,6.5,,,43.0,,,1
1999_02_DEN_KC,1999,1999-09-19,Sunday,DEN,10.0,KC,26.0,36.0,3.5,,,40.5,,,1
1999_02_ARI_MIA,1999,1999-09-19,Sunday,ARI,16.0,MIA,19.0,35.0,-9.0,,,41.0,,,0
1999_02_OAK_MIN,1999,1999-09-19,Sunday,OAK,22.0,MIN,17.0,39.0,-11.0,,,47.5,,,0
1999_02_IND_NE,1999,1999-09-19,Sunday,IND,28.0,NE,31.0,59.0,-4.5,,,45.0,,,1
1999_02_WAS_NYG,1999,1999-09-19,Sunday,WAS,50.0,NYG,21.0,71.0,-2.5,,,41.0,,,1
1999_02_TB_PHI,1999,1999-09-19,Sunday,TB,19.0,PHI,5.0,24.0,6.5,,,36.5,,,0
1999_02_NO_SF,1999,1999-09-19,Sunday,NO,21.0,SF,28.0,49.0,-11.0,,,42.5,,,1
1999_02_CLE_TEN,1999,1999-09-19,Sunday,CLE,9.0,TEN,26.0,35.0,-16.0,,,40.0,,,1
1999_02_ATL_DAL,1999,1999-09-20,Monday,ATL,7.0,DAL,24.0,31.0,-6.5,,,42.0,,,0
1999_03_CLE_BAL,1999,1999-09-26,Sunday,CLE,10.0,BAL,17.0,27.0,-12.0,,,36.5,,,1
1999_03_PHI_BUF,1999,1999-09-26,Sunday,PHI,0.0,BUF,26.0,26.0,-11.5,,,38.0,,,0
1999_03_CIN_CAR,1999,1999-09-26,Sunday,CIN,3.0,CAR,27.0,30.0,-7.0,,,39.5,,,0
1999_03_MIN_GB,1999,1999-09-26,Sunday,MIN,20.0,GB,23.0,43.0,-0.0,,,47.5,,,1
1999_03_TEN_JAX,1999,1999-09-26,Sunday,TEN,20.0,JAX,19.0,39.0,-9.5,,,45.0,,,1
1999_03_DET_KC,1999,1999-09-26,Sunday,DET,21.0,KC,31.0,52.0,-3.5,,,39.5,,,0
1999_03_NYG_NE,1999,1999-09-26,Sunday,NYG,14.0,NE,16.0,30.0,-6.0,,,43.5,,,0
1999_03_WAS_NYJ,1999,1999-09-26,Sunday,WAS,27.0,NYJ,20.0,47.0,1.0,,,43.5,,,0
1999_03_CHI_OAK,1999,1999-09-26,Sunday,CHI,17.0,OAK,24.0,41.0,-7.0,,,38.0,,,0
1999_03_SEA_PIT,1999,1999-09-26,Sunday,SEA,29.0,PIT,10.0,39.0,-4.0,,,38.0,,,0
1999_03_IND_SD,1999,1999-09-26,Sunday,IND,27.0,SD,19.0,46.0,1.0,,,44.0,,,0
1999_03_ATL_STL,1999,1999-09-26,Sunday,ATL,7.0,STL,35.0,42.0,1.5,,,40.5,,,1
1999_03_DEN_TB,1999,1999-09-26,Sunday,DEN,10.0,TB,13.0,23.0,-2.5,,,38.0,,,0
1999_03_SF_ARI,1999,1999-09-27,Monday,SF,24.0,ARI,10.0,34.0,2.5,,,45.5,,,0
1999_04_BAL_ATL,1999,1999-10-03,Sunday,BAL,19.0,ATL,13.0,32.0,-2.5,,,36.5,,,0
1999_04_NO_CHI,1999,1999-10-03,Sunday,NO,10.0,CHI,14.0,24.0,1.0,,,37.0,,,0
1999_04_STL_CIN,1999,1999-10-03,Sunday,STL,38.0,CIN,10.0,48.0,3.5,,,44.0,,,0
1999_04_NE_CLE,1999,1999-10-03,Sunday,NE,19.0,CLE,7.0,26.0,12.0,,,38.0,,,0
1999_04_ARI_DAL,1999,1999-10-03,Sunday,ARI,7.0,DAL,35.0,42.0,-7.0,,,42.5,,,1
1999_04_NYJ_DEN,1999,1999-10-03,Sunday,NYJ,21.0,DEN,13.0,34.0,-5.5,,,40.0,,,0
1999_04_TB_MIN,1999,1999-10-03,Sunday,TB,14.0,MIN,21.0,35.0,-7.0,,,40.5,,,1
1999_04_PHI_NYG,1999,1999-10-03,Sunday,PHI,15.0,NYG,16.0,31.0,-9.5,,,35.5,,,1
1999_04_JAX_PIT,1999,1999-10-03,Sunday,JAX,17.0,PIT,3.0,20.0,3.0,,,42.0,,,1
1999_04_KC_SD,1999,1999-10-03,Sunday,KC,14.0,SD,21.0,35.0,-1.0,,,38.5,,,1
1999_04_OAK_SEA,1999,1999-10-03,Sunday,OAK,21.0,SEA,22.0,43.0,-3.5,,,40.5,,,1
1999_04_TEN_SF,1999,1999-10-03,Sunday,TEN,22.0,SF,24.0,46.0,-1.5,,,40.5,,,0
1999_04_CAR_WAS,1999,1999-10-03,Sunday,CAR,36.0,WAS,38.0,74.0,-8.5,,,45.5,,,0
1999_04_BUF_MIA,1999,1999-10-04,Monday,BUF,23.0,MIA,18.0,41.0,-4.5,,,40.5,,,1
1999_05_NYG_ARI,1999,1999-10-10,Sunday,NYG,3.0,ARI,14.0,17.0,-3.0,,,37.5,,,1
1999_05_PIT_BUF,1999,1999-10-10,Sunday,PIT,21.0,BUF,24.0,45.0,-6.5,,,38.0,,,0
1999_05_CIN_CLE,1999,1999-10-10,Sunday,CIN,18.0,CLE,17.0,35.0,3.0,,,36.0,,,1
1999_05_SD_DET,1999,1999-10-10,Sunday,SD,20.0,DET,10.0,30.0,-3.5,,,40.0,,,0
1999_05_TB_GB,1999,1999-10-10,Sunday,TB,23.0,GB,26.0,49.0,-6.0,,,40.5,,,1
1999_05_MIA_IND,1999,1999-10-10,Sunday,MIA,34.0,IND,31.0,65.0,1.5,,,44.5,,,1
1999_05_NE_KC,1999,1999-10-10,Sunday,NE,14.0,KC,16.0,30.0,-2.5,,,41.0,,,0
1999_05_CHI_MIN,1999,1999-10-10,Sunday,CHI,24.0,MIN,22.0,46.0,-13.0,,,43.5,,,1
1999_05_ATL_NO,1999,1999-10-10,Sunday,ATL,20.0,NO,17.0,37.0,-3.0,,,35.5,,,1
1999_05_DEN_OAK,1999,1999-10-10,Sunday,DEN,16.0,OAK,13.0,29.0,-7.0,,,38.0,,,1
1999_05_DAL_PHI,1999,1999-10-10,Sunday,DAL,10.0,PHI,13.0,23.0,9.5,,,37.0,,,1
1999_05_SF_STL,1999,1999-10-10,Sunday,SF,20.0,STL,42.0,62.0,-3.0,,,45.5,,,1
1999_05_BAL_TEN,1999,1999-10-10,Sunday,BAL,11.0,TEN,14.0,25.0,-7.0,,,38.5,,,1
1999_05_JAX_NYJ,1999,1999-10-11,Monday,JAX,16.0,NYJ,6.0,22.0,3.0,,,40.0,,,0
1999_06_WAS_ARI,1999,1999-10-17,Sunday,WAS,24.0,ARI,10.0,34.0,3.5,,,45.5,,,1
1999_06_STL_ATL,1999,1999-10-17,Sunday,STL,41.0,ATL,13.0,54.0,6.0,,,45.0,,,1
1999_06_OAK_BUF,1999,1999-10-17,Sunday,OAK,20.0,BUF,14.0,34.0,-3.5,,,40.5,,,0
1999_06_PHI_CHI,1999,1999-10-17,Sunday,PHI,20.0,CHI,16.0,36.0,-6.5,,,35.0,,,0
1999_06_PIT_CIN,1999,1999-10-17,Sunday,PIT,17.0,CIN,3.0,20.0,5.0,,,37.5,,,1
1999_06_GB_DEN,1999,1999-10-17,Sunday,GB,10.0,DEN,31.0,41.0,3.5,,,40.0,,,0
1999_06_MIN_DET,1999,1999-10-17,Sunday,MIN,23.0,DET,25.0,48.0,3.5,,,45.0,,,1
1999_06_CLE_JAX,1999,1999-10-17,Sunday,CLE,7.0,JAX,24.0,31.0,-17.5,,,37.5,,,1
1999_06_MIA_NE,1999,1999-10-17,Sunday,MIA,31.0,NE,30.0,61.0,-2.5,,,42.5,,,1
1999_06_TEN_NO,1999,1999-10-17,Sunday,TEN,24.0,NO,21.0,45.0,3.0,,,36.5,,,0
1999_06_IND_NYJ,1999,1999-10-17,Sunday,IND,16.0,NYJ,13.0,29.0,2.5,,,42.5,,,1
1999_06_SEA_SD,1999,1999-10-17,Sunday,SEA,10.0,SD,13.0,23.0,1.5,,,37.5,,,1
1999_06_CAR_SF,1999,1999-10-17,Sunday,CAR,31.0,SF,29.0,60.0,-5.0,,,44.0,,,1
1999_06_DAL_NYG,1999,1999-10-18,Monday,DAL,10.0,NYG,13.0,23.0,3.0,,,37.0,,,1
1999_07_KC_BAL,1999,1999-10-21,Thursday,KC,35.0,BAL,8.0,43.0,1.0,,,36.0,,,0
1999_07_DET_CAR,1999,1999-10-24,Sunday,DET,24.0,CAR,9.0,33.0,-4.5,,,43.5,,,0
1999_07_WAS_DAL,1999,1999-10-24,Sunday,WAS,20.0,DAL,38.0,58.0,-2.0,,,44.0,,,1
1999_07_CIN_IND,1999,1999-10-24,Sunday,CIN,10.0,IND,31.0,41.0,-11.0,,,44.0,,,0
1999_07_PHI_MIA,1999,1999-10-24,Sunday,PHI,13.0,MIA,16.0,29.0,-9.0,,,34.0,,,0
1999_07_SF_MIN,1999,1999-10-24,Sunday,SF,16.0,MIN,40.0,56.0,-7.0,,,48.5,,,0
1999_07_DEN_NE,1999,1999-10-24,Sunday,DEN,23.0,NE,24.0,47.0,-3.5,,,40.5,,,0
1999_07_NO_NYG,1999,1999-10-24,Sunday,NO,3.0,NYG,31.0,34.0,-3.0,,,34.0,,,0
1999_07_NYJ_OAK,1999,1999-10-24,Sunday,NYJ,23.0,OAK,24.0,47.0,-6.5,,,37.0,,,0
1999_07_GB_SD,1999,1999-10-24,Sunday,GB,31.0,SD,3.0,34.0,3.0,,,37.5,,,0
1999_07_BUF_SEA,1999,1999-10-24,Sunday,BUF,16.0,SEA,26.0,42.0,-2.5,,,38.0,,,0
1999_07_CLE_STL,1999,1999-10-24,Sunday,CLE,3.0,STL,34.0,37.0,-18.5,,,43.5,,,0
1999_07_CHI_TB,1999,1999-10-24,Sunday,CHI,3.0,TB,6.0,9.0,-8.0,,,36.5,,,1
1999_07_ATL_PIT,1999,1999-10-25,Monday,ATL,9.0,PIT,13.0,22.0,-5.5,,,37.0,,,0
1999_08_NE_ARI,1999,1999-10-31,Sunday,NE,27.0,ARI,3.0,30.0,3.0,,,40.5,,,0
1999_08_CAR_ATL,1999,1999-10-31,Sunday,CAR,20.0,ATL,27.0,47.0,-2.0,,,40.0,,,1
1999_08_BUF_BAL,1999,1999-10-31,Sunday,BUF,13.0,BAL,10.0,23.0,3.5,,,36.5,,,0
1999_08_JAX_CIN,1999,1999-10-31,Sunday,JAX,41.0,CIN,10.0,51.0,12.5,,,38.0,,,1
1999_08_MIN_DEN,1999,1999-10-31,Sunday,MIN,23.0,DEN,20.0,43.0,2.5,,,45.0,,,0
1999_08_TB_DET,1999,1999-10-31,Sunday,TB,3.0,DET,20.0,23.0,2.5,,,35.0,,,1
1999_08_DAL_IND,1999,1999-10-31,Sunday,DAL,24.0,IND,34.0,58.0,-3.0,,,46.0,,,0
1999_08_SD_KC,1999,1999-10-31,Sunday,SD,0.0,KC,34.0,34.0,-6.0,,,35.0,,,1
1999_08_CLE_NO,1999,1999-10-31,Sunday,CLE,21.0,NO,16.0,37.0,-9.5,,,33.5,,,0
1999_08_MIA_OAK,1999,1999-10-31,Sunday,MIA,16.0,OAK,9.0,25.0,-3.0,,,37.0,,,0
1999_08_NYG_PHI,1999,1999-10-31,Sunday,NYG,23.0,PHI,17.0,40.0,2.5,,,33.5,,,1
1999_08_STL_TEN,1999,1999-10-31,Sunday,STL,21.0,TEN,24.0,45.0,3.0,,,44.5,,,0
1999_08_CHI_WAS,1999,1999-10-31,Sunday,CHI,22.0,WAS,48.0,70.0,-8.5,,,44.0,,,0
1999_08_SEA_GB,1999,1999-11-01,Monday,SEA,27.0,GB,7.0,34.0,-5.5,,,42.5,,,0
1999_09_JAX_ATL,1999,1999-11-07,Sunday,JAX,30.0,ATL,7.0,37.0,6.0,,,41.0,,,0
1999_09_PHI_CAR,1999,1999-11-07,Sunday,PHI,7.0,CAR,33.0,40.0,-5.0,,,36.0,,,0
1999_09_BAL_CLE,1999,1999-11-07,Sunday,BAL,41.0,CLE,9.0,50.0,3.5,,,32.5,,,1
1999_09_STL_DET,1999,1999-11-07,Sunday,STL,27.0,DET,31.0,58.0,4.0,,,45.0,,,0
1999_09_CHI_GB,1999,1999-11-07,Sunday,CHI,14.0,GB,13.0,27.0,-9.0,,,40.5,,,1
1999_09_KC_IND,1999,1999-11-07,Sunday,KC,17.0,IND,25.0,42.0,-4.0,,,45.0,,,0
1999_09_TEN_MIA,1999,1999-11-07,Sunday,TEN,0.0,MIA,17.0,17.0,-3.0,,,37.0,,,0
1999_09_TB_NO,1999,1999-11-07,Sunday,TB,31.0,NO,16.0,47.0,3.5,,,33.5,,,0
1999_09_ARI_NYJ,1999,1999-11-07,Sunday,ARI,7.0,NYJ,12.0,19.0,-7.0,,,35.0,,,0
1999_09_DEN_SD,1999,1999-11-07,Sunday,DEN,33.0,SD,17.0,50.0,-0.0,,,35.5,,,1
1999_09_CIN_SEA,1999,1999-11-07,Sunday,CIN,20.0,SEA,37.0,57.0,-14.0,,,40.0,,,0
1999_09_PIT_SF,1999,1999-11-07,Sunday,PIT,27.0,SF,6.0,33.0,-2.5,,,41.5,,,0
1999_09_BUF_WAS,1999,1999-11-07,Sunday,BUF,34.0,WAS,17.0,51.0,-4.0,,,47.0,,,0
1999_09_DAL_MIN,1999,1999-11-08,Monday,DAL,17.0,MIN,27.0,44.0,-6.5,,,47.5,,,0
1999_10_DET_ARI,1999,1999-11-14,Sunday,DET,19.0,ARI,23.0,42.0,5.5,,,35.5,,,0
1999_10_MIA_BUF,1999,1999-11-14,Sunday,MIA,3.0,BUF,23.0,26.0,-3.0,,,37.0,,,1
1999_10_MIN_CHI,1999,1999-11-14,Sunday,MIN,27.0,CHI,24.0,51.0,6.5,,,43.0,,,1
1999_10_TEN_CIN,1999,1999-11-14,Sunday,TEN,24.0,CIN,14.0,38.0,10.0,,,41.0,,,1
1999_10_GB_DAL,1999,1999-11-14,Sunday,GB,13.0,DAL,27.0,40.0,3.0,,,38.0,,,0
1999_10_BAL_JAX,1999,1999-11-14,Sunday,BAL,3.0,JAX,6.0,9.0,-13.0,,,37.0,,,1
1999_10_SF_NO,1999,1999-11-14,Sunday,SF,6.0,NO,24.0,30.0,1.0,,,38.5,,,1
1999_10_IND_NYG,1999,1999-11-14,Sunday,IND,27.0,NYG,19.0,46.0,3.0,,,41.5,,,0
1999_10_SD_OAK,1999,1999-11-14,Sunday,SD,9.0,OAK,28.0,37.0,-7.0,,,36.0,,,1
1999_10_WAS_PHI,1999,1999-11-14,Sunday,WAS,28.0,PHI,35.0,63.0,6.0,,,42.0,,,1
1999_10_CLE_PIT,1999,1999-11-14,Sunday,CLE,16.0,PIT,15.0,31.0,-14.5,,,34.5,,,1
1999_10_DEN_SEA,1999,1999-11-14,Sunday,DEN,17.0,SEA,20.0,37.0,-5.5,,,41.0,,,1
1999_10_CAR_STL,1999,1999-11-14,Sunday,CAR,10.0,STL,35.0,45.0,-10.0,,,48.0,,,1
1999_10_KC_TB,1999,1999-11-14,Sunday,KC,10.0,TB,17.0,27.0,-3.0,,,34.5,,,0
1999_10_NYJ_NE,1999,1999-11-15,Monday,NYJ,24.0,NE,17.0,41.0,-6.0,,,37.0,,,1
1999_11_DAL_ARI,1999,1999-11-21,Sunday,DAL,9.0,ARI,13.0,22.0,1.5,,,35.0,,,1
1999_11_BAL_CIN,1999,1999-11-21,Sunday,BAL,34.0,CIN,31.0,65.0,5.0,,,34.5,,,1
1999_11_CAR_CLE,1999,1999-11-21,Sunday,CAR,31.0,CLE,17.0,48.0,5.5,,,35.5,,,0
1999_11_DET_GB,1999,1999-11-21,Sunday,DET,17.0,GB,26.0,43.0,-4.0,,,39.0,,,1
1999_11_NO_JAX,1999,1999-11-21,Sunday,NO,23.0,JAX,41.0,64.0,-12.5,,,35.0,,,0
1999_11_SEA_KC,1999,1999-11-21,Sunday,SEA,31.0,KC,19.0,50.0,-3.0,,,37.5,,,1
1999_11_NE_MIA,1999,1999-11-21,Sunday,NE,17.0,MIA,27.0,44.0,-3.5,,,37.5,,,1
1999_11_BUF_NYJ,1999,1999-11-21,Sunday,BUF,7.0,NYJ,17.0,24.0,2.5,,,36.0,,,1
1999_11_IND_PHI,1999,1999-11-21,Sunday,IND,44.0,PHI,17.0,61.0,7.0,,,41.0,,,0
1999_11_CHI_SD,1999,1999-11-21,Sunday,CHI,23.0,SD,20.0,43.0,-0.0,,,36.0,,,0
1999_11_STL_SF,1999,1999-11-21,Sunday,STL,23.0,SF,7.0,30.0,7.5,,,47.5,,,1
1999_11_ATL_TB,1999,1999-11-21,Sunday,ATL,10.0,TB,19.0,29.0,-7.0,,,34.5,,,0
1999_11_PIT_TEN,1999,1999-11-21,Sunday,PIT,10.0,TEN,16.0,26.0,-5.5,,,36.5,,,1
1999_11_NYG_WAS,1999,1999-11-21,Sunday,NYG,13.0,WAS,23.0,36.0,-5.5,,,44.5,,,1
1999_11_OAK_DEN,1999,1999-11-22,Monday,OAK,21.0,DEN,27.0,48.0,-1.5,,,37.0,,,1
1999_12_MIA_DAL,1999,1999-11-25,Thursday,MIA,0.0,DAL,20.0,20.0,-1.5,,,38.0,,,0
1999_12_CHI_DET,1999,1999-11-25,Thursday,CHI,17.0,DET,21.0,38.0,-6.0,,,44.0,,,1
1999_12_JAX_BAL,1999,1999-11-28,Sunday,JAX,30.0,BAL,23.0,53.0,7.0,,,36.5,,,1
1999_12_NE_BUF,1999,1999-11-28,Sunday,NE,7.0,BUF,17.0,24.0,-4.0,,,38.0,,,1
1999_12_ATL_CAR,1999,1999-11-28,Sunday,ATL,28.0,CAR,34.0,62.0,-4.5,,,40.0,,,1
1999_12_TEN_CLE,1999,1999-11-28,Sunday,TEN,33.0,CLE,21.0,54.0,10.5,,,35.5,,,1
1999_12_NYJ_IND,1999,1999-11-28,Sunday,NYJ,6.0,IND,13.0,19.0,-7.0,,,44.0,,,1
1999_12_SD_MIN,1999,1999-11-28,Sunday,SD,27.0,MIN,35.0,62.0,-13.5,,,43.5,,,0
1999_12_ARI_NYG,1999,1999-11-28,Sunday,ARI,34.0,NYG,24.0,58.0,-4.5,,,34.5,,,1
1999_12_KC_OAK,1999,1999-11-28,Sunday,KC,37.0,OAK,34.0,71.0,-3.5,,,37.0,,,1
1999_12_CIN_PIT,1999,1999-11-28,Sunday,CIN,27.0,PIT,20.0,47.0,-11.0,,,36.0,,,1
1999_12_TB_SEA,1999,1999-11-28,Sunday,TB,16.0,SEA,3.0,19.0,-6.0,,,37.0,,,0
1999_12_NO_STL,1999,1999-11-28,Sunday,NO,12.0,STL,43.0,55.0,-14.0,,,47.0,,,1
1999_12_PHI_WAS,1999,1999-11-28,Sunday,PHI,17.0,WAS,20.0,37.0,-10.0,,,42.5,,,1
1999_12_GB_SF,1999,1999-11-29,Monday,GB,20.0,SF,3.0,23.0,6.0,,,40.5,,,0
1999_13_PIT_JAX,1999,1999-12-02,Thursday,PIT,6.0,JAX,20.0,26.0,-10.5,,,37.0,,,1
1999_13_PHI_ARI,1999,1999-12-05,Sunday,PHI,17.0,ARI,21.0,38.0,-7.0,,,37.0,,,1
1999_13_NO_ATL,1999,1999-12-05,Sunday,NO,12.0,ATL,35.0,47.0,-4.0,,,39.5,,,1
1999_13_TEN_BAL,1999,1999-12-05,Sunday,TEN,14.0,BAL,41.0,55.0,3.5,,,36.5,,,1
1999_13_STL_CAR,1999,1999-12-05,Sunday,STL,34.0,CAR,21.0,55.0,7.0,,,49.0,,,1
1999_13_GB_CHI,1999,1999-12-05,Sunday,GB,35.0,CHI,19.0,54.0,3.5,,,39.0,,,1
1999_13_SF_CIN,1999,1999-12-05,Sunday,SF,30.0,CIN,44.0,74.0,-3.0,,,39.0,,,0
1999_13_KC_DEN,1999,1999-12-05,Sunday,KC,16.0,DEN,10.0,26.0,-3.5,,,38.5,,,1
1999_13_WAS_DET,1999,1999-12-05,Sunday,WAS,17.0,DET,33.0,50.0,-3.5,,,49.5,,,0
1999_13_IND_MIA,1999,1999-12-05,Sunday,IND,37.0,MIA,34.0,71.0,-2.0,,,43.0,,,1
1999_13_DAL_NE,1999,1999-12-05,Sunday,DAL,6.0,NE,13.0,19.0,-2.0,,,38.0,,,0
1999_13_NYJ_NYG,1999,1999-12-05,Sunday,NYJ,28.0,NYG,41.0,69.0,2.5,,,34.0,,,0
1999_13_SEA_OAK,1999,1999-12-05,Sunday,SEA,21.0,OAK,30.0,51.0,-1.0,,,41.0,,,1
1999_13_CLE_SD,1999,1999-12-05,Sunday,CLE,10.0,SD,23.0,33.0,-7.5,,,36.0,,,0
1999_13_MIN_TB,1999,1999-12-06,Monday,MIN,17.0,TB,24.0,41.0,2.5,,,39.0,,,1
1999_14_OAK_TEN,1999,1999-12-09,Thursday,OAK,14.0,TEN,21.0,35.0,-3.0,,,40.0,,,0
1999_14_NYG_BUF,1999,1999-12-12,Sunday,NYG,19.0,BUF,17.0,36.0,-8.0,,,36.5,,,0
1999_14_CLE_CIN,1999,1999-12-12,Sunday,CLE,28.0,CIN,44.0,72.0,-7.0,,,41.0,,,1
1999_14_PHI_DAL,1999,1999-12-12,Sunday,PHI,10.0,DAL,20.0,30.0,-9.0,,,36.5,,,1
1999_14_CAR_GB,1999,1999-12-12,Sunday,CAR,33.0,GB,31.0,64.0,-8.0,,,42.0,,,0
1999_14_NE_IND,1999,1999-12-12,Sunday,NE,15.0,IND,20.0,35.0,-7.0,,,46.5,,,1
1999_14_MIN_KC,1999,1999-12-12,Sunday,MIN,28.0,KC,31.0,59.0,-1.0,,,42.0,,,0
1999_14_STL_NO,1999,1999-12-12,Sunday,STL,30.0,NO,14.0,44.0,10.5,,,49.0,,,1
1999_14_MIA_NYJ,1999,1999-12-12,Sunday,MIA,20.0,NYJ,28.0,48.0,3.0,,,37.0,,,1
1999_14_BAL_PIT,1999,1999-12-12,Sunday,BAL,31.0,PIT,24.0,55.0,-1.5,,,36.0,,,1
1999_14_SD_SEA,1999,1999-12-12,Sunday,SD,19.0,SEA,16.0,35.0,-9.5,,,42.5,,,1
1999_14_ATL_SF,1999,1999-12-12,Sunday,ATL,7.0,SF,26.0,33.0,3.0,,,41.0,,,1
1999_14_DET_TB,1999,1999-12-12,Sunday,DET,16.0,TB,23.0,39.0,-4.0,,,36.0,,,1
1999_14_ARI_WAS,1999,1999-12-12,Sunday,ARI,3.0,WAS,28.0,31.0,-5.5,,,46.5,,,1
1999_14_DEN_JAX,1999,1999-12-13,Monday,DEN,24.0,JAX,27.0,51.0,-9.0,,,37.5,,,0
1999_15_SF_CAR,1999,1999-12-18,Saturday,SF,24.0,CAR,41.0,65.0,-7.5,,,46.0,,,1
1999_15_PIT_KC,1999,1999-12-18,Saturday,PIT,19.0,KC,35.0,54.0,-8.5,,,37.0,,,0
1999_15_BUF_ARI,1999,1999-12-19,Sunday,BUF,31.0,ARI,21.0,52.0,3.0,,,37.5,,,0
1999_15_NO_BAL,1999,1999-12-19,Sunday,NO,8.0,BAL,31.0,39.0,-8.5,,,41.5,,,0
1999_15_DET_CHI,1999,1999-12-19,Sunday,DET,10.0,CHI,28.0,38.0,3.0,,,37.0,,,1
1999_15_JAX_CLE,1999,1999-12-19,Sunday,JAX,24.0,CLE,14.0,38.0,14.5,,,39.0,,,1
1999_15_NYJ_DAL,1999,1999-12-19,Sunday,NYJ,22.0,DAL,21.0,43.0,-6.0,,,35.5,,,0
1999_15_SEA_DEN,1999,1999-12-19,Sunday,SEA,30.0,DEN,36.0,66.0,-1.5,,,39.0,,,1
1999_15_WAS_IND,1999,1999-12-19,Sunday,WAS,21.0,IND,24.0,45.0,-6.5,,,51.0,,,0
1999_15_SD_MIA,1999,1999-12-19,Sunday,SD,9.0,MIA,12.0,21.0,-7.5,,,37.0,,,0
1999_15_TB_OAK,1999,1999-12-19,Sunday,TB,0.0,OAK,45.0,45.0,1.0,,,36.0,,,0
1999_15_NE_PHI,1999,1999-12-19,Sunday,NE,9.0,PHI,24.0,33.0,3.5,,,37.0,,,0
1999_15_NYG_STL,1999,1999-12-19,Sunday,NYG,10.0,STL,31.0,41.0,-10.5,,,46.5,,,0
1999_15_ATL_TEN,1999,1999-12-19,Sunday,ATL,17.0,TEN,30.0,47.0,-10.0,,,37.0,,,0
1999_15_GB_MIN,1999,1999-12-20,Monday,GB,20.0,MIN,24.0,44.0,-4.5,,,49.0,,,1
1999_16_DAL_NO,1999,1999-12-24,Friday,DAL,24.0,NO,31.0,55.0,8.5,,,38.5,,,0
1999_16_DEN_DET,1999,1999-12-25,Saturday,DEN,17.0,DET,7.0,24.0,-4.5,,,43.5,,,0
1999_16_ARI_ATL,1999,1999-12-26,Sunday,ARI,14.0,ATL,37.0,51.0,-2.0,,,38.0,,,0
1999_16_CIN_BAL,1999,1999-12-26,Sunday,CIN,0.0,BAL,22.0,22.0,-7.0,,,45.5,,,1
1999_16_IND_CLE,1999,1999-12-26,Sunday,IND,29.0,CLE,28.0,57.0,13.5,,,41.5,,,0
1999_16_BUF_NE,1999,1999-12-26,Sunday,BUF,13.0,NE,10.0,23.0,3.0,,,37.5,,,1
1999_16_MIN_NYG,1999,1999-12-26,Sunday,MIN,34.0,NYG,17.0,51.0,2.5,,,43.0,,,0
1999_16_CAR_PIT,1999,1999-12-26,Sunday,CAR,20.0,PIT,30.0,50.0,3.5,,,42.5,,,0
1999_16_OAK_SD,1999,1999-12-26,Sunday,OAK,20.0,SD,23.0,43.0,3.0,,,38.0,,,1
1999_16_KC_SEA,1999,1999-12-26,Sunday,KC,14.0,SEA,23.0,37.0,-3.0,,,43.0,,,1
1999_16_WAS_SF,1999,1999-12-26,Sunday,WAS,26.0,SF,20.0,46.0,7.0,,,47.5,,,0
1999_16_CHI_STL,1999,1999-12-26,Sunday,CHI,12.0,STL,34.0,46.0,-10.0,,,46.5,,,0
1999_16_GB_TB,1999,1999-12-26,Sunday,GB,10.0,TB,29.0,39.0,-3.5,,,37.0,,,1
1999_16_JAX_TEN,1999,1999-12-26,Sunday,JAX,14.0,TEN,41.0,55.0,3.0,,,39.0,,,1
1999_16_NYJ_MIA,1999,1999-12-27,Monday,NYJ,38.0,MIA,31.0,69.0,-3.5,,,37.0,,,1
1999_17_IND_BUF,1999,2000-01-02,Sunday,IND,6.0,BUF,31.0,37.0,1.5,,,42.0,,,1
1999_17_NO_CAR,1999,2000-01-02,Sunday,NO,13.0,CAR,45.0,58.0,-8.5,,,46.5,,,1
1999_17_TB_CHI,1999,2000-01-02,Sunday,TB,20.0,CHI,6.0,26.0,3.5,,,34.0,,,1
1999_17_NYG_DAL,1999,2000-01-02,Sunday,NYG,18.0,DAL,26.0,44.0,-6.5,,,37.5,,,1
1999_17_SD_DEN,1999,2000-01-02,Sunday,SD,12.0,DEN,6.0,18.0,-7.0,,,37.5,,,1
1999_17_ARI_GB,1999,2000-01-02,Sunday,ARI,24.0,GB,49.0,73.0,-7.5,,,38.0,,,0
1999_17_CIN_JAX,1999,2000-01-02,Sunday,CIN,7.0,JAX,24.0,31.0,-9.0,,,39.5,,,1
1999_17_OAK_KC,1999,2000-01-02,Sunday,OAK,41.0,KC,38.0,79.0,-5.0,,,39.0,,,1
1999_17_DET_MIN,1999,2000-01-02,Sunday,DET,17.0,MIN,24.0,41.0,-7.0,,,48.5,,,1
1999_17_BAL_NE,1999,2000-01-02,Sunday,BAL,3.0,NE,20.0,23.0,1.0,,,37.5,,,0
1999_17_SEA_NYJ,1999,2000-01-02,Sunday,SEA,9.0,NYJ,19.0,28.0,-1.0,,,38.0,,,0
1999_17_STL_PHI,1999,2000-01-02,Sunday,STL,31.0,PHI,38.0,69.0,8.0,,,42.0,,,0
1999_17_TEN_PIT,1999,2000-01-02,Sunday,TEN,47.0,PIT,36.0,83.0,4.0,,,38.0,,,1
1999_17_MIA_WAS,1999,2000-01-02,Sunday,MIA,10.0,WAS,21.0,31.0,-3.0,,,44.0,,,0
1999_17_SF_ATL,1999,2000-01-03,Monday,SF,29.0,ATL,34.0,63.0,-6.5,,,46.5,,,1
1999_18_BUF_TEN,1999,2000-01-08,Saturday,BUF,16.0,TEN,22.0,38.0,-5.0,,,39.0,,,0
1999_18_DET_WAS,1999,2000-01-08,Saturday,DET,13.0,WAS,27.0,40.0,-6.0,,,46.0,,,0
1999_18_DAL_MIN,1999,2000-01-09,Sunday,DAL,10.0,MIN,27.0,37.0,-7.0,,,46.5,,,0
1999_18_MIA_SEA,1999,2000-01-09,Sunday,MIA,20.0,SEA,17.0,37.0,-3.5,,,39.0,,,0
1999_19_MIA_JAX,1999,2000-01-15,Saturday,MIA,7.0,JAX,62.0,69.0,-8.0,,,37.5,,,0
1999_19_WAS_TB,1999,2000-01-15,Saturday,WAS,13.0,TB,14.0,27.0,-4.5,,,38.0,,,0
1999_19_TEN_IND,1999,2000-01-16,Sunday,TEN,19.0,IND,16.0,35.0,-5.5,,,46.5,,,0
1999_19_MIN_STL,1999,2000-01-16,Sunday,MIN,37.0,STL,49.0,86.0,-7.0,,,52.0,,,0
1999_20_TEN_JAX,1999,2000-01-23,Sunday,TEN,33.0,JAX,14.0,47.0,-7.0,,,39.5,,,1
1999_20_TB_STL,1999,2000-01-23,Sunday,TB,6.0,STL,11.0,17.0,-14.0,,,46.0,,,0
1999_21_STL_TEN,1999,2000-01-30,Sunday,STL,23.0,TEN,16.0,39.0,7.0,,,48.0,,,0
2000_01_SF_ATL,2000,2000-09-03,Sunday,SF,28.0,ATL,36.0,64.0,-6.5,,,46.5,,,1
2000_01_JAX_CLE,2000,2000-09-03,Sunday,JAX,27.0,CLE,7.0,34.0,10.5,,,38.5,,,1
2000_01_IND_KC,2000,2000-09-03,Sunday,IND,27.0,KC,14.0,41.0,3.5,,,44.0,,,0
2000_01_CHI_MIN,2000,2000-09-03,Sunday,CHI,27.0,MIN,30.0,57.0,-4.5,,,46.5,,,1
2000_01_TB_NE,2000,2000-09-03,Sunday,TB,21.0,NE,16.0,37.0,3.0,,,36.0,,,0
2000_01_DET_NO,2000,2000-09-03,Sunday,DET,14.0,NO,10.0,24.0,-0.0,,,40.5,,,0
2000_01_ARI_NYG,2000,2000-09-03,Sunday,ARI,16.0,NYG,21.0,37.0,-6.5,,,40.0,,,1
2000_01_BAL_PIT,2000,2000-09-03,Sunday,BAL,16.0,PIT,0.0,16.0,2.5,,,37.0,,,1
2000_01_CAR_WAS,2000,2000-09-03,Sunday,CAR,17.0,WAS,20.0,37.0,-10.5,,,47.5,,,0
2000_01_PHI_DAL,2000,2000-09-03,Sunday,PHI,41.0,DAL,14.0,55.0,-6.0,,,39.5,,,1
2000_01_NYJ_GB,2000,2000-09-03,Sunday,NYJ,20.0,GB,16.0,36.0,-2.5,,,44.0,,,0
2000_01_SEA_MIA,2000,2000-09-03,Sunday,SEA,0.0,MIA,23.0,23.0,-2.0,,,36.0,,,0
2000_01_SD_OAK,2000,2000-09-03,Sunday,SD,6.0,OAK,9.0,15.0,-6.5,,,39.5,,,1
2000_01_TEN_BUF,2000,2000-09-03,Sunday,TEN,13.0,BUF,16.0,29.0,-1.0,,,40.0,,,0
2000_01_DEN_STL,2000,2000-09-04,Monday,DEN,36.0,STL,41.0,77.0,-6.5,,,48.5,,,0
2000_02_OAK_IND,2000,2000-09-10,Sunday,OAK,38.0,IND,31.0,69.0,-6.5,,,44.0,,,0
2000_02_JAX_BAL,2000,2000-09-10,Sunday,JAX,36.0,BAL,39.0,75.0,-3.0,,,36.5,,,1
2000_02_GB_BUF,2000,2000-09-10,Sunday,GB,18.0,BUF,27.0,45.0,-6.0,,,38.5,,,0
2000_02_CLE_CIN,2000,2000-09-10,Sunday,CLE,24.0,CIN,7.0,31.0,-6.0,,,40.5,,,1
2000_02_MIA_MIN,2000,2000-09-10,Sunday,MIA,7.0,MIN,13.0,20.0,-3.0,,,42.5,,,0
2000_02_NYG_PHI,2000,2000-09-10,Sunday,NYG,33.0,PHI,18.0,51.0,-3.0,,,39.5,,,1
2000_02_CHI_TB,2000,2000-09-10,Sunday,CHI,0.0,TB,41.0,41.0,-7.0,,,36.5,,,1
2000_02_KC_TEN,2000,2000-09-10,Sunday,KC,14.0,TEN,17.0,31.0,-8.5,,,38.5,,,0
2000_02_ATL_DEN,2000,2000-09-10,Sunday,ATL,14.0,DEN,42.0,56.0,-4.5,,,47.0,,,0
2000_02_WAS_DET,2000,2000-09-10,Sunday,WAS,10.0,DET,15.0,25.0,5.5,,,43.0,,,0
2000_02_NO_SD,2000,2000-09-10,Sunday,NO,28.0,SD,27.0,55.0,-5.5,,,35.5,,,0
2000_02_STL_SEA,2000,2000-09-10,Sunday,STL,37.0,SEA,34.0,71.0,7.5,,,46.0,,,0
2000_02_CAR_SF,2000,2000-09-10,Sunday,CAR,38.0,SF,22.0,60.0,3.0,,,48.0,,,1
2000_02_DAL_ARI,2000,2000-09-10,Sunday,DAL,31.0,ARI,32.0,63.0,-3.0,,,38.5,,,1
2000_02_NE_NYJ,2000,2000-09-11,Monday,NE,19.0,NYJ,20.0,39.0,-6.5,,,39.5,,,1
2000_03_ATL_CAR,2000,2000-09-17,Sunday,ATL,15.0,CAR,10.0,25.0,-6.0,,,48.5,,,1
2000_03_PIT_CLE,2000,2000-09-17,Sunday,PIT,20.0,CLE,23.0,43.0,2.5,,,35.5,,,1
2000_03_TB_DET,2000,2000-09-17,Sunday,TB,31.0,DET,10.0,41.0,3.0,,,34.5,,,1
2000_03_PHI_GB,2000,2000-09-17,Sunday,PHI,3.0,GB,6.0,9.0,-4.0,,,42.5,,,0
2000_03_CIN_JAX,2000,2000-09-17,Sunday,CIN,0.0,JAX,13.0,13.0,-13.0,,,41.0,,,1
2000_03_SD_KC,2000,2000-09-17,Sunday,SD,10.0,KC,42.0,52.0,-4.5,,,35.5,,,1
2000_03_BUF_NYJ,2000,2000-09-17,Sunday,BUF,14.0,NYJ,27.0,41.0,-1.0,,,38.5,,,1
2000_03_SF_STL,2000,2000-09-17,Sunday,SF,24.0,STL,41.0,65.0,-17.0,,,55.5,,,1
2000_03_DEN_OAK,2000,2000-09-17,Sunday,DEN,33.0,OAK,24.0,57.0,-3.0,,,44.0,,,1
2000_03_NYG_CHI,2000,2000-09-17,Sunday,NYG,14.0,CHI,7.0,21.0,-2.0,,,42.0,,,0
2000_03_MIN_NE,2000,2000-09-17,Sunday,MIN,21.0,NE,13.0,34.0,-1.5,,,42.5,,,0
2000_03_NO_SEA,2000,2000-09-17,Sunday,NO,10.0,SEA,20.0,30.0,-6.0,,,40.0,,,0
2000_03_BAL_MIA,2000,2000-09-17,Sunday,BAL,6.0,MIA,19.0,25.0,1.5,,,34.5,,,0
2000_03_DAL_WAS,2000,2000-09-18,Monday,DAL,27.0,WAS,21.0,48.0,-10.5,,,44.0,,,1
2000_04_STL_ATL,2000,2000-09-24,Sunday,STL,41.0,ATL,20.0,61.0,6.5,,,55.0,,,1
2000_04_CIN_BAL,2000,2000-09-24,Sunday,CIN,0.0,BAL,37.0,37.0,-11.5,,,38.0,,,1
2000_04_DET_CHI,2000,2000-09-24,Sunday,DET,21.0,CHI,14.0,35.0,-1.0,,,37.5,,,1
2000_04_SF_DAL,2000,2000-09-24,Sunday,SF,41.0,DAL,24.0,65.0,-6.5,,,47.0,,,0
2000_04_NE_MIA,2000,2000-09-24,Sunday,NE,3.0,MIA,10.0,13.0,-4.5,,,34.5,,,1
2000_04_PHI_NO,2000,2000-09-24,Sunday,PHI,21.0,NO,7.0,28.0,-1.5,,,38.0,,,0
2000_04_TEN_PIT,2000,2000-09-24,Sunday,TEN,23.0,PIT,20.0,43.0,7.0,,,36.0,,,1
2000_04_GB_ARI,2000,2000-09-24,Sunday,GB,29.0,ARI,3.0,32.0,-1.0,,,42.0,,,0
2000_04_KC_DEN,2000,2000-09-24,Sunday,KC,23.0,DEN,22.0,45.0,-7.0,,,43.0,,,1
2000_04_CLE_OAK,2000,2000-09-24,Sunday,CLE,10.0,OAK,36.0,46.0,-10.5,,,40.5,,,0
2000_04_SEA_SD,2000,2000-09-24,Sunday,SEA,20.0,SD,12.0,32.0,2.5,,,36.0,,,1
2000_04_NYJ_TB,2000,2000-09-24,Sunday,NYJ,21.0,TB,17.0,38.0,-7.0,,,36.0,,,0
2000_04_WAS_NYG,2000,2000-09-24,Sunday,WAS,16.0,NYG,6.0,22.0,-1.0,,,42.0,,,1
2000_04_JAX_IND,2000,2000-09-25,Monday,JAX,14.0,IND,43.0,57.0,-3.5,,,45.0,,,0
2000_05_IND_BUF,2000,2000-10-01,Sunday,IND,18.0,BUF,16.0,34.0,-1.5,,,44.0,,,1
2000_05_DAL_CAR,2000,2000-10-01,Sunday,DAL,16.0,CAR,13.0,29.0,-6.5,,,47.5,,,0
2000_05_BAL_CLE,2000,2000-10-01,Sunday,BAL,12.0,CLE,0.0,12.0,8.5,,,37.0,,,1
2000_05_MIN_DET,2000,2000-10-01,Sunday,MIN,31.0,DET,24.0,55.0,-1.0,,,42.5,,,1
2000_05_PIT_JAX,2000,2000-10-01,Sunday,PIT,24.0,JAX,13.0,37.0,-11.0,,,38.5,,,1
2000_05_SD_STL,2000,2000-10-01,Sunday,SD,31.0,STL,57.0,88.0,-17.0,,,53.5,,,0
2000_05_NYG_TEN,2000,2000-10-01,Sunday,NYG,14.0,TEN,28.0,42.0,-5.0,,,38.0,,,0
2000_05_MIA_CIN,2000,2000-10-01,Sunday,MIA,31.0,CIN,16.0,47.0,7.0,,,33.0,,,0
2000_05_NE_DEN,2000,2000-10-01,Sunday,NE,28.0,DEN,19.0,47.0,-8.5,,,41.0,,,0
2000_05_CHI_GB,2000,2000-10-01,Sunday,CHI,27.0,GB,24.0,51.0,-5.5,,,41.0,,,1
2000_05_ARI_SF,2000,2000-10-01,Sunday,ARI,20.0,SF,27.0,47.0,-3.5,,,47.5,,,0
2000_05_TB_WAS,2000,2000-10-01,Sunday,TB,17.0,WAS,20.0,37.0,-1.5,,,36.0,,,0
2000_05_ATL_PHI,2000,2000-10-01,Sunday,ATL,10.0,PHI,38.0,48.0,-3.0,,,41.5,,,0
2000_05_SEA_KC,2000,2000-10-02,Monday,SEA,17.0,KC,24.0,41.0,-4.0,,,38.5,,,1
2000_06_NO_CHI,2000,2000-10-08,Sunday,NO,31.0,CHI,10.0,41.0,-5.5,,,40.0,,,0
2000_06_TEN_CIN,2000,2000-10-08,Sunday,TEN,23.0,CIN,14.0,37.0,10.0,,,38.0,,,1
2000_06_GB_DET,2000,2000-10-08,Sunday,GB,24.0,DET,31.0,55.0,-3.0,,,43.0,,,1
2000_06_BUF_MIA,2000,2000-10-08,Sunday,BUF,13.0,MIA,22.0,35.0,-2.0,,,34.5,,,1
2000_06_IND_NE,2000,2000-10-08,Sunday,IND,16.0,NE,24.0,40.0,3.5,,,43.5,,,1
2000_06_PIT_NYJ,2000,2000-10-08,Sunday,PIT,20.0,NYJ,3.0,23.0,-8.0,,,37.5,,,0
2000_06_WAS_PHI,2000,2000-10-08,Sunday,WAS,17.0,PHI,14.0,31.0,3.5,,,37.5,,,1
2000_06_CLE_ARI,2000,2000-10-08,Sunday,CLE,21.0,ARI,29.0,50.0,-4.5,,,40.5,,,0
2000_06_NYG_ATL,2000,2000-10-08,Sunday,NYG,13.0,ATL,6.0,19.0,-1.0,,,42.0,,,0
2000_06_SEA_CAR,2000,2000-10-08,Sunday,SEA,3.0,CAR,26.0,29.0,-3.5,,,43.0,,,0
2000_06_DEN_SD,2000,2000-10-08,Sunday,DEN,21.0,SD,7.0,28.0,6.5,,,43.0,,,1
2000_06_OAK_SF,2000,2000-10-08,Sunday,OAK,34.0,SF,28.0,62.0,4.5,,,48.5,,,0
2000_06_BAL_JAX,2000,2000-10-08,Sunday,BAL,15.0,JAX,10.0,25.0,-2.5,,,37.5,,,1
2000_06_TB_MIN,2000,2000-10-09,Monday,TB,23.0,MIN,30.0,53.0,-1.0,,,39.0,,,1
2000_07_SD_BUF,2000,2000-10-15,Sunday,SD,24.0,BUF,27.0,51.0,-10.0,,,36.5,,,0
2000_07_OAK_KC,2000,2000-10-15,Sunday,OAK,20.0,KC,17.0,37.0,-3.0,,,43.5,,,1
2000_07_CAR_NO,2000,2000-10-15,Sunday,CAR,6.0,NO,24.0,30.0,-0.0,,,40.5,,,1
2000_07_DAL_NYG,2000,2000-10-15,Sunday,DAL,14.0,NYG,19.0,33.0,-4.0,,,40.5,,,1
2000_07_CIN_PIT,2000,2000-10-15,Sunday,CIN,0.0,PIT,15.0,15.0,-8.5,,,37.0,,,1
2000_07_ATL_STL,2000,2000-10-15,Sunday,ATL,29.0,STL,45.0,74.0,-18.0,,,58.5,,,1
2000_07_BAL_WAS,2000,2000-10-15,Sunday,BAL,3.0,WAS,10.0,13.0,-3.5,,,34.5,,,0
2000_07_PHI_ARI,2000,2000-10-15,Sunday,PHI,33.0,ARI,14.0,47.0,2.5,,,39.0,,,1
2000_07_CLE_DEN,2000,2000-10-15,Sunday,CLE,10.0,DEN,44.0,54.0,-12.5,,,44.0,,,0
2000_07_NYJ_NE,2000,2000-10-15,Sunday,NYJ,34.0,NE,17.0,51.0,-3.0,,,37.0,,,1
2000_07_IND_SEA,2000,2000-10-15,Sunday,IND,37.0,SEA,24.0,61.0,5.5,,,44.0,,,0
2000_07_SF_GB,2000,2000-10-15,Sunday,SF,28.0,GB,31.0,59.0,-4.5,,,49.5,,,0
2000_07_MIN_CHI,2000,2000-10-15,Sunday,MIN,28.0,CHI,16.0,44.0,6.0,,,44.0,,,1
2000_07_JAX_TEN,2000,2000-10-16,Monday,JAX,13.0,TEN,27.0,40.0,-6.0,,,38.0,,,1
2000_08_DET_TB,2000,2000-10-19,Thursday,DET,28.0,TB,14.0,42.0,-8.0,,,37.5,,,1
2000_08_NE_IND,2000,2000-10-22,Sunday,NE,23.0,IND,30.0,53.0,-8.5,,,47.0,,,1
2000_08_NO_ATL,2000,2000-10-22,Sunday,NO,21.0,ATL,19.0,40.0,1.5,,,40.0,,,1
2000_08_TEN_BAL,2000,2000-10-22,Sunday,TEN,14.0,BAL,6.0,20.0,-1.0,,,35.0,,,1
2000_08_SF_CAR,2000,2000-10-22,Sunday,SF,16.0,CAR,34.0,50.0,-3.0,,,50.0,,,1
2000_08_DEN_CIN,2000,2000-10-22,Sunday,DEN,21.0,CIN,31.0,52.0,10.0,,,43.0,,,0
2000_08_ARI_DAL,2000,2000-10-22,Sunday,ARI,7.0,DAL,48.0,55.0,-7.0,,,41.5,,,1
2000_08_STL_KC,2000,2000-10-22,Sunday,STL,34.0,KC,54.0,88.0,7.0,,,56.0,,,0
2000_08_BUF_MIN,2000,2000-10-22,Sunday,BUF,27.0,MIN,31.0,58.0,-6.5,,,44.5,,,0
2000_08_CHI_PHI,2000,2000-10-22,Sunday,CHI,9.0,PHI,13.0,22.0,-6.5,,,41.0,,,0
2000_08_SEA_OAK,2000,2000-10-22,Sunday,SEA,3.0,OAK,31.0,34.0,-7.5,,,44.0,,,1
2000_08_CLE_PIT,2000,2000-10-22,Sunday,CLE,0.0,PIT,22.0,22.0,-9.0,,,37.5,,,1
2000_08_WAS_JAX,2000,2000-10-22,Sunday,WAS,35.0,JAX,16.0,51.0,4.0,,,36.0,,,0
2000_08_MIA_NYJ,2000,2000-10-23,Monday,MIA,37.0,NYJ,40.0,77.0,-3.0,,,35.0,,,1
2000_09_CAR_ATL,2000,2000-10-29,Sunday,CAR,12.0,ATL,13.0,25.0,3.0,,,45.5,,,1
2000_09_PIT_BAL,2000,2000-10-29,Sunday,PIT,9.0,BAL,6.0,15.0,-4.5,,,33.0,,,1
2000_09_NYJ_BUF,2000,2000-10-29,Sunday,NYJ,20.0,BUF,23.0,43.0,-3.5,,,41.0,,,1
2000_09_CIN_CLE,2000,2000-10-29,Sunday,CIN,12.0,CLE,3.0,15.0,3.0,,,35.5,,,1
2000_09_DET_IND,2000,2000-10-29,Sunday,DET,18.0,IND,30.0,48.0,-7.0,,,47.0,,,0
2000_09_GB_MIA,2000,2000-10-29,Sunday,GB,20.0,MIA,28.0,48.0,-4.5,,,38.5,,,0
2000_09_MIN_TB,2000,2000-10-29,Sunday,MIN,13.0,TB,41.0,54.0,-3.0,,,41.0,,,1
2000_09_NO_ARI,2000,2000-10-29,Sunday,NO,21.0,ARI,10.0,31.0,6.0,,,41.0,,,0
2000_09_PHI_NYG,2000,2000-10-29,Sunday,PHI,7.0,NYG,24.0,31.0,-3.5,,,37.0,,,1
2000_09_STL_SF,2000,2000-10-29,Sunday,STL,34.0,SF,24.0,58.0,7.0,,,63.0,,,1
2000_09_JAX_DAL,2000,2000-10-29,Sunday,JAX,23.0,DAL,17.0,40.0,-4.0,,,44.5,,,0
2000_09_KC_SEA,2000,2000-10-29,Sunday,KC,24.0,SEA,19.0,43.0,4.0,,,43.0,,,1
2000_09_OAK_SD,2000,2000-10-29,Sunday,OAK,15.0,SD,13.0,28.0,6.5,,,42.5,,,1
2000_09_TEN_WAS,2000,2000-10-30,Monday,TEN,27.0,WAS,21.0,48.0,-4.0,,,37.5,,,0
2000_10_TB_ATL,2000,2000-11-05,Sunday,TB,27.0,ATL,14.0,41.0,7.0,,,40.0,,,0
2000_10_IND_CHI,2000,2000-11-05,Sunday,IND,24.0,CHI,27.0,51.0,7.0,,,45.0,,,0
2000_10_BAL_CIN,2000,2000-11-05,Sunday,BAL,27.0,CIN,7.0,34.0,6.0,,,32.5,,,1
2000_10_NYG_CLE,2000,2000-11-05,Sunday,NYG,24.0,CLE,3.0,27.0,10.0,,,33.5,,,0
2000_10_MIA_DET,2000,2000-11-05,Sunday,MIA,23.0,DET,8.0,31.0,-2.5,,,39.0,,,0
2000_10_BUF_NE,2000,2000-11-05,Sunday,BUF,16.0,NE,13.0,29.0,-2.0,,,39.0,,,1
2000_10_SF_NO,2000,2000-11-05,Sunday,SF,15.0,NO,31.0,46.0,-5.5,,,48.0,,,1
2000_10_DAL_PHI,2000,2000-11-05,Sunday,DAL,13.0,PHI,16.0,29.0,-3.0,,,40.0,,,1
2000_10_PIT_TEN,2000,2000-11-05,Sunday,PIT,7.0,TEN,9.0,16.0,-8.0,,,36.5,,,1
2000_10_WAS_ARI,2000,2000-11-05,Sunday,WAS,15.0,ARI,16.0,31.0,10.0,,,40.0,,,1
2000_10_DEN_NYJ,2000,2000-11-05,Sunday,DEN,30.0,NYJ,23.0,53.0,-3.0,,,45.5,,,0
2000_10_KC_OAK,2000,2000-11-05,Sunday,KC,31.0,OAK,49.0,80.0,-3.5,,,44.0,,,1
2000_10_SD_SEA,2000,2000-11-05,Sunday,SD,15.0,SEA,17.0,32.0,-4.5,,,39.5,,,1
2000_10_CAR_STL,2000,2000-11-05,Sunday,CAR,27.0,STL,24.0,51.0,-13.5,,,59.5,,,1
2000_10_MIN_GB,2000,2000-11-06,Monday,MIN,20.0,GB,26.0,46.0,3.5,,,47.5,,,1
2000_11_CHI_BUF,2000,2000-11-12,Sunday,CHI,3.0,BUF,20.0,23.0,-7.0,,,39.5,,,0
2000_11_NO_CAR,2000,2000-11-12,Sunday,NO,20.0,CAR,10.0,30.0,2.0,,,37.5,,,1
2000_11_CIN_DAL,2000,2000-11-12,Sunday,CIN,6.0,DAL,23.0,29.0,-8.5,,,39.0,,,0
2000_11_ATL_DET,2000,2000-11-12,Sunday,ATL,10.0,DET,13.0,23.0,-8.5,,,40.0,,,0
2000_11_SEA_JAX,2000,2000-11-12,Sunday,SEA,28.0,JAX,21.0,49.0,-7.5,,,40.5,,,0
2000_11_ARI_MIN,2000,2000-11-12,Sunday,ARI,14.0,MIN,31.0,45.0,-12.5,,,46.0,,,0
2000_11_PHI_PIT,2000,2000-11-12,Sunday,PHI,26.0,PIT,23.0,49.0,-3.5,,,33.0,,,0
2000_11_BAL_TEN,2000,2000-11-12,Sunday,BAL,24.0,TEN,23.0,47.0,-4.0,,,33.0,,,1
2000_11_NE_CLE,2000,2000-11-12,Sunday,NE,11.0,CLE,19.0,30.0,7.0,,,32.0,,,0
2000_11_MIA_SD,2000,2000-11-12,Sunday,MIA,17.0,SD,7.0,24.0,5.0,,,33.5,,,0
2000_11_KC_SF,2000,2000-11-12,Sunday,KC,7.0,SF,21.0,28.0,3.5,,,52.0,,,0
2000_11_STL_NYG,2000,2000-11-12,Sunday,STL,38.0,NYG,24.0,62.0,2.0,,,48.5,,,0
2000_11_GB_TB,2000,2000-11-12,Sunday,GB,15.0,TB,20.0,35.0,-9.0,,,42.0,,,1
2000_11_NYJ_IND,2000,2000-11-12,Sunday,NYJ,15.0,IND,23.0,38.0,-6.0,,,52.5,,,1
2000_11_OAK_DEN,2000,2000-11-13,Monday,OAK,24.0,DEN,27.0,51.0,-3.0,,,50.0,,,1
2000_12_TB_CHI,2000,2000-11-19,Sunday,TB,10.0,CHI,13.0,23.0,8.0,,,36.0,,,1
2000_12_IND_GB,2000,2000-11-19,Sunday,IND,24.0,GB,26.0,50.0,6.0,,,46.0,,,0
2000_12_BUF_KC,2000,2000-11-19,Sunday,BUF,21.0,KC,17.0,38.0,-3.0,,,42.0,,,0
2000_12_CAR_MIN,2000,2000-11-19,Sunday,CAR,17.0,MIN,31.0,48.0,-9.5,,,46.5,,,0
2000_12_CIN_NE,2000,2000-11-19,Sunday,CIN,13.0,NE,16.0,29.0,-7.0,,,36.0,,,0
2000_12_OAK_NO,2000,2000-11-19,Sunday,OAK,31.0,NO,22.0,53.0,3.0,,,43.0,,,0
2000_12_DET_NYG,2000,2000-11-19,Sunday,DET,31.0,NYG,21.0,52.0,-5.0,,,36.5,,,0
2000_12_ARI_PHI,2000,2000-11-19,Sunday,ARI,9.0,PHI,34.0,43.0,-7.0,,,38.0,,,1
2000_12_CLE_TEN,2000,2000-11-19,Sunday,CLE,10.0,TEN,24.0,34.0,-16.0,,,35.5,,,1
2000_12_SD_DEN,2000,2000-11-19,Sunday,SD,37.0,DEN,38.0,75.0,-9.5,,,42.5,,,1
2000_12_NYJ_MIA,2000,2000-11-19,Sunday,NYJ,20.0,MIA,3.0,23.0,-3.5,,,38.5,,,1
2000_12_DAL_BAL,2000,2000-11-19,Sunday,DAL,0.0,BAL,27.0,27.0,-7.0,,,36.0,,,0
2000_12_ATL_SF,2000,2000-11-19,Sunday,ATL,6.0,SF,16.0,22.0,-5.5,,,47.5,,,1
2000_12_JAX_PIT,2000,2000-11-19,Sunday,JAX,34.0,PIT,24.0,58.0,-3.0,,,37.0,,,1
2000_12_WAS_STL,2000,2000-11-20,Monday,WAS,33.0,STL,20.0,53.0,-5.5,,,56.0,,,0
2000_13_NE_DET,2000,2000-11-23,Thursday,NE,9.0,DET,34.0,43.0,-6.5,,,38.0,,,0
2000_13_MIN_DAL,2000,2000-11-23,Thursday,MIN,27.0,DAL,15.0,42.0,7.0,,,48.0,,,0
2000_13_CLE_BAL,2000,2000-11-26,Sunday,CLE,7.0,BAL,44.0,51.0,-15.0,,,34.0,,,1
2000_13_PIT_CIN,2000,2000-11-26,Sunday,PIT,48.0,CIN,28.0,76.0,4.0,,,34.0,,,1
2000_13_CHI_NYJ,2000,2000-11-26,Sunday,CHI,10.0,NYJ,17.0,27.0,-7.0,,,39.5,,,0
2000_13_NO_STL,2000,2000-11-26,Sunday,NO,31.0,STL,24.0,55.0,-13.5,,,53.5,,,1
2000_13_BUF_TB,2000,2000-11-26,Sunday,BUF,17.0,TB,31.0,48.0,-4.0,,,37.0,,,0
2000_13_PHI_WAS,2000,2000-11-26,Sunday,PHI,23.0,WAS,20.0,43.0,-7.0,,,37.0,,,1
2000_13_ATL_OAK,2000,2000-11-26,Sunday,ATL,14.0,OAK,41.0,55.0,-11.0,,,44.0,,,0
2000_13_MIA_IND,2000,2000-11-26,Sunday,MIA,17.0,IND,14.0,31.0,-5.5,,,44.5,,,1
2000_13_TEN_JAX,2000,2000-11-26,Sunday,TEN,13.0,JAX,16.0,29.0,3.0,,,41.5,,,1
2000_13_KC_SD,2000,2000-11-26,Sunday,KC,16.0,SD,17.0,33.0,3.0,,,41.0,,,1
2000_13_DEN_SEA,2000,2000-11-26,Sunday,DEN,38.0,SEA,31.0,69.0,3.0,,,45.5,,,1
2000_13_NYG_ARI,2000,2000-11-26,Sunday,NYG,31.0,ARI,7.0,38.0,6.0,,,39.0,,,1
2000_13_GB_CAR,2000,2000-11-27,Monday,GB,14.0,CAR,31.0,45.0,-0.0,,,44.0,,,0
2000_14_DET_MIN,2000,2000-11-30,Thursday,DET,17.0,MIN,24.0,41.0,-9.0,,,48.5,,,1
2000_14_SEA_ATL,2000,2000-12-03,Sunday,SEA,30.0,ATL,10.0,40.0,-0.0,,,42.0,,,0
2000_14_MIA_BUF,2000,2000-12-03,Sunday,MIA,33.0,BUF,6.0,39.0,-3.5,,,36.0,,,1
2000_14_STL_CAR,2000,2000-12-03,Sunday,STL,3.0,CAR,16.0,19.0,8.0,,,58.0,,,1
2000_14_ARI_CIN,2000,2000-12-03,Sunday,ARI,13.0,CIN,24.0,37.0,-4.0,,,38.5,,,0
2000_14_DEN_NO,2000,2000-12-03,Sunday,DEN,38.0,NO,23.0,61.0,-0.0,,,45.0,,,0
2000_14_TEN_PHI,2000,2000-12-03,Sunday,TEN,15.0,PHI,13.0,28.0,3.0,,,36.5,,,0
2000_14_OAK_PIT,2000,2000-12-03,Sunday,OAK,20.0,PIT,21.0,41.0,3.0,,,42.0,,,0
2000_14_DAL_TB,2000,2000-12-03,Sunday,DAL,7.0,TB,27.0,34.0,-10.0,,,37.0,,,0
2000_14_NYG_WAS,2000,2000-12-03,Sunday,NYG,9.0,WAS,7.0,16.0,-6.0,,,38.0,,,1
2000_14_SF_SD,2000,2000-12-03,Sunday,SF,45.0,SD,17.0,62.0,2.5,,,44.0,,,0
2000_14_CLE_JAX,2000,2000-12-03,Sunday,CLE,0.0,JAX,48.0,48.0,-14.5,,,39.0,,,1
2000_14_IND_NYJ,2000,2000-12-03,Sunday,IND,17.0,NYJ,27.0,44.0,-2.5,,,44.0,,,1
2000_14_GB_CHI,2000,2000-12-03,Sunday,GB,28.0,CHI,6.0,34.0,2.5,,,39.0,,,1
2000_14_KC_NE,2000,2000-12-04,Monday,KC,24.0,NE,30.0,54.0,-1.0,,,41.0,,,0
2000_15_SD_BAL,2000,2000-12-10,Sunday,SD,3.0,BAL,24.0,27.0,-13.5,,,36.5,,,0
2000_15_NE_CHI,2000,2000-12-10,Sunday,NE,17.0,CHI,24.0,41.0,-2.0,,,36.5,,,0
2000_15_PHI_CLE,2000,2000-12-10,Sunday,PHI,35.0,CLE,24.0,59.0,14.0,,,35.5,,,0
2000_15_DET_GB,2000,2000-12-10,Sunday,DET,13.0,GB,26.0,39.0,-3.5,,,41.0,,,1
2000_15_ARI_JAX,2000,2000-12-10,Sunday,ARI,10.0,JAX,44.0,54.0,-15.0,,,42.0,,,0
2000_15_CAR_KC,2000,2000-12-10,Sunday,CAR,14.0,KC,15.0,29.0,-2.5,,,42.0,,,0
2000_15_TB_MIA,2000,2000-12-10,Sunday,TB,16.0,MIA,13.0,29.0,-2.5,,,34.5,,,0
2000_15_PIT_NYG,2000,2000-12-10,Sunday,PIT,10.0,NYG,30.0,40.0,-3.5,,,35.5,,,0
2000_15_CIN_TEN,2000,2000-12-10,Sunday,CIN,3.0,TEN,35.0,38.0,-13.0,,,36.0,,,1
2000_15_SEA_DEN,2000,2000-12-10,Sunday,SEA,24.0,DEN,31.0,55.0,-10.0,,,48.0,,,1
2000_15_WAS_DAL,2000,2000-12-10,Sunday,WAS,13.0,DAL,32.0,45.0,6.0,,,39.0,,,1
2000_15_NO_SF,2000,2000-12-10,Sunday,NO,31.0,SF,27.0,58.0,-3.0,,,47.5,,,1
2000_15_MIN_STL,2000,2000-12-10,Sunday,MIN,29.0,STL,40.0,69.0,-3.5,,,56.5,,,0
2000_15_NYJ_OAK,2000,2000-12-10,Sunday,NYJ,7.0,OAK,31.0,38.0,-3.5,,,47.0,,,0
2000_15_BUF_IND,2000,2000-12-11,Monday,BUF,20.0,IND,44.0,64.0,-6.0,,,45.0,,,1
2000_16_WAS_PIT,2000,2000-12-16,Saturday,WAS,3.0,PIT,24.0,27.0,1.0,,,37.5,,,0
2000_16_OAK_SEA,2000,2000-12-16,Saturday,OAK,24.0,SEA,27.0,51.0,6.0,,,47.5,,,1
2000_16_NE_BUF,2000,2000-12-17,Sunday,NE,13.0,BUF,10.0,23.0,-4.5,,,39.0,,,1
2000_16_SD_CAR,2000,2000-12-17,Sunday,SD,22.0,CAR,30.0,52.0,-8.5,,,38.5,,,0
2000_16_JAX_CIN,2000,2000-12-17,Sunday,JAX,14.0,CIN,17.0,31.0,10.5,,,42.5,,,1
2000_16_TEN_CLE,2000,2000-12-17,Sunday,TEN,24.0,CLE,0.0,24.0,16.0,,,37.0,,,1
2000_16_DEN_KC,2000,2000-12-17,Sunday,DEN,7.0,KC,20.0,27.0,3.0,,,47.0,,,1
2000_16_GB_MIN,2000,2000-12-17,Sunday,GB,33.0,MIN,28.0,61.0,-7.5,,,49.0,,,1
2000_16_ATL_NO,2000,2000-12-17,Sunday,ATL,7.0,NO,23.0,30.0,-10.0,,,41.0,,,1
2000_16_DET_NYJ,2000,2000-12-17,Sunday,DET,10.0,NYJ,7.0,17.0,-6.5,,,39.5,,,0
2000_16_CHI_SF,2000,2000-12-17,Sunday,CHI,0.0,SF,17.0,17.0,-6.0,,,45.5,,,0
2000_16_BAL_ARI,2000,2000-12-17,Sunday,BAL,13.0,ARI,7.0,20.0,15.0,,,37.5,,,0
2000_16_IND_MIA,2000,2000-12-17,Sunday,IND,20.0,MIA,13.0,33.0,-3.0,,,42.0,,,1
2000_16_NYG_DAL,2000,2000-12-17,Sunday,NYG,17.0,DAL,13.0,30.0,6.5,,,36.0,,,1
2000_16_STL_TB,2000,2000-12-18,Monday,STL,35.0,TB,38.0,73.0,1.0,,,49.0,,,0
2000_17_JAX_NYG,2000,2000-12-23,Saturday,JAX,25.0,NYG,28.0,53.0,-4.0,,,37.5,,,0
2000_17_SF_DEN,2000,2000-12-23,Saturday,SF,9.0,DEN,38.0,47.0,-7.0,,,48.5,,,0
2000_17_BUF_SEA,2000,2000-12-23,Saturday,BUF,42.0,SEA,23.0,65.0,-3.0,,,42.5,,,0
2000_17_KC_ATL,2000,2000-12-24,Sunday,KC,13.0,ATL,29.0,42.0,4.5,,,40.5,,,0
2000_17_NYJ_BAL,2000,2000-12-24,Sunday,NYJ,20.0,BAL,34.0,54.0,-6.0,,,35.5,,,0
2000_17_CHI_DET,2000,2000-12-24,Sunday,CHI,23.0,DET,20.0,43.0,-10.0,,,37.0,,,1
2000_17_TB_GB,2000,2000-12-24,Sunday,TB,14.0,GB,17.0,31.0,-2.5,,,38.0,,,1
2000_17_MIA_NE,2000,2000-12-24,Sunday,MIA,27.0,NE,24.0,51.0,4.0,,,35.0,,,1
2000_17_STL_NO,2000,2000-12-24,Sunday,STL,26.0,NO,21.0,47.0,3.5,,,56.0,,,1
2000_17_CIN_PHI,2000,2000-12-24,Sunday,CIN,7.0,PHI,16.0,23.0,-10.5,,,35.0,,,0
2000_17_ARI_WAS,2000,2000-12-24,Sunday,ARI,3.0,WAS,20.0,23.0,-7.0,,,38.5,,,1
2000_17_PIT_SD,2000,2000-12-24,Sunday,PIT,34.0,SD,21.0,55.0,3.0,,,37.5,,,0
2000_17_MIN_IND,2000,2000-12-24,Sunday,MIN,10.0,IND,31.0,41.0,-3.0,,,53.5,,,0
2000_17_CAR_OAK,2000,2000-12-24,Sunday,CAR,9.0,OAK,52.0,61.0,-9.0,,,45.5,,,0
2000_17_DAL_TEN,2000,2000-12-25,Monday,DAL,0.0,TEN,31.0,31.0,-13.5,,,37.5,,,0
2000_18_IND_MIA,2000,2000-12-30,Saturday,IND,17.0,MIA,23.0,40.0,1.5,,,42.0,,,1
2000_18_STL_NO,2000,2000-12-30,Saturday,STL,28.0,NO,31.0,59.0,5.5,,,55.0,,,1
2000_18_DEN_BAL,2000,2000-12-31,Sunday,DEN,3.0,BAL,21.0,24.0,-3.5,,,41.0,,,0
2000_18_TB_PHI,2000,2000-12-31,Sunday,TB,3.0,PHI,21.0,24.0,3.0,,,34.0,,,0
2000_19_NO_MIN,2000,2001-01-06,Saturday,NO,16.0,MIN,34.0,50.0,-8.0,,,49.5,,,0
2000_19_MIA_OAK,2000,2001-01-06,Saturday,MIA,0.0,OAK,27.0,27.0,-9.0,,,42.0,,,0
2000_19_BAL_TEN,2000,2001-01-07,Sunday,BAL,24.0,TEN,10.0,34.0,-6.0,,,34.0,,,1
2000_19_PHI_NYG,2000,2001-01-07,Sunday,PHI,10.0,NYG,20.0,30.0,-4.5,,,33.5,,,1
2000_20_MIN_NYG,2000,2001-01-14,Sunday,MIN,0.0,NYG,41.0,41.0,1.0,,,41.5,,,0
2000_20_BAL_OAK,2000,2001-01-14,Sunday,BAL,16.0,OAK,3.0,19.0,-6.0,,,38.0,,,0
2000_21_BAL_NYG,2000,2001-01-28,Sunday,BAL,34.0,NYG,7.0,41.0,3.0,,,33.0,,,0
2001_01_CHI_BAL,2001,2001-09-09,Sunday,CHI,6.0,BAL,17.0,23.0,-10.5,,,33.5,,,0
2001_01_NO_BUF,2001,2001-09-09,Sunday,NO,24.0,BUF,6.0,30.0,1.5,,,37.5,,,0
2001_01_NE_CIN,2001,2001-09-09,Sunday,NE,17.0,CIN,23.0,40.0,-0.0,,,36.0,,,0
2001_01_SEA_CLE,2001,2001-09-09,Sunday,SEA,9.0,CLE,6.0,15.0,4.0,,,38.5,,,0
2001_01_TB_DAL,2001,2001-09-09,Sunday,TB,10.0,DAL,6.0,16.0,9.0,,,34.0,,,0
2001_01_DET_GB,2001,2001-09-09,Sunday,DET,6.0,GB,28.0,34.0,-5.5,,,41.5,,,1
2001_01_PIT_JAX,2001,2001-09-09,Sunday,PIT,3.0,JAX,21.0,24.0,-3.0,,,37.5,,,1
2001_01_OAK_KC,2001,2001-09-09,Sunday,OAK,27.0,KC,24.0,51.0,3.0,,,43.0,,,1
2001_01_CAR_MIN,2001,2001-09-09,Sunday,CAR,24.0,MIN,13.0,37.0,-10.0,,,45.0,,,0
2001_01_IND_NYJ,2001,2001-09-09,Sunday,IND,45.0,NYJ,24.0,69.0,1.5,,,44.5,,,1
2001_01_STL_PHI,2001,2001-09-09,Sunday,STL,20.0,PHI,17.0,37.0,3.0,,,46.0,,,0
2001_01_WAS_SD,2001,2001-09-09,Sunday,WAS,3.0,SD,30.0,33.0,-2.5,,,36.5,,,0
2001_01_ATL_SF,2001,2001-09-09,Sunday,ATL,13.0,SF,16.0,29.0,-3.5,,,46.0,,,1
2001_01_MIA_TEN,2001,2001-09-09,Sunday,MIA,31.0,TEN,23.0,54.0,-6.5,,,34.0,,,0
2001_01_NYG_DEN,2001,2001-09-10,Monday,NYG,20.0,DEN,31.0,51.0,-7.0,,,43.5,,,0
2001_02_CAR_ATL,2001,2001-09-23,Sunday,CAR,16.0,ATL,24.0,40.0,-3.5,,,41.0,,,1
2001_02_MIN_CHI,2001,2001-09-23,Sunday,MIN,10.0,CHI,17.0,27.0,3.0,,,43.5,,,1
2001_02_BAL_CIN,2001,2001-09-23,Sunday,BAL,10.0,CIN,21.0,31.0,7.0,,,33.5,,,1
2001_02_DET_CLE,2001,2001-09-23,Sunday,DET,14.0,CLE,24.0,38.0,1.5,,,33.0,,,0
2001_02_SD_DAL,2001,2001-09-23,Sunday,SD,32.0,DAL,21.0,53.0,3.5,,,34.0,,,0
2001_02_BUF_IND,2001,2001-09-23,Sunday,BUF,26.0,IND,42.0,68.0,-10.0,,,44.5,,,1
2001_02_TEN_JAX,2001,2001-09-23,Sunday,TEN,6.0,JAX,13.0,19.0,-2.0,,,36.0,,,1
2001_02_NYG_KC,2001,2001-09-23,Sunday,NYG,13.0,KC,3.0,16.0,-1.5,,,39.0,,,0
2001_02_OAK_MIA,2001,2001-09-23,Sunday,OAK,15.0,MIA,18.0,33.0,-1.5,,,40.0,,,0
2001_02_NYJ_NE,2001,2001-09-23,Sunday,NYJ,10.0,NE,3.0,13.0,1.5,,,38.5,,,1
2001_02_PHI_SEA,2001,2001-09-23,Sunday,PHI,27.0,SEA,3.0,30.0,2.5,,,37.0,,,0
2001_02_STL_SF,2001,2001-09-23,Sunday,STL,30.0,SF,26.0,56.0,6.0,,,50.0,,,1
2001_02_DEN_ARI,2001,2001-09-23,Sunday,DEN,38.0,ARI,17.0,55.0,8.5,,,45.0,,,0
2001_02_WAS_GB,2001,2001-09-24,Monday,WAS,0.0,GB,37.0,37.0,-8.5,,,41.0,,,0
2001_03_PIT_BUF,2001,2001-09-30,Sunday,PIT,20.0,BUF,3.0,23.0,3.0,,,36.0,,,0
2001_03_GB_CAR,2001,2001-09-30,Sunday,GB,28.0,CAR,7.0,35.0,3.5,,,41.0,,,0
2001_03_TB_MIN,2001,2001-09-30,Sunday,TB,16.0,MIN,20.0,36.0,2.5,,,39.0,,,1
2001_03_IND_NE,2001,2001-09-30,Sunday,IND,13.0,NE,44.0,57.0,11.5,,,45.0,,,1
2001_03_NO_NYG,2001,2001-09-30,Sunday,NO,13.0,NYG,21.0,34.0,-3.0,,,37.0,,,0
2001_03_MIA_STL,2001,2001-09-30,Sunday,MIA,10.0,STL,42.0,52.0,-6.0,,,44.0,,,0
2001_03_KC_WAS,2001,2001-09-30,Sunday,KC,45.0,WAS,13.0,58.0,3.0,,,35.5,,,0
2001_03_ATL_ARI,2001,2001-09-30,Sunday,ATL,34.0,ARI,14.0,48.0,3.0,,,42.0,,,0
2001_03_BAL_DEN,2001,2001-09-30,Sunday,BAL,20.0,DEN,13.0,33.0,-4.5,,,41.0,,,0
2001_03_CLE_JAX,2001,2001-09-30,Sunday,CLE,23.0,JAX,14.0,37.0,-8.5,,,35.5,,,1
2001_03_SEA_OAK,2001,2001-09-30,Sunday,SEA,14.0,OAK,38.0,52.0,-10.5,,,39.0,,,1
2001_03_CIN_SD,2001,2001-09-30,Sunday,CIN,14.0,SD,28.0,42.0,-6.5,,,39.0,,,0
2001_03_DAL_PHI,2001,2001-09-30,Sunday,DAL,18.0,PHI,40.0,58.0,-13.5,,,34.5,,,1
2001_03_SF_NYJ,2001,2001-10-01,Monday,SF,19.0,NYJ,17.0,36.0,-3.0,,,44.5,,,0
2001_04_CHI_ATL,2001,2001-10-07,Sunday,CHI,31.0,ATL,3.0,34.0,-3.5,,,39.5,,,0
2001_04_TEN_BAL,2001,2001-10-07,Sunday,TEN,7.0,BAL,26.0,33.0,-3.5,,,33.5,,,1
2001_04_SD_CLE,2001,2001-10-07,Sunday,SD,16.0,CLE,20.0,36.0,3.0,,,35.0,,,0
2001_04_NE_MIA,2001,2001-10-07,Sunday,NE,10.0,MIA,30.0,40.0,-9.5,,,35.0,,,1
2001_04_MIN_NO,2001,2001-10-07,Sunday,MIN,15.0,NO,28.0,43.0,-3.5,,,44.0,,,0
2001_04_WAS_NYG,2001,2001-10-07,Sunday,WAS,9.0,NYG,23.0,32.0,-14.0,,,36.0,,,1
2001_04_ARI_PHI,2001,2001-10-07,Sunday,ARI,21.0,PHI,20.0,41.0,-14.5,,,41.0,,,1
2001_04_CIN_PIT,2001,2001-10-07,Sunday,CIN,7.0,PIT,16.0,23.0,-5.0,,,35.5,,,1
2001_04_NYJ_BUF,2001,2001-10-07,Sunday,NYJ,42.0,BUF,36.0,78.0,4.5,,,36.0,,,1
2001_04_KC_DEN,2001,2001-10-07,Sunday,KC,6.0,DEN,20.0,26.0,-10.0,,,48.0,,,1
2001_04_JAX_SEA,2001,2001-10-07,Sunday,JAX,15.0,SEA,24.0,39.0,3.5,,,35.0,,,0
2001_04_DAL_OAK,2001,2001-10-07,Sunday,DAL,21.0,OAK,28.0,49.0,-18.0,,,41.5,,,0
2001_04_GB_TB,2001,2001-10-07,Sunday,GB,10.0,TB,14.0,24.0,-3.0,,,36.5,,,1
2001_04_CAR_SF,2001,2001-10-07,Sunday,CAR,14.0,SF,24.0,38.0,-6.5,,,45.0,,,1
2001_04_STL_DET,2001,2001-10-08,Monday,STL,35.0,DET,0.0,35.0,12.5,,,48.5,,,0
2001_05_SF_ATL,2001,2001-10-14,Sunday,SF,37.0,ATL,31.0,68.0,3.0,,,43.5,,,1
2001_05_NO_CAR,2001,2001-10-14,Sunday,NO,27.0,CAR,25.0,52.0,5.0,,,39.5,,,1
2001_05_ARI_CHI,2001,2001-10-14,Sunday,ARI,13.0,CHI,20.0,33.0,-7.0,,,39.5,,,0
2001_05_CLE_CIN,2001,2001-10-14,Sunday,CLE,14.0,CIN,24.0,38.0,-1.5,,,35.0,,,1
2001_05_BAL_GB,2001,2001-10-14,Sunday,BAL,23.0,GB,31.0,54.0,-0.0,,,34.0,,,0
2001_05_PIT_KC,2001,2001-10-14,Sunday,PIT,20.0,KC,17.0,37.0,-2.5,,,36.0,,,0
2001_05_DET_MIN,2001,2001-10-14,Sunday,DET,26.0,MIN,31.0,57.0,-10.0,,,44.0,,,1
2001_05_SD_NE,2001,2001-10-14,Sunday,SD,26.0,NE,29.0,55.0,3.0,,,36.0,,,0
2001_05_NYG_STL,2001,2001-10-14,Sunday,NYG,14.0,STL,15.0,29.0,-10.5,,,45.0,,,0
2001_05_TB_TEN,2001,2001-10-14,Sunday,TB,28.0,TEN,31.0,59.0,-3.0,,,33.0,,,0
2001_05_MIA_NYJ,2001,2001-10-14,Sunday,MIA,17.0,NYJ,21.0,38.0,3.0,,,38.0,,,1
2001_05_DEN_SEA,2001,2001-10-14,Sunday,DEN,21.0,SEA,34.0,55.0,6.0,,,44.0,,,1
2001_05_OAK_IND,2001,2001-10-14,Sunday,OAK,23.0,IND,18.0,41.0,-3.5,,,52.0,,,0
2001_05_WAS_DAL,2001,2001-10-15,Monday,WAS,7.0,DAL,9.0,16.0,-3.0,,,37.0,,,1
2001_06_BUF_JAX,2001,2001-10-18,Thursday,BUF,13.0,JAX,10.0,23.0,-9.0,,,38.5,,,0
2001_06_CHI_CIN,2001,2001-10-21,Sunday,CHI,24.0,CIN,0.0,24.0,-1.0,,,36.0,,,0
2001_06_BAL_CLE,2001,2001-10-21,Sunday,BAL,14.0,CLE,24.0,38.0,7.5,,,33.0,,,1
2001_06_TEN_DET,2001,2001-10-21,Sunday,TEN,27.0,DET,24.0,51.0,5.5,,,38.5,,,0
2001_06_NE_IND,2001,2001-10-21,Sunday,NE,38.0,IND,17.0,55.0,-10.5,,,48.0,,,1
2001_06_ATL_NO,2001,2001-10-21,Sunday,ATL,20.0,NO,13.0,33.0,-8.0,,,42.0,,,1
2001_06_STL_NYJ,2001,2001-10-21,Sunday,STL,34.0,NYJ,14.0,48.0,7.0,,,46.5,,,0
2001_06_PIT_TB,2001,2001-10-21,Sunday,PIT,17.0,TB,10.0,27.0,-5.0,,,33.5,,,0
2001_06_CAR_WAS,2001,2001-10-21,Sunday,CAR,14.0,WAS,17.0,31.0,3.5,,,36.0,,,0
2001_06_KC_ARI,2001,2001-10-21,Sunday,KC,16.0,ARI,24.0,40.0,2.0,,,41.0,,,0
2001_06_DEN_SD,2001,2001-10-21,Sunday,DEN,10.0,SD,27.0,37.0,2.5,,,43.5,,,1
2001_06_GB_MIN,2001,2001-10-21,Sunday,GB,13.0,MIN,35.0,48.0,3.0,,,47.5,,,1
2001_06_PHI_NYG,2001,2001-10-22,Monday,PHI,10.0,NYG,9.0,19.0,-3.0,,,35.5,,,1
2001_07_IND_KC,2001,2001-10-25,Thursday,IND,35.0,KC,28.0,63.0,3.0,,,47.5,,,0
2001_07_JAX_BAL,2001,2001-10-28,Sunday,JAX,17.0,BAL,18.0,35.0,-7.5,,,33.0,,,1
2001_07_NYJ_CAR,2001,2001-10-28,Sunday,NYJ,13.0,CAR,12.0,25.0,2.5,,,39.0,,,0
2001_07_SF_CHI,2001,2001-10-28,Sunday,SF,31.0,CHI,37.0,68.0,-2.0,,,39.0,,,0
2001_07_CIN_DET,2001,2001-10-28,Sunday,CIN,31.0,DET,27.0,58.0,-3.0,,,39.5,,,0
2001_07_NO_STL,2001,2001-10-28,Sunday,NO,34.0,STL,31.0,65.0,-12.0,,,48.5,,,1
2001_07_MIN_TB,2001,2001-10-28,Sunday,MIN,14.0,TB,41.0,55.0,-3.0,,,38.5,,,1
2001_07_ARI_DAL,2001,2001-10-28,Sunday,ARI,3.0,DAL,17.0,20.0,3.0,,,38.0,,,1
2001_07_NYG_WAS,2001,2001-10-28,Sunday,NYG,21.0,WAS,35.0,56.0,7.5,,,33.5,,,1
2001_07_NE_DEN,2001,2001-10-28,Sunday,NE,20.0,DEN,31.0,51.0,-7.0,,,43.0,,,0
2001_07_OAK_PHI,2001,2001-10-28,Sunday,OAK,20.0,PHI,10.0,30.0,-1.0,,,39.0,,,0
2001_07_BUF_SD,2001,2001-10-28,Sunday,BUF,24.0,SD,27.0,51.0,-7.5,,,39.0,,,0
2001_07_MIA_SEA,2001,2001-10-28,Sunday,MIA,24.0,SEA,20.0,44.0,2.5,,,36.5,,,0
2001_07_TEN_PIT,2001,2001-10-29,Monday,TEN,7.0,PIT,34.0,41.0,-3.0,,,36.0,,,1
2001_08_NE_ATL,2001,2001-11-04,Sunday,NE,24.0,ATL,10.0,34.0,-3.0,,,42.5,,,0
2001_08_IND_BUF,2001,2001-11-04,Sunday,IND,30.0,BUF,14.0,44.0,3.0,,,44.5,,,1
2001_08_TB_GB,2001,2001-11-04,Sunday,TB,20.0,GB,21.0,41.0,-5.0,,,37.0,,,1
2001_08_CAR_MIA,2001,2001-11-04,Sunday,CAR,6.0,MIA,23.0,29.0,-10.0,,,34.5,,,0
2001_08_DAL_NYG,2001,2001-11-04,Sunday,DAL,24.0,NYG,27.0,51.0,-10.5,,,35.5,,,1
2001_08_BAL_PIT,2001,2001-11-04,Sunday,BAL,13.0,PIT,10.0,23.0,-2.0,,,33.0,,,1
2001_08_JAX_TEN,2001,2001-11-04,Sunday,JAX,24.0,TEN,28.0,52.0,-3.0,,,37.5,,,1
2001_08_PHI_ARI,2001,2001-11-04,Sunday,PHI,21.0,ARI,7.0,28.0,7.0,,,39.5,,,1
2001_08_DET_SF,2001,2001-11-04,Sunday,DET,13.0,SF,21.0,34.0,-8.5,,,47.0,,,0
2001_08_CLE_CHI,2001,2001-11-04,Sunday,CLE,21.0,CHI,27.0,48.0,-4.5,,,34.0,,,0
2001_08_KC_SD,2001,2001-11-04,Sunday,KC,25.0,SD,20.0,45.0,-5.5,,,41.0,,,1
2001_08_SEA_WAS,2001,2001-11-04,Sunday,SEA,14.0,WAS,27.0,41.0,2.5,,,37.0,,,0
2001_08_NYJ_NO,2001,2001-11-04,Sunday,NYJ,16.0,NO,9.0,25.0,-6.5,,,42.5,,,0
2001_08_DEN_OAK,2001,2001-11-05,Monday,DEN,28.0,OAK,38.0,66.0,-5.5,,,45.5,,,1
2001_09_DAL_ATL,2001,2001-11-11,Sunday,DAL,13.0,ATL,20.0,33.0,-6.0,,,37.0,,,0
2001_09_GB_CHI,2001,2001-11-11,Sunday,GB,20.0,CHI,12.0,32.0,2.5,,,37.5,,,1
2001_09_PIT_CLE,2001,2001-11-11,Sunday,PIT,15.0,CLE,12.0,27.0,3.0,,,33.0,,,1
2001_09_TB_DET,2001,2001-11-11,Sunday,TB,20.0,DET,17.0,37.0,5.0,,,40.0,,,1
2001_09_MIA_IND,2001,2001-11-11,Sunday,MIA,27.0,IND,24.0,51.0,-3.0,,,44.0,,,1
2001_09_CIN_JAX,2001,2001-11-11,Sunday,CIN,13.0,JAX,30.0,43.0,-4.0,,,39.5,,,1
2001_09_BUF_NE,2001,2001-11-11,Sunday,BUF,11.0,NE,21.0,32.0,-6.0,,,40.0,,,1
2001_09_KC_NYJ,2001,2001-11-11,Sunday,KC,7.0,NYJ,27.0,34.0,-4.5,,,40.5,,,0
2001_09_CAR_STL,2001,2001-11-11,Sunday,CAR,14.0,STL,48.0,62.0,-18.0,,,47.0,,,1
2001_09_SD_DEN,2001,2001-11-11,Sunday,SD,16.0,DEN,26.0,42.0,-5.5,,,45.0,,,1
2001_09_NYG_ARI,2001,2001-11-11,Sunday,NYG,17.0,ARI,10.0,27.0,5.5,,,37.5,,,1
2001_09_MIN_PHI,2001,2001-11-11,Sunday,MIN,17.0,PHI,48.0,65.0,-4.5,,,41.0,,,0
2001_09_NO_SF,2001,2001-11-11,Sunday,NO,27.0,SF,28.0,55.0,-3.0,,,45.0,,,1
2001_09_OAK_SEA,2001,2001-11-11,Sunday,OAK,27.0,SEA,34.0,61.0,6.0,,,43.5,,,1
2001_09_BAL_TEN,2001,2001-11-12,Monday,BAL,16.0,TEN,10.0,26.0,1.5,,,35.0,,,1
2001_10_CLE_BAL,2001,2001-11-18,Sunday,CLE,27.0,BAL,17.0,44.0,-8.0,,,33.0,,,1
2001_10_SEA_BUF,2001,2001-11-18,Sunday,SEA,23.0,BUF,20.0,43.0,3.5,,,39.0,,,0
2001_10_SF_CAR,2001,2001-11-18,Sunday,SF,25.0,CAR,22.0,47.0,7.0,,,43.0,,,1
2001_10_TEN_CIN,2001,2001-11-18,Sunday,TEN,20.0,CIN,7.0,27.0,-1.5,,,39.5,,,1
2001_10_PHI_DAL,2001,2001-11-18,Sunday,PHI,36.0,DAL,3.0,39.0,7.0,,,37.0,,,1
2001_10_ATL_GB,2001,2001-11-18,Sunday,ATL,23.0,GB,20.0,43.0,-10.0,,,39.5,,,0
2001_10_NYJ_MIA,2001,2001-11-18,Sunday,NYJ,24.0,MIA,0.0,24.0,-5.5,,,37.5,,,1
2001_10_IND_NO,2001,2001-11-18,Sunday,IND,20.0,NO,34.0,54.0,-5.5,,,47.5,,,0
2001_10_SD_OAK,2001,2001-11-18,Sunday,SD,24.0,OAK,34.0,58.0,-9.0,,,45.0,,,1
2001_10_JAX_PIT,2001,2001-11-18,Sunday,JAX,7.0,PIT,20.0,27.0,-5.5,,,36.0,,,1
2001_10_DET_ARI,2001,2001-11-18,Sunday,DET,38.0,ARI,45.0,83.0,-2.0,,,39.5,,,0
2001_10_WAS_DEN,2001,2001-11-18,Sunday,WAS,17.0,DEN,10.0,27.0,-8.5,,,43.0,,,0
2001_10_CHI_TB,2001,2001-11-18,Sunday,CHI,27.0,TB,24.0,51.0,-5.0,,,35.0,,,1
2001_10_STL_NE,2001,2001-11-18,Sunday,STL,24.0,NE,17.0,41.0,8.5,,,46.5,,,0
2001_10_NYG_MIN,2001,2001-11-19,Monday,NYG,16.0,MIN,28.0,44.0,-2.0,,,44.0,,,0
2001_11_GB_DET,2001,2001-11-22,Thursday,GB,29.0,DET,27.0,56.0,7.0,,,47.0,,,1
2001_11_DEN_DAL,2001,2001-11-22,Thursday,DEN,26.0,DAL,24.0,50.0,7.0,,,40.5,,,0
2001_11_MIA_BUF,2001,2001-11-25,Sunday,MIA,34.0,BUF,27.0,61.0,5.0,,,36.0,,,1
2001_11_ATL_CAR,2001,2001-11-25,Sunday,ATL,10.0,CAR,7.0,17.0,3.0,,,40.0,,,1
2001_11_CIN_CLE,2001,2001-11-25,Sunday,CIN,0.0,CLE,18.0,18.0,-6.0,,,35.5,,,1
2001_11_SF_IND,2001,2001-11-25,Sunday,SF,40.0,IND,21.0,61.0,-2.5,,,52.5,,,0
2001_11_BAL_JAX,2001,2001-11-25,Sunday,BAL,24.0,JAX,21.0,45.0,3.0,,,34.0,,,1
2001_11_SEA_KC,2001,2001-11-25,Sunday,SEA,7.0,KC,19.0,26.0,-1.5,,,41.0,,,1
2001_11_WAS_PHI,2001,2001-11-25,Sunday,WAS,13.0,PHI,3.0,16.0,-8.0,,,37.5,,,1
2001_11_PIT_TEN,2001,2001-11-25,Sunday,PIT,34.0,TEN,24.0,58.0,-2.0,,,34.5,,,1
2001_11_NO_NE,2001,2001-11-25,Sunday,NO,17.0,NE,34.0,51.0,-0.0,,,42.0,,,0
2001_11_ARI_SD,2001,2001-11-25,Sunday,ARI,20.0,SD,17.0,37.0,-7.0,,,44.0,,,0
2001_11_OAK_NYG,2001,2001-11-25,Sunday,OAK,28.0,NYG,10.0,38.0,2.5,,,39.0,,,0
2001_11_CHI_MIN,2001,2001-11-25,Sunday,CHI,13.0,MIN,6.0,19.0,-3.0,,,45.0,,,1
2001_11_TB_STL,2001,2001-11-26,Monday,TB,24.0,STL,17.0,41.0,-9.5,,,46.0,,,0
2001_12_PHI_KC,2001,2001-11-29,Thursday,PHI,23.0,KC,10.0,33.0,3.0,,,37.0,,,0
2001_12_IND_BAL,2001,2001-12-02,Sunday,IND,27.0,BAL,39.0,66.0,-7.0,,,43.0,,,0
2001_12_DET_CHI,2001,2001-12-02,Sunday,DET,10.0,CHI,13.0,23.0,-7.0,,,38.0,,,1
2001_12_TB_CIN,2001,2001-12-02,Sunday,TB,16.0,CIN,13.0,29.0,5.0,,,35.0,,,0
2001_12_TEN_CLE,2001,2001-12-02,Sunday,TEN,31.0,CLE,15.0,46.0,-1.5,,,35.5,,,1
2001_12_DEN_MIA,2001,2001-12-02,Sunday,DEN,10.0,MIA,21.0,31.0,-3.0,,,39.5,,,0
2001_12_CAR_NO,2001,2001-12-02,Sunday,CAR,23.0,NO,27.0,50.0,-10.0,,,41.0,,,1
2001_12_NE_NYJ,2001,2001-12-02,Sunday,NE,17.0,NYJ,16.0,33.0,-3.0,,,38.0,,,1
2001_12_MIN_PIT,2001,2001-12-02,Sunday,MIN,16.0,PIT,21.0,37.0,-7.0,,,41.0,,,0
2001_12_SD_SEA,2001,2001-12-02,Sunday,SD,10.0,SEA,13.0,23.0,-3.0,,,43.0,,,1
2001_12_STL_ATL,2001,2001-12-02,Sunday,STL,35.0,ATL,6.0,41.0,8.0,,,47.0,,,1
2001_12_ARI_OAK,2001,2001-12-02,Sunday,ARI,34.0,OAK,31.0,65.0,-13.0,,,44.0,,,0
2001_12_DAL_WAS,2001,2001-12-02,Sunday,DAL,20.0,WAS,14.0,34.0,-8.5,,,35.5,,,1
2001_12_BUF_SF,2001,2001-12-02,Sunday,BUF,0.0,SF,35.0,35.0,-8.5,,,44.5,,,0
2001_12_GB_JAX,2001,2001-12-03,Monday,GB,28.0,JAX,21.0,49.0,3.0,,,43.0,,,0
2001_13_NO_ATL,2001,2001-12-09,Sunday,NO,28.0,ATL,10.0,38.0,3.0,,,39.0,,,1
2001_13_CAR_BUF,2001,2001-12-09,Sunday,CAR,24.0,BUF,25.0,49.0,-3.5,,,36.5,,,0
2001_13_JAX_CIN,2001,2001-12-09,Sunday,JAX,14.0,CIN,10.0,24.0,-1.0,,,36.5,,,1
2001_13_NYG_DAL,2001,2001-12-09,Sunday,NYG,13.0,DAL,20.0,33.0,3.5,,,35.5,,,1
2001_13_CHI_GB,2001,2001-12-09,Sunday,CHI,7.0,GB,17.0,24.0,-5.5,,,37.5,,,1
2001_13_TEN_MIN,2001,2001-12-09,Sunday,TEN,24.0,MIN,42.0,66.0,2.5,,,42.5,,,0
2001_13_CLE_NE,2001,2001-12-09,Sunday,CLE,16.0,NE,27.0,43.0,-5.0,,,36.5,,,0
2001_13_SD_PHI,2001,2001-12-09,Sunday,SD,14.0,PHI,24.0,38.0,-7.0,,,37.5,,,0
2001_13_SF_STL,2001,2001-12-09,Sunday,SF,14.0,STL,27.0,41.0,-7.0,,,55.0,,,1
2001_13_DET_TB,2001,2001-12-09,Sunday,DET,12.0,TB,15.0,27.0,-8.0,,,36.5,,,1
2001_13_WAS_ARI,2001,2001-12-09,Sunday,WAS,20.0,ARI,10.0,30.0,-2.0,,,38.5,,,1
2001_13_KC_OAK,2001,2001-12-09,Sunday,KC,26.0,OAK,28.0,54.0,-9.0,,,44.5,,,1
2001_13_NYJ_PIT,2001,2001-12-09,Sunday,NYJ,7.0,PIT,18.0,25.0,-3.5,,,34.5,,,0
2001_13_SEA_DEN,2001,2001-12-09,Sunday,SEA,7.0,DEN,20.0,27.0,-6.0,,,41.0,,,1
2001_13_IND_MIA,2001,2001-12-10,Monday,IND,6.0,MIA,41.0,47.0,-5.0,,,45.0,,,1
2001_14_ARI_NYG,2001,2001-12-15,Saturday,ARI,13.0,NYG,17.0,30.0,-5.0,,,37.5,,,1
2001_14_OAK_SD,2001,2001-12-15,Saturday,OAK,13.0,SD,6.0,19.0,4.0,,,46.5,,,1
2001_14_NE_BUF,2001,2001-12-16,Sunday,NE,12.0,BUF,9.0,21.0,4.0,,,38.0,,,1
2001_14_TB_CHI,2001,2001-12-16,Sunday,TB,3.0,CHI,27.0,30.0,-2.5,,,33.0,,,1
2001_14_JAX_CLE,2001,2001-12-16,Sunday,JAX,15.0,CLE,10.0,25.0,-2.0,,,36.5,,,1
2001_14_MIN_DET,2001,2001-12-16,Sunday,MIN,24.0,DET,27.0,51.0,3.0,,,46.5,,,1
2001_14_ATL_IND,2001,2001-12-16,Sunday,ATL,27.0,IND,41.0,68.0,-4.0,,,46.5,,,0
2001_14_DEN_KC,2001,2001-12-16,Sunday,DEN,23.0,KC,26.0,49.0,2.5,,,37.5,,,1
2001_14_CIN_NYJ,2001,2001-12-16,Sunday,CIN,14.0,NYJ,15.0,29.0,-8.5,,,35.0,,,0
2001_14_PHI_WAS,2001,2001-12-16,Sunday,PHI,20.0,WAS,6.0,26.0,2.5,,,34.5,,,1
2001_14_MIA_SF,2001,2001-12-16,Sunday,MIA,0.0,SF,21.0,21.0,-3.5,,,43.0,,,0
2001_14_DAL_SEA,2001,2001-12-16,Sunday,DAL,3.0,SEA,29.0,32.0,-5.5,,,36.5,,,0
2001_14_GB_TEN,2001,2001-12-16,Sunday,GB,20.0,TEN,26.0,46.0,2.5,,,42.5,,,0
2001_14_PIT_BAL,2001,2001-12-16,Sunday,PIT,26.0,BAL,21.0,47.0,-3.0,,,33.5,,,1
2001_14_STL_NO,2001,2001-12-17,Monday,STL,34.0,NO,21.0,55.0,6.0,,,51.0,,,1
2001_15_TEN_OAK,2001,2001-12-22,Saturday,TEN,13.0,OAK,10.0,23.0,-6.0,,,45.5,,,0
2001_15_MIA_NE,2001,2001-12-22,Saturday,MIA,13.0,NE,20.0,33.0,-3.0,,,37.0,,,1
2001_15_PHI_SF,2001,2001-12-22,Saturday,PHI,3.0,SF,13.0,16.0,-3.0,,,40.0,,,0
2001_15_BUF_ATL,2001,2001-12-23,Sunday,BUF,30.0,ATL,33.0,63.0,-4.0,,,41.0,,,0
2001_15_CIN_BAL,2001,2001-12-23,Sunday,CIN,0.0,BAL,16.0,16.0,-10.5,,,33.5,,,1
2001_15_STL_CAR,2001,2001-12-23,Sunday,STL,38.0,CAR,32.0,70.0,12.5,,,46.5,,,1
2001_15_SD_KC,2001,2001-12-23,Sunday,SD,17.0,KC,20.0,37.0,-3.5,,,40.0,,,1
2001_15_JAX_MIN,2001,2001-12-23,Sunday,JAX,33.0,MIN,3.0,36.0,-2.5,,,45.5,,,0
2001_15_SEA_NYG,2001,2001-12-23,Sunday,SEA,24.0,NYG,27.0,51.0,-3.0,,,34.0,,,0
2001_15_DET_PIT,2001,2001-12-23,Sunday,DET,14.0,PIT,47.0,61.0,-10.0,,,36.0,,,0
2001_15_NO_TB,2001,2001-12-23,Sunday,NO,21.0,TB,48.0,69.0,-2.5,,,38.0,,,0
2001_15_CHI_WAS,2001,2001-12-23,Sunday,CHI,20.0,WAS,15.0,35.0,-1.0,,,33.0,,,0
2001_15_DAL_ARI,2001,2001-12-23,Sunday,DAL,10.0,ARI,17.0,27.0,-3.5,,,37.0,,,1
2001_15_CLE_GB,2001,2001-12-23,Sunday,CLE,7.0,GB,30.0,37.0,-7.5,,,37.0,,,0
2001_15_NYJ_IND,2001,2001-12-23,Sunday,NYJ,29.0,IND,28.0,57.0,-1.0,,,47.0,,,1
2001_16_BAL_TB,2001,2001-12-29,Saturday,BAL,10.0,TB,22.0,32.0,-1.5,,,34.0,,,0
2001_16_ARI_CAR,2001,2001-12-30,Sunday,ARI,30.0,CAR,7.0,37.0,-1.0,,,39.5,,,0
2001_16_PIT_CIN,2001,2001-12-30,Sunday,PIT,23.0,CIN,26.0,49.0,8.0,,,33.5,,,1
2001_16_SF_DAL,2001,2001-12-30,Sunday,SF,21.0,DAL,27.0,48.0,6.5,,,39.5,,,0
2001_16_CHI_DET,2001,2001-12-30,Sunday,CHI,24.0,DET,0.0,24.0,5.5,,,38.5,,,1
2001_16_MIN_GB,2001,2001-12-30,Sunday,MIN,13.0,GB,24.0,37.0,-12.0,,,40.0,,,1
2001_16_KC_JAX,2001,2001-12-30,Sunday,KC,30.0,JAX,26.0,56.0,-4.5,,,40.0,,,0
2001_16_ATL_MIA,2001,2001-12-30,Sunday,ATL,14.0,MIA,21.0,35.0,-7.0,,,38.5,,,0
2001_16_BUF_NYJ,2001,2001-12-30,Sunday,BUF,14.0,NYJ,9.0,23.0,-7.0,,,37.0,,,1
2001_16_IND_STL,2001,2001-12-30,Sunday,IND,17.0,STL,42.0,59.0,-13.0,,,58.5,,,0
2001_16_CLE_TEN,2001,2001-12-30,Sunday,CLE,41.0,TEN,38.0,79.0,-5.0,,,37.5,,,1
2001_16_NYG_PHI,2001,2001-12-30,Sunday,NYG,21.0,PHI,24.0,45.0,-5.0,,,34.5,,,1
2001_16_OAK_DEN,2001,2001-12-30,Sunday,OAK,17.0,DEN,23.0,40.0,-1.0,,,41.0,,,1
2001_16_SEA_SD,2001,2001-12-30,Sunday,SEA,25.0,SD,22.0,47.0,-1.5,,,39.0,,,1
2001_16_WAS_NO,2001,2001-12-30,Sunday,WAS,40.0,NO,10.0,50.0,-5.0,,,39.5,,,0
2001_17_DEN_IND,2001,2002-01-06,Sunday,DEN,10.0,IND,29.0,39.0,-2.0,,,51.0,,,0
2001_17_NE_CAR,2001,2002-01-06,Sunday,NE,38.0,CAR,6.0,44.0,6.5,,,36.0,,,0
2001_17_JAX_CHI,2001,2002-01-06,Sunday,JAX,13.0,CHI,33.0,46.0,-6.0,,,33.5,,,0
2001_17_DAL_DET,2001,2002-01-06,Sunday,DAL,10.0,DET,15.0,25.0,3.0,,,36.0,,,0
2001_17_SF_NO,2001,2002-01-06,Sunday,SF,38.0,NO,0.0,38.0,2.5,,,46.5,,,1
2001_17_GB_NYG,2001,2002-01-06,Sunday,GB,34.0,NYG,25.0,59.0,3.0,,,36.5,,,0
2001_17_CLE_PIT,2001,2002-01-06,Sunday,CLE,7.0,PIT,28.0,35.0,-7.0,,,34.5,,,1
2001_17_CIN_TEN,2001,2002-01-06,Sunday,CIN,23.0,TEN,21.0,44.0,-5.5,,,37.5,,,1
2001_17_ARI_WAS,2001,2002-01-06,Sunday,ARI,17.0,WAS,20.0,37.0,-3.5,,,36.5,,,1
2001_17_ATL_STL,2001,2002-01-06,Sunday,ATL,13.0,STL,31.0,44.0,-14.5,,,48.0,,,1
2001_17_BUF_MIA,2001,2002-01-06,Sunday,BUF,7.0,MIA,34.0,41.0,-6.5,,,36.5,,,1
2001_17_NYJ_OAK,2001,2002-01-06,Sunday,NYJ,24.0,OAK,22.0,46.0,-4.5,,,41.5,,,0
2001_17_KC_SEA,2001,2002-01-06,Sunday,KC,18.0,SEA,21.0,39.0,-3.5,,,40.0,,,1
2001_17_PHI_TB,2001,2002-01-06,Sunday,PHI,17.0,TB,13.0,30.0,-3.0,,,33.0,,,0
2001_17_MIN_BAL,2001,2002-01-07,Monday,MIN,3.0,BAL,19.0,22.0,-10.0,,,37.5,,,0
2001_18_TB_PHI,2001,2002-01-12,Saturday,TB,9.0,PHI,31.0,40.0,-3.5,,,33.0,,,0
2001_18_NYJ_OAK,2001,2002-01-12,Saturday,NYJ,24.0,OAK,38.0,62.0,-4.5,,,42.0,,,0
2001_18_SF_GB,2001,2002-01-13,Sunday,SF,15.0,GB,25.0,40.0,-3.5,,,39.0,,,0
2001_18_BAL_MIA,2001,2002-01-13,Sunday,BAL,20.0,MIA,3.0,23.0,-2.5,,,33.0,,,0
2001_19_PHI_CHI,2001,2002-01-19,Saturday,PHI,33.0,CHI,19.0,52.0,-3.0,,,32.5,,,0
2001_19_OAK_NE,2001,2002-01-19,Saturday,OAK,13.0,NE,16.0,29.0,-3.0,,,41.5,,,0
2001_19_BAL_PIT,2001,2002-01-20,Sunday,BAL,10.0,PIT,27.0,37.0,-5.5,,,32.0,,,1
2001_19_GB_STL,2001,2002-01-20,Sunday,GB,17.0,STL,45.0,62.0,-11.0,,,54.5,,,0
2001_20_NE_PIT,2001,2002-01-27,Sunday,NE,24.0,PIT,17.0,41.0,-10.0,,,35.5,,,0
2001_20_PHI_STL,2001,2002-01-27,Sunday,PHI,24.0,STL,29.0,53.0,-11.0,,,51.0,,,0
2001_21_STL_NE,2001,2002-02-03,Sunday,STL,17.0,NE,20.0,37.0,14.0,,,52.5,,,0
2002_01_SF_NYG,2002,2002-09-05,Thursday,SF,16.0,NYG,13.0,29.0,4.0,,,39.0,,,0
2002_01_NYJ_BUF,2002,2002-09-08,Sunday,NYJ,37.0,BUF,31.0,68.0,3.0,,,43.0,,,1
2002_01_BAL_CAR,2002,2002-09-08,Sunday,BAL,7.0,CAR,10.0,17.0,-0.0,,,33.0,,,0
2002_01_MIN_CHI,2002,2002-09-08,Sunday,MIN,23.0,CHI,27.0,50.0,-4.5,,,41.0,,,1
2002_01_SD_CIN,2002,2002-09-08,Sunday,SD,34.0,CIN,6.0,40.0,-3.0,,,37.0,,,0
2002_01_KC_CLE,2002,2002-09-08,Sunday,KC,40.0,CLE,39.0,79.0,-2.0,,,36.0,,,0
2002_01_ATL_GB,2002,2002-09-08,Sunday,ATL,34.0,GB,37.0,71.0,-7.0,,,42.5,,,0
2002_01_IND_JAX,2002,2002-09-08,Sunday,IND,28.0,JAX,25.0,53.0,3.5,,,44.0,,,1
2002_01_DET_MIA,2002,2002-09-08,Sunday,DET,21.0,MIA,49.0,70.0,-9.5,,,35.5,,,0
2002_01_PHI_TEN,2002,2002-09-08,Sunday,PHI,24.0,TEN,27.0,51.0,-2.0,,,37.0,,,0
2002_01_ARI_WAS,2002,2002-09-08,Sunday,ARI,23.0,WAS,31.0,54.0,-6.0,,,44.5,,,0
2002_01_STL_DEN,2002,2002-09-08,Sunday,STL,16.0,DEN,23.0,39.0,3.0,,,51.0,,,0
2002_01_SEA_OAK,2002,2002-09-08,Sunday,SEA,17.0,OAK,31.0,48.0,-7.5,,,40.0,,,0
2002_01_NO_TB,2002,2002-09-08,Sunday,NO,26.0,TB,20.0,46.0,-6.0,,,37.5,,,1
2002_01_DAL_HOU,2002,2002-09-08,Sunday,DAL,10.0,HOU,19.0,29.0,8.5,,,33.5,,,0
2002_01_PIT_NE,2002,2002-09-09,Monday,PIT,14.0,NE,30.0,44.0,2.5,,,37.5,,,0
2002_02_CHI_ATL,2002,2002-09-15,Sunday,CHI,14.0,ATL,13.0,27.0,-2.5,,,45.0,,,0
2002_02_TB_BAL,2002,2002-09-15,Sunday,TB,25.0,BAL,0.0,25.0,4.5,,,32.0,,,0
2002_02_DET_CAR,2002,2002-09-15,Sunday,DET,7.0,CAR,31.0,38.0,-3.0,,,35.5,,,0
2002_02_CIN_CLE,2002,2002-09-15,Sunday,CIN,7.0,CLE,20.0,27.0,-3.5,,,39.0,,,1
2002_02_TEN_DAL,2002,2002-09-15,Sunday,TEN,13.0,DAL,21.0,34.0,3.5,,,37.5,,,0
2002_02_MIA_IND,2002,2002-09-15,Sunday,MIA,21.0,IND,13.0,34.0,-0.0,,,47.0,,,0
2002_02_JAX_KC,2002,2002-09-15,Sunday,JAX,23.0,KC,16.0,39.0,-3.5,,,46.0,,,0
2002_02_GB_NO,2002,2002-09-15,Sunday,GB,20.0,NO,35.0,55.0,2.5,,,45.5,,,0
2002_02_NE_NYJ,2002,2002-09-15,Sunday,NE,44.0,NYJ,7.0,51.0,-1.0,,,41.0,,,1
2002_02_ARI_SEA,2002,2002-09-15,Sunday,ARI,24.0,SEA,13.0,37.0,-4.0,,,40.5,,,1
2002_02_NYG_STL,2002,2002-09-15,Sunday,NYG,26.0,STL,21.0,47.0,-12.0,,,46.0,,,0
2002_02_BUF_MIN,2002,2002-09-15,Sunday,BUF,45.0,MIN,39.0,84.0,-3.5,,,49.0,,,0
2002_02_HOU_SD,2002,2002-09-15,Sunday,HOU,3.0,SD,24.0,27.0,-13.5,,,34.0,,,0
2002_02_DEN_SF,2002,2002-09-15,Sunday,DEN,24.0,SF,14.0,38.0,-3.5,,,44.0,,,0
2002_02_OAK_PIT,2002,2002-09-15,Sunday,OAK,30.0,PIT,17.0,47.0,-4.0,,,39.5,,,0
2002_02_PHI_WAS,2002,2002-09-16,Monday,PHI,37.0,WAS,7.0,44.0,3.0,,,44.0,,,1
2002_03_NO_CHI,2002,2002-09-22,Sunday,NO,29.0,CHI,23.0,52.0,2.0,,,40.5,,,0
2002_03_IND_HOU,2002,2002-09-22,Sunday,IND,23.0,HOU,3.0,26.0,10.5,,,38.0,,,1
2002_03_NYJ_MIA,2002,2002-09-22,Sunday,NYJ,3.0,MIA,30.0,33.0,-6.0,,,40.5,,,1
2002_03_CAR_MIN,2002,2002-09-22,Sunday,CAR,21.0,MIN,14.0,35.0,-6.5,,,44.5,,,0
2002_03_KC_NE,2002,2002-09-22,Sunday,KC,38.0,NE,41.0,79.0,-8.5,,,43.5,,,0
2002_03_DAL_PHI,2002,2002-09-22,Sunday,DAL,13.0,PHI,44.0,57.0,-10.0,,,36.5,,,1
2002_03_CLE_TEN,2002,2002-09-22,Sunday,CLE,31.0,TEN,28.0,59.0,-4.5,,,40.5,,,0
2002_03_SD_ARI,2002,2002-09-22,Sunday,SD,23.0,ARI,15.0,38.0,2.5,,,39.0,,,0
2002_03_BUF_DEN,2002,2002-09-22,Sunday,BUF,23.0,DEN,28.0,51.0,-7.5,,,47.0,,,0
2002_03_GB_DET,2002,2002-09-22,Sunday,GB,37.0,DET,31.0,68.0,7.5,,,44.0,,,1
2002_03_SEA_NYG,2002,2002-09-22,Sunday,SEA,6.0,NYG,9.0,15.0,-5.5,,,39.0,,,0
2002_03_WAS_SF,2002,2002-09-22,Sunday,WAS,10.0,SF,20.0,30.0,-10.0,,,44.0,,,0
2002_03_CIN_ATL,2002,2002-09-22,Sunday,CIN,3.0,ATL,30.0,33.0,-7.0,,,42.5,,,0
2002_03_STL_TB,2002,2002-09-23,Monday,STL,14.0,TB,26.0,40.0,1.5,,,44.0,,,0
2002_04_CHI_BUF,2002,2002-09-29,Sunday,CHI,27.0,BUF,33.0,60.0,-3.0,,,46.5,,,0
2002_04_NO_DET,2002,2002-09-29,Sunday,NO,21.0,DET,26.0,47.0,9.0,,,45.0,,,0
2002_04_CAR_GB,2002,2002-09-29,Sunday,CAR,14.0,GB,17.0,31.0,-6.5,,,41.5,,,0
2002_04_NYJ_JAX,2002,2002-09-29,Sunday,NYJ,3.0,JAX,28.0,31.0,-3.5,,,41.5,,,0
2002_04_MIA_KC,2002,2002-09-29,Sunday,MIA,30.0,KC,48.0,78.0,3.0,,,44.5,,,0
2002_04_HOU_PHI,2002,2002-09-29,Sunday,HOU,17.0,PHI,35.0,52.0,-19.0,,,36.0,,,0
2002_04_CLE_PIT,2002,2002-09-29,Sunday,CLE,13.0,PIT,16.0,29.0,-6.0,,,44.0,,,1
2002_04_DAL_STL,2002,2002-09-29,Sunday,DAL,13.0,STL,10.0,23.0,-12.0,,,44.0,,,0
2002_04_NYG_ARI,2002,2002-09-29,Sunday,NYG,7.0,ARI,21.0,28.0,3.0,,,38.5,,,0
2002_04_TB_CIN,2002,2002-09-29,Sunday,TB,35.0,CIN,7.0,42.0,6.5,,,33.5,,,0
2002_04_TEN_OAK,2002,2002-09-29,Sunday,TEN,25.0,OAK,52.0,77.0,-6.5,,,45.0,,,0
2002_04_NE_SD,2002,2002-09-29,Sunday,NE,14.0,SD,21.0,35.0,3.0,,,40.5,,,0
2002_04_MIN_SEA,2002,2002-09-29,Sunday,MIN,23.0,SEA,48.0,71.0,-3.0,,,44.0,,,0
2002_04_DEN_BAL,2002,2002-09-30,Monday,DEN,23.0,BAL,34.0,57.0,9.0,,,35.0,,,0
2002_05_TB_ATL,2002,2002-10-06,Sunday,TB,20.0,ATL,6.0,26.0,-2.5,,,38.5,,,1
2002_05_OAK_BUF,2002,2002-10-06,Sunday,OAK,49.0,BUF,31.0,80.0,3.0,,,53.5,,,0
2002_05_ARI_CAR,2002,2002-10-06,Sunday,ARI,16.0,CAR,13.0,29.0,-5.0,,,35.0,,,0
2002_05_NYG_DAL,2002,2002-10-06,Sunday,NYG,21.0,DAL,17.0,38.0,1.5,,,34.5,,,1
2002_05_CIN_IND,2002,2002-10-06,Sunday,CIN,21.0,IND,28.0,49.0,-13.5,,,43.0,,,0
2002_05_NE_MIA,2002,2002-10-06,Sunday,NE,13.0,MIA,26.0,39.0,-3.0,,,43.5,,,1
2002_05_PIT_NO,2002,2002-10-06,Sunday,PIT,29.0,NO,32.0,61.0,-3.0,,,43.5,,,0
2002_05_WAS_TEN,2002,2002-10-06,Sunday,WAS,31.0,TEN,14.0,45.0,-3.5,,,43.5,,,0
2002_05_SD_DEN,2002,2002-10-06,Sunday,SD,9.0,DEN,26.0,35.0,-6.5,,,39.5,,,1
2002_05_KC_NYJ,2002,2002-10-06,Sunday,KC,29.0,NYJ,25.0,54.0,3.0,,,46.5,,,0
2002_05_PHI_JAX,2002,2002-10-06,Sunday,PHI,25.0,JAX,28.0,53.0,3.0,,,42.5,,,0
2002_05_STL_SF,2002,2002-10-06,Sunday,STL,13.0,SF,37.0,50.0,-6.0,,,41.5,,,1
2002_05_BAL_CLE,2002,2002-10-06,Sunday,BAL,26.0,CLE,21.0,47.0,-6.0,,,36.5,,,1
2002_05_GB_CHI,2002,2002-10-07,Monday,GB,34.0,CHI,21.0,55.0,-1.0,,,44.0,,,1
2002_06_PIT_CIN,2002,2002-10-13,Sunday,PIT,34.0,CIN,7.0,41.0,6.5,,,40.5,,,1
2002_06_CAR_DAL,2002,2002-10-13,Sunday,CAR,13.0,DAL,14.0,27.0,-2.0,,,35.0,,,0
2002_06_BUF_HOU,2002,2002-10-13,Sunday,BUF,31.0,HOU,24.0,55.0,7.0,,,44.0,,,0
2002_06_BAL_IND,2002,2002-10-13,Sunday,BAL,20.0,IND,22.0,42.0,-6.5,,,42.0,,,0
2002_06_DET_MIN,2002,2002-10-13,Sunday,DET,24.0,MIN,31.0,55.0,-4.5,,,49.0,,,1
2002_06_GB_NE,2002,2002-10-13,Sunday,GB,28.0,NE,10.0,38.0,-4.5,,,47.0,,,0
2002_06_ATL_NYG,2002,2002-10-13,Sunday,ATL,17.0,NYG,10.0,27.0,-6.0,,,35.5,,,0
2002_06_CLE_TB,2002,2002-10-13,Sunday,CLE,3.0,TB,17.0,20.0,-7.5,,,36.5,,,0
2002_06_NO_WAS,2002,2002-10-13,Sunday,NO,43.0,WAS,27.0,70.0,1.5,,,45.5,,,0
2002_06_KC_SD,2002,2002-10-13,Sunday,KC,34.0,SD,35.0,69.0,-3.0,,,46.5,,,1
2002_06_OAK_STL,2002,2002-10-13,Sunday,OAK,13.0,STL,28.0,41.0,7.0,,,49.0,,,0
2002_06_JAX_TEN,2002,2002-10-13,Sunday,JAX,14.0,TEN,23.0,37.0,1.5,,,44.0,,,1
2002_06_MIA_DEN,2002,2002-10-13,Sunday,MIA,24.0,DEN,22.0,46.0,-3.5,,,41.0,,,0
2002_06_SF_SEA,2002,2002-10-14,Monday,SF,28.0,SEA,21.0,49.0,3.0,,,43.5,,,1
2002_07_CAR_ATL,2002,2002-10-20,Sunday,CAR,0.0,ATL,30.0,30.0,-4.0,,,35.5,,,1
2002_07_JAX_BAL,2002,2002-10-20,Sunday,JAX,10.0,BAL,17.0,27.0,1.5,,,38.0,,,0
2002_07_CHI_DET,2002,2002-10-20,Sunday,CHI,20.0,DET,23.0,43.0,3.0,,,44.5,,,1
2002_07_DEN_KC,2002,2002-10-20,Sunday,DEN,37.0,KC,34.0,71.0,3.0,,,50.5,,,1
2002_07_BUF_MIA,2002,2002-10-20,Sunday,BUF,23.0,MIA,10.0,33.0,-6.0,,,45.5,,,1
2002_07_SF_NO,2002,2002-10-20,Sunday,SF,27.0,NO,35.0,62.0,-1.5,,,48.5,,,0
2002_07_MIN_NYJ,2002,2002-10-20,Sunday,MIN,7.0,NYJ,20.0,27.0,-3.0,,,49.0,,,0
2002_07_SEA_STL,2002,2002-10-20,Sunday,SEA,20.0,STL,37.0,57.0,-6.5,,,44.5,,,1
2002_07_HOU_CLE,2002,2002-10-20,Sunday,HOU,17.0,CLE,34.0,51.0,-8.5,,,36.5,,,0
2002_07_SD_OAK,2002,2002-10-20,Sunday,SD,27.0,OAK,21.0,48.0,-7.0,,,47.0,,,1
2002_07_DAL_ARI,2002,2002-10-20,Sunday,DAL,6.0,ARI,9.0,15.0,-3.5,,,36.5,,,0
2002_07_WAS_GB,2002,2002-10-20,Sunday,WAS,9.0,GB,30.0,39.0,-7.0,,,48.0,,,0
2002_07_TB_PHI,2002,2002-10-20,Sunday,TB,10.0,PHI,20.0,30.0,-3.0,,,37.0,,,0
2002_07_IND_PIT,2002,2002-10-21,Monday,IND,10.0,PIT,28.0,38.0,-4.5,,,46.0,,,0
2002_08_PIT_BAL,2002,2002-10-27,Sunday,PIT,31.0,BAL,18.0,49.0,3.0,,,37.5,,,1
2002_08_DET_BUF,2002,2002-10-27,Sunday,DET,17.0,BUF,24.0,41.0,-7.5,,,50.0,,,0
2002_08_TB_CAR,2002,2002-10-27,Sunday,TB,12.0,CAR,9.0,21.0,8.0,,,31.5,,,1
2002_08_TEN_CIN,2002,2002-10-27,Sunday,TEN,30.0,CIN,24.0,54.0,4.5,,,42.0,,,0
2002_08_SEA_DAL,2002,2002-10-27,Sunday,SEA,17.0,DAL,14.0,31.0,-2.0,,,37.0,,,0
2002_08_OAK_KC,2002,2002-10-27,Sunday,OAK,10.0,KC,20.0,30.0,2.5,,,55.5,,,1
2002_08_CHI_MIN,2002,2002-10-27,Sunday,CHI,7.0,MIN,25.0,32.0,-2.0,,,46.0,,,1
2002_08_ATL_NO,2002,2002-10-27,Sunday,ATL,37.0,NO,35.0,72.0,-3.5,,,47.0,,,1
2002_08_CLE_NYJ,2002,2002-10-27,Sunday,CLE,24.0,NYJ,21.0,45.0,-3.0,,,44.0,,,0
2002_08_ARI_SF,2002,2002-10-27,Sunday,ARI,28.0,SF,38.0,66.0,-8.5,,,40.5,,,1
2002_08_HOU_JAX,2002,2002-10-27,Sunday,HOU,21.0,JAX,19.0,40.0,-11.0,,,38.0,,,1
2002_08_DEN_NE,2002,2002-10-27,Sunday,DEN,24.0,NE,16.0,40.0,-3.0,,,46.0,,,0
2002_08_IND_WAS,2002,2002-10-27,Sunday,IND,21.0,WAS,26.0,47.0,-1.0,,,46.0,,,0
2002_08_NYG_PHI,2002,2002-10-28,Monday,NYG,3.0,PHI,17.0,20.0,-7.0,,,38.5,,,1
2002_09_BAL_ATL,2002,2002-11-03,Sunday,BAL,17.0,ATL,20.0,37.0,-7.0,,,40.5,,,0
2002_09_NE_BUF,2002,2002-11-03,Sunday,NE,38.0,BUF,7.0,45.0,-3.0,,,47.5,,,1
2002_09_PHI_CHI,2002,2002-11-03,Sunday,PHI,19.0,CHI,13.0,32.0,7.0,,,37.5,,,0
2002_09_PIT_CLE,2002,2002-11-03,Sunday,PIT,23.0,CLE,20.0,43.0,3.5,,,44.0,,,1
2002_09_DAL_DET,2002,2002-11-03,Sunday,DAL,7.0,DET,9.0,16.0,-3.0,,,37.0,,,0
2002_09_CIN_HOU,2002,2002-11-03,Sunday,CIN,38.0,HOU,3.0,41.0,-2.5,,,36.5,,,0
2002_09_TEN_IND,2002,2002-11-03,Sunday,TEN,23.0,IND,15.0,38.0,-3.0,,,47.0,,,1
2002_09_MIN_TB,2002,2002-11-03,Sunday,MIN,24.0,TB,38.0,62.0,-7.5,,,37.0,,,0
2002_09_NYJ_SD,2002,2002-11-03,Sunday,NYJ,44.0,SD,13.0,57.0,-8.5,,,41.0,,,0
2002_09_STL_ARI,2002,2002-11-03,Sunday,STL,27.0,ARI,14.0,41.0,5.0,,,43.5,,,1
2002_09_SF_OAK,2002,2002-11-03,Sunday,SF,23.0,OAK,20.0,43.0,-3.0,,,49.5,,,0
2002_09_WAS_SEA,2002,2002-11-03,Sunday,WAS,14.0,SEA,3.0,17.0,-2.0,,,41.5,,,0
2002_09_JAX_NYG,2002,2002-11-03,Sunday,JAX,17.0,NYG,24.0,41.0,-3.0,,,35.5,,,0
2002_09_MIA_GB,2002,2002-11-04,Monday,MIA,10.0,GB,24.0,34.0,-4.5,,,41.5,,,0
2002_10_CIN_BAL,2002,2002-11-10,Sunday,CIN,27.0,BAL,38.0,65.0,-4.0,,,37.0,,,1
2002_10_NO_CAR,2002,2002-11-10,Sunday,NO,34.0,CAR,24.0,58.0,4.0,,,39.5,,,1
2002_10_DET_GB,2002,2002-11-10,Sunday,DET,14.0,GB,40.0,54.0,-10.5,,,42.0,,,1
2002_10_NYG_MIN,2002,2002-11-10,Sunday,NYG,27.0,MIN,20.0,47.0,1.5,,,45.0,,,0
2002_10_IND_PHI,2002,2002-11-10,Sunday,IND,35.0,PHI,13.0,48.0,-9.5,,,41.5,,,0
2002_10_ATL_PIT,2002,2002-11-10,Sunday,ATL,34.0,PIT,34.0,68.0,-5.5,,,42.5,,,0
2002_10_SD_STL,2002,2002-11-10,Sunday,SD,24.0,STL,28.0,52.0,-6.0,,,44.0,,,0
2002_10_HOU_TEN,2002,2002-11-10,Sunday,HOU,10.0,TEN,17.0,27.0,-9.0,,,39.5,,,1
2002_10_SEA_ARI,2002,2002-11-10,Sunday,SEA,27.0,ARI,6.0,33.0,-3.0,,,37.0,,,1
2002_10_WAS_JAX,2002,2002-11-10,Sunday,WAS,7.0,JAX,26.0,33.0,-1.5,,,39.5,,,0
2002_10_NE_CHI,2002,2002-11-10,Sunday,NE,33.0,CHI,30.0,63.0,5.0,,,39.0,,,0
2002_10_KC_SF,2002,2002-11-10,Sunday,KC,13.0,SF,17.0,30.0,-5.0,,,49.0,,,0
2002_10_MIA_NYJ,2002,2002-11-10,Sunday,MIA,10.0,NYJ,13.0,23.0,-2.5,,,39.5,,,1
2002_10_OAK_DEN,2002,2002-11-11,Monday,OAK,34.0,DEN,10.0,44.0,-6.0,,,45.5,,,1
2002_11_NO_ATL,2002,2002-11-17,Sunday,NO,17.0,ATL,24.0,41.0,-1.5,,,51.0,,,1
2002_11_CLE_CIN,2002,2002-11-17,Sunday,CLE,27.0,CIN,20.0,47.0,3.0,,,41.5,,,1
2002_11_JAX_HOU,2002,2002-11-17,Sunday,JAX,24.0,HOU,21.0,45.0,6.5,,,36.5,,,1
2002_11_DAL_IND,2002,2002-11-17,Sunday,DAL,3.0,IND,20.0,23.0,-6.5,,,39.5,,,0
2002_11_BUF_KC,2002,2002-11-17,Sunday,BUF,16.0,KC,17.0,33.0,-3.5,,,52.5,,,0
2002_11_GB_MIN,2002,2002-11-17,Sunday,GB,21.0,MIN,31.0,52.0,6.5,,,50.5,,,1
2002_11_WAS_NYG,2002,2002-11-17,Sunday,WAS,17.0,NYG,19.0,36.0,-3.5,,,34.5,,,1
2002_11_ARI_PHI,2002,2002-11-17,Sunday,ARI,14.0,PHI,38.0,52.0,-12.0,,,37.5,,,0
2002_11_PIT_TEN,2002,2002-11-17,Sunday,PIT,23.0,TEN,31.0,54.0,3.0,,,44.0,,,0
2002_11_SF_SD,2002,2002-11-17,Sunday,SF,17.0,SD,20.0,37.0,2.5,,,43.0,,,0
2002_11_CAR_TB,2002,2002-11-17,Sunday,CAR,10.0,TB,23.0,33.0,-8.0,,,34.5,,,1
2002_11_NYJ_DET,2002,2002-11-17,Sunday,NYJ,31.0,DET,14.0,45.0,3.0,,,43.0,,,0
2002_11_BAL_MIA,2002,2002-11-17,Sunday,BAL,7.0,MIA,26.0,33.0,-5.0,,,34.5,,,0
2002_11_DEN_SEA,2002,2002-11-17,Sunday,DEN,31.0,SEA,9.0,40.0,5.5,,,42.5,,,0
2002_11_NE_OAK,2002,2002-11-17,Sunday,NE,20.0,OAK,27.0,47.0,-4.5,,,48.0,,,0
2002_11_CHI_STL,2002,2002-11-18,Monday,CHI,16.0,STL,21.0,37.0,-10.5,,,43.5,,,0
2002_12_TEN_BAL,2002,2002-11-24,Sunday,TEN,12.0,BAL,13.0,25.0,2.5,,,38.5,,,0
2002_12_ATL_CAR,2002,2002-11-24,Sunday,ATL,41.0,CAR,0.0,41.0,3.5,,,37.0,,,1
2002_12_DET_CHI,2002,2002-11-24,Sunday,DET,17.0,CHI,20.0,37.0,-5.0,,,37.5,,,1
2002_12_JAX_DAL,2002,2002-11-24,Sunday,JAX,19.0,DAL,21.0,40.0,2.5,,,34.0,,,0
2002_12_SD_MIA,2002,2002-11-24,Sunday,SD,3.0,MIA,30.0,33.0,-4.0,,,36.5,,,0
2002_12_MIN_NE,2002,2002-11-24,Sunday,MIN,17.0,NE,24.0,41.0,-8.0,,,47.0,,,0
2002_12_CLE_NO,2002,2002-11-24,Sunday,CLE,24.0,NO,15.0,39.0,-5.5,,,48.5,,,0
2002_12_BUF_NYJ,2002,2002-11-24,Sunday,BUF,13.0,NYJ,31.0,44.0,-3.0,,,45.5,,,1
2002_12_CIN_PIT,2002,2002-11-24,Sunday,CIN,21.0,PIT,29.0,50.0,-10.5,,,44.0,,,1
2002_12_STL_WAS,2002,2002-11-24,Sunday,STL,17.0,WAS,20.0,37.0,3.5,,,41.0,,,0
2002_12_OAK_ARI,2002,2002-11-24,Sunday,OAK,41.0,ARI,20.0,61.0,9.5,,,44.0,,,0
2002_12_KC_SEA,2002,2002-11-24,Sunday,KC,32.0,SEA,39.0,71.0,3.5,,,44.0,,,0
2002_12_NYG_HOU,2002,2002-11-24,Sunday,NYG,14.0,HOU,16.0,30.0,5.5,,,34.0,,,0
2002_12_GB_TB,2002,2002-11-24,Sunday,GB,7.0,TB,21.0,28.0,-3.0,,,38.5,,,0
2002_12_IND_DEN,2002,2002-11-24,Sunday,IND,23.0,DEN,20.0,43.0,-6.0,,,43.0,,,0
2002_12_PHI_SF,2002,2002-11-25,Monday,PHI,38.0,SF,17.0,55.0,-7.0,,,37.5,,,0
2002_13_NE_DET,2002,2002-11-28,Thursday,NE,20.0,DET,12.0,32.0,6.0,,,46.0,,,0
2002_13_WAS_DAL,2002,2002-11-28,Thursday,WAS,20.0,DAL,27.0,47.0,1.0,,,36.5,,,1
2002_13_MIA_BUF,2002,2002-12-01,Sunday,MIA,21.0,BUF,38.0,59.0,2.0,,,37.0,,,1
2002_13_BAL_CIN,2002,2002-12-01,Sunday,BAL,27.0,CIN,23.0,50.0,2.5,,,37.5,,,1
2002_13_CAR_CLE,2002,2002-12-01,Sunday,CAR,13.0,CLE,6.0,19.0,-7.5,,,34.5,,,0
2002_13_CHI_GB,2002,2002-12-01,Sunday,CHI,20.0,GB,30.0,50.0,-9.5,,,37.5,,,1
2002_13_PIT_JAX,2002,2002-12-01,Sunday,PIT,25.0,JAX,23.0,48.0,3.0,,,44.0,,,0
2002_13_ARI_KC,2002,2002-12-01,Sunday,ARI,0.0,KC,49.0,49.0,-9.0,,,47.0,,,0
2002_13_ATL_MIN,2002,2002-12-01,Sunday,ATL,30.0,MIN,24.0,54.0,3.5,,,47.5,,,0
2002_13_TEN_NYG,2002,2002-12-01,Sunday,TEN,32.0,NYG,29.0,61.0,-3.0,,,34.0,,,0
2002_13_HOU_IND,2002,2002-12-01,Sunday,HOU,3.0,IND,19.0,22.0,-11.5,,,39.5,,,1
2002_13_DEN_SD,2002,2002-12-01,Sunday,DEN,27.0,SD,30.0,57.0,3.0,,,40.0,,,1
2002_13_STL_PHI,2002,2002-12-01,Sunday,STL,3.0,PHI,10.0,13.0,2.0,,,38.0,,,0
2002_13_SEA_SF,2002,2002-12-01,Sunday,SEA,24.0,SF,31.0,55.0,-8.5,,,43.5,,,1
2002_13_TB_NO,2002,2002-12-01,Sunday,TB,20.0,NO,23.0,43.0,1.5,,,40.0,,,1
2002_13_NYJ_OAK,2002,2002-12-02,Monday,NYJ,20.0,OAK,26.0,46.0,-6.0,,,47.5,,,0
2002_14_CIN_CAR,2002,2002-12-08,Sunday,CIN,31.0,CAR,52.0,83.0,-3.0,,,37.5,,,0
2002_14_SF_DAL,2002,2002-12-08,Sunday,SF,31.0,DAL,27.0,58.0,4.5,,,40.0,,,0
2002_14_CLE_JAX,2002,2002-12-08,Sunday,CLE,21.0,JAX,20.0,41.0,-2.5,,,41.5,,,0
2002_14_STL_KC,2002,2002-12-08,Sunday,STL,10.0,KC,49.0,59.0,-4.5,,,45.5,,,0
2002_14_BUF_NE,2002,2002-12-08,Sunday,BUF,17.0,NE,27.0,44.0,-3.5,,,45.0,,,1
2002_14_HOU_PIT,2002,2002-12-08,Sunday,HOU,24.0,PIT,6.0,30.0,-14.0,,,37.5,,,0
2002_14_ATL_TB,2002,2002-12-08,Sunday,ATL,10.0,TB,34.0,44.0,-3.5,,,37.0,,,1
2002_14_IND_TEN,2002,2002-12-08,Sunday,IND,17.0,TEN,27.0,44.0,1.0,,,43.0,,,1
2002_14_NYG_WAS,2002,2002-12-08,Sunday,NYG,27.0,WAS,21.0,48.0,-3.0,,,37.5,,,1
2002_14_DET_ARI,2002,2002-12-08,Sunday,DET,20.0,ARI,23.0,43.0,1.0,,,39.5,,,0
2002_14_NO_BAL,2002,2002-12-08,Sunday,NO,37.0,BAL,25.0,62.0,2.0,,,42.5,,,0
2002_14_PHI_SEA,2002,2002-12-08,Sunday,PHI,27.0,SEA,20.0,47.0,3.0,,,37.5,,,0
2002_14_DEN_NYJ,2002,2002-12-08,Sunday,DEN,13.0,NYJ,19.0,32.0,1.5,,,43.0,,,0
2002_14_OAK_SD,2002,2002-12-08,Sunday,OAK,27.0,SD,7.0,34.0,3.5,,,45.5,,,1
2002_14_MIN_GB,2002,2002-12-08,Sunday,MIN,22.0,GB,26.0,48.0,-9.5,,,43.5,,,1
2002_14_CHI_MIA,2002,2002-12-09,Monday,CHI,9.0,MIA,27.0,36.0,-10.5,,,37.0,,,0
2002_15_SEA_ATL,2002,2002-12-15,Sunday,SEA,30.0,ATL,24.0,54.0,-9.5,,,46.0,,,0
2002_15_SD_BUF,2002,2002-12-15,Sunday,SD,13.0,BUF,20.0,33.0,-3.0,,,42.5,,,0
2002_15_NYJ_CHI,2002,2002-12-15,Sunday,NYJ,13.0,CHI,20.0,33.0,6.5,,,38.0,,,0
2002_15_JAX_CIN,2002,2002-12-15,Sunday,JAX,29.0,CIN,15.0,44.0,3.0,,,45.0,,,0
2002_15_IND_CLE,2002,2002-12-15,Sunday,IND,28.0,CLE,23.0,51.0,2.0,,,41.5,,,0
2002_15_TB_DET,2002,2002-12-15,Sunday,TB,23.0,DET,20.0,43.0,9.5,,,37.0,,,0
2002_15_BAL_HOU,2002,2002-12-15,Sunday,BAL,23.0,HOU,19.0,42.0,3.0,,,35.0,,,0
2002_15_OAK_MIA,2002,2002-12-15,Sunday,OAK,17.0,MIA,23.0,40.0,-1.5,,,43.5,,,0
2002_15_MIN_NO,2002,2002-12-15,Sunday,MIN,32.0,NO,31.0,63.0,-7.0,,,51.0,,,0
2002_15_WAS_PHI,2002,2002-12-15,Sunday,WAS,21.0,PHI,34.0,55.0,-7.5,,,38.0,,,1
2002_15_CAR_PIT,2002,2002-12-15,Sunday,CAR,14.0,PIT,30.0,44.0,-9.0,,,39.0,,,0
2002_15_KC_DEN,2002,2002-12-15,Sunday,KC,24.0,DEN,31.0,55.0,-3.5,,,47.5,,,1
2002_15_DAL_NYG,2002,2002-12-15,Sunday,DAL,7.0,NYG,37.0,44.0,-5.0,,,35.0,,,1
2002_15_GB_SF,2002,2002-12-15,Sunday,GB,20.0,SF,14.0,34.0,-3.0,,,42.5,,,0
2002_15_ARI_STL,2002,2002-12-15,Sunday,ARI,28.0,STL,30.0,58.0,-11.0,,,43.0,,,1
2002_15_NE_TEN,2002,2002-12-16,Monday,NE,7.0,TEN,24.0,31.0,-2.5,,,43.5,,,0
2002_16_MIA_MIN,2002,2002-12-21,Saturday,MIA,17.0,MIN,20.0,37.0,3.0,,,45.0,,,0
2002_16_SF_ARI,2002,2002-12-21,Saturday,SF,17.0,ARI,14.0,31.0,3.5,,,41.0,,,1
2002_16_PHI_DAL,2002,2002-12-21,Saturday,PHI,27.0,DAL,3.0,30.0,7.0,,,36.5,,,1
2002_16_DET_ATL,2002,2002-12-22,Sunday,DET,15.0,ATL,36.0,51.0,-10.5,,,44.0,,,0
2002_16_CHI_CAR,2002,2002-12-22,Sunday,CHI,14.0,CAR,24.0,38.0,-4.0,,,36.5,,,0
2002_16_NO_CIN,2002,2002-12-22,Sunday,NO,13.0,CIN,20.0,33.0,7.0,,,49.0,,,0
2002_16_BUF_GB,2002,2002-12-22,Sunday,BUF,0.0,GB,10.0,10.0,-6.5,,,43.5,,,0
2002_16_NYG_IND,2002,2002-12-22,Sunday,NYG,44.0,IND,27.0,71.0,-4.5,,,41.0,,,0
2002_16_TEN_JAX,2002,2002-12-22,Sunday,TEN,28.0,JAX,10.0,38.0,3.0,,,41.5,,,1
2002_16_SD_KC,2002,2002-12-22,Sunday,SD,22.0,KC,24.0,46.0,-1.5,,,44.0,,,1
2002_16_HOU_WAS,2002,2002-12-22,Sunday,HOU,10.0,WAS,26.0,36.0,-6.5,,,36.5,,,0
2002_16_STL_SEA,2002,2002-12-22,Sunday,STL,10.0,SEA,30.0,40.0,-2.5,,,48.0,,,1
2002_16_CLE_BAL,2002,2002-12-22,Sunday,CLE,14.0,BAL,13.0,27.0,-2.5,,,39.5,,,1
2002_16_DEN_OAK,2002,2002-12-22,Sunday,DEN,16.0,OAK,28.0,44.0,-3.5,,,46.5,,,1
2002_16_NYJ_NE,2002,2002-12-22,Sunday,NYJ,30.0,NE,17.0,47.0,-3.5,,,41.0,,,1
2002_16_PIT_TB,2002,2002-12-23,Monday,PIT,17.0,TB,7.0,24.0,-4.5,,,38.0,,,0
2002_17_PHI_NYG,2002,2002-12-28,Saturday,PHI,7.0,NYG,10.0,17.0,-1.0,,,37.5,,,1
2002_17_KC_OAK,2002,2002-12-28,Saturday,KC,0.0,OAK,24.0,24.0,-8.5,,,44.5,,,1
2002_17_CIN_BUF,2002,2002-12-29,Sunday,CIN,9.0,BUF,27.0,36.0,-7.5,,,45.0,,,0
2002_17_ATL_CLE,2002,2002-12-29,Sunday,ATL,16.0,CLE,24.0,40.0,2.5,,,41.0,,,0
2002_17_MIN_DET,2002,2002-12-29,Sunday,MIN,38.0,DET,36.0,74.0,3.5,,,47.0,,,1
2002_17_TEN_HOU,2002,2002-12-29,Sunday,TEN,13.0,HOU,3.0,16.0,9.5,,,35.5,,,1
2002_17_MIA_NE,2002,2002-12-29,Sunday,MIA,24.0,NE,27.0,51.0,2.0,,,38.0,,,1
2002_17_CAR_NO,2002,2002-12-29,Sunday,CAR,10.0,NO,6.0,16.0,-6.0,,,43.5,,,1
2002_17_BAL_PIT,2002,2002-12-29,Sunday,BAL,31.0,PIT,34.0,65.0,-8.0,,,39.0,,,1
2002_17_DAL_WAS,2002,2002-12-29,Sunday,DAL,14.0,WAS,20.0,34.0,-7.5,,,36.5,,,1
2002_17_JAX_IND,2002,2002-12-29,Sunday,JAX,13.0,IND,20.0,33.0,-8.5,,,40.5,,,1
2002_17_ARI_DEN,2002,2002-12-29,Sunday,ARI,7.0,DEN,37.0,44.0,-13.5,,,42.0,,,0
2002_17_GB_NYJ,2002,2002-12-29,Sunday,GB,17.0,NYJ,42.0,59.0,1.5,,,39.5,,,0
2002_17_SEA_SD,2002,2002-12-29,Sunday,SEA,31.0,SD,28.0,59.0,-3.0,,,42.5,,,0
2002_17_TB_CHI,2002,2002-12-29,Sunday,TB,15.0,CHI,0.0,15.0,7.0,,,32.0,,,0
2002_17_SF_STL,2002,2002-12-30,Monday,SF,20.0,STL,31.0,51.0,-2.0,,,39.5,,,1
2002_18_IND_NYJ,2002,2003-01-04,Saturday,IND,0.0,NYJ,41.0,41.0,-6.0,,,42.0,,,0
2002_18_ATL_GB,2002,2003-01-04,Saturday,ATL,27.0,GB,7.0,34.0,-6.5,,,40.5,,,0
2002_18_CLE_PIT,2002,2003-01-05,Sunday,CLE,33.0,PIT,36.0,69.0,-8.0,,,43.0,,,1
2002_18_NYG_SF,2002,2003-01-05,Sunday,NYG,38.0,SF,39.0,77.0,-3.0,,,41.0,,,0
2002_19_PIT_TEN,2002,2003-01-11,Saturday,PIT,31.0,TEN,34.0,65.0,-4.5,,,44.0,,,0
2002_19_ATL_PHI,2002,2003-01-11,Saturday,ATL,6.0,PHI,20.0,26.0,-7.5,,,38.5,,,0
2002_19_SF_TB,2002,2003-01-12,Sunday,SF,6.0,TB,31.0,37.0,-6.0,,,39.5,,,0
2002_19_NYJ_OAK,2002,2003-01-12,Sunday,NYJ,10.0,OAK,30.0,40.0,-5.5,,,47.0,,,0
2002_20_TB_PHI,2002,2003-01-19,Sunday,TB,27.0,PHI,10.0,37.0,-4.0,,,33.5,,,0
2002_20_TEN_OAK,2002,2003-01-19,Sunday,TEN,24.0,OAK,41.0,65.0,-9.0,,,46.0,,,0
2002_21_OAK_TB,2002,2003-01-26,Sunday,OAK,21.0,TB,48.0,69.0,3.5,,,44.0,,,0
2003_01_NYJ_WAS,2003,2003-09-04,Thursday,NYJ,13.0,WAS,16.0,29.0,-3.0,,,40.0,,,0
2003_01_NE_BUF,2003,2003-09-07,Sunday,NE,0.0,BUF,31.0,31.0,-1.0,,,44.5,,,1
2003_01_JAX_CAR,2003,2003-09-07,Sunday,JAX,23.0,CAR,24.0,47.0,-4.0,,,34.5,,,0
2003_01_DEN_CIN,2003,2003-09-07,Sunday,DEN,30.0,CIN,10.0,40.0,6.0,,,43.5,,,0
2003_01_IND_CLE,2003,2003-09-07,Sunday,IND,9.0,CLE,6.0,15.0,2.0,,,48.0,,,0
2003_01_ARI_DET,2003,2003-09-07,Sunday,ARI,24.0,DET,42.0,66.0,-3.5,,,39.0,,,0
2003_01_MIN_GB,2003,2003-09-07,Sunday,MIN,30.0,GB,25.0,55.0,-4.0,,,47.0,,,1
2003_01_SD_KC,2003,2003-09-07,Sunday,SD,14.0,KC,27.0,41.0,-4.5,,,47.0,,,1
2003_01_HOU_MIA,2003,2003-09-07,Sunday,HOU,21.0,MIA,20.0,41.0,-14.0,,,34.5,,,0
2003_01_STL_NYG,2003,2003-09-07,Sunday,STL,13.0,NYG,23.0,36.0,1.0,,,46.5,,,0
2003_01_BAL_PIT,2003,2003-09-07,Sunday,BAL,15.0,PIT,34.0,49.0,-4.0,,,38.5,,,1
2003_01_ATL_DAL,2003,2003-09-07,Sunday,ATL,27.0,DAL,13.0,40.0,-2.0,,,36.5,,,0
2003_01_NO_SEA,2003,2003-09-07,Sunday,NO,10.0,SEA,27.0,37.0,-3.0,,,48.5,,,0
2003_01_CHI_SF,2003,2003-09-07,Sunday,CHI,7.0,SF,49.0,56.0,-6.5,,,40.5,,,0
2003_01_OAK_TEN,2003,2003-09-07,Sunday,OAK,20.0,TEN,25.0,45.0,-3.5,,,46.0,,,0
2003_01_TB_PHI,2003,2003-09-08,Monday,TB,17.0,PHI,0.0,17.0,-3.0,,,36.0,,,0
2003_02_WAS_ATL,2003,2003-09-14,Sunday,WAS,33.0,ATL,31.0,64.0,-3.0,,,39.5,,,0
2003_02_CLE_BAL,2003,2003-09-14,Sunday,CLE,13.0,BAL,33.0,46.0,-2.5,,,39.0,,,1
2003_02_DET_GB,2003,2003-09-14,Sunday,DET,6.0,GB,31.0,37.0,-7.0,,,45.5,,,1
2003_02_TEN_IND,2003,2003-09-14,Sunday,TEN,7.0,IND,33.0,40.0,-2.5,,,44.0,,,1
2003_02_BUF_JAX,2003,2003-09-14,Sunday,BUF,38.0,JAX,17.0,55.0,3.0,,,42.0,,,0
2003_02_PIT_KC,2003,2003-09-14,Sunday,PIT,20.0,KC,41.0,61.0,-3.5,,,48.0,,,0
2003_02_HOU_NO,2003,2003-09-14,Sunday,HOU,10.0,NO,31.0,41.0,-8.0,,,40.5,,,0
2003_02_MIA_NYJ,2003,2003-09-14,Sunday,MIA,21.0,NYJ,10.0,31.0,3.0,,,37.0,,,1
2003_02_SF_STL,2003,2003-09-14,Sunday,SF,24.0,STL,27.0,51.0,-3.0,,,47.5,,,1
2003_02_SEA_ARI,2003,2003-09-14,Sunday,SEA,38.0,ARI,0.0,38.0,5.0,,,44.5,,,1
2003_02_CAR_TB,2003,2003-09-14,Sunday,CAR,12.0,TB,9.0,21.0,-9.0,,,34.5,,,1
2003_02_CIN_OAK,2003,2003-09-14,Sunday,CIN,20.0,OAK,23.0,43.0,-12.0,,,45.0,,,0
2003_02_NE_PHI,2003,2003-09-14,Sunday,NE,31.0,PHI,10.0,41.0,-4.0,,,38.0,,,0
2003_02_DEN_SD,2003,2003-09-14,Sunday,DEN,37.0,SD,13.0,50.0,3.0,,,43.0,,,1
2003_02_CHI_MIN,2003,2003-09-14,Sunday,CHI,13.0,MIN,24.0,37.0,-9.0,,,44.5,,,1
2003_02_DAL_NYG,2003,2003-09-15,Monday,DAL,35.0,NYG,32.0,67.0,-7.5,,,36.5,,,1
2003_03_TB_ATL,2003,2003-09-21,Sunday,TB,31.0,ATL,10.0,41.0,6.5,,,35.5,,,1
2003_03_PIT_CIN,2003,2003-09-21,Sunday,PIT,17.0,CIN,10.0,27.0,4.5,,,44.5,,,1
2003_03_MIN_DET,2003,2003-09-21,Sunday,MIN,23.0,DET,13.0,36.0,4.0,,,47.5,,,1
2003_03_KC_HOU,2003,2003-09-21,Sunday,KC,42.0,HOU,14.0,56.0,7.5,,,44.0,,,0
2003_03_JAX_IND,2003,2003-09-21,Sunday,JAX,13.0,IND,23.0,36.0,-7.5,,,42.0,,,1
2003_03_NYJ_NE,2003,2003-09-21,Sunday,NYJ,16.0,NE,23.0,39.0,-6.0,,,38.0,,,1
2003_03_NO_TEN,2003,2003-09-21,Sunday,NO,12.0,TEN,27.0,39.0,-4.5,,,43.5,,,0
2003_03_GB_ARI,2003,2003-09-21,Sunday,GB,13.0,ARI,20.0,33.0,7.5,,,42.5,,,0
2003_03_STL_SEA,2003,2003-09-21,Sunday,STL,23.0,SEA,24.0,47.0,-3.0,,,47.0,,,1
2003_03_NYG_WAS,2003,2003-09-21,Sunday,NYG,24.0,WAS,21.0,45.0,-1.5,,,43.5,,,1
2003_03_BAL_SD,2003,2003-09-21,Sunday,BAL,24.0,SD,10.0,34.0,-1.5,,,38.5,,,0
2003_03_CLE_SF,2003,2003-09-21,Sunday,CLE,13.0,SF,12.0,25.0,-7.0,,,44.5,,,0
2003_03_BUF_MIA,2003,2003-09-21,Sunday,BUF,7.0,MIA,17.0,24.0,-3.0,,,40.5,,,1
2003_03_OAK_DEN,2003,2003-09-22,Monday,OAK,10.0,DEN,31.0,41.0,-5.5,,,45.0,,,1
2003_04_PHI_BUF,2003,2003-09-28,Sunday,PHI,23.0,BUF,13.0,36.0,-3.0,,,39.5,,,0
2003_04_CIN_CLE,2003,2003-09-28,Sunday,CIN,21.0,CLE,14.0,35.0,-4.5,,,40.0,,,1
2003_04_JAX_HOU,2003,2003-09-28,Sunday,JAX,20.0,HOU,24.0,44.0,2.5,,,37.5,,,1
2003_04_SF_MIN,2003,2003-09-28,Sunday,SF,7.0,MIN,35.0,42.0,-0.0,,,43.0,,,0
2003_04_TEN_PIT,2003,2003-09-28,Sunday,TEN,30.0,PIT,13.0,43.0,-3.5,,,44.0,,,0
2003_04_ARI_STL,2003,2003-09-28,Sunday,ARI,13.0,STL,37.0,50.0,-11.5,,,45.5,,,1
2003_04_NE_WAS,2003,2003-09-28,Sunday,NE,17.0,WAS,20.0,37.0,-3.5,,,43.0,,,0
2003_04_KC_BAL,2003,2003-09-28,Sunday,KC,17.0,BAL,10.0,27.0,3.0,,,43.5,,,0
2003_04_SD_OAK,2003,2003-09-28,Sunday,SD,31.0,OAK,34.0,65.0,-7.0,,,41.5,,,1
2003_04_ATL_CAR,2003,2003-09-28,Sunday,ATL,3.0,CAR,23.0,26.0,-6.0,,,35.5,,,1
2003_04_DET_DEN,2003,2003-09-28,Sunday,DET,16.0,DEN,20.0,36.0,-12.0,,,44.0,,,0
2003_04_DAL_NYJ,2003,2003-09-28,Sunday,DAL,17.0,NYJ,6.0,23.0,-3.0,,,37.0,,,0
2003_04_IND_NO,2003,2003-09-28,Sunday,IND,55.0,NO,21.0,76.0,1.5,,,42.0,,,0
2003_04_GB_CHI,2003,2003-09-29,Monday,GB,38.0,CHI,23.0,61.0,4.0,,,41.5,,,1
2003_05_MIN_ATL,2003,2003-10-05,Sunday,MIN,39.0,ATL,26.0,65.0,4.5,,,43.5,,,0
2003_05_CIN_BUF,2003,2003-10-05,Sunday,CIN,16.0,BUF,22.0,38.0,-7.0,,,40.0,,,0
2003_05_NO_CAR,2003,2003-10-05,Sunday,NO,13.0,CAR,19.0,32.0,-7.0,,,37.5,,,1
2003_05_OAK_CHI,2003,2003-10-05,Sunday,OAK,21.0,CHI,24.0,45.0,3.5,,,43.5,,,0
2003_05_ARI_DAL,2003,2003-10-05,Sunday,ARI,7.0,DAL,24.0,31.0,-7.5,,,39.5,,,0
2003_05_SEA_GB,2003,2003-10-05,Sunday,SEA,13.0,GB,35.0,48.0,-1.0,,,45.0,,,0
2003_05_DEN_KC,2003,2003-10-05,Sunday,DEN,23.0,KC,24.0,47.0,-3.5,,,46.5,,,1
2003_05_TEN_NE,2003,2003-10-05,Sunday,TEN,30.0,NE,38.0,68.0,-1.0,,,40.5,,,0
2003_05_MIA_NYG,2003,2003-10-05,Sunday,MIA,23.0,NYG,10.0,33.0,-1.5,,,38.0,,,0
2003_05_SD_JAX,2003,2003-10-05,Sunday,SD,21.0,JAX,27.0,48.0,-3.0,,,42.5,,,0
2003_05_WAS_PHI,2003,2003-10-05,Sunday,WAS,25.0,PHI,27.0,52.0,-4.5,,,40.5,,,1
2003_05_DET_SF,2003,2003-10-05,Sunday,DET,17.0,SF,24.0,41.0,-7.5,,,42.5,,,0
2003_05_CLE_PIT,2003,2003-10-05,Sunday,CLE,33.0,PIT,13.0,46.0,-7.0,,,42.0,,,1
2003_05_IND_TB,2003,2003-10-06,Monday,IND,38.0,TB,35.0,73.0,-4.5,,,37.5,,,0
2003_06_OAK_CLE,2003,2003-10-12,Sunday,OAK,7.0,CLE,13.0,20.0,-3.5,,,43.5,,,0
2003_06_PHI_DAL,2003,2003-10-12,Sunday,PHI,21.0,DAL,23.0,44.0,-1.0,,,37.5,,,1
2003_06_KC_GB,2003,2003-10-12,Sunday,KC,40.0,GB,34.0,74.0,-2.5,,,47.5,,,0
2003_06_CAR_IND,2003,2003-10-12,Sunday,CAR,23.0,IND,20.0,43.0,-4.0,,,37.5,,,0
2003_06_MIA_JAX,2003,2003-10-12,Sunday,MIA,24.0,JAX,10.0,34.0,3.5,,,38.0,,,0
2003_06_NYG_NE,2003,2003-10-12,Sunday,NYG,6.0,NE,17.0,23.0,-2.5,,,42.5,,,0
2003_06_CHI_NO,2003,2003-10-12,Sunday,CHI,13.0,NO,20.0,33.0,-6.5,,,43.0,,,0
2003_06_HOU_TEN,2003,2003-10-12,Sunday,HOU,17.0,TEN,38.0,55.0,-8.5,,,39.5,,,1
2003_06_TB_WAS,2003,2003-10-12,Sunday,TB,35.0,WAS,13.0,48.0,3.5,,,37.0,,,0
2003_06_BAL_ARI,2003,2003-10-12,Sunday,BAL,26.0,ARI,18.0,44.0,6.5,,,37.0,,,0
2003_06_PIT_DEN,2003,2003-10-12,Sunday,PIT,14.0,DEN,17.0,31.0,-6.5,,,45.0,,,0
2003_06_BUF_NYJ,2003,2003-10-12,Sunday,BUF,3.0,NYJ,30.0,33.0,1.0,,,36.5,,,1
2003_06_SF_SEA,2003,2003-10-12,Sunday,SF,19.0,SEA,20.0,39.0,-3.5,,,44.5,,,1
2003_06_ATL_STL,2003,2003-10-13,Monday,ATL,0.0,STL,36.0,36.0,-10.0,,,46.0,,,0
2003_07_NO_ATL,2003,2003-10-19,Sunday,NO,45.0,ATL,17.0,62.0,3.0,,,42.0,,,1
2003_07_TEN_CAR,2003,2003-10-19,Sunday,TEN,37.0,CAR,17.0,54.0,-0.0,,,37.5,,,0
2003_07_BAL_CIN,2003,2003-10-19,Sunday,BAL,26.0,CIN,34.0,60.0,1.0,,,36.0,,,1
2003_07_SD_CLE,2003,2003-10-19,Sunday,SD,26.0,CLE,20.0,46.0,-3.5,,,41.0,,,0
2003_07_DAL_DET,2003,2003-10-19,Sunday,DAL,38.0,DET,7.0,45.0,3.0,,,39.0,,,0
2003_07_NE_MIA,2003,2003-10-19,Sunday,NE,19.0,MIA,13.0,32.0,-6.5,,,37.0,,,1
2003_07_DEN_MIN,2003,2003-10-19,Sunday,DEN,20.0,MIN,28.0,48.0,-4.0,,,44.0,,,0
2003_07_PHI_NYG,2003,2003-10-19,Sunday,PHI,14.0,NYG,10.0,24.0,-3.0,,,37.0,,,1
2003_07_GB_STL,2003,2003-10-19,Sunday,GB,24.0,STL,34.0,58.0,-4.0,,,48.5,,,0
2003_07_NYJ_HOU,2003,2003-10-19,Sunday,NYJ,19.0,HOU,14.0,33.0,3.5,,,38.0,,,0
2003_07_WAS_BUF,2003,2003-10-19,Sunday,WAS,7.0,BUF,24.0,31.0,-3.0,,,38.0,,,0
2003_07_CHI_SEA,2003,2003-10-19,Sunday,CHI,17.0,SEA,24.0,41.0,-11.0,,,41.5,,,0
2003_07_TB_SF,2003,2003-10-19,Sunday,TB,7.0,SF,24.0,31.0,5.0,,,39.0,,,0
2003_07_KC_OAK,2003,2003-10-20,Monday,KC,17.0,OAK,10.0,27.0,4.5,,,47.5,,,1
2003_08_DEN_BAL,2003,2003-10-26,Sunday,DEN,6.0,BAL,26.0,32.0,-2.5,,,36.5,,,0
2003_08_DET_CHI,2003,2003-10-26,Sunday,DET,16.0,CHI,24.0,40.0,-3.0,,,37.5,,,1
2003_08_SEA_CIN,2003,2003-10-26,Sunday,SEA,24.0,CIN,27.0,51.0,3.0,,,41.5,,,0
2003_08_TEN_JAX,2003,2003-10-26,Sunday,TEN,30.0,JAX,17.0,47.0,4.5,,,43.5,,,1
2003_08_NYG_MIN,2003,2003-10-26,Sunday,NYG,29.0,MIN,17.0,46.0,-5.5,,,44.5,,,0
2003_08_CLE_NE,2003,2003-10-26,Sunday,CLE,3.0,NE,9.0,12.0,-4.5,,,37.5,,,0
2003_08_CAR_NO,2003,2003-10-26,Sunday,CAR,23.0,NO,20.0,43.0,-3.0,,,39.5,,,1
2003_08_STL_PIT,2003,2003-10-26,Sunday,STL,33.0,PIT,21.0,54.0,-1.0,,,45.5,,,0
2003_08_DAL_TB,2003,2003-10-26,Sunday,DAL,0.0,TB,16.0,16.0,-6.0,,,37.0,,,0
2003_08_SF_ARI,2003,2003-10-26,Sunday,SF,13.0,ARI,16.0,29.0,7.0,,,41.0,,,1
2003_08_HOU_IND,2003,2003-10-26,Sunday,HOU,21.0,IND,30.0,51.0,-13.0,,,44.0,,,1
2003_08_NYJ_PHI,2003,2003-10-26,Sunday,NYJ,17.0,PHI,24.0,41.0,-3.0,,,36.0,,,0
2003_08_BUF_KC,2003,2003-10-26,Sunday,BUF,5.0,KC,38.0,43.0,-5.5,,,43.5,,,0
2003_08_MIA_SD,2003,2003-10-27,Monday,MIA,26.0,SD,10.0,36.0,6.5,,,38.5,,,0
2003_09_JAX_BAL,2003,2003-11-02,Sunday,JAX,17.0,BAL,24.0,41.0,-7.0,,,37.5,,,0
2003_09_SD_CHI,2003,2003-11-02,Sunday,SD,7.0,CHI,20.0,27.0,-1.0,,,39.0,,,0
2003_09_OAK_DET,2003,2003-11-02,Sunday,OAK,13.0,DET,23.0,36.0,3.5,,,39.5,,,0
2003_09_CAR_HOU,2003,2003-11-02,Sunday,CAR,10.0,HOU,14.0,24.0,6.0,,,37.0,,,0
2003_09_IND_MIA,2003,2003-11-02,Sunday,IND,23.0,MIA,17.0,40.0,-3.0,,,39.5,,,0
2003_09_NYG_NYJ,2003,2003-11-02,Sunday,NYG,31.0,NYJ,28.0,59.0,3.5,,,40.0,,,0
2003_09_NO_TB,2003,2003-11-02,Sunday,NO,17.0,TB,14.0,31.0,-8.0,,,39.0,,,1
2003_09_CIN_ARI,2003,2003-11-02,Sunday,CIN,14.0,ARI,17.0,31.0,3.0,,,39.0,,,0
2003_09_PIT_SEA,2003,2003-11-02,Sunday,PIT,16.0,SEA,23.0,39.0,-5.0,,,44.0,,,0
2003_09_PHI_ATL,2003,2003-11-02,Sunday,PHI,23.0,ATL,16.0,39.0,6.0,,,39.5,,,0
2003_09_WAS_DAL,2003,2003-11-02,Sunday,WAS,14.0,DAL,21.0,35.0,-6.0,,,38.5,,,1
2003_09_STL_SF,2003,2003-11-02,Sunday,STL,10.0,SF,30.0,40.0,5.0,,,44.0,,,1
2003_09_GB_MIN,2003,2003-11-02,Sunday,GB,30.0,MIN,27.0,57.0,-5.5,,,49.0,,,1
2003_09_NE_DEN,2003,2003-11-03,Monday,NE,30.0,DEN,26.0,56.0,-2.0,,,36.0,,,0
2003_10_TB_CAR,2003,2003-11-09,Sunday,TB,24.0,CAR,27.0,51.0,3.5,,,34.5,,,1
2003_10_HOU_CIN,2003,2003-11-09,Sunday,HOU,27.0,CIN,34.0,61.0,-4.0,,,40.0,,,0
2003_10_CHI_DET,2003,2003-11-09,Sunday,CHI,10.0,DET,12.0,22.0,-0.0,,,37.5,,,1
2003_10_IND_JAX,2003,2003-11-09,Sunday,IND,23.0,JAX,28.0,51.0,6.0,,,44.0,,,1
2003_10_CLE_KC,2003,2003-11-09,Sunday,CLE,20.0,KC,41.0,61.0,-9.0,,,43.5,,,0
2003_10_ATL_NYG,2003,2003-11-09,Sunday,ATL,27.0,NYG,7.0,34.0,-11.5,,,41.0,,,0
2003_10_ARI_PIT,2003,2003-11-09,Sunday,ARI,15.0,PIT,28.0,43.0,-7.0,,,40.5,,,0
2003_10_MIA_TEN,2003,2003-11-09,Sunday,MIA,7.0,TEN,31.0,38.0,-5.5,,,39.5,,,0
2003_10_SEA_WAS,2003,2003-11-09,Sunday,SEA,20.0,WAS,27.0,47.0,3.0,,,41.0,,,0
2003_10_MIN_SD,2003,2003-11-09,Sunday,MIN,28.0,SD,42.0,70.0,5.5,,,45.0,,,0
2003_10_BUF_DAL,2003,2003-11-09,Sunday,BUF,6.0,DAL,10.0,16.0,-4.0,,,37.0,,,0
2003_10_NYJ_OAK,2003,2003-11-09,Sunday,NYJ,27.0,OAK,24.0,51.0,3.0,,,38.0,,,0
2003_10_BAL_STL,2003,2003-11-09,Sunday,BAL,22.0,STL,33.0,55.0,-6.5,,,43.0,,,0
2003_10_PHI_GB,2003,2003-11-10,Monday,PHI,17.0,GB,14.0,31.0,-4.5,,,43.0,,,0
2003_11_HOU_BUF,2003,2003-11-16,Sunday,HOU,12.0,BUF,10.0,22.0,-7.0,,,37.5,,,0
2003_11_WAS_CAR,2003,2003-11-16,Sunday,WAS,17.0,CAR,20.0,37.0,-6.0,,,37.0,,,0
2003_11_STL_CHI,2003,2003-11-16,Sunday,STL,23.0,CHI,21.0,44.0,6.0,,,41.0,,,0
2003_11_KC_CIN,2003,2003-11-16,Sunday,KC,19.0,CIN,24.0,43.0,6.0,,,48.0,,,0
2003_11_ARI_CLE,2003,2003-11-16,Sunday,ARI,6.0,CLE,44.0,50.0,-5.0,,,37.5,,,0
2003_11_BAL_MIA,2003,2003-11-16,Sunday,BAL,6.0,MIA,9.0,15.0,-5.0,,,33.0,,,0
2003_11_ATL_NO,2003,2003-11-16,Sunday,ATL,20.0,NO,23.0,43.0,-9.0,,,44.0,,,1
2003_11_NYG_PHI,2003,2003-11-16,Sunday,NYG,10.0,PHI,28.0,38.0,-3.0,,,38.0,,,1
2003_11_JAX_TEN,2003,2003-11-16,Sunday,JAX,3.0,TEN,10.0,13.0,-9.0,,,44.5,,,1
2003_11_SD_DEN,2003,2003-11-16,Sunday,SD,8.0,DEN,37.0,45.0,-8.5,,,44.0,,,1
2003_11_NYJ_IND,2003,2003-11-16,Sunday,NYJ,31.0,IND,38.0,69.0,-6.0,,,43.5,,,0
2003_11_MIN_OAK,2003,2003-11-16,Sunday,MIN,18.0,OAK,28.0,46.0,4.5,,,46.0,,,0
2003_11_DET_SEA,2003,2003-11-16,Sunday,DET,14.0,SEA,35.0,49.0,-11.0,,,39.5,,,0
2003_11_GB_TB,2003,2003-11-16,Sunday,GB,20.0,TB,13.0,33.0,-3.5,,,41.0,,,0
2003_11_DAL_NE,2003,2003-11-16,Sunday,DAL,0.0,NE,12.0,12.0,-4.0,,,35.0,,,0
2003_11_PIT_SF,2003,2003-11-17,Monday,PIT,14.0,SF,30.0,44.0,-4.0,,,41.5,,,0
2003_12_SEA_BAL,2003,2003-11-23,Sunday,SEA,41.0,BAL,44.0,85.0,-3.0,,,36.0,,,0
2003_12_IND_BUF,2003,2003-11-23,Sunday,IND,17.0,BUF,14.0,31.0,3.0,,,38.5,,,0
2003_12_PIT_CLE,2003,2003-11-23,Sunday,PIT,13.0,CLE,6.0,19.0,-3.0,,,40.5,,,1
2003_12_CAR_DAL,2003,2003-11-23,Sunday,CAR,20.0,DAL,24.0,44.0,-3.0,,,33.0,,,0
2003_12_SF_GB,2003,2003-11-23,Sunday,SF,10.0,GB,20.0,30.0,-3.5,,,40.0,,,0
2003_12_NE_HOU,2003,2003-11-23,Sunday,NE,23.0,HOU,20.0,43.0,5.0,,,37.0,,,0
2003_12_DET_MIN,2003,2003-11-23,Sunday,DET,14.0,MIN,24.0,38.0,-10.5,,,47.5,,,1
2003_12_JAX_NYJ,2003,2003-11-23,Sunday,JAX,10.0,NYJ,13.0,23.0,-4.0,,,43.0,,,0
2003_12_NO_PHI,2003,2003-11-23,Sunday,NO,20.0,PHI,33.0,53.0,-5.5,,,39.5,,,0
2003_12_STL_ARI,2003,2003-11-23,Sunday,STL,30.0,ARI,27.0,57.0,7.0,,,44.0,,,1
2003_12_CHI_DEN,2003,2003-11-23,Sunday,CHI,19.0,DEN,10.0,29.0,-10.5,,,38.5,,,0
2003_12_TEN_ATL,2003,2003-11-23,Sunday,TEN,38.0,ATL,31.0,69.0,6.5,,,44.0,,,0
2003_12_OAK_KC,2003,2003-11-23,Sunday,OAK,24.0,KC,27.0,51.0,-11.0,,,44.5,,,1
2003_12_CIN_SD,2003,2003-11-23,Sunday,CIN,34.0,SD,27.0,61.0,3.0,,,43.0,,,0
2003_12_WAS_MIA,2003,2003-11-23,Sunday,WAS,23.0,MIA,24.0,47.0,-7.0,,,35.0,,,0
2003_12_NYG_TB,2003,2003-11-24,Monday,NYG,13.0,TB,19.0,32.0,-6.0,,,38.0,,,0
2003_13_GB_DET,2003,2003-11-27,Thursday,GB,14.0,DET,22.0,36.0,6.5,,,44.0,,,1
2003_13_MIA_DAL,2003,2003-11-27,Thursday,MIA,40.0,DAL,21.0,61.0,-3.0,,,34.5,,,0
2003_13_SF_BAL,2003,2003-11-30,Sunday,SF,6.0,BAL,44.0,50.0,-3.0,,,37.0,,,0
2003_13_PHI_CAR,2003,2003-11-30,Sunday,PHI,25.0,CAR,16.0,41.0,-1.5,,,37.0,,,0
2003_13_ARI_CHI,2003,2003-11-30,Sunday,ARI,3.0,CHI,28.0,31.0,-4.5,,,36.0,,,0
2003_13_ATL_HOU,2003,2003-11-30,Sunday,ATL,13.0,HOU,17.0,30.0,-3.0,,,42.5,,,0
2003_13_NE_IND,2003,2003-11-30,Sunday,NE,38.0,IND,34.0,72.0,-3.5,,,43.5,,,0
2003_13_BUF_NYG,2003,2003-11-30,Sunday,BUF,24.0,NYG,7.0,31.0,-3.0,,,35.5,,,0
2003_13_CIN_PIT,2003,2003-11-30,Sunday,CIN,24.0,PIT,20.0,44.0,-3.0,,,42.0,,,1
2003_13_MIN_STL,2003,2003-11-30,Sunday,MIN,17.0,STL,48.0,65.0,-6.0,,,51.0,,,0
2003_13_NO_WAS,2003,2003-11-30,Sunday,NO,24.0,WAS,20.0,44.0,1.0,,,42.5,,,0
2003_13_DEN_OAK,2003,2003-11-30,Sunday,DEN,22.0,OAK,8.0,30.0,3.0,,,42.0,,,1
2003_13_KC_SD,2003,2003-11-30,Sunday,KC,28.0,SD,24.0,52.0,7.5,,,48.5,,,1
2003_13_CLE_SEA,2003,2003-11-30,Sunday,CLE,7.0,SEA,34.0,41.0,-6.5,,,42.0,,,0
2003_13_TB_JAX,2003,2003-11-30,Sunday,TB,10.0,JAX,17.0,27.0,3.0,,,37.0,,,0
2003_13_TEN_NYJ,2003,2003-12-01,Monday,TEN,17.0,NYJ,24.0,41.0,3.0,,,42.0,,,0
2003_14_CIN_BAL,2003,2003-12-07,Sunday,CIN,13.0,BAL,31.0,44.0,-5.0,,,38.5,,,1
2003_14_SD_DET,2003,2003-12-07,Sunday,SD,14.0,DET,7.0,21.0,-3.0,,,43.5,,,0
2003_14_CHI_GB,2003,2003-12-07,Sunday,CHI,21.0,GB,34.0,55.0,-7.5,,,39.0,,,1
2003_14_HOU_JAX,2003,2003-12-07,Sunday,HOU,0.0,JAX,27.0,27.0,-9.5,,,37.5,,,1
2003_14_SEA_MIN,2003,2003-12-07,Sunday,SEA,7.0,MIN,34.0,41.0,1.0,,,52.5,,,0
2003_14_TB_NO,2003,2003-12-07,Sunday,TB,14.0,NO,7.0,21.0,-3.0,,,40.5,,,1
2003_14_WAS_NYG,2003,2003-12-07,Sunday,WAS,20.0,NYG,7.0,27.0,-3.0,,,36.0,,,1
2003_14_DAL_PHI,2003,2003-12-07,Sunday,DAL,10.0,PHI,36.0,46.0,-5.5,,,35.5,,,1
2003_14_OAK_PIT,2003,2003-12-07,Sunday,OAK,7.0,PIT,27.0,34.0,-5.5,,,40.5,,,0
2003_14_IND_TEN,2003,2003-12-07,Sunday,IND,29.0,TEN,27.0,56.0,-3.5,,,46.5,,,1
2003_14_ARI_SF,2003,2003-12-07,Sunday,ARI,14.0,SF,50.0,64.0,-10.5,,,40.5,,,1
2003_14_NYJ_BUF,2003,2003-12-07,Sunday,NYJ,6.0,BUF,17.0,23.0,-3.0,,,37.0,,,1
2003_14_KC_DEN,2003,2003-12-07,Sunday,KC,27.0,DEN,45.0,72.0,-3.0,,,46.5,,,1
2003_14_MIA_NE,2003,2003-12-07,Sunday,MIA,0.0,NE,12.0,12.0,-3.0,,,33.5,,,1
2003_14_CAR_ATL,2003,2003-12-07,Sunday,CAR,14.0,ATL,20.0,34.0,1.0,,,41.0,,,1
2003_14_STL_CLE,2003,2003-12-08,Monday,STL,26.0,CLE,20.0,46.0,5.5,,,43.5,,,0
2003_15_MIN_CHI,2003,2003-12-14,Sunday,MIN,10.0,CHI,13.0,23.0,3.0,,,39.5,,,1
2003_15_SF_CIN,2003,2003-12-14,Sunday,SF,38.0,CIN,41.0,79.0,-3.0,,,42.0,,,0
2003_15_ATL_IND,2003,2003-12-14,Sunday,ATL,7.0,IND,38.0,45.0,-7.5,,,48.0,,,0
2003_15_DET_KC,2003,2003-12-14,Sunday,DET,17.0,KC,45.0,62.0,-14.5,,,45.0,,,0
2003_15_JAX_NE,2003,2003-12-14,Sunday,JAX,13.0,NE,27.0,40.0,-6.0,,,33.0,,,0
2003_15_PIT_NYJ,2003,2003-12-14,Sunday,PIT,0.0,NYJ,6.0,6.0,-3.0,,,36.0,,,0
2003_15_SEA_STL,2003,2003-12-14,Sunday,SEA,22.0,STL,27.0,49.0,-7.0,,,52.0,,,1
2003_15_HOU_TB,2003,2003-12-14,Sunday,HOU,3.0,TB,16.0,19.0,-11.5,,,36.0,,,0
2003_15_BUF_TEN,2003,2003-12-14,Sunday,BUF,26.0,TEN,28.0,54.0,-5.0,,,37.0,,,0
2003_15_CLE_DEN,2003,2003-12-14,Sunday,CLE,20.0,DEN,23.0,43.0,-11.5,,,42.0,,,0
2003_15_BAL_OAK,2003,2003-12-14,Sunday,BAL,12.0,OAK,20.0,32.0,7.0,,,38.0,,,0
2003_15_CAR_ARI,2003,2003-12-14,Sunday,CAR,20.0,ARI,17.0,37.0,7.0,,,38.5,,,0
2003_15_GB_SD,2003,2003-12-14,Sunday,GB,38.0,SD,21.0,59.0,5.0,,,45.5,,,0
2003_15_DAL_WAS,2003,2003-12-14,Sunday,DAL,27.0,WAS,0.0,27.0,3.0,,,34.0,,,1
2003_15_NYG_NO,2003,2003-12-14,Sunday,NYG,7.0,NO,45.0,52.0,-7.5,,,40.5,,,0
2003_15_PHI_MIA,2003,2003-12-15,Monday,PHI,34.0,MIA,27.0,61.0,-3.0,,,37.0,,,0
2003_16_ATL_TB,2003,2003-12-20,Saturday,ATL,30.0,TB,28.0,58.0,-6.5,,,38.5,,,1
2003_16_KC_MIN,2003,2003-12-20,Saturday,KC,20.0,MIN,45.0,65.0,3.0,,,54.0,,,0
2003_16_NE_NYJ,2003,2003-12-20,Saturday,NE,21.0,NYJ,16.0,37.0,3.0,,,35.0,,,1
2003_16_MIA_BUF,2003,2003-12-21,Sunday,MIA,20.0,BUF,3.0,23.0,-3.0,,,33.0,,,1
2003_16_DET_CAR,2003,2003-12-21,Sunday,DET,14.0,CAR,20.0,34.0,-7.5,,,37.0,,,0
2003_16_WAS_CHI,2003,2003-12-21,Sunday,WAS,24.0,CHI,27.0,51.0,-4.0,,,35.0,,,0
2003_16_BAL_CLE,2003,2003-12-21,Sunday,BAL,35.0,CLE,0.0,35.0,3.0,,,35.5,,,1
2003_16_NYG_DAL,2003,2003-12-21,Sunday,NYG,3.0,DAL,19.0,22.0,-12.5,,,35.5,,,1
2003_16_TEN_HOU,2003,2003-12-21,Sunday,TEN,27.0,HOU,24.0,51.0,5.5,,,39.0,,,1
2003_16_NO_JAX,2003,2003-12-21,Sunday,NO,19.0,JAX,20.0,39.0,-3.0,,,42.0,,,0
2003_16_CIN_STL,2003,2003-12-21,Sunday,CIN,10.0,STL,27.0,37.0,-7.0,,,54.0,,,0
2003_16_SD_PIT,2003,2003-12-21,Sunday,SD,24.0,PIT,40.0,64.0,-6.5,,,42.0,,,0
2003_16_SF_PHI,2003,2003-12-21,Sunday,SF,31.0,PHI,28.0,59.0,-7.0,,,44.0,,,0
2003_16_ARI_SEA,2003,2003-12-21,Sunday,ARI,10.0,SEA,28.0,38.0,-15.5,,,44.5,,,1
2003_16_DEN_IND,2003,2003-12-21,Sunday,DEN,31.0,IND,17.0,48.0,-6.5,,,48.5,,,0
2003_16_GB_OAK,2003,2003-12-22,Monday,GB,41.0,OAK,7.0,48.0,5.5,,,44.0,,,0
2003_17_BUF_NE,2003,2003-12-27,Saturday,BUF,0.0,NE,31.0,31.0,-9.5,,,34.5,,,1
2003_17_SEA_SF,2003,2003-12-27,Saturday,SEA,24.0,SF,17.0,41.0,-2.5,,,46.5,,,1
2003_17_PHI_WAS,2003,2003-12-27,Saturday,PHI,31.0,WAS,7.0,38.0,9.0,,,42.0,,,1
2003_17_JAX_ATL,2003,2003-12-28,Sunday,JAX,14.0,ATL,21.0,35.0,-2.5,,,44.0,,,0
2003_17_CLE_CIN,2003,2003-12-28,Sunday,CLE,22.0,CIN,14.0,36.0,-8.5,,,42.0,,,1
2003_17_STL_DET,2003,2003-12-28,Sunday,STL,20.0,DET,30.0,50.0,12.0,,,45.0,,,0
2003_17_IND_HOU,2003,2003-12-28,Sunday,IND,20.0,HOU,17.0,37.0,9.0,,,46.5,,,1
2003_17_CHI_KC,2003,2003-12-28,Sunday,CHI,3.0,KC,31.0,34.0,-7.5,,,43.5,,,0
2003_17_NYJ_MIA,2003,2003-12-28,Sunday,NYJ,21.0,MIA,23.0,44.0,-3.5,,,37.5,,,1
2003_17_DAL_NO,2003,2003-12-28,Sunday,DAL,7.0,NO,13.0,20.0,1.0,,,38.0,,,0
2003_17_TB_TEN,2003,2003-12-28,Sunday,TB,13.0,TEN,33.0,46.0,-4.0,,,39.0,,,0
2003_17_MIN_ARI,2003,2003-12-28,Sunday,MIN,17.0,ARI,18.0,35.0,7.5,,,45.5,,,0
2003_17_CAR_NYG,2003,2003-12-28,Sunday,CAR,37.0,NYG,24.0,61.0,4.5,,,34.5,,,0
2003_17_DEN_GB,2003,2003-12-28,Sunday,DEN,3.0,GB,31.0,34.0,-10.0,,,41.5,,,0
2003_17_OAK_SD,2003,2003-12-28,Sunday,OAK,14.0,SD,21.0,35.0,-6.0,,,46.0,,,1
2003_17_PIT_BAL,2003,2003-12-28,Sunday,PIT,10.0,BAL,13.0,23.0,-6.0,,,37.5,,,1
2003_18_TEN_BAL,2003,2004-01-03,Saturday,TEN,20.0,BAL,17.0,37.0,1.0,,,38.0,,,0
2003_18_DAL_CAR,2003,2004-01-03,Saturday,DAL,10.0,CAR,29.0,39.0,-3.0,,,34.0,,,0
2003_18_SEA_GB,2003,2004-01-04,Sunday,SEA,27.0,GB,33.0,60.0,-7.5,,,43.5,,,0
2003_18_DEN_IND,2003,2004-01-04,Sunday,DEN,10.0,IND,41.0,51.0,-3.0,,,49.0,,,0
2003_19_CAR_STL,2003,2004-01-10,Saturday,CAR,29.0,STL,23.0,52.0,-7.0,,,46.0,,,0
2003_19_TEN_NE,2003,2004-01-10,Saturday,TEN,14.0,NE,17.0,31.0,-6.0,,,34.0,,,0
2003_19_IND_KC,2003,2004-01-11,Sunday,IND,38.0,KC,31.0,69.0,-3.0,,,53.0,,,0
2003_19_GB_PHI,2003,2004-01-11,Sunday,GB,17.0,PHI,20.0,37.0,-4.0,,,43.0,,,0
2003_20_IND_NE,2003,2004-01-18,Sunday,IND,14.0,NE,24.0,38.0,-3.5,,,42.0,,,0
2003_20_CAR_PHI,2003,2004-01-18,Sunday,CAR,14.0,PHI,3.0,17.0,-4.0,,,36.5,,,0
2003_21_CAR_NE,2003,2004-02-01,Sunday,CAR,29.0,NE,32.0,61.0,-7.0,,,38.0,,,0
2004_01_IND_NE,2004,2004-09-09,Thursday,IND,24.0,NE,27.0,51.0,-3.0,,,44.5,,,0
2004_01_TEN_MIA,2004,2004-09-11,Saturday,TEN,17.0,MIA,7.0,24.0,3.0,,,38.0,,,0
2004_01_JAX_BUF,2004,2004-09-12,Sunday,JAX,13.0,BUF,10.0,23.0,-3.0,,,35.0,,,0
2004_01_DET_CHI,2004,2004-09-12,Sunday,DET,20.0,CHI,16.0,36.0,-1.5,,,38.5,,,1
2004_01_BAL_CLE,2004,2004-09-12,Sunday,BAL,3.0,CLE,20.0,23.0,3.5,,,37.0,,,1
2004_01_SD_HOU,2004,2004-09-12,Sunday,SD,27.0,HOU,20.0,47.0,-4.5,,,44.0,,,0
2004_01_SEA_NO,2004,2004-09-12,Sunday,SEA,21.0,NO,7.0,28.0,2.5,,,45.0,,,0
2004_01_CIN_NYJ,2004,2004-09-12,Sunday,CIN,24.0,NYJ,31.0,55.0,-5.5,,,42.0,,,0
2004_01_OAK_PIT,2004,2004-09-12,Sunday,OAK,21.0,PIT,24.0,45.0,-3.5,,,41.5,,,0
2004_01_ARI_STL,2004,2004-09-12,Sunday,ARI,10.0,STL,17.0,27.0,-11.0,,,46.0,,,1
2004_01_TB_WAS,2004,2004-09-12,Sunday,TB,10.0,WAS,16.0,26.0,-2.5,,,38.5,,,0
2004_01_DAL_MIN,2004,2004-09-12,Sunday,DAL,17.0,MIN,35.0,52.0,-6.5,,,44.0,,,0
2004_01_NYG_PHI,2004,2004-09-12,Sunday,NYG,17.0,PHI,31.0,48.0,-9.5,,,41.5,,,1
2004_01_ATL_SF,2004,2004-09-12,Sunday,ATL,21.0,SF,19.0,40.0,3.0,,,44.5,,,0
2004_01_KC_DEN,2004,2004-09-12,Sunday,KC,24.0,DEN,34.0,58.0,-3.0,,,48.5,,,1
2004_01_GB_CAR,2004,2004-09-13,Monday,GB,24.0,CAR,14.0,38.0,-3.0,,,43.5,,,0
2004_02_STL_ATL,2004,2004-09-19,Sunday,STL,17.0,ATL,34.0,51.0,-2.0,,,46.0,,,0
2004_02_PIT_BAL,2004,2004-09-19,Sunday,PIT,13.0,BAL,30.0,43.0,-4.0,,,35.5,,,1
2004_02_HOU_DET,2004,2004-09-19,Sunday,HOU,16.0,DET,28.0,44.0,-3.0,,,43.5,,,0
2004_02_CHI_GB,2004,2004-09-19,Sunday,CHI,21.0,GB,10.0,31.0,-9.0,,,41.0,,,1
2004_02_DEN_JAX,2004,2004-09-19,Sunday,DEN,6.0,JAX,7.0,13.0,3.0,,,38.0,,,0
2004_02_CAR_KC,2004,2004-09-19,Sunday,CAR,28.0,KC,17.0,45.0,-7.0,,,46.0,,,0
2004_02_SF_NO,2004,2004-09-19,Sunday,SF,27.0,NO,30.0,57.0,-7.5,,,42.0,,,0
2004_02_WAS_NYG,2004,2004-09-19,Sunday,WAS,14.0,NYG,20.0,34.0,3.0,,,40.0,,,1
2004_02_IND_TEN,2004,2004-09-19,Sunday,IND,31.0,TEN,17.0,48.0,1.5,,,47.0,,,1
2004_02_SEA_TB,2004,2004-09-19,Sunday,SEA,10.0,TB,6.0,16.0,3.0,,,37.0,,,0
2004_02_NE_ARI,2004,2004-09-19,Sunday,NE,23.0,ARI,12.0,35.0,8.0,,,41.5,,,0
2004_02_CLE_DAL,2004,2004-09-19,Sunday,CLE,12.0,DAL,19.0,31.0,-4.5,,,38.0,,,0
2004_02_BUF_OAK,2004,2004-09-19,Sunday,BUF,10.0,OAK,13.0,23.0,-3.5,,,37.5,,,0
2004_02_NYJ_SD,2004,2004-09-19,Sunday,NYJ,34.0,SD,28.0,62.0,3.0,,,47.0,,,0
2004_02_MIA_CIN,2004,2004-09-19,Sunday,MIA,13.0,CIN,16.0,29.0,-5.5,,,40.0,,,0
2004_02_MIN_PHI,2004,2004-09-20,Monday,MIN,16.0,PHI,27.0,43.0,-3.0,,,51.0,,,0
2004_03_ARI_ATL,2004,2004-09-26,Sunday,ARI,3.0,ATL,6.0,9.0,-11.0,,,44.0,,,0
2004_03_BAL_CIN,2004,2004-09-26,Sunday,BAL,23.0,CIN,9.0,32.0,1.5,,,35.0,,,1
2004_03_PHI_DET,2004,2004-09-26,Sunday,PHI,30.0,DET,13.0,43.0,4.5,,,44.0,,,0
2004_03_HOU_KC,2004,2004-09-26,Sunday,HOU,24.0,KC,21.0,45.0,-7.5,,,48.0,,,0
2004_03_CHI_MIN,2004,2004-09-26,Sunday,CHI,22.0,MIN,27.0,49.0,-12.0,,,45.0,,,1
2004_03_CLE_NYG,2004,2004-09-26,Sunday,CLE,10.0,NYG,27.0,37.0,-3.0,,,38.0,,,0
2004_03_NO_STL,2004,2004-09-26,Sunday,NO,28.0,STL,25.0,53.0,-6.0,,,49.0,,,0
2004_03_JAX_TEN,2004,2004-09-26,Sunday,JAX,15.0,TEN,12.0,27.0,-6.0,,,34.5,,,1
2004_03_SD_DEN,2004,2004-09-26,Sunday,SD,13.0,DEN,23.0,36.0,-9.5,,,46.0,,,1
2004_03_GB_IND,2004,2004-09-26,Sunday,GB,31.0,IND,45.0,76.0,-6.0,,,50.0,,,0
2004_03_SF_SEA,2004,2004-09-26,Sunday,SF,0.0,SEA,34.0,34.0,-10.0,,,41.5,,,1
2004_03_PIT_MIA,2004,2004-09-26,Sunday,PIT,13.0,MIA,3.0,16.0,-2.5,,,31.0,,,0
2004_03_TB_OAK,2004,2004-09-26,Sunday,TB,20.0,OAK,30.0,50.0,-3.0,,,35.5,,,0
2004_03_DAL_WAS,2004,2004-09-27,Monday,DAL,21.0,WAS,18.0,39.0,-1.5,,,35.5,,,1
2004_04_NE_BUF,2004,2004-10-03,Sunday,NE,31.0,BUF,17.0,48.0,5.5,,,35.0,,,1
2004_04_PHI_CHI,2004,2004-10-03,Sunday,PHI,19.0,CHI,9.0,28.0,8.5,,,40.5,,,0
2004_04_WAS_CLE,2004,2004-10-03,Sunday,WAS,13.0,CLE,17.0,30.0,2.5,,,36.0,,,0
2004_04_NYG_GB,2004,2004-10-03,Sunday,NYG,14.0,GB,7.0,21.0,-7.0,,,44.0,,,0
2004_04_OAK_HOU,2004,2004-10-03,Sunday,OAK,17.0,HOU,30.0,47.0,2.0,,,42.0,,,0
2004_04_IND_JAX,2004,2004-10-03,Sunday,IND,24.0,JAX,17.0,41.0,4.0,,,42.0,,,1
2004_04_CIN_PIT,2004,2004-10-03,Sunday,CIN,17.0,PIT,28.0,45.0,-4.0,,,39.5,,,1
2004_04_NO_ARI,2004,2004-10-03,Sunday,NO,10.0,ARI,34.0,44.0,3.5,,,40.0,,,0
2004_04_ATL_CAR,2004,2004-10-03,Sunday,ATL,27.0,CAR,10.0,37.0,-3.5,,,39.0,,,1
2004_04_NYJ_MIA,2004,2004-10-03,Sunday,NYJ,17.0,MIA,9.0,26.0,5.5,,,36.0,,,1
2004_04_TEN_SD,2004,2004-10-03,Sunday,TEN,17.0,SD,38.0,55.0,3.0,,,41.0,,,0
2004_04_DEN_TB,2004,2004-10-03,Sunday,DEN,16.0,TB,13.0,29.0,3.0,,,35.0,,,0
2004_04_STL_SF,2004,2004-10-03,Sunday,STL,24.0,SF,14.0,38.0,4.0,,,44.0,,,1
2004_04_KC_BAL,2004,2004-10-04,Monday,KC,27.0,BAL,24.0,51.0,-6.0,,,41.5,,,0
2004_05_DET_ATL,2004,2004-10-10,Sunday,DET,17.0,ATL,10.0,27.0,-6.5,,,41.0,,,0
2004_05_NYG_DAL,2004,2004-10-10,Sunday,NYG,26.0,DAL,10.0,36.0,-3.5,,,38.5,,,1
2004_05_MIN_HOU,2004,2004-10-10,Sunday,MIN,34.0,HOU,28.0,62.0,3.5,,,50.0,,,0
2004_05_OAK_IND,2004,2004-10-10,Sunday,OAK,14.0,IND,35.0,49.0,-8.5,,,52.0,,,0
2004_05_MIA_NE,2004,2004-10-10,Sunday,MIA,10.0,NE,24.0,34.0,-11.0,,,34.0,,,1
2004_05_TB_NO,2004,2004-10-10,Sunday,TB,20.0,NO,17.0,37.0,-3.0,,,38.5,,,1
2004_05_CLE_PIT,2004,2004-10-10,Sunday,CLE,23.0,PIT,34.0,57.0,-4.5,,,36.0,,,1
2004_05_BUF_NYJ,2004,2004-10-10,Sunday,BUF,14.0,NYJ,16.0,30.0,-6.5,,,37.0,,,1
2004_05_JAX_SD,2004,2004-10-10,Sunday,JAX,21.0,SD,34.0,55.0,2.5,,,37.0,,,0
2004_05_CAR_DEN,2004,2004-10-10,Sunday,CAR,17.0,DEN,20.0,37.0,-4.0,,,38.0,,,0
2004_05_STL_SEA,2004,2004-10-10,Sunday,STL,33.0,SEA,27.0,60.0,-8.0,,,44.0,,,1
2004_05_ARI_SF,2004,2004-10-10,Sunday,ARI,28.0,SF,31.0,59.0,-1.0,,,36.5,,,1
2004_05_BAL_WAS,2004,2004-10-10,Sunday,BAL,17.0,WAS,10.0,27.0,-0.0,,,34.0,,,0
2004_05_TEN_GB,2004,2004-10-11,Monday,TEN,48.0,GB,27.0,75.0,-3.0,,,44.0,,,0
2004_06_SD_ATL,2004,2004-10-17,Sunday,SD,20.0,ATL,21.0,41.0,-5.5,,,43.0,,,0
2004_06_MIA_BUF,2004,2004-10-17,Sunday,MIA,13.0,BUF,20.0,33.0,-4.5,,,30.0,,,1
2004_06_WAS_CHI,2004,2004-10-17,Sunday,WAS,13.0,CHI,10.0,23.0,-1.5,,,33.5,,,0
2004_06_CIN_CLE,2004,2004-10-17,Sunday,CIN,17.0,CLE,34.0,51.0,-3.0,,,40.0,,,1
2004_06_GB_DET,2004,2004-10-17,Sunday,GB,38.0,DET,10.0,48.0,-3.0,,,45.0,,,1
2004_06_KC_JAX,2004,2004-10-17,Sunday,KC,16.0,JAX,22.0,38.0,2.5,,,44.0,,,0
2004_06_SEA_NE,2004,2004-10-17,Sunday,SEA,20.0,NE,30.0,50.0,-3.5,,,42.0,,,0
2004_06_SF_NYJ,2004,2004-10-17,Sunday,SF,14.0,NYJ,22.0,36.0,-9.5,,,43.0,,,0
2004_06_CAR_PHI,2004,2004-10-17,Sunday,CAR,8.0,PHI,30.0,38.0,-10.0,,,42.0,,,0
2004_06_HOU_TEN,2004,2004-10-17,Sunday,HOU,20.0,TEN,10.0,30.0,-5.5,,,46.0,,,1
2004_06_PIT_DAL,2004,2004-10-17,Sunday,PIT,24.0,DAL,20.0,44.0,-3.0,,,39.0,,,0
2004_06_DEN_OAK,2004,2004-10-17,Sunday,DEN,31.0,OAK,3.0,34.0,2.5,,,42.0,,,1
2004_06_MIN_NO,2004,2004-10-17,Sunday,MIN,38.0,NO,31.0,69.0,3.5,,,53.0,,,0
2004_06_TB_STL,2004,2004-10-18,Monday,TB,21.0,STL,28.0,49.0,-6.5,,,42.5,,,0
2004_07_BUF_BAL,2004,2004-10-24,Sunday,BUF,6.0,BAL,20.0,26.0,-4.5,,,31.0,,,0
2004_07_SD_CAR,2004,2004-10-24,Sunday,SD,17.0,CAR,6.0,23.0,-3.0,,,42.0,,,0
2004_07_PHI_CLE,2004,2004-10-24,Sunday,PHI,34.0,CLE,31.0,65.0,7.0,,,41.5,,,0
2004_07_JAX_IND,2004,2004-10-24,Sunday,JAX,27.0,IND,24.0,51.0,-9.0,,,47.0,,,1
2004_07_ATL_KC,2004,2004-10-24,Sunday,ATL,10.0,KC,56.0,66.0,-3.5,,,44.5,,,0
2004_07_STL_MIA,2004,2004-10-24,Sunday,STL,14.0,MIA,31.0,45.0,5.0,,,37.5,,,0
2004_07_TEN_MIN,2004,2004-10-24,Sunday,TEN,3.0,MIN,20.0,23.0,-6.0,,,53.0,,,0
2004_07_DET_NYG,2004,2004-10-24,Sunday,DET,28.0,NYG,13.0,41.0,-7.0,,,40.0,,,0
2004_07_CHI_TB,2004,2004-10-24,Sunday,CHI,7.0,TB,19.0,26.0,-7.0,,,32.0,,,0
2004_07_NYJ_NE,2004,2004-10-24,Sunday,NYJ,7.0,NE,13.0,20.0,-6.0,,,43.5,,,1
2004_07_SEA_ARI,2004,2004-10-24,Sunday,SEA,17.0,ARI,25.0,42.0,6.5,,,40.0,,,1
2004_07_DAL_GB,2004,2004-10-24,Sunday,DAL,20.0,GB,41.0,61.0,-4.0,,,44.0,,,0
2004_07_NO_OAK,2004,2004-10-24,Sunday,NO,31.0,OAK,26.0,57.0,-3.0,,,45.5,,,0
2004_07_DEN_CIN,2004,2004-10-25,Monday,DEN,10.0,CIN,23.0,33.0,7.0,,,42.5,,,0
2004_08_ARI_BUF,2004,2004-10-31,Sunday,ARI,14.0,BUF,38.0,52.0,-4.5,,,33.5,,,0
2004_08_DET_DAL,2004,2004-10-31,Sunday,DET,21.0,DAL,31.0,52.0,-3.0,,,40.0,,,0
2004_08_JAX_HOU,2004,2004-10-31,Sunday,JAX,6.0,HOU,20.0,26.0,-2.0,,,42.0,,,1
2004_08_IND_KC,2004,2004-10-31,Sunday,IND,35.0,KC,45.0,80.0,1.0,,,56.5,,,0
2004_08_NYG_MIN,2004,2004-10-31,Sunday,NYG,34.0,MIN,13.0,47.0,-6.5,,,48.5,,,0
2004_08_BAL_PHI,2004,2004-10-31,Sunday,BAL,10.0,PHI,15.0,25.0,-7.5,,,37.0,,,0
2004_08_CIN_TEN,2004,2004-10-31,Sunday,CIN,20.0,TEN,27.0,47.0,-3.0,,,39.5,,,0
2004_08_GB_WAS,2004,2004-10-31,Sunday,GB,28.0,WAS,14.0,42.0,1.0,,,40.5,,,0
2004_08_ATL_DEN,2004,2004-10-31,Sunday,ATL,41.0,DEN,28.0,69.0,-7.0,,,39.5,,,0
2004_08_CAR_SEA,2004,2004-10-31,Sunday,CAR,17.0,SEA,23.0,40.0,-8.0,,,39.0,,,0
2004_08_NE_PIT,2004,2004-10-31,Sunday,NE,20.0,PIT,34.0,54.0,3.0,,,42.0,,,0
2004_08_OAK_SD,2004,2004-10-31,Sunday,OAK,14.0,SD,42.0,56.0,-6.0,,,46.0,,,1
2004_08_SF_CHI,2004,2004-10-31,Sunday,SF,13.0,CHI,23.0,36.0,-2.0,,,35.5,,,0
2004_08_MIA_NYJ,2004,2004-11-01,Monday,MIA,14.0,NYJ,41.0,55.0,-7.0,,,35.5,,,1
2004_09_NYJ_BUF,2004,2004-11-07,Sunday,NYJ,17.0,BUF,22.0,39.0,3.0,,,34.0,,,1
2004_09_OAK_CAR,2004,2004-11-07,Sunday,OAK,27.0,CAR,24.0,51.0,-6.0,,,41.0,,,0
2004_09_DAL_CIN,2004,2004-11-07,Sunday,DAL,3.0,CIN,26.0,29.0,-0.0,,,44.0,,,0
2004_09_WAS_DET,2004,2004-11-07,Sunday,WAS,17.0,DET,10.0,27.0,-3.5,,,37.0,,,0
2004_09_ARI_MIA,2004,2004-11-07,Sunday,ARI,24.0,MIA,23.0,47.0,-3.0,,,34.5,,,0
2004_09_PHI_PIT,2004,2004-11-07,Sunday,PHI,3.0,PIT,27.0,30.0,1.5,,,44.5,,,0
2004_09_KC_TB,2004,2004-11-07,Sunday,KC,31.0,TB,34.0,65.0,3.0,,,45.5,,,0
2004_09_CHI_NYG,2004,2004-11-07,Sunday,CHI,28.0,NYG,21.0,49.0,-9.0,,,34.5,,,0
2004_09_NO_SD,2004,2004-11-07,Sunday,NO,17.0,SD,43.0,60.0,-6.5,,,49.5,,,0
2004_09_SEA_SF,2004,2004-11-07,Sunday,SEA,42.0,SF,27.0,69.0,7.0,,,40.5,,,1
2004_09_HOU_DEN,2004,2004-11-07,Sunday,HOU,13.0,DEN,31.0,44.0,-7.0,,,44.0,,,0
2004_09_NE_STL,2004,2004-11-07,Sunday,NE,40.0,STL,22.0,62.0,-2.5,,,49.5,,,0
2004_09_CLE_BAL,2004,2004-11-07,Sunday,CLE,13.0,BAL,27.0,40.0,-6.0,,,35.0,,,1
2004_09_MIN_IND,2004,2004-11-08,Monday,MIN,28.0,IND,31.0,59.0,-7.0,,,58.0,,,0
2004_10_TB_ATL,2004,2004-11-14,Sunday,TB,14.0,ATL,24.0,38.0,-3.5,,,41.0,,,1
2004_10_PIT_CLE,2004,2004-11-14,Sunday,PIT,24.0,CLE,10.0,34.0,3.5,,,41.0,,,1
2004_10_HOU_IND,2004,2004-11-14,Sunday,HOU,14.0,IND,49.0,63.0,-8.5,,,54.5,,,1
2004_10_DET_JAX,2004,2004-11-14,Sunday,DET,17.0,JAX,23.0,40.0,-3.5,,,34.5,,,0
2004_10_KC_NO,2004,2004-11-14,Sunday,KC,20.0,NO,27.0,47.0,3.5,,,56.5,,,0
2004_10_BAL_NYJ,2004,2004-11-14,Sunday,BAL,20.0,NYJ,17.0,37.0,1.0,,,32.0,,,0
2004_10_SEA_STL,2004,2004-11-14,Sunday,SEA,12.0,STL,23.0,35.0,2.5,,,50.5,,,1
2004_10_CHI_TEN,2004,2004-11-14,Sunday,CHI,19.0,TEN,17.0,36.0,-5.5,,,34.0,,,0
2004_10_CIN_WAS,2004,2004-11-14,Sunday,CIN,17.0,WAS,10.0,27.0,-4.0,,,36.5,,,0
2004_10_NYG_ARI,2004,2004-11-14,Sunday,NYG,14.0,ARI,17.0,31.0,-1.0,,,39.0,,,0
2004_10_MIN_GB,2004,2004-11-14,Sunday,MIN,31.0,GB,34.0,65.0,-4.5,,,50.0,,,1
2004_10_CAR_SF,2004,2004-11-14,Sunday,CAR,37.0,SF,27.0,64.0,-1.5,,,41.5,,,0
2004_10_BUF_NE,2004,2004-11-14,Sunday,BUF,6.0,NE,29.0,35.0,-7.0,,,38.0,,,1
2004_10_PHI_DAL,2004,2004-11-15,Monday,PHI,49.0,DAL,21.0,70.0,7.0,,,43.0,,,1
2004_11_DAL_BAL,2004,2004-11-21,Sunday,DAL,10.0,BAL,30.0,40.0,-7.5,,,36.0,,,0
2004_11_STL_BUF,2004,2004-11-21,Sunday,STL,17.0,BUF,37.0,54.0,-2.0,,,40.0,,,0
2004_11_ARI_CAR,2004,2004-11-21,Sunday,ARI,10.0,CAR,35.0,45.0,-3.0,,,38.0,,,0
2004_11_IND_CHI,2004,2004-11-21,Sunday,IND,41.0,CHI,10.0,51.0,8.0,,,44.5,,,0
2004_11_PIT_CIN,2004,2004-11-21,Sunday,PIT,19.0,CIN,14.0,33.0,4.0,,,40.5,,,1
2004_11_NYJ_CLE,2004,2004-11-21,Sunday,NYJ,10.0,CLE,7.0,17.0,1.5,,,38.0,,,0
2004_11_TEN_JAX,2004,2004-11-21,Sunday,TEN,18.0,JAX,15.0,33.0,-3.0,,,36.0,,,1
2004_11_DET_MIN,2004,2004-11-21,Sunday,DET,19.0,MIN,22.0,41.0,-8.0,,,48.0,,,1
2004_11_DEN_NO,2004,2004-11-21,Sunday,DEN,34.0,NO,13.0,47.0,6.0,,,48.5,,,0
2004_11_SF_TB,2004,2004-11-21,Sunday,SF,3.0,TB,35.0,38.0,-8.0,,,42.0,,,0
2004_11_SD_OAK,2004,2004-11-21,Sunday,SD,23.0,OAK,17.0,40.0,4.5,,,47.5,,,1
2004_11_MIA_SEA,2004,2004-11-21,Sunday,MIA,17.0,SEA,24.0,41.0,-9.5,,,37.0,,,0
2004_11_ATL_NYG,2004,2004-11-21,Sunday,ATL,14.0,NYG,10.0,24.0,3.0,,,40.0,,,0
2004_11_WAS_PHI,2004,2004-11-21,Sunday,WAS,6.0,PHI,28.0,34.0,-10.0,,,38.5,,,1
2004_11_GB_HOU,2004,2004-11-21,Sunday,GB,16.0,HOU,13.0,29.0,3.0,,,51.0,,,0
2004_11_NE_KC,2004,2004-11-22,Monday,NE,27.0,KC,19.0,46.0,3.0,,,52.0,,,0
2004_12_IND_DET,2004,2004-11-25,Thursday,IND,41.0,DET,9.0,50.0,8.5,,,54.0,,,0
2004_12_CHI_DAL,2004,2004-11-25,Thursday,CHI,7.0,DAL,21.0,28.0,-3.5,,,36.0,,,0
2004_12_TB_CAR,2004,2004-11-28,Sunday,TB,14.0,CAR,21.0,35.0,3.0,,,39.0,,,1
2004_12_CLE_CIN,2004,2004-11-28,Sunday,CLE,48.0,CIN,58.0,106.0,-6.0,,,37.5,,,1
2004_12_TEN_HOU,2004,2004-11-28,Sunday,TEN,21.0,HOU,31.0,52.0,-2.0,,,43.0,,,1
2004_12_SD_KC,2004,2004-11-28,Sunday,SD,34.0,KC,31.0,65.0,-3.0,,,54.0,,,1
2004_12_JAX_MIN,2004,2004-11-28,Sunday,JAX,16.0,MIN,27.0,43.0,-6.0,,,45.5,,,0
2004_12_PHI_NYG,2004,2004-11-28,Sunday,PHI,27.0,NYG,6.0,33.0,7.0,,,35.5,,,1
2004_12_WAS_PIT,2004,2004-11-28,Sunday,WAS,7.0,PIT,16.0,23.0,-10.0,,,34.5,,,0
2004_12_NO_ATL,2004,2004-11-28,Sunday,NO,21.0,ATL,24.0,45.0,-9.0,,,47.5,,,1
2004_12_NYJ_ARI,2004,2004-11-28,Sunday,NYJ,13.0,ARI,3.0,16.0,3.0,,,36.5,,,0
2004_12_BAL_NE,2004,2004-11-28,Sunday,BAL,3.0,NE,24.0,27.0,-7.0,,,34.5,,,0
2004_12_BUF_SEA,2004,2004-11-28,Sunday,BUF,38.0,SEA,9.0,47.0,-4.0,,,38.0,,,0
2004_12_MIA_SF,2004,2004-11-28,Sunday,MIA,24.0,SF,17.0,41.0,-0.0,,,37.5,,,0
2004_12_OAK_DEN,2004,2004-11-28,Sunday,OAK,25.0,DEN,24.0,49.0,-11.5,,,42.5,,,1
2004_12_STL_GB,2004,2004-11-29,Monday,STL,17.0,GB,45.0,62.0,-7.0,,,51.0,,,0
2004_13_CIN_BAL,2004,2004-12-05,Sunday,CIN,27.0,BAL,26.0,53.0,-6.5,,,37.0,,,1
2004_13_MIN_CHI,2004,2004-12-05,Sunday,MIN,14.0,CHI,24.0,38.0,7.0,,,40.5,,,1
2004_13_NE_CLE,2004,2004-12-05,Sunday,NE,42.0,CLE,15.0,57.0,11.0,,,41.0,,,0
2004_13_ARI_DET,2004,2004-12-05,Sunday,ARI,12.0,DET,26.0,38.0,-6.0,,,37.0,,,0
2004_13_TEN_IND,2004,2004-12-05,Sunday,TEN,24.0,IND,51.0,75.0,-12.0,,,54.0,,,1
2004_13_BUF_MIA,2004,2004-12-05,Sunday,BUF,42.0,MIA,32.0,74.0,5.0,,,34.0,,,1
2004_13_CAR_NO,2004,2004-12-05,Sunday,CAR,32.0,NO,21.0,53.0,2.0,,,46.5,,,1
2004_13_HOU_NYJ,2004,2004-12-05,Sunday,HOU,7.0,NYJ,29.0,36.0,-7.0,,,42.0,,,0
2004_13_SF_STL,2004,2004-12-05,Sunday,SF,6.0,STL,16.0,22.0,-11.0,,,49.0,,,1
2004_13_ATL_TB,2004,2004-12-05,Sunday,ATL,0.0,TB,27.0,27.0,-2.0,,,39.5,,,1
2004_13_KC_OAK,2004,2004-12-05,Sunday,KC,34.0,OAK,27.0,61.0,1.0,,,52.0,,,1
2004_13_DEN_SD,2004,2004-12-05,Sunday,DEN,17.0,SD,20.0,37.0,-3.0,,,46.5,,,1
2004_13_GB_PHI,2004,2004-12-05,Sunday,GB,17.0,PHI,47.0,64.0,-5.5,,,48.5,,,0
2004_13_NYG_WAS,2004,2004-12-05,Sunday,NYG,7.0,WAS,31.0,38.0,-3.0,,,33.0,,,1
2004_13_PIT_JAX,2004,2004-12-05,Sunday,PIT,17.0,JAX,16.0,33.0,3.0,,,35.5,,,0
2004_13_DAL_SEA,2004,2004-12-06,Monday,DAL,43.0,SEA,39.0,82.0,-7.0,,,42.0,,,0
2004_14_OAK_ATL,2004,2004-12-12,Sunday,OAK,10.0,ATL,35.0,45.0,-7.5,,,46.0,,,0
2004_14_NYG_BAL,2004,2004-12-12,Sunday,NYG,14.0,BAL,37.0,51.0,-10.0,,,34.0,,,0
2004_14_CLE_BUF,2004,2004-12-12,Sunday,CLE,7.0,BUF,37.0,44.0,-11.0,,,38.5,,,0
2004_14_NO_DAL,2004,2004-12-12,Sunday,NO,27.0,DAL,13.0,40.0,-7.0,,,49.0,,,0
2004_14_IND_HOU,2004,2004-12-12,Sunday,IND,23.0,HOU,14.0,37.0,10.0,,,57.0,,,1
2004_14_CHI_JAX,2004,2004-12-12,Sunday,CHI,3.0,JAX,22.0,25.0,-7.0,,,34.0,,,0
2004_14_SEA_MIN,2004,2004-12-12,Sunday,SEA,27.0,MIN,23.0,50.0,-6.5,,,54.0,,,0
2004_14_CIN_NE,2004,2004-12-12,Sunday,CIN,28.0,NE,35.0,63.0,-10.5,,,47.0,,,0
2004_14_MIA_DEN,2004,2004-12-12,Sunday,MIA,17.0,DEN,20.0,37.0,-11.5,,,41.0,,,0
2004_14_NYJ_PIT,2004,2004-12-12,Sunday,NYJ,6.0,PIT,17.0,23.0,-4.5,,,35.0,,,0
2004_14_SF_ARI,2004,2004-12-12,Sunday,SF,31.0,ARI,28.0,59.0,-7.0,,,36.0,,,1
2004_14_STL_CAR,2004,2004-12-12,Sunday,STL,7.0,CAR,20.0,27.0,-7.0,,,44.5,,,0
2004_14_DET_GB,2004,2004-12-12,Sunday,DET,13.0,GB,16.0,29.0,-9.0,,,41.0,,,1
2004_14_TB_SD,2004,2004-12-12,Sunday,TB,24.0,SD,31.0,55.0,-4.0,,,42.5,,,0
2004_14_PHI_WAS,2004,2004-12-12,Sunday,PHI,17.0,WAS,14.0,31.0,8.0,,,38.5,,,1
2004_14_KC_TEN,2004,2004-12-13,Monday,KC,49.0,TEN,38.0,87.0,2.5,,,53.0,,,0
2004_15_PIT_NYG,2004,2004-12-18,Saturday,PIT,33.0,NYG,30.0,63.0,10.0,,,36.5,,,0
2004_15_WAS_SF,2004,2004-12-18,Saturday,WAS,26.0,SF,16.0,42.0,6.5,,,36.5,,,0
2004_15_CAR_ATL,2004,2004-12-18,Saturday,CAR,31.0,ATL,34.0,65.0,-3.5,,,41.0,,,1
2004_15_HOU_CHI,2004,2004-12-19,Sunday,HOU,24.0,CHI,5.0,29.0,-1.0,,,34.0,,,0
2004_15_BUF_CIN,2004,2004-12-19,Sunday,BUF,33.0,CIN,17.0,50.0,3.0,,,41.0,,,0
2004_15_SD_CLE,2004,2004-12-19,Sunday,SD,21.0,CLE,0.0,21.0,8.0,,,35.0,,,0
2004_15_MIN_DET,2004,2004-12-19,Sunday,MIN,28.0,DET,27.0,55.0,3.0,,,48.5,,,1
2004_15_DEN_KC,2004,2004-12-19,Sunday,DEN,17.0,KC,45.0,62.0,3.0,,,52.5,,,1
2004_15_SEA_NYJ,2004,2004-12-19,Sunday,SEA,14.0,NYJ,37.0,51.0,-6.5,,,41.5,,,0
2004_15_DAL_PHI,2004,2004-12-19,Sunday,DAL,7.0,PHI,12.0,19.0,-11.5,,,45.0,,,1
2004_15_STL_ARI,2004,2004-12-19,Sunday,STL,7.0,ARI,31.0,38.0,3.0,,,41.5,,,1
2004_15_NO_TB,2004,2004-12-19,Sunday,NO,21.0,TB,17.0,38.0,-7.5,,,43.5,,,1
2004_15_JAX_GB,2004,2004-12-19,Sunday,JAX,28.0,GB,25.0,53.0,-3.5,,,37.0,,,0
2004_15_TEN_OAK,2004,2004-12-19,Sunday,TEN,35.0,OAK,40.0,75.0,-3.5,,,49.5,,,0
2004_15_BAL_IND,2004,2004-12-19,Sunday,BAL,10.0,IND,20.0,30.0,-7.5,,,48.5,,,0
2004_15_NE_MIA,2004,2004-12-20,Monday,NE,28.0,MIA,29.0,57.0,10.0,,,44.0,,,1
2004_16_GB_MIN,2004,2004-12-24,Friday,GB,34.0,MIN,31.0,65.0,-3.5,,,56.0,,,1
2004_16_OAK_KC,2004,2004-12-25,Saturday,OAK,30.0,KC,31.0,61.0,-9.5,,,60.0,,,1
2004_16_DEN_TEN,2004,2004-12-25,Saturday,DEN,37.0,TEN,16.0,53.0,4.0,,,50.5,,,0
2004_16_NYG_CIN,2004,2004-12-26,Sunday,NYG,22.0,CIN,23.0,45.0,-6.5,,,46.5,,,0
2004_16_CHI_DET,2004,2004-12-26,Sunday,CHI,13.0,DET,19.0,32.0,-6.0,,,37.0,,,1
2004_16_SD_IND,2004,2004-12-26,Sunday,SD,31.0,IND,34.0,65.0,-7.0,,,56.0,,,0
2004_16_HOU_JAX,2004,2004-12-26,Sunday,HOU,21.0,JAX,0.0,21.0,-6.5,,,36.5,,,1
2004_16_ATL_NO,2004,2004-12-26,Sunday,ATL,13.0,NO,26.0,39.0,-6.5,,,44.0,,,1
2004_16_BAL_PIT,2004,2004-12-26,Sunday,BAL,7.0,PIT,20.0,27.0,-5.0,,,34.0,,,1
2004_16_NE_NYJ,2004,2004-12-26,Sunday,NE,23.0,NYJ,7.0,30.0,-0.0,,,41.5,,,1
2004_16_BUF_SF,2004,2004-12-26,Sunday,BUF,41.0,SF,7.0,48.0,10.0,,,41.5,,,0
2004_16_WAS_DAL,2004,2004-12-26,Sunday,WAS,10.0,DAL,13.0,23.0,2.5,,,35.0,,,1
2004_16_ARI_SEA,2004,2004-12-26,Sunday,ARI,21.0,SEA,24.0,45.0,-7.0,,,44.0,,,1
2004_16_CAR_TB,2004,2004-12-26,Sunday,CAR,37.0,TB,20.0,57.0,-1.5,,,39.0,,,1
2004_16_CLE_MIA,2004,2004-12-26,Sunday,CLE,7.0,MIA,10.0,17.0,-9.0,,,40.5,,,0
2004_16_PHI_STL,2004,2004-12-27,Monday,PHI,7.0,STL,20.0,27.0,-4.0,,,42.5,,,0
2004_17_MIA_BAL,2004,2005-01-02,Sunday,MIA,23.0,BAL,30.0,53.0,-11.0,,,33.0,,,0
2004_17_PIT_BUF,2004,2005-01-02,Sunday,PIT,29.0,BUF,24.0,53.0,-9.5,,,33.0,,,0
2004_17_NO_CAR,2004,2005-01-02,Sunday,NO,21.0,CAR,18.0,39.0,-7.0,,,46.0,,,1
2004_17_GB_CHI,2004,2005-01-02,Sunday,GB,31.0,CHI,14.0,45.0,-3.0,,,34.0,,,1
2004_17_CLE_HOU,2004,2005-01-02,Sunday,CLE,22.0,HOU,14.0,36.0,-10.0,,,41.0,,,0
2004_17_SF_NE,2004,2005-01-02,Sunday,SF,7.0,NE,21.0,28.0,-13.0,,,37.0,,,0
2004_17_CIN_PHI,2004,2005-01-02,Sunday,CIN,38.0,PHI,10.0,48.0,4.0,,,37.5,,,0
2004_17_NYJ_STL,2004,2005-01-02,Sunday,NYJ,29.0,STL,32.0,61.0,3.5,,,46.0,,,0
2004_17_DET_TEN,2004,2005-01-02,Sunday,DET,19.0,TEN,24.0,43.0,2.5,,,45.5,,,0
2004_17_MIN_WAS,2004,2005-01-02,Sunday,MIN,18.0,WAS,21.0,39.0,4.0,,,41.0,,,0
2004_17_TB_ARI,2004,2005-01-02,Sunday,TB,7.0,ARI,12.0,19.0,-4.0,,,38.5,,,0
2004_17_ATL_SEA,2004,2005-01-02,Sunday,ATL,26.0,SEA,28.0,54.0,-5.5,,,41.0,,,0
2004_17_IND_DEN,2004,2005-01-02,Sunday,IND,14.0,DEN,33.0,47.0,-10.0,,,44.0,,,0
2004_17_JAX_OAK,2004,2005-01-02,Sunday,JAX,13.0,OAK,6.0,19.0,2.5,,,43.0,,,0
2004_17_KC_SD,2004,2005-01-02,Sunday,KC,17.0,SD,24.0,41.0,6.5,,,51.5,,,1
2004_17_DAL_NYG,2004,2005-01-02,Sunday,DAL,24.0,NYG,28.0,52.0,-1.0,,,38.5,,,1
2004_18_STL_SEA,2004,2005-01-08,Saturday,STL,27.0,SEA,20.0,47.0,-4.0,,,51.0,,,1
2004_18_NYJ_SD,2004,2005-01-08,Saturday,NYJ,20.0,SD,17.0,37.0,-6.5,,,42.5,,,0
2004_18_DEN_IND,2004,2005-01-09,Sunday,DEN,24.0,IND,49.0,73.0,-10.0,,,56.0,,,0
2004_18_MIN_GB,2004,2005-01-09,Sunday,MIN,31.0,GB,17.0,48.0,-6.0,,,52.5,,,1
2004_19_NYJ_PIT,2004,2005-01-15,Saturday,NYJ,17.0,PIT,20.0,37.0,-9.0,,,35.5,,,0
2004_19_STL_ATL,2004,2005-01-15,Saturday,STL,17.0,ATL,47.0,64.0,-6.5,,,49.0,,,0
2004_19_MIN_PHI,2004,2005-01-16,Sunday,MIN,14.0,PHI,27.0,41.0,-8.0,,,47.0,,,0
2004_19_IND_NE,2004,2005-01-16,Sunday,IND,3.0,NE,20.0,23.0,-1.0,,,51.0,,,0
2004_20_ATL_PHI,2004,2005-01-23,Sunday,ATL,10.0,PHI,27.0,37.0,-6.0,,,37.0,,,0
2004_20_NE_PIT,2004,2005-01-23,Sunday,NE,41.0,PIT,27.0,68.0,3.0,,,36.5,,,0
2004_21_NE_PHI,2004,2005-02-06,Sunday,NE,24.0,PHI,21.0,45.0,7.0,,,47.0,,,0
2005_01_OAK_NE,2005,2005-09-08,Thursday,OAK,20.0,NE,30.0,50.0,-7.5,,,50.0,,,0
2005_01_HOU_BUF,2005,2005-09-11,Sunday,HOU,7.0,BUF,22.0,29.0,-4.5,,,39.0,,,0
2005_01_NO_CAR,2005,2005-09-11,Sunday,NO,23.0,CAR,20.0,43.0,-6.5,,,45.5,,,1
2005_01_CIN_CLE,2005,2005-09-11,Sunday,CIN,27.0,CLE,13.0,40.0,3.5,,,44.5,,,1
2005_01_SEA_JAX,2005,2005-09-11,Sunday,SEA,14.0,JAX,26.0,40.0,-3.0,,,40.0,,,0
2005_01_NYJ_KC,2005,2005-09-11,Sunday,NYJ,7.0,KC,27.0,34.0,-3.0,,,48.5,,,0
2005_01_DEN_MIA,2005,2005-09-11,Sunday,DEN,10.0,MIA,34.0,44.0,4.5,,,38.5,,,0
2005_01_TB_MIN,2005,2005-09-11,Sunday,TB,24.0,MIN,13.0,37.0,-6.0,,,43.5,,,0
2005_01_TEN_PIT,2005,2005-09-11,Sunday,TEN,7.0,PIT,34.0,41.0,-7.0,,,40.5,,,0
2005_01_CHI_WAS,2005,2005-09-11,Sunday,CHI,7.0,WAS,9.0,16.0,-6.0,,,33.0,,,0
2005_01_GB_DET,2005,2005-09-11,Sunday,GB,3.0,DET,17.0,20.0,-3.0,,,46.0,,,1
2005_01_ARI_NYG,2005,2005-09-11,Sunday,ARI,19.0,NYG,42.0,61.0,-1.5,,,37.5,,,0
2005_01_DAL_SD,2005,2005-09-11,Sunday,DAL,28.0,SD,24.0,52.0,-5.0,,,41.0,,,0
2005_01_STL_SF,2005,2005-09-11,Sunday,STL,25.0,SF,28.0,53.0,4.5,,,46.0,,,1
2005_01_IND_BAL,2005,2005-09-11,Sunday,IND,24.0,BAL,7.0,31.0,3.0,,,47.0,,,0
2005_01_PHI_ATL,2005,2005-09-12,Monday,PHI,10.0,ATL,14.0,24.0,2.0,,,41.5,,,0
2005_02_NE_CAR,2005,2005-09-18,Sunday,NE,17.0,CAR,27.0,44.0,3.0,,,44.0,,,0
2005_02_DET_CHI,2005,2005-09-18,Sunday,DET,6.0,CHI,38.0,44.0,2.5,,,34.0,,,1
2005_02_MIN_CIN,2005,2005-09-18,Sunday,MIN,8.0,CIN,37.0,45.0,-3.0,,,47.0,,,0
2005_02_PIT_HOU,2005,2005-09-18,Sunday,PIT,27.0,HOU,7.0,34.0,4.5,,,39.5,,,0
2005_02_JAX_IND,2005,2005-09-18,Sunday,JAX,3.0,IND,10.0,13.0,-9.0,,,46.0,,,1
2005_02_SF_PHI,2005,2005-09-18,Sunday,SF,3.0,PHI,42.0,45.0,-11.5,,,43.0,,,0
2005_02_BUF_TB,2005,2005-09-18,Sunday,BUF,3.0,TB,19.0,22.0,-2.5,,,35.0,,,0
2005_02_BAL_TEN,2005,2005-09-18,Sunday,BAL,10.0,TEN,25.0,35.0,3.5,,,36.0,,,0
2005_02_STL_ARI,2005,2005-09-18,Sunday,STL,17.0,ARI,12.0,29.0,1.0,,,44.0,,,1
2005_02_ATL_SEA,2005,2005-09-18,Sunday,ATL,18.0,SEA,21.0,39.0,-1.0,,,41.5,,,0
2005_02_SD_DEN,2005,2005-09-18,Sunday,SD,17.0,DEN,20.0,37.0,-3.0,,,44.0,,,1
2005_02_CLE_GB,2005,2005-09-18,Sunday,CLE,26.0,GB,24.0,50.0,-7.0,,,43.0,,,0
2005_02_MIA_NYJ,2005,2005-09-18,Sunday,MIA,7.0,NYJ,17.0,24.0,-6.0,,,37.0,,,1
2005_02_KC_OAK,2005,2005-09-18,Sunday,KC,23.0,OAK,17.0,40.0,1.5,,,53.0,,,1
2005_02_WAS_DAL,2005,2005-09-19,Monday,WAS,14.0,DAL,13.0,27.0,-6.0,,,36.0,,,1
2005_02_NYG_NO,2005,2005-09-19,Monday,NYG,27.0,NO,10.0,37.0,3.0,,,43.0,,,0
2005_03_ATL_BUF,2005,2005-09-25,Sunday,ATL,24.0,BUF,16.0,40.0,-3.0,,,36.0,,,0
2005_03_CIN_CHI,2005,2005-09-25,Sunday,CIN,24.0,CHI,7.0,31.0,3.0,,,39.0,,,0
2005_03_TB_GB,2005,2005-09-25,Sunday,TB,17.0,GB,16.0,33.0,3.0,,,38.0,,,0
2005_03_CLE_IND,2005,2005-09-25,Sunday,CLE,6.0,IND,13.0,19.0,-13.5,,,47.0,,,0
2005_03_CAR_MIA,2005,2005-09-25,Sunday,CAR,24.0,MIA,27.0,51.0,3.5,,,37.5,,,0
2005_03_NO_MIN,2005,2005-09-25,Sunday,NO,16.0,MIN,33.0,49.0,-3.5,,,44.5,,,0
2005_03_JAX_NYJ,2005,2005-09-25,Sunday,JAX,26.0,NYJ,20.0,46.0,-2.5,,,34.5,,,0
2005_03_OAK_PHI,2005,2005-09-25,Sunday,OAK,20.0,PHI,23.0,43.0,-8.5,,,47.0,,,0
2005_03_TEN_STL,2005,2005-09-25,Sunday,TEN,27.0,STL,31.0,58.0,-6.5,,,46.0,,,0
2005_03_ARI_SEA,2005,2005-09-25,Sunday,ARI,12.0,SEA,37.0,49.0,-6.5,,,42.0,,,1
2005_03_DAL_SF,2005,2005-09-25,Sunday,DAL,34.0,SF,31.0,65.0,6.5,,,41.0,,,0
2005_03_NE_PIT,2005,2005-09-25,Sunday,NE,23.0,PIT,20.0,43.0,-3.0,,,41.5,,,0
2005_03_NYG_SD,2005,2005-09-25,Sunday,NYG,23.0,SD,45.0,68.0,-5.5,,,42.5,,,0
2005_03_KC_DEN,2005,2005-09-26,Monday,KC,10.0,DEN,30.0,40.0,-2.5,,,49.0,,,1
2005_04_HOU_CIN,2005,2005-10-02,Sunday,HOU,10.0,CIN,16.0,26.0,-9.5,,,41.5,,,0
2005_04_DEN_JAX,2005,2005-10-02,Sunday,DEN,20.0,JAX,7.0,27.0,-4.0,,,37.5,,,0
2005_04_SD_NE,2005,2005-10-02,Sunday,SD,41.0,NE,17.0,58.0,-5.5,,,47.0,,,0
2005_04_BUF_NO,2005,2005-10-02,Sunday,BUF,7.0,NO,19.0,26.0,1.0,,,38.5,,,0
2005_04_STL_NYG,2005,2005-10-02,Sunday,STL,24.0,NYG,44.0,68.0,-3.0,,,46.0,,,0
2005_04_DET_TB,2005,2005-10-02,Sunday,DET,13.0,TB,17.0,30.0,-6.5,,,35.0,,,0
2005_04_IND_TEN,2005,2005-10-02,Sunday,IND,31.0,TEN,10.0,41.0,7.0,,,45.0,,,1
2005_04_SEA_WAS,2005,2005-10-02,Sunday,SEA,17.0,WAS,20.0,37.0,-2.0,,,37.0,,,0
2005_04_NYJ_BAL,2005,2005-10-02,Sunday,NYJ,3.0,BAL,13.0,16.0,-7.5,,,31.5,,,0
2005_04_MIN_ATL,2005,2005-10-02,Sunday,MIN,10.0,ATL,30.0,40.0,-6.0,,,44.5,,,0
2005_04_PHI_KC,2005,2005-10-02,Sunday,PHI,37.0,KC,31.0,68.0,-2.5,,,46.5,,,0
2005_04_DAL_OAK,2005,2005-10-02,Sunday,DAL,13.0,OAK,19.0,32.0,-3.0,,,46.0,,,0
2005_04_SF_ARI,2005,2005-10-02,Sunday,SF,14.0,ARI,31.0,45.0,-3.0,,,42.0,,,1
2005_04_GB_CAR,2005,2005-10-03,Monday,GB,29.0,CAR,32.0,61.0,-3.0,,,43.0,,,0
2005_05_NE_ATL,2005,2005-10-09,Sunday,NE,31.0,ATL,28.0,59.0,-2.5,,,43.5,,,0
2005_05_MIA_BUF,2005,2005-10-09,Sunday,MIA,14.0,BUF,20.0,34.0,-2.5,,,33.0,,,1
2005_05_CHI_CLE,2005,2005-10-09,Sunday,CHI,10.0,CLE,20.0,30.0,-3.0,,,35.0,,,0
2005_05_BAL_DET,2005,2005-10-09,Sunday,BAL,17.0,DET,35.0,52.0,-2.0,,,33.0,,,0
2005_05_NO_GB,2005,2005-10-09,Sunday,NO,3.0,GB,52.0,55.0,-3.0,,,41.0,,,0
2005_05_TEN_HOU,2005,2005-10-09,Sunday,TEN,34.0,HOU,20.0,54.0,-1.5,,,40.5,,,1
2005_05_TB_NYJ,2005,2005-10-09,Sunday,TB,12.0,NYJ,14.0,26.0,3.5,,,32.0,,,0
2005_05_SEA_STL,2005,2005-10-09,Sunday,SEA,37.0,STL,31.0,68.0,-3.0,,,48.0,,,1
2005_05_IND_SF,2005,2005-10-09,Sunday,IND,28.0,SF,3.0,31.0,14.0,,,47.0,,,0
2005_05_CAR_ARI,2005,2005-10-09,Sunday,CAR,24.0,ARI,20.0,44.0,3.0,,,42.0,,,0
2005_05_PHI_DAL,2005,2005-10-09,Sunday,PHI,10.0,DAL,33.0,43.0,3.5,,,44.0,,,1
2005_05_WAS_DEN,2005,2005-10-09,Sunday,WAS,19.0,DEN,21.0,40.0,-7.0,,,34.5,,,0
2005_05_CIN_JAX,2005,2005-10-09,Sunday,CIN,20.0,JAX,23.0,43.0,-3.0,,,38.0,,,0
2005_05_PIT_SD,2005,2005-10-10,Monday,PIT,24.0,SD,22.0,46.0,-3.0,,,45.5,,,0
2005_06_CLE_BAL,2005,2005-10-16,Sunday,CLE,3.0,BAL,16.0,19.0,-4.0,,,33.5,,,1
2005_06_MIN_CHI,2005,2005-10-16,Sunday,MIN,3.0,CHI,28.0,31.0,-2.0,,,37.5,,,1
2005_06_NYG_DAL,2005,2005-10-16,Sunday,NYG,13.0,DAL,16.0,29.0,-3.5,,,45.5,,,1
2005_06_CAR_DET,2005,2005-10-16,Sunday,CAR,21.0,DET,20.0,41.0,-0.0,,,42.0,,,0
2005_06_WAS_KC,2005,2005-10-16,Sunday,WAS,21.0,KC,28.0,49.0,-6.5,,,42.5,,,0
2005_06_ATL_NO,2005,2005-10-16,Sunday,ATL,34.0,NO,31.0,65.0,4.0,,,42.0,,,1
2005_06_JAX_PIT,2005,2005-10-16,Sunday,JAX,23.0,PIT,17.0,40.0,-5.0,,,36.0,,,0
2005_06_MIA_TB,2005,2005-10-16,Sunday,MIA,13.0,TB,27.0,40.0,-4.5,,,33.0,,,0
2005_06_CIN_TEN,2005,2005-10-16,Sunday,CIN,31.0,TEN,23.0,54.0,3.0,,,44.5,,,0
2005_06_NYJ_BUF,2005,2005-10-16,Sunday,NYJ,17.0,BUF,27.0,44.0,-3.0,,,33.0,,,1
2005_06_NE_DEN,2005,2005-10-16,Sunday,NE,20.0,DEN,28.0,48.0,-3.0,,,44.0,,,0
2005_06_SD_OAK,2005,2005-10-16,Sunday,SD,27.0,OAK,14.0,41.0,-0.0,,,50.5,,,1
2005_06_HOU_SEA,2005,2005-10-16,Sunday,HOU,10.0,SEA,42.0,52.0,-8.5,,,45.5,,,0
2005_06_STL_IND,2005,2005-10-17,Monday,STL,28.0,IND,45.0,73.0,-13.0,,,50.5,,,0
2005_07_KC_MIA,2005,2005-10-21,Friday,KC,30.0,MIA,20.0,50.0,1.0,,,42.5,,,0
2005_07_PIT_CIN,2005,2005-10-23,Sunday,PIT,27.0,CIN,13.0,40.0,-3.0,,,43.0,,,1
2005_07_DET_CLE,2005,2005-10-23,Sunday,DET,13.0,CLE,10.0,23.0,-3.0,,,36.0,,,0
2005_07_IND_HOU,2005,2005-10-23,Sunday,IND,38.0,HOU,20.0,58.0,14.5,,,44.5,,,1
2005_07_GB_MIN,2005,2005-10-23,Sunday,GB,20.0,MIN,23.0,43.0,-2.0,,,46.0,,,1
2005_07_SD_PHI,2005,2005-10-23,Sunday,SD,17.0,PHI,20.0,37.0,-4.0,,,47.0,,,0
2005_07_NO_STL,2005,2005-10-23,Sunday,NO,17.0,STL,28.0,45.0,-5.0,,,50.0,,,0
2005_07_SF_WAS,2005,2005-10-23,Sunday,SF,17.0,WAS,52.0,69.0,-11.5,,,38.0,,,0
2005_07_DAL_SEA,2005,2005-10-23,Sunday,DAL,10.0,SEA,13.0,23.0,-3.0,,,45.5,,,0
2005_07_TEN_ARI,2005,2005-10-23,Sunday,TEN,10.0,ARI,20.0,30.0,-3.0,,,45.0,,,0
2005_07_BAL_CHI,2005,2005-10-23,Sunday,BAL,6.0,CHI,10.0,16.0,-1.0,,,32.0,,,0
2005_07_DEN_NYG,2005,2005-10-23,Sunday,DEN,23.0,NYG,24.0,47.0,-2.0,,,46.5,,,0
2005_07_BUF_OAK,2005,2005-10-23,Sunday,BUF,17.0,OAK,38.0,55.0,-3.0,,,42.0,,,0
2005_07_NYJ_ATL,2005,2005-10-24,Monday,NYJ,14.0,ATL,27.0,41.0,-7.5,,,41.0,,,0
2005_08_MIN_CAR,2005,2005-10-30,Sunday,MIN,13.0,CAR,38.0,51.0,-8.0,,,44.0,,,0
2005_08_GB_CIN,2005,2005-10-30,Sunday,GB,14.0,CIN,21.0,35.0,-7.0,,,46.0,,,0
2005_08_ARI_DAL,2005,2005-10-30,Sunday,ARI,13.0,DAL,34.0,47.0,-7.0,,,41.0,,,0
2005_08_CHI_DET,2005,2005-10-30,Sunday,CHI,19.0,DET,13.0,32.0,-3.0,,,32.5,,,1
2005_08_CLE_HOU,2005,2005-10-30,Sunday,CLE,16.0,HOU,19.0,35.0,-2.0,,,37.5,,,0
2005_08_WAS_NYG,2005,2005-10-30,Sunday,WAS,0.0,NYG,36.0,36.0,-3.0,,,41.0,,,1
2005_08_JAX_STL,2005,2005-10-30,Sunday,JAX,21.0,STL,24.0,45.0,3.0,,,43.0,,,0
2005_08_OAK_TEN,2005,2005-10-30,Sunday,OAK,34.0,TEN,25.0,59.0,2.0,,,46.0,,,0
2005_08_MIA_NO,2005,2005-10-30,Sunday,MIA,21.0,NO,6.0,27.0,-2.0,,,41.0,,,0
2005_08_KC_SD,2005,2005-10-30,Sunday,KC,20.0,SD,28.0,48.0,-5.0,,,51.0,,,1
2005_08_PHI_DEN,2005,2005-10-30,Sunday,PHI,21.0,DEN,49.0,70.0,-3.0,,,44.0,,,0
2005_08_TB_SF,2005,2005-10-30,Sunday,TB,10.0,SF,15.0,25.0,11.5,,,37.0,,,0
2005_08_BUF_NE,2005,2005-10-30,Sunday,BUF,16.0,NE,21.0,37.0,-7.0,,,43.5,,,1
2005_08_BAL_PIT,2005,2005-10-31,Monday,BAL,19.0,PIT,20.0,39.0,-8.5,,,33.0,,,1
2005_09_CIN_BAL,2005,2005-11-06,Sunday,CIN,21.0,BAL,9.0,30.0,3.5,,,36.0,,,1
2005_09_TEN_CLE,2005,2005-11-06,Sunday,TEN,14.0,CLE,20.0,34.0,-3.0,,,39.0,,,0
2005_09_HOU_JAX,2005,2005-11-06,Sunday,HOU,14.0,JAX,21.0,35.0,-11.0,,,37.5,,,1
2005_09_OAK_KC,2005,2005-11-06,Sunday,OAK,23.0,KC,27.0,50.0,-4.5,,,51.5,,,1
2005_09_ATL_MIA,2005,2005-11-06,Sunday,ATL,17.0,MIA,10.0,27.0,2.0,,,39.5,,,0
2005_09_DET_MIN,2005,2005-11-06,Sunday,DET,14.0,MIN,27.0,41.0,1.5,,,37.5,,,1
2005_09_SD_NYJ,2005,2005-11-06,Sunday,SD,31.0,NYJ,26.0,57.0,5.5,,,41.5,,,0
2005_09_CAR_TB,2005,2005-11-06,Sunday,CAR,34.0,TB,14.0,48.0,-0.0,,,36.5,,,1
2005_09_SEA_ARI,2005,2005-11-06,Sunday,SEA,33.0,ARI,19.0,52.0,4.5,,,44.0,,,1
2005_09_CHI_NO,2005,2005-11-06,Sunday,CHI,20.0,NO,17.0,37.0,2.5,,,34.5,,,0
2005_09_NYG_SF,2005,2005-11-06,Sunday,NYG,24.0,SF,6.0,30.0,9.5,,,42.0,,,0
2005_09_PIT_GB,2005,2005-11-06,Sunday,PIT,20.0,GB,10.0,30.0,6.5,,,42.0,,,0
2005_09_PHI_WAS,2005,2005-11-06,Sunday,PHI,10.0,WAS,17.0,27.0,-0.0,,,41.0,,,1
2005_09_IND_NE,2005,2005-11-07,Monday,IND,40.0,NE,21.0,61.0,3.0,,,46.5,,,0
2005_10_KC_BUF,2005,2005-11-13,Sunday,KC,3.0,BUF,14.0,17.0,-2.5,,,42.5,,,0
2005_10_SF_CHI,2005,2005-11-13,Sunday,SF,9.0,CHI,17.0,26.0,-12.0,,,33.0,,,0
2005_10_ARI_DET,2005,2005-11-13,Sunday,ARI,21.0,DET,29.0,50.0,-4.0,,,40.0,,,0
2005_10_HOU_IND,2005,2005-11-13,Sunday,HOU,17.0,IND,31.0,48.0,-17.0,,,45.0,,,1
2005_10_BAL_JAX,2005,2005-11-13,Sunday,BAL,3.0,JAX,30.0,33.0,-8.0,,,34.0,,,0
2005_10_NE_MIA,2005,2005-11-13,Sunday,NE,23.0,MIA,16.0,39.0,2.5,,,40.0,,,1
2005_10_MIN_NYG,2005,2005-11-13,Sunday,MIN,24.0,NYG,21.0,45.0,-10.0,,,45.0,,,0
2005_10_NYJ_CAR,2005,2005-11-13,Sunday,NYJ,3.0,CAR,30.0,33.0,-9.5,,,40.5,,,0
2005_10_DEN_OAK,2005,2005-11-13,Sunday,DEN,31.0,OAK,17.0,48.0,2.5,,,47.0,,,1
2005_10_GB_ATL,2005,2005-11-13,Sunday,GB,33.0,ATL,25.0,58.0,-9.5,,,42.0,,,0
2005_10_STL_SEA,2005,2005-11-13,Sunday,STL,16.0,SEA,31.0,47.0,-7.0,,,48.5,,,1
2005_10_WAS_TB,2005,2005-11-13,Sunday,WAS,35.0,TB,36.0,71.0,1.0,,,34.0,,,0
2005_10_CLE_PIT,2005,2005-11-13,Sunday,CLE,21.0,PIT,34.0,55.0,-7.5,,,34.5,,,1
2005_10_DAL_PHI,2005,2005-11-14,Monday,DAL,21.0,PHI,20.0,41.0,-3.0,,,40.0,,,1
2005_11_TB_ATL,2005,2005-11-20,Sunday,TB,30.0,ATL,27.0,57.0,-6.0,,,38.0,,,1
2005_11_PIT_BAL,2005,2005-11-20,Sunday,PIT,13.0,BAL,16.0,29.0,4.0,,,34.5,,,1
2005_11_CAR_CHI,2005,2005-11-20,Sunday,CAR,3.0,CHI,13.0,16.0,3.0,,,34.5,,,0
2005_11_MIA_CLE,2005,2005-11-20,Sunday,MIA,0.0,CLE,22.0,22.0,-2.5,,,34.5,,,0
2005_11_DET_DAL,2005,2005-11-20,Sunday,DET,7.0,DAL,20.0,27.0,-8.0,,,39.0,,,0
2005_11_NO_NE,2005,2005-11-20,Sunday,NO,17.0,NE,24.0,41.0,-10.0,,,45.0,,,0
2005_11_PHI_NYG,2005,2005-11-20,Sunday,PHI,17.0,NYG,27.0,44.0,-3.5,,,43.0,,,1
2005_11_ARI_STL,2005,2005-11-20,Sunday,ARI,38.0,STL,28.0,66.0,-9.0,,,48.0,,,1
2005_11_JAX_TEN,2005,2005-11-20,Sunday,JAX,31.0,TEN,28.0,59.0,4.0,,,38.0,,,1
2005_11_OAK_WAS,2005,2005-11-20,Sunday,OAK,16.0,WAS,13.0,29.0,-6.0,,,42.0,,,0
2005_11_SEA_SF,2005,2005-11-20,Sunday,SEA,27.0,SF,25.0,52.0,12.0,,,42.5,,,1
2005_11_IND_CIN,2005,2005-11-20,Sunday,IND,45.0,CIN,37.0,82.0,4.5,,,48.5,,,0
2005_11_NYJ_DEN,2005,2005-11-20,Sunday,NYJ,0.0,DEN,27.0,27.0,-13.0,,,41.0,,,0
2005_11_BUF_SD,2005,2005-11-20,Sunday,BUF,10.0,SD,48.0,58.0,-9.0,,,42.0,,,0
2005_11_KC_HOU,2005,2005-11-20,Sunday,KC,45.0,HOU,17.0,62.0,6.5,,,44.5,,,0
2005_11_MIN_GB,2005,2005-11-21,Monday,MIN,20.0,GB,17.0,37.0,-3.5,,,45.0,,,1
2005_12_ATL_DET,2005,2005-11-24,Thursday,ATL,27.0,DET,7.0,34.0,3.0,,,40.5,,,0
2005_12_DEN_DAL,2005,2005-11-24,Thursday,DEN,24.0,DAL,21.0,45.0,-1.5,,,41.0,,,0
2005_12_CAR_BUF,2005,2005-11-27,Sunday,CAR,13.0,BUF,9.0,22.0,4.0,,,36.5,,,0
2005_12_BAL_CIN,2005,2005-11-27,Sunday,BAL,29.0,CIN,42.0,71.0,-9.0,,,36.5,,,1
2005_12_STL_HOU,2005,2005-11-27,Sunday,STL,33.0,HOU,27.0,60.0,3.5,,,44.5,,,0
2005_12_NE_KC,2005,2005-11-27,Sunday,NE,16.0,KC,26.0,42.0,-3.0,,,51.0,,,0
2005_12_CLE_MIN,2005,2005-11-27,Sunday,CLE,12.0,MIN,24.0,36.0,-3.5,,,40.0,,,0
2005_12_CHI_TB,2005,2005-11-27,Sunday,CHI,13.0,TB,10.0,23.0,-3.0,,,33.0,,,0
2005_12_SF_TEN,2005,2005-11-27,Sunday,SF,22.0,TEN,33.0,55.0,-7.0,,,42.5,,,0
2005_12_SD_WAS,2005,2005-11-27,Sunday,SD,23.0,WAS,17.0,40.0,3.0,,,44.0,,,0
2005_12_JAX_ARI,2005,2005-11-27,Sunday,JAX,24.0,ARI,17.0,41.0,3.5,,,41.5,,,0
2005_12_MIA_OAK,2005,2005-11-27,Sunday,MIA,33.0,OAK,21.0,54.0,-7.0,,,42.5,,,0
2005_12_GB_PHI,2005,2005-11-27,Sunday,GB,14.0,PHI,19.0,33.0,-3.5,,,41.5,,,0
2005_12_NYG_SEA,2005,2005-11-27,Sunday,NYG,21.0,SEA,24.0,45.0,-5.5,,,47.5,,,0
2005_12_NO_NYJ,2005,2005-11-27,Sunday,NO,21.0,NYJ,19.0,40.0,1.0,,,37.0,,,0
2005_12_PIT_IND,2005,2005-11-28,Monday,PIT,7.0,IND,26.0,33.0,-8.0,,,47.0,,,0
2005_13_HOU_BAL,2005,2005-12-04,Sunday,HOU,15.0,BAL,16.0,31.0,-7.0,,,37.0,,,0
2005_13_ATL_CAR,2005,2005-12-04,Sunday,ATL,6.0,CAR,24.0,30.0,-3.0,,,43.5,,,1
2005_13_GB_CHI,2005,2005-12-04,Sunday,GB,7.0,CHI,19.0,26.0,-7.0,,,32.0,,,1
2005_13_JAX_CLE,2005,2005-12-04,Sunday,JAX,20.0,CLE,14.0,34.0,3.0,,,36.5,,,0
2005_13_MIN_DET,2005,2005-12-04,Sunday,MIN,21.0,DET,16.0,37.0,3.0,,,38.0,,,1
2005_13_TEN_IND,2005,2005-12-04,Sunday,TEN,3.0,IND,35.0,38.0,-14.0,,,47.5,,,1
2005_13_BUF_MIA,2005,2005-12-04,Sunday,BUF,23.0,MIA,24.0,47.0,-3.0,,,35.5,,,1
2005_13_TB_NO,2005,2005-12-04,Sunday,TB,10.0,NO,3.0,13.0,3.5,,,39.0,,,1
2005_13_DAL_NYG,2005,2005-12-04,Sunday,DAL,10.0,NYG,17.0,27.0,-3.0,,,41.0,,,1
2005_13_CIN_PIT,2005,2005-12-04,Sunday,CIN,38.0,PIT,31.0,69.0,-4.0,,,43.0,,,1
2005_13_ARI_SF,2005,2005-12-04,Sunday,ARI,17.0,SF,10.0,27.0,3.0,,,43.5,,,1
2005_13_WAS_STL,2005,2005-12-04,Sunday,WAS,24.0,STL,9.0,33.0,3.0,,,45.0,,,0
2005_13_DEN_KC,2005,2005-12-04,Sunday,DEN,27.0,KC,31.0,58.0,-0.0,,,47.0,,,1
2005_13_NYJ_NE,2005,2005-12-04,Sunday,NYJ,3.0,NE,16.0,19.0,-7.5,,,42.5,,,1
2005_13_OAK_SD,2005,2005-12-04,Sunday,OAK,10.0,SD,34.0,44.0,-10.0,,,50.5,,,1
2005_13_SEA_PHI,2005,2005-12-05,Monday,SEA,42.0,PHI,0.0,42.0,3.0,,,44.0,,,0
2005_14_NE_BUF,2005,2005-12-11,Sunday,NE,35.0,BUF,7.0,42.0,3.5,,,38.0,,,1
2005_14_TB_CAR,2005,2005-12-11,Sunday,TB,20.0,CAR,10.0,30.0,-5.5,,,37.0,,,1
2005_14_CLE_CIN,2005,2005-12-11,Sunday,CLE,20.0,CIN,23.0,43.0,-12.5,,,41.5,,,1
2005_14_IND_JAX,2005,2005-12-11,Sunday,IND,26.0,JAX,18.0,44.0,7.5,,,43.0,,,1
2005_14_STL_MIN,2005,2005-12-11,Sunday,STL,13.0,MIN,27.0,40.0,-7.0,,,45.5,,,0
2005_14_OAK_NYJ,2005,2005-12-11,Sunday,OAK,10.0,NYJ,26.0,36.0,3.0,,,37.5,,,0
2005_14_CHI_PIT,2005,2005-12-11,Sunday,CHI,9.0,PIT,21.0,30.0,-4.0,,,32.0,,,0
2005_14_HOU_TEN,2005,2005-12-11,Sunday,HOU,10.0,TEN,13.0,23.0,-6.5,,,44.0,,,1
2005_14_WAS_ARI,2005,2005-12-11,Sunday,WAS,17.0,ARI,13.0,30.0,3.0,,,41.5,,,0
2005_14_NYG_PHI,2005,2005-12-11,Sunday,NYG,26.0,PHI,23.0,49.0,3.0,,,40.0,,,1
2005_14_SF_SEA,2005,2005-12-11,Sunday,SF,3.0,SEA,41.0,44.0,-15.5,,,45.0,,,1
2005_14_KC_DAL,2005,2005-12-11,Sunday,KC,28.0,DAL,31.0,59.0,-3.0,,,44.0,,,0
2005_14_BAL_DEN,2005,2005-12-11,Sunday,BAL,10.0,DEN,12.0,22.0,-14.0,,,40.5,,,0
2005_14_MIA_SD,2005,2005-12-11,Sunday,MIA,23.0,SD,21.0,44.0,-13.5,,,45.0,,,0
2005_14_DET_GB,2005,2005-12-11,Sunday,DET,13.0,GB,16.0,29.0,-5.5,,,37.0,,,1
2005_14_NO_ATL,2005,2005-12-12,Monday,NO,17.0,ATL,36.0,53.0,-10.0,,,44.0,,,1
2005_15_TB_NE,2005,2005-12-17,Saturday,TB,0.0,NE,28.0,28.0,-4.5,,,36.0,,,0
2005_15_KC_NYG,2005,2005-12-17,Saturday,KC,17.0,NYG,27.0,44.0,-3.0,,,45.5,,,0
2005_15_DEN_BUF,2005,2005-12-17,Saturday,DEN,28.0,BUF,17.0,45.0,8.0,,,35.0,,,0
2005_15_ARI_HOU,2005,2005-12-18,Sunday,ARI,19.0,HOU,30.0,49.0,1.0,,,43.5,,,0
2005_15_SD_IND,2005,2005-12-18,Sunday,SD,26.0,IND,17.0,43.0,-7.5,,,51.0,,,0
2005_15_SF_JAX,2005,2005-12-18,Sunday,SF,9.0,JAX,10.0,19.0,-14.5,,,39.5,,,0
2005_15_NYJ_MIA,2005,2005-12-18,Sunday,NYJ,20.0,MIA,24.0,44.0,-7.5,,,35.5,,,1
2005_15_PIT_MIN,2005,2005-12-18,Sunday,PIT,18.0,MIN,3.0,21.0,3.0,,,41.5,,,0
2005_15_CAR_NO,2005,2005-12-18,Sunday,CAR,27.0,NO,10.0,37.0,7.0,,,40.5,,,1
2005_15_PHI_STL,2005,2005-12-18,Sunday,PHI,17.0,STL,16.0,33.0,-3.0,,,44.0,,,0
2005_15_SEA_TEN,2005,2005-12-18,Sunday,SEA,28.0,TEN,24.0,52.0,7.5,,,45.0,,,0
2005_15_CIN_DET,2005,2005-12-18,Sunday,CIN,41.0,DET,17.0,58.0,7.5,,,44.0,,,0
2005_15_CLE_OAK,2005,2005-12-18,Sunday,CLE,9.0,OAK,7.0,16.0,-3.0,,,40.5,,,0
2005_15_DAL_WAS,2005,2005-12-18,Sunday,DAL,7.0,WAS,35.0,42.0,-3.0,,,36.0,,,1
2005_15_ATL_CHI,2005,2005-12-18,Sunday,ATL,3.0,CHI,16.0,19.0,-3.0,,,30.5,,,0
2005_15_GB_BAL,2005,2005-12-19,Monday,GB,3.0,BAL,48.0,51.0,-3.5,,,33.0,,,0
2005_16_DAL_CAR,2005,2005-12-24,Saturday,DAL,24.0,CAR,20.0,44.0,-5.5,,,38.5,,,0
2005_16_BUF_CIN,2005,2005-12-24,Saturday,BUF,37.0,CIN,27.0,64.0,-13.0,,,44.0,,,0
2005_16_PIT_CLE,2005,2005-12-24,Saturday,PIT,41.0,CLE,0.0,41.0,7.0,,,33.0,,,1
2005_16_JAX_HOU,2005,2005-12-24,Saturday,JAX,38.0,HOU,20.0,58.0,6.0,,,38.0,,,1
2005_16_SD_KC,2005,2005-12-24,Saturday,SD,7.0,KC,20.0,27.0,-1.0,,,49.5,,,1
2005_16_TEN_MIA,2005,2005-12-24,Saturday,TEN,10.0,MIA,24.0,34.0,-5.5,,,43.0,,,0
2005_16_DET_NO,2005,2005-12-24,Saturday,DET,13.0,NO,12.0,25.0,-3.0,,,37.5,,,0
2005_16_SF_STL,2005,2005-12-24,Saturday,SF,24.0,STL,20.0,44.0,-9.0,,,42.0,,,1
2005_16_ATL_TB,2005,2005-12-24,Saturday,ATL,24.0,TB,27.0,51.0,-3.0,,,37.5,,,1
2005_16_NYG_WAS,2005,2005-12-24,Saturday,NYG,20.0,WAS,35.0,55.0,-3.0,,,38.0,,,1
2005_16_PHI_ARI,2005,2005-12-24,Saturday,PHI,21.0,ARI,27.0,48.0,-1.0,,,39.5,,,0
2005_16_OAK_DEN,2005,2005-12-24,Saturday,OAK,3.0,DEN,22.0,25.0,-12.5,,,42.5,,,1
2005_16_IND_SEA,2005,2005-12-24,Saturday,IND,13.0,SEA,28.0,41.0,-7.0,,,47.0,,,0
2005_16_CHI_GB,2005,2005-12-25,Sunday,CHI,24.0,GB,17.0,41.0,7.0,,,31.0,,,1
2005_16_MIN_BAL,2005,2005-12-25,Sunday,MIN,23.0,BAL,30.0,53.0,-2.5,,,34.0,,,0
2005_16_NE_NYJ,2005,2005-12-26,Monday,NE,31.0,NYJ,21.0,52.0,4.0,,,37.5,,,1
2005_17_DEN_SD,2005,2005-12-31,Saturday,DEN,23.0,SD,7.0,30.0,-7.0,,,44.0,,,1
2005_17_NYG_OAK,2005,2005-12-31,Saturday,NYG,30.0,OAK,21.0,51.0,7.5,,,44.0,,,0
2005_17_CAR_ATL,2005,2006-01-01,Sunday,CAR,44.0,ATL,11.0,55.0,3.5,,,42.0,,,1
2005_17_BAL_CLE,2005,2006-01-01,Sunday,BAL,16.0,CLE,20.0,36.0,3.0,,,37.0,,,1
2005_17_SEA_GB,2005,2006-01-01,Sunday,SEA,17.0,GB,23.0,40.0,-3.0,,,40.5,,,0
2005_17_ARI_IND,2005,2006-01-01,Sunday,ARI,13.0,IND,17.0,30.0,-6.0,,,43.5,,,0
2005_17_CIN_KC,2005,2006-01-01,Sunday,CIN,3.0,KC,37.0,40.0,-7.5,,,47.0,,,0
2005_17_MIA_NE,2005,2006-01-01,Sunday,MIA,28.0,NE,26.0,54.0,-3.0,,,37.0,,,1
2005_17_BUF_NYJ,2005,2006-01-01,Sunday,BUF,26.0,NYJ,30.0,56.0,-1.5,,,37.5,,,1
2005_17_DET_PIT,2005,2006-01-01,Sunday,DET,21.0,PIT,35.0,56.0,-15.5,,,35.5,,,0
2005_17_NO_TB,2005,2006-01-01,Sunday,NO,13.0,TB,27.0,40.0,-13.0,,,37.5,,,1
2005_17_TEN_JAX,2005,2006-01-01,Sunday,TEN,13.0,JAX,40.0,53.0,-4.0,,,38.0,,,1
2005_17_HOU_SF,2005,2006-01-01,Sunday,HOU,17.0,SF,20.0,37.0,1.0,,,37.5,,,0
2005_17_CHI_MIN,2005,2006-01-01,Sunday,CHI,10.0,MIN,34.0,44.0,-3.0,,,35.0,,,1
2005_17_WAS_PHI,2005,2006-01-01,Sunday,WAS,31.0,PHI,20.0,51.0,7.0,,,37.0,,,1
2005_17_STL_DAL,2005,2006-01-01,Sunday,STL,20.0,DAL,10.0,30.0,-12.5,,,43.0,,,0
2005_18_WAS_TB,2005,2006-01-07,Saturday,WAS,17.0,TB,10.0,27.0,-2.5,,,37.5,,,0
2005_18_JAX_NE,2005,2006-01-07,Saturday,JAX,3.0,NE,28.0,31.0,-8.0,,,37.5,,,0
2005_18_CAR_NYG,2005,2006-01-08,Sunday,CAR,23.0,NYG,0.0,23.0,-3.0,,,43.5,,,0
2005_18_PIT_CIN,2005,2006-01-08,Sunday,PIT,31.0,CIN,17.0,48.0,3.0,,,44.0,,,1
2005_19_WAS_SEA,2005,2006-01-14,Saturday,WAS,10.0,SEA,20.0,30.0,-8.5,,,41.0,,,0
2005_19_NE_DEN,2005,2006-01-14,Saturday,NE,13.0,DEN,27.0,40.0,-3.0,,,44.0,,,0
2005_19_PIT_IND,2005,2006-01-15,Sunday,PIT,21.0,IND,18.0,39.0,-8.5,,,46.5,,,0
2005_19_CAR_CHI,2005,2006-01-15,Sunday,CAR,29.0,CHI,21.0,50.0,-3.0,,,31.0,,,0
2005_20_PIT_DEN,2005,2006-01-22,Sunday,PIT,34.0,DEN,17.0,51.0,-3.5,,,41.0,,,0
2005_20_CAR_SEA,2005,2006-01-22,Sunday,CAR,14.0,SEA,34.0,48.0,-5.5,,,43.0,,,0
2005_21_SEA_PIT,2005,2006-02-05,Sunday,SEA,10.0,PIT,21.0,31.0,-4.0,,,47.0,,,0
2006_01_MIA_PIT,2006,2006-09-07,Thursday,MIA,17.0,PIT,28.0,45.0,-1.5,,,34.5,,,0
2006_01_ATL_CAR,2006,2006-09-10,Sunday,ATL,20.0,CAR,6.0,26.0,-4.5,,,39.0,,,1
2006_01_NO_CLE,2006,2006-09-10,Sunday,NO,19.0,CLE,14.0,33.0,-3.0,,,36.0,,,0
2006_01_SEA_DET,2006,2006-09-10,Sunday,SEA,9.0,DET,6.0,15.0,6.0,,,44.0,,,0
2006_01_PHI_HOU,2006,2006-09-10,Sunday,PHI,24.0,HOU,10.0,34.0,6.0,,,37.0,,,0
2006_01_CIN_KC,2006,2006-09-10,Sunday,CIN,23.0,KC,10.0,33.0,1.5,,,49.5,,,0
2006_01_BUF_NE,2006,2006-09-10,Sunday,BUF,17.0,NE,19.0,36.0,-10.0,,,41.0,,,1
2006_01_DEN_STL,2006,2006-09-10,Sunday,DEN,10.0,STL,18.0,28.0,3.5,,,46.0,,,0
2006_01_BAL_TB,2006,2006-09-10,Sunday,BAL,27.0,TB,0.0,27.0,-3.0,,,33.0,,,0
2006_01_NYJ_TEN,2006,2006-09-10,Sunday,NYJ,23.0,TEN,16.0,39.0,-2.5,,,35.0,,,0
2006_01_SF_ARI,2006,2006-09-10,Sunday,SF,27.0,ARI,34.0,61.0,-9.5,,,44.0,,,1
2006_01_CHI_GB,2006,2006-09-10,Sunday,CHI,26.0,GB,0.0,26.0,3.5,,,35.0,,,1
2006_01_DAL_JAX,2006,2006-09-10,Sunday,DAL,17.0,JAX,24.0,41.0,2.5,,,36.5,,,0
2006_01_IND_NYG,2006,2006-09-10,Sunday,IND,26.0,NYG,21.0,47.0,3.0,,,47.5,,,0
2006_01_MIN_WAS,2006,2006-09-11,Monday,MIN,19.0,WAS,16.0,35.0,-4.0,,,35.5,,,0
2006_01_SD_OAK,2006,2006-09-11,Monday,SD,27.0,OAK,0.0,27.0,3.0,,,41.5,,,1
2006_02_TB_ATL,2006,2006-09-17,Sunday,TB,3.0,ATL,14.0,17.0,-4.5,,,36.0,,,1
2006_02_OAK_BAL,2006,2006-09-17,Sunday,OAK,6.0,BAL,28.0,34.0,-13.0,,,34.0,,,0
2006_02_DET_CHI,2006,2006-09-17,Sunday,DET,7.0,CHI,34.0,41.0,-7.0,,,32.0,,,1
2006_02_CLE_CIN,2006,2006-09-17,Sunday,CLE,17.0,CIN,34.0,51.0,-10.5,,,40.5,,,1
2006_02_NO_GB,2006,2006-09-17,Sunday,NO,34.0,GB,27.0,61.0,1.0,,,40.5,,,0
2006_02_HOU_IND,2006,2006-09-17,Sunday,HOU,24.0,IND,43.0,67.0,-12.5,,,47.0,,,1
2006_02_BUF_MIA,2006,2006-09-17,Sunday,BUF,16.0,MIA,6.0,22.0,-6.5,,,37.0,,,1
2006_02_CAR_MIN,2006,2006-09-17,Sunday,CAR,13.0,MIN,16.0,29.0,-2.0,,,37.5,,,0
2006_02_NYG_PHI,2006,2006-09-17,Sunday,NYG,30.0,PHI,24.0,54.0,-3.0,,,42.0,,,1
2006_02_ARI_SEA,2006,2006-09-17,Sunday,ARI,10.0,SEA,21.0,31.0,-7.0,,,48.0,,,1
2006_02_STL_SF,2006,2006-09-17,Sunday,STL,13.0,SF,20.0,33.0,3.0,,,44.5,,,1
2006_02_KC_DEN,2006,2006-09-17,Sunday,KC,6.0,DEN,9.0,15.0,-11.0,,,38.0,,,1
2006_02_NE_NYJ,2006,2006-09-17,Sunday,NE,24.0,NYJ,17.0,41.0,6.0,,,38.5,,,1
2006_02_TEN_SD,2006,2006-09-17,Sunday,TEN,7.0,SD,40.0,47.0,-12.0,,,38.5,,,0
2006_02_WAS_DAL,2006,2006-09-17,Sunday,WAS,10.0,DAL,27.0,37.0,-7.0,,,37.0,,,1
2006_02_PIT_JAX,2006,2006-09-18,Monday,PIT,0.0,JAX,9.0,9.0,2.5,,,36.5,,,0
2006_03_NYJ_BUF,2006,2006-09-24,Sunday,NYJ,28.0,BUF,20.0,48.0,-6.0,,,33.0,,,1
2006_03_GB_DET,2006,2006-09-24,Sunday,GB,31.0,DET,24.0,55.0,-6.5,,,41.0,,,1
2006_03_WAS_HOU,2006,2006-09-24,Sunday,WAS,31.0,HOU,15.0,46.0,3.5,,,37.5,,,0
2006_03_JAX_IND,2006,2006-09-24,Sunday,JAX,14.0,IND,21.0,35.0,-6.5,,,41.5,,,1
2006_03_TEN_MIA,2006,2006-09-24,Sunday,TEN,10.0,MIA,13.0,23.0,-10.5,,,36.0,,,0
2006_03_CHI_MIN,2006,2006-09-24,Sunday,CHI,19.0,MIN,16.0,35.0,3.5,,,35.0,,,1
2006_03_CIN_PIT,2006,2006-09-24,Sunday,CIN,28.0,PIT,20.0,48.0,-2.0,,,42.0,,,1
2006_03_CAR_TB,2006,2006-09-24,Sunday,CAR,26.0,TB,24.0,50.0,3.0,,,33.5,,,1
2006_03_BAL_CLE,2006,2006-09-24,Sunday,BAL,15.0,CLE,14.0,29.0,6.5,,,33.0,,,1
2006_03_STL_ARI,2006,2006-09-24,Sunday,STL,16.0,ARI,14.0,30.0,-5.5,,,45.0,,,1
2006_03_NYG_SEA,2006,2006-09-24,Sunday,NYG,30.0,SEA,42.0,72.0,-4.0,,,43.0,,,0
2006_03_PHI_SF,2006,2006-09-24,Sunday,PHI,38.0,SF,24.0,62.0,6.0,,,42.5,,,0
2006_03_DEN_NE,2006,2006-09-24,Sunday,DEN,17.0,NE,7.0,24.0,-6.5,,,38.5,,,0
2006_03_ATL_NO,2006,2006-09-25,Monday,ATL,3.0,NO,23.0,26.0,4.0,,,45.0,,,1
2006_04_ARI_ATL,2006,2006-10-01,Sunday,ARI,10.0,ATL,32.0,42.0,-7.0,-111.0,103.0,41.0,-316.0,286.0,0
2006_04_SD_BAL,2006,2006-10-01,Sunday,SD,13.0,BAL,16.0,29.0,-1.0,104.0,-112.0,33.5,-103.0,-107.0,0
2006_04_MIN_BUF,2006,2006-10-01,Sunday,MIN,12.0,BUF,17.0,29.0,-1.0,-121.0,113.0,34.5,-129.0,119.0,0
2006_04_NO_CAR,2006,2006-10-01,Sunday,NO,18.0,CAR,21.0,39.0,-7.0,-114.0,106.0,41.0,-330.0,300.0,1
2006_04_MIA_HOU,2006,2006-10-01,Sunday,MIA,15.0,HOU,17.0,32.0,3.5,-113.0,105.0,41.0,170.0,-180.0,0
2006_04_SF_KC,2006,2006-10-01,Sunday,SF,0.0,KC,41.0,41.0,-7.0,-105.0,-103.0,39.0,-323.0,293.0,0
2006_04_IND_NYJ,2006,2006-10-01,Sunday,IND,31.0,NYJ,28.0,59.0,7.5,-108.0,100.0,46.5,339.0,-369.0,0
2006_04_DAL_TEN,2006,2006-10-01,Sunday,DAL,45.0,TEN,14.0,59.0,10.0,-118.0,110.0,37.0,450.0,-500.0,0
2006_04_DET_STL,2006,2006-10-01,Sunday,DET,34.0,STL,41.0,75.0,-5.5,100.0,-108.0,42.0,-210.0,190.0,0
2006_04_NE_CIN,2006,2006-10-01,Sunday,NE,38.0,CIN,13.0,51.0,-5.5,-105.0,-103.0,46.0,-245.0,225.0,0
2006_04_CLE_OAK,2006,2006-10-01,Sunday,CLE,24.0,OAK,21.0,45.0,1.0,100.0,-108.0,33.5,102.0,-112.0,0
2006_04_JAX_WAS,2006,2006-10-01,Sunday,JAX,30.0,WAS,36.0,66.0,2.5,104.0,-112.0,33.5,131.0,-141.0,0
2006_04_SEA_CHI,2006,2006-10-01,Sunday,SEA,6.0,CHI,37.0,43.0,-3.5,-108.0,100.0,37.0,-193.0,180.0,0
2006_04_GB_PHI,2006,2006-10-02,Monday,GB,9.0,PHI,31.0,40.0,-12.0,100.0,-108.0,49.5,-700.0,630.0,0
2006_05_CLE_CAR,2006,2006-10-08,Sunday,CLE,12.0,CAR,20.0,32.0,-7.5,-116.0,108.0,38.0,-379.0,349.0,0
2006_05_BUF_CHI,2006,2006-10-08,Sunday,BUF,7.0,CHI,40.0,47.0,-9.5,-101.0,-107.0,34.5,-513.0,463.0,0
2006_05_STL_GB,2006,2006-10-08,Sunday,STL,23.0,GB,20.0,43.0,2.5,-112.0,104.0,46.5,118.0,-128.0,0
2006_05_TEN_IND,2006,2006-10-08,Sunday,TEN,13.0,IND,14.0,27.0,-13.5,-115.0,105.0,47.5,-2000.0,1750.0,1
2006_05_DET_MIN,2006,2006-10-08,Sunday,DET,17.0,MIN,26.0,43.0,-4.0,-105.0,-105.0,41.0,-269.0,249.0,1
2006_05_MIA_NE,2006,2006-10-08,Sunday,MIA,10.0,NE,20.0,30.0,-9.5,102.0,-110.0,36.5,-500.0,450.0,1
2006_05_TB_NO,2006,2006-10-08,Sunday,TB,21.0,NO,24.0,45.0,-7.0,107.0,-115.0,34.5,-290.0,270.0,1
2006_05_WAS_NYG,2006,2006-10-08,Sunday,WAS,3.0,NYG,19.0,22.0,-6.0,106.0,-114.0,46.0,-230.0,210.0,1
2006_05_KC_ARI,2006,2006-10-08,Sunday,KC,23.0,ARI,20.0,43.0,3.5,-104.0,-104.0,40.0,180.0,-193.0,0
2006_05_NYJ_JAX,2006,2006-10-08,Sunday,NYJ,0.0,JAX,41.0,41.0,-7.0,-112.0,104.0,38.5,-315.0,285.0,0
2006_05_OAK_SF,2006,2006-10-08,Sunday,OAK,20.0,SF,34.0,54.0,-3.0,-123.0,115.0,39.0,-181.0,171.0,0
2006_05_DAL_PHI,2006,2006-10-08,Sunday,DAL,24.0,PHI,38.0,62.0,1.0,-105.0,-103.0,43.5,-102.0,-108.0,1
2006_05_PIT_SD,2006,2006-10-08,Sunday,PIT,13.0,SD,23.0,36.0,-3.5,103.0,-111.0,37.0,-179.0,169.0,0
2006_05_BAL_DEN,2006,2006-10-09,Monday,BAL,3.0,DEN,13.0,16.0,-5.5,-103.0,-105.0,33.0,-245.0,225.0,0
2006_06_NYG_ATL,2006,2006-10-15,Sunday,NYG,27.0,ATL,14.0,41.0,-3.0,-105.0,-103.0,41.0,-154.0,144.0,0
2006_06_CAR_BAL,2006,2006-10-15,Sunday,CAR,23.0,BAL,21.0,44.0,-3.0,-114.0,106.0,33.5,-170.0,160.0,0
2006_06_HOU_DAL,2006,2006-10-15,Sunday,HOU,6.0,DAL,34.0,40.0,-13.0,-106.0,-102.0,43.5,-800.0,720.0,0
2006_06_BUF_DET,2006,2006-10-15,Sunday,BUF,17.0,DET,20.0,37.0,1.0,106.0,-114.0,41.0,110.0,-120.0,0
2006_06_PHI_NO,2006,2006-10-15,Sunday,PHI,24.0,NO,27.0,51.0,3.0,-110.0,102.0,47.0,142.0,-152.0,0
2006_06_SEA_STL,2006,2006-10-15,Sunday,SEA,30.0,STL,28.0,58.0,3.0,-113.0,105.0,45.0,136.0,-146.0,1
2006_06_CIN_TB,2006,2006-10-15,Sunday,CIN,13.0,TB,14.0,27.0,4.5,-106.0,-102.0,44.0,187.0,-207.0,0
2006_06_TEN_WAS,2006,2006-10-15,Sunday,TEN,25.0,WAS,22.0,47.0,-11.5,-108.0,100.0,39.0,-600.0,540.0,0
2006_06_MIA_NYJ,2006,2006-10-15,Sunday,MIA,17.0,NYJ,20.0,37.0,-2.0,-104.0,-104.0,36.0,-125.0,115.0,1
2006_06_KC_PIT,2006,2006-10-15,Sunday,KC,7.0,PIT,45.0,52.0,-6.5,-112.0,104.0,37.0,-300.0,270.0,0
2006_06_SD_SF,2006,2006-10-15,Sunday,SD,48.0,SF,19.0,67.0,9.5,-102.0,-106.0,41.5,463.0,-513.0,0
2006_06_OAK_DEN,2006,2006-10-15,Sunday,OAK,3.0,DEN,13.0,16.0,-14.0,-105.0,-103.0,36.0,-1200.0,900.0,1
2006_06_CHI_ARI,2006,2006-10-16,Monday,CHI,24.0,ARI,23.0,47.0,11.5,-107.0,-101.0,40.0,580.0,-640.0,0
2006_07_PIT_ATL,2006,2006-10-22,Sunday,PIT,38.0,ATL,41.0,79.0,2.5,116.0,-124.0,39.5,145.0,-155.0,0
2006_07_NE_BUF,2006,2006-10-22,Sunday,NE,28.0,BUF,6.0,34.0,5.5,-104.0,-104.0,35.5,228.0,-248.0,1
2006_07_CAR_CIN,2006,2006-10-22,Sunday,CAR,14.0,CIN,17.0,31.0,-3.0,109.0,-117.0,44.0,-153.0,143.0,0
2006_07_JAX_HOU,2006,2006-10-22,Sunday,JAX,7.0,HOU,27.0,34.0,7.5,-110.0,102.0,39.5,315.0,-345.0,1
2006_07_SD_KC,2006,2006-10-22,Sunday,SD,27.0,KC,30.0,57.0,6.0,-105.0,-103.0,38.0,235.0,-255.0,1
2006_07_GB_MIA,2006,2006-10-22,Sunday,GB,34.0,MIA,24.0,58.0,-6.0,-112.0,104.0,40.0,-266.0,246.0,0
2006_07_DET_NYJ,2006,2006-10-22,Sunday,DET,24.0,NYJ,31.0,55.0,-4.0,-102.0,-106.0,43.5,-200.0,185.0,0
2006_07_PHI_TB,2006,2006-10-22,Sunday,PHI,21.0,TB,23.0,44.0,6.0,103.0,-111.0,42.0,249.0,-269.0,0
2006_07_DEN_CLE,2006,2006-10-22,Sunday,DEN,17.0,CLE,7.0,24.0,4.5,-117.0,109.0,31.0,193.0,-213.0,0
2006_07_WAS_IND,2006,2006-10-22,Sunday,WAS,22.0,IND,36.0,58.0,-8.0,-105.0,-103.0,47.0,-383.0,353.0,0
2006_07_ARI_OAK,2006,2006-10-22,Sunday,ARI,9.0,OAK,22.0,31.0,3.0,-115.0,107.0,39.5,137.0,-147.0,0
2006_07_MIN_SEA,2006,2006-10-22,Sunday,MIN,31.0,SEA,13.0,44.0,-6.0,-112.0,104.0,40.0,-275.0,255.0,0
2006_07_NYG_DAL,2006,2006-10-23,Monday,NYG,36.0,DAL,22.0,58.0,-3.0,-113.0,105.0,43.5,-166.0,156.0,1
2006_08_SF_CHI,2006,2006-10-29,Sunday,SF,10.0,CHI,41.0,51.0,-16.0,105.0,-113.0,41.5,-1650.0,1250.0,0
2006_08_ATL_CIN,2006,2006-10-29,Sunday,ATL,29.0,CIN,27.0,56.0,-3.5,-105.0,-103.0,44.5,-184.0,174.0,0
2006_08_ARI_GB,2006,2006-10-29,Sunday,ARI,14.0,GB,31.0,45.0,-4.0,-103.0,-105.0,44.5,-201.0,183.0,0
2006_08_SEA_KC,2006,2006-10-29,Sunday,SEA,28.0,KC,35.0,63.0,-4.0,100.0,-108.0,36.5,-205.0,187.0,0
2006_08_BAL_NO,2006,2006-10-29,Sunday,BAL,35.0,NO,22.0,57.0,-1.0,-117.0,109.0,37.0,-122.0,112.0,0
2006_08_TB_NYG,2006,2006-10-29,Sunday,TB,3.0,NYG,17.0,20.0,-9.5,105.0,-113.0,38.5,-425.0,385.0,0
2006_08_JAX_PHI,2006,2006-10-29,Sunday,JAX,13.0,PHI,6.0,19.0,-9.0,116.0,-124.0,39.0,-350.0,320.0,0
2006_08_HOU_TEN,2006,2006-10-29,Sunday,HOU,22.0,TEN,28.0,50.0,-3.0,-105.0,-103.0,41.0,-153.0,143.0,1
2006_08_STL_SD,2006,2006-10-29,Sunday,STL,24.0,SD,38.0,62.0,-9.5,-110.0,102.0,45.0,-435.0,395.0,0
2006_08_NYJ_CLE,2006,2006-10-29,Sunday,NYJ,13.0,CLE,20.0,33.0,-1.0,-124.0,116.0,37.0,-130.0,120.0,0
2006_08_IND_DEN,2006,2006-10-29,Sunday,IND,34.0,DEN,31.0,65.0,-3.0,-101.0,-107.0,40.0,-147.0,137.0,0
2006_08_PIT_OAK,2006,2006-10-29,Sunday,PIT,13.0,OAK,20.0,33.0,9.0,-107.0,-101.0,39.0,406.0,-446.0,0
2006_08_DAL_CAR,2006,2006-10-29,Sunday,DAL,35.0,CAR,14.0,49.0,-4.5,-112.0,104.0,41.0,-235.0,215.0,0
2006_08_NE_MIN,2006,2006-10-30,Monday,NE,31.0,MIN,7.0,38.0,1.0,100.0,-108.0,39.5,103.0,-113.0,0
2006_09_CIN_BAL,2006,2006-11-05,Sunday,CIN,20.0,BAL,26.0,46.0,-3.0,100.0,-108.0,41.5,-147.0,137.0,1
2006_09_GB_BUF,2006,2006-11-05,Sunday,GB,10.0,BUF,24.0,34.0,-3.5,-102.0,-106.0,41.0,-178.0,168.0,0
2006_09_MIA_CHI,2006,2006-11-05,Sunday,MIA,31.0,CHI,13.0,44.0,-13.0,104.0,-112.0,37.0,-750.0,680.0,0
2006_09_ATL_DET,2006,2006-11-05,Sunday,ATL,14.0,DET,30.0,44.0,5.0,-102.0,-106.0,47.5,213.0,-233.0,0
2006_09_TEN_JAX,2006,2006-11-05,Sunday,TEN,7.0,JAX,37.0,44.0,-9.5,-101.0,-107.0,37.5,-454.0,414.0,1
2006_09_HOU_NYG,2006,2006-11-05,Sunday,HOU,10.0,NYG,14.0,24.0,-13.0,108.0,-116.0,43.0,-650.0,590.0,0
2006_09_KC_STL,2006,2006-11-05,Sunday,KC,31.0,STL,17.0,48.0,-2.5,-118.0,110.0,48.0,-152.0,142.0,0
2006_09_NO_TB,2006,2006-11-05,Sunday,NO,31.0,TB,14.0,45.0,-1.0,-108.0,100.0,37.5,-114.0,104.0,1
2006_09_DAL_WAS,2006,2006-11-05,Sunday,DAL,19.0,WAS,22.0,41.0,3.0,106.0,-114.0,41.0,159.0,-169.0,1
2006_09_MIN_SF,2006,2006-11-05,Sunday,MIN,3.0,SF,9.0,12.0,4.0,-113.0,105.0,42.5,184.0,-202.0,0
2006_09_DEN_PIT,2006,2006-11-05,Sunday,DEN,31.0,PIT,20.0,51.0,-3.0,-104.0,-104.0,36.5,-152.0,142.0,0
2006_09_CLE_SD,2006,2006-11-05,Sunday,CLE,25.0,SD,32.0,57.0,-13.0,100.0,-108.0,41.0,-747.0,677.0,0
2006_09_IND_NE,2006,2006-11-05,Sunday,IND,27.0,NE,20.0,47.0,-3.0,-113.0,105.0,48.0,-161.0,151.0,0
2006_09_OAK_SEA,2006,2006-11-06,Monday,OAK,0.0,SEA,16.0,16.0,-7.0,-103.0,-105.0,34.0,-300.0,270.0,0
2006_10_CLE_ATL,2006,2006-11-12,Sunday,CLE,17.0,ATL,13.0,30.0,-9.0,101.0,-109.0,42.0,-372.0,342.0,0
2006_10_SD_CIN,2006,2006-11-12,Sunday,SD,49.0,CIN,41.0,90.0,1.0,-112.0,104.0,48.0,-108.0,-102.0,0
2006_10_SF_DET,2006,2006-11-12,Sunday,SF,19.0,DET,13.0,32.0,-6.5,-109.0,101.0,46.0,-270.0,250.0,0
2006_10_BUF_IND,2006,2006-11-12,Sunday,BUF,16.0,IND,17.0,33.0,-12.0,101.0,-109.0,44.5,-618.0,558.0,0
2006_10_HOU_JAX,2006,2006-11-12,Sunday,HOU,13.0,JAX,10.0,23.0,-10.0,-104.0,-104.0,37.0,-500.0,450.0,1
2006_10_KC_MIA,2006,2006-11-12,Sunday,KC,10.0,MIA,13.0,23.0,-1.0,-121.0,113.0,40.0,-130.0,120.0,0
2006_10_GB_MIN,2006,2006-11-12,Sunday,GB,23.0,MIN,17.0,40.0,-5.0,102.0,-110.0,40.0,-205.0,187.0,1
2006_10_NYJ_NE,2006,2006-11-12,Sunday,NYJ,17.0,NE,14.0,31.0,-10.5,110.0,-118.0,38.0,-501.0,451.0,1
2006_10_WAS_PHI,2006,2006-11-12,Sunday,WAS,3.0,PHI,27.0,30.0,-9.0,107.0,-115.0,41.5,-346.0,316.0,1
2006_10_BAL_TEN,2006,2006-11-12,Sunday,BAL,27.0,TEN,26.0,53.0,7.0,-108.0,100.0,38.5,260.0,-280.0,0
2006_10_DEN_OAK,2006,2006-11-12,Sunday,DEN,17.0,OAK,13.0,30.0,9.0,-120.0,112.0,33.5,370.0,-410.0,1
2006_10_DAL_ARI,2006,2006-11-12,Sunday,DAL,27.0,ARI,10.0,37.0,6.5,-115.0,107.0,43.0,250.0,-270.0,0
2006_10_NO_PIT,2006,2006-11-12,Sunday,NO,31.0,PIT,38.0,69.0,-6.5,-111.0,103.0,45.5,-270.0,250.0,0
2006_10_STL_SEA,2006,2006-11-12,Sunday,STL,22.0,SEA,24.0,46.0,-3.0,103.0,-111.0,43.0,-148.0,138.0,1
2006_10_CHI_NYG,2006,2006-11-12,Sunday,CHI,38.0,NYG,20.0,58.0,-1.0,100.0,-108.0,37.0,-110.0,100.0,0
2006_10_TB_CAR,2006,2006-11-13,Monday,TB,10.0,CAR,24.0,34.0,-10.0,-107.0,-101.0,37.0,-500.0,450.0,1
2006_11_ATL_BAL,2006,2006-11-19,Sunday,ATL,10.0,BAL,24.0,34.0,-3.5,110.0,-118.0,41.0,-171.0,161.0,0
2006_11_STL_CAR,2006,2006-11-19,Sunday,STL,0.0,CAR,15.0,15.0,-6.5,-104.0,-104.0,44.0,-265.0,245.0,0
2006_11_PIT_CLE,2006,2006-11-19,Sunday,PIT,24.0,CLE,20.0,44.0,4.0,103.0,-111.0,36.0,187.0,-207.0,1
2006_11_NE_GB,2006,2006-11-19,Sunday,NE,35.0,GB,0.0,35.0,5.5,-102.0,-106.0,45.5,215.0,-235.0,0
2006_11_BUF_HOU,2006,2006-11-19,Sunday,BUF,24.0,HOU,21.0,45.0,-3.0,107.0,-115.0,36.5,-149.0,139.0,0
2006_11_OAK_KC,2006,2006-11-19,Sunday,OAK,13.0,KC,17.0,30.0,-9.0,112.0,-120.0,36.0,-379.0,349.0,1
2006_11_MIN_MIA,2006,2006-11-19,Sunday,MIN,20.0,MIA,24.0,44.0,-3.0,-127.0,119.0,34.0,-185.0,175.0,0
2006_11_CIN_NO,2006,2006-11-19,Sunday,CIN,31.0,NO,16.0,47.0,-3.5,104.0,-112.0,51.5,-169.0,159.0,0
2006_11_CHI_NYJ,2006,2006-11-19,Sunday,CHI,10.0,NYJ,0.0,10.0,5.5,-111.0,103.0,39.0,205.0,-225.0,0
2006_11_TEN_PHI,2006,2006-11-19,Sunday,TEN,31.0,PHI,13.0,44.0,-13.0,-104.0,-104.0,44.0,-740.0,670.0,0
2006_11_WAS_TB,2006,2006-11-19,Sunday,WAS,17.0,TB,20.0,37.0,-3.0,-106.0,-102.0,33.5,-165.0,155.0,0
2006_11_DET_ARI,2006,2006-11-19,Sunday,DET,10.0,ARI,17.0,27.0,-2.5,-110.0,102.0,45.5,-133.0,123.0,0
2006_11_SEA_SF,2006,2006-11-19,Sunday,SEA,14.0,SF,20.0,34.0,3.0,104.0,-112.0,43.0,160.0,-170.0,1
2006_11_IND_DAL,2006,2006-11-19,Sunday,IND,14.0,DAL,21.0,35.0,1.0,-108.0,100.0,49.0,-104.0,-106.0,0
2006_11_SD_DEN,2006,2006-11-19,Sunday,SD,35.0,DEN,27.0,62.0,-2.5,-123.0,115.0,43.0,-149.0,139.0,1
2006_11_NYG_JAX,2006,2006-11-20,Monday,NYG,10.0,JAX,26.0,36.0,-4.0,-104.0,-104.0,38.0,-185.0,175.0,0
2006_12_MIA_DET,2006,2006-11-23,Thursday,MIA,27.0,DET,10.0,37.0,3.0,-114.0,106.0,40.5,131.0,-141.0,0
2006_12_TB_DAL,2006,2006-11-23,Thursday,TB,10.0,DAL,38.0,48.0,-12.5,-101.0,-107.0,39.0,-660.0,600.0,0
2006_12_DEN_KC,2006,2006-11-23,Thursday,DEN,10.0,KC,19.0,29.0,-1.0,-114.0,106.0,39.0,-119.0,109.0,1
2006_12_NO_ATL,2006,2006-11-26,Sunday,NO,31.0,ATL,13.0,44.0,-3.0,-119.0,111.0,48.0,-172.0,162.0,1
2006_12_PIT_BAL,2006,2006-11-26,Sunday,PIT,0.0,BAL,27.0,27.0,-3.0,111.0,-119.0,40.5,-142.0,132.0,1
2006_12_JAX_BUF,2006,2006-11-26,Sunday,JAX,24.0,BUF,27.0,51.0,3.0,-101.0,-107.0,35.0,150.0,-160.0,0
2006_12_CIN_CLE,2006,2006-11-26,Sunday,CIN,30.0,CLE,0.0,30.0,3.0,112.0,-120.0,44.0,163.0,-173.0,1
2006_12_ARI_MIN,2006,2006-11-26,Sunday,ARI,26.0,MIN,31.0,57.0,-7.0,102.0,-110.0,39.0,-275.0,255.0,0
2006_12_HOU_NYJ,2006,2006-11-26,Sunday,HOU,11.0,NYJ,26.0,37.0,-4.5,-109.0,101.0,40.5,-226.0,206.0,0
2006_12_SF_STL,2006,2006-11-26,Sunday,SF,17.0,STL,20.0,37.0,-4.5,-112.0,104.0,44.5,-235.0,215.0,1
2006_12_CAR_WAS,2006,2006-11-26,Sunday,CAR,13.0,WAS,17.0,30.0,5.5,104.0,-112.0,36.5,225.0,-245.0,0
2006_12_OAK_SD,2006,2006-11-26,Sunday,OAK,14.0,SD,21.0,35.0,-13.5,-104.0,-104.0,43.0,-845.0,765.0,1
2006_12_CHI_NE,2006,2006-11-26,Sunday,CHI,13.0,NE,17.0,30.0,-4.5,-108.0,100.0,38.0,-225.0,205.0,0
2006_12_NYG_TEN,2006,2006-11-26,Sunday,NYG,21.0,TEN,24.0,45.0,4.0,-106.0,-102.0,45.0,182.0,-197.0,0
2006_12_PHI_IND,2006,2006-11-26,Sunday,PHI,21.0,IND,45.0,66.0,-10.0,-113.0,105.0,44.0,-485.0,445.0,0
2006_12_GB_SEA,2006,2006-11-27,Monday,GB,24.0,SEA,34.0,58.0,-10.0,100.0,-108.0,42.0,-470.0,430.0,0
2006_13_BAL_CIN,2006,2006-11-30,Thursday,BAL,7.0,CIN,13.0,20.0,-3.0,-115.0,107.0,42.0,-160.0,150.0,1
2006_13_SD_BUF,2006,2006-12-03,Sunday,SD,24.0,BUF,21.0,45.0,5.5,-114.0,106.0,40.0,215.0,-235.0,0
2006_13_MIN_CHI,2006,2006-12-03,Sunday,MIN,13.0,CHI,23.0,36.0,-9.0,100.0,-108.0,34.0,-410.0,370.0,1
2006_13_KC_CLE,2006,2006-12-03,Sunday,KC,28.0,CLE,31.0,59.0,4.0,-119.0,111.0,36.0,175.0,-185.0,0
2006_13_NYJ_GB,2006,2006-12-03,Sunday,NYJ,38.0,GB,10.0,48.0,-1.0,-114.0,106.0,39.0,-117.0,107.0,0
2006_13_DET_NE,2006,2006-12-03,Sunday,DET,21.0,NE,28.0,49.0,-13.0,101.0,-109.0,41.0,-835.0,755.0,0
2006_13_SF_NO,2006,2006-12-03,Sunday,SF,10.0,NO,34.0,44.0,-7.0,-113.0,105.0,45.0,-315.0,285.0,0
2006_13_ARI_STL,2006,2006-12-03,Sunday,ARI,34.0,STL,20.0,54.0,-6.0,110.0,-118.0,45.5,-230.0,210.0,1
2006_13_IND_TEN,2006,2006-12-03,Sunday,IND,17.0,TEN,20.0,37.0,7.5,-109.0,101.0,47.0,287.0,-317.0,1
2006_13_ATL_WAS,2006,2006-12-03,Sunday,ATL,24.0,WAS,14.0,38.0,1.0,111.0,-119.0,39.0,118.0,-128.0,0
2006_13_JAX_MIA,2006,2006-12-03,Sunday,JAX,24.0,MIA,10.0,34.0,-1.0,-115.0,107.0,35.5,-123.0,113.0,0
2006_13_HOU_OAK,2006,2006-12-03,Sunday,HOU,23.0,OAK,14.0,37.0,-3.0,-126.0,118.0,35.0,-181.0,171.0,0
2006_13_DAL_NYG,2006,2006-12-03,Sunday,DAL,23.0,NYG,20.0,43.0,3.0,104.0,-112.0,43.0,149.0,-159.0,1
2006_13_TB_PIT,2006,2006-12-03,Sunday,TB,3.0,PIT,20.0,23.0,-9.0,105.0,-113.0,39.5,-335.0,305.0,0
2006_13_SEA_DEN,2006,2006-12-03,Sunday,SEA,23.0,DEN,20.0,43.0,-4.5,-104.0,-104.0,41.0,-219.0,199.0,0
2006_13_CAR_PHI,2006,2006-12-04,Monday,CAR,24.0,PHI,27.0,51.0,3.0,-104.0,-104.0,37.5,145.0,-155.0,0
2006_14_CLE_PIT,2006,2006-12-07,Thursday,CLE,7.0,PIT,27.0,34.0,-7.0,107.0,-115.0,34.0,-300.0,270.0,1
2006_14_NYG_CAR,2006,2006-12-10,Sunday,NYG,27.0,CAR,13.0,40.0,3.0,-116.0,108.0,38.5,128.0,-138.0,0
2006_14_OAK_CIN,2006,2006-12-10,Sunday,OAK,10.0,CIN,27.0,37.0,-10.5,-112.0,104.0,40.0,-610.0,550.0,0
2006_14_MIN_DET,2006,2006-12-10,Sunday,MIN,30.0,DET,20.0,50.0,-1.0,-110.0,102.0,40.5,-116.0,106.0,1
2006_14_TEN_HOU,2006,2006-12-10,Sunday,TEN,26.0,HOU,20.0,46.0,-1.0,-102.0,-106.0,42.0,-112.0,102.0,1
2006_14_IND_JAX,2006,2006-12-10,Sunday,IND,17.0,JAX,44.0,61.0,1.0,-109.0,101.0,44.0,-105.0,-105.0,1
2006_14_BAL_KC,2006,2006-12-10,Sunday,BAL,20.0,KC,10.0,30.0,-3.0,100.0,-108.0,37.0,-152.0,142.0,0
2006_14_NE_MIA,2006,2006-12-10,Sunday,NE,0.0,MIA,21.0,21.0,3.0,112.0,-120.0,37.0,172.0,-182.0,1
2006_14_ATL_TB,2006,2006-12-10,Sunday,ATL,17.0,TB,6.0,23.0,4.0,-110.0,102.0,37.5,170.0,-180.0,1
2006_14_PHI_WAS,2006,2006-12-10,Sunday,PHI,21.0,WAS,19.0,40.0,2.0,-102.0,-106.0,40.0,112.0,-122.0,1
2006_14_SEA_ARI,2006,2006-12-10,Sunday,SEA,21.0,ARI,27.0,48.0,3.0,104.0,-112.0,44.5,151.0,-161.0,1
2006_14_GB_SF,2006,2006-12-10,Sunday,GB,30.0,SF,19.0,49.0,-4.0,-102.0,-106.0,44.0,-184.0,174.0,0
2006_14_BUF_NYJ,2006,2006-12-10,Sunday,BUF,31.0,NYJ,13.0,44.0,-4.5,-107.0,-101.0,38.0,-230.0,210.0,1
2006_14_DEN_SD,2006,2006-12-10,Sunday,DEN,20.0,SD,48.0,68.0,-9.0,108.0,-116.0,41.0,-345.0,315.0,1
2006_14_NO_DAL,2006,2006-12-10,Sunday,NO,42.0,DAL,17.0,59.0,-7.5,101.0,-109.0,47.0,-310.0,280.0,0
2006_14_CHI_STL,2006,2006-12-11,Monday,CHI,42.0,STL,27.0,69.0,6.0,-102.0,-106.0,41.5,235.0,-255.0,0
2006_15_SF_SEA,2006,2006-12-14,Thursday,SF,24.0,SEA,14.0,38.0,-10.0,102.0,-110.0,38.0,-502.0,452.0,1
2006_15_DAL_ATL,2006,2006-12-16,Saturday,DAL,38.0,ATL,28.0,66.0,4.0,-105.0,-103.0,45.0,179.0,-192.0,0
2006_15_CLE_BAL,2006,2006-12-17,Sunday,CLE,17.0,BAL,27.0,44.0,-13.0,105.0,-113.0,35.5,-617.0,557.0,1
2006_15_MIA_BUF,2006,2006-12-17,Sunday,MIA,0.0,BUF,21.0,21.0,-1.0,-101.0,-107.0,34.0,-109.0,-101.0,1
2006_15_PIT_CAR,2006,2006-12-17,Sunday,PIT,37.0,CAR,3.0,40.0,3.0,-116.0,108.0,39.0,138.0,-148.0,0
2006_15_TB_CHI,2006,2006-12-17,Sunday,TB,31.0,CHI,34.0,65.0,-13.0,-105.0,-103.0,35.0,-768.0,698.0,0
2006_15_DET_GB,2006,2006-12-17,Sunday,DET,9.0,GB,17.0,26.0,-6.0,-110.0,102.0,45.0,-245.0,225.0,1
2006_15_NYJ_MIN,2006,2006-12-17,Sunday,NYJ,26.0,MIN,13.0,39.0,-3.5,-108.0,100.0,41.0,-189.0,179.0,0
2006_15_HOU_NE,2006,2006-12-17,Sunday,HOU,7.0,NE,40.0,47.0,-13.0,113.0,-121.0,37.5,-665.0,605.0,0
2006_15_WAS_NO,2006,2006-12-17,Sunday,WAS,16.0,NO,10.0,26.0,-10.0,-103.0,-105.0,47.0,-440.0,400.0,0
2006_15_JAX_TEN,2006,2006-12-17,Sunday,JAX,17.0,TEN,24.0,41.0,3.5,-104.0,-104.0,40.5,168.0,-178.0,1
2006_15_DEN_ARI,2006,2006-12-17,Sunday,DEN,37.0,ARI,20.0,57.0,2.5,113.0,-121.0,44.0,142.0,-152.0,0
2006_15_PHI_NYG,2006,2006-12-17,Sunday,PHI,36.0,NYG,22.0,58.0,-5.5,-112.0,104.0,45.5,-237.0,217.0,1
2006_15_STL_OAK,2006,2006-12-17,Sunday,STL,20.0,OAK,0.0,20.0,-3.0,-103.0,-105.0,40.0,-150.0,140.0,0
2006_15_KC_SD,2006,2006-12-17,Sunday,KC,9.0,SD,20.0,29.0,-9.5,-106.0,-102.0,46.5,-415.0,375.0,1
2006_15_CIN_IND,2006,2006-12-18,Monday,CIN,16.0,IND,34.0,50.0,-3.5,-107.0,-101.0,55.0,-185.0,175.0,0
2006_16_MIN_GB,2006,2006-12-21,Thursday,MIN,7.0,GB,9.0,16.0,-4.0,-104.0,-104.0,38.0,-191.0,178.0,1
2006_16_KC_OAK,2006,2006-12-23,Saturday,KC,20.0,OAK,9.0,29.0,7.0,-106.0,-102.0,36.5,270.0,-300.0,1
2006_16_CAR_ATL,2006,2006-12-24,Sunday,CAR,10.0,ATL,3.0,13.0,-6.0,104.0,-112.0,40.5,-234.0,214.0,1
2006_16_TEN_BUF,2006,2006-12-24,Sunday,TEN,30.0,BUF,29.0,59.0,-5.5,-109.0,101.0,37.5,-235.0,215.0,0
2006_16_TB_CLE,2006,2006-12-24,Sunday,TB,22.0,CLE,7.0,29.0,-3.5,-108.0,100.0,37.5,-188.0,178.0,0
2006_16_CHI_DET,2006,2006-12-24,Sunday,CHI,26.0,DET,21.0,47.0,6.0,-108.0,100.0,41.5,215.0,-235.0,1
2006_16_IND_HOU,2006,2006-12-24,Sunday,IND,24.0,HOU,27.0,51.0,9.0,100.0,-108.0,47.0,384.0,-424.0,1
2006_16_NE_JAX,2006,2006-12-24,Sunday,NE,24.0,JAX,21.0,45.0,-3.0,-120.0,112.0,36.5,-168.0,158.0,0
2006_16_NO_NYG,2006,2006-12-24,Sunday,NO,30.0,NYG,7.0,37.0,-3.0,-107.0,-101.0,47.0,-156.0,146.0,0
2006_16_BAL_PIT,2006,2006-12-24,Sunday,BAL,31.0,PIT,7.0,38.0,-4.0,-108.0,100.0,37.0,-191.0,178.0,1
2006_16_WAS_STL,2006,2006-12-24,Sunday,WAS,31.0,STL,37.0,68.0,-1.0,-114.0,106.0,43.0,-119.0,109.0,0
2006_16_ARI_SF,2006,2006-12-24,Sunday,ARI,26.0,SF,20.0,46.0,-3.5,100.0,-108.0,45.0,-180.0,170.0,1
2006_16_CIN_DEN,2006,2006-12-24,Sunday,CIN,23.0,DEN,24.0,47.0,-3.0,-119.0,111.0,44.5,-160.0,150.0,0
2006_16_SD_SEA,2006,2006-12-24,Sunday,SD,20.0,SEA,17.0,37.0,4.0,-101.0,-107.0,45.0,178.0,-191.0,0
2006_16_PHI_DAL,2006,2006-12-25,Monday,PHI,23.0,DAL,7.0,30.0,-6.5,-111.0,103.0,47.5,-276.0,256.0,1
2006_16_NYJ_MIA,2006,2006-12-25,Monday,NYJ,13.0,MIA,10.0,23.0,-2.5,-111.0,103.0,36.0,-137.0,127.0,1
2006_17_NYG_WAS,2006,2006-12-30,Saturday,NYG,34.0,WAS,28.0,62.0,1.0,102.0,-110.0,43.0,106.0,-116.0,1
2006_17_PIT_CIN,2006,2006-12-31,Sunday,PIT,23.0,CIN,17.0,40.0,-6.0,-103.0,-105.0,45.0,-242.0,222.0,1
2006_17_DET_DAL,2006,2006-12-31,Sunday,DET,39.0,DAL,31.0,70.0,-13.5,-110.0,102.0,45.5,-853.0,773.0,0
2006_17_CLE_HOU,2006,2006-12-31,Sunday,CLE,6.0,HOU,14.0,20.0,-6.0,-104.0,-104.0,38.0,-240.0,220.0,0
2006_17_JAX_KC,2006,2006-12-31,Sunday,JAX,30.0,KC,35.0,65.0,-1.0,-132.0,124.0,36.5,-139.0,129.0,0
2006_17_STL_MIN,2006,2006-12-31,Sunday,STL,41.0,MIN,21.0,62.0,1.0,105.0,-113.0,43.0,108.0,-118.0,0
2006_17_CAR_NO,2006,2006-12-31,Sunday,CAR,31.0,NO,21.0,52.0,3.0,-103.0,-105.0,38.0,144.0,-154.0,1
2006_17_OAK_NYJ,2006,2006-12-31,Sunday,OAK,3.0,NYJ,23.0,26.0,-10.0,106.0,-114.0,34.0,-450.0,410.0,0
2006_17_SEA_TB,2006,2006-12-31,Sunday,SEA,23.0,TB,7.0,30.0,-3.0,-102.0,-106.0,37.0,-154.0,144.0,0
2006_17_NE_TEN,2006,2006-12-31,Sunday,NE,40.0,TEN,23.0,63.0,-3.5,-104.0,-104.0,41.0,-178.0,168.0,0
2006_17_BUF_BAL,2006,2006-12-31,Sunday,BUF,7.0,BAL,19.0,26.0,-9.5,-108.0,100.0,37.0,-412.0,372.0,0
2006_17_SF_DEN,2006,2006-12-31,Sunday,SF,26.0,DEN,23.0,49.0,-10.5,100.0,-108.0,39.0,-510.0,460.0,0
2006_17_MIA_IND,2006,2006-12-31,Sunday,MIA,22.0,IND,27.0,49.0,-9.5,-110.0,102.0,44.0,-400.0,360.0,0
2006_17_ATL_PHI,2006,2006-12-31,Sunday,ATL,17.0,PHI,24.0,41.0,-7.0,105.0,-113.0,43.0,-276.0,256.0,0
2006_17_ARI_SD,2006,2006-12-31,Sunday,ARI,20.0,SD,27.0,47.0,-13.5,-103.0,-105.0,44.5,-850.0,650.0,0
2006_17_GB_CHI,2006,2006-12-31,Sunday,GB,26.0,CHI,7.0,33.0,-2.5,,,37.0,,,1
2006_18_KC_IND,2006,2007-01-06,Saturday,KC,8.0,IND,23.0,31.0,-7.0,-115.0,107.0,50.5,-318.0,288.0,0
2006_18_DAL_SEA,2006,2007-01-06,Saturday,DAL,20.0,SEA,21.0,41.0,-1.0,-113.0,105.0,48.0,-118.0,108.0,0
2006_18_NYJ_NE,2006,2007-01-07,Sunday,NYJ,16.0,NE,37.0,53.0,-9.5,-109.0,101.0,38.5,-463.0,423.0,1
2006_18_NYG_PHI,2006,2007-01-07,Sunday,NYG,20.0,PHI,23.0,43.0,-6.5,100.0,-108.0,45.5,-271.0,251.0,1
2006_19_IND_BAL,2006,2007-01-13,Saturday,IND,15.0,BAL,6.0,21.0,-4.0,102.0,-110.0,41.0,-186.0,176.0,0
2006_19_PHI_NO,2006,2007-01-13,Saturday,PHI,24.0,NO,27.0,51.0,-5.5,-110.0,102.0,48.5,-240.0,220.0,0
2006_19_SEA_CHI,2006,2007-01-14,Sunday,SEA,24.0,CHI,27.0,51.0,-3.5,103.0,-113.0,37.5,-192.0,174.0,0
2006_19_NE_SD,2006,2007-01-14,Sunday,NE,24.0,SD,21.0,45.0,-5.0,-111.0,103.0,45.5,-235.0,215.0,0
2006_20_NO_CHI,2006,2007-01-21,Sunday,NO,14.0,CHI,39.0,53.0,-2.5,-112.0,104.0,42.5,-138.0,128.0,0
2006_20_NE_IND,2006,2007-01-21,Sunday,NE,34.0,IND,38.0,72.0,-3.5,-103.0,-105.0,47.0,-180.0,170.0,0
2006_21_IND_CHI,2006,2007-02-04,Sunday,IND,29.0,CHI,17.0,46.0,6.5,-105.0,-103.0,47.0,222.0,-242.0,0
2007_01_NO_IND,2007,2007-09-06,Thursday,NO,10.0,IND,41.0,51.0,-5.5,104.0,-112.0,52.5,-225.0,205.0,0
2007_01_DEN_BUF,2007,2007-09-09,Sunday,DEN,15.0,BUF,14.0,29.0,3.0,-107.0,-101.0,38.0,141.0,-151.0,0
2007_01_PIT_CLE,2007,2007-09-09,Sunday,PIT,34.0,CLE,7.0,41.0,4.5,104.0,-112.0,36.5,209.0,-229.0,1
2007_01_PHI_GB,2007,2007-09-09,Sunday,PHI,13.0,GB,16.0,29.0,3.0,113.0,-121.0,41.5,164.0,-174.0,0
2007_01_KC_HOU,2007,2007-09-09,Sunday,KC,3.0,HOU,20.0,23.0,-3.0,-124.0,116.0,37.5,-177.0,167.0,0
2007_01_TEN_JAX,2007,2007-09-09,Sunday,TEN,13.0,JAX,10.0,23.0,-7.5,-110.0,102.0,39.5,-345.0,315.0,1
2007_01_ATL_MIN,2007,2007-09-09,Sunday,ATL,3.0,MIN,24.0,27.0,-3.0,-112.0,104.0,34.5,-162.0,152.0,0
2007_01_NE_NYJ,2007,2007-09-09,Sunday,NE,38.0,NYJ,14.0,52.0,6.0,102.0,-110.0,41.5,245.0,-265.0,1
2007_01_CAR_STL,2007,2007-09-09,Sunday,CAR,27.0,STL,13.0,40.0,-1.5,-113.0,105.0,43.0,-126.0,116.0,0
2007_01_MIA_WAS,2007,2007-09-09,Sunday,MIA,13.0,WAS,16.0,29.0,-3.0,-115.0,107.0,34.0,-170.0,160.0,0
2007_01_DET_OAK,2007,2007-09-09,Sunday,DET,36.0,OAK,21.0,57.0,-3.0,103.0,-111.0,39.5,-147.0,137.0,0
2007_01_CHI_SD,2007,2007-09-09,Sunday,CHI,3.0,SD,14.0,17.0,-7.0,-108.0,100.0,43.0,-310.0,280.0,0
2007_01_TB_SEA,2007,2007-09-09,Sunday,TB,6.0,SEA,20.0,26.0,-6.0,-112.0,104.0,40.5,-265.0,245.0,0
2007_01_NYG_DAL,2007,2007-09-09,Sunday,NYG,35.0,DAL,45.0,80.0,-6.0,-104.0,-104.0,44.0,-255.0,235.0,1
2007_01_BAL_CIN,2007,2007-09-10,Monday,BAL,20.0,CIN,27.0,47.0,-2.5,-109.0,101.0,39.5,-135.0,125.0,1
2007_01_ARI_SF,2007,2007-09-10,Monday,ARI,17.0,SF,20.0,37.0,-3.5,-106.0,-102.0,47.0,-189.0,179.0,1
2007_02_HOU_CAR,2007,2007-09-16,Sunday,HOU,34.0,CAR,21.0,55.0,-6.5,-106.0,-102.0,38.0,-286.0,266.0,0
2007_02_CIN_CLE,2007,2007-09-16,Sunday,CIN,45.0,CLE,51.0,96.0,7.0,-106.0,-102.0,41.5,270.0,-300.0,1
2007_02_ATL_JAX,2007,2007-09-16,Sunday,ATL,7.0,JAX,13.0,20.0,-10.0,-103.0,-105.0,34.5,-518.0,468.0,0
2007_02_GB_NYG,2007,2007-09-16,Sunday,GB,35.0,NYG,13.0,48.0,-3.0,103.0,-111.0,40.0,-156.0,146.0,0
2007_02_BUF_PIT,2007,2007-09-16,Sunday,BUF,3.0,PIT,26.0,29.0,-10.0,-106.0,-102.0,39.5,-515.0,465.0,0
2007_02_SF_STL,2007,2007-09-16,Sunday,SF,17.0,STL,16.0,33.0,-3.0,101.0,-109.0,44.0,-150.0,140.0,1
2007_02_NO_TB,2007,2007-09-16,Sunday,NO,14.0,TB,31.0,45.0,5.0,-101.0,-107.0,41.5,218.0,-238.0,1
2007_02_IND_TEN,2007,2007-09-16,Sunday,IND,22.0,TEN,20.0,42.0,7.0,-119.0,111.0,45.0,270.0,-300.0,1
2007_02_SEA_ARI,2007,2007-09-16,Sunday,SEA,20.0,ARI,23.0,43.0,3.0,-118.0,110.0,42.5,127.0,-137.0,1
2007_02_MIN_DET,2007,2007-09-16,Sunday,MIN,17.0,DET,20.0,37.0,-3.0,-118.0,110.0,42.5,-176.0,166.0,1
2007_02_DAL_MIA,2007,2007-09-16,Sunday,DAL,37.0,MIA,20.0,57.0,3.5,-117.0,109.0,39.5,166.0,-176.0,0
2007_02_NYJ_BAL,2007,2007-09-16,Sunday,NYJ,13.0,BAL,20.0,33.0,-9.5,101.0,-109.0,33.0,-435.0,395.0,0
2007_02_KC_CHI,2007,2007-09-16,Sunday,KC,10.0,CHI,20.0,30.0,-11.5,-106.0,-102.0,35.0,-640.0,580.0,0
2007_02_OAK_DEN,2007,2007-09-16,Sunday,OAK,20.0,DEN,23.0,43.0,-10.0,,,37.0,,,1
2007_02_SD_NE,2007,2007-09-16,Sunday,SD,14.0,NE,38.0,52.0,-3.5,102.0,-110.0,46.0,-191.0,178.0,0
2007_02_WAS_PHI,2007,2007-09-17,Monday,WAS,20.0,PHI,12.0,32.0,-6.5,-106.0,-102.0,39.0,-281.0,261.0,1
2007_03_ARI_BAL,2007,2007-09-23,Sunday,ARI,23.0,BAL,26.0,49.0,-7.0,-102.0,-106.0,35.5,-317.0,287.0,0
2007_03_SD_GB,2007,2007-09-23,Sunday,SD,24.0,GB,31.0,55.0,5.5,103.0,-111.0,42.5,241.0,-261.0,0
2007_03_IND_HOU,2007,2007-09-23,Sunday,IND,30.0,HOU,24.0,54.0,6.5,-103.0,-105.0,46.0,250.0,-270.0,1
2007_03_MIN_KC,2007,2007-09-23,Sunday,MIN,10.0,KC,13.0,23.0,-3.0,-107.0,-101.0,34.0,-162.0,152.0,0
2007_03_BUF_NE,2007,2007-09-23,Sunday,BUF,7.0,NE,38.0,45.0,-16.5,105.0,-113.0,41.0,-1600.0,1200.0,1
2007_03_MIA_NYJ,2007,2007-09-23,Sunday,MIA,28.0,NYJ,31.0,59.0,-3.0,-109.0,101.0,36.5,-168.0,158.0,1
2007_03_DET_PHI,2007,2007-09-23,Sunday,DET,21.0,PHI,56.0,77.0,-5.0,111.0,-119.0,44.5,-200.0,185.0,0
2007_03_SF_PIT,2007,2007-09-23,Sunday,SF,16.0,PIT,37.0,53.0,-10.0,-104.0,-104.0,37.5,-527.0,477.0,0
2007_03_STL_TB,2007,2007-09-23,Sunday,STL,3.0,TB,24.0,27.0,-3.5,101.0,-109.0,38.5,-183.0,173.0,0
2007_03_JAX_DEN,2007,2007-09-23,Sunday,JAX,23.0,DEN,14.0,37.0,-3.5,-105.0,-103.0,36.0,-185.0,175.0,0
2007_03_CLE_OAK,2007,2007-09-23,Sunday,CLE,24.0,OAK,26.0,50.0,-3.0,-103.0,-105.0,41.5,-156.0,146.0,0
2007_03_CIN_SEA,2007,2007-09-23,Sunday,CIN,21.0,SEA,24.0,45.0,-3.5,114.0,-122.0,49.5,-165.0,155.0,0
2007_03_CAR_ATL,2007,2007-09-23,Sunday,CAR,27.0,ATL,20.0,47.0,4.0,-102.0,-106.0,38.0,191.0,-211.0,1
2007_03_NYG_WAS,2007,2007-09-23,Sunday,NYG,24.0,WAS,17.0,41.0,-3.5,-103.0,-105.0,41.5,-199.0,184.0,1
2007_03_DAL_CHI,2007,2007-09-23,Sunday,DAL,34.0,CHI,10.0,44.0,-3.0,-106.0,-102.0,41.0,-154.0,144.0,0
2007_03_TEN_NO,2007,2007-09-24,Monday,TEN,31.0,NO,14.0,45.0,-4.5,-111.0,103.0,46.0,-232.0,212.0,0
2007_04_HOU_ATL,2007,2007-09-30,Sunday,HOU,16.0,ATL,26.0,42.0,2.5,-102.0,-106.0,39.0,115.0,-125.0,0
2007_04_NYJ_BUF,2007,2007-09-30,Sunday,NYJ,14.0,BUF,17.0,31.0,3.5,-110.0,102.0,37.5,172.0,-182.0,1
2007_04_BAL_CLE,2007,2007-09-30,Sunday,BAL,13.0,CLE,27.0,40.0,3.5,-113.0,105.0,40.0,177.0,-187.0,1
2007_04_STL_DAL,2007,2007-09-30,Sunday,STL,7.0,DAL,35.0,42.0,-13.0,100.0,-108.0,47.0,-700.0,630.0,0
2007_04_CHI_DET,2007,2007-09-30,Sunday,CHI,27.0,DET,37.0,64.0,2.5,-107.0,-101.0,46.0,115.0,-125.0,1
2007_04_OAK_MIA,2007,2007-09-30,Sunday,OAK,35.0,MIA,17.0,52.0,-3.5,-102.0,-106.0,40.0,-185.0,175.0,0
2007_04_GB_MIN,2007,2007-09-30,Sunday,GB,23.0,MIN,16.0,39.0,1.0,-110.0,102.0,38.0,-103.0,-107.0,1
2007_04_TB_CAR,2007,2007-09-30,Sunday,TB,20.0,CAR,7.0,27.0,-3.0,101.0,-109.0,39.0,-150.0,140.0,1
2007_04_SEA_SF,2007,2007-09-30,Sunday,SEA,23.0,SF,3.0,26.0,1.0,-101.0,-107.0,40.5,104.0,-114.0,1
2007_04_PIT_ARI,2007,2007-09-30,Sunday,PIT,14.0,ARI,21.0,35.0,5.5,-111.0,103.0,42.5,206.0,-226.0,0
2007_04_DEN_IND,2007,2007-09-30,Sunday,DEN,20.0,IND,38.0,58.0,-10.0,102.0,-110.0,46.0,-502.0,452.0,0
2007_04_KC_SD,2007,2007-09-30,Sunday,KC,30.0,SD,16.0,46.0,-12.0,-113.0,105.0,38.5,-714.0,644.0,1
2007_04_PHI_NYG,2007,2007-09-30,Sunday,PHI,3.0,NYG,16.0,19.0,2.0,-114.0,106.0,47.5,102.0,-112.0,1
2007_04_NE_CIN,2007,2007-10-01,Monday,NE,34.0,CIN,13.0,47.0,7.5,-103.0,-105.0,54.0,305.0,-335.0,0
2007_05_MIA_HOU,2007,2007-10-07,Sunday,MIA,19.0,HOU,22.0,41.0,-4.5,102.0,-110.0,43.5,-205.0,187.0,0
2007_05_JAX_KC,2007,2007-10-07,Sunday,JAX,17.0,KC,7.0,24.0,1.0,115.0,-123.0,36.0,122.0,-132.0,0
2007_05_CLE_NE,2007,2007-10-07,Sunday,CLE,17.0,NE,34.0,51.0,-15.5,-101.0,-107.0,48.0,-1300.0,900.0,0
2007_05_CAR_NO,2007,2007-10-07,Sunday,CAR,16.0,NO,13.0,29.0,-3.5,-109.0,101.0,43.0,-197.0,182.0,1
2007_05_NYJ_NYG,2007,2007-10-07,Sunday,NYJ,24.0,NYG,35.0,59.0,-3.5,-112.0,104.0,41.0,-207.0,187.0,0
2007_05_SEA_PIT,2007,2007-10-07,Sunday,SEA,0.0,PIT,21.0,21.0,-5.5,105.0,-113.0,41.0,-229.0,209.0,0
2007_05_ARI_STL,2007,2007-10-07,Sunday,ARI,34.0,STL,31.0,65.0,3.5,100.0,-108.0,40.0,184.0,-202.0,1
2007_05_ATL_TEN,2007,2007-10-07,Sunday,ATL,13.0,TEN,20.0,33.0,-9.0,122.0,-130.0,41.0,-325.0,295.0,0
2007_05_DET_WAS,2007,2007-10-07,Sunday,DET,3.0,WAS,34.0,37.0,-4.0,-104.0,-104.0,44.5,-205.0,187.0,0
2007_05_TB_IND,2007,2007-10-07,Sunday,TB,14.0,IND,33.0,47.0,-9.0,111.0,-119.0,44.5,-380.0,350.0,0
2007_05_SD_DEN,2007,2007-10-07,Sunday,SD,41.0,DEN,3.0,44.0,1.0,107.0,-115.0,43.0,113.0,-123.0,1
2007_05_BAL_SF,2007,2007-10-07,Sunday,BAL,9.0,SF,7.0,16.0,4.0,-104.0,-104.0,35.0,190.0,-210.0,0
2007_05_CHI_GB,2007,2007-10-07,Sunday,CHI,27.0,GB,20.0,47.0,-3.0,-121.0,113.0,40.5,-176.0,166.0,1
2007_05_DAL_BUF,2007,2007-10-08,Monday,DAL,25.0,BUF,24.0,49.0,10.5,-106.0,-102.0,45.0,470.0,-520.0,0
2007_06_STL_BAL,2007,2007-10-14,Sunday,STL,3.0,BAL,22.0,25.0,-9.0,-105.0,-103.0,36.5,-429.0,389.0,0
2007_06_MIN_CHI,2007,2007-10-14,Sunday,MIN,34.0,CHI,31.0,65.0,-4.5,-102.0,-106.0,35.5,-225.0,205.0,1
2007_06_MIA_CLE,2007,2007-10-14,Sunday,MIA,31.0,CLE,41.0,72.0,-4.0,107.0,-115.0,45.5,-184.0,174.0,0
2007_06_WAS_GB,2007,2007-10-14,Sunday,WAS,14.0,GB,17.0,31.0,-3.0,104.0,-112.0,40.5,-148.0,138.0,0
2007_06_HOU_JAX,2007,2007-10-14,Sunday,HOU,17.0,JAX,37.0,54.0,-6.5,102.0,-110.0,37.0,-270.0,250.0,1
2007_06_CIN_KC,2007,2007-10-14,Sunday,CIN,20.0,KC,27.0,47.0,1.0,108.0,-116.0,43.5,116.0,-126.0,0
2007_06_PHI_NYJ,2007,2007-10-14,Sunday,PHI,16.0,NYJ,9.0,25.0,4.0,101.0,-109.0,43.0,190.0,-210.0,0
2007_06_TEN_TB,2007,2007-10-14,Sunday,TEN,10.0,TB,13.0,23.0,-1.0,-116.0,108.0,37.0,-128.0,118.0,0
2007_06_CAR_ARI,2007,2007-10-14,Sunday,CAR,25.0,ARI,10.0,35.0,-6.0,-103.0,-105.0,38.5,-249.0,229.0,0
2007_06_NE_DAL,2007,2007-10-14,Sunday,NE,48.0,DAL,27.0,75.0,5.0,-110.0,102.0,52.0,200.0,-220.0,0
2007_06_OAK_SD,2007,2007-10-14,Sunday,OAK,14.0,SD,28.0,42.0,-9.5,-110.0,102.0,44.0,-460.0,420.0,1
2007_06_NO_SEA,2007,2007-10-14,Sunday,NO,28.0,SEA,17.0,45.0,-5.5,102.0,-110.0,42.5,-220.0,200.0,0
2007_06_NYG_ATL,2007,2007-10-15,Monday,NYG,31.0,ATL,10.0,41.0,4.5,102.0,-110.0,43.5,210.0,-230.0,0
2007_07_BAL_BUF,2007,2007-10-21,Sunday,BAL,14.0,BUF,19.0,33.0,3.0,-126.0,118.0,33.5,131.0,-141.0,0
2007_07_TB_DET,2007,2007-10-21,Sunday,TB,16.0,DET,23.0,39.0,-2.5,-105.0,-103.0,44.5,-129.0,119.0,0
2007_07_TEN_HOU,2007,2007-10-21,Sunday,TEN,38.0,HOU,36.0,74.0,-2.0,-109.0,101.0,37.5,-128.0,118.0,1
2007_07_NE_MIA,2007,2007-10-21,Sunday,NE,49.0,MIA,28.0,77.0,15.5,-107.0,-101.0,49.5,900.0,-1300.0,1
2007_07_ATL_NO,2007,2007-10-21,Sunday,ATL,16.0,NO,22.0,38.0,-9.0,124.0,-132.0,42.5,-330.0,300.0,1
2007_07_SF_NYG,2007,2007-10-21,Sunday,SF,15.0,NYG,33.0,48.0,-9.5,-108.0,100.0,39.0,-442.0,402.0,0
2007_07_ARI_WAS,2007,2007-10-21,Sunday,ARI,19.0,WAS,21.0,40.0,-9.0,119.0,-127.0,35.0,-374.0,344.0,0
2007_07_NYJ_CIN,2007,2007-10-21,Sunday,NYJ,31.0,CIN,38.0,69.0,-6.0,-106.0,-102.0,48.0,-250.0,230.0,0
2007_07_KC_OAK,2007,2007-10-21,Sunday,KC,12.0,OAK,10.0,22.0,-1.0,-113.0,105.0,37.5,-122.0,112.0,1
2007_07_MIN_DAL,2007,2007-10-21,Sunday,MIN,14.0,DAL,24.0,38.0,-9.5,106.0,-114.0,45.5,-400.0,360.0,0
2007_07_CHI_PHI,2007,2007-10-21,Sunday,CHI,19.0,PHI,16.0,35.0,-5.5,102.0,-110.0,42.5,-223.0,203.0,0
2007_07_STL_SEA,2007,2007-10-21,Sunday,STL,6.0,SEA,33.0,39.0,-9.0,114.0,-122.0,39.5,-330.0,300.0,1
2007_07_PIT_DEN,2007,2007-10-21,Sunday,PIT,28.0,DEN,31.0,59.0,4.0,103.0,-111.0,38.0,201.0,-221.0,0
2007_07_IND_JAX,2007,2007-10-22,Monday,IND,29.0,JAX,7.0,36.0,3.0,-101.0,-107.0,45.0,148.0,-158.0,1
2007_08_IND_CAR,2007,2007-10-28,Sunday,IND,31.0,CAR,7.0,38.0,7.0,-104.0,-104.0,44.0,279.0,-309.0,0
2007_08_DET_CHI,2007,2007-10-28,Sunday,DET,16.0,CHI,7.0,23.0,-6.0,-109.0,101.0,45.5,-259.0,239.0,1
2007_08_PIT_CIN,2007,2007-10-28,Sunday,PIT,24.0,CIN,13.0,37.0,4.0,-110.0,102.0,48.0,181.0,-196.0,1
2007_08_NYG_MIA,2007,2007-10-28,Sunday,NYG,13.0,MIA,10.0,23.0,10.0,-103.0,-105.0,47.5,450.0,-500.0,0
2007_08_PHI_MIN,2007,2007-10-28,Sunday,PHI,23.0,MIN,16.0,39.0,-1.0,105.0,-113.0,37.5,-102.0,-108.0,0
2007_08_CLE_STL,2007,2007-10-28,Sunday,CLE,27.0,STL,20.0,47.0,3.0,-113.0,105.0,46.0,133.0,-143.0,0
2007_08_OAK_TEN,2007,2007-10-28,Sunday,OAK,9.0,TEN,13.0,22.0,-7.0,102.0,-110.0,39.5,-285.0,265.0,0
2007_08_BUF_NYJ,2007,2007-10-28,Sunday,BUF,13.0,NYJ,3.0,16.0,-3.0,-102.0,-106.0,38.0,-148.0,138.0,1
2007_08_HOU_SD,2007,2007-10-28,Sunday,HOU,10.0,SD,35.0,45.0,-10.0,-106.0,-102.0,46.0,-480.0,440.0,0
2007_08_JAX_TB,2007,2007-10-28,Sunday,JAX,24.0,TB,23.0,47.0,-3.5,107.0,-115.0,32.5,-185.0,175.0,0
2007_08_WAS_NE,2007,2007-10-28,Sunday,WAS,7.0,NE,52.0,59.0,-15.0,102.0,-110.0,46.5,-1225.0,825.0,0
2007_08_NO_SF,2007,2007-10-28,Sunday,NO,31.0,SF,10.0,41.0,1.0,110.0,-118.0,40.0,115.0,-125.0,0
2007_08_GB_DEN,2007,2007-10-29,Monday,GB,19.0,DEN,13.0,32.0,-3.0,102.0,-110.0,43.5,-145.0,135.0,0
2007_09_SF_ATL,2007,2007-11-04,Sunday,SF,16.0,ATL,20.0,36.0,-3.5,-108.0,100.0,37.0,-204.0,186.0,0
2007_09_CIN_BUF,2007,2007-11-04,Sunday,CIN,21.0,BUF,33.0,54.0,1.0,-101.0,-107.0,44.0,103.0,-113.0,0
2007_09_DEN_DET,2007,2007-11-04,Sunday,DEN,7.0,DET,44.0,51.0,-3.0,104.0,-112.0,46.5,-146.0,136.0,0
2007_09_GB_KC,2007,2007-11-04,Sunday,GB,33.0,KC,22.0,55.0,-1.0,-136.0,128.0,38.0,-143.0,133.0,0
2007_09_SD_MIN,2007,2007-11-04,Sunday,SD,17.0,MIN,35.0,52.0,7.0,-104.0,-104.0,41.5,285.0,-315.0,0
2007_09_JAX_NO,2007,2007-11-04,Sunday,JAX,24.0,NO,41.0,65.0,-3.5,-103.0,-105.0,40.0,-194.0,181.0,0
2007_09_WAS_NYJ,2007,2007-11-04,Sunday,WAS,23.0,NYJ,20.0,43.0,3.5,-104.0,-104.0,35.5,178.0,-191.0,0
2007_09_ARI_TB,2007,2007-11-04,Sunday,ARI,10.0,TB,17.0,27.0,-3.5,110.0,-118.0,39.0,-174.0,164.0,0
2007_09_CAR_TEN,2007,2007-11-04,Sunday,CAR,7.0,TEN,20.0,27.0,-5.0,-115.0,107.0,36.0,-250.0,230.0,0
2007_09_SEA_CLE,2007,2007-11-04,Sunday,SEA,30.0,CLE,33.0,63.0,-1.0,-114.0,106.0,46.5,-122.0,112.0,0
2007_09_NE_IND,2007,2007-11-04,Sunday,NE,24.0,IND,20.0,44.0,5.0,-107.0,-101.0,56.0,190.0,-210.0,0
2007_09_HOU_OAK,2007,2007-11-04,Sunday,HOU,24.0,OAK,17.0,41.0,-3.0,-102.0,-106.0,41.0,-156.0,146.0,0
2007_09_DAL_PHI,2007,2007-11-04,Sunday,DAL,38.0,PHI,17.0,55.0,3.0,103.0,-111.0,46.0,153.0,-163.0,1
2007_09_BAL_PIT,2007,2007-11-05,Monday,BAL,7.0,PIT,38.0,45.0,-9.5,108.0,-116.0,36.0,-405.0,365.0,1
2007_10_ATL_CAR,2007,2007-11-11,Sunday,ATL,20.0,CAR,13.0,33.0,-3.5,112.0,-120.0,35.5,-172.0,162.0,1
2007_10_MIN_GB,2007,2007-11-11,Sunday,MIN,0.0,GB,34.0,34.0,-5.5,-109.0,101.0,41.0,-235.0,215.0,1
2007_10_DEN_KC,2007,2007-11-11,Sunday,DEN,27.0,KC,11.0,38.0,-3.0,-106.0,-102.0,37.0,-156.0,146.0,1
2007_10_BUF_MIA,2007,2007-11-11,Sunday,BUF,13.0,MIA,10.0,23.0,1.0,114.0,-122.0,41.0,119.0,-129.0,1
2007_10_STL_NO,2007,2007-11-11,Sunday,STL,37.0,NO,29.0,66.0,-10.5,109.0,-117.0,46.5,-500.0,450.0,0
2007_10_CLE_PIT,2007,2007-11-11,Sunday,CLE,28.0,PIT,31.0,59.0,-10.0,107.0,-115.0,47.0,-462.0,422.0,1
2007_10_JAX_TEN,2007,2007-11-11,Sunday,JAX,28.0,TEN,13.0,41.0,-4.5,-106.0,-102.0,36.0,-220.0,200.0,1
2007_10_PHI_WAS,2007,2007-11-11,Sunday,PHI,33.0,WAS,25.0,58.0,-3.0,122.0,-130.0,37.5,-130.0,120.0,1
2007_10_CIN_BAL,2007,2007-11-11,Sunday,CIN,21.0,BAL,7.0,28.0,-3.0,102.0,-110.0,44.5,-147.0,137.0,1
2007_10_DET_ARI,2007,2007-11-11,Sunday,DET,21.0,ARI,31.0,52.0,-2.0,-114.0,106.0,45.0,-134.0,124.0,0
2007_10_DAL_NYG,2007,2007-11-11,Sunday,DAL,31.0,NYG,20.0,51.0,1.0,116.0,-124.0,48.0,123.0,-133.0,1
2007_10_CHI_OAK,2007,2007-11-11,Sunday,CHI,17.0,OAK,6.0,23.0,3.5,-104.0,-104.0,38.5,173.0,-183.0,0
2007_10_IND_SD,2007,2007-11-11,Sunday,IND,21.0,SD,23.0,44.0,3.5,-105.0,-103.0,47.5,171.0,-181.0,0
2007_10_SF_SEA,2007,2007-11-12,Monday,SF,0.0,SEA,24.0,24.0,-9.5,107.0,-115.0,37.5,-400.0,360.0,1
2007_11_TB_ATL,2007,2007-11-18,Sunday,TB,31.0,ATL,7.0,38.0,3.0,111.0,-119.0,35.5,165.0,-175.0,1
2007_11_CLE_BAL,2007,2007-11-18,Sunday,CLE,33.0,BAL,30.0,63.0,1.0,109.0,-117.0,43.5,114.0,-124.0,1
2007_11_ARI_CIN,2007,2007-11-18,Sunday,ARI,35.0,CIN,27.0,62.0,-3.0,-114.0,106.0,48.5,-165.0,155.0,0
2007_11_NYG_DET,2007,2007-11-18,Sunday,NYG,16.0,DET,10.0,26.0,2.5,106.0,-114.0,47.5,129.0,-139.0,0
2007_11_CAR_GB,2007,2007-11-18,Sunday,CAR,17.0,GB,31.0,48.0,-10.0,102.0,-110.0,37.0,-480.0,440.0,0
2007_11_NO_HOU,2007,2007-11-18,Sunday,NO,10.0,HOU,23.0,33.0,-1.0,-110.0,102.0,50.0,-119.0,109.0,0
2007_11_KC_IND,2007,2007-11-18,Sunday,KC,10.0,IND,13.0,23.0,-14.5,110.0,-118.0,41.5,-1300.0,950.0,0
2007_11_SD_JAX,2007,2007-11-18,Sunday,SD,17.0,JAX,24.0,41.0,-3.0,-112.0,104.0,40.5,-164.0,154.0,0
2007_11_OAK_MIN,2007,2007-11-18,Sunday,OAK,22.0,MIN,29.0,51.0,-4.5,103.0,-111.0,35.0,-225.0,205.0,0
2007_11_MIA_PHI,2007,2007-11-18,Sunday,MIA,7.0,PHI,17.0,24.0,-9.5,-109.0,101.0,40.5,-433.0,393.0,0
2007_11_PIT_NYJ,2007,2007-11-18,Sunday,PIT,16.0,NYJ,19.0,35.0,9.5,-117.0,109.0,40.0,360.0,-400.0,0
2007_11_WAS_DAL,2007,2007-11-18,Sunday,WAS,23.0,DAL,28.0,51.0,-11.0,-101.0,-107.0,46.5,-543.0,493.0,1
2007_11_CHI_SEA,2007,2007-11-18,Sunday,CHI,23.0,SEA,30.0,53.0,-6.0,-104.0,-104.0,38.0,-255.0,235.0,0
2007_11_STL_SF,2007,2007-11-18,Sunday,STL,13.0,SF,9.0,22.0,3.0,117.0,-125.0,39.0,165.0,-175.0,1
2007_11_NE_BUF,2007,2007-11-18,Sunday,NE,56.0,BUF,10.0,66.0,15.5,-106.0,-102.0,46.0,800.0,-1100.0,1
2007_11_TEN_DEN,2007,2007-11-19,Monday,TEN,20.0,DEN,34.0,54.0,-1.0,-104.0,-104.0,38.0,-110.0,100.0,0
2007_12_GB_DET,2007,2007-11-22,Thursday,GB,37.0,DET,26.0,63.0,3.5,-122.0,114.0,46.5,160.0,-170.0,1
2007_12_NYJ_DAL,2007,2007-11-22,Thursday,NYJ,3.0,DAL,34.0,37.0,-14.0,-112.0,104.0,47.5,-965.0,875.0,0
2007_12_IND_ATL,2007,2007-11-22,Thursday,IND,31.0,ATL,13.0,44.0,13.5,-106.0,-102.0,41.0,630.0,-700.0,0
2007_12_NO_CAR,2007,2007-11-25,Sunday,NO,31.0,CAR,6.0,37.0,3.0,107.0,-115.0,42.0,159.0,-169.0,1
2007_12_TEN_CIN,2007,2007-11-25,Sunday,TEN,6.0,CIN,35.0,41.0,-1.0,-111.0,103.0,47.0,-115.0,105.0,0
2007_12_HOU_CLE,2007,2007-11-25,Sunday,HOU,17.0,CLE,27.0,44.0,-3.0,-120.0,112.0,52.0,-169.0,159.0,0
2007_12_BUF_JAX,2007,2007-11-25,Sunday,BUF,14.0,JAX,36.0,50.0,-9.5,112.0,-120.0,37.0,-400.0,360.0,0
2007_12_OAK_KC,2007,2007-11-25,Sunday,OAK,20.0,KC,17.0,37.0,-4.0,-112.0,104.0,34.5,-217.0,197.0,1
2007_12_MIN_NYG,2007,2007-11-25,Sunday,MIN,41.0,NYG,17.0,58.0,-7.0,-110.0,102.0,40.0,-340.0,310.0,0
2007_12_SEA_STL,2007,2007-11-25,Sunday,SEA,24.0,STL,19.0,43.0,3.0,116.0,-124.0,45.5,171.0,-181.0,1
2007_12_WAS_TB,2007,2007-11-25,Sunday,WAS,13.0,TB,19.0,32.0,-3.5,101.0,-109.0,38.0,-181.0,171.0,0
2007_12_SF_ARI,2007,2007-11-25,Sunday,SF,37.0,ARI,31.0,68.0,-10.0,-116.0,108.0,37.5,-510.0,460.0,1
2007_12_DEN_CHI,2007,2007-11-25,Sunday,DEN,34.0,CHI,37.0,71.0,-1.0,-105.0,-103.0,42.5,-110.0,100.0,0
2007_12_BAL_SD,2007,2007-11-25,Sunday,BAL,14.0,SD,32.0,46.0,-9.0,-110.0,102.0,38.5,-405.0,365.0,0
2007_12_PHI_NE,2007,2007-11-25,Sunday,PHI,28.0,NE,31.0,59.0,-24.0,-102.0,-106.0,51.0,-2500.0,1700.0,0
2007_12_MIA_PIT,2007,2007-11-26,Monday,MIA,0.0,PIT,3.0,3.0,-15.0,101.0,-109.0,37.5,-900.0,700.0,0
2007_13_GB_DAL,2007,2007-11-29,Thursday,GB,27.0,DAL,37.0,64.0,-7.0,-107.0,-101.0,51.5,-285.0,265.0,0
2007_13_SF_CAR,2007,2007-12-02,Sunday,SF,14.0,CAR,31.0,45.0,-3.0,-116.0,108.0,35.0,-163.0,153.0,0
2007_13_JAX_IND,2007,2007-12-02,Sunday,JAX,25.0,IND,28.0,53.0,-7.0,102.0,-110.0,45.0,-281.0,261.0,1
2007_13_SD_KC,2007,2007-12-02,Sunday,SD,24.0,KC,10.0,34.0,6.0,-115.0,107.0,37.0,220.0,-240.0,1
2007_13_NYJ_MIA,2007,2007-12-02,Sunday,NYJ,40.0,MIA,13.0,53.0,-1.0,-130.0,122.0,37.0,-135.0,125.0,1
2007_13_DET_MIN,2007,2007-12-02,Sunday,DET,10.0,MIN,42.0,52.0,-5.5,-109.0,101.0,44.0,-240.0,220.0,1
2007_13_SEA_PHI,2007,2007-12-02,Sunday,SEA,28.0,PHI,24.0,52.0,-3.0,-111.0,103.0,40.5,-165.0,155.0,0
2007_13_ATL_STL,2007,2007-12-02,Sunday,ATL,16.0,STL,28.0,44.0,-3.0,-109.0,101.0,40.0,-163.0,153.0,0
2007_13_HOU_TEN,2007,2007-12-02,Sunday,HOU,20.0,TEN,28.0,48.0,-3.5,105.0,-113.0,39.5,-185.0,175.0,1
2007_13_BUF_WAS,2007,2007-12-02,Sunday,BUF,17.0,WAS,16.0,33.0,-6.5,-111.0,103.0,37.0,-300.0,270.0,0
2007_13_CLE_ARI,2007,2007-12-02,Sunday,CLE,21.0,ARI,27.0,48.0,-1.0,-104.0,-104.0,52.0,-109.0,-101.0,0
2007_13_DEN_OAK,2007,2007-12-02,Sunday,DEN,20.0,OAK,34.0,54.0,3.5,-103.0,-105.0,41.0,181.0,-196.0,1
2007_13_NYG_CHI,2007,2007-12-02,Sunday,NYG,21.0,CHI,16.0,37.0,1.0,-112.0,104.0,40.0,-107.0,-103.0,0
2007_13_TB_NO,2007,2007-12-02,Sunday,TB,27.0,NO,23.0,50.0,-5.5,-112.0,104.0,41.0,-260.0,240.0,1
2007_13_CIN_PIT,2007,2007-12-02,Sunday,CIN,10.0,PIT,24.0,34.0,-7.0,108.0,-116.0,40.0,-275.0,255.0,1
2007_13_NE_BAL,2007,2007-12-03,Monday,NE,27.0,BAL,24.0,51.0,19.0,-102.0,-106.0,46.0,1100.0,-1500.0,0
2007_14_CHI_WAS,2007,2007-12-06,Thursday,CHI,16.0,WAS,24.0,40.0,-3.0,-114.0,106.0,39.0,-160.0,150.0,0
2007_14_MIA_BUF,2007,2007-12-09,Sunday,MIA,17.0,BUF,38.0,55.0,-7.0,102.0,-110.0,34.0,-280.0,260.0,1
2007_14_STL_CIN,2007,2007-12-09,Sunday,STL,10.0,CIN,19.0,29.0,-10.0,-108.0,100.0,45.0,-460.0,420.0,0
2007_14_DAL_DET,2007,2007-12-09,Sunday,DAL,28.0,DET,27.0,55.0,10.0,105.0,-113.0,50.0,465.0,-515.0,0
2007_14_OAK_GB,2007,2007-12-09,Sunday,OAK,7.0,GB,38.0,45.0,-10.5,108.0,-116.0,40.5,-450.0,410.0,0
2007_14_TB_HOU,2007,2007-12-09,Sunday,TB,14.0,HOU,28.0,42.0,3.0,-113.0,105.0,39.0,131.0,-141.0,0
2007_14_CAR_JAX,2007,2007-12-09,Sunday,CAR,6.0,JAX,37.0,43.0,-11.0,102.0,-110.0,39.0,-540.0,490.0,0
2007_14_NYG_PHI,2007,2007-12-09,Sunday,NYG,16.0,PHI,13.0,29.0,-3.0,-113.0,105.0,41.5,-161.0,151.0,1
2007_14_SD_TEN,2007,2007-12-09,Sunday,SD,23.0,TEN,17.0,40.0,1.0,-108.0,100.0,40.0,-105.0,-105.0,0
2007_14_ARI_SEA,2007,2007-12-09,Sunday,ARI,21.0,SEA,42.0,63.0,-7.5,-116.0,108.0,44.0,-360.0,330.0,1
2007_14_MIN_SF,2007,2007-12-09,Sunday,MIN,27.0,SF,7.0,34.0,7.5,-101.0,-107.0,39.0,310.0,-340.0,0
2007_14_KC_DEN,2007,2007-12-09,Sunday,KC,7.0,DEN,41.0,48.0,-7.5,-111.0,103.0,37.5,-350.0,320.0,1
2007_14_PIT_NE,2007,2007-12-09,Sunday,PIT,13.0,NE,34.0,47.0,-11.0,-119.0,111.0,49.0,-550.0,500.0,0
2007_14_CLE_NYJ,2007,2007-12-09,Sunday,CLE,24.0,NYJ,18.0,42.0,3.0,-104.0,-104.0,47.0,149.0,-159.0,0
2007_14_IND_BAL,2007,2007-12-09,Sunday,IND,44.0,BAL,20.0,64.0,8.5,102.0,-110.0,41.0,330.0,-360.0,0
2007_14_NO_ATL,2007,2007-12-10,Monday,NO,34.0,ATL,14.0,48.0,4.0,-101.0,-107.0,44.0,183.0,-201.0,1
2007_15_DEN_HOU,2007,2007-12-13,Thursday,DEN,13.0,HOU,31.0,44.0,2.5,104.0,-112.0,47.0,128.0,-138.0,0
2007_15_CIN_SF,2007,2007-12-15,Saturday,CIN,13.0,SF,20.0,33.0,9.0,-117.0,109.0,42.0,320.0,-350.0,0
2007_15_SEA_CAR,2007,2007-12-16,Sunday,SEA,10.0,CAR,13.0,23.0,7.0,102.0,-110.0,37.0,280.0,-310.0,0
2007_15_BUF_CLE,2007,2007-12-16,Sunday,BUF,0.0,CLE,8.0,8.0,-4.5,104.0,-112.0,36.5,-210.0,190.0,0
2007_15_TEN_KC,2007,2007-12-16,Sunday,TEN,26.0,KC,17.0,43.0,3.5,-110.0,102.0,34.0,172.0,-182.0,0
2007_15_BAL_MIA,2007,2007-12-16,Sunday,BAL,16.0,MIA,22.0,38.0,3.0,-104.0,-104.0,37.5,146.0,-156.0,0
2007_15_NYJ_NE,2007,2007-12-16,Sunday,NYJ,10.0,NE,20.0,30.0,-20.5,-109.0,101.0,41.0,-1500.0,1000.0,1
2007_15_ARI_NO,2007,2007-12-16,Sunday,ARI,24.0,NO,31.0,55.0,-4.0,-104.0,-104.0,49.5,-210.0,190.0,0
2007_15_JAX_PIT,2007,2007-12-16,Sunday,JAX,29.0,PIT,22.0,51.0,-3.5,117.0,-125.0,34.5,-163.0,153.0,0
2007_15_GB_STL,2007,2007-12-16,Sunday,GB,33.0,STL,14.0,47.0,7.0,-102.0,-106.0,47.0,281.0,-311.0,0
2007_15_ATL_TB,2007,2007-12-16,Sunday,ATL,3.0,TB,37.0,40.0,-13.0,-106.0,-102.0,37.5,-641.0,581.0,1
2007_15_IND_OAK,2007,2007-12-16,Sunday,IND,21.0,OAK,14.0,35.0,9.5,-111.0,103.0,44.5,372.0,-412.0,0
2007_15_PHI_DAL,2007,2007-12-16,Sunday,PHI,10.0,DAL,6.0,16.0,-10.0,-108.0,100.0,48.5,-480.0,440.0,1
2007_15_DET_SD,2007,2007-12-16,Sunday,DET,14.0,SD,51.0,65.0,-9.5,-104.0,-104.0,45.5,-420.0,380.0,0
2007_15_WAS_NYG,2007,2007-12-16,Sunday,WAS,22.0,NYG,10.0,32.0,-6.0,-104.0,-104.0,35.5,-260.0,240.0,1
2007_15_CHI_MIN,2007,2007-12-17,Monday,CHI,13.0,MIN,20.0,33.0,-10.5,100.0,-108.0,43.0,-480.0,440.0,1
2007_16_PIT_STL,2007,2007-12-20,Thursday,PIT,41.0,STL,24.0,65.0,9.0,-123.0,115.0,43.0,321.0,-351.0,0
2007_16_DAL_CAR,2007,2007-12-22,Saturday,DAL,20.0,CAR,13.0,33.0,10.5,105.0,-113.0,42.5,490.0,-540.0,0
2007_16_NYG_BUF,2007,2007-12-23,Sunday,NYG,38.0,BUF,21.0,59.0,1.0,106.0,-114.0,32.0,109.0,-119.0,0
2007_16_GB_CHI,2007,2007-12-23,Sunday,GB,7.0,CHI,35.0,42.0,9.0,-126.0,118.0,32.0,295.0,-325.0,1
2007_16_CLE_CIN,2007,2007-12-23,Sunday,CLE,14.0,CIN,19.0,33.0,1.0,116.0,-124.0,43.0,121.0,-131.0,1
2007_16_KC_DET,2007,2007-12-23,Sunday,KC,20.0,DET,25.0,45.0,-6.0,-110.0,102.0,43.5,-260.0,240.0,0
2007_16_HOU_IND,2007,2007-12-23,Sunday,HOU,15.0,IND,38.0,53.0,-6.5,-109.0,101.0,44.5,-271.0,251.0,1
2007_16_OAK_JAX,2007,2007-12-23,Sunday,OAK,11.0,JAX,49.0,60.0,-14.0,-109.0,101.0,40.0,-800.0,720.0,0
2007_16_PHI_NO,2007,2007-12-23,Sunday,PHI,38.0,NO,23.0,61.0,-3.0,-109.0,101.0,47.5,-160.0,150.0,0
2007_16_ATL_ARI,2007,2007-12-23,Sunday,ATL,27.0,ARI,30.0,57.0,-11.0,-105.0,-103.0,44.0,-480.0,440.0,0
2007_16_TB_SF,2007,2007-12-23,Sunday,TB,19.0,SF,21.0,40.0,6.5,102.0,-110.0,36.5,250.0,-270.0,0
2007_16_MIA_NE,2007,2007-12-23,Sunday,MIA,7.0,NE,28.0,35.0,-22.0,-112.0,104.0,45.0,-2100.0,1600.0,1
2007_16_BAL_SEA,2007,2007-12-23,Sunday,BAL,6.0,SEA,27.0,33.0,-12.5,-112.0,104.0,39.0,-650.0,590.0,0
2007_16_NYJ_TEN,2007,2007-12-23,Sunday,NYJ,6.0,TEN,10.0,16.0,-9.0,112.0,-120.0,37.0,-366.0,336.0,0
2007_16_WAS_MIN,2007,2007-12-23,Sunday,WAS,32.0,MIN,21.0,53.0,-6.0,-105.0,-103.0,40.5,-240.0,220.0,0
2007_16_DEN_SD,2007,2007-12-24,Monday,DEN,3.0,SD,23.0,26.0,-9.0,-103.0,-105.0,47.0,-385.0,355.0,1
2007_17_NE_NYG,2007,2007-12-29,Saturday,NE,38.0,NYG,35.0,73.0,13.0,104.0,-112.0,46.5,650.0,-850.0,0
2007_17_SEA_ATL,2007,2007-12-30,Sunday,SEA,41.0,ATL,44.0,85.0,2.0,-102.0,-106.0,38.0,117.0,-127.0,0
2007_17_NO_CHI,2007,2007-12-30,Sunday,NO,25.0,CHI,33.0,58.0,-1.0,-109.0,101.0,42.0,-114.0,104.0,0
2007_17_SF_CLE,2007,2007-12-30,Sunday,SF,7.0,CLE,20.0,27.0,-11.5,104.0,-112.0,41.0,-520.0,470.0,0
2007_17_DET_GB,2007,2007-12-30,Sunday,DET,13.0,GB,34.0,47.0,-3.5,100.0,-108.0,39.0,-177.0,167.0,1
2007_17_JAX_HOU,2007,2007-12-30,Sunday,JAX,28.0,HOU,42.0,70.0,-7.0,-119.0,111.0,42.0,-316.0,286.0,1
2007_17_CIN_MIA,2007,2007-12-30,Sunday,CIN,38.0,MIA,25.0,63.0,1.0,119.0,-127.0,45.0,122.0,-132.0,0
2007_17_BUF_PHI,2007,2007-12-30,Sunday,BUF,9.0,PHI,17.0,26.0,-9.5,-102.0,-106.0,39.0,-400.0,360.0,0
2007_17_CAR_TB,2007,2007-12-30,Sunday,CAR,31.0,TB,23.0,54.0,3.0,-110.0,102.0,35.5,140.0,-150.0,1
2007_17_STL_ARI,2007,2007-12-30,Sunday,STL,19.0,ARI,48.0,67.0,-6.0,102.0,-110.0,49.5,-215.0,195.0,1
2007_17_PIT_BAL,2007,2007-12-30,Sunday,PIT,21.0,BAL,27.0,48.0,3.0,112.0,-120.0,34.5,162.0,-172.0,1
2007_17_MIN_DEN,2007,2007-12-30,Sunday,MIN,19.0,DEN,22.0,41.0,3.0,-124.0,116.0,41.0,124.0,-134.0,0
2007_17_KC_NYJ,2007,2007-12-30,Sunday,KC,10.0,NYJ,13.0,23.0,-4.0,-102.0,-106.0,35.5,-210.0,190.0,0
2007_17_SD_OAK,2007,2007-12-30,Sunday,SD,30.0,OAK,17.0,47.0,9.0,-106.0,-102.0,41.5,380.0,-420.0,1
2007_17_DAL_WAS,2007,2007-12-30,Sunday,DAL,6.0,WAS,27.0,33.0,-9.0,100.0,-108.0,38.0,-400.0,360.0,1
2007_17_TEN_IND,2007,2007-12-30,Sunday,TEN,16.0,IND,10.0,26.0,4.0,105.0,-113.0,40.5,199.0,-219.0,1
2007_18_WAS_SEA,2007,2008-01-05,Saturday,WAS,14.0,SEA,35.0,49.0,-3.0,-120.0,112.0,38.5,-180.0,170.0,0
2007_18_JAX_PIT,2007,2008-01-05,Saturday,JAX,31.0,PIT,29.0,60.0,2.5,114.0,-122.0,40.0,141.0,-151.0,0
2007_18_NYG_TB,2007,2008-01-06,Sunday,NYG,24.0,TB,14.0,38.0,-3.0,-114.0,106.0,39.5,-166.0,156.0,0
2007_18_TEN_SD,2007,2008-01-06,Sunday,TEN,6.0,SD,17.0,23.0,-10.5,-110.0,102.0,38.5,-575.0,525.0,0
2007_19_SEA_GB,2007,2008-01-12,Saturday,SEA,20.0,GB,42.0,62.0,-9.0,115.0,-123.0,44.0,-320.0,290.0,0
2007_19_JAX_NE,2007,2008-01-12,Saturday,JAX,20.0,NE,31.0,51.0,-13.5,-104.0,-104.0,51.0,-761.0,691.0,0
2007_19_SD_IND,2007,2008-01-13,Sunday,SD,28.0,IND,24.0,52.0,-10.5,-107.0,-101.0,46.0,-531.0,481.0,0
2007_19_NYG_DAL,2007,2008-01-13,Sunday,NYG,21.0,DAL,17.0,38.0,-7.0,-112.0,104.0,47.0,-282.0,262.0,1
2007_20_SD_NE,2007,2008-01-20,Sunday,SD,12.0,NE,21.0,33.0,-14.0,-106.0,-102.0,47.5,-780.0,710.0,0
2007_20_NYG_GB,2007,2008-01-20,Sunday,NYG,23.0,GB,20.0,43.0,-7.5,-104.0,-104.0,41.0,-345.0,315.0,0
2007_21_NYG_NE,2007,2008-02-03,Sunday,NYG,17.0,NE,14.0,31.0,-12.5,100.0,-106.0,54.5,-475.0,435.0,0
2008_01_WAS_NYG,2008,2008-09-04,Thursday,WAS,7.0,NYG,16.0,23.0,-4.5,,,41.5,,,1
2008_01_DET_ATL,2008,2008-09-07,Sunday,DET,21.0,ATL,34.0,55.0,3.0,,,41.0,,,0
2008_01_CIN_BAL,2008,2008-09-07,Sunday,CIN,10.0,BAL,17.0,27.0,2.0,,,37.5,,,1
2008_01_SEA_BUF,2008,2008-09-07,Sunday,SEA,10.0,BUF,34.0,44.0,-1.0,,,38.5,,,0
2008_01_NYJ_MIA,2008,2008-09-07,Sunday,NYJ,20.0,MIA,14.0,34.0,3.0,,,36.0,,,1
2008_01_KC_NE,2008,2008-09-07,Sunday,KC,10.0,NE,17.0,27.0,-16.0,,,43.5,,,0
2008_01_TB_NO,2008,2008-09-07,Sunday,TB,20.0,NO,24.0,44.0,-3.0,,,42.5,,,1
2008_01_STL_PHI,2008,2008-09-07,Sunday,STL,3.0,PHI,38.0,41.0,-8.0,,,44.0,,,0
2008_01_HOU_PIT,2008,2008-09-07,Sunday,HOU,17.0,PIT,38.0,55.0,-6.5,,,43.0,,,0
2008_01_JAX_TEN,2008,2008-09-07,Sunday,JAX,10.0,TEN,17.0,27.0,3.0,,,36.5,,,1
2008_01_DAL_CLE,2008,2008-09-07,Sunday,DAL,28.0,CLE,10.0,38.0,6.0,,,48.5,,,0
2008_01_CAR_SD,2008,2008-09-07,Sunday,CAR,26.0,SD,24.0,50.0,-9.5,,,41.0,,,0
2008_01_ARI_SF,2008,2008-09-07,Sunday,ARI,23.0,SF,13.0,36.0,2.5,,,42.0,,,1
2008_01_CHI_IND,2008,2008-09-07,Sunday,CHI,29.0,IND,13.0,42.0,-10.0,,,44.0,,,0
2008_01_MIN_GB,2008,2008-09-08,Monday,MIN,19.0,GB,24.0,43.0,-2.5,,,37.5,,,1
2008_01_DEN_OAK,2008,2008-09-08,Monday,DEN,41.0,OAK,14.0,55.0,3.0,,,40.5,,,1
2008_02_CHI_CAR,2008,2008-09-14,Sunday,CHI,17.0,CAR,20.0,37.0,-3.0,,,37.5,,,0
2008_02_TEN_CIN,2008,2008-09-14,Sunday,TEN,24.0,CIN,7.0,31.0,-1.0,,,37.0,,,0
2008_02_GB_DET,2008,2008-09-14,Sunday,GB,48.0,DET,25.0,73.0,3.0,,,47.0,,,1
2008_02_BUF_JAX,2008,2008-09-14,Sunday,BUF,20.0,JAX,16.0,36.0,-4.0,,,37.0,,,0
2008_02_OAK_KC,2008,2008-09-14,Sunday,OAK,23.0,KC,8.0,31.0,-3.5,,,36.0,,,1
2008_02_IND_MIN,2008,2008-09-14,Sunday,IND,18.0,MIN,15.0,33.0,1.0,,,43.5,,,0
2008_02_NYG_STL,2008,2008-09-14,Sunday,NYG,41.0,STL,13.0,54.0,8.0,,,43.5,,,0
2008_02_NO_WAS,2008,2008-09-14,Sunday,NO,24.0,WAS,29.0,53.0,-1.0,,,43.5,,,0
2008_02_SF_SEA,2008,2008-09-14,Sunday,SF,33.0,SEA,30.0,63.0,-6.5,,,38.0,,,1
2008_02_ATL_TB,2008,2008-09-14,Sunday,ATL,9.0,TB,24.0,33.0,-7.0,,,37.5,,,1
2008_02_MIA_ARI,2008,2008-09-14,Sunday,MIA,10.0,ARI,31.0,41.0,-6.5,,,40.5,,,0
2008_02_SD_DEN,2008,2008-09-14,Sunday,SD,38.0,DEN,39.0,77.0,-1.0,,,46.5,,,1
2008_02_NE_NYJ,2008,2008-09-14,Sunday,NE,19.0,NYJ,10.0,29.0,-1.0,,,37.0,,,1
2008_02_PIT_CLE,2008,2008-09-14,Sunday,PIT,10.0,CLE,6.0,16.0,6.5,,,43.5,,,1
2008_02_PHI_DAL,2008,2008-09-15,Monday,PHI,37.0,DAL,41.0,78.0,-6.5,,,46.5,,,1
2008_03_KC_ATL,2008,2008-09-21,Sunday,KC,14.0,ATL,38.0,52.0,-6.5,,,37.0,,,0
2008_03_OAK_BUF,2008,2008-09-21,Sunday,OAK,23.0,BUF,24.0,47.0,-10.0,,,37.5,,,0
2008_03_TB_CHI,2008,2008-09-21,Sunday,TB,27.0,CHI,24.0,51.0,-3.0,,,35.0,,,0
2008_03_CAR_MIN,2008,2008-09-21,Sunday,CAR,10.0,MIN,20.0,30.0,-3.0,,,37.5,,,0
2008_03_MIA_NE,2008,2008-09-21,Sunday,MIA,38.0,NE,13.0,51.0,-12.5,,,37.0,,,1
2008_03_CIN_NYG,2008,2008-09-21,Sunday,CIN,23.0,NYG,26.0,49.0,-13.0,,,42.5,,,0
2008_03_HOU_TEN,2008,2008-09-21,Sunday,HOU,12.0,TEN,31.0,43.0,-5.0,,,40.0,,,1
2008_03_ARI_WAS,2008,2008-09-21,Sunday,ARI,17.0,WAS,24.0,41.0,-3.0,,,43.5,,,0
2008_03_NO_DEN,2008,2008-09-21,Sunday,NO,32.0,DEN,34.0,66.0,-5.5,,,52.0,,,0
2008_03_STL_SEA,2008,2008-09-21,Sunday,STL,13.0,SEA,37.0,50.0,-8.0,,,44.5,,,1
2008_03_DET_SF,2008,2008-09-21,Sunday,DET,13.0,SF,31.0,44.0,-5.0,,,47.0,,,0
2008_03_CLE_BAL,2008,2008-09-21,Sunday,CLE,10.0,BAL,28.0,38.0,-2.5,,,37.0,,,1
2008_03_JAX_IND,2008,2008-09-21,Sunday,JAX,23.0,IND,21.0,44.0,-4.0,,,42.0,,,1
2008_03_PIT_PHI,2008,2008-09-21,Sunday,PIT,6.0,PHI,15.0,21.0,-3.5,,,45.0,,,0
2008_03_DAL_GB,2008,2008-09-21,Sunday,DAL,27.0,GB,16.0,43.0,3.0,,,51.0,,,0
2008_03_NYJ_SD,2008,2008-09-22,Monday,NYJ,29.0,SD,48.0,77.0,-8.0,,,46.5,,,0
2008_04_ATL_CAR,2008,2008-09-28,Sunday,ATL,9.0,CAR,24.0,33.0,-7.0,,,39.0,,,1
2008_04_CLE_CIN,2008,2008-09-28,Sunday,CLE,20.0,CIN,12.0,32.0,-1.0,,,42.0,,,1
2008_04_HOU_JAX,2008,2008-09-28,Sunday,HOU,27.0,JAX,30.0,57.0,-6.5,,,43.0,,,1
2008_04_DEN_KC,2008,2008-09-28,Sunday,DEN,19.0,KC,33.0,52.0,9.0,,,47.0,,,1
2008_04_SF_NO,2008,2008-09-28,Sunday,SF,17.0,NO,31.0,48.0,-4.0,,,48.5,,,0
2008_04_ARI_NYJ,2008,2008-09-28,Sunday,ARI,35.0,NYJ,56.0,91.0,-1.5,,,43.5,,,0
2008_04_GB_TB,2008,2008-09-28,Sunday,GB,21.0,TB,30.0,51.0,-2.0,,,43.0,,,0
2008_04_MIN_TEN,2008,2008-09-28,Sunday,MIN,17.0,TEN,30.0,47.0,-3.0,,,35.0,,,0
2008_04_SD_OAK,2008,2008-09-28,Sunday,SD,28.0,OAK,18.0,46.0,8.0,,,45.5,,,1
2008_04_BUF_STL,2008,2008-09-28,Sunday,BUF,31.0,STL,14.0,45.0,8.5,,,43.5,,,0
2008_04_WAS_DAL,2008,2008-09-28,Sunday,WAS,26.0,DAL,24.0,50.0,-10.0,,,47.0,,,1
2008_04_PHI_CHI,2008,2008-09-28,Sunday,PHI,20.0,CHI,24.0,44.0,3.0,,,39.0,,,0
2008_04_BAL_PIT,2008,2008-09-29,Monday,BAL,20.0,PIT,23.0,43.0,-6.0,,,34.5,,,1
2008_05_TEN_BAL,2008,2008-10-05,Sunday,TEN,13.0,BAL,10.0,23.0,1.0,-109.0,101.0,33.5,-105.0,-105.0,0
2008_05_KC_CAR,2008,2008-10-05,Sunday,KC,0.0,CAR,34.0,34.0,-10.0,105.0,-113.0,38.0,-441.0,401.0,0
2008_05_CHI_DET,2008,2008-10-05,Sunday,CHI,34.0,DET,7.0,41.0,3.5,-122.0,114.0,45.5,157.0,-167.0,1
2008_05_ATL_GB,2008,2008-10-05,Sunday,ATL,27.0,GB,24.0,51.0,-5.0,-109.0,101.0,42.0,-230.0,210.0,0
2008_05_IND_HOU,2008,2008-10-05,Sunday,IND,31.0,HOU,27.0,58.0,4.0,101.0,-109.0,48.0,175.0,-185.0,1
2008_05_SD_MIA,2008,2008-10-05,Sunday,SD,10.0,MIA,17.0,27.0,6.0,-113.0,105.0,44.5,220.0,-240.0,0
2008_05_SEA_NYG,2008,2008-10-05,Sunday,SEA,6.0,NYG,44.0,50.0,-6.5,102.0,-110.0,43.5,-265.0,245.0,0
2008_05_WAS_PHI,2008,2008-10-05,Sunday,WAS,23.0,PHI,17.0,40.0,-6.5,-104.0,-104.0,41.5,-270.0,250.0,1
2008_05_TB_DEN,2008,2008-10-05,Sunday,TB,13.0,DEN,16.0,29.0,-3.5,-110.0,102.0,47.0,-189.0,176.0,0
2008_05_BUF_ARI,2008,2008-10-05,Sunday,BUF,17.0,ARI,41.0,58.0,-1.0,-123.0,115.0,44.5,-134.0,124.0,0
2008_05_CIN_DAL,2008,2008-10-05,Sunday,CIN,22.0,DAL,31.0,53.0,-16.0,100.0,-108.0,45.5,-1000.0,700.0,0
2008_05_NE_SF,2008,2008-10-05,Sunday,NE,30.0,SF,21.0,51.0,3.0,102.0,-110.0,41.0,155.0,-165.0,0
2008_05_PIT_JAX,2008,2008-10-05,Sunday,PIT,26.0,JAX,21.0,47.0,-5.5,-110.0,102.0,37.5,-237.0,217.0,0
2008_05_MIN_NO,2008,2008-10-06,Monday,MIN,30.0,NO,27.0,57.0,-3.0,104.0,-112.0,47.0,-151.0,141.0,0
2008_06_CHI_ATL,2008,2008-10-12,Sunday,CHI,20.0,ATL,22.0,42.0,3.0,-124.0,116.0,43.0,120.0,-130.0,0
2008_06_MIA_HOU,2008,2008-10-12,Sunday,MIA,28.0,HOU,29.0,57.0,-3.0,100.0,-108.0,45.0,-153.0,143.0,0
2008_06_BAL_IND,2008,2008-10-12,Sunday,BAL,3.0,IND,31.0,34.0,-4.0,-106.0,-102.0,39.0,-215.0,195.0,0
2008_06_DET_MIN,2008,2008-10-12,Sunday,DET,10.0,MIN,12.0,22.0,-13.0,-104.0,-104.0,44.5,-700.0,500.0,1
2008_06_OAK_NO,2008,2008-10-12,Sunday,OAK,3.0,NO,34.0,37.0,-7.0,106.0,-114.0,47.0,-267.0,247.0,0
2008_06_CIN_NYJ,2008,2008-10-12,Sunday,CIN,14.0,NYJ,26.0,40.0,-9.5,-112.0,104.0,43.5,-400.0,360.0,0
2008_06_CAR_TB,2008,2008-10-12,Sunday,CAR,3.0,TB,27.0,30.0,-1.0,-121.0,113.0,37.0,-131.0,121.0,1
2008_06_STL_WAS,2008,2008-10-12,Sunday,STL,19.0,WAS,17.0,36.0,-12.0,103.0,-111.0,44.0,-550.0,425.0,0
2008_06_JAX_DEN,2008,2008-10-12,Sunday,JAX,24.0,DEN,17.0,41.0,-3.5,117.0,-125.0,48.5,-168.0,158.0,0
2008_06_DAL_ARI,2008,2008-10-12,Sunday,DAL,24.0,ARI,30.0,54.0,4.5,103.0,-111.0,53.0,202.0,-222.0,0
2008_06_GB_SEA,2008,2008-10-12,Sunday,GB,27.0,SEA,17.0,44.0,-1.0,104.0,-112.0,44.0,-103.0,-107.0,0
2008_06_PHI_SF,2008,2008-10-12,Sunday,PHI,40.0,SF,26.0,66.0,4.5,102.0,-110.0,41.5,200.0,-220.0,0
2008_06_NE_SD,2008,2008-10-12,Sunday,NE,10.0,SD,30.0,40.0,-6.0,-111.0,103.0,45.0,-260.0,240.0,0
2008_06_NYG_CLE,2008,2008-10-13,Monday,NYG,14.0,CLE,35.0,49.0,9.0,-125.0,117.0,43.5,295.0,-325.0,0
2008_07_SD_BUF,2008,2008-10-19,Sunday,SD,14.0,BUF,23.0,37.0,1.0,101.0,-109.0,44.5,105.0,-115.0,0
2008_07_NO_CAR,2008,2008-10-19,Sunday,NO,7.0,CAR,30.0,37.0,-3.0,102.0,-110.0,44.5,-146.0,136.0,1
2008_07_MIN_CHI,2008,2008-10-19,Sunday,MIN,41.0,CHI,48.0,89.0,-3.0,-110.0,102.0,38.0,-162.0,152.0,1
2008_07_PIT_CIN,2008,2008-10-19,Sunday,PIT,38.0,CIN,10.0,48.0,9.0,-124.0,116.0,36.5,334.0,-364.0,1
2008_07_TEN_KC,2008,2008-10-19,Sunday,TEN,34.0,KC,10.0,44.0,9.0,-106.0,-102.0,35.0,350.0,-380.0,0
2008_07_BAL_MIA,2008,2008-10-19,Sunday,BAL,27.0,MIA,13.0,40.0,-3.0,-110.0,102.0,35.5,-160.0,150.0,0
2008_07_SF_NYG,2008,2008-10-19,Sunday,SF,17.0,NYG,29.0,46.0,-10.0,-110.0,102.0,46.5,-470.0,430.0,0
2008_07_DAL_STL,2008,2008-10-19,Sunday,DAL,14.0,STL,34.0,48.0,9.0,-117.0,109.0,45.0,280.0,-310.0,0
2008_07_DET_HOU,2008,2008-10-19,Sunday,DET,21.0,HOU,28.0,49.0,-11.0,-111.0,103.0,47.5,-521.0,461.0,0
2008_07_IND_GB,2008,2008-10-19,Sunday,IND,14.0,GB,34.0,48.0,1.0,125.0,-133.0,46.5,130.0,-140.0,0
2008_07_NYJ_OAK,2008,2008-10-19,Sunday,NYJ,13.0,OAK,16.0,29.0,3.0,104.0,-112.0,41.0,155.0,-165.0,0
2008_07_CLE_WAS,2008,2008-10-19,Sunday,CLE,11.0,WAS,14.0,25.0,-7.0,104.0,-112.0,41.5,-275.0,255.0,0
2008_07_SEA_TB,2008,2008-10-19,Sunday,SEA,10.0,TB,20.0,30.0,-10.5,-108.0,100.0,39.5,-520.0,460.0,0
2008_07_DEN_NE,2008,2008-10-20,Monday,DEN,7.0,NE,41.0,48.0,-3.0,108.0,-116.0,48.0,-140.0,130.0,0
2008_08_OAK_BAL,2008,2008-10-26,Sunday,OAK,10.0,BAL,29.0,39.0,-9.0,107.0,-115.0,34.5,-350.0,320.0,0
2008_08_ARI_CAR,2008,2008-10-26,Sunday,ARI,23.0,CAR,27.0,50.0,-5.0,-106.0,-102.0,43.0,-219.0,199.0,0
2008_08_TB_DAL,2008,2008-10-26,Sunday,TB,9.0,DAL,13.0,22.0,-1.0,-112.0,104.0,40.5,-124.0,114.0,0
2008_08_WAS_DET,2008,2008-10-26,Sunday,WAS,25.0,DET,17.0,42.0,7.0,-107.0,-101.0,42.0,260.0,-280.0,0
2008_08_BUF_MIA,2008,2008-10-26,Sunday,BUF,16.0,MIA,25.0,41.0,-1.0,-104.0,-104.0,41.5,-110.0,100.0,1
2008_08_STL_NE,2008,2008-10-26,Sunday,STL,16.0,NE,23.0,39.0,-9.0,102.0,-110.0,41.0,-370.0,325.0,0
2008_08_SD_NO,2008,2008-10-26,Sunday,SD,32.0,NO,37.0,69.0,3.0,111.0,-119.0,45.5,162.0,-172.0,0
2008_08_KC_NYJ,2008,2008-10-26,Sunday,KC,24.0,NYJ,28.0,52.0,-14.0,-107.0,-101.0,41.0,-650.0,550.0,0
2008_08_ATL_PHI,2008,2008-10-26,Sunday,ATL,14.0,PHI,27.0,41.0,-9.5,100.0,-108.0,45.0,-400.0,340.0,0
2008_08_CIN_HOU,2008,2008-10-26,Sunday,CIN,6.0,HOU,35.0,41.0,-9.0,-107.0,-101.0,45.5,-379.0,349.0,0
2008_08_CLE_JAX,2008,2008-10-26,Sunday,CLE,23.0,JAX,17.0,40.0,-7.0,-101.0,-107.0,42.0,-280.0,260.0,0
2008_08_NYG_PIT,2008,2008-10-26,Sunday,NYG,21.0,PIT,14.0,35.0,-3.0,107.0,-115.0,41.0,-137.0,127.0,0
2008_08_SEA_SF,2008,2008-10-26,Sunday,SEA,34.0,SF,13.0,47.0,-5.0,-113.0,105.0,41.0,-228.0,208.0,1
2008_08_IND_TEN,2008,2008-10-27,Monday,IND,21.0,TEN,31.0,52.0,-4.0,107.0,-115.0,40.5,-175.0,165.0,1
2008_09_NYJ_BUF,2008,2008-11-02,Sunday,NYJ,26.0,BUF,17.0,43.0,-5.0,-101.0,-107.0,43.0,-210.0,190.0,1
2008_09_DET_CHI,2008,2008-11-02,Sunday,DET,23.0,CHI,27.0,50.0,-12.5,-109.0,101.0,43.5,-636.0,536.0,1
2008_09_JAX_CIN,2008,2008-11-02,Sunday,JAX,19.0,CIN,21.0,40.0,7.0,-106.0,-102.0,40.0,265.0,-285.0,0
2008_09_BAL_CLE,2008,2008-11-02,Sunday,BAL,37.0,CLE,27.0,64.0,-1.0,-146.0,138.0,36.5,-161.0,151.0,1
2008_09_TB_KC,2008,2008-11-02,Sunday,TB,30.0,KC,27.0,57.0,9.5,-108.0,100.0,36.5,380.0,-420.0,0
2008_09_HOU_MIN,2008,2008-11-02,Sunday,HOU,21.0,MIN,28.0,49.0,-6.5,102.0,-110.0,46.5,-253.0,233.0,0
2008_09_ARI_STL,2008,2008-11-02,Sunday,ARI,34.0,STL,13.0,47.0,3.0,114.0,-122.0,49.5,157.0,-167.0,1
2008_09_GB_TEN,2008,2008-11-02,Sunday,GB,16.0,TEN,19.0,35.0,-3.5,106.0,-114.0,41.0,-167.0,157.0,0
2008_09_MIA_DEN,2008,2008-11-02,Sunday,MIA,26.0,DEN,17.0,43.0,-4.0,-106.0,-102.0,50.0,-205.0,187.0,0
2008_09_DAL_NYG,2008,2008-11-02,Sunday,DAL,14.0,NYG,35.0,49.0,-9.5,111.0,-119.0,42.0,-350.0,320.0,1
2008_09_ATL_OAK,2008,2008-11-02,Sunday,ATL,24.0,OAK,0.0,24.0,3.0,-122.0,114.0,41.0,126.0,-136.0,0
2008_09_PHI_SEA,2008,2008-11-02,Sunday,PHI,26.0,SEA,7.0,33.0,7.0,-103.0,-105.0,43.5,270.0,-300.0,0
2008_09_NE_IND,2008,2008-11-02,Sunday,NE,15.0,IND,18.0,33.0,-6.5,-112.0,104.0,44.0,-284.0,264.0,0
2008_09_PIT_WAS,2008,2008-11-03,Monday,PIT,23.0,WAS,6.0,29.0,-1.0,-126.0,118.0,37.5,-132.0,122.0,0
2008_10_DEN_CLE,2008,2008-11-06,Thursday,DEN,34.0,CLE,30.0,64.0,-3.0,-115.0,107.0,47.0,-164.0,154.0,0
2008_10_NO_ATL,2008,2008-11-09,Sunday,NO,20.0,ATL,34.0,54.0,-1.0,-116.0,108.0,51.0,-121.0,111.0,1
2008_10_TEN_CHI,2008,2008-11-09,Sunday,TEN,21.0,CHI,14.0,35.0,1.0,116.0,-124.0,37.0,119.0,-129.0,0
2008_10_JAX_DET,2008,2008-11-09,Sunday,JAX,38.0,DET,14.0,52.0,5.5,-104.0,-104.0,43.0,227.0,-247.0,0
2008_10_BAL_HOU,2008,2008-11-09,Sunday,BAL,41.0,HOU,13.0,54.0,-2.5,-109.0,101.0,43.5,-132.0,122.0,0
2008_10_SEA_MIA,2008,2008-11-09,Sunday,SEA,19.0,MIA,21.0,40.0,-9.0,121.0,-129.0,41.5,-310.0,280.0,0
2008_10_GB_MIN,2008,2008-11-09,Sunday,GB,27.0,MIN,28.0,55.0,-2.5,-106.0,-102.0,44.0,-129.0,119.0,1
2008_10_BUF_NE,2008,2008-11-09,Sunday,BUF,10.0,NE,20.0,30.0,-3.5,-101.0,-107.0,41.0,-177.0,167.0,1
2008_10_STL_NYJ,2008,2008-11-09,Sunday,STL,3.0,NYJ,47.0,50.0,-9.5,-103.0,-105.0,43.5,-370.0,340.0,0
2008_10_CAR_OAK,2008,2008-11-09,Sunday,CAR,17.0,OAK,6.0,23.0,10.0,-109.0,101.0,37.5,400.0,-450.0,0
2008_10_IND_PIT,2008,2008-11-09,Sunday,IND,24.0,PIT,20.0,44.0,-3.5,111.0,-119.0,38.5,-166.0,156.0,0
2008_10_KC_SD,2008,2008-11-09,Sunday,KC,19.0,SD,20.0,39.0,-14.5,-106.0,-102.0,47.0,-850.0,700.0,1
2008_10_NYG_PHI,2008,2008-11-09,Sunday,NYG,36.0,PHI,31.0,67.0,-3.0,-108.0,100.0,42.5,-155.0,145.0,1
2008_10_SF_ARI,2008,2008-11-10,Monday,SF,24.0,ARI,29.0,53.0,-9.5,-110.0,102.0,47.5,-465.0,425.0,1
2008_11_NYJ_NE,2008,2008-11-13,Thursday,NYJ,34.0,NE,31.0,65.0,-3.0,-101.0,-107.0,40.5,-147.0,137.0,1
2008_11_DEN_ATL,2008,2008-11-16,Sunday,DEN,24.0,ATL,20.0,44.0,-6.5,-105.0,-103.0,51.5,-260.0,240.0,0
2008_11_DET_CAR,2008,2008-11-16,Sunday,DET,22.0,CAR,31.0,53.0,-14.0,-105.0,-103.0,40.5,-740.0,670.0,0
2008_11_PHI_CIN,2008,2008-11-16,Sunday,PHI,13.0,CIN,13.0,26.0,9.5,-120.0,112.0,41.0,339.0,-379.0,0
2008_11_CHI_GB,2008,2008-11-16,Sunday,CHI,3.0,GB,37.0,40.0,-3.5,-105.0,-103.0,43.0,-185.0,175.0,1
2008_11_HOU_IND,2008,2008-11-16,Sunday,HOU,27.0,IND,33.0,60.0,-9.0,119.0,-127.0,50.5,-335.0,305.0,1
2008_11_NO_KC,2008,2008-11-16,Sunday,NO,30.0,KC,20.0,50.0,6.0,101.0,-109.0,51.0,234.0,-254.0,0
2008_11_OAK_MIA,2008,2008-11-16,Sunday,OAK,15.0,MIA,17.0,32.0,-10.0,-104.0,-104.0,38.0,-450.0,410.0,0
2008_11_BAL_NYG,2008,2008-11-16,Sunday,BAL,10.0,NYG,30.0,40.0,-7.0,110.0,-118.0,39.0,-265.0,245.0,0
2008_11_MIN_TB,2008,2008-11-16,Sunday,MIN,13.0,TB,19.0,32.0,-4.5,-104.0,-104.0,39.5,-220.0,200.0,0
2008_11_ARI_SEA,2008,2008-11-16,Sunday,ARI,26.0,SEA,20.0,46.0,3.0,-120.0,112.0,47.5,125.0,-135.0,1
2008_11_STL_SF,2008,2008-11-16,Sunday,STL,16.0,SF,35.0,51.0,-7.0,-102.0,-106.0,43.5,-276.0,256.0,1
2008_11_TEN_JAX,2008,2008-11-16,Sunday,TEN,24.0,JAX,14.0,38.0,1.0,112.0,-120.0,39.5,117.0,-127.0,1
2008_11_SD_PIT,2008,2008-11-16,Sunday,SD,10.0,PIT,11.0,21.0,-4.5,104.0,-112.0,40.5,-213.0,193.0,0
2008_11_DAL_WAS,2008,2008-11-16,Sunday,DAL,14.0,WAS,10.0,24.0,1.0,106.0,-114.0,42.5,110.0,-120.0,1
2008_11_CLE_BUF,2008,2008-11-17,Monday,CLE,29.0,BUF,27.0,56.0,-4.5,-105.0,-103.0,40.5,-214.0,194.0,0
2008_12_CIN_PIT,2008,2008-11-20,Thursday,CIN,10.0,PIT,27.0,37.0,-11.5,-105.0,-103.0,34.5,-735.0,635.0,1
2008_12_PHI_BAL,2008,2008-11-23,Sunday,PHI,7.0,BAL,36.0,43.0,-1.0,-123.0,115.0,39.5,-129.0,119.0,0
2008_12_HOU_CLE,2008,2008-11-23,Sunday,HOU,16.0,CLE,6.0,22.0,-3.0,-104.0,-104.0,49.5,-154.0,144.0,0
2008_12_SF_DAL,2008,2008-11-23,Sunday,SF,22.0,DAL,35.0,57.0,-9.5,-101.0,-107.0,45.5,-405.0,365.0,0
2008_12_TB_DET,2008,2008-11-23,Sunday,TB,38.0,DET,20.0,58.0,9.0,-116.0,108.0,42.0,300.0,-330.0,0
2008_12_MIN_JAX,2008,2008-11-23,Sunday,MIN,30.0,JAX,12.0,42.0,-1.0,-114.0,106.0,41.5,-120.0,110.0,0
2008_12_BUF_KC,2008,2008-11-23,Sunday,BUF,54.0,KC,31.0,85.0,3.0,-114.0,106.0,43.0,135.0,-145.0,0
2008_12_NE_MIA,2008,2008-11-23,Sunday,NE,48.0,MIA,28.0,76.0,1.0,110.0,-118.0,42.5,114.0,-124.0,1
2008_12_CHI_STL,2008,2008-11-23,Sunday,CHI,27.0,STL,3.0,30.0,7.0,-117.0,109.0,44.5,260.0,-280.0,0
2008_12_NYJ_TEN,2008,2008-11-23,Sunday,NYJ,34.0,TEN,13.0,47.0,-5.5,104.0,-112.0,41.0,-205.0,187.0,0
2008_12_OAK_DEN,2008,2008-11-23,Sunday,OAK,31.0,DEN,10.0,41.0,-9.0,100.0,-108.0,43.5,-400.0,330.0,1
2008_12_NYG_ARI,2008,2008-11-23,Sunday,NYG,37.0,ARI,29.0,66.0,3.0,-116.0,108.0,48.0,132.0,-142.0,0
2008_12_CAR_ATL,2008,2008-11-23,Sunday,CAR,28.0,ATL,45.0,73.0,-1.0,106.0,-114.0,41.0,103.0,-113.0,1
2008_12_WAS_SEA,2008,2008-11-23,Sunday,WAS,20.0,SEA,17.0,37.0,3.0,-109.0,101.0,40.0,139.0,-149.0,0
2008_12_IND_SD,2008,2008-11-23,Sunday,IND,23.0,SD,20.0,43.0,-3.0,103.0,-111.0,48.5,-143.0,133.0,0
2008_12_GB_NO,2008,2008-11-24,Monday,GB,29.0,NO,51.0,80.0,-1.0,105.0,-113.0,51.5,-104.0,-106.0,0
2008_13_TEN_DET,2008,2008-11-27,Thursday,TEN,47.0,DET,10.0,57.0,11.0,-109.0,101.0,43.5,480.0,-530.0,0
2008_13_SEA_DAL,2008,2008-11-27,Thursday,SEA,9.0,DAL,34.0,43.0,-11.5,-106.0,-102.0,46.0,-750.0,670.0,0
2008_13_ARI_PHI,2008,2008-11-27,Thursday,ARI,20.0,PHI,48.0,68.0,-3.0,-116.0,108.0,48.5,-166.0,156.0,0
2008_13_SF_BUF,2008,2008-11-30,Sunday,SF,10.0,BUF,3.0,13.0,-6.5,102.0,-110.0,43.0,-257.0,237.0,0
2008_13_BAL_CIN,2008,2008-11-30,Sunday,BAL,34.0,CIN,3.0,37.0,7.0,-106.0,-102.0,35.5,270.0,-300.0,1
2008_13_IND_CLE,2008,2008-11-30,Sunday,IND,10.0,CLE,6.0,16.0,4.0,-105.0,-103.0,44.0,187.0,-207.0,0
2008_13_CAR_GB,2008,2008-11-30,Sunday,CAR,35.0,GB,31.0,66.0,-3.0,107.0,-115.0,41.0,-146.0,136.0,0
2008_13_MIA_STL,2008,2008-11-30,Sunday,MIA,16.0,STL,12.0,28.0,7.0,-107.0,-101.0,44.5,270.0,-300.0,0
2008_13_NO_TB,2008,2008-11-30,Sunday,NO,20.0,TB,23.0,43.0,-3.5,100.0,-108.0,44.0,-187.0,177.0,1
2008_13_NYG_WAS,2008,2008-11-30,Sunday,NYG,23.0,WAS,7.0,30.0,3.5,-104.0,-104.0,41.0,178.0,-191.0,1
2008_13_ATL_SD,2008,2008-11-30,Sunday,ATL,22.0,SD,16.0,38.0,-6.5,-104.0,-104.0,48.0,-245.0,225.0,0
2008_13_PIT_NE,2008,2008-11-30,Sunday,PIT,33.0,NE,10.0,43.0,-1.0,-127.0,119.0,39.0,-135.0,125.0,0
2008_13_DEN_NYJ,2008,2008-11-30,Sunday,DEN,34.0,NYJ,17.0,51.0,-7.5,-104.0,-104.0,48.0,-340.0,310.0,0
2008_13_KC_OAK,2008,2008-11-30,Sunday,KC,20.0,OAK,13.0,33.0,-3.0,-124.0,116.0,41.0,-175.0,165.0,1
2008_13_CHI_MIN,2008,2008-11-30,Sunday,CHI,14.0,MIN,34.0,48.0,-5.0,-108.0,100.0,41.5,-229.0,209.0,1
2008_13_JAX_HOU,2008,2008-12-01,Monday,JAX,17.0,HOU,30.0,47.0,-3.0,-116.0,108.0,48.5,-165.0,155.0,1
2008_14_OAK_SD,2008,2008-12-04,Thursday,OAK,7.0,SD,34.0,41.0,-9.5,-101.0,-107.0,41.0,-440.0,400.0,1
2008_14_JAX_CHI,2008,2008-12-07,Sunday,JAX,10.0,CHI,23.0,33.0,-6.5,-101.0,-107.0,40.5,-270.0,250.0,0
2008_14_MIN_DET,2008,2008-12-07,Sunday,MIN,20.0,DET,16.0,36.0,10.5,-103.0,-105.0,45.0,357.0,-387.0,1
2008_14_HOU_GB,2008,2008-12-07,Sunday,HOU,24.0,GB,21.0,45.0,-7.0,,,47.5,,,0
2008_14_CIN_IND,2008,2008-12-07,Sunday,CIN,3.0,IND,35.0,38.0,-13.5,,,41.5,,,0
2008_14_ATL_NO,2008,2008-12-07,Sunday,ATL,25.0,NO,29.0,54.0,-3.0,,,51.5,,,1
2008_14_PHI_NYG,2008,2008-12-07,Sunday,PHI,20.0,NYG,14.0,34.0,-6.5,101.0,-109.0,40.5,-255.0,235.0,1
2008_14_CLE_TEN,2008,2008-12-07,Sunday,CLE,9.0,TEN,28.0,37.0,-14.0,108.0,-116.0,36.5,-672.0,612.0,0
2008_14_MIA_BUF,2008,2008-12-07,Sunday,MIA,16.0,BUF,3.0,19.0,-1.0,-113.0,105.0,43.0,-120.0,110.0,1
2008_14_KC_DEN,2008,2008-12-07,Sunday,KC,17.0,DEN,24.0,41.0,-9.0,105.0,-113.0,48.5,-400.0,340.0,1
2008_14_NE_SEA,2008,2008-12-07,Sunday,NE,24.0,SEA,21.0,45.0,7.5,,,43.0,,,0
2008_14_NYJ_SF,2008,2008-12-07,Sunday,NYJ,14.0,SF,24.0,38.0,4.0,105.0,-113.0,45.0,201.0,-221.0,0
2008_14_STL_ARI,2008,2008-12-07,Sunday,STL,10.0,ARI,34.0,44.0,-14.0,-115.0,107.0,48.5,-800.0,650.0,1
2008_14_DAL_PIT,2008,2008-12-07,Sunday,DAL,13.0,PIT,20.0,33.0,-4.0,-101.0,-107.0,38.0,-191.0,178.0,0
2008_14_WAS_BAL,2008,2008-12-07,Sunday,WAS,10.0,BAL,24.0,34.0,-6.0,-105.0,-103.0,34.5,-260.0,240.0,0
2008_14_TB_CAR,2008,2008-12-08,Monday,TB,23.0,CAR,38.0,61.0,-3.0,,,38.5,,,1
2008_15_NO_CHI,2008,2008-12-11,Thursday,NO,24.0,CHI,27.0,51.0,-3.0,112.0,-120.0,45.5,-139.0,129.0,0
2008_15_TB_ATL,2008,2008-12-14,Sunday,TB,10.0,ATL,13.0,23.0,-5.5,102.0,-110.0,43.5,-215.0,195.0,1
2008_15_WAS_CIN,2008,2008-12-14,Sunday,WAS,13.0,CIN,20.0,33.0,6.5,-109.0,101.0,36.5,239.0,-259.0,0
2008_15_TEN_HOU,2008,2008-12-14,Sunday,TEN,12.0,HOU,13.0,25.0,3.0,-114.0,106.0,45.0,133.0,-143.0,1
2008_15_DET_IND,2008,2008-12-14,Sunday,DET,21.0,IND,31.0,52.0,-16.5,-106.0,-102.0,44.5,-1425.0,1175.0,0
2008_15_GB_JAX,2008,2008-12-14,Sunday,GB,16.0,JAX,20.0,36.0,2.5,101.0,-109.0,45.5,127.0,-137.0,0
2008_15_SD_KC,2008,2008-12-14,Sunday,SD,22.0,KC,21.0,43.0,6.0,-103.0,-105.0,41.0,235.0,-255.0,1
2008_15_SF_MIA,2008,2008-12-14,Sunday,SF,9.0,MIA,14.0,23.0,-5.5,102.0,-110.0,41.0,-227.0,207.0,0
2008_15_BUF_NYJ,2008,2008-12-14,Sunday,BUF,27.0,NYJ,31.0,58.0,-9.0,107.0,-115.0,41.0,-340.0,310.0,1
2008_15_SEA_STL,2008,2008-12-14,Sunday,SEA,23.0,STL,20.0,43.0,1.0,-108.0,100.0,43.0,-105.0,-105.0,1
2008_15_MIN_ARI,2008,2008-12-14,Sunday,MIN,35.0,ARI,14.0,49.0,-4.0,-105.0,-103.0,46.5,-198.0,180.0,0
2008_15_PIT_BAL,2008,2008-12-14,Sunday,PIT,13.0,BAL,9.0,22.0,-3.0,,,34.0,,,1
2008_15_DEN_CAR,2008,2008-12-14,Sunday,DEN,10.0,CAR,30.0,40.0,-7.0,-109.0,101.0,47.5,-310.0,280.0,0
2008_15_NE_OAK,2008,2008-12-14,Sunday,NE,49.0,OAK,26.0,75.0,6.5,104.0,-112.0,38.5,255.0,-275.0,0
2008_15_NYG_DAL,2008,2008-12-14,Sunday,NYG,8.0,DAL,20.0,28.0,-3.0,-103.0,-105.0,46.5,-151.0,141.0,1
2008_15_CLE_PHI,2008,2008-12-15,Monday,CLE,10.0,PHI,30.0,40.0,-15.5,102.0,-110.0,40.0,-900.0,800.0,0
2008_16_IND_JAX,2008,2008-12-18,Thursday,IND,31.0,JAX,24.0,55.0,5.5,-110.0,102.0,43.5,216.0,-236.0,1
2008_16_BAL_DAL,2008,2008-12-20,Saturday,BAL,33.0,DAL,24.0,57.0,-5.0,-113.0,105.0,39.5,-250.0,230.0,0
2008_16_CIN_CLE,2008,2008-12-21,Sunday,CIN,14.0,CLE,0.0,14.0,-1.0,-118.0,110.0,31.0,-123.0,113.0,1
2008_16_NO_DET,2008,2008-12-21,Sunday,NO,42.0,DET,7.0,49.0,7.0,-119.0,111.0,50.5,244.0,-264.0,0
2008_16_MIA_KC,2008,2008-12-21,Sunday,MIA,38.0,KC,31.0,69.0,3.5,-113.0,105.0,37.5,165.0,-175.0,0
2008_16_ARI_NE,2008,2008-12-21,Sunday,ARI,7.0,NE,47.0,54.0,-9.0,102.0,-110.0,41.0,-360.0,330.0,0
2008_16_SF_STL,2008,2008-12-21,Sunday,SF,17.0,STL,16.0,33.0,3.5,-112.0,104.0,42.0,173.0,-183.0,1
2008_16_SD_TB,2008,2008-12-21,Sunday,SD,41.0,TB,24.0,65.0,-4.5,,,42.5,,,0
2008_16_PIT_TEN,2008,2008-12-21,Sunday,PIT,14.0,TEN,31.0,45.0,2.5,105.0,-113.0,34.0,129.0,-139.0,0
2008_16_BUF_DEN,2008,2008-12-21,Sunday,BUF,30.0,DEN,23.0,53.0,-6.5,107.0,-115.0,46.0,-250.0,230.0,0
2008_16_HOU_OAK,2008,2008-12-21,Sunday,HOU,16.0,OAK,27.0,43.0,7.0,-111.0,103.0,43.0,265.0,-285.0,0
2008_16_NYJ_SEA,2008,2008-12-21,Sunday,NYJ,3.0,SEA,13.0,16.0,3.5,-103.0,-105.0,41.0,174.0,-184.0,0
2008_16_ATL_MIN,2008,2008-12-21,Sunday,ATL,24.0,MIN,17.0,41.0,-3.0,-108.0,100.0,43.0,-164.0,154.0,0
2008_16_PHI_WAS,2008,2008-12-21,Sunday,PHI,3.0,WAS,10.0,13.0,4.5,104.0,-112.0,37.5,230.0,-250.0,1
2008_16_CAR_NYG,2008,2008-12-21,Sunday,CAR,28.0,NYG,34.0,62.0,-4.0,100.0,-108.0,38.0,-200.0,185.0,0
2008_16_GB_CHI,2008,2008-12-22,Monday,GB,17.0,CHI,20.0,37.0,-4.0,,,40.0,,,1
2008_17_STL_ATL,2008,2008-12-28,Sunday,STL,27.0,ATL,31.0,58.0,-14.0,105.0,-113.0,44.0,-800.0,600.0,0
2008_17_NE_BUF,2008,2008-12-28,Sunday,NE,13.0,BUF,0.0,13.0,5.5,-110.0,102.0,35.0,220.0,-240.0,1
2008_17_KC_CIN,2008,2008-12-28,Sunday,KC,6.0,CIN,16.0,22.0,-1.5,,,40.0,,,0
2008_17_DET_GB,2008,2008-12-28,Sunday,DET,21.0,GB,31.0,52.0,-11.0,-101.0,-107.0,41.0,-540.0,490.0,1
2008_17_CHI_HOU,2008,2008-12-28,Sunday,CHI,24.0,HOU,31.0,55.0,-3.0,-111.0,103.0,46.0,-158.0,148.0,0
2008_17_TEN_IND,2008,2008-12-28,Sunday,TEN,0.0,IND,23.0,23.0,3.0,,,39.5,,,1
2008_17_NYG_MIN,2008,2008-12-28,Sunday,NYG,19.0,MIN,20.0,39.0,-7.0,-113.0,105.0,41.0,-310.0,280.0,0
2008_17_CAR_NO,2008,2008-12-28,Sunday,CAR,33.0,NO,31.0,64.0,1.0,113.0,-121.0,51.5,118.0,-128.0,1
2008_17_CLE_PIT,2008,2008-12-28,Sunday,CLE,0.0,PIT,31.0,31.0,-11.0,-104.0,-104.0,33.5,-532.0,482.0,1
2008_17_OAK_TB,2008,2008-12-28,Sunday,OAK,31.0,TB,24.0,55.0,-11.0,100.0,-108.0,38.5,-540.0,475.0,0
2008_17_SEA_ARI,2008,2008-12-28,Sunday,SEA,21.0,ARI,34.0,55.0,-7.0,-102.0,-106.0,47.0,-300.0,270.0,1
2008_17_JAX_BAL,2008,2008-12-28,Sunday,JAX,7.0,BAL,27.0,34.0,-10.5,100.0,-108.0,37.5,-535.0,485.0,0
2008_17_MIA_NYJ,2008,2008-12-28,Sunday,MIA,24.0,NYJ,17.0,41.0,-2.5,-112.0,104.0,43.0,-142.0,132.0,1
2008_17_DAL_PHI,2008,2008-12-28,Sunday,DAL,6.0,PHI,44.0,50.0,-2.5,-112.0,104.0,40.5,-130.0,120.0,1
2008_17_WAS_SF,2008,2008-12-28,Sunday,WAS,24.0,SF,27.0,51.0,-1.0,-135.0,127.0,37.0,-141.0,131.0,0
2008_17_DEN_SD,2008,2008-12-28,Sunday,DEN,21.0,SD,52.0,73.0,-7.0,,,50.5,,,1
2008_18_ATL_ARI,2008,2009-01-03,Saturday,ATL,24.0,ARI,30.0,54.0,-2.0,,,52.0,,,0
2008_18_IND_SD,2008,2009-01-03,Saturday,IND,17.0,SD,23.0,40.0,1.5,108.0,-114.0,49.0,118.0,-128.0,0
2008_18_BAL_MIA,2008,2009-01-04,Sunday,BAL,27.0,MIA,9.0,36.0,3.5,-107.0,-101.0,38.0,173.0,-183.0,0
2008_18_PHI_MIN,2008,2009-01-04,Sunday,PHI,26.0,MIN,14.0,40.0,3.0,108.0,-116.0,40.5,159.0,-169.0,0
2008_19_BAL_TEN,2008,2009-01-10,Saturday,BAL,13.0,TEN,10.0,23.0,-3.0,106.0,-114.0,33.5,-144.0,134.0,0
2008_19_ARI_CAR,2008,2009-01-10,Saturday,ARI,33.0,CAR,13.0,46.0,-10.0,-102.0,-106.0,49.5,-445.0,405.0,0
2008_19_PHI_NYG,2008,2009-01-11,Sunday,PHI,23.0,NYG,11.0,34.0,-4.0,,,39.0,,,1
2008_19_SD_PIT,2008,2009-01-11,Sunday,SD,24.0,PIT,35.0,59.0,-6.5,-114.0,106.0,38.0,-285.0,265.0,0
2008_20_PHI_ARI,2008,2009-01-18,Sunday,PHI,25.0,ARI,32.0,57.0,3.5,-120.0,114.0,47.0,154.0,-164.0,0
2008_20_BAL_PIT,2008,2009-01-18,Sunday,BAL,14.0,PIT,23.0,37.0,-6.0,-112.0,106.0,35.0,-270.0,250.0,1
2008_21_PIT_ARI,2008,2009-02-01,Sunday,PIT,27.0,ARI,23.0,50.0,6.5,-103.0,-103.0,46.5,210.0,-230.0,0
2009_01_TEN_PIT,2009,2009-09-10,Thursday,TEN,10.0,PIT,13.0,23.0,-6.5,107.0,-116.0,35.5,-260.0,228.0,0
2009_01_MIA_ATL,2009,2009-09-13,Sunday,MIA,7.0,ATL,19.0,26.0,-4.0,-104.0,-104.0,44.0,-210.0,190.0,0
2009_01_KC_BAL,2009,2009-09-13,Sunday,KC,24.0,BAL,38.0,62.0,-13.0,104.0,-112.0,36.5,-700.0,570.0,0
2009_01_PHI_CAR,2009,2009-09-13,Sunday,PHI,38.0,CAR,10.0,48.0,1.0,111.0,-120.0,43.5,115.0,-125.0,0
2009_01_DEN_CIN,2009,2009-09-13,Sunday,DEN,12.0,CIN,7.0,19.0,-4.5,-104.0,-104.0,41.0,-222.0,196.0,0
2009_01_MIN_CLE,2009,2009-09-13,Sunday,MIN,34.0,CLE,20.0,54.0,4.0,-101.0,-107.0,39.5,189.0,-215.0,0
2009_01_NYJ_HOU,2009,2009-09-13,Sunday,NYJ,24.0,HOU,7.0,31.0,-4.5,-105.0,-103.0,44.5,-227.0,201.0,0
2009_01_JAX_IND,2009,2009-09-13,Sunday,JAX,12.0,IND,14.0,26.0,-6.5,102.0,-110.0,45.0,-270.0,238.0,1
2009_01_DET_NO,2009,2009-09-13,Sunday,DET,27.0,NO,45.0,72.0,-14.0,-103.0,-105.0,50.0,-840.0,660.0,0
2009_01_DAL_TB,2009,2009-09-13,Sunday,DAL,34.0,TB,21.0,55.0,4.5,-109.0,101.0,40.0,204.0,-230.0,0
2009_01_SF_ARI,2009,2009-09-13,Sunday,SF,20.0,ARI,16.0,36.0,-5.0,-101.0,-107.0,45.5,-233.0,207.0,1
2009_01_WAS_NYG,2009,2009-09-13,Sunday,WAS,17.0,NYG,23.0,40.0,-6.0,,,37.0,,,1
2009_01_STL_SEA,2009,2009-09-13,Sunday,STL,0.0,SEA,28.0,28.0,-7.0,,,41.0,,,1
2009_01_CHI_GB,2009,2009-09-13,Sunday,CHI,15.0,GB,21.0,36.0,-5.0,,,47.0,,,1
2009_01_BUF_NE,2009,2009-09-14,Monday,BUF,24.0,NE,25.0,49.0,-13.5,,,47.5,,,1
2009_01_SD_OAK,2009,2009-09-14,Monday,SD,24.0,OAK,20.0,44.0,10.0,,,43.0,,,1
2009_02_CAR_ATL,2009,2009-09-20,Sunday,CAR,20.0,ATL,28.0,48.0,-5.5,,,43.5,,,1
2009_02_MIN_DET,2009,2009-09-20,Sunday,MIN,27.0,DET,13.0,40.0,10.0,-113.0,104.0,45.0,405.0,-475.0,1
2009_02_CIN_GB,2009,2009-09-20,Sunday,CIN,31.0,GB,24.0,55.0,-7.5,,,42.0,,,0
2009_02_ARI_JAX,2009,2009-09-20,Sunday,ARI,31.0,JAX,17.0,48.0,-3.0,-104.0,-104.0,42.5,-157.0,142.0,0
2009_02_OAK_KC,2009,2009-09-20,Sunday,OAK,13.0,KC,10.0,23.0,-1.5,,,40.0,,,1
2009_02_NE_NYJ,2009,2009-09-20,Sunday,NE,9.0,NYJ,16.0,25.0,3.5,,,45.0,,,1
2009_02_NO_PHI,2009,2009-09-20,Sunday,NO,48.0,PHI,22.0,70.0,2.5,,,46.0,,,0
2009_02_HOU_TEN,2009,2009-09-20,Sunday,HOU,34.0,TEN,31.0,65.0,-7.0,,,40.5,,,1
2009_02_STL_WAS,2009,2009-09-20,Sunday,STL,7.0,WAS,9.0,16.0,-10.0,105.0,-114.0,37.0,-500.0,420.0,0
2009_02_TB_BUF,2009,2009-09-20,Sunday,TB,20.0,BUF,33.0,53.0,-4.5,101.0,-109.0,42.0,-200.0,180.0,0
2009_02_SEA_SF,2009,2009-09-20,Sunday,SEA,10.0,SF,23.0,33.0,-1.0,-103.0,-105.0,39.5,-108.0,-102.0,1
2009_02_PIT_CHI,2009,2009-09-20,Sunday,PIT,14.0,CHI,17.0,31.0,1.0,116.0,-126.0,37.5,121.0,-133.0,0
2009_02_CLE_DEN,2009,2009-09-20,Sunday,CLE,6.0,DEN,27.0,33.0,-3.0,,,38.5,,,0
2009_02_BAL_SD,2009,2009-09-20,Sunday,BAL,31.0,SD,26.0,57.0,-3.0,113.0,-122.0,40.0,-140.0,128.0,0
2009_02_NYG_DAL,2009,2009-09-20,Sunday,NYG,33.0,DAL,31.0,64.0,-3.0,,,45.5,,,1
2009_02_IND_MIA,2009,2009-09-21,Monday,IND,27.0,MIA,23.0,50.0,3.0,-106.0,-102.0,41.0,142.0,-152.0,0
2009_03_CLE_BAL,2009,2009-09-27,Sunday,CLE,3.0,BAL,34.0,37.0,-13.5,102.0,-110.0,38.5,-750.0,620.0,1
2009_03_WAS_DET,2009,2009-09-27,Sunday,WAS,14.0,DET,19.0,33.0,6.5,-110.0,102.0,39.5,228.0,-260.0,0
2009_03_JAX_HOU,2009,2009-09-27,Sunday,JAX,31.0,HOU,24.0,55.0,-4.0,-104.0,-104.0,47.0,-200.0,180.0,1
2009_03_SF_MIN,2009,2009-09-27,Sunday,SF,24.0,MIN,27.0,51.0,-7.0,105.0,-114.0,39.0,-275.0,243.0,0
2009_03_ATL_NE,2009,2009-09-27,Sunday,ATL,10.0,NE,26.0,36.0,-4.5,101.0,-109.0,45.5,-220.0,194.0,0
2009_03_TEN_NYJ,2009,2009-09-27,Sunday,TEN,17.0,NYJ,24.0,41.0,-1.0,-106.0,-102.0,36.5,-112.0,102.0,0
2009_03_KC_PHI,2009,2009-09-27,Sunday,KC,14.0,PHI,34.0,48.0,-7.5,106.0,-115.0,38.5,-320.0,280.0,0
2009_03_GB_STL,2009,2009-09-27,Sunday,GB,36.0,STL,17.0,53.0,6.5,-105.0,-103.0,42.5,233.0,-265.0,0
2009_03_NYG_TB,2009,2009-09-27,Sunday,NYG,24.0,TB,0.0,24.0,6.0,-110.0,102.0,46.0,219.0,-245.0,0
2009_03_NO_BUF,2009,2009-09-27,Sunday,NO,27.0,BUF,7.0,34.0,5.5,-103.0,-105.0,51.5,214.0,-240.0,0
2009_03_CHI_SEA,2009,2009-09-27,Sunday,CHI,25.0,SEA,19.0,44.0,1.0,120.0,-130.0,37.5,130.0,-142.0,0
2009_03_PIT_CIN,2009,2009-09-27,Sunday,PIT,20.0,CIN,23.0,43.0,3.5,-118.0,109.0,36.5,157.0,-172.0,1
2009_03_DEN_OAK,2009,2009-09-27,Sunday,DEN,23.0,OAK,3.0,26.0,1.0,112.0,-121.0,38.5,118.0,-128.0,1
2009_03_MIA_SD,2009,2009-09-27,Sunday,MIA,13.0,SD,23.0,36.0,-5.5,-103.0,-105.0,45.0,-240.0,214.0,0
2009_03_IND_ARI,2009,2009-09-27,Sunday,IND,31.0,ARI,10.0,41.0,-3.0,-109.0,101.0,49.0,-159.0,144.0,0
2009_03_CAR_DAL,2009,2009-09-28,Monday,CAR,7.0,DAL,21.0,28.0,-9.0,105.0,-114.0,48.0,-400.0,350.0,0
2009_04_DET_CHI,2009,2009-10-04,Sunday,DET,24.0,CHI,48.0,72.0,-9.5,-115.0,106.0,43.0,-500.0,420.0,1
2009_04_CIN_CLE,2009,2009-10-04,Sunday,CIN,23.0,CLE,20.0,43.0,6.0,-101.0,-107.0,37.5,228.0,-260.0,1
2009_04_OAK_HOU,2009,2009-10-04,Sunday,OAK,6.0,HOU,29.0,35.0,-9.0,111.0,-120.0,42.5,-385.0,335.0,0
2009_04_SEA_IND,2009,2009-10-04,Sunday,SEA,17.0,IND,34.0,51.0,-10.0,-104.0,-104.0,43.5,-530.0,450.0,0
2009_04_TEN_JAX,2009,2009-10-04,Sunday,TEN,17.0,JAX,37.0,54.0,3.0,111.0,-120.0,42.0,161.0,-176.0,1
2009_04_NYG_KC,2009,2009-10-04,Sunday,NYG,27.0,KC,16.0,43.0,9.0,-108.0,100.0,43.0,335.0,-385.0,0
2009_04_BAL_NE,2009,2009-10-04,Sunday,BAL,21.0,NE,27.0,48.0,-1.0,-126.0,116.0,45.5,-135.0,123.0,0
2009_04_TB_WAS,2009,2009-10-04,Sunday,TB,13.0,WAS,16.0,29.0,-9.5,-103.0,-105.0,36.5,-400.0,350.0,0
2009_04_BUF_MIA,2009,2009-10-04,Sunday,BUF,10.0,MIA,38.0,48.0,-1.0,-113.0,104.0,37.5,-121.0,111.0,1
2009_04_NYJ_NO,2009,2009-10-04,Sunday,NYJ,10.0,NO,24.0,34.0,-7.5,100.0,-108.0,47.0,-340.0,300.0,0
2009_04_DAL_DEN,2009,2009-10-04,Sunday,DAL,10.0,DEN,17.0,27.0,1.0,120.0,-130.0,43.5,131.0,-143.0,0
2009_04_STL_SF,2009,2009-10-04,Sunday,STL,0.0,SF,35.0,35.0,-9.5,104.0,-112.0,36.5,-400.0,350.0,1
2009_04_SD_PIT,2009,2009-10-04,Sunday,SD,28.0,PIT,38.0,66.0,-5.5,-103.0,-105.0,43.0,-240.0,214.0,0
2009_04_GB_MIN,2009,2009-10-05,Monday,GB,23.0,MIN,30.0,53.0,-4.5,101.0,-109.0,46.0,-205.0,185.0,1
2009_05_CIN_BAL,2009,2009-10-11,Sunday,CIN,17.0,BAL,14.0,31.0,-9.0,-107.0,-101.0,42.0,-442.0,382.0,1
2009_05_CLE_BUF,2009,2009-10-11,Sunday,CLE,6.0,BUF,3.0,9.0,-6.0,104.0,-112.0,41.5,-240.0,214.0,0
2009_05_WAS_CAR,2009,2009-10-11,Sunday,WAS,17.0,CAR,20.0,37.0,-5.0,100.0,-108.0,38.0,-225.0,199.0,0
2009_05_PIT_DET,2009,2009-10-11,Sunday,PIT,28.0,DET,20.0,48.0,11.0,-101.0,-107.0,44.0,470.0,-600.0,0
2009_05_DAL_KC,2009,2009-10-11,Sunday,DAL,26.0,KC,20.0,46.0,7.0,100.0,-108.0,43.5,305.0,-345.0,0
2009_05_OAK_NYG,2009,2009-10-11,Sunday,OAK,7.0,NYG,44.0,51.0,-15.5,106.0,-115.0,38.0,-1100.0,840.0,0
2009_05_TB_PHI,2009,2009-10-11,Sunday,TB,14.0,PHI,33.0,47.0,-15.5,-101.0,-107.0,41.5,-1010.0,750.0,0
2009_05_MIN_STL,2009,2009-10-11,Sunday,MIN,38.0,STL,10.0,48.0,10.0,-111.0,103.0,40.5,470.0,-550.0,0
2009_05_ATL_SF,2009,2009-10-11,Sunday,ATL,45.0,SF,10.0,55.0,-1.0,105.0,-114.0,40.0,-101.0,-109.0,0
2009_05_HOU_ARI,2009,2009-10-11,Sunday,HOU,21.0,ARI,28.0,49.0,-5.5,-108.0,100.0,50.5,-245.0,219.0,0
2009_05_NE_DEN,2009,2009-10-11,Sunday,NE,17.0,DEN,20.0,37.0,3.0,-102.0,-106.0,41.0,145.0,-160.0,0
2009_05_JAX_SEA,2009,2009-10-11,Sunday,JAX,0.0,SEA,41.0,41.0,-1.0,-119.0,110.0,44.0,-133.0,121.0,0
2009_05_IND_TEN,2009,2009-10-11,Sunday,IND,31.0,TEN,9.0,40.0,3.0,109.0,-118.0,44.0,168.0,-186.0,1
2009_05_NYJ_MIA,2009,2009-10-12,Monday,NYJ,27.0,MIA,31.0,58.0,3.0,-112.0,104.0,36.0,139.0,-154.0,1
2009_06_HOU_CIN,2009,2009-10-18,Sunday,HOU,28.0,CIN,17.0,45.0,-4.0,106.0,-115.0,46.0,-190.0,172.0,0
2009_06_DET_GB,2009,2009-10-18,Sunday,DET,0.0,GB,26.0,26.0,-14.0,-104.0,-104.0,48.5,-1050.0,790.0,1
2009_06_STL_JAX,2009,2009-10-18,Sunday,STL,20.0,JAX,23.0,43.0,-9.5,-102.0,-106.0,42.0,-425.0,365.0,0
2009_06_BAL_MIN,2009,2009-10-18,Sunday,BAL,31.0,MIN,33.0,64.0,-3.0,104.0,-113.0,45.5,-145.0,133.0,0
2009_06_NYG_NO,2009,2009-10-18,Sunday,NYG,27.0,NO,48.0,75.0,-3.5,-101.0,-107.0,47.0,-180.0,162.0,0
2009_06_CLE_PIT,2009,2009-10-18,Sunday,CLE,14.0,PIT,27.0,41.0,-14.0,104.0,-112.0,37.5,-1000.0,740.0,1
2009_06_CAR_TB,2009,2009-10-18,Sunday,CAR,28.0,TB,21.0,49.0,3.0,107.0,-116.0,40.5,156.0,-171.0,1
2009_06_KC_WAS,2009,2009-10-18,Sunday,KC,14.0,WAS,6.0,20.0,-6.5,-106.0,-102.0,36.5,-270.0,238.0,0
2009_06_PHI_OAK,2009,2009-10-18,Sunday,PHI,9.0,OAK,13.0,22.0,14.0,-104.0,-104.0,40.5,800.0,-1000.0,0
2009_06_ARI_SEA,2009,2009-10-18,Sunday,ARI,27.0,SEA,3.0,30.0,-3.0,109.0,-118.0,45.5,-146.0,134.0,1
2009_06_TEN_NE,2009,2009-10-18,Sunday,TEN,0.0,NE,59.0,59.0,-9.5,104.0,-113.0,38.0,-436.0,376.0,0
2009_06_BUF_NYJ,2009,2009-10-18,Sunday,BUF,16.0,NYJ,13.0,29.0,-9.5,101.0,-109.0,35.5,-425.0,365.0,1
2009_06_CHI_ATL,2009,2009-10-18,Sunday,CHI,14.0,ATL,21.0,35.0,-4.0,-106.0,-102.0,46.0,-204.0,184.0,0
2009_06_DEN_SD,2009,2009-10-19,Monday,DEN,34.0,SD,23.0,57.0,-3.5,105.0,-114.0,44.5,-175.0,160.0,1
2009_07_GB_CLE,2009,2009-10-25,Sunday,GB,31.0,CLE,3.0,34.0,9.5,-120.0,111.0,41.5,315.0,-365.0,0
2009_07_SF_HOU,2009,2009-10-25,Sunday,SF,21.0,HOU,24.0,45.0,-3.0,-125.0,115.0,44.5,-185.0,167.0,0
2009_07_SD_KC,2009,2009-10-25,Sunday,SD,37.0,KC,7.0,44.0,5.5,-103.0,-105.0,44.0,212.0,-238.0,1
2009_07_MIN_PIT,2009,2009-10-25,Sunday,MIN,17.0,PIT,27.0,44.0,-6.0,-106.0,-102.0,46.5,-269.0,237.0,0
2009_07_IND_STL,2009,2009-10-25,Sunday,IND,42.0,STL,6.0,48.0,14.0,-104.0,-104.0,45.0,740.0,-1000.0,0
2009_07_NE_TB,2009,2009-10-25,Sunday,NE,35.0,TB,7.0,42.0,15.5,-102.0,-106.0,44.5,940.0,-1300.0,0
2009_07_BUF_CAR,2009,2009-10-25,Sunday,BUF,20.0,CAR,9.0,29.0,-7.0,-107.0,-101.0,37.0,-320.0,280.0,0
2009_07_NYJ_OAK,2009,2009-10-25,Sunday,NYJ,38.0,OAK,0.0,38.0,6.0,-109.0,101.0,34.0,219.0,-245.0,0
2009_07_CHI_CIN,2009,2009-10-25,Sunday,CHI,10.0,CIN,45.0,55.0,1.0,103.0,-111.0,42.5,111.0,-121.0,0
2009_07_ATL_DAL,2009,2009-10-25,Sunday,ATL,21.0,DAL,37.0,58.0,-5.5,-110.0,102.0,47.5,-231.0,205.0,0
2009_07_NO_MIA,2009,2009-10-25,Sunday,NO,46.0,MIA,34.0,80.0,6.0,-106.0,-102.0,48.0,215.0,-241.0,0
2009_07_ARI_NYG,2009,2009-10-25,Sunday,ARI,24.0,NYG,17.0,41.0,-9.0,117.0,-127.0,46.5,-335.0,295.0,0
2009_07_PHI_WAS,2009,2009-10-26,Monday,PHI,27.0,WAS,17.0,44.0,9.0,,,38.0,,,1
2009_08_DEN_BAL,2009,2009-11-01,Sunday,DEN,7.0,BAL,30.0,37.0,-4.5,-110.0,102.0,42.5,-220.0,194.0,0
2009_08_HOU_BUF,2009,2009-11-01,Sunday,HOU,31.0,BUF,10.0,41.0,3.5,-105.0,-103.0,42.0,172.0,-190.0,0
2009_08_CLE_CHI,2009,2009-11-01,Sunday,CLE,6.0,CHI,30.0,36.0,-11.5,103.0,-111.0,40.0,-600.0,470.0,0
2009_08_SEA_DAL,2009,2009-11-01,Sunday,SEA,17.0,DAL,38.0,55.0,-10.0,-102.0,-106.0,46.0,-500.0,420.0,0
2009_08_STL_DET,2009,2009-11-01,Sunday,STL,17.0,DET,10.0,27.0,-3.5,117.0,-127.0,43.5,-164.0,149.0,0
2009_08_SF_IND,2009,2009-11-01,Sunday,SF,14.0,IND,18.0,32.0,-13.0,104.0,-113.0,45.0,-745.0,615.0,0
2009_08_MIA_NYJ,2009,2009-11-01,Sunday,MIA,30.0,NYJ,25.0,55.0,-3.5,100.0,-108.0,40.0,-191.0,173.0,1
2009_08_NYG_PHI,2009,2009-11-01,Sunday,NYG,17.0,PHI,40.0,57.0,1.0,108.0,-117.0,43.0,115.0,-125.0,1
2009_08_OAK_SD,2009,2009-11-01,Sunday,OAK,16.0,SD,24.0,40.0,-16.0,104.0,-113.0,41.5,-1400.0,900.0,1
2009_08_JAX_TEN,2009,2009-11-01,Sunday,JAX,13.0,TEN,30.0,43.0,-3.0,-102.0,-106.0,44.0,-165.0,150.0,1
2009_08_CAR_ARI,2009,2009-11-01,Sunday,CAR,34.0,ARI,21.0,55.0,-10.0,106.0,-115.0,43.5,-445.0,385.0,0
2009_08_MIN_GB,2009,2009-11-01,Sunday,MIN,38.0,GB,26.0,64.0,-3.5,-104.0,-104.0,46.5,-188.0,170.0,1
2009_08_ATL_NO,2009,2009-11-02,Monday,ATL,27.0,NO,35.0,62.0,-11.0,101.0,-109.0,56.0,-530.0,450.0,1
2009_09_WAS_ATL,2009,2009-11-08,Sunday,WAS,17.0,ATL,31.0,48.0,-9.0,107.0,-116.0,41.0,-425.0,365.0,0
2009_09_ARI_CHI,2009,2009-11-08,Sunday,ARI,41.0,CHI,21.0,62.0,-1.0,-126.0,116.0,44.5,-137.0,125.0,0
2009_09_BAL_CIN,2009,2009-11-08,Sunday,BAL,7.0,CIN,17.0,24.0,3.0,-112.0,104.0,45.0,132.0,-144.0,1
2009_09_HOU_IND,2009,2009-11-08,Sunday,HOU,17.0,IND,20.0,37.0,-7.5,102.0,-110.0,50.5,-340.0,300.0,1
2009_09_KC_JAX,2009,2009-11-08,Sunday,KC,21.0,JAX,24.0,45.0,-7.0,-105.0,-103.0,41.5,-295.0,255.0,0
2009_09_MIA_NE,2009,2009-11-08,Sunday,MIA,17.0,NE,27.0,44.0,-10.5,-110.0,102.0,47.0,-620.0,490.0,1
2009_09_GB_TB,2009,2009-11-08,Sunday,GB,28.0,TB,38.0,66.0,9.5,-106.0,-102.0,43.0,410.0,-480.0,0
2009_09_CAR_NO,2009,2009-11-08,Sunday,CAR,20.0,NO,30.0,50.0,-12.5,103.0,-111.0,51.0,-630.0,500.0,1
2009_09_DET_SEA,2009,2009-11-08,Sunday,DET,20.0,SEA,32.0,52.0,-11.0,-105.0,-103.0,42.0,-560.0,480.0,0
2009_09_SD_NYG,2009,2009-11-08,Sunday,SD,21.0,NYG,20.0,41.0,-5.0,-107.0,-101.0,48.5,-245.0,219.0,0
2009_09_TEN_SF,2009,2009-11-08,Sunday,TEN,34.0,SF,27.0,61.0,-4.5,100.0,-108.0,41.0,-201.0,181.0,0
2009_09_DAL_PHI,2009,2009-11-08,Sunday,DAL,20.0,PHI,16.0,36.0,-3.0,104.0,-112.0,50.0,-140.0,128.0,1
2009_09_PIT_DEN,2009,2009-11-09,Monday,PIT,28.0,DEN,10.0,38.0,3.0,-107.0,-101.0,41.0,137.0,-152.0,0
2009_10_CHI_SF,2009,2009-11-12,Thursday,CHI,6.0,SF,10.0,16.0,-3.5,102.0,-110.0,43.0,-183.0,165.0,0
2009_10_ATL_CAR,2009,2009-11-15,Sunday,ATL,19.0,CAR,28.0,47.0,1.0,-108.0,100.0,43.5,-105.0,-105.0,1
2009_10_TB_MIA,2009,2009-11-15,Sunday,TB,23.0,MIA,25.0,48.0,-10.0,100.0,-108.0,43.0,-445.0,385.0,0
2009_10_DET_MIN,2009,2009-11-15,Sunday,DET,10.0,MIN,27.0,37.0,-17.0,-104.0,-104.0,47.5,-1350.0,990.0,1
2009_10_JAX_NYJ,2009,2009-11-15,Sunday,JAX,24.0,NYJ,22.0,46.0,-6.5,-101.0,-107.0,41.0,-270.0,238.0,0
2009_10_CIN_PIT,2009,2009-11-15,Sunday,CIN,18.0,PIT,12.0,30.0,-6.5,-111.0,103.0,41.0,-310.0,270.0,1
2009_10_NO_STL,2009,2009-11-15,Sunday,NO,28.0,STL,23.0,51.0,14.0,-109.0,101.0,50.5,620.0,-800.0,0
2009_10_BUF_TEN,2009,2009-11-15,Sunday,BUF,17.0,TEN,41.0,58.0,-9.0,112.0,-121.0,41.0,-340.0,300.0,0
2009_10_DEN_WAS,2009,2009-11-15,Sunday,DEN,17.0,WAS,27.0,44.0,3.5,-111.0,103.0,36.0,162.0,-180.0,0
2009_10_KC_OAK,2009,2009-11-15,Sunday,KC,16.0,OAK,10.0,26.0,-1.0,-128.0,118.0,36.5,-140.0,128.0,1
2009_10_SEA_ARI,2009,2009-11-15,Sunday,SEA,20.0,ARI,31.0,51.0,-9.0,110.0,-119.0,46.5,-320.0,280.0,1
2009_10_DAL_GB,2009,2009-11-15,Sunday,DAL,7.0,GB,17.0,24.0,3.0,-120.0,111.0,48.0,130.0,-142.0,0
2009_10_PHI_SD,2009,2009-11-15,Sunday,PHI,23.0,SD,31.0,54.0,-1.0,-106.0,-102.0,47.0,-111.0,101.0,0
2009_10_NE_IND,2009,2009-11-15,Sunday,NE,34.0,IND,35.0,69.0,-1.0,-123.0,114.0,48.0,-132.0,120.0,0
2009_10_BAL_CLE,2009,2009-11-16,Monday,BAL,16.0,CLE,0.0,16.0,10.5,-105.0,-103.0,39.5,490.0,-570.0,1
2009_11_MIA_CAR,2009,2009-11-19,Thursday,MIA,24.0,CAR,17.0,41.0,-3.5,104.0,-112.0,42.0,-187.0,169.0,0
2009_11_IND_BAL,2009,2009-11-22,Sunday,IND,17.0,BAL,15.0,32.0,1.0,-108.0,100.0,44.0,-103.0,-107.0,0
2009_11_WAS_DAL,2009,2009-11-22,Sunday,WAS,6.0,DAL,7.0,13.0,-11.0,105.0,-114.0,41.5,-535.0,455.0,1
2009_11_CLE_DET,2009,2009-11-22,Sunday,CLE,37.0,DET,38.0,75.0,-3.5,110.0,-119.0,37.5,-173.0,158.0,0
2009_11_SF_GB,2009,2009-11-22,Sunday,SF,24.0,GB,30.0,54.0,-6.0,100.0,-108.0,42.0,-270.0,238.0,0
2009_11_BUF_JAX,2009,2009-11-22,Sunday,BUF,15.0,JAX,18.0,33.0,-9.0,111.0,-120.0,41.0,-372.0,322.0,0
2009_11_PIT_KC,2009,2009-11-22,Sunday,PIT,24.0,KC,27.0,51.0,10.5,-101.0,-107.0,39.5,570.0,-700.0,0
2009_11_SEA_MIN,2009,2009-11-22,Sunday,SEA,9.0,MIN,35.0,44.0,-10.5,102.0,-110.0,47.0,-460.0,400.0,0
2009_11_ATL_NYG,2009,2009-11-22,Sunday,ATL,31.0,NYG,34.0,65.0,-7.0,-110.0,102.0,46.0,-340.0,300.0,0
2009_11_NO_TB,2009,2009-11-22,Sunday,NO,38.0,TB,7.0,45.0,10.5,-112.0,104.0,51.0,420.0,-500.0,1
2009_11_ARI_STL,2009,2009-11-22,Sunday,ARI,21.0,STL,13.0,34.0,9.5,-115.0,106.0,46.5,330.0,-380.0,1
2009_11_SD_DEN,2009,2009-11-22,Sunday,SD,32.0,DEN,3.0,35.0,6.5,-107.0,-101.0,41.5,238.0,-270.0,1
2009_11_NYJ_NE,2009,2009-11-22,Sunday,NYJ,14.0,NE,31.0,45.0,-10.5,-112.0,104.0,45.0,-640.0,510.0,1
2009_11_CIN_OAK,2009,2009-11-22,Sunday,CIN,17.0,OAK,20.0,37.0,9.0,-117.0,108.0,36.0,340.0,-390.0,0
2009_11_PHI_CHI,2009,2009-11-22,Sunday,PHI,24.0,CHI,20.0,44.0,3.5,-107.0,-101.0,46.5,170.0,-188.0,0
2009_11_TEN_HOU,2009,2009-11-23,Monday,TEN,20.0,HOU,17.0,37.0,-4.0,105.0,-114.0,48.0,-185.0,167.0,1
2009_12_GB_DET,2009,2009-11-26,Thursday,GB,34.0,DET,12.0,46.0,11.0,102.0,-110.0,48.0,495.0,-625.0,1
2009_12_OAK_DAL,2009,2009-11-26,Thursday,OAK,7.0,DAL,24.0,31.0,-13.5,-106.0,-102.0,40.5,-800.0,620.0,0
2009_12_NYG_DEN,2009,2009-11-26,Thursday,NYG,6.0,DEN,26.0,32.0,4.5,-110.0,102.0,43.5,193.0,-219.0,0
2009_12_TB_ATL,2009,2009-11-29,Sunday,TB,17.0,ATL,20.0,37.0,-12.0,-104.0,-104.0,46.0,-625.0,500.0,1
2009_12_MIA_BUF,2009,2009-11-29,Sunday,MIA,14.0,BUF,31.0,45.0,3.5,-104.0,-104.0,38.0,172.0,-190.0,1
2009_12_CLE_CIN,2009,2009-11-29,Sunday,CLE,7.0,CIN,16.0,23.0,-12.0,-105.0,-103.0,39.5,-610.0,480.0,1
2009_12_IND_HOU,2009,2009-11-29,Sunday,IND,35.0,HOU,27.0,62.0,3.0,-121.0,112.0,48.0,127.0,-139.0,1
2009_12_CAR_NYJ,2009,2009-11-29,Sunday,CAR,6.0,NYJ,17.0,23.0,-3.5,111.0,-120.0,41.0,-168.0,153.0,0
2009_12_WAS_PHI,2009,2009-11-29,Sunday,WAS,24.0,PHI,27.0,51.0,-9.5,-119.0,110.0,40.5,-475.0,405.0,1
2009_12_SEA_STL,2009,2009-11-29,Sunday,SEA,27.0,STL,17.0,44.0,3.5,-127.0,117.0,42.5,148.0,-163.0,1
2009_12_KC_SD,2009,2009-11-29,Sunday,KC,14.0,SD,43.0,57.0,-13.0,-102.0,-106.0,44.5,-705.0,555.0,1
2009_12_JAX_SF,2009,2009-11-29,Sunday,JAX,3.0,SF,20.0,23.0,-3.0,-116.0,107.0,42.5,-175.0,160.0,0
2009_12_CHI_MIN,2009,2009-11-29,Sunday,CHI,10.0,MIN,36.0,46.0,-10.0,-112.0,104.0,47.0,-520.0,440.0,1
2009_12_ARI_TEN,2009,2009-11-29,Sunday,ARI,17.0,TEN,20.0,37.0,-3.5,-102.0,-106.0,44.5,-191.0,173.0,0
2009_12_PIT_BAL,2009,2009-11-29,Sunday,PIT,17.0,BAL,20.0,37.0,-9.0,116.0,-126.0,35.0,-334.0,294.0,1
2009_12_NE_NO,2009,2009-11-30,Monday,NE,17.0,NO,38.0,55.0,-1.0,-118.0,109.0,57.0,-126.0,116.0,0
2009_13_NYJ_BUF,2009,2009-12-03,Thursday,NYJ,19.0,BUF,13.0,32.0,3.5,100.0,-108.0,37.0,173.0,-191.0,1
2009_13_PHI_ATL,2009,2009-12-06,Sunday,PHI,34.0,ATL,7.0,41.0,4.0,-107.0,-101.0,43.5,189.0,-215.0,0
2009_13_TB_CAR,2009,2009-12-06,Sunday,TB,6.0,CAR,16.0,22.0,-3.5,-103.0,-105.0,40.0,-198.0,178.0,1
2009_13_STL_CHI,2009,2009-12-06,Sunday,STL,9.0,CHI,17.0,26.0,-9.5,104.0,-112.0,41.0,-455.0,395.0,0
2009_13_DET_CIN,2009,2009-12-06,Sunday,DET,13.0,CIN,23.0,36.0,-13.5,-111.0,103.0,42.0,-750.0,620.0,0
2009_13_TEN_IND,2009,2009-12-06,Sunday,TEN,17.0,IND,27.0,44.0,-6.0,-112.0,104.0,47.0,-250.0,224.0,1
2009_13_HOU_JAX,2009,2009-12-06,Sunday,HOU,18.0,JAX,23.0,41.0,1.0,-102.0,-106.0,47.5,102.0,-112.0,1
2009_13_DEN_KC,2009,2009-12-06,Sunday,DEN,44.0,KC,13.0,57.0,6.0,-112.0,104.0,39.0,213.0,-239.0,1
2009_13_NE_MIA,2009,2009-12-06,Sunday,NE,21.0,MIA,22.0,43.0,4.5,107.0,-116.0,46.0,228.0,-260.0,1
2009_13_OAK_PIT,2009,2009-12-06,Sunday,OAK,27.0,PIT,24.0,51.0,-14.5,-106.0,-102.0,37.0,-1150.0,890.0,0
2009_13_NO_WAS,2009,2009-12-06,Sunday,NO,33.0,WAS,30.0,63.0,9.0,-115.0,106.0,46.5,350.0,-400.0,0
2009_13_SD_CLE,2009,2009-12-06,Sunday,SD,30.0,CLE,23.0,53.0,13.5,-107.0,-101.0,42.5,570.0,-700.0,0
2009_13_DAL_NYG,2009,2009-12-06,Sunday,DAL,24.0,NYG,31.0,55.0,1.0,104.0,-113.0,45.5,108.0,-118.0,1
2009_13_SF_SEA,2009,2009-12-06,Sunday,SF,17.0,SEA,20.0,37.0,1.0,-107.0,-101.0,41.5,100.0,-110.0,1
2009_13_MIN_ARI,2009,2009-12-06,Sunday,MIN,17.0,ARI,30.0,47.0,3.5,-121.0,112.0,48.0,155.0,-170.0,0
2009_13_BAL_GB,2009,2009-12-07,Monday,BAL,14.0,GB,27.0,41.0,-4.0,-106.0,-102.0,43.0,-206.0,186.0,0
2009_14_PIT_CLE,2009,2009-12-10,Thursday,PIT,6.0,CLE,13.0,19.0,10.0,-103.0,-105.0,34.0,445.0,-525.0,1
2009_14_NO_ATL,2009,2009-12-13,Sunday,NO,26.0,ATL,23.0,49.0,10.0,-107.0,-101.0,50.5,370.0,-430.0,1
2009_14_DET_BAL,2009,2009-12-13,Sunday,DET,3.0,BAL,48.0,51.0,-14.0,-101.0,-107.0,40.5,-811.0,631.0,0
2009_14_GB_CHI,2009,2009-12-13,Sunday,GB,21.0,CHI,14.0,35.0,4.0,-113.0,104.0,41.0,172.0,-190.0,1
2009_14_SEA_HOU,2009,2009-12-13,Sunday,SEA,7.0,HOU,34.0,41.0,-7.0,-102.0,-106.0,44.5,-300.0,260.0,0
2009_14_DEN_IND,2009,2009-12-13,Sunday,DEN,16.0,IND,28.0,44.0,-6.5,-103.0,-105.0,43.5,-290.0,258.0,0
2009_14_MIA_JAX,2009,2009-12-13,Sunday,MIA,14.0,JAX,10.0,24.0,-1.0,-125.0,115.0,43.0,-135.0,123.0,0
2009_14_BUF_KC,2009,2009-12-13,Sunday,BUF,16.0,KC,10.0,26.0,3.0,-122.0,113.0,38.0,129.0,-141.0,0
2009_14_CIN_MIN,2009,2009-12-13,Sunday,CIN,10.0,MIN,30.0,40.0,-6.0,-102.0,-106.0,42.5,-240.0,214.0,0
2009_14_CAR_NE,2009,2009-12-13,Sunday,CAR,10.0,NE,20.0,30.0,-12.5,101.0,-109.0,43.5,-600.0,470.0,0
2009_14_NYJ_TB,2009,2009-12-13,Sunday,NYJ,26.0,TB,3.0,29.0,3.5,-104.0,-104.0,36.5,177.0,-195.0,0
2009_14_WAS_OAK,2009,2009-12-13,Sunday,WAS,34.0,OAK,13.0,47.0,1.0,108.0,-117.0,37.5,115.0,-125.0,0
2009_14_STL_TEN,2009,2009-12-13,Sunday,STL,7.0,TEN,47.0,54.0,-13.5,-109.0,101.0,40.0,-700.0,570.0,0
2009_14_SD_DAL,2009,2009-12-13,Sunday,SD,20.0,DAL,17.0,37.0,-3.5,100.0,-108.0,48.5,-177.0,162.0,0
2009_14_PHI_NYG,2009,2009-12-13,Sunday,PHI,45.0,NYG,38.0,83.0,1.0,-102.0,-106.0,42.5,101.0,-111.0,1
2009_14_ARI_SF,2009,2009-12-14,Monday,ARI,9.0,SF,24.0,33.0,4.0,-108.0,100.0,44.5,181.0,-201.0,1
2009_15_IND_JAX,2009,2009-12-17,Thursday,IND,35.0,JAX,31.0,66.0,3.5,-113.0,104.0,43.0,163.0,-178.0,1
2009_15_DAL_NO,2009,2009-12-19,Saturday,DAL,24.0,NO,17.0,41.0,-7.5,110.0,-119.0,53.5,-325.0,285.0,0
2009_15_NE_BUF,2009,2009-12-20,Sunday,NE,17.0,BUF,10.0,27.0,6.5,104.0,-112.0,41.5,280.0,-320.0,1
2009_15_ARI_DET,2009,2009-12-20,Sunday,ARI,31.0,DET,24.0,55.0,14.0,-108.0,100.0,46.5,650.0,-830.0,0
2009_15_CLE_KC,2009,2009-12-20,Sunday,CLE,41.0,KC,34.0,75.0,-1.0,-126.0,116.0,39.0,-147.0,135.0,0
2009_15_ATL_NYJ,2009,2009-12-20,Sunday,ATL,10.0,NYJ,7.0,17.0,-5.5,103.0,-111.0,36.5,-233.0,207.0,0
2009_15_HOU_STL,2009,2009-12-20,Sunday,HOU,16.0,STL,13.0,29.0,14.0,101.0,-109.0,43.5,720.0,-900.0,0
2009_15_MIA_TEN,2009,2009-12-20,Sunday,MIA,24.0,TEN,27.0,51.0,-4.5,-108.0,100.0,42.5,-230.0,204.0,0
2009_15_OAK_DEN,2009,2009-12-20,Sunday,OAK,20.0,DEN,19.0,39.0,-13.5,102.0,-110.0,37.0,-706.0,576.0,1
2009_15_CIN_SD,2009,2009-12-20,Sunday,CIN,24.0,SD,27.0,51.0,-6.5,-107.0,-101.0,44.0,-275.0,243.0,0
2009_15_CHI_BAL,2009,2009-12-20,Sunday,CHI,7.0,BAL,31.0,38.0,-10.5,103.0,-111.0,39.5,-468.0,408.0,0
2009_15_SF_PHI,2009,2009-12-20,Sunday,SF,13.0,PHI,27.0,40.0,-7.0,-110.0,102.0,41.0,-340.0,300.0,0
2009_15_GB_PIT,2009,2009-12-20,Sunday,GB,36.0,PIT,37.0,73.0,-2.5,-108.0,100.0,41.5,-140.0,128.0,0
2009_15_TB_SEA,2009,2009-12-20,Sunday,TB,24.0,SEA,7.0,31.0,-6.5,-106.0,-102.0,39.0,-270.0,238.0,0
2009_15_MIN_CAR,2009,2009-12-20,Sunday,MIN,7.0,CAR,26.0,33.0,9.0,-119.0,110.0,42.5,341.0,-391.0,0
2009_15_NYG_WAS,2009,2009-12-21,Monday,NYG,45.0,WAS,12.0,57.0,1.0,113.0,-122.0,43.5,118.0,-128.0,1
2009_16_SD_TEN,2009,2009-12-25,Friday,SD,42.0,TEN,17.0,59.0,-1.0,-121.0,112.0,47.5,-132.0,120.0,0
2009_16_BUF_ATL,2009,2009-12-27,Sunday,BUF,3.0,ATL,31.0,34.0,-9.0,116.0,-126.0,40.5,-350.0,310.0,0
2009_16_KC_CIN,2009,2009-12-27,Sunday,KC,10.0,CIN,17.0,27.0,-13.0,100.0,-108.0,39.5,-650.0,520.0,0
2009_16_OAK_CLE,2009,2009-12-27,Sunday,OAK,9.0,CLE,23.0,32.0,-3.0,-119.0,110.0,37.0,-173.0,158.0,0
2009_16_SEA_GB,2009,2009-12-27,Sunday,SEA,10.0,GB,48.0,58.0,-13.5,102.0,-110.0,43.5,-700.0,570.0,0
2009_16_HOU_MIA,2009,2009-12-27,Sunday,HOU,27.0,MIA,20.0,47.0,-1.0,-115.0,106.0,47.0,-124.0,114.0,0
2009_16_JAX_NE,2009,2009-12-27,Sunday,JAX,7.0,NE,35.0,42.0,-9.5,100.0,-108.0,44.5,-432.0,372.0,0
2009_16_TB_NO,2009,2009-12-27,Sunday,TB,20.0,NO,17.0,37.0,-14.0,102.0,-110.0,48.5,-770.0,640.0,1
2009_16_CAR_NYG,2009,2009-12-27,Sunday,CAR,41.0,NYG,9.0,50.0,-9.0,108.0,-117.0,43.0,-380.0,330.0,0
2009_16_BAL_PIT,2009,2009-12-27,Sunday,BAL,20.0,PIT,23.0,43.0,-3.0,108.0,-117.0,43.0,-139.0,127.0,1
2009_16_STL_ARI,2009,2009-12-27,Sunday,STL,10.0,ARI,31.0,41.0,-16.0,-115.0,106.0,44.0,-1400.0,1040.0,1
2009_16_DET_SF,2009,2009-12-27,Sunday,DET,6.0,SF,20.0,26.0,-14.0,-107.0,-101.0,41.0,-835.0,655.0,0
2009_16_NYJ_IND,2009,2009-12-27,Sunday,NYJ,29.0,IND,15.0,44.0,-3.0,-119.0,110.0,40.5,-185.0,167.0,0
2009_16_DEN_PHI,2009,2009-12-27,Sunday,DEN,27.0,PHI,30.0,57.0,-7.0,-102.0,-106.0,43.0,-300.0,260.0,0
2009_16_DAL_WAS,2009,2009-12-27,Sunday,DAL,17.0,WAS,0.0,17.0,7.0,-106.0,-102.0,42.0,273.0,-313.0,1
2009_16_MIN_CHI,2009,2009-12-28,Monday,MIN,30.0,CHI,36.0,66.0,9.0,-123.0,114.0,41.0,330.0,-380.0,1
2009_17_IND_BUF,2009,2010-01-03,Sunday,IND,7.0,BUF,30.0,37.0,-9.0,111.0,-120.0,32.5,-360.0,310.0,0
2009_17_NO_CAR,2009,2010-01-03,Sunday,NO,10.0,CAR,23.0,33.0,-10.0,-104.0,-104.0,41.0,-400.0,350.0,1
2009_17_JAX_CLE,2009,2010-01-03,Sunday,JAX,17.0,CLE,23.0,40.0,-1.0,-115.0,106.0,35.5,-121.0,111.0,0
2009_17_CHI_DET,2009,2010-01-03,Sunday,CHI,37.0,DET,23.0,60.0,4.0,102.0,-110.0,44.0,189.0,-215.0,1
2009_17_NE_HOU,2009,2010-01-03,Sunday,NE,27.0,HOU,34.0,61.0,-9.0,106.0,-115.0,46.5,-285.0,253.0,0
2009_17_PIT_MIA,2009,2010-01-03,Sunday,PIT,30.0,MIA,24.0,54.0,3.0,-123.0,114.0,46.0,133.0,-145.0,0
2009_17_NYG_MIN,2009,2010-01-03,Sunday,NYG,7.0,MIN,44.0,51.0,-9.0,105.0,-114.0,48.0,-351.0,311.0,0
2009_17_SF_STL,2009,2010-01-03,Sunday,SF,28.0,STL,6.0,34.0,7.0,-109.0,101.0,39.5,255.0,-295.0,1
2009_17_ATL_TB,2009,2010-01-03,Sunday,ATL,20.0,TB,10.0,30.0,3.0,-108.0,100.0,41.5,133.0,-145.0,1
2009_17_GB_ARI,2009,2010-01-03,Sunday,GB,33.0,ARI,7.0,40.0,-3.0,103.0,-111.0,42.0,-153.0,138.0,0
2009_17_PHI_DAL,2009,2010-01-03,Sunday,PHI,0.0,DAL,24.0,24.0,-3.0,-101.0,-107.0,47.5,-155.0,140.0,1
2009_17_KC_DEN,2009,2010-01-03,Sunday,KC,44.0,DEN,24.0,68.0,-9.5,107.0,-116.0,38.0,-430.0,370.0,1
2009_17_BAL_OAK,2009,2010-01-03,Sunday,BAL,21.0,OAK,13.0,34.0,10.0,-106.0,-102.0,39.0,420.0,-490.0,0
2009_17_WAS_SD,2009,2010-01-03,Sunday,WAS,20.0,SD,23.0,43.0,-3.0,-104.0,-104.0,39.0,-164.0,149.0,0
2009_17_TEN_SEA,2009,2010-01-03,Sunday,TEN,17.0,SEA,13.0,30.0,6.0,-116.0,107.0,45.0,219.0,-245.0,0
2009_17_CIN_NYJ,2009,2010-01-03,Sunday,CIN,0.0,NYJ,37.0,37.0,-9.5,-119.0,110.0,33.5,-460.0,400.0,0
2009_18_NYJ_CIN,2009,2010-01-09,Saturday,NYJ,24.0,CIN,14.0,38.0,-2.5,-113.0,104.0,34.0,-143.0,131.0,0
2009_18_PHI_DAL,2009,2010-01-09,Saturday,PHI,14.0,DAL,34.0,48.0,-3.5,-106.0,-102.0,45.5,-200.0,180.0,1
2009_18_BAL_NE,2009,2010-01-10,Sunday,BAL,33.0,NE,14.0,47.0,-3.5,-105.0,-103.0,43.5,-195.0,177.0,0
2009_18_GB_ARI,2009,2010-01-10,Sunday,GB,45.0,ARI,51.0,96.0,2.5,-107.0,-101.0,48.0,117.0,-127.0,0
2009_19_ARI_NO,2009,2010-01-16,Saturday,ARI,14.0,NO,45.0,59.0,-7.0,-113.0,104.0,57.0,-320.0,280.0,0
2009_19_BAL_IND,2009,2010-01-16,Saturday,BAL,3.0,IND,20.0,23.0,-6.5,100.0,-108.0,44.0,-265.0,233.0,0
2009_19_DAL_MIN,2009,2010-01-17,Sunday,DAL,3.0,MIN,34.0,37.0,-2.5,-116.0,107.0,45.0,-139.0,127.0,0
2009_19_NYJ_SD,2009,2010-01-17,Sunday,NYJ,17.0,SD,14.0,31.0,-9.0,111.0,-120.0,42.5,-400.0,350.0,0
2009_20_NYJ_IND,2009,2010-01-24,Sunday,NYJ,17.0,IND,30.0,47.0,-8.0,109.0,-118.0,40.0,-330.0,290.0,0
2009_20_MIN_NO,2009,2010-01-24,Sunday,MIN,28.0,NO,31.0,59.0,-4.0,-105.0,-103.0,54.0,-201.0,181.0,0
2009_21_NO_IND,2009,2010-02-07,Sunday,NO,31.0,IND,17.0,48.0,-4.5,101.0,-107.0,56.5,-201.0,181.0,0
2010_01_MIN_NO,2010,2010-09-09,Thursday,MIN,9.0,NO,14.0,23.0,-4.5,-103.0,-105.0,48.5,-220.0,197.0,0
2010_01_MIA_BUF,2010,2010-09-12,Sunday,MIA,15.0,BUF,10.0,25.0,3.0,-102.0,-106.0,39.5,140.0,-155.0,1
2010_01_DET_CHI,2010,2010-09-12,Sunday,DET,14.0,CHI,19.0,33.0,-6.5,-111.0,103.0,44.5,-280.0,248.0,1
2010_01_IND_HOU,2010,2010-09-12,Sunday,IND,24.0,HOU,34.0,58.0,1.0,102.0,-110.0,47.5,106.0,-117.0,1
2010_01_DEN_JAX,2010,2010-09-12,Sunday,DEN,17.0,JAX,24.0,41.0,-3.0,-118.0,109.0,41.5,-185.0,166.0,0
2010_01_CIN_NE,2010,2010-09-12,Sunday,CIN,24.0,NE,38.0,62.0,-5.0,-104.0,-104.0,44.5,-230.0,205.0,0
2010_01_CAR_NYG,2010,2010-09-12,Sunday,CAR,18.0,NYG,31.0,49.0,-5.5,-101.0,-107.0,40.5,-240.0,214.0,0
2010_01_ATL_PIT,2010,2010-09-12,Sunday,ATL,9.0,PIT,15.0,24.0,1.0,-102.0,-106.0,38.5,102.0,-112.0,0
2010_01_CLE_TB,2010,2010-09-12,Sunday,CLE,14.0,TB,17.0,31.0,-2.5,-110.0,102.0,37.0,-135.0,122.0,0
2010_01_OAK_TEN,2010,2010-09-12,Sunday,OAK,13.0,TEN,38.0,51.0,-6.5,-106.0,-102.0,39.5,-265.0,235.0,0
2010_01_GB_PHI,2010,2010-09-12,Sunday,GB,27.0,PHI,20.0,47.0,3.0,-117.0,108.0,47.5,125.0,-138.0,0
2010_01_SF_SEA,2010,2010-09-12,Sunday,SF,6.0,SEA,31.0,37.0,3.0,109.0,-118.0,37.0,166.0,-185.0,1
2010_01_ARI_STL,2010,2010-09-12,Sunday,ARI,17.0,STL,13.0,30.0,3.0,-104.0,-104.0,39.5,147.0,-163.0,1
2010_01_DAL_WAS,2010,2010-09-12,Sunday,DAL,7.0,WAS,13.0,20.0,3.5,-108.0,100.0,39.5,166.0,-185.0,1
2010_01_BAL_NYJ,2010,2010-09-13,Monday,BAL,10.0,NYJ,9.0,19.0,-1.0,-113.0,104.0,36.5,-119.0,108.0,0
2010_01_SD_KC,2010,2010-09-13,Monday,SD,14.0,KC,21.0,35.0,4.0,-110.0,102.0,45.5,180.0,-200.0,1
2010_02_ARI_ATL,2010,2010-09-19,Sunday,ARI,7.0,ATL,41.0,48.0,-7.0,104.0,-113.0,43.0,-280.0,248.0,0
2010_02_TB_CAR,2010,2010-09-19,Sunday,TB,20.0,CAR,7.0,27.0,-4.0,-107.0,-101.0,38.0,-210.0,188.0,1
2010_02_BAL_CIN,2010,2010-09-19,Sunday,BAL,10.0,CIN,15.0,25.0,2.5,106.0,-115.0,39.5,131.0,-145.0,1
2010_02_KC_CLE,2010,2010-09-19,Sunday,KC,16.0,CLE,14.0,30.0,-3.0,-120.0,111.0,38.0,-175.0,158.0,0
2010_02_CHI_DAL,2010,2010-09-19,Sunday,CHI,27.0,DAL,20.0,47.0,-7.0,-106.0,-102.0,41.0,-315.0,277.0,0
2010_02_PHI_DET,2010,2010-09-19,Sunday,PHI,35.0,DET,32.0,67.0,6.5,-109.0,101.0,41.0,244.0,-276.0,0
2010_02_BUF_GB,2010,2010-09-19,Sunday,BUF,7.0,GB,34.0,41.0,-12.5,-106.0,-102.0,43.0,-670.0,548.0,0
2010_02_MIA_MIN,2010,2010-09-19,Sunday,MIA,14.0,MIN,10.0,24.0,-5.5,103.0,-111.0,40.5,-222.0,199.0,0
2010_02_PIT_TEN,2010,2010-09-19,Sunday,PIT,19.0,TEN,11.0,30.0,-6.0,-104.0,-104.0,36.5,-260.0,231.0,0
2010_02_SEA_DEN,2010,2010-09-19,Sunday,SEA,14.0,DEN,31.0,45.0,-3.5,104.0,-113.0,41.0,-175.0,158.0,0
2010_02_STL_OAK,2010,2010-09-19,Sunday,STL,14.0,OAK,16.0,30.0,-3.0,-126.0,116.0,37.5,-180.0,162.0,0
2010_02_NE_NYJ,2010,2010-09-19,Sunday,NE,14.0,NYJ,28.0,42.0,3.0,-110.0,102.0,39.5,140.0,-155.0,1
2010_02_JAX_SD,2010,2010-09-19,Sunday,JAX,13.0,SD,38.0,51.0,-7.0,104.0,-112.0,45.5,-300.0,264.0,0
2010_02_HOU_WAS,2010,2010-09-19,Sunday,HOU,30.0,WAS,27.0,57.0,2.5,105.0,-114.0,43.0,129.0,-143.0,0
2010_02_NYG_IND,2010,2010-09-19,Sunday,NYG,14.0,IND,38.0,52.0,-4.0,-106.0,-102.0,47.5,-207.0,186.0,0
2010_02_NO_SF,2010,2010-09-20,Monday,NO,25.0,SF,22.0,47.0,4.5,-102.0,-106.0,43.5,193.0,-215.0,0
2010_03_CLE_BAL,2010,2010-09-26,Sunday,CLE,17.0,BAL,24.0,41.0,-12.0,-109.0,101.0,36.5,-700.0,569.0,1
2010_03_CIN_CAR,2010,2010-09-26,Sunday,CIN,20.0,CAR,7.0,27.0,3.0,100.0,-108.0,37.5,147.0,-163.0,0
2010_03_DAL_HOU,2010,2010-09-26,Sunday,DAL,27.0,HOU,13.0,40.0,-1.5,-116.0,107.0,47.5,-131.0,119.0,0
2010_03_SF_KC,2010,2010-09-26,Sunday,SF,10.0,KC,31.0,41.0,2.5,105.0,-114.0,38.0,125.0,-138.0,0
2010_03_DET_MIN,2010,2010-09-26,Sunday,DET,10.0,MIN,24.0,34.0,-13.0,-105.0,-103.0,42.5,-650.0,534.0,1
2010_03_BUF_NE,2010,2010-09-26,Sunday,BUF,30.0,NE,38.0,68.0,-14.0,-109.0,101.0,42.5,-890.0,697.0,1
2010_03_ATL_NO,2010,2010-09-26,Sunday,ATL,27.0,NO,24.0,51.0,-3.0,-120.0,111.0,49.5,-172.0,155.0,1
2010_03_TEN_NYG,2010,2010-09-26,Sunday,TEN,29.0,NYG,10.0,39.0,-3.0,104.0,-112.0,43.5,-147.0,133.0,0
2010_03_PIT_TB,2010,2010-09-26,Sunday,PIT,38.0,TB,13.0,51.0,2.0,104.0,-113.0,33.0,127.0,-140.0,0
2010_03_PHI_JAX,2010,2010-09-26,Sunday,PHI,28.0,JAX,3.0,31.0,2.0,101.0,-109.0,45.0,115.0,-127.0,0
2010_03_WAS_STL,2010,2010-09-26,Sunday,WAS,16.0,STL,30.0,46.0,4.5,-105.0,-103.0,39.0,197.0,-220.0,0
2010_03_OAK_ARI,2010,2010-09-26,Sunday,OAK,23.0,ARI,24.0,47.0,-5.5,-104.0,-104.0,38.5,-234.0,209.0,0
2010_03_IND_DEN,2010,2010-09-26,Sunday,IND,27.0,DEN,13.0,40.0,5.5,103.0,-111.0,47.0,225.0,-253.0,0
2010_03_SD_SEA,2010,2010-09-26,Sunday,SD,20.0,SEA,27.0,47.0,3.5,-105.0,-103.0,44.0,171.0,-190.0,0
2010_03_NYJ_MIA,2010,2010-09-26,Sunday,NYJ,31.0,MIA,23.0,54.0,-1.0,-123.0,114.0,35.5,-131.0,119.0,1
2010_03_GB_CHI,2010,2010-09-27,Monday,GB,17.0,CHI,20.0,37.0,3.0,-114.0,105.0,45.5,127.0,-140.0,1
2010_04_SF_ATL,2010,2010-10-03,Sunday,SF,14.0,ATL,16.0,30.0,-7.0,101.0,-109.0,42.5,-309.0,272.0,0
2010_04_NYJ_BUF,2010,2010-10-03,Sunday,NYJ,38.0,BUF,14.0,52.0,5.5,-113.0,104.0,36.5,210.0,-235.0,1
2010_04_CIN_CLE,2010,2010-10-03,Sunday,CIN,20.0,CLE,23.0,43.0,1.5,-105.0,-103.0,36.5,104.0,-115.0,1
2010_04_DET_GB,2010,2010-10-03,Sunday,DET,26.0,GB,28.0,54.0,-14.5,-107.0,-101.0,46.0,-1100.0,816.0,1
2010_04_CAR_NO,2010,2010-10-03,Sunday,CAR,14.0,NO,16.0,30.0,-12.5,100.0,-108.0,43.5,-650.0,534.0,1
2010_04_BAL_PIT,2010,2010-10-03,Sunday,BAL,17.0,PIT,14.0,31.0,-2.0,-110.0,102.0,34.5,-124.0,112.0,1
2010_04_SEA_STL,2010,2010-10-03,Sunday,SEA,3.0,STL,20.0,23.0,1.5,103.0,-111.0,40.0,113.0,-125.0,1
2010_04_DEN_TEN,2010,2010-10-03,Sunday,DEN,26.0,TEN,20.0,46.0,-6.0,-110.0,102.0,43.5,-275.0,244.0,0
2010_04_IND_JAX,2010,2010-10-03,Sunday,IND,28.0,JAX,31.0,59.0,7.0,-115.0,106.0,45.5,254.0,-288.0,1
2010_04_HOU_OAK,2010,2010-10-03,Sunday,HOU,31.0,OAK,24.0,55.0,3.5,-118.0,109.0,43.5,162.0,-180.0,0
2010_04_WAS_PHI,2010,2010-10-03,Sunday,WAS,17.0,PHI,12.0,29.0,-5.0,-111.0,103.0,44.0,-240.0,214.0,1
2010_04_ARI_SD,2010,2010-10-03,Sunday,ARI,10.0,SD,41.0,51.0,-10.0,-104.0,-104.0,47.0,-500.0,423.0,0
2010_04_CHI_NYG,2010,2010-10-03,Sunday,CHI,3.0,NYG,17.0,20.0,-3.5,-108.0,100.0,44.0,-194.0,174.0,0
2010_04_NE_MIA,2010,2010-10-04,Monday,NE,41.0,MIA,14.0,55.0,-1.0,-103.0,-105.0,48.0,-111.0,101.0,1
2010_05_DEN_BAL,2010,2010-10-10,Sunday,DEN,17.0,BAL,31.0,48.0,-8.0,101.0,-109.0,39.5,-375.0,326.0,0
2010_05_JAX_BUF,2010,2010-10-10,Sunday,JAX,36.0,BUF,26.0,62.0,-2.5,-103.0,-105.0,41.5,-131.0,119.0,0
2010_05_CHI_CAR,2010,2010-10-10,Sunday,CHI,23.0,CAR,6.0,29.0,-2.5,-114.0,105.0,33.0,-140.0,127.0,0
2010_05_TB_CIN,2010,2010-10-10,Sunday,TB,24.0,CIN,21.0,45.0,-6.5,100.0,-108.0,38.0,-285.0,252.0,0
2010_05_ATL_CLE,2010,2010-10-10,Sunday,ATL,20.0,CLE,10.0,30.0,3.0,-103.0,-105.0,41.5,144.0,-160.0,0
2010_05_STL_DET,2010,2010-10-10,Sunday,STL,6.0,DET,44.0,50.0,-3.0,105.0,-114.0,43.5,-143.0,129.0,0
2010_05_NYG_HOU,2010,2010-10-10,Sunday,NYG,34.0,HOU,10.0,44.0,-3.0,-121.0,112.0,48.5,-175.0,158.0,0
2010_05_KC_IND,2010,2010-10-10,Sunday,KC,9.0,IND,19.0,28.0,-7.5,102.0,-110.0,46.0,-355.0,310.0,0
2010_05_GB_WAS,2010,2010-10-10,Sunday,GB,13.0,WAS,16.0,29.0,2.5,108.0,-117.0,45.5,136.0,-150.0,0
2010_05_NO_ARI,2010,2010-10-10,Sunday,NO,20.0,ARI,30.0,50.0,6.5,-103.0,-105.0,45.5,252.0,-285.0,0
2010_05_TEN_DAL,2010,2010-10-10,Sunday,TEN,34.0,DAL,27.0,61.0,-6.5,-109.0,101.0,43.5,-300.0,264.0,0
2010_05_SD_OAK,2010,2010-10-10,Sunday,SD,27.0,OAK,35.0,62.0,7.0,-107.0,-101.0,44.0,256.0,-290.0,1
2010_05_PHI_SF,2010,2010-10-10,Sunday,PHI,27.0,SF,24.0,51.0,-3.0,-113.0,104.0,39.5,-175.0,158.0,0
2010_05_MIN_NYJ,2010,2010-10-11,Monday,MIN,20.0,NYJ,29.0,49.0,-4.0,-104.0,-104.0,38.0,-215.0,193.0,0
2010_06_SEA_CHI,2010,2010-10-17,Sunday,SEA,23.0,CHI,20.0,43.0,-6.0,-102.0,-106.0,37.5,-257.0,228.0,0
2010_06_MIA_GB,2010,2010-10-17,Sunday,MIA,23.0,GB,20.0,43.0,-3.0,101.0,-109.0,44.0,-153.0,138.0,0
2010_06_KC_HOU,2010,2010-10-17,Sunday,KC,31.0,HOU,35.0,66.0,-4.5,-105.0,-103.0,45.5,-222.0,199.0,0
2010_06_BAL_NE,2010,2010-10-17,Sunday,BAL,20.0,NE,23.0,43.0,-3.0,109.0,-118.0,44.5,-139.0,126.0,0
2010_06_DET_NYG,2010,2010-10-17,Sunday,DET,20.0,NYG,28.0,48.0,-10.0,-101.0,-107.0,45.5,-500.0,423.0,0
2010_06_ATL_PHI,2010,2010-10-17,Sunday,ATL,17.0,PHI,31.0,48.0,-1.0,-113.0,104.0,43.0,-118.0,107.0,0
2010_06_CLE_PIT,2010,2010-10-17,Sunday,CLE,10.0,PIT,28.0,38.0,-14.0,104.0,-113.0,37.5,-1000.0,760.0,1
2010_06_SD_STL,2010,2010-10-17,Sunday,SD,17.0,STL,20.0,37.0,9.5,-113.0,104.0,44.5,326.0,-376.0,0
2010_06_NO_TB,2010,2010-10-17,Sunday,NO,31.0,TB,6.0,37.0,5.5,-108.0,100.0,43.5,205.0,-230.0,1
2010_06_NYJ_DEN,2010,2010-10-17,Sunday,NYJ,24.0,DEN,20.0,44.0,3.5,-109.0,101.0,43.0,162.0,-180.0,0
2010_06_OAK_SF,2010,2010-10-17,Sunday,OAK,9.0,SF,17.0,26.0,-9.0,110.0,-119.0,40.5,-350.0,305.0,0
2010_06_DAL_MIN,2010,2010-10-17,Sunday,DAL,21.0,MIN,24.0,45.0,-1.0,-116.0,107.0,43.5,-124.0,112.0,0
2010_06_IND_WAS,2010,2010-10-17,Sunday,IND,27.0,WAS,24.0,51.0,3.0,-104.0,-104.0,44.5,148.0,-164.0,0
2010_06_TEN_JAX,2010,2010-10-18,Monday,TEN,30.0,JAX,3.0,33.0,3.0,-114.0,105.0,43.5,129.0,-143.0,1
2010_07_CIN_ATL,2010,2010-10-24,Sunday,CIN,32.0,ATL,39.0,71.0,-3.5,-108.0,100.0,43.0,-195.0,175.0,0
2010_07_BUF_BAL,2010,2010-10-24,Sunday,BUF,34.0,BAL,37.0,71.0,-12.0,-108.0,100.0,39.5,-621.0,513.0,0
2010_07_SF_CAR,2010,2010-10-24,Sunday,SF,20.0,CAR,23.0,43.0,1.0,107.0,-116.0,36.5,113.0,-125.0,0
2010_07_WAS_CHI,2010,2010-10-24,Sunday,WAS,17.0,CHI,14.0,31.0,-3.0,-104.0,-104.0,40.5,-160.0,144.0,0
2010_07_JAX_KC,2010,2010-10-24,Sunday,JAX,20.0,KC,42.0,62.0,-9.0,104.0,-113.0,38.5,-415.0,358.0,0
2010_07_PIT_MIA,2010,2010-10-24,Sunday,PIT,23.0,MIA,22.0,45.0,3.0,-115.0,106.0,40.5,129.0,-142.0,0
2010_07_CLE_NO,2010,2010-10-24,Sunday,CLE,30.0,NO,17.0,47.0,-12.0,103.0,-111.0,44.0,-600.0,498.0,0
2010_07_STL_TB,2010,2010-10-24,Sunday,STL,17.0,TB,18.0,35.0,-3.0,-114.0,105.0,38.5,-165.0,149.0,0
2010_07_PHI_TEN,2010,2010-10-24,Sunday,PHI,19.0,TEN,37.0,56.0,-3.0,109.0,-118.0,41.0,-142.0,129.0,0
2010_07_ARI_SEA,2010,2010-10-24,Sunday,ARI,10.0,SEA,22.0,32.0,-6.5,-105.0,-103.0,40.5,-276.0,244.0,1
2010_07_OAK_DEN,2010,2010-10-24,Sunday,OAK,59.0,DEN,14.0,73.0,-7.0,100.0,-108.0,43.0,-300.0,264.0,1
2010_07_NE_SD,2010,2010-10-24,Sunday,NE,23.0,SD,20.0,43.0,-2.5,-105.0,-103.0,49.0,-125.0,113.0,0
2010_07_MIN_GB,2010,2010-10-24,Sunday,MIN,24.0,GB,28.0,52.0,-2.5,-110.0,102.0,43.5,-130.0,118.0,1
2010_07_NYG_DAL,2010,2010-10-25,Monday,NYG,41.0,DAL,35.0,76.0,-3.5,-102.0,-106.0,45.0,-180.0,162.0,1
2010_08_MIA_CIN,2010,2010-10-31,Sunday,MIA,22.0,CIN,14.0,36.0,1.0,-103.0,-105.0,43.0,-102.0,-108.0,0
2010_08_JAX_DAL,2010,2010-10-31,Sunday,JAX,35.0,DAL,17.0,52.0,-6.5,-113.0,104.0,43.5,-278.0,246.0,0
2010_08_WAS_DET,2010,2010-10-31,Sunday,WAS,25.0,DET,37.0,62.0,-2.5,-114.0,105.0,44.5,-135.0,122.0,0
2010_08_BUF_KC,2010,2010-10-31,Sunday,BUF,10.0,KC,13.0,23.0,-7.0,-107.0,-101.0,45.0,-325.0,285.0,0
2010_08_GB_NYJ,2010,2010-10-31,Sunday,GB,9.0,NYJ,0.0,9.0,-6.5,-107.0,-101.0,41.5,-260.0,231.0,0
2010_08_DEN_SF,2010,2010-10-31,Sunday,DEN,16.0,SF,24.0,40.0,-2.0,-103.0,-105.0,41.0,-124.0,112.0,0
2010_08_CAR_STL,2010,2010-10-31,Sunday,CAR,10.0,STL,20.0,30.0,-2.5,-108.0,100.0,38.0,-145.0,131.0,0
2010_08_TEN_SD,2010,2010-10-31,Sunday,TEN,25.0,SD,33.0,58.0,-6.0,-101.0,-107.0,45.0,-221.0,198.0,0
2010_08_TB_ARI,2010,2010-10-31,Sunday,TB,38.0,ARI,35.0,73.0,-3.0,-116.0,107.0,38.0,-174.0,157.0,0
2010_08_MIN_NE,2010,2010-10-31,Sunday,MIN,18.0,NE,28.0,46.0,-5.0,101.0,-109.0,44.5,-212.0,190.0,0
2010_08_SEA_OAK,2010,2010-10-31,Sunday,SEA,3.0,OAK,33.0,36.0,-1.5,-106.0,-102.0,39.5,-118.0,107.0,0
2010_08_PIT_NO,2010,2010-10-31,Sunday,PIT,10.0,NO,20.0,30.0,-1.0,-109.0,101.0,45.0,-117.0,106.0,0
2010_08_HOU_IND,2010,2010-11-01,Monday,HOU,17.0,IND,30.0,47.0,-5.5,-105.0,-103.0,50.5,-230.0,205.0,1
2010_09_TB_ATL,2010,2010-11-07,Sunday,TB,21.0,ATL,27.0,48.0,-10.0,-106.0,-102.0,44.5,-475.0,404.0,1
2010_09_MIA_BAL,2010,2010-11-07,Sunday,MIA,10.0,BAL,26.0,36.0,-5.0,-103.0,-105.0,40.5,-221.0,198.0,0
2010_09_CHI_BUF,2010,2010-11-07,Sunday,CHI,22.0,BUF,19.0,41.0,3.0,-108.0,100.0,41.5,135.0,-149.0,0
2010_09_NO_CAR,2010,2010-11-07,Sunday,NO,34.0,CAR,3.0,37.0,5.5,100.0,-108.0,40.0,218.0,-245.0,1
2010_09_NE_CLE,2010,2010-11-07,Sunday,NE,14.0,CLE,34.0,48.0,4.0,-108.0,100.0,44.0,180.0,-200.0,0
2010_09_NYJ_DET,2010,2010-11-07,Sunday,NYJ,23.0,DET,20.0,43.0,5.5,-103.0,-105.0,42.5,214.0,-240.0,0
2010_09_SD_HOU,2010,2010-11-07,Sunday,SD,29.0,HOU,23.0,52.0,3.0,-121.0,112.0,50.0,123.0,-136.0,0
2010_09_ARI_MIN,2010,2010-11-07,Sunday,ARI,24.0,MIN,27.0,51.0,-7.0,-110.0,102.0,42.5,-325.0,285.0,0
2010_09_NYG_SEA,2010,2010-11-07,Sunday,NYG,41.0,SEA,7.0,48.0,7.0,100.0,-108.0,40.5,278.0,-316.0,0
2010_09_KC_OAK,2010,2010-11-07,Sunday,KC,20.0,OAK,23.0,43.0,1.0,-106.0,-102.0,41.0,-103.0,-107.0,1
2010_09_IND_PHI,2010,2010-11-07,Sunday,IND,24.0,PHI,26.0,50.0,-3.5,108.0,-117.0,46.5,-162.0,146.0,0
2010_09_DAL_GB,2010,2010-11-07,Sunday,DAL,7.0,GB,45.0,52.0,-7.0,-114.0,105.0,46.0,-326.0,286.0,0
2010_09_PIT_CIN,2010,2010-11-08,Monday,PIT,27.0,CIN,21.0,48.0,5.0,-106.0,-102.0,41.5,210.0,-235.0,1
2010_10_BAL_ATL,2010,2010-11-11,Thursday,BAL,21.0,ATL,26.0,47.0,-1.0,-120.0,111.0,43.5,-125.0,113.0,0
2010_10_DET_BUF,2010,2010-11-14,Sunday,DET,12.0,BUF,14.0,26.0,-1.5,-104.0,-104.0,45.0,-119.0,108.0,0
2010_10_MIN_CHI,2010,2010-11-14,Sunday,MIN,13.0,CHI,27.0,40.0,-1.0,-104.0,-104.0,41.0,-110.0,100.0,1
2010_10_NYJ_CLE,2010,2010-11-14,Sunday,NYJ,26.0,CLE,20.0,46.0,3.5,-108.0,100.0,37.0,166.0,-184.0,0
2010_10_CIN_IND,2010,2010-11-14,Sunday,CIN,17.0,IND,23.0,40.0,-6.5,-114.0,105.0,47.0,-300.0,264.0,0
2010_10_HOU_JAX,2010,2010-11-14,Sunday,HOU,24.0,JAX,31.0,55.0,-1.0,-105.0,-103.0,48.0,-111.0,101.0,1
2010_10_TEN_MIA,2010,2010-11-14,Sunday,TEN,17.0,MIA,29.0,46.0,-1.0,-117.0,108.0,43.0,-123.0,111.0,0
2010_10_CAR_TB,2010,2010-11-14,Sunday,CAR,16.0,TB,31.0,47.0,-7.0,106.0,-115.0,36.5,-282.0,249.0,1
2010_10_KC_DEN,2010,2010-11-14,Sunday,KC,29.0,DEN,49.0,78.0,1.0,-104.0,-104.0,44.0,-101.0,-109.0,1
2010_10_SEA_ARI,2010,2010-11-14,Sunday,SEA,36.0,ARI,18.0,54.0,-3.5,-111.0,103.0,41.0,-200.0,180.0,1
2010_10_DAL_NYG,2010,2010-11-14,Sunday,DAL,33.0,NYG,20.0,53.0,-11.5,-112.0,104.0,46.0,-530.0,446.0,1
2010_10_STL_SF,2010,2010-11-14,Sunday,STL,20.0,SF,23.0,43.0,-4.5,-112.0,104.0,38.5,-220.0,197.0,1
2010_10_NE_PIT,2010,2010-11-14,Sunday,NE,39.0,PIT,26.0,65.0,-4.5,103.0,-111.0,44.5,-190.0,171.0,0
2010_10_PHI_WAS,2010,2010-11-15,Monday,PHI,59.0,WAS,28.0,87.0,3.5,-116.0,107.0,43.5,163.0,-181.0,1
2010_11_CHI_MIA,2010,2010-11-18,Thursday,CHI,16.0,MIA,0.0,16.0,-2.5,-110.0,102.0,40.0,-143.0,129.0,0
2010_11_BAL_CAR,2010,2010-11-21,Sunday,BAL,37.0,CAR,13.0,50.0,13.0,-103.0,-105.0,37.0,671.0,-850.0,0
2010_11_BUF_CIN,2010,2010-11-21,Sunday,BUF,49.0,CIN,31.0,80.0,-4.0,-104.0,-104.0,41.0,-210.0,188.0,0
2010_11_DET_DAL,2010,2010-11-21,Sunday,DET,19.0,DAL,35.0,54.0,-5.0,100.0,-108.0,47.5,-237.0,211.0,0
2010_11_CLE_JAX,2010,2010-11-21,Sunday,CLE,20.0,JAX,24.0,44.0,-2.5,-110.0,102.0,43.0,-134.0,121.0,0
2010_11_ARI_KC,2010,2010-11-21,Sunday,ARI,13.0,KC,31.0,44.0,-7.0,100.0,-108.0,45.0,-303.0,267.0,0
2010_11_GB_MIN,2010,2010-11-21,Sunday,GB,31.0,MIN,3.0,34.0,3.0,-107.0,-101.0,45.0,133.0,-147.0,1
2010_11_HOU_NYJ,2010,2010-11-21,Sunday,HOU,27.0,NYJ,30.0,57.0,-6.5,-109.0,101.0,46.0,-275.0,244.0,0
2010_11_OAK_PIT,2010,2010-11-21,Sunday,OAK,3.0,PIT,35.0,38.0,-7.0,-101.0,-107.0,41.0,-290.0,256.0,0
2010_11_WAS_TEN,2010,2010-11-21,Sunday,WAS,19.0,TEN,16.0,35.0,-7.0,104.0,-112.0,44.0,-310.0,273.0,0
2010_11_SEA_NO,2010,2010-11-21,Sunday,SEA,19.0,NO,34.0,53.0,-11.0,106.0,-115.0,44.5,-510.0,431.0,0
2010_11_TB_SF,2010,2010-11-21,Sunday,TB,21.0,SF,0.0,21.0,-3.5,-111.0,103.0,41.0,-199.0,179.0,0
2010_11_ATL_STL,2010,2010-11-21,Sunday,ATL,34.0,STL,17.0,51.0,3.5,-111.0,103.0,43.0,162.0,-180.0,0
2010_11_IND_NE,2010,2010-11-21,Sunday,IND,28.0,NE,31.0,59.0,-4.0,-109.0,101.0,49.5,-198.0,178.0,0
2010_11_NYG_PHI,2010,2010-11-21,Sunday,NYG,17.0,PHI,27.0,44.0,-3.5,104.0,-113.0,47.5,-181.0,163.0,1
2010_11_DEN_SD,2010,2010-11-22,Monday,DEN,14.0,SD,35.0,49.0,-9.0,103.0,-111.0,50.0,-390.0,338.0,1
2010_12_NE_DET,2010,2010-11-25,Thursday,NE,45.0,DET,24.0,69.0,6.0,-107.0,-101.0,50.5,244.0,-275.0,0
2010_12_NO_DAL,2010,2010-11-25,Thursday,NO,30.0,DAL,27.0,57.0,4.5,-102.0,-106.0,48.0,185.0,-206.0,0
2010_12_CIN_NYJ,2010,2010-11-25,Thursday,CIN,10.0,NYJ,26.0,36.0,-10.0,102.0,-110.0,43.0,-450.0,385.0,0
2010_12_GB_ATL,2010,2010-11-28,Sunday,GB,17.0,ATL,20.0,37.0,-2.5,-104.0,-104.0,47.5,-125.0,113.0,0
2010_12_PIT_BUF,2010,2010-11-28,Sunday,PIT,19.0,BUF,16.0,35.0,6.5,-108.0,100.0,43.5,249.0,-282.0,0
2010_12_CAR_CLE,2010,2010-11-28,Sunday,CAR,23.0,CLE,24.0,47.0,-9.0,111.0,-120.0,37.5,-360.0,314.0,0
2010_12_TEN_HOU,2010,2010-11-28,Sunday,TEN,0.0,HOU,20.0,20.0,-5.0,102.0,-110.0,46.5,-200.0,180.0,1
2010_12_JAX_NYG,2010,2010-11-28,Sunday,JAX,20.0,NYG,24.0,44.0,-8.0,109.0,-118.0,42.5,-315.0,277.0,0
2010_12_MIN_WAS,2010,2010-11-28,Sunday,MIN,17.0,WAS,13.0,30.0,1.0,114.0,-123.0,43.5,115.0,-127.0,0
2010_12_MIA_OAK,2010,2010-11-28,Sunday,MIA,33.0,OAK,17.0,50.0,-3.0,108.0,-117.0,38.0,-140.0,127.0,0
2010_12_KC_SEA,2010,2010-11-28,Sunday,KC,42.0,SEA,24.0,66.0,1.0,104.0,-113.0,45.0,108.0,-119.0,0
2010_12_TB_BAL,2010,2010-11-28,Sunday,TB,10.0,BAL,17.0,27.0,-7.5,100.0,-108.0,41.0,-334.0,292.0,0
2010_12_PHI_CHI,2010,2010-11-28,Sunday,PHI,26.0,CHI,31.0,57.0,3.0,-104.0,-104.0,41.5,144.0,-160.0,0
2010_12_STL_DEN,2010,2010-11-28,Sunday,STL,36.0,DEN,33.0,69.0,-3.0,-118.0,109.0,46.5,-180.0,162.0,0
2010_12_SD_IND,2010,2010-11-28,Sunday,SD,36.0,IND,14.0,50.0,-2.0,-104.0,-104.0,50.0,-131.0,119.0,0
2010_12_SF_ARI,2010,2010-11-29,Monday,SF,27.0,ARI,6.0,33.0,1.0,107.0,-116.0,41.5,113.0,-125.0,1
2010_13_HOU_PHI,2010,2010-12-02,Thursday,HOU,24.0,PHI,34.0,58.0,-8.5,103.0,-111.0,51.0,-365.0,318.0,0
2010_13_NO_CIN,2010,2010-12-05,Sunday,NO,34.0,CIN,30.0,64.0,6.5,-110.0,102.0,45.0,239.0,-270.0,0
2010_13_CHI_DET,2010,2010-12-05,Sunday,CHI,24.0,DET,20.0,44.0,5.0,-105.0,-103.0,43.0,201.0,-225.0,1
2010_13_SF_GB,2010,2010-12-05,Sunday,SF,16.0,GB,34.0,50.0,-9.0,105.0,-114.0,41.0,-420.0,361.0,0
2010_13_DEN_KC,2010,2010-12-05,Sunday,DEN,6.0,KC,10.0,16.0,-9.0,110.0,-119.0,48.0,-360.0,314.0,1
2010_13_CLE_MIA,2010,2010-12-05,Sunday,CLE,13.0,MIA,10.0,23.0,-6.0,-103.0,-105.0,43.5,-240.0,214.0,0
2010_13_BUF_MIN,2010,2010-12-05,Sunday,BUF,14.0,MIN,38.0,52.0,-5.0,-106.0,-102.0,43.5,-230.0,205.0,0
2010_13_WAS_NYG,2010,2010-12-05,Sunday,WAS,7.0,NYG,31.0,38.0,-7.0,-118.0,109.0,43.0,-355.0,310.0,1
2010_13_JAX_TEN,2010,2010-12-05,Sunday,JAX,17.0,TEN,6.0,23.0,-3.0,-116.0,107.0,43.5,-173.0,156.0,1
2010_13_OAK_SD,2010,2010-12-05,Sunday,OAK,28.0,SD,13.0,41.0,-12.5,-102.0,-106.0,44.5,-650.0,525.0,1
2010_13_STL_ARI,2010,2010-12-05,Sunday,STL,19.0,ARI,6.0,25.0,3.0,104.0,-112.0,43.5,152.0,-169.0,1
2010_13_DAL_IND,2010,2010-12-05,Sunday,DAL,38.0,IND,35.0,73.0,-5.5,-102.0,-106.0,47.5,-235.0,210.0,0
2010_13_CAR_SEA,2010,2010-12-05,Sunday,CAR,14.0,SEA,31.0,45.0,-4.5,-109.0,101.0,40.0,-225.0,201.0,0
2010_13_ATL_TB,2010,2010-12-05,Sunday,ATL,28.0,TB,24.0,52.0,3.0,-112.0,104.0,43.5,139.0,-154.0,1
2010_13_PIT_BAL,2010,2010-12-05,Sunday,PIT,13.0,BAL,10.0,23.0,-3.0,-117.0,108.0,38.0,-180.0,162.0,1
2010_13_NYJ_NE,2010,2010-12-06,Monday,NYJ,3.0,NE,45.0,48.0,-4.0,101.0,-109.0,44.5,-201.0,180.0,1
2010_14_IND_TEN,2010,2010-12-09,Thursday,IND,30.0,TEN,28.0,58.0,3.0,106.0,-115.0,44.0,161.0,-179.0,1
2010_14_CLE_BUF,2010,2010-12-12,Sunday,CLE,6.0,BUF,13.0,19.0,-1.0,-106.0,-102.0,39.5,-113.0,102.0,0
2010_14_ATL_CAR,2010,2010-12-12,Sunday,ATL,31.0,CAR,10.0,41.0,7.0,-106.0,-102.0,41.0,264.0,-300.0,1
2010_14_GB_DET,2010,2010-12-12,Sunday,GB,3.0,DET,7.0,10.0,7.0,-110.0,102.0,45.5,281.0,-320.0,1
2010_14_OAK_JAX,2010,2010-12-12,Sunday,OAK,31.0,JAX,38.0,69.0,-3.5,-106.0,-102.0,41.0,-190.0,171.0,0
2010_14_CIN_PIT,2010,2010-12-12,Sunday,CIN,7.0,PIT,23.0,30.0,-9.0,111.0,-120.0,39.5,-370.0,322.0,1
2010_14_TB_WAS,2010,2010-12-12,Sunday,TB,17.0,WAS,16.0,33.0,1.0,103.0,-111.0,41.0,106.0,-117.0,0
2010_14_STL_NO,2010,2010-12-12,Sunday,STL,13.0,NO,31.0,44.0,-9.5,104.0,-113.0,47.0,-425.0,365.0,0
2010_14_SEA_SF,2010,2010-12-12,Sunday,SEA,21.0,SF,40.0,61.0,-4.5,101.0,-109.0,42.5,-203.0,182.0,1
2010_14_DEN_ARI,2010,2010-12-12,Sunday,DEN,13.0,ARI,43.0,56.0,4.0,-108.0,100.0,44.5,171.0,-190.0,0
2010_14_NE_CHI,2010,2010-12-12,Sunday,NE,36.0,CHI,7.0,43.0,3.0,-114.0,105.0,37.5,131.0,-145.0,0
2010_14_MIA_NYJ,2010,2010-12-12,Sunday,MIA,10.0,NYJ,6.0,16.0,-5.0,101.0,-109.0,37.5,-220.0,197.0,1
2010_14_KC_SD,2010,2010-12-12,Sunday,KC,0.0,SD,31.0,31.0,-10.0,-102.0,-106.0,45.5,-510.0,431.0,1
2010_14_PHI_DAL,2010,2010-12-12,Sunday,PHI,30.0,DAL,27.0,57.0,4.0,-108.0,100.0,50.5,187.0,-209.0,1
2010_14_NYG_MIN,2010,2010-12-13,Monday,NYG,21.0,MIN,3.0,24.0,4.5,-102.0,-106.0,43.5,205.0,-230.0,0
2010_14_BAL_HOU,2010,2010-12-13,Monday,BAL,34.0,HOU,28.0,62.0,3.0,-115.0,106.0,47.0,131.0,-145.0,0
2010_15_SF_SD,2010,2010-12-16,Thursday,SF,7.0,SD,34.0,41.0,-10.0,-104.0,-104.0,44.5,-520.0,439.0,0
2010_15_NO_BAL,2010,2010-12-19,Sunday,NO,24.0,BAL,30.0,54.0,-1.0,-119.0,110.0,45.0,-125.0,113.0,0
2010_15_ARI_CAR,2010,2010-12-19,Sunday,ARI,12.0,CAR,19.0,31.0,-2.5,-104.0,-104.0,37.5,-128.0,116.0,0
2010_15_CLE_CIN,2010,2010-12-19,Sunday,CLE,17.0,CIN,19.0,36.0,-1.0,102.0,-110.0,41.5,-104.0,-106.0,1
2010_15_WAS_DAL,2010,2010-12-19,Sunday,WAS,30.0,DAL,33.0,63.0,-9.5,-107.0,-101.0,43.5,-450.0,385.0,1
2010_15_JAX_IND,2010,2010-12-19,Sunday,JAX,24.0,IND,34.0,58.0,-4.0,-106.0,-102.0,48.0,-218.0,195.0,1
2010_15_BUF_MIA,2010,2010-12-19,Sunday,BUF,17.0,MIA,14.0,31.0,-5.5,-111.0,103.0,40.0,-235.0,210.0,1
2010_15_PHI_NYG,2010,2010-12-19,Sunday,PHI,38.0,NYG,31.0,69.0,-3.0,-102.0,-106.0,46.5,-155.0,140.0,1
2010_15_KC_STL,2010,2010-12-19,Sunday,KC,27.0,STL,13.0,40.0,-3.0,112.0,-121.0,42.5,-138.0,125.0,0
2010_15_DET_TB,2010,2010-12-19,Sunday,DET,23.0,TB,20.0,43.0,-3.5,-108.0,100.0,43.0,-197.0,177.0,0
2010_15_HOU_TEN,2010,2010-12-19,Sunday,HOU,17.0,TEN,31.0,48.0,-2.0,-106.0,-102.0,47.5,-121.0,110.0,1
2010_15_ATL_SEA,2010,2010-12-19,Sunday,ATL,34.0,SEA,18.0,52.0,5.5,-106.0,-102.0,46.0,205.0,-229.0,0
2010_15_DEN_OAK,2010,2010-12-19,Sunday,DEN,23.0,OAK,39.0,62.0,-9.0,120.0,-130.0,41.5,-345.0,301.0,1
2010_15_NYJ_PIT,2010,2010-12-19,Sunday,NYJ,22.0,PIT,17.0,39.0,-3.5,102.0,-110.0,36.0,-194.0,174.0,0
2010_15_GB_NE,2010,2010-12-19,Sunday,GB,27.0,NE,31.0,58.0,-14.0,-104.0,-104.0,43.5,-950.0,736.0,0
2010_15_CHI_MIN,2010,2010-12-20,Monday,CHI,40.0,MIN,14.0,54.0,5.5,-108.0,100.0,34.0,201.0,-225.0,1
2010_16_CAR_PIT,2010,2010-12-23,Thursday,CAR,3.0,PIT,27.0,30.0,-14.0,102.0,-110.0,37.5,-1150.0,850.0,0
2010_16_DAL_ARI,2010,2010-12-25,Saturday,DAL,26.0,ARI,27.0,53.0,7.0,-113.0,104.0,45.0,269.0,-305.0,0
2010_16_NE_BUF,2010,2010-12-26,Sunday,NE,34.0,BUF,3.0,37.0,7.0,-111.0,103.0,46.5,264.0,-300.0,1
2010_16_NYJ_CHI,2010,2010-12-26,Sunday,NYJ,34.0,CHI,38.0,72.0,-1.5,-125.0,115.0,36.0,-140.0,127.0,0
2010_16_BAL_CLE,2010,2010-12-26,Sunday,BAL,20.0,CLE,10.0,30.0,3.5,-106.0,-102.0,39.5,171.0,-190.0,1
2010_16_WAS_JAX,2010,2010-12-26,Sunday,WAS,20.0,JAX,17.0,37.0,-7.0,-109.0,101.0,45.5,-305.0,269.0,0
2010_16_TEN_KC,2010,2010-12-26,Sunday,TEN,14.0,KC,34.0,48.0,-4.0,100.0,-108.0,42.5,-190.0,171.0,0
2010_16_DET_MIA,2010,2010-12-26,Sunday,DET,34.0,MIA,27.0,61.0,-3.5,-103.0,-105.0,41.0,-186.0,167.0,0
2010_16_SF_STL,2010,2010-12-26,Sunday,SF,17.0,STL,25.0,42.0,-2.0,-120.0,111.0,40.0,-134.0,121.0,1
2010_16_SD_CIN,2010,2010-12-26,Sunday,SD,20.0,CIN,34.0,54.0,9.0,-117.0,108.0,43.5,305.0,-350.0,0
2010_16_HOU_DEN,2010,2010-12-26,Sunday,HOU,23.0,DEN,24.0,47.0,2.0,-108.0,100.0,49.5,110.0,-121.0,0
2010_16_IND_OAK,2010,2010-12-26,Sunday,IND,31.0,OAK,26.0,57.0,1.0,108.0,-117.0,46.0,112.0,-124.0,0
2010_16_NYG_GB,2010,2010-12-26,Sunday,NYG,17.0,GB,45.0,62.0,-3.0,-114.0,105.0,43.0,-154.0,139.0,0
2010_16_SEA_TB,2010,2010-12-26,Sunday,SEA,15.0,TB,38.0,53.0,-5.0,-112.0,104.0,43.5,-230.0,205.0,0
2010_16_NO_ATL,2010,2010-12-27,Monday,NO,17.0,ATL,14.0,31.0,-2.0,-111.0,103.0,50.0,-129.0,117.0,1
2010_16_MIN_PHI,2010,2010-12-28,Tuesday,MIN,24.0,PHI,14.0,38.0,-14.0,-102.0,-106.0,44.0,-1000.0,760.0,0
2010_17_CAR_ATL,2010,2011-01-02,Sunday,CAR,10.0,ATL,31.0,41.0,-14.0,104.0,-112.0,41.0,-940.0,730.0,1
2010_17_CIN_BAL,2010,2011-01-02,Sunday,CIN,7.0,BAL,13.0,20.0,-9.5,104.0,-113.0,43.0,-430.0,369.0,1
2010_17_PIT_CLE,2010,2011-01-02,Sunday,PIT,41.0,CLE,9.0,50.0,6.5,-107.0,-101.0,38.0,222.0,-250.0,1
2010_17_MIN_DET,2010,2011-01-02,Sunday,MIN,13.0,DET,20.0,33.0,-3.5,-101.0,-107.0,43.5,-190.0,171.0,1
2010_17_OAK_KC,2010,2011-01-02,Sunday,OAK,31.0,KC,10.0,41.0,-4.5,-105.0,-103.0,43.0,-210.0,188.0,1
2010_17_MIA_NE,2010,2011-01-02,Sunday,MIA,7.0,NE,38.0,45.0,-4.0,-107.0,-101.0,44.0,-205.0,184.0,1
2010_17_TB_NO,2010,2011-01-02,Sunday,TB,23.0,NO,13.0,36.0,-7.0,110.0,-119.0,46.5,-280.0,248.0,1
2010_17_BUF_NYJ,2010,2011-01-02,Sunday,BUF,7.0,NYJ,38.0,45.0,-1.0,-118.0,109.0,38.0,-125.0,113.0,1
2010_17_SD_DEN,2010,2011-01-02,Sunday,SD,33.0,DEN,28.0,61.0,5.0,-107.0,-101.0,47.5,200.0,-224.0,1
2010_17_CHI_GB,2010,2011-01-02,Sunday,CHI,3.0,GB,10.0,13.0,-11.0,-109.0,101.0,43.5,-700.0,569.0,1
2010_17_JAX_HOU,2010,2011-01-02,Sunday,JAX,17.0,HOU,34.0,51.0,-4.5,-104.0,-104.0,47.5,-208.0,186.0,1
2010_17_TEN_IND,2010,2011-01-02,Sunday,TEN,20.0,IND,23.0,43.0,-9.0,107.0,-116.0,47.5,-434.0,372.0,1
2010_17_DAL_PHI,2010,2011-01-02,Sunday,DAL,14.0,PHI,13.0,27.0,1.5,107.0,-116.0,43.0,117.0,-129.0,1
2010_17_ARI_SF,2010,2011-01-02,Sunday,ARI,7.0,SF,38.0,45.0,-6.0,101.0,-109.0,39.5,-230.0,205.0,1
2010_17_NYG_WAS,2010,2011-01-02,Sunday,NYG,17.0,WAS,14.0,31.0,4.5,-104.0,-104.0,44.5,186.0,-208.0,1
2010_17_STL_SEA,2010,2011-01-02,Sunday,STL,6.0,SEA,16.0,22.0,3.0,100.0,-108.0,42.5,148.0,-164.0,1
2010_18_NO_SEA,2010,2011-01-08,Saturday,NO,36.0,SEA,41.0,77.0,9.5,-102.0,-106.0,45.5,423.0,-500.0,0
2010_18_NYJ_IND,2010,2011-01-08,Saturday,NYJ,17.0,IND,16.0,33.0,-1.0,-118.0,109.0,44.0,-130.0,118.0,0
2010_18_BAL_KC,2010,2011-01-09,Sunday,BAL,30.0,KC,7.0,37.0,3.0,-112.0,104.0,41.0,139.0,-154.0,0
2010_18_GB_PHI,2010,2011-01-09,Sunday,GB,21.0,PHI,16.0,37.0,-1.0,-107.0,-101.0,46.5,-116.0,105.0,0
2010_19_BAL_PIT,2010,2011-01-15,Saturday,BAL,24.0,PIT,31.0,55.0,-3.5,-102.0,-106.0,37.5,-184.0,166.0,1
2010_19_GB_ATL,2010,2011-01-15,Saturday,GB,48.0,ATL,21.0,69.0,-1.0,-109.0,101.0,43.5,-114.0,103.0,0
2010_19_SEA_CHI,2010,2011-01-16,Sunday,SEA,24.0,CHI,35.0,59.0,-10.0,-109.0,101.0,42.5,-460.0,393.0,0
2010_19_NYJ_NE,2010,2011-01-16,Sunday,NYJ,28.0,NE,21.0,49.0,-9.5,104.0,-113.0,45.0,-365.0,318.0,1
2010_20_GB_CHI,2010,2011-01-23,Sunday,GB,21.0,CHI,14.0,35.0,3.5,-111.0,103.0,42.0,167.0,-186.0,1
2010_20_NYJ_PIT,2010,2011-01-23,Sunday,NYJ,19.0,PIT,24.0,43.0,-4.0,-109.0,101.0,38.0,-202.0,181.0,0
2010_21_PIT_GB,2010,2011-02-06,Sunday,PIT,25.0,GB,31.0,56.0,-3.0,108.0,-115.0,44.5,-147.0,136.0,0
2011_01_NO_GB,2011,2011-09-08,Thursday,NO,34.0,GB,42.0,76.0,-4.5,-108.0,100.0,47.5,-250.0,222.0,0
2011_01_PIT_BAL,2011,2011-09-11,Sunday,PIT,7.0,BAL,35.0,42.0,-1.0,-117.0,108.0,37.0,-125.0,113.0,1
2011_01_ATL_CHI,2011,2011-09-11,Sunday,ATL,12.0,CHI,30.0,42.0,1.0,101.0,-109.0,40.5,105.0,-116.0,0
2011_01_CIN_CLE,2011,2011-09-11,Sunday,CIN,27.0,CLE,17.0,44.0,-6.5,-118.0,109.0,36.5,-310.0,273.0,1
2011_01_IND_HOU,2011,2011-09-11,Sunday,IND,7.0,HOU,34.0,41.0,-9.0,102.0,-110.0,44.0,-430.0,369.0,1
2011_01_TEN_JAX,2011,2011-09-11,Sunday,TEN,14.0,JAX,16.0,30.0,1.0,-106.0,-102.0,38.0,-102.0,-108.0,1
2011_01_BUF_KC,2011,2011-09-11,Sunday,BUF,41.0,KC,7.0,48.0,-3.5,100.0,-108.0,38.5,-192.0,173.0,0
2011_01_PHI_STL,2011,2011-09-11,Sunday,PHI,31.0,STL,13.0,44.0,3.5,-106.0,-102.0,44.0,180.0,-200.0,0
2011_01_DET_TB,2011,2011-09-11,Sunday,DET,27.0,TB,20.0,47.0,-1.0,-118.0,109.0,43.5,-125.0,113.0,0
2011_01_CAR_ARI,2011,2011-09-11,Sunday,CAR,21.0,ARI,28.0,49.0,-6.5,-113.0,104.0,37.5,-302.0,266.0,0
2011_01_MIN_SD,2011,2011-09-11,Sunday,MIN,17.0,SD,24.0,41.0,-9.0,-102.0,-106.0,43.5,-453.0,387.0,0
2011_01_SEA_SF,2011,2011-09-11,Sunday,SEA,17.0,SF,33.0,50.0,-6.0,-104.0,-104.0,38.0,-239.0,213.0,1
2011_01_NYG_WAS,2011,2011-09-11,Sunday,NYG,14.0,WAS,28.0,42.0,1.0,-102.0,-106.0,40.5,101.0,-111.0,1
2011_01_DAL_NYJ,2011,2011-09-11,Sunday,DAL,24.0,NYJ,27.0,51.0,-6.5,-102.0,-106.0,40.5,-270.0,239.0,0
2011_01_NE_MIA,2011,2011-09-12,Monday,NE,38.0,MIA,24.0,62.0,7.0,-104.0,-104.0,46.5,289.0,-330.0,1
2011_01_OAK_DEN,2011,2011-09-12,Monday,OAK,23.0,DEN,20.0,43.0,-3.0,-110.0,102.0,42.5,-170.0,153.0,1
2011_02_OAK_BUF,2011,2011-09-18,Sunday,OAK,35.0,BUF,38.0,73.0,-3.5,-102.0,-106.0,40.5,-190.0,171.0,0
2011_02_GB_CAR,2011,2011-09-18,Sunday,GB,30.0,CAR,23.0,53.0,10.5,-109.0,101.0,45.5,453.0,-539.0,0
2011_02_KC_DET,2011,2011-09-18,Sunday,KC,3.0,DET,48.0,51.0,-9.0,115.0,-125.0,45.0,-325.0,285.0,0
2011_02_CLE_IND,2011,2011-09-18,Sunday,CLE,27.0,IND,19.0,46.0,1.0,104.0,-113.0,39.5,109.0,-120.0,0
2011_02_TB_MIN,2011,2011-09-18,Sunday,TB,24.0,MIN,20.0,44.0,-1.0,-106.0,-102.0,41.0,-112.0,102.0,0
2011_02_CHI_NO,2011,2011-09-18,Sunday,CHI,13.0,NO,30.0,43.0,-4.5,-104.0,-104.0,46.5,-228.0,204.0,0
2011_02_JAX_NYJ,2011,2011-09-18,Sunday,JAX,3.0,NYJ,32.0,35.0,-9.0,106.0,-115.0,38.0,-380.0,330.0,0
2011_02_SEA_PIT,2011,2011-09-18,Sunday,SEA,0.0,PIT,24.0,24.0,-13.5,-104.0,-104.0,39.5,-750.0,604.0,0
2011_02_BAL_TEN,2011,2011-09-18,Sunday,BAL,13.0,TEN,26.0,39.0,5.5,-113.0,104.0,39.5,216.0,-242.0,0
2011_02_ARI_WAS,2011,2011-09-18,Sunday,ARI,21.0,WAS,22.0,43.0,-4.5,-102.0,-106.0,44.5,-215.0,193.0,0
2011_02_DAL_SF,2011,2011-09-18,Sunday,DAL,27.0,SF,24.0,51.0,3.0,100.0,-108.0,41.0,151.0,-167.0,0
2011_02_CIN_DEN,2011,2011-09-18,Sunday,CIN,22.0,DEN,24.0,46.0,-3.5,114.0,-123.0,40.5,-170.0,153.0,0
2011_02_HOU_MIA,2011,2011-09-18,Sunday,HOU,23.0,MIA,13.0,36.0,3.0,-108.0,100.0,46.5,137.0,-151.0,0
2011_02_SD_NE,2011,2011-09-18,Sunday,SD,21.0,NE,35.0,56.0,-6.5,-104.0,-104.0,53.5,-275.0,244.0,0
2011_02_PHI_ATL,2011,2011-09-18,Sunday,PHI,31.0,ATL,35.0,66.0,2.5,-102.0,-106.0,49.0,120.0,-133.0,0
2011_02_STL_NYG,2011,2011-09-19,Monday,STL,16.0,NYG,28.0,44.0,-7.0,104.0,-112.0,43.5,-310.0,273.0,0
2011_03_NE_BUF,2011,2011-09-25,Sunday,NE,31.0,BUF,34.0,65.0,7.0,-114.0,105.0,54.0,273.0,-310.0,1
2011_03_JAX_CAR,2011,2011-09-25,Sunday,JAX,10.0,CAR,16.0,26.0,-3.5,107.0,-116.0,43.0,-170.0,153.0,0
2011_03_SF_CIN,2011,2011-09-25,Sunday,SF,13.0,CIN,8.0,21.0,-1.0,-107.0,-101.0,38.5,-113.0,102.0,0
2011_03_MIA_CLE,2011,2011-09-25,Sunday,MIA,16.0,CLE,17.0,33.0,1.0,108.0,-117.0,42.5,113.0,-125.0,0
2011_03_DET_MIN,2011,2011-09-25,Sunday,DET,26.0,MIN,23.0,49.0,3.0,100.0,-108.0,44.5,144.0,-160.0,1
2011_03_HOU_NO,2011,2011-09-25,Sunday,HOU,33.0,NO,40.0,73.0,-3.5,104.0,-113.0,51.0,-174.0,157.0,0
2011_03_NYG_PHI,2011,2011-09-25,Sunday,NYG,29.0,PHI,16.0,45.0,-9.0,111.0,-120.0,46.5,-389.0,337.0,1
2011_03_DEN_TEN,2011,2011-09-25,Sunday,DEN,14.0,TEN,17.0,31.0,-7.0,100.0,-108.0,43.5,-310.0,273.0,0
2011_03_NYJ_OAK,2011,2011-09-25,Sunday,NYJ,24.0,OAK,34.0,58.0,1.0,115.0,-125.0,40.0,120.0,-133.0,0
2011_03_KC_SD,2011,2011-09-25,Sunday,KC,17.0,SD,20.0,37.0,-14.0,-105.0,-103.0,44.5,-1035.0,780.0,1
2011_03_BAL_STL,2011,2011-09-25,Sunday,BAL,37.0,STL,7.0,44.0,5.5,-103.0,-105.0,41.5,214.0,-240.0,0
2011_03_GB_CHI,2011,2011-09-25,Sunday,GB,27.0,CHI,17.0,44.0,4.0,104.0,-112.0,45.5,188.0,-210.0,1
2011_03_ARI_SEA,2011,2011-09-25,Sunday,ARI,10.0,SEA,13.0,23.0,3.0,-103.0,-105.0,42.5,140.0,-155.0,1
2011_03_ATL_TB,2011,2011-09-25,Sunday,ATL,13.0,TB,16.0,29.0,-1.0,-108.0,100.0,45.0,-113.0,102.0,1
2011_03_PIT_IND,2011,2011-09-25,Sunday,PIT,23.0,IND,20.0,43.0,10.5,-102.0,-106.0,39.5,487.0,-585.0,0
2011_03_WAS_DAL,2011,2011-09-26,Monday,WAS,16.0,DAL,18.0,34.0,-3.5,103.0,-111.0,44.5,-175.0,158.0,1
2011_04_CAR_CHI,2011,2011-10-02,Sunday,CAR,29.0,CHI,34.0,63.0,-7.0,-109.0,101.0,41.5,-300.0,264.0,0
2011_04_BUF_CIN,2011,2011-10-02,Sunday,BUF,20.0,CIN,23.0,43.0,3.0,-113.0,104.0,41.5,134.0,-148.0,0
2011_04_TEN_CLE,2011,2011-10-02,Sunday,TEN,31.0,CLE,13.0,44.0,-1.0,-121.0,112.0,37.5,-130.0,118.0,0
2011_04_DET_DAL,2011,2011-10-02,Sunday,DET,34.0,DAL,30.0,64.0,-2.5,-104.0,-104.0,46.0,-133.0,120.0,0
2011_04_PIT_HOU,2011,2011-10-02,Sunday,PIT,10.0,HOU,17.0,27.0,-4.0,-104.0,-104.0,46.0,-200.0,180.0,0
2011_04_NO_JAX,2011,2011-10-02,Sunday,NO,23.0,JAX,10.0,33.0,9.0,-116.0,107.0,45.0,326.0,-375.0,0
2011_04_MIN_KC,2011,2011-10-02,Sunday,MIN,17.0,KC,22.0,39.0,3.0,-109.0,101.0,40.0,136.0,-150.0,0
2011_04_SF_PHI,2011,2011-10-02,Sunday,SF,24.0,PHI,23.0,47.0,-9.5,-109.0,101.0,43.5,-500.0,423.0,0
2011_04_WAS_STL,2011,2011-10-02,Sunday,WAS,17.0,STL,10.0,27.0,3.0,-117.0,108.0,44.0,131.0,-145.0,0
2011_04_NYG_ARI,2011,2011-10-02,Sunday,NYG,31.0,ARI,27.0,58.0,1.0,-107.0,-101.0,45.5,-103.0,-107.0,0
2011_04_ATL_SEA,2011,2011-10-02,Sunday,ATL,30.0,SEA,28.0,58.0,6.0,-104.0,-104.0,39.5,232.0,-261.0,0
2011_04_DEN_GB,2011,2011-10-02,Sunday,DEN,23.0,GB,49.0,72.0,-12.0,-105.0,-103.0,46.5,-605.0,502.0,0
2011_04_NE_OAK,2011,2011-10-02,Sunday,NE,31.0,OAK,19.0,50.0,6.0,101.0,-109.0,55.0,231.0,-260.0,0
2011_04_MIA_SD,2011,2011-10-02,Sunday,MIA,16.0,SD,26.0,42.0,-6.5,-105.0,-103.0,45.0,-305.0,269.0,0
2011_04_NYJ_BAL,2011,2011-10-02,Sunday,NYJ,17.0,BAL,34.0,51.0,-5.0,-108.0,100.0,43.0,-239.0,213.0,0
2011_04_IND_TB,2011,2011-10-03,Monday,IND,17.0,TB,24.0,41.0,-10.0,-105.0,-103.0,40.0,-500.0,423.0,0
2011_05_PHI_BUF,2011,2011-10-09,Sunday,PHI,24.0,BUF,31.0,55.0,3.0,-104.0,-104.0,52.5,143.0,-158.0,0
2011_05_NO_CAR,2011,2011-10-09,Sunday,NO,30.0,CAR,27.0,57.0,6.5,-102.0,-106.0,51.0,252.0,-285.0,1
2011_05_OAK_HOU,2011,2011-10-09,Sunday,OAK,25.0,HOU,20.0,45.0,-4.5,-104.0,-104.0,47.5,-220.0,197.0,0
2011_05_KC_IND,2011,2011-10-09,Sunday,KC,28.0,IND,24.0,52.0,-1.0,-107.0,-101.0,37.5,-115.0,104.0,0
2011_05_CIN_JAX,2011,2011-10-09,Sunday,CIN,30.0,JAX,20.0,50.0,1.0,120.0,-130.0,37.0,123.0,-136.0,0
2011_05_ARI_MIN,2011,2011-10-09,Sunday,ARI,10.0,MIN,34.0,44.0,-3.5,-107.0,-101.0,44.5,-190.0,171.0,0
2011_05_SEA_NYG,2011,2011-10-09,Sunday,SEA,36.0,NYG,25.0,61.0,-10.0,111.0,-120.0,43.5,-450.0,385.0,0
2011_05_TEN_PIT,2011,2011-10-09,Sunday,TEN,17.0,PIT,38.0,55.0,-3.0,-117.0,108.0,40.0,-173.0,156.0,0
2011_05_TB_SF,2011,2011-10-09,Sunday,TB,3.0,SF,48.0,51.0,-2.5,-114.0,105.0,41.0,-140.0,127.0,0
2011_05_SD_DEN,2011,2011-10-09,Sunday,SD,29.0,DEN,24.0,53.0,3.5,-106.0,-102.0,47.0,171.0,-190.0,1
2011_05_NYJ_NE,2011,2011-10-09,Sunday,NYJ,21.0,NE,30.0,51.0,-7.5,-103.0,-105.0,50.5,-360.0,314.0,1
2011_05_GB_ATL,2011,2011-10-09,Sunday,GB,25.0,ATL,14.0,39.0,6.0,-105.0,-103.0,53.5,221.0,-248.0,0
2011_05_CHI_DET,2011,2011-10-10,Monday,CHI,13.0,DET,24.0,37.0,-6.5,-104.0,-104.0,47.0,-280.0,248.0,1
2011_06_CAR_ATL,2011,2011-10-16,Sunday,CAR,17.0,ATL,31.0,48.0,-3.5,-104.0,-104.0,49.0,-190.0,171.0,1
2011_06_IND_CIN,2011,2011-10-16,Sunday,IND,17.0,CIN,27.0,44.0,-5.0,104.0,-113.0,40.0,-230.0,205.0,0
2011_06_SF_DET,2011,2011-10-16,Sunday,SF,25.0,DET,19.0,44.0,-5.5,101.0,-109.0,45.0,-227.0,203.0,0
2011_06_STL_GB,2011,2011-10-16,Sunday,STL,3.0,GB,24.0,27.0,-14.0,-105.0,-103.0,47.0,-973.0,750.0,0
2011_06_BUF_NYG,2011,2011-10-16,Sunday,BUF,24.0,NYG,27.0,51.0,-3.0,-124.0,115.0,49.0,-185.0,166.0,0
2011_06_JAX_PIT,2011,2011-10-16,Sunday,JAX,13.0,PIT,17.0,30.0,-12.5,103.0,-111.0,40.0,-606.0,502.0,0
2011_06_PHI_WAS,2011,2011-10-16,Sunday,PHI,20.0,WAS,13.0,33.0,3.0,-118.0,109.0,46.5,133.0,-147.0,1
2011_06_HOU_BAL,2011,2011-10-16,Sunday,HOU,14.0,BAL,29.0,43.0,-7.0,100.0,-108.0,43.5,-311.0,274.0,0
2011_06_CLE_OAK,2011,2011-10-16,Sunday,CLE,17.0,OAK,24.0,41.0,-6.5,-113.0,104.0,44.5,-290.0,256.0,0
2011_06_DAL_NE,2011,2011-10-16,Sunday,DAL,16.0,NE,20.0,36.0,-6.5,-105.0,-103.0,54.5,-290.0,256.0,0
2011_06_NO_TB,2011,2011-10-16,Sunday,NO,20.0,TB,26.0,46.0,6.0,-102.0,-106.0,49.5,228.0,-257.0,1
2011_06_MIN_CHI,2011,2011-10-16,Sunday,MIN,10.0,CHI,39.0,49.0,-1.0,-119.0,110.0,41.5,-128.0,116.0,1
2011_06_MIA_NYJ,2011,2011-10-17,Monday,MIA,6.0,NYJ,24.0,30.0,-7.0,-107.0,-101.0,41.5,-372.0,323.0,1
2011_07_WAS_CAR,2011,2011-10-23,Sunday,WAS,20.0,CAR,33.0,53.0,-1.5,-117.0,108.0,44.5,-133.0,120.0,0
2011_07_SEA_CLE,2011,2011-10-23,Sunday,SEA,3.0,CLE,6.0,9.0,-3.0,-127.0,117.0,41.0,-190.0,171.0,0
2011_07_ATL_DET,2011,2011-10-23,Sunday,ATL,23.0,DET,16.0,39.0,-4.5,-105.0,-103.0,47.0,-220.0,197.0,0
2011_07_DEN_MIA,2011,2011-10-23,Sunday,DEN,18.0,MIA,15.0,33.0,1.0,-109.0,101.0,41.5,-104.0,-106.0,0
2011_07_SD_NYJ,2011,2011-10-23,Sunday,SD,21.0,NYJ,27.0,48.0,1.0,-110.0,102.0,43.0,-105.0,-105.0,0
2011_07_CHI_TB,2011,2011-10-23,Sunday,CHI,24.0,TB,18.0,42.0,1.5,103.0,-111.0,44.0,111.0,-122.0,0
2011_07_HOU_TEN,2011,2011-10-23,Sunday,HOU,41.0,TEN,7.0,48.0,-3.0,114.0,-123.0,44.0,-138.0,125.0,1
2011_07_PIT_ARI,2011,2011-10-23,Sunday,PIT,32.0,ARI,20.0,52.0,4.0,-105.0,-103.0,46.0,193.0,-215.0,0
2011_07_KC_OAK,2011,2011-10-23,Sunday,KC,28.0,OAK,0.0,28.0,-3.5,107.0,-116.0,41.5,-180.0,162.0,1
2011_07_STL_DAL,2011,2011-10-23,Sunday,STL,7.0,DAL,34.0,41.0,-14.0,101.0,-109.0,43.0,-1000.0,760.0,0
2011_07_GB_MIN,2011,2011-10-23,Sunday,GB,33.0,MIN,27.0,60.0,10.0,-108.0,100.0,47.0,456.0,-543.0,1
2011_07_IND_NO,2011,2011-10-23,Sunday,IND,7.0,NO,62.0,69.0,-13.5,-108.0,100.0,49.0,-1000.0,760.0,0
2011_07_BAL_JAX,2011,2011-10-24,Monday,BAL,7.0,JAX,12.0,19.0,10.0,-108.0,100.0,38.5,442.0,-525.0,0
2011_08_ARI_BAL,2011,2011-10-30,Sunday,ARI,27.0,BAL,30.0,57.0,-12.0,-105.0,-103.0,43.0,-796.0,635.0,0
2011_08_MIN_CAR,2011,2011-10-30,Sunday,MIN,24.0,CAR,21.0,45.0,-3.0,-118.0,109.0,47.0,-175.0,158.0,0
2011_08_JAX_HOU,2011,2011-10-30,Sunday,JAX,14.0,HOU,24.0,38.0,-10.0,105.0,-114.0,41.0,-440.0,377.0,1
2011_08_MIA_NYG,2011,2011-10-30,Sunday,MIA,17.0,NYG,20.0,37.0,-9.5,-110.0,102.0,43.5,-500.0,423.0,0
2011_08_NO_STL,2011,2011-10-30,Sunday,NO,21.0,STL,31.0,52.0,13.5,-108.0,100.0,48.5,704.0,-900.0,0
2011_08_IND_TEN,2011,2011-10-30,Sunday,IND,10.0,TEN,27.0,37.0,-9.0,115.0,-125.0,43.5,-389.0,337.0,1
2011_08_WAS_BUF,2011,2011-10-30,Sunday,WAS,0.0,BUF,23.0,23.0,-4.0,-106.0,-102.0,46.5,-210.0,188.0,0
2011_08_DET_DEN,2011,2011-10-30,Sunday,DET,45.0,DEN,10.0,55.0,3.0,106.0,-115.0,43.5,154.0,-171.0,0
2011_08_NE_PIT,2011,2011-10-30,Sunday,NE,17.0,PIT,25.0,42.0,3.0,104.0,-112.0,52.0,152.0,-169.0,0
2011_08_CIN_SEA,2011,2011-10-30,Sunday,CIN,34.0,SEA,12.0,46.0,1.0,100.0,-108.0,37.5,103.0,-114.0,0
2011_08_CLE_SF,2011,2011-10-30,Sunday,CLE,10.0,SF,20.0,30.0,-9.0,-106.0,-102.0,38.5,-431.0,370.0,0
2011_08_DAL_PHI,2011,2011-10-30,Sunday,DAL,7.0,PHI,34.0,41.0,-3.0,-111.0,103.0,49.0,-162.0,146.0,1
2011_08_SD_KC,2011,2011-10-31,Monday,SD,20.0,KC,23.0,43.0,3.0,-106.0,-102.0,44.5,143.0,-158.0,1
2011_09_NYJ_BUF,2011,2011-11-06,Sunday,NYJ,27.0,BUF,11.0,38.0,-2.5,-105.0,-103.0,45.0,-130.0,118.0,1
2011_09_SEA_DAL,2011,2011-11-06,Sunday,SEA,13.0,DAL,23.0,36.0,-11.0,106.0,-115.0,46.0,-545.0,457.0,0
2011_09_CLE_HOU,2011,2011-11-06,Sunday,CLE,12.0,HOU,30.0,42.0,-10.5,-102.0,-106.0,42.5,-530.0,446.0,0
2011_09_ATL_IND,2011,2011-11-06,Sunday,ATL,31.0,IND,7.0,38.0,6.5,103.0,-111.0,45.0,264.0,-300.0,0
2011_09_MIA_KC,2011,2011-11-06,Sunday,MIA,31.0,KC,3.0,34.0,-5.0,-111.0,103.0,41.0,-230.0,205.0,0
2011_09_TB_NO,2011,2011-11-06,Sunday,TB,16.0,NO,27.0,43.0,-9.0,-102.0,-106.0,50.5,-455.0,389.0,1
2011_09_SF_WAS,2011,2011-11-06,Sunday,SF,19.0,WAS,11.0,30.0,5.0,-102.0,-106.0,38.0,214.0,-240.0,0
2011_09_DEN_OAK,2011,2011-11-06,Sunday,DEN,38.0,OAK,24.0,62.0,-7.0,-109.0,101.0,41.5,-335.0,293.0,1
2011_09_CIN_TEN,2011,2011-11-06,Sunday,CIN,24.0,TEN,17.0,41.0,-1.5,-118.0,109.0,41.5,-136.0,123.0,0
2011_09_STL_ARI,2011,2011-11-06,Sunday,STL,13.0,ARI,19.0,32.0,-1.0,-111.0,103.0,41.5,-117.0,106.0,1
2011_09_NYG_NE,2011,2011-11-06,Sunday,NYG,24.0,NE,20.0,44.0,-9.5,-113.0,104.0,51.5,-510.0,431.0,0
2011_09_GB_SD,2011,2011-11-06,Sunday,GB,45.0,SD,38.0,83.0,5.5,103.0,-111.0,50.5,199.0,-223.0,0
2011_09_BAL_PIT,2011,2011-11-06,Sunday,BAL,23.0,PIT,20.0,43.0,-3.5,105.0,-114.0,41.5,-196.0,176.0,1
2011_09_CHI_PHI,2011,2011-11-07,Monday,CHI,30.0,PHI,24.0,54.0,-9.0,112.0,-121.0,47.5,-355.0,310.0,0
2011_10_OAK_SD,2011,2011-11-10,Thursday,OAK,24.0,SD,17.0,41.0,-7.5,-104.0,-104.0,47.5,-330.0,289.0,1
2011_10_NO_ATL,2011,2011-11-13,Sunday,NO,26.0,ATL,23.0,49.0,-1.0,-109.0,101.0,49.5,-114.0,103.0,1
2011_10_TEN_CAR,2011,2011-11-13,Sunday,TEN,30.0,CAR,3.0,33.0,-3.5,-102.0,-106.0,47.5,-190.0,171.0,0
2011_10_PIT_CIN,2011,2011-11-13,Sunday,PIT,24.0,CIN,17.0,41.0,3.5,-108.0,100.0,40.5,171.0,-190.0,1
2011_10_STL_CLE,2011,2011-11-13,Sunday,STL,13.0,CLE,12.0,25.0,-2.5,-114.0,105.0,36.5,-132.0,120.0,0
2011_10_BUF_DAL,2011,2011-11-13,Sunday,BUF,7.0,DAL,44.0,51.0,-4.5,-109.0,101.0,48.5,-222.0,199.0,0
2011_10_JAX_IND,2011,2011-11-13,Sunday,JAX,17.0,IND,3.0,20.0,3.0,-115.0,106.0,37.5,132.0,-146.0,1
2011_10_DEN_KC,2011,2011-11-13,Sunday,DEN,17.0,KC,10.0,27.0,-3.0,-121.0,112.0,42.0,-184.0,166.0,1
2011_10_WAS_MIA,2011,2011-11-13,Sunday,WAS,9.0,MIA,20.0,29.0,-4.0,-107.0,-101.0,38.5,-213.0,191.0,0
2011_10_ARI_PHI,2011,2011-11-13,Sunday,ARI,21.0,PHI,17.0,38.0,-13.5,102.0,-110.0,47.0,-700.0,569.0,0
2011_10_HOU_TB,2011,2011-11-13,Sunday,HOU,37.0,TB,9.0,46.0,3.5,-110.0,102.0,45.5,165.0,-183.0,0
2011_10_BAL_SEA,2011,2011-11-13,Sunday,BAL,17.0,SEA,22.0,39.0,7.0,-119.0,110.0,38.5,264.0,-300.0,0
2011_10_DET_CHI,2011,2011-11-13,Sunday,DET,13.0,CHI,37.0,50.0,-2.5,-110.0,102.0,42.5,-135.0,122.0,1
2011_10_NYG_SF,2011,2011-11-13,Sunday,NYG,20.0,SF,27.0,47.0,-4.0,-104.0,-104.0,42.5,-205.0,184.0,0
2011_10_NE_NYJ,2011,2011-11-13,Sunday,NE,37.0,NYJ,16.0,53.0,-2.5,-104.0,-104.0,47.0,-136.0,123.0,1
2011_10_MIN_GB,2011,2011-11-14,Monday,MIN,7.0,GB,45.0,52.0,-12.5,-102.0,-106.0,49.0,-655.0,538.0,1
2011_11_NYJ_DEN,2011,2011-11-17,Thursday,NYJ,13.0,DEN,17.0,30.0,6.5,-104.0,-104.0,38.5,248.0,-280.0,0
2011_11_CIN_BAL,2011,2011-11-20,Sunday,CIN,24.0,BAL,31.0,55.0,-7.0,-104.0,-104.0,39.5,-315.0,277.0,1
2011_11_JAX_CLE,2011,2011-11-20,Sunday,JAX,10.0,CLE,14.0,24.0,-1.0,-104.0,-104.0,34.5,-110.0,100.0,0
2011_11_CAR_DET,2011,2011-11-20,Sunday,CAR,35.0,DET,49.0,84.0,-7.0,-101.0,-107.0,47.5,-325.0,285.0,0
2011_11_TB_GB,2011,2011-11-20,Sunday,TB,26.0,GB,35.0,61.0,-13.5,100.0,-108.0,48.5,-720.0,583.0,0
2011_11_BUF_MIA,2011,2011-11-20,Sunday,BUF,8.0,MIA,35.0,43.0,-3.0,104.0,-113.0,44.0,-156.0,141.0,1
2011_11_OAK_MIN,2011,2011-11-20,Sunday,OAK,27.0,MIN,21.0,48.0,-1.0,-118.0,109.0,46.0,-127.0,115.0,0
2011_11_DAL_WAS,2011,2011-11-20,Sunday,DAL,27.0,WAS,24.0,51.0,7.0,-113.0,104.0,43.0,289.0,-330.0,1
2011_11_ARI_SF,2011,2011-11-20,Sunday,ARI,7.0,SF,23.0,30.0,-10.0,100.0,-108.0,40.5,-525.0,442.0,1
2011_11_SEA_STL,2011,2011-11-20,Sunday,SEA,24.0,STL,7.0,31.0,-3.0,-102.0,-106.0,40.5,-158.0,143.0,1
2011_11_TEN_ATL,2011,2011-11-20,Sunday,TEN,17.0,ATL,23.0,40.0,-6.0,101.0,-109.0,44.0,-250.0,222.0,0
2011_11_SD_CHI,2011,2011-11-20,Sunday,SD,20.0,CHI,31.0,51.0,-4.5,-106.0,-102.0,45.0,-232.0,207.0,0
2011_11_PHI_NYG,2011,2011-11-20,Sunday,PHI,17.0,NYG,10.0,27.0,-6.0,105.0,-114.0,45.0,-225.0,201.0,1
2011_11_KC_NE,2011,2011-11-21,Monday,KC,3.0,NE,34.0,37.0,-17.0,-105.0,-103.0,46.5,-1700.0,1125.0,0
2011_12_GB_DET,2011,2011-11-24,Thursday,GB,27.0,DET,15.0,42.0,4.0,-105.0,-103.0,55.0,171.0,-190.0,1
2011_12_MIA_DAL,2011,2011-11-24,Thursday,MIA,19.0,DAL,20.0,39.0,-7.0,100.0,-108.0,45.5,-300.0,264.0,0
2011_12_SF_BAL,2011,2011-11-24,Thursday,SF,6.0,BAL,16.0,22.0,-3.0,-120.0,111.0,38.5,-176.0,159.0,0
2011_12_MIN_ATL,2011,2011-11-27,Sunday,MIN,14.0,ATL,24.0,38.0,-10.0,100.0,-108.0,44.0,-490.0,416.0,0
2011_12_CLE_CIN,2011,2011-11-27,Sunday,CLE,20.0,CIN,23.0,43.0,-6.5,100.0,-108.0,38.5,-275.0,244.0,1
2011_12_CAR_IND,2011,2011-11-27,Sunday,CAR,27.0,IND,19.0,46.0,3.5,-113.0,104.0,46.5,160.0,-178.0,0
2011_12_HOU_JAX,2011,2011-11-27,Sunday,HOU,20.0,JAX,13.0,33.0,6.0,100.0,-108.0,37.0,235.0,-265.0,1
2011_12_BUF_NYJ,2011,2011-11-27,Sunday,BUF,24.0,NYJ,28.0,52.0,-9.5,-106.0,-102.0,42.5,-450.0,385.0,1
2011_12_ARI_STL,2011,2011-11-27,Sunday,ARI,23.0,STL,20.0,43.0,-1.0,-130.0,120.0,40.0,-140.0,127.0,1
2011_12_TB_TEN,2011,2011-11-27,Sunday,TB,17.0,TEN,23.0,40.0,-3.0,-108.0,100.0,43.5,-170.0,153.0,0
2011_12_CHI_OAK,2011,2011-11-27,Sunday,CHI,20.0,OAK,25.0,45.0,-3.0,104.0,-113.0,40.5,-140.0,127.0,0
2011_12_WAS_SEA,2011,2011-11-27,Sunday,WAS,23.0,SEA,17.0,40.0,-3.0,104.0,-113.0,37.0,-140.0,127.0,0
2011_12_NE_PHI,2011,2011-11-27,Sunday,NE,38.0,PHI,20.0,58.0,3.0,-115.0,106.0,50.5,129.0,-143.0,0
2011_12_DEN_SD,2011,2011-11-27,Sunday,DEN,16.0,SD,13.0,29.0,-4.5,100.0,-108.0,42.5,-210.0,188.0,1
2011_12_PIT_KC,2011,2011-11-27,Sunday,PIT,13.0,KC,9.0,22.0,10.5,-110.0,102.0,41.5,423.0,-500.0,0
2011_12_NYG_NO,2011,2011-11-28,Monday,NYG,24.0,NO,49.0,73.0,-7.0,-103.0,-105.0,51.0,-310.0,273.0,0
2011_13_PHI_SEA,2011,2011-12-01,Thursday,PHI,14.0,SEA,31.0,45.0,3.0,-102.0,-106.0,43.5,142.0,-157.0,0
2011_13_TEN_BUF,2011,2011-12-04,Sunday,TEN,23.0,BUF,17.0,40.0,-1.0,-101.0,-107.0,43.5,-107.0,-103.0,0
2011_13_KC_CHI,2011,2011-12-04,Sunday,KC,10.0,CHI,3.0,13.0,-9.0,101.0,-109.0,35.0,-390.0,338.0,0
2011_13_ATL_HOU,2011,2011-12-04,Sunday,ATL,10.0,HOU,17.0,27.0,1.0,104.0,-113.0,38.5,108.0,-119.0,0
2011_13_OAK_MIA,2011,2011-12-04,Sunday,OAK,14.0,MIA,34.0,48.0,-3.5,110.0,-119.0,43.0,-168.0,152.0,0
2011_13_DEN_MIN,2011,2011-12-04,Sunday,DEN,35.0,MIN,32.0,67.0,-1.0,-125.0,115.0,37.5,-130.0,118.0,0
2011_13_IND_NE,2011,2011-12-04,Sunday,IND,24.0,NE,31.0,55.0,-20.5,-104.0,-104.0,48.5,-2400.0,1300.0,0
2011_13_CIN_PIT,2011,2011-12-04,Sunday,CIN,7.0,PIT,35.0,42.0,-7.0,-101.0,-107.0,43.5,-320.0,281.0,1
2011_13_CAR_TB,2011,2011-12-04,Sunday,CAR,38.0,TB,19.0,57.0,1.0,115.0,-125.0,45.5,122.0,-135.0,1
2011_13_NYJ_WAS,2011,2011-12-04,Sunday,NYJ,34.0,WAS,19.0,53.0,3.0,102.0,-110.0,38.5,152.0,-168.0,0
2011_13_BAL_CLE,2011,2011-12-04,Sunday,BAL,24.0,CLE,10.0,34.0,7.0,-115.0,106.0,38.5,257.0,-291.0,1
2011_13_DAL_ARI,2011,2011-12-04,Sunday,DAL,13.0,ARI,19.0,32.0,4.0,-103.0,-105.0,46.5,180.0,-200.0,0
2011_13_GB_NYG,2011,2011-12-04,Sunday,GB,38.0,NYG,35.0,73.0,7.0,-108.0,100.0,53.5,260.0,-295.0,0
2011_13_STL_SF,2011,2011-12-04,Sunday,STL,0.0,SF,26.0,26.0,-14.0,-111.0,103.0,38.5,-800.0,638.0,1
2011_13_DET_NO,2011,2011-12-04,Sunday,DET,17.0,NO,31.0,48.0,-9.5,-104.0,-104.0,55.0,-345.0,301.0,0
2011_13_SD_JAX,2011,2011-12-05,Monday,SD,38.0,JAX,14.0,52.0,3.0,100.0,-108.0,39.5,146.0,-162.0,0
2011_14_CLE_PIT,2011,2011-12-08,Thursday,CLE,3.0,PIT,14.0,17.0,-14.0,-103.0,-105.0,40.0,-1100.0,816.0,1
2011_14_IND_BAL,2011,2011-12-11,Sunday,IND,10.0,BAL,24.0,34.0,-16.5,-103.0,-105.0,41.5,-1350.0,925.0,0
2011_14_ATL_CAR,2011,2011-12-11,Sunday,ATL,31.0,CAR,23.0,54.0,3.0,-119.0,110.0,48.0,131.0,-145.0,1
2011_14_HOU_CIN,2011,2011-12-11,Sunday,HOU,20.0,CIN,19.0,39.0,-2.5,-114.0,105.0,37.5,-139.0,126.0,0
2011_14_MIN_DET,2011,2011-12-11,Sunday,MIN,28.0,DET,34.0,62.0,-10.0,-105.0,-103.0,48.0,-500.0,423.0,1
2011_14_TB_JAX,2011,2011-12-11,Sunday,TB,14.0,JAX,41.0,55.0,3.0,-119.0,110.0,41.5,132.0,-146.0,0
2011_14_PHI_MIA,2011,2011-12-11,Sunday,PHI,26.0,MIA,10.0,36.0,-3.0,115.0,-125.0,44.5,-130.0,118.0,0
2011_14_KC_NYJ,2011,2011-12-11,Sunday,KC,10.0,NYJ,37.0,47.0,-10.5,-102.0,-106.0,35.5,-550.0,461.0,0
2011_14_NO_TEN,2011,2011-12-11,Sunday,NO,22.0,TEN,17.0,39.0,3.5,-119.0,110.0,47.5,158.0,-175.0,0
2011_14_NE_WAS,2011,2011-12-11,Sunday,NE,34.0,WAS,27.0,61.0,7.5,-115.0,106.0,46.5,282.0,-321.0,0
2011_14_SF_ARI,2011,2011-12-11,Sunday,SF,19.0,ARI,21.0,40.0,3.5,-121.0,112.0,39.0,149.0,-165.0,1
2011_14_CHI_DEN,2011,2011-12-11,Sunday,CHI,10.0,DEN,13.0,23.0,-3.5,108.0,-117.0,35.0,-170.0,153.0,0
2011_14_OAK_GB,2011,2011-12-11,Sunday,OAK,16.0,GB,46.0,62.0,-11.5,-107.0,-101.0,49.5,-684.0,558.0,0
2011_14_BUF_SD,2011,2011-12-11,Sunday,BUF,10.0,SD,37.0,47.0,-7.0,-104.0,-104.0,49.5,-309.0,272.0,0
2011_14_NYG_DAL,2011,2011-12-11,Sunday,NYG,37.0,DAL,34.0,71.0,-4.5,-107.0,-101.0,48.5,-214.0,192.0,1
2011_14_STL_SEA,2011,2011-12-12,Monday,STL,13.0,SEA,30.0,43.0,-9.0,108.0,-117.0,38.0,-370.0,322.0,1
2011_15_JAX_ATL,2011,2011-12-15,Thursday,JAX,14.0,ATL,41.0,55.0,-14.0,-104.0,-104.0,41.5,-960.0,742.0,0
2011_15_DAL_TB,2011,2011-12-17,Saturday,DAL,31.0,TB,15.0,46.0,7.0,102.0,-110.0,47.0,293.0,-335.0,0
2011_15_MIA_BUF,2011,2011-12-18,Sunday,MIA,30.0,BUF,23.0,53.0,1.0,-109.0,101.0,42.5,-103.0,-107.0,1
2011_15_SEA_CHI,2011,2011-12-18,Sunday,SEA,38.0,CHI,14.0,52.0,-3.5,-110.0,102.0,34.5,-195.0,175.0,0
2011_15_CAR_HOU,2011,2011-12-18,Sunday,CAR,28.0,HOU,13.0,41.0,-4.5,-116.0,107.0,45.0,-240.0,214.0,0
2011_15_TEN_IND,2011,2011-12-18,Sunday,TEN,13.0,IND,27.0,40.0,6.5,-105.0,-103.0,41.5,252.0,-285.0,1
2011_15_GB_KC,2011,2011-12-18,Sunday,GB,14.0,KC,19.0,33.0,11.0,-108.0,100.0,46.0,483.0,-579.0,0
2011_15_NO_MIN,2011,2011-12-18,Sunday,NO,42.0,MIN,20.0,62.0,7.0,-101.0,-107.0,53.5,281.0,-320.0,0
2011_15_WAS_NYG,2011,2011-12-18,Sunday,WAS,23.0,NYG,10.0,33.0,-5.5,-106.0,-102.0,45.0,-260.0,231.0,1
2011_15_CIN_STL,2011,2011-12-18,Sunday,CIN,20.0,STL,13.0,33.0,7.0,-108.0,100.0,38.5,264.0,-300.0,0
2011_15_DET_OAK,2011,2011-12-18,Sunday,DET,28.0,OAK,27.0,55.0,1.0,126.0,-137.0,47.5,130.0,-144.0,0
2011_15_CLE_ARI,2011,2011-12-18,Sunday,CLE,17.0,ARI,20.0,37.0,-6.0,-104.0,-104.0,37.0,-245.0,218.0,0
2011_15_NE_DEN,2011,2011-12-18,Sunday,NE,41.0,DEN,23.0,64.0,7.0,-115.0,106.0,47.5,264.0,-300.0,0
2011_15_NYJ_PHI,2011,2011-12-18,Sunday,NYJ,19.0,PHI,45.0,64.0,-3.0,-110.0,102.0,44.0,-163.0,147.0,0
2011_15_BAL_SD,2011,2011-12-18,Sunday,BAL,14.0,SD,34.0,48.0,1.0,-104.0,-104.0,44.5,-101.0,-109.0,0
2011_15_PIT_SF,2011,2011-12-19,Monday,PIT,3.0,SF,20.0,23.0,-3.0,-110.0,102.0,37.0,-160.0,144.0,0
2011_16_HOU_IND,2011,2011-12-22,Thursday,HOU,16.0,IND,19.0,35.0,7.0,-114.0,105.0,40.5,264.0,-300.0,1
2011_16_CLE_BAL,2011,2011-12-24,Saturday,CLE,14.0,BAL,20.0,34.0,-10.5,-103.0,-105.0,38.0,-617.0,510.0,1
2011_16_DEN_BUF,2011,2011-12-24,Saturday,DEN,14.0,BUF,40.0,54.0,3.0,-115.0,106.0,43.5,127.0,-140.0,0
2011_16_TB_CAR,2011,2011-12-24,Saturday,TB,16.0,CAR,48.0,64.0,-9.0,111.0,-120.0,48.5,-350.0,305.0,1
2011_16_ARI_CIN,2011,2011-12-24,Saturday,ARI,16.0,CIN,23.0,39.0,-3.5,-110.0,102.0,41.0,-200.0,180.0,0
2011_16_OAK_KC,2011,2011-12-24,Saturday,OAK,16.0,KC,13.0,29.0,-3.0,100.0,-108.0,43.0,-145.0,131.0,1
2011_16_MIA_NE,2011,2011-12-24,Saturday,MIA,24.0,NE,27.0,51.0,-7.5,100.0,-108.0,49.0,-350.0,305.0,1
2011_16_NYG_NYJ,2011,2011-12-24,Saturday,NYG,29.0,NYJ,14.0,43.0,-1.5,-131.0,121.0,45.5,-150.0,136.0,0
2011_16_STL_PIT,2011,2011-12-24,Saturday,STL,0.0,PIT,27.0,27.0,-10.0,-104.0,-104.0,33.5,-485.0,412.0,0
2011_16_JAX_TEN,2011,2011-12-24,Saturday,JAX,17.0,TEN,23.0,40.0,-8.5,-107.0,-101.0,38.5,-385.0,334.0,1
2011_16_MIN_WAS,2011,2011-12-24,Saturday,MIN,33.0,WAS,26.0,59.0,-6.0,-107.0,-101.0,43.0,-255.0,227.0,0
2011_16_SD_DET,2011,2011-12-24,Saturday,SD,10.0,DET,38.0,48.0,1.0,-115.0,106.0,52.5,-110.0,100.0,0
2011_16_PHI_DAL,2011,2011-12-24,Saturday,PHI,20.0,DAL,7.0,27.0,1.5,106.0,-115.0,49.5,118.0,-130.0,1
2011_16_SF_SEA,2011,2011-12-24,Saturday,SF,19.0,SEA,17.0,36.0,1.5,104.0,-113.0,36.5,111.0,-123.0,1
2011_16_CHI_GB,2011,2011-12-25,Sunday,CHI,21.0,GB,35.0,56.0,-13.0,-110.0,102.0,41.5,-804.0,641.0,1
2011_16_ATL_NO,2011,2011-12-26,Monday,ATL,16.0,NO,45.0,61.0,-7.0,-103.0,-105.0,53.0,-310.0,273.0,1
2011_17_DET_GB,2011,2012-01-01,Sunday,DET,41.0,GB,45.0,86.0,6.5,-103.0,-105.0,41.5,231.0,-260.0,1
2011_17_TEN_HOU,2011,2012-01-01,Sunday,TEN,23.0,HOU,22.0,45.0,1.0,115.0,-124.0,38.5,120.0,-133.0,1
2011_17_IND_JAX,2011,2012-01-01,Sunday,IND,13.0,JAX,19.0,32.0,-3.0,-107.0,-101.0,36.5,-166.0,150.0,1
2011_17_NYJ_MIA,2011,2012-01-01,Sunday,NYJ,17.0,MIA,19.0,36.0,-1.5,-109.0,101.0,38.0,-120.0,109.0,1
2011_17_CHI_MIN,2011,2012-01-01,Sunday,CHI,17.0,MIN,13.0,30.0,-1.5,-130.0,120.0,41.5,-146.0,132.0,1
2011_17_BUF_NE,2011,2012-01-01,Sunday,BUF,21.0,NE,49.0,70.0,-10.0,-107.0,-101.0,49.5,-568.0,474.0,1
2011_17_CAR_NO,2011,2012-01-01,Sunday,CAR,17.0,NO,45.0,62.0,-7.0,-103.0,-105.0,54.5,-300.0,264.0,1
2011_17_WAS_PHI,2011,2012-01-01,Sunday,WAS,10.0,PHI,34.0,44.0,-7.0,-102.0,-106.0,44.0,-320.0,281.0,1
2011_17_SF_STL,2011,2012-01-01,Sunday,SF,34.0,STL,27.0,61.0,12.5,-106.0,-102.0,35.5,577.0,-711.0,1
2011_17_SEA_ARI,2011,2012-01-01,Sunday,SEA,20.0,ARI,23.0,43.0,-2.5,-106.0,-102.0,40.5,-136.0,123.0,1
2011_17_TB_ATL,2011,2012-01-01,Sunday,TB,24.0,ATL,45.0,69.0,-10.0,-117.0,108.0,45.5,-470.0,400.0,1
2011_17_BAL_CIN,2011,2012-01-01,Sunday,BAL,24.0,CIN,16.0,40.0,2.5,112.0,-121.0,37.5,138.0,-153.0,1
2011_17_PIT_CLE,2011,2012-01-01,Sunday,PIT,13.0,CLE,9.0,22.0,7.0,105.0,-114.0,33.0,285.0,-325.0,1
2011_17_KC_DEN,2011,2012-01-01,Sunday,KC,7.0,DEN,3.0,10.0,-1.0,-119.0,110.0,37.0,-125.0,113.0,1
2011_17_SD_OAK,2011,2012-01-01,Sunday,SD,38.0,OAK,26.0,64.0,-2.5,-108.0,100.0,50.5,-130.0,118.0,1
2011_17_DAL_NYG,2011,2012-01-01,Sunday,DAL,14.0,NYG,31.0,45.0,-3.0,101.0,-109.0,48.0,-161.0,145.0,1
2011_18_CIN_HOU,2011,2012-01-07,Saturday,CIN,10.0,HOU,31.0,41.0,-4.0,-111.0,103.0,38.0,-226.0,202.0,0
2011_18_DET_NO,2011,2012-01-07,Saturday,DET,28.0,NO,45.0,73.0,-10.5,107.0,-116.0,59.5,-520.0,439.0,0
2011_18_ATL_NYG,2011,2012-01-08,Sunday,ATL,2.0,NYG,24.0,26.0,-3.0,113.0,-122.0,47.5,-144.0,130.0,0
2011_18_PIT_DEN,2011,2012-01-08,Sunday,PIT,23.0,DEN,29.0,52.0,7.5,-110.0,102.0,34.0,293.0,-335.0,0
2011_19_NO_SF,2011,2012-01-14,Saturday,NO,32.0,SF,36.0,68.0,3.5,-120.0,111.0,46.5,149.0,-165.0,0
2011_19_DEN_NE,2011,2012-01-14,Saturday,DEN,10.0,NE,45.0,55.0,-14.0,-108.0,100.0,50.0,-674.0,551.0,0
2011_19_HOU_BAL,2011,2012-01-15,Sunday,HOU,13.0,BAL,20.0,33.0,-7.5,102.0,-110.0,37.0,-355.0,310.0,0
2011_19_NYG_GB,2011,2012-01-15,Sunday,NYG,37.0,GB,20.0,57.0,-8.5,-108.0,100.0,54.0,-402.0,347.0,0
2011_20_BAL_NE,2011,2012-01-22,Sunday,BAL,20.0,NE,23.0,43.0,-7.0,100.0,-108.0,49.0,-310.0,273.0,0
2011_20_NYG_SF,2011,2012-01-22,Sunday,NYG,20.0,SF,17.0,37.0,-2.0,-115.0,106.0,40.5,-135.0,122.0,0
2011_21_NYG_NE,2011,2012-02-05,Sunday,NYG,21.0,NE,17.0,38.0,-3.0,103.0,-109.0,53.0,-149.0,137.0,0
2012_01_DAL_NYG,2012,2012-09-05,Wednesday,DAL,24.0,NYG,17.0,41.0,-3.5,100.0,-108.0,45.5,-182.0,164.0,1
2012_01_IND_CHI,2012,2012-09-09,Sunday,IND,21.0,CHI,41.0,62.0,-10.0,-101.0,-107.0,41.5,-450.0,385.0,0
2012_01_PHI_CLE,2012,2012-09-09,Sunday,PHI,17.0,CLE,16.0,33.0,9.0,-109.0,101.0,42.0,361.0,-420.0,0
2012_01_STL_DET,2012,2012-09-09,Sunday,STL,23.0,DET,27.0,50.0,-9.0,107.0,-116.0,46.0,-394.0,341.0,0
2012_01_MIA_HOU,2012,2012-09-09,Sunday,MIA,10.0,HOU,30.0,40.0,-13.0,-104.0,-104.0,41.5,-720.0,583.0,0
2012_01_ATL_KC,2012,2012-09-09,Sunday,ATL,40.0,KC,24.0,64.0,1.0,114.0,-123.0,43.0,118.0,-130.0,0
2012_01_JAX_MIN,2012,2012-09-09,Sunday,JAX,23.0,MIN,26.0,49.0,-3.5,-104.0,-104.0,38.0,-194.0,174.0,0
2012_01_WAS_NO,2012,2012-09-09,Sunday,WAS,40.0,NO,32.0,72.0,-9.5,106.0,-115.0,50.0,-385.0,334.0,0
2012_01_BUF_NYJ,2012,2012-09-09,Sunday,BUF,28.0,NYJ,48.0,76.0,-3.0,101.0,-109.0,39.5,-144.0,130.0,1
2012_01_NE_TEN,2012,2012-09-09,Sunday,NE,34.0,TEN,13.0,47.0,4.5,-103.0,-105.0,48.0,200.0,-224.0,0
2012_01_SEA_ARI,2012,2012-09-09,Sunday,SEA,16.0,ARI,20.0,36.0,1.0,118.0,-128.0,40.5,122.0,-135.0,1
2012_01_SF_GB,2012,2012-09-09,Sunday,SF,30.0,GB,22.0,52.0,-6.0,-111.0,103.0,46.5,-256.0,228.0,0
2012_01_CAR_TB,2012,2012-09-09,Sunday,CAR,10.0,TB,16.0,26.0,3.0,-102.0,-106.0,45.5,145.0,-161.0,1
2012_01_PIT_DEN,2012,2012-09-09,Sunday,PIT,19.0,DEN,31.0,50.0,-2.5,-117.0,108.0,45.5,-155.0,140.0,0
2012_01_CIN_BAL,2012,2012-09-10,Monday,CIN,13.0,BAL,44.0,57.0,-7.0,-106.0,-102.0,42.5,-320.0,281.0,1
2012_01_SD_OAK,2012,2012-09-10,Monday,SD,22.0,OAK,14.0,36.0,-1.0,-107.0,-101.0,47.5,-114.0,103.0,1
2012_02_CHI_GB,2012,2012-09-13,Thursday,CHI,10.0,GB,23.0,33.0,-5.0,-106.0,-102.0,50.5,-230.0,205.0,1
2012_02_KC_BUF,2012,2012-09-16,Sunday,KC,17.0,BUF,35.0,52.0,-3.0,-110.0,102.0,45.0,-163.0,147.0,0
2012_02_NO_CAR,2012,2012-09-16,Sunday,NO,27.0,CAR,35.0,62.0,3.0,-108.0,100.0,53.0,137.0,-152.0,1
2012_02_CLE_CIN,2012,2012-09-16,Sunday,CLE,27.0,CIN,34.0,61.0,-7.0,-104.0,-104.0,39.5,-309.0,272.0,1
2012_02_MIN_IND,2012,2012-09-16,Sunday,MIN,20.0,IND,23.0,43.0,3.0,-119.0,110.0,45.5,128.0,-141.0,0
2012_02_HOU_JAX,2012,2012-09-16,Sunday,HOU,27.0,JAX,7.0,34.0,6.5,-115.0,106.0,40.0,244.0,-275.0,1
2012_02_OAK_MIA,2012,2012-09-16,Sunday,OAK,13.0,MIA,35.0,48.0,1.0,108.0,-117.0,41.0,113.0,-125.0,0
2012_02_ARI_NE,2012,2012-09-16,Sunday,ARI,20.0,NE,18.0,38.0,-13.0,-104.0,-104.0,47.0,-650.0,534.0,0
2012_02_TB_NYG,2012,2012-09-16,Sunday,TB,34.0,NYG,41.0,75.0,-9.0,111.0,-120.0,43.5,-360.0,314.0,0
2012_02_BAL_PHI,2012,2012-09-16,Sunday,BAL,23.0,PHI,24.0,47.0,-3.0,-107.0,-101.0,46.5,-160.0,144.0,0
2012_02_DAL_SEA,2012,2012-09-16,Sunday,DAL,7.0,SEA,27.0,34.0,3.0,-103.0,-105.0,43.0,144.0,-160.0,0
2012_02_WAS_STL,2012,2012-09-16,Sunday,WAS,28.0,STL,31.0,59.0,3.5,-103.0,-105.0,42.5,171.0,-190.0,0
2012_02_NYJ_PIT,2012,2012-09-16,Sunday,NYJ,10.0,PIT,27.0,37.0,-4.5,-104.0,-104.0,43.0,-210.0,188.0,0
2012_02_TEN_SD,2012,2012-09-16,Sunday,TEN,10.0,SD,38.0,48.0,-6.5,103.0,-111.0,43.5,-243.0,217.0,0
2012_02_DET_SF,2012,2012-09-16,Sunday,DET,19.0,SF,27.0,46.0,-7.0,108.0,-117.0,46.0,-270.0,239.0,0
2012_02_DEN_ATL,2012,2012-09-17,Monday,DEN,21.0,ATL,27.0,48.0,-3.0,-108.0,100.0,50.0,-157.0,142.0,0
2012_03_NYG_CAR,2012,2012-09-20,Thursday,NYG,36.0,CAR,7.0,43.0,-2.5,-124.0,115.0,49.0,-155.0,140.0,0
2012_03_STL_CHI,2012,2012-09-23,Sunday,STL,6.0,CHI,23.0,29.0,-7.0,104.0,-113.0,41.5,-300.0,264.0,0
2012_03_BUF_CLE,2012,2012-09-23,Sunday,BUF,24.0,CLE,14.0,38.0,2.5,106.0,-115.0,45.0,127.0,-140.0,0
2012_03_TB_DAL,2012,2012-09-23,Sunday,TB,10.0,DAL,16.0,26.0,-7.0,-110.0,102.0,45.5,-345.0,301.0,0
2012_03_JAX_IND,2012,2012-09-23,Sunday,JAX,22.0,IND,17.0,39.0,-3.0,-116.0,107.0,41.5,-173.0,156.0,1
2012_03_NYJ_MIA,2012,2012-09-23,Sunday,NYJ,23.0,MIA,20.0,43.0,2.5,105.0,-114.0,40.5,129.0,-143.0,1
2012_03_SF_MIN,2012,2012-09-23,Sunday,SF,13.0,MIN,24.0,37.0,6.5,100.0,-108.0,42.5,252.0,-285.0,0
2012_03_KC_NO,2012,2012-09-23,Sunday,KC,27.0,NO,24.0,51.0,-9.0,104.0,-113.0,51.5,-373.0,324.0,0
2012_03_DET_TEN,2012,2012-09-23,Sunday,DET,41.0,TEN,44.0,85.0,3.5,100.0,-108.0,47.0,175.0,-195.0,0
2012_03_CIN_WAS,2012,2012-09-23,Sunday,CIN,38.0,WAS,31.0,69.0,-3.0,-125.0,115.0,49.5,-187.0,168.0,0
2012_03_PHI_ARI,2012,2012-09-23,Sunday,PHI,6.0,ARI,27.0,33.0,3.0,115.0,-125.0,42.5,159.0,-177.0,0
2012_03_ATL_SD,2012,2012-09-23,Sunday,ATL,27.0,SD,3.0,30.0,-3.0,-107.0,-101.0,47.0,-161.0,145.0,0
2012_03_HOU_DEN,2012,2012-09-23,Sunday,HOU,31.0,DEN,25.0,56.0,1.0,103.0,-111.0,43.5,105.0,-116.0,0
2012_03_PIT_OAK,2012,2012-09-23,Sunday,PIT,31.0,OAK,34.0,65.0,3.5,-102.0,-106.0,45.5,180.0,-200.0,0
2012_03_NE_BAL,2012,2012-09-23,Sunday,NE,30.0,BAL,31.0,61.0,-2.5,-122.0,113.0,48.5,-152.0,137.0,0
2012_03_GB_SEA,2012,2012-09-24,Monday,GB,12.0,SEA,14.0,26.0,3.0,106.0,-115.0,45.5,155.0,-172.0,0
2012_04_CLE_BAL,2012,2012-09-27,Thursday,CLE,16.0,BAL,23.0,39.0,-11.5,102.0,-110.0,44.0,-560.0,468.0,1
2012_04_CAR_ATL,2012,2012-09-30,Sunday,CAR,28.0,ATL,30.0,58.0,-7.0,102.0,-110.0,48.0,-305.0,269.0,1
2012_04_NE_BUF,2012,2012-09-30,Sunday,NE,52.0,BUF,28.0,80.0,3.5,-104.0,-104.0,48.0,175.0,-195.0,1
2012_04_MIN_DET,2012,2012-09-30,Sunday,MIN,20.0,DET,13.0,33.0,-3.5,100.0,-108.0,48.0,-190.0,171.0,1
2012_04_TEN_HOU,2012,2012-09-30,Sunday,TEN,14.0,HOU,38.0,52.0,-13.0,100.0,-108.0,44.5,-700.0,569.0,1
2012_04_SD_KC,2012,2012-09-30,Sunday,SD,37.0,KC,20.0,57.0,2.5,-101.0,-107.0,43.0,118.0,-130.0,1
2012_04_SF_NYJ,2012,2012-09-30,Sunday,SF,34.0,NYJ,0.0,34.0,3.5,-103.0,-105.0,40.5,171.0,-190.0,0
2012_04_SEA_STL,2012,2012-09-30,Sunday,SEA,13.0,STL,19.0,32.0,2.0,102.0,-110.0,39.5,118.0,-130.0,1
2012_04_MIA_ARI,2012,2012-09-30,Sunday,MIA,21.0,ARI,24.0,45.0,-4.0,-106.0,-102.0,38.5,-208.0,186.0,0
2012_04_OAK_DEN,2012,2012-09-30,Sunday,OAK,6.0,DEN,37.0,43.0,-6.5,-107.0,-101.0,47.0,-275.0,244.0,1
2012_04_CIN_JAX,2012,2012-09-30,Sunday,CIN,27.0,JAX,10.0,37.0,-1.0,-114.0,105.0,45.5,-120.0,109.0,0
2012_04_NO_GB,2012,2012-09-30,Sunday,NO,27.0,GB,28.0,55.0,-7.5,102.0,-110.0,54.0,-350.0,305.0,0
2012_04_WAS_TB,2012,2012-09-30,Sunday,WAS,24.0,TB,22.0,46.0,-1.5,-120.0,111.0,44.5,-135.0,122.0,0
2012_04_NYG_PHI,2012,2012-09-30,Sunday,NYG,17.0,PHI,19.0,36.0,-1.5,-106.0,-102.0,46.0,-117.0,106.0,1
2012_04_CHI_DAL,2012,2012-10-01,Monday,CHI,34.0,DAL,18.0,52.0,-3.0,-107.0,-101.0,41.0,-160.0,144.0,0
2012_05_ARI_STL,2012,2012-10-04,Thursday,ARI,3.0,STL,17.0,20.0,1.0,-103.0,-105.0,37.5,102.0,-113.0,1
2012_05_MIA_CIN,2012,2012-10-07,Sunday,MIA,17.0,CIN,13.0,30.0,-3.0,100.0,-108.0,45.0,-154.0,139.0,0
2012_05_GB_IND,2012,2012-10-07,Sunday,GB,27.0,IND,30.0,57.0,6.5,-103.0,-105.0,49.5,231.0,-260.0,0
2012_05_BAL_KC,2012,2012-10-07,Sunday,BAL,9.0,KC,6.0,15.0,6.0,-103.0,-105.0,46.5,231.0,-260.0,0
2012_05_CLE_NYG,2012,2012-10-07,Sunday,CLE,27.0,NYG,41.0,68.0,-7.5,-109.0,101.0,44.0,-400.0,346.0,0
2012_05_PHI_PIT,2012,2012-10-07,Sunday,PHI,14.0,PIT,16.0,30.0,-4.0,-106.0,-102.0,44.0,-195.0,175.0,0
2012_05_ATL_WAS,2012,2012-10-07,Sunday,ATL,24.0,WAS,17.0,41.0,3.0,-103.0,-105.0,50.5,142.0,-157.0,0
2012_05_SEA_CAR,2012,2012-10-07,Sunday,SEA,16.0,CAR,12.0,28.0,-1.0,-113.0,104.0,42.5,-119.0,108.0,0
2012_05_CHI_JAX,2012,2012-10-07,Sunday,CHI,41.0,JAX,3.0,44.0,6.0,-107.0,-101.0,38.5,218.0,-245.0,0
2012_05_TEN_MIN,2012,2012-10-07,Sunday,TEN,7.0,MIN,30.0,37.0,-6.0,-103.0,-105.0,44.0,-260.0,231.0,0
2012_05_DEN_NE,2012,2012-10-07,Sunday,DEN,21.0,NE,31.0,52.0,-6.0,-110.0,102.0,50.5,-270.0,239.0,0
2012_05_BUF_SF,2012,2012-10-07,Sunday,BUF,3.0,SF,45.0,48.0,-10.0,-102.0,-106.0,45.5,-460.0,393.0,0
2012_05_SD_NO,2012,2012-10-07,Sunday,SD,24.0,NO,31.0,55.0,-3.5,-101.0,-107.0,53.0,-175.0,158.0,0
2012_05_HOU_NYJ,2012,2012-10-08,Monday,HOU,23.0,NYJ,17.0,40.0,9.5,-104.0,-104.0,40.5,354.0,-410.0,0
2012_06_PIT_TEN,2012,2012-10-11,Thursday,PIT,23.0,TEN,26.0,49.0,5.5,-103.0,-105.0,42.5,214.0,-240.0,0
2012_06_OAK_ATL,2012,2012-10-14,Sunday,OAK,20.0,ATL,23.0,43.0,-10.0,-102.0,-106.0,49.0,-450.0,385.0,0
2012_06_DAL_BAL,2012,2012-10-14,Sunday,DAL,29.0,BAL,31.0,60.0,-3.0,-111.0,103.0,45.5,-167.0,151.0,0
2012_06_CIN_CLE,2012,2012-10-14,Sunday,CIN,24.0,CLE,34.0,58.0,1.0,102.0,-110.0,42.0,107.0,-118.0,1
2012_06_STL_MIA,2012,2012-10-14,Sunday,STL,14.0,MIA,17.0,31.0,-5.5,-101.0,-107.0,38.0,-225.0,201.0,0
2012_06_IND_NYJ,2012,2012-10-14,Sunday,IND,9.0,NYJ,35.0,44.0,-3.5,104.0,-113.0,43.5,-185.0,166.0,0
2012_06_DET_PHI,2012,2012-10-14,Sunday,DET,26.0,PHI,23.0,49.0,-3.5,-105.0,-103.0,47.5,-186.0,167.0,0
2012_06_KC_TB,2012,2012-10-14,Sunday,KC,10.0,TB,38.0,48.0,-5.0,-105.0,-103.0,39.5,-235.0,210.0,0
2012_06_BUF_ARI,2012,2012-10-14,Sunday,BUF,19.0,ARI,16.0,35.0,-5.0,-108.0,100.0,44.0,-235.0,210.0,0
2012_06_NE_SEA,2012,2012-10-14,Sunday,NE,23.0,SEA,24.0,47.0,3.5,-106.0,-102.0,42.5,169.0,-188.0,0
2012_06_NYG_SF,2012,2012-10-14,Sunday,NYG,26.0,SF,3.0,29.0,-7.0,-113.0,104.0,46.5,-313.0,275.0,0
2012_06_MIN_WAS,2012,2012-10-14,Sunday,MIN,26.0,WAS,38.0,64.0,1.5,-104.0,-104.0,44.0,107.0,-118.0,0
2012_06_GB_HOU,2012,2012-10-14,Sunday,GB,42.0,HOU,24.0,66.0,-4.0,-104.0,-104.0,46.5,-196.0,176.0,0
2012_06_DEN_SD,2012,2012-10-15,Monday,DEN,35.0,SD,24.0,59.0,-1.0,-103.0,-105.0,47.5,-109.0,-101.0,1
2012_07_SEA_SF,2012,2012-10-18,Thursday,SEA,6.0,SF,13.0,19.0,-7.5,100.0,-108.0,37.5,-360.0,314.0,1
2012_07_TEN_BUF,2012,2012-10-21,Sunday,TEN,35.0,BUF,34.0,69.0,-4.0,-106.0,-102.0,47.0,-210.0,188.0,0
2012_07_DAL_CAR,2012,2012-10-21,Sunday,DAL,19.0,CAR,14.0,33.0,2.5,105.0,-114.0,45.0,124.0,-137.0,0
2012_07_BAL_HOU,2012,2012-10-21,Sunday,BAL,13.0,HOU,43.0,56.0,-6.5,-104.0,-104.0,47.0,-255.0,227.0,0
2012_07_CLE_IND,2012,2012-10-21,Sunday,CLE,13.0,IND,17.0,30.0,-1.0,-107.0,-101.0,46.5,-114.0,103.0,0
2012_07_ARI_MIN,2012,2012-10-21,Sunday,ARI,14.0,MIN,21.0,35.0,-7.0,105.0,-114.0,38.5,-290.0,256.0,0
2012_07_WAS_NYG,2012,2012-10-21,Sunday,WAS,23.0,NYG,27.0,50.0,-6.5,-106.0,-102.0,51.5,-260.0,231.0,1
2012_07_GB_STL,2012,2012-10-21,Sunday,GB,30.0,STL,20.0,50.0,4.0,-101.0,-107.0,45.0,193.0,-215.0,0
2012_07_NO_TB,2012,2012-10-21,Sunday,NO,35.0,TB,28.0,63.0,1.0,100.0,-108.0,49.5,105.0,-116.0,1
2012_07_NYJ_NE,2012,2012-10-21,Sunday,NYJ,26.0,NE,29.0,55.0,-11.0,-110.0,102.0,47.5,-635.0,523.0,1
2012_07_JAX_OAK,2012,2012-10-21,Sunday,JAX,23.0,OAK,26.0,49.0,-6.0,-104.0,-104.0,44.5,-270.0,239.0,0
2012_07_PIT_CIN,2012,2012-10-21,Sunday,PIT,24.0,CIN,17.0,41.0,1.0,103.0,-111.0,46.5,102.0,-113.0,1
2012_07_DET_CHI,2012,2012-10-22,Monday,DET,7.0,CHI,13.0,20.0,-6.5,-104.0,-104.0,45.5,-265.0,235.0,1
2012_08_TB_MIN,2012,2012-10-25,Thursday,TB,36.0,MIN,17.0,53.0,-5.0,-104.0,-104.0,43.0,-235.0,210.0,0
2012_08_CAR_CHI,2012,2012-10-28,Sunday,CAR,22.0,CHI,23.0,45.0,-7.0,102.0,-110.0,41.5,-310.0,273.0,0
2012_08_SD_CLE,2012,2012-10-28,Sunday,SD,6.0,CLE,7.0,13.0,2.5,108.0,-117.0,40.5,131.0,-145.0,0
2012_08_SEA_DET,2012,2012-10-28,Sunday,SEA,24.0,DET,28.0,52.0,-3.0,102.0,-110.0,42.5,-147.0,133.0,0
2012_08_JAX_GB,2012,2012-10-28,Sunday,JAX,15.0,GB,24.0,39.0,-15.0,-106.0,-102.0,45.0,-900.0,704.0,0
2012_08_MIA_NYJ,2012,2012-10-28,Sunday,MIA,30.0,NYJ,9.0,39.0,-1.0,-104.0,-104.0,38.5,-110.0,100.0,1
2012_08_ATL_PHI,2012,2012-10-28,Sunday,ATL,30.0,PHI,17.0,47.0,-1.5,-126.0,116.0,43.5,-140.0,127.0,0
2012_08_WAS_PIT,2012,2012-10-28,Sunday,WAS,12.0,PIT,27.0,39.0,-4.5,-105.0,-103.0,44.5,-210.0,188.0,0
2012_08_NE_STL,2012,2012-10-28,Sunday,NE,45.0,STL,7.0,52.0,7.5,-120.0,111.0,46.0,269.0,-305.0,0
2012_08_IND_TEN,2012,2012-10-28,Sunday,IND,19.0,TEN,13.0,32.0,-3.5,104.0,-113.0,46.5,-170.0,153.0,1
2012_08_OAK_KC,2012,2012-10-28,Sunday,OAK,26.0,KC,16.0,42.0,-1.0,-110.0,102.0,41.5,-116.0,105.0,1
2012_08_NYG_DAL,2012,2012-10-28,Sunday,NYG,29.0,DAL,24.0,53.0,1.5,120.0,-130.0,47.5,130.0,-144.0,1
2012_08_NO_DEN,2012,2012-10-28,Sunday,NO,14.0,DEN,34.0,48.0,-6.0,-101.0,-107.0,55.0,-260.0,231.0,0
2012_08_SF_ARI,2012,2012-10-29,Monday,SF,24.0,ARI,3.0,27.0,7.0,-105.0,-103.0,37.5,285.0,-325.0,1
2012_09_KC_SD,2012,2012-11-01,Thursday,KC,13.0,SD,31.0,44.0,-7.5,105.0,-114.0,41.0,-300.0,264.0,1
2012_09_DEN_CIN,2012,2012-11-04,Sunday,DEN,31.0,CIN,23.0,54.0,5.0,-103.0,-105.0,47.5,201.0,-225.0,0
2012_09_BAL_CLE,2012,2012-11-04,Sunday,BAL,25.0,CLE,15.0,40.0,3.5,-114.0,105.0,44.0,159.0,-176.0,1
2012_09_ARI_GB,2012,2012-11-04,Sunday,ARI,17.0,GB,31.0,48.0,-10.5,-102.0,-106.0,43.0,-470.0,400.0,0
2012_09_BUF_HOU,2012,2012-11-04,Sunday,BUF,9.0,HOU,21.0,30.0,-11.0,-102.0,-106.0,47.5,-510.0,431.0,0
2012_09_MIA_IND,2012,2012-11-04,Sunday,MIA,20.0,IND,23.0,43.0,2.5,100.0,-108.0,44.0,118.0,-130.0,0
2012_09_DET_JAX,2012,2012-11-04,Sunday,DET,31.0,JAX,14.0,45.0,6.0,-104.0,-104.0,44.0,218.0,-245.0,0
2012_09_CHI_TEN,2012,2012-11-04,Sunday,CHI,51.0,TEN,20.0,71.0,4.5,-103.0,-105.0,44.0,193.0,-215.0,0
2012_09_CAR_WAS,2012,2012-11-04,Sunday,CAR,21.0,WAS,13.0,34.0,-3.0,-110.0,102.0,48.0,-168.0,152.0,0
2012_09_TB_OAK,2012,2012-11-04,Sunday,TB,42.0,OAK,32.0,74.0,-1.0,-105.0,-103.0,47.0,-111.0,101.0,0
2012_09_MIN_SEA,2012,2012-11-04,Sunday,MIN,20.0,SEA,30.0,50.0,-4.5,-107.0,-101.0,38.0,-225.0,201.0,0
2012_09_PIT_NYG,2012,2012-11-04,Sunday,PIT,24.0,NYG,20.0,44.0,-3.5,100.0,-108.0,48.0,-174.0,157.0,0
2012_09_DAL_ATL,2012,2012-11-04,Sunday,DAL,13.0,ATL,19.0,32.0,-4.0,106.0,-115.0,47.0,-185.0,166.0,0
2012_09_PHI_NO,2012,2012-11-05,Monday,PHI,13.0,NO,28.0,41.0,-2.5,-109.0,101.0,52.0,-135.0,122.0,0
2012_10_IND_JAX,2012,2012-11-08,Thursday,IND,27.0,JAX,10.0,37.0,3.0,-101.0,-107.0,43.5,149.0,-165.0,1
2012_10_OAK_BAL,2012,2012-11-11,Sunday,OAK,20.0,BAL,55.0,75.0,-9.5,120.0,-130.0,48.0,-320.0,281.0,0
2012_10_DEN_CAR,2012,2012-11-11,Sunday,DEN,36.0,CAR,14.0,50.0,3.5,-107.0,-101.0,46.5,167.0,-186.0,0
2012_10_NYG_CIN,2012,2012-11-11,Sunday,NYG,13.0,CIN,31.0,44.0,3.5,-104.0,-104.0,47.0,172.0,-191.0,0
2012_10_TEN_MIA,2012,2012-11-11,Sunday,TEN,37.0,MIA,3.0,40.0,-6.5,-113.0,104.0,44.0,-275.0,244.0,0
2012_10_DET_MIN,2012,2012-11-11,Sunday,DET,24.0,MIN,34.0,58.0,3.0,105.0,-114.0,46.0,154.0,-171.0,1
2012_10_BUF_NE,2012,2012-11-11,Sunday,BUF,31.0,NE,37.0,68.0,-13.5,-102.0,-106.0,54.0,-665.0,545.0,1
2012_10_ATL_NO,2012,2012-11-11,Sunday,ATL,27.0,NO,31.0,58.0,1.0,106.0,-115.0,54.0,111.0,-122.0,1
2012_10_SD_TB,2012,2012-11-11,Sunday,SD,24.0,TB,34.0,58.0,-3.0,-110.0,102.0,46.5,-168.0,152.0,0
2012_10_NYJ_SEA,2012,2012-11-11,Sunday,NYJ,7.0,SEA,28.0,35.0,-5.0,-108.0,100.0,38.0,-229.0,205.0,0
2012_10_DAL_PHI,2012,2012-11-11,Sunday,DAL,38.0,PHI,23.0,61.0,1.0,115.0,-125.0,44.0,119.0,-131.0,1
2012_10_STL_SF,2012,2012-11-11,Sunday,STL,24.0,SF,24.0,48.0,-13.5,-103.0,-105.0,38.0,-660.0,541.0,1
2012_10_HOU_CHI,2012,2012-11-11,Sunday,HOU,13.0,CHI,6.0,19.0,-1.0,-110.0,102.0,37.0,-116.0,105.0,0
2012_10_KC_PIT,2012,2012-11-12,Monday,KC,13.0,PIT,16.0,29.0,-12.5,102.0,-110.0,39.5,-610.0,505.0,0
2012_11_MIA_BUF,2012,2012-11-15,Thursday,MIA,14.0,BUF,19.0,33.0,-1.0,-126.0,116.0,46.0,-134.0,121.0,1
2012_11_ARI_ATL,2012,2012-11-18,Sunday,ARI,19.0,ATL,23.0,42.0,-9.5,100.0,-108.0,43.0,-420.0,361.0,0
2012_11_TB_CAR,2012,2012-11-18,Sunday,TB,27.0,CAR,21.0,48.0,1.0,-105.0,-103.0,46.0,100.0,-110.0,1
2012_11_CLE_DAL,2012,2012-11-18,Sunday,CLE,20.0,DAL,23.0,43.0,-7.0,-104.0,-104.0,43.5,-320.0,281.0,0
2012_11_GB_DET,2012,2012-11-18,Sunday,GB,24.0,DET,20.0,44.0,3.0,-102.0,-106.0,53.5,144.0,-160.0,1
2012_11_JAX_HOU,2012,2012-11-18,Sunday,JAX,37.0,HOU,43.0,80.0,-15.0,-102.0,-106.0,40.5,-1350.0,925.0,1
2012_11_CIN_KC,2012,2012-11-18,Sunday,CIN,28.0,KC,6.0,34.0,3.0,102.0,-110.0,41.0,149.0,-165.0,0
2012_11_NYJ_STL,2012,2012-11-18,Sunday,NYJ,27.0,STL,13.0,40.0,-3.5,-101.0,-107.0,38.0,-182.0,164.0,0
2012_11_PHI_WAS,2012,2012-11-18,Sunday,PHI,6.0,WAS,31.0,37.0,-3.5,102.0,-110.0,46.0,-178.0,160.0,1
2012_11_NO_OAK,2012,2012-11-18,Sunday,NO,38.0,OAK,17.0,55.0,6.0,-113.0,104.0,56.5,211.0,-236.0,0
2012_11_SD_DEN,2012,2012-11-18,Sunday,SD,23.0,DEN,30.0,53.0,-7.5,100.0,-108.0,47.5,-360.0,314.0,1
2012_11_IND_NE,2012,2012-11-18,Sunday,IND,24.0,NE,59.0,83.0,-10.0,-106.0,-102.0,54.5,-470.0,400.0,0
2012_11_BAL_PIT,2012,2012-11-18,Sunday,BAL,13.0,PIT,10.0,23.0,3.0,-104.0,-104.0,41.0,141.0,-156.0,1
2012_11_CHI_SF,2012,2012-11-19,Monday,CHI,7.0,SF,32.0,39.0,-3.5,-108.0,100.0,34.0,-190.0,171.0,0
2012_12_HOU_DET,2012,2012-11-22,Thursday,HOU,34.0,DET,31.0,65.0,3.5,-116.0,107.0,48.5,153.0,-170.0,0
2012_12_WAS_DAL,2012,2012-11-22,Thursday,WAS,38.0,DAL,31.0,69.0,-3.5,-108.0,100.0,47.0,-185.0,166.0,1
2012_12_NE_NYJ,2012,2012-11-22,Thursday,NE,49.0,NYJ,19.0,68.0,7.0,-109.0,101.0,48.0,245.0,-277.0,1
2012_12_MIN_CHI,2012,2012-11-25,Sunday,MIN,10.0,CHI,28.0,38.0,-6.5,-108.0,100.0,38.5,-255.0,227.0,1
2012_12_OAK_CIN,2012,2012-11-25,Sunday,OAK,10.0,CIN,34.0,44.0,-9.5,110.0,-119.0,50.5,-390.0,338.0,0
2012_12_PIT_CLE,2012,2012-11-25,Sunday,PIT,14.0,CLE,20.0,34.0,1.0,100.0,-108.0,33.0,103.0,-114.0,1
2012_12_BUF_IND,2012,2012-11-25,Sunday,BUF,13.0,IND,20.0,33.0,-2.0,-109.0,101.0,51.0,-132.0,120.0,0
2012_12_TEN_JAX,2012,2012-11-25,Sunday,TEN,19.0,JAX,24.0,43.0,3.5,-125.0,115.0,45.0,144.0,-160.0,1
2012_12_DEN_KC,2012,2012-11-25,Sunday,DEN,17.0,KC,9.0,26.0,10.0,-115.0,106.0,41.5,400.0,-470.0,1
2012_12_SEA_MIA,2012,2012-11-25,Sunday,SEA,21.0,MIA,24.0,45.0,3.0,113.0,-122.0,37.5,159.0,-176.0,0
2012_12_ATL_TB,2012,2012-11-25,Sunday,ATL,24.0,TB,23.0,47.0,1.0,100.0,-108.0,50.5,105.0,-116.0,1
2012_12_BAL_SD,2012,2012-11-25,Sunday,BAL,16.0,SD,13.0,29.0,1.0,-105.0,-103.0,46.5,-101.0,-109.0,0
2012_12_STL_ARI,2012,2012-11-25,Sunday,STL,31.0,ARI,17.0,48.0,-1.0,-109.0,101.0,36.0,-116.0,105.0,1
2012_12_SF_NO,2012,2012-11-25,Sunday,SF,31.0,NO,21.0,52.0,1.0,111.0,-120.0,50.0,115.0,-127.0,0
2012_12_GB_NYG,2012,2012-11-25,Sunday,GB,10.0,NYG,38.0,48.0,-1.0,-127.0,117.0,50.0,-132.0,120.0,0
2012_12_CAR_PHI,2012,2012-11-26,Monday,CAR,30.0,PHI,22.0,52.0,3.0,104.0,-113.0,41.5,146.0,-162.0,0
2012_13_NO_ATL,2012,2012-11-29,Thursday,NO,13.0,ATL,23.0,36.0,-3.5,-102.0,-106.0,54.5,-182.0,164.0,1
2012_13_JAX_BUF,2012,2012-12-02,Sunday,JAX,18.0,BUF,34.0,52.0,-6.0,-106.0,-102.0,41.0,-270.0,239.0,0
2012_13_SEA_CHI,2012,2012-12-02,Sunday,SEA,23.0,CHI,17.0,40.0,-3.0,-107.0,-101.0,36.5,-156.0,141.0,0
2012_13_IND_DET,2012,2012-12-02,Sunday,IND,35.0,DET,33.0,68.0,-7.0,-106.0,-102.0,51.5,-310.0,273.0,0
2012_13_MIN_GB,2012,2012-12-02,Sunday,MIN,14.0,GB,23.0,37.0,-7.0,-110.0,102.0,47.0,-365.0,318.0,1
2012_13_CAR_KC,2012,2012-12-02,Sunday,CAR,21.0,KC,27.0,48.0,5.0,-106.0,-102.0,41.0,188.0,-210.0,0
2012_13_NE_MIA,2012,2012-12-02,Sunday,NE,23.0,MIA,16.0,39.0,7.0,-110.0,102.0,51.0,289.0,-330.0,1
2012_13_ARI_NYJ,2012,2012-12-02,Sunday,ARI,6.0,NYJ,7.0,13.0,-6.0,-104.0,-104.0,37.0,-250.0,222.0,0
2012_13_SF_STL,2012,2012-12-02,Sunday,SF,13.0,STL,16.0,29.0,7.0,-102.0,-106.0,40.5,289.0,-330.0,1
2012_13_HOU_TEN,2012,2012-12-02,Sunday,HOU,24.0,TEN,10.0,34.0,7.0,-116.0,107.0,47.5,260.0,-295.0,1
2012_13_TB_DEN,2012,2012-12-02,Sunday,TB,23.0,DEN,31.0,54.0,-9.5,112.0,-121.0,50.0,-400.0,346.0,0
2012_13_PIT_BAL,2012,2012-12-02,Sunday,PIT,23.0,BAL,20.0,43.0,-7.0,105.0,-114.0,36.5,-300.0,264.0,1
2012_13_CLE_OAK,2012,2012-12-02,Sunday,CLE,20.0,OAK,17.0,37.0,2.5,103.0,-111.0,39.5,122.0,-135.0,0
2012_13_CIN_SD,2012,2012-12-02,Sunday,CIN,20.0,SD,13.0,33.0,-1.0,-107.0,-101.0,45.0,-116.0,105.0,0
2012_13_PHI_DAL,2012,2012-12-02,Sunday,PHI,33.0,DAL,38.0,71.0,-10.5,-108.0,100.0,44.0,-550.0,461.0,1
2012_13_NYG_WAS,2012,2012-12-03,Monday,NYG,16.0,WAS,17.0,33.0,2.5,100.0,-108.0,50.0,121.0,-134.0,1
2012_14_DEN_OAK,2012,2012-12-06,Thursday,DEN,26.0,OAK,13.0,39.0,10.0,-110.0,102.0,47.0,423.0,-500.0,1
2012_14_STL_BUF,2012,2012-12-09,Sunday,STL,15.0,BUF,12.0,27.0,-3.5,-110.0,102.0,42.0,-190.0,171.0,0
2012_14_ATL_CAR,2012,2012-12-09,Sunday,ATL,20.0,CAR,30.0,50.0,3.0,104.0,-113.0,46.5,146.0,-162.0,1
2012_14_DAL_CIN,2012,2012-12-09,Sunday,DAL,20.0,CIN,19.0,39.0,-3.5,105.0,-114.0,46.0,-180.0,162.0,0
2012_14_KC_CLE,2012,2012-12-09,Sunday,KC,7.0,CLE,30.0,37.0,-7.0,-102.0,-106.0,38.0,-305.0,269.0,0
2012_14_TEN_IND,2012,2012-12-09,Sunday,TEN,23.0,IND,27.0,50.0,-3.5,-104.0,-104.0,47.0,-190.0,171.0,1
2012_14_NYJ_JAX,2012,2012-12-09,Sunday,NYJ,17.0,JAX,10.0,27.0,3.0,100.0,-108.0,39.5,146.0,-162.0,0
2012_14_CHI_MIN,2012,2012-12-09,Sunday,CHI,14.0,MIN,21.0,35.0,1.0,111.0,-120.0,40.5,116.0,-128.0,1
2012_14_SD_PIT,2012,2012-12-09,Sunday,SD,34.0,PIT,24.0,58.0,-7.0,-110.0,102.0,37.5,-350.0,305.0,0
2012_14_PHI_TB,2012,2012-12-09,Sunday,PHI,23.0,TB,21.0,44.0,-8.0,115.0,-125.0,47.5,-330.0,289.0,0
2012_14_BAL_WAS,2012,2012-12-09,Sunday,BAL,28.0,WAS,31.0,59.0,-1.0,-113.0,104.0,47.5,-119.0,108.0,0
2012_14_MIA_SF,2012,2012-12-09,Sunday,MIA,13.0,SF,27.0,40.0,-10.5,-113.0,104.0,38.5,-560.0,468.0,0
2012_14_NO_NYG,2012,2012-12-09,Sunday,NO,27.0,NYG,52.0,79.0,-4.0,-106.0,-102.0,52.5,-205.0,184.0,0
2012_14_ARI_SEA,2012,2012-12-09,Sunday,ARI,0.0,SEA,58.0,58.0,-10.5,-102.0,-106.0,36.0,-545.0,457.0,1
2012_14_DET_GB,2012,2012-12-09,Sunday,DET,20.0,GB,27.0,47.0,-6.0,104.0,-113.0,49.5,-244.0,217.0,1
2012_14_HOU_NE,2012,2012-12-10,Monday,HOU,14.0,NE,42.0,56.0,-5.5,101.0,-109.0,50.5,-232.0,207.0,0
2012_15_CIN_PHI,2012,2012-12-13,Thursday,CIN,34.0,PHI,13.0,47.0,4.5,100.0,-108.0,45.0,196.0,-219.0,0
2012_15_NYG_ATL,2012,2012-12-16,Sunday,NYG,0.0,ATL,34.0,34.0,-1.0,-104.0,-104.0,50.0,-110.0,100.0,0
2012_15_DEN_BAL,2012,2012-12-16,Sunday,DEN,34.0,BAL,17.0,51.0,3.0,-119.0,110.0,48.0,131.0,-145.0,0
2012_15_GB_CHI,2012,2012-12-16,Sunday,GB,21.0,CHI,13.0,34.0,3.0,-113.0,104.0,43.0,132.0,-146.0,1
2012_15_WAS_CLE,2012,2012-12-16,Sunday,WAS,38.0,CLE,21.0,59.0,-4.0,-109.0,101.0,40.5,-212.0,190.0,0
2012_15_IND_HOU,2012,2012-12-16,Sunday,IND,17.0,HOU,29.0,46.0,-10.5,-108.0,100.0,47.5,-500.0,423.0,1
2012_15_JAX_MIA,2012,2012-12-16,Sunday,JAX,3.0,MIA,24.0,27.0,-7.5,104.0,-113.0,38.5,-355.0,310.0,0
2012_15_TB_NO,2012,2012-12-16,Sunday,TB,0.0,NO,41.0,41.0,-3.5,-104.0,-104.0,54.5,-192.0,173.0,1
2012_15_MIN_STL,2012,2012-12-16,Sunday,MIN,36.0,STL,22.0,58.0,-1.0,-126.0,116.0,39.0,-133.0,120.0,0
2012_15_DET_ARI,2012,2012-12-16,Sunday,DET,10.0,ARI,38.0,48.0,5.5,-113.0,104.0,43.5,200.0,-224.0,0
2012_15_SEA_BUF,2012,2012-12-16,Sunday,SEA,50.0,BUF,17.0,67.0,4.5,-104.0,-104.0,44.0,190.0,-212.0,0
2012_15_CAR_SD,2012,2012-12-16,Sunday,CAR,31.0,SD,7.0,38.0,-3.0,-106.0,-102.0,45.0,-160.0,144.0,0
2012_15_PIT_DAL,2012,2012-12-16,Sunday,PIT,24.0,DAL,27.0,51.0,1.0,115.0,-125.0,45.5,120.0,-132.0,0
2012_15_KC_OAK,2012,2012-12-16,Sunday,KC,0.0,OAK,15.0,15.0,-4.5,100.0,-108.0,44.0,-210.0,188.0,1
2012_15_SF_NE,2012,2012-12-16,Sunday,SF,41.0,NE,34.0,75.0,-4.0,-102.0,-106.0,47.0,-199.0,179.0,0
2012_15_NYJ_TEN,2012,2012-12-17,Monday,NYJ,10.0,TEN,14.0,24.0,-1.0,-101.0,-107.0,40.0,-107.0,-103.0,0
2012_16_ATL_DET,2012,2012-12-22,Saturday,ATL,31.0,DET,18.0,49.0,3.5,-104.0,-104.0,50.0,171.0,-190.0,0
2012_16_OAK_CAR,2012,2012-12-23,Sunday,OAK,6.0,CAR,17.0,23.0,-9.5,-105.0,-103.0,47.5,-420.0,361.0,0
2012_16_NO_DAL,2012,2012-12-23,Sunday,NO,34.0,DAL,31.0,65.0,-1.0,-140.0,129.0,55.0,-145.0,131.0,0
2012_16_TEN_GB,2012,2012-12-23,Sunday,TEN,7.0,GB,55.0,62.0,-10.5,-104.0,-104.0,44.0,-584.0,486.0,0
2012_16_MIN_HOU,2012,2012-12-23,Sunday,MIN,23.0,HOU,6.0,29.0,-7.5,-105.0,-103.0,43.0,-350.0,305.0,0
2012_16_NE_JAX,2012,2012-12-23,Sunday,NE,23.0,JAX,16.0,39.0,14.0,-110.0,102.0,51.5,638.0,-800.0,0
2012_16_IND_KC,2012,2012-12-23,Sunday,IND,20.0,KC,13.0,33.0,4.5,-108.0,100.0,41.5,186.0,-208.0,0
2012_16_BUF_MIA,2012,2012-12-23,Sunday,BUF,10.0,MIA,24.0,34.0,-5.0,-104.0,-104.0,43.5,-225.0,201.0,1
2012_16_SD_NYJ,2012,2012-12-23,Sunday,SD,27.0,NYJ,17.0,44.0,-3.0,-106.0,-102.0,37.0,-160.0,144.0,0
2012_16_WAS_PHI,2012,2012-12-23,Sunday,WAS,27.0,PHI,20.0,47.0,3.5,101.0,-109.0,46.0,181.0,-202.0,1
2012_16_CIN_PIT,2012,2012-12-23,Sunday,CIN,13.0,PIT,10.0,23.0,-3.5,104.0,-113.0,40.0,-170.0,153.0,1
2012_16_STL_TB,2012,2012-12-23,Sunday,STL,28.0,TB,13.0,41.0,-3.0,-103.0,-105.0,43.5,-155.0,140.0,0
2012_16_CLE_DEN,2012,2012-12-23,Sunday,CLE,12.0,DEN,34.0,46.0,-11.0,-103.0,-105.0,43.5,-595.0,494.0,0
2012_16_CHI_ARI,2012,2012-12-23,Sunday,CHI,28.0,ARI,13.0,41.0,7.0,-113.0,104.0,35.5,256.0,-290.0,0
2012_16_NYG_BAL,2012,2012-12-23,Sunday,NYG,14.0,BAL,33.0,47.0,1.0,114.0,-123.0,48.0,118.0,-130.0,0
2012_16_SF_SEA,2012,2012-12-23,Sunday,SF,13.0,SEA,42.0,55.0,-2.5,-101.0,-107.0,40.0,-135.0,122.0,1
2012_17_TB_ATL,2012,2012-12-30,Sunday,TB,22.0,ATL,17.0,39.0,-3.0,106.0,-115.0,46.0,-145.0,131.0,1
2012_17_NYJ_BUF,2012,2012-12-30,Sunday,NYJ,9.0,BUF,28.0,37.0,-3.5,105.0,-114.0,40.5,-172.0,155.0,1
2012_17_BAL_CIN,2012,2012-12-30,Sunday,BAL,17.0,CIN,23.0,40.0,-5.5,-108.0,100.0,43.0,-242.0,216.0,1
2012_17_CHI_DET,2012,2012-12-30,Sunday,CHI,26.0,DET,24.0,50.0,3.0,100.0,-108.0,46.0,147.0,-163.0,1
2012_17_HOU_IND,2012,2012-12-30,Sunday,HOU,16.0,IND,28.0,44.0,6.5,-102.0,-106.0,47.0,241.0,-272.0,1
2012_17_CAR_NO,2012,2012-12-30,Sunday,CAR,44.0,NO,38.0,82.0,-4.0,-105.0,-103.0,53.5,-195.0,175.0,1
2012_17_PHI_NYG,2012,2012-12-30,Sunday,PHI,7.0,NYG,42.0,49.0,-6.5,-103.0,-105.0,44.0,-265.0,235.0,1
2012_17_CLE_PIT,2012,2012-12-30,Sunday,CLE,10.0,PIT,24.0,34.0,-10.0,-105.0,-103.0,36.5,-450.0,385.0,1
2012_17_JAX_TEN,2012,2012-12-30,Sunday,JAX,20.0,TEN,38.0,58.0,-6.0,-107.0,-101.0,42.0,-255.0,227.0,1
2012_17_KC_DEN,2012,2012-12-30,Sunday,KC,3.0,DEN,38.0,41.0,-17.0,100.0,-108.0,41.0,-1600.0,1075.0,1
2012_17_GB_MIN,2012,2012-12-30,Sunday,GB,34.0,MIN,37.0,71.0,3.0,106.0,-115.0,45.5,155.0,-172.0,1
2012_17_MIA_NE,2012,2012-12-30,Sunday,MIA,0.0,NE,28.0,28.0,-11.5,-107.0,-101.0,48.0,-600.0,498.0,1
2012_17_OAK_SD,2012,2012-12-30,Sunday,OAK,21.0,SD,24.0,45.0,-9.5,111.0,-120.0,41.0,-350.0,305.0,1
2012_17_STL_SEA,2012,2012-12-30,Sunday,STL,13.0,SEA,20.0,33.0,-11.0,104.0,-113.0,41.5,-485.0,412.0,1
2012_17_ARI_SF,2012,2012-12-30,Sunday,ARI,13.0,SF,27.0,40.0,-16.0,102.0,-110.0,39.0,-1200.0,865.0,1
2012_17_DAL_WAS,2012,2012-12-30,Sunday,DAL,18.0,WAS,28.0,46.0,-3.0,-117.0,108.0,49.0,-174.0,157.0,1
2012_18_CIN_HOU,2012,2013-01-05,Saturday,CIN,13.0,HOU,19.0,32.0,-4.0,-106.0,-102.0,42.5,-202.0,181.0,0
2012_18_MIN_GB,2012,2013-01-05,Saturday,MIN,10.0,GB,24.0,34.0,-10.5,-113.0,104.0,44.0,-535.0,450.0,1
2012_18_IND_BAL,2012,2013-01-06,Sunday,IND,9.0,BAL,24.0,33.0,-7.5,100.0,-108.0,47.5,-335.0,293.0,0
2012_18_SEA_WAS,2012,2013-01-06,Sunday,SEA,24.0,WAS,14.0,38.0,3.0,103.0,-111.0,44.5,144.0,-160.0,0
2012_19_BAL_DEN,2012,2013-01-12,Saturday,BAL,38.0,DEN,35.0,73.0,-9.5,107.0,-116.0,44.0,-390.0,338.0,0
2012_19_GB_SF,2012,2013-01-12,Saturday,GB,31.0,SF,45.0,76.0,-3.0,-110.0,102.0,45.0,-162.0,146.0,0
2012_19_SEA_ATL,2012,2013-01-13,Sunday,SEA,28.0,ATL,30.0,58.0,-2.5,-109.0,101.0,46.0,-139.0,126.0,0
2012_19_HOU_NE,2012,2013-01-13,Sunday,HOU,28.0,NE,41.0,69.0,-9.5,-106.0,-102.0,50.5,-435.0,373.0,0
2012_20_SF_ATL,2012,2013-01-20,Sunday,SF,28.0,ATL,24.0,52.0,3.5,-103.0,-105.0,47.5,167.0,-186.0,0
2012_20_BAL_NE,2012,2013-01-20,Sunday,BAL,28.0,NE,13.0,41.0,-8.0,-110.0,102.0,49.5,-345.0,301.0,0
2012_21_BAL_SF,2012,2013-02-03,Sunday,BAL,34.0,SF,31.0,65.0,-4.5,-104.0,-104.0,47.5,-210.0,188.0,0
2013_01_BAL_DEN,2013,2013-09-05,Thursday,BAL,27.0,DEN,49.0,76.0,-7.5,104.0,-115.0,48.5,-319.0,280.0,0
2013_01_NE_BUF,2013,2013-09-08,Sunday,NE,23.0,BUF,21.0,44.0,10.0,-110.0,100.0,50.5,361.0,-420.0,1
2013_01_SEA_CAR,2013,2013-09-08,Sunday,SEA,12.0,CAR,7.0,19.0,3.0,-109.0,-101.0,44.5,136.0,-150.0,0
2013_01_CIN_CHI,2013,2013-09-08,Sunday,CIN,21.0,CHI,24.0,45.0,-3.0,-103.0,-107.0,41.5,-155.0,140.0,0
2013_01_MIA_CLE,2013,2013-09-08,Sunday,MIA,23.0,CLE,10.0,33.0,-2.5,-103.0,-107.0,40.5,-130.0,118.0,0
2013_01_MIN_DET,2013,2013-09-08,Sunday,MIN,24.0,DET,34.0,58.0,-4.0,-107.0,-103.0,46.0,-208.0,186.0,1
2013_01_OAK_IND,2013,2013-09-08,Sunday,OAK,17.0,IND,21.0,38.0,-11.0,-104.0,-106.0,45.0,-560.0,468.0,0
2013_01_KC_JAX,2013,2013-09-08,Sunday,KC,28.0,JAX,2.0,30.0,3.5,-115.0,104.0,42.5,153.0,-170.0,0
2013_01_ATL_NO,2013,2013-09-08,Sunday,ATL,17.0,NO,23.0,40.0,-3.5,-101.0,-109.0,54.5,-185.0,166.0,1
2013_01_TB_NYJ,2013,2013-09-08,Sunday,TB,17.0,NYJ,18.0,35.0,4.0,100.0,-110.0,40.0,179.0,-199.0,0
2013_01_TEN_PIT,2013,2013-09-08,Sunday,TEN,16.0,PIT,9.0,25.0,-6.0,102.0,-113.0,42.0,-245.0,218.0,0
2013_01_GB_SF,2013,2013-09-08,Sunday,GB,28.0,SF,34.0,62.0,-5.0,-107.0,-103.0,47.0,-222.0,199.0,0
2013_01_ARI_STL,2013,2013-09-08,Sunday,ARI,24.0,STL,27.0,51.0,-3.5,-106.0,-104.0,42.5,-185.0,166.0,1
2013_01_NYG_DAL,2013,2013-09-08,Sunday,NYG,31.0,DAL,36.0,67.0,-3.5,-101.0,-109.0,49.5,-180.0,162.0,1
2013_01_PHI_WAS,2013,2013-09-09,Monday,PHI,33.0,WAS,27.0,60.0,-4.0,-107.0,-103.0,51.0,-202.0,181.0,1
2013_01_HOU_SD,2013,2013-09-09,Monday,HOU,31.0,SD,28.0,59.0,5.0,-108.0,-102.0,44.0,193.0,-215.0,0
2013_02_NYJ_NE,2013,2013-09-12,Thursday,NYJ,10.0,NE,13.0,23.0,-10.5,-109.0,-101.0,43.0,-580.0,483.0,1
2013_02_STL_ATL,2013,2013-09-15,Sunday,STL,24.0,ATL,31.0,55.0,-4.0,-104.0,-106.0,47.5,-204.0,183.0,0
2013_02_CLE_BAL,2013,2013-09-15,Sunday,CLE,6.0,BAL,14.0,20.0,-5.5,-109.0,-101.0,43.5,-250.0,222.0,1
2013_02_CAR_BUF,2013,2013-09-15,Sunday,CAR,23.0,BUF,24.0,47.0,3.5,-109.0,-101.0,43.5,162.0,-180.0,0
2013_02_MIN_CHI,2013,2013-09-15,Sunday,MIN,30.0,CHI,31.0,61.0,-6.0,-108.0,-102.0,41.0,-260.0,231.0,1
2013_02_WAS_GB,2013,2013-09-15,Sunday,WAS,20.0,GB,38.0,58.0,-9.0,111.0,-123.0,48.5,-355.0,310.0,0
2013_02_TEN_HOU,2013,2013-09-15,Sunday,TEN,24.0,HOU,30.0,54.0,-7.5,109.0,-120.0,42.5,-325.0,285.0,1
2013_02_MIA_IND,2013,2013-09-15,Sunday,MIA,24.0,IND,20.0,44.0,-1.0,-113.0,102.0,43.5,-119.0,108.0,0
2013_02_DAL_KC,2013,2013-09-15,Sunday,DAL,16.0,KC,17.0,33.0,-3.0,-117.0,106.0,45.0,-170.0,153.0,0
2013_02_SD_PHI,2013,2013-09-15,Sunday,SD,33.0,PHI,30.0,63.0,-7.5,-110.0,100.0,51.0,-325.0,285.0,0
2013_02_DET_ARI,2013,2013-09-15,Sunday,DET,21.0,ARI,25.0,46.0,1.0,-108.0,-102.0,47.5,-101.0,-109.0,0
2013_02_NO_TB,2013,2013-09-15,Sunday,NO,16.0,TB,14.0,30.0,3.0,103.0,-114.0,48.5,143.0,-158.0,1
2013_02_DEN_NYG,2013,2013-09-15,Sunday,DEN,41.0,NYG,23.0,64.0,3.5,-113.0,102.0,52.5,158.0,-175.0,0
2013_02_JAX_OAK,2013,2013-09-15,Sunday,JAX,9.0,OAK,19.0,28.0,-3.5,-110.0,100.0,40.5,-195.0,175.0,0
2013_02_SF_SEA,2013,2013-09-15,Sunday,SF,3.0,SEA,29.0,32.0,-3.0,-105.0,-105.0,43.5,-153.0,138.0,1
2013_02_PIT_CIN,2013,2013-09-16,Monday,PIT,10.0,CIN,20.0,30.0,-7.0,106.0,-117.0,40.0,-275.0,244.0,1
2013_03_KC_PHI,2013,2013-09-19,Thursday,KC,26.0,PHI,16.0,42.0,-3.0,-114.0,103.0,50.0,-166.0,150.0,0
2013_03_HOU_BAL,2013,2013-09-22,Sunday,HOU,9.0,BAL,30.0,39.0,-1.0,-110.0,100.0,44.5,-116.0,105.0,0
2013_03_NYG_CAR,2013,2013-09-22,Sunday,NYG,0.0,CAR,38.0,38.0,1.0,106.0,-117.0,46.5,113.0,-125.0,0
2013_03_GB_CIN,2013,2013-09-22,Sunday,GB,30.0,CIN,34.0,64.0,3.0,-112.0,102.0,49.5,133.0,-147.0,0
2013_03_STL_DAL,2013,2013-09-22,Sunday,STL,7.0,DAL,31.0,38.0,-3.5,111.0,-123.0,47.5,-170.0,153.0,0
2013_03_CLE_MIN,2013,2013-09-22,Sunday,CLE,31.0,MIN,27.0,58.0,-7.0,111.0,-123.0,40.0,-290.0,256.0,0
2013_03_TB_NE,2013,2013-09-22,Sunday,TB,3.0,NE,23.0,26.0,-7.5,106.0,-117.0,44.5,-325.0,285.0,0
2013_03_ARI_NO,2013,2013-09-22,Sunday,ARI,7.0,NO,31.0,38.0,-8.0,100.0,-110.0,48.5,-355.0,310.0,0
2013_03_SD_TEN,2013,2013-09-22,Sunday,SD,17.0,TEN,20.0,37.0,-3.0,102.0,-113.0,43.0,-147.0,133.0,0
2013_03_DET_WAS,2013,2013-09-22,Sunday,DET,27.0,WAS,20.0,47.0,1.0,-103.0,-107.0,48.5,102.0,-113.0,0
2013_03_ATL_MIA,2013,2013-09-22,Sunday,ATL,23.0,MIA,27.0,50.0,-3.0,106.0,-117.0,45.5,-140.0,127.0,0
2013_03_BUF_NYJ,2013,2013-09-22,Sunday,BUF,20.0,NYJ,27.0,47.0,-2.5,-107.0,-103.0,41.0,-132.0,120.0,1
2013_03_JAX_SEA,2013,2013-09-22,Sunday,JAX,17.0,SEA,45.0,62.0,-19.5,-110.0,100.0,39.0,-4500.0,2000.0,0
2013_03_IND_SF,2013,2013-09-22,Sunday,IND,27.0,SF,7.0,34.0,-10.5,-105.0,-105.0,45.5,-510.0,431.0,0
2013_03_CHI_PIT,2013,2013-09-22,Sunday,CHI,40.0,PIT,23.0,63.0,2.5,-110.0,100.0,40.5,115.0,-127.0,0
2013_03_OAK_DEN,2013,2013-09-23,Monday,OAK,21.0,DEN,37.0,58.0,-16.0,-109.0,-101.0,48.5,-1500.0,1025.0,1
2013_04_SF_STL,2013,2013-09-26,Thursday,SF,35.0,STL,11.0,46.0,3.0,112.0,-124.0,43.0,161.0,-179.0,1
2013_04_BAL_BUF,2013,2013-09-29,Sunday,BAL,20.0,BUF,23.0,43.0,4.0,-102.0,-108.0,45.0,175.0,-195.0,0
2013_04_CIN_CLE,2013,2013-09-29,Sunday,CIN,6.0,CLE,17.0,23.0,3.5,-107.0,-103.0,42.5,166.0,-185.0,1
2013_04_CHI_DET,2013,2013-09-29,Sunday,CHI,32.0,DET,40.0,72.0,-3.0,104.0,-115.0,48.0,-148.0,134.0,1
2013_04_SEA_HOU,2013,2013-09-29,Sunday,SEA,23.0,HOU,20.0,43.0,1.0,-102.0,-108.0,41.0,103.0,-114.0,0
2013_04_IND_JAX,2013,2013-09-29,Sunday,IND,37.0,JAX,3.0,40.0,9.5,-120.0,109.0,42.5,305.0,-350.0,1
2013_04_NYG_KC,2013,2013-09-29,Sunday,NYG,7.0,KC,31.0,38.0,-3.5,100.0,-110.0,43.5,-177.0,159.0,0
2013_04_PIT_MIN,2013,2013-09-29,Sunday,PIT,27.0,MIN,34.0,61.0,3.0,-104.0,-106.0,41.5,139.0,-154.0,0
2013_04_ARI_TB,2013,2013-09-29,Sunday,ARI,13.0,TB,10.0,23.0,-2.5,-113.0,102.0,40.0,-134.0,121.0,0
2013_04_NYJ_TEN,2013,2013-09-29,Sunday,NYJ,13.0,TEN,38.0,51.0,-3.5,102.0,-113.0,40.5,-179.0,161.0,0
2013_04_PHI_DEN,2013,2013-09-29,Sunday,PHI,20.0,DEN,52.0,72.0,-10.5,105.0,-116.0,57.5,-470.0,400.0,0
2013_04_WAS_OAK,2013,2013-09-29,Sunday,WAS,24.0,OAK,14.0,38.0,3.5,-108.0,-102.0,45.5,166.0,-185.0,0
2013_04_DAL_SD,2013,2013-09-29,Sunday,DAL,21.0,SD,30.0,51.0,1.0,-113.0,102.0,47.0,-105.0,-105.0,0
2013_04_NE_ATL,2013,2013-09-29,Sunday,NE,30.0,ATL,23.0,53.0,-3.0,-101.0,-109.0,49.0,-156.0,141.0,0
2013_04_MIA_NO,2013,2013-09-30,Monday,MIA,17.0,NO,38.0,55.0,-7.0,102.0,-113.0,48.5,-321.0,282.0,0
2013_05_BUF_CLE,2013,2013-10-03,Thursday,BUF,24.0,CLE,37.0,61.0,-3.5,-105.0,-105.0,40.5,-185.0,166.0,0
2013_05_NO_CHI,2013,2013-10-06,Sunday,NO,26.0,CHI,18.0,44.0,-1.0,-108.0,-102.0,50.5,-115.0,104.0,0
2013_05_NE_CIN,2013,2013-10-06,Sunday,NE,6.0,CIN,13.0,19.0,2.0,106.0,-117.0,45.5,127.0,-140.0,0
2013_05_DET_GB,2013,2013-10-06,Sunday,DET,9.0,GB,22.0,31.0,-10.0,101.0,-111.0,53.0,-445.0,381.0,1
2013_05_SEA_IND,2013,2013-10-06,Sunday,SEA,28.0,IND,34.0,62.0,3.0,-117.0,106.0,43.5,130.0,-144.0,0
2013_05_BAL_MIA,2013,2013-10-06,Sunday,BAL,26.0,MIA,23.0,49.0,-2.5,-108.0,-102.0,42.5,-138.0,125.0,0
2013_05_PHI_NYG,2013,2013-10-06,Sunday,PHI,36.0,NYG,21.0,57.0,1.0,108.0,-119.0,53.5,111.0,-123.0,1
2013_05_JAX_STL,2013,2013-10-06,Sunday,JAX,20.0,STL,34.0,54.0,-11.0,-107.0,-103.0,40.5,-535.0,450.0,0
2013_05_KC_TEN,2013,2013-10-06,Sunday,KC,26.0,TEN,17.0,43.0,2.5,-105.0,-105.0,38.0,119.0,-131.0,0
2013_05_CAR_ARI,2013,2013-10-06,Sunday,CAR,6.0,ARI,22.0,28.0,3.0,102.0,-113.0,41.0,151.0,-167.0,0
2013_05_DEN_DAL,2013,2013-10-06,Sunday,DEN,51.0,DAL,48.0,99.0,7.5,-114.0,103.0,56.5,269.0,-305.0,0
2013_05_HOU_SF,2013,2013-10-06,Sunday,HOU,3.0,SF,34.0,37.0,-4.0,-110.0,100.0,43.0,-213.0,191.0,0
2013_05_SD_OAK,2013,2013-10-06,Sunday,SD,17.0,OAK,27.0,44.0,6.0,-113.0,102.0,46.0,205.0,-230.0,1
2013_05_NYJ_ATL,2013,2013-10-07,Monday,NYJ,30.0,ATL,28.0,58.0,-10.0,108.0,-119.0,45.0,-467.0,398.0,0
2013_06_NYG_CHI,2013,2013-10-10,Thursday,NYG,21.0,CHI,27.0,48.0,-9.5,-113.0,102.0,46.5,-370.0,322.0,0
2013_06_GB_BAL,2013,2013-10-13,Sunday,GB,19.0,BAL,17.0,36.0,1.0,104.0,-115.0,48.5,111.0,-123.0,0
2013_06_CIN_BUF,2013,2013-10-13,Sunday,CIN,27.0,BUF,24.0,51.0,6.0,-109.0,-101.0,41.0,214.0,-240.0,0
2013_06_DET_CLE,2013,2013-10-13,Sunday,DET,31.0,CLE,17.0,48.0,1.0,107.0,-118.0,44.0,113.0,-125.0,0
2013_06_STL_HOU,2013,2013-10-13,Sunday,STL,38.0,HOU,13.0,51.0,-9.5,-105.0,-105.0,43.0,-395.0,342.0,0
2013_06_OAK_KC,2013,2013-10-13,Sunday,OAK,7.0,KC,24.0,31.0,-7.5,-110.0,100.0,41.0,-360.0,314.0,1
2013_06_CAR_MIN,2013,2013-10-13,Sunday,CAR,35.0,MIN,10.0,45.0,-2.5,-110.0,100.0,44.5,-140.0,127.0,0
2013_06_PIT_NYJ,2013,2013-10-13,Sunday,PIT,19.0,NYJ,6.0,25.0,1.0,-102.0,-108.0,40.5,102.0,-113.0,0
2013_06_PHI_TB,2013,2013-10-13,Sunday,PHI,31.0,TB,20.0,51.0,2.5,104.0,-115.0,44.5,126.0,-139.0,0
2013_06_JAX_DEN,2013,2013-10-13,Sunday,JAX,19.0,DEN,35.0,54.0,-27.0,-108.0,-102.0,53.0,-5000.0,2173.0,0
2013_06_TEN_SEA,2013,2013-10-13,Sunday,TEN,13.0,SEA,20.0,33.0,-11.0,-108.0,-102.0,42.0,-564.0,471.0,0
2013_06_NO_NE,2013,2013-10-13,Sunday,NO,27.0,NE,30.0,57.0,-2.5,-110.0,100.0,51.5,-144.0,130.0,0
2013_06_ARI_SF,2013,2013-10-13,Sunday,ARI,20.0,SF,32.0,52.0,-10.0,111.0,-123.0,40.5,-430.0,369.0,1
2013_06_WAS_DAL,2013,2013-10-13,Sunday,WAS,16.0,DAL,31.0,47.0,-5.5,-106.0,-104.0,52.0,-230.0,205.0,1
2013_06_IND_SD,2013,2013-10-14,Monday,IND,9.0,SD,19.0,28.0,1.0,-103.0,-107.0,50.5,105.0,-116.0,0
2013_07_SEA_ARI,2013,2013-10-17,Thursday,SEA,34.0,ARI,22.0,56.0,5.0,-106.0,-104.0,41.0,203.0,-227.0,1
2013_07_TB_ATL,2013,2013-10-20,Sunday,TB,23.0,ATL,31.0,54.0,-6.0,-105.0,-105.0,43.0,-250.0,222.0,1
2013_07_STL_CAR,2013,2013-10-20,Sunday,STL,15.0,CAR,30.0,45.0,-8.0,100.0,-110.0,42.0,-326.0,286.0,0
2013_07_CIN_DET,2013,2013-10-20,Sunday,CIN,27.0,DET,24.0,51.0,-2.5,-123.0,111.0,45.5,-150.0,136.0,0
2013_07_SD_JAX,2013,2013-10-20,Sunday,SD,24.0,JAX,6.0,30.0,7.5,-117.0,106.0,44.5,273.0,-310.0,0
2013_07_BUF_MIA,2013,2013-10-20,Sunday,BUF,23.0,MIA,21.0,44.0,-6.0,-102.0,-108.0,43.5,-255.0,227.0,1
2013_07_NE_NYJ,2013,2013-10-20,Sunday,NE,27.0,NYJ,30.0,57.0,3.5,-109.0,-101.0,43.0,162.0,-180.0,1
2013_07_DAL_PHI,2013,2013-10-20,Sunday,DAL,17.0,PHI,3.0,20.0,-3.0,-117.0,106.0,55.0,-170.0,153.0,1
2013_07_CHI_WAS,2013,2013-10-20,Sunday,CHI,41.0,WAS,45.0,86.0,1.0,102.0,-113.0,47.5,108.0,-119.0,0
2013_07_SF_TEN,2013,2013-10-20,Sunday,SF,31.0,TEN,17.0,48.0,3.0,-110.0,100.0,41.0,139.0,-154.0,0
2013_07_CLE_GB,2013,2013-10-20,Sunday,CLE,13.0,GB,31.0,44.0,-7.5,-105.0,-105.0,45.0,-380.0,330.0,0
2013_07_HOU_KC,2013,2013-10-20,Sunday,HOU,16.0,KC,17.0,33.0,-7.0,108.0,-119.0,38.5,-280.0,248.0,0
2013_07_BAL_PIT,2013,2013-10-20,Sunday,BAL,16.0,PIT,19.0,35.0,-2.5,-101.0,-109.0,41.0,-127.0,115.0,1
2013_07_DEN_IND,2013,2013-10-20,Sunday,DEN,33.0,IND,39.0,72.0,6.0,-105.0,-105.0,54.5,226.0,-254.0,0
2013_07_MIN_NYG,2013,2013-10-21,Monday,MIN,7.0,NYG,23.0,30.0,-4.0,-105.0,-105.0,47.5,-199.0,179.0,0
2013_08_CAR_TB,2013,2013-10-24,Thursday,CAR,31.0,TB,13.0,44.0,6.5,-104.0,-106.0,39.0,239.0,-270.0,1
2013_08_DAL_DET,2013,2013-10-27,Sunday,DAL,30.0,DET,31.0,61.0,-3.0,-104.0,-106.0,51.0,-155.0,140.0,0
2013_08_SF_JAX,2013,2013-10-27,Sunday,SF,42.0,JAX,10.0,52.0,16.0,-108.0,-102.0,40.0,925.0,-1350.0,0
2013_08_CLE_KC,2013,2013-10-27,Sunday,CLE,17.0,KC,23.0,40.0,-7.0,-102.0,-108.0,39.0,-310.0,273.0,0
2013_08_MIA_NE,2013,2013-10-27,Sunday,MIA,17.0,NE,27.0,44.0,-6.5,-102.0,-108.0,46.5,-278.0,246.0,1
2013_08_BUF_NO,2013,2013-10-27,Sunday,BUF,17.0,NO,35.0,52.0,-10.5,100.0,-110.0,48.0,-520.0,439.0,0
2013_08_NYG_PHI,2013,2013-10-27,Sunday,NYG,15.0,PHI,7.0,22.0,-5.5,-105.0,-105.0,49.0,-230.0,205.0,1
2013_08_NYJ_CIN,2013,2013-10-27,Sunday,NYJ,9.0,CIN,49.0,58.0,-6.0,-113.0,102.0,40.5,-255.0,227.0,0
2013_08_PIT_OAK,2013,2013-10-27,Sunday,PIT,18.0,OAK,21.0,39.0,2.5,104.0,-115.0,40.0,126.0,-139.0,0
2013_08_ATL_ARI,2013,2013-10-27,Sunday,ATL,13.0,ARI,27.0,40.0,-2.5,-122.0,111.0,44.5,-150.0,136.0,0
2013_08_WAS_DEN,2013,2013-10-27,Sunday,WAS,21.0,DEN,45.0,66.0,-11.0,-116.0,105.0,58.0,-538.0,452.0,0
2013_08_GB_MIN,2013,2013-10-27,Sunday,GB,44.0,MIN,31.0,75.0,7.0,-105.0,-105.0,47.5,269.0,-305.0,1
2013_08_SEA_STL,2013,2013-10-28,Monday,SEA,14.0,STL,9.0,23.0,13.0,-110.0,100.0,43.0,534.0,-650.0,1
2013_09_CIN_MIA,2013,2013-10-31,Thursday,CIN,20.0,MIA,22.0,42.0,3.0,-111.0,101.0,42.0,136.0,-150.0,0
2013_09_KC_BUF,2013,2013-11-03,Sunday,KC,23.0,BUF,13.0,36.0,4.5,-102.0,-108.0,40.5,201.0,-225.0,0
2013_09_ATL_CAR,2013,2013-11-03,Sunday,ATL,10.0,CAR,34.0,44.0,-10.0,111.0,-123.0,46.5,-420.0,361.0,1
2013_09_MIN_DAL,2013,2013-11-03,Sunday,MIN,23.0,DAL,27.0,50.0,-10.0,109.0,-120.0,51.0,-450.0,385.0,0
2013_09_NO_NYJ,2013,2013-11-03,Sunday,NO,20.0,NYJ,26.0,46.0,6.0,-106.0,-104.0,45.5,222.0,-250.0,0
2013_09_TEN_STL,2013,2013-11-03,Sunday,TEN,28.0,STL,21.0,49.0,3.0,102.0,-113.0,41.0,144.0,-160.0,0
2013_09_SD_WAS,2013,2013-11-03,Sunday,SD,24.0,WAS,30.0,54.0,-1.0,-115.0,104.0,49.5,-123.0,111.0,0
2013_09_PHI_OAK,2013,2013-11-03,Sunday,PHI,49.0,OAK,20.0,69.0,1.0,-105.0,-105.0,45.5,102.0,-113.0,0
2013_09_TB_SEA,2013,2013-11-03,Sunday,TB,24.0,SEA,27.0,51.0,-16.0,-113.0,102.0,40.0,-1500.0,1025.0,0
2013_09_BAL_CLE,2013,2013-11-03,Sunday,BAL,18.0,CLE,24.0,42.0,1.0,-105.0,-105.0,41.5,102.0,-113.0,1
2013_09_PIT_NE,2013,2013-11-03,Sunday,PIT,31.0,NE,55.0,86.0,-5.5,-111.0,101.0,42.5,-248.0,221.0,0
2013_09_IND_HOU,2013,2013-11-03,Sunday,IND,27.0,HOU,24.0,51.0,1.0,-110.0,100.0,42.5,-103.0,-107.0,1
2013_09_CHI_GB,2013,2013-11-04,Monday,CHI,27.0,GB,20.0,47.0,-10.0,104.0,-115.0,50.5,-475.0,404.0,1
2013_10_WAS_MIN,2013,2013-11-07,Thursday,WAS,27.0,MIN,34.0,61.0,1.0,-108.0,-102.0,48.0,-102.0,-108.0,0
2013_10_SEA_ATL,2013,2013-11-10,Sunday,SEA,33.0,ATL,10.0,43.0,3.5,-109.0,-101.0,47.0,159.0,-177.0,0
2013_10_CIN_BAL,2013,2013-11-10,Sunday,CIN,17.0,BAL,20.0,37.0,-1.0,-109.0,-101.0,44.0,-116.0,105.0,1
2013_10_DET_CHI,2013,2013-11-10,Sunday,DET,21.0,CHI,19.0,40.0,1.0,-113.0,102.0,52.0,-103.0,-107.0,1
2013_10_PHI_GB,2013,2013-11-10,Sunday,PHI,27.0,GB,13.0,40.0,1.0,-103.0,-107.0,47.0,102.0,-113.0,0
2013_10_STL_IND,2013,2013-11-10,Sunday,STL,38.0,IND,8.0,46.0,-7.5,102.0,-113.0,43.0,-335.0,293.0,0
2013_10_OAK_NYG,2013,2013-11-10,Sunday,OAK,20.0,NYG,24.0,44.0,-7.5,111.0,-123.0,41.0,-290.0,256.0,0
2013_10_BUF_PIT,2013,2013-11-10,Sunday,BUF,10.0,PIT,23.0,33.0,-3.0,106.0,-117.0,42.5,-143.0,129.0,0
2013_10_JAX_TEN,2013,2013-11-10,Sunday,JAX,29.0,TEN,27.0,56.0,-11.5,106.0,-117.0,41.5,-520.0,439.0,1
2013_10_CAR_SF,2013,2013-11-10,Sunday,CAR,10.0,SF,9.0,19.0,-6.0,102.0,-113.0,43.0,-235.0,210.0,0
2013_10_HOU_ARI,2013,2013-11-10,Sunday,HOU,24.0,ARI,27.0,51.0,-4.0,-113.0,102.0,41.5,-213.0,191.0,0
2013_10_DEN_SD,2013,2013-11-10,Sunday,DEN,28.0,SD,20.0,48.0,7.0,-105.0,-105.0,56.0,248.0,-280.0,1
2013_10_DAL_NO,2013,2013-11-10,Sunday,DAL,17.0,NO,49.0,66.0,-6.0,-105.0,-105.0,54.0,-255.0,227.0,0
2013_10_MIA_TB,2013,2013-11-11,Monday,MIA,19.0,TB,22.0,41.0,1.0,109.0,-120.0,39.0,113.0,-125.0,0
2013_11_IND_TEN,2013,2013-11-14,Thursday,IND,30.0,TEN,27.0,57.0,2.5,106.0,-117.0,42.0,127.0,-140.0,1
2013_11_NYJ_BUF,2013,2013-11-17,Sunday,NYJ,14.0,BUF,37.0,51.0,1.0,115.0,-127.0,39.5,118.0,-130.0,1
2013_11_BAL_CHI,2013,2013-11-17,Sunday,BAL,20.0,CHI,23.0,43.0,-4.0,-102.0,-108.0,41.0,-202.0,181.0,0
2013_11_CLE_CIN,2013,2013-11-17,Sunday,CLE,20.0,CIN,41.0,61.0,-4.0,-108.0,-102.0,40.0,-212.0,190.0,1
2013_11_OAK_HOU,2013,2013-11-17,Sunday,OAK,28.0,HOU,23.0,51.0,-10.5,-110.0,100.0,41.0,-470.0,400.0,0
2013_11_ARI_JAX,2013,2013-11-17,Sunday,ARI,27.0,JAX,14.0,41.0,9.5,-105.0,-105.0,40.5,334.0,-385.0,0
2013_11_WAS_PHI,2013,2013-11-17,Sunday,WAS,16.0,PHI,24.0,40.0,-4.5,-108.0,-102.0,54.5,-208.0,186.0,1
2013_11_DET_PIT,2013,2013-11-17,Sunday,DET,27.0,PIT,37.0,64.0,3.0,-102.0,-108.0,45.0,139.0,-154.0,0
2013_11_ATL_TB,2013,2013-11-17,Sunday,ATL,28.0,TB,41.0,69.0,-1.0,-120.0,109.0,44.0,-127.0,115.0,1
2013_11_SD_MIA,2013,2013-11-17,Sunday,SD,16.0,MIA,20.0,36.0,2.5,102.0,-113.0,44.0,126.0,-139.0,0
2013_11_SF_NO,2013,2013-11-17,Sunday,SF,20.0,NO,23.0,43.0,-3.5,106.0,-117.0,50.0,-177.0,159.0,0
2013_11_GB_NYG,2013,2013-11-17,Sunday,GB,13.0,NYG,27.0,40.0,-3.5,111.0,-123.0,41.0,-178.0,160.0,0
2013_11_MIN_SEA,2013,2013-11-17,Sunday,MIN,20.0,SEA,41.0,61.0,-13.0,-113.0,102.0,45.0,-700.0,569.0,0
2013_11_KC_DEN,2013,2013-11-17,Sunday,KC,17.0,DEN,27.0,44.0,-7.5,103.0,-114.0,48.5,-320.0,281.0,1
2013_11_NE_CAR,2013,2013-11-18,Monday,NE,20.0,CAR,24.0,44.0,-3.0,-116.0,105.0,46.5,-172.0,155.0,0
2013_12_NO_ATL,2013,2013-11-21,Thursday,NO,17.0,ATL,13.0,30.0,7.5,-113.0,102.0,52.5,289.0,-330.0,1
2013_12_NYJ_BAL,2013,2013-11-24,Sunday,NYJ,3.0,BAL,19.0,22.0,-4.0,-105.0,-105.0,38.0,-208.0,186.0,0
2013_12_PIT_CLE,2013,2013-11-24,Sunday,PIT,27.0,CLE,11.0,38.0,-2.5,-119.0,108.0,40.0,-145.0,131.0,1
2013_12_TB_DET,2013,2013-11-24,Sunday,TB,24.0,DET,21.0,45.0,-7.0,107.0,-118.0,48.5,-310.0,273.0,0
2013_12_MIN_GB,2013,2013-11-24,Sunday,MIN,26.0,GB,26.0,52.0,-6.0,-110.0,100.0,44.5,-254.0,226.0,1
2013_12_JAX_HOU,2013,2013-11-24,Sunday,JAX,13.0,HOU,6.0,19.0,-10.5,-103.0,-107.0,44.0,-470.0,400.0,1
2013_12_SD_KC,2013,2013-11-24,Sunday,SD,41.0,KC,38.0,79.0,-3.5,106.0,-117.0,43.0,-173.0,156.0,1
2013_12_CAR_MIA,2013,2013-11-24,Sunday,CAR,20.0,MIA,16.0,36.0,4.5,-104.0,-106.0,40.0,181.0,-202.0,0
2013_12_CHI_STL,2013,2013-11-24,Sunday,CHI,21.0,STL,42.0,63.0,-1.0,-117.0,106.0,46.0,-123.0,111.0,0
2013_12_IND_ARI,2013,2013-11-24,Sunday,IND,11.0,ARI,40.0,51.0,-3.5,102.0,-113.0,44.5,-185.0,166.0,0
2013_12_TEN_OAK,2013,2013-11-24,Sunday,TEN,23.0,OAK,19.0,42.0,2.5,111.0,-123.0,42.0,136.0,-150.0,0
2013_12_DAL_NYG,2013,2013-11-24,Sunday,DAL,24.0,NYG,21.0,45.0,-1.0,-123.0,111.0,44.5,-129.0,117.0,1
2013_12_DEN_NE,2013,2013-11-24,Sunday,DEN,31.0,NE,34.0,65.0,-1.0,-108.0,-102.0,54.0,-116.0,105.0,0
2013_12_SF_WAS,2013,2013-11-25,Monday,SF,27.0,WAS,6.0,33.0,5.5,102.0,-113.0,45.5,222.0,-250.0,0
2013_13_GB_DET,2013,2013-11-28,Thursday,GB,10.0,DET,40.0,50.0,-7.0,108.0,-119.0,48.5,-265.0,235.0,1
2013_13_OAK_DAL,2013,2013-11-28,Thursday,OAK,24.0,DAL,31.0,55.0,-10.0,102.0,-113.0,49.5,-443.0,379.0,0
2013_13_PIT_BAL,2013,2013-11-28,Thursday,PIT,20.0,BAL,22.0,42.0,-3.0,-108.0,-102.0,40.5,-160.0,144.0,1
2013_13_TB_CAR,2013,2013-12-01,Sunday,TB,6.0,CAR,27.0,33.0,-7.5,102.0,-113.0,41.0,-335.0,293.0,1
2013_13_JAX_CLE,2013,2013-12-01,Sunday,JAX,32.0,CLE,28.0,60.0,-7.5,102.0,-113.0,39.5,-315.0,277.0,0
2013_13_NE_HOU,2013,2013-12-01,Sunday,NE,34.0,HOU,31.0,65.0,7.0,-113.0,102.0,49.5,264.0,-300.0,0
2013_13_TEN_IND,2013,2013-12-01,Sunday,TEN,14.0,IND,22.0,36.0,-3.5,-101.0,-109.0,46.0,-185.0,166.0,1
2013_13_CHI_MIN,2013,2013-12-01,Sunday,CHI,20.0,MIN,23.0,43.0,-2.5,-114.0,103.0,48.5,-137.0,124.0,1
2013_13_MIA_NYJ,2013,2013-12-01,Sunday,MIA,23.0,NYJ,3.0,26.0,1.0,-110.0,100.0,39.5,-105.0,-105.0,1
2013_13_ARI_PHI,2013,2013-12-01,Sunday,ARI,21.0,PHI,24.0,45.0,-3.5,-110.0,100.0,48.0,-185.0,166.0,0
2013_13_ATL_BUF,2013,2013-12-01,Sunday,ATL,34.0,BUF,31.0,65.0,-5.0,-103.0,-107.0,48.0,-212.0,190.0,0
2013_13_STL_SF,2013,2013-12-01,Sunday,STL,13.0,SF,23.0,36.0,-7.5,104.0,-115.0,40.5,-325.0,285.0,1
2013_13_DEN_KC,2013,2013-12-01,Sunday,DEN,35.0,KC,28.0,63.0,5.0,-113.0,102.0,50.5,193.0,-215.0,1
2013_13_CIN_SD,2013,2013-12-01,Sunday,CIN,17.0,SD,10.0,27.0,2.5,-105.0,-105.0,48.5,118.0,-130.0,0
2013_13_NYG_WAS,2013,2013-12-01,Sunday,NYG,24.0,WAS,17.0,41.0,-1.0,-101.0,-109.0,45.5,-107.0,-103.0,1
2013_13_NO_SEA,2013,2013-12-02,Monday,NO,7.0,SEA,34.0,41.0,-6.5,-109.0,-101.0,48.5,-275.0,244.0,0
2013_14_HOU_JAX,2013,2013-12-05,Thursday,HOU,20.0,JAX,27.0,47.0,3.0,107.0,-118.0,43.5,152.0,-168.0,1
2013_14_MIN_BAL,2013,2013-12-08,Sunday,MIN,26.0,BAL,29.0,55.0,-6.0,100.0,-110.0,41.5,-250.0,222.0,0
2013_14_IND_CIN,2013,2013-12-08,Sunday,IND,28.0,CIN,42.0,70.0,-7.0,-116.0,105.0,43.0,-302.0,266.0,0
2013_14_ATL_GB,2013,2013-12-08,Sunday,ATL,21.0,GB,22.0,43.0,-3.5,-105.0,-105.0,47.0,-185.0,166.0,0
2013_14_CLE_NE,2013,2013-12-08,Sunday,CLE,26.0,NE,27.0,53.0,-9.5,-113.0,102.0,47.5,-500.0,423.0,0
2013_14_OAK_NYJ,2013,2013-12-08,Sunday,OAK,27.0,NYJ,37.0,64.0,-3.0,-102.0,-108.0,39.0,-155.0,140.0,0
2013_14_DET_PHI,2013,2013-12-08,Sunday,DET,20.0,PHI,34.0,54.0,-2.5,-117.0,106.0,54.0,-139.0,126.0,0
2013_14_MIA_PIT,2013,2013-12-08,Sunday,MIA,34.0,PIT,28.0,62.0,-3.0,-110.0,100.0,40.5,-160.0,144.0,0
2013_14_BUF_TB,2013,2013-12-08,Sunday,BUF,6.0,TB,27.0,33.0,-3.0,-118.0,107.0,42.5,-178.0,160.0,0
2013_14_KC_WAS,2013,2013-12-08,Sunday,KC,45.0,WAS,10.0,55.0,3.5,-109.0,-101.0,44.0,166.0,-185.0,0
2013_14_TEN_DEN,2013,2013-12-08,Sunday,TEN,28.0,DEN,51.0,79.0,-13.0,102.0,-113.0,49.5,-630.0,520.0,0
2013_14_STL_ARI,2013,2013-12-08,Sunday,STL,10.0,ARI,30.0,40.0,-4.0,-103.0,-107.0,41.0,-199.0,179.0,1
2013_14_NYG_SD,2013,2013-12-08,Sunday,NYG,14.0,SD,37.0,51.0,-4.5,-114.0,103.0,46.5,-220.0,197.0,0
2013_14_SEA_SF,2013,2013-12-08,Sunday,SEA,17.0,SF,19.0,36.0,-2.5,-108.0,-102.0,41.0,-130.0,118.0,1
2013_14_CAR_NO,2013,2013-12-08,Sunday,CAR,13.0,NO,31.0,44.0,-3.0,-119.0,108.0,47.0,-173.0,156.0,1
2013_14_DAL_CHI,2013,2013-12-09,Monday,DAL,28.0,CHI,45.0,73.0,-2.0,-107.0,-103.0,49.0,-127.0,115.0,0
2013_15_SD_DEN,2013,2013-12-12,Thursday,SD,27.0,DEN,20.0,47.0,-10.0,-103.0,-107.0,56.5,-470.0,400.0,1
2013_15_WAS_ATL,2013,2013-12-15,Sunday,WAS,26.0,ATL,27.0,53.0,-5.5,-110.0,100.0,50.0,-230.0,205.0,0
2013_15_CHI_CLE,2013,2013-12-15,Sunday,CHI,38.0,CLE,31.0,69.0,-1.0,102.0,-113.0,43.5,-104.0,-106.0,0
2013_15_HOU_IND,2013,2013-12-15,Sunday,HOU,3.0,IND,25.0,28.0,-6.0,-103.0,-107.0,47.0,-260.0,231.0,1
2013_15_BUF_JAX,2013,2013-12-15,Sunday,BUF,27.0,JAX,20.0,47.0,4.0,-110.0,100.0,43.0,181.0,-202.0,0
2013_15_NE_MIA,2013,2013-12-15,Sunday,NE,20.0,MIA,24.0,44.0,-2.5,-110.0,100.0,46.5,-134.0,121.0,1
2013_15_PHI_MIN,2013,2013-12-15,Sunday,PHI,30.0,MIN,48.0,78.0,6.5,106.0,-117.0,53.0,239.0,-270.0,0
2013_15_SEA_NYG,2013,2013-12-15,Sunday,SEA,23.0,NYG,0.0,23.0,9.5,-106.0,-104.0,43.5,346.0,-400.0,0
2013_15_SF_TB,2013,2013-12-15,Sunday,SF,33.0,TB,14.0,47.0,4.5,-103.0,-107.0,41.0,196.0,-219.0,0
2013_15_NYJ_CAR,2013,2013-12-15,Sunday,NYJ,20.0,CAR,30.0,50.0,-10.0,106.0,-117.0,40.5,-390.0,338.0,0
2013_15_KC_OAK,2013,2013-12-15,Sunday,KC,56.0,OAK,31.0,87.0,6.5,-108.0,-102.0,44.0,235.0,-265.0,1
2013_15_GB_DAL,2013,2013-12-15,Sunday,GB,37.0,DAL,36.0,73.0,-4.0,-105.0,-105.0,49.5,-199.0,179.0,0
2013_15_NO_STL,2013,2013-12-15,Sunday,NO,16.0,STL,27.0,43.0,6.5,111.0,-123.0,48.0,256.0,-290.0,0
2013_15_ARI_TEN,2013,2013-12-15,Sunday,ARI,37.0,TEN,34.0,71.0,3.0,-113.0,102.0,43.0,130.0,-144.0,0
2013_15_CIN_PIT,2013,2013-12-15,Sunday,CIN,20.0,PIT,30.0,50.0,2.0,-105.0,-105.0,44.0,111.0,-123.0,1
2013_15_BAL_DET,2013,2013-12-16,Monday,BAL,18.0,DET,16.0,34.0,-4.5,-108.0,-102.0,49.0,-213.0,191.0,0
2013_16_MIA_BUF,2013,2013-12-22,Sunday,MIA,0.0,BUF,19.0,19.0,-1.0,100.0,-110.0,42.0,-108.0,-102.0,1
2013_16_NO_CAR,2013,2013-12-22,Sunday,NO,13.0,CAR,17.0,30.0,-3.5,110.0,-121.0,44.5,-173.0,156.0,1
2013_16_MIN_CIN,2013,2013-12-22,Sunday,MIN,14.0,CIN,42.0,56.0,-7.5,-105.0,-105.0,48.0,-373.0,324.0,0
2013_16_DEN_HOU,2013,2013-12-22,Sunday,DEN,37.0,HOU,13.0,50.0,9.0,-105.0,-105.0,53.0,361.0,-420.0,0
2013_16_TEN_JAX,2013,2013-12-22,Sunday,TEN,20.0,JAX,16.0,36.0,4.0,-105.0,-105.0,44.0,179.0,-199.0,1
2013_16_IND_KC,2013,2013-12-22,Sunday,IND,23.0,KC,7.0,30.0,-7.5,-105.0,-105.0,46.5,-345.0,301.0,0
2013_16_CLE_NYJ,2013,2013-12-22,Sunday,CLE,13.0,NYJ,24.0,37.0,-2.5,-102.0,-108.0,41.5,-125.0,113.0,0
2013_16_TB_STL,2013,2013-12-22,Sunday,TB,13.0,STL,23.0,36.0,-3.5,107.0,-118.0,43.0,-172.0,155.0,0
2013_16_DAL_WAS,2013,2013-12-22,Sunday,DAL,24.0,WAS,23.0,47.0,3.0,102.0,-113.0,51.0,150.0,-166.0,1
2013_16_NYG_DET,2013,2013-12-22,Sunday,NYG,23.0,DET,20.0,43.0,-9.5,-105.0,-105.0,47.0,-450.0,385.0,0
2013_16_ARI_SEA,2013,2013-12-22,Sunday,ARI,17.0,SEA,10.0,27.0,-8.0,-105.0,-105.0,42.5,-425.0,365.0,1
2013_16_NE_BAL,2013,2013-12-22,Sunday,NE,41.0,BAL,7.0,48.0,1.0,-108.0,-102.0,45.0,-101.0,-109.0,0
2013_16_PIT_GB,2013,2013-12-22,Sunday,PIT,38.0,GB,31.0,69.0,1.0,-104.0,-106.0,43.5,103.0,-114.0,0
2013_16_OAK_SD,2013,2013-12-22,Sunday,OAK,13.0,SD,26.0,39.0,-10.0,-105.0,-105.0,50.0,-521.0,439.0,1
2013_16_CHI_PHI,2013,2013-12-22,Sunday,CHI,11.0,PHI,54.0,65.0,-2.5,-117.0,106.0,53.5,-139.0,126.0,0
2013_16_ATL_SF,2013,2013-12-23,Monday,ATL,24.0,SF,34.0,58.0,-15.5,-106.0,-104.0,46.0,-1000.0,760.0,0
2013_17_CAR_ATL,2013,2013-12-29,Sunday,CAR,21.0,ATL,20.0,41.0,5.5,-101.0,-109.0,46.5,205.0,-230.0,1
2013_17_BAL_CIN,2013,2013-12-29,Sunday,BAL,17.0,CIN,34.0,51.0,-6.5,-123.0,111.0,43.0,-285.0,252.0,1
2013_17_JAX_IND,2013,2013-12-29,Sunday,JAX,10.0,IND,30.0,40.0,-11.0,-113.0,102.0,45.0,-550.0,461.0,1
2013_17_NYJ_MIA,2013,2013-12-29,Sunday,NYJ,20.0,MIA,7.0,27.0,-7.5,111.0,-123.0,41.0,-280.0,248.0,1
2013_17_DET_MIN,2013,2013-12-29,Sunday,DET,13.0,MIN,14.0,27.0,2.5,-102.0,-108.0,50.0,118.0,-130.0,1
2013_17_WAS_NYG,2013,2013-12-29,Sunday,WAS,6.0,NYG,20.0,26.0,-3.5,102.0,-113.0,44.0,-179.0,161.0,1
2013_17_CLE_PIT,2013,2013-12-29,Sunday,CLE,7.0,PIT,20.0,27.0,-9.5,-106.0,-104.0,44.5,-360.0,314.0,1
2013_17_HOU_TEN,2013,2013-12-29,Sunday,HOU,10.0,TEN,16.0,26.0,-7.0,108.0,-119.0,44.5,-280.0,248.0,1
2013_17_SF_ARI,2013,2013-12-29,Sunday,SF,23.0,ARI,20.0,43.0,-3.0,-105.0,-105.0,41.0,-160.0,144.0,1
2013_17_GB_CHI,2013,2013-12-29,Sunday,GB,33.0,CHI,28.0,61.0,3.0,-104.0,-106.0,51.0,140.0,-155.0,1
2013_17_BUF_NE,2013,2013-12-29,Sunday,BUF,20.0,NE,34.0,54.0,-7.5,102.0,-113.0,46.5,-335.0,293.0,1
2013_17_TB_NO,2013,2013-12-29,Sunday,TB,17.0,NO,42.0,59.0,-11.0,-105.0,-105.0,47.0,-630.0,520.0,1
2013_17_DEN_OAK,2013,2013-12-29,Sunday,DEN,34.0,OAK,14.0,48.0,10.0,-105.0,-105.0,53.5,423.0,-500.0,1
2013_17_KC_SD,2013,2013-12-29,Sunday,KC,24.0,SD,27.0,51.0,-15.5,103.0,-114.0,45.0,-850.0,671.0,1
2013_17_STL_SEA,2013,2013-12-29,Sunday,STL,9.0,SEA,27.0,36.0,-13.0,107.0,-118.0,41.0,-600.0,498.0,1
2013_17_PHI_DAL,2013,2013-12-29,Sunday,PHI,24.0,DAL,22.0,46.0,7.5,-113.0,102.0,54.0,264.0,-300.0,1
2013_18_KC_IND,2013,2014-01-04,Saturday,KC,44.0,IND,45.0,89.0,2.0,-105.0,-105.0,48.0,111.0,-123.0,0
2013_18_NO_PHI,2013,2014-01-04,Saturday,NO,26.0,PHI,24.0,50.0,-3.0,-113.0,102.0,55.5,-160.0,144.0,0
2013_18_SD_CIN,2013,2014-01-05,Sunday,SD,27.0,CIN,10.0,37.0,-6.5,100.0,-110.0,47.5,-255.0,227.0,0
2013_18_SF_GB,2013,2014-01-05,Sunday,SF,23.0,GB,20.0,43.0,3.0,115.0,-127.0,46.5,153.0,-170.0,0
2013_19_NO_SEA,2013,2014-01-11,Saturday,NO,15.0,SEA,23.0,38.0,-10.0,107.0,-118.0,44.0,-390.0,338.0,0
2013_19_IND_NE,2013,2014-01-11,Saturday,IND,22.0,NE,43.0,65.0,-7.5,104.0,-115.0,51.0,-295.0,260.0,0
2013_19_SF_CAR,2013,2014-01-12,Sunday,SF,23.0,CAR,10.0,33.0,0.0,-107.0,-103.0,41.0,-107.0,-103.0,0
2013_19_SD_DEN,2013,2014-01-12,Sunday,SD,17.0,DEN,24.0,41.0,-8.0,-101.0,-109.0,55.0,-335.0,293.0,1
2013_20_NE_DEN,2013,2014-01-19,Sunday,NE,16.0,DEN,26.0,42.0,-5.0,-108.0,-102.0,56.5,-228.0,204.0,0
2013_20_SF_SEA,2013,2014-01-19,Sunday,SF,17.0,SEA,23.0,40.0,-4.0,-111.0,101.0,40.0,-203.0,182.0,1
2013_21_SEA_DEN,2013,2014-02-02,Sunday,SEA,43.0,DEN,8.0,51.0,-1.5,-110.0,104.0,47.0,-122.0,113.0,0
2014_01_GB_SEA,2014,2014-09-04,Thursday,GB,16.0,SEA,36.0,52.0,-4.5,-108.0,-102.0,46.5,-230.0,205.0,0
2014_01_NO_ATL,2014,2014-09-07,Sunday,NO,34.0,ATL,37.0,71.0,3.0,-104.0,-106.0,51.0,144.0,-160.0,1
2014_01_CIN_BAL,2014,2014-09-07,Sunday,CIN,23.0,BAL,16.0,39.0,-1.0,-106.0,-104.0,43.5,-113.0,102.0,1
2014_01_BUF_CHI,2014,2014-09-07,Sunday,BUF,23.0,CHI,20.0,43.0,-7.0,113.0,-125.0,47.0,-270.0,239.0,0
2014_01_WAS_HOU,2014,2014-09-07,Sunday,WAS,6.0,HOU,17.0,23.0,-3.0,-123.0,111.0,43.5,-177.0,159.0,0
2014_01_TEN_KC,2014,2014-09-07,Sunday,TEN,26.0,KC,10.0,36.0,-3.0,-107.0,-103.0,45.5,-160.0,144.0,0
2014_01_NE_MIA,2014,2014-09-07,Sunday,NE,20.0,MIA,33.0,53.0,3.5,-113.0,102.0,47.5,161.0,-179.0,1
2014_01_OAK_NYJ,2014,2014-09-07,Sunday,OAK,14.0,NYJ,19.0,33.0,-6.5,-108.0,-102.0,41.0,-278.0,246.0,0
2014_01_JAX_PHI,2014,2014-09-07,Sunday,JAX,17.0,PHI,34.0,51.0,-10.0,102.0,-113.0,49.0,-515.0,435.0,0
2014_01_CLE_PIT,2014,2014-09-07,Sunday,CLE,27.0,PIT,30.0,57.0,-5.5,-107.0,-103.0,41.5,-242.0,216.0,1
2014_01_MIN_STL,2014,2014-09-07,Sunday,MIN,34.0,STL,6.0,40.0,-3.0,102.0,-113.0,43.5,-155.0,140.0,0
2014_01_SF_DAL,2014,2014-09-07,Sunday,SF,28.0,DAL,17.0,45.0,3.5,-125.0,113.0,49.0,139.0,-154.0,0
2014_01_CAR_TB,2014,2014-09-07,Sunday,CAR,20.0,TB,14.0,34.0,-5.5,-104.0,-106.0,38.5,-225.0,201.0,1
2014_01_IND_DEN,2014,2014-09-07,Sunday,IND,24.0,DEN,31.0,55.0,-8.0,-105.0,-105.0,52.5,-380.0,330.0,0
2014_01_NYG_DET,2014,2014-09-08,Monday,NYG,14.0,DET,35.0,49.0,-6.5,-110.0,100.0,45.0,-272.0,241.0,0
2014_01_SD_ARI,2014,2014-09-08,Monday,SD,17.0,ARI,18.0,35.0,-3.0,-102.0,-108.0,45.5,-154.0,139.0,0
2014_02_PIT_BAL,2014,2014-09-11,Thursday,PIT,6.0,BAL,26.0,32.0,-2.5,-120.0,109.0,44.0,-150.0,136.0,1
2014_02_MIA_BUF,2014,2014-09-14,Sunday,MIA,10.0,BUF,29.0,39.0,-1.0,-105.0,-105.0,43.0,-113.0,102.0,1
2014_02_DET_CAR,2014,2014-09-14,Sunday,DET,7.0,CAR,24.0,31.0,-1.0,-105.0,-105.0,43.5,-113.0,102.0,0
2014_02_ATL_CIN,2014,2014-09-14,Sunday,ATL,10.0,CIN,24.0,34.0,-5.5,-102.0,-108.0,48.5,-242.0,216.0,0
2014_02_NO_CLE,2014,2014-09-14,Sunday,NO,24.0,CLE,26.0,50.0,4.5,100.0,-110.0,49.5,197.0,-220.0,0
2014_02_NE_MIN,2014,2014-09-14,Sunday,NE,30.0,MIN,7.0,37.0,3.5,-130.0,118.0,49.0,148.0,-164.0,0
2014_02_ARI_NYG,2014,2014-09-14,Sunday,ARI,25.0,NYG,14.0,39.0,-1.0,-108.0,-102.0,41.5,-115.0,104.0,0
2014_02_DAL_TEN,2014,2014-09-14,Sunday,DAL,26.0,TEN,10.0,36.0,-3.0,-113.0,102.0,49.5,-167.0,151.0,0
2014_02_JAX_WAS,2014,2014-09-14,Sunday,JAX,10.0,WAS,41.0,51.0,-5.0,102.0,-113.0,43.0,-220.0,197.0,0
2014_02_SEA_SD,2014,2014-09-14,Sunday,SEA,21.0,SD,30.0,51.0,4.5,-101.0,-109.0,45.0,201.0,-225.0,0
2014_02_STL_TB,2014,2014-09-14,Sunday,STL,19.0,TB,17.0,36.0,-4.0,-105.0,-105.0,37.5,-205.0,184.0,0
2014_02_KC_DEN,2014,2014-09-14,Sunday,KC,17.0,DEN,24.0,41.0,-13.0,-113.0,102.0,49.0,-900.0,704.0,1
2014_02_NYJ_GB,2014,2014-09-14,Sunday,NYJ,24.0,GB,31.0,55.0,-7.0,-104.0,-106.0,46.5,-310.0,273.0,0
2014_02_HOU_OAK,2014,2014-09-14,Sunday,HOU,30.0,OAK,14.0,44.0,3.0,-105.0,-105.0,41.0,140.0,-155.0,0
2014_02_CHI_SF,2014,2014-09-14,Sunday,CHI,28.0,SF,20.0,48.0,-7.0,102.0,-113.0,47.0,-300.0,264.0,0
2014_02_PHI_IND,2014,2014-09-15,Monday,PHI,30.0,IND,27.0,57.0,-3.0,106.0,-117.0,53.5,-146.0,132.0,0
2014_03_TB_ATL,2014,2014-09-18,Thursday,TB,14.0,ATL,56.0,70.0,-6.5,-108.0,-102.0,47.0,-277.0,245.0,1
2014_03_SD_BUF,2014,2014-09-21,Sunday,SD,22.0,BUF,10.0,32.0,-2.5,-105.0,-105.0,45.5,-130.0,118.0,0
2014_03_TEN_CIN,2014,2014-09-21,Sunday,TEN,7.0,CIN,33.0,40.0,-6.5,-105.0,-105.0,44.5,-265.0,235.0,0
2014_03_BAL_CLE,2014,2014-09-21,Sunday,BAL,23.0,CLE,21.0,44.0,2.0,-105.0,-105.0,43.0,111.0,-123.0,1
2014_03_GB_DET,2014,2014-09-21,Sunday,GB,7.0,DET,19.0,26.0,-1.5,-109.0,-101.0,51.0,-123.0,111.0,1
2014_03_IND_JAX,2014,2014-09-21,Sunday,IND,44.0,JAX,17.0,61.0,6.0,100.0,-110.0,45.5,231.0,-260.0,1
2014_03_OAK_NE,2014,2014-09-21,Sunday,OAK,9.0,NE,16.0,25.0,-14.0,108.0,-119.0,47.5,-900.0,704.0,0
2014_03_MIN_NO,2014,2014-09-21,Sunday,MIN,9.0,NO,20.0,29.0,-10.0,-102.0,-108.0,49.5,-525.0,442.0,0
2014_03_HOU_NYG,2014,2014-09-21,Sunday,HOU,17.0,NYG,30.0,47.0,-1.0,-107.0,-103.0,41.5,-114.0,103.0,0
2014_03_WAS_PHI,2014,2014-09-21,Sunday,WAS,34.0,PHI,37.0,71.0,-4.0,-107.0,-103.0,50.5,-209.0,187.0,1
2014_03_DAL_STL,2014,2014-09-21,Sunday,DAL,34.0,STL,31.0,65.0,1.5,-105.0,-105.0,45.0,109.0,-120.0,0
2014_03_SF_ARI,2014,2014-09-21,Sunday,SF,14.0,ARI,23.0,37.0,3.0,-117.0,106.0,41.0,136.0,-150.0,1
2014_03_KC_MIA,2014,2014-09-21,Sunday,KC,34.0,MIA,15.0,49.0,-6.0,100.0,-110.0,43.0,-242.0,216.0,0
2014_03_DEN_SEA,2014,2014-09-21,Sunday,DEN,20.0,SEA,26.0,46.0,-4.0,-105.0,-105.0,48.0,-208.0,186.0,0
2014_03_PIT_CAR,2014,2014-09-21,Sunday,PIT,37.0,CAR,19.0,56.0,-3.0,-127.0,115.0,42.5,-190.0,171.0,0
2014_03_CHI_NYJ,2014,2014-09-22,Monday,CHI,27.0,NYJ,19.0,46.0,-1.5,-105.0,-105.0,44.5,-119.0,108.0,0
2014_04_NYG_WAS,2014,2014-09-25,Thursday,NYG,45.0,WAS,14.0,59.0,-3.0,-119.0,108.0,44.5,-174.0,157.0,1
2014_04_CAR_BAL,2014,2014-09-28,Sunday,CAR,10.0,BAL,38.0,48.0,-3.5,118.0,-130.0,42.5,-156.0,141.0,0
2014_04_GB_CHI,2014,2014-09-28,Sunday,GB,38.0,CHI,17.0,55.0,2.0,-105.0,-105.0,51.0,111.0,-123.0,1
2014_04_BUF_HOU,2014,2014-09-28,Sunday,BUF,17.0,HOU,23.0,40.0,-3.0,113.0,-125.0,44.0,-134.0,121.0,0
2014_04_TEN_IND,2014,2014-09-28,Sunday,TEN,17.0,IND,41.0,58.0,-7.5,106.0,-117.0,45.5,-330.0,289.0,1
2014_04_DET_NYJ,2014,2014-09-28,Sunday,DET,24.0,NYJ,17.0,41.0,-2.0,-101.0,-109.0,43.5,-119.0,108.0,0
2014_04_MIA_OAK,2014,2014-09-28,Sunday,MIA,38.0,OAK,14.0,52.0,4.0,-110.0,100.0,41.0,171.0,-190.0,0
2014_04_TB_PIT,2014,2014-09-28,Sunday,TB,27.0,PIT,24.0,51.0,-7.5,109.0,-120.0,44.5,-345.0,301.0,0
2014_04_JAX_SD,2014,2014-09-28,Sunday,JAX,14.0,SD,33.0,47.0,-13.0,111.0,-123.0,45.0,-550.0,461.0,0
2014_04_ATL_MIN,2014,2014-09-28,Sunday,ATL,28.0,MIN,41.0,69.0,5.5,-101.0,-109.0,48.0,206.0,-231.0,0
2014_04_PHI_SF,2014,2014-09-28,Sunday,PHI,21.0,SF,26.0,47.0,-3.5,-110.0,100.0,48.5,-208.0,186.0,0
2014_04_NO_DAL,2014,2014-09-28,Sunday,NO,17.0,DAL,38.0,55.0,3.0,-123.0,111.0,53.5,125.0,-138.0,0
2014_04_NE_KC,2014,2014-09-29,Monday,NE,14.0,KC,41.0,55.0,3.0,-123.0,111.0,45.0,125.0,-138.0,0
2014_05_MIN_GB,2014,2014-10-02,Thursday,MIN,10.0,GB,42.0,52.0,-8.5,-110.0,100.0,46.5,-400.0,346.0,1
2014_05_CHI_CAR,2014,2014-10-05,Sunday,CHI,24.0,CAR,31.0,55.0,-1.5,-105.0,-105.0,46.5,-117.0,106.0,0
2014_05_HOU_DAL,2014,2014-10-05,Sunday,HOU,17.0,DAL,20.0,37.0,-5.0,-104.0,-106.0,47.5,-235.0,210.0,0
2014_05_BUF_DET,2014,2014-10-05,Sunday,BUF,17.0,DET,14.0,31.0,-4.5,-102.0,-108.0,43.0,-220.0,197.0,0
2014_05_BAL_IND,2014,2014-10-05,Sunday,BAL,13.0,IND,20.0,33.0,-2.5,-113.0,102.0,49.5,-139.0,126.0,0
2014_05_PIT_JAX,2014,2014-10-05,Sunday,PIT,17.0,JAX,9.0,26.0,6.0,-110.0,100.0,47.0,205.0,-230.0,0
2014_05_TB_NO,2014,2014-10-05,Sunday,TB,31.0,NO,37.0,68.0,-11.0,-103.0,-107.0,47.5,-550.0,461.0,1
2014_05_ATL_NYG,2014,2014-10-05,Sunday,ATL,20.0,NYG,30.0,50.0,-4.0,-103.0,-107.0,50.5,-196.0,176.0,0
2014_05_STL_PHI,2014,2014-10-05,Sunday,STL,28.0,PHI,34.0,62.0,-3.5,-108.0,-102.0,48.0,-195.0,175.0,0
2014_05_CLE_TEN,2014,2014-10-05,Sunday,CLE,29.0,TEN,28.0,57.0,1.0,-103.0,-107.0,44.5,105.0,-116.0,0
2014_05_ARI_DEN,2014,2014-10-05,Sunday,ARI,20.0,DEN,41.0,61.0,-8.0,-106.0,-104.0,47.0,-350.0,305.0,0
2014_05_NYJ_SD,2014,2014-10-05,Sunday,NYJ,0.0,SD,31.0,31.0,-7.0,106.0,-117.0,44.5,-290.0,256.0,0
2014_05_KC_SF,2014,2014-10-05,Sunday,KC,17.0,SF,22.0,39.0,-4.0,-108.0,-102.0,43.5,-202.0,181.0,0
2014_05_CIN_NE,2014,2014-10-05,Sunday,CIN,17.0,NE,43.0,60.0,2.5,-102.0,-108.0,46.0,118.0,-130.0,0
2014_05_SEA_WAS,2014,2014-10-06,Monday,SEA,27.0,WAS,17.0,44.0,7.0,-108.0,-102.0,45.5,260.0,-295.0,0
2014_06_IND_HOU,2014,2014-10-09,Thursday,IND,33.0,HOU,28.0,61.0,2.5,-108.0,-102.0,46.0,113.0,-125.0,1
2014_06_NE_BUF,2014,2014-10-12,Sunday,NE,37.0,BUF,22.0,59.0,-1.0,-110.0,100.0,44.0,-117.0,106.0,1
2014_06_CAR_CIN,2014,2014-10-12,Sunday,CAR,37.0,CIN,37.0,74.0,-7.0,-110.0,100.0,43.5,-320.0,281.0,0
2014_06_PIT_CLE,2014,2014-10-12,Sunday,PIT,10.0,CLE,31.0,41.0,-2.5,100.0,-110.0,46.5,-123.0,111.0,1
2014_06_GB_MIA,2014,2014-10-12,Sunday,GB,27.0,MIA,24.0,51.0,1.5,-110.0,100.0,46.5,104.0,-115.0,0
2014_06_DET_MIN,2014,2014-10-12,Sunday,DET,17.0,MIN,3.0,20.0,-1.0,-105.0,-105.0,43.0,-113.0,102.0,1
2014_06_DEN_NYJ,2014,2014-10-12,Sunday,DEN,31.0,NYJ,17.0,48.0,10.0,-123.0,111.0,47.0,361.0,-420.0,0
2014_06_BAL_TB,2014,2014-10-12,Sunday,BAL,48.0,TB,17.0,65.0,3.5,-115.0,104.0,44.0,159.0,-177.0,0
2014_06_JAX_TEN,2014,2014-10-12,Sunday,JAX,14.0,TEN,16.0,30.0,-4.0,-108.0,-102.0,42.5,-208.0,186.0,1
2014_06_SD_OAK,2014,2014-10-12,Sunday,SD,31.0,OAK,28.0,59.0,7.0,-102.0,-108.0,43.5,297.0,-340.0,1
2014_06_WAS_ARI,2014,2014-10-12,Sunday,WAS,20.0,ARI,30.0,50.0,-5.0,-109.0,-101.0,47.0,-230.0,205.0,0
2014_06_CHI_ATL,2014,2014-10-12,Sunday,CHI,27.0,ATL,13.0,40.0,-3.5,-110.0,100.0,55.5,-190.0,171.0,0
2014_06_DAL_SEA,2014,2014-10-12,Sunday,DAL,30.0,SEA,23.0,53.0,-10.0,-102.0,-108.0,47.0,-450.0,385.0,0
2014_06_NYG_PHI,2014,2014-10-12,Sunday,NYG,0.0,PHI,27.0,27.0,-1.0,-110.0,100.0,50.5,-117.0,106.0,1
2014_06_SF_STL,2014,2014-10-13,Monday,SF,31.0,STL,17.0,48.0,3.5,-114.0,103.0,44.0,169.0,-188.0,1
2014_07_NYJ_NE,2014,2014-10-16,Thursday,NYJ,25.0,NE,27.0,52.0,-9.5,104.0,-115.0,44.5,-500.0,423.0,1
2014_07_ATL_BAL,2014,2014-10-19,Sunday,ATL,7.0,BAL,29.0,36.0,-7.0,102.0,-113.0,49.5,-300.0,264.0,0
2014_07_MIN_BUF,2014,2014-10-19,Sunday,MIN,16.0,BUF,17.0,33.0,-7.0,100.0,-110.0,43.5,-300.0,264.0,0
2014_07_MIA_CHI,2014,2014-10-19,Sunday,MIA,27.0,CHI,14.0,41.0,-3.0,-117.0,106.0,47.5,-173.0,156.0,0
2014_07_NO_DET,2014,2014-10-19,Sunday,NO,23.0,DET,24.0,47.0,-1.5,-107.0,-103.0,45.5,-119.0,108.0,0
2014_07_CAR_GB,2014,2014-10-19,Sunday,CAR,17.0,GB,38.0,55.0,-6.5,-105.0,-105.0,48.5,-280.0,248.0,0
2014_07_CIN_IND,2014,2014-10-19,Sunday,CIN,0.0,IND,27.0,27.0,-3.0,-128.0,116.0,50.5,-179.0,161.0,0
2014_07_CLE_JAX,2014,2014-10-19,Sunday,CLE,6.0,JAX,24.0,30.0,4.0,-106.0,-104.0,44.5,181.0,-202.0,0
2014_07_SEA_STL,2014,2014-10-19,Sunday,SEA,26.0,STL,28.0,54.0,7.0,-110.0,100.0,43.5,269.0,-305.0,1
2014_07_TEN_WAS,2014,2014-10-19,Sunday,TEN,17.0,WAS,19.0,36.0,-6.0,100.0,-110.0,46.0,-247.0,220.0,0
2014_07_KC_SD,2014,2014-10-19,Sunday,KC,23.0,SD,20.0,43.0,-3.0,-105.0,-105.0,46.0,-154.0,139.0,1
2014_07_NYG_DAL,2014,2014-10-19,Sunday,NYG,21.0,DAL,31.0,52.0,-5.0,-105.0,-105.0,47.0,-230.0,205.0,1
2014_07_ARI_OAK,2014,2014-10-19,Sunday,ARI,24.0,OAK,13.0,37.0,3.5,-104.0,-106.0,46.0,166.0,-185.0,0
2014_07_SF_DEN,2014,2014-10-19,Sunday,SF,17.0,DEN,42.0,59.0,-7.0,100.0,-110.0,48.0,-300.0,264.0,0
2014_07_HOU_PIT,2014,2014-10-20,Monday,HOU,23.0,PIT,30.0,53.0,-3.0,-106.0,-104.0,44.5,-162.0,146.0,0
2014_08_SD_DEN,2014,2014-10-23,Thursday,SD,21.0,DEN,35.0,56.0,-9.0,-104.0,-106.0,51.0,-415.0,358.0,1
2014_08_DET_ATL,2014,2014-10-26,Sunday,DET,22.0,ATL,21.0,43.0,3.5,-118.0,107.0,45.0,153.0,-170.0,0
2014_08_SEA_CAR,2014,2014-10-26,Sunday,SEA,13.0,CAR,9.0,22.0,6.0,-110.0,100.0,44.5,214.0,-240.0,0
2014_08_BAL_CIN,2014,2014-10-26,Sunday,BAL,24.0,CIN,27.0,51.0,2.5,116.0,-128.0,44.5,136.0,-150.0,1
2014_08_MIA_JAX,2014,2014-10-26,Sunday,MIA,27.0,JAX,13.0,40.0,7.0,-107.0,-103.0,42.0,281.0,-320.0,0
2014_08_STL_KC,2014,2014-10-26,Sunday,STL,7.0,KC,34.0,41.0,-7.5,100.0,-110.0,44.5,-335.0,293.0,0
2014_08_CHI_NE,2014,2014-10-26,Sunday,CHI,23.0,NE,51.0,74.0,-5.5,-106.0,-104.0,51.0,-225.0,201.0,0
2014_08_BUF_NYJ,2014,2014-10-26,Sunday,BUF,43.0,NYJ,23.0,66.0,-3.0,104.0,-115.0,40.0,-145.0,131.0,1
2014_08_MIN_TB,2014,2014-10-26,Sunday,MIN,19.0,TB,13.0,32.0,-1.0,-108.0,-102.0,43.0,-115.0,104.0,0
2014_08_HOU_TEN,2014,2014-10-26,Sunday,HOU,30.0,TEN,16.0,46.0,3.5,-108.0,-102.0,43.0,162.0,-180.0,1
2014_08_PHI_ARI,2014,2014-10-26,Sunday,PHI,20.0,ARI,24.0,44.0,-1.0,102.0,-113.0,49.0,-105.0,-105.0,0
2014_08_OAK_CLE,2014,2014-10-26,Sunday,OAK,13.0,CLE,23.0,36.0,-6.5,100.0,-110.0,44.5,-270.0,239.0,0
2014_08_IND_PIT,2014,2014-10-26,Sunday,IND,34.0,PIT,51.0,85.0,5.0,-103.0,-107.0,48.0,201.0,-225.0,0
2014_08_GB_NO,2014,2014-10-26,Sunday,GB,23.0,NO,44.0,67.0,-2.0,-108.0,-102.0,55.0,-124.0,112.0,0
2014_08_WAS_DAL,2014,2014-10-27,Monday,WAS,20.0,DAL,17.0,37.0,-9.5,-110.0,100.0,49.0,-430.0,369.0,1
2014_09_NO_CAR,2014,2014-10-30,Thursday,NO,28.0,CAR,10.0,38.0,3.0,102.0,-113.0,48.5,146.0,-162.0,1
2014_09_JAX_CIN,2014,2014-11-02,Sunday,JAX,23.0,CIN,33.0,56.0,-10.0,-103.0,-107.0,44.0,-460.0,393.0,0
2014_09_TB_CLE,2014,2014-11-02,Sunday,TB,17.0,CLE,22.0,39.0,-7.0,-105.0,-105.0,44.0,-320.0,281.0,0
2014_09_ARI_DAL,2014,2014-11-02,Sunday,ARI,28.0,DAL,17.0,45.0,-1.5,-105.0,-105.0,45.0,-119.0,108.0,0
2014_09_PHI_HOU,2014,2014-11-02,Sunday,PHI,31.0,HOU,21.0,52.0,1.5,-108.0,-102.0,48.5,103.0,-114.0,0
2014_09_NYJ_KC,2014,2014-11-02,Sunday,NYJ,10.0,KC,24.0,34.0,-9.5,-105.0,-105.0,41.5,-440.0,377.0,0
2014_09_SD_MIA,2014,2014-11-02,Sunday,SD,0.0,MIA,37.0,37.0,-3.0,103.0,-114.0,45.5,-144.0,130.0,0
2014_09_WAS_MIN,2014,2014-11-02,Sunday,WAS,26.0,MIN,29.0,55.0,1.0,-105.0,-105.0,43.5,102.0,-112.0,0
2014_09_STL_SF,2014,2014-11-02,Sunday,STL,13.0,SF,10.0,23.0,-10.5,-104.0,-106.0,44.0,-530.0,446.0,1
2014_09_DEN_NE,2014,2014-11-02,Sunday,DEN,21.0,NE,43.0,64.0,3.0,-106.0,-104.0,52.5,137.0,-152.0,0
2014_09_OAK_SEA,2014,2014-11-02,Sunday,OAK,24.0,SEA,30.0,54.0,-13.5,102.0,-113.0,43.5,-800.0,638.0,0
2014_09_BAL_PIT,2014,2014-11-02,Sunday,BAL,23.0,PIT,43.0,66.0,-2.5,-102.0,-108.0,47.5,-128.0,116.0,1
2014_09_IND_NYG,2014,2014-11-03,Monday,IND,40.0,NYG,24.0,64.0,3.0,-113.0,102.0,51.0,135.0,-149.0,0
2014_10_CLE_CIN,2014,2014-11-06,Thursday,CLE,24.0,CIN,3.0,27.0,-6.5,103.0,-114.0,45.5,-250.0,222.0,1
2014_10_TEN_BAL,2014,2014-11-09,Sunday,TEN,7.0,BAL,21.0,28.0,-10.5,107.0,-118.0,44.5,-500.0,423.0,0
2014_10_KC_BUF,2014,2014-11-09,Sunday,KC,17.0,BUF,13.0,30.0,-2.0,-103.0,-107.0,42.0,-128.0,116.0,0
2014_10_MIA_DET,2014,2014-11-09,Sunday,MIA,16.0,DET,20.0,36.0,-3.0,104.0,-115.0,43.0,-145.0,131.0,0
2014_10_DAL_JAX,2014,2014-11-09,Sunday,DAL,31.0,JAX,17.0,48.0,7.5,-113.0,102.0,45.0,289.0,-330.0,0
2014_10_SF_NO,2014,2014-11-09,Sunday,SF,27.0,NO,24.0,51.0,-6.0,-110.0,100.0,49.5,-248.0,221.0,0
2014_10_PIT_NYJ,2014,2014-11-09,Sunday,PIT,13.0,NYJ,20.0,33.0,4.5,-104.0,-106.0,47.0,190.0,-212.0,0
2014_10_ATL_TB,2014,2014-11-09,Sunday,ATL,27.0,TB,17.0,44.0,3.5,-117.0,106.0,47.0,153.0,-170.0,1
2014_10_DEN_OAK,2014,2014-11-09,Sunday,DEN,41.0,OAK,17.0,58.0,13.0,-108.0,-102.0,50.5,534.0,-650.0,1
2014_10_STL_ARI,2014,2014-11-09,Sunday,STL,14.0,ARI,31.0,45.0,-7.0,-110.0,100.0,43.0,-300.0,264.0,1
2014_10_NYG_SEA,2014,2014-11-09,Sunday,NYG,17.0,SEA,38.0,55.0,-9.0,-113.0,102.0,44.5,-450.0,385.0,0
2014_10_CHI_GB,2014,2014-11-09,Sunday,CHI,14.0,GB,55.0,69.0,-9.5,-103.0,-107.0,53.0,-380.0,330.0,1
2014_10_CAR_PHI,2014,2014-11-10,Monday,CAR,21.0,PHI,45.0,66.0,-7.0,-118.0,107.0,48.5,-335.0,293.0,0
2014_11_BUF_MIA,2014,2014-11-13,Thursday,BUF,9.0,MIA,22.0,31.0,-4.0,103.0,-114.0,40.5,-195.0,175.0,1
2014_11_ATL_CAR,2014,2014-11-16,Sunday,ATL,19.0,CAR,17.0,36.0,2.5,100.0,-110.0,46.5,126.0,-139.0,1
2014_11_MIN_CHI,2014,2014-11-16,Sunday,MIN,13.0,CHI,21.0,34.0,-2.5,-107.0,-103.0,46.5,-128.0,116.0,1
2014_11_HOU_CLE,2014,2014-11-16,Sunday,HOU,23.0,CLE,7.0,30.0,-4.5,-103.0,-107.0,42.0,-213.0,191.0,0
2014_11_SEA_KC,2014,2014-11-16,Sunday,SEA,20.0,KC,24.0,44.0,1.0,-103.0,-107.0,43.5,104.0,-115.0,0
2014_11_CIN_NO,2014,2014-11-16,Sunday,CIN,27.0,NO,10.0,37.0,-8.5,-115.0,104.0,51.0,-380.0,330.0,0
2014_11_SF_NYG,2014,2014-11-16,Sunday,SF,16.0,NYG,10.0,26.0,4.0,-112.0,102.0,45.0,171.0,-190.0,0
2014_11_DEN_STL,2014,2014-11-16,Sunday,DEN,7.0,STL,22.0,29.0,8.0,-105.0,-105.0,49.5,310.0,-355.0,0
2014_11_TB_WAS,2014,2014-11-16,Sunday,TB,27.0,WAS,7.0,34.0,-6.5,-113.0,102.0,45.5,-300.0,264.0,0
2014_11_OAK_SD,2014,2014-11-16,Sunday,OAK,6.0,SD,13.0,19.0,-10.5,111.0,-123.0,45.5,-500.0,423.0,1
2014_11_DET_ARI,2014,2014-11-16,Sunday,DET,6.0,ARI,14.0,20.0,1.0,-102.0,-108.0,41.5,104.0,-115.0,0
2014_11_PHI_GB,2014,2014-11-16,Sunday,PHI,20.0,GB,53.0,73.0,-4.5,106.0,-117.0,55.5,-200.0,180.0,0
2014_11_NE_IND,2014,2014-11-16,Sunday,NE,42.0,IND,20.0,62.0,-3.0,-113.0,102.0,58.0,-160.0,144.0,0
2014_11_PIT_TEN,2014,2014-11-17,Monday,PIT,27.0,TEN,24.0,51.0,7.0,-110.0,100.0,46.5,271.0,-308.0,0
2014_12_KC_OAK,2014,2014-11-20,Thursday,KC,20.0,OAK,24.0,44.0,7.5,-118.0,107.0,42.0,289.0,-330.0,1
2014_12_CLE_ATL,2014,2014-11-23,Sunday,CLE,26.0,ATL,24.0,50.0,-3.0,108.0,-119.0,48.5,-145.0,131.0,0
2014_12_TB_CHI,2014,2014-11-23,Sunday,TB,13.0,CHI,21.0,34.0,-4.0,-110.0,100.0,47.0,-202.0,181.0,0
2014_12_CIN_HOU,2014,2014-11-23,Sunday,CIN,22.0,HOU,13.0,35.0,-3.0,100.0,-110.0,44.5,-149.0,135.0,0
2014_12_JAX_IND,2014,2014-11-23,Sunday,JAX,3.0,IND,23.0,26.0,-13.0,102.0,-113.0,49.0,-700.0,569.0,1
2014_12_GB_MIN,2014,2014-11-23,Sunday,GB,24.0,MIN,21.0,45.0,7.5,-113.0,102.0,50.0,297.0,-340.0,1
2014_12_DET_NE,2014,2014-11-23,Sunday,DET,9.0,NE,34.0,43.0,-7.5,111.0,-123.0,47.5,-310.0,273.0,0
2014_12_TEN_PHI,2014,2014-11-23,Sunday,TEN,24.0,PHI,43.0,67.0,-11.0,-102.0,-108.0,49.0,-600.0,498.0,0
2014_12_STL_SD,2014,2014-11-23,Sunday,STL,24.0,SD,27.0,51.0,-4.0,-101.0,-109.0,43.5,-195.0,175.0,0
2014_12_ARI_SEA,2014,2014-11-23,Sunday,ARI,3.0,SEA,19.0,22.0,-7.5,-110.0,100.0,42.0,-360.0,314.0,1
2014_12_MIA_DEN,2014,2014-11-23,Sunday,MIA,36.0,DEN,39.0,75.0,-6.5,-115.0,104.0,47.5,-285.0,252.0,0
2014_12_WAS_SF,2014,2014-11-23,Sunday,WAS,13.0,SF,17.0,30.0,-9.0,-110.0,100.0,44.0,-420.0,361.0,0
2014_12_DAL_NYG,2014,2014-11-23,Sunday,DAL,31.0,NYG,28.0,59.0,4.0,100.0,-110.0,48.5,181.0,-202.0,1
2014_12_NYJ_BUF,2014,2014-11-24,Monday,NYJ,3.0,BUF,38.0,41.0,-2.5,-118.0,107.0,42.0,-143.0,129.0,1
2014_12_BAL_NO,2014,2014-11-24,Monday,BAL,34.0,NO,27.0,61.0,-2.5,-109.0,-101.0,50.5,-134.0,121.0,0
2014_13_CHI_DET,2014,2014-11-27,Thursday,CHI,17.0,DET,34.0,51.0,-7.5,-103.0,-107.0,46.0,-330.0,289.0,1
2014_13_PHI_DAL,2014,2014-11-27,Thursday,PHI,33.0,DAL,10.0,43.0,-3.0,-110.0,100.0,56.5,-160.0,144.0,1
2014_13_SEA_SF,2014,2014-11-27,Thursday,SEA,19.0,SF,3.0,22.0,-1.0,-107.0,-103.0,40.0,-114.0,103.0,1
2014_13_SD_BAL,2014,2014-11-30,Sunday,SD,34.0,BAL,33.0,67.0,-6.5,-115.0,104.0,45.5,-290.0,256.0,0
2014_13_CLE_BUF,2014,2014-11-30,Sunday,CLE,10.0,BUF,26.0,36.0,-3.0,-119.0,108.0,42.0,-173.0,156.0,0
2014_13_TEN_HOU,2014,2014-11-30,Sunday,TEN,21.0,HOU,45.0,66.0,-7.0,106.0,-117.0,43.0,-285.0,252.0,1
2014_13_WAS_IND,2014,2014-11-30,Sunday,WAS,27.0,IND,49.0,76.0,-7.5,-106.0,-104.0,48.5,-390.0,338.0,0
2014_13_NYG_JAX,2014,2014-11-30,Sunday,NYG,24.0,JAX,25.0,49.0,3.0,-110.0,100.0,44.0,137.0,-152.0,0
2014_13_CAR_MIN,2014,2014-11-30,Sunday,CAR,13.0,MIN,31.0,44.0,-2.5,-119.0,108.0,41.5,-143.0,129.0,0
2014_13_NO_PIT,2014,2014-11-30,Sunday,NO,35.0,PIT,32.0,67.0,-3.5,-110.0,100.0,54.5,-185.0,166.0,0
2014_13_OAK_STL,2014,2014-11-30,Sunday,OAK,0.0,STL,52.0,52.0,-6.5,-113.0,102.0,43.0,-290.0,256.0,0
2014_13_CIN_TB,2014,2014-11-30,Sunday,CIN,14.0,TB,13.0,27.0,6.0,-113.0,102.0,43.5,210.0,-235.0,0
2014_13_ARI_ATL,2014,2014-11-30,Sunday,ARI,18.0,ATL,29.0,47.0,1.5,-108.0,-102.0,45.5,106.0,-117.0,0
2014_13_NE_GB,2014,2014-11-30,Sunday,NE,21.0,GB,26.0,47.0,-3.0,-110.0,100.0,57.0,-160.0,144.0,0
2014_13_DEN_KC,2014,2014-11-30,Sunday,DEN,29.0,KC,16.0,45.0,-1.0,-102.0,-108.0,49.0,-109.0,-101.0,1
2014_13_MIA_NYJ,2014,2014-12-01,Monday,MIA,16.0,NYJ,13.0,29.0,6.5,105.0,-116.0,41.5,269.0,-305.0,1
2014_14_DAL_CHI,2014,2014-12-04,Thursday,DAL,41.0,CHI,28.0,69.0,3.5,-105.0,-105.0,50.5,168.0,-187.0,0
2014_14_PIT_CIN,2014,2014-12-07,Sunday,PIT,42.0,CIN,21.0,63.0,-3.0,106.0,-117.0,47.0,-139.0,126.0,1
2014_14_IND_CLE,2014,2014-12-07,Sunday,IND,25.0,CLE,24.0,49.0,3.0,-105.0,-105.0,50.0,139.0,-154.0,0
2014_14_TB_DET,2014,2014-12-07,Sunday,TB,17.0,DET,34.0,51.0,-10.5,104.0,-115.0,42.0,-480.0,408.0,0
2014_14_HOU_JAX,2014,2014-12-07,Sunday,HOU,27.0,JAX,13.0,40.0,6.5,100.0,-110.0,41.5,243.0,-274.0,1
2014_14_BAL_MIA,2014,2014-12-07,Sunday,BAL,28.0,MIA,13.0,41.0,-3.0,-115.0,104.0,45.0,-162.0,146.0,0
2014_14_NYJ_MIN,2014,2014-12-07,Sunday,NYJ,24.0,MIN,30.0,54.0,-4.5,-105.0,-105.0,40.5,-218.0,195.0,0
2014_14_CAR_NO,2014,2014-12-07,Sunday,CAR,41.0,NO,10.0,51.0,-8.5,-105.0,-105.0,50.5,-400.0,346.0,1
2014_14_NYG_TEN,2014,2014-12-07,Sunday,NYG,36.0,TEN,7.0,43.0,3.0,-113.0,102.0,46.5,129.0,-143.0,0
2014_14_STL_WAS,2014,2014-12-07,Sunday,STL,24.0,WAS,0.0,24.0,2.5,-105.0,-105.0,44.5,121.0,-134.0,0
2014_14_KC_ARI,2014,2014-12-07,Sunday,KC,14.0,ARI,17.0,31.0,2.5,111.0,-123.0,41.5,131.0,-145.0,0
2014_14_BUF_DEN,2014,2014-12-07,Sunday,BUF,17.0,DEN,24.0,41.0,-9.0,-102.0,-108.0,47.0,-400.0,346.0,0
2014_14_SF_OAK,2014,2014-12-07,Sunday,SF,13.0,OAK,24.0,37.0,8.0,-106.0,-104.0,40.0,315.0,-362.0,0
2014_14_SEA_PHI,2014,2014-12-07,Sunday,SEA,24.0,PHI,14.0,38.0,1.5,-102.0,-108.0,48.0,111.0,-123.0,0
2014_14_NE_SD,2014,2014-12-07,Sunday,NE,23.0,SD,14.0,37.0,4.0,-101.0,-109.0,53.0,186.0,-208.0,0
2014_14_ATL_GB,2014,2014-12-08,Monday,ATL,37.0,GB,43.0,80.0,-13.5,-107.0,-103.0,54.5,-730.0,590.0,0
2014_15_ARI_STL,2014,2014-12-11,Thursday,ARI,12.0,STL,6.0,18.0,-6.0,-109.0,-101.0,40.5,-255.0,227.0,1
2014_15_PIT_ATL,2014,2014-12-14,Sunday,PIT,27.0,ATL,20.0,47.0,3.0,-113.0,102.0,55.0,136.0,-150.0,0
2014_15_JAX_BAL,2014,2014-12-14,Sunday,JAX,12.0,BAL,20.0,32.0,-14.0,-105.0,-105.0,44.5,-800.0,638.0,0
2014_15_GB_BUF,2014,2014-12-14,Sunday,GB,13.0,BUF,21.0,34.0,3.5,-115.0,104.0,49.5,155.0,-172.0,0
2014_15_TB_CAR,2014,2014-12-14,Sunday,TB,17.0,CAR,19.0,36.0,-3.5,-103.0,-107.0,41.0,-185.0,166.0,1
2014_15_CIN_CLE,2014,2014-12-14,Sunday,CIN,30.0,CLE,0.0,30.0,-2.5,-113.0,102.0,44.0,-139.0,126.0,1
2014_15_HOU_IND,2014,2014-12-14,Sunday,HOU,10.0,IND,17.0,27.0,-7.0,-108.0,-102.0,49.0,-310.0,273.0,1
2014_15_OAK_KC,2014,2014-12-14,Sunday,OAK,13.0,KC,31.0,44.0,-11.0,100.0,-110.0,41.5,-500.0,423.0,1
2014_15_MIA_NE,2014,2014-12-14,Sunday,MIA,13.0,NE,41.0,54.0,-9.5,-105.0,-105.0,49.0,-420.0,361.0,1
2014_15_WAS_NYG,2014,2014-12-14,Sunday,WAS,13.0,NYG,24.0,37.0,-7.0,105.0,-116.0,46.5,-300.0,264.0,1
2014_15_DEN_SD,2014,2014-12-14,Sunday,DEN,22.0,SD,10.0,32.0,4.0,-102.0,-108.0,49.0,171.0,-190.0,1
2014_15_NYJ_TEN,2014,2014-12-14,Sunday,NYJ,16.0,TEN,11.0,27.0,3.5,-113.0,102.0,42.0,167.0,-186.0,0
2014_15_MIN_DET,2014,2014-12-14,Sunday,MIN,14.0,DET,16.0,30.0,-8.0,-101.0,-109.0,42.5,-350.0,305.0,1
2014_15_SF_SEA,2014,2014-12-14,Sunday,SF,7.0,SEA,17.0,24.0,-10.0,109.0,-120.0,38.0,-430.0,369.0,1
2014_15_DAL_PHI,2014,2014-12-14,Sunday,DAL,38.0,PHI,27.0,65.0,-3.5,111.0,-123.0,54.5,-159.0,144.0,1
2014_15_NO_CHI,2014,2014-12-15,Monday,NO,31.0,CHI,15.0,46.0,3.0,111.0,-123.0,53.5,159.0,-177.0,0
2014_16_TEN_JAX,2014,2014-12-18,Thursday,TEN,13.0,JAX,21.0,34.0,-4.0,-103.0,-107.0,39.0,-196.0,176.0,1
2014_16_PHI_WAS,2014,2014-12-20,Saturday,PHI,24.0,WAS,27.0,51.0,7.0,-105.0,-105.0,51.0,277.0,-315.0,1
2014_16_SD_SF,2014,2014-12-20,Saturday,SD,38.0,SF,35.0,73.0,-2.0,-110.0,100.0,40.5,-128.0,116.0,0
2014_16_CLE_CAR,2014,2014-12-21,Sunday,CLE,13.0,CAR,17.0,30.0,-6.0,-108.0,-102.0,40.0,-236.0,211.0,0
2014_16_DET_CHI,2014,2014-12-21,Sunday,DET,20.0,CHI,14.0,34.0,10.0,-110.0,100.0,44.5,354.0,-410.0,1
2014_16_BAL_HOU,2014,2014-12-21,Sunday,BAL,13.0,HOU,25.0,38.0,6.0,-105.0,-105.0,42.0,216.0,-242.0,0
2014_16_MIN_MIA,2014,2014-12-21,Sunday,MIN,35.0,MIA,37.0,72.0,-4.5,-106.0,-104.0,42.0,-225.0,201.0,0
2014_16_ATL_NO,2014,2014-12-21,Sunday,ATL,30.0,NO,14.0,44.0,-6.0,-103.0,-107.0,56.0,-233.0,208.0,1
2014_16_NE_NYJ,2014,2014-12-21,Sunday,NE,17.0,NYJ,16.0,33.0,10.0,-118.0,107.0,47.0,385.0,-450.0,1
2014_16_KC_PIT,2014,2014-12-21,Sunday,KC,12.0,PIT,20.0,32.0,-2.5,-107.0,-103.0,49.5,-134.0,121.0,0
2014_16_GB_TB,2014,2014-12-21,Sunday,GB,20.0,TB,3.0,23.0,11.5,-113.0,102.0,48.5,520.0,-630.0,0
2014_16_NYG_STL,2014,2014-12-21,Sunday,NYG,37.0,STL,27.0,64.0,-7.0,104.0,-115.0,43.5,-290.0,256.0,0
2014_16_IND_DAL,2014,2014-12-21,Sunday,IND,7.0,DAL,42.0,49.0,-3.5,-101.0,-109.0,53.0,-178.0,160.0,0
2014_16_BUF_OAK,2014,2014-12-21,Sunday,BUF,24.0,OAK,26.0,50.0,7.0,-113.0,102.0,42.0,256.0,-290.0,0
2014_16_SEA_ARI,2014,2014-12-21,Sunday,SEA,35.0,ARI,6.0,41.0,9.5,-108.0,-102.0,36.5,338.0,-390.0,1
2014_16_DEN_CIN,2014,2014-12-22,Monday,DEN,28.0,CIN,37.0,65.0,3.5,-105.0,-105.0,47.0,171.0,-190.0,0
2014_17_CLE_BAL,2014,2014-12-28,Sunday,CLE,10.0,BAL,20.0,30.0,-14.0,102.0,-113.0,40.0,-1000.0,760.0,1
2014_17_JAX_HOU,2014,2014-12-28,Sunday,JAX,17.0,HOU,23.0,40.0,-8.5,-104.0,-106.0,38.5,-400.0,346.0,1
2014_17_SD_KC,2014,2014-12-28,Sunday,SD,7.0,KC,19.0,26.0,-3.0,-106.0,-104.0,42.5,-152.0,137.0,1
2014_17_NYJ_MIA,2014,2014-12-28,Sunday,NYJ,37.0,MIA,24.0,61.0,-7.0,-110.0,100.0,41.0,-320.0,281.0,1
2014_17_CHI_MIN,2014,2014-12-28,Sunday,CHI,9.0,MIN,13.0,22.0,-7.0,-110.0,100.0,47.0,-300.0,264.0,1
2014_17_BUF_NE,2014,2014-12-28,Sunday,BUF,17.0,NE,9.0,26.0,-4.5,-110.0,100.0,43.5,-218.0,195.0,1
2014_17_PHI_NYG,2014,2014-12-28,Sunday,PHI,34.0,NYG,26.0,60.0,1.0,-115.0,104.0,51.5,-105.0,-105.0,1
2014_17_NO_TB,2014,2014-12-28,Sunday,NO,23.0,TB,20.0,43.0,6.0,-108.0,-102.0,47.0,216.0,-242.0,1
2014_17_IND_TEN,2014,2014-12-28,Sunday,IND,27.0,TEN,10.0,37.0,7.5,-113.0,102.0,46.5,281.0,-320.0,1
2014_17_DAL_WAS,2014,2014-12-28,Sunday,DAL,44.0,WAS,17.0,61.0,6.0,-103.0,-107.0,47.5,222.0,-250.0,1
2014_17_CAR_ATL,2014,2014-12-28,Sunday,CAR,34.0,ATL,3.0,37.0,-2.5,-102.0,-108.0,48.0,-128.0,116.0,1
2014_17_OAK_DEN,2014,2014-12-28,Sunday,OAK,14.0,DEN,47.0,61.0,-16.5,-110.0,100.0,49.0,-1300.0,925.0,1
2014_17_DET_GB,2014,2014-12-28,Sunday,DET,20.0,GB,30.0,50.0,-9.0,100.0,-110.0,46.5,-400.0,346.0,1
2014_17_STL_SEA,2014,2014-12-28,Sunday,STL,6.0,SEA,20.0,26.0,-11.0,100.0,-110.0,41.5,-530.0,446.0,1
2014_17_ARI_SF,2014,2014-12-28,Sunday,ARI,17.0,SF,20.0,37.0,-6.0,100.0,-110.0,38.0,-247.0,220.0,1
2014_17_CIN_PIT,2014,2014-12-28,Sunday,CIN,17.0,PIT,27.0,44.0,-3.0,100.0,-110.0,48.0,-150.0,136.0,1
2014_18_ARI_CAR,2014,2015-01-03,Saturday,ARI,16.0,CAR,27.0,43.0,-5.5,100.0,-110.0,37.5,-242.0,216.0,0
2014_18_BAL_PIT,2014,2015-01-03,Saturday,BAL,30.0,PIT,17.0,47.0,-3.0,-108.0,-102.0,47.5,-162.0,146.0,1
2014_18_CIN_IND,2014,2015-01-04,Sunday,CIN,10.0,IND,26.0,36.0,-3.5,-110.0,100.0,47.0,-202.0,181.0,0
2014_18_DET_DAL,2014,2015-01-04,Sunday,DET,20.0,DAL,24.0,44.0,-6.0,-103.0,-107.0,47.5,-260.0,231.0,0
2014_19_BAL_NE,2014,2015-01-10,Saturday,BAL,31.0,NE,35.0,66.0,-7.0,105.0,-116.0,47.5,-290.0,256.0,0
2014_19_CAR_SEA,2014,2015-01-10,Saturday,CAR,17.0,SEA,31.0,48.0,-13.5,-110.0,100.0,40.0,-700.0,569.0,0
2014_19_DAL_GB,2014,2015-01-11,Sunday,DAL,21.0,GB,26.0,47.0,-5.5,-105.0,-105.0,52.5,-230.0,205.0,0
2014_19_IND_DEN,2014,2015-01-11,Sunday,IND,24.0,DEN,13.0,37.0,-9.5,-113.0,102.0,53.5,-440.0,377.0,0
2014_20_GB_SEA,2014,2015-01-18,Sunday,GB,22.0,SEA,28.0,50.0,-8.5,-108.0,-102.0,44.5,-363.0,316.0,0
2014_20_IND_NE,2014,2015-01-18,Sunday,IND,7.0,NE,45.0,52.0,-7.0,-117.0,106.0,52.0,-320.0,281.0,0
2014_21_NE_SEA,2014,2015-02-01,Sunday,NE,28.0,SEA,24.0,52.0,1.0,-109.0,101.0,47.0,-105.0,-105.0,0
2015_01_PIT_NE,2015,2015-09-10,Thursday,PIT,21.0,NE,28.0,49.0,-7.5,101.0,-111.0,51.0,-350.0,305.0,0
2015_01_IND_BUF,2015,2015-09-13,Sunday,IND,14.0,BUF,27.0,41.0,1.0,-107.0,-103.0,44.5,-101.0,-109.0,0
2015_01_GB_CHI,2015,2015-09-13,Sunday,GB,31.0,CHI,23.0,54.0,5.5,100.0,-110.0,48.5,222.0,-250.0,1
2015_01_KC_HOU,2015,2015-09-13,Sunday,KC,27.0,HOU,20.0,47.0,1.0,-110.0,100.0,41.0,-105.0,-105.0,0
2015_01_CAR_JAX,2015,2015-09-13,Sunday,CAR,20.0,JAX,9.0,29.0,3.0,-110.0,-100.0,41.0,131.0,-145.0,0
2015_01_CLE_NYJ,2015,2015-09-13,Sunday,CLE,10.0,NYJ,31.0,41.0,-3.5,-108.0,-102.0,39.0,-185.0,166.0,0
2015_01_SEA_STL,2015,2015-09-13,Sunday,SEA,31.0,STL,34.0,65.0,3.5,-109.0,-101.0,41.5,159.0,-177.0,1
2015_01_MIA_WAS,2015,2015-09-13,Sunday,MIA,17.0,WAS,10.0,27.0,4.0,100.0,-110.0,45.5,181.0,-202.0,0
2015_01_NO_ARI,2015,2015-09-13,Sunday,NO,19.0,ARI,31.0,50.0,-2.0,-110.0,100.0,48.5,-130.0,118.0,0
2015_01_DET_SD,2015,2015-09-13,Sunday,DET,28.0,SD,33.0,61.0,-3.5,-102.0,-108.0,45.5,-180.0,162.0,0
2015_01_BAL_DEN,2015,2015-09-13,Sunday,BAL,13.0,DEN,19.0,32.0,-4.5,-109.0,-101.0,46.5,-220.0,197.0,0
2015_01_CIN_OAK,2015,2015-09-13,Sunday,CIN,33.0,OAK,13.0,46.0,3.0,-110.0,-100.0,43.0,136.0,-150.0,0
2015_01_TEN_TB,2015,2015-09-13,Sunday,TEN,42.0,TB,14.0,56.0,-3.0,-106.0,-104.0,40.5,-155.0,140.0,0
2015_01_NYG_DAL,2015,2015-09-13,Sunday,NYG,26.0,DAL,27.0,53.0,-7.0,-102.0,-108.0,52.0,-302.0,266.0,1
2015_01_PHI_ATL,2015,2015-09-14,Monday,PHI,24.0,ATL,26.0,50.0,3.5,-110.0,100.0,55.0,159.0,-177.0,0
2015_01_MIN_SF,2015,2015-09-14,Monday,MIN,3.0,SF,20.0,23.0,2.5,121.0,-134.0,42.5,140.0,-155.0,0
2015_02_DEN_KC,2015,2015-09-17,Thursday,DEN,31.0,KC,24.0,55.0,-3.0,-113.0,102.0,42.0,-162.0,146.0,1
2015_02_NE_BUF,2015,2015-09-20,Sunday,NE,40.0,BUF,32.0,72.0,-2.0,-107.0,-103.0,45.0,-124.0,112.0,1
2015_02_HOU_CAR,2015,2015-09-20,Sunday,HOU,17.0,CAR,24.0,41.0,-3.0,106.0,-117.0,41.0,-143.0,129.0,0
2015_02_ARI_CHI,2015,2015-09-20,Sunday,ARI,48.0,CHI,23.0,71.0,2.0,-107.0,-103.0,45.5,108.0,-119.0,0
2015_02_SD_CIN,2015,2015-09-20,Sunday,SD,19.0,CIN,24.0,43.0,-3.5,100.0,-110.0,47.5,-173.0,156.0,0
2015_02_TEN_CLE,2015,2015-09-20,Sunday,TEN,14.0,CLE,28.0,42.0,-1.0,-105.0,-105.0,41.0,-113.0,102.0,0
2015_02_DET_MIN,2015,2015-09-20,Sunday,DET,16.0,MIN,26.0,42.0,-2.5,-115.0,104.0,44.0,-143.0,129.0,1
2015_02_TB_NO,2015,2015-09-20,Sunday,TB,26.0,NO,19.0,45.0,-9.5,100.0,-110.0,47.0,-410.0,354.0,1
2015_02_ATL_NYG,2015,2015-09-20,Sunday,ATL,24.0,NYG,20.0,44.0,-2.0,-107.0,-103.0,49.5,-123.0,111.0,0
2015_02_SF_PIT,2015,2015-09-20,Sunday,SF,18.0,PIT,43.0,61.0,-6.0,-103.0,-107.0,46.0,-247.0,220.0,0
2015_02_STL_WAS,2015,2015-09-20,Sunday,STL,10.0,WAS,24.0,34.0,3.0,109.0,-120.0,41.0,159.0,-177.0,0
2015_02_MIA_JAX,2015,2015-09-20,Sunday,MIA,20.0,JAX,23.0,43.0,5.0,100.0,-110.0,42.5,205.0,-230.0,0
2015_02_BAL_OAK,2015,2015-09-20,Sunday,BAL,33.0,OAK,37.0,70.0,6.0,103.0,-114.0,42.0,226.0,-254.0,0
2015_02_DAL_PHI,2015,2015-09-20,Sunday,DAL,20.0,PHI,10.0,30.0,-7.0,100.0,-110.0,53.0,-285.0,252.0,1
2015_02_SEA_GB,2015,2015-09-20,Sunday,SEA,17.0,GB,27.0,44.0,-3.5,-101.0,-109.0,49.0,-185.0,166.0,0
2015_02_NYJ_IND,2015,2015-09-21,Monday,NYJ,20.0,IND,7.0,27.0,-6.0,-102.0,-108.0,45.5,-240.0,214.0,0
2015_03_WAS_NYG,2015,2015-09-24,Thursday,WAS,21.0,NYG,32.0,53.0,-3.0,-115.0,104.0,45.0,-167.0,151.0,1
2015_03_CIN_BAL,2015,2015-09-27,Sunday,CIN,28.0,BAL,24.0,52.0,-2.5,-115.0,104.0,45.5,-138.0,125.0,1
2015_03_NO_CAR,2015,2015-09-27,Sunday,NO,22.0,CAR,27.0,49.0,-10.0,102.0,-113.0,43.0,-400.0,346.0,1
2015_03_OAK_CLE,2015,2015-09-27,Sunday,OAK,27.0,CLE,20.0,47.0,-3.5,-102.0,-108.0,43.5,-177.0,159.0,0
2015_03_ATL_DAL,2015,2015-09-27,Sunday,ATL,39.0,DAL,28.0,67.0,-1.0,-108.0,-102.0,43.5,-115.0,104.0,0
2015_03_TB_HOU,2015,2015-09-27,Sunday,TB,9.0,HOU,19.0,28.0,-6.0,-105.0,-105.0,41.0,-253.0,225.0,0
2015_03_SD_MIN,2015,2015-09-27,Sunday,SD,14.0,MIN,31.0,45.0,-2.5,100.0,-110.0,45.5,-123.0,111.0,0
2015_03_JAX_NE,2015,2015-09-27,Sunday,JAX,17.0,NE,51.0,68.0,-14.5,-102.0,-108.0,48.5,-1300.0,944.0,0
2015_03_PHI_NYJ,2015,2015-09-27,Sunday,PHI,24.0,NYJ,17.0,41.0,-3.0,-113.0,102.0,47.0,-162.0,146.0,0
2015_03_PIT_STL,2015,2015-09-27,Sunday,PIT,12.0,STL,6.0,18.0,-1.5,-108.0,-102.0,48.5,-123.0,111.0,0
2015_03_IND_TEN,2015,2015-09-27,Sunday,IND,35.0,TEN,33.0,68.0,3.0,111.0,-123.0,46.5,156.0,-173.0,1
2015_03_SF_ARI,2015,2015-09-27,Sunday,SF,7.0,ARI,47.0,54.0,-7.0,-101.0,-109.0,45.0,-301.0,265.0,1
2015_03_BUF_MIA,2015,2015-09-27,Sunday,BUF,41.0,MIA,14.0,55.0,-1.0,100.0,-110.0,43.5,-107.0,-103.0,1
2015_03_CHI_SEA,2015,2015-09-27,Sunday,CHI,0.0,SEA,26.0,26.0,-16.5,100.0,-110.0,43.5,-1300.0,944.0,0
2015_03_DEN_DET,2015,2015-09-27,Sunday,DEN,24.0,DET,12.0,36.0,3.0,-119.0,108.0,45.0,125.0,-138.0,0
2015_03_KC_GB,2015,2015-09-28,Monday,KC,28.0,GB,38.0,66.0,-4.5,-109.0,-101.0,47.0,-225.0,201.0,0
2015_04_BAL_PIT,2015,2015-10-01,Thursday,BAL,23.0,PIT,20.0,43.0,3.0,-117.0,106.0,44.0,131.0,-145.0,1
2015_04_NYJ_MIA,2015,2015-10-04,Sunday,NYJ,27.0,MIA,14.0,41.0,2.5,105.0,-116.0,42.0,121.0,-134.0,1
2015_04_HOU_ATL,2015,2015-10-04,Sunday,HOU,21.0,ATL,48.0,69.0,-4.0,-102.0,-108.0,47.5,-202.0,181.0,0
2015_04_NYG_BUF,2015,2015-10-04,Sunday,NYG,24.0,BUF,10.0,34.0,-6.0,-105.0,-105.0,46.5,-242.0,216.0,0
2015_04_OAK_CHI,2015,2015-10-04,Sunday,OAK,20.0,CHI,22.0,42.0,3.0,113.0,-125.0,44.5,159.0,-177.0,0
2015_04_KC_CIN,2015,2015-10-04,Sunday,KC,21.0,CIN,36.0,57.0,-3.5,104.0,-115.0,45.0,-177.0,159.0,0
2015_04_JAX_IND,2015,2015-10-04,Sunday,JAX,13.0,IND,16.0,29.0,-4.0,-110.0,100.0,43.0,-199.0,179.0,1
2015_04_CAR_TB,2015,2015-10-04,Sunday,CAR,37.0,TB,23.0,60.0,3.0,-110.0,100.0,40.0,131.0,-145.0,1
2015_04_PHI_WAS,2015,2015-10-04,Sunday,PHI,20.0,WAS,23.0,43.0,3.0,-113.0,102.0,46.0,135.0,-149.0,1
2015_04_CLE_SD,2015,2015-10-04,Sunday,CLE,27.0,SD,30.0,57.0,-4.5,-110.0,100.0,44.5,-230.0,205.0,0
2015_04_STL_ARI,2015,2015-10-04,Sunday,STL,24.0,ARI,22.0,46.0,-7.0,104.0,-115.0,43.5,-285.0,252.0,1
2015_04_MIN_DEN,2015,2015-10-04,Sunday,MIN,20.0,DEN,23.0,43.0,-7.0,106.0,-117.0,43.5,-286.0,253.0,0
2015_04_GB_SF,2015,2015-10-04,Sunday,GB,17.0,SF,3.0,20.0,7.5,-113.0,102.0,48.0,281.0,-320.0,0
2015_04_DAL_NO,2015,2015-10-04,Sunday,DAL,20.0,NO,26.0,46.0,-3.0,106.0,-117.0,48.0,-143.0,129.0,0
2015_04_DET_SEA,2015,2015-10-05,Monday,DET,10.0,SEA,13.0,23.0,-10.0,102.0,-113.0,43.0,-470.0,400.0,0
2015_05_IND_HOU,2015,2015-10-08,Thursday,IND,27.0,HOU,20.0,47.0,-4.5,101.0,-111.0,40.5,-209.0,187.0,1
2015_05_WAS_ATL,2015,2015-10-11,Sunday,WAS,19.0,ATL,25.0,44.0,-7.5,109.0,-120.0,48.5,-325.0,285.0,0
2015_05_CLE_BAL,2015,2015-10-11,Sunday,CLE,33.0,BAL,30.0,63.0,-6.0,-110.0,100.0,43.0,-255.0,227.0,1
2015_05_SEA_CIN,2015,2015-10-11,Sunday,SEA,24.0,CIN,27.0,51.0,-3.0,-101.0,-109.0,44.5,-145.0,131.0,0
2015_05_STL_GB,2015,2015-10-11,Sunday,STL,10.0,GB,24.0,34.0,-8.5,100.0,-110.0,45.0,-370.0,322.0,0
2015_05_CHI_KC,2015,2015-10-11,Sunday,CHI,18.0,KC,17.0,35.0,-10.0,104.0,-115.0,44.0,-420.0,361.0,0
2015_05_NO_PHI,2015,2015-10-11,Sunday,NO,17.0,PHI,39.0,56.0,-6.5,-116.0,105.0,49.5,-277.0,245.0,0
2015_05_JAX_TB,2015,2015-10-11,Sunday,JAX,31.0,TB,38.0,69.0,-1.0,-107.0,-103.0,41.0,-115.0,104.0,0
2015_05_BUF_TEN,2015,2015-10-11,Sunday,BUF,14.0,TEN,13.0,27.0,-1.0,-103.0,-107.0,43.0,-110.0,100.0,0
2015_05_ARI_DET,2015,2015-10-11,Sunday,ARI,42.0,DET,17.0,59.0,4.5,-105.0,-105.0,46.0,181.0,-202.0,0
2015_05_NE_DAL,2015,2015-10-11,Sunday,NE,30.0,DAL,6.0,36.0,8.0,-102.0,-108.0,51.0,305.0,-350.0,0
2015_05_DEN_OAK,2015,2015-10-11,Sunday,DEN,16.0,OAK,10.0,26.0,5.0,-103.0,-107.0,44.5,201.0,-225.0,1
2015_05_SF_NYG,2015,2015-10-11,Sunday,SF,27.0,NYG,30.0,57.0,-7.5,-105.0,-105.0,43.5,-350.0,305.0,0
2015_05_PIT_SD,2015,2015-10-12,Monday,PIT,24.0,SD,20.0,44.0,-4.0,-104.0,-106.0,45.5,-208.0,186.0,0
2015_06_ATL_NO,2015,2015-10-15,Thursday,ATL,21.0,NO,31.0,52.0,3.0,-110.0,100.0,52.0,134.0,-148.0,1
2015_06_CIN_BUF,2015,2015-10-18,Sunday,CIN,34.0,BUF,21.0,55.0,3.0,-101.0,-109.0,42.5,141.0,-156.0,0
2015_06_DEN_CLE,2015,2015-10-18,Sunday,DEN,26.0,CLE,23.0,49.0,3.5,-127.0,115.0,41.5,148.0,-164.0,0
2015_06_CHI_DET,2015,2015-10-18,Sunday,CHI,34.0,DET,37.0,71.0,-3.5,-113.0,102.0,45.0,-202.0,181.0,1
2015_06_HOU_JAX,2015,2015-10-18,Sunday,HOU,31.0,JAX,20.0,51.0,-2.5,-133.0,120.0,43.5,-155.0,140.0,1
2015_06_KC_MIN,2015,2015-10-18,Sunday,KC,10.0,MIN,16.0,26.0,-3.5,111.0,-123.0,43.0,-162.0,146.0,0
2015_06_WAS_NYJ,2015,2015-10-18,Sunday,WAS,20.0,NYJ,34.0,54.0,-7.5,-110.0,100.0,39.5,-350.0,305.0,0
2015_06_ARI_PIT,2015,2015-10-18,Sunday,ARI,13.0,PIT,25.0,38.0,5.5,-108.0,-102.0,45.0,205.0,-230.0,0
2015_06_MIA_TEN,2015,2015-10-18,Sunday,MIA,38.0,TEN,10.0,48.0,-2.5,-107.0,-103.0,44.0,-130.0,118.0,0
2015_06_CAR_SEA,2015,2015-10-18,Sunday,CAR,27.0,SEA,23.0,50.0,-7.0,-105.0,-105.0,41.0,-307.0,270.0,0
2015_06_SD_GB,2015,2015-10-18,Sunday,SD,20.0,GB,27.0,47.0,-10.5,-101.0,-109.0,50.0,-520.0,439.0,0
2015_06_BAL_SF,2015,2015-10-18,Sunday,BAL,20.0,SF,25.0,45.0,2.5,105.0,-116.0,43.5,126.0,-139.0,0
2015_06_NE_IND,2015,2015-10-18,Sunday,NE,34.0,IND,27.0,61.0,8.0,-106.0,-104.0,53.5,293.0,-335.0,0
2015_06_NYG_PHI,2015,2015-10-19,Monday,NYG,7.0,PHI,27.0,34.0,-3.5,-110.0,100.0,50.5,-202.0,181.0,1
2015_07_SEA_SF,2015,2015-10-22,Thursday,SEA,20.0,SF,3.0,23.0,6.5,-103.0,-107.0,41.5,239.0,-270.0,1
2015_07_BUF_JAX,2015,2015-10-25,Sunday,BUF,31.0,JAX,34.0,65.0,3.5,-115.0,104.0,41.0,153.0,-170.0,0
2015_07_MIN_DET,2015,2015-10-25,Sunday,MIN,28.0,DET,19.0,47.0,-1.0,-108.0,-102.0,44.5,-115.0,104.0,1
2015_07_NO_IND,2015,2015-10-25,Sunday,NO,27.0,IND,21.0,48.0,-5.5,-108.0,-102.0,52.5,-236.0,211.0,0
2015_07_PIT_KC,2015,2015-10-25,Sunday,PIT,13.0,KC,23.0,36.0,-4.0,-107.0,-103.0,41.5,-208.0,186.0,0
2015_07_HOU_MIA,2015,2015-10-25,Sunday,HOU,26.0,MIA,44.0,70.0,-4.5,-113.0,102.0,46.5,-218.0,195.0,0
2015_07_NYJ_NE,2015,2015-10-25,Sunday,NYJ,23.0,NE,30.0,53.0,-7.0,109.0,-120.0,47.0,-300.0,264.0,1
2015_07_CLE_STL,2015,2015-10-25,Sunday,CLE,6.0,STL,24.0,30.0,-6.5,-113.0,102.0,43.5,-276.0,244.0,0
2015_07_ATL_TEN,2015,2015-10-25,Sunday,ATL,10.0,TEN,7.0,17.0,5.5,-102.0,-108.0,45.5,205.0,-230.0,0
2015_07_TB_WAS,2015,2015-10-25,Sunday,TB,30.0,WAS,31.0,61.0,-3.0,100.0,-110.0,42.0,-150.0,136.0,0
2015_07_OAK_SD,2015,2015-10-25,Sunday,OAK,37.0,SD,29.0,66.0,-3.5,-102.0,-108.0,48.0,-190.0,171.0,1
2015_07_DAL_NYG,2015,2015-10-25,Sunday,DAL,20.0,NYG,27.0,47.0,-3.0,100.0,-110.0,44.5,-155.0,140.0,1
2015_07_PHI_CAR,2015,2015-10-25,Sunday,PHI,16.0,CAR,27.0,43.0,-3.0,111.0,-123.0,46.0,-137.0,124.0,0
2015_07_BAL_ARI,2015,2015-10-26,Monday,BAL,18.0,ARI,26.0,44.0,-10.0,-102.0,-108.0,49.5,-455.0,389.0,0
2015_08_MIA_NE,2015,2015-10-29,Thursday,MIA,7.0,NE,36.0,43.0,-8.0,-113.0,102.0,51.0,-425.0,365.0,1
2015_08_DET_KC,2015,2015-11-01,Sunday,DET,10.0,KC,45.0,55.0,-3.0,-123.0,111.0,45.0,-170.0,153.0,0
2015_08_TB_ATL,2015,2015-11-01,Sunday,TB,23.0,ATL,20.0,43.0,-8.0,103.0,-114.0,47.5,-400.0,346.0,1
2015_08_SD_BAL,2015,2015-11-01,Sunday,SD,26.0,BAL,29.0,55.0,-4.5,-105.0,-105.0,50.0,-208.0,186.0,0
2015_08_MIN_CHI,2015,2015-11-01,Sunday,MIN,23.0,CHI,20.0,43.0,1.0,100.0,-110.0,43.5,106.0,-117.0,1
2015_08_ARI_CLE,2015,2015-11-01,Sunday,ARI,34.0,CLE,20.0,54.0,7.0,-110.0,100.0,46.0,271.0,-308.0,0
2015_08_TEN_HOU,2015,2015-11-01,Sunday,TEN,6.0,HOU,20.0,26.0,-3.5,-103.0,-107.0,43.0,-185.0,166.0,1
2015_08_NYG_NO,2015,2015-11-01,Sunday,NYG,49.0,NO,52.0,101.0,-3.0,-117.0,106.0,51.5,-167.0,151.0,0
2015_08_CIN_PIT,2015,2015-11-01,Sunday,CIN,16.0,PIT,10.0,26.0,-1.0,-110.0,100.0,49.0,-117.0,106.0,1
2015_08_SF_STL,2015,2015-11-01,Sunday,SF,6.0,STL,27.0,33.0,-8.0,-110.0,100.0,41.0,-400.0,346.0,1
2015_08_NYJ_OAK,2015,2015-11-01,Sunday,NYJ,20.0,OAK,34.0,54.0,3.0,109.0,-120.0,43.5,153.0,-170.0,0
2015_08_SEA_DAL,2015,2015-11-01,Sunday,SEA,13.0,DAL,12.0,25.0,4.5,-106.0,-104.0,41.5,186.0,-208.0,0
2015_08_GB_DEN,2015,2015-11-01,Sunday,GB,10.0,DEN,29.0,39.0,2.5,100.0,-110.0,46.0,120.0,-133.0,0
2015_08_IND_CAR,2015,2015-11-02,Monday,IND,26.0,CAR,29.0,55.0,-5.0,100.0,-110.0,44.5,-220.0,197.0,0
2015_09_CLE_CIN,2015,2015-11-05,Thursday,CLE,10.0,CIN,31.0,41.0,-13.0,-120.0,109.0,45.5,-850.0,671.0,1
2015_09_MIA_BUF,2015,2015-11-08,Sunday,MIA,17.0,BUF,33.0,50.0,-4.0,-103.0,-107.0,44.0,-202.0,181.0,1
2015_09_GB_CAR,2015,2015-11-08,Sunday,GB,29.0,CAR,37.0,66.0,2.0,-107.0,-103.0,45.5,109.0,-120.0,0
2015_09_STL_MIN,2015,2015-11-08,Sunday,STL,18.0,MIN,21.0,39.0,-2.0,-103.0,-107.0,40.0,-123.0,111.0,0
2015_09_WAS_NE,2015,2015-11-08,Sunday,WAS,10.0,NE,27.0,37.0,-13.5,-110.0,-100.0,51.5,-1100.0,828.0,0
2015_09_TEN_NO,2015,2015-11-08,Sunday,TEN,34.0,NO,28.0,62.0,-7.0,100.0,-110.0,50.0,-300.0,264.0,0
2015_09_JAX_NYJ,2015,2015-11-08,Sunday,JAX,23.0,NYJ,28.0,51.0,-7.5,-104.0,-106.0,42.0,-335.0,293.0,0
2015_09_OAK_PIT,2015,2015-11-08,Sunday,OAK,35.0,PIT,38.0,73.0,-6.0,-106.0,-104.0,47.5,-260.0,231.0,0
2015_09_ATL_SF,2015,2015-11-08,Sunday,ATL,16.0,SF,17.0,33.0,9.5,-105.0,-105.0,43.5,361.0,-420.0,0
2015_09_NYG_TB,2015,2015-11-08,Sunday,NYG,32.0,TB,18.0,50.0,1.5,-108.0,-102.0,49.0,104.0,-115.0,0
2015_09_DEN_IND,2015,2015-11-08,Sunday,DEN,24.0,IND,27.0,51.0,3.5,-123.0,111.0,45.0,153.0,-170.0,0
2015_09_PHI_DAL,2015,2015-11-08,Sunday,PHI,33.0,DAL,27.0,60.0,3.0,107.0,-118.0,43.5,149.0,-165.0,1
2015_09_CHI_SD,2015,2015-11-09,Monday,CHI,22.0,SD,19.0,41.0,-3.5,-102.0,-108.0,49.0,-179.0,161.0,0
2015_10_BUF_NYJ,2015,2015-11-12,Thursday,BUF,22.0,NYJ,17.0,39.0,-2.5,-101.0,-109.0,41.5,-126.0,114.0,1
2015_10_JAX_BAL,2015,2015-11-15,Sunday,JAX,22.0,BAL,20.0,42.0,-4.0,-105.0,-105.0,47.0,-208.0,186.0,0
2015_10_DET_GB,2015,2015-11-15,Sunday,DET,18.0,GB,16.0,34.0,-10.5,102.0,-113.0,50.0,-590.0,491.0,1
2015_10_MIA_PHI,2015,2015-11-15,Sunday,MIA,20.0,PHI,19.0,39.0,-5.5,-102.0,-108.0,49.0,-230.0,205.0,0
2015_10_CLE_PIT,2015,2015-11-15,Sunday,CLE,9.0,PIT,30.0,39.0,-7.0,-105.0,-105.0,43.5,-308.0,271.0,1
2015_10_CHI_STL,2015,2015-11-15,Sunday,CHI,37.0,STL,13.0,50.0,-7.5,-108.0,-102.0,42.0,-373.0,324.0,0
2015_10_DAL_TB,2015,2015-11-15,Sunday,DAL,6.0,TB,10.0,16.0,1.0,-108.0,-102.0,43.5,-101.0,-109.0,0
2015_10_CAR_TEN,2015,2015-11-15,Sunday,CAR,27.0,TEN,10.0,37.0,3.5,-105.0,-105.0,42.5,175.0,-195.0,0
2015_10_NO_WAS,2015,2015-11-15,Sunday,NO,14.0,WAS,47.0,61.0,1.0,-105.0,-105.0,52.0,102.0,-113.0,0
2015_10_MIN_OAK,2015,2015-11-15,Sunday,MIN,30.0,OAK,14.0,44.0,-3.0,-113.0,102.0,44.0,-164.0,148.0,0
2015_10_KC_DEN,2015,2015-11-15,Sunday,KC,29.0,DEN,13.0,42.0,-4.0,102.0,-113.0,42.0,-202.0,181.0,1
2015_10_NE_NYG,2015,2015-11-15,Sunday,NE,27.0,NYG,26.0,53.0,7.0,-106.0,-104.0,52.5,281.0,-320.0,0
2015_10_ARI_SEA,2015,2015-11-15,Sunday,ARI,39.0,SEA,32.0,71.0,-3.0,102.0,-113.0,43.5,-150.0,136.0,1
2015_10_HOU_CIN,2015,2015-11-16,Monday,HOU,10.0,CIN,6.0,16.0,-10.0,-105.0,-105.0,46.5,-470.0,400.0,0
2015_11_TEN_JAX,2015,2015-11-19,Thursday,TEN,13.0,JAX,19.0,32.0,-3.0,109.0,-120.0,41.5,-140.0,127.0,1
2015_11_IND_ATL,2015,2015-11-22,Sunday,IND,24.0,ATL,21.0,45.0,-3.5,103.0,-114.0,47.5,-180.0,162.0,0
2015_11_STL_BAL,2015,2015-11-22,Sunday,STL,13.0,BAL,16.0,29.0,-3.0,100.0,-110.0,41.0,-149.0,135.0,0
2015_11_WAS_CAR,2015,2015-11-22,Sunday,WAS,16.0,CAR,44.0,60.0,-7.0,-106.0,-104.0,44.0,-315.0,277.0,0
2015_11_DEN_CHI,2015,2015-11-22,Sunday,DEN,17.0,CHI,15.0,32.0,2.5,-108.0,-102.0,41.5,111.0,-123.0,0
2015_11_OAK_DET,2015,2015-11-22,Sunday,OAK,13.0,DET,18.0,31.0,2.0,100.0,-110.0,50.0,115.0,-127.0,0
2015_11_NYJ_HOU,2015,2015-11-22,Sunday,NYJ,17.0,HOU,24.0,41.0,4.0,-107.0,-103.0,40.0,179.0,-199.0,0
2015_11_DAL_MIA,2015,2015-11-22,Sunday,DAL,24.0,MIA,14.0,38.0,2.5,100.0,-110.0,45.0,121.0,-134.0,0
2015_11_TB_PHI,2015,2015-11-22,Sunday,TB,45.0,PHI,17.0,62.0,-7.0,102.0,-113.0,46.0,-307.0,270.0,0
2015_11_KC_SD,2015,2015-11-22,Sunday,KC,33.0,SD,3.0,36.0,3.0,107.0,-118.0,45.5,152.0,-168.0,1
2015_11_GB_MIN,2015,2015-11-22,Sunday,GB,30.0,MIN,13.0,43.0,1.0,-105.0,-105.0,45.0,102.0,-113.0,1
2015_11_SF_SEA,2015,2015-11-22,Sunday,SF,13.0,SEA,29.0,42.0,-14.0,-102.0,-108.0,40.0,-1065.0,807.0,1
2015_11_CIN_ARI,2015,2015-11-22,Sunday,CIN,31.0,ARI,34.0,65.0,-4.0,102.0,-113.0,48.0,-199.0,179.0,0
2015_11_BUF_NE,2015,2015-11-23,Monday,BUF,13.0,NE,20.0,33.0,-7.0,-102.0,-108.0,47.5,-345.0,301.0,1
2015_12_PHI_DET,2015,2015-11-26,Thursday,PHI,14.0,DET,45.0,59.0,-3.0,-101.0,-109.0,46.5,-150.0,136.0,0
2015_12_CAR_DAL,2015,2015-11-26,Thursday,CAR,33.0,DAL,14.0,47.0,1.0,-105.0,-105.0,44.5,102.0,-113.0,0
2015_12_CHI_GB,2015,2015-11-26,Thursday,CHI,17.0,GB,13.0,30.0,-7.5,-110.0,100.0,45.0,-410.0,354.0,1
2015_12_MIN_ATL,2015,2015-11-29,Sunday,MIN,20.0,ATL,10.0,30.0,-2.0,-110.0,100.0,45.0,-128.0,116.0,0
2015_12_STL_CIN,2015,2015-11-29,Sunday,STL,7.0,CIN,31.0,38.0,-10.5,113.0,-125.0,42.0,-420.0,361.0,0
2015_12_NO_HOU,2015,2015-11-29,Sunday,NO,6.0,HOU,24.0,30.0,-3.5,-112.0,102.0,50.5,-198.0,178.0,0
2015_12_TB_IND,2015,2015-11-29,Sunday,TB,12.0,IND,25.0,37.0,-3.0,115.0,-127.0,46.5,-133.0,120.0,0
2015_12_SD_JAX,2015,2015-11-29,Sunday,SD,31.0,JAX,25.0,56.0,-5.0,-116.0,105.0,47.0,-242.0,216.0,0
2015_12_BUF_KC,2015,2015-11-29,Sunday,BUF,22.0,KC,30.0,52.0,-4.5,-110.0,100.0,41.0,-218.0,195.0,0
2015_12_MIA_NYJ,2015,2015-11-29,Sunday,MIA,20.0,NYJ,38.0,58.0,-4.5,-110.0,100.0,44.0,-213.0,191.0,1
2015_12_OAK_TEN,2015,2015-11-29,Sunday,OAK,24.0,TEN,21.0,45.0,1.0,-103.0,-107.0,45.0,103.0,-114.0,0
2015_12_NYG_WAS,2015,2015-11-29,Sunday,NYG,14.0,WAS,20.0,34.0,1.0,-109.0,-101.0,47.5,-101.0,-109.0,1
2015_12_ARI_SF,2015,2015-11-29,Sunday,ARI,19.0,SF,13.0,32.0,7.5,-104.0,-106.0,45.0,318.0,-365.0,1
2015_12_PIT_SEA,2015,2015-11-29,Sunday,PIT,30.0,SEA,39.0,69.0,-3.0,113.0,-125.0,46.5,-139.0,126.0,0
2015_12_NE_DEN,2015,2015-11-29,Sunday,NE,24.0,DEN,30.0,54.0,2.5,-107.0,-103.0,43.0,120.0,-133.0,0
2015_12_BAL_CLE,2015,2015-11-30,Monday,BAL,33.0,CLE,27.0,60.0,-6.0,-111.0,101.0,41.0,-260.0,231.0,1
2015_13_GB_DET,2015,2015-12-03,Thursday,GB,27.0,DET,23.0,50.0,2.5,-115.0,104.0,46.0,110.0,-121.0,1
2015_13_HOU_BUF,2015,2015-12-06,Sunday,HOU,21.0,BUF,30.0,51.0,-3.0,106.0,-117.0,42.0,-143.0,129.0,0
2015_13_SF_CHI,2015,2015-12-06,Sunday,SF,26.0,CHI,20.0,46.0,-6.0,-105.0,-105.0,43.0,-250.0,222.0,0
2015_13_CIN_CLE,2015,2015-12-06,Sunday,CIN,37.0,CLE,3.0,40.0,7.5,-115.0,104.0,44.0,281.0,-320.0,1
2015_13_BAL_MIA,2015,2015-12-06,Sunday,BAL,13.0,MIA,15.0,28.0,-3.5,108.0,-119.0,43.0,-173.0,156.0,0
2015_13_SEA_MIN,2015,2015-12-06,Sunday,SEA,38.0,MIN,7.0,45.0,2.5,109.0,-120.0,43.0,131.0,-145.0,0
2015_13_NYJ_NYG,2015,2015-12-06,Sunday,NYJ,23.0,NYG,20.0,43.0,2.0,-105.0,-105.0,45.5,111.0,-123.0,0
2015_13_ARI_STL,2015,2015-12-06,Sunday,ARI,27.0,STL,3.0,30.0,3.5,-110.0,100.0,43.0,162.0,-180.0,1
2015_13_ATL_TB,2015,2015-12-06,Sunday,ATL,19.0,TB,23.0,42.0,-1.0,-109.0,-101.0,46.5,-115.0,104.0,1
2015_13_JAX_TEN,2015,2015-12-06,Sunday,JAX,39.0,TEN,42.0,81.0,-3.0,111.0,-123.0,43.5,-139.0,126.0,1
2015_13_KC_OAK,2015,2015-12-06,Sunday,KC,34.0,OAK,20.0,54.0,3.0,-104.0,-106.0,45.5,141.0,-156.0,1
2015_13_DEN_SD,2015,2015-12-06,Sunday,DEN,17.0,SD,3.0,20.0,6.0,-113.0,102.0,45.0,205.0,-230.0,1
2015_13_PHI_NE,2015,2015-12-06,Sunday,PHI,35.0,NE,28.0,63.0,-9.5,-107.0,-103.0,49.5,-420.0,361.0,0
2015_13_CAR_NO,2015,2015-12-06,Sunday,CAR,41.0,NO,38.0,79.0,5.5,-110.0,100.0,50.5,201.0,-225.0,1
2015_13_IND_PIT,2015,2015-12-06,Sunday,IND,10.0,PIT,45.0,55.0,-10.0,-108.0,-102.0,50.5,-450.0,385.0,0
2015_13_DAL_WAS,2015,2015-12-07,Monday,DAL,19.0,WAS,16.0,35.0,-2.0,100.0,-110.0,43.0,-119.0,108.0,1
2015_14_MIN_ARI,2015,2015-12-10,Thursday,MIN,20.0,ARI,23.0,43.0,-10.0,-105.0,-105.0,46.5,-450.0,385.0,0
2015_14_SEA_BAL,2015,2015-12-13,Sunday,SEA,35.0,BAL,6.0,41.0,10.5,-118.0,107.0,42.0,369.0,-430.0,0
2015_14_ATL_CAR,2015,2015-12-13,Sunday,ATL,0.0,CAR,38.0,38.0,-8.5,-109.0,-101.0,45.5,-370.0,322.0,1
2015_14_WAS_CHI,2015,2015-12-13,Sunday,WAS,24.0,CHI,21.0,45.0,-4.0,-109.0,-101.0,42.5,-208.0,186.0,0
2015_14_PIT_CIN,2015,2015-12-13,Sunday,PIT,33.0,CIN,20.0,53.0,-1.0,100.0,-110.0,49.0,-107.0,-103.0,1
2015_14_SF_CLE,2015,2015-12-13,Sunday,SF,10.0,CLE,24.0,34.0,-2.5,-107.0,-103.0,43.0,-131.0,119.0,0
2015_14_IND_JAX,2015,2015-12-13,Sunday,IND,16.0,JAX,51.0,67.0,-1.0,-106.0,-104.0,45.5,-113.0,102.0,1
2015_14_SD_KC,2015,2015-12-13,Sunday,SD,3.0,KC,10.0,13.0,-11.5,-111.0,101.0,42.0,-580.0,483.0,1
2015_14_TEN_NYJ,2015,2015-12-13,Sunday,TEN,8.0,NYJ,30.0,38.0,-8.0,102.0,-113.0,43.0,-340.0,297.0,0
2015_14_BUF_PHI,2015,2015-12-13,Sunday,BUF,20.0,PHI,23.0,43.0,-1.0,-107.0,-103.0,48.0,-113.0,102.0,0
2015_14_DET_STL,2015,2015-12-13,Sunday,DET,14.0,STL,21.0,35.0,3.0,-105.0,-105.0,41.5,140.0,-155.0,0
2015_14_NO_TB,2015,2015-12-13,Sunday,NO,24.0,TB,17.0,41.0,-6.0,-108.0,-102.0,52.0,-247.0,220.0,1
2015_14_OAK_DEN,2015,2015-12-13,Sunday,OAK,15.0,DEN,12.0,27.0,-6.0,-108.0,-102.0,43.0,-265.0,235.0,1
2015_14_DAL_GB,2015,2015-12-13,Sunday,DAL,7.0,GB,28.0,35.0,-6.0,-110.0,100.0,43.0,-272.0,241.0,0
2015_14_NE_HOU,2015,2015-12-13,Sunday,NE,27.0,HOU,6.0,33.0,4.0,-106.0,-104.0,46.0,181.0,-202.0,0
2015_14_NYG_MIA,2015,2015-12-14,Monday,NYG,31.0,MIA,24.0,55.0,2.5,-109.0,-101.0,47.5,111.0,-123.0,0
2015_15_TB_STL,2015,2015-12-17,Thursday,TB,23.0,STL,31.0,54.0,-1.0,102.0,-113.0,41.0,-105.0,-105.0,0
2015_15_NYJ_DAL,2015,2015-12-19,Saturday,NYJ,19.0,DAL,16.0,35.0,3.0,-107.0,-103.0,41.0,137.0,-152.0,0
2015_15_KC_BAL,2015,2015-12-20,Sunday,KC,34.0,BAL,14.0,48.0,6.5,-105.0,-105.0,41.0,231.0,-260.0,0
2015_15_HOU_IND,2015,2015-12-20,Sunday,HOU,16.0,IND,10.0,26.0,-2.5,-105.0,-105.0,42.0,-133.0,120.0,1
2015_15_ATL_JAX,2015,2015-12-20,Sunday,ATL,23.0,JAX,17.0,40.0,-2.0,-107.0,-103.0,47.5,-125.0,113.0,0
2015_15_CHI_MIN,2015,2015-12-20,Sunday,CHI,17.0,MIN,38.0,55.0,-4.0,-105.0,-105.0,43.5,-196.0,176.0,1
2015_15_TEN_NE,2015,2015-12-20,Sunday,TEN,16.0,NE,33.0,49.0,-14.5,106.0,-117.0,48.0,-1000.0,767.0,0
2015_15_CAR_NYG,2015,2015-12-20,Sunday,CAR,38.0,NYG,35.0,73.0,4.5,-101.0,-109.0,46.5,186.0,-208.0,0
2015_15_BUF_WAS,2015,2015-12-20,Sunday,BUF,25.0,WAS,35.0,60.0,2.5,-113.0,102.0,46.0,111.0,-123.0,0
2015_15_GB_OAK,2015,2015-12-20,Sunday,GB,30.0,OAK,20.0,50.0,4.0,-104.0,-106.0,47.0,181.0,-202.0,0
2015_15_CLE_SEA,2015,2015-12-20,Sunday,CLE,13.0,SEA,30.0,43.0,-14.5,-105.0,-105.0,45.0,-1000.0,767.0,0
2015_15_DEN_PIT,2015,2015-12-20,Sunday,DEN,27.0,PIT,34.0,61.0,-7.5,-107.0,-103.0,45.5,-345.0,301.0,0
2015_15_MIA_SD,2015,2015-12-20,Sunday,MIA,14.0,SD,30.0,44.0,-1.0,103.0,-114.0,46.5,-105.0,-105.0,0
2015_15_CIN_SF,2015,2015-12-20,Sunday,CIN,24.0,SF,14.0,38.0,7.0,-114.0,103.0,41.0,262.0,-297.0,0
2015_15_ARI_PHI,2015,2015-12-20,Sunday,ARI,40.0,PHI,17.0,57.0,3.5,-115.0,104.0,50.5,156.0,-173.0,0
2015_15_DET_NO,2015,2015-12-21,Monday,DET,35.0,NO,27.0,62.0,-2.5,100.0,-110.0,52.0,-124.0,112.0,0
2015_16_SD_OAK,2015,2015-12-24,Thursday,SD,20.0,OAK,23.0,43.0,-4.0,-105.0,-105.0,45.0,-202.0,181.0,1
2015_16_WAS_PHI,2015,2015-12-26,Saturday,WAS,38.0,PHI,24.0,62.0,-3.5,-109.0,-101.0,48.0,-190.0,171.0,1
2015_16_CAR_ATL,2015,2015-12-27,Sunday,CAR,13.0,ATL,20.0,33.0,7.0,-113.0,102.0,45.5,239.0,-270.0,1
2015_16_PIT_BAL,2015,2015-12-27,Sunday,PIT,17.0,BAL,20.0,37.0,11.0,-101.0,-109.0,47.5,461.0,-550.0,1
2015_16_DAL_BUF,2015,2015-12-27,Sunday,DAL,6.0,BUF,16.0,22.0,-6.5,-103.0,-107.0,42.0,-260.0,231.0,0
2015_16_SF_DET,2015,2015-12-27,Sunday,SF,17.0,DET,32.0,49.0,-8.5,-115.0,104.0,42.5,-400.0,346.0,0
2015_16_CLE_KC,2015,2015-12-27,Sunday,CLE,13.0,KC,17.0,30.0,-11.5,-107.0,-103.0,42.5,-550.0,461.0,0
2015_16_IND_MIA,2015,2015-12-27,Sunday,IND,18.0,MIA,12.0,30.0,-2.5,-111.0,101.0,44.0,-133.0,120.0,0
2015_16_NE_NYJ,2015,2015-12-27,Sunday,NE,20.0,NYJ,26.0,46.0,2.5,100.0,-110.0,45.5,121.0,-134.0,1
2015_16_CHI_TB,2015,2015-12-27,Sunday,CHI,26.0,TB,21.0,47.0,-3.0,-123.0,111.0,44.0,-179.0,161.0,0
2015_16_HOU_TEN,2015,2015-12-27,Sunday,HOU,34.0,TEN,6.0,40.0,3.5,-123.0,111.0,39.0,153.0,-170.0,1
2015_16_JAX_NO,2015,2015-12-27,Sunday,JAX,27.0,NO,38.0,65.0,-2.5,-107.0,-103.0,52.5,-130.0,118.0,0
2015_16_GB_ARI,2015,2015-12-27,Sunday,GB,8.0,ARI,38.0,46.0,-6.0,-108.0,-102.0,50.0,-248.0,221.0,0
2015_16_STL_SEA,2015,2015-12-27,Sunday,STL,23.0,SEA,17.0,40.0,-11.0,100.0,-110.0,42.0,-575.0,480.0,1
2015_16_NYG_MIN,2015,2015-12-27,Sunday,NYG,17.0,MIN,49.0,66.0,-7.0,100.0,-110.0,44.5,-305.0,269.0,0
2015_16_CIN_DEN,2015,2015-12-28,Monday,CIN,17.0,DEN,20.0,37.0,-3.5,-102.0,-108.0,39.0,-185.0,166.0,0
2015_17_NO_ATL,2015,2016-01-03,Sunday,NO,20.0,ATL,17.0,37.0,-6.0,-104.0,-106.0,53.5,-248.0,221.0,1
2015_17_NYJ_BUF,2015,2016-01-03,Sunday,NYJ,17.0,BUF,22.0,39.0,2.5,108.0,-119.0,41.0,131.0,-145.0,1
2015_17_DET_CHI,2015,2016-01-03,Sunday,DET,24.0,CHI,20.0,44.0,2.5,-107.0,-103.0,45.0,112.0,-124.0,1
2015_17_BAL_CIN,2015,2016-01-03,Sunday,BAL,16.0,CIN,24.0,40.0,-10.0,111.0,-123.0,40.5,-380.0,330.0,1
2015_17_PIT_CLE,2015,2016-01-03,Sunday,PIT,28.0,CLE,12.0,40.0,13.0,-114.0,103.0,47.0,498.0,-600.0,1
2015_17_WAS_DAL,2015,2016-01-03,Sunday,WAS,34.0,DAL,23.0,57.0,-3.0,-122.0,111.0,41.0,-167.0,151.0,1
2015_17_JAX_HOU,2015,2016-01-03,Sunday,JAX,6.0,HOU,30.0,36.0,-5.0,-108.0,-102.0,45.0,-220.0,197.0,1
2015_17_TEN_IND,2015,2016-01-03,Sunday,TEN,24.0,IND,30.0,54.0,-3.5,-105.0,-105.0,39.0,-185.0,166.0,1
2015_17_NE_MIA,2015,2016-01-03,Sunday,NE,10.0,MIA,20.0,30.0,10.0,-115.0,104.0,46.5,330.0,-380.0,1
2015_17_PHI_NYG,2015,2016-01-03,Sunday,PHI,35.0,NYG,30.0,65.0,-4.0,-110.0,100.0,51.0,-202.0,181.0,1
2015_17_SEA_ARI,2015,2016-01-03,Sunday,SEA,36.0,ARI,6.0,42.0,-6.0,-101.0,-109.0,46.5,-234.0,209.0,1
2015_17_TB_CAR,2015,2016-01-03,Sunday,TB,10.0,CAR,38.0,48.0,-10.0,107.0,-118.0,44.0,-402.0,347.0,1
2015_17_SD_DEN,2015,2016-01-03,Sunday,SD,20.0,DEN,27.0,47.0,-10.0,-113.0,102.0,42.0,-460.0,393.0,1
2015_17_OAK_KC,2015,2016-01-03,Sunday,OAK,17.0,KC,23.0,40.0,-6.5,-106.0,-104.0,43.5,-290.0,256.0,1
2015_17_STL_SF,2015,2016-01-03,Sunday,STL,16.0,SF,19.0,35.0,3.0,104.0,-115.0,39.0,146.0,-162.0,1
2015_17_MIN_GB,2015,2016-01-03,Sunday,MIN,20.0,GB,13.0,33.0,-3.0,104.0,-115.0,44.0,-147.0,133.0,1
2015_18_KC_HOU,2015,2016-01-09,Saturday,KC,30.0,HOU,0.0,30.0,3.0,-120.0,109.0,39.5,129.0,-143.0,0
2015_18_PIT_CIN,2015,2016-01-09,Saturday,PIT,18.0,CIN,16.0,34.0,2.0,-110.0,100.0,46.0,108.0,-119.0,1
2015_18_SEA_MIN,2015,2016-01-10,Sunday,SEA,10.0,MIN,9.0,19.0,4.0,102.0,-113.0,40.0,192.0,-214.0,0
2015_18_GB_WAS,2015,2016-01-10,Sunday,GB,35.0,WAS,18.0,53.0,-2.0,-106.0,-104.0,47.0,-126.0,114.0,0
2015_19_KC_NE,2015,2016-01-16,Saturday,KC,20.0,NE,27.0,47.0,-6.0,-105.0,-105.0,44.0,-260.0,231.0,0
2015_19_GB_ARI,2015,2016-01-16,Saturday,GB,20.0,ARI,26.0,46.0,-7.0,105.0,-116.0,49.0,-275.0,244.0,0
2015_19_SEA_CAR,2015,2016-01-17,Sunday,SEA,24.0,CAR,31.0,55.0,-2.5,-119.0,108.0,41.5,-145.0,131.0,0
2015_19_PIT_DEN,2015,2016-01-17,Sunday,PIT,16.0,DEN,23.0,39.0,-7.0,-104.0,-106.0,41.5,-290.0,256.0,0
2015_20_NE_DEN,2015,2016-01-24,Sunday,NE,18.0,DEN,20.0,38.0,2.5,-105.0,-105.0,45.0,116.0,-128.0,0
2015_20_ARI_CAR,2015,2016-01-24,Sunday,ARI,15.0,CAR,49.0,64.0,-3.5,-115.0,-105.0,47.0,-174.0,154.0,0
2015_21_CAR_DEN,2015,2016-02-07,Sunday,CAR,10.0,DEN,24.0,34.0,4.5,100.0,-110.0,43.0,187.0,-209.0,0
2016_01_CAR_DEN,2016,2016-09-08,Thursday,CAR,20.0,DEN,21.0,41.0,3.0,-111.0,101.0,40.5,136.0,-150.0,0
2016_01_TB_ATL,2016,2016-09-11,Sunday,TB,31.0,ATL,24.0,55.0,-2.5,-108.0,-102.0,46.5,-133.0,120.0,1
2016_01_BUF_BAL,2016,2016-09-11,Sunday,BUF,7.0,BAL,13.0,20.0,-3.0,-116.0,105.0,44.5,-167.0,151.0,0
2016_01_CHI_HOU,2016,2016-09-11,Sunday,CHI,14.0,HOU,23.0,37.0,-5.5,-103.0,-107.0,43.0,-235.0,210.0,0
2016_01_GB_JAX,2016,2016-09-11,Sunday,GB,27.0,JAX,23.0,50.0,3.5,-110.0,-100.0,47.0,161.0,-179.0,0
2016_01_SD_KC,2016,2016-09-11,Sunday,SD,27.0,KC,33.0,60.0,-6.5,-105.0,-105.0,45.5,-275.0,244.0,1
2016_01_OAK_NO,2016,2016-09-11,Sunday,OAK,35.0,NO,34.0,69.0,-2.5,-123.0,111.0,50.0,-147.0,133.0,0
2016_01_CIN_NYJ,2016,2016-09-11,Sunday,CIN,23.0,NYJ,22.0,45.0,-1.0,-110.0,-100.0,42.0,-117.0,106.0,0
2016_01_CLE_PHI,2016,2016-09-11,Sunday,CLE,10.0,PHI,29.0,39.0,-3.5,-105.0,-105.0,41.0,-180.0,162.0,0
2016_01_MIN_TEN,2016,2016-09-11,Sunday,MIN,25.0,TEN,16.0,41.0,2.5,-110.0,-100.0,40.0,115.0,-127.0,0
2016_01_MIA_SEA,2016,2016-09-11,Sunday,MIA,10.0,SEA,12.0,22.0,-10.5,-100.0,-110.0,43.5,-500.0,423.0,0
2016_01_NYG_DAL,2016,2016-09-11,Sunday,NYG,20.0,DAL,19.0,39.0,-1.0,-105.0,-105.0,47.5,-113.0,102.0,1
2016_01_DET_IND,2016,2016-09-11,Sunday,DET,39.0,IND,35.0,74.0,-2.5,-118.0,107.0,51.5,-145.0,131.0,0
2016_01_NE_ARI,2016,2016-09-11,Sunday,NE,23.0,ARI,21.0,44.0,-9.0,-107.0,-103.0,44.5,-380.0,330.0,0
2016_01_PIT_WAS,2016,2016-09-12,Monday,PIT,38.0,WAS,16.0,54.0,2.5,-100.0,-110.0,49.0,121.0,-134.0,0
2016_01_LA_SF,2016,2016-09-12,Monday,LA,0.0,SF,28.0,28.0,2.5,-107.0,-103.0,44.0,114.0,-126.0,1
2016_02_NYJ_BUF,2016,2016-09-15,Thursday,NYJ,37.0,BUF,31.0,68.0,-1.5,-110.0,-100.0,40.5,-125.0,113.0,1
2016_02_TB_ARI,2016,2016-09-18,Sunday,TB,7.0,ARI,40.0,47.0,-7.5,108.0,-119.0,49.5,-330.0,289.0,0
2016_02_SF_CAR,2016,2016-09-18,Sunday,SF,27.0,CAR,46.0,73.0,-12.0,-101.0,-109.0,44.5,-550.0,447.0,0
2016_02_BAL_CLE,2016,2016-09-18,Sunday,BAL,25.0,CLE,20.0,45.0,4.0,-113.0,102.0,42.0,171.0,-190.0,1
2016_02_TEN_DET,2016,2016-09-18,Sunday,TEN,16.0,DET,15.0,31.0,-6.0,-108.0,-102.0,48.0,-260.0,231.0,0
2016_02_KC_HOU,2016,2016-09-18,Sunday,KC,12.0,HOU,19.0,31.0,1.0,-110.0,-100.0,41.5,-103.0,-107.0,0
2016_02_MIA_NE,2016,2016-09-18,Sunday,MIA,24.0,NE,31.0,55.0,-5.5,-102.0,-108.0,42.0,-230.0,205.0,1
2016_02_NO_NYG,2016,2016-09-18,Sunday,NO,13.0,NYG,16.0,29.0,-3.5,-109.0,-101.0,54.0,-190.0,171.0,0
2016_02_CIN_PIT,2016,2016-09-18,Sunday,CIN,16.0,PIT,24.0,40.0,-3.0,-107.0,-103.0,48.0,-162.0,146.0,1
2016_02_DAL_WAS,2016,2016-09-18,Sunday,DAL,27.0,WAS,23.0,50.0,-3.5,-102.0,-108.0,47.0,-185.0,166.0,1
2016_02_SEA_LA,2016,2016-09-18,Sunday,SEA,3.0,LA,9.0,12.0,5.5,-107.0,-103.0,38.0,210.0,-235.0,1
2016_02_IND_DEN,2016,2016-09-18,Sunday,IND,20.0,DEN,34.0,54.0,-5.0,-105.0,-105.0,47.0,-224.0,200.0,0
2016_02_ATL_OAK,2016,2016-09-18,Sunday,ATL,35.0,OAK,28.0,63.0,-4.0,-106.0,-104.0,47.5,-195.0,175.0,0
2016_02_JAX_SD,2016,2016-09-18,Sunday,JAX,14.0,SD,38.0,52.0,-3.0,104.0,-115.0,47.5,-145.0,131.0,0
2016_02_GB_MIN,2016,2016-09-18,Sunday,GB,14.0,MIN,17.0,31.0,1.5,-103.0,-107.0,43.0,108.0,-119.0,1
2016_02_PHI_CHI,2016,2016-09-19,Monday,PHI,29.0,CHI,14.0,43.0,-3.0,-110.0,-100.0,42.5,-160.0,144.0,0
2016_03_HOU_NE,2016,2016-09-22,Thursday,HOU,0.0,NE,27.0,27.0,-1.0,-111.0,101.0,38.5,-117.0,106.0,0
2016_03_ARI_BUF,2016,2016-09-25,Sunday,ARI,18.0,BUF,33.0,51.0,5.0,-106.0,-104.0,48.0,195.0,-218.0,0
2016_03_MIN_CAR,2016,2016-09-25,Sunday,MIN,22.0,CAR,10.0,32.0,-6.0,-102.0,-108.0,43.0,-260.0,231.0,0
2016_03_DEN_CIN,2016,2016-09-25,Sunday,DEN,29.0,CIN,17.0,46.0,-3.5,-101.0,-109.0,42.0,-183.0,165.0,0
2016_03_DET_GB,2016,2016-09-25,Sunday,DET,27.0,GB,34.0,61.0,-6.0,-108.0,-102.0,47.5,-260.0,231.0,1
2016_03_BAL_JAX,2016,2016-09-25,Sunday,BAL,19.0,JAX,17.0,36.0,1.0,-101.0,-109.0,45.0,104.0,-115.0,0
2016_03_CLE_MIA,2016,2016-09-25,Sunday,CLE,24.0,MIA,30.0,54.0,-10.0,-105.0,-105.0,42.0,-420.0,361.0,0
2016_03_WAS_NYG,2016,2016-09-25,Sunday,WAS,29.0,NYG,27.0,56.0,-3.5,102.0,-113.0,47.0,-174.0,157.0,1
2016_03_OAK_TEN,2016,2016-09-25,Sunday,OAK,17.0,TEN,10.0,27.0,1.5,-103.0,-107.0,47.0,109.0,-120.0,0
2016_03_SF_SEA,2016,2016-09-25,Sunday,SF,18.0,SEA,37.0,55.0,-10.5,-101.0,-109.0,42.0,-458.0,391.0,1
2016_03_LA_TB,2016,2016-09-25,Sunday,LA,37.0,TB,32.0,69.0,-3.5,-107.0,-103.0,40.5,-173.0,156.0,0
2016_03_SD_IND,2016,2016-09-25,Sunday,SD,22.0,IND,26.0,48.0,-1.5,-113.0,102.0,51.5,-127.0,115.0,0
2016_03_NYJ_KC,2016,2016-09-25,Sunday,NYJ,3.0,KC,24.0,27.0,-3.0,-117.0,106.0,44.5,-166.0,150.0,0
2016_03_PIT_PHI,2016,2016-09-25,Sunday,PIT,3.0,PHI,34.0,37.0,3.5,-105.0,-105.0,46.5,171.0,-190.0,0
2016_03_CHI_DAL,2016,2016-09-25,Sunday,CHI,17.0,DAL,31.0,48.0,-6.5,-103.0,-107.0,45.0,-260.0,231.0,0
2016_03_ATL_NO,2016,2016-09-26,Monday,ATL,45.0,NO,32.0,77.0,-2.5,-127.0,115.0,54.0,-157.0,142.0,1
2016_04_MIA_CIN,2016,2016-09-29,Thursday,MIA,7.0,CIN,22.0,29.0,-7.5,102.0,-113.0,46.0,-340.0,297.0,0
2016_04_IND_JAX,2016,2016-10-02,Sunday,IND,27.0,JAX,30.0,57.0,-1.0,102.0,-113.0,48.0,-106.0,-104.0,1
2016_04_CAR_ATL,2016,2016-10-02,Sunday,CAR,33.0,ATL,48.0,81.0,2.5,103.0,-114.0,48.5,125.0,-138.0,1
2016_04_OAK_BAL,2016,2016-10-02,Sunday,OAK,28.0,BAL,27.0,55.0,-3.5,-100.0,-110.0,45.0,-185.0,166.0,0
2016_04_DET_CHI,2016,2016-10-02,Sunday,DET,14.0,CHI,17.0,31.0,3.0,112.0,-124.0,48.0,159.0,-177.0,1
2016_04_TEN_HOU,2016,2016-10-02,Sunday,TEN,20.0,HOU,27.0,47.0,-4.0,-105.0,-105.0,40.0,-196.0,176.0,1
2016_04_BUF_NE,2016,2016-10-02,Sunday,BUF,16.0,NE,0.0,16.0,-3.5,104.0,-115.0,41.0,-170.0,153.0,1
2016_04_SEA_NYJ,2016,2016-10-02,Sunday,SEA,27.0,NYJ,17.0,44.0,1.0,-105.0,-105.0,40.0,102.0,-113.0,0
2016_04_CLE_WAS,2016,2016-10-02,Sunday,CLE,20.0,WAS,31.0,51.0,-7.5,-110.0,-100.0,48.0,-340.0,297.0,0
2016_04_DEN_TB,2016,2016-10-02,Sunday,DEN,27.0,TB,7.0,34.0,3.5,-113.0,102.0,43.0,156.0,-173.0,0
2016_04_LA_ARI,2016,2016-10-02,Sunday,LA,17.0,ARI,13.0,30.0,-10.0,103.0,-114.0,43.5,-414.0,357.0,1
2016_04_NO_SD,2016,2016-10-02,Sunday,NO,35.0,SD,34.0,69.0,-4.0,-108.0,-102.0,54.0,-196.0,176.0,0
2016_04_DAL_SF,2016,2016-10-02,Sunday,DAL,24.0,SF,17.0,41.0,1.0,105.0,-116.0,44.0,111.0,-123.0,0
2016_04_KC_PIT,2016,2016-10-02,Sunday,KC,14.0,PIT,43.0,57.0,-3.0,-123.0,111.0,48.0,-177.0,159.0,0
2016_04_NYG_MIN,2016,2016-10-03,Monday,NYG,10.0,MIN,24.0,34.0,-3.5,-113.0,102.0,42.5,-195.0,175.0,0
2016_05_ARI_SF,2016,2016-10-06,Thursday,ARI,33.0,SF,21.0,54.0,3.5,-104.0,-106.0,42.5,169.0,-188.0,1
2016_05_WAS_BAL,2016,2016-10-09,Sunday,WAS,16.0,BAL,10.0,26.0,-4.0,-102.0,-108.0,44.5,-195.0,175.0,0
2016_05_NE_CLE,2016,2016-10-09,Sunday,NE,33.0,CLE,13.0,46.0,10.0,-110.0,-100.0,47.5,385.0,-450.0,0
2016_05_PHI_DET,2016,2016-10-09,Sunday,PHI,23.0,DET,24.0,47.0,3.5,-108.0,-102.0,46.0,166.0,-185.0,0
2016_05_CHI_IND,2016,2016-10-09,Sunday,CHI,23.0,IND,29.0,52.0,-4.0,-105.0,-105.0,47.5,-202.0,181.0,0
2016_05_TEN_MIA,2016,2016-10-09,Sunday,TEN,30.0,MIA,17.0,47.0,-2.5,-108.0,-102.0,44.5,-134.0,121.0,0
2016_05_HOU_MIN,2016,2016-10-09,Sunday,HOU,13.0,MIN,31.0,44.0,-6.0,-105.0,-105.0,39.0,-250.0,222.0,0
2016_05_NYJ_PIT,2016,2016-10-09,Sunday,NYJ,13.0,PIT,31.0,44.0,-10.0,111.0,-123.0,50.0,-390.0,338.0,0
2016_05_ATL_DEN,2016,2016-10-09,Sunday,ATL,23.0,DEN,16.0,39.0,-3.5,-113.0,102.0,44.5,-195.0,175.0,0
2016_05_CIN_DAL,2016,2016-10-09,Sunday,CIN,14.0,DAL,28.0,42.0,2.5,-106.0,-104.0,46.0,115.0,-127.0,0
2016_05_BUF_LA,2016,2016-10-09,Sunday,BUF,30.0,LA,19.0,49.0,2.5,-105.0,-105.0,41.5,116.0,-128.0,0
2016_05_SD_OAK,2016,2016-10-09,Sunday,SD,31.0,OAK,34.0,65.0,-3.5,-109.0,-101.0,50.5,-185.0,166.0,1
2016_05_NYG_GB,2016,2016-10-09,Sunday,NYG,16.0,GB,23.0,39.0,-7.0,-100.0,-110.0,49.0,-308.0,271.0,0
2016_05_TB_CAR,2016,2016-10-10,Monday,TB,17.0,CAR,14.0,31.0,-6.0,-103.0,-107.0,46.5,-244.0,217.0,1
2016_06_DEN_SD,2016,2016-10-13,Thursday,DEN,13.0,SD,21.0,34.0,3.0,-110.0,-100.0,44.0,136.0,-150.0,1
2016_06_SF_BUF,2016,2016-10-16,Sunday,SF,16.0,BUF,45.0,61.0,-7.5,102.0,-113.0,44.0,-305.0,269.0,0
2016_06_JAX_CHI,2016,2016-10-16,Sunday,JAX,17.0,CHI,16.0,33.0,-2.5,-117.0,106.0,46.0,-139.0,126.0,0
2016_06_LA_DET,2016,2016-10-16,Sunday,LA,28.0,DET,31.0,59.0,-2.5,-123.0,111.0,44.0,-145.0,131.0,0
2016_06_PIT_MIA,2016,2016-10-16,Sunday,PIT,15.0,MIA,30.0,45.0,7.5,-117.0,106.0,49.5,269.0,-305.0,0
2016_06_CIN_NE,2016,2016-10-16,Sunday,CIN,17.0,NE,35.0,52.0,-7.5,106.0,-117.0,48.5,-335.0,293.0,0
2016_06_CAR_NO,2016,2016-10-16,Sunday,CAR,38.0,NO,41.0,79.0,2.5,106.0,-117.0,53.5,126.0,-139.0,1
2016_06_BAL_NYG,2016,2016-10-16,Sunday,BAL,23.0,NYG,27.0,50.0,-3.5,-113.0,102.0,42.5,-190.0,171.0,0
2016_06_CLE_TEN,2016,2016-10-16,Sunday,CLE,26.0,TEN,28.0,54.0,-7.5,-102.0,-108.0,45.0,-325.0,285.0,0
2016_06_PHI_WAS,2016,2016-10-16,Sunday,PHI,20.0,WAS,27.0,47.0,3.0,-109.0,-101.0,45.0,136.0,-150.0,1
2016_06_KC_OAK,2016,2016-10-16,Sunday,KC,26.0,OAK,10.0,36.0,1.0,104.0,-115.0,46.5,111.0,-123.0,1
2016_06_DAL_GB,2016,2016-10-16,Sunday,DAL,30.0,GB,16.0,46.0,-5.0,-108.0,-102.0,47.0,-237.0,211.0,0
2016_06_ATL_SEA,2016,2016-10-16,Sunday,ATL,24.0,SEA,26.0,50.0,-7.0,-103.0,-107.0,45.5,-302.0,266.0,0
2016_06_IND_HOU,2016,2016-10-16,Sunday,IND,23.0,HOU,26.0,49.0,-3.0,-110.0,-100.0,47.5,-160.0,144.0,1
2016_06_NYJ_ARI,2016,2016-10-17,Monday,NYJ,3.0,ARI,28.0,31.0,-7.5,-108.0,-102.0,46.0,-350.0,305.0,0
2016_07_CHI_GB,2016,2016-10-20,Thursday,CHI,10.0,GB,26.0,36.0,-7.5,106.0,-117.0,46.5,-335.0,293.0,1
2016_07_NYG_LA,2016,2016-10-23,Sunday,NYG,17.0,LA,10.0,27.0,3.0,-115.0,104.0,44.5,131.0,-145.0,0
2016_07_CLE_CIN,2016,2016-10-23,Sunday,CLE,17.0,CIN,31.0,48.0,-11.5,-105.0,-105.0,46.5,-575.0,480.0,1
2016_07_WAS_DET,2016,2016-10-23,Sunday,WAS,17.0,DET,20.0,37.0,1.0,-111.0,101.0,50.0,-105.0,-105.0,0
2016_07_OAK_JAX,2016,2016-10-23,Sunday,OAK,33.0,JAX,16.0,49.0,-1.5,-110.0,-100.0,47.5,-123.0,111.0,0
2016_07_NO_KC,2016,2016-10-23,Sunday,NO,21.0,KC,27.0,48.0,-6.0,-103.0,-107.0,51.0,-245.0,218.0,0
2016_07_BUF_MIA,2016,2016-10-23,Sunday,BUF,25.0,MIA,28.0,53.0,2.5,-101.0,-109.0,46.0,121.0,-134.0,1
2016_07_BAL_NYJ,2016,2016-10-23,Sunday,BAL,16.0,NYJ,24.0,40.0,-2.0,-107.0,-103.0,40.5,-123.0,111.0,0
2016_07_MIN_PHI,2016,2016-10-23,Sunday,MIN,10.0,PHI,21.0,31.0,2.5,-102.0,-108.0,39.0,116.0,-128.0,0
2016_07_IND_TEN,2016,2016-10-23,Sunday,IND,34.0,TEN,26.0,60.0,-4.0,-106.0,-104.0,48.5,-195.0,175.0,1
2016_07_SD_ATL,2016,2016-10-23,Sunday,SD,33.0,ATL,30.0,63.0,-4.5,-107.0,-103.0,52.5,-208.0,186.0,0
2016_07_TB_SF,2016,2016-10-23,Sunday,TB,34.0,SF,17.0,51.0,-1.0,-107.0,-103.0,45.0,-115.0,104.0,0
2016_07_NE_PIT,2016,2016-10-23,Sunday,NE,27.0,PIT,16.0,43.0,7.5,-123.0,111.0,49.0,260.0,-295.0,0
2016_07_SEA_ARI,2016,2016-10-23,Sunday,SEA,6.0,ARI,6.0,12.0,-2.5,-110.0,-100.0,43.0,-134.0,121.0,1
2016_07_HOU_DEN,2016,2016-10-24,Monday,HOU,9.0,DEN,27.0,36.0,-8.5,-103.0,-107.0,40.0,-385.0,334.0,0
2016_08_JAX_TEN,2016,2016-10-27,Thursday,JAX,22.0,TEN,36.0,58.0,-3.0,107.0,-118.0,43.5,-144.0,130.0,1
2016_08_WAS_CIN,2016,2016-10-30,Sunday,WAS,27.0,CIN,27.0,54.0,-3.0,-105.0,-105.0,49.0,-150.0,136.0,0
2016_08_NE_BUF,2016,2016-10-30,Sunday,NE,41.0,BUF,25.0,66.0,5.5,-105.0,-105.0,48.0,210.0,-235.0,1
2016_08_ARI_CAR,2016,2016-10-30,Sunday,ARI,20.0,CAR,30.0,50.0,-2.5,-110.0,-100.0,45.5,-134.0,121.0,0
2016_08_NYJ_CLE,2016,2016-10-30,Sunday,NYJ,31.0,CLE,28.0,59.0,2.5,-100.0,-110.0,45.5,121.0,-134.0,0
2016_08_DET_HOU,2016,2016-10-30,Sunday,DET,13.0,HOU,20.0,33.0,-1.0,-101.0,-109.0,46.5,-109.0,-101.0,0
2016_08_KC_IND,2016,2016-10-30,Sunday,KC,30.0,IND,14.0,44.0,3.0,-119.0,108.0,50.5,126.0,-139.0,0
2016_08_SEA_NO,2016,2016-10-30,Sunday,SEA,20.0,NO,25.0,45.0,1.0,-113.0,102.0,50.0,-105.0,-105.0,0
2016_08_OAK_TB,2016,2016-10-30,Sunday,OAK,30.0,TB,24.0,54.0,-1.0,-110.0,-100.0,48.0,-117.0,106.0,0
2016_08_SD_DEN,2016,2016-10-30,Sunday,SD,19.0,DEN,27.0,46.0,-3.5,102.0,-113.0,43.0,-177.0,159.0,1
2016_08_GB_ATL,2016,2016-10-30,Sunday,GB,32.0,ATL,33.0,65.0,-3.0,-104.0,-106.0,51.0,-154.0,139.0,0
2016_08_PHI_DAL,2016,2016-10-30,Sunday,PHI,23.0,DAL,29.0,52.0,-5.0,-108.0,-102.0,44.0,-225.0,201.0,1
2016_08_MIN_CHI,2016,2016-10-31,Monday,MIN,10.0,CHI,20.0,30.0,5.5,-106.0,-104.0,39.5,205.0,-230.0,1
2016_09_ATL_TB,2016,2016-11-03,Thursday,ATL,43.0,TB,28.0,71.0,4.5,-107.0,-103.0,49.0,184.0,-205.0,1
2016_09_PIT_BAL,2016,2016-11-06,Sunday,PIT,14.0,BAL,21.0,35.0,3.5,-133.0,120.0,46.0,140.0,-155.0,1
2016_09_DAL_CLE,2016,2016-11-06,Sunday,DAL,35.0,CLE,10.0,45.0,7.0,-110.0,-100.0,49.0,255.0,-289.0,0
2016_09_JAX_KC,2016,2016-11-06,Sunday,JAX,14.0,KC,19.0,33.0,-7.0,106.0,-117.0,42.5,-300.0,264.0,0
2016_09_NYJ_MIA,2016,2016-11-06,Sunday,NYJ,23.0,MIA,27.0,50.0,-3.5,-110.0,-100.0,45.0,-190.0,171.0,1
2016_09_DET_MIN,2016,2016-11-06,Sunday,DET,22.0,MIN,16.0,38.0,-4.0,-100.0,-110.0,42.5,-194.0,174.0,1
2016_09_PHI_NYG,2016,2016-11-06,Sunday,PHI,23.0,NYG,28.0,51.0,-3.0,-100.0,-110.0,42.5,-149.0,135.0,1
2016_09_CAR_LA,2016,2016-11-06,Sunday,CAR,13.0,LA,10.0,23.0,3.0,-119.0,108.0,44.5,127.0,-140.0,0
2016_09_NO_SF,2016,2016-11-06,Sunday,NO,41.0,SF,23.0,64.0,5.0,-107.0,-103.0,53.0,190.0,-212.0,0
2016_09_IND_GB,2016,2016-11-06,Sunday,IND,31.0,GB,26.0,57.0,-7.5,-103.0,-107.0,52.0,-340.0,297.0,0
2016_09_TEN_SD,2016,2016-11-06,Sunday,TEN,35.0,SD,43.0,78.0,-3.5,-103.0,-107.0,47.5,-179.0,161.0,0
2016_09_DEN_OAK,2016,2016-11-06,Sunday,DEN,20.0,OAK,30.0,50.0,-1.0,104.0,-115.0,44.5,-102.0,-108.0,1
2016_09_BUF_SEA,2016,2016-11-07,Monday,BUF,25.0,SEA,31.0,56.0,-5.5,-100.0,-110.0,43.5,-220.0,197.0,0
2016_10_CLE_BAL,2016,2016-11-10,Thursday,CLE,7.0,BAL,28.0,35.0,-7.5,-100.0,-110.0,44.0,-345.0,301.0,1
2016_10_KC_CAR,2016,2016-11-13,Sunday,KC,20.0,CAR,17.0,37.0,-3.0,-123.0,111.0,44.0,-170.0,153.0,0
2016_10_HOU_JAX,2016,2016-11-13,Sunday,HOU,24.0,JAX,21.0,45.0,-3.0,-108.0,-102.0,42.0,-156.0,141.0,1
2016_10_DEN_NO,2016,2016-11-13,Sunday,DEN,25.0,NO,23.0,48.0,-3.0,-100.0,-110.0,50.0,-150.0,136.0,0
2016_10_LA_NYJ,2016,2016-11-13,Sunday,LA,9.0,NYJ,6.0,15.0,1.0,-102.0,-108.0,39.0,104.0,-115.0,0
2016_10_ATL_PHI,2016,2016-11-13,Sunday,ATL,15.0,PHI,24.0,39.0,-2.0,-105.0,-105.0,48.5,-123.0,111.0,0
2016_10_CHI_TB,2016,2016-11-13,Sunday,CHI,10.0,TB,36.0,46.0,2.5,106.0,-117.0,45.0,131.0,-145.0,0
2016_10_GB_TEN,2016,2016-11-13,Sunday,GB,25.0,TEN,47.0,72.0,3.0,-117.0,106.0,48.5,127.0,-140.0,0
2016_10_MIN_WAS,2016,2016-11-13,Sunday,MIN,20.0,WAS,26.0,46.0,-2.5,-117.0,106.0,42.0,-145.0,131.0,0
2016_10_MIA_SD,2016,2016-11-13,Sunday,MIA,31.0,SD,24.0,55.0,-4.0,-100.0,-110.0,48.5,-198.0,178.0,0
2016_10_SF_ARI,2016,2016-11-13,Sunday,SF,20.0,ARI,23.0,43.0,-14.0,-105.0,-105.0,46.5,-850.0,671.0,1
2016_10_DAL_PIT,2016,2016-11-13,Sunday,DAL,35.0,PIT,30.0,65.0,-3.0,-123.0,111.0,50.5,-173.0,156.0,0
2016_10_SEA_NE,2016,2016-11-13,Sunday,SEA,31.0,NE,24.0,55.0,-7.5,102.0,-113.0,49.5,-310.0,273.0,0
2016_10_CIN_NYG,2016,2016-11-14,Monday,CIN,20.0,NYG,21.0,41.0,1.0,-105.0,-105.0,49.5,102.0,-113.0,0
2016_11_NO_CAR,2016,2016-11-17,Thursday,NO,20.0,CAR,23.0,43.0,-3.5,-104.0,-106.0,52.5,-184.0,166.0,1
2016_11_BUF_CIN,2016,2016-11-20,Sunday,BUF,16.0,CIN,12.0,28.0,-2.5,-110.0,-100.0,48.0,-136.0,123.0,0
2016_11_PIT_CLE,2016,2016-11-20,Sunday,PIT,24.0,CLE,9.0,33.0,8.0,-119.0,108.0,45.5,272.0,-309.0,1
2016_11_BAL_DAL,2016,2016-11-20,Sunday,BAL,17.0,DAL,27.0,44.0,-7.0,-108.0,-102.0,44.5,-300.0,264.0,0
2016_11_JAX_DET,2016,2016-11-20,Sunday,JAX,19.0,DET,26.0,45.0,-5.5,102.0,-113.0,47.0,-230.0,205.0,0
2016_11_TEN_IND,2016,2016-11-20,Sunday,TEN,17.0,IND,24.0,41.0,-3.0,111.0,-123.0,53.5,-140.0,127.0,1
2016_11_TB_KC,2016,2016-11-20,Sunday,TB,19.0,KC,17.0,36.0,-7.0,106.0,-117.0,45.0,-290.0,256.0,0
2016_11_ARI_MIN,2016,2016-11-20,Sunday,ARI,24.0,MIN,30.0,54.0,-2.0,-102.0,-108.0,39.5,-125.0,113.0,0
2016_11_CHI_NYG,2016,2016-11-20,Sunday,CHI,16.0,NYG,22.0,38.0,-7.0,-100.0,-110.0,41.5,-283.0,250.0,0
2016_11_MIA_LA,2016,2016-11-20,Sunday,MIA,14.0,LA,10.0,24.0,-1.0,101.0,-111.0,39.0,-107.0,-103.0,0
2016_11_PHI_SEA,2016,2016-11-20,Sunday,PHI,15.0,SEA,26.0,41.0,-6.5,-110.0,-100.0,43.0,-265.0,235.0,0
2016_11_NE_SF,2016,2016-11-20,Sunday,NE,30.0,SF,17.0,47.0,10.5,-110.0,-100.0,51.5,423.0,-500.0,0
2016_11_GB_WAS,2016,2016-11-20,Sunday,GB,24.0,WAS,42.0,66.0,-2.5,-110.0,-100.0,48.5,-133.0,120.0,0
2016_11_HOU_OAK,2016,2016-11-21,Monday,HOU,20.0,OAK,27.0,47.0,-6.5,-106.0,-104.0,45.5,-253.0,225.0,0
2016_12_MIN_DET,2016,2016-11-24,Thursday,MIN,13.0,DET,16.0,29.0,-2.0,-102.0,-108.0,42.0,-119.0,108.0,1
2016_12_WAS_DAL,2016,2016-11-24,Thursday,WAS,26.0,DAL,31.0,57.0,-5.5,-105.0,-105.0,53.0,-231.0,206.0,1
2016_12_PIT_IND,2016,2016-11-24,Thursday,PIT,28.0,IND,7.0,35.0,8.0,-109.0,-101.0,50.0,346.0,-400.0,0
2016_12_ARI_ATL,2016,2016-11-27,Sunday,ARI,19.0,ATL,38.0,57.0,-3.5,-107.0,-103.0,49.0,-187.0,168.0,0
2016_12_CIN_BAL,2016,2016-11-27,Sunday,CIN,14.0,BAL,19.0,33.0,-3.5,-105.0,-105.0,42.0,-185.0,166.0,1
2016_12_JAX_BUF,2016,2016-11-27,Sunday,JAX,21.0,BUF,28.0,49.0,-8.5,102.0,-113.0,43.5,-350.0,305.0,0
2016_12_TEN_CHI,2016,2016-11-27,Sunday,TEN,27.0,CHI,21.0,48.0,6.5,106.0,-117.0,41.5,222.0,-250.0,0
2016_12_NYG_CLE,2016,2016-11-27,Sunday,NYG,27.0,CLE,13.0,40.0,6.5,-105.0,-105.0,47.0,237.0,-267.0,0
2016_12_SD_HOU,2016,2016-11-27,Sunday,SD,21.0,HOU,13.0,34.0,2.5,-105.0,-105.0,45.5,116.0,-128.0,0
2016_12_SF_MIA,2016,2016-11-27,Sunday,SF,24.0,MIA,31.0,55.0,-7.0,-105.0,-105.0,44.5,-310.0,273.0,0
2016_12_LA_NO,2016,2016-11-27,Sunday,LA,21.0,NO,49.0,70.0,-7.5,102.0,-113.0,46.0,-330.0,289.0,0
2016_12_SEA_TB,2016,2016-11-27,Sunday,SEA,5.0,TB,14.0,19.0,5.0,-110.0,-100.0,46.0,197.0,-220.0,0
2016_12_NE_NYJ,2016,2016-11-27,Sunday,NE,22.0,NYJ,17.0,39.0,9.0,-110.0,-100.0,48.0,361.0,-420.0,1
2016_12_CAR_OAK,2016,2016-11-27,Sunday,CAR,32.0,OAK,35.0,67.0,-3.5,111.0,-123.0,48.5,-164.0,148.0,0
2016_12_KC_DEN,2016,2016-11-27,Sunday,KC,30.0,DEN,27.0,57.0,-3.5,102.0,-113.0,40.0,-179.0,161.0,1
2016_12_GB_PHI,2016,2016-11-28,Monday,GB,27.0,PHI,13.0,40.0,-4.0,-105.0,-105.0,47.0,-196.0,176.0,0
2016_13_DAL_MIN,2016,2016-12-01,Thursday,DAL,17.0,MIN,15.0,32.0,3.0,-110.0,-100.0,43.5,138.0,-153.0,0
2016_13_KC_ATL,2016,2016-12-04,Sunday,KC,29.0,ATL,28.0,57.0,-5.0,-106.0,-104.0,50.0,-208.0,186.0,0
2016_13_MIA_BAL,2016,2016-12-04,Sunday,MIA,6.0,BAL,38.0,44.0,-3.5,102.0,-113.0,41.5,-185.0,166.0,0
2016_13_SF_CHI,2016,2016-12-04,Sunday,SF,6.0,CHI,26.0,32.0,0.0,102.0,-113.0,44.0,107.0,-118.0,0
2016_13_PHI_CIN,2016,2016-12-04,Sunday,PHI,14.0,CIN,32.0,46.0,-1.0,-110.0,-100.0,42.0,-118.0,107.0,0
2016_13_HOU_GB,2016,2016-12-04,Sunday,HOU,13.0,GB,21.0,34.0,-7.0,-104.0,-106.0,44.5,-312.0,274.0,0
2016_13_DEN_JAX,2016,2016-12-04,Sunday,DEN,20.0,JAX,10.0,30.0,3.5,-108.0,-102.0,39.0,160.0,-178.0,0
2016_13_LA_NE,2016,2016-12-04,Sunday,LA,10.0,NE,26.0,36.0,-13.0,-108.0,-102.0,44.5,-750.0,604.0,0
2016_13_DET_NO,2016,2016-12-04,Sunday,DET,28.0,NO,13.0,41.0,-6.5,-108.0,-102.0,53.0,-284.0,251.0,0
2016_13_BUF_OAK,2016,2016-12-04,Sunday,BUF,24.0,OAK,38.0,62.0,-3.0,104.0,-115.0,48.5,-150.0,136.0,0
2016_13_WAS_ARI,2016,2016-12-04,Sunday,WAS,23.0,ARI,31.0,54.0,-2.5,-109.0,-101.0,48.5,-133.0,120.0,0
2016_13_NYG_PIT,2016,2016-12-04,Sunday,NYG,14.0,PIT,24.0,38.0,-7.0,-105.0,-105.0,49.5,-315.0,277.0,0
2016_13_TB_SD,2016,2016-12-04,Sunday,TB,28.0,SD,21.0,49.0,-3.5,102.0,-113.0,49.0,-185.0,166.0,0
2016_13_CAR_SEA,2016,2016-12-04,Sunday,CAR,7.0,SEA,40.0,47.0,-8.5,-115.0,104.0,44.0,-385.0,334.0,0
2016_13_IND_NYJ,2016,2016-12-05,Monday,IND,41.0,NYJ,10.0,51.0,-1.0,-113.0,102.0,48.5,-123.0,111.0,0
2016_14_OAK_KC,2016,2016-12-08,Thursday,OAK,13.0,KC,21.0,34.0,-3.5,-114.0,103.0,46.0,-199.0,179.0,1
2016_14_PIT_BUF,2016,2016-12-11,Sunday,PIT,27.0,BUF,20.0,47.0,1.0,-102.0,-108.0,45.5,104.0,-115.0,0
2016_14_SD_CAR,2016,2016-12-11,Sunday,SD,16.0,CAR,28.0,44.0,-1.0,-105.0,-105.0,48.5,-112.0,102.0,0
2016_14_CIN_CLE,2016,2016-12-11,Sunday,CIN,23.0,CLE,10.0,33.0,4.0,-113.0,102.0,42.0,169.0,-188.0,1
2016_14_CHI_DET,2016,2016-12-11,Sunday,CHI,17.0,DET,20.0,37.0,-7.5,111.0,-123.0,42.0,-314.0,276.0,1
2016_14_HOU_IND,2016,2016-12-11,Sunday,HOU,22.0,IND,17.0,39.0,-6.5,-103.0,-107.0,47.5,-270.0,239.0,1
2016_14_MIN_JAX,2016,2016-12-11,Sunday,MIN,25.0,JAX,16.0,41.0,3.0,109.0,-120.0,38.0,153.0,-170.0,0
2016_14_ARI_MIA,2016,2016-12-11,Sunday,ARI,23.0,MIA,26.0,49.0,2.0,-105.0,-105.0,44.0,111.0,-123.0,0
2016_14_WAS_PHI,2016,2016-12-11,Sunday,WAS,27.0,PHI,22.0,49.0,1.5,-102.0,-108.0,48.5,109.0,-120.0,1
2016_14_DEN_TEN,2016,2016-12-11,Sunday,DEN,10.0,TEN,13.0,23.0,-2.0,-110.0,-100.0,44.0,-128.0,116.0,0
2016_14_NYJ_SF,2016,2016-12-11,Sunday,NYJ,23.0,SF,17.0,40.0,-3.0,106.0,-117.0,42.5,-146.0,132.0,0
2016_14_SEA_GB,2016,2016-12-11,Sunday,SEA,10.0,GB,38.0,48.0,3.0,-115.0,104.0,47.0,131.0,-145.0,0
2016_14_ATL_LA,2016,2016-12-11,Sunday,ATL,42.0,LA,14.0,56.0,4.5,-110.0,-100.0,44.0,186.0,-208.0,0
2016_14_NO_TB,2016,2016-12-11,Sunday,NO,11.0,TB,16.0,27.0,-2.0,-110.0,-100.0,52.0,-128.0,116.0,1
2016_14_DAL_NYG,2016,2016-12-11,Sunday,DAL,7.0,NYG,10.0,17.0,3.5,-103.0,-107.0,47.0,166.0,-185.0,1
2016_14_BAL_NE,2016,2016-12-12,Monday,BAL,23.0,NE,30.0,53.0,-6.0,-100.0,-110.0,45.5,-248.0,221.0,0
2016_15_LA_SEA,2016,2016-12-15,Thursday,LA,3.0,SEA,24.0,27.0,-15.0,-117.0,106.0,39.5,-1100.0,828.0,1
2016_15_MIA_NYJ,2016,2016-12-17,Saturday,MIA,34.0,NYJ,13.0,47.0,2.5,105.0,-116.0,40.0,131.0,-145.0,1
2016_15_PHI_BAL,2016,2016-12-18,Sunday,PHI,26.0,BAL,27.0,53.0,-5.0,-105.0,-105.0,41.0,-225.0,201.0,0
2016_15_CLE_BUF,2016,2016-12-18,Sunday,CLE,13.0,BUF,33.0,46.0,-10.5,-103.0,-107.0,43.5,-465.0,397.0,0
2016_15_GB_CHI,2016,2016-12-18,Sunday,GB,30.0,CHI,27.0,57.0,4.5,104.0,-115.0,40.0,201.0,-225.0,1
2016_15_PIT_CIN,2016,2016-12-18,Sunday,PIT,24.0,CIN,20.0,44.0,3.0,-110.0,-100.0,45.5,140.0,-155.0,1
2016_15_JAX_HOU,2016,2016-12-18,Sunday,JAX,20.0,HOU,21.0,41.0,-3.5,-108.0,-102.0,39.5,-185.0,166.0,1
2016_15_TEN_KC,2016,2016-12-18,Sunday,TEN,19.0,KC,17.0,36.0,-6.0,-102.0,-108.0,43.0,-242.0,216.0,0
2016_15_IND_MIN,2016,2016-12-18,Sunday,IND,34.0,MIN,6.0,40.0,-5.0,-108.0,-102.0,44.5,-239.0,213.0,0
2016_15_DET_NYG,2016,2016-12-18,Sunday,DET,6.0,NYG,17.0,23.0,-4.0,-105.0,-105.0,42.5,-196.0,176.0,0
2016_15_NO_ARI,2016,2016-12-18,Sunday,NO,48.0,ARI,41.0,89.0,-3.0,-105.0,-105.0,48.5,-154.0,139.0,0
2016_15_SF_ATL,2016,2016-12-18,Sunday,SF,13.0,ATL,41.0,54.0,-13.5,-110.0,-100.0,51.5,-900.0,704.0,0
2016_15_NE_DEN,2016,2016-12-18,Sunday,NE,16.0,DEN,3.0,19.0,3.0,-113.0,102.0,43.5,136.0,-150.0,0
2016_15_OAK_SD,2016,2016-12-18,Sunday,OAK,19.0,SD,16.0,35.0,2.5,-106.0,-104.0,49.5,116.0,-128.0,1
2016_15_TB_DAL,2016,2016-12-18,Sunday,TB,20.0,DAL,26.0,46.0,-7.0,102.0,-113.0,47.5,-295.0,260.0,0
2016_15_CAR_WAS,2016,2016-12-19,Monday,CAR,26.0,WAS,15.0,41.0,-7.0,-101.0,-109.0,50.5,-296.0,261.0,0
2016_16_NYG_PHI,2016,2016-12-22,Thursday,NYG,19.0,PHI,24.0,43.0,-2.0,-104.0,-106.0,42.5,-126.0,114.0,1
2016_16_MIA_BUF,2016,2016-12-24,Saturday,MIA,34.0,BUF,31.0,65.0,-4.5,-108.0,-102.0,44.5,-220.0,197.0,1
2016_16_ATL_CAR,2016,2016-12-24,Saturday,ATL,33.0,CAR,16.0,49.0,3.0,-107.0,-103.0,48.5,136.0,-150.0,1
2016_16_WAS_CHI,2016,2016-12-24,Saturday,WAS,41.0,CHI,21.0,62.0,3.0,-108.0,-102.0,49.0,140.0,-155.0,0
2016_16_SD_CLE,2016,2016-12-24,Saturday,SD,17.0,CLE,20.0,37.0,4.5,-107.0,-103.0,45.0,179.0,-199.0,0
2016_16_MIN_GB,2016,2016-12-24,Saturday,MIN,25.0,GB,38.0,63.0,-6.0,-105.0,-105.0,44.5,-265.0,235.0,1
2016_16_TEN_JAX,2016,2016-12-24,Saturday,TEN,17.0,JAX,38.0,55.0,4.0,-105.0,-105.0,44.0,175.0,-195.0,1
2016_16_NYJ_NE,2016,2016-12-24,Saturday,NYJ,3.0,NE,41.0,44.0,-17.0,-105.0,-105.0,45.0,-1500.0,1051.0,1
2016_16_IND_OAK,2016,2016-12-24,Saturday,IND,25.0,OAK,33.0,58.0,-3.5,-102.0,-108.0,52.0,-174.0,157.0,0
2016_16_SF_LA,2016,2016-12-24,Saturday,SF,22.0,LA,21.0,43.0,-6.0,-113.0,102.0,39.5,-253.0,225.0,1
2016_16_TB_NO,2016,2016-12-24,Saturday,TB,24.0,NO,31.0,55.0,-3.0,-117.0,106.0,53.0,-170.0,153.0,1
2016_16_ARI_SEA,2016,2016-12-24,Saturday,ARI,34.0,SEA,31.0,65.0,-9.0,102.0,-113.0,43.5,-380.0,330.0,1
2016_16_CIN_HOU,2016,2016-12-24,Saturday,CIN,10.0,HOU,12.0,22.0,-3.0,-100.0,-110.0,41.5,-154.0,139.0,0
2016_16_BAL_PIT,2016,2016-12-25,Sunday,BAL,27.0,PIT,31.0,58.0,-5.5,-107.0,-103.0,46.5,-250.0,222.0,1
2016_16_DEN_KC,2016,2016-12-25,Sunday,DEN,10.0,KC,33.0,43.0,-3.5,-108.0,-102.0,38.5,-190.0,171.0,1
2016_16_DET_DAL,2016,2016-12-26,Monday,DET,21.0,DAL,42.0,63.0,-6.5,-114.0,103.0,47.0,-280.0,248.0,0
2016_17_BAL_CIN,2016,2017-01-01,Sunday,BAL,10.0,CIN,27.0,37.0,2.5,102.0,-113.0,40.5,125.0,-138.0,1
2016_17_JAX_IND,2016,2017-01-01,Sunday,JAX,20.0,IND,24.0,44.0,-5.5,-107.0,-103.0,48.5,-250.0,222.0,1
2016_17_NE_MIA,2016,2017-01-01,Sunday,NE,35.0,MIA,14.0,49.0,7.5,102.0,-113.0,47.0,323.0,-372.0,1
2016_17_CHI_MIN,2016,2017-01-01,Sunday,CHI,10.0,MIN,38.0,48.0,-6.0,-114.0,103.0,44.0,-255.0,227.0,1
2016_17_BUF_NYJ,2016,2017-01-01,Sunday,BUF,10.0,NYJ,30.0,40.0,3.5,-102.0,-108.0,43.0,171.0,-190.0,1
2016_17_DAL_PHI,2016,2017-01-01,Sunday,DAL,13.0,PHI,27.0,40.0,-6.5,103.0,-114.0,44.0,-245.0,218.0,1
2016_17_CLE_PIT,2016,2017-01-01,Sunday,CLE,24.0,PIT,27.0,51.0,-3.5,-110.0,-100.0,41.5,-190.0,171.0,1
2016_17_CAR_TB,2016,2017-01-01,Sunday,CAR,16.0,TB,17.0,33.0,-3.5,-110.0,-100.0,44.5,-190.0,171.0,1
2016_17_HOU_TEN,2016,2017-01-01,Sunday,HOU,17.0,TEN,24.0,41.0,-3.0,-114.0,103.0,41.5,-164.0,148.0,1
2016_17_NO_ATL,2016,2017-01-01,Sunday,NO,32.0,ATL,38.0,70.0,-7.5,-103.0,-107.0,58.5,-350.0,305.0,1
2016_17_OAK_DEN,2016,2017-01-01,Sunday,OAK,6.0,DEN,24.0,30.0,-1.0,-114.0,103.0,40.0,-118.0,107.0,1
2016_17_ARI_LA,2016,2017-01-01,Sunday,ARI,44.0,LA,6.0,50.0,7.0,-113.0,102.0,39.0,252.0,-285.0,1
2016_17_KC_SD,2016,2017-01-01,Sunday,KC,37.0,SD,27.0,64.0,5.5,-103.0,-107.0,45.0,210.0,-235.0,1
2016_17_SEA_SF,2016,2017-01-01,Sunday,SEA,25.0,SF,23.0,48.0,11.5,-113.0,102.0,44.5,423.0,-500.0,1
2016_17_NYG_WAS,2016,2017-01-01,Sunday,NYG,19.0,WAS,10.0,29.0,-10.0,-110.0,-100.0,47.5,-430.0,369.0,1
2016_17_GB_DET,2016,2017-01-01,Sunday,GB,31.0,DET,24.0,55.0,3.5,-102.0,-108.0,50.0,171.0,-190.0,1
2016_18_OAK_HOU,2016,2017-01-07,Saturday,OAK,14.0,HOU,27.0,41.0,-4.0,-102.0,-108.0,37.5,-208.0,186.0,0
2016_18_DET_SEA,2016,2017-01-07,Saturday,DET,6.0,SEA,26.0,32.0,-8.0,-103.0,-107.0,45.5,-390.0,338.0,0
2016_18_MIA_PIT,2016,2017-01-08,Sunday,MIA,12.0,PIT,30.0,42.0,-11.0,-105.0,-105.0,47.5,-603.0,500.0,0
2016_18_NYG_GB,2016,2017-01-08,Sunday,NYG,13.0,GB,38.0,51.0,-5.0,-102.0,-108.0,46.5,-210.0,188.0,0
2016_19_SEA_ATL,2016,2017-01-14,Saturday,SEA,20.0,ATL,36.0,56.0,-6.5,-108.0,-102.0,51.0,-272.0,241.0,0
2016_19_HOU_NE,2016,2017-01-14,Saturday,HOU,16.0,NE,34.0,50.0,-16.0,-110.0,-100.0,44.0,-1200.0,887.0,0
2016_19_GB_DAL,2016,2017-01-15,Sunday,GB,34.0,DAL,31.0,65.0,-5.5,-108.0,-102.0,52.5,-231.0,206.0,0
2016_19_PIT_KC,2016,2017-01-15,Sunday,PIT,18.0,KC,16.0,34.0,-2.5,-113.0,102.0,45.5,-139.0,126.0,0
2016_20_GB_ATL,2016,2017-01-22,Sunday,GB,21.0,ATL,44.0,65.0,-6.5,-108.0,-102.0,59.5,-248.0,221.0,0
2016_20_PIT_NE,2016,2017-01-22,Sunday,PIT,17.0,NE,36.0,53.0,-5.5,-100.0,-110.0,49.5,-218.0,195.0,0
2016_21_NE_ATL,2016,2017-02-05,Sunday,NE,34.0,ATL,28.0,62.0,3.0,-120.0,109.0,57.0,126.0,-139.0,0
2017_01_KC_NE,2017,2017-09-07,Thursday,KC,42.0,NE,27.0,69.0,-8.0,-114.0,103.0,47.5,-441.0,378.0,0
2017_01_NYJ_BUF,2017,2017-09-10,Sunday,NYJ,12.0,BUF,21.0,33.0,-7.0,-123.0,111.0,42.0,-340.0,297.0,1
2017_01_ATL_CHI,2017,2017-09-10,Sunday,ATL,23.0,CHI,17.0,40.0,6.5,-103.0,-107.0,48.0,245.0,-277.0,0
2017_01_BAL_CIN,2017,2017-09-10,Sunday,BAL,20.0,CIN,0.0,20.0,-2.5,-114.0,103.0,41.5,-140.0,127.0,1
2017_01_PIT_CLE,2017,2017-09-10,Sunday,PIT,21.0,CLE,18.0,39.0,10.0,-108.0,-102.0,47.0,385.0,-450.0,1
2017_01_ARI_DET,2017,2017-09-10,Sunday,ARI,23.0,DET,35.0,58.0,2.5,-117.0,106.0,48.5,106.0,-117.0,0
2017_01_JAX_HOU,2017,2017-09-10,Sunday,JAX,29.0,HOU,7.0,36.0,-5.5,-105.0,-105.0,38.0,-225.0,201.0,1
2017_01_OAK_TEN,2017,2017-09-10,Sunday,OAK,26.0,TEN,16.0,42.0,-2.5,-113.0,102.0,49.5,-134.0,121.0,0
2017_01_PHI_WAS,2017,2017-09-10,Sunday,PHI,30.0,WAS,17.0,47.0,2.0,-105.0,-105.0,49.5,113.0,-125.0,1
2017_01_IND_LA,2017,2017-09-10,Sunday,IND,9.0,LA,46.0,55.0,-3.5,-108.0,-102.0,41.5,-185.0,166.0,0
2017_01_SEA_GB,2017,2017-09-10,Sunday,SEA,9.0,GB,17.0,26.0,-2.5,-110.0,-100.0,49.5,-134.0,121.0,0
2017_01_CAR_SF,2017,2017-09-10,Sunday,CAR,23.0,SF,3.0,26.0,4.5,-103.0,-107.0,45.5,201.0,-225.0,0
2017_01_NYG_DAL,2017,2017-09-10,Sunday,NYG,3.0,DAL,19.0,22.0,-6.0,-105.0,-105.0,46.5,-248.0,221.0,1
2017_01_NO_MIN,2017,2017-09-11,Monday,NO,19.0,MIN,29.0,48.0,-3.0,-116.0,105.0,47.5,-172.0,155.0,0
2017_01_LAC_DEN,2017,2017-09-11,Monday,LAC,21.0,DEN,24.0,45.0,-3.0,104.0,-115.0,41.5,-145.0,131.0,1
2017_02_HOU_CIN,2017,2017-09-14,Thursday,HOU,13.0,CIN,9.0,22.0,-5.5,-105.0,-105.0,38.0,-236.0,211.0,0
2017_02_CLE_BAL,2017,2017-09-17,Sunday,CLE,10.0,BAL,24.0,34.0,-7.5,104.0,-115.0,39.5,-320.0,281.0,1
2017_02_BUF_CAR,2017,2017-09-17,Sunday,BUF,3.0,CAR,9.0,12.0,-6.5,-106.0,-104.0,43.0,-280.0,248.0,0
2017_02_ARI_IND,2017,2017-09-17,Sunday,ARI,16.0,IND,13.0,29.0,7.0,-117.0,106.0,44.0,252.0,-285.0,0
2017_02_TEN_JAX,2017,2017-09-17,Sunday,TEN,37.0,JAX,16.0,53.0,1.0,-104.0,-106.0,42.0,102.0,-113.0,1
2017_02_PHI_KC,2017,2017-09-17,Sunday,PHI,20.0,KC,27.0,47.0,-4.0,-105.0,-105.0,46.5,-199.0,179.0,0
2017_02_NE_NO,2017,2017-09-17,Sunday,NE,36.0,NO,20.0,56.0,5.5,-114.0,103.0,55.0,197.0,-220.0,0
2017_02_MIN_PIT,2017,2017-09-17,Sunday,MIN,9.0,PIT,26.0,35.0,-8.5,-106.0,-104.0,43.0,-380.0,330.0,0
2017_02_CHI_TB,2017,2017-09-17,Sunday,CHI,7.0,TB,29.0,36.0,-7.0,-110.0,-100.0,44.0,-307.0,270.0,0
2017_02_MIA_LAC,2017,2017-09-17,Sunday,MIA,19.0,LAC,17.0,36.0,-3.5,-105.0,-105.0,46.5,-185.0,166.0,0
2017_02_NYJ_OAK,2017,2017-09-17,Sunday,NYJ,20.0,OAK,45.0,65.0,-14.0,-110.0,-100.0,44.0,-850.0,671.0,0
2017_02_DAL_DEN,2017,2017-09-17,Sunday,DAL,17.0,DEN,42.0,59.0,2.5,-110.0,-100.0,44.0,116.0,-128.0,0
2017_02_WAS_LA,2017,2017-09-17,Sunday,WAS,27.0,LA,20.0,47.0,-3.0,-104.0,-106.0,45.5,-150.0,136.0,0
2017_02_SF_SEA,2017,2017-09-17,Sunday,SF,9.0,SEA,12.0,21.0,-13.5,-100.0,-110.0,42.0,-800.0,638.0,1
2017_02_GB_ATL,2017,2017-09-17,Sunday,GB,23.0,ATL,34.0,57.0,-3.5,-100.0,-110.0,55.0,-177.0,159.0,0
2017_02_DET_NYG,2017,2017-09-18,Monday,DET,24.0,NYG,10.0,34.0,-3.0,-118.0,107.0,42.0,-167.0,151.0,0
2017_03_LA_SF,2017,2017-09-21,Thursday,LA,41.0,SF,39.0,80.0,3.0,-117.0,106.0,40.5,127.0,-140.0,1
2017_03_DEN_BUF,2017,2017-09-24,Sunday,DEN,16.0,BUF,26.0,42.0,3.5,-108.0,-102.0,40.0,162.0,-180.0,0
2017_03_NO_CAR,2017,2017-09-24,Sunday,NO,34.0,CAR,13.0,47.0,-5.5,-110.0,-100.0,46.5,-242.0,216.0,1
2017_03_PIT_CHI,2017,2017-09-24,Sunday,PIT,17.0,CHI,23.0,40.0,7.0,-117.0,106.0,43.5,264.0,-300.0,0
2017_03_ATL_DET,2017,2017-09-24,Sunday,ATL,30.0,DET,26.0,56.0,3.0,105.0,-116.0,51.0,151.0,-167.0,0
2017_03_CLE_IND,2017,2017-09-24,Sunday,CLE,28.0,IND,31.0,59.0,-1.0,-110.0,-100.0,42.0,-116.0,105.0,0
2017_03_TB_MIN,2017,2017-09-24,Sunday,TB,17.0,MIN,34.0,51.0,0.0,-110.0,-100.0,41.0,-106.0,-104.0,0
2017_03_HOU_NE,2017,2017-09-24,Sunday,HOU,33.0,NE,36.0,69.0,-13.5,100.0,-110.0,44.5,-990.0,761.0,0
2017_03_MIA_NYJ,2017,2017-09-24,Sunday,MIA,6.0,NYJ,20.0,26.0,5.5,-107.0,-103.0,43.0,200.0,-224.0,1
2017_03_NYG_PHI,2017,2017-09-24,Sunday,NYG,24.0,PHI,27.0,51.0,-5.0,-106.0,-104.0,42.0,-230.0,205.0,1
2017_03_SEA_TEN,2017,2017-09-24,Sunday,SEA,27.0,TEN,33.0,60.0,-2.0,-116.0,105.0,42.0,-130.0,118.0,0
2017_03_CIN_GB,2017,2017-09-24,Sunday,CIN,24.0,GB,27.0,51.0,-7.0,-106.0,-104.0,47.5,-335.0,293.0,0
2017_03_KC_LAC,2017,2017-09-24,Sunday,KC,24.0,LAC,10.0,34.0,3.0,-118.0,107.0,47.5,131.0,-145.0,1
2017_03_OAK_WAS,2017,2017-09-24,Sunday,OAK,10.0,WAS,27.0,37.0,3.5,-107.0,-103.0,53.0,166.0,-185.0,0
2017_03_BAL_JAX,2017,2017-09-24,Sunday,BAL,7.0,JAX,44.0,51.0,3.0,-100.0,-110.0,38.0,146.0,-162.0,0
2017_03_DAL_ARI,2017,2017-09-25,Monday,DAL,28.0,ARI,17.0,45.0,3.0,-115.0,104.0,46.5,137.0,-151.0,0
2017_04_CHI_GB,2017,2017-09-28,Thursday,CHI,14.0,GB,35.0,49.0,-7.5,,,44.0,,,1
2017_04_BUF_ATL,2017,2017-10-01,Sunday,BUF,23.0,ATL,17.0,40.0,-8.0,-105.0,-105.0,48.0,-380.0,330.0,0
2017_04_PIT_BAL,2017,2017-10-01,Sunday,PIT,26.0,BAL,9.0,35.0,3.5,-110.0,100.0,42.0,166.0,-185.0,1
2017_04_CIN_CLE,2017,2017-10-01,Sunday,CIN,31.0,CLE,7.0,38.0,3.0,104.0,-115.0,41.5,148.0,-164.0,1
2017_04_LA_DAL,2017,2017-10-01,Sunday,LA,35.0,DAL,30.0,65.0,-5.0,-105.0,-105.0,51.0,-237.0,211.0,0
2017_04_TEN_HOU,2017,2017-10-01,Sunday,TEN,14.0,HOU,57.0,71.0,2.5,102.0,-113.0,43.0,126.0,-139.0,1
2017_04_DET_MIN,2017,2017-10-01,Sunday,DET,14.0,MIN,7.0,21.0,-2.5,-127.0,115.0,43.0,-155.0,140.0,1
2017_04_CAR_NE,2017,2017-10-01,Sunday,CAR,33.0,NE,30.0,63.0,-9.0,-100.0,-110.0,48.0,-450.0,385.0,0
2017_04_JAX_NYJ,2017,2017-10-01,Sunday,JAX,20.0,NYJ,23.0,43.0,4.0,-110.0,-100.0,38.5,175.0,-195.0,0
2017_04_SF_ARI,2017,2017-10-01,Sunday,SF,15.0,ARI,18.0,33.0,-6.5,-106.0,-104.0,43.0,-265.0,235.0,1
2017_04_PHI_LAC,2017,2017-10-01,Sunday,PHI,26.0,LAC,24.0,50.0,-1.5,-105.0,-105.0,48.0,-117.0,106.0,0
2017_04_NYG_TB,2017,2017-10-01,Sunday,NYG,23.0,TB,25.0,48.0,-2.5,-107.0,-103.0,46.0,-139.0,126.0,0
2017_04_OAK_DEN,2017,2017-10-01,Sunday,OAK,10.0,DEN,16.0,26.0,-3.5,-108.0,-102.0,44.0,-185.0,166.0,1
2017_04_IND_SEA,2017,2017-10-01,Sunday,IND,18.0,SEA,46.0,64.0,-12.5,-100.0,-110.0,41.5,-750.0,604.0,0
2017_04_NO_MIA,2017,2017-10-01,Sunday,NO,20.0,MIA,0.0,20.0,4.0,-104.0,-106.0,51.5,176.0,-196.0,0
2017_04_WAS_KC,2017,2017-10-02,Monday,WAS,20.0,KC,29.0,49.0,-6.5,-100.0,-110.0,48.0,-269.0,239.0,0
2017_05_NE_TB,2017,2017-10-05,Thursday,NE,19.0,TB,14.0,33.0,3.5,-110.0,-100.0,54.5,162.0,-180.0,0
2017_05_BUF_CIN,2017,2017-10-08,Sunday,BUF,16.0,CIN,20.0,36.0,-3.0,-102.0,-108.0,39.0,-150.0,136.0,0
2017_05_NYJ_CLE,2017,2017-10-08,Sunday,NYJ,17.0,CLE,14.0,31.0,1.5,-103.0,-107.0,41.5,111.0,-122.0,0
2017_05_CAR_DET,2017,2017-10-08,Sunday,CAR,27.0,DET,24.0,51.0,-2.0,-105.0,-105.0,42.0,-130.0,118.0,0
2017_05_SF_IND,2017,2017-10-08,Sunday,SF,23.0,IND,26.0,49.0,1.0,-113.0,102.0,43.5,-106.0,-104.0,0
2017_05_TEN_MIA,2017,2017-10-08,Sunday,TEN,10.0,MIA,16.0,26.0,0.0,-110.0,-100.0,41.5,-113.0,102.0,0
2017_05_LAC_NYG,2017,2017-10-08,Sunday,LAC,27.0,NYG,22.0,49.0,-3.0,-106.0,-104.0,45.5,-160.0,144.0,0
2017_05_ARI_PHI,2017,2017-10-08,Sunday,ARI,7.0,PHI,34.0,41.0,-6.0,-110.0,100.0,45.0,-254.0,226.0,0
2017_05_JAX_PIT,2017,2017-10-08,Sunday,JAX,30.0,PIT,9.0,39.0,-7.5,111.0,-123.0,41.0,-330.0,289.0,0
2017_05_SEA_LA,2017,2017-10-08,Sunday,SEA,16.0,LA,10.0,26.0,-2.0,-113.0,102.0,46.5,-133.0,120.0,1
2017_05_BAL_OAK,2017,2017-10-08,Sunday,BAL,30.0,OAK,17.0,47.0,-3.0,-105.0,-105.0,40.5,-155.0,140.0,0
2017_05_GB_DAL,2017,2017-10-08,Sunday,GB,35.0,DAL,31.0,66.0,-2.5,-115.0,104.0,52.0,-139.0,126.0,0
2017_05_KC_HOU,2017,2017-10-08,Sunday,KC,42.0,HOU,34.0,76.0,2.0,-101.0,-109.0,45.0,116.0,-128.0,0
2017_05_MIN_CHI,2017,2017-10-09,Monday,MIN,20.0,CHI,17.0,37.0,3.5,-114.0,103.0,41.0,159.0,-177.0,1
2017_06_PHI_CAR,2017,2017-10-12,Thursday,PHI,28.0,CAR,23.0,51.0,-3.0,102.0,-113.0,44.0,-148.0,134.0,0
2017_06_MIA_ATL,2017,2017-10-15,Sunday,MIA,20.0,ATL,17.0,37.0,-14.0,100.0,-110.0,46.0,-800.0,638.0,0
2017_06_CHI_BAL,2017,2017-10-15,Sunday,CHI,27.0,BAL,24.0,51.0,-5.5,-101.0,-109.0,39.5,-225.0,201.0,0
2017_06_CLE_HOU,2017,2017-10-15,Sunday,CLE,17.0,HOU,33.0,50.0,-7.5,102.0,-113.0,46.0,-315.0,277.0,0
2017_06_GB_MIN,2017,2017-10-15,Sunday,GB,10.0,MIN,23.0,33.0,3.0,-113.0,102.0,46.0,136.0,-150.0,1
2017_06_DET_NO,2017,2017-10-15,Sunday,DET,38.0,NO,52.0,90.0,-6.0,104.0,-115.0,50.5,-230.0,205.0,0
2017_06_NE_NYJ,2017,2017-10-15,Sunday,NE,24.0,NYJ,17.0,41.0,9.0,-105.0,-105.0,48.5,346.0,-400.0,1
2017_06_SF_WAS,2017,2017-10-15,Sunday,SF,24.0,WAS,26.0,50.0,-12.0,108.0,-119.0,46.0,-480.0,408.0,0
2017_06_TB_ARI,2017,2017-10-15,Sunday,TB,33.0,ARI,38.0,71.0,2.5,104.0,-115.0,46.5,121.0,-134.0,0
2017_06_LA_JAX,2017,2017-10-15,Sunday,LA,27.0,JAX,17.0,44.0,-1.0,-108.0,-102.0,42.0,-115.0,104.0,0
2017_06_PIT_KC,2017,2017-10-15,Sunday,PIT,19.0,KC,13.0,32.0,-3.5,111.0,-123.0,46.5,-170.0,153.0,0
2017_06_LAC_OAK,2017,2017-10-15,Sunday,LAC,17.0,OAK,16.0,33.0,-3.0,-106.0,-104.0,48.5,-155.0,140.0,1
2017_06_NYG_DEN,2017,2017-10-15,Sunday,NYG,23.0,DEN,10.0,33.0,-14.0,102.0,-113.0,37.5,-700.0,569.0,0
2017_06_IND_TEN,2017,2017-10-16,Monday,IND,22.0,TEN,36.0,58.0,-7.0,-101.0,-109.0,46.0,-283.0,250.0,1
2017_07_KC_OAK,2017,2017-10-19,Thursday,KC,30.0,OAK,31.0,61.0,3.0,-104.0,-106.0,46.5,140.0,-155.0,1
2017_07_TB_BUF,2017,2017-10-22,Sunday,TB,27.0,BUF,30.0,57.0,-3.0,-116.0,105.0,46.5,-166.0,150.0,0
2017_07_CAR_CHI,2017,2017-10-22,Sunday,CAR,3.0,CHI,17.0,20.0,2.5,103.0,-114.0,39.5,126.0,-139.0,0
2017_07_TEN_CLE,2017,2017-10-22,Sunday,TEN,12.0,CLE,9.0,21.0,5.5,-105.0,-105.0,42.5,205.0,-230.0,0
2017_07_NO_GB,2017,2017-10-22,Sunday,NO,26.0,GB,17.0,43.0,3.5,102.0,-113.0,45.5,171.0,-190.0,0
2017_07_JAX_IND,2017,2017-10-22,Sunday,JAX,27.0,IND,0.0,27.0,3.0,-100.0,-110.0,41.0,141.0,-156.0,1
2017_07_ARI_LA,2017,2017-10-22,Sunday,ARI,0.0,LA,33.0,33.0,-3.0,-117.0,106.0,45.5,-164.0,148.0,1
2017_07_NYJ_MIA,2017,2017-10-22,Sunday,NYJ,28.0,MIA,31.0,59.0,-3.0,-106.0,-104.0,40.0,-160.0,144.0,1
2017_07_BAL_MIN,2017,2017-10-22,Sunday,BAL,16.0,MIN,24.0,40.0,-5.0,-106.0,-104.0,37.5,-220.0,197.0,0
2017_07_DAL_SF,2017,2017-10-22,Sunday,DAL,40.0,SF,10.0,50.0,6.5,-107.0,-103.0,48.0,235.0,-265.0,0
2017_07_DEN_LAC,2017,2017-10-22,Sunday,DEN,0.0,LAC,21.0,21.0,1.0,-110.0,-100.0,41.0,-105.0,-105.0,1
2017_07_SEA_NYG,2017,2017-10-22,Sunday,SEA,24.0,NYG,7.0,31.0,4.0,-100.0,-110.0,39.0,186.0,-208.0,0
2017_07_CIN_PIT,2017,2017-10-22,Sunday,CIN,14.0,PIT,29.0,43.0,-4.0,-110.0,-100.0,40.0,-199.0,179.0,1
2017_07_ATL_NE,2017,2017-10-22,Sunday,ATL,7.0,NE,23.0,30.0,-3.0,104.0,-115.0,56.5,-150.0,136.0,0
2017_07_WAS_PHI,2017,2017-10-23,Monday,WAS,24.0,PHI,34.0,58.0,-5.0,-103.0,-107.0,48.5,-225.0,201.0,1
2017_08_MIA_BAL,2017,2017-10-26,Thursday,MIA,0.0,BAL,40.0,40.0,-3.0,-107.0,-103.0,38.0,-156.0,141.0,0
2017_08_OAK_BUF,2017,2017-10-29,Sunday,OAK,14.0,BUF,34.0,48.0,-2.5,-106.0,-104.0,47.0,-128.0,116.0,0
2017_08_IND_CIN,2017,2017-10-29,Sunday,IND,23.0,CIN,24.0,47.0,-11.0,-100.0,-110.0,44.0,-500.0,423.0,0
2017_08_LAC_NE,2017,2017-10-29,Sunday,LAC,13.0,NE,21.0,34.0,-6.5,-110.0,-100.0,49.5,-272.0,241.0,0
2017_08_CHI_NO,2017,2017-10-29,Sunday,CHI,12.0,NO,20.0,32.0,-7.5,-106.0,-104.0,46.0,-350.0,305.0,0
2017_08_ATL_NYJ,2017,2017-10-29,Sunday,ATL,25.0,NYJ,20.0,45.0,6.5,102.0,-113.0,43.5,248.0,-280.0,0
2017_08_SF_PHI,2017,2017-10-29,Sunday,SF,10.0,PHI,33.0,43.0,-13.0,-110.0,-100.0,45.0,-750.0,604.0,0
2017_08_CAR_TB,2017,2017-10-29,Sunday,CAR,17.0,TB,3.0,20.0,-1.5,-110.0,-100.0,46.0,-123.0,111.0,1
2017_08_HOU_SEA,2017,2017-10-29,Sunday,HOU,38.0,SEA,41.0,79.0,-6.0,-102.0,-108.0,45.0,-250.0,222.0,0
2017_08_DAL_WAS,2017,2017-10-29,Sunday,DAL,33.0,WAS,19.0,52.0,3.0,104.0,-115.0,46.5,151.0,-167.0,1
2017_08_PIT_DET,2017,2017-10-29,Sunday,PIT,20.0,DET,15.0,35.0,3.0,109.0,-120.0,44.5,153.0,-170.0,0
2017_08_MIN_CLE,2017,2017-10-29,Sunday,MIN,33.0,CLE,16.0,49.0,11.0,-102.0,-108.0,38.5,408.0,-480.0,0
2017_08_DEN_KC,2017,2017-10-30,Monday,DEN,19.0,KC,29.0,48.0,-7.0,-103.0,-107.0,42.0,-310.0,273.0,1
2017_09_BUF_NYJ,2017,2017-11-02,Thursday,BUF,21.0,NYJ,34.0,55.0,3.0,112.0,-124.0,42.0,158.0,-175.0,1
2017_09_ATL_CAR,2017,2017-11-05,Sunday,ATL,17.0,CAR,20.0,37.0,3.0,-115.0,104.0,42.0,134.0,-148.0,1
2017_09_IND_HOU,2017,2017-11-05,Sunday,IND,20.0,HOU,14.0,34.0,-6.0,-110.0,-100.0,45.0,-253.0,225.0,1
2017_09_CIN_JAX,2017,2017-11-05,Sunday,CIN,7.0,JAX,23.0,30.0,-6.0,-100.0,-110.0,38.0,-230.0,205.0,0
2017_09_TB_NO,2017,2017-11-05,Sunday,TB,10.0,NO,30.0,40.0,-7.0,-101.0,-109.0,54.0,-300.0,264.0,1
2017_09_LA_NYG,2017,2017-11-05,Sunday,LA,51.0,NYG,17.0,68.0,5.5,102.0,-113.0,42.5,220.0,-247.0,0
2017_09_DEN_PHI,2017,2017-11-05,Sunday,DEN,23.0,PHI,51.0,74.0,-7.0,103.0,-114.0,41.0,-300.0,264.0,0
2017_09_BAL_TEN,2017,2017-11-05,Sunday,BAL,20.0,TEN,23.0,43.0,-3.0,-118.0,107.0,41.0,-172.0,155.0,0
2017_09_WAS_SEA,2017,2017-11-05,Sunday,WAS,17.0,SEA,14.0,31.0,-8.0,-105.0,-105.0,44.5,-390.0,338.0,0
2017_09_ARI_SF,2017,2017-11-05,Sunday,ARI,20.0,SF,10.0,30.0,2.5,-108.0,-102.0,39.0,118.0,-130.0,1
2017_09_KC_DAL,2017,2017-11-05,Sunday,KC,17.0,DAL,28.0,45.0,-2.0,-107.0,-103.0,53.0,-128.0,116.0,0
2017_09_OAK_MIA,2017,2017-11-05,Sunday,OAK,27.0,MIA,24.0,51.0,3.0,100.0,-110.0,44.5,140.0,-155.0,0
2017_09_DET_GB,2017,2017-11-06,Monday,DET,30.0,GB,17.0,47.0,2.5,-102.0,-108.0,42.5,118.0,-130.0,1
2017_10_SEA_ARI,2017,2017-11-09,Thursday,SEA,22.0,ARI,16.0,38.0,6.0,-109.0,-101.0,40.0,218.0,-245.0,1
2017_10_NO_BUF,2017,2017-11-12,Sunday,NO,47.0,BUF,10.0,57.0,2.0,-103.0,-107.0,48.5,116.0,-128.0,0
2017_10_GB_CHI,2017,2017-11-12,Sunday,GB,23.0,CHI,16.0,39.0,-4.5,-115.0,104.0,37.5,-225.0,201.0,1
2017_10_CLE_DET,2017,2017-11-12,Sunday,CLE,24.0,DET,38.0,62.0,-10.5,108.0,-119.0,42.5,-450.0,385.0,0
2017_10_PIT_IND,2017,2017-11-12,Sunday,PIT,20.0,IND,17.0,37.0,10.5,-100.0,-110.0,47.0,400.0,-470.0,0
2017_10_LAC_JAX,2017,2017-11-12,Sunday,LAC,17.0,JAX,20.0,37.0,-5.0,-108.0,-102.0,40.5,-220.0,197.0,0
2017_10_NYJ_TB,2017,2017-11-12,Sunday,NYJ,10.0,TB,15.0,25.0,-1.0,-117.0,106.0,44.5,-125.0,113.0,0
2017_10_CIN_TEN,2017,2017-11-12,Sunday,CIN,20.0,TEN,24.0,44.0,-4.5,-110.0,-100.0,40.5,-220.0,197.0,0
2017_10_MIN_WAS,2017,2017-11-12,Sunday,MIN,38.0,WAS,30.0,68.0,1.0,-114.0,103.0,43.0,-106.0,-104.0,0
2017_10_HOU_LA,2017,2017-11-12,Sunday,HOU,7.0,LA,33.0,40.0,-12.0,-109.0,-101.0,45.0,-650.0,534.0,0
2017_10_DAL_ATL,2017,2017-11-12,Sunday,DAL,7.0,ATL,27.0,34.0,-3.5,-105.0,-105.0,49.0,-185.0,166.0,0
2017_10_NYG_SF,2017,2017-11-12,Sunday,NYG,21.0,SF,31.0,52.0,3.0,102.0,-113.0,41.5,146.0,-162.0,0
2017_10_NE_DEN,2017,2017-11-12,Sunday,NE,41.0,DEN,16.0,57.0,7.0,-123.0,111.0,45.0,245.0,-277.0,0
2017_10_MIA_CAR,2017,2017-11-13,Monday,MIA,21.0,CAR,45.0,66.0,-8.0,-100.0,-110.0,38.5,-365.0,318.0,0
2017_11_TEN_PIT,2017,2017-11-16,Thursday,TEN,17.0,PIT,40.0,57.0,-7.0,102.0,-113.0,44.5,-315.0,277.0,0
2017_11_DET_CHI,2017,2017-11-19,Sunday,DET,27.0,CHI,24.0,51.0,3.0,-107.0,-103.0,41.0,140.0,-155.0,1
2017_11_JAX_CLE,2017,2017-11-19,Sunday,JAX,19.0,CLE,7.0,26.0,7.5,-113.0,102.0,37.0,273.0,-310.0,0
2017_11_BAL_GB,2017,2017-11-19,Sunday,BAL,23.0,GB,0.0,23.0,2.5,-102.0,-108.0,38.5,121.0,-134.0,0
2017_11_ARI_HOU,2017,2017-11-19,Sunday,ARI,21.0,HOU,31.0,52.0,-2.5,-103.0,-107.0,38.0,-130.0,118.0,0
2017_11_TB_MIA,2017,2017-11-19,Sunday,TB,30.0,MIA,20.0,50.0,1.0,102.0,-113.0,44.0,108.0,-119.0,0
2017_11_LA_MIN,2017,2017-11-19,Sunday,LA,7.0,MIN,24.0,31.0,-1.0,-107.0,-103.0,46.0,-117.0,106.0,0
2017_11_WAS_NO,2017,2017-11-19,Sunday,WAS,31.0,NO,34.0,65.0,-9.5,102.0,-113.0,52.5,-360.0,314.0,0
2017_11_KC_NYG,2017,2017-11-19,Sunday,KC,9.0,NYG,12.0,21.0,10.0,-119.0,108.0,44.5,338.0,-390.0,0
2017_11_BUF_LAC,2017,2017-11-19,Sunday,BUF,24.0,LAC,54.0,78.0,-7.0,-101.0,-109.0,41.5,-300.0,264.0,0
2017_11_CIN_DEN,2017,2017-11-19,Sunday,CIN,20.0,DEN,17.0,37.0,-2.5,-128.0,116.0,37.5,-155.0,140.0,0
2017_11_NE_OAK,2017,2017-11-19,Sunday,NE,33.0,OAK,8.0,41.0,7.0,-109.0,-101.0,55.0,256.0,-290.0,0
2017_11_PHI_DAL,2017,2017-11-19,Sunday,PHI,37.0,DAL,9.0,46.0,6.0,-110.0,-100.0,48.0,208.0,-233.0,1
2017_11_ATL_SEA,2017,2017-11-20,Monday,ATL,34.0,SEA,31.0,65.0,-1.0,-106.0,-104.0,46.0,-114.0,103.0,0
2017_12_MIN_DET,2017,2017-11-23,Thursday,MIN,30.0,DET,23.0,53.0,2.5,100.0,-110.0,46.0,122.0,-135.0,1
2017_12_LAC_DAL,2017,2017-11-23,Thursday,LAC,28.0,DAL,6.0,34.0,1.0,-100.0,-110.0,46.5,106.0,-117.0,0
2017_12_NYG_WAS,2017,2017-11-23,Thursday,NYG,10.0,WAS,20.0,30.0,-7.0,-108.0,-102.0,44.0,-310.0,273.0,1
2017_12_TB_ATL,2017,2017-11-26,Sunday,TB,20.0,ATL,34.0,54.0,-10.5,106.0,-117.0,47.0,-470.0,400.0,1
2017_12_CLE_CIN,2017,2017-11-26,Sunday,CLE,16.0,CIN,30.0,46.0,-7.5,102.0,-113.0,39.0,-315.0,277.0,1
2017_12_TEN_IND,2017,2017-11-26,Sunday,TEN,20.0,IND,16.0,36.0,3.0,111.0,-123.0,46.5,157.0,-174.0,1
2017_12_BUF_KC,2017,2017-11-26,Sunday,BUF,16.0,KC,10.0,26.0,-8.5,104.0,-115.0,47.5,-350.0,305.0,0
2017_12_MIA_NE,2017,2017-11-26,Sunday,MIA,17.0,NE,35.0,52.0,-17.0,113.0,-125.0,49.0,-1300.0,894.0,1
2017_12_CAR_NYJ,2017,2017-11-26,Sunday,CAR,35.0,NYJ,27.0,62.0,5.5,-100.0,-110.0,39.5,216.0,-242.0,0
2017_12_CHI_PHI,2017,2017-11-26,Sunday,CHI,3.0,PHI,31.0,34.0,-14.0,111.0,-123.0,43.5,-750.0,604.0,0
2017_12_SEA_SF,2017,2017-11-26,Sunday,SEA,24.0,SF,13.0,37.0,7.0,-117.0,106.0,45.0,252.0,-285.0,1
2017_12_JAX_ARI,2017,2017-11-26,Sunday,JAX,24.0,ARI,27.0,51.0,6.5,-110.0,100.0,37.5,231.0,-260.0,0
2017_12_NO_LA,2017,2017-11-26,Sunday,NO,20.0,LA,26.0,46.0,-2.5,-118.0,107.0,54.0,-145.0,131.0,0
2017_12_DEN_OAK,2017,2017-11-26,Sunday,DEN,14.0,OAK,21.0,35.0,-3.5,-111.0,101.0,41.0,-208.0,186.0,1
2017_12_GB_PIT,2017,2017-11-26,Sunday,GB,28.0,PIT,31.0,59.0,-14.0,-106.0,-104.0,43.0,-900.0,704.0,0
2017_12_HOU_BAL,2017,2017-11-27,Monday,HOU,16.0,BAL,23.0,39.0,-7.5,-107.0,-103.0,39.5,-357.0,311.0,0
2017_13_WAS_DAL,2017,2017-11-30,Thursday,WAS,14.0,DAL,38.0,52.0,1.5,-103.0,-107.0,47.0,108.0,-119.0,1
2017_13_MIN_ATL,2017,2017-12-03,Sunday,MIN,14.0,ATL,9.0,23.0,-2.0,100.0,-110.0,48.5,-121.0,110.0,0
2017_13_DET_BAL,2017,2017-12-03,Sunday,DET,20.0,BAL,44.0,64.0,-2.5,-104.0,-106.0,43.0,-129.0,117.0,0
2017_13_NE_BUF,2017,2017-12-03,Sunday,NE,23.0,BUF,3.0,26.0,7.5,-115.0,104.0,48.5,285.0,-325.0,1
2017_13_SF_CHI,2017,2017-12-03,Sunday,SF,15.0,CHI,14.0,29.0,-2.5,-114.0,103.0,42.0,-138.0,125.0,0
2017_13_TB_GB,2017,2017-12-03,Sunday,TB,20.0,GB,26.0,46.0,-3.0,-115.0,104.0,45.0,-162.0,146.0,0
2017_13_IND_JAX,2017,2017-12-03,Sunday,IND,10.0,JAX,30.0,40.0,-10.0,103.0,-114.0,41.0,-440.0,377.0,1
2017_13_DEN_MIA,2017,2017-12-03,Sunday,DEN,9.0,MIA,35.0,44.0,1.0,100.0,-110.0,41.0,106.0,-117.0,0
2017_13_KC_NYJ,2017,2017-12-03,Sunday,KC,31.0,NYJ,38.0,69.0,3.5,-102.0,-108.0,44.0,171.0,-190.0,0
2017_13_HOU_TEN,2017,2017-12-03,Sunday,HOU,13.0,TEN,24.0,37.0,-7.0,-102.0,-108.0,42.5,-285.0,252.0,1
2017_13_CLE_LAC,2017,2017-12-03,Sunday,CLE,10.0,LAC,19.0,29.0,-13.5,106.0,-117.0,45.0,-754.0,607.0,0
2017_13_LA_ARI,2017,2017-12-03,Sunday,LA,32.0,ARI,16.0,48.0,7.5,-117.0,106.0,43.0,273.0,-310.0,1
2017_13_CAR_NO,2017,2017-12-03,Sunday,CAR,21.0,NO,31.0,52.0,-5.5,-108.0,-102.0,48.0,-248.0,221.0,1
2017_13_NYG_OAK,2017,2017-12-03,Sunday,NYG,17.0,OAK,24.0,41.0,-10.0,-103.0,-107.0,43.0,-450.0,385.0,0
2017_13_PHI_SEA,2017,2017-12-03,Sunday,PHI,10.0,SEA,24.0,34.0,3.5,-100.0,-110.0,46.5,171.0,-190.0,0
2017_13_PIT_CIN,2017,2017-12-04,Monday,PIT,23.0,CIN,20.0,43.0,4.5,-108.0,-102.0,42.5,191.0,-213.0,1
2017_14_NO_ATL,2017,2017-12-07,Thursday,NO,17.0,ATL,20.0,37.0,-2.5,-105.0,-105.0,51.5,-134.0,121.0,1
2017_14_IND_BUF,2017,2017-12-10,Sunday,IND,7.0,BUF,13.0,20.0,-3.5,104.0,-115.0,36.5,-180.0,162.0,0
2017_14_MIN_CAR,2017,2017-12-10,Sunday,MIN,24.0,CAR,31.0,55.0,2.5,-108.0,-102.0,40.5,116.0,-128.0,0
2017_14_CHI_CIN,2017,2017-12-10,Sunday,CHI,33.0,CIN,7.0,40.0,-6.0,-109.0,-101.0,40.5,-260.0,231.0,0
2017_14_GB_CLE,2017,2017-12-10,Sunday,GB,27.0,CLE,21.0,48.0,2.5,-104.0,-106.0,38.5,120.0,-133.0,0
2017_14_SF_HOU,2017,2017-12-10,Sunday,SF,26.0,HOU,16.0,42.0,-1.0,-115.0,104.0,45.5,-123.0,111.0,0
2017_14_OAK_KC,2017,2017-12-10,Sunday,OAK,15.0,KC,26.0,41.0,-4.5,102.0,-113.0,48.5,-209.0,187.0,1
2017_14_DAL_NYG,2017,2017-12-10,Sunday,DAL,30.0,NYG,10.0,40.0,4.0,-109.0,-101.0,42.0,175.0,-195.0,1
2017_14_DET_TB,2017,2017-12-10,Sunday,DET,24.0,TB,21.0,45.0,0.0,-108.0,-102.0,47.5,111.0,-123.0,0
2017_14_TEN_ARI,2017,2017-12-10,Sunday,TEN,7.0,ARI,12.0,19.0,2.5,104.0,-115.0,42.0,129.0,-143.0,0
2017_14_NYJ_DEN,2017,2017-12-10,Sunday,NYJ,0.0,DEN,23.0,23.0,1.0,-111.0,101.0,40.5,-106.0,-104.0,0
2017_14_WAS_LAC,2017,2017-12-10,Sunday,WAS,13.0,LAC,30.0,43.0,-6.0,-108.0,-102.0,46.5,-265.0,235.0,0
2017_14_SEA_JAX,2017,2017-12-10,Sunday,SEA,24.0,JAX,30.0,54.0,-3.0,113.0,-125.0,41.0,-143.0,129.0,0
2017_14_PHI_LA,2017,2017-12-10,Sunday,PHI,43.0,LA,35.0,78.0,1.0,-102.0,-108.0,47.5,104.0,-115.0,0
2017_14_BAL_PIT,2017,2017-12-10,Sunday,BAL,38.0,PIT,39.0,77.0,-6.0,-100.0,-110.0,43.0,-244.0,217.0,1
2017_14_NE_MIA,2017,2017-12-11,Monday,NE,20.0,MIA,27.0,47.0,10.0,-106.0,-104.0,48.0,412.0,-485.0,1
2017_15_DEN_IND,2017,2017-12-14,Thursday,DEN,25.0,IND,13.0,38.0,3.0,-115.0,104.0,40.5,131.0,-145.0,0
2017_15_CHI_DET,2017,2017-12-16,Saturday,CHI,10.0,DET,20.0,30.0,-5.0,-109.0,-101.0,43.5,-236.0,211.0,1
2017_15_LAC_KC,2017,2017-12-16,Saturday,LAC,13.0,KC,30.0,43.0,-1.0,-106.0,-104.0,47.0,-113.0,102.0,1
2017_15_MIA_BUF,2017,2017-12-17,Sunday,MIA,16.0,BUF,24.0,40.0,-3.5,-103.0,-107.0,39.5,-185.0,166.0,1
2017_15_GB_CAR,2017,2017-12-17,Sunday,GB,24.0,CAR,31.0,55.0,-3.0,-100.0,-110.0,46.5,-150.0,136.0,0
2017_15_BAL_CLE,2017,2017-12-17,Sunday,BAL,27.0,CLE,10.0,37.0,6.5,-108.0,-102.0,42.0,231.0,-260.0,1
2017_15_HOU_JAX,2017,2017-12-17,Sunday,HOU,7.0,JAX,45.0,52.0,-10.5,102.0,-113.0,39.0,-450.0,385.0,1
2017_15_CIN_MIN,2017,2017-12-17,Sunday,CIN,7.0,MIN,34.0,41.0,-12.5,-110.0,-100.0,42.5,-650.0,534.0,0
2017_15_NYJ_NO,2017,2017-12-17,Sunday,NYJ,19.0,NO,31.0,50.0,-16.5,102.0,-113.0,47.0,-1100.0,789.0,0
2017_15_PHI_NYG,2017,2017-12-17,Sunday,PHI,34.0,NYG,29.0,63.0,7.5,-119.0,108.0,40.5,264.0,-300.0,1
2017_15_ARI_WAS,2017,2017-12-17,Sunday,ARI,15.0,WAS,20.0,35.0,-4.0,-110.0,-100.0,40.0,-202.0,181.0,0
2017_15_LA_SEA,2017,2017-12-17,Sunday,LA,42.0,SEA,7.0,49.0,1.0,-110.0,-100.0,47.5,-105.0,-105.0,1
2017_15_NE_PIT,2017,2017-12-17,Sunday,NE,27.0,PIT,24.0,51.0,2.5,102.0,-113.0,53.0,126.0,-139.0,0
2017_15_TEN_SF,2017,2017-12-17,Sunday,TEN,23.0,SF,25.0,48.0,-2.5,102.0,-113.0,44.5,-123.0,111.0,0
2017_15_DAL_OAK,2017,2017-12-17,Sunday,DAL,20.0,OAK,17.0,37.0,3.0,-115.0,104.0,46.0,129.0,-143.0,0
2017_15_ATL_TB,2017,2017-12-18,Monday,ATL,24.0,TB,21.0,45.0,7.0,-105.0,-105.0,49.5,281.0,-320.0,1
2017_16_IND_BAL,2017,2017-12-23,Saturday,IND,16.0,BAL,23.0,39.0,-13.5,-102.0,-108.0,41.0,-800.0,638.0,0
2017_16_MIN_GB,2017,2017-12-23,Saturday,MIN,16.0,GB,0.0,16.0,8.5,-110.0,-100.0,41.0,346.0,-400.0,1
2017_16_TB_CAR,2017,2017-12-24,Sunday,TB,19.0,CAR,22.0,41.0,-10.0,-102.0,-108.0,46.5,-450.0,385.0,1
2017_16_CLE_CHI,2017,2017-12-24,Sunday,CLE,3.0,CHI,20.0,23.0,-5.5,-106.0,-104.0,37.0,-230.0,205.0,0
2017_16_DET_CIN,2017,2017-12-24,Sunday,DET,17.0,CIN,26.0,43.0,3.0,-106.0,-104.0,43.5,139.0,-154.0,0
2017_16_MIA_KC,2017,2017-12-24,Sunday,MIA,13.0,KC,29.0,42.0,-11.0,-100.0,-110.0,43.5,-510.0,431.0,0
2017_16_BUF_NE,2017,2017-12-24,Sunday,BUF,16.0,NE,37.0,53.0,-11.0,-107.0,-103.0,47.5,-510.0,431.0,1
2017_16_ATL_NO,2017,2017-12-24,Sunday,ATL,13.0,NO,23.0,36.0,-5.5,-108.0,-102.0,52.0,-242.0,216.0,1
2017_16_LAC_NYJ,2017,2017-12-24,Sunday,LAC,14.0,NYJ,7.0,21.0,7.5,-117.0,106.0,42.5,264.0,-300.0,0
2017_16_LA_TEN,2017,2017-12-24,Sunday,LA,27.0,TEN,23.0,50.0,5.5,-105.0,-105.0,46.0,205.0,-230.0,0
2017_16_DEN_WAS,2017,2017-12-24,Sunday,DEN,11.0,WAS,27.0,38.0,-3.0,-110.0,100.0,39.5,-160.0,144.0,0
2017_16_JAX_SF,2017,2017-12-24,Sunday,JAX,33.0,SF,44.0,77.0,4.0,-108.0,-102.0,43.0,186.0,-208.0,0
2017_16_NYG_ARI,2017,2017-12-24,Sunday,NYG,0.0,ARI,23.0,23.0,-3.0,-116.0,105.0,39.0,-173.0,156.0,0
2017_16_SEA_DAL,2017,2017-12-24,Sunday,SEA,21.0,DAL,12.0,33.0,-4.5,-105.0,-105.0,47.0,-213.0,191.0,0
2017_16_PIT_HOU,2017,2017-12-25,Monday,PIT,34.0,HOU,6.0,40.0,8.0,-107.0,-103.0,45.5,346.0,-400.0,0
2017_16_OAK_PHI,2017,2017-12-25,Monday,OAK,10.0,PHI,19.0,29.0,-10.0,-103.0,-107.0,46.0,-420.0,361.0,0
2017_17_GB_DET,2017,2017-12-31,Sunday,GB,11.0,DET,35.0,46.0,-7.5,103.0,-114.0,45.0,-315.0,277.0,1
2017_17_HOU_IND,2017,2017-12-31,Sunday,HOU,13.0,IND,22.0,35.0,-5.5,-102.0,-108.0,42.0,-230.0,201.0,1
2017_17_CHI_MIN,2017,2017-12-31,Sunday,CHI,10.0,MIN,23.0,33.0,-13.5,111.0,-123.0,38.0,-750.0,581.0,1
2017_17_NYJ_NE,2017,2017-12-31,Sunday,NYJ,6.0,NE,26.0,32.0,-17.0,109.0,-120.0,43.5,-1400.0,851.0,1
2017_17_WAS_NYG,2017,2017-12-31,Sunday,WAS,10.0,NYG,18.0,28.0,5.0,102.0,-113.0,41.0,201.0,-230.0,1
2017_17_DAL_PHI,2017,2017-12-31,Sunday,DAL,6.0,PHI,0.0,6.0,3.5,102.0,-113.0,41.0,176.0,-200.0,1
2017_17_CLE_PIT,2017,2017-12-31,Sunday,CLE,24.0,PIT,28.0,52.0,-5.0,102.0,-113.0,38.5,-210.0,184.0,1
2017_17_CAR_ATL,2017,2017-12-31,Sunday,CAR,10.0,ATL,22.0,32.0,-5.0,-110.0,-100.0,44.5,-236.0,211.0,1
2017_17_CIN_BAL,2017,2017-12-31,Sunday,CIN,31.0,BAL,27.0,58.0,-8.0,102.0,-113.0,40.0,-370.0,322.0,1
2017_17_KC_DEN,2017,2017-12-31,Sunday,KC,27.0,DEN,24.0,51.0,-3.0,-112.0,102.0,37.5,-174.0,154.0,1
2017_17_SF_LA,2017,2017-12-31,Sunday,SF,34.0,LA,13.0,47.0,6.5,102.0,-113.0,44.5,241.0,-278.0,1
2017_17_OAK_LAC,2017,2017-12-31,Sunday,OAK,10.0,LAC,30.0,40.0,-7.0,104.0,-115.0,43.0,-305.0,269.0,1
2017_17_BUF_MIA,2017,2017-12-31,Sunday,BUF,22.0,MIA,16.0,38.0,2.5,-108.0,-102.0,41.5,118.0,-130.0,1
2017_17_ARI_SEA,2017,2017-12-31,Sunday,ARI,26.0,SEA,24.0,50.0,-8.0,101.0,-111.0,38.0,-374.0,325.0,1
2017_17_NO_TB,2017,2017-12-31,Sunday,NO,24.0,TB,31.0,55.0,6.0,-108.0,-102.0,49.0,222.0,-250.0,1
2017_17_JAX_TEN,2017,2017-12-31,Sunday,JAX,10.0,TEN,15.0,25.0,-2.5,-113.0,102.0,40.0,-138.0,125.0,1
2017_18_TEN_KC,2017,2018-01-06,Saturday,TEN,22.0,KC,21.0,43.0,-8.5,-105.0,-105.0,44.0,-430.0,369.0,0
2017_18_ATL_LA,2017,2018-01-06,Saturday,ATL,26.0,LA,13.0,39.0,-6.5,102.0,-113.0,48.0,-250.0,222.0,0
2017_18_BUF_JAX,2017,2018-01-07,Sunday,BUF,3.0,JAX,10.0,13.0,-8.5,-110.0,-100.0,39.5,-400.0,346.0,0
2017_18_CAR_NO,2017,2018-01-07,Sunday,CAR,26.0,NO,31.0,57.0,-6.5,-107.0,-103.0,47.5,-265.0,235.0,1
2017_19_ATL_PHI,2017,2018-01-13,Saturday,ATL,10.0,PHI,15.0,25.0,2.5,-103.0,-107.0,40.0,120.0,-133.0,0
2017_19_TEN_NE,2017,2018-01-13,Saturday,TEN,14.0,NE,35.0,49.0,-13.5,-110.0,-100.0,48.0,-790.0,607.0,0
2017_19_JAX_PIT,2017,2018-01-14,Sunday,JAX,45.0,PIT,42.0,87.0,-7.0,106.0,-117.0,40.5,-280.0,248.0,0
2017_19_NO_MIN,2017,2018-01-14,Sunday,NO,24.0,MIN,29.0,53.0,-5.5,-108.0,-102.0,47.0,-230.0,205.0,0
2017_20_JAX_NE,2017,2018-01-21,Sunday,JAX,20.0,NE,24.0,44.0,-7.5,-103.0,-107.0,46.0,-330.0,289.0,0
2017_20_MIN_PHI,2017,2018-01-21,Sunday,MIN,7.0,PHI,38.0,45.0,3.0,-115.0,104.0,39.0,133.0,-147.0,0
2017_21_PHI_NE,2017,2018-02-04,Sunday,PHI,41.0,NE,33.0,74.0,-4.5,103.0,-114.0,48.5,-202.0,181.0,0
2018_01_ATL_PHI,2018,2018-09-06,Thursday,ATL,12.0,PHI,18.0,30.0,-1.0,101.0,-111.0,44.5,-106.0,-104.0,0
2018_01_BUF_BAL,2018,2018-09-09,Sunday,BUF,3.0,BAL,47.0,50.0,-7.5,-104.0,-106.0,39.0,-355.0,309.0,0
2018_01_PIT_CLE,2018,2018-09-09,Sunday,PIT,21.0,CLE,21.0,42.0,3.5,-116.0,105.0,41.0,156.0,-173.0,1
2018_01_CIN_IND,2018,2018-09-09,Sunday,CIN,34.0,IND,23.0,57.0,1.0,-113.0,102.0,47.5,-105.0,-105.0,0
2018_01_TEN_MIA,2018,2018-09-09,Sunday,TEN,20.0,MIA,27.0,47.0,1.0,-103.0,-107.0,43.5,104.0,-115.0,0
2018_01_SF_MIN,2018,2018-09-09,Sunday,SF,16.0,MIN,24.0,40.0,-6.0,-108.0,-102.0,46.5,-268.0,238.0,0
2018_01_HOU_NE,2018,2018-09-09,Sunday,HOU,20.0,NE,27.0,47.0,-6.0,-105.0,-105.0,49.5,-240.0,214.0,0
2018_01_TB_NO,2018,2018-09-09,Sunday,TB,48.0,NO,40.0,88.0,-10.0,-102.0,-108.0,50.0,-450.0,385.0,1
2018_01_JAX_NYG,2018,2018-09-09,Sunday,JAX,20.0,NYG,15.0,35.0,2.5,106.0,-117.0,43.0,127.0,-141.0,0
2018_01_KC_LAC,2018,2018-09-09,Sunday,KC,38.0,LAC,28.0,66.0,-3.5,-106.0,-104.0,48.0,-185.0,166.0,1
2018_01_WAS_ARI,2018,2018-09-09,Sunday,WAS,24.0,ARI,6.0,30.0,-2.0,-106.0,-104.0,43.5,-129.0,117.0,0
2018_01_DAL_CAR,2018,2018-09-09,Sunday,DAL,8.0,CAR,16.0,24.0,-2.5,-121.0,110.0,42.5,-149.0,134.0,0
2018_01_SEA_DEN,2018,2018-09-09,Sunday,SEA,24.0,DEN,27.0,51.0,-3.0,-120.0,109.0,42.5,-175.0,157.0,0
2018_01_CHI_GB,2018,2018-09-09,Sunday,CHI,23.0,GB,24.0,47.0,-6.5,-100.0,-110.0,45.0,-271.0,240.0,1
2018_01_NYJ_DET,2018,2018-09-10,Monday,NYJ,48.0,DET,17.0,65.0,-7.0,-114.0,103.0,44.0,-339.0,297.0,0
2018_01_LA_OAK,2018,2018-09-10,Monday,LA,33.0,OAK,13.0,46.0,6.0,-106.0,-104.0,47.5,212.0,-238.0,0
2018_02_BAL_CIN,2018,2018-09-13,Thursday,BAL,23.0,CIN,34.0,57.0,-1.0,-109.0,-101.0,43.0,-115.0,104.0,1
2018_02_CAR_ATL,2018,2018-09-16,Sunday,CAR,24.0,ATL,31.0,55.0,-5.5,-108.0,-102.0,44.0,-240.0,214.0,1
2018_02_LAC_BUF,2018,2018-09-16,Sunday,LAC,31.0,BUF,20.0,51.0,7.5,-115.0,104.0,41.5,261.0,-296.0,0
2018_02_MIN_GB,2018,2018-09-16,Sunday,MIN,29.0,GB,29.0,58.0,2.0,-110.0,100.0,45.0,110.0,-121.0,1
2018_02_CLE_NO,2018,2018-09-16,Sunday,CLE,18.0,NO,21.0,39.0,-10.0,-102.0,-108.0,51.0,-407.0,351.0,0
2018_02_MIA_NYJ,2018,2018-09-16,Sunday,MIA,20.0,NYJ,12.0,32.0,-3.0,-114.0,103.0,43.0,-170.0,153.0,1
2018_02_KC_PIT,2018,2018-09-16,Sunday,KC,42.0,PIT,37.0,79.0,-4.5,-102.0,-108.0,52.0,-199.0,179.0,0
2018_02_PHI_TB,2018,2018-09-16,Sunday,PHI,21.0,TB,27.0,48.0,3.0,-117.0,106.0,46.5,129.0,-142.0,0
2018_02_HOU_TEN,2018,2018-09-16,Sunday,HOU,17.0,TEN,20.0,37.0,3.5,-114.0,103.0,41.0,159.0,-176.0,1
2018_02_IND_WAS,2018,2018-09-16,Sunday,IND,21.0,WAS,9.0,30.0,-6.0,-102.0,-108.0,48.0,-239.0,213.0,0
2018_02_ARI_LA,2018,2018-09-16,Sunday,ARI,0.0,LA,34.0,34.0,-13.5,-100.0,-110.0,43.5,-775.0,621.0,1
2018_02_DET_SF,2018,2018-09-16,Sunday,DET,27.0,SF,30.0,57.0,-6.0,101.0,-111.0,48.5,-235.0,210.0,0
2018_02_OAK_DEN,2018,2018-09-16,Sunday,OAK,19.0,DEN,20.0,39.0,-5.5,-106.0,-104.0,44.5,-231.0,207.0,1
2018_02_NE_JAX,2018,2018-09-16,Sunday,NE,20.0,JAX,31.0,51.0,2.0,-100.0,-110.0,44.5,120.0,-133.0,0
2018_02_NYG_DAL,2018,2018-09-16,Sunday,NYG,13.0,DAL,20.0,33.0,-3.0,-102.0,-108.0,42.0,-152.0,138.0,1
2018_02_SEA_CHI,2018,2018-09-17,Monday,SEA,17.0,CHI,24.0,41.0,-5.0,-108.0,-102.0,42.5,-231.0,206.0,0
2018_03_NYJ_CLE,2018,2018-09-20,Thursday,NYJ,17.0,CLE,21.0,38.0,-3.0,-115.0,103.0,41.0,-170.0,153.0,0
2018_03_NO_ATL,2018,2018-09-23,Sunday,NO,43.0,ATL,37.0,80.0,-1.5,-110.0,-101.0,54.0,-125.0,113.0,1
2018_03_DEN_BAL,2018,2018-09-23,Sunday,DEN,14.0,BAL,27.0,41.0,-5.5,-104.0,-106.0,46.0,-225.0,201.0,0
2018_03_CIN_CAR,2018,2018-09-23,Sunday,CIN,21.0,CAR,31.0,52.0,-2.5,-118.0,106.0,44.0,-142.0,128.0,0
2018_03_NYG_HOU,2018,2018-09-23,Sunday,NYG,27.0,HOU,22.0,49.0,-6.5,-102.0,-109.0,44.0,-259.0,230.0,0
2018_03_TEN_JAX,2018,2018-09-23,Sunday,TEN,9.0,JAX,6.0,15.0,-10.0,100.0,-111.0,39.0,-415.0,357.0,1
2018_03_SF_KC,2018,2018-09-23,Sunday,SF,27.0,KC,38.0,65.0,-6.0,-108.0,-103.0,53.0,-250.0,222.0,0
2018_03_OAK_MIA,2018,2018-09-23,Sunday,OAK,20.0,MIA,28.0,48.0,-3.0,111.0,-125.0,46.0,-138.0,125.0,0
2018_03_BUF_MIN,2018,2018-09-23,Sunday,BUF,27.0,MIN,6.0,33.0,-16.5,-103.0,-108.0,41.0,-1200.0,803.0,0
2018_03_IND_PHI,2018,2018-09-23,Sunday,IND,16.0,PHI,20.0,36.0,-6.5,-108.0,-103.0,45.5,-274.0,243.0,0
2018_03_GB_WAS,2018,2018-09-23,Sunday,GB,17.0,WAS,31.0,48.0,2.5,-101.0,-110.0,46.5,122.0,-135.0,0
2018_03_LAC_LA,2018,2018-09-23,Sunday,LAC,23.0,LA,35.0,58.0,-7.5,111.0,-125.0,49.0,-288.0,254.0,0
2018_03_CHI_ARI,2018,2018-09-23,Sunday,CHI,16.0,ARI,14.0,30.0,6.0,-111.0,-100.0,39.0,224.0,-252.0,0
2018_03_DAL_SEA,2018,2018-09-23,Sunday,DAL,13.0,SEA,24.0,37.0,-1.0,-108.0,-103.0,40.0,-117.0,106.0,0
2018_03_NE_DET,2018,2018-09-23,Sunday,NE,10.0,DET,26.0,36.0,7.0,-120.0,107.0,55.5,269.0,-306.0,0
2018_03_PIT_TB,2018,2018-09-24,Monday,PIT,30.0,TB,27.0,57.0,-1.0,-112.0,101.0,55.0,-117.0,106.0,0
2018_04_MIN_LA,2018,2018-09-27,Thursday,MIN,31.0,LA,38.0,69.0,-7.5,104.0,-116.0,48.5,-321.0,282.0,0
2018_04_CIN_ATL,2018,2018-09-30,Sunday,CIN,37.0,ATL,36.0,73.0,-3.5,102.0,-114.0,52.0,-179.0,161.0,0
2018_04_TB_CHI,2018,2018-09-30,Sunday,TB,10.0,CHI,48.0,58.0,-3.0,113.0,-127.0,46.0,-140.0,126.0,0
2018_04_DET_DAL,2018,2018-09-30,Sunday,DET,24.0,DAL,26.0,50.0,-2.5,-113.0,102.0,44.0,-140.0,127.0,0
2018_04_BUF_GB,2018,2018-09-30,Sunday,BUF,0.0,GB,22.0,22.0,-8.5,-108.0,-103.0,44.0,-365.0,317.0,0
2018_04_HOU_IND,2018,2018-09-30,Sunday,HOU,37.0,IND,34.0,71.0,1.0,-103.0,-107.0,48.0,104.0,-115.0,1
2018_04_NYJ_JAX,2018,2018-09-30,Sunday,NYJ,12.0,JAX,31.0,43.0,-7.5,108.0,-121.0,40.5,-335.0,293.0,0
2018_04_MIA_NE,2018,2018-09-30,Sunday,MIA,7.0,NE,38.0,45.0,-6.5,-108.0,-103.0,50.5,-279.0,247.0,1
2018_04_PHI_TEN,2018,2018-09-30,Sunday,PHI,23.0,TEN,26.0,49.0,3.0,-115.0,103.0,41.5,132.0,-146.0,0
2018_04_SEA_ARI,2018,2018-09-30,Sunday,SEA,20.0,ARI,17.0,37.0,3.5,100.0,-111.0,40.0,173.0,-192.0,1
2018_04_CLE_OAK,2018,2018-09-30,Sunday,CLE,42.0,OAK,45.0,87.0,-2.5,-111.0,100.0,44.5,-135.0,122.0,0
2018_04_SF_LAC,2018,2018-09-30,Sunday,SF,27.0,LAC,29.0,56.0,-10.0,106.0,-118.0,46.0,-428.0,368.0,0
2018_04_NO_NYG,2018,2018-09-30,Sunday,NO,33.0,NYG,18.0,51.0,3.5,-122.0,109.0,51.5,153.0,-170.0,0
2018_04_BAL_PIT,2018,2018-09-30,Sunday,BAL,26.0,PIT,14.0,40.0,-3.0,-115.0,103.0,51.0,-170.0,153.0,1
2018_04_KC_DEN,2018,2018-10-01,Monday,KC,27.0,DEN,23.0,50.0,3.5,-113.0,102.0,53.5,159.0,-176.0,1
2018_05_IND_NE,2018,2018-10-04,Thursday,IND,24.0,NE,38.0,62.0,-10.5,-101.0,-110.0,49.5,-537.0,452.0,0
2018_05_TEN_BUF,2018,2018-10-07,Sunday,TEN,12.0,BUF,13.0,25.0,6.0,101.0,-112.0,38.0,238.0,-269.0,0
2018_05_NYG_CAR,2018,2018-10-07,Sunday,NYG,31.0,CAR,33.0,64.0,-7.0,111.0,-125.0,43.5,-264.0,234.0,0
2018_05_MIA_CIN,2018,2018-10-07,Sunday,MIA,17.0,CIN,27.0,44.0,-6.0,-103.0,-107.0,47.5,-255.0,227.0,0
2018_05_BAL_CLE,2018,2018-10-07,Sunday,BAL,9.0,CLE,12.0,21.0,3.0,106.0,-119.0,44.5,154.0,-171.0,1
2018_05_GB_DET,2018,2018-10-07,Sunday,GB,23.0,DET,31.0,54.0,-1.0,-117.0,105.0,50.0,-125.0,114.0,1
2018_05_JAX_KC,2018,2018-10-07,Sunday,JAX,14.0,KC,30.0,44.0,-3.0,103.0,-115.0,48.0,-144.0,131.0,0
2018_05_DEN_NYJ,2018,2018-10-07,Sunday,DEN,16.0,NYJ,34.0,50.0,1.0,-110.0,-101.0,42.0,-104.0,-106.0,0
2018_05_ATL_PIT,2018,2018-10-07,Sunday,ATL,17.0,PIT,41.0,58.0,-3.5,-103.0,-108.0,57.0,-180.0,162.0,0
2018_05_OAK_LAC,2018,2018-10-07,Sunday,OAK,10.0,LAC,26.0,36.0,-5.5,-105.0,-105.0,52.0,-230.0,205.0,1
2018_05_MIN_PHI,2018,2018-10-07,Sunday,MIN,23.0,PHI,21.0,44.0,-3.5,-104.0,-106.0,48.0,-180.0,162.0,0
2018_05_LA_SEA,2018,2018-10-07,Sunday,LA,33.0,SEA,31.0,64.0,7.5,-113.0,102.0,50.5,277.0,-315.0,1
2018_05_ARI_SF,2018,2018-10-07,Sunday,ARI,28.0,SF,18.0,46.0,-3.0,-108.0,-103.0,40.5,-161.0,146.0,1
2018_05_DAL_HOU,2018,2018-10-07,Sunday,DAL,16.0,HOU,19.0,35.0,-3.5,102.0,-114.0,45.0,-173.0,156.0,0
2018_05_WAS_NO,2018,2018-10-08,Monday,WAS,19.0,NO,43.0,62.0,-5.5,-108.0,-103.0,51.5,-250.0,222.0,0
2018_06_PHI_NYG,2018,2018-10-11,Thursday,PHI,34.0,NYG,13.0,47.0,1.5,-100.0,-111.0,45.5,114.0,-126.0,1
2018_06_TB_ATL,2018,2018-10-14,Sunday,TB,29.0,ATL,34.0,63.0,-3.0,-107.0,-103.0,57.5,-159.0,144.0,1
2018_06_PIT_CIN,2018,2018-10-14,Sunday,PIT,28.0,CIN,21.0,49.0,-1.0,-108.0,-103.0,49.5,-113.0,103.0,1
2018_06_LAC_CLE,2018,2018-10-14,Sunday,LAC,38.0,CLE,14.0,52.0,-1.0,101.0,-112.0,47.0,-105.0,-105.0,0
2018_06_BUF_HOU,2018,2018-10-14,Sunday,BUF,13.0,HOU,20.0,33.0,-10.5,106.0,-119.0,40.5,-439.0,376.0,0
2018_06_CHI_MIA,2018,2018-10-14,Sunday,CHI,28.0,MIA,31.0,59.0,7.5,-123.0,110.0,40.5,254.0,-287.0,0
2018_06_ARI_MIN,2018,2018-10-14,Sunday,ARI,17.0,MIN,27.0,44.0,-10.0,112.0,-126.0,43.5,-405.0,350.0,0
2018_06_IND_NYJ,2018,2018-10-14,Sunday,IND,34.0,NYJ,42.0,76.0,-2.5,-119.0,106.0,47.5,-145.0,131.0,0
2018_06_SEA_OAK,2018,2018-10-14,Sunday,SEA,27.0,OAK,3.0,30.0,3.0,-110.0,-101.0,47.5,137.0,-152.0,0
2018_06_CAR_WAS,2018,2018-10-14,Sunday,CAR,17.0,WAS,23.0,40.0,1.0,-102.0,-109.0,44.5,104.0,-115.0,0
2018_06_LA_DEN,2018,2018-10-14,Sunday,LA,23.0,DEN,20.0,43.0,7.0,-108.0,-103.0,50.0,264.0,-300.0,0
2018_06_JAX_DAL,2018,2018-10-14,Sunday,JAX,7.0,DAL,40.0,47.0,3.0,106.0,-119.0,39.5,156.0,-173.0,0
2018_06_BAL_TEN,2018,2018-10-14,Sunday,BAL,21.0,TEN,0.0,21.0,2.5,-103.0,-108.0,43.5,124.0,-137.0,0
2018_06_KC_NE,2018,2018-10-14,Sunday,KC,40.0,NE,43.0,83.0,-4.0,-107.0,-103.0,59.5,-190.0,171.0,0
2018_06_SF_GB,2018,2018-10-15,Monday,SF,30.0,GB,33.0,63.0,-9.0,-103.0,-108.0,46.5,-420.0,361.0,0
2018_07_DEN_ARI,2018,2018-10-18,Thursday,DEN,45.0,ARI,10.0,55.0,1.0,-110.0,-101.0,42.5,-101.0,-110.0,0
2018_07_NE_CHI,2018,2018-10-21,Sunday,NE,38.0,CHI,31.0,69.0,1.0,107.0,-120.0,49.0,116.0,-128.0,0
2018_07_BUF_IND,2018,2018-10-21,Sunday,BUF,5.0,IND,37.0,42.0,-7.0,101.0,-112.0,43.5,-293.0,258.0,0
2018_07_HOU_JAX,2018,2018-10-21,Sunday,HOU,20.0,JAX,7.0,27.0,-4.0,-110.0,-101.0,43.0,-210.0,188.0,1
2018_07_DET_MIA,2018,2018-10-21,Sunday,DET,32.0,MIA,21.0,53.0,3.0,110.0,-124.0,47.0,159.0,-177.0,0
2018_07_MIN_NYJ,2018,2018-10-21,Sunday,MIN,37.0,NYJ,17.0,54.0,3.5,-119.0,106.0,45.0,157.0,-175.0,0
2018_07_CAR_PHI,2018,2018-10-21,Sunday,CAR,21.0,PHI,17.0,38.0,-5.0,-109.0,-102.0,45.0,-226.0,202.0,0
2018_07_CLE_TB,2018,2018-10-21,Sunday,CLE,23.0,TB,26.0,49.0,-3.5,-105.0,-105.0,52.5,-181.0,163.0,0
2018_07_NO_BAL,2018,2018-10-21,Sunday,NO,24.0,BAL,23.0,47.0,-2.5,-114.0,102.0,49.0,-143.0,129.0,0
2018_07_LA_SF,2018,2018-10-21,Sunday,LA,39.0,SF,10.0,49.0,8.0,-101.0,-110.0,52.0,338.0,-390.0,1
2018_07_DAL_WAS,2018,2018-10-21,Sunday,DAL,17.0,WAS,20.0,37.0,1.5,101.0,-112.0,40.5,114.0,-126.0,1
2018_07_CIN_KC,2018,2018-10-21,Sunday,CIN,10.0,KC,45.0,55.0,-6.5,-106.0,-104.0,56.0,-271.0,240.0,0
2018_07_TEN_LAC,2018,2018-10-21,Sunday,TEN,19.0,LAC,20.0,39.0,-6.5,-108.0,-103.0,46.0,-277.0,245.0,0
2018_07_NYG_ATL,2018,2018-10-22,Monday,NYG,20.0,ATL,23.0,43.0,-4.5,-101.0,-110.0,52.0,-209.0,187.0,0
2018_08_MIA_HOU,2018,2018-10-25,Thursday,MIA,23.0,HOU,42.0,65.0,-7.5,101.0,-112.0,45.0,-337.0,295.0,0
2018_08_BAL_CAR,2018,2018-10-28,Sunday,BAL,21.0,CAR,36.0,57.0,2.5,102.0,-114.0,44.0,129.0,-143.0,0
2018_08_NYJ_CHI,2018,2018-10-28,Sunday,NYJ,10.0,CHI,24.0,34.0,-8.5,106.0,-119.0,42.5,-350.0,305.0,0
2018_08_TB_CIN,2018,2018-10-28,Sunday,TB,34.0,CIN,37.0,71.0,-3.5,-108.0,-103.0,55.0,-192.0,173.0,0
2018_08_SEA_DET,2018,2018-10-28,Sunday,SEA,28.0,DET,14.0,42.0,-3.0,-110.0,-101.0,47.5,-162.0,146.0,0
2018_08_DEN_KC,2018,2018-10-28,Sunday,DEN,23.0,KC,30.0,53.0,-8.5,-109.0,-102.0,53.0,-389.0,337.0,1
2018_08_WAS_NYG,2018,2018-10-28,Sunday,WAS,20.0,NYG,13.0,33.0,1.0,-110.0,-101.0,43.0,-102.0,-108.0,1
2018_08_CLE_PIT,2018,2018-10-28,Sunday,CLE,18.0,PIT,33.0,51.0,-8.5,-103.0,-108.0,47.5,-378.0,328.0,1
2018_08_IND_OAK,2018,2018-10-28,Sunday,IND,42.0,OAK,28.0,70.0,3.5,-109.0,-102.0,51.0,165.0,-183.0,0
2018_08_SF_ARI,2018,2018-10-28,Sunday,SF,15.0,ARI,18.0,33.0,2.5,104.0,-116.0,40.0,125.0,-138.0,1
2018_08_GB_LA,2018,2018-10-28,Sunday,GB,27.0,LA,29.0,56.0,-7.5,-105.0,-105.0,57.0,-340.0,297.0,0
2018_08_NO_MIN,2018,2018-10-28,Sunday,NO,30.0,MIN,20.0,50.0,2.5,-103.0,-108.0,53.5,118.0,-130.0,0
2018_08_PHI_JAX,2018,2018-10-28,Sunday,PHI,24.0,JAX,18.0,42.0,4.0,-108.0,-103.0,44.5,186.0,-208.0,0
2018_08_NE_BUF,2018,2018-10-29,Monday,NE,25.0,BUF,6.0,31.0,13.5,-103.0,-107.0,44.0,744.0,-1018.0,1
2018_09_OAK_SF,2018,2018-11-01,Thursday,OAK,3.0,SF,34.0,37.0,1.5,-108.0,-103.0,44.0,106.0,-117.0,0
2018_09_PIT_BAL,2018,2018-11-04,Sunday,PIT,23.0,BAL,16.0,39.0,-1.5,-114.0,102.0,47.0,-129.0,117.0,1
2018_09_CHI_BUF,2018,2018-11-04,Sunday,CHI,41.0,BUF,9.0,50.0,10.5,-125.0,111.0,38.0,346.0,-400.0,0
2018_09_TB_CAR,2018,2018-11-04,Sunday,TB,28.0,CAR,42.0,70.0,-6.0,-111.0,100.0,55.5,-286.0,253.0,1
2018_09_KC_CLE,2018,2018-11-04,Sunday,KC,37.0,CLE,21.0,58.0,7.5,-101.0,-110.0,51.0,330.0,-380.0,0
2018_09_NYJ_MIA,2018,2018-11-04,Sunday,NYJ,6.0,MIA,13.0,19.0,-3.0,-103.0,-108.0,43.5,-155.0,140.0,1
2018_09_DET_MIN,2018,2018-11-04,Sunday,DET,9.0,MIN,24.0,33.0,-4.5,-110.0,-101.0,47.0,-218.0,195.0,1
2018_09_ATL_WAS,2018,2018-11-04,Sunday,ATL,38.0,WAS,14.0,52.0,-1.5,-114.0,102.0,46.5,-128.0,116.0,0
2018_09_HOU_DEN,2018,2018-11-04,Sunday,HOU,19.0,DEN,17.0,36.0,-1.0,-115.0,103.0,46.5,-119.0,108.0,0
2018_09_LAC_SEA,2018,2018-11-04,Sunday,LAC,25.0,SEA,17.0,42.0,-1.0,102.0,-114.0,48.5,-104.0,-106.0,0
2018_09_LA_NO,2018,2018-11-04,Sunday,LA,35.0,NO,45.0,80.0,2.5,-108.0,-103.0,57.5,120.0,-133.0,0
2018_09_GB_NE,2018,2018-11-04,Sunday,GB,17.0,NE,31.0,48.0,-5.0,-108.0,-103.0,56.0,-221.0,198.0,0
2018_09_TEN_DAL,2018,2018-11-05,Monday,TEN,28.0,DAL,14.0,42.0,-4.5,-112.0,101.0,40.0,-228.0,203.0,0
2018_10_CAR_PIT,2018,2018-11-08,Thursday,CAR,21.0,PIT,52.0,73.0,-3.5,-104.0,-106.0,51.0,-189.0,170.0,0
2018_10_DET_CHI,2018,2018-11-11,Sunday,DET,22.0,CHI,34.0,56.0,-7.5,102.0,-114.0,44.5,-320.0,281.0,1
2018_10_NO_CIN,2018,2018-11-11,Sunday,NO,51.0,CIN,14.0,65.0,5.5,-103.0,-108.0,53.0,225.0,-253.0,0
2018_10_ATL_CLE,2018,2018-11-11,Sunday,ATL,16.0,CLE,28.0,44.0,5.5,-108.0,-103.0,49.5,212.0,-238.0,0
2018_10_JAX_IND,2018,2018-11-11,Sunday,JAX,26.0,IND,29.0,55.0,-3.0,-105.0,-105.0,48.0,-156.0,141.0,1
2018_10_ARI_KC,2018,2018-11-11,Sunday,ARI,14.0,KC,26.0,40.0,-16.5,-104.0,-106.0,49.5,-1267.0,835.0,0
2018_10_BUF_NYJ,2018,2018-11-11,Sunday,BUF,41.0,NYJ,10.0,51.0,-6.5,-103.0,-108.0,38.0,-265.0,235.0,1
2018_10_WAS_TB,2018,2018-11-11,Sunday,WAS,16.0,TB,3.0,19.0,-3.5,-103.0,-108.0,51.0,-183.0,165.0,0
2018_10_NE_TEN,2018,2018-11-11,Sunday,NE,10.0,TEN,34.0,44.0,6.0,-112.0,101.0,47.0,217.0,-244.0,0
2018_10_LAC_OAK,2018,2018-11-11,Sunday,LAC,20.0,OAK,6.0,26.0,10.5,-116.0,104.0,50.0,391.0,-458.0,1
2018_10_MIA_GB,2018,2018-11-11,Sunday,MIA,12.0,GB,31.0,43.0,-13.0,102.0,-114.0,48.5,-585.0,487.0,0
2018_10_SEA_LA,2018,2018-11-11,Sunday,SEA,31.0,LA,36.0,67.0,-10.0,102.0,-114.0,51.0,-420.0,361.0,1
2018_10_DAL_PHI,2018,2018-11-11,Sunday,DAL,27.0,PHI,20.0,47.0,-7.5,-103.0,-108.0,45.5,-355.0,310.0,1
2018_10_NYG_SF,2018,2018-11-12,Monday,NYG,27.0,SF,23.0,50.0,-3.0,-123.0,110.0,45.0,-179.0,161.0,0
2018_11_GB_SEA,2018,2018-11-15,Thursday,GB,24.0,SEA,27.0,51.0,-3.0,-109.0,-102.0,49.0,-162.0,146.0,0
2018_11_DAL_ATL,2018,2018-11-18,Sunday,DAL,22.0,ATL,19.0,41.0,-3.5,-103.0,-108.0,50.0,-186.0,168.0,0
2018_11_CIN_BAL,2018,2018-11-18,Sunday,CIN,21.0,BAL,24.0,45.0,-6.5,-101.0,-110.0,44.0,-260.0,231.0,1
2018_11_CAR_DET,2018,2018-11-18,Sunday,CAR,19.0,DET,20.0,39.0,4.0,-115.0,103.0,48.0,173.0,-192.0,0
2018_11_TEN_IND,2018,2018-11-18,Sunday,TEN,10.0,IND,38.0,48.0,-2.0,-108.0,-103.0,50.0,-129.0,117.0,1
2018_11_PIT_JAX,2018,2018-11-18,Sunday,PIT,20.0,JAX,16.0,36.0,4.0,-102.0,-109.0,47.0,181.0,-202.0,0
2018_11_TB_NYG,2018,2018-11-18,Sunday,TB,35.0,NYG,38.0,73.0,-3.0,-114.0,102.0,54.5,-162.0,146.0,0
2018_11_HOU_WAS,2018,2018-11-18,Sunday,HOU,23.0,WAS,21.0,44.0,3.0,102.0,-114.0,40.5,144.0,-160.0,0
2018_11_OAK_ARI,2018,2018-11-18,Sunday,OAK,23.0,ARI,21.0,44.0,-4.5,-103.0,-108.0,41.0,-211.0,189.0,0
2018_11_DEN_LAC,2018,2018-11-18,Sunday,DEN,23.0,LAC,22.0,45.0,-7.5,104.0,-116.0,47.0,-329.0,288.0,1
2018_11_PHI_NO,2018,2018-11-18,Sunday,PHI,7.0,NO,48.0,55.0,-7.0,-105.0,-105.0,56.5,-331.0,290.0,0
2018_11_MIN_CHI,2018,2018-11-18,Sunday,MIN,20.0,CHI,25.0,45.0,-2.5,-110.0,-101.0,44.0,-137.0,124.0,1
2018_11_KC_LA,2018,2018-11-19,Monday,KC,51.0,LA,54.0,105.0,-3.0,-119.0,106.0,63.5,-170.0,153.0,0
2018_12_CHI_DET,2018,2018-11-22,Thursday,CHI,23.0,DET,16.0,39.0,3.0,102.0,-114.0,43.0,146.0,-161.0,1
2018_12_WAS_DAL,2018,2018-11-22,Thursday,WAS,23.0,DAL,31.0,54.0,-7.0,-103.0,-108.0,40.0,-317.0,279.0,1
2018_12_ATL_NO,2018,2018-11-22,Thursday,ATL,17.0,NO,31.0,48.0,-11.5,-110.0,-101.0,61.0,-550.0,433.0,1
2018_12_OAK_BAL,2018,2018-11-25,Sunday,OAK,17.0,BAL,34.0,51.0,-13.0,103.0,-115.0,42.0,-691.0,524.0,0
2018_12_JAX_BUF,2018,2018-11-25,Sunday,JAX,21.0,BUF,24.0,45.0,3.0,-106.0,-104.0,36.5,140.0,-155.0,0
2018_12_SEA_CAR,2018,2018-11-25,Sunday,SEA,30.0,CAR,27.0,57.0,-3.0,-112.0,101.0,46.5,-162.0,146.0,0
2018_12_CLE_CIN,2018,2018-11-25,Sunday,CLE,35.0,CIN,20.0,55.0,1.0,-105.0,-105.0,46.5,102.0,-113.0,1
2018_12_NE_NYJ,2018,2018-11-25,Sunday,NE,27.0,NYJ,13.0,40.0,13.0,-121.0,108.0,46.5,487.0,-585.0,1
2018_12_NYG_PHI,2018,2018-11-25,Sunday,NYG,22.0,PHI,25.0,47.0,-4.5,-108.0,-103.0,49.0,-215.0,192.0,1
2018_12_SF_TB,2018,2018-11-25,Sunday,SF,9.0,TB,27.0,36.0,-1.5,-110.0,-101.0,54.5,-127.0,115.0,0
2018_12_ARI_LAC,2018,2018-11-25,Sunday,ARI,10.0,LAC,45.0,55.0,-14.0,-108.0,-103.0,43.5,-837.0,612.0,0
2018_12_PIT_DEN,2018,2018-11-25,Sunday,PIT,17.0,DEN,24.0,41.0,3.0,-101.0,-110.0,47.5,148.0,-164.0,0
2018_12_MIA_IND,2018,2018-11-25,Sunday,MIA,24.0,IND,27.0,51.0,-9.0,-108.0,-103.0,52.5,-394.0,341.0,0
2018_12_GB_MIN,2018,2018-11-25,Sunday,GB,17.0,MIN,24.0,41.0,-4.0,-103.0,-108.0,48.5,-205.0,184.0,1
2018_12_TEN_HOU,2018,2018-11-26,Monday,TEN,17.0,HOU,34.0,51.0,-3.5,102.0,-114.0,42.5,-190.0,171.0,1
2018_13_NO_DAL,2018,2018-11-29,Thursday,NO,10.0,DAL,13.0,23.0,7.0,-103.0,-108.0,51.5,275.0,-313.0,0
2018_13_BAL_ATL,2018,2018-12-02,Sunday,BAL,26.0,ATL,16.0,42.0,-2.5,-114.0,102.0,46.5,-147.0,133.0,0
2018_13_DEN_CIN,2018,2018-12-02,Sunday,DEN,24.0,CIN,10.0,34.0,3.5,-113.0,102.0,45.0,160.0,-178.0,0
2018_13_LA_DET,2018,2018-12-02,Sunday,LA,30.0,DET,16.0,46.0,10.5,-114.0,102.0,54.0,385.0,-450.0,0
2018_13_ARI_GB,2018,2018-12-02,Sunday,ARI,20.0,GB,17.0,37.0,-13.5,-103.0,-107.0,41.0,-729.0,548.0,0
2018_13_CLE_HOU,2018,2018-12-02,Sunday,CLE,13.0,HOU,29.0,42.0,-5.0,-112.0,101.0,47.5,-246.0,219.0,0
2018_13_IND_JAX,2018,2018-12-02,Sunday,IND,0.0,JAX,6.0,6.0,4.0,-103.0,-108.0,45.5,179.0,-199.0,1
2018_13_BUF_MIA,2018,2018-12-02,Sunday,BUF,17.0,MIA,21.0,38.0,-3.5,-103.0,-108.0,40.0,-180.0,162.0,1
2018_13_CHI_NYG,2018,2018-12-02,Sunday,CHI,27.0,NYG,30.0,57.0,3.5,-109.0,-102.0,44.0,166.0,-185.0,0
2018_13_CAR_TB,2018,2018-12-02,Sunday,CAR,17.0,TB,24.0,41.0,3.5,-110.0,-101.0,52.0,166.0,-185.0,1
2018_13_KC_OAK,2018,2018-12-02,Sunday,KC,40.0,OAK,33.0,73.0,14.0,-112.0,101.0,53.5,593.0,-769.0,1
2018_13_NYJ_TEN,2018,2018-12-02,Sunday,NYJ,22.0,TEN,26.0,48.0,-10.5,113.0,-127.0,40.5,-431.0,370.0,0
2018_13_MIN_NE,2018,2018-12-02,Sunday,MIN,10.0,NE,24.0,34.0,-6.0,102.0,-114.0,50.0,-244.0,217.0,0
2018_13_SF_SEA,2018,2018-12-02,Sunday,SF,16.0,SEA,43.0,59.0,-10.0,102.0,-114.0,45.5,-500.0,411.0,1
2018_13_LAC_PIT,2018,2018-12-02,Sunday,LAC,33.0,PIT,30.0,63.0,-3.5,101.0,-112.0,53.5,-185.0,166.0,0
2018_13_WAS_PHI,2018,2018-12-03,Monday,WAS,13.0,PHI,28.0,41.0,-5.5,-105.0,-105.0,45.0,-239.0,213.0,1
2018_14_JAX_TEN,2018,2018-12-06,Thursday,JAX,9.0,TEN,30.0,39.0,-5.5,-107.0,-103.0,36.5,-248.0,221.0,1
2018_14_NYJ_BUF,2018,2018-12-09,Sunday,NYJ,27.0,BUF,23.0,50.0,-4.5,-105.0,-105.0,37.0,-211.0,189.0,1
2018_14_CAR_CLE,2018,2018-12-09,Sunday,CAR,20.0,CLE,26.0,46.0,1.0,-103.0,-108.0,48.0,106.0,-117.0,0
2018_14_ATL_GB,2018,2018-12-09,Sunday,ATL,20.0,GB,34.0,54.0,-4.0,104.0,-116.0,51.0,-185.0,166.0,0
2018_14_IND_HOU,2018,2018-12-09,Sunday,IND,24.0,HOU,21.0,45.0,-4.0,-103.0,-108.0,49.5,-196.0,176.0,1
2018_14_BAL_KC,2018,2018-12-09,Sunday,BAL,24.0,KC,27.0,51.0,-6.5,-105.0,-105.0,49.0,-269.0,239.0,0
2018_14_NE_MIA,2018,2018-12-09,Sunday,NE,33.0,MIA,34.0,67.0,8.5,-108.0,-103.0,49.5,319.0,-367.0,1
2018_14_NO_TB,2018,2018-12-09,Sunday,NO,28.0,TB,14.0,42.0,8.5,-108.0,-103.0,55.0,330.0,-380.0,1
2018_14_NYG_WAS,2018,2018-12-09,Sunday,NYG,40.0,WAS,16.0,56.0,3.0,106.0,-119.0,40.5,151.0,-167.0,1
2018_14_CIN_LAC,2018,2018-12-09,Sunday,CIN,21.0,LAC,26.0,47.0,-17.0,-102.0,-109.0,48.5,-1292.0,847.0,0
2018_14_DEN_SF,2018,2018-12-09,Sunday,DEN,14.0,SF,20.0,34.0,3.0,101.0,-112.0,45.5,148.0,-164.0,0
2018_14_DET_ARI,2018,2018-12-09,Sunday,DET,17.0,ARI,3.0,20.0,2.5,-101.0,-110.0,40.0,126.0,-139.0,0
2018_14_PHI_DAL,2018,2018-12-09,Sunday,PHI,23.0,DAL,29.0,52.0,-3.5,-101.0,-110.0,46.0,-185.0,166.0,1
2018_14_PIT_OAK,2018,2018-12-09,Sunday,PIT,21.0,OAK,24.0,45.0,10.5,-133.0,117.0,51.0,384.0,-449.0,0
2018_14_LA_CHI,2018,2018-12-09,Sunday,LA,6.0,CHI,15.0,21.0,3.0,-120.0,107.0,50.5,126.0,-139.0,0
2018_14_MIN_SEA,2018,2018-12-10,Monday,MIN,7.0,SEA,21.0,28.0,-3.0,-117.0,105.0,45.5,-171.0,151.0,0
2018_15_LAC_KC,2018,2018-12-13,Thursday,LAC,29.0,KC,28.0,57.0,-3.5,-111.0,-100.0,54.0,-194.0,174.0,1
2018_15_HOU_NYJ,2018,2018-12-15,Saturday,HOU,29.0,NYJ,22.0,51.0,7.0,-119.0,106.0,44.0,253.0,-286.0,0
2018_15_CLE_DEN,2018,2018-12-15,Saturday,CLE,17.0,DEN,16.0,33.0,-1.0,-119.0,106.0,47.0,-128.0,116.0,0
2018_15_ARI_ATL,2018,2018-12-16,Sunday,ARI,14.0,ATL,40.0,54.0,-10.0,114.0,-129.0,43.5,-382.0,332.0,0
2018_15_TB_BAL,2018,2018-12-16,Sunday,TB,12.0,BAL,20.0,32.0,-8.5,-107.0,-103.0,44.5,-378.0,328.0,0
2018_15_DET_BUF,2018,2018-12-16,Sunday,DET,13.0,BUF,14.0,27.0,-2.5,-119.0,106.0,40.0,-146.0,132.0,0
2018_15_GB_CHI,2018,2018-12-16,Sunday,GB,17.0,CHI,24.0,41.0,-6.0,-114.0,102.0,46.5,-248.0,221.0,1
2018_15_OAK_CIN,2018,2018-12-16,Sunday,OAK,16.0,CIN,30.0,46.0,-3.0,-101.0,-110.0,46.0,-155.0,140.0,0
2018_15_DAL_IND,2018,2018-12-16,Sunday,DAL,0.0,IND,23.0,23.0,-3.0,-119.0,106.0,47.0,-172.0,155.0,0
2018_15_WAS_JAX,2018,2018-12-16,Sunday,WAS,16.0,JAX,13.0,29.0,-7.5,102.0,-114.0,36.0,-338.0,296.0,0
2018_15_MIA_MIN,2018,2018-12-16,Sunday,MIA,17.0,MIN,41.0,58.0,-7.5,-103.0,-107.0,45.0,-356.0,311.0,0
2018_15_TEN_NYG,2018,2018-12-16,Sunday,TEN,17.0,NYG,0.0,17.0,2.5,-110.0,-101.0,42.0,112.0,-123.0,0
2018_15_SEA_SF,2018,2018-12-16,Sunday,SEA,23.0,SF,26.0,49.0,3.5,101.0,-112.0,44.0,186.0,-207.0,1
2018_15_NE_PIT,2018,2018-12-16,Sunday,NE,10.0,PIT,17.0,27.0,2.5,-105.0,-105.0,55.0,117.0,-129.0,0
2018_15_PHI_LA,2018,2018-12-16,Sunday,PHI,30.0,LA,23.0,53.0,-13.5,-107.0,-103.0,52.5,-800.0,590.0,0
2018_15_NO_CAR,2018,2018-12-17,Monday,NO,12.0,CAR,9.0,21.0,6.0,-106.0,-104.0,50.5,221.0,-248.0,1
2018_16_WAS_TEN,2018,2018-12-22,Saturday,WAS,16.0,TEN,25.0,41.0,-12.5,-101.0,-110.0,38.0,-599.0,481.0,0
2018_16_BAL_LAC,2018,2018-12-22,Saturday,BAL,22.0,LAC,10.0,32.0,-4.0,-101.0,-110.0,42.5,-198.0,178.0,0
2018_16_ATL_CAR,2018,2018-12-23,Sunday,ATL,24.0,CAR,10.0,34.0,2.5,106.0,-119.0,46.5,133.0,-147.0,1
2018_16_CIN_CLE,2018,2018-12-23,Sunday,CIN,18.0,CLE,26.0,44.0,-10.0,102.0,-113.0,44.0,-385.0,334.0,1
2018_16_TB_DAL,2018,2018-12-23,Sunday,TB,20.0,DAL,27.0,47.0,-7.0,-101.0,-110.0,48.0,-315.0,277.0,0
2018_16_MIN_DET,2018,2018-12-23,Sunday,MIN,27.0,DET,9.0,36.0,6.5,-114.0,102.0,41.5,236.0,-266.0,1
2018_16_NYG_IND,2018,2018-12-23,Sunday,NYG,27.0,IND,28.0,55.0,-10.0,103.0,-115.0,48.5,-400.0,346.0,0
2018_16_JAX_MIA,2018,2018-12-23,Sunday,JAX,17.0,MIA,7.0,24.0,-3.0,-105.0,-105.0,39.5,-153.0,139.0,0
2018_16_BUF_NE,2018,2018-12-23,Sunday,BUF,12.0,NE,24.0,36.0,-14.0,102.0,-114.0,46.0,-750.0,560.0,1
2018_16_GB_NYJ,2018,2018-12-23,Sunday,GB,44.0,NYJ,38.0,82.0,3.0,-119.0,106.0,47.5,128.0,-141.0,0
2018_16_HOU_PHI,2018,2018-12-23,Sunday,HOU,30.0,PHI,32.0,62.0,-1.0,-114.0,102.0,47.0,-123.0,111.0,0
2018_16_LA_ARI,2018,2018-12-23,Sunday,LA,31.0,ARI,9.0,40.0,14.5,-130.0,115.0,43.0,516.0,-679.0,1
2018_16_CHI_SF,2018,2018-12-23,Sunday,CHI,14.0,SF,9.0,23.0,3.5,-108.0,-103.0,44.0,171.0,-190.0,0
2018_16_PIT_NO,2018,2018-12-23,Sunday,PIT,28.0,NO,31.0,59.0,-6.5,-108.0,-103.0,53.0,-269.0,238.0,0
2018_16_KC_SEA,2018,2018-12-23,Sunday,KC,31.0,SEA,38.0,69.0,1.0,-101.0,-110.0,54.0,105.0,-117.0,0
2018_16_DEN_OAK,2018,2018-12-24,Monday,DEN,14.0,OAK,27.0,41.0,2.5,-105.0,-105.0,42.5,118.0,-130.0,1
2018_17_MIA_BUF,2018,2018-12-30,Sunday,MIA,17.0,BUF,42.0,59.0,-5.5,-109.0,-102.0,39.5,-250.0,222.0,1
2018_17_DET_GB,2018,2018-12-30,Sunday,DET,31.0,GB,0.0,31.0,-7.5,-108.0,-103.0,44.5,-324.0,284.0,1
2018_17_JAX_HOU,2018,2018-12-30,Sunday,JAX,3.0,HOU,20.0,23.0,-7.0,-103.0,-107.0,39.5,-311.0,274.0,1
2018_17_NYJ_NE,2018,2018-12-30,Sunday,NYJ,3.0,NE,38.0,41.0,-14.0,-110.0,-101.0,47.0,-848.0,618.0,1
2018_17_CAR_NO,2018,2018-12-30,Sunday,CAR,33.0,NO,14.0,47.0,-8.0,103.0,-115.0,42.0,-314.0,276.0,1
2018_17_DAL_NYG,2018,2018-12-30,Sunday,DAL,36.0,NYG,35.0,71.0,-7.5,-114.0,102.0,38.5,-338.0,295.0,1
2018_17_ATL_TB,2018,2018-12-30,Sunday,ATL,34.0,TB,32.0,66.0,2.5,-103.0,-108.0,52.0,129.0,-142.0,1
2018_17_CLE_BAL,2018,2018-12-30,Sunday,CLE,24.0,BAL,26.0,50.0,-7.0,-108.0,-103.0,41.0,-325.0,285.0,1
2018_17_LAC_DEN,2018,2018-12-30,Sunday,LAC,23.0,DEN,9.0,32.0,7.0,-119.0,106.0,43.5,239.0,-270.0,1
2018_17_OAK_KC,2018,2018-12-30,Sunday,OAK,3.0,KC,35.0,38.0,-14.5,103.0,-115.0,54.0,-794.0,586.0,1
2018_17_SF_LA,2018,2018-12-30,Sunday,SF,32.0,LA,48.0,80.0,-10.5,-110.0,-101.0,50.5,-450.0,385.0,1
2018_17_CHI_MIN,2018,2018-12-30,Sunday,CHI,24.0,MIN,10.0,34.0,-6.0,106.0,-119.0,39.5,-230.0,205.0,1
2018_17_CIN_PIT,2018,2018-12-30,Sunday,CIN,13.0,PIT,16.0,29.0,-14.0,102.0,-114.0,45.5,-672.0,512.0,1
2018_17_ARI_SEA,2018,2018-12-30,Sunday,ARI,24.0,SEA,27.0,51.0,-15.5,-112.0,101.0,39.5,-822.0,603.0,1
2018_17_PHI_WAS,2018,2018-12-30,Sunday,PHI,24.0,WAS,0.0,24.0,6.0,-110.0,-101.0,43.0,218.0,-245.0,1
2018_17_IND_TEN,2018,2018-12-30,Sunday,IND,33.0,TEN,17.0,50.0,5.0,-114.0,102.0,42.5,190.0,-212.0,1
2018_18_IND_HOU,2018,2019-01-05,Saturday,IND,21.0,HOU,7.0,28.0,-2.0,102.0,-113.0,48.5,-124.0,112.0,1
2018_18_SEA_DAL,2018,2019-01-05,Saturday,SEA,22.0,DAL,24.0,46.0,-2.5,-116.0,104.0,43.0,-149.0,135.0,0
2018_18_LAC_BAL,2018,2019-01-06,Sunday,LAC,23.0,BAL,17.0,40.0,-3.0,-102.0,-109.0,43.0,-155.0,140.0,0
2018_18_PHI_CHI,2018,2019-01-06,Sunday,PHI,16.0,CHI,15.0,31.0,-6.5,-108.0,-103.0,42.5,-265.0,235.0,0
2018_19_IND_KC,2018,2019-01-12,Saturday,IND,13.0,KC,31.0,44.0,-4.0,-110.0,-101.0,54.5,-203.0,182.0,0
2018_19_DAL_LA,2018,2019-01-12,Saturday,DAL,22.0,LA,30.0,52.0,-7.5,-102.0,-109.0,48.0,-338.0,296.0,0
2018_19_LAC_NE,2018,2019-01-13,Sunday,LAC,28.0,NE,41.0,69.0,-4.0,102.0,-114.0,47.5,-189.0,170.0,0
2018_19_PHI_NO,2018,2019-01-13,Sunday,PHI,14.0,NO,20.0,34.0,-8.5,-110.0,-101.0,52.0,-373.0,324.0,0
2018_20_LA_NO,2018,2019-01-20,Sunday,LA,26.0,NO,23.0,49.0,-3.0,-103.0,-108.0,55.0,-157.0,142.0,0
2018_20_NE_KC,2018,2019-01-20,Sunday,NE,37.0,KC,31.0,68.0,-3.0,-125.0,111.0,56.5,-173.0,156.0,0
2018_21_NE_LA,2018,2019-02-03,Sunday,NE,13.0,LA,3.0,16.0,2.0,-108.0,-103.0,55.5,111.0,-123.0,0
2019_01_GB_CHI,2019,2019-09-05,Thursday,GB,10.0,CHI,3.0,13.0,-3.5,103.0,-113.0,47.0,-178.0,160.0,1
2019_01_LA_CAR,2019,2019-09-08,Sunday,LA,30.0,CAR,27.0,57.0,1.5,-104.0,-106.0,49.5,111.0,-122.0,0
2019_01_TEN_CLE,2019,2019-09-08,Sunday,TEN,43.0,CLE,13.0,56.0,-5.5,103.0,-113.0,44.0,-230.0,206.0,0
2019_01_KC_JAX,2019,2019-09-08,Sunday,KC,40.0,JAX,26.0,66.0,3.5,-110.0,-101.0,49.0,163.0,-181.0,0
2019_01_BAL_MIA,2019,2019-09-08,Sunday,BAL,59.0,MIA,10.0,69.0,7.0,-112.0,102.0,41.0,263.0,-298.0,0
2019_01_ATL_MIN,2019,2019-09-08,Sunday,ATL,12.0,MIN,28.0,40.0,-3.5,104.0,-115.0,47.0,-176.0,159.0,0
2019_01_BUF_NYJ,2019,2019-09-08,Sunday,BUF,17.0,NYJ,16.0,33.0,-2.5,-110.0,-101.0,41.0,-149.0,135.0,1
2019_01_WAS_PHI,2019,2019-09-08,Sunday,WAS,27.0,PHI,32.0,59.0,-10.5,103.0,-114.0,44.0,-463.0,395.0,1
2019_01_IND_LAC,2019,2019-09-08,Sunday,IND,24.0,LAC,30.0,54.0,-6.0,-103.0,-107.0,44.5,-265.0,235.0,0
2019_01_CIN_SEA,2019,2019-09-08,Sunday,CIN,20.0,SEA,21.0,41.0,-9.5,104.0,-115.0,44.0,-398.0,344.0,0
2019_01_DET_ARI,2019,2019-09-08,Sunday,DET,27.0,ARI,27.0,54.0,2.5,108.0,-121.0,45.5,133.0,-147.0,0
2019_01_NYG_DAL,2019,2019-09-08,Sunday,NYG,17.0,DAL,35.0,52.0,-7.0,100.0,-111.0,44.0,-308.0,271.0,1
2019_01_SF_TB,2019,2019-09-08,Sunday,SF,31.0,TB,17.0,48.0,-1.0,-104.0,-106.0,51.0,-108.0,-102.0,0
2019_01_PIT_NE,2019,2019-09-08,Sunday,PIT,3.0,NE,33.0,36.0,-5.5,101.0,-111.0,49.0,-228.0,203.0,0
2019_01_HOU_NO,2019,2019-09-09,Monday,HOU,28.0,NO,30.0,58.0,-6.5,-113.0,103.0,52.0,-310.0,273.0,0
2019_01_DEN_OAK,2019,2019-09-09,Monday,DEN,16.0,OAK,24.0,40.0,3.0,-121.0,108.0,42.5,135.0,-149.0,1
2019_02_TB_CAR,2019,2019-09-12,Thursday,TB,20.0,CAR,14.0,34.0,-6.5,-100.0,-110.0,48.0,-277.0,240.0,1
2019_02_ARI_BAL,2019,2019-09-15,Sunday,ARI,17.0,BAL,23.0,40.0,-13.0,-100.0,-110.0,46.0,-665.0,513.0,0
2019_02_SF_CIN,2019,2019-09-15,Sunday,SF,41.0,CIN,17.0,58.0,-1.0,100.0,-111.0,46.0,-107.0,-103.0,0
2019_02_LAC_DET,2019,2019-09-15,Sunday,LAC,10.0,DET,13.0,23.0,1.0,-113.0,102.0,47.0,-103.0,-107.0,0
2019_02_MIN_GB,2019,2019-09-15,Sunday,MIN,16.0,GB,21.0,37.0,-3.0,-108.0,-102.0,43.0,-165.0,148.0,1
2019_02_JAX_HOU,2019,2019-09-15,Sunday,JAX,12.0,HOU,13.0,25.0,-7.5,111.0,-122.0,43.0,-336.0,286.0,1
2019_02_NE_MIA,2019,2019-09-15,Sunday,NE,43.0,MIA,0.0,43.0,18.0,-109.0,-101.0,48.5,880.0,-1300.0,1
2019_02_BUF_NYG,2019,2019-09-15,Sunday,BUF,28.0,NYG,14.0,42.0,1.0,-103.0,-108.0,44.5,102.0,-113.0,0
2019_02_SEA_PIT,2019,2019-09-15,Sunday,SEA,28.0,PIT,26.0,54.0,-4.0,-101.0,-109.0,47.0,-197.0,175.0,0
2019_02_IND_TEN,2019,2019-09-15,Sunday,IND,19.0,TEN,17.0,36.0,-3.0,-120.0,108.0,43.5,-178.0,160.0,1
2019_02_DAL_WAS,2019,2019-09-15,Sunday,DAL,31.0,WAS,21.0,52.0,6.0,104.0,-115.0,46.5,233.0,-268.0,1
2019_02_KC_OAK,2019,2019-09-15,Sunday,KC,28.0,OAK,10.0,38.0,7.0,-119.0,108.0,53.5,252.0,-293.0,1
2019_02_CHI_DEN,2019,2019-09-15,Sunday,CHI,16.0,DEN,14.0,30.0,3.0,-114.0,103.0,41.0,132.0,-147.0,0
2019_02_NO_LA,2019,2019-09-15,Sunday,NO,9.0,LA,27.0,36.0,-2.0,103.0,-114.0,52.5,-118.0,107.0,0
2019_02_PHI_ATL,2019,2019-09-15,Sunday,PHI,20.0,ATL,24.0,44.0,1.0,-112.0,102.0,53.0,-105.0,-105.0,0
2019_02_CLE_NYJ,2019,2019-09-16,Monday,CLE,23.0,NYJ,3.0,26.0,6.5,-105.0,-105.0,45.5,241.0,-278.0,0
2019_03_TEN_JAX,2019,2019-09-19,Thursday,TEN,7.0,JAX,20.0,27.0,1.5,-101.0,-109.0,38.0,113.0,-125.0,1
2019_03_CIN_BUF,2019,2019-09-22,Sunday,CIN,17.0,BUF,21.0,38.0,-5.5,-106.0,-104.0,43.5,-252.0,220.0,0
2019_03_MIA_DAL,2019,2019-09-22,Sunday,MIA,6.0,DAL,31.0,37.0,-22.0,-112.0,102.0,46.5,-2540.0,1454.0,0
2019_03_DEN_GB,2019,2019-09-22,Sunday,DEN,16.0,GB,27.0,43.0,-7.0,-102.0,-108.0,42.0,-327.0,278.0,0
2019_03_ATL_IND,2019,2019-09-22,Sunday,ATL,24.0,IND,27.0,51.0,-1.0,-111.0,100.0,48.0,-116.0,105.0,0
2019_03_BAL_KC,2019,2019-09-22,Sunday,BAL,28.0,KC,33.0,61.0,-4.5,-102.0,-108.0,52.0,-216.0,191.0,0
2019_03_OAK_MIN,2019,2019-09-22,Sunday,OAK,14.0,MIN,34.0,48.0,-8.5,-105.0,-105.0,43.0,-405.0,337.0,0
2019_03_NYJ_NE,2019,2019-09-22,Sunday,NYJ,14.0,NE,30.0,44.0,-20.5,-101.0,-109.0,43.0,-1962.0,1203.0,1
2019_03_DET_PHI,2019,2019-09-22,Sunday,DET,27.0,PHI,24.0,51.0,-4.0,-106.0,-104.0,45.0,-212.0,188.0,0
2019_03_CAR_ARI,2019,2019-09-22,Sunday,CAR,38.0,ARI,20.0,58.0,-2.5,103.0,-114.0,46.0,-131.0,118.0,0
2019_03_NYG_TB,2019,2019-09-22,Sunday,NYG,32.0,TB,31.0,63.0,-5.0,-107.0,-103.0,48.0,-230.0,202.0,0
2019_03_HOU_LAC,2019,2019-09-22,Sunday,HOU,27.0,LAC,20.0,47.0,-3.0,-115.0,104.0,49.0,-168.0,151.0,0
2019_03_NO_SEA,2019,2019-09-22,Sunday,NO,33.0,SEA,27.0,60.0,-5.0,-105.0,-106.0,44.0,-225.0,199.0,0
2019_03_PIT_SF,2019,2019-09-22,Sunday,PIT,20.0,SF,24.0,44.0,-6.0,-107.0,-104.0,44.5,-276.0,239.0,0
2019_03_LA_CLE,2019,2019-09-22,Sunday,LA,20.0,CLE,13.0,33.0,4.0,101.0,-111.0,48.0,190.0,-215.0,0
2019_03_CHI_WAS,2019,2019-09-23,Monday,CHI,31.0,WAS,15.0,46.0,5.0,-107.0,-103.0,41.0,204.0,-232.0,0
2019_04_PHI_GB,2019,2019-09-26,Thursday,PHI,34.0,GB,27.0,61.0,-3.5,-100.0,-110.0,46.0,-190.0,169.0,0
2019_04_TEN_ATL,2019,2019-09-29,Sunday,TEN,24.0,ATL,10.0,34.0,-3.5,102.0,-113.0,46.0,-174.0,156.0,0
2019_04_CLE_BAL,2019,2019-09-29,Sunday,CLE,40.0,BAL,25.0,65.0,-7.5,106.0,-117.0,47.0,-327.0,279.0,1
2019_04_NE_BUF,2019,2019-09-29,Sunday,NE,16.0,BUF,10.0,26.0,7.0,-108.0,-102.0,41.5,274.0,-321.0,1
2019_04_KC_DET,2019,2019-09-29,Sunday,KC,34.0,DET,30.0,64.0,7.5,-116.0,105.0,54.5,307.0,-364.0,0
2019_04_CAR_HOU,2019,2019-09-29,Sunday,CAR,16.0,HOU,10.0,26.0,-5.5,-110.0,-100.0,47.5,-257.0,224.0,0
2019_04_OAK_IND,2019,2019-09-29,Sunday,OAK,31.0,IND,24.0,55.0,-5.5,-104.0,-106.0,46.0,-242.0,212.0,0
2019_04_LAC_MIA,2019,2019-09-29,Sunday,LAC,30.0,MIA,10.0,40.0,15.0,-107.0,-103.0,43.5,602.0,-806.0,0
2019_04_WAS_NYG,2019,2019-09-29,Sunday,WAS,3.0,NYG,24.0,27.0,-3.0,-109.0,-101.0,48.0,-163.0,146.0,1
2019_04_SEA_ARI,2019,2019-09-29,Sunday,SEA,27.0,ARI,10.0,37.0,5.5,-103.0,-107.0,49.0,209.0,-238.0,1
2019_04_TB_LA,2019,2019-09-29,Sunday,TB,55.0,LA,40.0,95.0,-9.0,-106.0,-104.0,48.5,-473.0,385.0,0
2019_04_MIN_CHI,2019,2019-09-29,Sunday,MIN,6.0,CHI,16.0,22.0,1.0,-109.0,-101.0,38.0,-102.0,-108.0,1
2019_04_JAX_DEN,2019,2019-09-29,Sunday,JAX,26.0,DEN,24.0,50.0,-2.5,-109.0,-102.0,37.0,-137.0,124.0,0
2019_04_DAL_NO,2019,2019-09-29,Sunday,DAL,10.0,NO,12.0,22.0,2.5,-105.0,-105.0,47.0,127.0,-140.0,0
2019_04_CIN_PIT,2019,2019-09-30,Monday,CIN,3.0,PIT,27.0,30.0,-3.5,101.0,-112.0,45.5,-179.0,160.0,1
2019_05_LA_SEA,2019,2019-10-03,Thursday,LA,29.0,SEA,30.0,59.0,-1.5,-106.0,-104.0,49.0,-122.0,111.0,1
2019_05_JAX_CAR,2019,2019-10-06,Sunday,JAX,27.0,CAR,34.0,61.0,-3.0,-131.0,119.0,41.0,-189.0,169.0,0
2019_05_ARI_CIN,2019,2019-10-06,Sunday,ARI,26.0,CIN,23.0,49.0,-3.0,-104.0,-106.0,45.0,-154.0,139.0,0
2019_05_ATL_HOU,2019,2019-10-06,Sunday,ATL,32.0,HOU,53.0,85.0,-4.0,-109.0,-101.0,49.0,-207.0,184.0,0
2019_05_TB_NO,2019,2019-10-06,Sunday,TB,24.0,NO,31.0,55.0,-3.0,107.0,-118.0,46.0,-148.0,133.0,1
2019_05_MIN_NYG,2019,2019-10-06,Sunday,MIN,28.0,NYG,10.0,38.0,5.5,105.0,-116.0,44.0,213.0,-243.0,0
2019_05_CHI_OAK,2019,2019-10-06,Sunday,CHI,21.0,OAK,24.0,45.0,6.5,-110.0,-101.0,39.5,232.0,-266.0,0
2019_05_NYJ_PHI,2019,2019-10-06,Sunday,NYJ,6.0,PHI,31.0,37.0,-14.0,-101.0,-109.0,43.0,-782.0,587.0,0
2019_05_BAL_PIT,2019,2019-10-06,Sunday,BAL,26.0,PIT,23.0,49.0,3.5,-113.0,102.0,44.0,160.0,-179.0,1
2019_05_BUF_TEN,2019,2019-10-06,Sunday,BUF,14.0,TEN,7.0,21.0,-3.5,-101.0,-110.0,39.5,-182.0,162.0,0
2019_05_NE_WAS,2019,2019-10-06,Sunday,NE,33.0,WAS,7.0,40.0,15.5,101.0,-112.0,42.0,695.0,-963.0,0
2019_05_DEN_LAC,2019,2019-10-06,Sunday,DEN,20.0,LAC,13.0,33.0,-4.0,-113.0,102.0,46.0,-226.0,199.0,1
2019_05_GB_DAL,2019,2019-10-06,Sunday,GB,34.0,DAL,24.0,58.0,-3.5,102.0,-113.0,46.5,-181.0,162.0,0
2019_05_IND_KC,2019,2019-10-06,Sunday,IND,19.0,KC,13.0,32.0,-10.5,101.0,-111.0,55.5,-504.0,407.0,0
2019_05_CLE_SF,2019,2019-10-07,Monday,CLE,3.0,SF,31.0,34.0,-5.0,-111.0,101.0,47.5,-226.0,199.0,0
2019_06_NYG_NE,2019,2019-10-10,Thursday,NYG,14.0,NE,35.0,49.0,-16.5,-104.0,-106.0,43.0,-1071.0,756.0,0
2019_06_CAR_TB,2019,2019-10-13,Sunday,CAR,37.0,TB,26.0,63.0,2.0,-110.0,-100.0,48.5,113.0,-125.0,1
2019_06_CIN_BAL,2019,2019-10-13,Sunday,CIN,17.0,BAL,23.0,40.0,-10.5,-104.0,-106.0,47.0,-531.0,425.0,1
2019_06_SEA_CLE,2019,2019-10-13,Sunday,SEA,32.0,CLE,28.0,60.0,-1.0,-106.0,-104.0,45.5,-113.0,102.0,0
2019_06_NO_JAX,2019,2019-10-13,Sunday,NO,13.0,JAX,6.0,19.0,-2.5,-110.0,100.0,42.5,-139.0,126.0,0
2019_06_HOU_KC,2019,2019-10-13,Sunday,HOU,31.0,KC,24.0,55.0,-3.5,-103.0,-108.0,54.5,-186.0,166.0,0
2019_06_WAS_MIA,2019,2019-10-13,Sunday,WAS,17.0,MIA,16.0,33.0,6.0,-109.0,-101.0,42.0,210.0,-240.0,0
2019_06_PHI_MIN,2019,2019-10-13,Sunday,PHI,20.0,MIN,38.0,58.0,-3.5,105.0,-115.0,44.0,-176.0,157.0,0
2019_06_ATL_ARI,2019,2019-10-13,Sunday,ATL,33.0,ARI,34.0,67.0,3.0,-102.0,-108.0,52.5,145.0,-161.0,0
2019_06_SF_LA,2019,2019-10-13,Sunday,SF,20.0,LA,7.0,27.0,-3.0,-100.0,-110.0,49.5,-148.0,133.0,1
2019_06_TEN_DEN,2019,2019-10-13,Sunday,TEN,0.0,DEN,16.0,16.0,-1.0,-113.0,103.0,41.0,-121.0,109.0,0
2019_06_DAL_NYJ,2019,2019-10-13,Sunday,DAL,22.0,NYJ,24.0,46.0,7.0,-110.0,-100.0,43.5,270.0,-316.0,0
2019_06_PIT_LAC,2019,2019-10-13,Sunday,PIT,24.0,LAC,17.0,41.0,-6.0,104.0,-115.0,42.5,-252.0,220.0,0
2019_06_DET_GB,2019,2019-10-14,Monday,DET,22.0,GB,23.0,45.0,-3.5,-108.0,-102.0,47.0,-198.0,176.0,1
2019_07_KC_DEN,2019,2019-10-17,Thursday,KC,30.0,DEN,6.0,36.0,3.0,-115.0,104.0,49.5,134.0,-149.0,1
2019_07_LA_ATL,2019,2019-10-20,Sunday,LA,37.0,ATL,10.0,47.0,3.0,-105.0,-105.0,54.5,139.0,-154.0,0
2019_07_MIA_BUF,2019,2019-10-20,Sunday,MIA,21.0,BUF,31.0,52.0,-17.0,-108.0,-103.0,42.5,-1137.0,793.0,1
2019_07_JAX_CIN,2019,2019-10-20,Sunday,JAX,27.0,CIN,17.0,44.0,4.0,105.0,-116.0,44.5,189.0,-214.0,0
2019_07_MIN_DET,2019,2019-10-20,Sunday,MIN,42.0,DET,30.0,72.0,2.5,-100.0,-110.0,43.5,124.0,-137.0,1
2019_07_OAK_GB,2019,2019-10-20,Sunday,OAK,24.0,GB,42.0,66.0,-5.5,-107.0,-103.0,48.0,-241.0,211.0,0
2019_07_HOU_IND,2019,2019-10-20,Sunday,HOU,23.0,IND,30.0,53.0,-1.5,-106.0,-104.0,46.5,-120.0,109.0,1
2019_07_ARI_NYG,2019,2019-10-20,Sunday,ARI,27.0,NYG,21.0,48.0,-3.5,-104.0,-106.0,49.5,-188.0,168.0,0
2019_07_SF_WAS,2019,2019-10-20,Sunday,SF,9.0,WAS,0.0,9.0,10.0,-106.0,-104.0,39.0,350.0,-424.0,0
2019_07_LAC_TEN,2019,2019-10-20,Sunday,LAC,20.0,TEN,23.0,43.0,-3.0,-103.0,-107.0,42.5,-157.0,141.0,0
2019_07_NO_CHI,2019,2019-10-20,Sunday,NO,36.0,CHI,25.0,61.0,-4.0,-110.0,100.0,37.0,-213.0,188.0,0
2019_07_BAL_SEA,2019,2019-10-20,Sunday,BAL,30.0,SEA,16.0,46.0,-3.0,-106.0,-104.0,49.0,-157.0,141.0,0
2019_07_PHI_DAL,2019,2019-10-20,Sunday,PHI,10.0,DAL,37.0,47.0,-3.0,-111.0,101.0,50.0,-165.0,148.0,1
2019_07_NE_NYJ,2019,2019-10-21,Monday,NE,33.0,NYJ,0.0,33.0,9.5,-104.0,-106.0,43.0,311.0,-371.0,1
2019_08_WAS_MIN,2019,2019-10-24,Thursday,WAS,9.0,MIN,19.0,28.0,-16.5,-106.0,-104.0,42.0,-1023.0,729.0,0
2019_08_SEA_ATL,2019,2019-10-27,Sunday,SEA,27.0,ATL,20.0,47.0,7.5,-117.0,106.0,48.5,275.0,-323.0,0
2019_08_PHI_BUF,2019,2019-10-27,Sunday,PHI,31.0,BUF,13.0,44.0,-1.0,-113.0,102.0,39.5,-122.0,111.0,0
2019_08_LAC_CHI,2019,2019-10-27,Sunday,LAC,17.0,CHI,16.0,33.0,-3.5,-103.0,-107.0,41.0,-182.0,163.0,0
2019_08_NYG_DET,2019,2019-10-27,Sunday,NYG,26.0,DET,31.0,57.0,-6.5,102.0,-113.0,49.0,-267.0,232.0,0
2019_08_DEN_IND,2019,2019-10-27,Sunday,DEN,13.0,IND,15.0,28.0,-6.0,106.0,-117.0,41.0,-238.0,209.0,0
2019_08_NYJ_JAX,2019,2019-10-27,Sunday,NYJ,15.0,JAX,29.0,44.0,-7.0,105.0,-115.0,39.5,-295.0,254.0,0
2019_08_CIN_LA,2019,2019-10-27,Sunday,CIN,10.0,LA,24.0,34.0,-12.0,102.0,-112.0,48.5,-594.0,467.0,0
2019_08_ARI_NO,2019,2019-10-27,Sunday,ARI,9.0,NO,31.0,40.0,-12.5,-102.0,-108.0,47.5,-625.0,467.0,0
2019_08_TB_TEN,2019,2019-10-27,Sunday,TB,23.0,TEN,27.0,50.0,-2.0,-100.0,-110.0,45.5,-122.0,110.0,0
2019_08_CAR_SF,2019,2019-10-27,Sunday,CAR,13.0,SF,51.0,64.0,-4.5,102.0,-112.0,41.0,-208.0,184.0,0
2019_08_OAK_HOU,2019,2019-10-27,Sunday,OAK,24.0,HOU,27.0,51.0,-5.0,-103.0,-107.0,52.0,-236.0,207.0,0
2019_08_CLE_NE,2019,2019-10-27,Sunday,CLE,13.0,NE,27.0,40.0,-9.5,-103.0,-107.0,43.0,-367.0,309.0,0
2019_08_GB_KC,2019,2019-10-27,Sunday,GB,31.0,KC,24.0,55.0,5.0,-102.0,-108.0,48.0,202.0,-230.0,0
2019_08_MIA_PIT,2019,2019-10-28,Monday,MIA,14.0,PIT,27.0,41.0,-14.0,-103.0,-107.0,44.0,-630.0,491.0,0
2019_09_SF_ARI,2019,2019-10-31,Thursday,SF,28.0,ARI,25.0,53.0,10.5,-111.0,100.0,43.5,365.0,-445.0,1
2019_09_HOU_JAX,2019,2019-11-03,Sunday,HOU,26.0,JAX,3.0,29.0,-1.0,-106.0,-104.0,46.0,-113.0,103.0,1
2019_09_WAS_BUF,2019,2019-11-03,Sunday,WAS,9.0,BUF,24.0,33.0,-10.5,102.0,-112.0,37.0,-449.0,368.0,0
2019_09_TEN_CAR,2019,2019-11-03,Sunday,TEN,20.0,CAR,30.0,50.0,-3.5,-101.0,-109.0,43.0,-179.0,160.0,0
2019_09_MIN_KC,2019,2019-11-03,Sunday,MIN,23.0,KC,26.0,49.0,5.5,-109.0,-101.0,46.0,198.0,-225.0,0
2019_09_NYJ_MIA,2019,2019-11-03,Sunday,NYJ,18.0,MIA,26.0,44.0,3.5,-107.0,-103.0,42.5,167.0,-187.0,1
2019_09_CHI_PHI,2019,2019-11-03,Sunday,CHI,14.0,PHI,22.0,36.0,-5.0,-104.0,-106.0,41.0,-226.0,199.0,0
2019_09_IND_PIT,2019,2019-11-03,Sunday,IND,24.0,PIT,26.0,50.0,-1.0,-111.0,101.0,39.5,-117.0,107.0,0
2019_09_DET_OAK,2019,2019-11-03,Sunday,DET,24.0,OAK,31.0,55.0,-2.5,-115.0,104.0,51.5,-143.0,129.0,0
2019_09_TB_SEA,2019,2019-11-03,Sunday,TB,34.0,SEA,40.0,74.0,-4.0,-105.0,-105.0,51.0,-209.0,185.0,0
2019_09_CLE_DEN,2019,2019-11-03,Sunday,CLE,19.0,DEN,24.0,43.0,4.0,-108.0,-102.0,39.0,173.0,-194.0,0
2019_09_GB_LAC,2019,2019-11-03,Sunday,GB,11.0,LAC,26.0,37.0,4.0,100.0,-111.0,50.0,184.0,-208.0,0
2019_09_NE_BAL,2019,2019-11-03,Sunday,NE,20.0,BAL,37.0,57.0,3.0,-110.0,100.0,44.5,135.0,-150.0,0
2019_09_DAL_NYG,2019,2019-11-04,Monday,DAL,37.0,NYG,18.0,55.0,6.5,-109.0,-101.0,48.5,255.0,-297.0,1
2019_10_LAC_OAK,2019,2019-11-07,Thursday,LAC,24.0,OAK,26.0,50.0,1.0,-100.0,-110.0,49.0,106.0,-117.0,1
2019_10_DET_CHI,2019,2019-11-10,Sunday,DET,13.0,CHI,20.0,33.0,-6.0,-111.0,101.0,38.0,-270.0,235.0,1
2019_10_BAL_CIN,2019,2019-11-10,Sunday,BAL,49.0,CIN,13.0,62.0,10.5,-114.0,104.0,44.0,358.0,-435.0,1
2019_10_BUF_CLE,2019,2019-11-10,Sunday,BUF,16.0,CLE,19.0,35.0,-3.0,-102.0,-108.0,42.0,-151.0,136.0,0
2019_10_ATL_NO,2019,2019-11-10,Sunday,ATL,26.0,NO,9.0,35.0,-14.0,103.0,-114.0,51.5,-649.0,503.0,1
2019_10_NYG_NYJ,2019,2019-11-10,Sunday,NYG,27.0,NYJ,34.0,61.0,3.0,-115.0,104.0,43.0,133.0,-147.0,0
2019_10_ARI_TB,2019,2019-11-10,Sunday,ARI,27.0,TB,30.0,57.0,-5.5,-110.0,100.0,51.0,-235.0,207.0,0
2019_10_KC_TEN,2019,2019-11-10,Sunday,KC,32.0,TEN,35.0,67.0,5.0,-102.0,-108.0,49.0,205.0,-233.0,0
2019_10_MIA_IND,2019,2019-11-10,Sunday,MIA,16.0,IND,12.0,28.0,-11.0,-101.0,-109.0,44.5,-481.0,390.0,0
2019_10_CAR_GB,2019,2019-11-10,Sunday,CAR,16.0,GB,24.0,40.0,-5.0,-110.0,-100.0,49.0,-227.0,200.0,0
2019_10_LA_PIT,2019,2019-11-10,Sunday,LA,12.0,PIT,17.0,29.0,4.0,103.0,-113.0,43.0,189.0,-214.0,0
2019_10_MIN_DAL,2019,2019-11-10,Sunday,MIN,28.0,DAL,24.0,52.0,-3.5,103.0,-113.0,48.5,-179.0,160.0,0
2019_10_SEA_SF,2019,2019-11-11,Monday,SEA,27.0,SF,24.0,51.0,-6.5,-106.0,-104.0,47.0,-268.0,233.0,1
2019_11_PIT_CLE,2019,2019-11-14,Thursday,PIT,7.0,CLE,21.0,28.0,-3.0,-112.0,101.0,41.5,-163.0,146.0,1
2019_11_HOU_BAL,2019,2019-11-17,Sunday,HOU,7.0,BAL,41.0,48.0,-4.0,-108.0,-102.0,51.0,-217.0,192.0,0
2019_11_ATL_CAR,2019,2019-11-17,Sunday,ATL,29.0,CAR,3.0,32.0,-3.5,-110.0,-100.0,49.0,-199.0,177.0,1
2019_11_DAL_DET,2019,2019-11-17,Sunday,DAL,35.0,DET,27.0,62.0,7.5,-113.0,102.0,46.5,310.0,-369.0,0
2019_11_JAX_IND,2019,2019-11-17,Sunday,JAX,13.0,IND,33.0,46.0,-2.5,-108.0,-103.0,41.5,-134.0,121.0,1
2019_11_BUF_MIA,2019,2019-11-17,Sunday,BUF,37.0,MIA,20.0,57.0,7.0,-101.0,-109.0,41.5,263.0,-307.0,1
2019_11_DEN_MIN,2019,2019-11-17,Sunday,DEN,23.0,MIN,27.0,50.0,-10.0,107.0,-119.0,40.5,-412.0,341.0,0
2019_11_NO_TB,2019,2019-11-17,Sunday,NO,34.0,TB,17.0,51.0,5.0,-102.0,-108.0,50.5,202.0,-230.0,1
2019_11_NYJ_WAS,2019,2019-11-17,Sunday,NYJ,34.0,WAS,17.0,51.0,-1.0,-114.0,104.0,37.5,-122.0,111.0,0
2019_11_ARI_SF,2019,2019-11-17,Sunday,ARI,26.0,SF,36.0,62.0,-10.0,103.0,-113.0,44.0,-429.0,353.0,1
2019_11_CIN_OAK,2019,2019-11-17,Sunday,CIN,10.0,OAK,17.0,27.0,-13.0,-102.0,-108.0,48.0,-605.0,474.0,0
2019_11_NE_PHI,2019,2019-11-17,Sunday,NE,17.0,PHI,10.0,27.0,4.5,-112.0,101.0,45.0,186.0,-210.0,0
2019_11_CHI_LA,2019,2019-11-17,Sunday,CHI,7.0,LA,17.0,24.0,-5.0,-103.0,-107.0,40.0,-233.0,204.0,0
2019_11_KC_LAC,2019,2019-11-18,Monday,KC,24.0,LAC,17.0,41.0,5.5,-104.0,-106.0,52.5,213.0,-243.0,1
2019_12_IND_HOU,2019,2019-11-21,Thursday,IND,17.0,HOU,20.0,37.0,-3.5,-105.0,-105.0,46.0,-183.0,164.0,1
2019_12_TB_ATL,2019,2019-11-24,Sunday,TB,35.0,ATL,22.0,57.0,-3.5,-100.0,-110.0,51.5,-183.0,163.0,1
2019_12_DEN_BUF,2019,2019-11-24,Sunday,DEN,3.0,BUF,20.0,23.0,-3.5,-104.0,-106.0,37.0,-190.0,170.0,0
2019_12_NYG_CHI,2019,2019-11-24,Sunday,NYG,14.0,CHI,19.0,33.0,-6.0,-100.0,-110.0,41.0,-252.0,220.0,0
2019_12_PIT_CIN,2019,2019-11-24,Sunday,PIT,16.0,CIN,10.0,26.0,5.5,-104.0,-106.0,37.5,199.0,-225.0,1
2019_12_MIA_CLE,2019,2019-11-24,Sunday,MIA,24.0,CLE,41.0,65.0,-11.0,103.0,-113.0,45.5,-446.0,365.0,0
2019_12_CAR_NO,2019,2019-11-24,Sunday,CAR,31.0,NO,34.0,65.0,-10.0,-102.0,-108.0,46.0,-457.0,374.0,1
2019_12_OAK_NYJ,2019,2019-11-24,Sunday,OAK,3.0,NYJ,34.0,37.0,3.5,-112.0,102.0,45.0,158.0,-177.0,0
2019_12_SEA_PHI,2019,2019-11-24,Sunday,SEA,17.0,PHI,9.0,26.0,1.0,-112.0,102.0,45.5,-105.0,-105.0,0
2019_12_DET_WAS,2019,2019-11-24,Sunday,DET,16.0,WAS,19.0,35.0,4.0,-109.0,-102.0,39.0,169.0,-190.0,0
2019_12_JAX_TEN,2019,2019-11-24,Sunday,JAX,20.0,TEN,42.0,62.0,-4.5,-114.0,103.0,42.0,-225.0,198.0,1
2019_12_DAL_NE,2019,2019-11-24,Sunday,DAL,9.0,NE,13.0,22.0,-5.5,-102.0,-108.0,44.5,-231.0,203.0,0
2019_12_GB_SF,2019,2019-11-24,Sunday,GB,8.0,SF,37.0,45.0,-3.0,-122.0,111.0,48.0,-175.0,156.0,0
2019_12_BAL_LA,2019,2019-11-25,Monday,BAL,45.0,LA,6.0,51.0,3.5,-124.0,112.0,47.0,145.0,-162.0,0
2019_13_CHI_DET,2019,2019-11-28,Thursday,CHI,24.0,DET,20.0,44.0,5.5,-106.0,-104.0,37.5,203.0,-230.0,1
2019_13_BUF_DAL,2019,2019-11-28,Thursday,BUF,26.0,DAL,15.0,41.0,-6.5,-115.0,104.0,46.5,-298.0,256.0,0
2019_13_NO_ATL,2019,2019-11-28,Thursday,NO,26.0,ATL,18.0,44.0,7.0,-104.0,-106.0,48.0,272.0,-319.0,1
2019_13_SF_BAL,2019,2019-12-01,Sunday,SF,17.0,BAL,20.0,37.0,-5.5,-110.0,-100.0,45.0,-242.0,212.0,0
2019_13_WAS_CAR,2019,2019-12-01,Sunday,WAS,29.0,CAR,21.0,50.0,-10.5,-100.0,-110.0,38.5,-482.0,391.0,0
2019_13_NYJ_CIN,2019,2019-12-01,Sunday,NYJ,6.0,CIN,22.0,28.0,2.5,-112.0,102.0,43.0,111.0,-123.0,0
2019_13_TEN_IND,2019,2019-12-01,Sunday,TEN,31.0,IND,17.0,48.0,1.0,-108.0,-102.0,41.5,-101.0,-109.0,1
2019_13_TB_JAX,2019,2019-12-01,Sunday,TB,28.0,JAX,11.0,39.0,3.0,-105.0,-105.0,46.5,140.0,-155.0,0
2019_13_PHI_MIA,2019,2019-12-01,Sunday,PHI,31.0,MIA,37.0,68.0,10.5,-110.0,-100.0,45.0,382.0,-469.0,0
2019_13_GB_NYG,2019,2019-12-01,Sunday,GB,31.0,NYG,13.0,44.0,6.5,-113.0,103.0,43.5,223.0,-256.0,0
2019_13_CLE_PIT,2019,2019-12-01,Sunday,CLE,13.0,PIT,20.0,33.0,1.0,-103.0,-107.0,40.0,103.0,-113.0,1
2019_13_LA_ARI,2019,2019-12-01,Sunday,LA,34.0,ARI,7.0,41.0,2.5,-100.0,-110.0,47.0,125.0,-139.0,1
2019_13_LAC_DEN,2019,2019-12-01,Sunday,LAC,20.0,DEN,23.0,43.0,4.5,-107.0,-103.0,39.0,183.0,-207.0,1
2019_13_OAK_KC,2019,2019-12-01,Sunday,OAK,9.0,KC,40.0,49.0,-11.5,106.0,-116.0,49.5,-451.0,369.0,1
2019_13_NE_HOU,2019,2019-12-01,Sunday,NE,22.0,HOU,28.0,50.0,3.5,-117.0,106.0,47.0,154.0,-172.0,0
2019_13_MIN_SEA,2019,2019-12-02,Monday,MIN,30.0,SEA,37.0,67.0,-2.5,-124.0,112.0,48.0,-154.0,138.0,0
2019_14_DAL_CHI,2019,2019-12-05,Thursday,DAL,24.0,CHI,31.0,55.0,3.0,-101.0,-109.0,43.0,150.0,-167.0,0
2019_14_CAR_ATL,2019,2019-12-08,Sunday,CAR,20.0,ATL,40.0,60.0,-3.5,100.0,-110.0,48.0,-180.0,161.0,1
2019_14_BAL_BUF,2019,2019-12-08,Sunday,BAL,24.0,BUF,17.0,41.0,6.5,-110.0,100.0,44.0,230.0,-264.0,0
2019_14_CIN_CLE,2019,2019-12-08,Sunday,CIN,19.0,CLE,27.0,46.0,-6.5,101.0,-112.0,43.0,-269.0,234.0,1
2019_14_WAS_GB,2019,2019-12-08,Sunday,WAS,15.0,GB,20.0,35.0,-13.0,-104.0,-106.0,42.5,-752.0,568.0,0
2019_14_DEN_HOU,2019,2019-12-08,Sunday,DEN,38.0,HOU,24.0,62.0,-8.0,-107.0,-103.0,42.5,-389.0,325.0,0
2019_14_DET_MIN,2019,2019-12-08,Sunday,DET,7.0,MIN,20.0,27.0,-12.0,106.0,-117.0,43.5,-587.0,463.0,1
2019_14_SF_NO,2019,2019-12-08,Sunday,SF,48.0,NO,46.0,94.0,-1.0,-109.0,-101.0,45.0,-116.0,105.0,0
2019_14_MIA_NYJ,2019,2019-12-08,Sunday,MIA,21.0,NYJ,22.0,43.0,-5.0,100.0,-110.0,47.0,-213.0,189.0,1
2019_14_IND_TB,2019,2019-12-08,Sunday,IND,35.0,TB,38.0,73.0,-3.0,-111.0,101.0,46.5,-166.0,149.0,0
2019_14_LAC_JAX,2019,2019-12-08,Sunday,LAC,45.0,JAX,10.0,55.0,3.5,-110.0,-101.0,42.0,160.0,-179.0,0
2019_14_PIT_ARI,2019,2019-12-08,Sunday,PIT,23.0,ARI,17.0,40.0,2.5,-110.0,-100.0,43.5,117.0,-130.0,0
2019_14_KC_NE,2019,2019-12-08,Sunday,KC,23.0,NE,16.0,39.0,-3.0,-103.0,-107.0,49.5,-150.0,135.0,0
2019_14_TEN_OAK,2019,2019-12-08,Sunday,TEN,42.0,OAK,21.0,63.0,3.0,-111.0,100.0,47.0,137.0,-152.0,0
2019_14_SEA_LA,2019,2019-12-08,Sunday,SEA,12.0,LA,28.0,40.0,-1.0,-112.0,102.0,47.5,-120.0,109.0,1
2019_14_NYG_PHI,2019,2019-12-09,Monday,NYG,17.0,PHI,23.0,40.0,-9.5,-104.0,-106.0,45.5,-411.0,341.0,1
2019_15_NYJ_BAL,2019,2019-12-12,Thursday,NYJ,21.0,BAL,42.0,63.0,-17.0,-105.0,-105.0,44.0,-1105.0,775.0,0
2019_15_SEA_CAR,2019,2019-12-15,Sunday,SEA,30.0,CAR,24.0,54.0,6.0,-106.0,-104.0,48.5,218.0,-250.0,0
2019_15_NE_CIN,2019,2019-12-15,Sunday,NE,34.0,CIN,13.0,47.0,10.5,-110.0,-101.0,42.0,381.0,-468.0,0
2019_15_TB_DET,2019,2019-12-15,Sunday,TB,38.0,DET,17.0,55.0,5.5,101.0,-111.0,46.0,210.0,-239.0,0
2019_15_CHI_GB,2019,2019-12-15,Sunday,CHI,13.0,GB,21.0,34.0,-4.0,-118.0,107.0,40.0,-218.0,192.0,1
2019_15_DEN_KC,2019,2019-12-15,Sunday,DEN,3.0,KC,23.0,26.0,-10.0,113.0,-125.0,43.0,-426.0,352.0,1
2019_15_MIA_NYG,2019,2019-12-15,Sunday,MIA,20.0,NYG,36.0,56.0,-3.5,-102.0,-108.0,47.0,-185.0,165.0,0
2019_15_HOU_TEN,2019,2019-12-15,Sunday,HOU,24.0,TEN,21.0,45.0,-3.0,-113.0,103.0,50.0,-165.0,148.0,1
2019_15_PHI_WAS,2019,2019-12-15,Sunday,PHI,37.0,WAS,27.0,64.0,7.0,-116.0,105.0,38.0,247.0,-286.0,1
2019_15_CLE_ARI,2019,2019-12-15,Sunday,CLE,24.0,ARI,38.0,62.0,3.0,-103.0,-107.0,49.0,140.0,-156.0,0
2019_15_MIN_LAC,2019,2019-12-15,Sunday,MIN,39.0,LAC,10.0,49.0,1.0,101.0,-111.0,45.0,107.0,-118.0,0
2019_15_JAX_OAK,2019,2019-12-15,Sunday,JAX,20.0,OAK,16.0,36.0,-7.0,103.0,-114.0,47.0,-297.0,255.0,0
2019_15_LA_DAL,2019,2019-12-15,Sunday,LA,21.0,DAL,44.0,65.0,1.0,-102.0,-108.0,48.5,104.0,-115.0,0
2019_15_ATL_SF,2019,2019-12-15,Sunday,ATL,29.0,SF,22.0,51.0,-10.5,106.0,-117.0,50.0,-460.0,376.0,0
2019_15_BUF_PIT,2019,2019-12-15,Sunday,BUF,17.0,PIT,10.0,27.0,-1.0,-105.0,-105.0,37.0,-112.0,101.0,0
2019_15_IND_NO,2019,2019-12-16,Monday,IND,7.0,NO,34.0,41.0,-8.0,-104.0,-106.0,48.5,-376.0,315.0,0
2019_16_HOU_TB,2019,2019-12-21,Saturday,HOU,23.0,TB,20.0,43.0,3.0,-112.0,102.0,50.0,135.0,-150.0,0
2019_16_BUF_NE,2019,2019-12-21,Saturday,BUF,17.0,NE,24.0,41.0,-7.0,101.0,-111.0,39.5,-289.0,250.0,1
2019_16_LA_SF,2019,2019-12-21,Saturday,LA,31.0,SF,34.0,65.0,-7.0,-110.0,100.0,45.5,-320.0,274.0,1
2019_16_JAX_ATL,2019,2019-12-22,Sunday,JAX,12.0,ATL,24.0,36.0,-7.5,103.0,-114.0,48.0,-313.0,268.0,0
2019_16_BAL_CLE,2019,2019-12-22,Sunday,BAL,31.0,CLE,15.0,46.0,9.5,-106.0,-104.0,48.5,311.0,-370.0,1
2019_16_CAR_IND,2019,2019-12-22,Sunday,CAR,6.0,IND,38.0,44.0,-7.5,110.0,-122.0,46.0,-308.0,264.0,0
2019_16_CIN_MIA,2019,2019-12-22,Sunday,CIN,35.0,MIA,38.0,73.0,1.5,-104.0,-106.0,46.0,107.0,-118.0,0
2019_16_PIT_NYJ,2019,2019-12-22,Sunday,PIT,10.0,NYJ,16.0,26.0,3.0,105.0,-116.0,36.5,153.0,-171.0,0
2019_16_NO_TEN,2019,2019-12-22,Sunday,NO,38.0,TEN,28.0,66.0,3.5,-113.0,103.0,49.0,159.0,-178.0,0
2019_16_NYG_WAS,2019,2019-12-22,Sunday,NYG,41.0,WAS,35.0,76.0,1.0,-104.0,-106.0,42.0,102.0,-112.0,1
2019_16_DET_DEN,2019,2019-12-22,Sunday,DET,17.0,DEN,27.0,44.0,-9.5,-112.0,102.0,40.0,-400.0,333.0,0
2019_16_OAK_LAC,2019,2019-12-22,Sunday,OAK,24.0,LAC,17.0,41.0,-7.5,103.0,-113.0,45.0,-321.0,274.0,1
2019_16_DAL_PHI,2019,2019-12-22,Sunday,DAL,9.0,PHI,17.0,26.0,2.0,-112.0,101.0,47.0,109.0,-120.0,1
2019_16_ARI_SEA,2019,2019-12-22,Sunday,ARI,27.0,SEA,13.0,40.0,-8.0,101.0,-111.0,51.0,-385.0,322.0,1
2019_16_KC_CHI,2019,2019-12-22,Sunday,KC,26.0,CHI,3.0,29.0,6.5,-101.0,-109.0,45.5,254.0,-295.0,0
2019_16_GB_MIN,2019,2019-12-23,Monday,GB,23.0,MIN,10.0,33.0,-4.0,-108.0,-102.0,47.0,-202.0,179.0,1
2019_17_NYJ_BUF,2019,2019-12-29,Sunday,NYJ,13.0,BUF,6.0,19.0,1.5,-100.0,-110.0,37.0,112.0,-124.0,1
2019_17_NO_CAR,2019,2019-12-29,Sunday,NO,42.0,CAR,10.0,52.0,13.5,-104.0,-106.0,45.0,510.0,-660.0,1
2019_17_CLE_CIN,2019,2019-12-29,Sunday,CLE,23.0,CIN,33.0,56.0,2.5,-103.0,-107.0,44.0,124.0,-137.0,1
2019_17_GB_DET,2019,2019-12-29,Sunday,GB,23.0,DET,20.0,43.0,13.5,-114.0,103.0,44.0,508.0,-656.0,1
2019_17_LAC_KC,2019,2019-12-29,Sunday,LAC,21.0,KC,31.0,52.0,-10.0,-100.0,-110.0,46.0,-389.0,325.0,1
2019_17_CHI_MIN,2019,2019-12-29,Sunday,CHI,21.0,MIN,19.0,40.0,5.5,-100.0,-110.0,36.5,203.0,-230.0,1
2019_17_MIA_NE,2019,2019-12-29,Sunday,MIA,27.0,NE,24.0,51.0,-17.5,-102.0,-109.0,46.0,-1117.0,781.0,1
2019_17_ATL_TB,2019,2019-12-29,Sunday,ATL,28.0,TB,22.0,50.0,-1.0,-111.0,101.0,48.0,-120.0,109.0,1
2019_17_PIT_BAL,2019,2019-12-29,Sunday,PIT,10.0,BAL,28.0,38.0,2.0,102.0,-113.0,35.0,122.0,-135.0,1
2019_17_WAS_DAL,2019,2019-12-29,Sunday,WAS,16.0,DAL,47.0,63.0,-13.0,-105.0,-105.0,47.5,-621.0,485.0,1
2019_17_OAK_DEN,2019,2019-12-29,Sunday,OAK,15.0,DEN,16.0,31.0,-5.5,-101.0,-110.0,41.5,-221.0,195.0,1
2019_17_TEN_HOU,2019,2019-12-29,Sunday,TEN,35.0,HOU,14.0,49.0,10.0,-117.0,106.0,43.0,308.0,-366.0,1
2019_17_IND_JAX,2019,2019-12-29,Sunday,IND,20.0,JAX,38.0,58.0,5.0,-101.0,-109.0,41.5,204.0,-232.0,1
2019_17_ARI_LA,2019,2019-12-29,Sunday,ARI,24.0,LA,31.0,55.0,-7.0,107.0,-118.0,46.0,-271.0,235.0,1
2019_17_PHI_NYG,2019,2019-12-29,Sunday,PHI,34.0,NYG,17.0,51.0,4.0,-108.0,-102.0,44.0,176.0,-198.0,1
2019_17_SF_SEA,2019,2019-12-29,Sunday,SF,26.0,SEA,21.0,47.0,3.5,-112.0,101.0,47.0,159.0,-177.0,1
2019_18_BUF_HOU,2019,2020-01-04,Saturday,BUF,19.0,HOU,22.0,41.0,-2.5,-114.0,103.0,43.0,-144.0,130.0,0
2019_18_TEN_NE,2019,2020-01-04,Saturday,TEN,20.0,NE,13.0,33.0,-4.5,-109.0,-101.0,45.0,-214.0,190.0,0
2019_18_MIN_NO,2019,2020-01-05,Sunday,MIN,26.0,NO,20.0,46.0,-7.5,104.0,-115.0,50.0,-355.0,300.0,0
2019_18_SEA_PHI,2019,2020-01-05,Sunday,SEA,17.0,PHI,9.0,26.0,-1.0,-110.0,-100.0,44.0,-119.0,108.0,0
2019_19_MIN_SF,2019,2020-01-11,Saturday,MIN,10.0,SF,27.0,37.0,-7.0,-110.0,-100.0,44.5,-323.0,276.0,0
2019_19_TEN_BAL,2019,2020-01-11,Saturday,TEN,28.0,BAL,12.0,40.0,-10.0,-103.0,-107.0,47.5,-439.0,361.0,0
2019_19_HOU_KC,2019,2020-01-12,Sunday,HOU,31.0,KC,51.0,82.0,-10.0,-105.0,-105.0,50.5,-461.0,376.0,0
2019_19_SEA_GB,2019,2020-01-12,Sunday,SEA,23.0,GB,28.0,51.0,-4.5,-108.0,-102.0,46.0,-224.0,197.0,0
2019_20_TEN_KC,2019,2020-01-19,Sunday,TEN,24.0,KC,35.0,59.0,-7.5,106.0,-117.0,51.0,-337.0,286.0,0
2019_20_GB_SF,2019,2020-01-19,Sunday,GB,20.0,SF,37.0,57.0,-8.0,-103.0,-107.0,46.5,-375.0,315.0,0
2019_21_SF_KC,2019,2020-02-02,Sunday,SF,20.0,KC,31.0,51.0,-1.5,-109.0,-101.0,52.5,-125.0,113.0,0
2020_01_HOU_KC,2020,2020-09-10,Thursday,HOU,20.0,KC,34.0,54.0,-9.5,-105.0,-105.0,53.5,-423.0,349.0,0
2020_01_SEA_ATL,2020,2020-09-13,Sunday,SEA,38.0,ATL,25.0,63.0,-1.0,-105.0,-105.0,49.5,-112.0,102.0,0
2020_01_CLE_BAL,2020,2020-09-13,Sunday,CLE,6.0,BAL,38.0,44.0,-7.0,-103.0,-107.0,47.0,-302.0,260.0,1
2020_01_NYJ_BUF,2020,2020-09-13,Sunday,NYJ,17.0,BUF,27.0,44.0,-6.5,100.0,-110.0,39.5,-279.0,242.0,1
2020_01_LV_CAR,2020,2020-09-13,Sunday,LV,34.0,CAR,30.0,64.0,3.0,-113.0,-112.0,48.0,134.0,-124.0,0
2020_01_CHI_DET,2020,2020-09-13,Sunday,CHI,27.0,DET,23.0,50.0,-2.5,-102.0,-108.0,42.5,-128.0,116.0,1
2020_01_IND_JAX,2020,2020-09-13,Sunday,IND,20.0,JAX,27.0,47.0,7.0,-102.0,-108.0,44.0,265.0,-309.0,1
2020_01_GB_MIN,2020,2020-09-13,Sunday,GB,43.0,MIN,34.0,77.0,-1.0,-107.0,-103.0,45.0,-114.0,103.0,1
2020_01_MIA_NE,2020,2020-09-13,Sunday,MIA,11.0,NE,21.0,32.0,-7.5,102.0,-112.0,41.5,-327.0,278.0,1
2020_01_PHI_WAS,2020,2020-09-13,Sunday,PHI,17.0,WAS,27.0,44.0,5.5,-104.0,-106.0,41.5,200.0,-227.0,1
2020_01_LAC_CIN,2020,2020-09-13,Sunday,LAC,16.0,CIN,13.0,29.0,2.5,-110.0,-100.0,41.5,117.0,-129.0,0
2020_01_TB_NO,2020,2020-09-13,Sunday,TB,23.0,NO,34.0,57.0,-4.0,-113.0,102.0,48.5,-196.0,174.0,1
2020_01_ARI_SF,2020,2020-09-13,Sunday,ARI,24.0,SF,20.0,44.0,-7.0,111.0,-123.0,48.5,-280.0,242.0,1
2020_01_DAL_LA,2020,2020-09-13,Sunday,DAL,17.0,LA,20.0,37.0,-1.0,-107.0,-103.0,52.0,-114.0,103.0,0
2020_01_PIT_NYG,2020,2020-09-14,Monday,PIT,26.0,NYG,16.0,42.0,6.0,-105.0,-105.0,44.0,221.0,-253.0,0
2020_01_TEN_DEN,2020,2020-09-14,Monday,TEN,16.0,DEN,14.0,30.0,3.0,109.0,-121.0,41.0,157.0,-175.0,0
2020_02_CIN_CLE,2020,2020-09-17,Thursday,CIN,30.0,CLE,35.0,65.0,-6.0,100.0,-111.0,44.5,-243.0,213.0,1
2020_02_NYG_CHI,2020,2020-09-20,Sunday,NYG,13.0,CHI,17.0,30.0,-4.5,-105.0,-105.0,42.5,-222.0,196.0,0
2020_02_ATL_DAL,2020,2020-09-20,Sunday,ATL,39.0,DAL,40.0,79.0,-3.0,108.0,-119.0,53.0,-145.0,131.0,0
2020_02_DET_GB,2020,2020-09-20,Sunday,DET,21.0,GB,42.0,63.0,-7.0,102.0,-113.0,51.0,-284.0,245.0,1
2020_02_MIN_IND,2020,2020-09-20,Sunday,MIN,11.0,IND,28.0,39.0,-3.5,101.0,-111.0,49.0,-176.0,158.0,0
2020_02_BUF_MIA,2020,2020-09-20,Sunday,BUF,31.0,MIA,28.0,59.0,5.5,-101.0,-109.0,42.5,214.0,-244.0,1
2020_02_SF_NYJ,2020,2020-09-20,Sunday,SF,31.0,NYJ,13.0,44.0,7.0,-111.0,101.0,41.5,259.0,-301.0,0
2020_02_LA_PHI,2020,2020-09-20,Sunday,LA,37.0,PHI,19.0,56.0,-2.0,-103.0,-107.0,46.0,-123.0,111.0,0
2020_02_DEN_PIT,2020,2020-09-20,Sunday,DEN,21.0,PIT,26.0,47.0,-6.0,-110.0,-100.0,41.0,-267.0,232.0,0
2020_02_CAR_TB,2020,2020-09-20,Sunday,CAR,17.0,TB,31.0,48.0,-7.5,-104.0,-106.0,47.0,-342.0,290.0,1
2020_02_JAX_TEN,2020,2020-09-20,Sunday,JAX,30.0,TEN,33.0,63.0,-7.0,105.0,-116.0,44.5,-295.0,254.0,1
2020_02_WAS_ARI,2020,2020-09-20,Sunday,WAS,15.0,ARI,30.0,45.0,-7.5,109.0,-120.0,46.5,-313.0,268.0,0
2020_02_BAL_HOU,2020,2020-09-20,Sunday,BAL,33.0,HOU,16.0,49.0,7.5,-108.0,-102.0,49.5,292.0,-344.0,0
2020_02_KC_LAC,2020,2020-09-20,Sunday,KC,23.0,LAC,20.0,43.0,8.5,-106.0,-104.0,47.0,311.0,-370.0,1
2020_02_NE_SEA,2020,2020-09-20,Sunday,NE,30.0,SEA,35.0,65.0,-4.0,-108.0,-102.0,45.0,-199.0,177.0,0
2020_02_NO_LV,2020,2020-09-21,Monday,NO,24.0,LV,34.0,58.0,4.0,-107.0,-102.0,47.5,180.0,-201.0,0
2020_03_MIA_JAX,2020,2020-09-24,Thursday,MIA,31.0,JAX,13.0,44.0,-3.0,114.0,-126.0,49.0,-138.0,124.0,0
2020_03_CHI_ATL,2020,2020-09-27,Sunday,CHI,30.0,ATL,26.0,56.0,-2.5,-111.0,101.0,46.0,-135.0,122.0,0
2020_03_LA_BUF,2020,2020-09-27,Sunday,LA,32.0,BUF,35.0,67.0,-1.5,-110.0,-100.0,46.5,-126.0,114.0,0
2020_03_WAS_CLE,2020,2020-09-27,Sunday,WAS,20.0,CLE,34.0,54.0,-7.5,104.0,-115.0,45.0,-331.0,282.0,0
2020_03_TEN_MIN,2020,2020-09-27,Sunday,TEN,31.0,MIN,30.0,61.0,3.0,-109.0,-101.0,49.5,139.0,-155.0,0
2020_03_LV_NE,2020,2020-09-27,Sunday,LV,20.0,NE,36.0,56.0,-7.0,-105.0,-105.0,47.0,-311.0,266.0,0
2020_03_SF_NYG,2020,2020-09-27,Sunday,SF,36.0,NYG,9.0,45.0,3.0,-109.0,-101.0,44.0,134.0,-149.0,0
2020_03_CIN_PHI,2020,2020-09-27,Sunday,CIN,23.0,PHI,23.0,46.0,-5.5,-105.0,-105.0,46.5,-233.0,205.0,0
2020_03_HOU_PIT,2020,2020-09-27,Sunday,HOU,21.0,PIT,28.0,49.0,-4.0,-100.0,-110.0,46.5,-196.0,174.0,0
2020_03_NYJ_IND,2020,2020-09-27,Sunday,NYJ,7.0,IND,36.0,43.0,-12.5,-101.0,-109.0,44.0,-630.0,491.0,0
2020_03_CAR_LAC,2020,2020-09-27,Sunday,CAR,21.0,LAC,16.0,37.0,-6.0,-103.0,-107.0,43.5,-265.0,230.0,0
2020_03_DET_ARI,2020,2020-09-27,Sunday,DET,26.0,ARI,23.0,49.0,-4.5,-105.0,-105.0,55.5,-218.0,193.0,0
2020_03_TB_DEN,2020,2020-09-27,Sunday,TB,28.0,DEN,10.0,38.0,6.0,-105.0,-105.0,42.5,230.0,-264.0,0
2020_03_DAL_SEA,2020,2020-09-27,Sunday,DAL,31.0,SEA,38.0,69.0,-5.5,-106.0,-104.0,58.0,-237.0,208.0,0
2020_03_GB_NO,2020,2020-09-27,Sunday,GB,37.0,NO,30.0,67.0,-3.5,102.0,-112.0,52.0,-172.0,154.0,0
2020_03_KC_BAL,2020,2020-09-28,Monday,KC,34.0,BAL,20.0,54.0,-3.5,102.0,-112.0,55.0,-174.0,156.0,0
2020_04_DEN_NYJ,2020,2020-10-01,Thursday,DEN,37.0,NYJ,28.0,65.0,-1.0,-108.0,-102.0,41.0,-114.0,104.0,0
2020_04_ARI_CAR,2020,2020-10-04,Sunday,ARI,21.0,CAR,31.0,52.0,3.0,-105.0,-105.0,52.5,141.0,-157.0,0
2020_04_JAX_CIN,2020,2020-10-04,Sunday,JAX,25.0,CIN,33.0,58.0,-1.0,-104.0,-106.0,50.0,-112.0,101.0,0
2020_04_CLE_DAL,2020,2020-10-04,Sunday,CLE,49.0,DAL,38.0,87.0,-3.5,101.0,-111.0,56.5,-175.0,157.0,0
2020_04_NO_DET,2020,2020-10-04,Sunday,NO,35.0,DET,29.0,64.0,3.0,-107.0,-103.0,51.5,139.0,-155.0,0
2020_04_MIN_HOU,2020,2020-10-04,Sunday,MIN,31.0,HOU,23.0,54.0,-3.5,104.0,-114.0,52.5,-172.0,154.0,0
2020_04_SEA_MIA,2020,2020-10-04,Sunday,SEA,31.0,MIA,23.0,54.0,4.5,-104.0,-106.0,55.0,196.0,-223.0,0
2020_04_LAC_TB,2020,2020-10-04,Sunday,LAC,31.0,TB,38.0,69.0,-7.5,103.0,-114.0,42.5,-331.0,282.0,0
2020_04_BAL_WAS,2020,2020-10-04,Sunday,BAL,31.0,WAS,17.0,48.0,14.5,-115.0,104.0,45.0,692.0,-958.0,0
2020_04_NYG_LA,2020,2020-10-04,Sunday,NYG,9.0,LA,17.0,26.0,-13.5,-107.0,-103.0,49.5,-890.0,652.0,0
2020_04_IND_CHI,2020,2020-10-04,Sunday,IND,19.0,CHI,11.0,30.0,3.5,-112.0,102.0,43.5,156.0,-174.0,0
2020_04_BUF_LV,2020,2020-10-04,Sunday,BUF,30.0,LV,23.0,53.0,3.0,104.0,-115.0,53.0,154.0,-172.0,0
2020_04_PHI_SF,2020,2020-10-04,Sunday,PHI,25.0,SF,20.0,45.0,-8.5,105.0,-116.0,45.5,-320.0,273.0,0
2020_04_NE_KC,2020,2020-10-05,Monday,NE,10.0,KC,26.0,36.0,-7.0,103.0,-114.0,52.5,-299.0,257.0,0
2020_04_ATL_GB,2020,2020-10-05,Monday,ATL,16.0,GB,30.0,46.0,-5.0,-100.0,-110.0,56.5,-221.0,195.0,0
2020_05_TB_CHI,2020,2020-10-08,Thursday,TB,19.0,CHI,20.0,39.0,3.5,-108.0,-102.0,44.0,164.0,-184.0,0
2020_05_CAR_ATL,2020,2020-10-11,Sunday,CAR,23.0,ATL,16.0,39.0,-2.5,-109.0,-101.0,53.5,-139.0,125.0,1
2020_05_CIN_BAL,2020,2020-10-11,Sunday,CIN,3.0,BAL,27.0,30.0,-12.5,-105.0,-105.0,49.0,-718.0,547.0,1
2020_05_JAX_HOU,2020,2020-10-11,Sunday,JAX,14.0,HOU,30.0,44.0,-6.5,-110.0,100.0,55.0,-281.0,243.0,1
2020_05_LV_KC,2020,2020-10-11,Sunday,LV,40.0,KC,32.0,72.0,-11.0,104.0,-114.0,54.5,-476.0,387.0,1
2020_05_ARI_NYJ,2020,2020-10-11,Sunday,ARI,30.0,NYJ,10.0,40.0,7.0,-117.0,106.0,48.5,254.0,-295.0,0
2020_05_PHI_PIT,2020,2020-10-11,Sunday,PHI,29.0,PIT,38.0,67.0,-7.5,-107.0,-103.0,44.0,-372.0,312.0,0
2020_05_LA_WAS,2020,2020-10-11,Sunday,LA,30.0,WAS,10.0,40.0,7.0,-109.0,-101.0,45.0,262.0,-305.0,0
2020_05_MIA_SF,2020,2020-10-11,Sunday,MIA,43.0,SF,17.0,60.0,-8.5,108.0,-119.0,50.5,-357.0,301.0,0
2020_05_IND_CLE,2020,2020-10-11,Sunday,IND,23.0,CLE,32.0,55.0,-1.0,-103.0,-107.0,48.5,-110.0,-101.0,0
2020_05_NYG_DAL,2020,2020-10-11,Sunday,NYG,34.0,DAL,37.0,71.0,-7.5,103.0,-114.0,52.0,-347.0,293.0,1
2020_05_MIN_SEA,2020,2020-10-11,Sunday,MIN,26.0,SEA,27.0,53.0,-6.5,-105.0,-105.0,54.0,-284.0,245.0,0
2020_05_LAC_NO,2020,2020-10-12,Monday,LAC,27.0,NO,30.0,57.0,-7.0,-104.0,-106.0,49.5,-339.0,288.0,0
2020_05_BUF_TEN,2020,2020-10-13,Tuesday,BUF,16.0,TEN,42.0,58.0,3.0,-102.0,-108.0,52.0,150.0,-168.0,0
2020_06_CHI_CAR,2020,2020-10-18,Sunday,CHI,23.0,CAR,16.0,39.0,-2.0,-103.0,-107.0,45.0,-124.0,112.0,0
2020_06_CIN_IND,2020,2020-10-18,Sunday,CIN,27.0,IND,31.0,58.0,-7.5,-102.0,-108.0,46.0,-340.0,288.0,0
2020_06_DET_JAX,2020,2020-10-18,Sunday,DET,34.0,JAX,16.0,50.0,3.0,-105.0,-105.0,52.5,139.0,-154.0,0
2020_06_ATL_MIN,2020,2020-10-18,Sunday,ATL,40.0,MIN,23.0,63.0,-3.5,-108.0,-102.0,53.0,-188.0,167.0,0
2020_06_DEN_NE,2020,2020-10-18,Sunday,DEN,18.0,NE,12.0,30.0,-7.0,-107.0,-103.0,43.5,-328.0,280.0,0
2020_06_WAS_NYG,2020,2020-10-18,Sunday,WAS,19.0,NYG,20.0,39.0,-2.0,-107.0,-103.0,42.5,-128.0,116.0,1
2020_06_BAL_PHI,2020,2020-10-18,Sunday,BAL,30.0,PHI,28.0,58.0,10.5,-119.0,108.0,46.5,348.0,-422.0,0
2020_06_CLE_PIT,2020,2020-10-18,Sunday,CLE,7.0,PIT,38.0,45.0,-3.0,-108.0,-102.0,50.0,-159.0,143.0,1
2020_06_HOU_TEN,2020,2020-10-18,Sunday,HOU,36.0,TEN,42.0,78.0,-4.0,100.0,-110.0,52.0,-190.0,169.0,1
2020_06_NYJ_MIA,2020,2020-10-18,Sunday,NYJ,0.0,MIA,24.0,24.0,-9.5,-113.0,103.0,46.0,-410.0,340.0,1
2020_06_GB_TB,2020,2020-10-18,Sunday,GB,10.0,TB,38.0,48.0,3.0,-121.0,109.0,55.0,131.0,-145.0,0
2020_06_LA_SF,2020,2020-10-18,Sunday,LA,16.0,SF,24.0,40.0,2.0,-107.0,-103.0,51.0,112.0,-124.0,1
2020_06_KC_BUF,2020,2020-10-19,Monday,KC,26.0,BUF,17.0,43.0,5.5,-106.0,-104.0,55.0,203.0,-230.0,0
2020_06_ARI_DAL,2020,2020-10-19,Monday,ARI,38.0,DAL,10.0,48.0,-1.0,-106.0,-104.0,55.5,-114.0,103.0,0
2020_07_NYG_PHI,2020,2020-10-22,Thursday,NYG,21.0,PHI,22.0,43.0,-5.0,-101.0,-109.0,44.5,-223.0,197.0,1
2020_07_DET_ATL,2020,2020-10-25,Sunday,DET,23.0,ATL,22.0,45.0,-1.0,-104.0,-106.0,54.0,-113.0,102.0,0
2020_07_CLE_CIN,2020,2020-10-25,Sunday,CLE,37.0,CIN,34.0,71.0,4.5,-114.0,103.0,50.0,179.0,-201.0,1
2020_07_GB_HOU,2020,2020-10-25,Sunday,GB,35.0,HOU,20.0,55.0,2.5,102.0,-113.0,55.5,127.0,-140.0,0
2020_07_CAR_NO,2020,2020-10-25,Sunday,CAR,24.0,NO,27.0,51.0,-7.0,-103.0,-107.0,49.5,-317.0,271.0,1
2020_07_BUF_NYJ,2020,2020-10-25,Sunday,BUF,18.0,NYJ,10.0,28.0,9.5,-111.0,101.0,47.0,327.0,-391.0,1
2020_07_PIT_TEN,2020,2020-10-25,Sunday,PIT,27.0,TEN,24.0,51.0,-1.0,-108.0,-102.0,51.0,-114.0,103.0,0
2020_07_DAL_WAS,2020,2020-10-25,Sunday,DAL,3.0,WAS,25.0,28.0,1.0,-107.0,-103.0,44.5,100.0,-110.0,1
2020_07_TB_LV,2020,2020-10-25,Sunday,TB,45.0,LV,20.0,65.0,3.5,-102.0,-108.0,51.5,171.0,-192.0,0
2020_07_KC_DEN,2020,2020-10-25,Sunday,KC,43.0,DEN,16.0,59.0,7.0,-113.0,103.0,46.0,260.0,-302.0,1
2020_07_JAX_LAC,2020,2020-10-25,Sunday,JAX,29.0,LAC,39.0,68.0,-8.0,-102.0,-108.0,48.0,-389.0,325.0,0
2020_07_SF_NE,2020,2020-10-25,Sunday,SF,33.0,NE,6.0,39.0,-3.0,-113.0,102.0,44.0,-167.0,150.0,0
2020_07_SEA_ARI,2020,2020-10-25,Sunday,SEA,34.0,ARI,37.0,71.0,3.5,-108.0,-102.0,55.5,166.0,-186.0,1
2020_07_CHI_LA,2020,2020-10-26,Monday,CHI,10.0,LA,24.0,34.0,-6.5,-112.0,101.0,44.0,-291.0,251.0,0
2020_08_ATL_CAR,2020,2020-10-29,Thursday,ATL,25.0,CAR,17.0,42.0,-1.5,-102.0,-109.0,52.0,-115.0,104.0,1
2020_08_PIT_BAL,2020,2020-11-01,Sunday,PIT,28.0,BAL,24.0,52.0,-4.0,-102.0,-109.0,44.0,-200.0,178.0,1
2020_08_NE_BUF,2020,2020-11-01,Sunday,NE,21.0,BUF,24.0,45.0,-4.0,-105.0,-105.0,41.0,-197.0,175.0,1
2020_08_TEN_CIN,2020,2020-11-01,Sunday,TEN,20.0,CIN,31.0,51.0,7.5,-118.0,107.0,49.5,274.0,-321.0,0
2020_08_LV_CLE,2020,2020-11-01,Sunday,LV,16.0,CLE,6.0,22.0,-1.0,-123.0,111.0,48.0,-130.0,117.0,0
2020_08_IND_DET,2020,2020-11-01,Sunday,IND,41.0,DET,21.0,62.0,3.5,-107.0,-103.0,49.0,165.0,-185.0,0
2020_08_MIN_GB,2020,2020-11-01,Sunday,MIN,28.0,GB,22.0,50.0,-5.5,-109.0,-101.0,47.0,-249.0,218.0,1
2020_08_NYJ_KC,2020,2020-11-01,Sunday,NYJ,9.0,KC,35.0,44.0,-20.0,-108.0,-102.0,49.0,-1965.0,1204.0,0
2020_08_LA_MIA,2020,2020-11-01,Sunday,LA,17.0,MIA,28.0,45.0,3.5,-111.0,101.0,46.5,157.0,-176.0,0
2020_08_LAC_DEN,2020,2020-11-01,Sunday,LAC,30.0,DEN,31.0,61.0,3.0,-114.0,103.0,44.5,132.0,-146.0,1
2020_08_NO_CHI,2020,2020-11-01,Sunday,NO,26.0,CHI,23.0,49.0,5.5,-110.0,100.0,41.0,202.0,-229.0,0
2020_08_SF_SEA,2020,2020-11-01,Sunday,SF,27.0,SEA,37.0,64.0,-1.0,-102.0,-108.0,54.5,-110.0,-100.0,1
2020_08_DAL_PHI,2020,2020-11-01,Sunday,DAL,9.0,PHI,23.0,32.0,-10.0,-110.0,-100.0,43.0,-403.0,335.0,1
2020_08_TB_NYG,2020,2020-11-02,Monday,TB,25.0,NYG,23.0,48.0,13.0,-115.0,105.0,47.0,470.0,-598.0,0
2020_09_GB_SF,2020,2020-11-05,Thursday,GB,34.0,SF,17.0,51.0,6.0,-110.0,100.0,48.5,215.0,-246.0,0
2020_09_DEN_ATL,2020,2020-11-08,Sunday,DEN,27.0,ATL,34.0,61.0,-4.5,-102.0,-108.0,50.0,-218.0,193.0,0
2020_09_SEA_BUF,2020,2020-11-08,Sunday,SEA,34.0,BUF,44.0,78.0,3.0,-101.0,-109.0,55.0,147.0,-164.0,0
2020_09_BAL_IND,2020,2020-11-08,Sunday,BAL,24.0,IND,10.0,34.0,-1.0,102.0,-113.0,48.0,-104.0,-106.0,0
2020_09_HOU_JAX,2020,2020-11-08,Sunday,HOU,27.0,JAX,25.0,52.0,7.0,-117.0,106.0,49.0,249.0,-289.0,1
2020_09_CAR_KC,2020,2020-11-08,Sunday,CAR,31.0,KC,33.0,64.0,-10.0,-104.0,-106.0,51.5,-445.0,365.0,0
2020_09_DET_MIN,2020,2020-11-08,Sunday,DET,20.0,MIN,34.0,54.0,-3.0,-117.0,106.0,51.5,-173.0,155.0,1
2020_09_CHI_TEN,2020,2020-11-08,Sunday,CHI,17.0,TEN,24.0,41.0,-6.5,-103.0,-107.0,46.5,-280.0,243.0,0
2020_09_NYG_WAS,2020,2020-11-08,Sunday,NYG,23.0,WAS,20.0,43.0,-3.0,-105.0,-105.0,43.0,-162.0,145.0,1
2020_09_LV_LAC,2020,2020-11-08,Sunday,LV,31.0,LAC,26.0,57.0,1.0,-105.0,-105.0,52.5,102.0,-112.0,1
2020_09_MIA_ARI,2020,2020-11-08,Sunday,MIA,34.0,ARI,31.0,65.0,-6.0,102.0,-112.0,49.0,-241.0,211.0,0
2020_09_PIT_DAL,2020,2020-11-08,Sunday,PIT,24.0,DAL,19.0,43.0,14.0,-110.0,-100.0,44.0,591.0,-789.0,0
2020_09_NO_TB,2020,2020-11-08,Sunday,NO,38.0,TB,3.0,41.0,-3.0,-118.0,107.0,51.0,-179.0,160.0,1
2020_09_NE_NYJ,2020,2020-11-09,Monday,NE,30.0,NYJ,27.0,57.0,9.5,-113.0,102.0,41.5,312.0,-372.0,1
2020_10_IND_TEN,2020,2020-11-12,Thursday,IND,34.0,TEN,17.0,51.0,1.0,-103.0,-107.0,49.0,105.0,-115.0,1
2020_10_TB_CAR,2020,2020-11-15,Sunday,TB,46.0,CAR,23.0,69.0,6.0,-102.0,-108.0,49.5,226.0,-259.0,1
2020_10_HOU_CLE,2020,2020-11-15,Sunday,HOU,7.0,CLE,10.0,17.0,-4.5,-104.0,-106.0,46.0,-217.0,192.0,0
2020_10_WAS_DET,2020,2020-11-15,Sunday,WAS,27.0,DET,30.0,57.0,-2.5,-110.0,100.0,46.0,-136.0,123.0,0
2020_10_JAX_GB,2020,2020-11-15,Sunday,JAX,20.0,GB,24.0,44.0,-13.5,-105.0,-105.0,47.0,-893.0,653.0,0
2020_10_PHI_NYG,2020,2020-11-15,Sunday,PHI,17.0,NYG,27.0,44.0,4.5,-104.0,-106.0,45.0,194.0,-219.0,1
2020_10_BUF_ARI,2020,2020-11-15,Sunday,BUF,30.0,ARI,32.0,62.0,-3.0,-102.0,-108.0,55.5,-153.0,138.0,0
2020_10_DEN_LV,2020,2020-11-15,Sunday,DEN,12.0,LV,37.0,49.0,-3.5,-104.0,-106.0,50.5,-188.0,168.0,1
2020_10_LAC_MIA,2020,2020-11-15,Sunday,LAC,21.0,MIA,29.0,50.0,-1.0,-110.0,-100.0,48.5,-115.0,104.0,0
2020_10_SEA_LA,2020,2020-11-15,Sunday,SEA,16.0,LA,23.0,39.0,-3.0,104.0,-115.0,55.0,-146.0,132.0,1
2020_10_SF_NO,2020,2020-11-15,Sunday,SF,13.0,NO,27.0,40.0,-9.5,-101.0,-110.0,49.5,-387.0,323.0,0
2020_10_CIN_PIT,2020,2020-11-15,Sunday,CIN,10.0,PIT,36.0,46.0,-6.5,-109.0,-101.0,45.5,-297.0,255.0,1
2020_10_BAL_NE,2020,2020-11-15,Sunday,BAL,17.0,NE,23.0,40.0,7.0,-110.0,100.0,44.0,272.0,-318.0,0
2020_10_MIN_CHI,2020,2020-11-16,Monday,MIN,19.0,CHI,13.0,32.0,3.5,-119.0,108.0,44.0,152.0,-170.0,1
2020_11_ARI_SEA,2020,2020-11-19,Thursday,ARI,21.0,SEA,28.0,49.0,-3.0,-105.0,-105.0,56.5,-164.0,147.0,1
2020_11_TEN_BAL,2020,2020-11-22,Sunday,TEN,30.0,BAL,24.0,54.0,-6.0,-107.0,-103.0,50.5,-253.0,221.0,0
2020_11_DET_CAR,2020,2020-11-22,Sunday,DET,0.0,CAR,20.0,20.0,3.0,108.0,-119.0,47.0,152.0,-169.0,0
2020_11_PHI_CLE,2020,2020-11-22,Sunday,PHI,17.0,CLE,22.0,39.0,-2.5,-106.0,-104.0,45.5,-135.0,122.0,0
2020_11_NE_HOU,2020,2020-11-22,Sunday,NE,20.0,HOU,27.0,47.0,2.5,106.0,-117.0,49.5,132.0,-147.0,0
2020_11_PIT_JAX,2020,2020-11-22,Sunday,PIT,27.0,JAX,3.0,30.0,11.0,-107.0,-103.0,47.0,386.0,-475.0,0
2020_11_ATL_NO,2020,2020-11-22,Sunday,ATL,9.0,NO,24.0,33.0,-3.5,-101.0,-109.0,49.5,-181.0,162.0,1
2020_11_CIN_WAS,2020,2020-11-22,Sunday,CIN,9.0,WAS,20.0,29.0,-2.0,-101.0,-109.0,48.0,-121.0,110.0,0
2020_11_MIA_DEN,2020,2020-11-22,Sunday,MIA,13.0,DEN,20.0,33.0,4.0,-105.0,-105.0,46.0,174.0,-196.0,0
2020_11_NYJ_LAC,2020,2020-11-22,Sunday,NYJ,28.0,LAC,34.0,62.0,-10.0,-101.0,-110.0,47.0,-425.0,351.0,0
2020_11_GB_IND,2020,2020-11-22,Sunday,GB,31.0,IND,34.0,65.0,-1.5,-106.0,-104.0,52.0,-120.0,109.0,0
2020_11_DAL_MIN,2020,2020-11-22,Sunday,DAL,31.0,MIN,28.0,59.0,-7.0,-100.0,-110.0,50.0,-304.0,261.0,0
2020_11_KC_LV,2020,2020-11-22,Sunday,KC,35.0,LV,31.0,66.0,7.5,-102.0,-108.0,56.5,296.0,-351.0,1
2020_11_LA_TB,2020,2020-11-23,Monday,LA,27.0,TB,24.0,51.0,-4.0,-102.0,-109.0,47.5,-195.0,173.0,0
2020_12_HOU_DET,2020,2020-11-26,Thursday,HOU,41.0,DET,25.0,66.0,3.0,-106.0,-104.0,52.5,139.0,-155.0,0
2020_12_WAS_DAL,2020,2020-11-26,Thursday,WAS,41.0,DAL,16.0,57.0,-2.5,-106.0,-104.0,46.0,-135.0,122.0,1
2020_12_LV_ATL,2020,2020-11-29,Sunday,LV,6.0,ATL,43.0,49.0,3.5,-105.0,-105.0,53.0,164.0,-184.0,0
2020_12_LAC_BUF,2020,2020-11-29,Sunday,LAC,17.0,BUF,27.0,44.0,-4.5,-103.0,-107.0,51.0,-214.0,189.0,0
2020_12_NYG_CIN,2020,2020-11-29,Sunday,NYG,19.0,CIN,17.0,36.0,6.5,-107.0,-103.0,45.0,227.0,-260.0,0
2020_12_TEN_IND,2020,2020-11-29,Sunday,TEN,45.0,IND,26.0,71.0,-3.0,103.0,-114.0,51.5,-147.0,133.0,1
2020_12_CLE_JAX,2020,2020-11-29,Sunday,CLE,27.0,JAX,25.0,52.0,7.5,-112.0,102.0,48.5,284.0,-334.0,0
2020_12_CAR_MIN,2020,2020-11-29,Sunday,CAR,27.0,MIN,28.0,55.0,-3.0,104.0,-115.0,50.0,-145.0,131.0,0
2020_12_ARI_NE,2020,2020-11-29,Sunday,ARI,17.0,NE,20.0,37.0,1.0,-103.0,-107.0,51.0,104.0,-115.0,0
2020_12_MIA_NYJ,2020,2020-11-29,Sunday,MIA,20.0,NYJ,3.0,23.0,7.5,-104.0,-106.0,46.0,296.0,-350.0,1
2020_12_NO_DEN,2020,2020-11-29,Sunday,NO,31.0,DEN,3.0,34.0,17.0,-107.0,-103.0,36.5,906.0,-1350.0,0
2020_12_SF_LA,2020,2020-11-29,Sunday,SF,23.0,LA,20.0,43.0,-5.0,101.0,-112.0,44.5,-215.0,190.0,1
2020_12_KC_TB,2020,2020-11-29,Sunday,KC,27.0,TB,24.0,51.0,3.5,-124.0,112.0,56.0,149.0,-166.0,0
2020_12_CHI_GB,2020,2020-11-29,Sunday,CHI,25.0,GB,41.0,66.0,-7.5,105.0,-116.0,44.0,-346.0,293.0,1
2020_12_SEA_PHI,2020,2020-11-30,Monday,SEA,23.0,PHI,17.0,40.0,6.5,-104.0,-106.0,50.0,237.0,-274.0,0
2020_12_BAL_PIT,2020,2020-12-02,Wednesday,BAL,14.0,PIT,19.0,33.0,-10.5,-101.0,-109.0,41.5,-518.0,416.0,1
2020_13_NO_ATL,2020,2020-12-06,Sunday,NO,21.0,ATL,16.0,37.0,2.5,102.0,-113.0,46.0,127.0,-141.0,1
2020_13_DET_CHI,2020,2020-12-06,Sunday,DET,34.0,CHI,30.0,64.0,-3.0,-110.0,-100.0,44.0,-161.0,145.0,1
2020_13_IND_HOU,2020,2020-12-06,Sunday,IND,26.0,HOU,20.0,46.0,3.5,-112.0,101.0,50.0,157.0,-176.0,1
2020_13_CIN_MIA,2020,2020-12-06,Sunday,CIN,7.0,MIA,19.0,26.0,-10.5,105.0,-115.0,43.0,-491.0,397.0,0
2020_13_JAX_MIN,2020,2020-12-06,Sunday,JAX,24.0,MIN,27.0,51.0,-10.5,107.0,-118.0,51.0,-445.0,365.0,0
2020_13_LV_NYJ,2020,2020-12-06,Sunday,LV,31.0,NYJ,28.0,59.0,7.5,-113.0,103.0,48.0,295.0,-349.0,0
2020_13_CLE_TEN,2020,2020-12-06,Sunday,CLE,41.0,TEN,35.0,76.0,-4.0,101.0,-111.0,54.0,-200.0,178.0,0
2020_13_LA_ARI,2020,2020-12-06,Sunday,LA,38.0,ARI,28.0,66.0,2.5,103.0,-114.0,49.0,130.0,-144.0,1
2020_13_NYG_SEA,2020,2020-12-06,Sunday,NYG,17.0,SEA,12.0,29.0,-11.0,104.0,-114.0,48.5,-514.0,413.0,0
2020_13_PHI_GB,2020,2020-12-06,Sunday,PHI,16.0,GB,30.0,46.0,-8.0,-108.0,-102.0,50.0,-393.0,328.0,0
2020_13_NE_LAC,2020,2020-12-06,Sunday,NE,45.0,LAC,0.0,45.0,-2.5,-102.0,-109.0,47.0,-129.0,117.0,0
2020_13_DEN_KC,2020,2020-12-06,Sunday,DEN,16.0,KC,22.0,38.0,-13.0,108.0,-120.0,51.0,-660.0,510.0,1
2020_13_WAS_PIT,2020,2020-12-07,Monday,WAS,23.0,PIT,17.0,40.0,-5.5,-110.0,-100.0,43.5,-265.0,231.0,0
2020_13_BUF_SF,2020,2020-12-07,Monday,BUF,34.0,SF,24.0,58.0,-1.5,-107.0,-103.0,48.0,-122.0,110.0,0
2020_13_DAL_BAL,2020,2020-12-08,Tuesday,DAL,17.0,BAL,34.0,51.0,-8.5,-108.0,-103.0,46.0,-390.0,326.0,0
2020_14_NE_LA,2020,2020-12-10,Thursday,NE,3.0,LA,24.0,27.0,-5.0,-107.0,-103.0,43.5,-228.0,201.0,0
2020_14_DEN_CAR,2020,2020-12-13,Sunday,DEN,32.0,CAR,27.0,59.0,-4.0,-109.0,-101.0,46.0,-199.0,177.0,0
2020_14_HOU_CHI,2020,2020-12-13,Sunday,HOU,7.0,CHI,36.0,43.0,1.0,-103.0,-107.0,46.0,104.0,-114.0,0
2020_14_DAL_CIN,2020,2020-12-13,Sunday,DAL,30.0,CIN,7.0,37.0,3.0,103.0,-114.0,44.0,148.0,-164.0,0
2020_14_TEN_JAX,2020,2020-12-13,Sunday,TEN,31.0,JAX,10.0,41.0,7.5,-104.0,-106.0,53.0,307.0,-364.0,1
2020_14_KC_MIA,2020,2020-12-13,Sunday,KC,33.0,MIA,27.0,60.0,7.5,-121.0,109.0,51.5,281.0,-330.0,0
2020_14_ARI_NYG,2020,2020-12-13,Sunday,ARI,26.0,NYG,7.0,33.0,3.0,-104.0,-106.0,47.0,139.0,-154.0,0
2020_14_MIN_TB,2020,2020-12-13,Sunday,MIN,14.0,TB,26.0,40.0,-7.0,-104.0,-106.0,52.5,-317.0,271.0,0
2020_14_IND_LV,2020,2020-12-13,Sunday,IND,44.0,LV,27.0,71.0,2.5,-106.0,-104.0,51.5,118.0,-130.0,0
2020_14_NYJ_SEA,2020,2020-12-13,Sunday,NYJ,3.0,SEA,40.0,43.0,-16.5,-100.0,-110.0,49.5,-1032.0,734.0,0
2020_14_GB_DET,2020,2020-12-13,Sunday,GB,31.0,DET,24.0,55.0,9.5,-117.0,106.0,55.5,292.0,-345.0,1
2020_14_ATL_LAC,2020,2020-12-13,Sunday,ATL,17.0,LAC,20.0,37.0,-1.0,-110.0,100.0,49.0,-118.0,107.0,0
2020_14_NO_PHI,2020,2020-12-13,Sunday,NO,21.0,PHI,24.0,45.0,7.5,-106.0,-104.0,43.0,284.0,-335.0,0
2020_14_WAS_SF,2020,2020-12-13,Sunday,WAS,23.0,SF,15.0,38.0,-3.0,101.0,-111.0,43.5,-149.0,134.0,0
2020_14_PIT_BUF,2020,2020-12-13,Sunday,PIT,15.0,BUF,26.0,41.0,-2.0,-102.0,-109.0,48.5,-124.0,112.0,0
2020_14_BAL_CLE,2020,2020-12-14,Monday,BAL,47.0,CLE,42.0,89.0,3.0,105.0,-116.0,45.5,156.0,-174.0,1
2020_15_LAC_LV,2020,2020-12-17,Thursday,LAC,30.0,LV,27.0,57.0,-3.5,111.0,-123.0,52.0,-174.0,156.0,1
2020_15_BUF_DEN,2020,2020-12-19,Saturday,BUF,48.0,DEN,19.0,67.0,5.5,-105.0,-105.0,49.0,212.0,-242.0,0
2020_15_CAR_GB,2020,2020-12-19,Saturday,CAR,16.0,GB,24.0,40.0,-9.5,-107.0,-103.0,53.0,-419.0,346.0,0
2020_15_TB_ATL,2020,2020-12-20,Sunday,TB,31.0,ATL,27.0,58.0,6.0,-106.0,-104.0,49.5,225.0,-258.0,1
2020_15_JAX_BAL,2020,2020-12-20,Sunday,JAX,14.0,BAL,40.0,54.0,-13.0,107.0,-118.0,49.5,-746.0,564.0,0
2020_15_SF_DAL,2020,2020-12-20,Sunday,SF,33.0,DAL,41.0,74.0,4.0,-104.0,-106.0,46.0,180.0,-202.0,0
2020_15_HOU_IND,2020,2020-12-20,Sunday,HOU,20.0,IND,27.0,47.0,-7.5,-102.0,-108.0,52.5,-370.0,311.0,1
2020_15_NE_MIA,2020,2020-12-20,Sunday,NE,12.0,MIA,22.0,34.0,1.5,-104.0,-106.0,40.0,109.0,-120.0,1
2020_15_CHI_MIN,2020,2020-12-20,Sunday,CHI,33.0,MIN,27.0,60.0,-2.5,-123.0,111.0,47.5,-152.0,137.0,1
2020_15_DET_TEN,2020,2020-12-20,Sunday,DET,25.0,TEN,46.0,71.0,-9.5,102.0,-113.0,54.5,-389.0,325.0,0
2020_15_SEA_WAS,2020,2020-12-20,Sunday,SEA,20.0,WAS,15.0,35.0,6.0,-107.0,-103.0,44.5,219.0,-251.0,0
2020_15_PHI_ARI,2020,2020-12-20,Sunday,PHI,26.0,ARI,33.0,59.0,-6.5,103.0,-114.0,49.5,-259.0,226.0,0
2020_15_NYJ_LA,2020,2020-12-20,Sunday,NYJ,23.0,LA,20.0,43.0,-17.5,104.0,-115.0,44.5,-1601.0,957.0,0
2020_15_KC_NO,2020,2020-12-20,Sunday,KC,32.0,NO,29.0,61.0,2.5,102.0,-113.0,53.5,124.0,-137.0,0
2020_15_CLE_NYG,2020,2020-12-20,Sunday,CLE,20.0,NYG,6.0,26.0,6.0,-102.0,-108.0,44.5,235.0,-271.0,0
2020_15_PIT_CIN,2020,2020-12-21,Monday,PIT,17.0,CIN,27.0,44.0,14.5,-109.0,-101.0,40.5,682.0,-942.0,1
2020_16_MIN_NO,2020,2020-12-25,Friday,MIN,33.0,NO,52.0,85.0,-6.5,-102.0,-109.0,49.0,-302.0,260.0,0
2020_16_TB_DET,2020,2020-12-26,Saturday,TB,47.0,DET,7.0,54.0,12.0,-111.0,101.0,55.0,455.0,-591.0,0
2020_16_SF_ARI,2020,2020-12-26,Saturday,SF,20.0,ARI,12.0,32.0,-6.0,-102.0,-108.0,49.0,-280.0,242.0,1
2020_16_MIA_LV,2020,2020-12-26,Saturday,MIA,26.0,LV,25.0,51.0,2.0,-106.0,-104.0,50.0,113.0,-125.0,0
2020_16_NYG_BAL,2020,2020-12-27,Sunday,NYG,13.0,BAL,27.0,40.0,-10.0,105.0,-116.0,43.5,-420.0,348.0,0
2020_16_CIN_HOU,2020,2020-12-27,Sunday,CIN,37.0,HOU,31.0,68.0,-7.5,102.0,-113.0,46.0,-324.0,276.0,0
2020_16_CHI_JAX,2020,2020-12-27,Sunday,CHI,41.0,JAX,17.0,58.0,9.5,-103.0,-108.0,47.0,370.0,-452.0,0
2020_16_ATL_KC,2020,2020-12-27,Sunday,ATL,14.0,KC,17.0,31.0,-11.0,-100.0,-110.0,54.0,-508.0,409.0,0
2020_16_CLE_NYJ,2020,2020-12-27,Sunday,CLE,16.0,NYJ,23.0,39.0,6.5,103.0,-114.0,45.0,260.0,-303.0,0
2020_16_IND_PIT,2020,2020-12-27,Sunday,IND,24.0,PIT,28.0,52.0,1.0,-111.0,100.0,43.0,-104.0,-106.0,0
2020_16_DEN_LAC,2020,2020-12-27,Sunday,DEN,16.0,LAC,19.0,35.0,-2.5,100.0,-111.0,47.5,-125.0,113.0,1
2020_16_CAR_WAS,2020,2020-12-27,Sunday,CAR,20.0,WAS,13.0,33.0,1.0,-105.0,-105.0,41.0,102.0,-112.0,0
2020_16_PHI_DAL,2020,2020-12-27,Sunday,PHI,17.0,DAL,37.0,54.0,3.0,104.0,-115.0,50.0,149.0,-166.0,1
2020_16_LA_SEA,2020,2020-12-27,Sunday,LA,9.0,SEA,20.0,29.0,-1.5,-114.0,103.0,48.0,-127.0,115.0,1
2020_16_TEN_GB,2020,2020-12-27,Sunday,TEN,14.0,GB,40.0,54.0,-3.0,-118.0,107.0,52.5,-177.0,159.0,0
2020_16_BUF_NE,2020,2020-12-28,Monday,BUF,38.0,NE,9.0,47.0,7.0,-108.0,-102.0,47.0,268.0,-313.0,1
2020_17_MIA_BUF,2020,2021-01-03,Sunday,MIA,26.0,BUF,56.0,82.0,3.5,-125.0,113.0,42.5,138.0,-153.0,1
2020_17_BAL_CIN,2020,2021-01-03,Sunday,BAL,38.0,CIN,3.0,41.0,13.5,-117.0,106.0,46.0,597.0,-799.0,1
2020_17_PIT_CLE,2020,2021-01-03,Sunday,PIT,22.0,CLE,24.0,46.0,-10.5,100.0,-111.0,45.0,-460.0,376.0,1
2020_17_MIN_DET,2020,2021-01-03,Sunday,MIN,37.0,DET,35.0,72.0,3.0,-100.0,-110.0,54.0,145.0,-161.0,1
2020_17_NYJ_NE,2020,2021-01-03,Sunday,NYJ,14.0,NE,28.0,42.0,-3.0,-110.0,-101.0,41.0,-161.0,145.0,1
2020_17_DAL_NYG,2020,2021-01-03,Sunday,DAL,19.0,NYG,23.0,42.0,1.5,-104.0,-106.0,44.5,109.0,-121.0,1
2020_17_ATL_TB,2020,2021-01-03,Sunday,ATL,27.0,TB,44.0,71.0,-7.5,111.0,-123.0,51.0,-323.0,276.0,1
2020_17_NO_CAR,2020,2021-01-03,Sunday,NO,33.0,CAR,7.0,40.0,6.0,-110.0,100.0,47.0,219.0,-250.0,1
2020_17_GB_CHI,2020,2021-01-03,Sunday,GB,35.0,CHI,16.0,51.0,4.5,-107.0,-103.0,48.5,184.0,-207.0,1
2020_17_LV_DEN,2020,2021-01-03,Sunday,LV,32.0,DEN,31.0,63.0,2.5,104.0,-115.0,50.5,130.0,-144.0,1
2020_17_TEN_HOU,2020,2021-01-03,Sunday,TEN,41.0,HOU,38.0,79.0,7.0,-111.0,101.0,55.5,259.0,-301.0,1
2020_17_JAX_IND,2020,2021-01-03,Sunday,JAX,14.0,IND,28.0,42.0,-15.5,-115.0,104.0,48.0,-1350.0,906.0,1
2020_17_LAC_KC,2020,2021-01-03,Sunday,LAC,38.0,KC,21.0,59.0,7.0,-117.0,106.0,43.0,244.0,-282.0,1
2020_17_ARI_LA,2020,2021-01-03,Sunday,ARI,7.0,LA,18.0,25.0,-1.0,-116.0,105.0,42.0,-125.0,113.0,1
2020_17_SEA_SF,2020,2021-01-03,Sunday,SEA,26.0,SF,23.0,49.0,7.0,-112.0,101.0,45.0,266.0,-310.0,1
2020_17_WAS_PHI,2020,2021-01-03,Sunday,WAS,20.0,PHI,14.0,34.0,6.5,-101.0,-109.0,43.5,245.0,-283.0,1
2020_18_IND_BUF,2020,2021-01-09,Saturday,IND,24.0,BUF,27.0,51.0,-7.0,107.0,-118.0,50.5,-325.0,277.0,0
2020_18_LA_SEA,2020,2021-01-09,Saturday,LA,30.0,SEA,20.0,50.0,-3.0,-113.0,102.0,42.0,-172.0,154.0,1
2020_18_TB_WAS,2020,2021-01-09,Saturday,TB,31.0,WAS,23.0,54.0,10.0,-109.0,-101.0,45.0,373.0,-456.0,0
2020_18_BAL_TEN,2020,2021-01-10,Sunday,BAL,20.0,TEN,13.0,33.0,3.5,-107.0,-103.0,53.0,163.0,-182.0,0
2020_18_CHI_NO,2020,2021-01-10,Sunday,CHI,9.0,NO,21.0,30.0,-11.0,-113.0,102.0,48.0,-558.0,443.0,0
2020_18_CLE_PIT,2020,2021-01-10,Sunday,CLE,48.0,PIT,37.0,85.0,-5.0,-110.0,-100.0,47.5,-239.0,210.0,1
2020_19_LA_GB,2020,2021-01-16,Saturday,LA,18.0,GB,32.0,50.0,-7.0,-101.0,-109.0,45.0,-351.0,296.0,0
2020_19_BAL_BUF,2020,2021-01-16,Saturday,BAL,3.0,BUF,17.0,20.0,-2.5,-114.0,103.0,50.0,-137.0,124.0,0
2020_19_CLE_KC,2020,2021-01-17,Sunday,CLE,17.0,KC,22.0,39.0,-7.5,-105.0,-105.0,55.5,-376.0,316.0,0
2020_19_TB_NO,2020,2021-01-17,Sunday,TB,30.0,NO,20.0,50.0,-2.5,-106.0,-104.0,53.0,-133.0,120.0,1
2020_20_TB_GB,2020,2021-01-24,Sunday,TB,31.0,GB,26.0,57.0,-3.0,-119.0,108.0,53.0,-176.0,157.0,0
2020_20_BUF_KC,2020,2021-01-24,Sunday,BUF,24.0,KC,38.0,62.0,-3.0,-102.0,-108.0,54.5,-158.0,142.0,0
2020_21_KC_TB,2020,2021-02-07,Sunday,KC,9.0,TB,31.0,40.0,3.0,-103.0,-107.0,55.0,145.0,-161.0,0
2021_01_DAL_TB,2021,2021-09-09,Thursday,DAL,29.0,TB,31.0,60.0,-10.0,110.0,-121.0,52.5,-425.0,351.0,0
2021_01_PHI_ATL,2021,2021-09-12,Sunday,PHI,32.0,ATL,6.0,38.0,-3.5,-101.0,-109.0,49.0,-180.0,161.0,0
2021_01_PIT_BUF,2021,2021-09-12,Sunday,PIT,23.0,BUF,16.0,39.0,-6.5,-100.0,-110.0,48.0,-267.0,232.0,0
2021_01_NYJ_CAR,2021,2021-09-12,Sunday,NYJ,14.0,CAR,19.0,33.0,-3.5,-102.0,-108.0,44.5,-184.0,164.0,0
2021_01_MIN_CIN,2021,2021-09-12,Sunday,MIN,24.0,CIN,27.0,51.0,3.0,-120.0,109.0,47.0,122.0,-135.0,0
2021_01_SF_DET,2021,2021-09-12,Sunday,SF,41.0,DET,33.0,74.0,9.5,-105.0,-105.0,46.0,344.0,-415.0,0
2021_01_JAX_HOU,2021,2021-09-12,Sunday,JAX,21.0,HOU,37.0,58.0,3.5,-113.0,103.0,45.5,154.0,-172.0,1
2021_01_SEA_IND,2021,2021-09-12,Sunday,SEA,28.0,IND,16.0,44.0,3.0,-117.0,106.0,49.0,132.0,-146.0,0
2021_01_ARI_TEN,2021,2021-09-12,Sunday,ARI,38.0,TEN,13.0,51.0,-2.5,-116.0,105.0,54.0,-146.0,131.0,0
2021_01_LAC_WAS,2021,2021-09-12,Sunday,LAC,20.0,WAS,16.0,36.0,-2.5,-101.0,-109.0,45.5,-129.0,117.0,0
2021_01_CLE_KC,2021,2021-09-12,Sunday,CLE,29.0,KC,33.0,62.0,-5.5,-110.0,-101.0,54.5,-241.0,211.0,0
2021_01_MIA_NE,2021,2021-09-12,Sunday,MIA,17.0,NE,16.0,33.0,-3.5,102.0,-113.0,43.5,-173.0,155.0,1
2021_01_GB_NO,2021,2021-09-12,Sunday,GB,3.0,NO,38.0,41.0,4.0,-114.0,103.0,49.0,162.0,-181.0,0
2021_01_DEN_NYG,2021,2021-09-12,Sunday,DEN,27.0,NYG,13.0,40.0,3.0,-120.0,109.0,41.5,125.0,-139.0,0
2021_01_CHI_LA,2021,2021-09-12,Sunday,CHI,14.0,LA,34.0,48.0,-9.5,-102.0,-108.0,46.0,-387.0,324.0,0
2021_01_BAL_LV,2021,2021-09-13,Monday,BAL,27.0,LV,33.0,60.0,3.0,105.0,-116.0,50.5,149.0,-167.0,0
2021_02_NYG_WAS,2021,2021-09-16,Thursday,NYG,29.0,WAS,30.0,59.0,-4.0,-107.0,-103.0,42.0,-198.0,176.0,1
2021_02_NO_CAR,2021,2021-09-19,Sunday,NO,7.0,CAR,26.0,33.0,3.0,-113.0,102.0,45.0,131.0,-145.0,1
2021_02_CIN_CHI,2021,2021-09-19,Sunday,CIN,17.0,CHI,20.0,37.0,-2.0,-105.0,-105.0,44.5,-126.0,114.0,0
2021_02_HOU_CLE,2021,2021-09-19,Sunday,HOU,21.0,CLE,31.0,52.0,-13.5,-107.0,-103.0,48.5,-675.0,521.0,0
2021_02_LA_IND,2021,2021-09-19,Sunday,LA,27.0,IND,24.0,51.0,4.0,-100.0,-110.0,48.0,182.0,-205.0,0
2021_02_DEN_JAX,2021,2021-09-19,Sunday,DEN,23.0,JAX,13.0,36.0,6.0,-115.0,104.0,45.0,211.0,-241.0,0
2021_02_BUF_MIA,2021,2021-09-19,Sunday,BUF,35.0,MIA,0.0,35.0,3.5,-113.0,103.0,48.0,160.0,-179.0,1
2021_02_NE_NYJ,2021,2021-09-19,Sunday,NE,25.0,NYJ,6.0,31.0,5.5,-105.0,-105.0,43.0,207.0,-235.0,1
2021_02_SF_PHI,2021,2021-09-19,Sunday,SF,17.0,PHI,11.0,28.0,3.0,-115.0,104.0,49.0,130.0,-144.0,0
2021_02_LV_PIT,2021,2021-09-19,Sunday,LV,26.0,PIT,17.0,43.0,-5.5,-102.0,-109.0,46.5,-228.0,201.0,0
2021_02_MIN_ARI,2021,2021-09-19,Sunday,MIN,33.0,ARI,34.0,67.0,-4.0,101.0,-111.0,51.0,-191.0,170.0,0
2021_02_ATL_TB,2021,2021-09-19,Sunday,ATL,25.0,TB,48.0,73.0,-13.5,-102.0,-108.0,52.0,-772.0,582.0,1
2021_02_DAL_LAC,2021,2021-09-19,Sunday,DAL,20.0,LAC,17.0,37.0,-3.0,-101.0,-109.0,55.0,-150.0,135.0,0
2021_02_TEN_SEA,2021,2021-09-19,Sunday,TEN,33.0,SEA,30.0,63.0,-6.5,-110.0,-100.0,53.5,-286.0,247.0,0
2021_02_KC_BAL,2021,2021-09-19,Sunday,KC,35.0,BAL,36.0,71.0,3.5,-118.0,107.0,53.5,153.0,-171.0,0
2021_02_DET_GB,2021,2021-09-20,Monday,DET,17.0,GB,35.0,52.0,-11.5,102.0,-112.0,49.5,-494.0,400.0,1
2021_03_CAR_HOU,2021,2021-09-23,Thursday,CAR,24.0,HOU,9.0,33.0,8.0,104.0,-115.0,43.0,348.0,-420.0,0
2021_03_WAS_BUF,2021,2021-09-26,Sunday,WAS,21.0,BUF,43.0,64.0,-7.5,103.0,-114.0,45.5,-330.0,281.0,0
2021_03_CHI_CLE,2021,2021-09-26,Sunday,CHI,6.0,CLE,26.0,32.0,-7.5,-108.0,-102.0,45.0,-375.0,315.0,0
2021_03_BAL_DET,2021,2021-09-26,Sunday,BAL,19.0,DET,17.0,36.0,7.5,-110.0,-100.0,51.0,292.0,-344.0,0
2021_03_ARI_JAX,2021,2021-09-26,Sunday,ARI,31.0,JAX,19.0,50.0,8.0,-110.0,-101.0,51.5,304.0,-360.0,0
2021_03_LAC_KC,2021,2021-09-26,Sunday,LAC,30.0,KC,24.0,54.0,-6.5,-110.0,-100.0,55.0,-273.0,237.0,1
2021_03_NO_NE,2021,2021-09-26,Sunday,NO,28.0,NE,13.0,41.0,-3.0,106.0,-117.0,44.0,-144.0,130.0,0
2021_03_ATL_NYG,2021,2021-09-26,Sunday,ATL,17.0,NYG,14.0,31.0,-3.0,105.0,-115.0,48.0,-143.0,129.0,0
2021_03_CIN_PIT,2021,2021-09-26,Sunday,CIN,24.0,PIT,10.0,34.0,-2.5,-114.0,103.0,42.5,-140.0,126.0,1
2021_03_IND_TEN,2021,2021-09-26,Sunday,IND,16.0,TEN,25.0,41.0,-4.5,103.0,-113.0,47.0,-196.0,175.0,1
2021_03_NYJ_DEN,2021,2021-09-26,Sunday,NYJ,0.0,DEN,26.0,26.0,-10.5,-101.0,-109.0,42.0,-597.0,470.0,0
2021_03_MIA_LV,2021,2021-09-26,Sunday,MIA,28.0,LV,31.0,59.0,-4.0,-103.0,-107.0,45.0,-194.0,173.0,0
2021_03_TB_LA,2021,2021-09-26,Sunday,TB,24.0,LA,34.0,58.0,1.0,-110.0,100.0,55.0,-104.0,-106.0,0
2021_03_SEA_MIN,2021,2021-09-26,Sunday,SEA,17.0,MIN,30.0,47.0,2.0,-109.0,-101.0,53.5,109.0,-120.0,0
2021_03_GB_SF,2021,2021-09-26,Sunday,GB,30.0,SF,28.0,58.0,-3.5,103.0,-113.0,50.5,-179.0,160.0,0
2021_03_PHI_DAL,2021,2021-09-27,Monday,PHI,21.0,DAL,41.0,62.0,-3.5,-107.0,-103.0,51.5,-189.0,168.0,1
2021_04_JAX_CIN,2021,2021-09-30,Thursday,JAX,21.0,CIN,24.0,45.0,-7.5,-116.0,105.0,46.0,-373.0,313.0,0
2021_04_WAS_ATL,2021,2021-10-03,Sunday,WAS,34.0,ATL,30.0,64.0,1.0,100.0,-111.0,47.5,106.0,-117.0,0
2021_04_HOU_BUF,2021,2021-10-03,Sunday,HOU,0.0,BUF,40.0,40.0,-19.0,-102.0,-108.0,47.5,-1500.0,988.0,0
2021_04_DET_CHI,2021,2021-10-03,Sunday,DET,14.0,CHI,24.0,38.0,-3.0,-101.0,-109.0,42.0,-148.0,134.0,1
2021_04_CAR_DAL,2021,2021-10-03,Sunday,CAR,28.0,DAL,36.0,64.0,-4.5,-104.0,-106.0,51.5,-210.0,186.0,0
2021_04_IND_MIA,2021,2021-10-03,Sunday,IND,27.0,MIA,17.0,44.0,-2.5,-113.0,102.0,41.5,-144.0,130.0,0
2021_04_CLE_MIN,2021,2021-10-03,Sunday,CLE,14.0,MIN,7.0,21.0,1.0,-113.0,102.0,52.0,-106.0,-105.0,0
2021_04_NYG_NO,2021,2021-10-03,Sunday,NYG,27.0,NO,21.0,48.0,-7.5,107.0,-118.0,43.0,-337.0,286.0,0
2021_04_TEN_NYJ,2021,2021-10-03,Sunday,TEN,24.0,NYJ,27.0,51.0,5.5,-106.0,-104.0,44.5,206.0,-234.0,0
2021_04_KC_PHI,2021,2021-10-03,Sunday,KC,42.0,PHI,30.0,72.0,7.5,-112.0,101.0,53.5,296.0,-349.0,0
2021_04_ARI_LA,2021,2021-10-03,Sunday,ARI,37.0,LA,20.0,57.0,-3.5,-111.0,100.0,53.5,-200.0,178.0,1
2021_04_SEA_SF,2021,2021-10-03,Sunday,SEA,28.0,SF,21.0,49.0,-2.5,-107.0,-103.0,52.0,-133.0,120.0,1
2021_04_BAL_DEN,2021,2021-10-03,Sunday,BAL,23.0,DEN,7.0,30.0,-1.0,-111.0,101.0,44.0,-118.0,107.0,0
2021_04_PIT_GB,2021,2021-10-03,Sunday,PIT,17.0,GB,27.0,44.0,-6.5,-106.0,-104.0,45.0,-276.0,239.0,0
2021_04_TB_NE,2021,2021-10-03,Sunday,TB,19.0,NE,17.0,36.0,6.0,-105.0,-105.0,49.5,223.0,-255.0,0
2021_04_LV_LAC,2021,2021-10-04,Monday,LV,14.0,LAC,28.0,42.0,-3.0,-109.0,-101.0,52.0,-161.0,144.0,1
2021_05_LA_SEA,2021,2021-10-07,Thursday,LA,26.0,SEA,17.0,43.0,2.5,105.0,-116.0,53.5,122.0,-135.0,1
2021_05_NYJ_ATL,2021,2021-10-10,Sunday,NYJ,20.0,ATL,27.0,47.0,-3.0,-103.0,-107.0,45.5,-153.0,138.0,0
2021_05_PHI_CAR,2021,2021-10-10,Sunday,PHI,21.0,CAR,18.0,39.0,-2.5,-114.0,104.0,46.0,-139.0,126.0,0
2021_05_GB_CIN,2021,2021-10-10,Sunday,GB,25.0,CIN,22.0,47.0,2.0,-106.0,-104.0,50.0,111.0,-123.0,0
2021_05_NE_HOU,2021,2021-10-10,Sunday,NE,25.0,HOU,22.0,47.0,8.0,-112.0,102.0,39.5,288.0,-339.0,0
2021_05_TEN_JAX,2021,2021-10-10,Sunday,TEN,37.0,JAX,19.0,56.0,4.0,-110.0,-100.0,49.0,170.0,-191.0,1
2021_05_DET_MIN,2021,2021-10-10,Sunday,DET,17.0,MIN,19.0,36.0,-10.0,-100.0,-110.0,49.5,-418.0,346.0,1
2021_05_DEN_PIT,2021,2021-10-10,Sunday,DEN,19.0,PIT,27.0,46.0,2.0,-104.0,-106.0,40.0,113.0,-124.0,0
2021_05_MIA_TB,2021,2021-10-10,Sunday,MIA,17.0,TB,45.0,62.0,-11.0,-110.0,-100.0,48.0,-564.0,448.0,0
2021_05_NO_WAS,2021,2021-10-10,Sunday,NO,33.0,WAS,22.0,55.0,2.5,-104.0,-106.0,43.5,117.0,-130.0,0
2021_05_CLE_LAC,2021,2021-10-10,Sunday,CLE,42.0,LAC,47.0,89.0,-2.5,-104.0,-106.0,46.5,-129.0,117.0,0
2021_05_CHI_LV,2021,2021-10-10,Sunday,CHI,20.0,LV,9.0,29.0,-5.5,-108.0,-102.0,46.0,-245.0,215.0,0
2021_05_SF_ARI,2021,2021-10-10,Sunday,SF,10.0,ARI,17.0,27.0,-6.0,-100.0,-110.0,48.5,-266.0,231.0,1
2021_05_NYG_DAL,2021,2021-10-10,Sunday,NYG,20.0,DAL,44.0,64.0,-7.5,102.0,-112.0,53.0,-335.0,285.0,1
2021_05_BUF_KC,2021,2021-10-10,Sunday,BUF,38.0,KC,20.0,58.0,-2.5,-109.0,-101.0,57.0,-134.0,121.0,0
2021_05_IND_BAL,2021,2021-10-11,Monday,IND,25.0,BAL,31.0,56.0,-7.5,-105.0,-105.0,46.5,-356.0,301.0,0
2021_06_TB_PHI,2021,2021-10-14,Thursday,TB,28.0,PHI,22.0,50.0,7.0,-114.0,103.0,53.0,238.0,-274.0,0
2021_06_MIA_JAX,2021,2021-10-17,Sunday,MIA,20.0,JAX,23.0,43.0,2.5,-115.0,104.0,47.5,110.0,-122.0,0
2021_06_LAC_BAL,2021,2021-10-17,Sunday,LAC,6.0,BAL,34.0,40.0,-3.0,-116.0,106.0,50.5,-166.0,149.0,0
2021_06_MIN_CAR,2021,2021-10-17,Sunday,MIN,34.0,CAR,28.0,62.0,2.5,-100.0,-110.0,45.5,121.0,-134.0,0
2021_06_GB_CHI,2021,2021-10-17,Sunday,GB,24.0,CHI,14.0,38.0,5.5,-104.0,-106.0,44.0,201.0,-228.0,1
2021_06_CIN_DET,2021,2021-10-17,Sunday,CIN,34.0,DET,11.0,45.0,3.5,-100.0,-110.0,46.5,171.0,-192.0,0
2021_06_HOU_IND,2021,2021-10-17,Sunday,HOU,3.0,IND,31.0,34.0,-10.5,106.0,-117.0,43.5,-442.0,363.0,1
2021_06_LA_NYG,2021,2021-10-17,Sunday,LA,38.0,NYG,11.0,49.0,7.5,-118.0,107.0,49.5,280.0,-328.0,0
2021_06_KC_WAS,2021,2021-10-17,Sunday,KC,31.0,WAS,13.0,44.0,6.0,-105.0,-105.0,54.0,223.0,-255.0,0
2021_06_ARI_CLE,2021,2021-10-17,Sunday,ARI,37.0,CLE,14.0,51.0,-3.0,106.0,-117.0,48.0,-143.0,129.0,0
2021_06_LV_DEN,2021,2021-10-17,Sunday,LV,34.0,DEN,24.0,58.0,-5.0,101.0,-111.0,45.5,-205.0,182.0,1
2021_06_DAL_NE,2021,2021-10-17,Sunday,DAL,35.0,NE,29.0,64.0,3.5,-102.0,-108.0,50.5,169.0,-189.0,0
2021_06_SEA_PIT,2021,2021-10-17,Sunday,SEA,20.0,PIT,23.0,43.0,-5.5,-106.0,-104.0,43.0,-213.0,189.0,0
2021_06_BUF_TEN,2021,2021-10-18,Monday,BUF,31.0,TEN,34.0,65.0,6.0,-108.0,-102.0,53.5,210.0,-239.0,0
2021_07_DEN_CLE,2021,2021-10-21,Thursday,DEN,14.0,CLE,17.0,31.0,-2.0,-103.0,-107.0,40.5,-121.0,110.0,0
2021_07_CIN_BAL,2021,2021-10-24,Sunday,CIN,41.0,BAL,17.0,58.0,-6.5,-101.0,-109.0,45.5,-272.0,236.0,1
2021_07_WAS_GB,2021,2021-10-24,Sunday,WAS,10.0,GB,24.0,34.0,-8.5,-105.0,-105.0,48.0,-397.0,331.0,0
2021_07_ATL_MIA,2021,2021-10-24,Sunday,ATL,30.0,MIA,28.0,58.0,1.5,103.0,-113.0,48.5,117.0,-129.0,0
2021_07_NYJ_NE,2021,2021-10-24,Sunday,NYJ,13.0,NE,54.0,67.0,-7.0,-102.0,-108.0,43.0,-303.0,261.0,1
2021_07_CAR_NYG,2021,2021-10-24,Sunday,CAR,3.0,NYG,25.0,28.0,3.0,-107.0,-103.0,42.5,139.0,-154.0,0
2021_07_KC_TEN,2021,2021-10-24,Sunday,KC,3.0,TEN,27.0,30.0,4.0,-100.0,-110.0,57.5,185.0,-209.0,0
2021_07_DET_LA,2021,2021-10-24,Sunday,DET,19.0,LA,28.0,47.0,-17.0,105.0,-116.0,51.0,-1256.0,860.0,0
2021_07_PHI_LV,2021,2021-10-24,Sunday,PHI,22.0,LV,33.0,55.0,-1.0,-101.0,-109.0,48.0,-108.0,-102.0,0
2021_07_HOU_ARI,2021,2021-10-24,Sunday,HOU,5.0,ARI,31.0,36.0,-20.5,100.0,-111.0,47.0,-1766.0,1119.0,0
2021_07_CHI_TB,2021,2021-10-24,Sunday,CHI,3.0,TB,38.0,41.0,-12.5,103.0,-114.0,47.0,-644.0,501.0,0
2021_07_IND_SF,2021,2021-10-24,Sunday,IND,30.0,SF,18.0,48.0,-3.5,106.0,-117.0,41.5,-169.0,152.0,0
2021_07_NO_SEA,2021,2021-10-25,Monday,NO,13.0,SEA,10.0,23.0,6.0,-106.0,-104.0,42.0,208.0,-237.0,0
2021_08_GB_ARI,2021,2021-10-28,Thursday,GB,24.0,ARI,21.0,45.0,-6.5,-106.0,-104.0,51.0,-279.0,242.0,0
2021_08_CAR_ATL,2021,2021-10-31,Sunday,CAR,19.0,ATL,13.0,32.0,-2.5,-101.0,-109.0,47.0,-129.0,117.0,1
2021_08_MIA_BUF,2021,2021-10-31,Sunday,MIA,11.0,BUF,26.0,37.0,-15.0,-102.0,-108.0,48.5,-983.0,709.0,1
2021_08_SF_CHI,2021,2021-10-31,Sunday,SF,33.0,CHI,22.0,55.0,4.5,-107.0,-103.0,40.0,186.0,-210.0,0
2021_08_PIT_CLE,2021,2021-10-31,Sunday,PIT,15.0,CLE,10.0,25.0,-5.5,-102.0,-108.0,43.0,-222.0,196.0,1
2021_08_PHI_DET,2021,2021-10-31,Sunday,PHI,44.0,DET,6.0,50.0,3.0,105.0,-116.0,48.5,151.0,-168.0,0
2021_08_LA_HOU,2021,2021-10-31,Sunday,LA,38.0,HOU,22.0,60.0,17.0,-118.0,107.0,47.0,724.0,-1010.0,0
2021_08_TEN_IND,2021,2021-10-31,Sunday,TEN,34.0,IND,31.0,65.0,-3.0,-108.0,-102.0,51.0,-160.0,144.0,1
2021_08_CIN_NYJ,2021,2021-10-31,Sunday,CIN,31.0,NYJ,34.0,65.0,11.5,-105.0,-105.0,43.5,411.0,-510.0,0
2021_08_NE_LAC,2021,2021-10-31,Sunday,NE,27.0,LAC,24.0,51.0,-3.5,-109.0,-101.0,50.5,-183.0,163.0,0
2021_08_JAX_SEA,2021,2021-10-31,Sunday,JAX,7.0,SEA,31.0,38.0,-4.0,-105.0,-105.0,44.0,-192.0,171.0,0
2021_08_WAS_DEN,2021,2021-10-31,Sunday,WAS,10.0,DEN,17.0,27.0,-4.0,-102.0,-108.0,45.0,-191.0,170.0,0
2021_08_TB_NO,2021,2021-10-31,Sunday,TB,27.0,NO,36.0,63.0,4.0,-109.0,-101.0,48.5,168.0,-188.0,1
2021_08_DAL_MIN,2021,2021-10-31,Sunday,DAL,20.0,MIN,16.0,36.0,-4.5,-101.0,-109.0,49.5,-219.0,193.0,0
2021_08_NYG_KC,2021,2021-11-01,Monday,NYG,17.0,KC,20.0,37.0,-10.5,-103.0,-107.0,53.0,-530.0,425.0,0
2021_09_NYJ_IND,2021,2021-11-04,Thursday,NYJ,30.0,IND,45.0,75.0,-10.5,-102.0,-108.0,46.0,-509.0,410.0,0
2021_09_MIN_BAL,2021,2021-11-07,Sunday,MIN,31.0,BAL,34.0,65.0,-7.5,106.0,-117.0,51.0,-305.0,262.0,0
2021_09_NE_CAR,2021,2021-11-07,Sunday,NE,24.0,CAR,6.0,30.0,3.5,-109.0,-101.0,41.5,157.0,-176.0,0
2021_09_CLE_CIN,2021,2021-11-07,Sunday,CLE,41.0,CIN,16.0,57.0,-2.5,-105.0,-105.0,47.5,-129.0,117.0,1
2021_09_DEN_DAL,2021,2021-11-07,Sunday,DEN,30.0,DAL,16.0,46.0,-10.5,-103.0,-107.0,50.0,-462.0,378.0,0
2021_09_BUF_JAX,2021,2021-11-07,Sunday,BUF,6.0,JAX,9.0,15.0,14.5,109.0,-120.0,48.0,776.0,-1101.0,0
2021_09_HOU_MIA,2021,2021-11-07,Sunday,HOU,9.0,MIA,17.0,26.0,-4.0,101.0,-112.0,45.0,-185.0,166.0,0
2021_09_ATL_NO,2021,2021-11-07,Sunday,ATL,27.0,NO,25.0,52.0,-7.0,106.0,-117.0,43.0,-277.0,240.0,1
2021_09_LV_NYG,2021,2021-11-07,Sunday,LV,16.0,NYG,23.0,39.0,3.0,-108.0,-102.0,47.0,137.0,-152.0,0
2021_09_LAC_PHI,2021,2021-11-07,Sunday,LAC,27.0,PHI,24.0,51.0,1.0,-110.0,-101.0,49.5,-104.0,-106.0,0
2021_09_GB_KC,2021,2021-11-07,Sunday,GB,7.0,KC,13.0,20.0,-7.0,-104.0,-107.0,48.0,-322.0,275.0,0
2021_09_ARI_SF,2021,2021-11-07,Sunday,ARI,31.0,SF,17.0,48.0,-5.5,-105.0,-105.0,44.5,-235.0,207.0,1
2021_09_TEN_LA,2021,2021-11-07,Sunday,TEN,28.0,LA,16.0,44.0,-7.0,-114.0,103.0,53.5,-350.0,296.0,0
2021_09_CHI_PIT,2021,2021-11-08,Monday,CHI,27.0,PIT,29.0,56.0,-7.0,-101.0,-109.0,40.0,-306.0,263.0,0
2021_10_BAL_MIA,2021,2021-11-11,Thursday,BAL,10.0,MIA,22.0,32.0,8.5,-104.0,-106.0,46.5,326.0,-390.0,0
2021_10_ATL_DAL,2021,2021-11-14,Sunday,ATL,3.0,DAL,43.0,46.0,-8.0,-105.0,-105.0,55.0,-392.0,328.0,0
2021_10_JAX_IND,2021,2021-11-14,Sunday,JAX,17.0,IND,23.0,40.0,-10.5,104.0,-115.0,47.5,-434.0,358.0,1
2021_10_CLE_NE,2021,2021-11-14,Sunday,CLE,7.0,NE,45.0,52.0,-2.5,-106.0,-104.0,45.5,-132.0,119.0,0
2021_10_BUF_NYJ,2021,2021-11-14,Sunday,BUF,45.0,NYJ,17.0,62.0,13.0,-111.0,101.0,47.0,527.0,-685.0,1
2021_10_DET_PIT,2021,2021-11-14,Sunday,DET,16.0,PIT,16.0,32.0,-9.0,110.0,-121.0,43.0,-359.0,303.0,0
2021_10_NO_TEN,2021,2021-11-14,Sunday,NO,21.0,TEN,23.0,44.0,-3.0,103.0,-114.0,44.0,-147.0,133.0,0
2021_10_TB_WAS,2021,2021-11-14,Sunday,TB,19.0,WAS,29.0,48.0,10.0,-117.0,106.0,51.0,359.0,-435.0,0
2021_10_CAR_ARI,2021,2021-11-14,Sunday,CAR,34.0,ARI,10.0,44.0,-7.0,-107.0,-103.0,42.0,-329.0,280.0,0
2021_10_MIN_LAC,2021,2021-11-14,Sunday,MIN,27.0,LAC,20.0,47.0,-3.0,-123.0,111.0,53.5,-179.0,160.0,0
2021_10_PHI_DEN,2021,2021-11-14,Sunday,PHI,30.0,DEN,13.0,43.0,-1.0,-102.0,-108.0,44.5,-111.0,101.0,0
2021_10_SEA_GB,2021,2021-11-14,Sunday,SEA,0.0,GB,17.0,17.0,-3.0,-115.0,104.0,49.5,-168.0,151.0,0
2021_10_KC_LV,2021,2021-11-14,Sunday,KC,41.0,LV,14.0,55.0,2.5,111.0,-123.0,53.5,133.0,-147.0,1
2021_10_LA_SF,2021,2021-11-15,Monday,LA,10.0,SF,31.0,41.0,3.5,-110.0,-100.0,50.0,158.0,-177.0,1
2021_11_NE_ATL,2021,2021-11-18,Thursday,NE,25.0,ATL,0.0,25.0,7.0,101.0,-111.0,47.5,280.0,-329.0,0
2021_11_IND_BUF,2021,2021-11-21,Sunday,IND,41.0,BUF,15.0,56.0,-7.5,105.0,-116.0,49.5,-320.0,274.0,0
2021_11_WAS_CAR,2021,2021-11-21,Sunday,WAS,27.0,CAR,21.0,48.0,-3.5,103.0,-114.0,43.0,-172.0,154.0,0
2021_11_BAL_CHI,2021,2021-11-21,Sunday,BAL,16.0,CHI,13.0,29.0,5.0,-107.0,-103.0,43.0,199.0,-226.0,0
2021_11_DET_CLE,2021,2021-11-21,Sunday,DET,10.0,CLE,13.0,23.0,-13.0,-104.0,-106.0,42.5,-590.0,465.0,0
2021_11_SF_JAX,2021,2021-11-21,Sunday,SF,30.0,JAX,10.0,40.0,6.5,-104.0,-106.0,45.0,243.0,-281.0,0
2021_11_GB_MIN,2021,2021-11-21,Sunday,GB,31.0,MIN,34.0,65.0,1.0,-105.0,-105.0,48.0,101.0,-111.0,1
2021_11_MIA_NYJ,2021,2021-11-21,Sunday,MIA,24.0,NYJ,17.0,41.0,3.5,-107.0,-103.0,44.5,162.0,-181.0,1
2021_11_NO_PHI,2021,2021-11-21,Sunday,NO,29.0,PHI,40.0,69.0,-2.5,-117.0,106.0,42.5,-144.0,130.0,0
2021_11_HOU_TEN,2021,2021-11-21,Sunday,HOU,22.0,TEN,13.0,35.0,-10.5,-100.0,-110.0,44.5,-462.0,377.0,1
2021_11_CIN_LV,2021,2021-11-21,Sunday,CIN,32.0,LV,13.0,45.0,1.0,105.0,-115.0,50.5,112.0,-123.0,0
2021_11_DAL_KC,2021,2021-11-21,Sunday,DAL,9.0,KC,19.0,28.0,-2.5,-110.0,-101.0,56.0,-134.0,122.0,0
2021_11_ARI_SEA,2021,2021-11-21,Sunday,ARI,23.0,SEA,13.0,36.0,-2.5,-122.0,111.0,46.0,-150.0,135.0,1
2021_11_PIT_LAC,2021,2021-11-21,Sunday,PIT,37.0,LAC,41.0,78.0,-5.5,-114.0,103.0,47.5,-251.0,220.0,0
2021_11_NYG_TB,2021,2021-11-22,Monday,NYG,10.0,TB,30.0,40.0,-11.5,102.0,-113.0,49.5,-527.0,423.0,0
2021_12_CHI_DET,2021,2021-11-25,Thursday,CHI,16.0,DET,14.0,30.0,2.0,-104.0,-107.0,41.5,115.0,-129.0,1
2021_12_LV_DAL,2021,2021-11-25,Thursday,LV,36.0,DAL,33.0,69.0,-7.0,-105.0,-106.0,51.0,-314.0,269.0,0
2021_12_BUF_NO,2021,2021-11-25,Thursday,BUF,31.0,NO,6.0,37.0,7.0,-112.0,100.0,45.0,235.0,-270.0,0
2021_12_PIT_CIN,2021,2021-11-28,Sunday,PIT,10.0,CIN,41.0,51.0,-3.5,-100.0,-111.0,43.5,-172.0,154.0,1
2021_12_NYJ_HOU,2021,2021-11-28,Sunday,NYJ,21.0,HOU,14.0,35.0,-3.0,111.0,-124.0,44.5,-138.0,125.0,0
2021_12_TB_IND,2021,2021-11-28,Sunday,TB,38.0,IND,31.0,69.0,3.0,-112.0,101.0,53.0,135.0,-149.0,0
2021_12_ATL_JAX,2021,2021-11-28,Sunday,ATL,21.0,JAX,14.0,35.0,1.5,-108.0,-102.0,46.0,105.0,-115.0,0
2021_12_CAR_MIA,2021,2021-11-28,Sunday,CAR,10.0,MIA,33.0,43.0,1.0,-101.0,-110.0,41.0,108.0,-119.0,0
2021_12_TEN_NE,2021,2021-11-28,Sunday,TEN,13.0,NE,36.0,49.0,-7.5,106.0,-118.0,43.0,-305.0,262.0,0
2021_12_PHI_NYG,2021,2021-11-28,Sunday,PHI,7.0,NYG,13.0,20.0,4.0,-110.0,100.0,45.5,171.0,-192.0,1
2021_12_LAC_DEN,2021,2021-11-28,Sunday,LAC,13.0,DEN,28.0,41.0,2.5,103.0,-114.0,47.5,127.0,-141.0,1
2021_12_LA_GB,2021,2021-11-28,Sunday,LA,28.0,GB,36.0,64.0,2.0,-110.0,-100.0,47.0,108.0,-120.0,0
2021_12_MIN_SF,2021,2021-11-28,Sunday,MIN,26.0,SF,34.0,60.0,-3.5,-102.0,-108.0,49.0,-183.0,164.0,0
2021_12_CLE_BAL,2021,2021-11-28,Sunday,CLE,10.0,BAL,16.0,26.0,-3.0,-102.0,-110.0,47.0,-156.0,140.0,1
2021_12_SEA_WAS,2021,2021-11-29,Monday,SEA,15.0,WAS,17.0,32.0,1.0,108.0,-121.0,47.0,116.0,-128.0,0
2021_13_DAL_NO,2021,2021-12-02,Thursday,DAL,27.0,NO,17.0,44.0,6.0,100.0,-110.0,46.0,222.0,-254.0,0
2021_13_TB_ATL,2021,2021-12-05,Sunday,TB,30.0,ATL,17.0,47.0,11.0,-108.0,-103.0,51.0,387.0,-475.0,1
2021_13_ARI_CHI,2021,2021-12-05,Sunday,ARI,33.0,CHI,22.0,55.0,7.5,104.0,-116.0,43.5,314.0,-373.0,0
2021_13_LAC_CIN,2021,2021-12-05,Sunday,LAC,41.0,CIN,22.0,63.0,-2.5,-116.0,104.0,49.5,-141.0,127.0,0
2021_13_MIN_DET,2021,2021-12-05,Sunday,MIN,27.0,DET,29.0,56.0,7.0,-107.0,-104.0,47.5,255.0,-296.0,1
2021_13_IND_HOU,2021,2021-12-05,Sunday,IND,31.0,HOU,0.0,31.0,10.0,-106.0,-105.0,45.5,339.0,-408.0,1
2021_13_NYG_MIA,2021,2021-12-05,Sunday,NYG,9.0,MIA,20.0,29.0,-6.5,-120.0,108.0,40.0,-293.0,253.0,0
2021_13_PHI_NYJ,2021,2021-12-05,Sunday,PHI,33.0,NYJ,18.0,51.0,5.0,-113.0,102.0,44.0,177.0,-199.0,0
2021_13_JAX_LA,2021,2021-12-05,Sunday,JAX,7.0,LA,37.0,44.0,-14.0,-108.0,-103.0,48.0,-796.0,597.0,0
2021_13_WAS_LV,2021,2021-12-05,Sunday,WAS,17.0,LV,15.0,32.0,-1.0,-121.0,108.0,47.5,-128.0,116.0,0
2021_13_BAL_PIT,2021,2021-12-05,Sunday,BAL,19.0,PIT,20.0,39.0,4.0,-107.0,-104.0,44.0,174.0,-195.0,1
2021_13_SF_SEA,2021,2021-12-05,Sunday,SF,23.0,SEA,30.0,53.0,3.0,-120.0,108.0,44.5,125.0,-138.0,1
2021_13_DEN_KC,2021,2021-12-05,Sunday,DEN,9.0,KC,22.0,31.0,-8.5,-105.0,-106.0,46.5,-387.0,323.0,1
2021_13_NE_BUF,2021,2021-12-06,Monday,NE,14.0,BUF,10.0,24.0,-3.0,104.0,-116.0,40.0,-146.0,132.0,1
2021_14_PIT_MIN,2021,2021-12-09,Thursday,PIT,28.0,MIN,36.0,64.0,-3.5,105.0,-117.0,45.0,-175.0,157.0,0
2021_14_ATL_CAR,2021,2021-12-12,Sunday,ATL,29.0,CAR,21.0,50.0,-2.5,-107.0,-104.0,41.0,-136.0,123.0,1
2021_14_BAL_CLE,2021,2021-12-12,Sunday,BAL,22.0,CLE,24.0,46.0,-3.0,-107.0,-104.0,44.0,-150.0,135.0,1
2021_14_SEA_HOU,2021,2021-12-12,Sunday,SEA,33.0,HOU,13.0,46.0,10.0,-116.0,104.0,40.5,334.0,-401.0,0
2021_14_LV_KC,2021,2021-12-12,Sunday,LV,9.0,KC,48.0,57.0,-10.0,-103.0,-108.0,48.0,-444.0,365.0,1
2021_14_NO_NYJ,2021,2021-12-12,Sunday,NO,30.0,NYJ,9.0,39.0,4.5,-114.0,103.0,42.0,173.0,-194.0,0
2021_14_JAX_TEN,2021,2021-12-12,Sunday,JAX,0.0,TEN,20.0,20.0,-8.5,-103.0,-108.0,44.5,-384.0,321.0,1
2021_14_DAL_WAS,2021,2021-12-12,Sunday,DAL,27.0,WAS,20.0,47.0,6.5,103.0,-115.0,48.0,246.0,-284.0,1
2021_14_DET_DEN,2021,2021-12-12,Sunday,DET,10.0,DEN,38.0,48.0,-13.0,-102.0,-109.0,42.0,-635.0,495.0,0
2021_14_NYG_LAC,2021,2021-12-12,Sunday,NYG,21.0,LAC,37.0,58.0,-9.5,106.0,-118.0,44.0,-395.0,329.0,0
2021_14_SF_CIN,2021,2021-12-12,Sunday,SF,26.0,CIN,23.0,49.0,2.5,-108.0,-103.0,49.0,117.0,-130.0,0
2021_14_BUF_TB,2021,2021-12-12,Sunday,BUF,27.0,TB,33.0,60.0,-3.5,-105.0,-106.0,52.5,-181.0,161.0,0
2021_14_CHI_GB,2021,2021-12-12,Sunday,CHI,30.0,GB,45.0,75.0,-11.5,-109.0,-102.0,43.0,-639.0,498.0,1
2021_14_LA_ARI,2021,2021-12-13,Monday,LA,30.0,ARI,23.0,53.0,-3.0,-116.0,104.0,51.0,-172.0,154.0,1
2021_15_KC_LAC,2021,2021-12-16,Thursday,KC,34.0,LAC,28.0,62.0,3.0,105.0,-117.0,54.0,155.0,-173.0,1
2021_15_NE_IND,2021,2021-12-18,Saturday,NE,17.0,IND,27.0,44.0,1.0,-110.0,-101.0,46.0,-109.0,-102.0,0
2021_15_CAR_BUF,2021,2021-12-19,Sunday,CAR,14.0,BUF,31.0,45.0,-14.0,-114.0,102.0,43.0,-739.0,562.0,0
2021_15_ARI_DET,2021,2021-12-19,Sunday,ARI,12.0,DET,30.0,42.0,13.0,-109.0,-102.0,48.0,495.0,-634.0,0
2021_15_HOU_JAX,2021,2021-12-19,Sunday,HOU,30.0,JAX,16.0,46.0,-6.0,-101.0,-111.0,40.0,-257.0,224.0,1
2021_15_NYJ_MIA,2021,2021-12-19,Sunday,NYJ,24.0,MIA,31.0,55.0,-10.5,102.0,-114.0,42.0,-445.0,366.0,1
2021_15_DAL_NYG,2021,2021-12-19,Sunday,DAL,21.0,NYG,6.0,27.0,11.5,108.0,-120.0,43.0,428.0,-534.0,1
2021_15_TEN_PIT,2021,2021-12-19,Sunday,TEN,13.0,PIT,19.0,32.0,-1.0,-114.0,102.0,44.0,-121.0,109.0,0
2021_15_CIN_DEN,2021,2021-12-19,Sunday,CIN,15.0,DEN,10.0,25.0,-3.0,-101.0,-110.0,45.0,-155.0,140.0,0
2021_15_ATL_SF,2021,2021-12-19,Sunday,ATL,13.0,SF,31.0,44.0,-9.5,102.0,-114.0,48.0,-380.0,319.0,0
2021_15_GB_BAL,2021,2021-12-19,Sunday,GB,31.0,BAL,30.0,61.0,9.5,-116.0,104.0,45.5,299.0,-354.0,0
2021_15_NO_TB,2021,2021-12-19,Sunday,NO,9.0,TB,0.0,9.0,-11.5,-110.0,-101.0,45.5,-518.0,417.0,1
2021_15_LV_CLE,2021,2021-12-20,Monday,LV,16.0,CLE,14.0,30.0,3.0,-109.0,-102.0,41.0,131.0,-147.0,0
2021_15_MIN_CHI,2021,2021-12-20,Monday,MIN,17.0,CHI,9.0,26.0,7.0,102.0,-114.0,48.0,274.0,-320.0,1
2021_15_SEA_LA,2021,2021-12-21,Tuesday,SEA,10.0,LA,20.0,30.0,-7.5,108.0,-120.0,47.0,-352.0,298.0,1
2021_15_WAS_PHI,2021,2021-12-21,Tuesday,WAS,17.0,PHI,27.0,44.0,-10.0,-110.0,-101.0,39.5,-465.0,380.0,1
2021_16_SF_TEN,2021,2021-12-23,Thursday,SF,17.0,TEN,20.0,37.0,3.5,-120.0,108.0,45.5,154.0,-171.0,0
2021_16_CLE_GB,2021,2021-12-25,Saturday,CLE,22.0,GB,24.0,46.0,-7.5,-112.0,101.0,46.5,-430.0,343.0,0
2021_16_IND_ARI,2021,2021-12-25,Saturday,IND,22.0,ARI,16.0,38.0,-3.0,-114.0,102.0,48.0,-161.0,143.0,0
2021_16_DET_ATL,2021,2021-12-26,Sunday,DET,16.0,ATL,20.0,36.0,-7.5,-105.0,-106.0,42.5,-373.0,309.0,0
2021_16_TB_CAR,2021,2021-12-26,Sunday,TB,32.0,CAR,6.0,38.0,11.5,-117.0,105.0,44.5,399.0,-503.0,1
2021_16_BAL_CIN,2021,2021-12-26,Sunday,BAL,21.0,CIN,41.0,62.0,-7.5,-109.0,-102.0,43.0,-369.0,306.0,1
2021_16_LAC_HOU,2021,2021-12-26,Sunday,LAC,29.0,HOU,41.0,70.0,13.5,-114.0,102.0,46.0,500.0,-661.0,0
2021_16_LA_MIN,2021,2021-12-26,Sunday,LA,30.0,MIN,23.0,53.0,3.5,-108.0,-103.0,48.5,158.0,-177.0,0
2021_16_BUF_NE,2021,2021-12-26,Sunday,BUF,33.0,NE,21.0,54.0,-1.0,-105.0,-106.0,43.5,-114.0,102.0,1
2021_16_JAX_NYJ,2021,2021-12-26,Sunday,JAX,21.0,NYJ,26.0,47.0,-2.5,100.0,-111.0,42.5,-125.0,114.0,0
2021_16_NYG_PHI,2021,2021-12-26,Sunday,NYG,10.0,PHI,34.0,44.0,-11.0,-103.0,-108.0,41.0,-529.0,416.0,1
2021_16_CHI_SEA,2021,2021-12-26,Sunday,CHI,25.0,SEA,24.0,49.0,-7.0,-108.0,-103.0,41.0,-313.0,268.0,0
2021_16_PIT_KC,2021,2021-12-26,Sunday,PIT,10.0,KC,36.0,46.0,-10.5,102.0,-114.0,44.0,-400.0,328.0,0
2021_16_DEN_LV,2021,2021-12-26,Sunday,DEN,13.0,LV,17.0,30.0,1.0,-110.0,-101.0,42.0,-102.0,-109.0,1
2021_16_WAS_DAL,2021,2021-12-26,Sunday,WAS,14.0,DAL,56.0,70.0,-10.5,101.0,-113.0,45.5,-457.0,367.0,1
2021_16_MIA_NO,2021,2021-12-27,Monday,MIA,20.0,NO,3.0,23.0,3.0,-101.0,-110.0,37.5,143.0,-160.0,0
2021_17_LA_BAL,2021,2022-01-02,Sunday,LA,20.0,BAL,19.0,39.0,7.0,-101.0,-110.0,47.0,264.0,-313.0,0
2021_17_ATL_BUF,2021,2022-01-02,Sunday,ATL,15.0,BUF,29.0,44.0,-14.0,-111.0,-101.0,46.5,-871.0,625.0,0
2021_17_NYG_CHI,2021,2022-01-02,Sunday,NYG,3.0,CHI,29.0,32.0,-7.0,104.0,-115.0,36.5,-287.0,245.0,0
2021_17_KC_CIN,2021,2022-01-02,Sunday,KC,31.0,CIN,34.0,65.0,3.5,-108.0,-103.0,51.0,157.0,-178.0,0
2021_17_LV_IND,2021,2022-01-02,Sunday,LV,23.0,IND,20.0,43.0,-8.5,-112.0,100.0,46.5,-397.0,325.0,0
2021_17_JAX_NE,2021,2022-01-02,Sunday,JAX,10.0,NE,50.0,60.0,-17.5,-102.0,-109.0,42.0,-1056.0,727.0,0
2021_17_TB_NYJ,2021,2022-01-02,Sunday,TB,28.0,NYJ,24.0,52.0,14.5,-110.0,-101.0,48.0,623.0,-868.0,0
2021_17_MIA_TEN,2021,2022-01-02,Sunday,MIA,3.0,TEN,34.0,37.0,-3.0,-118.0,106.0,41.0,-170.0,151.0,0
2021_17_PHI_WAS,2021,2022-01-02,Sunday,PHI,20.0,WAS,16.0,36.0,6.5,-115.0,103.0,44.5,206.0,-238.0,1
2021_17_DEN_LAC,2021,2022-01-02,Sunday,DEN,13.0,LAC,34.0,47.0,-8.0,105.0,-117.0,45.5,-340.0,285.0,1
2021_17_HOU_SF,2021,2022-01-02,Sunday,HOU,7.0,SF,23.0,30.0,-14.0,101.0,-113.0,44.0,-602.0,463.0,0
2021_17_ARI_DAL,2021,2022-01-02,Sunday,ARI,25.0,DAL,22.0,47.0,-6.5,-108.0,-103.0,53.0,-262.0,225.0,0
2021_17_CAR_NO,2021,2022-01-02,Sunday,CAR,10.0,NO,18.0,28.0,-7.0,-101.0,-110.0,37.0,-279.0,238.0,1
2021_17_DET_SEA,2021,2022-01-02,Sunday,DET,29.0,SEA,51.0,80.0,-8.5,-114.0,103.0,41.5,-399.0,327.0,0
2021_17_MIN_GB,2021,2022-01-02,Sunday,MIN,10.0,GB,37.0,47.0,-13.0,105.0,-116.0,42.0,-702.0,525.0,1
2021_17_CLE_PIT,2021,2022-01-03,Monday,CLE,14.0,PIT,26.0,40.0,1.0,-101.0,-110.0,43.5,105.0,-117.0,1
2021_18_KC_DEN,2021,2022-01-08,Saturday,KC,28.0,DEN,24.0,52.0,11.5,-110.0,-110.0,44.5,435.0,-600.0,1
2021_18_DAL_PHI,2021,2022-01-08,Saturday,DAL,51.0,PHI,26.0,77.0,6.5,-110.0,-110.0,46.0,235.0,-300.0,1
2021_18_PIT_BAL,2021,2022-01-09,Sunday,PIT,16.0,BAL,13.0,29.0,-3.0,-110.0,-110.0,41.0,-155.0,135.0,1
2021_18_CIN_CLE,2021,2022-01-09,Sunday,CIN,16.0,CLE,21.0,37.0,-6.5,-110.0,-110.0,38.0,-265.0,215.0,1
2021_18_GB_DET,2021,2022-01-09,Sunday,GB,30.0,DET,37.0,67.0,4.0,-110.0,-110.0,45.0,165.0,-195.0,1
2021_18_TEN_HOU,2021,2022-01-09,Sunday,TEN,28.0,HOU,25.0,53.0,10.5,-115.0,-105.0,43.0,410.0,-575.0,1
2021_18_IND_JAX,2021,2022-01-09,Sunday,IND,11.0,JAX,26.0,37.0,14.0,-110.0,-110.0,43.0,650.0,-1000.0,1
2021_18_CHI_MIN,2021,2022-01-09,Sunday,CHI,17.0,MIN,31.0,48.0,-3.5,-110.0,-110.0,45.5,-190.0,160.0,1
2021_18_WAS_NYG,2021,2022-01-09,Sunday,WAS,22.0,NYG,7.0,29.0,6.0,-109.0,-102.0,36.0,206.0,-238.0,1
2021_18_SEA_ARI,2021,2022-01-09,Sunday,SEA,38.0,ARI,30.0,68.0,-5.5,-110.0,-110.0,48.0,-235.0,190.0,1
2021_18_NO_ATL,2021,2022-01-09,Sunday,NO,30.0,ATL,20.0,50.0,4.5,-100.0,-111.0,40.0,186.0,-213.0,1
2021_18_NYJ_BUF,2021,2022-01-09,Sunday,NYJ,10.0,BUF,27.0,37.0,-16.0,-110.0,-110.0,43.0,-1250.0,750.0,1
2021_18_SF_LA,2021,2022-01-09,Sunday,SF,27.0,LA,24.0,51.0,-3.0,-115.0,-105.0,46.5,-170.0,150.0,1
2021_18_NE_MIA,2021,2022-01-09,Sunday,NE,24.0,MIA,33.0,57.0,6.0,-110.0,-110.0,41.0,200.0,-250.0,1
2021_18_CAR_TB,2021,2022-01-09,Sunday,CAR,17.0,TB,41.0,58.0,-11.0,-110.0,-110.0,43.0,-510.0,375.0,1
2021_18_LAC_LV,2021,2022-01-09,Sunday,LAC,32.0,LV,35.0,67.0,3.5,-110.0,-110.0,48.0,155.0,-180.0,1
2021_19_LV_CIN,2021,2022-01-15,Saturday,LV,19.0,CIN,26.0,45.0,-6.0,-109.0,-103.0,48.5,-248.0,214.0,0
2021_19_NE_BUF,2021,2022-01-15,Saturday,NE,17.0,BUF,47.0,64.0,-4.5,-100.0,-111.0,43.0,-207.0,181.0,1
2021_19_PHI_TB,2021,2022-01-16,Sunday,PHI,15.0,TB,31.0,46.0,-7.5,-104.0,-107.0,45.5,-352.0,293.0,0
2021_19_SF_DAL,2021,2022-01-16,Sunday,SF,23.0,DAL,17.0,40.0,-3.0,-112.0,100.0,51.0,-162.0,144.0,0
2021_19_PIT_KC,2021,2022-01-16,Sunday,PIT,21.0,KC,42.0,63.0,-13.0,111.0,-124.0,46.0,-697.0,522.0,0
2021_19_ARI_LA,2021,2022-01-17,Monday,ARI,11.0,LA,34.0,45.0,-4.0,105.0,-117.0,49.5,-179.0,158.0,1
2021_20_CIN_TEN,2021,2022-01-22,Saturday,CIN,19.0,TEN,16.0,35.0,-4.0,-102.0,-109.0,48.5,-191.0,170.0,0
2021_20_SF_GB,2021,2022-01-22,Saturday,SF,13.0,GB,10.0,23.0,-5.5,-114.0,102.0,47.0,-261.0,228.0,0
2021_20_LA_TB,2021,2022-01-23,Sunday,LA,30.0,TB,27.0,57.0,-2.5,-121.0,108.0,48.0,-145.0,131.0,0
2021_20_BUF_KC,2021,2022-01-23,Sunday,BUF,36.0,KC,42.0,78.0,-2.5,-110.0,-101.0,54.0,-138.0,124.0,0
2021_21_CIN_KC,2021,2022-01-30,Sunday,CIN,27.0,KC,24.0,51.0,-7.0,-115.0,-105.0,54.5,-320.0,250.0,0
2021_21_SF_LA,2021,2022-01-30,Sunday,SF,17.0,LA,20.0,37.0,-3.5,-110.0,-110.0,45.5,-180.0,155.0,1
2021_22_LA_CIN,2021,2022-02-13,Sunday,LA,23.0,CIN,20.0,43.0,4.5,-110.0,-110.0,48.5,160.0,-190.0,0
2022_01_BUF_LA,2022,2022-09-08,Thursday,BUF,31.0,LA,10.0,41.0,1.0,101.0,-112.0,51.5,106.0,-117.0,0
2022_01_NO_ATL,2022,2022-09-11,Sunday,NO,27.0,ATL,26.0,53.0,6.0,-107.0,-103.0,43.5,201.0,-228.0,1
2022_01_CLE_CAR,2022,2022-09-11,Sunday,CLE,26.0,CAR,24.0,50.0,-2.5,102.0,-112.0,42.5,-125.0,114.0,0
2022_01_SF_CHI,2022,2022-09-11,Sunday,SF,10.0,CHI,19.0,29.0,6.5,-111.0,100.0,38.0,217.0,-248.0,0
2022_01_PIT_CIN,2022,2022-09-11,Sunday,PIT,23.0,CIN,20.0,43.0,-7.5,107.0,-119.0,44.5,-308.0,264.0,1
2022_01_PHI_DET,2022,2022-09-11,Sunday,PHI,38.0,DET,35.0,73.0,6.0,-100.0,-110.0,49.0,211.0,-240.0,0
2022_01_IND_HOU,2022,2022-09-11,Sunday,IND,20.0,HOU,20.0,40.0,7.0,-107.0,-103.0,46.0,250.0,-290.0,1
2022_01_NE_MIA,2022,2022-09-11,Sunday,NE,7.0,MIA,20.0,27.0,-3.0,-106.0,-104.0,47.0,-155.0,140.0,1
2022_01_BAL_NYJ,2022,2022-09-11,Sunday,BAL,24.0,NYJ,9.0,33.0,6.5,-107.0,-103.0,44.0,231.0,-265.0,0
2022_01_JAX_WAS,2022,2022-09-11,Sunday,JAX,22.0,WAS,28.0,50.0,-3.0,-110.0,-101.0,43.5,-159.0,143.0,0
2022_01_KC_ARI,2022,2022-09-11,Sunday,KC,44.0,ARI,21.0,65.0,6.0,-104.0,-107.0,54.0,221.0,-252.0,0
2022_01_LV_LAC,2022,2022-09-11,Sunday,LV,19.0,LAC,24.0,43.0,-3.5,-104.0,-106.0,52.5,-180.0,161.0,1
2022_01_GB_MIN,2022,2022-09-11,Sunday,GB,7.0,MIN,23.0,30.0,-2.5,105.0,-116.0,47.0,-125.0,113.0,1
2022_01_NYG_TEN,2022,2022-09-11,Sunday,NYG,21.0,TEN,20.0,41.0,-5.5,-102.0,-108.0,43.5,-239.0,209.0,0
2022_01_TB_DAL,2022,2022-09-11,Sunday,TB,19.0,DAL,3.0,22.0,2.5,-102.0,-108.0,49.5,120.0,-133.0,0
2022_01_DEN_SEA,2022,2022-09-12,Monday,DEN,16.0,SEA,17.0,33.0,6.0,-103.0,-107.0,44.0,221.0,-253.0,0
2022_02_LAC_KC,2022,2022-09-15,Thursday,LAC,24.0,KC,27.0,51.0,-4.0,102.0,-113.0,52.5,-188.0,167.0,1
2022_02_MIA_BAL,2022,2022-09-18,Sunday,MIA,42.0,BAL,38.0,80.0,-3.0,-114.0,103.0,44.0,-164.0,148.0,0
2022_02_NYJ_CLE,2022,2022-09-18,Sunday,NYJ,31.0,CLE,30.0,61.0,-6.5,100.0,-111.0,38.5,-235.0,207.0,0
2022_02_WAS_DET,2022,2022-09-18,Sunday,WAS,27.0,DET,36.0,63.0,1.0,-103.0,-107.0,48.5,103.0,-114.0,0
2022_02_IND_JAX,2022,2022-09-18,Sunday,IND,0.0,JAX,24.0,24.0,3.0,-103.0,-107.0,43.5,142.0,-157.0,1
2022_02_TB_NO,2022,2022-09-18,Sunday,TB,20.0,NO,10.0,30.0,2.5,-102.0,-109.0,44.0,124.0,-138.0,1
2022_02_CAR_NYG,2022,2022-09-18,Sunday,CAR,16.0,NYG,19.0,35.0,1.0,-104.0,-106.0,44.0,103.0,-114.0,0
2022_02_NE_PIT,2022,2022-09-18,Sunday,NE,17.0,PIT,14.0,31.0,3.0,-109.0,-102.0,40.0,135.0,-150.0,0
2022_02_ATL_LA,2022,2022-09-18,Sunday,ATL,27.0,LA,31.0,58.0,-10.5,103.0,-113.0,46.5,-473.0,385.0,0
2022_02_SEA_SF,2022,2022-09-18,Sunday,SEA,7.0,SF,27.0,34.0,-8.5,102.0,-113.0,40.0,-379.0,318.0,1
2022_02_CIN_DAL,2022,2022-09-18,Sunday,CIN,17.0,DAL,20.0,37.0,7.5,-122.0,110.0,42.0,260.0,-303.0,0
2022_02_HOU_DEN,2022,2022-09-18,Sunday,HOU,9.0,DEN,16.0,25.0,-10.5,103.0,-114.0,46.0,-481.0,391.0,0
2022_02_ARI_LV,2022,2022-09-18,Sunday,ARI,29.0,LV,23.0,52.0,-5.5,100.0,-110.0,51.5,-223.0,197.0,0
2022_02_CHI_GB,2022,2022-09-18,Sunday,CHI,10.0,GB,27.0,37.0,-10.5,100.0,-111.0,42.0,-420.0,348.0,1
2022_02_TEN_BUF,2022,2022-09-19,Monday,TEN,7.0,BUF,41.0,48.0,-10.0,104.0,-115.0,47.5,-395.0,329.0,0
2022_02_MIN_PHI,2022,2022-09-19,Monday,MIN,7.0,PHI,24.0,31.0,-2.5,-117.0,106.0,49.5,-141.0,127.0,0
2022_03_PIT_CLE,2022,2022-09-22,Thursday,PIT,17.0,CLE,29.0,46.0,-4.5,101.0,-111.0,38.0,-206.0,183.0,1
2022_03_NO_CAR,2022,2022-09-25,Sunday,NO,14.0,CAR,22.0,36.0,2.0,-109.0,-102.0,41.0,112.0,-123.0,1
2022_03_HOU_CHI,2022,2022-09-25,Sunday,HOU,20.0,CHI,23.0,43.0,-3.0,-103.0,-107.0,40.0,-156.0,141.0,0
2022_03_KC_IND,2022,2022-09-25,Sunday,KC,17.0,IND,20.0,37.0,4.5,-114.0,103.0,51.0,177.0,-199.0,0
2022_03_BUF_MIA,2022,2022-09-25,Sunday,BUF,19.0,MIA,21.0,40.0,4.0,-106.0,-104.0,54.0,175.0,-196.0,1
2022_03_DET_MIN,2022,2022-09-25,Sunday,DET,24.0,MIN,28.0,52.0,-6.5,-110.0,-101.0,52.0,-266.0,232.0,1
2022_03_BAL_NE,2022,2022-09-25,Sunday,BAL,37.0,NE,26.0,63.0,2.5,104.0,-114.0,45.5,129.0,-143.0,0
2022_03_CIN_NYJ,2022,2022-09-25,Sunday,CIN,27.0,NYJ,12.0,39.0,6.5,-115.0,104.0,46.0,220.0,-247.0,0
2022_03_LV_TEN,2022,2022-09-25,Sunday,LV,22.0,TEN,24.0,46.0,1.5,103.0,-113.0,45.5,117.0,-130.0,0
2022_03_PHI_WAS,2022,2022-09-25,Sunday,PHI,24.0,WAS,8.0,32.0,6.0,-112.0,102.0,47.0,210.0,-240.0,1
2022_03_JAX_LAC,2022,2022-09-25,Sunday,JAX,38.0,LAC,10.0,48.0,-6.5,-104.0,-106.0,46.0,-252.0,220.0,0
2022_03_LA_ARI,2022,2022-09-25,Sunday,LA,20.0,ARI,12.0,32.0,3.5,-115.0,104.0,49.0,153.0,-171.0,1
2022_03_ATL_SEA,2022,2022-09-25,Sunday,ATL,27.0,SEA,23.0,50.0,-1.0,102.0,-112.0,43.0,-106.0,-104.0,0
2022_03_GB_TB,2022,2022-09-25,Sunday,GB,14.0,TB,12.0,26.0,-1.0,-115.0,105.0,41.5,-123.0,112.0,0
2022_03_SF_DEN,2022,2022-09-25,Sunday,SF,10.0,DEN,11.0,21.0,1.0,-108.0,-102.0,44.0,-101.0,-110.0,0
2022_03_DAL_NYG,2022,2022-09-26,Monday,DAL,23.0,NYG,16.0,39.0,-1.0,-113.0,103.0,38.5,-120.0,109.0,1
2022_04_MIA_CIN,2022,2022-09-29,Thursday,MIA,15.0,CIN,27.0,42.0,-4.0,-103.0,-107.0,48.5,-190.0,169.0,0
2022_04_MIN_NO,2022,2022-10-02,Sunday,MIN,28.0,NO,25.0,53.0,4.0,-107.0,-103.0,42.0,177.0,-199.0,0
2022_04_CLE_ATL,2022,2022-10-02,Sunday,CLE,20.0,ATL,23.0,43.0,1.0,-109.0,-101.0,48.0,-103.0,-107.0,0
2022_04_BUF_BAL,2022,2022-10-02,Sunday,BUF,23.0,BAL,20.0,43.0,3.0,106.0,-117.0,50.0,154.0,-172.0,0
2022_04_WAS_DAL,2022,2022-10-02,Sunday,WAS,10.0,DAL,25.0,35.0,-3.0,-101.0,-110.0,40.5,-155.0,140.0,1
2022_04_SEA_DET,2022,2022-10-02,Sunday,SEA,48.0,DET,45.0,93.0,-3.0,-113.0,103.0,48.5,-169.0,151.0,0
2022_04_LAC_HOU,2022,2022-10-02,Sunday,LAC,34.0,HOU,24.0,58.0,5.5,-104.0,-106.0,45.0,205.0,-234.0,0
2022_04_TEN_IND,2022,2022-10-02,Sunday,TEN,24.0,IND,17.0,41.0,-4.5,-105.0,-105.0,43.0,-205.0,182.0,1
2022_04_CHI_NYG,2022,2022-10-02,Sunday,CHI,12.0,NYG,20.0,32.0,-3.0,109.0,-120.0,39.0,-144.0,130.0,0
2022_04_JAX_PHI,2022,2022-10-02,Sunday,JAX,21.0,PHI,29.0,50.0,-6.5,-102.0,-109.0,44.0,-256.0,223.0,0
2022_04_NYJ_PIT,2022,2022-10-02,Sunday,NYJ,24.0,PIT,20.0,44.0,-3.0,-108.0,-102.0,41.0,-161.0,145.0,0
2022_04_ARI_CAR,2022,2022-10-02,Sunday,ARI,26.0,CAR,16.0,42.0,-1.0,-106.0,-104.0,44.0,-113.0,102.0,0
2022_04_NE_GB,2022,2022-10-02,Sunday,NE,24.0,GB,27.0,51.0,-10.0,109.0,-120.0,40.5,-435.0,358.0,0
2022_04_DEN_LV,2022,2022-10-02,Sunday,DEN,23.0,LV,32.0,55.0,-2.5,-109.0,-101.0,45.5,-137.0,124.0,1
2022_04_KC_TB,2022,2022-10-02,Sunday,KC,41.0,TB,31.0,72.0,-1.0,-118.0,107.0,46.5,-125.0,113.0,0
2022_04_LA_SF,2022,2022-10-03,Monday,LA,9.0,SF,24.0,33.0,-1.0,-116.0,106.0,42.0,-124.0,112.0,1
2022_05_IND_DEN,2022,2022-10-06,Thursday,IND,12.0,DEN,9.0,21.0,-3.5,104.0,-114.0,42.0,-178.0,159.0,0
2022_05_NYG_GB,2022,2022-10-09,Sunday,NYG,27.0,GB,22.0,49.0,-8.5,-115.0,104.0,42.0,-397.0,331.0,0
2022_05_PIT_BUF,2022,2022-10-09,Sunday,PIT,3.0,BUF,38.0,41.0,-14.0,-102.0,-108.0,44.0,-749.0,568.0,0
2022_05_LAC_CLE,2022,2022-10-09,Sunday,LAC,30.0,CLE,28.0,58.0,1.0,-104.0,-106.0,47.0,103.0,-114.0,0
2022_05_HOU_JAX,2022,2022-10-09,Sunday,HOU,13.0,JAX,6.0,19.0,-7.0,102.0,-113.0,44.0,-304.0,261.0,1
2022_05_CHI_MIN,2022,2022-10-09,Sunday,CHI,22.0,MIN,29.0,51.0,-10.0,105.0,-116.0,44.0,-385.0,322.0,1
2022_05_DET_NE,2022,2022-10-09,Sunday,DET,0.0,NE,29.0,29.0,-3.0,102.0,-113.0,46.5,-148.0,133.0,0
2022_05_SEA_NO,2022,2022-10-09,Sunday,SEA,32.0,NO,39.0,71.0,-5.5,-104.0,-106.0,45.5,-229.0,201.0,0
2022_05_MIA_NYJ,2022,2022-10-09,Sunday,MIA,17.0,NYJ,40.0,57.0,3.0,100.0,-110.0,46.0,146.0,-162.0,1
2022_05_ATL_TB,2022,2022-10-09,Sunday,ATL,15.0,TB,21.0,36.0,-10.5,102.0,-113.0,46.0,-430.0,355.0,1
2022_05_TEN_WAS,2022,2022-10-09,Sunday,TEN,21.0,WAS,17.0,38.0,1.0,-108.0,-102.0,43.0,-100.0,-110.0,0
2022_05_SF_CAR,2022,2022-10-09,Sunday,SF,37.0,CAR,15.0,52.0,6.0,-109.0,-102.0,40.0,206.0,-234.0,0
2022_05_PHI_ARI,2022,2022-10-09,Sunday,PHI,20.0,ARI,17.0,37.0,5.5,-111.0,101.0,48.5,196.0,-222.0,0
2022_05_DAL_LA,2022,2022-10-09,Sunday,DAL,22.0,LA,10.0,32.0,-5.5,102.0,-112.0,42.0,-220.0,195.0,0
2022_05_CIN_BAL,2022,2022-10-09,Sunday,CIN,17.0,BAL,19.0,36.0,-3.0,-114.0,103.0,47.5,-168.0,151.0,1
2022_05_LV_KC,2022,2022-10-10,Monday,LV,29.0,KC,30.0,59.0,-7.5,113.0,-125.0,51.5,-321.0,275.0,1
2022_06_WAS_CHI,2022,2022-10-13,Thursday,WAS,12.0,CHI,7.0,19.0,1.0,102.0,-112.0,38.5,109.0,-120.0,0
2022_06_SF_ATL,2022,2022-10-16,Sunday,SF,14.0,ATL,28.0,42.0,3.5,-110.0,-100.0,46.0,166.0,-185.0,0
2022_06_NE_CLE,2022,2022-10-16,Sunday,NE,38.0,CLE,15.0,53.0,-2.5,-111.0,101.0,43.0,-140.0,127.0,0
2022_06_NYJ_GB,2022,2022-10-16,Sunday,NYJ,27.0,GB,10.0,37.0,-7.5,-109.0,-101.0,44.5,-362.0,305.0,0
2022_06_JAX_IND,2022,2022-10-16,Sunday,JAX,27.0,IND,34.0,61.0,-1.0,-114.0,103.0,41.0,-122.0,110.0,1
2022_06_MIN_MIA,2022,2022-10-16,Sunday,MIN,24.0,MIA,16.0,40.0,3.0,109.0,-120.0,45.0,157.0,-175.0,0
2022_06_CIN_NO,2022,2022-10-16,Sunday,CIN,30.0,NO,26.0,56.0,3.0,100.0,-110.0,42.5,148.0,-164.0,0
2022_06_BAL_NYG,2022,2022-10-16,Sunday,BAL,20.0,NYG,24.0,44.0,5.5,-103.0,-107.0,46.0,206.0,-234.0,0
2022_06_TB_PIT,2022,2022-10-16,Sunday,TB,18.0,PIT,20.0,38.0,10.0,-113.0,103.0,47.0,323.0,-386.0,0
2022_06_CAR_LA,2022,2022-10-16,Sunday,CAR,10.0,LA,24.0,34.0,-10.0,102.0,-112.0,41.5,-413.0,343.0,0
2022_06_ARI_SEA,2022,2022-10-16,Sunday,ARI,9.0,SEA,19.0,28.0,2.5,-104.0,-106.0,50.0,123.0,-136.0,1
2022_06_BUF_KC,2022,2022-10-16,Sunday,BUF,24.0,KC,20.0,44.0,2.5,105.0,-116.0,54.0,132.0,-146.0,0
2022_06_DAL_PHI,2022,2022-10-16,Sunday,DAL,17.0,PHI,26.0,43.0,-6.5,-120.0,109.0,42.5,-292.0,252.0,1
2022_06_DEN_LAC,2022,2022-10-17,Monday,DEN,16.0,LAC,19.0,35.0,-3.5,-107.0,-103.0,45.5,-186.0,166.0,1
2022_07_NO_ARI,2022,2022-10-20,Thursday,NO,34.0,ARI,42.0,76.0,-2.5,-109.0,-101.0,44.0,-140.0,126.0,0
2022_07_CLE_BAL,2022,2022-10-23,Sunday,CLE,20.0,BAL,23.0,43.0,-6.5,-110.0,100.0,46.0,-282.0,244.0,1
2022_07_TB_CAR,2022,2022-10-23,Sunday,TB,3.0,CAR,21.0,24.0,13.0,-107.0,-103.0,39.5,524.0,-680.0,1
2022_07_ATL_CIN,2022,2022-10-23,Sunday,ATL,17.0,CIN,35.0,52.0,-6.5,-110.0,-100.0,47.5,-271.0,235.0,0
2022_07_DET_DAL,2022,2022-10-23,Sunday,DET,6.0,DAL,24.0,30.0,-7.0,102.0,-112.0,49.5,-278.0,241.0,0
2022_07_NYG_JAX,2022,2022-10-23,Sunday,NYG,23.0,JAX,17.0,40.0,-3.0,-112.0,102.0,44.0,-165.0,148.0,0
2022_07_IND_TEN,2022,2022-10-23,Sunday,IND,10.0,TEN,19.0,29.0,-2.5,-108.0,-102.0,43.0,-143.0,129.0,1
2022_07_GB_WAS,2022,2022-10-23,Sunday,GB,21.0,WAS,23.0,44.0,4.0,-108.0,-102.0,41.5,173.0,-195.0,0
2022_07_NYJ_DEN,2022,2022-10-23,Sunday,NYJ,16.0,DEN,9.0,25.0,2.0,-104.0,-106.0,37.0,115.0,-127.0,0
2022_07_HOU_LV,2022,2022-10-23,Sunday,HOU,20.0,LV,38.0,58.0,-7.0,-115.0,104.0,46.0,-325.0,278.0,0
2022_07_SEA_LAC,2022,2022-10-23,Sunday,SEA,37.0,LAC,23.0,60.0,-5.5,101.0,-111.0,51.5,-219.0,193.0,0
2022_07_KC_SF,2022,2022-10-23,Sunday,KC,44.0,SF,23.0,67.0,1.0,-112.0,102.0,49.0,-104.0,-106.0,0
2022_07_PIT_MIA,2022,2022-10-23,Sunday,PIT,10.0,MIA,16.0,26.0,-7.5,108.0,-119.0,44.5,-297.0,255.0,0
2022_07_CHI_NE,2022,2022-10-24,Monday,CHI,33.0,NE,14.0,47.0,-9.5,-100.0,-110.0,40.0,-392.0,327.0,0
2022_08_BAL_TB,2022,2022-10-27,Thursday,BAL,27.0,TB,22.0,49.0,-2.0,-106.0,-104.0,46.0,-128.0,116.0,0
2022_08_DEN_JAX,2022,2022-10-30,Sunday,DEN,21.0,JAX,17.0,38.0,-1.0,101.0,-112.0,41.0,-107.0,-103.0,0
2022_08_CAR_ATL,2022,2022-10-30,Sunday,CAR,34.0,ATL,37.0,71.0,-4.5,-100.0,-110.0,41.0,-201.0,178.0,1
2022_08_CHI_DAL,2022,2022-10-30,Sunday,CHI,29.0,DAL,49.0,78.0,-10.5,109.0,-121.0,43.0,-430.0,355.0,0
2022_08_MIA_DET,2022,2022-10-30,Sunday,MIA,31.0,DET,27.0,58.0,3.5,102.0,-112.0,52.0,169.0,-190.0,0
2022_08_ARI_MIN,2022,2022-10-30,Sunday,ARI,26.0,MIN,34.0,60.0,-4.0,-105.0,-105.0,48.5,-199.0,177.0,0
2022_08_LV_NO,2022,2022-10-30,Sunday,LV,0.0,NO,24.0,24.0,1.0,101.0,-111.0,48.5,108.0,-119.0,0
2022_08_NE_NYJ,2022,2022-10-30,Sunday,NE,22.0,NYJ,17.0,39.0,3.0,-107.0,-103.0,40.0,140.0,-155.0,1
2022_08_PIT_PHI,2022,2022-10-30,Sunday,PIT,13.0,PHI,35.0,48.0,-11.0,-112.0,102.0,43.0,-490.0,397.0,0
2022_08_TEN_HOU,2022,2022-10-30,Sunday,TEN,17.0,HOU,10.0,27.0,1.0,-103.0,-107.0,39.0,104.0,-115.0,1
2022_08_WAS_IND,2022,2022-10-30,Sunday,WAS,17.0,IND,16.0,33.0,-3.0,103.0,-114.0,40.5,-151.0,136.0,0
2022_08_SF_LA,2022,2022-10-30,Sunday,SF,31.0,LA,14.0,45.0,1.0,-114.0,103.0,42.0,-106.0,-104.0,1
2022_08_NYG_SEA,2022,2022-10-30,Sunday,NYG,13.0,SEA,27.0,40.0,-3.0,-110.0,-100.0,44.5,-164.0,147.0,0
2022_08_GB_BUF,2022,2022-10-30,Sunday,GB,17.0,BUF,27.0,44.0,-10.5,100.0,-110.0,47.0,-445.0,365.0,0
2022_08_CIN_CLE,2022,2022-10-31,Monday,CIN,13.0,CLE,32.0,45.0,3.0,102.0,-112.0,45.0,147.0,-163.0,1
2022_09_PHI_HOU,2022,2022-11-03,Thursday,PHI,29.0,HOU,17.0,46.0,14.0,-113.0,102.0,45.5,539.0,-702.0,0
2022_09_LAC_ATL,2022,2022-11-06,Sunday,LAC,20.0,ATL,17.0,37.0,2.5,103.0,-114.0,49.5,130.0,-143.0,0
2022_09_MIA_CHI,2022,2022-11-06,Sunday,MIA,35.0,CHI,32.0,67.0,4.0,-107.0,-103.0,46.0,172.0,-193.0,0
2022_09_CAR_CIN,2022,2022-11-06,Sunday,CAR,21.0,CIN,42.0,63.0,-7.0,-110.0,-100.0,43.0,-331.0,282.0,0
2022_09_GB_DET,2022,2022-11-06,Sunday,GB,9.0,DET,15.0,24.0,4.0,-103.0,-107.0,49.5,170.0,-191.0,1
2022_09_LV_JAX,2022,2022-11-06,Sunday,LV,20.0,JAX,27.0,47.0,2.5,-108.0,-102.0,47.5,116.0,-129.0,0
2022_09_IND_NE,2022,2022-11-06,Sunday,IND,3.0,NE,26.0,29.0,-5.0,104.0,-115.0,40.0,-212.0,188.0,0
2022_09_BUF_NYJ,2022,2022-11-06,Sunday,BUF,17.0,NYJ,20.0,37.0,11.0,-114.0,103.0,46.0,400.0,-494.0,1
2022_09_MIN_WAS,2022,2022-11-06,Sunday,MIN,20.0,WAS,17.0,37.0,3.0,108.0,-119.0,43.5,151.0,-169.0,0
2022_09_SEA_ARI,2022,2022-11-06,Sunday,SEA,31.0,ARI,21.0,52.0,-1.5,-113.0,102.0,49.5,-128.0,116.0,1
2022_09_LA_TB,2022,2022-11-06,Sunday,LA,13.0,TB,16.0,29.0,-3.0,-106.0,-104.0,43.0,-158.0,142.0,0
2022_09_TEN_KC,2022,2022-11-06,Sunday,TEN,17.0,KC,20.0,37.0,-14.0,-103.0,-107.0,45.0,-689.0,530.0,0
2022_09_BAL_NO,2022,2022-11-07,Monday,BAL,27.0,NO,13.0,40.0,1.0,106.0,-117.0,46.0,112.0,-124.0,0
2022_10_ATL_CAR,2022,2022-11-10,Thursday,ATL,15.0,CAR,25.0,40.0,2.5,-107.0,-103.0,41.5,119.0,-132.0,1
2022_10_SEA_TB,2022,2022-11-13,Sunday,SEA,16.0,TB,21.0,37.0,-2.5,-114.0,103.0,45.0,-138.0,124.0,0
2022_10_MIN_BUF,2022,2022-11-13,Sunday,MIN,33.0,BUF,30.0,63.0,-6.5,-106.0,-104.0,47.0,-264.0,230.0,0
2022_10_DET_CHI,2022,2022-11-13,Sunday,DET,31.0,CHI,30.0,61.0,-3.0,-105.0,-105.0,48.5,-159.0,143.0,1
2022_10_JAX_KC,2022,2022-11-13,Sunday,JAX,17.0,KC,27.0,44.0,-10.0,109.0,-120.0,51.5,-399.0,333.0,0
2022_10_CLE_MIA,2022,2022-11-13,Sunday,CLE,17.0,MIA,39.0,56.0,-3.0,-123.0,112.0,49.0,-177.0,158.0,0
2022_10_HOU_NYG,2022,2022-11-13,Sunday,HOU,16.0,NYG,24.0,40.0,-5.5,102.0,-112.0,41.5,-221.0,195.0,0
2022_10_NO_PIT,2022,2022-11-13,Sunday,NO,10.0,PIT,20.0,30.0,-1.0,-107.0,-103.0,39.5,-116.0,105.0,0
2022_10_DEN_TEN,2022,2022-11-13,Sunday,DEN,10.0,TEN,17.0,27.0,-2.5,-105.0,-105.0,40.0,-135.0,122.0,0
2022_10_IND_LV,2022,2022-11-13,Sunday,IND,25.0,LV,20.0,45.0,-4.5,101.0,-112.0,41.0,-199.0,177.0,0
2022_10_DAL_GB,2022,2022-11-13,Sunday,DAL,28.0,GB,31.0,59.0,3.5,102.0,-113.0,44.5,177.0,-199.0,0
2022_10_ARI_LA,2022,2022-11-13,Sunday,ARI,27.0,LA,17.0,44.0,-3.5,-102.0,-110.0,38.0,-183.0,160.0,1
2022_10_LAC_SF,2022,2022-11-13,Sunday,LAC,16.0,SF,22.0,38.0,-8.5,-105.0,-105.0,45.5,-357.0,302.0,0
2022_10_WAS_PHI,2022,2022-11-14,Monday,WAS,32.0,PHI,21.0,53.0,-11.0,-103.0,-107.0,43.0,-501.0,405.0,1
2022_11_TEN_GB,2022,2022-11-17,Thursday,TEN,27.0,GB,17.0,44.0,-3.0,-117.0,106.0,40.5,-171.0,153.0,0
2022_11_CHI_ATL,2022,2022-11-20,Sunday,CHI,24.0,ATL,27.0,51.0,-3.0,110.0,-122.0,48.5,-138.0,125.0,0
2022_11_CAR_BAL,2022,2022-11-20,Sunday,CAR,3.0,BAL,13.0,16.0,-13.0,106.0,-117.0,42.0,-647.0,503.0,0
2022_11_CLE_BUF,2022,2022-11-20,Sunday,CLE,23.0,BUF,31.0,54.0,-7.5,-108.0,-103.0,50.5,-353.0,298.0,0
2022_11_WAS_HOU,2022,2022-11-20,Sunday,WAS,23.0,HOU,10.0,33.0,3.0,-110.0,-100.0,41.0,135.0,-150.0,0
2022_11_PHI_IND,2022,2022-11-20,Sunday,PHI,17.0,IND,16.0,33.0,6.5,-102.0,-108.0,45.5,235.0,-270.0,0
2022_11_NYJ_NE,2022,2022-11-20,Sunday,NYJ,3.0,NE,10.0,13.0,-3.5,-102.0,-109.0,38.5,-182.0,163.0,1
2022_11_LA_NO,2022,2022-11-20,Sunday,LA,20.0,NO,27.0,47.0,-2.5,104.0,-115.0,39.5,-124.0,112.0,0
2022_11_DET_NYG,2022,2022-11-20,Sunday,DET,31.0,NYG,18.0,49.0,-3.0,-107.0,-104.0,44.0,-159.0,143.0,0
2022_11_LV_DEN,2022,2022-11-20,Sunday,LV,22.0,DEN,16.0,38.0,-2.5,-117.0,106.0,41.5,-145.0,131.0,1
2022_11_DAL_MIN,2022,2022-11-20,Sunday,DAL,40.0,MIN,3.0,43.0,1.5,104.0,-115.0,48.5,118.0,-131.0,0
2022_11_CIN_PIT,2022,2022-11-20,Sunday,CIN,37.0,PIT,30.0,67.0,3.5,-111.0,101.0,39.0,163.0,-182.0,1
2022_11_KC_LAC,2022,2022-11-20,Sunday,KC,30.0,LAC,27.0,57.0,5.5,-108.0,-102.0,52.5,203.0,-231.0,1
2022_11_SF_ARI,2022,2022-11-21,Monday,SF,38.0,ARI,10.0,48.0,10.0,-113.0,103.0,43.5,350.0,-422.0,1
2022_12_BUF_DET,2022,2022-11-24,Thursday,BUF,28.0,DET,25.0,53.0,10.0,-116.0,105.0,54.0,342.0,-412.0,0
2022_12_NYG_DAL,2022,2022-11-24,Thursday,NYG,20.0,DAL,28.0,48.0,-10.5,104.0,-114.0,45.5,-441.0,363.0,1
2022_12_NE_MIN,2022,2022-11-24,Thursday,NE,26.0,MIN,33.0,59.0,-2.5,-108.0,-102.0,42.5,-136.0,123.0,0
2022_12_DEN_CAR,2022,2022-11-27,Sunday,DEN,10.0,CAR,23.0,33.0,1.0,-101.0,-109.0,36.5,105.0,-116.0,0
2022_12_TB_CLE,2022,2022-11-27,Sunday,TB,17.0,CLE,23.0,40.0,3.0,107.0,-118.0,42.0,151.0,-169.0,0
2022_12_BAL_JAX,2022,2022-11-27,Sunday,BAL,27.0,JAX,28.0,55.0,3.5,-123.0,111.0,43.0,147.0,-164.0,0
2022_12_HOU_MIA,2022,2022-11-27,Sunday,HOU,15.0,MIA,30.0,45.0,-14.0,-109.0,-101.0,47.0,-822.0,613.0,0
2022_12_CHI_NYJ,2022,2022-11-27,Sunday,CHI,10.0,NYJ,31.0,41.0,-8.5,-103.0,-107.0,36.5,-375.0,315.0,0
2022_12_CIN_TEN,2022,2022-11-27,Sunday,CIN,20.0,TEN,16.0,36.0,1.0,-113.0,102.0,43.0,-105.0,-105.0,0
2022_12_ATL_WAS,2022,2022-11-27,Sunday,ATL,13.0,WAS,19.0,32.0,-3.5,-100.0,-110.0,40.5,-183.0,163.0,0
2022_12_LAC_ARI,2022,2022-11-27,Sunday,LAC,25.0,ARI,24.0,49.0,2.5,-102.0,-108.0,48.5,123.0,-136.0,0
2022_12_LV_SEA,2022,2022-11-27,Sunday,LV,40.0,SEA,34.0,74.0,-4.0,-103.0,-107.0,47.5,-196.0,174.0,0
2022_12_LA_KC,2022,2022-11-27,Sunday,LA,10.0,KC,26.0,36.0,-16.5,105.0,-115.0,42.0,-1088.0,768.0,0
2022_12_NO_SF,2022,2022-11-27,Sunday,NO,0.0,SF,13.0,13.0,-9.5,103.0,-113.0,44.0,-392.0,327.0,0
2022_12_GB_PHI,2022,2022-11-27,Sunday,GB,33.0,PHI,40.0,73.0,-6.5,-105.0,-105.0,46.0,-278.0,241.0,0
2022_12_PIT_IND,2022,2022-11-28,Monday,PIT,24.0,IND,17.0,41.0,-2.5,-100.0,-110.0,40.0,-128.0,116.0,0
2022_13_BUF_NE,2022,2022-12-01,Thursday,BUF,24.0,NE,10.0,34.0,3.5,-105.0,-105.0,43.5,165.0,-185.0,1
2022_13_PIT_ATL,2022,2022-12-04,Sunday,PIT,19.0,ATL,16.0,35.0,1.0,-105.0,-105.0,43.0,103.0,-113.0,0
2022_13_DEN_BAL,2022,2022-12-04,Sunday,DEN,9.0,BAL,10.0,19.0,-9.5,112.0,-124.0,40.5,-347.0,294.0,0
2022_13_GB_CHI,2022,2022-12-04,Sunday,GB,28.0,CHI,19.0,47.0,4.0,-116.0,105.0,45.0,163.0,-182.0,1
2022_13_JAX_DET,2022,2022-12-04,Sunday,JAX,14.0,DET,40.0,54.0,-1.0,-110.0,-100.0,51.5,-118.0,107.0,0
2022_13_CLE_HOU,2022,2022-12-04,Sunday,CLE,27.0,HOU,14.0,41.0,7.5,-102.0,-108.0,47.0,280.0,-329.0,0
2022_13_NYJ_MIN,2022,2022-12-04,Sunday,NYJ,22.0,MIN,27.0,49.0,-3.0,106.0,-117.0,44.0,-146.0,132.0,0
2022_13_WAS_NYG,2022,2022-12-04,Sunday,WAS,20.0,NYG,20.0,40.0,2.5,-116.0,105.0,40.0,113.0,-124.0,1
2022_13_TEN_PHI,2022,2022-12-04,Sunday,TEN,10.0,PHI,35.0,45.0,-5.0,-101.0,-109.0,44.5,-213.0,189.0,0
2022_13_SEA_LA,2022,2022-12-04,Sunday,SEA,27.0,LA,23.0,50.0,7.0,-118.0,107.0,41.0,252.0,-292.0,1
2022_13_MIA_SF,2022,2022-12-04,Sunday,MIA,17.0,SF,33.0,50.0,-4.5,-111.0,101.0,46.0,-222.0,196.0,0
2022_13_KC_CIN,2022,2022-12-04,Sunday,KC,24.0,CIN,27.0,51.0,2.5,-102.0,-108.0,53.0,120.0,-132.0,0
2022_13_LAC_LV,2022,2022-12-04,Sunday,LAC,20.0,LV,27.0,47.0,-2.5,-109.0,-102.0,49.0,-139.0,125.0,1
2022_13_IND_DAL,2022,2022-12-04,Sunday,IND,19.0,DAL,54.0,73.0,-11.0,-101.0,-109.0,44.5,-460.0,376.0,0
2022_13_NO_TB,2022,2022-12-05,Monday,NO,16.0,TB,17.0,33.0,-3.5,-105.0,-105.0,41.0,-190.0,169.0,1
2022_14_LV_LA,2022,2022-12-08,Thursday,LV,16.0,LA,17.0,33.0,6.5,101.0,-112.0,42.5,245.0,-283.0,0
2022_14_NYJ_BUF,2022,2022-12-11,Sunday,NYJ,12.0,BUF,20.0,32.0,-10.0,-102.0,-108.0,43.5,-398.0,332.0,1
2022_14_CLE_CIN,2022,2022-12-11,Sunday,CLE,10.0,CIN,23.0,33.0,-4.5,-102.0,-108.0,47.0,-204.0,181.0,1
2022_14_HOU_DAL,2022,2022-12-11,Sunday,HOU,23.0,DAL,27.0,50.0,-17.0,-115.0,104.0,44.5,-1365.0,918.0,0
2022_14_MIN_DET,2022,2022-12-11,Sunday,MIN,23.0,DET,34.0,57.0,-2.5,-102.0,-108.0,51.5,-132.0,119.0,1
2022_14_PHI_NYG,2022,2022-12-11,Sunday,PHI,48.0,NYG,22.0,70.0,7.5,-115.0,104.0,44.5,260.0,-302.0,1
2022_14_BAL_PIT,2022,2022-12-11,Sunday,BAL,16.0,PIT,14.0,30.0,-1.5,-109.0,-101.0,37.0,-124.0,112.0,1
2022_14_JAX_TEN,2022,2022-12-11,Sunday,JAX,36.0,TEN,22.0,58.0,-3.0,-117.0,106.0,42.0,-169.0,151.0,1
2022_14_KC_DEN,2022,2022-12-11,Sunday,KC,34.0,DEN,28.0,62.0,8.5,-103.0,-108.0,44.5,329.0,-394.0,1
2022_14_CAR_SEA,2022,2022-12-11,Sunday,CAR,30.0,SEA,24.0,54.0,-3.5,-117.0,106.0,44.5,-200.0,178.0,0
2022_14_TB_SF,2022,2022-12-11,Sunday,TB,7.0,SF,35.0,42.0,-3.5,-103.0,-107.0,38.0,-196.0,175.0,0
2022_14_MIA_LAC,2022,2022-12-11,Sunday,MIA,17.0,LAC,23.0,40.0,3.0,102.0,-113.0,54.5,146.0,-163.0,0
2022_14_NE_ARI,2022,2022-12-12,Monday,NE,27.0,ARI,13.0,40.0,2.0,-106.0,-104.0,44.0,113.0,-125.0,0
2022_15_SF_SEA,2022,2022-12-15,Thursday,SF,21.0,SEA,13.0,34.0,3.0,104.0,-115.0,43.0,152.0,-169.0,1
2022_15_IND_MIN,2022,2022-12-17,Saturday,IND,36.0,MIN,39.0,75.0,-3.5,-107.0,-103.0,46.5,-188.0,168.0,0
2022_15_BAL_CLE,2022,2022-12-17,Saturday,BAL,3.0,CLE,13.0,16.0,-2.5,-125.0,113.0,39.5,-155.0,139.0,1
2022_15_MIA_BUF,2022,2022-12-17,Saturday,MIA,29.0,BUF,32.0,61.0,-7.0,-106.0,-104.0,44.0,-320.0,273.0,1
2022_15_PIT_CAR,2022,2022-12-18,Sunday,PIT,24.0,CAR,16.0,40.0,-2.5,-110.0,-100.0,36.5,-145.0,130.0,0
2022_15_PHI_CHI,2022,2022-12-18,Sunday,PHI,25.0,CHI,20.0,45.0,8.5,-106.0,-104.0,48.0,323.0,-386.0,0
2022_15_KC_HOU,2022,2022-12-18,Sunday,KC,30.0,HOU,24.0,54.0,14.5,-120.0,109.0,48.5,572.0,-755.0,0
2022_15_DAL_JAX,2022,2022-12-18,Sunday,DAL,34.0,JAX,40.0,74.0,4.0,-110.0,100.0,48.5,168.0,-188.0,0
2022_15_ATL_NO,2022,2022-12-18,Sunday,ATL,18.0,NO,21.0,39.0,-5.0,-113.0,103.0,43.5,-231.0,203.0,1
2022_15_DET_NYJ,2022,2022-12-18,Sunday,DET,20.0,NYJ,17.0,37.0,-2.0,-110.0,-100.0,44.0,-132.0,120.0,0
2022_15_ARI_DEN,2022,2022-12-18,Sunday,ARI,15.0,DEN,24.0,39.0,-1.5,-106.0,-104.0,37.5,-121.0,110.0,0
2022_15_NE_LV,2022,2022-12-18,Sunday,NE,24.0,LV,30.0,54.0,-1.0,-122.0,111.0,45.0,-129.0,117.0,0
2022_15_TEN_LAC,2022,2022-12-18,Sunday,TEN,14.0,LAC,17.0,31.0,-3.0,-102.0,-108.0,46.5,-158.0,142.0,0
2022_15_CIN_TB,2022,2022-12-18,Sunday,CIN,34.0,TB,23.0,57.0,3.5,-120.0,108.0,47.0,150.0,-167.0,0
2022_15_NYG_WAS,2022,2022-12-18,Sunday,NYG,20.0,WAS,12.0,32.0,-4.5,103.0,-114.0,40.5,-203.0,180.0,1
2022_15_LA_GB,2022,2022-12-19,Monday,LA,12.0,GB,24.0,36.0,-8.0,101.0,-111.0,39.5,-356.0,301.0,0
2022_16_JAX_NYJ,2022,2022-12-22,Thursday,JAX,19.0,NYJ,3.0,22.0,-2.5,-106.0,-104.0,36.5,-136.0,123.0,0
2022_16_ATL_BAL,2022,2022-12-24,Saturday,ATL,9.0,BAL,17.0,26.0,-6.5,-102.0,-108.0,35.0,-274.0,238.0,0
2022_16_DET_CAR,2022,2022-12-24,Saturday,DET,23.0,CAR,37.0,60.0,2.5,-111.0,101.0,43.5,117.0,-129.0,0
2022_16_BUF_CHI,2022,2022-12-24,Saturday,BUF,35.0,CHI,13.0,48.0,8.0,-100.0,-110.0,40.0,304.0,-360.0,0
2022_16_NO_CLE,2022,2022-12-24,Saturday,NO,17.0,CLE,10.0,27.0,-3.0,-123.0,111.0,32.0,-181.0,162.0,0
2022_16_SEA_KC,2022,2022-12-24,Saturday,SEA,10.0,KC,24.0,34.0,-10.5,-103.0,-107.0,50.5,-447.0,367.0,0
2022_16_NYG_MIN,2022,2022-12-24,Saturday,NYG,24.0,MIN,27.0,51.0,-4.5,-108.0,-102.0,48.0,-215.0,191.0,0
2022_16_CIN_NE,2022,2022-12-24,Saturday,CIN,22.0,NE,18.0,40.0,3.0,-110.0,100.0,42.0,136.0,-151.0,0
2022_16_HOU_TEN,2022,2022-12-24,Saturday,HOU,19.0,TEN,14.0,33.0,-3.0,-113.0,103.0,34.0,-170.0,153.0,1
2022_16_WAS_SF,2022,2022-12-24,Saturday,WAS,20.0,SF,37.0,57.0,-6.5,-103.0,-107.0,37.5,-279.0,241.0,0
2022_16_PHI_DAL,2022,2022-12-24,Saturday,PHI,34.0,DAL,40.0,74.0,-4.0,-106.0,-104.0,48.0,-200.0,178.0,1
2022_16_LV_PIT,2022,2022-12-24,Saturday,LV,10.0,PIT,13.0,23.0,-2.5,-102.0,-108.0,38.5,-141.0,127.0,0
2022_16_GB_MIA,2022,2022-12-25,Sunday,GB,26.0,MIA,20.0,46.0,-3.5,-103.0,-107.0,49.0,-182.0,163.0,0
2022_16_DEN_LA,2022,2022-12-25,Sunday,DEN,14.0,LA,51.0,65.0,3.0,105.0,-116.0,36.5,155.0,-173.0,0
2022_16_TB_ARI,2022,2022-12-25,Sunday,TB,19.0,ARI,16.0,35.0,7.5,-113.0,102.0,41.5,273.0,-320.0,0
2022_16_LAC_IND,2022,2022-12-26,Monday,LAC,20.0,IND,3.0,23.0,3.5,-108.0,-102.0,44.5,165.0,-185.0,0
2022_17_DAL_TEN,2022,2022-12-29,Thursday,DAL,27.0,TEN,13.0,40.0,14.0,-110.0,-100.0,41.0,563.0,-741.0,0
2022_17_ARI_ATL,2022,2023-01-01,Sunday,ARI,19.0,ATL,20.0,39.0,-7.0,108.0,-119.0,41.0,-279.0,241.0,0
2022_17_CHI_DET,2022,2023-01-01,Sunday,CHI,10.0,DET,41.0,51.0,-4.5,-105.0,-105.0,52.5,-219.0,194.0,1
2022_17_JAX_HOU,2022,2023-01-01,Sunday,JAX,31.0,HOU,3.0,34.0,3.5,-106.0,-104.0,43.0,167.0,-187.0,1
2022_17_DEN_KC,2022,2023-01-01,Sunday,DEN,24.0,KC,27.0,51.0,-13.5,104.0,-114.0,46.0,-711.0,544.0,1
2022_17_MIA_NE,2022,2023-01-01,Sunday,MIA,21.0,NE,23.0,44.0,-3.0,-104.0,-106.0,41.5,-160.0,144.0,1
2022_17_IND_NYG,2022,2023-01-01,Sunday,IND,10.0,NYG,38.0,48.0,-5.5,-105.0,-105.0,38.5,-229.0,202.0,0
2022_17_NO_PHI,2022,2023-01-01,Sunday,NO,20.0,PHI,10.0,30.0,-5.5,-100.0,-110.0,41.5,-225.0,198.0,0
2022_17_CAR_TB,2022,2023-01-01,Sunday,CAR,24.0,TB,30.0,54.0,-3.5,-100.0,-110.0,40.5,-184.0,164.0,1
2022_17_CLE_WAS,2022,2023-01-01,Sunday,CLE,24.0,WAS,10.0,34.0,-1.0,-110.0,-101.0,41.5,-117.0,106.0,0
2022_17_SF_LV,2022,2023-01-01,Sunday,SF,37.0,LV,34.0,71.0,10.0,-107.0,-103.0,41.5,371.0,-453.0,0
2022_17_NYJ_SEA,2022,2023-01-01,Sunday,NYJ,6.0,SEA,23.0,29.0,1.0,-105.0,-105.0,43.0,102.0,-113.0,0
2022_17_MIN_GB,2022,2023-01-01,Sunday,MIN,17.0,GB,41.0,58.0,-3.0,-117.0,106.0,47.5,-173.0,155.0,1
2022_17_LA_LAC,2022,2023-01-01,Sunday,LA,10.0,LAC,31.0,41.0,-6.5,-108.0,-102.0,41.5,-283.0,244.0,0
2022_17_PIT_BAL,2022,2023-01-01,Sunday,PIT,16.0,BAL,13.0,29.0,-1.0,-113.0,102.0,35.5,-121.0,110.0,1
2022_18_KC_LV,2022,2023-01-07,Saturday,KC,31.0,LV,13.0,44.0,9.0,-105.0,-105.0,51.5,338.0,-407.0,1
2022_18_TEN_JAX,2022,2023-01-07,Saturday,TEN,16.0,JAX,20.0,36.0,-6.0,-104.0,-106.0,39.5,-260.0,227.0,1
2022_18_TB_ATL,2022,2023-01-08,Sunday,TB,17.0,ATL,30.0,47.0,-6.0,100.0,-110.0,40.5,-235.0,207.0,1
2022_18_NE_BUF,2022,2023-01-08,Sunday,NE,23.0,BUF,35.0,58.0,-8.0,-115.0,104.0,44.0,-373.0,314.0,1
2022_18_MIN_CHI,2022,2023-01-08,Sunday,MIN,29.0,CHI,13.0,42.0,6.5,-106.0,-104.0,42.5,227.0,-260.0,1
2022_18_BAL_CIN,2022,2023-01-08,Sunday,BAL,16.0,CIN,27.0,43.0,-11.0,-116.0,105.0,39.0,-603.0,474.0,1
2022_18_HOU_IND,2022,2023-01-08,Sunday,HOU,32.0,IND,31.0,63.0,-3.0,108.0,-119.0,38.0,-142.0,128.0,1
2022_18_NYJ_MIA,2022,2023-01-08,Sunday,NYJ,6.0,MIA,11.0,17.0,-3.5,-107.0,-103.0,37.5,-200.0,178.0,1
2022_18_CAR_NO,2022,2023-01-08,Sunday,CAR,10.0,NO,7.0,17.0,-3.5,103.0,-114.0,41.5,-179.0,160.0,1
2022_18_CLE_PIT,2022,2023-01-08,Sunday,CLE,14.0,PIT,28.0,42.0,-2.5,-109.0,-101.0,40.0,-142.0,128.0,1
2022_18_LAC_DEN,2022,2023-01-08,Sunday,LAC,28.0,DEN,31.0,59.0,-6.0,-106.0,-104.0,38.5,-254.0,222.0,1
2022_18_NYG_PHI,2022,2023-01-08,Sunday,NYG,16.0,PHI,22.0,38.0,-16.5,-107.0,-103.0,42.5,-1252.0,858.0,1
2022_18_LA_SEA,2022,2023-01-08,Sunday,LA,16.0,SEA,19.0,35.0,-5.5,102.0,-112.0,41.5,-224.0,198.0,1
2022_18_ARI_SF,2022,2023-01-08,Sunday,ARI,13.0,SF,38.0,51.0,-14.0,-111.0,100.0,40.0,-1061.0,753.0,1
2022_18_DAL_WAS,2022,2023-01-08,Sunday,DAL,6.0,WAS,26.0,32.0,7.5,-110.0,-100.0,40.5,274.0,-320.0,1
2022_18_DET_GB,2022,2023-01-08,Sunday,DET,20.0,GB,16.0,36.0,-5.5,-100.0,-110.0,49.0,-273.0,237.0,1
2022_19_SEA_SF,2022,2023-01-14,Saturday,SEA,23.0,SF,41.0,64.0,-10.0,112.0,-123.0,42.0,-447.0,367.0,1
2022_19_LAC_JAX,2022,2023-01-14,Saturday,LAC,30.0,JAX,31.0,61.0,2.0,-108.0,-102.0,46.5,114.0,-126.0,0
2022_19_MIA_BUF,2022,2023-01-15,Sunday,MIA,31.0,BUF,34.0,65.0,-14.0,105.0,-116.0,44.0,-882.0,649.0,1
2022_19_NYG_MIN,2022,2023-01-15,Sunday,NYG,31.0,MIN,24.0,55.0,-2.5,-113.0,103.0,48.0,-142.0,129.0,0
2022_19_BAL_CIN,2022,2023-01-15,Sunday,BAL,17.0,CIN,24.0,41.0,-7.5,-106.0,-104.0,40.0,-370.0,311.0,1
2022_19_DAL_TB,2022,2023-01-16,Monday,DAL,31.0,TB,14.0,45.0,2.5,-103.0,-108.0,45.5,122.0,-135.0,0
2022_20_JAX_KC,2022,2023-01-21,Saturday,JAX,20.0,KC,27.0,47.0,-10.0,108.0,-119.0,52.5,-461.0,377.0,0
2022_20_NYG_PHI,2022,2023-01-21,Saturday,NYG,7.0,PHI,38.0,45.0,-8.0,-111.0,101.0,48.0,-360.0,304.0,1
2022_20_CIN_BUF,2022,2023-01-22,Sunday,CIN,27.0,BUF,10.0,37.0,-6.0,-103.0,-107.0,48.5,-259.0,226.0,0
2022_20_DAL_SF,2022,2023-01-22,Sunday,DAL,12.0,SF,19.0,31.0,-3.5,-103.0,-107.0,46.5,-183.0,164.0,0
2022_21_SF_PHI,2022,2023-01-29,Sunday,SF,7.0,PHI,31.0,38.0,-2.5,-116.0,105.0,45.0,-147.0,133.0,0
2022_21_CIN_KC,2022,2023-01-29,Sunday,CIN,20.0,KC,23.0,43.0,-2.0,-107.0,-103.0,48.5,-131.0,119.0,0
2022_22_KC_PHI,2022,2023-02-12,Sunday,KC,38.0,PHI,35.0,73.0,-1.0,-107.0,-103.0,51.0,-115.0,104.0,0
2023_01_DET_KC,2023,2023-09-07,Thursday,DET,21.0,KC,20.0,41.0,-4.0,-110.0,-110.0,53.0,-198.0,164.0,0
2023_01_CAR_ATL,2023,2023-09-10,Sunday,CAR,10.0,ATL,24.0,34.0,-3.5,-112.0,-108.0,40.5,-192.0,160.0,1
2023_01_HOU_BAL,2023,2023-09-10,Sunday,HOU,9.0,BAL,25.0,34.0,-9.5,-110.0,-110.0,43.5,-500.0,380.0,0
2023_01_CIN_CLE,2023,2023-09-10,Sunday,CIN,3.0,CLE,24.0,27.0,1.0,-115.0,-105.0,46.5,-108.0,-112.0,1
2023_01_JAX_IND,2023,2023-09-10,Sunday,JAX,31.0,IND,21.0,52.0,4.0,-112.0,-108.0,45.5,170.0,-205.0,1
2023_01_TB_MIN,2023,2023-09-10,Sunday,TB,20.0,MIN,17.0,37.0,-4.0,-110.0,-110.0,45.0,-205.0,170.0,0
2023_01_TEN_NO,2023,2023-09-10,Sunday,TEN,15.0,NO,16.0,31.0,-3.0,-102.0,-118.0,41.0,-148.0,124.0,0
2023_01_SF_PIT,2023,2023-09-10,Sunday,SF,30.0,PIT,7.0,37.0,1.5,-112.0,-108.0,41.5,100.0,-120.0,0
2023_01_ARI_WAS,2023,2023-09-10,Sunday,ARI,16.0,WAS,20.0,36.0,-7.0,-112.0,-108.0,38.0,-340.0,270.0,0
2023_01_GB_CHI,2023,2023-09-10,Sunday,GB,38.0,CHI,20.0,58.0,-1.0,-110.0,-110.0,41.0,-118.0,-102.0,1
2023_01_LV_DEN,2023,2023-09-10,Sunday,LV,17.0,DEN,16.0,33.0,-3.0,-115.0,-105.0,43.0,-162.0,136.0,1
2023_01_MIA_LAC,2023,2023-09-10,Sunday,MIA,36.0,LAC,34.0,70.0,-3.0,-110.0,-110.0,50.5,-162.0,136.0,0
2023_01_PHI_NE,2023,2023-09-10,Sunday,PHI,25.0,NE,20.0,45.0,3.5,-110.0,-110.0,44.5,154.0,-185.0,0
2023_01_LA_SEA,2023,2023-09-10,Sunday,LA,30.0,SEA,13.0,43.0,-4.5,-110.0,-110.0,45.0,-218.0,180.0,1
2023_01_DAL_NYG,2023,2023-09-10,Sunday,DAL,40.0,NYG,0.0,40.0,3.5,-120.0,100.0,44.5,142.0,-170.0,1
2023_01_BUF_NYJ,2023,2023-09-11,Monday,BUF,16.0,NYJ,22.0,38.0,2.5,-110.0,-110.0,44.5,114.0,-135.0,1
2023_02_MIN_PHI,2023,2023-09-14,Thursday,MIN,28.0,PHI,34.0,62.0,-6.0,-110.0,-110.0,49.0,-238.0,195.0,0
2023_02_GB_ATL,2023,2023-09-17,Sunday,GB,24.0,ATL,25.0,49.0,-3.0,-105.0,-115.0,40.5,-148.0,124.0,0
2023_02_LV_BUF,2023,2023-09-17,Sunday,LV,10.0,BUF,38.0,48.0,-7.5,-110.0,-110.0,47.0,-355.0,280.0,0
2023_02_BAL_CIN,2023,2023-09-17,Sunday,BAL,27.0,CIN,24.0,51.0,-3.5,-102.0,-118.0,45.5,-175.0,145.0,1
2023_02_SEA_DET,2023,2023-09-17,Sunday,SEA,37.0,DET,31.0,68.0,-4.5,-110.0,-110.0,47.5,-218.0,180.0,0
2023_02_IND_HOU,2023,2023-09-17,Sunday,IND,31.0,HOU,20.0,51.0,1.0,-115.0,-105.0,40.0,-110.0,-110.0,1
2023_02_KC_JAX,2023,2023-09-17,Sunday,KC,17.0,JAX,9.0,26.0,3.5,-118.0,-102.0,50.5,142.0,-170.0,0
2023_02_CHI_TB,2023,2023-09-17,Sunday,CHI,17.0,TB,27.0,44.0,-2.5,-110.0,-110.0,41.0,-135.0,114.0,0
2023_02_LAC_TEN,2023,2023-09-17,Sunday,LAC,24.0,TEN,27.0,51.0,2.5,-102.0,-118.0,45.5,120.0,-142.0,0
2023_02_NYG_ARI,2023,2023-09-17,Sunday,NYG,31.0,ARI,28.0,59.0,5.0,-110.0,-110.0,40.0,185.0,-225.0,0
2023_02_SF_LA,2023,2023-09-17,Sunday,SF,30.0,LA,23.0,53.0,7.5,-115.0,-105.0,45.0,270.0,-340.0,1
2023_02_NYJ_DAL,2023,2023-09-17,Sunday,NYJ,10.0,DAL,30.0,40.0,-8.5,-110.0,-110.0,38.5,-380.0,300.0,0
2023_02_WAS_DEN,2023,2023-09-17,Sunday,WAS,35.0,DEN,33.0,68.0,-4.0,-110.0,-110.0,38.5,-198.0,164.0,0
2023_02_MIA_NE,2023,2023-09-17,Sunday,MIA,24.0,NE,17.0,41.0,2.0,-108.0,-112.0,46.5,110.0,-130.0,1
2023_02_NO_CAR,2023,2023-09-18,Monday,NO,20.0,CAR,17.0,37.0,3.0,-102.0,-118.0,39.5,145.0,-175.0,1
2023_02_CLE_PIT,2023,2023-09-18,Monday,CLE,22.0,PIT,26.0,48.0,2.5,-105.0,-115.0,39.0,124.0,-148.0,1
2023_03_NYG_SF,2023,2023-09-21,Thursday,NYG,12.0,SF,30.0,42.0,-10.5,-115.0,-105.0,43.5,-535.0,400.0,0
2023_03_IND_BAL,2023,2023-09-24,Sunday,IND,22.0,BAL,19.0,41.0,-7.5,-110.0,-110.0,43.5,-380.0,300.0,0
2023_03_TEN_CLE,2023,2023-09-24,Sunday,TEN,3.0,CLE,27.0,30.0,-3.5,-110.0,-110.0,38.0,-185.0,154.0,0
2023_03_ATL_DET,2023,2023-09-24,Sunday,ATL,6.0,DET,20.0,26.0,-3.0,-120.0,100.0,47.5,-166.0,140.0,0
2023_03_NO_GB,2023,2023-09-24,Sunday,NO,17.0,GB,18.0,35.0,1.5,-110.0,-110.0,41.5,105.0,-125.0,0
2023_03_HOU_JAX,2023,2023-09-24,Sunday,HOU,37.0,JAX,17.0,54.0,-7.5,-110.0,-110.0,43.5,-380.0,300.0,1
2023_03_DEN_MIA,2023,2023-09-24,Sunday,DEN,20.0,MIA,70.0,90.0,-6.0,-110.0,-110.0,47.5,-250.0,205.0,0
2023_03_LAC_MIN,2023,2023-09-24,Sunday,LAC,28.0,MIN,24.0,52.0,-1.0,-105.0,-115.0,54.0,-110.0,-110.0,0
2023_03_NE_NYJ,2023,2023-09-24,Sunday,NE,15.0,NYJ,10.0,25.0,2.5,-108.0,-112.0,35.5,120.0,-142.0,1
2023_03_BUF_WAS,2023,2023-09-24,Sunday,BUF,37.0,WAS,3.0,40.0,5.5,-105.0,-115.0,44.0,200.0,-245.0,0
2023_03_CAR_SEA,2023,2023-09-24,Sunday,CAR,27.0,SEA,37.0,64.0,-5.0,-110.0,-110.0,42.5,-225.0,185.0,0
2023_03_DAL_ARI,2023,2023-09-24,Sunday,DAL,16.0,ARI,28.0,44.0,11.5,-110.0,-110.0,43.5,470.0,-650.0,0
2023_03_CHI_KC,2023,2023-09-24,Sunday,CHI,10.0,KC,41.0,51.0,-13.0,-110.0,-110.0,48.0,-750.0,525.0,0
2023_03_PIT_LV,2023,2023-09-24,Sunday,PIT,23.0,LV,18.0,41.0,-3.0,-110.0,-110.0,43.5,-148.0,124.0,0
2023_03_PHI_TB,2023,2023-09-25,Monday,PHI,25.0,TB,11.0,36.0,6.0,-110.0,-110.0,44.0,210.0,-258.0,0
2023_03_LA_CIN,2023,2023-09-25,Monday,LA,16.0,CIN,19.0,35.0,-3.0,-120.0,100.0,45.5,-162.0,136.0,0
2023_04_DET_GB,2023,2023-09-28,Thursday,DET,34.0,GB,20.0,54.0,2.5,-102.0,-118.0,45.0,120.0,-142.0,1
2023_04_ATL_JAX,2023,2023-10-01,Sunday,ATL,7.0,JAX,23.0,30.0,-3.5,-110.0,-110.0,42.5,-185.0,154.0,0
2023_04_MIA_BUF,2023,2023-10-01,Sunday,MIA,20.0,BUF,48.0,68.0,-2.5,-120.0,100.0,53.0,-142.0,120.0,1
2023_04_MIN_CAR,2023,2023-10-01,Sunday,MIN,21.0,CAR,13.0,34.0,4.5,-108.0,-112.0,46.5,185.0,-225.0,0
2023_04_DEN_CHI,2023,2023-10-01,Sunday,DEN,31.0,CHI,28.0,59.0,3.0,-108.0,-112.0,47.0,136.0,-162.0,0
2023_04_BAL_CLE,2023,2023-10-01,Sunday,BAL,28.0,CLE,3.0,31.0,2.0,-110.0,-110.0,38.5,114.0,-135.0,1
2023_04_PIT_HOU,2023,2023-10-01,Sunday,PIT,6.0,HOU,30.0,36.0,3.0,-110.0,-110.0,41.5,136.0,-162.0,0
2023_04_LA_IND,2023,2023-10-01,Sunday,LA,29.0,IND,23.0,52.0,1.0,-110.0,-110.0,44.5,-105.0,-115.0,0
2023_04_TB_NO,2023,2023-10-01,Sunday,TB,26.0,NO,9.0,35.0,-4.0,-110.0,-110.0,41.0,-205.0,170.0,1
2023_04_WAS_PHI,2023,2023-10-01,Sunday,WAS,31.0,PHI,34.0,65.0,-9.5,-110.0,-110.0,43.0,-455.0,350.0,1
2023_04_CIN_TEN,2023,2023-10-01,Sunday,CIN,3.0,TEN,27.0,30.0,2.5,100.0,-120.0,41.5,136.0,-162.0,0
2023_04_LV_LAC,2023,2023-10-01,Sunday,LV,17.0,LAC,24.0,41.0,-7.0,-105.0,-115.0,49.0,-310.0,250.0,1
2023_04_NE_DAL,2023,2023-10-01,Sunday,NE,3.0,DAL,38.0,41.0,-6.5,-112.0,-108.0,43.0,-285.0,230.0,0
2023_04_ARI_SF,2023,2023-10-01,Sunday,ARI,16.0,SF,35.0,51.0,-15.0,-112.0,-108.0,44.0,-1100.0,700.0,1
2023_04_KC_NYJ,2023,2023-10-01,Sunday,KC,23.0,NYJ,20.0,43.0,9.5,-110.0,-110.0,41.5,370.0,-485.0,0
2023_04_SEA_NYG,2023,2023-10-02,Monday,SEA,24.0,NYG,3.0,27.0,2.5,-105.0,-115.0,46.5,120.0,-142.0,0
2023_05_CHI_WAS,2023,2023-10-05,Thursday,CHI,40.0,WAS,20.0,60.0,-6.0,-110.0,-110.0,45.5,-258.0,210.0,0
2023_05_JAX_BUF,2023,2023-10-08,Sunday,JAX,25.0,BUF,20.0,45.0,-5.5,-110.0,-110.0,48.5,-250.0,205.0,0
2023_05_HOU_ATL,2023,2023-10-08,Sunday,HOU,19.0,ATL,21.0,40.0,-2.5,-110.0,-110.0,42.0,-142.0,120.0,0
2023_05_CAR_DET,2023,2023-10-08,Sunday,CAR,24.0,DET,42.0,66.0,-9.5,-110.0,-110.0,43.5,-455.0,350.0,0
2023_05_TEN_IND,2023,2023-10-08,Sunday,TEN,16.0,IND,23.0,39.0,2.5,-110.0,-110.0,43.5,120.0,-142.0,1
2023_05_NYG_MIA,2023,2023-10-08,Sunday,NYG,16.0,MIA,31.0,47.0,-12.5,-110.0,-110.0,47.5,-750.0,525.0,0
2023_05_NO_NE,2023,2023-10-08,Sunday,NO,34.0,NE,0.0,34.0,-2.5,-110.0,-110.0,38.5,-135.0,114.0,0
2023_05_BAL_PIT,2023,2023-10-08,Sunday,BAL,10.0,PIT,17.0,27.0,4.5,-108.0,-112.0,38.5,190.0,-230.0,1
2023_05_CIN_ARI,2023,2023-10-08,Sunday,CIN,34.0,ARI,20.0,54.0,3.0,100.0,-120.0,45.5,142.0,-170.0,0
2023_05_PHI_LA,2023,2023-10-08,Sunday,PHI,23.0,LA,14.0,37.0,3.5,-110.0,-110.0,50.5,160.0,-192.0,0
2023_05_NYJ_DEN,2023,2023-10-08,Sunday,NYJ,31.0,DEN,21.0,52.0,-2.5,-110.0,-110.0,42.5,-135.0,114.0,0
2023_05_KC_MIN,2023,2023-10-08,Sunday,KC,27.0,MIN,20.0,47.0,3.5,-115.0,-105.0,52.5,150.0,-180.0,0
2023_05_DAL_SF,2023,2023-10-08,Sunday,DAL,10.0,SF,42.0,52.0,-3.5,-105.0,-115.0,45.0,-180.0,150.0,0
2023_05_GB_LV,2023,2023-10-09,Monday,GB,13.0,LV,17.0,30.0,-1.0,-110.0,-110.0,45.0,-118.0,-102.0,0
2023_06_DEN_KC,2023,2023-10-12,Thursday,DEN,8.0,KC,19.0,27.0,-10.5,-112.0,-108.0,47.5,-650.0,470.0,1
2023_06_BAL_TEN,2023,2023-10-15,Sunday,BAL,24.0,TEN,16.0,40.0,5.5,-108.0,-112.0,42.5,205.0,-250.0,0
2023_06_WAS_ATL,2023,2023-10-15,Sunday,WAS,24.0,ATL,16.0,40.0,-1.5,-112.0,-108.0,42.0,-125.0,105.0,0
2023_06_MIN_CHI,2023,2023-10-15,Sunday,MIN,19.0,CHI,13.0,32.0,3.0,-105.0,-115.0,44.5,140.0,-166.0,1
2023_06_SEA_CIN,2023,2023-10-15,Sunday,SEA,13.0,CIN,17.0,30.0,-3.0,-108.0,-112.0,45.5,-155.0,130.0,0
2023_06_SF_CLE,2023,2023-10-15,Sunday,SF,17.0,CLE,19.0,36.0,9.5,-105.0,-115.0,36.0,360.0,-470.0,0
2023_06_NO_HOU,2023,2023-10-15,Sunday,NO,13.0,HOU,20.0,33.0,2.0,-110.0,-110.0,42.5,110.0,-130.0,0
2023_06_IND_JAX,2023,2023-10-15,Sunday,IND,20.0,JAX,37.0,57.0,-4.0,-110.0,-110.0,44.0,-205.0,170.0,1
2023_06_CAR_MIA,2023,2023-10-15,Sunday,CAR,21.0,MIA,42.0,63.0,-14.0,-110.0,-110.0,47.5,-1100.0,700.0,0
2023_06_NE_LV,2023,2023-10-15,Sunday,NE,17.0,LV,21.0,38.0,-3.0,-102.0,-118.0,41.5,-148.0,124.0,0
2023_06_ARI_LA,2023,2023-10-15,Sunday,ARI,9.0,LA,26.0,35.0,-7.0,-115.0,-105.0,48.0,-340.0,270.0,1
2023_06_PHI_NYJ,2023,2023-10-15,Sunday,PHI,14.0,NYJ,20.0,34.0,6.5,-105.0,-115.0,43.0,245.0,-305.0,0
2023_06_DET_TB,2023,2023-10-15,Sunday,DET,20.0,TB,6.0,26.0,3.0,-105.0,-115.0,43.5,136.0,-162.0,0
2023_06_NYG_BUF,2023,2023-10-15,Sunday,NYG,9.0,BUF,14.0,23.0,-15.5,-110.0,-110.0,43.5,-1200.0,750.0,0
2023_06_DAL_LAC,2023,2023-10-16,Monday,DAL,20.0,LAC,17.0,37.0,1.5,-108.0,-112.0,49.5,110.0,-130.0,0
2023_07_JAX_NO,2023,2023-10-19,Thursday,JAX,31.0,NO,24.0,55.0,-2.5,-112.0,-108.0,41.0,-148.0,124.0,0
2023_07_DET_BAL,2023,2023-10-22,Sunday,DET,6.0,BAL,38.0,44.0,-3.0,-115.0,-105.0,43.5,-162.0,136.0,0
2023_07_LV_CHI,2023,2023-10-22,Sunday,LV,12.0,CHI,30.0,42.0,2.5,-110.0,-110.0,38.5,120.0,-142.0,0
2023_07_CLE_IND,2023,2023-10-22,Sunday,CLE,39.0,IND,38.0,77.0,3.5,-112.0,-108.0,40.0,150.0,-180.0,0
2023_07_BUF_NE,2023,2023-10-22,Sunday,BUF,25.0,NE,29.0,54.0,7.5,-110.0,-110.0,41.0,310.0,-395.0,1
2023_07_WAS_NYG,2023,2023-10-22,Sunday,WAS,7.0,NYG,14.0,21.0,3.0,-112.0,-108.0,37.0,136.0,-162.0,1
2023_07_ATL_TB,2023,2023-10-22,Sunday,ATL,16.0,TB,13.0,29.0,-3.0,-105.0,-115.0,37.5,-148.0,124.0,1
2023_07_PIT_LA,2023,2023-10-22,Sunday,PIT,24.0,LA,17.0,41.0,-3.5,-102.0,-118.0,44.0,-175.0,145.0,0
2023_07_ARI_SEA,2023,2023-10-22,Sunday,ARI,10.0,SEA,20.0,30.0,-9.5,-108.0,-112.0,43.5,-455.0,350.0,1
2023_07_GB_DEN,2023,2023-10-22,Sunday,GB,17.0,DEN,19.0,36.0,-1.5,-108.0,-112.0,44.0,-118.0,-102.0,0
2023_07_LAC_KC,2023,2023-10-22,Sunday,LAC,17.0,KC,31.0,48.0,-5.5,-115.0,-105.0,48.5,-265.0,215.0,1
2023_07_MIA_PHI,2023,2023-10-22,Sunday,MIA,17.0,PHI,31.0,48.0,-3.0,-108.0,-112.0,52.0,-155.0,130.0,0
2023_07_SF_MIN,2023,2023-10-23,Monday,SF,17.0,MIN,22.0,39.0,7.0,-115.0,-105.0,44.5,260.0,-325.0,0
2023_08_TB_BUF,2023,2023-10-26,Thursday,TB,18.0,BUF,24.0,42.0,-10.0,-108.0,-112.0,43.0,-485.0,370.0,0
2023_08_HOU_CAR,2023,2023-10-29,Sunday,HOU,13.0,CAR,15.0,28.0,3.0,-102.0,-118.0,43.0,136.0,-162.0,0
2023_08_LA_DAL,2023,2023-10-29,Sunday,LA,20.0,DAL,43.0,63.0,-6.5,-115.0,-105.0,44.5,-310.0,250.0,0
2023_08_MIN_GB,2023,2023-10-29,Sunday,MIN,24.0,GB,10.0,34.0,1.0,-112.0,-108.0,41.5,-108.0,-112.0,1
2023_08_NO_IND,2023,2023-10-29,Sunday,NO,38.0,IND,27.0,65.0,2.0,-110.0,-110.0,43.5,110.0,-130.0,0
2023_08_NE_MIA,2023,2023-10-29,Sunday,NE,17.0,MIA,31.0,48.0,-7.5,-110.0,-110.0,46.5,-380.0,300.0,1
2023_08_NYJ_NYG,2023,2023-10-29,Sunday,NYJ,13.0,NYG,10.0,23.0,3.0,-105.0,-115.0,35.0,136.0,-162.0,0
2023_08_JAX_PIT,2023,2023-10-29,Sunday,JAX,20.0,PIT,10.0,30.0,2.5,-110.0,-110.0,41.0,114.0,-135.0,0
2023_08_ATL_TEN,2023,2023-10-29,Sunday,ATL,23.0,TEN,28.0,51.0,2.5,-110.0,-110.0,35.0,110.0,-130.0,0
2023_08_PHI_WAS,2023,2023-10-29,Sunday,PHI,38.0,WAS,31.0,69.0,7.0,-110.0,-110.0,42.5,245.0,-305.0,1
2023_08_CLE_SEA,2023,2023-10-29,Sunday,CLE,20.0,SEA,24.0,44.0,-4.0,-110.0,-110.0,39.5,-198.0,164.0,0
2023_08_BAL_ARI,2023,2023-10-29,Sunday,BAL,31.0,ARI,24.0,55.0,9.5,-110.0,-110.0,44.5,380.0,-500.0,0
2023_08_KC_DEN,2023,2023-10-29,Sunday,KC,9.0,DEN,24.0,33.0,7.0,-118.0,-102.0,45.5,270.0,-340.0,1
2023_08_CIN_SF,2023,2023-10-29,Sunday,CIN,31.0,SF,17.0,48.0,-4.0,-115.0,-105.0,44.0,-205.0,170.0,0
2023_08_CHI_LAC,2023,2023-10-29,Sunday,CHI,13.0,LAC,30.0,43.0,-9.5,-112.0,-108.0,46.0,-440.0,340.0,0
2023_08_LV_DET,2023,2023-10-30,Monday,LV,14.0,DET,26.0,40.0,-7.0,-110.0,-110.0,46.0,-340.0,270.0,0
2023_09_TEN_PIT,2023,2023-11-02,Thursday,TEN,16.0,PIT,20.0,36.0,-3.5,100.0,-120.0,37.0,-175.0,145.0,0
2023_09_MIA_KC,2023,2023-11-05,Sunday,MIA,14.0,KC,21.0,35.0,-1.0,-108.0,-112.0,51.0,-115.0,-105.0,0
2023_09_MIN_ATL,2023,2023-11-05,Sunday,MIN,31.0,ATL,28.0,59.0,-3.5,-112.0,-108.0,38.5,-192.0,160.0,0
2023_09_SEA_BAL,2023,2023-11-05,Sunday,SEA,3.0,BAL,37.0,40.0,-6.0,-110.0,-110.0,44.5,-270.0,220.0,0
2023_09_ARI_CLE,2023,2023-11-05,Sunday,ARI,0.0,CLE,27.0,27.0,-13.0,-108.0,-112.0,38.0,-750.0,525.0,0
2023_09_LA_GB,2023,2023-11-05,Sunday,LA,3.0,GB,20.0,23.0,-3.5,-112.0,-108.0,38.0,-198.0,160.0,0
2023_09_TB_HOU,2023,2023-11-05,Sunday,TB,37.0,HOU,39.0,76.0,-2.5,-120.0,100.0,39.5,-148.0,124.0,0
2023_09_WAS_NE,2023,2023-11-05,Sunday,WAS,20.0,NE,17.0,37.0,-2.5,-120.0,100.0,40.5,-155.0,130.0,0
2023_09_CHI_NO,2023,2023-11-05,Sunday,CHI,17.0,NO,24.0,41.0,-9.0,-112.0,-108.0,42.0,-440.0,340.0,0
2023_09_IND_CAR,2023,2023-11-05,Sunday,IND,27.0,CAR,13.0,40.0,1.5,-112.0,-108.0,45.0,110.0,-130.0,0
2023_09_NYG_LV,2023,2023-11-05,Sunday,NYG,6.0,LV,30.0,36.0,-1.0,-110.0,-110.0,38.5,-118.0,-102.0,0
2023_09_DAL_PHI,2023,2023-11-05,Sunday,DAL,23.0,PHI,28.0,51.0,-3.5,-102.0,-118.0,46.5,-175.0,145.0,1
2023_09_BUF_CIN,2023,2023-11-05,Sunday,BUF,18.0,CIN,24.0,42.0,-1.5,-112.0,-108.0,51.0,-125.0,105.0,0
2023_09_LAC_NYJ,2023,2023-11-06,Monday,LAC,27.0,NYJ,6.0,33.0,3.0,-102.0,-118.0,41.0,142.0,-170.0,0
2023_10_CAR_CHI,2023,2023-11-09,Thursday,CAR,13.0,CHI,16.0,29.0,-3.0,-120.0,100.0,38.0,-180.0,150.0,0
2023_10_IND_NE,2023,2023-11-12,Sunday,IND,10.0,NE,6.0,16.0,1.0,-110.0,-110.0,42.0,-102.0,-118.0,0
2023_10_CLE_BAL,2023,2023-11-12,Sunday,CLE,33.0,BAL,31.0,64.0,-6.0,-108.0,-112.0,38.5,-258.0,210.0,1
2023_10_HOU_CIN,2023,2023-11-12,Sunday,HOU,30.0,CIN,27.0,57.0,-5.5,-110.0,-110.0,46.0,-250.0,205.0,0
2023_10_SF_JAX,2023,2023-11-12,Sunday,SF,34.0,JAX,3.0,37.0,3.0,-108.0,-112.0,44.5,142.0,-170.0,0
2023_10_NO_MIN,2023,2023-11-12,Sunday,NO,19.0,MIN,27.0,46.0,3.0,-115.0,-105.0,41.0,130.0,-155.0,0
2023_10_GB_PIT,2023,2023-11-12,Sunday,GB,19.0,PIT,23.0,42.0,-3.0,-120.0,100.0,38.5,-166.0,140.0,0
2023_10_TEN_TB,2023,2023-11-12,Sunday,TEN,6.0,TB,20.0,26.0,-2.5,-115.0,-105.0,39.5,-142.0,120.0,0
2023_10_ATL_ARI,2023,2023-11-12,Sunday,ATL,23.0,ARI,25.0,48.0,2.0,-110.0,-110.0,43.5,110.0,-130.0,0
2023_10_DET_LAC,2023,2023-11-12,Sunday,DET,41.0,LAC,38.0,79.0,2.5,-110.0,-110.0,48.5,120.0,-142.0,0
2023_10_NYG_DAL,2023,2023-11-12,Sunday,NYG,17.0,DAL,49.0,66.0,-17.5,-112.0,-108.0,38.5,-2100.0,1100.0,1
2023_10_WAS_SEA,2023,2023-11-12,Sunday,WAS,26.0,SEA,29.0,55.0,-6.0,-110.0,-110.0,44.0,-270.0,220.0,0
2023_10_NYJ_LV,2023,2023-11-12,Sunday,NYJ,12.0,LV,16.0,28.0,1.0,-112.0,-108.0,35.5,-105.0,-115.0,0
2023_10_DEN_BUF,2023,2023-11-13,Monday,DEN,24.0,BUF,22.0,46.0,-7.5,-108.0,-112.0,47.5,-395.0,310.0,0
2023_11_CIN_BAL,2023,2023-11-16,Thursday,CIN,20.0,BAL,34.0,54.0,-4.0,-108.0,-112.0,46.5,-205.0,170.0,1
2023_11_DAL_CAR,2023,2023-11-19,Sunday,DAL,33.0,CAR,10.0,43.0,11.0,-110.0,-110.0,43.0,470.0,-650.0,0
2023_11_PIT_CLE,2023,2023-11-19,Sunday,PIT,10.0,CLE,13.0,23.0,-2.5,-115.0,-105.0,34.0,-142.0,120.0,1
2023_11_CHI_DET,2023,2023-11-19,Sunday,CHI,26.0,DET,31.0,57.0,-8.0,-110.0,-110.0,48.0,-440.0,340.0,1
2023_11_LAC_GB,2023,2023-11-19,Sunday,LAC,20.0,GB,23.0,43.0,3.0,-110.0,-110.0,44.0,136.0,-162.0,0
2023_11_ARI_HOU,2023,2023-11-19,Sunday,ARI,16.0,HOU,21.0,37.0,-5.5,-112.0,-108.0,48.0,-250.0,205.0,0
2023_11_TEN_JAX,2023,2023-11-19,Sunday,TEN,14.0,JAX,34.0,48.0,-6.5,-115.0,-105.0,40.0,-290.0,235.0,1
2023_11_LV_MIA,2023,2023-11-19,Sunday,LV,13.0,MIA,20.0,33.0,-14.0,-110.0,-110.0,44.5,-1100.0,700.0,0
2023_11_NYG_WAS,2023,2023-11-19,Sunday,NYG,31.0,WAS,19.0,50.0,-7.5,-110.0,-110.0,39.0,-395.0,310.0,1
2023_11_TB_SF,2023,2023-11-19,Sunday,TB,14.0,SF,27.0,41.0,-13.5,-110.0,-110.0,41.5,-950.0,625.0,0
2023_11_NYJ_BUF,2023,2023-11-19,Sunday,NYJ,6.0,BUF,32.0,38.0,-8.0,-112.0,-108.0,39.5,-395.0,310.0,1
2023_11_SEA_LA,2023,2023-11-19,Sunday,SEA,16.0,LA,17.0,33.0,-2.5,-110.0,-110.0,45.0,-135.0,114.0,1
2023_11_MIN_DEN,2023,2023-11-19,Sunday,MIN,20.0,DEN,21.0,41.0,-2.5,-118.0,-102.0,43.5,-142.0,120.0,0
2023_11_PHI_KC,2023,2023-11-20,Monday,PHI,21.0,KC,17.0,38.0,-2.5,-120.0,100.0,46.0,-148.0,124.0,0
2023_12_GB_DET,2023,2023-11-23,Thursday,GB,29.0,DET,22.0,51.0,-8.5,-115.0,-105.0,47.0,-425.0,330.0,1
2023_12_WAS_DAL,2023,2023-11-23,Thursday,WAS,10.0,DAL,45.0,55.0,-13.0,-110.0,-110.0,48.0,-800.0,550.0,1
2023_12_SF_SEA,2023,2023-11-23,Thursday,SF,31.0,SEA,13.0,44.0,7.0,-108.0,-112.0,43.5,280.0,-355.0,1
2023_12_MIA_NYJ,2023,2023-11-24,Friday,MIA,34.0,NYJ,13.0,47.0,9.5,100.0,-120.0,40.0,380.0,-500.0,1
2023_12_NO_ATL,2023,2023-11-26,Sunday,NO,15.0,ATL,24.0,39.0,2.0,-110.0,-110.0,42.0,110.0,-130.0,1
2023_12_PIT_CIN,2023,2023-11-26,Sunday,PIT,16.0,CIN,10.0,26.0,2.0,-108.0,-112.0,36.0,114.0,-135.0,1
2023_12_JAX_HOU,2023,2023-11-26,Sunday,JAX,24.0,HOU,21.0,45.0,1.0,-110.0,-110.0,48.0,-105.0,-115.0,1
2023_12_TB_IND,2023,2023-11-26,Sunday,TB,20.0,IND,27.0,47.0,-2.5,-115.0,-105.0,45.0,-155.0,130.0,0
2023_12_NE_NYG,2023,2023-11-26,Sunday,NE,7.0,NYG,10.0,17.0,4.5,-112.0,-108.0,36.5,180.0,-218.0,0
2023_12_CAR_TEN,2023,2023-11-26,Sunday,CAR,10.0,TEN,17.0,27.0,-3.5,-105.0,-112.0,36.0,-175.0,145.0,0
2023_12_LA_ARI,2023,2023-11-26,Sunday,LA,37.0,ARI,14.0,51.0,3.0,-115.0,-105.0,45.0,124.0,-148.0,1
2023_12_CLE_DEN,2023,2023-11-26,Sunday,CLE,12.0,DEN,29.0,41.0,-1.5,-110.0,-110.0,37.5,-125.0,105.0,0
2023_12_KC_LV,2023,2023-11-26,Sunday,KC,31.0,LV,17.0,48.0,9.0,-110.0,-110.0,42.5,380.0,-500.0,1
2023_12_BUF_PHI,2023,2023-11-26,Sunday,BUF,34.0,PHI,37.0,71.0,-2.5,-115.0,-105.0,49.0,-148.0,124.0,0
2023_12_BAL_LAC,2023,2023-11-26,Sunday,BAL,20.0,LAC,10.0,30.0,3.0,-105.0,-115.0,49.0,142.0,-170.0,0
2023_12_CHI_MIN,2023,2023-11-27,Monday,CHI,12.0,MIN,10.0,22.0,-3.0,-115.0,-105.0,43.5,-166.0,140.0,1
2023_13_SEA_DAL,2023,2023-11-30,Thursday,SEA,35.0,DAL,41.0,76.0,-9.5,-118.0,-102.0,47.5,-500.0,380.0,0
2023_13_DEN_HOU,2023,2023-12-03,Sunday,DEN,17.0,HOU,22.0,39.0,-3.5,102.0,-122.0,47.5,-170.0,142.0,0
2023_13_LAC_NE,2023,2023-12-03,Sunday,LAC,6.0,NE,0.0,6.0,4.5,-110.0,-110.0,38.5,185.0,-225.0,0
2023_13_DET_NO,2023,2023-12-03,Sunday,DET,33.0,NO,28.0,61.0,4.0,-110.0,-110.0,47.5,164.0,-198.0,0
2023_13_ATL_NYJ,2023,2023-12-03,Sunday,ATL,13.0,NYJ,8.0,21.0,2.0,-112.0,-108.0,33.0,105.0,-125.0,0
2023_13_ARI_PIT,2023,2023-12-03,Sunday,ARI,24.0,PIT,10.0,34.0,-6.0,-115.0,-105.0,41.0,-285.0,230.0,0
2023_13_IND_TEN,2023,2023-12-03,Sunday,IND,31.0,TEN,28.0,59.0,1.5,-110.0,-110.0,42.0,102.0,-122.0,1
2023_13_MIA_WAS,2023,2023-12-03,Sunday,MIA,45.0,WAS,15.0,60.0,8.5,-108.0,-112.0,50.0,350.0,-455.0,0
2023_13_CAR_TB,2023,2023-12-03,Sunday,CAR,18.0,TB,21.0,39.0,-4.0,-110.0,-110.0,37.0,-198.0,164.0,1
2023_13_CLE_LA,2023,2023-12-03,Sunday,CLE,19.0,LA,36.0,55.0,-3.5,-110.0,-110.0,39.5,-192.0,160.0,0
2023_13_SF_PHI,2023,2023-12-03,Sunday,SF,42.0,PHI,19.0,61.0,3.0,-115.0,-105.0,46.5,124.0,-148.0,0
2023_13_KC_GB,2023,2023-12-03,Sunday,KC,19.0,GB,27.0,46.0,5.5,-102.0,-118.0,43.5,215.0,-265.0,0
2023_13_CIN_JAX,2023,2023-12-04,Monday,CIN,34.0,JAX,31.0,65.0,-10.0,-115.0,-105.0,41.0,-550.0,410.0,0
2023_14_NE_PIT,2023,2023-12-07,Thursday,NE,21.0,PIT,18.0,39.0,-6.0,-102.0,-118.0,30.0,-270.0,220.0,0
2023_14_TB_ATL,2023,2023-12-10,Sunday,TB,29.0,ATL,25.0,54.0,-1.5,-112.0,-108.0,41.5,-125.0,105.0,1
2023_14_LA_BAL,2023,2023-12-10,Sunday,LA,31.0,BAL,37.0,68.0,-7.5,-105.0,-115.0,42.0,-360.0,285.0,0
2023_14_DET_CHI,2023,2023-12-10,Sunday,DET,13.0,CHI,28.0,41.0,3.0,100.0,-120.0,44.5,142.0,-170.0,1
2023_14_IND_CIN,2023,2023-12-10,Sunday,IND,14.0,CIN,34.0,48.0,-3.0,-102.0,-118.0,45.0,-148.0,124.0,0
2023_14_JAX_CLE,2023,2023-12-10,Sunday,JAX,27.0,CLE,31.0,58.0,-2.5,-112.0,-108.0,37.5,-142.0,120.0,0
2023_14_CAR_NO,2023,2023-12-10,Sunday,CAR,6.0,NO,28.0,34.0,-5.5,-110.0,-110.0,39.0,-245.0,200.0,1
2023_14_HOU_NYJ,2023,2023-12-10,Sunday,HOU,6.0,NYJ,30.0,36.0,3.5,-112.0,-108.0,33.5,145.0,-175.0,0
2023_14_MIN_LV,2023,2023-12-10,Sunday,MIN,3.0,LV,0.0,3.0,3.0,-112.0,-108.0,40.5,130.0,-155.0,0
2023_14_SEA_SF,2023,2023-12-10,Sunday,SEA,16.0,SF,28.0,44.0,-14.5,-110.0,-110.0,44.5,-1000.0,650.0,1
2023_14_BUF_KC,2023,2023-12-10,Sunday,BUF,20.0,KC,17.0,37.0,-2.0,-110.0,-110.0,49.5,-125.0,105.0,0
2023_14_DEN_LAC,2023,2023-12-10,Sunday,DEN,24.0,LAC,7.0,31.0,-3.0,-108.0,-112.0,45.0,-162.0,136.0,1
2023_14_PHI_DAL,2023,2023-12-10,Sunday,PHI,13.0,DAL,33.0,46.0,-3.5,-102.0,-118.0,52.5,-175.0,145.0,1
2023_14_TEN_MIA,2023,2023-12-11,Monday,TEN,28.0,MIA,27.0,55.0,-14.0,-110.0,-110.0,45.0,-950.0,625.0,0
2023_14_GB_NYG,2023,2023-12-11,Monday,GB,22.0,NYG,24.0,46.0,6.0,-108.0,-112.0,37.5,215.0,-265.0,0
2023_15_LAC_LV,2023,2023-12-14,Thursday,LAC,21.0,LV,63.0,84.0,-3.0,-110.0,-110.0,36.0,-162.0,136.0,1
2023_15_MIN_CIN,2023,2023-12-16,Saturday,MIN,24.0,CIN,27.0,51.0,-3.0,-115.0,-105.0,41.5,-175.0,145.0,0
2023_15_PIT_IND,2023,2023-12-16,Saturday,PIT,13.0,IND,30.0,43.0,-1.5,-110.0,-110.0,41.5,-122.0,102.0,0
2023_15_DEN_DET,2023,2023-12-16,Saturday,DEN,17.0,DET,42.0,59.0,-5.5,-112.0,-108.0,49.0,-258.0,210.0,0
2023_15_ATL_CAR,2023,2023-12-17,Sunday,ATL,7.0,CAR,9.0,16.0,3.0,-118.0,-102.0,32.0,130.0,-155.0,1
2023_15_CHI_CLE,2023,2023-12-17,Sunday,CHI,17.0,CLE,20.0,37.0,-3.0,100.0,-120.0,38.0,-148.0,124.0,0
2023_15_TB_GB,2023,2023-12-17,Sunday,TB,34.0,GB,20.0,54.0,-4.0,-110.0,-110.0,41.5,-218.0,180.0,0
2023_15_NYJ_MIA,2023,2023-12-17,Sunday,NYJ,0.0,MIA,30.0,30.0,-7.5,-105.0,-115.0,36.0,-345.0,275.0,1
2023_15_KC_NE,2023,2023-12-17,Sunday,KC,27.0,NE,17.0,44.0,10.0,-108.0,-112.0,39.5,370.0,-485.0,0
2023_15_NYG_NO,2023,2023-12-17,Sunday,NYG,6.0,NO,24.0,30.0,-6.0,-112.0,-108.0,39.5,-250.0,205.0,0
2023_15_HOU_TEN,2023,2023-12-17,Sunday,HOU,19.0,TEN,16.0,35.0,-3.0,-120.0,100.0,38.0,-170.0,142.0,1
2023_15_SF_ARI,2023,2023-12-17,Sunday,SF,45.0,ARI,29.0,74.0,12.5,-110.0,-110.0,48.0,525.0,-750.0,1
2023_15_WAS_LA,2023,2023-12-17,Sunday,WAS,20.0,LA,28.0,48.0,-6.5,-112.0,-108.0,48.5,-298.0,240.0,0
2023_15_DAL_BUF,2023,2023-12-17,Sunday,DAL,10.0,BUF,31.0,41.0,-2.0,-112.0,-108.0,49.5,-135.0,114.0,0
2023_15_BAL_JAX,2023,2023-12-17,Sunday,BAL,23.0,JAX,7.0,30.0,4.0,-110.0,-110.0,42.5,185.0,-225.0,0
2023_15_PHI_SEA,2023,2023-12-18,Monday,PHI,17.0,SEA,20.0,37.0,5.0,100.0,-120.0,46.0,195.0,-238.0,0
2023_16_NO_LA,2023,2023-12-21,Thursday,NO,22.0,LA,30.0,52.0,-4.0,-120.0,100.0,45.5,-218.0,180.0,0
2023_16_CIN_PIT,2023,2023-12-23,Saturday,CIN,11.0,PIT,34.0,45.0,3.0,-115.0,-105.0,39.5,130.0,-155.0,1
2023_16_BUF_LAC,2023,2023-12-23,Saturday,BUF,24.0,LAC,22.0,46.0,13.0,-115.0,-105.0,44.5,550.0,-800.0,0
2023_16_IND_ATL,2023,2023-12-24,Sunday,IND,10.0,ATL,29.0,39.0,-3.0,-105.0,-115.0,44.0,-155.0,130.0,0
2023_16_GB_CAR,2023,2023-12-24,Sunday,GB,33.0,CAR,30.0,63.0,3.5,-108.0,-112.0,39.5,164.0,-198.0,0
2023_16_CLE_HOU,2023,2023-12-24,Sunday,CLE,36.0,HOU,22.0,58.0,3.0,-110.0,-110.0,40.0,136.0,-162.0,0
2023_16_DET_MIN,2023,2023-12-24,Sunday,DET,30.0,MIN,24.0,54.0,2.5,105.0,-125.0,47.5,124.0,-148.0,1
2023_16_WAS_NYJ,2023,2023-12-24,Sunday,WAS,28.0,NYJ,30.0,58.0,-3.0,-112.0,-108.0,36.5,-166.0,140.0,0
2023_16_SEA_TEN,2023,2023-12-24,Sunday,SEA,20.0,TEN,17.0,37.0,3.0,-110.0,-110.0,42.0,140.0,-166.0,0
2023_16_JAX_TB,2023,2023-12-24,Sunday,JAX,12.0,TB,30.0,42.0,2.0,-110.0,-110.0,43.0,105.0,-125.0,0
2023_16_ARI_CHI,2023,2023-12-24,Sunday,ARI,16.0,CHI,27.0,43.0,-4.5,-110.0,-110.0,42.0,-218.0,180.0,0
2023_16_DAL_MIA,2023,2023-12-24,Sunday,DAL,20.0,MIA,22.0,42.0,-1.5,-110.0,-110.0,48.5,-122.0,102.0,0
2023_16_NE_DEN,2023,2023-12-24,Sunday,NE,26.0,DEN,23.0,49.0,-7.0,-110.0,-110.0,37.5,-340.0,270.0,0
2023_16_LV_KC,2023,2023-12-25,Monday,LV,20.0,KC,14.0,34.0,-11.0,-118.0,-102.0,40.5,-600.0,440.0,1
2023_16_NYG_PHI,2023,2023-12-25,Monday,NYG,25.0,PHI,33.0,58.0,-14.0,-108.0,-112.0,41.0,-900.0,600.0,1
2023_16_BAL_SF,2023,2023-12-25,Monday,BAL,33.0,SF,19.0,52.0,-6.5,-115.0,-105.0,47.5,-345.0,275.0,0
2023_17_NYJ_CLE,2023,2023-12-28,Thursday,NYJ,20.0,CLE,37.0,57.0,-6.5,-115.0,-105.0,33.5,-345.0,270.0,0
2023_17_DET_DAL,2023,2023-12-30,Saturday,DET,19.0,DAL,20.0,39.0,-5.5,-110.0,-110.0,53.0,-238.0,195.0,0
2023_17_MIA_BAL,2023,2023-12-31,Sunday,MIA,19.0,BAL,56.0,75.0,-3.0,-120.0,100.0,47.0,-180.0,150.0,0
2023_17_NE_BUF,2023,2023-12-31,Sunday,NE,21.0,BUF,27.0,48.0,-15.0,-110.0,-110.0,40.0,-1200.0,750.0,1
2023_17_ATL_CHI,2023,2023-12-31,Sunday,ATL,17.0,CHI,37.0,54.0,-3.0,-105.0,-115.0,39.0,-155.0,130.0,0
2023_17_TEN_HOU,2023,2023-12-31,Sunday,TEN,3.0,HOU,26.0,29.0,-5.0,-115.0,-105.0,44.0,-230.0,190.0,1
2023_17_LV_IND,2023,2023-12-31,Sunday,LV,20.0,IND,23.0,43.0,-3.5,-110.0,-110.0,42.5,-180.0,150.0,0
2023_17_CAR_JAX,2023,2023-12-31,Sunday,CAR,0.0,JAX,26.0,26.0,-3.5,-110.0,-110.0,38.0,-192.0,160.0,0
2023_17_LA_NYG,2023,2023-12-31,Sunday,LA,26.0,NYG,25.0,51.0,6.0,-108.0,-112.0,43.5,240.0,-298.0,0
2023_17_ARI_PHI,2023,2023-12-31,Sunday,ARI,35.0,PHI,31.0,66.0,-12.0,-110.0,-110.0,48.0,-750.0,525.0,0
2023_17_NO_TB,2023,2023-12-31,Sunday,NO,23.0,TB,13.0,36.0,-2.5,-120.0,100.0,42.5,-148.0,124.0,1
2023_17_SF_WAS,2023,2023-12-31,Sunday,SF,27.0,WAS,10.0,37.0,14.0,-105.0,-115.0,49.0,675.0,-1050.0,0
2023_17_PIT_SEA,2023,2023-12-31,Sunday,PIT,30.0,SEA,23.0,53.0,-4.5,-110.0,-110.0,40.5,-225.0,185.0,0
2023_17_LAC_DEN,2023,2023-12-31,Sunday,LAC,9.0,DEN,16.0,25.0,-3.5,-112.0,-108.0,39.5,-198.0,164.0,1
2023_17_CIN_KC,2023,2023-12-31,Sunday,CIN,17.0,KC,25.0,42.0,-7.5,-105.0,-115.0,46.0,-345.0,275.0,0
2023_17_GB_MIN,2023,2023-12-31,Sunday,GB,33.0,MIN,10.0,43.0,-1.0,-108.0,-112.0,42.5,-112.0,-108.0,1
2023_18_PIT_BAL,2023,2024-01-06,Saturday,PIT,17.0,BAL,10.0,27.0,3.0,-115.0,-105.0,34.0,130.0,-155.0,1
2023_18_HOU_IND,2023,2024-01-06,Saturday,HOU,23.0,IND,19.0,42.0,1.5,-110.0,-110.0,47.5,105.0,-125.0,1
2023_18_TB_CAR,2023,2024-01-07,Sunday,TB,9.0,CAR,0.0,9.0,5.0,-115.0,-105.0,36.5,200.0,-245.0,1
2023_18_CLE_CIN,2023,2024-01-07,Sunday,CLE,14.0,CIN,31.0,45.0,-7.5,-105.0,-115.0,37.0,-360.0,285.0,1
2023_18_MIN_DET,2023,2024-01-07,Sunday,MIN,20.0,DET,30.0,50.0,-3.5,-118.0,-102.0,47.5,-205.0,170.0,1
2023_18_NYJ_NE,2023,2024-01-07,Sunday,NYJ,17.0,NE,3.0,20.0,-2.5,-108.0,-112.0,28.5,-142.0,120.0,1
2023_18_ATL_NO,2023,2024-01-07,Sunday,ATL,17.0,NO,48.0,65.0,-3.5,102.0,-122.0,41.5,-175.0,145.0,1
2023_18_JAX_TEN,2023,2024-01-07,Sunday,JAX,20.0,TEN,28.0,48.0,3.5,-118.0,-102.0,41.5,154.0,-185.0,1
2023_18_SEA_ARI,2023,2024-01-07,Sunday,SEA,21.0,ARI,20.0,41.0,2.5,102.0,-122.0,48.0,130.0,-155.0,1
2023_18_CHI_GB,2023,2024-01-07,Sunday,CHI,9.0,GB,17.0,26.0,-2.5,-118.0,-102.0,45.5,-148.0,124.0,1
2023_18_KC_LAC,2023,2024-01-07,Sunday,KC,13.0,LAC,12.0,25.0,-3.5,-105.0,-115.0,35.0,-185.0,154.0,1
2023_18_DEN_LV,2023,2024-01-07,Sunday,DEN,14.0,LV,27.0,41.0,-3.5,-102.0,-118.0,37.5,-175.0,145.0,1
2023_18_PHI_NYG,2023,2024-01-07,Sunday,PHI,10.0,NYG,27.0,37.0,4.5,-108.0,-112.0,43.0,190.0,-238.0,1
2023_18_LA_SF,2023,2024-01-07,Sunday,LA,21.0,SF,20.0,41.0,-5.5,-112.0,-108.0,40.0,-245.0,200.0,1
2023_18_DAL_WAS,2023,2024-01-07,Sunday,DAL,38.0,WAS,10.0,48.0,13.0,-105.0,-115.0,47.5,575.0,-850.0,1
2023_18_BUF_MIA,2023,2024-01-07,Sunday,BUF,21.0,MIA,14.0,35.0,2.5,105.0,-125.0,47.5,130.0,-155.0,1
2023_19_CLE_HOU,2023,2024-01-13,Saturday,CLE,14.0,HOU,45.0,59.0,2.5,-110.0,-110.0,45.0,124.0,-148.0,0
2023_19_MIA_KC,2023,2024-01-13,Saturday,MIA,7.0,KC,26.0,33.0,-4.5,-118.0,-102.0,43.5,-230.0,190.0,0
2023_19_GB_DAL,2023,2024-01-14,Sunday,GB,48.0,DAL,32.0,80.0,-7.0,-122.0,102.0,52.5,-345.0,275.0,0
2023_19_LA_DET,2023,2024-01-14,Sunday,LA,23.0,DET,24.0,47.0,-3.5,102.0,-122.0,52.5,-162.0,136.0,0
2023_19_PIT_BUF,2023,2024-01-15,Monday,PIT,17.0,BUF,31.0,48.0,-10.0,-112.0,-108.0,39.5,-485.0,370.0,0
2023_19_PHI_TB,2023,2024-01-15,Monday,PHI,9.0,TB,32.0,41.0,2.5,105.0,-125.0,43.0,136.0,-162.0,0
2023_20_HOU_BAL,2023,2024-01-20,Saturday,HOU,10.0,BAL,34.0,44.0,-10.0,-105.0,-115.0,44.0,-425.0,330.0,0
2023_20_GB_SF,2023,2024-01-20,Saturday,GB,21.0,SF,24.0,45.0,-10.5,-108.0,-112.0,50.5,-470.0,360.0,0
2023_20_TB_DET,2023,2024-01-21,Sunday,TB,23.0,DET,31.0,54.0,-6.0,-118.0,-102.0,49.5,-278.0,225.0,0
2023_20_KC_BUF,2023,2024-01-21,Sunday,KC,27.0,BUF,24.0,51.0,-2.5,-110.0,-110.0,45.5,-142.0,120.0,0
2023_21_KC_BAL,2023,2024-01-28,Sunday,KC,17.0,BAL,10.0,27.0,-4.5,-112.0,-110.0,44.0,-218.0,180.0,0
2023_21_DET_SF,2023,2024-01-28,Sunday,DET,31.0,SF,34.0,65.0,-7.5,100.0,-120.0,52.5,-325.0,260.0,0
2023_22_SF_KC,2023,2024-02-11,Sunday,SF,22.0,KC,25.0,47.0,1.5,-110.0,-110.0,47.0,100.0,-120.0,0
2024_01_BAL_KC,2024,2024-09-05,Thursday,BAL,20.0,KC,27.0,47.0,-3.0,-102.0,-118.0,46.0,-148.0,124.0,0
2024_01_GB_PHI,2024,2024-09-06,Friday,GB,29.0,PHI,34.0,63.0,-2.0,-110.0,-110.0,49.5,-130.0,110.0,0
2024_01_PIT_ATL,2024,2024-09-08,Sunday,PIT,18.0,ATL,10.0,28.0,-4.0,-110.0,-110.0,43.0,-192.0,160.0,0
2024_01_ARI_BUF,2024,2024-09-08,Sunday,ARI,28.0,BUF,34.0,62.0,-6.5,-115.0,-105.0,46.0,-310.0,250.0,0
2024_01_TEN_CHI,2024,2024-09-08,Sunday,TEN,17.0,CHI,24.0,41.0,-4.0,-112.0,-108.0,43.0,-198.0,164.0,0
2024_01_NE_CIN,2024,2024-09-08,Sunday,NE,16.0,CIN,10.0,26.0,-8.0,-110.0,-110.0,40.5,-375.0,295.0,0
2024_01_HOU_IND,2024,2024-09-08,Sunday,HOU,29.0,IND,27.0,56.0,3.0,-112.0,-108.0,49.0,130.0,-155.0,1
2024_01_JAX_MIA,2024,2024-09-08,Sunday,JAX,17.0,MIA,20.0,37.0,-3.5,-110.0,-110.0,49.5,-180.0,150.0,0
2024_01_CAR_NO,2024,2024-09-08,Sunday,CAR,10.0,NO,47.0,57.0,-3.5,-112.0,-108.0,41.5,-192.0,160.0,1
2024_01_MIN_NYG,2024,2024-09-08,Sunday,MIN,28.0,NYG,6.0,34.0,1.0,-112.0,-108.0,42.5,-105.0,-115.0,0
2024_01_LV_LAC,2024,2024-09-08,Sunday,LV,10.0,LAC,22.0,32.0,-3.0,-102.0,-118.0,41.0,-155.0,130.0,1
2024_01_DEN_SEA,2024,2024-09-08,Sunday,DEN,20.0,SEA,26.0,46.0,-6.5,-110.0,-110.0,42.0,-278.0,225.0,0
2024_01_DAL_CLE,2024,2024-09-08,Sunday,DAL,33.0,CLE,17.0,50.0,-2.5,-108.0,-112.0,42.0,-130.0,110.0,0
2024_01_WAS_TB,2024,2024-09-08,Sunday,WAS,20.0,TB,37.0,57.0,-4.0,-108.0,-112.0,42.0,-198.0,164.0,0
2024_01_LA_DET,2024,2024-09-08,Sunday,LA,20.0,DET,26.0,46.0,-5.0,-112.0,-108.0,54.0,-225.0,185.0,0
2024_01_NYJ_SF,2024,2024-09-09,Monday,NYJ,19.0,SF,32.0,51.0,-3.5,-105.0,-115.0,43.0,-180.0,150.0,0
2024_02_BUF_MIA,2024,2024-09-12,Thursday,BUF,31.0,MIA,10.0,41.0,-2.5,-110.0,-110.0,48.5,-135.0,114.0,1
2024_02_LV_BAL,2024,2024-09-15,Sunday,LV,26.0,BAL,23.0,49.0,-9.0,-108.0,-112.0,41.0,-455.0,350.0,0
2024_02_LAC_CAR,2024,2024-09-15,Sunday,LAC,26.0,CAR,3.0,29.0,5.0,-110.0,-110.0,39.0,185.0,-225.0,0
2024_02_NO_DAL,2024,2024-09-15,Sunday,NO,44.0,DAL,19.0,63.0,-6.5,-108.0,-112.0,47.0,-290.0,235.0,0
2024_02_TB_DET,2024,2024-09-15,Sunday,TB,20.0,DET,16.0,36.0,-7.5,-112.0,-108.0,51.5,-375.0,295.0,0
2024_02_IND_GB,2024,2024-09-15,Sunday,IND,10.0,GB,16.0,26.0,3.0,-118.0,-102.0,41.5,120.0,-142.0,0
2024_02_CLE_JAX,2024,2024-09-15,Sunday,CLE,18.0,JAX,13.0,31.0,-3.0,-120.0,100.0,41.5,-170.0,142.0,0
2024_02_SF_MIN,2024,2024-09-15,Sunday,SF,17.0,MIN,23.0,40.0,4.5,-108.0,-112.0,46.5,180.0,-218.0,0
2024_02_SEA_NE,2024,2024-09-15,Sunday,SEA,23.0,NE,20.0,43.0,3.5,-118.0,-102.0,39.0,142.0,-170.0,0
2024_02_NYJ_TEN,2024,2024-09-15,Sunday,NYJ,24.0,TEN,17.0,41.0,3.5,-108.0,-112.0,41.5,150.0,-180.0,0
2024_02_NYG_WAS,2024,2024-09-15,Sunday,NYG,18.0,WAS,21.0,39.0,-1.5,-112.0,-108.0,42.5,-125.0,105.0,1
2024_02_LA_ARI,2024,2024-09-15,Sunday,LA,10.0,ARI,41.0,51.0,1.0,-115.0,-105.0,47.5,-108.0,-112.0,1
2024_02_PIT_DEN,2024,2024-09-15,Sunday,PIT,13.0,DEN,6.0,19.0,3.0,-118.0,-102.0,36.5,130.0,-155.0,0
2024_02_CIN_KC,2024,2024-09-15,Sunday,CIN,25.0,KC,26.0,51.0,-6.5,-115.0,-105.0,47.5,-290.0,235.0,0
2024_02_CHI_HOU,2024,2024-09-15,Sunday,CHI,13.0,HOU,19.0,32.0,-6.0,-112.0,-108.0,45.5,-258.0,210.0,0
2024_02_ATL_PHI,2024,2024-09-16,Monday,ATL,22.0,PHI,21.0,43.0,-5.5,-115.0,-105.0,46.5,-265.0,215.0,0
2024_03_NE_NYJ,2024,2024-09-19,Thursday,NE,3.0,NYJ,24.0,27.0,-6.5,-110.0,-110.0,39.0,-285.0,230.0,1
2024_03_NYG_CLE,2024,2024-09-22,Sunday,NYG,21.0,CLE,15.0,36.0,-6.5,-108.0,-112.0,38.0,-270.0,220.0,0
2024_03_CHI_IND,2024,2024-09-22,Sunday,CHI,16.0,IND,21.0,37.0,-1.5,-112.0,-108.0,43.0,-125.0,105.0,0
2024_03_HOU_MIN,2024,2024-09-22,Sunday,HOU,7.0,MIN,34.0,41.0,2.0,-108.0,-112.0,46.0,114.0,-135.0,0
2024_03_PHI_NO,2024,2024-09-22,Sunday,PHI,15.0,NO,12.0,27.0,-2.5,-115.0,-105.0,49.0,-142.0,120.0,0
2024_03_LAC_PIT,2024,2024-09-22,Sunday,LAC,10.0,PIT,20.0,30.0,-3.0,-102.0,-118.0,36.0,-148.0,124.0,0
2024_03_DEN_TB,2024,2024-09-22,Sunday,DEN,26.0,TB,7.0,33.0,-6.0,-108.0,-112.0,40.5,-245.0,200.0,0
2024_03_GB_TEN,2024,2024-09-22,Sunday,GB,30.0,TEN,14.0,44.0,-3.0,-108.0,-112.0,37.0,-162.0,136.0,0
2024_03_CAR_LV,2024,2024-09-22,Sunday,CAR,36.0,LV,22.0,58.0,-5.5,-110.0,-110.0,40.0,-245.0,200.0,0
2024_03_MIA_SEA,2024,2024-09-22,Sunday,MIA,3.0,SEA,24.0,27.0,-4.0,-110.0,-110.0,41.5,-205.0,170.0,0
2024_03_DET_ARI,2024,2024-09-22,Sunday,DET,20.0,ARI,13.0,33.0,3.0,-118.0,-102.0,51.5,124.0,-148.0,0
2024_03_BAL_DAL,2024,2024-09-22,Sunday,BAL,28.0,DAL,25.0,53.0,1.5,-110.0,-110.0,47.5,100.0,-120.0,0
2024_03_SF_LA,2024,2024-09-22,Sunday,SF,24.0,LA,27.0,51.0,6.0,-112.0,-108.0,44.5,210.0,-258.0,1
2024_03_KC_ATL,2024,2024-09-22,Sunday,KC,22.0,ATL,17.0,39.0,3.0,-102.0,-118.0,46.0,142.0,-170.0,0
2024_03_JAX_BUF,2024,2024-09-23,Monday,JAX,10.0,BUF,47.0,57.0,-4.0,-112.0,-108.0,46.5,-218.0,180.0,0
2024_03_WAS_CIN,2024,2024-09-23,Monday,WAS,38.0,CIN,33.0,71.0,-7.5,-105.0,-115.0,46.0,-355.0,280.0,0
2024_04_DAL_NYG,2024,2024-09-26,Thursday,DAL,20.0,NYG,15.0,35.0,5.5,-105.0,-115.0,45.0,205.0,-250.0,1
2024_04_NO_ATL,2024,2024-09-29,Sunday,NO,24.0,ATL,26.0,50.0,-2.5,-115.0,-105.0,41.5,-142.0,120.0,1
2024_04_CIN_CAR,2024,2024-09-29,Sunday,CIN,34.0,CAR,24.0,58.0,4.5,-108.0,-112.0,47.0,170.0,-205.0,0
2024_04_LA_CHI,2024,2024-09-29,Sunday,LA,18.0,CHI,24.0,42.0,-3.0,-108.0,-112.0,40.0,-162.0,136.0,0
2024_04_MIN_GB,2024,2024-09-29,Sunday,MIN,31.0,GB,29.0,60.0,-2.5,-118.0,-102.0,44.0,-135.0,114.0,1
2024_04_JAX_HOU,2024,2024-09-29,Sunday,JAX,20.0,HOU,24.0,44.0,-5.5,-112.0,-108.0,44.5,-238.0,195.0,1
2024_04_PIT_IND,2024,2024-09-29,Sunday,PIT,24.0,IND,27.0,51.0,2.5,-112.0,-108.0,40.0,110.0,-130.0,0
2024_04_DEN_NYJ,2024,2024-09-29,Sunday,DEN,10.0,NYJ,9.0,19.0,-7.5,-112.0,-108.0,39.5,-425.0,330.0,0
2024_04_PHI_TB,2024,2024-09-29,Sunday,PHI,16.0,TB,33.0,49.0,1.0,-110.0,-110.0,42.0,-105.0,-115.0,0
2024_04_WAS_ARI,2024,2024-09-29,Sunday,WAS,42.0,ARI,14.0,56.0,-3.5,-105.0,-115.0,49.0,-180.0,150.0,0
2024_04_NE_SF,2024,2024-09-29,Sunday,NE,13.0,SF,30.0,43.0,-10.5,-108.0,-112.0,41.5,-550.0,410.0,0
2024_04_KC_LAC,2024,2024-09-29,Sunday,KC,17.0,LAC,10.0,27.0,7.5,-112.0,-108.0,41.5,275.0,-345.0,1
2024_04_CLE_LV,2024,2024-09-29,Sunday,CLE,16.0,LV,20.0,36.0,2.5,-105.0,-115.0,36.5,114.0,-135.0,0
2024_04_BUF_BAL,2024,2024-09-29,Sunday,BUF,10.0,BAL,35.0,45.0,-2.5,-112.0,-108.0,46.5,-135.0,114.0,0
2024_04_TEN_MIA,2024,2024-09-30,Monday,TEN,31.0,MIA,12.0,43.0,-2.5,-112.0,-108.0,37.0,-135.0,114.0,0
2024_04_SEA_DET,2024,2024-09-30,Monday,SEA,29.0,DET,42.0,71.0,-3.5,-112.0,-108.0,46.5,-185.0,154.0,0
2024_05_TB_ATL,2024,2024-10-03,Thursday,TB,30.0,ATL,36.0,66.0,-2.5,-118.0,-102.0,44.0,-142.0,120.0,1
2024_05_NYJ_MIN,2024,2024-10-06,Sunday,NYJ,17.0,MIN,23.0,40.0,-2.5,-115.0,-105.0,42.0,-142.0,120.0,0
2024_05_CAR_CHI,2024,2024-10-06,Sunday,CAR,10.0,CHI,36.0,46.0,-4.0,-112.0,-108.0,40.0,-198.0,164.0,0
2024_05_BAL_CIN,2024,2024-10-06,Sunday,BAL,41.0,CIN,38.0,79.0,2.5,-102.0,-118.0,48.5,124.0,-148.0,1
2024_05_BUF_HOU,2024,2024-10-06,Sunday,BUF,20.0,HOU,23.0,43.0,-1.0,-112.0,-108.0,48.0,-118.0,-102.0,0
2024_05_IND_JAX,2024,2024-10-06,Sunday,IND,34.0,JAX,37.0,71.0,-3.5,-110.0,-110.0,45.0,-185.0,154.0,1
2024_05_MIA_NE,2024,2024-10-06,Sunday,MIA,15.0,NE,10.0,25.0,2.0,-108.0,-112.0,37.0,110.0,-130.0,1
2024_05_CLE_WAS,2024,2024-10-06,Sunday,CLE,13.0,WAS,34.0,47.0,-3.0,-108.0,-112.0,44.0,-155.0,130.0,0
2024_05_LV_DEN,2024,2024-10-06,Sunday,LV,18.0,DEN,34.0,52.0,-3.0,-108.0,-112.0,36.0,-155.0,130.0,1
2024_05_ARI_SF,2024,2024-10-06,Sunday,ARI,24.0,SF,23.0,47.0,-7.0,-115.0,-105.0,48.5,-325.0,260.0,1
2024_05_GB_LA,2024,2024-10-06,Sunday,GB,24.0,LA,19.0,43.0,3.0,-108.0,-112.0,49.5,130.0,-155.0,0
2024_05_NYG_SEA,2024,2024-10-06,Sunday,NYG,29.0,SEA,20.0,49.0,-7.0,-108.0,-112.0,42.5,-310.0,250.0,0
2024_05_DAL_PIT,2024,2024-10-06,Sunday,DAL,20.0,PIT,17.0,37.0,-2.5,-112.0,-108.0,43.5,-135.0,114.0,0
2024_05_NO_KC,2024,2024-10-07,Monday,NO,13.0,KC,26.0,39.0,-5.5,-108.0,-112.0,43.0,-230.0,190.0,0
2024_06_SF_SEA,2024,2024-10-10,Thursday,SF,36.0,SEA,24.0,60.0,3.5,-102.0,-118.0,49.0,164.0,-198.0,1
2024_06_JAX_CHI,2024,2024-10-13,Sunday,JAX,16.0,CHI,35.0,51.0,1.5,-112.0,-108.0,44.5,100.0,-120.0,0
2024_06_WAS_BAL,2024,2024-10-13,Sunday,WAS,23.0,BAL,30.0,53.0,-6.5,-112.0,-108.0,51.5,-285.0,230.0,0
2024_06_ARI_GB,2024,2024-10-13,Sunday,ARI,13.0,GB,34.0,47.0,-5.5,-110.0,-110.0,47.0,-238.0,195.0,0
2024_06_HOU_NE,2024,2024-10-13,Sunday,HOU,41.0,NE,21.0,62.0,6.5,-112.0,-108.0,38.5,215.0,-265.0,0
2024_06_TB_NO,2024,2024-10-13,Sunday,TB,51.0,NO,27.0,78.0,3.5,-112.0,-108.0,42.5,145.0,-175.0,1
2024_06_CLE_PHI,2024,2024-10-13,Sunday,CLE,16.0,PHI,20.0,36.0,-8.0,-112.0,-108.0,42.0,-425.0,330.0,0
2024_06_IND_TEN,2024,2024-10-13,Sunday,IND,20.0,TEN,17.0,37.0,-2.5,-110.0,-110.0,42.0,-135.0,114.0,1
2024_06_LAC_DEN,2024,2024-10-13,Sunday,LAC,23.0,DEN,16.0,39.0,3.0,-115.0,-105.0,37.0,130.0,-155.0,1
2024_06_PIT_LV,2024,2024-10-13,Sunday,PIT,32.0,LV,13.0,45.0,3.5,-110.0,-110.0,36.5,150.0,-180.0,0
2024_06_ATL_CAR,2024,2024-10-13,Sunday,ATL,38.0,CAR,20.0,58.0,6.0,-108.0,-112.0,45.5,210.0,-258.0,1
2024_06_DET_DAL,2024,2024-10-13,Sunday,DET,47.0,DAL,9.0,56.0,3.5,-115.0,-105.0,52.5,150.0,-180.0,0
2024_06_CIN_NYG,2024,2024-10-13,Sunday,CIN,17.0,NYG,7.0,24.0,4.5,-108.0,-112.0,46.0,190.0,-230.0,0
2024_06_BUF_NYJ,2024,2024-10-14,Monday,BUF,23.0,NYJ,20.0,43.0,1.0,-108.0,-112.0,42.0,102.0,-122.0,1
2024_07_DEN_NO,2024,2024-10-17,Thursday,DEN,33.0,NO,10.0,43.0,2.5,-102.0,-118.0,37.0,124.0,-148.0,0
2024_07_NE_JAX,2024,2024-10-20,Sunday,NE,16.0,JAX,32.0,48.0,-6.5,-115.0,-105.0,42.0,-298.0,240.0,0
2024_07_SEA_ATL,2024,2024-10-20,Sunday,SEA,34.0,ATL,14.0,48.0,-3.0,-105.0,-115.0,51.5,-162.0,136.0,0
2024_07_TEN_BUF,2024,2024-10-20,Sunday,TEN,10.0,BUF,34.0,44.0,-9.5,-110.0,-110.0,41.0,-535.0,400.0,0
2024_07_CIN_CLE,2024,2024-10-20,Sunday,CIN,21.0,CLE,14.0,35.0,5.5,-110.0,-110.0,42.0,190.0,-230.0,1
2024_07_HOU_GB,2024,2024-10-20,Sunday,HOU,22.0,GB,24.0,46.0,-3.0,-120.0,100.0,48.0,-170.0,142.0,0
2024_07_MIA_IND,2024,2024-10-20,Sunday,MIA,10.0,IND,16.0,26.0,-3.0,100.0,-120.0,44.0,-155.0,130.0,0
2024_07_DET_MIN,2024,2024-10-20,Sunday,DET,31.0,MIN,29.0,60.0,-1.0,-112.0,-108.0,50.5,-118.0,-102.0,1
2024_07_PHI_NYG,2024,2024-10-20,Sunday,PHI,28.0,NYG,3.0,31.0,3.0,100.0,-120.0,42.0,140.0,-166.0,1
2024_07_LV_LA,2024,2024-10-20,Sunday,LV,15.0,LA,20.0,35.0,-7.0,-115.0,-105.0,43.0,-355.0,280.0,0
2024_07_CAR_WAS,2024,2024-10-20,Sunday,CAR,7.0,WAS,40.0,47.0,-10.0,-120.0,100.0,51.0,-535.0,400.0,0
2024_07_KC_SF,2024,2024-10-20,Sunday,KC,28.0,SF,18.0,46.0,-2.5,-115.0,-105.0,47.5,-142.0,120.0,0
2024_07_NYJ_PIT,2024,2024-10-20,Sunday,NYJ,15.0,PIT,37.0,52.0,3.0,-112.0,-108.0,40.0,140.0,-166.0,0
2024_07_BAL_TB,2024,2024-10-21,Monday,BAL,41.0,TB,31.0,72.0,4.5,-110.0,-110.0,51.0,185.0,-225.0,0
2024_07_LAC_ARI,2024,2024-10-21,Monday,LAC,15.0,ARI,17.0,32.0,1.0,-105.0,-115.0,44.0,102.0,-122.0,0
2024_08_MIN_LA,2024,2024-10-24,Thursday,MIN,20.0,LA,30.0,50.0,3.0,-115.0,-105.0,47.5,130.0,-155.0,0
2024_08_PHI_CIN,2024,2024-10-27,Sunday,PHI,37.0,CIN,17.0,54.0,-2.5,-120.0,100.0,47.5,-148.0,124.0,0
2024_08_BAL_CLE,2024,2024-10-27,Sunday,BAL,24.0,CLE,29.0,53.0,7.5,-110.0,-110.0,44.5,300.0,-380.0,1
2024_08_TEN_DET,2024,2024-10-27,Sunday,TEN,14.0,DET,52.0,66.0,-12.5,-115.0,-105.0,45.0,-800.0,550.0,0
2024_08_IND_HOU,2024,2024-10-27,Sunday,IND,20.0,HOU,23.0,43.0,-5.0,-108.0,-112.0,45.0,-225.0,185.0,1
2024_08_GB_JAX,2024,2024-10-27,Sunday,GB,30.0,JAX,27.0,57.0,3.5,-105.0,-115.0,49.0,160.0,-192.0,0
2024_08_ARI_MIA,2024,2024-10-27,Sunday,ARI,28.0,MIA,27.0,55.0,-4.0,-112.0,-108.0,46.5,-198.0,164.0,0
2024_08_NYJ_NE,2024,2024-10-27,Sunday,NYJ,22.0,NE,25.0,47.0,7.0,-110.0,-110.0,41.0,245.0,-305.0,1
2024_08_ATL_TB,2024,2024-10-27,Sunday,ATL,31.0,TB,26.0,57.0,1.5,-110.0,-110.0,47.0,102.0,-122.0,1
2024_08_NO_LAC,2024,2024-10-27,Sunday,NO,8.0,LAC,26.0,34.0,-7.0,-110.0,-110.0,41.5,-310.0,250.0,0
2024_08_BUF_SEA,2024,2024-10-27,Sunday,BUF,31.0,SEA,10.0,41.0,3.0,100.0,-120.0,45.5,142.0,-170.0,0
2024_08_CAR_DEN,2024,2024-10-27,Sunday,CAR,14.0,DEN,28.0,42.0,-13.0,-110.0,-110.0,40.5,-750.0,525.0,0
2024_08_KC_LV,2024,2024-10-27,Sunday,KC,27.0,LV,20.0,47.0,9.0,-108.0,-112.0,42.0,340.0,-440.0,1
2024_08_CHI_WAS,2024,2024-10-27,Sunday,CHI,15.0,WAS,18.0,33.0,-1.5,-110.0,-110.0,46.5,-122.0,102.0,0
2024_08_DAL_SF,2024,2024-10-27,Sunday,DAL,24.0,SF,30.0,54.0,-5.5,-115.0,-105.0,48.0,-238.0,195.0,0
2024_08_NYG_PIT,2024,2024-10-28,Monday,NYG,18.0,PIT,26.0,44.0,-6.0,-115.0,-105.0,37.5,-270.0,220.0,0
2024_09_HOU_NYJ,2024,2024-10-31,Thursday,HOU,13.0,NYJ,21.0,34.0,-2.5,-120.0,100.0,43.5,-148.0,124.0,0
2024_09_DAL_ATL,2024,2024-11-03,Sunday,DAL,21.0,ATL,27.0,48.0,-3.0,-115.0,-105.0,52.0,-166.0,140.0,0
2024_09_DEN_BAL,2024,2024-11-03,Sunday,DEN,10.0,BAL,41.0,51.0,-9.0,-105.0,-115.0,46.5,-440.0,330.0,0
2024_09_MIA_BUF,2024,2024-11-03,Sunday,MIA,27.0,BUF,30.0,57.0,-6.5,-110.0,-110.0,49.0,-285.0,230.0,1
2024_09_NO_CAR,2024,2024-11-03,Sunday,NO,22.0,CAR,23.0,45.0,7.0,-102.0,-118.0,43.5,275.0,-345.0,1
2024_09_LV_CIN,2024,2024-11-03,Sunday,LV,24.0,CIN,41.0,65.0,-8.0,-110.0,-110.0,45.0,-410.0,320.0,0
2024_09_LAC_CLE,2024,2024-11-03,Sunday,LAC,27.0,CLE,10.0,37.0,2.0,-110.0,-110.0,42.5,110.0,-130.0,0
2024_09_WAS_NYG,2024,2024-11-03,Sunday,WAS,27.0,NYG,22.0,49.0,4.5,-112.0,-108.0,44.5,180.0,-218.0,1
2024_09_NE_TEN,2024,2024-11-03,Sunday,NE,17.0,TEN,20.0,37.0,-3.0,-115.0,-105.0,38.5,-162.0,136.0,0
2024_09_CHI_ARI,2024,2024-11-03,Sunday,CHI,9.0,ARI,29.0,38.0,-1.5,-110.0,-110.0,44.5,-120.0,100.0,0
2024_09_JAX_PHI,2024,2024-11-03,Sunday,JAX,23.0,PHI,28.0,51.0,-7.5,-108.0,-112.0,46.0,-340.0,270.0,0
2024_09_DET_GB,2024,2024-11-03,Sunday,DET,24.0,GB,14.0,38.0,2.5,100.0,-120.0,47.5,130.0,-155.0,1
2024_09_LA_SEA,2024,2024-11-03,Sunday,LA,26.0,SEA,20.0,46.0,1.5,-108.0,-112.0,48.5,105.0,-125.0,1
2024_09_IND_MIN,2024,2024-11-03,Sunday,IND,13.0,MIN,21.0,34.0,-6.5,-110.0,-110.0,47.0,-298.0,240.0,0
2024_09_TB_KC,2024,2024-11-04,Monday,TB,24.0,KC,30.0,54.0,-9.0,-110.0,-110.0,45.5,-425.0,330.0,0
2024_10_CIN_BAL,2024,2024-11-07,Thursday,CIN,34.0,BAL,35.0,69.0,-6.0,-112.0,-108.0,53.0,-270.0,220.0,1
2024_10_NYG_CAR,2024,2024-11-10,Sunday,NYG,17.0,CAR,20.0,37.0,6.5,-102.0,-118.0,40.5,240.0,-298.0,0
2024_10_NE_CHI,2024,2024-11-10,Sunday,NE,19.0,CHI,3.0,22.0,-6.5,-110.0,-110.0,37.5,-325.0,260.0,0
2024_10_BUF_IND,2024,2024-11-10,Sunday,BUF,30.0,IND,20.0,50.0,4.5,-105.0,-115.0,46.5,190.0,-230.0,0
2024_10_MIN_JAX,2024,2024-11-10,Sunday,MIN,12.0,JAX,7.0,19.0,7.0,100.0,-120.0,42.5,280.0,-345.0,0
2024_10_DEN_KC,2024,2024-11-10,Sunday,DEN,14.0,KC,16.0,30.0,-7.5,-105.0,-115.0,42.5,-380.0,300.0,1
2024_10_ATL_NO,2024,2024-11-10,Sunday,ATL,17.0,NO,20.0,37.0,3.5,-108.0,-112.0,46.5,160.0,-192.0,1
2024_10_SF_TB,2024,2024-11-10,Sunday,SF,23.0,TB,20.0,43.0,6.5,-102.0,-118.0,50.5,240.0,-298.0,0
2024_10_PIT_WAS,2024,2024-11-10,Sunday,PIT,28.0,WAS,27.0,55.0,-1.5,-110.0,-110.0,45.0,-122.0,102.0,0
2024_10_TEN_LAC,2024,2024-11-10,Sunday,TEN,17.0,LAC,27.0,44.0,-8.0,-112.0,-108.0,40.0,-380.0,300.0,0
2024_10_NYJ_ARI,2024,2024-11-10,Sunday,NYJ,6.0,ARI,31.0,37.0,2.0,-110.0,-110.0,45.5,110.0,-130.0,0
2024_10_PHI_DAL,2024,2024-11-10,Sunday,PHI,34.0,DAL,6.0,40.0,7.5,-112.0,-108.0,44.5,285.0,-360.0,1
2024_10_DET_HOU,2024,2024-11-10,Sunday,DET,26.0,HOU,23.0,49.0,4.5,-110.0,-110.0,49.0,190.0,-230.0,0
2024_10_MIA_LA,2024,2024-11-11,Monday,MIA,23.0,LA,15.0,38.0,-2.5,-118.0,-102.0,49.5,-142.0,120.0,0
2024_11_WAS_PHI,2024,2024-11-14,Thursday,WAS,18.0,PHI,26.0,44.0,-4.5,-110.0,-110.0,49.5,-230.0,190.0,1
2024_11_GB_CHI,2024,2024-11-17,Sunday,GB,20.0,CHI,19.0,39.0,6.0,-105.0,-115.0,41.0,215.0,-265.0,1
2024_11_JAX_DET,2024,2024-11-17,Sunday,JAX,6.0,DET,52.0,58.0,-14.0,-115.0,-105.0,47.5,-1000.0,650.0,0
2024_11_LV_MIA,2024,2024-11-17,Sunday,LV,19.0,MIA,34.0,53.0,-8.0,-115.0,-105.0,43.5,-425.0,330.0,0
2024_11_LA_NE,2024,2024-11-17,Sunday,LA,28.0,NE,22.0,50.0,4.0,-112.0,-108.0,42.5,164.0,-198.0,0
2024_11_CLE_NO,2024,2024-11-17,Sunday,CLE,14.0,NO,35.0,49.0,1.0,-110.0,-110.0,44.0,-105.0,-115.0,0
2024_11_IND_NYJ,2024,2024-11-17,Sunday,IND,28.0,NYJ,27.0,55.0,-4.0,-110.0,-110.0,43.0,-205.0,170.0,0
2024_11_BAL_PIT,2024,2024-11-17,Sunday,BAL,16.0,PIT,18.0,34.0,3.0,100.0,-120.0,48.0,145.0,-175.0,1
2024_11_MIN_TEN,2024,2024-11-17,Sunday,MIN,23.0,TEN,13.0,36.0,6.0,-102.0,-118.0,40.0,235.0,-290.0,0
2024_11_ATL_DEN,2024,2024-11-17,Sunday,ATL,6.0,DEN,38.0,44.0,-2.0,-112.0,-108.0,44.5,-135.0,114.0,0
2024_11_SEA_SF,2024,2024-11-17,Sunday,SEA,20.0,SF,17.0,37.0,-6.0,-110.0,-110.0,49.0,-265.0,215.0,1
2024_11_KC_BUF,2024,2024-11-17,Sunday,KC,21.0,BUF,30.0,51.0,-2.5,-112.0,-108.0,46.5,-142.0,120.0,0
2024_11_CIN_LAC,2024,2024-11-17,Sunday,CIN,27.0,LAC,34.0,61.0,-1.0,-102.0,-118.0,48.0,-110.0,-110.0,0
2024_11_HOU_DAL,2024,2024-11-18,Monday,HOU,34.0,DAL,10.0,44.0,7.5,-120.0,100.0,41.5,285.0,-360.0,0
2024_12_PIT_CLE,2024,2024-11-21,Thursday,PIT,19.0,CLE,24.0,43.0,3.5,-105.0,-115.0,36.5,170.0,-205.0,1
2024_12_KC_CAR,2024,2024-11-24,Sunday,KC,30.0,CAR,27.0,57.0,11.0,-108.0,-112.0,43.0,500.0,-700.0,0
2024_12_MIN_CHI,2024,2024-11-24,Sunday,MIN,30.0,CHI,27.0,57.0,3.0,100.0,-120.0,39.5,145.0,-175.0,1
2024_12_TEN_HOU,2024,2024-11-24,Sunday,TEN,32.0,HOU,27.0,59.0,-8.0,-108.0,-112.0,40.5,-375.0,295.0,1
2024_12_DET_IND,2024,2024-11-24,Sunday,DET,24.0,IND,6.0,30.0,7.0,102.0,-122.0,50.5,295.0,-375.0,0
2024_12_NE_MIA,2024,2024-11-24,Sunday,NE,15.0,MIA,34.0,49.0,-7.5,-105.0,-115.0,46.0,-360.0,285.0,1
2024_12_TB_NYG,2024,2024-11-24,Sunday,TB,30.0,NYG,7.0,37.0,6.5,-112.0,-108.0,40.5,240.0,-298.0,0
2024_12_DAL_WAS,2024,2024-11-24,Sunday,DAL,34.0,WAS,26.0,60.0,-10.5,-108.0,-112.0,45.0,-625.0,455.0,1
2024_12_DEN_LV,2024,2024-11-24,Sunday,DEN,29.0,LV,19.0,48.0,6.5,-115.0,-105.0,41.5,225.0,-278.0,1
2024_12_SF_GB,2024,2024-11-24,Sunday,SF,10.0,GB,38.0,48.0,-6.5,-108.0,-112.0,44.5,-290.0,235.0,0
2024_12_ARI_SEA,2024,2024-11-24,Sunday,ARI,6.0,SEA,16.0,22.0,1.0,-110.0,-110.0,46.5,-105.0,-115.0,1
2024_12_PHI_LA,2024,2024-11-24,Sunday,PHI,37.0,LA,20.0,57.0,3.0,-108.0,-112.0,49.0,142.0,-170.0,0
2024_12_BAL_LAC,2024,2024-11-25,Monday,BAL,30.0,LAC,23.0,53.0,3.0,-110.0,-110.0,51.0,140.0,-166.0,0
2024_13_CHI_DET,2024,2024-11-28,Thursday,CHI,20.0,DET,23.0,43.0,-9.5,-118.0,-102.0,47.5,-520.0,390.0,1
2024_13_NYG_DAL,2024,2024-11-28,Thursday,NYG,20.0,DAL,27.0,47.0,-4.5,-110.0,-110.0,39.0,-218.0,185.0,1
2024_13_MIA_GB,2024,2024-11-28,Thursday,MIA,17.0,GB,30.0,47.0,-3.5,-105.0,-115.0,47.5,-175.0,145.0,0
2024_13_LV_KC,2024,2024-11-29,Friday,LV,17.0,KC,19.0,36.0,-13.5,-112.0,-108.0,42.0,-800.0,550.0,1
2024_13_LAC_ATL,2024,2024-12-01,Sunday,LAC,17.0,ATL,13.0,30.0,1.0,-112.0,-108.0,47.0,-102.0,-118.0,0
2024_13_PIT_CIN,2024,2024-12-01,Sunday,PIT,44.0,CIN,38.0,82.0,-3.0,-110.0,-110.0,46.0,-155.0,130.0,1
2024_13_HOU_JAX,2024,2024-12-01,Sunday,HOU,23.0,JAX,20.0,43.0,3.5,-110.0,-110.0,44.5,160.0,-192.0,1
2024_13_ARI_MIN,2024,2024-12-01,Sunday,ARI,22.0,MIN,23.0,45.0,-3.5,-110.0,-110.0,45.5,-185.0,154.0,0
2024_13_IND_NE,2024,2024-12-01,Sunday,IND,25.0,NE,24.0,49.0,2.5,-105.0,-115.0,41.5,114.0,-135.0,0
2024_13_SEA_NYJ,2024,2024-12-01,Sunday,SEA,26.0,NYJ,21.0,47.0,-1.0,-110.0,-110.0,41.5,-115.0,-105.0,0
2024_13_TEN_WAS,2024,2024-12-01,Sunday,TEN,19.0,WAS,42.0,61.0,-6.0,-108.0,-112.0,45.0,-250.0,205.0,0
2024_13_TB_CAR,2024,2024-12-01,Sunday,TB,26.0,CAR,23.0,49.0,6.5,-105.0,-115.0,46.0,235.0,-290.0,1
2024_13_LA_NO,2024,2024-12-01,Sunday,LA,21.0,NO,14.0,35.0,2.5,-105.0,-115.0,48.5,120.0,-142.0,0
2024_13_PHI_BAL,2024,2024-12-01,Sunday,PHI,24.0,BAL,19.0,43.0,-3.0,-110.0,-110.0,50.0,-162.0,136.0,0
2024_13_SF_BUF,2024,2024-12-01,Sunday,SF,10.0,BUF,35.0,45.0,-6.5,-118.0,-102.0,45.0,-340.0,270.0,0
2024_13_CLE_DEN,2024,2024-12-02,Monday,CLE,32.0,DEN,41.0,73.0,-6.5,-112.0,-108.0,41.5,-290.0,235.0,0
2024_14_GB_DET,2024,2024-12-05,Thursday,GB,31.0,DET,34.0,65.0,-3.0,-120.0,100.0,53.0,-170.0,142.0,1
2024_14_NYJ_MIA,2024,2024-12-08,Sunday,NYJ,26.0,MIA,32.0,58.0,-6.5,-112.0,-108.0,45.0,-298.0,240.0,1
2024_14_ATL_MIN,2024,2024-12-08,Sunday,ATL,21.0,MIN,42.0,63.0,-6.0,-110.0,-110.0,46.5,-250.0,205.0,0
2024_14_NO_NYG,2024,2024-12-08,Sunday,NO,14.0,NYG,11.0,25.0,5.5,-105.0,-115.0,41.0,200.0,-245.0,0
2024_14_CAR_PHI,2024,2024-12-08,Sunday,CAR,16.0,PHI,22.0,38.0,-14.0,-108.0,-112.0,44.5,-950.0,625.0,0
2024_14_CLE_PIT,2024,2024-12-08,Sunday,CLE,14.0,PIT,27.0,41.0,-6.0,-108.0,-112.0,43.0,-258.0,210.0,1
2024_14_LV_TB,2024,2024-12-08,Sunday,LV,13.0,TB,28.0,41.0,-7.0,-105.0,-115.0,47.0,-325.0,260.0,0
2024_14_JAX_TEN,2024,2024-12-08,Sunday,JAX,10.0,TEN,6.0,16.0,-3.0,-115.0,-105.0,40.0,-170.0,142.0,1
2024_14_SEA_ARI,2024,2024-12-08,Sunday,SEA,30.0,ARI,18.0,48.0,-3.0,-115.0,-105.0,45.5,-175.0,145.0,1
2024_14_BUF_LA,2024,2024-12-08,Sunday,BUF,42.0,LA,44.0,86.0,3.5,-102.0,-118.0,49.5,160.0,-192.0,0
2024_14_CHI_SF,2024,2024-12-08,Sunday,CHI,13.0,SF,38.0,51.0,-3.0,-110.0,-110.0,43.5,-162.0,136.0,0
2024_14_LAC_KC,2024,2024-12-08,Sunday,LAC,17.0,KC,19.0,36.0,-5.0,-105.0,-115.0,43.5,-238.0,195.0,1
2024_14_CIN_DAL,2024,2024-12-09,Monday,CIN,27.0,DAL,20.0,47.0,5.0,-110.0,-110.0,51.0,190.0,-230.0,0
2024_15_LA_SF,2024,2024-12-12,Thursday,LA,12.0,SF,6.0,18.0,-3.0,-102.0,-118.0,48.5,-155.0,130.0,1
2024_15_DAL_CAR,2024,2024-12-15,Sunday,DAL,30.0,CAR,14.0,44.0,-2.5,-120.0,100.0,42.0,-142.0,120.0,0
2024_15_KC_CLE,2024,2024-12-15,Sunday,KC,21.0,CLE,7.0,28.0,4.5,-110.0,-110.0,41.5,190.0,-230.0,0
2024_15_MIA_HOU,2024,2024-12-15,Sunday,MIA,12.0,HOU,20.0,32.0,-2.5,-115.0,-105.0,46.5,-155.0,130.0,0
2024_15_NYJ_JAX,2024,2024-12-15,Sunday,NYJ,32.0,JAX,25.0,57.0,3.5,-118.0,-102.0,41.5,145.0,-175.0,0
2024_15_WAS_NO,2024,2024-12-15,Sunday,WAS,20.0,NO,19.0,39.0,7.5,-108.0,-112.0,44.5,295.0,-375.0,0
2024_15_BAL_NYG,2024,2024-12-15,Sunday,BAL,35.0,NYG,14.0,49.0,16.5,-108.0,-112.0,43.5,1000.0,-1800.0,0
2024_15_CIN_TEN,2024,2024-12-15,Sunday,CIN,37.0,TEN,27.0,64.0,6.0,-110.0,-110.0,46.5,205.0,-250.0,0
2024_15_NE_ARI,2024,2024-12-15,Sunday,NE,17.0,ARI,30.0,47.0,-6.0,-112.0,-108.0,46.5,-258.0,210.0,0
2024_15_IND_DEN,2024,2024-12-15,Sunday,IND,13.0,DEN,31.0,44.0,-4.5,-115.0,-105.0,43.5,-238.0,195.0,0
2024_15_BUF_DET,2024,2024-12-15,Sunday,BUF,48.0,DET,42.0,90.0,-2.5,-110.0,-110.0,55.5,-130.0,110.0,0
2024_15_TB_LAC,2024,2024-12-15,Sunday,TB,40.0,LAC,17.0,57.0,-3.0,-115.0,-105.0,46.0,-162.0,136.0,0
2024_15_PIT_PHI,2024,2024-12-15,Sunday,PIT,13.0,PHI,27.0,40.0,-5.5,-110.0,-110.0,43.0,-265.0,215.0,0
2024_15_GB_SEA,2024,2024-12-15,Sunday,GB,30.0,SEA,13.0,43.0,3.0,-110.0,-110.0,48.0,136.0,-162.0,0
2024_15_CHI_MIN,2024,2024-12-16,Monday,CHI,12.0,MIN,30.0,42.0,-7.0,-105.0,-115.0,43.5,-325.0,260.0,1
2024_15_ATL_LV,2024,2024-12-16,Monday,ATL,15.0,LV,9.0,24.0,6.5,-110.0,-110.0,44.5,275.0,-345.0,0
2024_16_DEN_LAC,2024,2024-12-19,Thursday,DEN,27.0,LAC,34.0,61.0,-3.0,100.0,-120.0,41.5,-148.0,124.0,1
2024_16_HOU_KC,2024,2024-12-21,Saturday,HOU,19.0,KC,27.0,46.0,-3.5,100.0,-120.0,42.5,-180.0,150.0,0
2024_16_PIT_BAL,2024,2024-12-21,Saturday,PIT,17.0,BAL,34.0,51.0,-7.0,-105.0,-115.0,44.5,-345.0,275.0,1
2024_16_NYG_ATL,2024,2024-12-22,Sunday,NYG,7.0,ATL,34.0,41.0,-9.5,-110.0,-110.0,42.5,-550.0,410.0,0
2024_16_ARI_CAR,2024,2024-12-22,Sunday,ARI,30.0,CAR,36.0,66.0,5.5,-110.0,-110.0,47.0,200.0,-245.0,0
2024_16_DET_CHI,2024,2024-12-22,Sunday,DET,34.0,CHI,17.0,51.0,7.0,-110.0,-110.0,47.5,270.0,-340.0,1
2024_16_CLE_CIN,2024,2024-12-22,Sunday,CLE,6.0,CIN,24.0,30.0,-10.0,-112.0,-108.0,46.5,-575.0,425.0,1
2024_16_TEN_IND,2024,2024-12-22,Sunday,TEN,30.0,IND,38.0,68.0,-4.0,-108.0,-112.0,42.5,-198.0,164.0,1
2024_16_LA_NYJ,2024,2024-12-22,Sunday,LA,19.0,NYJ,9.0,28.0,3.0,-115.0,-105.0,47.0,136.0,-162.0,0
2024_16_PHI_WAS,2024,2024-12-22,Sunday,PHI,33.0,WAS,36.0,69.0,4.0,-105.0,-115.0,47.0,180.0,-218.0,1
2024_16_MIN_SEA,2024,2024-12-22,Sunday,MIN,27.0,SEA,24.0,51.0,2.5,-105.0,-115.0,43.0,124.0,-148.0,0
2024_16_NE_BUF,2024,2024-12-22,Sunday,NE,21.0,BUF,24.0,45.0,-14.0,-110.0,-110.0,48.0,-1100.0,700.0,1
2024_16_JAX_LV,2024,2024-12-22,Sunday,JAX,14.0,LV,19.0,33.0,-2.5,-110.0,-110.0,41.5,-130.0,110.0,0
2024_16_SF_MIA,2024,2024-12-22,Sunday,SF,17.0,MIA,29.0,46.0,2.0,-112.0,-108.0,44.0,105.0,-125.0,0
2024_16_TB_DAL,2024,2024-12-22,Sunday,TB,24.0,DAL,26.0,50.0,4.5,-115.0,-105.0,47.5,180.0,-218.0,0
2024_16_NO_GB,2024,2024-12-23,Monday,NO,0.0,GB,34.0,34.0,-14.0,-115.0,-105.0,44.0,-950.0,625.0,0
2024_17_KC_PIT,2024,2024-12-25,Wednesday,KC,29.0,PIT,10.0,39.0,3.0,-115.0,-105.0,43.5,136.0,-162.0,0
2024_17_BAL_HOU,2024,2024-12-25,Wednesday,BAL,31.0,HOU,2.0,33.0,5.5,-112.0,-108.0,46.5,200.0,-245.0,0
2024_17_SEA_CHI,2024,2024-12-26,Thursday,SEA,6.0,CHI,3.0,9.0,3.5,-102.0,-118.0,43.5,160.0,-192.0,0
2024_17_LAC_NE,2024,2024-12-28,Saturday,LAC,40.0,NE,7.0,47.0,6.0,-102.0,-118.0,42.0,245.0,-305.0,0
2024_17_DEN_CIN,2024,2024-12-28,Saturday,DEN,24.0,CIN,30.0,54.0,-3.5,-105.0,-115.0,50.5,-175.0,145.0,0
2024_17_ARI_LA,2024,2024-12-28,Saturday,ARI,9.0,LA,13.0,22.0,-6.5,-120.0,100.0,48.0,-340.0,270.0,1
2024_17_NYJ_BUF,2024,2024-12-29,Sunday,NYJ,14.0,BUF,40.0,54.0,-10.0,-115.0,-105.0,44.5,-520.0,390.0,1
2024_17_TEN_JAX,2024,2024-12-29,Sunday,TEN,13.0,JAX,20.0,33.0,1.0,-115.0,-105.0,38.0,-112.0,-108.0,1
2024_17_LV_NO,2024,2024-12-29,Sunday,LV,25.0,NO,10.0,35.0,2.0,-110.0,-110.0,37.5,105.0,-125.0,0
2024_17_IND_NYG,2024,2024-12-29,Sunday,IND,33.0,NYG,45.0,78.0,7.5,-108.0,-112.0,40.5,320.0,-410.0,0
2024_17_DAL_PHI,2024,2024-12-29,Sunday,DAL,7.0,PHI,41.0,48.0,-7.5,-108.0,-112.0,37.5,-325.0,260.0,1
2024_17_CAR_TB,2024,2024-12-29,Sunday,CAR,14.0,TB,48.0,62.0,-9.5,-115.0,-105.0,47.5,-500.0,380.0,1
2024_17_MIA_CLE,2024,2024-12-29,Sunday,MIA,20.0,CLE,3.0,23.0,3.0,-105.0,-115.0,32.5,142.0,-170.0,0
2024_17_GB_MIN,2024,2024-12-29,Sunday,GB,25.0,MIN,27.0,52.0,1.0,-115.0,-105.0,49.0,-108.0,-112.0,1
2024_17_ATL_WAS,2024,2024-12-29,Sunday,ATL,24.0,WAS,30.0,54.0,-3.5,-105.0,-115.0,46.5,-192.0,160.0,0
2024_17_DET_SF,2024,2024-12-30,Monday,DET,40.0,SF,34.0,74.0,4.0,-108.0,-112.0,50.5,190.0,-230.0,0
2024_18_CLE_BAL,2024,2025-01-04,Saturday,CLE,10.0,BAL,35.0,45.0,-19.5,-115.0,-105.0,42.5,-2400.0,1200.0,1
2024_18_CIN_PIT,2024,2025-01-04,Saturday,CIN,19.0,PIT,17.0,36.0,2.5,-102.0,-118.0,48.5,124.0,-148.0,1
2024_18_CAR_ATL,2024,2025-01-05,Sunday,CAR,44.0,ATL,38.0,82.0,-7.5,-115.0,-105.0,48.5,-380.0,300.0,1
2024_18_WAS_DAL,2024,2025-01-05,Sunday,WAS,23.0,DAL,19.0,42.0,7.0,-112.0,-108.0,43.5,250.0,-310.0,1
2024_18_CHI_GB,2024,2025-01-05,Sunday,CHI,24.0,GB,22.0,46.0,-10.0,-105.0,-115.0,41.5,-410.0,320.0,1
2024_18_JAX_IND,2024,2025-01-05,Sunday,JAX,23.0,IND,26.0,49.0,-3.5,-110.0,-110.0,45.5,-180.0,150.0,1
2024_18_BUF_NE,2024,2025-01-05,Sunday,BUF,16.0,NE,23.0,39.0,3.0,-108.0,-112.0,36.5,140.0,-166.0,1
2024_18_NYG_PHI,2024,2025-01-05,Sunday,NYG,13.0,PHI,20.0,33.0,-3.0,-110.0,-110.0,36.5,-155.0,130.0,1
2024_18_NO_TB,2024,2025-01-05,Sunday,NO,19.0,TB,27.0,46.0,-14.5,-118.0,-102.0,44.5,-1050.0,675.0,1
2024_18_HOU_TEN,2024,2025-01-05,Sunday,HOU,23.0,TEN,14.0,37.0,-2.5,-112.0,-108.0,36.5,-142.0,120.0,1
2024_18_SF_ARI,2024,2025-01-05,Sunday,SF,24.0,ARI,47.0,71.0,-4.5,-110.0,-110.0,42.5,-192.0,160.0,1
2024_18_KC_DEN,2024,2025-01-05,Sunday,KC,0.0,DEN,38.0,38.0,-10.5,-105.0,-115.0,40.5,-485.0,370.0,1
2024_18_SEA_LA,2024,2025-01-05,Sunday,SEA,30.0,LA,25.0,55.0,7.5,-110.0,-110.0,38.5,285.0,-360.0,1
2024_18_LAC_LV,2024,2025-01-05,Sunday,LAC,34.0,LV,20.0,54.0,7.0,-102.0,-118.0,42.5,275.0,-345.0,1
2024_18_MIA_NYJ,2024,2025-01-05,Sunday,MIA,20.0,NYJ,32.0,52.0,-1.5,-110.0,-110.0,39.5,-122.0,102.0,1
2024_18_MIN_DET,2024,2025-01-05,Sunday,MIN,9.0,DET,31.0,40.0,-3.0,-102.0,-118.0,56.5,-148.0,124.0,1
2024_19_LAC_HOU,2024,2025-01-11,Saturday,LAC,12.0,HOU,32.0,44.0,3.0,-115.0,-105.0,41.5,136.0,-162.0,0
2024_19_PIT_BAL,2024,2025-01-11,Saturday,PIT,14.0,BAL,28.0,42.0,-9.5,-108.0,-112.0,44.5,-520.0,390.0,1
2024_19_DEN_BUF,2024,2025-01-12,Sunday,DEN,7.0,BUF,31.0,38.0,-7.5,-120.0,100.0,48.5,-425.0,330.0,0
2024_19_GB_PHI,2024,2025-01-12,Sunday,GB,10.0,PHI,22.0,32.0,-5.5,-115.0,-105.0,45.5,-250.0,205.0,0
2024_19_WAS_TB,2024,2025-01-12,Sunday,WAS,23.0,TB,20.0,43.0,-3.0,-110.0,-110.0,51.5,-162.0,136.0,0
2024_19_MIN_LA,2024,2025-01-13,Monday,MIN,9.0,LA,27.0,36.0,2.5,-102.0,-118.0,47.5,120.0,-142.0,0
2024_20_HOU_KC,2024,2025-01-18,Saturday,HOU,14.0,KC,23.0,37.0,-9.5,-110.0,-110.0,41.5,-550.0,410.0,0
2024_20_WAS_DET,2024,2025-01-18,Saturday,WAS,45.0,DET,31.0,76.0,-8.5,-115.0,-105.0,55.5,-520.0,390.0,0
2024_20_LA_PHI,2024,2025-01-19,Sunday,LA,22.0,PHI,28.0,50.0,-7.0,-108.0,-112.0,43.5,-325.0,260.0,0
2024_20_BAL_BUF,2024,2025-01-19,Sunday,BAL,25.0,BUF,27.0,52.0,1.5,-118.0,-102.0,51.5,-102.0,-118.0,0
2024_21_WAS_PHI,2024,2025-01-26,Sunday,WAS,23.0,PHI,55.0,78.0,-6.0,-110.0,-110.0,46.5,-250.0,205.0,1
2024_21_BUF_KC,2024,2025-01-26,Sunday,BUF,29.0,KC,32.0,61.0,-1.5,-105.0,-115.0,49.5,-118.0,-102.0,0
2024_22_KC_PHI,2024,2025-02-09,Sunday,KC,22.0,PHI,40.0,62.0,1.5,-115.0,-105.0,48.5,100.0,-120.0,0
2025_01_DAL_PHI,2025,2025-09-04,Thursday,DAL,20.0,PHI,24.0,44.0,-8.5,-110.0,-110.0,47.5,-425.0,330.0,1
2025_01_KC_LAC,2025,2025-09-05,Friday,KC,21.0,LAC,27.0,48.0,3.0,100.0,-120.0,47.5,145.0,-175.0,1
2025_01_TB_ATL,2025,2025-09-07,Sunday,TB,23.0,ATL,20.0,43.0,1.5,-118.0,-102.0,47.5,-105.0,-115.0,1
2025_01_CIN_CLE,2025,2025-09-07,Sunday,CIN,17.0,CLE,16.0,33.0,5.5,-115.0,-105.0,47.5,195.0,-238.0,1
2025_01_MIA_IND,2025,2025-09-07,Sunday,MIA,8.0,IND,33.0,41.0,-1.5,-102.0,-118.0,47.5,-112.0,-108.0,0
2025_01_CAR_JAX,2025,2025-09-07,Sunday,CAR,10.0,JAX,26.0,36.0,-4.5,-110.0,-110.0,45.5,-205.0,170.0,0
2025_01_LV_NE,2025,2025-09-07,Sunday,LV,20.0,NE,13.0,33.0,-2.5,-120.0,100.0,44.5,-155.0,130.0,0
2025_01_ARI_NO,2025,2025-09-07,Sunday,ARI,20.0,NO,13.0,33.0,6.0,-112.0,-108.0,44.5,220.0,-270.0,0
2025_01_PIT_NYJ,2025,2025-09-07,Sunday,PIT,34.0,NYJ,32.0,66.0,3.0,-110.0,-110.0,37.5,130.0,-155.0,0
2025_01_NYG_WAS,2025,2025-09-07,Sunday,NYG,6.0,WAS,21.0,27.0,-6.0,-112.0,-108.0,45.5,-298.0,240.0,1
2025_01_TEN_DEN,2025,2025-09-07,Sunday,TEN,12.0,DEN,20.0,32.0,-8.5,-115.0,-105.0,42.5,-455.0,350.0,0
2025_01_SF_SEA,2025,2025-09-07,Sunday,SF,17.0,SEA,13.0,30.0,2.5,-115.0,-105.0,43.5,114.0,-135.0,1
2025_01_DET_GB,2025,2025-09-07,Sunday,DET,13.0,GB,27.0,40.0,-1.5,-105.0,-115.0,48.5,-120.0,100.0,1
2025_01_HOU_LA,2025,2025-09-07,Sunday,HOU,9.0,LA,14.0,23.0,-3.5,-102.0,-118.0,43.5,-166.0,140.0,0
2025_01_BAL_BUF,2025,2025-09-07,Sunday,BAL,40.0,BUF,41.0,81.0,1.5,-102.0,-118.0,50.5,110.0,-130.0,0
2025_01_MIN_CHI,2025,2025-09-08,Monday,MIN,27.0,CHI,24.0,51.0,1.5,-120.0,100.0,43.5,-108.0,-112.0,1
2025_02_WAS_GB,2025,2025-09-11,Thursday,WAS,18.0,GB,27.0,45.0,-3.5,-102.0,-118.0,48.5,-185.0,154.0,0
2025_02_CLE_BAL,2025,2025-09-14,Sunday,CLE,17.0,BAL,41.0,58.0,-12.5,-115.0,-105.0,46.5,-900.0,600.0,1
2025_02_JAX_CIN,2025,2025-09-14,Sunday,JAX,27.0,CIN,31.0,58.0,-3.5,-105.0,-115.0,49.5,-192.0,160.0,0
2025_02_NYG_DAL,2025,2025-09-14,Sunday,NYG,37.0,DAL,40.0,77.0,-4.5,-120.0,100.0,44.5,-238.0,195.0,1
2025_02_CHI_DET,2025,2025-09-14,Sunday,CHI,21.0,DET,52.0,73.0,-6.0,-110.0,-110.0,46.5,-270.0,220.0,1
2025_02_NE_MIA,2025,2025-09-14,Sunday,NE,33.0,MIA,27.0,60.0,-1.5,-110.0,-110.0,43.5,-125.0,105.0,1
2025_02_SF_NO,2025,2025-09-14,Sunday,SF,26.0,NO,21.0,47.0,3.0,-110.0,-110.0,40.5,140.0,-166.0,0
2025_02_BUF_NYJ,2025,2025-09-14,Sunday,BUF,30.0,NYJ,10.0,40.0,6.0,-108.0,-112.0,47.5,235.0,-290.0,1
2025_02_SEA_PIT,2025,2025-09-14,Sunday,SEA,31.0,PIT,17.0,48.0,-3.5,-110.0,-110.0,40.5,-192.0,160.0,0
2025_02_LA_TEN,2025,2025-09-14,Sunday,LA,33.0,TEN,19.0,52.0,5.5,-112.0,-108.0,41.5,205.0,-250.0,0
2025_02_CAR_ARI,2025,2025-09-14,Sunday,CAR,22.0,ARI,27.0,49.0,-7.0,-110.0,-110.0,45.5,-310.0,250.0,0
2025_02_DEN_IND,2025,2025-09-14,Sunday,DEN,28.0,IND,29.0,57.0,2.5,-115.0,-105.0,43.5,110.0,-130.0,0
2025_02_PHI_KC,2025,2025-09-14,Sunday,PHI,20.0,KC,17.0,37.0,1.5,-110.0,-110.0,46.5,102.0,-122.0,0
2025_02_ATL_MIN,2025,2025-09-14,Sunday,ATL,22.0,MIN,6.0,28.0,-3.5,-105.0,-115.0,44.5,-180.0,150.0,0
2025_02_TB_HOU,2025,2025-09-15,Monday,TB,20.0,HOU,19.0,39.0,-2.5,-110.0,-110.0,42.5,-135.0,114.0,0
2025_02_LAC_LV,2025,2025-09-15,Monday,LAC,20.0,LV,9.0,29.0,3.5,-115.0,-105.0,46.5,164.0,-198.0,1
2025_03_MIA_BUF,2025,2025-09-18,Thursday,MIA,21.0,BUF,31.0,52.0,-12.5,-110.0,-110.0,50.5,-800.0,550.0,1
2025_03_ATL_CAR,2025,2025-09-21,Sunday,ATL,0.0,CAR,30.0,30.0,5.5,-115.0,-105.0,44.5,185.0,-225.0,1
2025_03_GB_CLE,2025,2025-09-21,Sunday,GB,10.0,CLE,13.0,23.0,8.5,-118.0,-102.0,41.5,360.0,-470.0,0
2025_03_HOU_JAX,2025,2025-09-21,Sunday,HOU,10.0,JAX,17.0,27.0,-1.5,-112.0,-108.0,43.5,-125.0,105.0,1
2025_03_CIN_MIN,2025,2025-09-21,Sunday,CIN,10.0,MIN,48.0,58.0,-3.0,-110.0,-110.0,41.5,-162.0,136.0,0
2025_03_PIT_NE,2025,2025-09-21,Sunday,PIT,21.0,NE,14.0,35.0,1.5,-115.0,-105.0,44.5,100.0,-120.0,0
2025_03_LA_PHI,2025,2025-09-21,Sunday,LA,26.0,PHI,33.0,59.0,-3.5,-112.0,-108.0,45.5,-198.0,164.0,0
2025_03_NYJ_TB,2025,2025-09-21,Sunday,NYJ,27.0,TB,29.0,56.0,-6.5,-115.0,-105.0,43.5,-345.0,275.0,0
2025_03_IND_TEN,2025,2025-09-21,Sunday,IND,41.0,TEN,20.0,61.0,6.0,-112.0,-108.0,43.5,200.0,-245.0,1
2025_03_LV_WAS,2025,2025-09-21,Sunday,LV,24.0,WAS,41.0,65.0,-2.5,-120.0,100.0,43.5,-155.0,130.0,0
2025_03_DEN_LAC,2025,2025-09-21,Sunday,DEN,20.0,LAC,23.0,43.0,-2.5,-120.0,100.0,45.5,-155.0,130.0,1
2025_03_NO_SEA,2025,2025-09-21,Sunday,NO,13.0,SEA,44.0,57.0,-7.5,-105.0,-115.0,41.5,-375.0,295.0,0
2025_03_DAL_CHI,2025,2025-09-21,Sunday,DAL,14.0,CHI,31.0,45.0,1.5,-105.0,-115.0,49.5,105.0,-125.0,0
2025_03_ARI_SF,2025,2025-09-21,Sunday,ARI,15.0,SF,16.0,31.0,-1.5,-108.0,-112.0,44.5,-125.0,105.0,1
2025_03_KC_NYG,2025,2025-09-21,Sunday,KC,22.0,NYG,9.0,31.0,6.0,-105.0,-115.0,44.5,260.0,-325.0,0
2025_03_DET_BAL,2025,2025-09-22,Monday,DET,38.0,BAL,30.0,68.0,-4.5,-115.0,-105.0,53.5,-245.0,200.0,0
2025_04_SEA_ARI,2025,2025-09-25,Thursday,SEA,23.0,ARI,20.0,43.0,1.5,-110.0,-110.0,43.5,105.0,-125.0,1
2025_04_MIN_PIT,2025,2025-09-28,Sunday,MIN,21.0,PIT,24.0,45.0,2.5,105.0,-125.0,41.5,124.0,-148.0,0
2025_04_WAS_ATL,2025,2025-09-28,Sunday,WAS,27.0,ATL,34.0,61.0,-2.5,-110.0,-110.0,43.5,-142.0,120.0,0
2025_04_NO_BUF,2025,2025-09-28,Sunday,NO,19.0,BUF,31.0,50.0,-15.5,-105.0,-115.0,48.5,-1350.0,800.0,0
2025_04_CLE_DET,2025,2025-09-28,Sunday,CLE,10.0,DET,34.0,44.0,-10.0,-112.0,-108.0,44.5,-550.0,410.0,0
2025_04_TEN_HOU,2025,2025-09-28,Sunday,TEN,0.0,HOU,26.0,26.0,-7.5,-105.0,-115.0,39.5,-440.0,340.0,1
2025_04_CAR_NE,2025,2025-09-28,Sunday,CAR,13.0,NE,42.0,55.0,-5.5,-112.0,-108.0,42.5,-265.0,215.0,0
2025_04_LAC_NYG,2025,2025-09-28,Sunday,LAC,18.0,NYG,21.0,39.0,6.0,-108.0,-112.0,43.5,230.0,-285.0,0
2025_04_PHI_TB,2025,2025-09-28,Sunday,PHI,31.0,TB,25.0,56.0,3.5,-118.0,-102.0,44.5,154.0,-185.0,0
2025_04_IND_LA,2025,2025-09-28,Sunday,IND,20.0,LA,27.0,47.0,-3.5,-115.0,-105.0,49.5,-185.0,154.0,0
2025_04_JAX_SF,2025,2025-09-28,Sunday,JAX,26.0,SF,21.0,47.0,-3.5,100.0,-120.0,45.5,-180.0,150.0,0
2025_04_BAL_KC,2025,2025-09-28,Sunday,BAL,20.0,KC,37.0,57.0,2.5,100.0,-120.0,48.5,124.0,-148.0,0
2025_04_CHI_LV,2025,2025-09-28,Sunday,CHI,25.0,LV,24.0,49.0,-1.5,-110.0,-110.0,47.5,-125.0,105.0,0
2025_04_GB_DAL,2025,2025-09-28,Sunday,GB,40.0,DAL,40.0,80.0,7.0,-115.0,-105.0,47.5,275.0,-345.0,0
2025_04_NYJ_MIA,2025,2025-09-29,Monday,NYJ,21.0,MIA,27.0,48.0,-2.5,-115.0,-105.0,44.5,-148.0,124.0,1
2025_04_CIN_DEN,2025,2025-09-29,Monday,CIN,3.0,DEN,28.0,31.0,-7.5,-105.0,-115.0,44.5,-470.0,360.0,0
2025_05_SF_LA,2025,2025-10-02,Thursday,SF,26.0,LA,23.0,49.0,-8.5,-110.0,-110.0,43.5,-440.0,340.0,1
2025_05_MIN_CLE,2025,2025-10-05,Sunday,MIN,21.0,CLE,17.0,38.0,3.5,-110.0,-110.0,35.5,164.0,-198.0,0
2025_05_HOU_BAL,2025,2025-10-05,Sunday,HOU,44.0,BAL,10.0,54.0,2.5,-102.0,-118.0,41.5,124.0,-148.0,0
2025_05_MIA_CAR,2025,2025-10-05,Sunday,MIA,24.0,CAR,27.0,51.0,1.5,-115.0,-105.0,44.5,100.0,-120.0,0
2025_05_LV_IND,2025,2025-10-05,Sunday,LV,6.0,IND,40.0,46.0,-7.0,-120.0,100.0,46.5,-360.0,285.0,0
2025_05_NYG_NO,2025,2025-10-05,Sunday,NYG,14.0,NO,26.0,40.0,-1.5,-105.0,-115.0,41.5,-120.0,100.0,0
2025_05_DAL_NYJ,2025,2025-10-05,Sunday,DAL,37.0,NYJ,22.0,59.0,-1.5,100.0,-120.0,48.5,-115.0,-105.0,0
2025_05_DEN_PHI,2025,2025-10-05,Sunday,DEN,21.0,PHI,17.0,38.0,-3.5,-115.0,-105.0,44.5,-218.0,180.0,0
2025_05_TEN_ARI,2025,2025-10-05,Sunday,TEN,22.0,ARI,21.0,43.0,-7.5,-112.0,-108.0,41.5,-425.0,330.0,0
2025_05_TB_SEA,2025,2025-10-05,Sunday,TB,38.0,SEA,35.0,73.0,-3.5,-105.0,-115.0,44.5,-180.0,150.0,0
2025_05_DET_CIN,2025,2025-10-05,Sunday,DET,37.0,CIN,24.0,61.0,10.5,-118.0,-102.0,49.5,425.0,-575.0,0
2025_05_WAS_LAC,2025,2025-10-05,Sunday,WAS,27.0,LAC,10.0,37.0,-2.5,-120.0,100.0,47.5,-155.0,130.0,0
2025_05_NE_BUF,2025,2025-10-05,Sunday,NE,23.0,BUF,20.0,43.0,-7.5,-115.0,-105.0,49.5,-395.0,310.0,1
2025_05_KC_JAX,2025,2025-10-06,Monday,KC,28.0,JAX,31.0,59.0,3.5,-110.0,-110.0,45.5,164.0,-198.0,0
2025_06_PHI_NYG,2025,2025-10-09,Thursday,PHI,17.0,NYG,34.0,51.0,7.0,100.0,-120.0,40.5,310.0,-395.0,1
2025_06_DEN_NYJ,2025,2025-10-12,Sunday,DEN,13.0,NYJ,11.0,24.0,7.5,-120.0,100.0,43.5,310.0,-395.0,0
2025_06_LA_BAL,2025,2025-10-12,Sunday,LA,17.0,BAL,3.0,20.0,7.0,-115.0,-105.0,43.5,280.0,-355.0,0
2025_06_DAL_CAR,2025,2025-10-12,Sunday,DAL,27.0,CAR,30.0,57.0,3.0,-102.0,-118.0,47.5,145.0,-175.0,0
2025_06_ARI_IND,2025,2025-10-12,Sunday,ARI,27.0,IND,31.0,58.0,-8.5,-110.0,-110.0,46.5,-470.0,360.0,0
2025_06_SEA_JAX,2025,2025-10-12,Sunday,SEA,20.0,JAX,12.0,32.0,1.5,-120.0,100.0,47.5,-105.0,-115.0,0
2025_06_LAC_MIA,2025,2025-10-12,Sunday,LAC,29.0,MIA,27.0,56.0,3.5,-105.0,-115.0,45.5,170.0,-205.0,0
2025_06_NE_NO,2025,2025-10-12,Sunday,NE,25.0,NO,19.0,44.0,3.5,-115.0,-105.0,46.5,160.0,-192.0,0
2025_06_CLE_PIT,2025,2025-10-12,Sunday,CLE,9.0,PIT,23.0,32.0,-5.5,-120.0,100.0,37.5,-278.0,225.0,1
2025_06_TEN_LV,2025,2025-10-12,Sunday,TEN,10.0,LV,20.0,30.0,-3.5,-110.0,-110.0,41.5,-185.0,154.0,0
2025_06_CIN_GB,2025,2025-10-12,Sunday,CIN,18.0,GB,27.0,45.0,-14.0,-110.0,-110.0,44.5,-1000.0,650.0,0
2025_06_SF_TB,2025,2025-10-12,Sunday,SF,19.0,TB,30.0,49.0,-3.5,-115.0,-105.0,46.5,-192.0,160.0,0
2025_06_DET_KC,2025,2025-10-12,Sunday,DET,17.0,KC,30.0,47.0,-2.5,-115.0,-105.0,51.5,-142.0,120.0,0
2025_06_BUF_ATL,2025,2025-10-13,Monday,BUF,14.0,ATL,24.0,38.0,3.5,100.0,-120.0,49.5,170.0,-205.0,0
2025_06_CHI_WAS,2025,2025-10-13,Monday,CHI,25.0,WAS,24.0,49.0,-5.5,-112.0,-108.0,49.5,-258.0,210.0,0
2025_07_PIT_CIN,2025,2025-10-16,Thursday,PIT,31.0,CIN,33.0,64.0,5.5,-115.0,-105.0,45.5,200.0,-245.0,1
2025_07_LA_JAX,2025,2025-10-19,Sunday,LA,35.0,JAX,7.0,42.0,3.0,-105.0,-115.0,44.5,140.0,-166.0,0
2025_07_NO_CHI,2025,2025-10-19,Sunday,NO,14.0,CHI,26.0,40.0,-4.5,100.0,-120.0,43.5,-225.0,185.0,0
2025_07_MIA_CLE,2025,2025-10-19,Sunday,MIA,6.0,CLE,31.0,37.0,-2.5,-118.0,-102.0,34.5,-148.0,124.0,0
2025_07_LV_KC,2025,2025-10-19,Sunday,LV,0.0,KC,31.0,31.0,-13.5,-105.0,-115.0,44.5,-950.0,625.0,1
2025_07_PHI_MIN,2025,2025-10-19,Sunday,PHI,28.0,MIN,22.0,50.0,2.5,-110.0,-110.0,43.5,124.0,-148.0,0
2025_07_CAR_NYJ,2025,2025-10-19,Sunday,CAR,13.0,NYJ,6.0,19.0,-1.5,105.0,-125.0,39.5,-112.0,-108.0,0
2025_07_NE_TEN,2025,2025-10-19,Sunday,NE,31.0,TEN,13.0,44.0,6.5,-112.0,-108.0,40.5,235.0,-290.0,0
2025_07_NYG_DEN,2025,2025-10-19,Sunday,NYG,32.0,DEN,33.0,65.0,-7.5,-115.0,-105.0,39.5,-425.0,330.0,0
2025_07_IND_LAC,2025,2025-10-19,Sunday,IND,38.0,LAC,24.0,62.0,-2.5,-112.0,-108.0,48.5,-135.0,114.0,0
2025_07_GB_ARI,2025,2025-10-19,Sunday,GB,27.0,ARI,23.0,50.0,7.0,-105.0,-115.0,44.5,310.0,-395.0,0
2025_07_WAS_DAL,2025,2025-10-19,Sunday,WAS,22.0,DAL,44.0,66.0,-1.5,-112.0,-108.0,54.5,-125.0,105.0,1
2025_07_ATL_SF,2025,2025-10-19,Sunday,ATL,10.0,SF,20.0,30.0,-1.5,100.0,-120.0,46.5,-115.0,-105.0,0
2025_07_TB_DET,2025,2025-10-20,Monday,TB,9.0,DET,24.0,33.0,-6.0,-108.0,-112.0,54.5,-278.0,225.0,0
2025_07_HOU_SEA,2025,2025-10-20,Monday,HOU,19.0,SEA,27.0,46.0,-3.0,-110.0,-110.0,41.5,-166.0,140.0,0
2025_08_MIN_LAC,2025,2025-10-23,Thursday,MIN,10.0,LAC,37.0,47.0,-3.0,-120.0,100.0,45.5,-170.0,142.0,0
2025_08_MIA_ATL,2025,2025-10-26,Sunday,MIA,34.0,ATL,10.0,44.0,-7.0,-105.0,-115.0,44.5,-355.0,280.0,0
2025_08_CHI_BAL,2025,2025-10-26,Sunday,CHI,16.0,BAL,30.0,46.0,-2.5,-118.0,-102.0,45.5,-148.0,124.0,0
2025_08_BUF_CAR,2025,2025-10-26,Sunday,BUF,40.0,CAR,9.0,49.0,7.0,-105.0,-115.0,47.5,310.0,-395.0,0
2025_08_NYJ_CIN,2025,2025-10-26,Sunday,NYJ,39.0,CIN,38.0,77.0,-5.5,-108.0,-112.0,43.5,-258.0,210.0,0
2025_08_SF_HOU,2025,2025-10-26,Sunday,SF,15.0,HOU,26.0,41.0,-2.5,-120.0,100.0,41.5,-155.0,130.0,0
2025_08_CLE_NE,2025,2025-10-26,Sunday,CLE,13.0,NE,32.0,45.0,-7.0,-105.0,-115.0,40.5,-380.0,300.0,0
2025_08_NYG_PHI,2025,2025-10-26,Sunday,NYG,20.0,PHI,38.0,58.0,-7.0,-118.0,-102.0,43.5,-380.0,300.0,1
2025_08_TB_NO,2025,2025-10-26,Sunday,TB,23.0,NO,3.0,26.0,4.5,-115.0,-105.0,46.5,180.0,-218.0,1
2025_08_DAL_DEN,2025,2025-10-26,Sunday,DAL,24.0,DEN,44.0,68.0,-3.5,-110.0,-110.0,51.5,-192.0,160.0,0
2025_08_TEN_IND,2025,2025-10-26,Sunday,TEN,14.0,IND,38.0,52.0,-15.5,-105.0,-115.0,47.5,-1650.0,950.0,1
2025_08_GB_PIT,2025,2025-10-26,Sunday,GB,35.0,PIT,25.0,60.0,3.0,-120.0,100.0,46.5,130.0,-155.0,0
2025_08_WAS_KC,2025,2025-10-27,Monday,WAS,7.0,KC,28.0,35.0,-10.5,-115.0,-105.0,48.5,-700.0,500.0,0
2025_09_BAL_MIA,2025,2025-10-30,Thursday,BAL,28.0,MIA,6.0,34.0,7.5,100.0,-120.0,51.5,350.0,-455.0,0
2025_09_CHI_CIN,2025,2025-11-02,Sunday,CHI,47.0,CIN,42.0,89.0,3.0,-115.0,-105.0,51.5,136.0,-162.0,0
2025_09_MIN_DET,2025,2025-11-02,Sunday,MIN,27.0,DET,24.0,51.0,-9.5,-112.0,-108.0,47.5,-550.0,410.0,1
2025_09_CAR_GB,2025,2025-11-02,Sunday,CAR,16.0,GB,13.0,29.0,-12.5,-118.0,-102.0,43.5,-1000.0,650.0,0
2025_09_DEN_HOU,2025,2025-11-02,Sunday,DEN,18.0,HOU,15.0,33.0,-1.5,-110.0,-110.0,40.5,-125.0,105.0,0
2025_09_ATL_NE,2025,2025-11-02,Sunday,ATL,23.0,NE,24.0,47.0,-5.5,-110.0,-110.0,45.5,-250.0,205.0,0
2025_09_SF_NYG,2025,2025-11-02,Sunday,SF,34.0,NYG,24.0,58.0,2.5,100.0,-120.0,47.5,124.0,-148.0,0
2025_09_IND_PIT,2025,2025-11-02,Sunday,IND,20.0,PIT,27.0,47.0,3.5,-120.0,100.0,51.5,154.0,-185.0,0
2025_09_LAC_TEN,2025,2025-11-02,Sunday,LAC,27.0,TEN,20.0,47.0,10.0,-108.0,-112.0,44.5,470.0,-650.0,0
2025_09_NO_LA,2025,2025-11-02,Sunday,NO,10.0,LA,34.0,44.0,-14.0,-115.0,-105.0,44.5,-1200.0,750.0,0
2025_09_JAX_LV,2025,2025-11-02,Sunday,JAX,30.0,LV,29.0,59.0,2.5,-115.0,-105.0,43.5,110.0,-130.0,0
2025_09_KC_BUF,2025,2025-11-02,Sunday,KC,21.0,BUF,28.0,49.0,2.5,-115.0,-105.0,53.5,114.0,-135.0,0
2025_09_SEA_WAS,2025,2025-11-02,Sunday,SEA,38.0,WAS,14.0,52.0,2.5,100.0,-120.0,47.5,124.0,-148.0,0
2025_09_ARI_DAL,2025,2025-11-03,Monday,ARI,27.0,DAL,17.0,44.0,-3.5,-105.0,-115.0,53.5,-175.0,145.0,0
2025_10_LV_DEN,2025,2025-11-06,Thursday,LV,7.0,DEN,10.0,17.0,-9.5,-108.0,-112.0,42.5,-500.0,380.0,1
2025_10_ATL_IND,2025,2025-11-09,Sunday,ATL,25.0,IND,31.0,56.0,-6.5,-108.0,-112.0,48.5,-310.0,250.0,0
2025_10_NO_CAR,2025,2025-11-09,Sunday,NO,17.0,CAR,7.0,24.0,-5.5,-108.0,-112.0,38.5,-245.0,200.0,1
2025_10_NYG_CHI,2025,2025-11-09,Sunday,NYG,20.0,CHI,24.0,44.0,-4.5,-112.0,-108.0,45.5,-218.0,180.0,0
2025_10_JAX_HOU,2025,2025-11-09,Sunday,JAX,29.0,HOU,36.0,65.0,1.5,-120.0,100.0,37.5,-105.0,-115.0,1
2025_10_BUF_MIA,2025,2025-11-09,Sunday,BUF,13.0,MIA,30.0,43.0,8.5,-115.0,-105.0,50.5,350.0,-455.0,1
2025_10_BAL_MIN,2025,2025-11-09,Sunday,BAL,27.0,MIN,19.0,46.0,4.5,-115.0,-105.0,48.5,190.0,-230.0,0
2025_10_CLE_NYJ,2025,2025-11-09,Sunday,CLE,20.0,NYJ,27.0,47.0,1.5,-105.0,-115.0,37.5,110.0,-130.0,0
2025_10_NE_TB,2025,2025-11-09,Sunday,NE,28.0,TB,23.0,51.0,-2.5,-120.0,100.0,48.5,-148.0,124.0,0
2025_10_ARI_SEA,2025,2025-11-09,Sunday,ARI,22.0,SEA,44.0,66.0,-7.0,-105.0,-115.0,44.5,-340.0,270.0,1
2025_10_LA_SF,2025,2025-11-09,Sunday,LA,42.0,SF,26.0,68.0,5.5,-105.0,-115.0,49.5,210.0,-258.0,1
2025_10_DET_WAS,2025,2025-11-09,Sunday,DET,44.0,WAS,22.0,66.0,8.5,-115.0,-105.0,49.5,350.0,-455.0,0
2025_10_PIT_LAC,2025,2025-11-09,Sunday,PIT,10.0,LAC,25.0,35.0,-3.0,-102.0,-118.0,45.5,-162.0,136.0,0
2025_10_PHI_GB,2025,2025-11-10,Monday,PHI,10.0,GB,7.0,17.0,-1.5,102.0,-122.0,45.5,-110.0,-110.0,0
2025_11_NYJ_NE,2025,2025-11-13,Thursday,NYJ,14.0,NE,27.0,41.0,-12.5,-115.0,-105.0,43.5,-950.0,625.0,1
2025_11_WAS_MIA,2025,2025-11-16,Sunday,WAS,13.0,MIA,16.0,29.0,-2.5,-120.0,100.0,47.5,-148.0,124.0,0
2025_11_CAR_ATL,2025,2025-11-16,Sunday,CAR,30.0,ATL,27.0,57.0,-4.5,-102.0,-118.0,42.5,-218.0,180.0,1
2025_11_TB_BUF,2025,2025-11-16,Sunday,TB,32.0,BUF,44.0,76.0,-6.0,-112.0,-108.0,46.5,-285.0,230.0,0
2025_11_LAC_JAX,2025,2025-11-16,Sunday,LAC,6.0,JAX,35.0,41.0,3.0,-115.0,-105.0,43.5,130.0,-155.0,0
2025_11_CHI_MIN,2025,2025-11-16,Sunday,CHI,19.0,MIN,17.0,36.0,-3.0,-105.0,-115.0,47.5,-148.0,124.0,1
2025_11_GB_NYG,2025,2025-11-16,Sunday,GB,27.0,NYG,20.0,47.0,7.5,-110.0,-110.0,41.5,340.0,-440.0,0
2025_11_CIN_PIT,2025,2025-11-16,Sunday,CIN,12.0,PIT,34.0,46.0,-5.5,-112.0,-108.0,48.5,-250.0,205.0,1
2025_11_HOU_TEN,2025,2025-11-16,Sunday,HOU,16.0,TEN,13.0,29.0,5.5,-112.0,-108.0,37.5,215.0,-265.0,1
2025_11_SF_ARI,2025,2025-11-16,Sunday,SF,41.0,ARI,22.0,63.0,3.5,-115.0,-105.0,48.5,160.0,-192.0,1
2025_11_SEA_LA,2025,2025-11-16,Sunday,SEA,19.0,LA,21.0,40.0,-3.0,-120.0,100.0,49.5,-175.0,145.0,1
2025_11_BAL_CLE,2025,2025-11-16,Sunday,BAL,23.0,CLE,16.0,39.0,7.5,-115.0,-105.0,37.5,340.0,-440.0,1
2025_11_KC_DEN,2025,2025-11-16,Sunday,KC,19.0,DEN,22.0,41.0,3.5,100.0,-120.0,44.5,180.0,-218.0,1
2025_11_DET_PHI,2025,2025-11-16,Sunday,DET,9.0,PHI,16.0,25.0,-2.5,-118.0,-102.0,46.5,-155.0,130.0,0
2025_11_DAL_LV,2025,2025-11-17,Monday,DAL,33.0,LV,16.0,49.0,3.5,-105.0,-115.0,48.5,164.0,-198.0,0
2025_12_BUF_HOU,2025,2025-11-20,Thursday,BUF,19.0,HOU,23.0,42.0,5.5,-112.0,-108.0,43.5,210.0,-258.0,0
2025_12_NYJ_BAL,2025,2025-11-23,Sunday,NYJ,10.0,BAL,23.0,33.0,-14.0,-110.0,-110.0,44.5,-1050.0,675.0,0
2025_12_PIT_CHI,2025,2025-11-23,Sunday,PIT,28.0,CHI,31.0,59.0,-3.0,-105.0,-115.0,46.5,-155.0,130.0,0
2025_12_NE_CIN,2025,2025-11-23,Sunday,NE,26.0,CIN,20.0,46.0,7.5,-112.0,-108.0,50.5,310.0,-395.0,0
2025_12_NYG_DET,2025,2025-11-23,Sunday,NYG,27.0,DET,34.0,61.0,-14.0,-105.0,-115.0,50.5,-1050.0,675.0,0
2025_12_MIN_GB,2025,2025-11-23,Sunday,MIN,6.0,GB,23.0,29.0,-6.5,-108.0,-112.0,41.5,-290.0,235.0,1
2025_12_IND_KC,2025,2025-11-23,Sunday,IND,20.0,KC,23.0,43.0,-3.5,-120.0,100.0,50.5,-218.0,180.0,0
2025_12_SEA_TEN,2025,2025-11-23,Sunday,SEA,30.0,TEN,24.0,54.0,12.5,-105.0,-115.0,41.5,625.0,-950.0,0
2025_12_JAX_ARI,2025,2025-11-23,Sunday,JAX,27.0,ARI,24.0,51.0,2.5,-112.0,-108.0,47.5,114.0,-135.0,0
2025_12_CLE_LV,2025,2025-11-23,Sunday,CLE,24.0,LV,10.0,34.0,-3.0,-115.0,-105.0,35.5,-162.0,136.0,0
2025_12_PHI_DAL,2025,2025-11-23,Sunday,PHI,21.0,DAL,24.0,45.0,3.0,-115.0,-105.0,47.5,136.0,-162.0,1
2025_12_ATL_NO,2025,2025-11-23,Sunday,ATL,24.0,NO,10.0,34.0,-1.5,-108.0,-112.0,41.5,-122.0,102.0,1
2025_12_TB_LA,2025,2025-11-23,Sunday,TB,7.0,LA,34.0,41.0,-7.0,-110.0,-110.0,49.5,-375.0,295.0,0
2025_12_CAR_SF,2025,2025-11-24,Monday,CAR,9.0,SF,20.0,29.0,-7.5,-105.0,-115.0,48.5,-395.0,310.0,0
2025_13_GB_DET,2025,2025-11-27,Thursday,GB,31.0,DET,24.0,55.0,-2.5,-125.0,105.0,48.5,-155.0,130.0,1
2025_13_KC_DAL,2025,2025-11-27,Thursday,KC,28.0,DAL,31.0,59.0,3.5,-115.0,-105.0,53.5,154.0,-185.0,0
2025_13_CIN_BAL,2025,2025-11-27,Thursday,CIN,32.0,BAL,14.0,46.0,-7.0,-120.0,100.0,52.5,-375.0,295.0,1
2025_13_CHI_PHI,2025,2025-11-28,Friday,CHI,24.0,PHI,15.0,39.0,-7.0,-115.0,-105.0,43.5,-340.0,270.0,0
2025_13_LA_CAR,2025,2025-11-30,Sunday,LA,28.0,CAR,31.0,59.0,10.0,-110.0,-110.0,44.5,425.0,-575.0,0
2025_13_SF_CLE,2025,2025-11-30,Sunday,SF,26.0,CLE,8.0,34.0,5.5,-112.0,-108.0,35.5,205.0,-250.0,0
2025_13_HOU_IND,2025,2025-11-30,Sunday,HOU,20.0,IND,16.0,36.0,-3.0,-115.0,-105.0,44.5,-170.0,142.0,1
2025_13_NO_MIA,2025,2025-11-30,Sunday,NO,17.0,MIA,21.0,38.0,-5.5,-110.0,-110.0,41.5,-250.0,205.0,0
2025_13_ATL_NYJ,2025,2025-11-30,Sunday,ATL,24.0,NYJ,27.0,51.0,3.0,-108.0,-112.0,38.5,140.0,-166.0,0
2025_13_ARI_TB,2025,2025-11-30,Sunday,ARI,17.0,TB,20.0,37.0,-4.5,-105.0,-115.0,44.5,-198.0,164.0,0
2025_13_JAX_TEN,2025,2025-11-30,Sunday,JAX,25.0,TEN,3.0,28.0,6.0,-112.0,-108.0,42.5,220.0,-270.0,1
2025_13_MIN_SEA,2025,2025-11-30,Sunday,MIN,0.0,SEA,26.0,26.0,-12.5,-110.0,-110.0,42.5,-900.0,600.0,0
2025_13_LV_LAC,2025,2025-11-30,Sunday,LV,14.0,LAC,31.0,45.0,-10.0,-105.0,-115.0,40.5,-600.0,440.0,1
2025_13_BUF_PIT,2025,2025-11-30,Sunday,BUF,26.0,PIT,7.0,33.0,3.0,-105.0,-115.0,44.5,140.0,-166.0,0
2025_13_DEN_WAS,2025,2025-11-30,Sunday,DEN,27.0,WAS,26.0,53.0,6.5,-115.0,-105.0,43.5,250.0,-310.0,0
2025_13_NYG_NE,2025,2025-12-01,Monday,NYG,15.0,NE,33.0,48.0,-7.0,-115.0,-105.0,46.5,-375.0,295.0,0
2025_14_DAL_DET,2025,2025-12-04,Thursday,DAL,30.0,DET,44.0,74.0,-3.5,-110.0,-110.0,55.5,-192.0,160.0,0
2025_14_SEA_ATL,2025,2025-12-07,Sunday,SEA,37.0,ATL,9.0,46.0,7.0,-120.0,100.0,44.5,280.0,-355.0,0
2025_14_PIT_BAL,2025,2025-12-07,Sunday,PIT,27.0,BAL,22.0,49.0,-5.5,-120.0,100.0,43.5,-270.0,220.0,1
2025_14_CIN_BUF,2025,2025-12-07,Sunday,CIN,34.0,BUF,39.0,73.0,-6.0,-112.0,-108.0,54.5,-285.0,230.0,0
2025_14_TEN_CLE,2025,2025-12-07,Sunday,TEN,31.0,CLE,29.0,60.0,-4.5,100.0,-120.0,33.5,-205.0,170.0,0
2025_14_IND_JAX,2025,2025-12-07,Sunday,IND,19.0,JAX,36.0,55.0,2.5,-108.0,-112.0,44.5,114.0,-135.0,1
2025_14_WAS_MIN,2025,2025-12-07,Sunday,WAS,0.0,MIN,31.0,31.0,1.5,-118.0,-102.0,43.5,-105.0,-115.0,0
2025_14_MIA_NYJ,2025,2025-12-07,Sunday,MIA,34.0,NYJ,10.0,44.0,2.5,-105.0,-115.0,41.5,124.0,-148.0,1
2025_14_NO_TB,2025,2025-12-07,Sunday,NO,24.0,TB,20.0,44.0,-7.5,-118.0,-102.0,41.5,-425.0,330.0,1
2025_14_DEN_LV,2025,2025-12-07,Sunday,DEN,24.0,LV,17.0,41.0,8.5,-110.0,-110.0,40.5,360.0,-470.0,1
2025_14_LA_ARI,2025,2025-12-07,Sunday,LA,45.0,ARI,17.0,62.0,9.5,-110.0,-110.0,49.5,380.0,-500.0,1
2025_14_CHI_GB,2025,2025-12-07,Sunday,CHI,21.0,GB,28.0,49.0,-6.5,-115.0,-105.0,44.5,-305.0,245.0,1
2025_14_HOU_KC,2025,2025-12-07,Sunday,HOU,20.0,KC,10.0,30.0,-4.5,-105.0,-115.0,41.5,-218.0,180.0,0
2025_14_PHI_LAC,2025,2025-12-08,Monday,PHI,19.0,LAC,22.0,41.0,1.5,-115.0,-105.0,41.5,100.0,-120.0,0
2025_15_ATL_TB,2025,2025-12-11,Thursday,ATL,29.0,TB,28.0,57.0,-6.0,-108.0,-112.0,43.5,-278.0,225.0,1
2025_15_CLE_CHI,2025,2025-12-14,Sunday,CLE,3.0,CHI,31.0,34.0,-7.5,-108.0,-112.0,38.5,-375.0,295.0,0
2025_15_BAL_CIN,2025,2025-12-14,Sunday,BAL,24.0,CIN,0.0,24.0,2.5,105.0,-125.0,51.5,136.0,-162.0,1
2025_15_ARI_HOU,2025,2025-12-14,Sunday,ARI,20.0,HOU,40.0,60.0,-10.5,-110.0,-110.0,42.5,-625.0,455.0,0
2025_15_NYJ_JAX,2025,2025-12-14,Sunday,NYJ,20.0,JAX,48.0,68.0,-13.5,-115.0,-105.0,40.5,-1050.0,675.0,0
2025_15_LAC_KC,2025,2025-12-14,Sunday,LAC,16.0,KC,13.0,29.0,-5.5,-120.0,100.0,41.5,-258.0,210.0,1
2025_15_BUF_NE,2025,2025-12-14,Sunday,BUF,35.0,NE,31.0,66.0,2.5,-110.0,-110.0,49.5,120.0,-142.0,1
2025_15_WAS_NYG,2025,2025-12-14,Sunday,WAS,29.0,NYG,21.0,50.0,-2.5,-115.0,-105.0,46.5,-148.0,124.0,1
2025_15_LV_PHI,2025,2025-12-14,Sunday,LV,0.0,PHI,31.0,31.0,-12.5,-112.0,-108.0,37.5,-1000.0,650.0,0
2025_15_GB_DEN,2025,2025-12-14,Sunday,GB,26.0,DEN,34.0,60.0,1.5,-112.0,-108.0,42.5,102.0,-122.0,0
2025_15_DET_LA,2025,2025-12-14,Sunday,DET,34.0,LA,41.0,75.0,-5.5,-115.0,-105.0,54.5,-245.0,200.0,0
2025_15_CAR_NO,2025,2025-12-14,Sunday,CAR,17.0,NO,20.0,37.0,2.5,-102.0,-118.0,41.5,124.0,-148.0,1
2025_15_IND_SEA,2025,2025-12-14,Sunday,IND,16.0,SEA,18.0,34.0,-13.5,-115.0,-105.0,41.5,-1000.0,650.0,0
2025_15_TEN_SF,2025,2025-12-14,Sunday,TEN,24.0,SF,37.0,61.0,-12.5,-112.0,-108.0,44.5,-900.0,600.0,0
2025_15_MIN_DAL,2025,2025-12-14,Sunday,MIN,34.0,DAL,26.0,60.0,-5.5,-110.0,-110.0,47.5,-265.0,215.0,0
2025_15_MIA_PIT,2025,2025-12-15,Monday,MIA,15.0,PIT,28.0,43.0,-3.0,-118.0,-102.0,42.5,-175.0,145.0,0
2025_16_LA_SEA,2025,2025-12-18,Thursday,LA,37.0,SEA,38.0,75.0,-1.5,-110.0,-110.0,42.5,-122.0,102.0,1
2025_16_PHI_WAS,2025,2025-12-20,Saturday,PHI,29.0,WAS,18.0,47.0,7.0,100.0,-120.0,43.5,300.0,-380.0,1
2025_16_GB_CHI,2025,2025-12-20,Saturday,GB,16.0,CHI,22.0,38.0,-1.5,-105.0,-115.0,45.5,-118.0,-102.0,1
2025_16_TB_CAR,2025,2025-12-21,Sunday,TB,20.0,CAR,23.0,43.0,3.0,-120.0,100.0,44.5,130.0,-155.0,1
2025_16_BUF_CLE,2025,2025-12-21,Sunday,BUF,23.0,CLE,20.0,43.0,10.5,-110.0,-110.0,41.5,425.0,-575.0,0
2025_16_LAC_DAL,2025,2025-12-21,Sunday,LAC,34.0,DAL,17.0,51.0,-1.5,-105.0,-115.0,50.5,-122.0,102.0,0
2025_16_CIN_MIA,2025,2025-12-21,Sunday,CIN,45.0,MIA,21.0,66.0,3.5,100.0,-120.0,48.5,170.0,-205.0,0
2025_16_NYJ_NO,2025,2025-12-21,Sunday,NYJ,6.0,NO,29.0,35.0,-6.5,-115.0,-105.0,39.5,-298.0,240.0,0
2025_16_MIN_NYG,2025,2025-12-21,Sunday,MIN,16.0,NYG,13.0,29.0,2.5,-102.0,-118.0,41.5,124.0,-148.0,0
2025_16_KC_TEN,2025,2025-12-21,Sunday,KC,9.0,TEN,26.0,35.0,3.5,-120.0,100.0,37.5,154.0,-185.0,0
2025_16_ATL_ARI,2025,2025-12-21,Sunday,ATL,26.0,ARI,19.0,45.0,2.5,-105.0,-115.0,48.5,124.0,-148.0,0
2025_16_JAX_DEN,2025,2025-12-21,Sunday,JAX,34.0,DEN,20.0,54.0,-3.5,100.0,-120.0,46.5,-175.0,145.0,0
2025_16_PIT_DET,2025,2025-12-21,Sunday,PIT,29.0,DET,24.0,53.0,-7.5,-115.0,-105.0,52.5,-425.0,330.0,0
2025_16_LV_HOU,2025,2025-12-21,Sunday,LV,21.0,HOU,23.0,44.0,-14.5,-105.0,-115.0,39.5,-1600.0,900.0,0
2025_16_NE_BAL,2025,2025-12-21,Sunday,NE,28.0,BAL,24.0,52.0,-3.5,-105.0,-115.0,48.5,-185.0,154.0,0
2025_16_SF_IND,2025,2025-12-22,Monday,SF,48.0,IND,27.0,75.0,4.5,-115.0,-105.0,46.5,185.0,-225.0,0
2025_17_DAL_WAS,2025,2025-12-25,Thursday,DAL,30.0,WAS,23.0,53.0,8.5,100.0,-120.0,50.5,380.0,-500.0,1
2025_17_DET_MIN,2025,2025-12-25,Thursday,DET,10.0,MIN,23.0,33.0,7.0,100.0,-120.0,45.5,285.0,-360.0,1
2025_17_DEN_KC,2025,2025-12-25,Thursday,DEN,20.0,KC,13.0,33.0,13.5,-115.0,-105.0,37.5,700.0,-1100.0,1
2025_17_HOU_LAC,2025,2025-12-27,Saturday,HOU,20.0,LAC,16.0,36.0,-1.5,-105.0,-115.0,40.5,-118.0,-102.0,0
2025_17_BAL_GB,2025,2025-12-27,Saturday,BAL,41.0,GB,24.0,65.0,-2.5,-112.0,-108.0,38.5,-142.0,120.0,0
2025_17_SEA_CAR,2025,2025-12-28,Sunday,SEA,27.0,CAR,10.0,37.0,6.5,-102.0,-118.0,42.5,245.0,-305.0,0
2025_17_ARI_CIN,2025,2025-12-28,Sunday,ARI,14.0,CIN,37.0,51.0,-7.0,-110.0,-110.0,52.5,-345.0,275.0,0
2025_17_PIT_CLE,2025,2025-12-28,Sunday,PIT,6.0,CLE,13.0,19.0,4.5,-112.0,-108.0,35.5,170.0,-205.0,1
2025_17_JAX_IND,2025,2025-12-28,Sunday,JAX,23.0,IND,17.0,40.0,3.5,-105.0,-115.0,48.5,185.0,-225.0,1
2025_17_TB_MIA,2025,2025-12-28,Sunday,TB,17.0,MIA,20.0,37.0,5.5,-112.0,-108.0,44.5,205.0,-250.0,0
2025_17_NE_NYJ,2025,2025-12-28,Sunday,NE,42.0,NYJ,10.0,52.0,12.5,100.0,-120.0,42.5,625.0,-950.0,1
2025_17_NO_TEN,2025,2025-12-28,Sunday,NO,34.0,TEN,26.0,60.0,1.5,-110.0,-110.0,39.5,100.0,-120.0,0
2025_17_NYG_LV,2025,2025-12-28,Sunday,NYG,34.0,LV,10.0,44.0,3.0,-118.0,-102.0,40.5,136.0,-162.0,0
2025_17_PHI_BUF,2025,2025-12-28,Sunday,PHI,13.0,BUF,12.0,25.0,-3.0,-112.0,-108.0,45.5,-170.0,142.0,0
2025_17_CHI_SF,2025,2025-12-28,Sunday,CHI,38.0,SF,42.0,80.0,-3.5,-115.0,-105.0,51.5,-205.0,170.0,0
2025_17_LA_ATL,2025,2025-12-29,Monday,LA,24.0,ATL,27.0,51.0,7.5,-118.0,-102.0,48.5,300.0,-380.0,0
2025_18_CAR_TB,2025,2026-01-03,Saturday,CAR,14.0,TB,16.0,30.0,-3.0,-105.0,-115.0,43.5,-155.0,130.0,1
2025_18_SEA_SF,2025,2026-01-03,Saturday,SEA,13.0,SF,3.0,16.0,2.5,100.0,-120.0,47.5,124.0,-148.0,1
2025_18_NO_ATL,2025,2026-01-04,Sunday,NO,17.0,ATL,19.0,36.0,-4.5,-105.0,-115.0,43.5,-205.0,170.0,1
2025_18_CLE_CIN,2025,2026-01-04,Sunday,CLE,20.0,CIN,18.0,38.0,-9.5,-108.0,-112.0,47.5,-455.0,350.0,1
2025_18_IND_HOU,2025,2026-01-04,Sunday,IND,30.0,HOU,38.0,68.0,-9.5,-110.0,-110.0,37.5,-535.0,400.0,1
2025_18_TEN_JAX,2025,2026-01-04,Sunday,TEN,7.0,JAX,41.0,48.0,-12.5,-110.0,-110.0,46.5,-750.0,525.0,1
2025_18_GB_MIN,2025,2026-01-04,Sunday,GB,3.0,MIN,16.0,19.0,-12.5,-112.0,-108.0,37.5,-650.0,470.0,1
2025_18_DAL_NYG,2025,2026-01-04,Sunday,DAL,17.0,NYG,34.0,51.0,3.0,-105.0,-115.0,50.5,140.0,-166.0,1
2025_18_NYJ_BUF,2025,2026-01-04,Sunday,NYJ,8.0,BUF,35.0,43.0,-12.5,-108.0,-112.0,39.5,-800.0,550.0,1
2025_18_DET_CHI,2025,2026-01-04,Sunday,DET,19.0,CHI,16.0,35.0,-3.5,-110.0,-110.0,51.5,-180.0,150.0,1
2025_18_LAC_DEN,2025,2026-01-04,Sunday,LAC,3.0,DEN,19.0,22.0,-14.5,-112.0,-108.0,37.5,-1600.0,900.0,1
2025_18_ARI_LA,2025,2026-01-04,Sunday,ARI,20.0,LA,37.0,57.0,-14.5,-105.0,-115.0,49.5,-1350.0,800.0,1
2025_18_KC_LV,2025,2026-01-04,Sunday,KC,12.0,LV,14.0,26.0,3.5,-108.0,-112.0,36.5,185.0,-225.0,1
2025_18_MIA_NE,2025,2026-01-04,Sunday,MIA,10.0,NE,38.0,48.0,-14.0,-108.0,-112.0,44.5,-1000.0,650.0,1
2025_18_WAS_PHI,2025,2026-01-04,Sunday,WAS,24.0,PHI,17.0,41.0,-3.0,-115.0,-105.0,38.5,-180.0,150.0,1
2025_18_BAL_PIT,2025,2026-01-04,Sunday,BAL,24.0,PIT,26.0,50.0,4.5,-115.0,-105.0,41.5,185.0,-225.0,1
2025_19_LA_CAR,2025,2026-01-10,Saturday,LA,34.0,CAR,31.0,65.0,10.0,-112.0,-108.0,44.5,410.0,-550.0,0
2025_19_GB_CHI,2025,2026-01-10,Saturday,GB,27.0,CHI,31.0,58.0,2.5,-112.0,-108.0,45.5,114.0,-135.0,1
2025_19_BUF_JAX,2025,2026-01-11,Sunday,BUF,27.0,JAX,24.0,51.0,-1.5,-110.0,-110.0,51.5,-122.0,102.0,0
2025_19_SF_PHI,2025,2026-01-11,Sunday,SF,23.0,PHI,19.0,42.0,-6.0,-105.0,-115.0,44.5,-265.0,215.0,0
2025_19_LAC_NE,2025,2026-01-11,Sunday,LAC,3.0,NE,16.0,19.0,-3.5,-115.0,-105.0,45.5,-198.0,164.0,0
2025_19_HOU_PIT,2025,2026-01-12,Monday,HOU,30.0,PIT,6.0,36.0,3.0,-115.0,-105.0,38.5,130.0,-155.0,0
2025_20_BUF_DEN,2025,2026-01-17,Saturday,BUF,30.0,DEN,33.0,63.0,-1.5,-108.0,-112.0,45.5,-120.0,100.0,0
2025_20_SF_SEA,2025,2026-01-17,Saturday,SF,6.0,SEA,41.0,47.0,-6.5,-118.0,-102.0,44.5,-305.0,245.0,1
2025_20_HOU_NE,2025,2026-01-18,Sunday,HOU,16.0,NE,28.0,44.0,-3.0,-122.0,102.0,40.5,-180.0,150.0,0
2025_20_LA_CHI,2025,2026-01-18,Sunday,LA,20.0,CHI,17.0,37.0,3.5,-102.0,-118.0,49.5,170.0,-205.0,0
2025_21_NE_DEN,2025,2026-01-25,Sunday,NE,,DEN,,,3.5,-102.0,-118.0,43.5,180.0,-218.0,0
2025_21_LA_SEA,2025,2026-01-25,Sunday,LA,,SEA,,,-2.5,-110.0,-110.0,46.5,-142.0,120.0,1
