Aw_Tm,Aw_G,Aw_W,Aw_Wpct,Aw_Poss,Aw_TotPoss,Aw_OppPoss,Aw_TotOppPoss,Aw_PassOffEff,Aw_RushOffEff,Aw_PassDefEff,Aw_RushDefEff,Aw_TmOffEff,Aw_TmDefEff,Aw_TmEff,Aw_TmLuckW,Aw_Pts,Aw_TotPts,Aw_TotScorePlays,Aw_OppPts,Aw_TotOppPts,Aw_TotOppScorePlays,Aw_TmDiv,Aw_WStreak,Aw_AvgMoV,Aw_TotPtDiff,Aw_OppSOS,Aw_PassCmppct,Aw_PassAdjYdsAtt,Aw_RushYdsAtt,Aw_PassTDG,Aw_RushTDG,Aw_FGpct,Aw_PenYdsG,Aw_TOVG,Aw_TO,Aw_Dwn3Conv,Aw_OppPassCmppct,Aw_OppPassAdjYdsAtt,Aw_OppRushYdsAtt,Aw_OppPassTDG,Aw_OppRushTDG,Aw_OppFGpct,Aw_OppPenYdsG,Aw_OppTOVG,Aw_OppDwn3Conv,Aw_TmLuck,Game Date,Aw_Season,Aw_OffEffAdj,Aw_DefEffAdj,Hm_Tm,Hm_G,Hm_W,Hm_Wpct,Hm_Poss,Hm_TotPoss,Hm_OppPoss,Hm_TotOppPoss,Hm_PassOffEff,Hm_RushOffEff,Hm_PassDefEff,Hm_RushDefEff,Hm_TmOffEff,Hm_TmDefEff,Hm_TmEff,Hm_TmLuckW,Hm_Pts,Hm_TotPts,Hm_TotScorePlays,Hm_OppPts,Hm_TotOppPts,Hm_TotOppScorePlays,Hm_TmDiv,Hm_WStreak,Hm_AvgMoV,Hm_TotPtDiff,Hm_OppSOS,Hm_PassCmppct,Hm_PassAdjYdsAtt,Hm_RushYdsAtt,Hm_PassTDG,Hm_RushTDG,Hm_FGpct,Hm_PenYdsG,Hm_TOVG,Hm_TO,Hm_Dwn3Conv,Hm_OppPassCmppct,Hm_OppPassAdjYdsAtt,Hm_OppRushYdsAtt,Hm_OppPassTDG,Hm_OppRushTDG,Hm_OppFGpct,Hm_OppPenYdsG,Hm_OppTOVG,Hm_OppDwn3Conv,Hm_TmLuck,Hm_Season,Hm_OffEffAdj,Hm_DefEffAdj,Matchup,Home Team,Home Elo,Home Lg Rank,Away Team,Away Elo,Away Lg Rank,Home W,Home Pt Diff,Home Spread,Home Spread W,Home Moneyline,Away Moneyline,Divisional Game,Playoff Game
ARI,1.0,1.0,1.0,13.0,13,15.0,15,-18.0,1.367241379310344,-47.9,-0.42442528735632257,1.3076923076923077,0.8666666666666667,0.441025641025641,0.653800180325273,17.0,17.0,3.0,13.0,13.0,3.0,NFC West,1,4.0,4,0.5,0.537,6.98,5.333333333333333,1.0,1.0,1.0,72.0,4.0,0.0,0.38461538461538464,0.5820000000000001,2.27,3.5416666666666665,1.0,0.0,0.6666666666666666,40.0,4.0,0.38461538461538464,0.346199819674727,2010-09-19,2010,0.310661496848014,0.0692399639349454,ATL,1.0,0.0,0.0,12.0,12,12.0,12,-33.8,-1.6460919540229892,-22.400000000000006,0.6468112717834629,0.75,1.25,-0.5,0.2295848710705603,9.0,9.0,3.0,15.0,15.0,4.0,NFC South,-1,-6.0,-6,0.5,0.614,4.36,2.32,0.0,0.0,0.75,24.0,1.0,0.0,0.375,0.6920000000000001,6.38,4.612903225806452,0.0,1.0,0.6,25.0,1.0,0.375,-0.2295848710705603,2010,0.1926037822323599,-0.07652829035685345,ARI vs. ATL,ATL,1450.0,17.0,ARI,1550.0,1.0,1,34,-7.0,1,-280.0,248.0,0,0
LVR,2.0,1.0,0.5,11.5,23,11.0,22,-37.400000000000006,0.8117926613616264,10.250000000000007,0.44782745989642514,1.268939393939394,2.3636363636363638,-1.0946969696969697,0.6514192591851407,14.5,29.0,7.0,26.0,52.0,8.0,AFC West,1,-11.5,-23,0.0,0.5615,3.925,4.7778846153846155,1.0,0.0,0.7083333333333333,83.5,2.0,-2.0,0.3130252100840336,0.6625000000000001,7.895,4.413919413919414,2.0,1.5,0.5,86.5,1.0,0.3130252100840336,0.34858074081485935,2010-09-26,2010,0.35739272142834816,0.24519649832997442,ARI,2.0,1.0,0.5,12.0,24,13.0,26,-44.75,3.2390362511052158,-15.400000000000002,0.2602969348658999,0.9720279720279721,2.296969696969697,-1.3249417249417248,0.6687299060148063,12.0,24.0,4.0,27.0,54.0,10.0,NFC West,-1,-15.0,-30,0.0,0.541,3.7,7.205128205128204,0.5,1.0,0.5,90.5,3.5,-2.0,0.19230769230769232,0.619,5.555,4.226388888888889,2.0,1.0,0.8333333333333333,57.5,2.5,0.19230769230769232,0.3312700939851937,2010,0.19427250783209948,0.2560134796125373,LVR vs. ARI,ARI,1485.9935000197115,9.0,LVR,1500.0,9.0,1,1,-5.5,0,-234.0,209.0,0,0
ARI,3.0,2.0,0.6666666666666666,12.0,36,13.333333333333334,40,-40.666666666666664,2.3629678750368397,-20.400000000000002,0.194934982003947,1.3146853146853148,2.078932178932179,-0.7642468642468642,1.1939251198209995,16.0,48.0,7.0,25.666666666666668,77.0,15.0,NFC West,1,-9.666666666666666,-29,0.25,0.5146666666666667,3.7866666666666666,6.329059829059829,1.0,0.6666666666666666,0.6666666666666666,95.0,3.3333333333333335,-4.0,0.25641025641025644,0.5793333333333334,5.723333333333333,4.161026936026936,1.6666666666666667,1.0,0.7222222222222222,79.33333333333333,2.0,0.25641025641025644,0.8060748801790005,2010-10-03,2010,0.24669003853012042,0.35075936002237507,LAC,3.0,1.0,0.3333333333333333,13.0,39,11.0,33,-2.5666666666666678,0.37725779967159223,-35.766666666666666,-0.16984653277756787,1.9549339549339548,1.8772727272727272,0.07766122766122747,1.5330550485678973,24.0,72.0,11.0,20.333333333333332,61.0,8.0,AFC West,-1,3.6666666666666665,11,0.75,0.6233333333333334,8.523333333333333,4.343349753694581,2.3333333333333335,0.6666666666666666,1.0,46.0,3.0,-1.0,0.3984126984126984,0.556,4.04,3.796245421245421,1.0,0.3333333333333333,1.0,33.333333333333336,2.6666666666666665,0.3984126984126984,-0.5330550485678973,2010,0.23193499543378743,0.11854100617633152,ARI vs. LAC,LAC,1459.9838184071837,19.0,ARI,1538.008106127738,4.0,1,31,-10.0,1,-500.0,423.0,0,0
NOR,4.0,3.0,0.75,10.0,40,10.25,41,1.5999999999999979,-0.9402801724137937,-13.149999999999999,0.6810317917964088,1.9469696969696968,1.7386363636363638,0.2083333333333333,2.3245200027963873,19.75,79.0,15.0,18.0,72.0,12.0,NFC South,1,1.75,7,0.16666666666666666,0.741,7.16,3.025811781609195,1.75,0.25,0.625,37.0,1.25,2.0,0.45454545454545453,0.6080000000000001,6.8175,4.647123745819398,1.25,1.0,1.0,51.5,1.75,0.45454545454545453,0.6754799972036127,2010-10-10,2010,0.43832624973783874,0.26893756077099606,ARI,4.0,2.0,0.5,11.5,46,12.25,49,-48.025,1.6199886320575967,-4.125000000000005,0.33888877431300235,1.236013986013986,2.698088023088023,-1.462074037074037,1.228016023647558,14.5,58.0,8.0,29.5,118.0,21.0,NFC West,-1,-15.0,-60,0.27777777777777773,0.52,2.8125,5.586080586080586,0.75,0.5,0.75,79.75,3.25,-6.0,0.27564102564102566,0.625,7.614999999999999,4.304980728335991,1.75,1.25,0.7083333333333333,70.5,1.75,0.27564102564102566,0.7719839763524421,2010,0.2074775641892366,0.4041411403234759,NOR vs. ARI,ARI,1476.9645390974367,10.0,NOR,1555.709927338032,1.0,1,10,6.5,1,252.0,-285.0,0,0
ARI,5.0,3.0,0.6,11.0,55,12.2,61,-46.14,0.8444391815081463,-9.780000000000005,0.2506199013730769,1.6554778554778555,2.4918037518037517,-0.8363258963258963,1.9513284558230608,17.6,88.0,11.0,27.6,138.0,25.0,NFC West,1,-10.0,-50,0.3958333333333333,0.5402,2.994,4.810531135531135,0.6,0.4,0.8,67.8,2.8,-3.0,0.27384615384615385,0.623,7.004,4.216711855396066,1.8,1.0,0.7,65.4,2.2,0.27384615384615385,1.0486715441769392,2010-10-24,2010,0.24194686176707758,0.41382553640794584,SEA,5.0,3.0,0.6,10.8,54,12.0,60,-23.74,-0.3094453234212392,-21.44,-0.7605781695618363,1.8749572649572648,1.7056721056721056,0.16928515928515928,2.3757025048039835,19.6,98.0,13.0,19.4,97.0,17.0,NFC West,1,0.2,1,0.4083333333333333,0.6282,5.272,3.6566466306017498,1.0,0.8,1.0,52.6,1.8,-1.0,0.4416006216006216,0.5672,6.458,3.2055137844611528,1.2,0.6,0.9333333333333333,47.4,1.6,0.4416006216006216,0.6242974951960165,2010,0.27079950902795635,0.26204352472777426,ARI vs. SEA,SEA,1543.7516361940843,13.0,ARI,1538.1067729015026,7.0,1,12,-6.5,1,-276.0,244.0,1,0
TAM,6.0,4.0,0.6666666666666666,10.333333333333334,62,10.333333333333334,62,-16.683333333333334,0.07592909682159132,-21.733333333333334,1.2650294306310041,1.5596153846153846,2.2498575498575497,-0.6902421652421653,2.7415803781574333,16.333333333333332,98.0,19.0,21.333333333333332,128.0,20.0,NFC South,1,-5.0,-30,0.52,0.5946666666666666,6.18,4.04202105084458,1.1666666666666667,0.3333333333333333,0.8333333333333334,46.166666666666664,1.3333333333333333,6.0,0.409464391817333,0.5743333333333333,5.798333333333333,5.231121384653993,2.0,0.5,0.7,50.0,2.3333333333333335,0.409464391817333,1.2584196218425667,2010-10-31,2010,0.3707257333736795,0.33647417321734224,ARI,6.0,3.0,0.5,11.333333333333334,68,12.333333333333334,74,-49.416666666666664,0.9843506589196238,-12.816666666666672,0.21450125880706591,1.5077700077700078,2.3585544085544083,-0.8507844007844007,2.085027163313003,16.333333333333332,98.0,13.0,26.666666666666668,160.0,31.0,NFC West,-1,-10.333333333333334,-62,0.43666666666666665,0.5108333333333334,2.8433333333333337,4.950442612942613,0.5,0.5,0.8333333333333334,61.833333333333336,3.1666666666666665,-7.0,0.255982905982906,0.6068333333333333,6.616666666666666,4.180593212830055,1.6666666666666667,0.8333333333333334,0.75,70.33333333333333,2.0,0.255982905982906,0.9149728366869971,2010,0.22033001685522294,0.4129823376966147,TAM vs. ARI,ARI,1488.9190625581296,15.0,TAM,1564.810520162072,7.0,0,-3,-3.0,0,-174.0,157.0,0,0
ARI,7.0,3.0,0.42857142857142855,11.571428571428571,81,12.428571428571429,87,-48.07142857142857,0.8982625837787536,-8.471428571428577,0.3506069903075343,1.676989676989677,2.439200482057625,-0.7622108050679478,2.5364547556143493,19.0,133.0,17.0,28.285714285714285,198.0,35.0,NFC West,-2,-9.285714285714286,-65,0.4749999999999999,0.5235714285714286,2.994285714285714,4.864354537801743,0.7142857142857143,0.7142857142857143,0.8333333333333334,54.714285714285715,3.2857142857142856,-9.0,0.2963369963369963,0.623,7.231428571428571,4.316698944330524,1.5714285714285714,1.0,0.7142857142857143,71.71428571428571,2.0,0.2963369963369963,0.4635452443856507,2010-11-07,2010,0.2237747251403105,0.37146811749342823,MIN,7.0,2.0,0.2857142857142857,10.571428571428571,74,10.285714285714286,72,-28.385714285714283,0.6175340128327915,-12.442857142857141,-0.1110482687555858,1.7734598734598734,2.061904761904762,-0.28844488844488847,2.999741290365058,18.428571428571427,129.0,21.0,20.571428571428573,144.0,21.0,NFC North,-2,-2.142857142857143,-15,0.5555555555555556,0.604,4.844285714285713,4.58362596685578,1.1428571428571428,1.0,1.0,53.57142857142857,2.2857142857142856,-7.0,0.3961942819085676,0.6348571428571429,6.512857142857143,3.8550436852674035,1.2857142857142858,0.8571428571428571,0.5,45.0,1.2857142857142858,0.3961942819085676,-0.999741290365058,2010,0.24325373147168686,0.20834411290145594,ARI vs. MIN,MIN,1405.8571463130522,19.0,ARI,1449.6702716859363,17.0,1,3,-7.0,0,-325.0,285.0,0,0
SEA,8.0,4.0,0.5,11.25,90,12.0,96,-33.025,-0.43397728358110593,-15.8625,0.033565972503638464,1.499732905982906,1.9920066045066045,-0.49227369852369846,3.26032527285161,16.25,130.0,21.0,22.625,181.0,33.0,NFC West,-2,-6.375,-51,0.482312925170068,0.574375,4.395,3.5321146704418833,0.875,0.5,0.8666666666666666,60.375,1.75,0.0,0.3411045551670552,0.5515,7.26625,3.999657926526628,1.375,0.875,0.9333333333333333,51.75,1.75,0.3411045551670552,0.7396747271483899,2010-11-14,2010,0.25490717954182807,0.3325641484321574,ARI,8.0,3.0,0.375,11.5,92,12.5,100,-43.2625,0.6056944570297262,-7.387500000000004,0.3110196222662189,1.74009324009324,2.3939158064158064,-0.6538225663225662,2.96711796396138,19.625,157.0,19.0,28.125,225.0,40.0,NFC West,-3,-8.5,-68,0.4479591836734694,0.53225,3.50875,4.571786411052715,0.75,0.625,0.8571428571428571,52.75,3.0,-7.0,0.2881410256410256,0.640875,7.33,4.277111576289208,1.625,1.0,0.75,70.875,2.125,0.2881410256410256,0.032882036038619944,2010,0.20737059603904046,0.351644101801931,SEA vs. ARI,ARI,1538.1067729015026,7.0,SEA,1543.7516361940843,13.0,0,-18,-3.5,0,-200.0,180.0,1,0
ARI,9.0,3.0,0.3333333333333333,11.666666666666666,105,12.444444444444445,112,-41.86666666666667,0.42311501453180544,-7.26666666666667,0.23005023565343943,1.7005957005957006,2.461258494591828,-0.7606627939961272,3.1292079832059834,19.444444444444443,175.0,22.0,29.0,261.0,48.0,NFC West,-4,-9.555555555555555,-86,0.4544642857142857,0.5298888888888889,3.763333333333333,4.389206968554794,0.7777777777777778,0.6666666666666666,0.875,52.44444444444444,2.888888888888889,-8.0,0.27632737632737636,0.641888888888889,7.502222222222222,4.196142189676428,1.5555555555555556,1.1111111111111112,0.7592592592592592,68.66666666666667,2.0,0.27632737632737636,-0.12920798320598337,2010-11-21,2010,0.2065157929835644,0.37479961984733406,KAN,9.0,5.0,0.5555555555555556,11.333333333333334,102,11.444444444444445,103,-7.255555555555554,0.6294492271391072,-16.4,-0.009550046767728797,2.1830527497194168,2.028205128205128,0.15484762151428816,4.95718302986765,23.555555555555557,212.0,35.0,21.555555555555557,194.0,32.0,AFC West,-2,2.0,18,0.29375,0.5905555555555556,7.148888888888889,4.595541181162096,1.7777777777777777,0.6666666666666666,0.7738095238095237,51.111111111111114,0.7777777777777778,5.0,0.33149766899766897,0.5802222222222222,6.521111111111112,3.9565419072552603,1.6666666666666667,0.6666666666666666,0.6071428571428571,56.333333333333336,1.3333333333333333,0.33149766899766897,0.04281697013234975,2010,0.3447697101902312,0.27763769476185024,ARI vs. KAN,KAN,1433.8363751141717,11.0,ARI,1356.745718998515,19.0,1,18,-7.0,1,-303.0,267.0,0,0
SFO,10.0,3.0,0.3,11.2,112,11.4,114,-22.25,-0.11531802375470575,-10.719999999999997,-0.3350102627706478,1.4295182595182596,1.9461904761904762,-0.5166722166722166,3.903078002508253,16.0,160.0,27.0,21.9,219.0,40.0,NFC West,-1,-5.9,-59,0.5576719576719577,0.582,6.1579999999999995,3.8507739302682835,1.1,0.5,0.8571428571428571,67.5,1.8,-6.0,0.33269733534439416,0.6509,6.45,3.6310816912523416,1.5,0.6,0.8166666666666667,54.4,1.2,0.33269733534439416,-0.903078002508253,2010-11-29,2010,0.2193007981538189,0.2841025262277806,ARI,10.0,3.0,0.3,11.6,116,12.3,123,-39.67,0.48919431767632593,-4.990000000000003,0.35871187875476207,1.6487179487179489,2.496950826950827,-0.8482328782328782,3.24229195048463,18.8,188.0,25.0,29.2,292.0,53.0,NFC West,-5,-10.4,-104,0.46569664902998237,0.5312,4.0409999999999995,4.455286271699315,0.8,0.6,0.8888888888888888,56.8,2.6,-8.0,0.2753613053613054,0.6402,7.723000000000001,4.324803832777751,1.6,1.2,0.7833333333333333,64.1,1.8,0.2753613053613054,-0.24229195048462993,2010,0.21029543210162435,0.37736465579212575,SFO vs. ARI,ARI,1317.6614047043263,23.0,SFO,1425.740054487211,23.0,0,-21,1.0,0,113.0,-125.0,1,0
LAR,11.0,5.0,0.45454545454545453,11.545454545454545,127,11.272727272727273,124,-16.79090909090909,-0.08442836869561064,-16.63636363636364,0.527178053431079,1.704192020101111,1.9280744508017236,-0.22388243070061256,5.612191681547528,19.363636363636363,213.0,42.0,21.0,231.0,46.0,NFC West,1,-1.6363636363636365,-18,0.3661111111111111,0.6045454545454546,5.742727272727273,3.881663585327378,1.5454545454545454,0.45454545454545453,0.8030303030303029,61.45454545454545,1.1818181818181819,4.0,0.34847211611917495,0.5931818181818183,6.515454545454546,4.493270007454068,1.3636363636363635,0.45454545454545453,0.9318181818181818,63.81818181818182,1.5454545454545454,0.34847211611917495,-0.6121916815475279,2010-12-05,2010,0.3123034712777408,0.3165976412381332,ARI,11.0,3.0,0.2727272727272727,11.545454545454545,127,12.090909090909092,133,-40.52727272727273,0.1916063095053139,-8.081818181818186,0.47038348389875767,1.548421275694003,2.51540984268257,-0.9669885669885669,3.2698192594053683,17.636363636363637,194.0,27.0,29.0,319.0,58.0,NFC West,-6,-11.363636363636363,-125,0.44912698412698415,0.5244545454545455,4.05,4.157698263528303,0.7272727272727273,0.5454545454545454,0.9,57.18181818181818,2.5454545454545454,-9.0,0.2668573850392032,0.6254545454545455,7.416363636363636,4.436475437921747,1.5454545454545454,1.2727272727272727,0.7575757575757577,61.90909090909091,1.7272727272727273,0.2668573850392032,-0.26981925940536833,2010,0.2073835934116357,0.3857487921766839,LAR vs. ARI,ARI,1500.0,1.0,LAR,1500.0,1.0,0,-13,3.0,0,152.0,-169.0,1,0
DEN,12.0,3.0,0.25,11.583333333333334,139,11.083333333333334,133,-10.4,-0.10113326493342012,-0.8749999999999982,0.21088618251232413,1.9032291782291784,2.48489380989381,-0.5816646316646316,4.428376990331901,21.333333333333332,256.0,45.0,27.75,333.0,54.0,AFC West,-3,-6.416666666666667,-77,0.5726059294241113,0.5854166666666667,7.344166666666666,3.864958689089569,1.75,0.6666666666666666,0.8666666666666666,59.416666666666664,1.4166666666666667,-5.0,0.3110916860916861,0.609,8.354166666666666,4.176978136535313,2.0,1.3333333333333333,0.7651515151515151,60.0,1.0,0.3110916860916861,-1.428376990331901,2010-12-12,2010,0.2852056567356501,0.3238519063421537,ARI,12.0,3.0,0.25,11.416666666666666,137,11.916666666666666,143,-43.64166666666667,0.30565777000076233,-10.433333333333335,0.3761401603682417,1.4693861693861694,2.464125689125689,-0.9947395197395196,3.330939149922,16.666666666666668,200.0,29.0,28.166666666666668,338.0,63.0,NFC West,-7,-11.5,-138,0.449619572346845,0.5123333333333333,3.795833333333333,4.271749724023752,0.6666666666666666,0.5,0.9090909090909091,56.916666666666664,2.5,-10.0,0.2521950271950272,0.6250833333333333,7.155,4.342232114391231,1.4166666666666667,1.25,0.7777777777777778,58.0,1.6666666666666667,0.2521950271950272,-0.330939149922,2010,0.205841097720354,0.3916962899504161,DEN vs. ARI,ARI,1255.8549425678125,27.0,DEN,1307.1311153413988,27.0,1,30,4.0,1,171.0,-190.0,0,0
ARI,13.0,4.0,0.3076923076923077,11.692307692307692,152,12.23076923076923,159,-44.05384615384616,0.4544372029944104,-15.315384615384618,0.36966572973268796,1.5768692845615924,2.337077559192944,-0.7602082746313515,4.275483251497996,18.692307692307693,243.0,37.0,27.0,351.0,66.0,NFC West,1,-8.307692307692308,-108,0.43298460798460797,0.5033076923076923,3.7992307692307694,4.420529157017399,0.6153846153846154,0.6923076923076923,0.9027777777777778,57.30769230769231,2.3846153846153846,-5.0,0.2520261789492559,0.6126153846153846,6.643846153846154,4.335757683755677,1.3076923076923077,1.2307692307692308,0.7692307692307693,58.61538461538461,2.0,0.2520261789492559,-0.27548325149799613,2010-12-19,2010,0.23826271239603958,0.3743677336241569,CAR,13.0,1.0,0.07692307692307693,12.0,156,11.384615384615385,148,-46.723076923076924,0.28460517211139463,-21.700000000000003,0.1392420692562184,1.0753861523092292,2.2908134600442294,-1.215427307735,2.4988537698088056,12.615384615384615,164.0,33.0,26.0,338.0,57.0,NFC South,-7,-13.384615384615385,-174,0.5847041847041847,0.5221538461538462,3.1415384615384614,4.2506971261343836,0.5384615384615384,0.5384615384615384,0.8629629629629629,53.92307692307692,2.4615384615384617,-8.0,0.3094306711388159,0.6089230769230769,5.136923076923077,4.105334023279207,1.2307692307692308,1.3076923076923077,0.9358974358974359,51.23076923076923,1.8461538461538463,0.3094306711388159,-1.4988537698088056,2010,0.18714882918950168,0.3111046440337308,ARI vs. CAR,CAR,1226.572721746924,32.0,ARI,1313.1810634196495,26.0,1,7,-2.5,1,-128.0,116.0,0,0
DAL,14.0,5.0,0.35714285714285715,10.785714285714286,151,10.785714285714286,151,-5.778571428571427,-0.10296161148471228,-2.542857142857142,0.19553418475879464,2.371457708957709,2.626695526695527,-0.2552378177378177,6.283407484428997,25.285714285714285,354.0,57.0,28.285714285714285,396.0,63.0,NFC East,1,-3.0,-42,0.5953228395536088,0.6760714285714285,7.183571428571429,3.863130342538277,1.8571428571428572,0.6428571428571429,0.746969696969697,54.92857142857143,1.8571428571428572,0.0,0.39830463653993065,0.6663571428571429,7.567857142857143,4.1616261387817834,2.2142857142857144,0.7857142857142857,0.9545454545454546,39.857142857142854,1.8571428571428572,0.39830463653993065,-1.2834074844289969,2010-12-25,2010,0.34287879535834775,0.34916997562959945,ARI,14.0,4.0,0.2857142857142857,11.571428571428571,162,12.071428571428571,169,-44.15714285714286,0.3193573892578735,-13.914285714285715,0.34092113327394913,1.54995004995005,2.3058577335363046,-0.7559076835862549,4.527272622240774,18.214285714285715,255.0,39.0,26.428571428571427,370.0,71.0,NFC West,-1,-8.214285714285714,-115,0.4055952594414133,0.5041428571428571,3.809285714285714,4.285449343280862,0.5714285714285714,0.6428571428571429,0.9102564102564104,56.0,2.357142857142857,-6.0,0.2530719280719281,0.6177142857142857,6.7178571428571425,4.307013087296938,1.2857142857142858,1.1428571428571428,0.7857142857142857,58.57142857142857,1.9285714285714286,0.2530719280719281,-0.5272726222407744,2010,0.2316738834799867,0.3742872543621745,DAL vs. ARI,ARI,1250.9690310744054,27.0,DAL,1487.7367338496165,21.0,1,1,7.0,1,269.0,-305.0,0,0
ARI,15.0,5.0,0.3333333333333333,11.466666666666667,172,12.133333333333333,182,-42.43333333333333,0.3288988616105779,-14.866666666666669,0.412610456865918,1.6266200466200467,2.2854672179672177,-0.6588471713471713,5.04961887043892,18.8,282.0,42.0,26.4,396.0,76.0,NFC West,1,-7.6,-114,0.40213437356294496,0.4998666666666667,4.083333333333333,4.294990815633567,0.6,0.6,0.8928571428571429,55.13333333333333,2.2,-3.0,0.2483216783216783,0.618,6.538666666666667,4.378702410888907,1.3333333333333333,1.1333333333333333,0.8,57.93333333333333,2.0,0.2483216783216783,-0.04961887043891977,2011-01-02,2010,0.24337829745797107,0.38836225855188355,SFO,15.0,5.0,0.3333333333333333,11.066666666666666,166,11.266666666666667,169,-22.633333333333333,0.04076310823965613,-7.379999999999997,-0.6269039275667244,1.6073556073556075,2.0572142672142673,-0.44985865985865986,6.149898728777204,17.8,267.0,46.0,22.6,339.0,61.0,NFC West,-2,-4.8,-72,0.5301745873174445,0.5655333333333333,6.162000000000001,4.0068550622626455,1.1333333333333333,0.5333333333333333,0.8181818181818182,60.6,1.5333333333333334,-3.0,0.32959108429696665,0.6550666666666667,6.935999999999999,3.339188026456265,1.6,0.6,0.788888888888889,53.06666666666667,1.3333333333333333,0.32959108429696665,-1.1498987287772042,2010,0.2558653246892565,0.3092134822661107,ARI vs. SFO,SFO,1425.740054487211,23.0,ARI,1317.6614047043263,23.0,1,31,-6.0,1,-230.0,205.0,1,0
ATL,2.0,1.0,0.5,11.5,23,11.5,23,-8.350000000000001,-0.35053639846743345,-46.95,2.878821197341775,2.2386363636363633,0.9431818181818181,1.2954545454545454,1.214655145381027,25.0,50.0,10.0,11.0,22.0,5.0,NFC South,1,14.0,28,1.0,0.635,6.6,3.615555555555556,1.5,1.0,0.875,49.5,1.0,2.0,0.5110294117647058,0.6185,3.4,6.844913151364764,0.0,1.0,0.3,67.0,2.0,0.5110294117647058,-0.21465514538102703,2010-09-26,2010,0.38811844665629847,0.08536357115423619,NOR,2.0,2.0,1.0,10.0,20,10.0,20,3.6499999999999986,-1.3444252873563225,-23.75,0.742938146311459,1.9141414141414144,1.55,0.36414141414141415,1.3153932165971831,19.5,39.0,7.0,15.5,31.0,5.0,NFC South,2,4.0,8,0.0,0.7435,7.105,2.6216666666666666,1.5,0.5,0.5,37.0,0.0,5.0,0.35064935064935066,0.6375000000000001,5.74,4.709030100334449,1.0,1.0,1.0,50.0,2.5,0.35064935064935066,0.6846067834028169,2010,0.46980618709549293,0.2105758479253521,ATL vs. NOR,NOR,1585.9935000197115,1.0,ATL,1514.0064999802885,9.0,0,-3,-3.0,0,-172.0,155.0,1,0
SFO,3.0,0.0,0.0,11.0,33,11.0,33,-33.3,-0.3303744551475954,8.700000000000003,-0.38647471136226796,1.192929292929293,2.652020202020202,-1.459090909090909,0.5089062008083479,12.666666666666666,38.0,7.0,29.0,87.0,14.0,NFC West,-3,-16.333333333333332,-49,1.0,0.615,4.510000000000001,3.635717498875394,0.6666666666666666,0.6666666666666666,1.0,51.666666666666664,2.3333333333333335,-5.0,0.28583877995642704,0.7043333333333334,8.020000000000001,3.579617242660721,2.3333333333333335,0.6666666666666666,0.8333333333333334,43.0,0.6666666666666666,0.28583877995642704,-0.5089062008083479,2010-10-03,2010,0.17613794539738953,0.2108617493806377,ATL,3.0,2.0,0.6666666666666666,11.333333333333334,34,11.333333333333334,34,-3.2666666666666657,-0.209054916985952,-27.96666666666667,1.4930168135535204,2.3106060606060606,1.3560606060606062,0.9545454545454546,1.7839919370339965,25.666666666666668,77.0,15.0,15.333333333333334,46.0,9.0,NFC South,2,10.333333333333334,31,1.0,0.6343333333333333,7.233333333333333,3.757037037037037,1.6666666666666667,1.0,0.9166666666666666,46.333333333333336,1.0,4.0,0.5073529411764706,0.6753333333333335,5.116666666666667,5.4591087675765095,1.0,0.6666666666666666,0.3666666666666667,57.333333333333336,2.3333333333333335,0.5073529411764706,0.2160080629660035,2010,0.47294236220088287,0.19553012320288266,SFO vs. ATL,ATL,1574.2205165379482,4.0,SFO,1386.9160182128549,28.0,1,2,-7.0,0,-309.0,272.0,0,0
ATL,4.0,3.0,0.75,11.25,45,10.75,43,-10.974999999999998,-0.3034865900383147,-29.8,1.0086744042680889,2.096590909090909,1.4059343434343434,0.6906565656565657,2.36245551488617,23.25,93.0,19.0,15.0,60.0,10.0,NFC South,3,8.25,33,0.6666666666666666,0.627,6.525,3.6626053639846745,1.5,0.75,0.9375,49.75,1.25,5.0,0.4698004201680672,0.6705,4.705,4.9747663582910775,1.0,0.5,0.3666666666666667,53.25,2.5,0.4698004201680672,0.6375444851138301,2010-10-10,2010,0.4895185845397932,0.21148514448336223,CLE,4.0,1.0,0.25,11.25,45,10.5,42,-22.725,0.18621664442503982,-5.650000000000002,-0.13717457510561004,1.5856837606837606,1.9405594405594406,-0.35487567987568,1.6968898124901806,17.0,68.0,12.0,19.25,77.0,14.0,AFC North,1,-2.25,-9,0.7222222222222222,0.60475,5.5675,4.152308598448029,1.0,1.0,0.5,57.25,1.5,0.0,0.37112887112887116,0.64775,7.3475,3.828917378917379,1.75,0.0,0.7916666666666666,56.0,1.5,0.37112887112887116,-0.6968898124901806,2010,0.22020734583398796,0.1919258489591516,ATL vs. CLE,CLE,1447.5590734995562,23.0,ATL,1599.6049813963384,1.0,0,-10,3.0,0,144.0,-160.0,0,0
ATL,5.0,4.0,0.8,10.8,54,10.6,53,-11.299999999999997,0.02850846619700844,-30.580000000000002,0.49372113260987316,2.1217171717171714,1.3247474747474748,0.7969696969696971,3.2003654956415666,22.6,113.0,22.0,14.0,70.0,12.0,NFC South,4,8.6,43,0.5625,0.6157999999999999,6.598000000000001,3.994600420219997,1.4,0.6,0.8833333333333334,51.8,1.2,7.0,0.45584033613445374,0.6646,4.538,4.459813086632862,1.0,0.4,0.525,54.2,2.6,0.45584033613445374,0.7996345043584334,2010-10-17,2010,0.4725628114662427,0.21734193982000452,PHI,5.0,3.0,0.6,11.2,56,11.4,57,-3.7200000000000015,1.4565991607370914,-33.42,0.2257149890339541,2.1445454545454545,1.7847707847707848,0.35977466977466965,2.7511582088395805,24.4,122.0,20.0,20.6,103.0,18.0,NFC East,1,3.8,19,0.20833333333333331,0.6208,7.5600000000000005,5.42269111476008,1.6,1.2,0.8888888888888888,69.8,0.8,7.0,0.360989010989011,0.5327999999999999,4.4159999999999995,4.191806943056943,1.6,0.8,0.9,45.6,2.2,0.360989010989011,0.2488417911604195,2010,0.3749172707971728,0.2683479025996054,ATL vs. PHI,PHI,1515.6788040689617,7.0,ATL,1629.0213581107564,1.0,1,14,-1.0,1,-118.0,107.0,0,0
CIN,5.0,2.0,0.4,11.6,58,11.4,57,-23.859999999999996,-0.2062615337409559,-29.04,0.5320418686760509,1.7974358974358975,2.0605494505494506,-0.26311355311355317,2.737880025227004,20.0,100.0,21.0,20.4,102.0,15.0,AFC North,-2,-0.4,-2,0.41666666666666663,0.5856,5.651999999999999,3.759830420282033,1.4,0.4,0.9333333333333332,54.8,2.0,2.0,0.35127108185931716,0.5728,4.9879999999999995,4.498133822699041,1.2,0.6,0.8333333333333333,37.8,2.4,0.35127108185931716,-0.7378800252270041,2010-10-24,2010,0.30863627403528593,0.1716905249880524,ATL,6.0,4.0,0.6666666666666666,11.0,66,10.666666666666666,64,-13.366666666666665,-0.06708283190983318,-20.016666666666666,0.42585754799562414,2.0042087542087543,1.5736531986531987,0.4305555555555556,3.394426724834451,21.666666666666668,130.0,25.0,16.833333333333332,101.0,17.0,NFC South,-1,4.833333333333333,29,0.5700000000000001,0.6044999999999999,6.383333333333333,3.899009122113156,1.5,0.5,0.8194444444444445,48.166666666666664,1.3333333333333333,6.0,0.42748599439775914,0.6859999999999999,5.706666666666667,4.391949502018613,1.3333333333333333,0.5,0.47000000000000003,58.166666666666664,2.3333333333333335,0.42748599439775914,0.6055732751655492,2010,0.4170185148463099,0.24816340020264152,CIN vs. ATL,ATL,1563.265073634896,4.0,CIN,1435.3993190096307,17.0,1,7,-3.5,1,-195.0,175.0,0,0
TAM,7.0,5.0,0.7142857142857143,10.714285714285714,75,10.714285714285714,75,-11.785714285714286,0.2318308514628418,-24.342857142857145,1.1388443881027939,1.7543956043956044,2.313064713064713,-0.5586691086691088,3.2901527858560864,19.428571428571427,136.0,23.0,23.285714285714285,163.0,24.0,NFC South,2,-3.857142857142857,-27,0.5166666666666667,0.6125714285714287,6.857142857142857,4.197922805485831,1.1428571428571428,0.5714285714285714,0.7857142857142857,51.0,1.4285714285714286,8.0,0.3985885263196187,0.578,5.527142857142857,5.104936342125783,2.0,0.7142857142857143,0.7,44.57142857142857,2.5714285714285716,0.3985885263196187,1.7098472141439136,2010-11-07,2010,0.3815742589053524,0.3524501583608646,ATL,7.0,5.0,0.7142857142857143,11.0,77,10.571428571428571,74,-8.87142857142857,0.10448729350257306,-15.128571428571428,0.3698647619929651,2.2243867243867244,1.8059884559884563,0.4183982683982684,4.009537548076378,24.142857142857142,169.0,31.0,19.0,133.0,22.0,NFC South,1,5.142857142857143,36,0.5416666666666666,0.622,6.831428571428572,4.070579247525562,1.7142857142857142,0.7142857142857143,0.8452380952380952,47.142857142857146,1.4285714285714286,5.0,0.4433396435497276,0.690857142857143,6.162857142857143,4.3359567160159544,1.5714285714285714,0.42857142857142855,0.5027777777777778,55.0,2.142857142857143,0.4433396435497276,0.990462451923622,2010,0.4595627755280748,0.2968922276878759,TAM vs. ATL,ATL,1595.651826480728,3.0,TAM,1604.059311034265,2.0,1,6,-10.0,0,-475.0,404.0,1,0
BAL,8.0,6.0,0.75,11.0,88,11.25,90,-9.412500000000001,-0.3365002369994795,-25.8875,0.2317652389668678,2.106836913086913,1.5219655344655345,0.5848713786213786,4.825209201716249,21.875,175.0,33.0,17.375,139.0,29.0,AFC North,2,4.5,36,0.40306122448979587,0.615875,7.1137500000000005,3.6295917170235095,1.5,0.875,0.85,48.25,1.375,1.0,0.4004460725677831,0.5992500000000001,5.27375,4.197857192989857,1.0,0.625,0.8125,74.75,1.5,0.4004460725677831,1.1747907982837509,2010-11-11,2010,0.43006831866955086,0.32926240715309557,ATL,8.0,6.0,0.75,10.625,85,10.25,82,-8.5,0.08808912998612017,-16.9125,0.2723146169354153,2.368213383838384,1.9083648989898991,0.45984848484848484,4.65419004052465,24.5,196.0,36.0,19.25,154.0,24.0,NFC South,2,5.25,42,0.5663265306122449,0.627625,6.8625,4.05418108400911,1.625,0.875,0.8645833333333334,47.875,1.25,7.0,0.45935075953458304,0.667,6.1425,4.2384065709584045,1.625,0.375,0.5027777777777778,51.875,2.125,0.45935075953458304,1.3458099594753499,2010,0.4947781743251656,0.3053345107125128,BAL vs. ATL,ATL,1646.861524654041,1.0,BAL,1634.537526833104,1.0,1,5,-1.0,1,-125.0,113.0,0,0
ATL,9.0,7.0,0.7777777777777778,10.555555555555555,95,10.11111111111111,91,-7.48888888888889,-0.07252036244001274,-15.233333333333333,0.41513716725220634,2.3939674523007857,1.9555836139169473,0.4383838383838384,5.278098390245854,24.666666666666668,222.0,41.0,19.444444444444443,175.0,27.0,NFC South,3,5.222222222222222,47,0.5892857142857143,0.629,6.904444444444445,3.893571591582976,1.7777777777777777,0.7777777777777778,0.8796296296296297,43.111111111111114,1.1111111111111112,9.0,0.4749784529196294,0.6647777777777777,6.175555555555556,4.3812291212751955,1.7777777777777777,0.3333333333333333,0.5027777777777778,51.77777777777778,2.111111111111111,0.4749784529196294,1.7219016097541457,2010-11-21,2010,0.5141496678361637,0.32050225087101575,LAR,9.0,4.0,0.4444444444444444,11.555555555555555,104,11.11111111111111,100,-20.299999999999997,-0.26972005872868,-21.511111111111113,0.29649094238343676,1.5863201613201614,1.7310498143831476,-0.14472965306298646,4.898729345051907,17.77777777777778,160.0,32.0,18.22222222222222,164.0,33.0,NFC West,-1,-0.4444444444444444,-4,0.3229166666666667,0.6013333333333333,5.31,3.6963718952943094,1.3333333333333333,0.4444444444444444,0.787037037037037,65.77777777777777,1.3333333333333333,3.0,0.3731325863678805,0.5858888888888889,6.072222222222222,4.262582896406426,1.1111111111111112,0.3333333333333333,0.9166666666666666,68.0,1.6666666666666667,0.3731325863678805,-0.8987293450519074,2010,0.27696651811788353,0.2603799240147634,ATL vs. LAR,LAR,1429.358541167105,16.0,ATL,1695.0887022675747,1.0,0,-17,3.5,0,162.0,-180.0,0,0
GNB,10.0,7.0,0.7,10.4,104,11.0,110,-5.769999999999999,0.28884939524061076,-37.57,0.5574000042103485,2.552907647907648,1.3678787878787877,1.18502886002886,6.9625618440156565,25.2,252.0,40.0,14.6,146.0,29.0,NFC North,4,10.6,106,0.4121693121693122,0.6393,7.43,4.2549413492636,1.9,0.7,0.78125,41.5,1.3,8.0,0.41134032634032636,0.5626,4.17,4.523491958233338,0.9,0.4,0.7770833333333333,49.8,2.1,0.41134032634032636,0.037438155984343524,2010-11-28,2010,0.38605531369170554,0.23825973320322358,ATL,10.0,8.0,0.8,10.6,106,10.1,101,-6.5600000000000005,-0.016716231275729763,-15.239999999999998,0.5686809217913534,2.463661616161616,1.9300252525252524,0.5336363636363636,6.116008371001251,25.6,256.0,48.0,19.2,192.0,30.0,NFC South,4,6.4,64,0.5731922398589065,0.6328,6.965000000000001,3.9493757227472592,1.8,0.8,0.8916666666666666,41.8,1.0,10.0,0.4804217840982547,0.6626,6.101000000000001,4.534772875814342,1.8,0.3,0.5738095238095238,52.0,2.0,0.4804217840982547,1.883991628998749,2010,0.5381430171622075,0.32328688006926976,GNB vs. ATL,ATL,1712.8929615669217,1.0,GNB,1620.538457574474,4.0,1,3,-2.5,1,-125.0,113.0,0,0
ATL,11.0,9.0,0.8181818181818182,10.363636363636363,114,9.818181818181818,108,-5.5181818181818185,0.018189006050276936,-12.572727272727274,0.46077666825882435,2.466965105601469,1.975347632165814,0.49161747343565526,6.711127774387226,25.09090909090909,276.0,52.0,19.0,209.0,33.0,NFC South,5,6.090909090909091,67,0.5858730158730159,0.6531818181818182,6.971818181818182,3.9842809600732663,1.7272727272727273,0.8181818181818182,0.9015151515151515,42.54545454545455,0.9090909090909091,11.0,0.4670501067559891,0.6699090909090909,6.483636363636364,4.426868622281813,1.7272727272727273,0.36363636363636365,0.6270833333333333,53.27272727272727,1.9090909090909092,0.4670501067559891,2.2888722256127743,2010-12-05,2010,0.5510537127048359,0.3413575618225771,TAM,11.0,7.0,0.6363636363636364,10.454545454545455,115,10.545454545454545,116,-9.063636363636364,0.34204099133385785,-23.20909090909091,0.6669358578027954,1.8848219961856325,2.0514957264957263,-0.166673730310094,5.693583941177407,19.90909090909091,219.0,35.0,20.272727272727273,223.0,36.0,NFC South,-1,-0.36363636363636365,-4,0.49726190476190474,0.603,7.130000000000001,4.308132945356847,1.3636363636363635,0.6363636363636364,0.75,52.72727272727273,1.2727272727272727,8.0,0.4345912999656315,0.5904545454545455,5.6,4.633027811825785,1.5454545454545454,0.7272727272727273,0.8125,44.0,2.0,0.4345912999656315,1.3064160588225926,2010,0.3404937249476607,0.3189897947630198,ATL vs. TAM,TAM,1604.059311034265,2.0,ATL,1595.651826480728,3.0,0,-4,3.0,0,139.0,-154.0,1,0
ATL,12.0,10.0,0.8333333333333334,10.333333333333334,124,10.0,120,-8.158333333333333,-0.0514887282768162,-14.041666666666666,0.5257789957123514,2.4947180134680136,1.9774019961519962,0.5173160173160173,7.301459555826757,25.333333333333332,304.0,55.0,19.416666666666668,233.0,37.0,NFC South,6,5.916666666666667,71,0.590463072281254,0.6404166666666666,6.75,3.914603225746173,1.75,0.8333333333333334,0.9015151515151515,43.583333333333336,1.0,10.0,0.47358380998086885,0.6568333333333333,6.304166666666667,4.491870949735341,1.75,0.4166666666666667,0.6685185185185185,57.333333333333336,1.8333333333333333,0.47358380998086885,2.6985404441732426,2010-12-12,2010,0.5432928255574787,0.3519763864127847,CAR,12.0,1.0,0.08333333333333333,12.0,144,11.25,135,-46.291666666666664,0.00787755167021235,-21.275000000000002,0.18737175638133755,1.0955572205572206,2.282996632996633,-1.1874394124394125,2.4347752873832,12.833333333333334,154.0,31.0,25.583333333333332,307.0,52.0,NFC South,-6,-12.75,-153,0.5621015348288075,0.5156666666666666,3.3000000000000003,3.9739695056932014,0.5833333333333334,0.5,0.8458333333333333,54.25,2.5,-7.0,0.3159857911696147,0.6106666666666666,5.135833333333333,4.153463710404327,1.25,1.1666666666666667,0.9305555555555555,54.666666666666664,1.9166666666666667,0.3159857911696147,-1.4347752873832,2010,0.1895381748212505,0.30703190435560096,ATL vs. CAR,CAR,1230.7564605138257,32.0,ATL,1774.706325032286,1.0,0,-21,7.0,0,264.0,-300.0,1,0
ATL,13.0,11.0,0.8461538461538461,10.538461538461538,137,10.153846153846153,132,-9.592307692307692,-0.08124453196669276,-16.953846153846154,0.7626680435349076,2.4862485804793497,1.8893967143967143,0.5968518660826353,8.237381073401151,25.76923076923077,335.0,60.0,18.692307692307693,243.0,39.0,NFC South,7,7.076923076923077,92,0.5482022607022606,0.6363846153846153,6.626923076923077,3.8848474220562963,1.6923076923076923,1.0,0.9097222222222222,41.0,1.0,11.0,0.4778782680366391,0.6524615384615384,5.914615384615384,4.728759997557897,1.6153846153846154,0.46153846153846156,0.7016666666666667,56.76923076923077,1.8461538461538463,0.4778782680366391,2.762618926598849,2010-12-19,2010,0.5310259043211292,0.33551406651361027,SEA,13.0,6.0,0.46153846153846156,11.153846153846153,145,11.923076923076923,155,-29.43846153846154,-0.4356714895509222,-10.769230769230766,0.05683796839907824,1.8429980276134121,2.196730619807543,-0.3537325921941306,5.555636551612339,20.076923076923077,261.0,43.0,25.307692307692307,329.0,56.0,NFC West,-1,-5.230769230769231,-68,0.4535082972582973,0.5940769230769231,5.073846153846153,3.5304204644720665,1.0,0.6923076923076923,0.7666666666666667,56.46153846153846,2.076923076923077,-7.0,0.3740130595899827,0.5726153846153846,7.435384615384615,4.022929922422067,1.7692307692307692,1.0,0.7888888888888889,46.61538461538461,1.5384615384615385,0.3740130595899827,0.4443634483876613,2010,0.30668839696587236,0.34584831419836676,ATL vs. SEA,SEA,1403.8804912180224,17.0,ATL,1778.8900637991874,1.0,0,-16,5.5,0,205.0,-229.0,0,0
NOR,14.0,10.0,0.7142857142857143,10.428571428571429,146,10.071428571428571,141,-6.5,-0.16360637070920367,-21.078571428571426,0.32912544397299864,2.45254329004329,1.962024087024087,0.490519203019203,8.814746999656457,25.285714285714285,354.0,61.0,19.285714285714285,270.0,48.0,NFC South,-1,6.0,84,0.3940414286568133,0.6888571428571428,6.707142857142857,3.8024855833137856,2.2142857142857144,0.5714285714285714,0.7619047619047619,53.357142857142854,1.8571428571428572,-5.0,0.4751843394700538,0.6067857142857144,5.813571428571429,4.295217397995988,0.7142857142857143,0.9285714285714286,0.7777777777777778,45.5,1.5,0.4751843394700538,1.1852530003435433,2010-12-27,2010,0.4531802509887261,0.34493016414209227,ATL,14.0,12.0,0.8571428571428571,10.5,147,10.214285714285714,143,-9.87857142857143,-0.1695444443529533,-20.00714285714286,0.7344232818045816,2.551516539016539,1.8713229231086375,0.6801936159079016,9.056040812430696,26.357142857142858,369.0,65.0,18.642857142857142,261.0,42.0,NFC South,8,7.714285714285714,108,0.5415358146127377,0.6317142857142857,6.527142857142857,3.796547509670036,1.7857142857142858,0.9285714285714286,0.9166666666666666,40.57142857142857,1.0,13.0,0.47757869250018736,0.6447857142857142,5.607142857142857,4.700515235827571,1.5,0.5714285714285714,0.7287878787878787,58.142857142857146,1.9285714285714286,0.47757869250018736,2.9439591875693036,2010,0.5351590608318778,0.3344886542846707,NOR vs. ATL,ATL,1514.0064999802885,9.0,NOR,1585.9935000197115,1.0,0,-3,-2.0,0,-129.0,117.0,1,0
CAR,15.0,2.0,0.13333333333333333,11.866666666666667,178,11.333333333333334,170,-44.693333333333335,0.20431020175812328,-21.313333333333333,-0.0071851172107181204,1.0753346653346654,2.215371665371665,-1.1400370000370001,3.2525103489809384,12.4,186.0,39.0,25.133333333333333,377.0,64.0,NFC South,-1,-12.733333333333333,-191,0.574173445602017,0.5271333333333333,3.2346666666666666,4.170402155781113,0.5333333333333333,0.4666666666666667,0.8878787878787878,54.733333333333334,2.3333333333333335,-7.0,0.3013356414827003,0.6079333333333333,5.366666666666666,3.958906836812271,1.1333333333333333,1.2666666666666666,0.9222222222222223,49.666666666666664,1.8666666666666667,0.3013356414827003,-1.2525103489809384,2011-01-02,2010,0.20080602861039082,0.3199369951628313,ATL,15.0,12.0,0.8,10.533333333333333,158,10.333333333333334,155,-10.766666666666667,-0.19537488439156175,-20.233333333333334,0.6210555994160768,2.4662639212639212,1.8410125060125062,0.6252514152514153,9.442991111027917,25.533333333333335,383.0,66.0,18.533333333333335,278.0,45.0,NFC South,-1,7.0,105,0.5538750931608074,0.6240666666666667,6.46,3.7707170696314276,1.7333333333333334,0.8666666666666667,0.9166666666666666,38.53333333333333,1.0666666666666667,13.0,0.46240677966684157,0.6494,5.540666666666667,4.587147553439066,1.4666666666666666,0.6,0.7513888888888888,60.4,1.9333333333333333,0.46240677966684157,2.5570088889720832,2010,0.48892936146504534,0.32045823656075,CAR vs. ATL,ATL,1774.706325032286,1.0,CAR,1230.7564605138257,32.0,1,21,-14.0,1,-940.0,730.0,1,0
GNB,1.0,11.0,11.0,10.588235294117647,180,10.882352941176471,185,-0.8588235294117635,-0.008351181875737593,-34.741176470588236,0.6996049465110212,2.3803895450954276,1.4658462452580099,0.9145432998374176,11.271879865085046,24.058823529411764,409.0,67.0,15.058823529411764,256.0,49.0,NFC North,3,9.0,153,0.49294819763569764,0.6530588235294118,7.855294117647058,3.9577407721472517,2.0,0.6470588235294118,0.8511904761904762,37.1764705882353,1.411764705882353,9.0,0.41655264240403556,0.5630588235294117,4.434117647058823,4.66569690053401,1.0,0.4117647058823529,0.77,47.529411764705884,1.9411764705882353,0.41655264240403556,-0.2718798650850456,2011-01-15,2010,0.2710224946627886,-0.0720114237252283,ATL,16.0,13.0,0.8125,10.5625,169,10.4375,167,-9.81875,-0.23768532624352595,-21.150000000000002,0.7850167720629774,2.48825878982129,1.7780325577200577,0.710226232101232,10.378912628602311,25.875,414.0,70.0,18.0,288.0,47.0,NFC South,1,7.875,126,0.5258389758389759,0.6278125,6.538125,3.728406627779463,1.75,0.875,0.9226190476190476,37.375,1.0625,14.0,0.4562336286649367,0.64375,5.43125,4.751108726085967,1.4375,0.5625,0.7705128205128204,62.6875,1.9375,0.4562336286649367,2.6210873713976888,2010,0.4820547766264195,0.3099517613980881,GNB vs. ATL,ATL,1712.8929615669217,1.0,GNB,1620.538457574474,4.0,1,3,-2.5,1,-125.0,113.0,0,0
BAL,1.0,1.0,1.0,11.0,11,11.0,11,-39.5,-2.566091954022989,-45.7,1.5577175697865346,0.9090909090909091,0.8181818181818182,0.09090909090909083,0.562103747756204,10.0,10.0,2.0,9.0,9.0,3.0,AFC North,1,1.0,1,0.5,0.526,4.95,1.4,0.0,1.0,1.0,38.0,3.0,-2.0,0.5789473684210527,0.476,2.86,5.523809523809524,0.0,0.0,1.0,125.0,1.0,0.5789473684210527,0.437896252243796,2010-09-19,2010,0.2614356822261447,0.11942625061194437,CIN,1.0,0.0,0.0,9.0,9,8.0,8,-7.799999999999997,-0.4860919540229891,20.900000000000006,1.1643428285857063,2.6666666666666665,4.75,-2.0833333333333335,0.25178937074277885,24.0,24.0,4.0,38.0,38.0,4.0,AFC North,-1,-14.0,-14,0.5,0.68,6.72,3.48,2.0,1.0,1.0,5.0,2.0,-2.0,0.5333333333333333,0.7140000000000001,9.09,5.130434782608695,3.0,0.0,0.3333333333333333,30.0,0.0,0.5333333333333333,-0.25178937074277885,2010,0.3325380574476538,-0.12589468537138937,BAL vs. CIN,CIN,1450.0,17.0,BAL,1550.0,1.0,1,5,2.5,1,131.0,-145.0,1,0
CLE,2.0,0.0,0.0,13.0,26,12.0,24,-33.150000000000006,-0.3013762349594442,-33.85,-0.18788682581786076,1.0769230769230769,1.3811188811188813,-0.3041958041958043,0.8084867207450457,14.0,28.0,4.0,16.5,33.0,6.0,AFC North,-2,-2.5,-5,1.0,0.5345,5.425000000000001,3.664715719063545,1.0,1.0,0.0,62.5,2.5,-1.0,0.34615384615384615,0.589,4.3950000000000005,3.778205128205128,1.0,0.0,1.0,42.5,2.0,0.34615384615384615,-0.8084867207450457,2010-09-26,2010,0.09165486763499649,0.02393915990686929,BAL,2.0,1.0,0.5,12.5,25,12.0,24,-58.05,-0.8965267366316849,-43.3,0.3119418401398373,0.8116883116883117,0.986013986013986,-0.1743256743256743,0.838791315580701,10.0,20.0,4.0,12.0,24.0,8.0,AFC North,-1,-2.0,-4,0.0,0.481,2.345,3.069565217391304,0.5,0.5,1.0,41.5,3.5,-6.0,0.42280701754385963,0.4665,3.7,4.278033794162827,0.0,0.0,1.0,90.5,0.5,0.42280701754385963,0.16120868441929903,2010,0.17289669475354394,0.19353478073654984,CLE vs. BAL,BAL,1485.9935000197115,9.0,CLE,1414.0064999802885,25.0,1,7,-12.0,0,-700.0,569.0,1,0
BAL,3.0,2.0,0.6666666666666666,11.0,33,11.0,33,-29.833333333333332,-0.5740361300831073,-28.46666666666667,0.8744363225453323,1.5411255411255411,1.286972286972287,0.2541532541532542,1.5324482602719296,14.666666666666666,44.0,8.0,13.666666666666666,41.0,11.0,AFC North,1,1.0,3,0.0,0.5603333333333333,4.8566666666666665,3.392055823939882,1.3333333333333333,0.3333333333333333,0.8333333333333334,47.666666666666664,2.3333333333333335,-6.0,0.4485380116959064,0.561,4.5633333333333335,4.840528276568321,0.3333333333333333,0.3333333333333333,1.0,80.33333333333333,0.3333333333333333,0.4485380116959064,0.4675517397280704,2010-10-03,2010,0.2802062011901471,0.2741724155253411,PIT,3.0,3.0,1.0,11.333333333333334,34,12.0,36,-19.066666666666666,0.7359995252862322,-34.26666666666667,-1.3053127332437682,2.311253561253561,0.9452380952380953,1.366015466015466,2.48250381428075,24.0,72.0,13.0,11.0,33.0,8.0,AFC North,3,13.0,39,1.0,0.6423333333333333,5.6000000000000005,4.702091479309221,1.0,0.6666666666666666,0.8666666666666667,26.666666666666668,1.3333333333333333,6.0,0.2878306878306878,0.6676666666666667,3.8366666666666673,2.660779220779221,0.3333333333333333,0.3333333333333333,0.9166666666666666,47.0,3.3333333333333335,0.2878306878306878,0.5174961857192502,2010,0.44830833739559073,0.18648119894216666,BAL vs. PIT,PIT,1647.9853938919734,1.0,BAL,1525.7794834620518,4.0,0,-3,-2.0,0,-124.0,112.0,1,0
DEN,4.0,2.0,0.5,10.75,43,10.25,41,-3.9250000000000007,-1.7581825972978429,-3.149999999999997,0.21124761816952442,2.0815656565656564,2.0858585858585856,-0.004292929292929237,1.9753456295215026,21.75,87.0,17.0,21.25,85.0,14.0,AFC West,1,0.5,2,0.7222222222222222,0.67475,7.82,2.207909356725146,1.5,0.75,1.0,59.75,1.25,1.0,0.3833333333333333,0.642,7.4075,4.177339572192514,2.0,0.25,0.8888888888888888,62.25,1.5,0.3833333333333333,0.02465437047849739,2010-10-10,2010,0.39778560638450267,0.2582022023579206,BAL,4.0,3.0,0.75,10.75,43,10.75,43,-26.875,-0.7739019379199295,-32.625,0.44208203118102973,1.580844155844156,1.3152292152292153,0.2656149406149406,2.1454979616747103,15.25,61.0,11.0,13.75,55.0,13.0,AFC North,2,1.5,6,0.3333333333333333,0.5825,5.1625000000000005,3.19219001610306,1.25,0.5,0.75,48.75,2.25,-7.0,0.42731259968102075,0.5635,4.3875,4.4081739852040185,0.25,0.75,0.75,82.25,0.5,0.42731259968102075,0.8545020383252897,2010,0.3104623396603383,0.2913286424315626,DEN vs. BAL,BAL,1592.6752335627775,1.0,DEN,1525.8620455882342,10.0,1,14,-8.0,1,-375.0,326.0,0,0
BAL,5.0,4.0,0.8,10.6,53,10.8,54,-25.68,-0.42085057943841375,-25.36,0.16044723414022596,1.8846753246753245,1.3612742812742813,0.5234010434010434,2.9514367324818256,18.4,92.0,16.0,14.4,72.0,16.0,AFC North,3,4.0,20,0.375,0.5780000000000001,5.586,3.5452413745845752,1.0,1.2,0.8,52.2,1.8,-6.0,0.44954238743712427,0.5718,5.336,4.126539188163215,0.6,0.6,0.8,83.8,0.6,0.44954238743712427,1.0485632675181744,2010-10-17,2010,0.3651962727558143,0.29917411955663253,NWE,4.0,3.0,0.75,8.5,34,9.25,37,9.925000000000004,0.2119937153133954,-7.399999999999999,0.4574794745484395,3.990674603174603,2.6277777777777778,1.3628968253968254,2.474153805541304,32.75,131.0,16.0,24.0,96.0,16.0,AFC East,2,8.75,35,0.2222222222222222,0.7100000000000001,8.14,4.178085669336385,2.25,0.75,0.5833333333333333,43.75,1.0,4.0,0.5461829836829837,0.6940000000000001,6.5,4.423571428571429,2.25,0.25,0.6875,37.0,2.0,0.5461829836829837,0.5258461944586958,2010,0.5324524934657289,0.38117256156310225,BAL vs. NWE,NWE,1575.7794834620518,1.0,BAL,1633.1768411611708,1.0,1,3,-3.0,0,-139.0,126.0,0,0
BUF,5.0,0.0,0.0,11.0,55,11.0,55,-22.36,0.9864290543803722,14.1,0.6882327466175011,1.6614452214452213,2.9728982128982127,-1.3114529914529913,1.0652246659909663,17.4,87.0,15.0,32.2,161.0,29.0,AFC East,-5,-14.8,-74,0.6666666666666666,0.593,4.656,4.9525210084033615,1.6,0.2,0.75,36.4,1.2,-2.0,0.26406926406926406,0.6932,8.834,4.6543247006404895,2.2,1.4,0.8333333333333333,33.4,0.8,0.26406926406926406,-1.0652246659909663,2010-10-24,2010,0.21462410912776544,0.30948539885913445,BAL,6.0,4.0,0.6666666666666666,11.0,66,11.333333333333334,68,-18.316666666666666,-0.5264300242221175,-26.616666666666664,0.2867932668822543,1.826973026973027,1.408204758204758,0.41876826876826884,3.3693766960454625,18.666666666666668,112.0,20.0,15.833333333333334,95.0,21.0,AFC North,-1,2.8333333333333335,17,0.45,0.6101666666666666,6.170000000000001,3.4396619298008715,1.1666666666666667,1.0,0.8333333333333334,54.666666666666664,1.5,-4.0,0.4267019895309369,0.5788333333333333,5.193333333333333,4.2528852209052435,0.6666666666666666,0.6666666666666666,0.8333333333333334,82.83333333333333,0.8333333333333334,0.4267019895309369,0.6306233039545375,2010,0.3348799648461888,0.2898114935858953,BUF vs. BAL,BAL,1574.9910312690004,4.0,BUF,1321.1532536264265,26.0,1,3,-12.0,0,-621.0,513.0,0,0
MIA,7.0,4.0,0.5714285714285714,10.857142857142858,76,10.285714285714286,72,-19.357142857142858,-0.08739885007615257,-12.442857142857141,-0.21383469679434658,1.7382395382395381,2.309461966604824,-0.5712224283652855,3.616134084110328,19.0,133.0,28.0,21.285714285714285,149.0,24.0,AFC East,1,-2.2857142857142856,-16,0.48333333333333334,0.6222857142857142,5.915714285714286,3.878693103946836,1.1428571428571428,0.2857142857142857,0.7777777777777777,32.714285714285715,1.7142857142857142,-4.0,0.4348897134611421,0.594857142857143,6.892857142857143,3.7522572572286426,1.4285714285714286,0.5714285714285714,0.8333333333333334,43.714285714285715,1.1428571428571428,0.4348897134611421,0.3838659158896718,2010-11-07,2010,0.3886245218889301,0.30399361504236533,BAL,7.0,5.0,0.7142857142857143,11.428571428571429,80,11.571428571428571,81,-14.542857142857144,-0.3527856693660844,-21.82857142857143,0.21801374552844402,1.9435279006707578,1.5806590235161662,0.3628688771545915,3.9193099479014943,21.285714285714285,149.0,27.0,18.428571428571427,129.0,27.0,AFC North,1,2.857142857142857,20,0.375,0.5967142857142856,6.62,3.6133062846569044,1.4285714285714286,1.0,0.8571428571428571,49.42857142857143,1.5714285714285714,-2.0,0.3917185884291147,0.5924285714285714,5.687142857142858,4.184105699551433,1.1428571428571428,0.5714285714285714,0.8571428571428571,82.14285714285714,1.2857142857142858,0.3917185884291147,1.0806900520985057,2010,0.38960469894046373,0.33717571676659547,MIA vs. BAL,BAL,1593.8192991746243,3.0,MIA,1528.5663739690976,10.0,1,16,-5.0,1,-221.0,198.0,0,0
BAL,9.0,6.0,0.6666666666666666,10.777777777777779,97,11.11111111111111,100,-8.566666666666668,-0.1260315918010335,-22.944444444444443,0.05519173443176292,2.132003182003182,1.6417471417471416,0.49025604025604025,5.201300851995045,21.77777777777778,196.0,36.0,18.333333333333332,165.0,34.0,AFC North,-1,3.4444444444444446,31,0.4464285714285714,0.6193333333333333,7.038888888888889,3.840060362221956,1.6666666666666667,0.7777777777777778,0.85,48.55555555555556,1.4444444444444444,-1.0,0.4165581251107567,0.6037777777777777,5.492222222222222,4.021283688454752,1.2222222222222223,0.5555555555555556,0.8333333333333334,67.0,1.3333333333333333,0.4165581251107567,0.798699148004955,2010-11-21,2010,0.4040700679589672,0.3323953011468539,CAR,9.0,1.0,0.1111111111111111,12.0,108,11.333333333333334,102,-46.02222222222222,-0.3801109146325775,-19.41111111111111,0.10859801110392676,0.9838309838309838,2.114534231200898,-1.1307032473699141,1.7506911212459944,11.555555555555555,104.0,22.0,23.88888888888889,215.0,39.0,NFC South,-3,-12.333333333333334,-111,0.5952380952380952,0.5137777777777778,3.216666666666667,3.585981039390412,0.6666666666666666,0.3333333333333333,0.861111111111111,52.888888888888886,2.888888888888889,-10.0,0.3238784907902555,0.5963333333333334,4.9766666666666675,4.074689965126916,1.5555555555555556,0.7777777777777778,0.9629629629629629,63.333333333333336,1.7777777777777777,0.3238784907902555,-0.7506911212459944,2010,0.18671275239978202,0.30797717458758844,BAL vs. CAR,CAR,1301.291890369134,27.0,BAL,1586.3103492195703,4.0,0,-24,13.0,0,671.0,-850.0,0,0
TAM,10.0,7.0,0.7,10.4,104,10.5,105,-6.730000000000001,0.33372385108693386,-25.46,0.77639248513922,1.982395104895105,2.1020998445998447,-0.11970473970473976,5.472194721782262,20.9,209.0,33.0,20.6,206.0,33.0,NFC South,2,0.3,3,0.4747354497354498,0.6174,7.351000000000001,4.299815805109923,1.4,0.7,0.7222222222222222,50.2,1.4,7.0,0.4405504299621946,0.5781,5.4399999999999995,4.742484439162209,1.5,0.8,0.7857142857142857,45.4,2.1,0.4405504299621946,1.5278052782177376,2010-11-28,2010,0.3657861290203705,0.3308738801725574,BAL,10.0,7.0,0.7,10.9,109,11.4,114,-6.92,-0.18745698286193874,-26.130000000000003,0.19851791104083313,2.2271361971361974,1.5704295704295705,0.6567066267066267,6.123953427481469,23.3,233.0,41.0,17.8,178.0,37.0,AFC North,1,5.5,55,0.4091710758377425,0.6301,7.2379999999999995,3.7786349711610505,1.6,0.8,0.8666666666666667,45.7,1.5,-1.0,0.3930841307814992,0.5898,5.229,4.164609865063822,1.2,0.5,0.85,65.7,1.4,0.3930841307814992,0.8760465725185309,2010,0.40909899951675216,0.3205383536694611,TAM vs. BAL,BAL,1602.547358161856,4.0,TAM,1607.9800092707758,4.0,1,7,-7.5,0,-334.0,292.0,0,0
PIT,11.0,8.0,0.7272727272727273,11.181818181818182,123,11.454545454545455,126,-9.172727272727274,0.21424008089115734,-23.545454545454547,-0.8939153303891462,2.0944868263050083,1.4741092241092242,0.6203776021957841,6.996524374139517,23.09090909090909,254.0,45.0,16.454545454545453,181.0,37.0,AFC North,2,6.636363636363637,73,0.5829365079365079,0.6258181818181818,7.236363636363635,4.180332034914146,1.4545454545454546,0.9090909090909091,0.6962962962962963,59.36363636363637,1.3636363636363635,11.0,0.40035867906681305,0.6405454545454545,5.201818181818182,3.0721766236338435,1.0909090909090908,0.36363636363636365,0.8409090909090909,47.45454545454545,2.3636363636363638,0.40035867906681305,1.0034756258604833,2010-12-05,2010,0.3992286793523442,0.29374357731373585,BAL,11.0,8.0,0.7272727272727273,10.909090909090908,120,11.363636363636363,125,-6.354545454545455,-0.20929093128916712,-26.7,0.2191265003828572,2.1651651378924104,1.5103078739442375,0.6548572639481731,6.902564208086324,22.727272727272727,250.0,44.0,17.09090909090909,188.0,39.0,AFC North,2,5.636363636363637,62,0.4382539682539683,0.6377272727272728,7.234545454545454,3.756801022733822,1.6363636363636365,0.7272727272727273,0.8800000000000001,44.27272727272727,1.4545454545454546,-2.0,0.38007648252863563,0.5779090909090909,5.200909090909091,4.185218454405846,1.1818181818181819,0.45454545454545453,0.8636363636363636,66.81818181818181,1.2727272727272727,0.38007648252863563,1.097435791913676,2010,0.40324785973045585,0.31476363337064245,PIT vs. BAL,BAL,1525.7794834620518,4.0,PIT,1647.9853938919734,1.0,0,-3,-3.0,0,-180.0,162.0,1,0
BAL,12.0,8.0,0.6666666666666666,10.833333333333334,130,11.25,135,-7.191666666666667,-0.3431910165169856,-26.65833333333333,0.05785829584903668,2.068068043068043,1.4927822177822179,0.5752858252858253,7.251935636719648,21.666666666666668,260.0,46.0,16.75,201.0,42.0,AFC North,-1,4.916666666666667,59,0.46452840089203723,0.6275000000000001,7.2525,3.6229009375060035,1.5833333333333333,0.6666666666666666,0.890909090909091,45.0,1.4166666666666667,-2.0,0.37404446795894164,0.578,5.225833333333333,4.023950249872025,1.1666666666666667,0.4166666666666667,0.875,66.33333333333333,1.25,0.37404446795894164,0.7480643632803519,2010-12-13,2010,0.3759044619941642,0.3045794464554165,HOU,12.0,5.0,0.4166666666666667,10.25,123,10.333333333333334,124,-10.341666666666667,0.6479632717969426,2.0583333333333336,-0.28024091044019955,2.38989898989899,2.6430604118104117,-0.253161421911422,5.345548163908198,24.0,288.0,52.0,26.75,321.0,55.0,AFC South,-1,-2.75,-33,0.5490128558310376,0.632,7.005,4.614055225819931,1.4166666666666667,1.3333333333333333,0.9318181818181818,41.75,1.1666666666666667,0.0,0.4274521774521774,0.6699166666666666,8.3475,3.68585104358279,2.25,0.8333333333333334,0.8583333333333334,59.833333333333336,1.1666666666666667,0.4274521774521774,-0.3455481639081981,2010,0.4105904440899551,0.39381374394156526,BAL vs. HOU,HOU,1422.4757164297168,20.0,BAL,1599.3102477047964,7.0,0,-6,3.0,0,131.0,-145.0,0,0
NOR,13.0,10.0,0.7692307692307693,10.307692307692308,134,10.0,130,-6.1692307692307695,-0.019459128036714696,-23.307692307692307,0.24927037202397206,2.4873543123543125,1.903158807004961,0.5841955053493515,8.443961903002824,25.384615384615383,330.0,57.0,18.46153846153846,240.0,42.0,NFC South,6,6.923076923076923,90,0.3691859066859067,0.6933846153846154,6.7930769230769235,3.9466328259862746,2.1538461538461537,0.6153846153846154,0.7435897435897435,52.23076923076923,1.9230769230769231,-4.0,0.48215118215118213,0.615,5.537692307692307,4.215362326046961,0.6153846153846154,0.9230769230769231,0.7575757575757577,43.76923076923077,1.6153846153846154,0.48215118215118213,1.5560380969971757,2010-12-19,2010,0.47628827297866766,0.33689562134549195,BAL,13.0,9.0,0.6923076923076923,10.76923076923077,140,11.307692307692308,147,-6.500000000000001,-0.4199526270943705,-26.77692307692308,0.13643554935538438,2.1705243474474245,1.5574399959015344,0.61308435154589,7.864985338122429,22.615384615384617,294.0,49.0,17.615384615384617,229.0,47.0,AFC North,1,5.0,65,0.460539923039923,0.6305384615384616,7.230769230769231,3.5461393269286186,1.6153846153846154,0.6923076923076923,0.890909090909091,42.69230769230769,1.3076923076923077,0.0,0.3862974576031256,0.572,5.2553846153846155,4.102527503378374,1.3076923076923077,0.38461538461538464,0.8589743589743589,65.15384615384616,1.3076923076923077,0.3862974576031256,1.1350146618775714,2010,0.38055808705054994,0.3230485029347179,NOR vs. BAL,BAL,1625.8531063948014,5.0,NOR,1683.951562081393,3.0,1,6,-1.0,1,-125.0,113.0,0,0
BAL,14.0,10.0,0.7142857142857143,10.785714285714286,151,11.357142857142858,159,-5.471428571428572,-0.29229591235117663,-25.635714285714283,-0.01884702741654024,2.2102920888635174,1.5890514247657104,0.621240664097807,8.494200241468796,23.142857142857142,324.0,55.0,18.071428571428573,253.0,51.0,AFC North,2,5.071428571428571,71,0.4842853727469112,0.6212142857142858,7.385714285714286,3.673796041671813,1.6428571428571428,0.7142857142857143,0.9,44.5,1.2142857142857142,1.0,0.3842149861416778,0.5761428571428572,5.279285714285714,3.947244926606449,1.4285714285714286,0.35714285714285715,0.869047619047619,65.35714285714286,1.2857142857142858,0.3842149861416778,1.5057997585312037,2010-12-26,2010,0.4034148470762612,0.33234312115233217,CLE,14.0,5.0,0.35714285714285715,10.428571428571429,146,10.5,147,-19.592857142857145,-0.02473162662282426,-18.785714285714285,0.14981574831904512,1.7930416805416804,1.9043504114932688,-0.11130873095158815,6.115061583004174,18.0,252.0,45.0,19.357142857142858,271.0,49.0,AFC North,-2,-1.3571428571428572,-19,0.5739999316922394,0.6430714285714286,5.823571428571428,3.9413603274001647,0.7857142857142857,0.9285714285714286,0.7976190476190476,43.5,1.5714285714285714,5.0,0.34716622663051233,0.5992857142857143,6.150714285714286,4.115907702342034,1.5,0.35714285714285715,0.7777777777777778,50.785714285714285,1.9285714285714286,0.34716622663051233,-1.1150615830041737,2010,0.2836703663232936,0.28297472421418635,BAL vs. CLE,CLE,1414.0064999802885,25.0,BAL,1485.9935000197115,9.0,0,-10,3.5,0,171.0,-190.0,1,0
CIN,15.0,4.0,0.26666666666666666,10.933333333333334,164,10.933333333333334,164,-18.566666666666666,-0.4199402249137048,-13.886666666666665,0.5536220337530603,2.0114289414289415,2.4645032745032744,-0.4530743330743331,6.234927517598442,21.0,315.0,57.0,25.466666666666665,382.0,61.0,AFC North,2,-4.466666666666667,-67,0.5369319172890601,0.6112,6.087999999999999,3.546151729109284,1.6666666666666667,0.5333333333333333,0.7777777777777777,45.06666666666667,1.9333333333333333,-5.0,0.3879053789347907,0.6351333333333334,6.453333333333333,4.519713987776049,1.4,0.9333333333333333,0.8214285714285714,48.733333333333334,1.6,0.3879053789347907,-2.234927517598442,2011-01-02,2010,0.2957760697141824,0.29173553716524186,BAL,15.0,11.0,0.7333333333333333,10.666666666666666,160,11.2,168,-5.833333333333334,-0.25475950811175363,-27.740000000000002,-0.020458227651841968,2.211087431087431,1.5571887371887372,0.6538986938986938,9.332110222224193,22.933333333333334,344.0,59.0,17.533333333333335,263.0,53.0,AFC North,3,5.4,81,0.47520376448947876,0.6219333333333333,7.216,3.711332445911235,1.6666666666666667,0.6666666666666666,0.9076923076923078,41.86666666666667,1.2,4.0,0.39449808962966854,0.5732666666666667,5.067333333333334,3.945633726371147,1.4,0.3333333333333333,0.8777777777777778,62.333333333333336,1.4666666666666666,0.39449808962966854,1.667889777775807,2010,0.40975229037032196,0.3295230786595706,CIN vs. BAL,BAL,1550.0,1.0,CIN,1450.0,17.0,1,6,-9.5,0,-430.0,369.0,1,0
BAL,16.0,12.0,0.75,10.75,172,11.3125,181,-7.737500000000001,-0.259865934129354,-27.35,-0.08560872264681285,2.1406027999778,1.4935182872682873,0.6470845127095127,10.144729912941777,22.3125,357.0,62.0,16.875,270.0,54.0,AFC North,4,5.4375,87,0.46130129130129127,0.629125,6.949375,3.706226019893635,1.5625,0.6875,0.9142857142857144,42.0625,1.25,7.0,0.38120559539145066,0.581875,5.076875,3.8804832313761763,1.375,0.3125,0.8229166666666666,61.5,1.6875,0.38120559539145066,1.8552700870582228,2011-01-09,2010,0.40226262550785236,0.3142902571481851,KAN,16.0,10.0,0.625,11.4375,183,11.4375,183,-11.637499999999998,0.5839246489696536,-22.54375,0.19868056189570066,2.0081973581973585,1.8939865689865691,0.11421078921078923,9.209698469563016,22.875,366.0,60.0,20.375,326.0,54.0,AFC West,-1,2.5,40,0.35418914418914416,0.574875,6.559375,4.550016602992643,1.6875,0.8125,0.7756410256410257,48.1875,0.875,9.0,0.3503595107914961,0.553625,5.936875000000001,4.16477251591869,1.4375,0.6875,0.7884615384615384,57.625,1.4375,0.3503595107914961,0.7903015304369845,2010,0.3440635559515775,0.29121457740560014,BAL vs. KAN,KAN,1505.4950798060272,8.0,BAL,1715.2132120052377,3.0,0,-23,3.0,0,139.0,-154.0,0,1
BAL,1.0,13.0,13.0,10.705882352941176,182,11.294117647058824,192,-6.4941176470588236,-0.26905570000545015,-30.641176470588235,0.020492882937870275,2.191155576449694,1.4430974254503666,0.7480581509993275,11.113932135068517,22.764705882352942,387.0,68.0,16.294117647058822,277.0,55.0,AFC North,5,6.470588235294118,110,0.47153246059496057,0.6353529411764706,7.038823529411765,3.6970362540175388,1.588235294117647,0.7058823529411765,0.92,40.76470588235294,1.2941176470588236,10.0,0.3899236053511231,0.5770588235294118,4.51,3.9865848369608594,1.2941176470588236,0.35294117647058826,0.8229166666666666,60.23529411764706,1.8823529411764706,0.3899236053511231,1.8860678649314835,2011-01-15,2010,1.078311070413961,0.5402798571418311,PIT,16.0,12.0,0.75,10.5625,169,10.75,172,-7.612499999999999,0.1243699058390724,-29.79375,-0.954123932597247,2.2780301295926297,1.406927274114774,0.8711028554778555,10.91047677192246,23.4375,375.0,66.0,14.5,232.0,46.0,AFC North,2,8.9375,143,0.5261201761201761,0.625625,7.513125,4.090461859862062,1.375,0.9375,0.780952380952381,56.4375,1.125,17.0,0.4220064496477035,0.61025,4.585625,3.011968021425742,0.9375,0.3125,0.8833333333333333,45.4375,2.1875,0.4220064496477035,1.0895232280775407,2010,0.4171259367799991,0.26893825163211,BAL vs. PIT,PIT,1647.9853938919734,1.0,BAL,1525.7794834620518,4.0,0,-3,-2.0,0,-124.0,112.0,1,0
BUF,1.0,0.0,0.0,12.0,12,11.0,11,-29.799999999999997,-1.0249154834347536,-26.299999999999997,-0.29942528735632257,0.8333333333333334,1.3636363636363635,-0.5303030303030302,0.27668756782449705,10.0,10.0,2.0,15.0,15.0,3.0,AFC East,-1,-5.0,-5,0.5,0.529,4.0,2.9411764705882355,1.0,0.0,0.5,35.0,0.0,0.0,0.21428571428571427,0.618,4.82,3.6666666666666665,0.0,1.0,0.6666666666666666,15.0,0.0,0.21428571428571427,-0.27668756782449705,2010-09-19,2010,0.12055207202925047,-0.07546024577031739,GNB,1.0,1.0,1.0,11.0,11,11.0,11,-29.799999999999997,0.033908045977010914,-15.700000000000003,3.483908045977011,2.4545454545454546,1.8181818181818181,0.6363636363636365,0.6706768379236325,27.0,27.0,5.0,20.0,20.0,4.0,NFC North,1,7.0,7,0.5,0.613,3.77,4.0,2.0,1.0,1.0,15.0,2.0,-1.0,0.42857142857142855,0.618,5.62,7.45,1.0,1.0,1.0,80.0,1.0,0.42857142857142855,0.32932316207636747,2010,0.6042378009438034,0.11975387711867909,BUF vs. GNB,GNB,1550.0,1.0,BUF,1450.0,17.0,1,27,-12.5,1,-670.0,548.0,0,0
BUF,2.0,0.0,0.0,11.0,22,10.0,20,-51.0,-0.5580037187288713,-5.0,-0.4475734355044707,0.7666666666666666,2.5707070707070705,-1.8040404040404039,0.29976240355797584,8.5,17.0,3.0,24.5,49.0,9.0,AFC East,-2,-16.0,-32,1.0,0.5700000000000001,1.22,3.4080882352941178,0.5,0.5,0.5,35.0,1.0,-2.0,0.2738095238095238,0.6365000000000001,7.495,3.518518518518518,1.0,1.5,0.8333333333333333,32.0,0.0,0.2738095238095238,-0.29976240355797584,2010-09-26,2010,0.11592529066650165,0.15755345919945546,NWE,2.0,1.0,0.5,8.5,17,9.0,18,-3.8499999999999943,-0.10087456271864137,6.850000000000001,-0.1010919540229891,3.1527777777777777,2.888888888888889,0.26388888888888895,0.9103006485018247,26.0,52.0,6.0,26.0,52.0,9.0,AFC East,-1,0.0,0,0.0,0.635,7.17,3.8652173913043475,2.5,0.0,0.16666666666666666,54.5,1.5,-1.0,0.5734265734265734,0.69,7.695,3.865,2.5,0.5,1.0,31.5,1.0,0.5734265734265734,0.08969935149817532,2010,0.3687704737937957,0.27242483787454386,BUF vs. NWE,NWE,1485.9935000197115,9.0,BUF,1414.0064999802885,25.0,1,8,-14.0,0,-890.0,697.0,1,0
NYJ,3.0,2.0,0.6666666666666666,10.0,30,10.333333333333334,31,-1.2333333333333343,0.9700054734537487,-26.566666666666663,-1.4153673163418297,2.3430976430976433,1.5185185185185184,0.8245791245791247,1.945638910630862,22.666666666666668,68.0,13.0,15.666666666666666,47.0,9.0,AFC East,2,7.0,21,1.0,0.5706666666666667,7.6066666666666665,4.936097427476738,2.0,0.3333333333333333,0.8333333333333334,88.0,0.3333333333333333,6.0,0.36596736596736595,0.5533333333333333,5.97,2.5507246376811596,1.3333333333333333,0.3333333333333333,0.6666666666666666,56.333333333333336,2.3333333333333335,0.36596736596736595,0.05436108936913797,2010-10-03,2010,0.4411854906866533,0.19880913768088435,BUF,3.0,0.0,0.0,10.333333333333334,31,10.0,30,-36.86666666666667,0.16707798061753376,10.5,0.13397302323497065,1.6222222222222225,2.9804713804713803,-1.3582491582491578,0.6632540088861771,15.666666666666666,47.0,8.0,29.0,87.0,15.0,AFC East,-3,-13.333333333333334,-40,0.75,0.618,3.0766666666666667,4.133169934640523,1.0,0.3333333333333333,0.625,38.333333333333336,1.3333333333333333,-3.0,0.34920634920634913,0.6836666666666668,8.763333333333334,4.10006497725796,1.6666666666666667,1.6666666666666667,0.8888888888888888,33.0,0.3333333333333333,0.34920634920634913,-0.6632540088861771,2010,0.20101040783774818,0.2227909985189705,NYJ vs. BUF,BUF,1374.2205165379482,28.0,NYJ,1574.2205165379482,4.0,0,-24,5.5,0,210.0,-235.0,1,0
JAX,4.0,2.0,0.5,10.0,40,10.25,41,-11.974999999999998,0.08758013981454627,4.950000000000003,0.20730403595194846,1.8914141414141414,2.746969696969697,-0.8555555555555554,1.3316265958487377,17.75,71.0,13.0,27.75,111.0,17.0,AFC South,1,-10.0,-40,0.38888888888888884,0.6467499999999999,5.75,4.053672093837536,1.5,0.5,1.0,48.0,1.75,0.0,0.446606334841629,0.665,8.9425,4.173395989974938,2.25,1.5,1.0,53.5,1.75,0.446606334841629,0.6683734041512623,2010-10-10,2010,0.3793053390872901,0.3802582187229967,BUF,4.0,0.0,0.0,11.0,44,10.75,43,-32.5,0.915035496957403,12.675,0.5018139217776235,1.485897435897436,2.966122766122766,-1.48022533022533,0.7490161332490707,15.25,61.0,10.0,31.25,125.0,21.0,AFC East,-4,-16.0,-64,0.7222222222222222,0.5745,3.6875,4.881127450980392,1.25,0.25,0.625,36.75,1.5,-5.0,0.26190476190476186,0.6665,8.7925,4.4679058758006125,2.0,1.75,0.7916666666666666,32.25,0.25,0.26190476190476186,-0.7490161332490707,2010,0.18471499242903008,0.2748294255916832,JAX vs. BUF,BUF,1350.195209202744,25.0,JAX,1505.3855216934458,10.0,0,-10,-2.5,0,-131.0,119.0,0,0
BUF,6.0,0.0,0.0,11.333333333333334,68,11.5,69,-17.48333333333333,0.7895803148845739,13.1,0.6883740321429365,1.8204351204351203,2.917891367891368,-1.0974562474562473,1.5152914141349345,20.166666666666668,121.0,21.0,33.0,198.0,36.0,AFC East,-6,-12.833333333333334,-77,0.6666666666666666,0.6065,5.321666666666666,4.755672268907563,2.0,0.16666666666666666,0.8125,43.333333333333336,1.6666666666666667,-4.0,0.32790085731262203,0.6636666666666667,8.915000000000001,4.654465986165925,2.3333333333333335,1.3333333333333333,0.861111111111111,30.833333333333332,1.0,0.32790085731262203,-1.5152914141349345,2010-10-31,2010,0.23083058897834896,0.30301813790131,KAN,6.0,4.0,0.6666666666666666,10.5,63,11.0,66,-6.899999999999999,1.0162374449730767,-18.333333333333332,-0.26372764816929894,2.4664983164983165,1.8311965811965811,0.6353017353017354,3.6647216428698863,25.0,150.0,23.0,18.666666666666668,112.0,20.0,AFC West,1,6.333333333333333,38,0.32,0.5971666666666667,7.156666666666666,4.9823293989960655,1.5,1.0,0.8125,45.0,0.6666666666666666,4.0,0.3553661616161616,0.5843333333333333,6.403333333333333,3.70236430585369,1.3333333333333333,0.8333333333333334,0.75,50.666666666666664,1.3333333333333333,0.3553661616161616,0.33527835713011367,2010,0.3854799000370175,0.2694585028853593,BUF vs. KAN,KAN,1540.3076158960714,7.0,BUF,1302.3249857208025,28.0,1,3,-7.0,0,-325.0,285.0,0,0
CHI,7.0,4.0,0.5714285714285714,12.571428571428571,88,12.571428571428571,88,-31.571428571428577,-0.123811762376438,-34.25714285714285,-0.5145627132944396,1.532282003710575,1.3685853828710972,0.16369662083947803,3.7204992893125235,18.0,126.0,22.0,16.285714285714285,114.0,18.0,NFC North,-2,1.7142857142857142,12,0.38888888888888884,0.5797142857142857,3.8971428571428572,3.842280191646551,1.0,0.42857142857142855,0.8888888888888888,43.142857142857146,2.5714285714285716,-1.0,0.17897340754483612,0.6007142857142858,4.212857142857143,3.4515292407285494,0.5714285714285714,1.0,0.5666666666666667,67.14285714285714,2.4285714285714284,0.17897340754483612,0.2795007106874765,2010-11-07,2010,0.25998216823883846,0.18349190388372497,BUF,7.0,0.0,0.0,11.428571428571429,80,11.428571428571429,80,-20.9,0.7032721552570865,8.685714285714285,0.8932915896747884,1.6794205794205794,2.6698809127380554,-0.9904603333174761,1.8646628427682586,18.714285714285715,131.0,23.0,30.142857142857142,211.0,39.0,AFC East,-7,-11.428571428571429,-80,0.6666666666666666,0.5912857142857143,5.055714285714286,4.6693641092800755,1.8571428571428572,0.14285714285714285,0.75,42.142857142857146,1.5714285714285714,-5.0,0.34938085906299277,0.6457142857142857,8.52,4.859383543697777,2.142857142857143,1.1428571428571428,0.8333333333333333,33.57142857142857,0.8571428571428571,0.34938085906299277,-1.8646628427682586,2010,0.2109156332434465,0.2879966948786391,CHI vs. BUF,BUF,1282.062001643512,26.0,CHI,1467.353173375208,10.0,0,-3,3.0,0,135.0,-149.0,0,0
DET,8.0,2.0,0.25,12.625,101,12.625,101,-18.625,-0.4804918961860892,-15.075000000000003,0.7014720477500753,2.116519764957265,1.8947443181818182,0.22177544677544692,3.778033979459654,25.375,203.0,33.0,23.5,188.0,31.0,NFC North,-1,1.875,15,0.43605442176870746,0.598125,5.62125,3.4856000578369,2.0,0.625,0.8833333333333333,74.5,2.0,3.0,0.3755144365438483,0.620875,6.52375,4.667564001773064,1.5,1.125,1.0,67.125,2.375,0.3755144365438483,-1.778033979459654,2010-11-14,2010,0.2541149488587023,0.2003477062336024,BUF,8.0,0.0,0.0,11.25,90,11.125,89,-22.412499999999998,0.43904608604152157,7.125,0.7092557434867598,1.706993006993007,2.641701354201354,-0.9347083472083472,2.2786637117559065,18.75,150.0,26.0,29.125,233.0,42.0,AFC East,-8,-10.375,-83,0.6530612244897959,0.593375,4.9725,4.405138040064511,1.75,0.375,0.75,41.0,1.75,-7.0,0.38383325168011867,0.635875,8.36375,4.675347697509749,2.125,1.125,0.7291666666666666,35.0,0.875,0.38383325168011867,-2.2786637117559065,2010,0.20660381040881445,0.2785057922840617,DET vs. BUF,BUF,1256.4573947022811,26.0,DET,1418.3120680541813,22.0,1,2,-1.5,1,-119.0,108.0,0,0
BUF,9.0,1.0,0.1111111111111111,11.333333333333334,102,11.333333333333334,102,-21.944444444444443,0.45126980549563317,3.544444444444445,0.5145589907720013,1.646956746956747,2.450743084076417,-0.8037863371196704,2.8689954931954382,18.22222222222222,164.0,28.0,27.22222222222222,245.0,45.0,AFC East,1,-9.0,-81,0.6026785714285714,0.583,5.156666666666666,4.417361759518623,1.6666666666666667,0.4444444444444444,0.625,39.77777777777778,1.6666666666666667,-7.0,0.37822214964158696,0.6296666666666666,8.076666666666666,4.4806509447949905,2.0,1.0,0.7222222222222222,37.77777777777778,0.8888888888888888,0.37822214964158696,-1.8689954931954382,2010-11-21,2010,0.21750340543630473,0.3005394366080667,CIN,9.0,2.0,0.2222222222222222,11.666666666666666,105,11.555555555555555,104,-20.055555555555554,-0.24652804531929545,-21.7,0.3945546467270477,1.8206552706552708,2.2054852554852555,-0.3848299848299848,4.061475722583941,20.444444444444443,184.0,34.0,23.666666666666668,213.0,36.0,AFC North,-6,-3.2222222222222223,-29,0.5215773809523809,0.6048888888888889,5.687777777777778,3.719563908703693,1.7777777777777777,0.3333333333333333,0.7916666666666666,46.0,2.111111111111111,-1.0,0.37214490302725595,0.6043333333333334,5.6466666666666665,4.360646600750036,1.2222222222222223,0.8888888888888888,0.875,43.333333333333336,2.0,0.37214490302725595,-2.061475722583941,2010,0.24964002691232384,0.22840477990061764,BUF vs. CIN,CIN,1322.934913040541,24.0,BUF,1328.1996105753833,27.0,0,-18,-4.0,0,-210.0,188.0,0,0
PIT,10.0,7.0,0.7,11.2,112,11.5,115,-8.13,0.17449550660479424,-22.54,-1.0219917856728205,2.1312082362082365,1.476065601065601,0.6551426351426353,6.3960876535493245,23.5,235.0,40.0,16.5,165.0,33.0,AFC North,1,7.0,70,0.6254850088183421,0.6278,7.293000000000001,4.140587460627783,1.6,0.9,0.6583333333333333,54.6,1.4,10.0,0.37723665223665226,0.6535,5.211,2.9441001683501686,1.1,0.4,0.825,50.2,2.4,0.37723665223665226,0.6039123464506755,2010-11-28,2010,0.37871115523038124,0.2755905282024977,BUF,10.0,2.0,0.2,11.2,112,11.2,112,-19.15,0.573533629543771,0.4700000000000003,0.5098272296258356,1.9722610722610725,2.5156687756687757,-0.5434077034077033,3.6164466762833474,21.3,213.0,34.0,27.6,276.0,49.0,AFC East,2,-6.3,-63,0.560405643738977,0.5865,5.517,4.53962558356676,1.9,0.6,0.5357142857142857,41.6,1.7,-6.0,0.3903999346774283,0.6262000000000001,7.75,4.475919183648825,2.0,1.0,0.7,39.7,1.1,0.3903999346774283,-1.6164466762833474,2010,0.2545007258985412,0.32303045791260354,PIT vs. BUF,BUF,1377.442017680198,29.0,PIT,1603.9960431101435,4.0,0,-3,6.5,1,249.0,-282.0,0,0
BUF,11.0,2.0,0.18181818181818182,11.181818181818182,123,11.181818181818182,123,-20.463636363636365,0.5565623198077553,-1.3545454545454538,0.5190871018193768,1.9251960161051072,2.443996407632771,-0.5188003915276641,4.016009955693155,20.818181818181817,229.0,38.0,26.818181818181817,295.0,54.0,AFC East,-1,-6.0,-66,0.5743650793650794,0.5796363636363636,5.48,4.522654273830745,1.8181818181818181,0.5454545454545454,0.59375,39.63636363636363,1.7272727272727273,-7.0,0.3828810594969628,0.6243636363636363,7.651818181818182,4.485179055842366,1.8181818181818181,1.0,0.7272727272727273,45.81818181818182,1.0909090909090908,0.3828810594969628,-2.016009955693155,2010-12-05,2010,0.25232196724586853,0.3186514873559273,MIN,11.0,4.0,0.36363636363636365,10.818181818181818,119,10.545454545454545,116,-28.827272727272724,0.4011016618288336,-9.063636363636363,-0.48548000872322317,1.5976795931341385,2.0893939393939394,-0.49171434625980087,4.377115550068934,17.181818181818183,189.0,33.0,21.727272727272727,239.0,36.0,NFC North,1,-4.545454545454546,-50,0.5553571428571429,0.6067272727272727,5.0,4.367193615851823,1.0,0.9090909090909091,0.9666666666666666,47.63636363636363,2.272727272727273,-12.0,0.3492875811057629,0.635,6.761818181818182,3.480611945299766,1.6363636363636365,0.5454545454545454,0.738095238095238,46.36363636363637,1.1818181818181819,0.3492875811057629,-0.37711555006893427,2010,0.2678038096621277,0.27149203777234987,BUF vs. MIN,MIN,1456.52903995371,23.0,BUF,1356.095273667149,29.0,1,24,-5.0,1,-230.0,205.0,0,0
CLE,12.0,5.0,0.4166666666666667,10.75,129,10.916666666666666,131,-20.933333333333334,-0.069028714913273,-20.391666666666666,0.10669983627552171,1.859243071743072,1.8751813001813,-0.015938228438228497,5.542638322386807,19.083333333333332,229.0,40.0,19.916666666666668,239.0,41.0,AFC North,2,-0.8333333333333334,-10,0.6492260264987538,0.6369166666666667,5.776666666666666,3.897063239109716,0.75,1.0833333333333333,0.7638888888888888,47.833333333333336,1.5833333333333333,7.0,0.3675272644022644,0.5976666666666667,5.870833333333334,4.072791790298511,1.6666666666666667,0.3333333333333333,0.7333333333333333,51.0,2.1666666666666665,0.3675272644022644,-0.5426383223868072,2010-12-12,2010,0.2960558573026665,0.27274289362731613,BUF,12.0,2.0,0.16666666666666666,11.25,135,11.416666666666666,137,-20.875,0.4840222897421498,-3.083333333333332,0.5828221804991797,1.8619852369852372,2.4665205165205166,-0.6045352795352795,4.101772080056048,20.25,243.0,39.0,27.75,333.0,60.0,AFC East,-2,-7.5,-90,0.5552079233897416,0.5813333333333334,5.456666666666667,4.450114243765139,1.75,0.5,0.59375,40.833333333333336,2.0,-8.0,0.3718076378722159,0.6266666666666666,7.148333333333333,4.548914134522168,1.8333333333333333,1.1666666666666667,0.75,43.666666666666664,1.3333333333333333,0.3718076378722159,-2.1017720800560484,2010,0.2382906721467988,0.32475284379357483,CLE vs. BUF,BUF,1320.159278906389,29.0,CLE,1541.4996907357006,20.0,1,7,-1.0,1,-113.0,102.0,0,0
BUF,13.0,3.0,0.23076923076923078,11.076923076923077,144,11.23076923076923,146,-19.96153846153846,0.4933541611008753,-6.823076923076922,0.5559826316897821,1.829866714482099,2.3280702203779127,-0.49820350589581347,4.963826606337414,19.692307692307693,256.0,42.0,26.076923076923077,339.0,62.0,AFC East,1,-6.384615384615385,-83,0.5436628186628186,0.5834615384615385,5.542307692307692,4.459446115123864,1.6923076923076923,0.46153846153846156,0.6388888888888888,41.07692307692308,1.9230769230769231,-6.0,0.3706795778161114,0.6246153846153846,6.740769230769231,4.5220745857127715,1.6923076923076923,1.0769230769230769,0.7692307692307693,41.07692307692308,1.4615384615384615,0.3706795778161114,-1.9638266063374141,2010-12-19,2010,0.24760645434499393,0.32784128050952593,MIA,13.0,7.0,0.5384615384615384,11.153846153846153,145,10.76923076923077,140,-26.338461538461537,-0.282017255917839,-18.884615384615383,-0.48241411909505333,1.5462345346960733,1.9658563658563657,-0.4196218311602928,6.438109687815486,17.307692307692307,225.0,47.0,18.76923076923077,244.0,44.0,AFC East,1,-1.4615384615384615,-19,0.5432990620490621,0.5821538461538461,5.333846153846154,3.68407469810515,1.0769230769230769,0.38461538461538464,0.7575757575757575,36.0,1.8461538461538463,-7.0,0.39414979585258225,0.5885384615384616,6.177692307692308,3.483677834927936,1.1538461538461537,0.46153846153846156,0.8722222222222222,43.15384615384615,1.3076923076923077,0.39414979585258225,0.5618903121845138,2010,0.33814792820831413,0.3036940515033619,BUF vs. MIA,MIA,1500.0,1.0,BUF,1500.0,1.0,0,-3,-5.5,0,-235.0,210.0,1,0
NWE,14.0,12.0,0.8571428571428571,9.571428571428571,134,10.142857142857142,142,8.6,0.3136561933619174,-16.214285714285715,0.13383041725098233,3.448683261183261,2.1576895326895325,1.2909937284937285,9.145981819420943,31.857142857142858,446.0,67.0,21.642857142857142,303.0,52.0,AFC East,6,10.214285714285714,143,0.47840620917543997,0.6715,8.63642857142857,4.279748147384907,2.2142857142857144,1.2142857142857142,0.8611111111111112,46.714285714285715,0.6428571428571429,20.0,0.45761218731143544,0.6574285714285715,6.025714285714286,4.099922371273971,1.7142857142857142,0.7142857142857143,0.7430555555555555,43.357142857142854,2.0714285714285716,0.45761218731143544,2.8540181805790574,2010-12-26,2010,0.6019292207349664,0.41469262846585064,BUF,14.0,4.0,0.2857142857142857,11.0,154,11.214285714285714,157,-18.764285714285712,0.36265298356557285,-7.371428571428571,0.47733820639450897,1.8205905205905206,2.25268858126001,-0.4320980606694892,5.576876307740195,19.5,273.0,45.0,25.214285714285715,353.0,64.0,AFC East,2,-5.714285714285714,-80,0.5432627201857971,0.5857142857142856,5.712142857142857,4.328744937588562,1.7142857142857142,0.42857142857142855,0.675,41.285714285714285,1.8571428571428572,-5.0,0.36801198892448433,0.6323571428571428,6.633571428571429,4.443430160417498,1.6428571428571428,1.0714285714285714,0.7142857142857143,40.642857142857146,1.5,0.36801198892448433,-1.5768763077401946,2010,0.25929525331711095,0.3326114268901854,NWE vs. BUF,BUF,1414.0064999802885,25.0,NWE,1485.9935000197115,9.0,0,-31,7.0,0,264.0,-300.0,1,0
BUF,15.0,4.0,0.26666666666666666,11.066666666666666,166,11.266666666666667,169,-21.759999999999998,0.49073665439300207,-6.506666666666666,0.533955057488627,1.715884485884486,2.2913982313982313,-0.5755137455137455,5.580037110871441,18.4,276.0,46.0,25.8,387.0,70.0,AFC East,-1,-7.4,-111,0.5656827299684443,0.5790666666666666,5.5280000000000005,4.456828608415991,1.6,0.4,0.7045454545454546,41.2,2.2,-12.0,0.36347785632951873,0.6272666666666668,6.6626666666666665,4.500047011511616,1.7333333333333334,1.0666666666666667,0.7333333333333333,40.6,1.4,0.36347785632951873,-1.5800371108714408,2011-01-02,2010,0.24791899313249546,0.3429575551238655,NYJ,15.0,10.0,0.6666666666666666,11.666666666666666,175,11.666666666666666,175,-23.9,0.35403604177565934,-19.973333333333336,-0.21720723449696522,1.933991933991934,1.7743663743663742,0.1596255596255596,8.187764827585154,21.933333333333334,329.0,59.0,19.8,297.0,53.0,AFC East,-1,2.1333333333333333,32,0.5294013526156384,0.5538666666666666,5.760666666666666,4.320127995798648,1.2,0.8,0.7433333333333334,60.6,1.3333333333333333,4.0,0.3838786703492586,0.5022,6.3853333333333335,3.748884719526024,1.6,0.7333333333333333,0.7847222222222222,44.266666666666666,1.6,0.3838786703492586,1.8122351724148462,2010,0.37787500006570507,0.31925655776685213,BUF vs. NYJ,NYJ,1574.2205165379482,4.0,BUF,1374.2205165379482,28.0,1,31,-1.0,1,-125.0,113.0,1,0
TAM,1.0,1.0,1.0,13.0,13,13.0,13,-13.200000000000003,0.0005747126436776995,-39.1,0.5556471764117932,1.3076923076923077,1.0769230769230769,0.23076923076923084,0.6130497014027806,17.0,17.0,3.0,14.0,14.0,2.0,NFC South,1,3.0,3,0.5,0.607,5.86,3.966666666666667,2.0,0.0,1.0,55.0,2.0,1.0,0.4117647058823529,0.5529999999999999,4.37,4.521739130434782,1.0,1.0,0.0,47.0,3.0,0.4117647058823529,0.3869502985972194,2010-09-19,2010,0.3200654535224353,0.059530815168802986,CAR,1.0,0.0,0.0,14.0,14,12.0,12,-73.2,-0.2577586206896556,-12.799999999999997,-0.6883141762452114,1.2857142857142858,2.5833333333333335,-1.2976190476190477,0.21612906877319796,18.0,18.0,4.0,31.0,31.0,5.0,NFC South,-1,-13.0,-13,0.5,0.4,0.94,3.7083333333333335,1.0,0.0,1.0,63.0,5.0,-1.0,0.47058823529411764,0.667,6.1,3.2777777777777777,3.0,1.0,1.0,95.0,4.0,0.47058823529411764,-0.21612906877319796,2010,0.2239631232076577,-0.09005377865549918,TAM vs. CAR,CAR,1450.0,17.0,TAM,1550.0,1.0,0,-13,-4.0,0,-210.0,188.0,1,0
CIN,2.0,1.0,0.5,11.0,22,11.0,22,-24.349999999999998,-0.7099629217649246,-27.849999999999994,0.9686906546726628,1.9102564102564101,2.732142857142857,-0.8218864468864471,0.9751018029182817,19.5,39.0,9.0,24.0,48.0,6.0,AFC North,1,-4.5,-9,1.0,0.5685,5.63,3.2561290322580643,1.0,0.5,1.0,30.5,1.0,2.0,0.35,0.5750000000000001,4.415,4.934782608695652,2.0,0.0,0.6666666666666666,37.5,2.0,0.35,0.024898197081718254,2010-09-26,2010,0.4141837221303515,0.13975884505659794,CAR,2.0,0.0,0.0,12.0,24,11.0,22,-64.1,-0.30889498432601936,-7.199999999999996,-0.9301442416046883,0.9928571428571429,2.291666666666667,-1.2988095238095239,0.2928272321759387,12.5,25.0,5.0,25.5,51.0,9.0,NFC South,-2,-13.0,-26,1.0,0.42399999999999993,2.005,3.6571969696969697,1.0,0.0,1.0,55.5,4.0,-4.0,0.3915441176470588,0.5735,7.41,3.0359477124183005,2.5,0.5,1.0,62.5,2.0,0.3915441176470588,-0.2928272321759387,2010,0.17783049664833972,0.14464897523673984,CIN vs. CAR,CAR,1414.0064999802885,25.0,CIN,1514.0064999802885,9.0,0,-13,3.0,0,147.0,-163.0,0,0
CAR,3.0,0.0,0.0,12.333333333333334,37,11.333333333333334,34,-58.53333333333333,-0.3196273075583426,-20.73333333333333,-0.8610457313297074,0.8413919413919414,2.0833333333333335,-1.241941391941392,0.36952539557867947,10.666666666666666,32.0,6.0,23.666666666666668,71.0,13.0,NFC South,-3,-13.0,-39,0.75,0.4443333333333333,2.6999999999999997,3.6464646464646466,0.6666666666666666,0.3333333333333333,1.0,52.0,4.0,-6.0,0.32163547237076645,0.5536666666666666,5.976666666666667,3.105046222693282,2.0,0.6666666666666666,1.0,66.33333333333333,2.0,0.32163547237076645,-0.36952539557867947,2010-10-03,2010,0.1421878164552065,0.2078055868380114,NOR,3.0,2.0,0.6666666666666666,10.333333333333334,31,10.333333333333334,31,5.766666666666666,-1.322480842911878,-13.533333333333331,0.519928112866643,2.0033670033670035,1.8515151515151516,0.1518518518518518,1.7460564249442136,21.0,63.0,11.0,19.333333333333332,58.0,10.0,NFC South,-1,1.6666666666666667,5,0.25,0.7586666666666666,7.586666666666667,2.643611111111111,2.0,0.3333333333333333,0.5,37.333333333333336,1.0,3.0,0.41558441558441556,0.636,6.66,4.486020066889632,1.3333333333333333,1.0,1.0,46.666666666666664,2.0,0.41558441558441556,0.25394357505578635,2010,0.38487504651197474,0.2423595241995469,CAR vs. NOR,NOR,1525.7794834620518,4.0,CAR,1378.012999960577,28.0,1,2,-12.5,0,-650.0,534.0,1,0
CHI,4.0,3.0,0.75,11.75,47,11.75,47,-11.875000000000007,-0.6602563805462865,-23.65,-0.751434215927751,1.6314935064935066,1.5257936507936507,0.10569985569985577,1.9553564498618554,17.25,69.0,13.0,17.0,68.0,11.0,NFC North,-1,0.25,1,0.4444444444444444,0.63775,6.63,3.3058355734767026,1.5,0.0,0.9166666666666666,47.0,2.0,3.0,0.2132034632034632,0.6527499999999999,5.39,3.214657738095238,0.5,1.25,0.5555555555555555,71.5,2.75,0.2132034632034632,1.0446435501381446,2010-10-10,2010,0.3488317348499781,0.23665467580595528,CAR,4.0,0.0,0.0,11.75,47,10.75,43,-46.9,0.05136522647766961,-18.275,-0.5942038387271658,0.981043956043956,2.0069444444444446,-1.0259004884004885,0.7910618177265059,11.5,46.0,8.0,21.75,87.0,17.0,NFC South,-4,-10.25,-41,0.7222222222222222,0.46425,3.8475,4.017457180500658,0.75,0.5,1.0,55.5,3.25,-5.0,0.3245599376114082,0.58725,5.952500000000001,3.3718881152958233,1.75,0.5,1.0,58.75,2.0,0.3245599376114082,-0.7910618177265059,2010,0.13655056094780824,0.21832528545726393,CHI vs. CAR,CAR,1348.0825560845967,25.0,CHI,1560.2311264522957,1.0,0,-17,-2.5,0,-140.0,127.0,0,0
SFO,6.0,1.0,0.16666666666666666,11.0,66,11.0,66,-26.266666666666666,-0.15120825664870327,-16.716666666666665,-0.23034889250531476,1.420991970991971,2.113888888888889,-0.6928969178969179,2.17976557033275,15.5,93.0,15.0,23.166666666666668,139.0,25.0,NFC West,1,-7.666666666666667,-46,0.7133333333333333,0.6044999999999999,5.111666666666667,3.814883697374286,1.3333333333333333,0.3333333333333333,0.875,67.33333333333333,2.5,-8.0,0.39744427685604156,0.6293333333333333,5.905,3.7357430615176743,1.5,0.5,0.8611111111111112,46.5,1.1666666666666667,0.39744427685604156,-1.17976557033275,2010-10-24,2010,0.1825846374873958,0.24117641601434656,CAR,5.0,0.0,0.0,12.4,62,11.6,58,-55.120000000000005,-0.07212620962246215,-32.6,-0.23048622369109228,0.8648351648351648,1.9122222222222223,-1.0473870573870574,0.8308092404366938,10.4,52.0,10.0,22.0,110.0,22.0,NFC South,-5,-11.6,-58,0.7291666666666666,0.45899999999999996,2.622,3.893965744400527,0.6,0.4,0.8333333333333333,55.0,3.2,-4.0,0.2929812834224599,0.554,3.1719999999999997,3.735605730331897,1.4,0.8,1.0,56.0,2.4,0.2929812834224599,-0.8308092404366938,2010,0.13449002450204212,0.2404213679668715,SFO vs. CAR,CAR,1325.310467529887,26.0,SFO,1398.1489046948195,26.0,1,3,1.0,1,113.0,-125.0,0,0
CAR,6.0,1.0,0.16666666666666666,12.333333333333334,74,11.5,69,-46.61666666666667,-0.3485714807480402,-33.86666666666667,-0.10308717874640842,1.0401404151404152,1.8965488215488218,-0.8564084064084064,1.412869276873057,12.5,75.0,15.0,21.666666666666668,130.0,25.0,NFC South,1,-9.166666666666666,-55,0.6166666666666667,0.4963333333333333,3.3966666666666665,3.617520473274949,0.8333333333333334,0.3333333333333333,0.8888888888888888,51.666666666666664,3.1666666666666665,-6.0,0.32192884729649435,0.5346666666666666,3.466666666666667,3.863004775276581,1.3333333333333333,0.6666666666666666,1.0,60.166666666666664,2.1666666666666665,0.32192884729649435,-0.4128692768730571,2010-10-31,2010,0.1887544163218562,0.27700064753182024,LAR,7.0,3.0,0.42857142857142855,11.428571428571429,80,10.857142857142858,76,-26.62857142857143,-0.13808014118974762,-22.157142857142862,0.765826197853146,1.549758574758575,1.843018093018093,-0.29325951825951835,3.642879400732874,17.142857142857142,120.0,24.0,18.714285714285715,131.0,26.0,NFC West,-1,-1.5714285714285714,-11,0.3611111111111111,0.5595714285714286,4.984285714285714,3.8280118128332417,1.2857142857142858,0.42857142857142855,0.7738095238095237,56.0,1.7142857142857142,-1.0,0.40219087635054024,0.5777142857142856,5.821428571428571,4.731918151876135,1.1428571428571428,0.2857142857142857,0.8928571428571429,68.14285714285714,1.5714285714285714,0.40219087635054024,-0.6428794007328742,2010,0.2724480256828768,0.26181416462583695,CAR vs. LAR,LAR,1452.394806017271,17.0,CAR,1385.6418434512375,25.0,1,10,-2.5,1,-145.0,131.0,0,0
NOR,8.0,5.0,0.625,10.125,81,9.5,76,-6.637500000000001,-0.5607573114146395,-22.275,0.06357110936290034,2.109375,1.9734848484848486,0.1358901515151515,4.6256277084846085,20.875,167.0,31.0,18.5,148.0,22.0,NFC South,1,2.375,19,0.39285714285714285,0.708625,6.4775,3.4053346426083495,2.0,0.25,0.7083333333333333,50.75,2.0,-5.0,0.47419507575757575,0.60275,5.74,4.02966306338589,0.75,0.75,0.75,40.5,1.375,0.47419507575757575,0.37437229151539153,2010-11-07,2010,0.4006258349336067,0.26683583949562273,CAR,7.0,1.0,0.14285714285714285,12.142857142857142,85,11.285714285714286,79,-47.25714285714286,-0.6552760861738732,-27.385714285714283,-0.3495262845740973,1.0214190571333428,1.9113275613275615,-0.8899085041942184,1.5749592961176608,12.142857142857142,85.0,17.0,21.428571428571427,150.0,29.0,NFC South,-1,-9.285714285714286,-65,0.5853174603174603,0.5142857142857142,3.147142857142857,3.310815867849116,0.8571428571428571,0.2857142857142857,0.9166666666666666,48.57142857142857,3.2857142857142856,-10.0,0.3473675833969952,0.5698571428571428,3.9714285714285715,3.616565669448892,1.4285714285714286,0.5714285714285714,0.9523809523809524,60.857142857142854,1.8571428571428572,0.3473675833969952,-0.5749592961176608,2010,0.18357259153949543,0.28449580544771763,NOR vs. CAR,CAR,1378.012999960577,28.0,NOR,1525.7794834620518,4.0,0,-31,5.5,0,218.0,-245.0,1,0
CAR,8.0,1.0,0.125,12.125,97,11.375,91,-48.55,-0.4076697363216793,-25.9875,-0.15706574325520878,0.924991674991675,2.026578282828283,-1.101586607836608,1.5781200992489073,11.0,88.0,18.0,23.0,184.0,34.0,NFC South,-2,-12.0,-96,0.5909863945578231,0.509,2.8337499999999998,3.5584222177013096,0.75,0.25,0.8333333333333333,50.625,3.125,-11.0,0.3143633021390374,0.577125,4.16625,3.8090262107677804,1.5,0.625,0.9583333333333334,61.25,1.75,0.3143633021390374,-0.5781200992489073,2010-11-14,2010,0.17215700800711298,0.2999229623977159,TAM,8.0,5.0,0.625,10.375,83,10.375,83,-13.9875,0.15153494522155742,-22.0375,0.9931515877613134,1.8632211538461538,2.445806623931624,-0.5825854700854702,3.645500293407815,19.625,157.0,25.0,23.75,190.0,29.0,NFC South,-1,-4.125,-33,0.5448979591836735,0.5985,6.75,4.117626899244547,1.25,0.5,0.7857142857142857,48.375,1.5,6.0,0.4256880374527433,0.589125,5.7212499999999995,4.959243541784303,1.875,0.875,0.75,45.625,2.25,0.4256880374527433,1.3544997065921849,2010,0.35220254919398286,0.3648802582698394,CAR vs. TAM,TAM,1550.0,1.0,CAR,1450.0,17.0,1,15,-7.0,1,-282.0,249.0,1,0
CAR,10.0,1.0,0.1,12.2,122,11.4,114,-46.9,-0.19325447311707325,-16.68,0.02370965975252548,0.9783050283050283,2.2114141414141413,-1.2331091131091132,1.8280385457595694,11.7,117.0,25.0,25.2,252.0,44.0,NFC South,-4,-13.5,-135,0.6031746031746033,0.5088,3.181,3.772837480905916,0.7,0.3,0.8809523809523808,53.0,2.8,-10.0,0.2991829494035376,0.6093999999999999,5.382,3.989801613775515,1.5,0.8,0.9666666666666666,59.0,1.8,0.2991829494035376,-0.8280385457595694,2010-11-28,2010,0.18795002980000883,0.31540903858471836,CLE,10.0,3.0,0.3,10.5,105,10.7,107,-20.720000000000002,-0.0009797034549662077,-14.24,0.0057489350759646115,1.912909867909868,1.9642035742035742,-0.05129370629370635,4.366814537213938,19.2,192.0,33.0,20.6,206.0,35.0,AFC North,-2,-1.4,-14,0.7217813051146384,0.627,5.904,3.9651122505680227,0.8,1.0,0.75,48.3,1.6,6.0,0.39038336663336665,0.6101,6.418000000000001,3.971840889098954,1.9,0.3,0.7791666666666667,50.7,2.2,0.39038336663336665,-1.366814537213938,2010,0.2713286859732762,0.24968363663318893,CAR vs. CLE,CLE,1454.273465283554,23.0,CAR,1285.0548814268484,32.0,1,1,-9.0,0,-360.0,314.0,0,0
CAR,11.0,1.0,0.09090909090909091,12.090909090909092,133,11.363636363636363,125,-46.19090909090909,-0.02782219023646627,-18.727272727272727,0.09281860395475143,1.0794508521781248,2.2087235996326906,-1.1292727474545656,2.3028433319533765,12.727272727272727,140.0,29.0,25.09090909090909,276.0,48.0,NFC South,-5,-12.363636363636363,-136,0.5728571428571428,0.5144545454545454,3.313636363636364,3.9382697637865225,0.6363636363636364,0.36363636363636365,0.8458333333333333,54.36363636363637,2.6363636363636362,-8.0,0.3144087418820039,0.6146363636363636,5.239090909090909,4.0589105579777405,1.3636363636363635,1.0,0.9696969696969696,57.81818181818182,1.9090909090909092,0.3144087418820039,-1.3028433319533765,2010-12-05,2010,0.19221978357713743,0.30360983277544573,SEA,11.0,5.0,0.45454545454545453,11.181818181818182,123,12.0,132,-26.618181818181814,-0.613025060126782,-11.036363636363635,0.07144475564080094,1.737179487179487,2.1774034046761317,-0.4402239174966447,4.509153950424209,19.0,209.0,37.0,25.0,275.0,47.0,NFC West,-2,-6.0,-66,0.5017857142857143,0.5920909090909091,5.336363636363636,3.353066893896207,1.0,0.5454545454545454,0.8958333333333334,58.09090909090909,1.8181818181818181,-1.0,0.3601972522427068,0.5713636363636364,7.487272727272727,4.03753670966379,1.8181818181818181,1.0,0.7696969696969697,48.90909090909091,1.7272727272727273,0.3601972522427068,0.4908460495757909,2010,0.3142359969211414,0.33957972750004284,CAR vs. SEA,SEA,1431.3849746698709,17.0,CAR,1257.6484868125367,32.0,1,17,-4.5,1,-225.0,201.0,0,0
CAR,14.0,2.0,0.14285714285714285,11.857142857142858,166,11.285714285714286,158,-43.07857142857143,0.26193632976846243,-23.400000000000002,0.02667619364383803,1.1342871414299986,2.212898212898213,-1.0786110714682144,3.2470643990660264,13.071428571428571,183.0,38.0,25.0,350.0,59.0,NFC South,1,-11.928571428571429,-167,0.5633955787801942,0.5337142857142857,3.4657142857142853,4.228028283791452,0.5714285714285714,0.5,0.8766666666666666,54.214285714285715,2.357142857142857,-7.0,0.30637609939080523,0.6022142857142857,5.051428571428572,3.992768147666827,1.1428571428571428,1.2142857142857142,0.9404761904761905,50.357142857142854,1.8571428571428572,0.30637609939080523,-1.2470643990660264,2010-12-23,2010,0.20852476455916133,0.3134824595185825,PIT,14.0,10.0,0.7142857142857143,10.571428571428571,148,10.857142857142858,152,-11.971428571428572,0.2217086130920942,-24.892857142857142,-0.9447747958465872,2.1173518941376086,1.5097025989883133,0.6076492951492952,8.942682173007269,21.928571428571427,307.0,54.0,15.714285714285714,220.0,43.0,AFC North,-1,6.214285714285714,87,0.5704317050470896,0.6158571428571429,6.987857142857143,4.187800567115083,1.2857142857142858,0.7857142857142857,0.7722222222222221,59.857142857142854,1.1428571428571428,14.0,0.41452751754609335,0.6315,5.1292857142857144,3.021317158176402,1.0,0.35714285714285715,0.8653846153846154,44.214285714285715,2.142857142857143,0.41452751754609335,1.0573178269927315,2010,0.3924204452980731,0.2840529448123531,CAR vs. PIT,PIT,1620.9658133367209,3.0,CAR,1288.7847540921684,32.0,1,24,-14.0,1,-1150.0,850.0,0,0
CHI,1.0,1.0,1.0,14.0,14,14.0,14,7.099999999999994,-0.7080274378939566,-43.0,-3.0137110016420365,1.3571428571428572,1.0,0.3571428571428572,0.6734332492284144,19.0,19.0,4.0,14.0,14.0,2.0,NFC North,1,5.0,5,0.5,0.657,10.2,3.2580645161290325,2.0,0.0,1.0,100.0,4.0,-1.0,0.42857142857142855,0.588,3.03,0.9523809523809524,0.0,2.0,,40.0,3.0,0.42857142857142855,0.3265667507715856,2010-09-19,2010,0.3790190716490244,0.046652392967369366,DAL,1.0,0.0,0.0,9.0,9,9.0,9,-13.099999999999994,0.7157262277951926,-37.9,-0.09652673663168487,0.7777777777777778,1.4444444444444444,-0.6666666666666666,0.18738030928241586,7.0,7.0,1.0,13.0,13.0,2.0,NFC East,-1,-6.0,-6,0.5,0.6459999999999999,6.19,4.681818181818182,1.0,0.0,0.0,81.0,1.0,-1.0,0.38461538461538464,0.469,5.03,3.869565217391304,0.0,0.0,1.0,42.0,0.0,0.38461538461538464,-0.18738030928241586,2010,0.09029107674639823,-0.041640068729425724,CHI vs. DAL,DAL,1450.0,17.0,CHI,1550.0,1.0,0,-7,-7.0,0,-315.0,277.0,0,0
GNB,2.0,2.0,1.0,10.0,20,10.5,21,-6.75,-0.28090676883780397,-43.95,1.696408045977011,3.116161616161616,1.259090909090909,1.857070707070707,1.6476020021901538,30.5,61.0,11.0,13.5,27.0,5.0,NFC North,2,17.0,34,0.0,0.634,6.97,3.685185185185185,2.0,1.5,1.0,32.0,1.0,1.0,0.5059523809523809,0.6145,2.0300000000000002,5.6625,0.5,1.0,1.0,57.5,1.5,0.5059523809523809,0.35239799780984615,2010-09-27,2010,0.6469094493977078,0.1609997616440293,CHI,2.0,2.0,1.0,12.5,25,12.0,24,21.39999999999999,-1.3370596959584728,-32.3,-2.589901477832513,1.905844155844156,1.5,0.4058441558441559,1.344110087152047,23.0,46.0,9.0,17.0,34.0,5.0,NFC North,2,6.0,12,0.0,0.6905000000000001,10.79,2.629032258064516,2.5,0.0,1.0,55.0,2.0,2.0,0.2597402597402597,0.6275,4.495,1.3761904761904762,0.5,1.0,0.6666666666666666,45.0,3.0,0.2597402597402597,0.655889912847953,2010,0.47806018431263153,0.17248853258832844,GNB vs. CHI,CHI,1585.9935000197115,1.0,GNB,1585.9935000197115,1.0,1,3,3.0,1,127.0,-140.0,1,0
CHI,3.0,3.0,1.0,11.0,33,11.0,33,7.299999999999993,-0.7874778560540524,-24.03333333333333,-1.6486316365626716,2.103896103896104,1.6296296296296298,0.47426647426647434,1.9392294905380218,22.0,66.0,12.0,17.0,51.0,8.0,NFC North,3,5.0,15,0.5,0.658,9.34,3.178614097968937,2.0,0.0,0.8888888888888888,49.333333333333336,1.6666666666666667,3.0,0.2842712842712843,0.6703333333333333,5.153333333333333,2.3174603174603177,0.6666666666666666,1.0,0.5833333333333333,80.66666666666667,2.6666666666666665,0.2842712842712843,1.0607705094619782,2010-10-03,2010,0.49221460720751253,0.2473349906635942,NYG,3.0,1.0,0.3333333333333333,11.0,33,11.666666666666666,35,-18.7,0.5098339719029367,-8.300000000000006,-0.18072767596160366,1.6203703703703705,2.5467532467532465,-0.9263828763828764,0.9438694465098475,18.333333333333332,55.0,9.0,28.333333333333332,85.0,14.0,NFC East,-2,-10.0,-30,0.25,0.639,5.77,4.475925925925925,1.6666666666666667,0.6666666666666666,0.6666666666666666,68.66666666666667,3.3333333333333335,-4.0,0.37662337662337664,0.598,6.996666666666667,3.7853642780613854,1.6666666666666667,1.0,1.0,66.0,2.0,0.37662337662337664,0.0561305534901525,2010,0.2778300503172866,0.2741507404653537,CHI vs. NYG,NYG,1438.008106127738,19.0,CHI,1635.9935000197115,1.0,1,14,-3.5,1,-194.0,174.0,0,0
SEA,4.0,2.0,0.5,10.25,41,12.0,48,-26.599999999999998,-0.2904449560933824,-17.975,-1.0484854377322623,1.901388888888889,1.7154234654234655,0.1859654234654235,1.7936424683676204,18.75,75.0,10.0,19.25,77.0,14.0,NFC West,-1,-0.5,-2,0.27777777777777773,0.629,4.9525,3.6756469979296065,1.0,0.5,1.0,45.0,2.25,-1.0,0.4547785547785548,0.6000000000000001,6.495,2.9176065162907268,1.5,0.5,1.0,54.75,2.0,0.4547785547785548,0.20635753163237958,2010-10-17,2010,0.25648521534343777,0.23379690334819436,CHI,5.0,4.0,0.8,12.4,62,12.4,62,-27.480000000000008,-0.28332825714638893,-36.519999999999996,-0.7143657635467986,1.6118614718614719,1.3006349206349206,0.31122655122655124,2.9156090271516675,18.4,92.0,18.0,14.8,74.0,13.0,NFC North,1,3.6,18,0.3333333333333333,0.5944,3.714,3.6827636968766,1.2,0.4,0.9333333333333332,46.6,2.4,2.0,0.21056277056277056,0.6098,3.8559999999999994,3.25172619047619,0.4,1.0,0.5833333333333333,67.8,2.8,0.21056277056277056,1.0843909728483325,2010,0.3532872177782903,0.21321639563557526,SEA vs. CHI,CHI,1583.003215007005,1.0,SEA,1479.248746490311,10.0,0,-3,-6.0,0,-257.0,228.0,0,0
WAS,6.0,3.0,0.5,11.5,69,11.833333333333334,71,-24.166666666666668,-0.013192895848995079,-10.833333333333334,1.0656484670176345,1.6705627705627706,1.6391534391534393,0.03140933140933139,3.1811325876558754,18.833333333333332,113.0,22.0,19.833333333333332,119.0,24.0,NFC East,-1,-1.0,-6,0.6033333333333333,0.566,6.218333333333334,3.952899058173994,0.8333333333333334,0.8333333333333334,0.7916666666666666,46.0,1.0,5.0,0.26452077334430274,0.6478333333333334,6.751666666666668,5.031740421040624,1.5,0.5,0.5833333333333334,63.833333333333336,1.8333333333333333,0.26452077334430274,-0.18113258765587537,2010-10-24,2010,0.3092151765013786,0.27148548801938727,CHI,6.0,4.0,0.6666666666666666,12.333333333333334,74,12.5,75,-28.783333333333342,-0.17093173043534615,-32.48333333333333,-0.6595459350777766,1.620995670995671,1.3787342287342288,0.2422614422614423,3.333548990715304,18.666666666666668,112.0,21.0,16.166666666666668,97.0,16.0,NFC North,-1,2.5,15,0.36666666666666664,0.5680000000000001,4.1466666666666665,3.795160223587643,1.0,0.5,0.8888888888888888,41.833333333333336,2.0,2.0,0.17546897546897547,0.6123333333333333,4.305,3.3065460189452125,0.5,1.1666666666666667,0.5833333333333333,70.33333333333333,2.3333333333333335,0.17546897546897547,0.666451009284696,2010,0.3153051153040059,0.20147381366345588,WAS vs. CHI,CHI,1518.5003253032316,4.0,WAS,1510.5276981857169,17.0,0,-3,-3.0,0,-160.0,144.0,0,0
MIN,8.0,3.0,0.375,10.875,87,10.375,83,-24.8125,0.5445807669758189,-12.087499999999999,-0.2774525389378207,1.811392773892774,2.0768939393939396,-0.26550116550116554,3.5690780820180277,19.5,156.0,26.0,21.0,168.0,23.0,NFC North,1,-1.5,-12,0.5374149659863946,0.62425,5.24125,4.510672720998808,1.25,1.0,1.0,55.0,2.375,-9.0,0.37791999666999665,0.629625,6.5875,3.6886394150851682,1.25,0.75,0.625,44.25,1.25,0.37791999666999665,-0.5690780820180277,2010-11-14,2010,0.27759191072921163,0.2227578375204599,CHI,8.0,5.0,0.625,12.125,97,12.25,98,-28.1,-0.18070968955806332,-34.1,-0.6265594239410639,1.646302308802309,1.43501221001221,0.21129009879009886,4.306498420324875,18.5,148.0,25.0,16.625,133.0,21.0,NFC North,1,1.875,15,0.3333333333333333,0.578125,4.31875,3.7853822644649258,1.125,0.5,0.7619047619047619,43.375,2.375,1.0,0.22951839826839826,0.601625,4.234999999999999,3.339532530081925,0.625,1.125,0.5666666666666667,62.875,2.5,0.22951839826839826,0.6935015796751252,2010,0.2800741488297398,0.2060759351698694,MIN vs. CHI,CHI,1492.957780316439,9.0,MIN,1462.1291506649002,19.0,1,14,-1.0,1,-110.0,100.0,1,0
CHI,9.0,6.0,0.6666666666666666,12.11111111111111,109,12.222222222222221,110,-26.466666666666672,-0.21091732855266468,-36.47777777777778,-0.6440832404148131,1.7133798300464969,1.3959367792701127,0.3174430507763842,5.156192462048997,19.444444444444443,175.0,30.0,16.22222222222222,146.0,24.0,NFC North,2,3.2222222222222223,29,0.33854166666666663,0.5837777777777778,4.473333333333333,3.7551746254703247,1.3333333333333333,0.4444444444444444,0.75,51.44444444444444,2.3333333333333335,3.0,0.268343839396471,0.5993333333333334,3.961111111111111,3.322008713608176,0.6666666666666666,1.0,0.5833333333333334,58.0,2.6666666666666665,0.268343839396471,0.8438075379510028,2010-11-18,2010,0.3010338696621102,0.21439533425335763,MIA,9.0,5.0,0.5555555555555556,10.666666666666666,96,10.222222222222221,92,-21.255555555555556,-0.1462805420207655,-11.955555555555556,-0.03171522689073999,1.7683501683501683,2.3147667147667144,-0.5464165464165465,4.490253554427775,19.11111111111111,172.0,36.0,21.333333333333332,192.0,33.0,AFC East,1,-2.2222222222222223,-20,0.5299107142857142,0.628,5.800000000000001,3.819811412002223,1.1111111111111112,0.4444444444444444,0.7708333333333333,35.0,1.7777777777777777,-5.0,0.45262663988154184,0.5986666666666667,6.825555555555556,3.9343767271322494,1.4444444444444444,0.5555555555555556,0.85,44.55555555555556,1.2222222222222223,0.45262663988154184,0.5097464455722251,2010,0.3962394352321761,0.33915656123657417,CHI vs. MIA,MIA,1547.3210891724607,11.0,CHI,1538.5327909542937,4.0,0,-16,-2.5,0,-143.0,129.0,0,0
PHI,10.0,7.0,0.7,11.5,115,12.0,120,-0.5,1.4454903148628628,-31.860000000000003,-0.008919926489119368,2.4664718614718617,1.8648212898212897,0.6016505716505717,5.878841646075568,28.4,284.0,50.0,22.6,226.0,38.0,NFC East,3,5.8,58,0.4645502645502646,0.6371,8.158,5.411582268885852,1.7,1.3,0.8395833333333333,80.6,1.1,15.0,0.41568376068376073,0.5521999999999999,4.585,3.9571720275338698,1.8,0.8,0.8888888888888888,44.9,2.6,0.41568376068376073,1.1211583539244323,2010-11-28,2010,0.4835286240836709,0.3205033478742737,CHI,10.0,7.0,0.7,11.8,118,11.9,119,-27.73,-0.24893479109969713,-37.05,-0.6762841117756307,1.7198196248196247,1.2563431013431015,0.46347652347652357,6.154794073356408,19.1,191.0,34.0,14.6,146.0,24.0,NFC North,3,4.5,45,0.3626543209876543,0.5894,4.378,3.717157162923292,1.2,0.5,0.7777777777777778,50.8,2.2,3.0,0.2970650110123795,0.598,3.9199999999999995,3.2898078422473582,0.6,0.9,0.5833333333333334,56.7,2.5,0.2970650110123795,0.8452059266435921,2010,0.31248898432701877,0.19855877499113128,PHI vs. CHI,CHI,1589.797259065874,4.0,PHI,1674.424724155453,4.0,1,5,3.0,1,144.0,-160.0,0,0
CHI,11.0,8.0,0.7272727272727273,11.636363636363637,128,11.727272727272727,129,-21.52727272727273,-0.16153349422259378,-34.554545454545455,-0.5414732544592749,1.8452905680178409,1.3784937284937284,0.46679683952411233,6.7575259157859495,20.181818181818183,222.0,39.0,15.636363636363637,172.0,30.0,NFC North,4,4.545454545454546,50,0.39638888888888885,0.5964545454545455,5.27,3.804558459800395,1.4545454545454546,0.45454545454545453,0.8,51.27272727272727,2.0,4.0,0.2973318281930722,0.6035454545454545,4.159090909090909,3.4246186995637142,0.7272727272727273,0.8181818181818182,0.6428571428571429,53.27272727272727,2.3636363636363638,0.2973318281930722,1.2424740842140505,2010-12-05,2010,0.3391026202303608,0.23768444152672408,DET,11.0,2.0,0.18181818181818182,12.363636363636363,136,12.0,132,-20.12727272727273,-0.39012330279118,-4.872727272727273,0.6413926092499834,1.978575086529632,2.2466827364554636,-0.2681076499258317,4.561985543843534,23.454545454545453,258.0,43.0,25.636363636363637,282.0,44.0,NFC North,-4,-2.1818181818181817,-24,0.4074603174603174,0.603,5.5218181818181815,3.5759686512318094,1.8181818181818181,0.6363636363636364,0.8296296296296296,72.54545454545455,1.9090909090909092,0.0,0.3929844493311986,0.6359090909090909,7.4781818181818185,4.607484563272973,1.8181818181818181,1.1818181818181819,0.8571428571428571,59.63636363636363,1.9090909090909092,0.3929844493311986,-2.5619855438435337,2010,0.24253651177455082,0.22539437745928687,CHI vs. DET,DET,1500.0,1.0,CHI,1500.0,1.0,0,-4,5.0,1,201.0,-225.0,1,0
NWE,12.0,10.0,0.8333333333333334,9.666666666666666,116,10.0,120,8.600000000000001,0.1431677893546399,-12.916666666666666,0.22379241647333595,3.4030934343434343,2.2714711214711216,1.1316223128723129,7.585061781014441,31.583333333333332,379.0,57.0,22.416666666666668,269.0,46.0,AFC East,4,9.166666666666666,110,0.4412632821723731,0.6750833333333334,8.65,4.109259743377629,2.25,1.25,0.8333333333333334,46.583333333333336,0.75,14.0,0.4479159729159729,0.6744166666666667,6.333333333333333,4.189884370496325,1.75,0.75,0.7196969696969697,46.833333333333336,1.9166666666666667,0.4479159729159729,2.414938218985559,2010-12-12,2010,0.5902668667257017,0.4285327486620387,CHI,12.0,9.0,0.75,11.333333333333334,136,11.5,138,-18.808333333333337,-0.1392943182535791,-31.616666666666664,-0.4132778991760042,1.941516354016354,1.4488044363044363,0.49271191771191775,7.363901431930609,20.5,246.0,43.0,16.0,192.0,34.0,NFC North,5,4.5,54,0.37688246097337,0.6140833333333333,5.526666666666666,3.82679763576941,1.4166666666666667,0.5833333333333334,0.8181818181818182,49.083333333333336,1.9166666666666667,3.0,0.31885047213994583,0.6088333333333333,4.465,3.552814054846985,0.75,0.8333333333333334,0.6875,52.333333333333336,2.1666666666666665,0.31885047213994583,1.6360985680693911,2010,0.35928445982045576,0.2594368063492508,NWE vs. CHI,CHI,1663.0352984398844,3.0,NWE,1750.335718607057,1.0,0,-29,3.0,0,131.0,-145.0,0,0
CHI,13.0,9.0,0.6923076923076923,11.23076923076923,146,11.307692307692308,147,-22.700000000000003,-0.1754216089171601,-28.292307692307695,-0.41404381548291513,1.846015096015096,1.645050248896403,0.20096484711869333,7.384111984415126,19.46153846153846,253.0,44.0,17.53846153846154,228.0,40.0,NFC North,-1,1.9230769230769231,25,0.41492003367003366,0.6023846153846154,5.243846153846154,3.790670345105829,1.3076923076923077,0.6153846153846154,0.8181818181818182,47.61538461538461,2.076923076923077,-1.0,0.3231696665907192,0.6139230769230769,4.873846153846154,3.5520481385400737,0.8461538461538461,0.8461538461538461,0.7222222222222222,51.61538461538461,2.0,0.3231696665907192,1.6158880155848738,2010-12-20,2010,0.33882985916002867,0.28500027243505754,MIN,13.0,5.0,0.38461538461538464,11.153846153846153,145,10.846153846153847,141,-30.46153846153846,0.3463585880614204,-12.807692307692308,-0.15485747952423834,1.5799047106739414,1.9819526627218935,-0.4020479520479521,5.3011895660336945,17.692307692307693,230.0,40.0,21.076923076923077,274.0,40.0,NFC North,-1,-3.3846153846153846,-44,0.5335046897546897,0.6009230769230769,4.482307692307692,4.3124505420844095,1.0,1.0,0.9722222222222222,47.30769230769231,2.3076923076923075,-10.0,0.33080744042282506,0.6292307692307693,6.354615384615385,3.8112344744987507,1.5384615384615385,0.6153846153846154,0.738095238095238,47.61538461538461,1.5384615384615385,0.33080744042282506,-0.3011895660336945,2010,0.2694707784396033,0.2552931900483646,CHI vs. MIN,MIN,1462.1291506649002,19.0,CHI,1492.957780316439,9.0,0,-26,5.5,0,201.0,-225.0,1,0
NYJ,14.0,10.0,0.7142857142857143,11.642857142857142,163,11.642857142857142,163,-24.321428571428573,0.36737851766603896,-21.542857142857144,-0.2668900719911381,1.8697532626104054,1.674916353487782,0.19483690912262336,7.7532870406864225,21.071428571428573,295.0,54.0,18.5,259.0,47.0,AFC East,1,2.5714285714285716,36,0.5151794786410171,0.5482857142857143,5.713571428571428,4.3334704716890275,1.2142857142857142,0.7142857142857143,0.725,62.5,1.2857142857142858,5.0,0.3755842896599199,0.5009285714285714,6.221428571428571,3.699201882031851,1.5,0.6428571428571429,0.8106060606060606,45.214285714285715,1.6428571428571428,0.3755842896599199,2.2467129593135775,2010-12-26,2010,0.3844533303255623,0.31402081905685286,CHI,14.0,10.0,0.7142857142857143,11.285714285714286,158,11.5,161,-20.671428571428574,-0.2210755513164942,-30.207142857142856,-0.32847582537863473,1.9522521129663988,1.5989752311180883,0.35327688184831046,8.307413821012386,20.928571428571427,293.0,51.0,17.285714285714285,242.0,42.0,NFC North,1,3.642857142857143,51,0.412588906819676,0.601,5.476428571428571,3.745016402706495,1.4285714285714286,0.5714285714285714,0.8333333333333334,49.357142857142854,2.0,3.0,0.3143718332628107,0.6133571428571428,4.6207142857142856,3.6376161286443542,0.8571428571428571,0.8571428571428571,0.7222222222222222,51.857142857142854,2.2142857142857144,0.3143718332628107,1.6925861789876144,2010,0.3618091750128247,0.2737748977451108,NYJ vs. CHI,CHI,1653.126437900311,3.0,NYJ,1635.517701673606,3.0,1,4,-1.5,1,-140.0,127.0,0,0
CHI,15.0,11.0,0.7333333333333333,11.333333333333334,170,11.533333333333333,173,-19.160000000000004,-0.17444701520063088,-29.39333333333333,-0.2954280117327027,2.033213083213083,1.6812657712657713,0.35194731194731205,8.872936034113653,22.066666666666666,331.0,57.0,18.4,276.0,47.0,NFC North,2,3.6666666666666665,55,0.4341386787815359,0.5956,5.6899999999999995,3.7916449388223583,1.5333333333333334,0.6666666666666666,0.8076923076923077,48.13333333333333,1.9333333333333333,4.0,0.3156359332675122,0.6145999999999999,4.740666666666667,3.6706639422902865,0.8666666666666667,0.9333333333333333,0.75,50.666666666666664,2.2,0.3156359332675122,2.1270639658863466,2011-01-02,2010,0.3828402533551065,0.2920894051624887,GNB,15.0,9.0,0.6,10.6,159,10.866666666666667,163,-1.646666666666665,0.05793454426563507,-33.74,0.6978883427726987,2.4866637066637067,1.537959077959078,0.9487046287046288,9.67061877333907,25.2,378.0,62.0,15.8,237.0,45.0,NFC North,1,9.4,141,0.46634555920270204,0.6504,7.8580000000000005,4.024026498288624,2.0,0.7333333333333333,0.8397435897435896,39.13333333333333,1.3333333333333333,10.0,0.41894614157772053,0.5652,4.524,4.663980296795688,1.0666666666666667,0.4,0.7858974358974359,47.46666666666667,2.0,0.41894614157772053,-0.6706187733390703,2010,0.37250383063017933,0.2453260348465202,CHI vs. GNB,GNB,1585.9935000197115,1.0,CHI,1585.9935000197115,1.0,1,7,-11.0,0,-700.0,569.0,1,0
SEA,1.0,8.0,8.0,11.117647058823529,189,11.823529411764707,201,-27.923529411764704,-0.2177592178860864,-9.870588235294116,0.12685339735753193,1.8830590977649801,2.2934274875451344,-0.41036838978015444,7.323801569076445,20.647058823529413,351.0,59.0,26.058823529411764,443.0,76.0,NFC West,2,-5.411764705882353,-92,0.5008655407092907,0.5967058823529412,5.05,3.7483327361369025,1.0588235294117647,0.8235294117647058,0.8205128205128205,54.64705882352941,1.8823529411764706,-9.0,0.36612203156320805,0.5890588235294117,7.267647058823529,4.092945351380521,1.9411764705882353,0.8823529411764706,0.8104166666666667,44.0,1.3529411764705883,0.36612203156320805,0.6761984309235549,2011-01-16,2010,0.5232577112406864,0.25567701865766257,CHI,16.0,11.0,0.6875,11.375,182,11.5625,185,-21.831250000000004,-0.06767482387702828,-28.24375,-0.3618010298649761,1.9217622655122655,1.6282699938949938,0.29349227161727165,8.92744106570642,20.875,334.0,58.0,17.875,286.0,49.0,NFC North,-1,3.0,48,0.44519610019610023,0.592,5.3774999999999995,3.898417130145961,1.4375,0.625,0.8214285714285714,48.0,1.9375,4.0,0.3154399374382927,0.618625,4.88875,3.604290924158013,0.875,0.875,0.7727272727272727,49.375,2.1875,0.3154399374382927,2.07255893429358,2010,0.35996168207040785,0.28262006343931945,SEA vs. CHI,CHI,1583.003215007005,1.0,SEA,1479.248746490311,10.0,0,-3,-6.0,0,-257.0,228.0,0,0
GNB,2.0,12.0,6.0,10.5,189,10.833333333333334,195,1.1055555555555567,-0.0561826584645634,-34.827777777777776,0.6189709917194492,2.5444419777753113,1.5010770094103427,1.0433649683649682,12.148329268779218,25.38888888888889,457.0,74.0,15.38888888888889,277.0,51.0,NFC North,4,10.0,180,0.5117453624806566,0.664611111111111,8.045555555555556,3.909909295558426,2.0555555555555554,0.7222222222222222,0.8388888888888889,38.72222222222222,1.3888888888888888,12.0,0.4304478659741818,0.5701111111111111,4.338888888888889,4.585062945742439,1.0,0.4444444444444444,0.77,46.666666666666664,2.0555555555555554,0.4304478659741818,-0.14832926877921793,2011-01-23,2010,0.3624963865352854,0.11137232639040998,CHI,1.0,12.0,12.0,11.411764705882353,194,11.647058823529411,198,-21.058823529411768,-0.06692811911437238,-27.00588235294118,-0.40715147638407484,1.9802860538154656,1.641086691086691,0.3391993627287745,9.637194599302621,21.705882352941178,369.0,63.0,18.235294117647058,310.0,53.0,NFC North,1,3.4705882352941178,59,0.917371343933844,0.5875882352941177,5.580588235294118,3.8991638349086166,1.4705882352941178,0.7647058823529411,0.8214285714285714,49.35294117647059,1.8823529411764706,3.0,0.3295643855628376,0.6154705882352941,4.987647058823529,3.5589404776389144,1.0,0.8235294117647058,0.7916666666666666,47.64705882352941,2.0588235294117645,0.3295643855628376,2.362805400697379,2010,1.0920450528037882,0.6324681123078844,GNB vs. CHI,CHI,1585.9935000197115,1.0,GNB,1585.9935000197115,1.0,1,3,3.0,1,127.0,-140.0,1,0
CIN,3.0,2.0,0.6666666666666666,11.333333333333334,34,11.666666666666666,35,-32.166666666666664,-0.7142581847698649,-34.36666666666667,0.5320964517741121,1.829059829059829,2.000915750915751,-0.171855921855922,1.898403639515541,19.666666666666668,59.0,13.0,18.333333333333332,55.0,7.0,AFC North,2,1.3333333333333333,4,0.5,0.5503333333333333,4.79,3.2518337692531243,1.0,0.6666666666666666,1.0,45.0,1.3333333333333333,4.0,0.33137254901960783,0.545,4.306666666666667,4.4981884057971016,1.3333333333333333,0.3333333333333333,0.6666666666666666,40.0,2.6666666666666665,0.33137254901960783,0.10159636048445897,2010-10-03,2010,0.39530149692448985,0.14010642403229726,CLE,3.0,0.0,0.0,11.666666666666666,35,10.666666666666666,32,-21.7,0.46555760581247796,-13.700000000000003,-0.10160952287389113,1.3475783475783476,1.9207459207459208,-0.5731675731675733,1.1148297760538173,15.0,45.0,7.0,19.0,57.0,10.0,AFC North,-3,-4.0,-12,0.75,0.6063333333333333,5.713333333333334,4.431649559835467,1.0,1.0,0.3333333333333333,61.666666666666664,1.6666666666666667,-1.0,0.351981351981352,0.6323333333333334,6.223333333333334,3.864482431149098,1.6666666666666667,0.0,0.8333333333333334,48.333333333333336,1.3333333333333333,0.351981351981352,-1.1148297760538173,2010,0.12567801492974554,0.0922052316610607,CIN vs. CLE,CLE,1374.2205165379482,28.0,CIN,1550.0,4.0,1,3,1.5,1,104.0,-115.0,1,0
TAM,3.0,2.0,0.6666666666666666,11.0,33,10.666666666666666,32,-13.233333333333334,-0.5220209923049682,-29.2,0.836924624808807,1.5358974358974358,1.9997150997150996,-0.46381766381766387,1.6093072193330071,16.666666666666668,50.0,10.0,19.666666666666668,59.0,8.0,NFC South,-1,-3.0,-9,0.5,0.5966666666666667,6.510000000000001,3.4440709617180207,1.3333333333333333,0.3333333333333333,1.0,43.333333333333336,1.3333333333333333,4.0,0.42296918767507,0.569,5.539999999999999,4.803016578831796,1.6666666666666667,0.6666666666666666,0.5,38.333333333333336,2.6666666666666665,0.42296918767507,0.39069278066699287,2010-10-10,2010,0.34249422026939325,0.19922439838891606,CIN,4.0,2.0,0.5,11.0,44,11.25,45,-19.5,-0.5966610715275904,-32.224999999999994,0.23612077889626548,1.8717948717948718,2.075686813186813,-0.20389194139194144,2.3163436030791775,19.75,79.0,17.0,19.5,78.0,12.0,AFC North,-1,0.25,1,0.3333333333333333,0.58625,6.2725,3.369430882495399,1.25,0.5,0.9166666666666666,53.5,1.5,3.0,0.36216577540106953,0.5587500000000001,4.5125,4.2022127329192545,1.25,0.5,0.7777777777777777,41.0,2.25,0.36216577540106953,-0.3163436030791775,2010,0.35580772015712486,0.17891042646138816,TAM vs. CIN,CIN,1476.661443038392,10.0,TAM,1538.008106127738,4.0,0,-3,-6.5,0,-285.0,252.0,0,0
MIA,6.0,3.0,0.5,10.666666666666666,64,10.0,60,-17.466666666666665,-0.17750913920329267,-8.35,-0.26794566674341896,1.7223905723905724,2.49992784992785,-0.7775372775372776,2.871308126946135,18.5,111.0,22.0,22.5,135.0,22.0,AFC East,-1,-4.0,-24,0.5133333333333333,0.6178333333333333,6.126666666666666,3.788582814819696,1.3333333333333333,0.16666666666666666,0.7333333333333333,31.166666666666668,1.6666666666666667,-3.0,0.45181577681577684,0.6195,7.38,3.6981462872795703,1.3333333333333333,0.6666666666666666,0.8333333333333334,45.0,1.1666666666666667,0.45181577681577684,0.1286918730538651,2010-10-31,2010,0.351122971893711,0.3134200589088473,CIN,6.0,2.0,0.3333333333333333,11.333333333333334,68,11.333333333333334,68,-17.516666666666666,-0.1662332704546281,-21.183333333333334,0.6323528982262109,2.0311965811965815,2.308033633033633,-0.2768370518370518,3.122769201985077,22.0,132.0,26.0,23.5,141.0,21.0,AFC North,-3,-1.5,-9,0.4666666666666666,0.608,6.1933333333333325,3.799858683568361,1.6666666666666667,0.3333333333333333,0.8888888888888888,51.666666666666664,1.8333333333333333,3.0,0.38994812377165317,0.5985,5.743333333333333,4.5984448522492,1.5,0.8333333333333334,0.8666666666666666,38.333333333333336,2.3333333333333335,0.38994812377165317,-1.122769201985077,2010,0.31080392340291174,0.19956334989782692,MIA vs. CIN,CIN,1403.0125661637987,20.0,MIA,1490.9593640742307,15.0,0,-8,1.0,0,-102.0,-108.0,0,0
PIT,7.0,5.0,0.7142857142857143,10.714285714285714,75,11.142857142857142,78,-13.742857142857146,0.028984288432285763,-23.142857142857142,-1.3465440944751295,2.0256021756021756,1.3384353741496597,0.6871668014525157,4.477699158364198,21.0,147.0,26.0,14.571428571428571,102.0,23.0,AFC North,-1,6.428571428571429,45,0.673015873015873,0.6288571428571429,6.778571428571429,3.995076242455275,1.1428571428571428,0.8571428571428571,0.6833333333333332,37.857142857142854,1.4285714285714286,9.0,0.34673263244691815,0.6801428571428572,5.134285714285714,2.61954785954786,0.8571428571428571,0.2857142857142857,0.8928571428571429,43.42857142857143,2.7142857142857144,0.34673263244691815,0.5223008416358024,2010-11-08,2010,0.3725329940619636,0.27474893655242394,CIN,7.0,2.0,0.2857142857142857,11.428571428571429,80,11.428571428571429,80,-20.3,-0.12665264283252586,-22.54285714285714,0.6067686105777076,1.9076923076923078,2.2402193045050187,-0.3325269968127111,3.3779432448208837,20.857142857142858,146.0,28.0,23.285714285714285,163.0,27.0,AFC North,-4,-2.4285714285714284,-17,0.47222222222222215,0.585,5.875714285714286,3.8394393111904632,1.7142857142857142,0.2857142857142857,0.8888888888888888,49.42857142857143,1.7142857142857142,4.0,0.38781267751855986,0.6057142857142858,5.587142857142857,4.572860564600696,1.2857142857142858,0.8571428571428571,0.8888888888888888,38.857142857142854,2.2857142857142856,0.38781267751855986,-1.3779432448208837,2010,0.2811028377589558,0.22284916498185026,PIT vs. CIN,CIN,1365.4055562689318,19.0,PIT,1576.0126958734263,2.0,0,-6,5.0,0,210.0,-235.0,1,0
CIN,8.0,2.0,0.25,11.625,93,11.625,93,-19.612499999999997,-0.23158255673133377,-20.5625,0.5078172900026205,1.8711538461538462,2.219807276057276,-0.3486534299034299,3.733290752372612,20.875,167.0,31.0,23.75,190.0,32.0,AFC North,-5,-2.875,-23,0.5068027210884354,0.5882499999999999,5.88125,3.734509397291655,1.75,0.375,0.7619047619047619,47.0,1.75,4.0,0.3705860928287399,0.610375,5.7275,4.473909244025609,1.375,0.875,0.8571428571428571,43.125,2.25,0.3705860928287399,-1.733290752372612,2010-11-14,2010,0.2611128853178078,0.22652512893021023,IND,8.0,5.0,0.625,10.5,84,10.75,86,-1.4875000000000007,-0.33266303909367684,-17.6875,0.9945865960708835,2.6477633477633478,2.0413059163059164,0.6064574314574315,5.178634059698799,27.125,217.0,37.0,21.0,168.0,32.0,AFC South,-1,6.125,49,0.6673469387755101,0.656375,7.606249999999999,3.633428914929312,2.0,0.875,0.9285714285714286,47.25,1.25,1.0,0.4364209320091673,0.60675,5.91625,4.960678550093872,1.125,1.125,0.8928571428571429,53.25,1.375,0.4364209320091673,-0.17863405969879942,2010,0.43064068421301255,0.317272834432614,CIN vs. IND,IND,1588.315693660575,9.0,CIN,1342.477043300767,22.0,1,6,-6.5,0,-300.0,264.0,0,0
CIN,10.0,2.0,0.2,11.5,115,11.4,114,-20.77,-0.17515110285633145,-18.93,0.522489986652044,1.9485897435897435,2.47493672993673,-0.5263469863469863,4.314024539496032,21.5,215.0,38.0,26.2,262.0,42.0,AFC North,-7,-4.7,-47,0.47597001763668434,0.6039,5.6,3.7909408511666576,1.8,0.4,0.7592592592592592,47.1,2.2,-2.0,0.39118041272453036,0.6057,5.958,4.488581940675033,1.5,1.0,0.7777777777777778,44.8,2.0,0.39118041272453036,-2.3140245394960317,2010-11-25,2010,0.2539713630427398,0.24632541170277775,NYJ,10.0,8.0,0.8,11.9,119,11.8,118,-15.95,0.47774691235411415,-21.77,-0.30529585763993616,2.03003552003552,1.5084360084360084,0.5215995115995116,5.967992364499184,23.8,238.0,45.0,17.7,177.0,33.0,AFC East,3,6.1,61,0.48999118165784833,0.5549,6.5920000000000005,4.443838866377104,1.6,0.8,0.7150000000000001,68.6,1.2,5.0,0.40301580772169004,0.5067,6.428999999999999,3.660796096383053,1.4,0.6,0.7738095238095237,52.7,1.7,0.40301580772169004,2.0320076355008156,2010,0.45499188537608126,0.3085222474334974,CIN vs. NYJ,NYJ,1678.145476484851,1.0,CIN,1273.6925059357266,29.0,1,16,-10.0,1,-450.0,385.0,0,0
NOR,11.0,8.0,0.7272727272727273,10.363636363636363,114,10.0,110,-7.0636363636363635,-0.31898841188418037,-22.563636363636363,0.1648840350348414,2.3486914600550963,1.8387193614466342,0.5099720986084623,6.983425757760849,24.09090909090909,265.0,47.0,17.90909090909091,197.0,33.0,NFC South,4,6.181818181818182,68,0.37484126984126986,0.6873636363636364,6.718181818181819,3.6471035421388085,2.090909090909091,0.5454545454545454,0.6969696969696969,47.63636363636363,1.9090909090909092,-3.0,0.4959513970877607,0.6122727272727273,5.61,4.130975989057831,0.6363636363636364,0.8181818181818182,0.7407407407407408,44.27272727272727,1.6363636363636365,0.4959513970877607,1.0165742422391508,2010-12-05,2010,0.4503819692067305,0.3004520247883405,CIN,11.0,2.0,0.18181818181818182,11.636363636363637,128,11.545454545454545,127,-24.509090909090904,-0.31069118023511855,-20.036363636363635,0.5321275006447315,1.8413752913752914,2.4317606635788453,-0.590385372203554,4.408125285681277,20.454545454545453,225.0,40.0,26.181818181818183,288.0,45.0,AFC North,-8,-5.7272727272727275,-63,0.5083730158730159,0.5886363636363636,5.200909090909091,3.6554007737878704,1.7272727272727273,0.36363636363636365,0.7333333333333333,45.09090909090909,2.272727272727273,-4.0,0.3798609812647246,0.6025454545454546,5.819090909090908,4.49821945466772,1.4545454545454546,1.0,0.75,46.54545454545455,1.9090909090909092,0.3798609812647246,-2.408125285681277,2010,0.2440873498386001,0.24454857705393168,NOR vs. CIN,CIN,1264.811232985425,29.0,NOR,1647.0689267342293,4.0,0,-4,6.5,1,239.0,-270.0,0,0
CIN,12.0,2.0,0.16666666666666666,11.416666666666666,137,11.416666666666666,137,-22.683333333333334,-0.3076156036918,-16.95,0.7103061824527245,1.965705128205128,2.512447274947275,-0.5467421467421467,4.834505173160655,21.25,255.0,46.0,26.833333333333332,322.0,51.0,AFC North,-9,-5.583333333333333,-67,0.528272989636626,0.5976666666666667,5.360833333333333,3.658476350331189,1.6666666666666667,0.5,0.7575757575757575,44.916666666666664,2.0833333333333335,-3.0,0.37796780425456894,0.6213333333333334,6.153333333333333,4.676398136475714,1.5,1.0833333333333333,0.7727272727272727,51.0,1.8333333333333333,0.37796780425456894,-2.8345051731606548,2010-12-12,2010,0.25645545135925174,0.2533091460880819,PIT,12.0,9.0,0.75,11.083333333333334,133,11.333333333333334,136,-10.591666666666667,0.05337907798164513,-22.95,-0.970763382358633,2.0282795907795905,1.4346001221001223,0.5936794686794687,7.647152945506193,22.25,267.0,48.0,15.916666666666666,191.0,39.0,AFC North,3,6.333333333333333,76,0.5960579824216188,0.6219166666666667,7.091666666666666,4.019471032004634,1.4166666666666667,0.8333333333333334,0.7266666666666667,59.5,1.3333333333333333,11.0,0.3908049796207691,0.6300833333333333,5.389166666666667,2.995328571664356,1.0833333333333333,0.3333333333333333,0.8541666666666666,47.916666666666664,2.25,0.3908049796207691,1.3528470544938074,2010,0.4015893850975581,0.2951967126993005,CIN vs. PIT,PIT,1576.0126958734263,2.0,CIN,1365.4055562689318,19.0,1,16,-9.0,1,-370.0,322.0,1,0
CLE,13.0,5.0,0.38461538461538464,10.615384615384615,138,10.76923076923077,140,-23.300000000000004,-0.04572588715248192,-19.515384615384615,0.14505651174706483,1.7675064251987327,1.8420476958938499,-0.0745412706951169,5.680583796105442,18.076923076923077,235.0,42.0,19.384615384615383,252.0,44.0,AFC North,-1,-1.3076923076923077,-17,0.6090127465127465,0.6340769230769231,5.474615384615385,3.9203660668705074,0.6923076923076923,1.0,0.782051282051282,44.92307692307692,1.6923076923076923,5.0,0.3546405517559364,0.5985384615384616,5.924615384615384,4.111148465770054,1.6153846153846154,0.3076923076923077,0.7575757575757577,50.46153846153846,2.076923076923077,0.3546405517559364,-0.6805837961054424,2010-12-19,2010,0.2884144261781335,0.27365621591832995,CIN,13.0,2.0,0.15384615384615385,11.23076923076923,146,11.153846153846153,145,-25.107692307692307,-0.40222367459639696,-16.853846153846153,0.70101059930502,1.874326101249178,2.5403359461051767,-0.6660098448559987,4.8907945238923185,20.153846153846153,262.0,47.0,26.53846153846154,345.0,54.0,AFC North,-10,-6.384615384615385,-83,0.5467502405002405,0.5997692307692307,5.046923076923077,3.5638682794265923,1.6153846153846154,0.46153846153846156,0.7575757575757575,43.38461538461539,2.1538461538461537,-6.0,0.3681241270042175,0.6224615384615385,6.218461538461539,4.667102553328009,1.3846153846153846,1.0,0.7916666666666666,53.92307692307692,1.6923076923076923,0.3681241270042175,-2.8907945238923185,2010,0.2503333284389152,0.26095336642430494,CLE vs. CIN,CIN,1550.0,4.0,CLE,1374.2205165379482,28.0,1,2,-1.0,1,-104.0,-106.0,1,0
LAC,14.0,8.0,0.5714285714285714,10.714285714285714,150,10.357142857142858,145,7.507142857142857,-0.1661374915188226,-28.521428571428572,-0.4368854701780709,2.711446886446886,1.8195887445887444,0.8918581418581418,8.88306582506547,27.714285714285715,388.0,64.0,18.571428571428573,260.0,40.0,AFC West,2,9.142857142857142,128,0.5647339839647532,0.6842857142857143,9.259285714285713,3.7999544625041666,2.0714285714285716,1.0,0.7916666666666666,45.714285714285715,1.8571428571428572,-6.0,0.43259637188208616,0.5787857142857142,4.715000000000001,3.5292064838449186,0.8571428571428571,0.8571428571428571,1.0,47.642857142857146,1.4285714285714286,0.43259637188208616,-0.8830658250654704,2010-12-26,2010,0.3997541843789571,0.23875732364403013,CIN,14.0,3.0,0.21428571428571427,10.928571428571429,153,10.928571428571429,153,-23.978571428571428,-0.3583729961427409,-13.607142857142858,0.6686665393734275,1.9343232164660737,2.5106690928119497,-0.5763458763458763,5.456316736993587,20.071428571428573,281.0,52.0,25.857142857142858,362.0,57.0,AFC North,1,-5.785714285714286,-81,0.5342783285090977,0.6004285714285714,5.335714285714286,3.607718957880248,1.5,0.5,0.7777777777777777,44.214285714285715,2.0,-6.0,0.37479657947094924,0.6322857142857143,6.514285714285714,4.634758493396417,1.4285714285714286,0.9285714285714286,0.8076923076923077,51.857142857142854,1.5714285714285714,0.37479657947094924,-2.456316736993587,2010,0.28023880937270473,0.2805742044777617,LAC vs. CIN,CIN,1324.5163418945,30.0,LAC,1625.807225682041,11.0,1,14,9.0,1,305.0,-350.0,0,0
KAN,1.0,1.0,1.0,12.0,12,13.0,13,-32.400000000000006,1.2262157382847034,-3.9000000000000057,-0.2074712643678165,1.75,1.0769230769230769,0.6730769230769231,0.7233124321755029,21.0,21.0,2.0,14.0,14.0,2.0,AFC West,1,7.0,7,0.5,0.455,3.73,5.1923076923076925,1.0,1.0,,35.0,0.0,1.0,0.09090909090909091,0.564,8.21,3.7586206896551726,2.0,0.0,,30.0,1.0,0.09090909090909091,0.2766875678244971,2010-09-19,2010,0.21278126130408284,0.04256731812684571,CLE,1.0,0.0,0.0,13.0,13,13.0,13,-39.1,0.5556471764117932,-13.200000000000003,0.0005747126436776995,1.0769230769230769,1.3076923076923077,-0.23076923076923084,0.3869502985972193,14.0,14.0,2.0,17.0,17.0,3.0,AFC North,-1,-3.0,-3,0.5,0.5529999999999999,4.37,4.521739130434782,1.0,1.0,0.0,47.0,3.0,-1.0,0.38461538461538464,0.607,5.86,3.966666666666667,2.0,0.0,1.0,55.0,2.0,0.38461538461538464,-0.3869502985972193,2010,0.09431533867735088,-0.08929622275320447,KAN vs. CLE,CLE,1450.0,17.0,KAN,1550.0,1.0,0,-2,-3.0,0,-175.0,158.0,0,0
CLE,5.0,1.0,0.2,11.0,55,10.2,51,-24.919999999999998,-0.16424507526456597,-7.040000000000001,0.16155807814317216,1.4685470085470085,1.996891996891997,-0.5283449883449884,1.8589798317347843,15.6,78.0,14.0,19.4,97.0,17.0,AFC North,-1,-3.8,-19,0.7291666666666666,0.6119999999999999,5.228,3.801846878758423,1.0,0.8,0.6,57.4,1.8,-2.0,0.39023643023643023,0.6324000000000001,7.256,4.127650032166161,1.6,0.0,0.7666666666666666,56.8,1.4,0.39023643023643023,-0.8589798317347843,2010-10-17,2010,0.21081557220259278,0.20940134455101436,PIT,4.0,3.0,0.75,11.0,44,11.5,46,-25.575000000000003,0.3382544332367047,-30.200000000000003,-1.3223593902904252,2.083440170940171,1.1339285714285714,0.9495115995115995,2.869454112877969,21.5,86.0,15.0,12.5,50.0,11.0,AFC North,-1,9.0,36,0.8888888888888888,0.6245,5.165,4.304346387259693,0.75,1.0,0.65,42.0,1.25,7.0,0.30678210678210677,0.663,4.3975,2.6437325637325637,0.5,0.5,0.8125,48.25,3.0,0.30678210678210677,0.13054588712203108,2010,0.35203516083426395,0.1871521997735997,CLE vs. PIT,PIT,1581.0896437912477,1.0,CLE,1418.1426967851382,24.0,1,18,-14.0,1,-1000.0,760.0,1,0
CLE,6.0,1.0,0.16666666666666666,10.833333333333334,65,10.333333333333334,62,-24.5,-0.25026717410525556,-3.75,0.049806882305954835,1.3904558404558405,2.0883190883190883,-0.6978632478632479,1.9391381421882432,14.666666666666666,88.0,16.0,20.833333333333332,125.0,21.0,AFC North,-2,-6.166666666666667,-37,0.7333333333333333,0.6261666666666666,5.306666666666667,3.7158247799177335,1.0,0.6666666666666666,0.6666666666666666,54.666666666666664,2.0,-4.0,0.40212010212010213,0.6258333333333334,7.7250000000000005,4.015898836328944,1.8333333333333333,0.16666666666666666,0.7666666666666666,51.5,1.3333333333333333,0.40212010212010213,-0.9391381421882432,2010-10-24,2010,0.2076251018589439,0.2292422016506637,NOR,6.0,4.0,0.6666666666666666,10.0,60,9.666666666666666,58,-2.800000000000002,-0.20077803901079813,-18.88333333333333,-0.19439834569894612,2.2215909090909087,1.8396464646464648,0.3819444444444444,3.5812126549029117,21.666666666666668,130.0,24.0,18.0,108.0,16.0,NFC South,1,3.6666666666666665,22,0.35,0.7058333333333332,6.9816666666666665,3.765313915012191,2.0,0.3333333333333333,0.611111111111111,45.5,1.6666666666666667,-1.0,0.5037878787878788,0.6045,6.07,3.7716936083240427,1.0,0.6666666666666666,0.75,42.666666666666664,1.5,0.5037878787878788,0.41878734509708826,2010,0.42791915633980593,0.24913964805044084,CLE vs. NOR,NOR,1556.5214760950762,4.0,CLE,1390.012205889452,26.0,0,-13,-12.0,0,-600.0,498.0,0,0
NWE,7.0,6.0,0.8571428571428571,9.571428571428571,67,10.0,70,-1.971428571428571,0.09585924578576226,-5.528571428571427,-0.09890107767244885,3.288095238095238,2.266822066822067,1.0212731712731713,4.378499897675984,29.285714285714285,205.0,30.0,22.0,154.0,27.0,AFC East,5,7.285714285714286,51,0.35555555555555557,0.663,7.328571428571428,4.061951199808751,1.7142857142857142,1.1428571428571428,0.7222222222222222,50.142857142857146,0.8571428571428571,7.0,0.46655725227153794,0.7015714285714286,6.847142857142857,3.8671908763505405,1.8571428571428572,0.42857142857142855,0.7738095238095238,45.57142857142857,1.8571428571428572,0.46655725227153794,1.621500102324016,2010-11-07,2010,0.5514818828778688,0.4199602097198948,CLE,7.0,2.0,0.2857142857142857,10.428571428571429,73,10.428571428571429,73,-25.014285714285712,-0.1433441834812583,-8.314285714285715,-0.06357549113786254,1.7275335775335776,2.010767010767011,-0.2832334332334333,2.732633069361943,16.857142857142858,118.0,20.0,20.285714285714285,142.0,24.0,AFC North,1,-3.4285714285714284,-24,0.7222222222222222,0.6207142857142857,5.262857142857143,3.822747770541731,0.8571428571428571,0.7142857142857143,0.7142857142857143,51.142857142857146,1.7142857142857142,0.0,0.37064839921982784,0.6308571428571429,7.121428571428572,3.9025164628851265,1.8571428571428572,0.14285714285714285,0.8055555555555555,58.142857142857146,1.7142857142857142,0.37064839921982784,-0.7326330693619432,2010,0.2452981186159709,0.24739101044092635,NWE vs. CLE,CLE,1462.2944321793218,22.0,NWE,1676.2431702617966,1.0,1,20,4.0,1,180.0,-200.0,0,0
NYJ,8.0,6.0,0.75,11.75,94,11.875,95,-17.9625,0.6956062705254509,-24.5625,-0.39144298739032685,1.9782495282495283,1.3770222832722832,0.601227244977245,4.755260045376303,22.75,182.0,34.0,16.25,130.0,24.0,AFC East,1,6.5,52,0.5129251700680272,0.5445,6.4175,4.66169822454844,1.375,0.875,0.75,72.125,1.125,5.0,0.3799602358425888,0.48875,6.1575,3.574648966632662,1.5,0.375,0.6833333333333333,56.25,1.75,0.3799602358425888,1.2447399546236966,2010-11-14,2010,0.41798026390585863,0.2603602090933799,CLE,8.0,3.0,0.375,10.375,83,10.375,83,-21.6875,0.03222143611011641,-10.5375,-0.12639004899850337,1.9365918803418802,1.9344211344211344,0.0021707459207458424,3.6238186247252737,19.0,152.0,26.0,19.5,156.0,26.0,AFC North,2,-0.5,-4,0.7414965986394558,0.63525,5.75,3.9983133901331054,0.75,1.125,0.75,48.25,1.625,2.0,0.39162504162504164,0.6145,6.9225,3.839701905024486,1.875,0.125,0.8055555555555555,53.375,1.875,0.39162504162504164,-0.6238186247252737,2010,0.2888263791523236,0.2496697526462995,NYJ vs. CLE,CLE,1539.7040701402896,19.0,NYJ,1619.8037075590933,1.0,0,-6,3.5,0,166.0,-184.0,0,0
CLE,9.0,3.0,0.3333333333333333,10.444444444444445,94,10.555555555555555,95,-20.655555555555555,0.06351994831754916,-10.944444444444445,-0.12833223597653262,1.9234352067685403,1.9602261935595269,-0.03679098679098685,3.9731900533585978,19.11111111111111,172.0,30.0,20.22222222222222,182.0,31.0,AFC North,-1,-1.1111111111111112,-10,0.7425595238095238,0.6292222222222222,5.885555555555555,4.029611902340538,0.7777777777777778,1.1111111111111112,0.7777777777777778,48.666666666666664,1.6666666666666667,1.0,0.38514818514818516,0.6144444444444445,6.857777777777778,3.837759718046456,1.8888888888888888,0.2222222222222222,0.7476190476190476,55.22222222222222,1.7777777777777777,0.38514818514818516,-0.9731900533585978,2010-11-21,2010,0.28463865059012067,0.2547732261355362,JAX,9.0,5.0,0.5555555555555556,10.333333333333334,93,9.88888888888889,89,-4.322222222222221,0.17530233074405802,9.933333333333335,0.2120940315314176,2.1274971941638605,2.8867003367003368,-0.7592031425364758,3.6608392806174255,21.77777777777778,196.0,36.0,27.77777777777778,250.0,40.0,AFC South,2,-6.0,-54,0.37916666666666665,0.6758888888888889,7.21,4.141394284767047,1.8888888888888888,0.5555555555555556,0.9166666666666666,47.333333333333336,2.0,-6.0,0.39382969971205267,0.6775555555555556,9.152222222222223,4.178185985554407,2.111111111111111,1.3333333333333333,1.0,51.888888888888886,1.3333333333333333,0.39382969971205267,1.3391607193825745,2010,0.4446950847046268,0.4663750671352097,CLE vs. JAX,JAX,1523.5914917902264,11.0,CLE,1501.0313560974691,19.0,1,4,-2.5,1,-134.0,121.0,0,0
CLE,11.0,4.0,0.36363636363636365,10.545454545454545,116,10.727272727272727,118,-22.400000000000002,0.07037372831157716,-16.5,0.15308999902993178,1.9373560782651693,1.9757222575404392,-0.038366179275270244,4.892009751020131,19.636363636363637,216.0,37.0,20.818181818181817,229.0,39.0,AFC North,1,-1.1818181818181819,-13,0.6596031746031745,0.6306363636363636,5.713636363636364,4.036465682334566,0.7272727272727273,1.1818181818181819,0.7727272727272727,48.09090909090909,1.7272727272727273,4.0,0.3879518209063664,0.6065454545454546,6.256363636363637,4.119181953052921,1.7272727272727273,0.36363636363636365,0.7592592592592592,52.27272727272727,2.090909090909091,0.3879518209063664,-0.8920097510201312,2010-12-05,2010,0.29310003073060753,0.2736607239678081,MIA,11.0,6.0,0.5454545454545454,10.636363636363637,117,10.181818181818182,112,-21.481818181818184,-0.2229809471714481,-16.70909090909091,-0.3190261469753914,1.6968319559228648,2.1960120687393414,-0.4991801128164765,5.318323130252723,18.636363636363637,205.0,43.0,20.454545454545453,225.0,39.0,AFC East,1,-1.8181818181818181,-20,0.5405952380952381,0.6186363636363637,5.916363636363636,3.743111006851541,1.0909090909090908,0.45454545454545453,0.7592592592592592,35.90909090909091,1.6363636363636365,-3.0,0.4216575509426621,0.5962727272727273,6.407272727272727,3.6470658070475976,1.2727272727272727,0.5454545454545454,0.8800000000000001,42.36363636363637,1.3636363636363635,0.4216575509426621,0.6816768697472773,2010,0.3902968961920225,0.33813749831180506,CLE vs. MIA,MIA,1550.8132277927798,13.0,CLE,1481.6798598978658,23.0,0,-3,-6.0,0,-240.0,214.0,0,0
PIT,15.0,11.0,0.7333333333333333,10.666666666666666,160,10.933333333333334,164,-10.646666666666667,0.17484514094098763,-27.720000000000002,-0.9219535154825897,2.1261951011951012,1.4257224257224257,0.7004726754726754,9.937236223092357,22.266666666666666,334.0,59.0,14.866666666666667,223.0,44.0,AFC North,1,7.4,111,0.5398906648906648,0.6206666666666667,7.174,4.140937094963976,1.2666666666666666,0.8666666666666667,0.7641025641025642,58.53333333333333,1.2,14.0,0.4091145719319094,0.6184,4.787333333333334,3.0441384385403993,0.9333333333333333,0.3333333333333333,0.875,45.4,2.1333333333333333,0.4091145719319094,1.0627637769076426,2011-01-02,2010,0.3948762761823129,0.2694152870666408,CLE,15.0,5.0,0.3333333333333333,10.333333333333334,155,10.4,156,-22.1,-0.02595052024437372,-18.259999999999998,0.15787804184712,1.7475796425796424,1.9255418655418657,-0.17796222296222303,6.277151602248777,17.466666666666665,262.0,47.0,19.4,291.0,53.0,AFC North,-3,-1.9333333333333333,-29,0.5840203447346305,0.6357333333333333,5.575333333333333,3.9401414337786154,0.8,0.8666666666666667,0.8111111111111111,41.93333333333333,1.7333333333333334,2.0,0.36644605394605395,0.6014666666666667,6.0633333333333335,4.123969995870109,1.5333333333333334,0.3333333333333333,0.7948717948717949,47.733333333333334,1.8666666666666667,0.36644605394605395,-1.277151602248777,2010,0.27740811814808924,0.28816707909436534,PIT vs. CLE,CLE,1418.1426967851382,24.0,PIT,1581.0896437912477,1.0,0,-32,6.5,0,222.0,-250.0,1,0
DAL,2.0,0.0,0.0,9.5,19,10.0,20,-17.349999999999994,-0.7251828631138983,-1.100000000000005,-1.031309345327337,1.3888888888888888,1.9494949494949494,-0.5606060606060606,0.5167034713587833,13.5,27.0,4.0,20.0,40.0,7.0,NFC East,-2,-6.5,-13,1.0,0.6565,6.075,3.2409090909090907,1.0,0.0,0.3333333333333333,65.5,2.0,-4.0,0.42307692307692313,0.5965,8.205,2.9347826086956523,1.5,0.0,1.0,26.0,0.0,0.42307692307692313,-0.5167034713587833,2010-09-26,2010,0.15613647669907543,0.08457689251221293,HOU,2.0,2.0,1.0,10.5,21,10.5,21,-11.5,0.3017651888341535,12.550000000000004,-1.2366801893171067,3.138888888888889,2.4272727272727272,0.7116161616161616,1.2575035542179247,32.0,64.0,12.0,25.5,51.0,9.0,AFC South,2,6.5,13,1.0,0.63,6.789999999999999,4.267857142857142,2.0,1.5,0.875,47.5,1.0,-1.0,0.487012987012987,0.7195,9.765,2.7294117647058824,2.0,1.0,0.75,65.5,0.5,0.487012987012987,0.7424964457820753,2010,0.7835704130805929,0.3733920955247304,DAL vs. HOU,HOU,1600.0,1.0,DAL,1414.0064999802885,25.0,0,-14,-1.5,0,-131.0,119.0,0,0
TEN,4.0,2.0,0.5,11.75,47,11.75,47,-2.9499999999999975,0.22744519988001843,-27.150000000000002,-0.28036934330037844,2.2017316017316015,1.4139957264957266,0.7877358752358752,2.4171349896959278,24.5,98.0,16.0,17.0,68.0,15.0,AFC South,-1,7.5,30,0.611111111111111,0.67075,6.9,4.193537153903008,1.25,1.25,0.9166666666666666,86.0,2.5,-3.0,0.3826465201465201,0.633,4.0975,3.6857226107226104,0.75,0.25,0.75,68.0,1.75,0.3826465201465201,-0.41713498969592777,2010-10-10,2010,0.30492468172800613,0.20607965507745257,DAL,3.0,1.0,0.3333333333333333,9.0,27,9.666666666666666,29,-2.366666666666665,-0.558572313170015,-9.233333333333336,-0.13078233610467546,2.050925925925926,1.7811447811447811,0.26978114478114473,1.3663975130829047,18.0,54.0,9.0,17.666666666666668,53.0,10.0,NFC East,1,0.3333333333333333,1,1.0,0.6933333333333334,7.650000000000001,3.4075196408529744,1.3333333333333333,0.3333333333333333,0.5555555555555555,60.0,1.3333333333333333,-1.0,0.40326340326340326,0.6373333333333334,6.990000000000001,3.835309617918314,1.3333333333333333,0.0,1.0,28.0,1.0,0.40326340326340326,-0.3663975130829047,2010,0.2926224985463439,0.18777040079506846,TEN vs. DAL,DAL,1488.4788293388217,19.0,TEN,1486.1298482840275,10.0,0,-7,-6.5,0,-300.0,264.0,0,0
DAL,4.0,1.0,0.25,9.75,39,10.0,40,-5.199999999999999,0.12215647226891535,-7.950000000000001,0.37335322237870916,2.1006944444444446,2.1085858585858586,-0.007891414141414144,1.7331112374771829,20.25,81.0,14.0,21.75,87.0,16.0,NFC East,-1,-1.5,-6,0.8333333333333334,0.6885,7.34,4.088248426291905,1.75,0.25,0.5833333333333333,78.25,1.75,-4.0,0.42744755244755245,0.5980000000000001,7.2725,4.339445176401698,1.5,0.5,1.0,31.0,0.75,0.42744755244755245,-0.7331112374771829,2010-10-17,2010,0.2931823248417913,0.22668887625228173,MIN,4.0,1.0,0.25,11.5,46,11.0,44,-34.475,0.7298566625778016,-17.175,-0.10172432698124667,1.336888111888112,1.5277777777777777,-0.19088966588966588,1.7518355132143693,15.75,63.0,11.0,16.75,67.0,11.0,NFC North,-1,-1.0,-4,0.5833333333333334,0.56375,4.495,4.69594861660079,1.25,0.75,1.0,63.75,2.75,-6.0,0.37028804528804526,0.62525,5.755,3.8643676270417426,0.75,0.5,0.5,39.25,1.25,0.37028804528804526,-0.7518355132143693,2010,0.1941837464926192,0.1405102804241019,DAL vs. MIN,MIN,1430.6533811609804,22.0,DAL,1438.1407889418745,22.0,1,3,-1.0,1,-124.0,112.0,0,0
NYG,6.0,4.0,0.6666666666666666,11.833333333333334,71,12.166666666666666,73,-14.4,0.7933987867177515,-27.3,-0.6842233070557885,1.8736772486772486,1.7257575757575758,0.1479196729196729,3.565032548116783,22.333333333333332,134.0,22.0,19.666666666666668,118.0,21.0,NFC East,3,2.6666666666666665,16,0.49000000000000005,0.6378333333333334,6.111666666666667,4.75949074074074,1.6666666666666667,1.1666666666666667,0.7083333333333333,58.166666666666664,2.6666666666666665,-2.0,0.3536047286047286,0.5688333333333334,4.876666666666666,3.281868646967201,1.1666666666666667,0.6666666666666666,1.0,66.0,2.3333333333333335,0.3536047286047286,0.43496745188321695,2010-10-25,2010,0.33232226277331167,0.2605806312546748,DAL,5.0,1.0,0.2,9.8,49,9.8,49,-4.479999999999999,-0.024064641560894096,-6.08,0.18403561566979806,2.1005555555555557,2.22020202020202,-0.1196464646464646,2.1546476596250095,20.4,102.0,17.0,22.2,111.0,19.0,NFC East,-2,-1.8,-9,0.6875,0.7008,7.0600000000000005,3.942027312462095,2.0,0.2,0.5833333333333333,80.8,1.8,-5.0,0.44784039489921845,0.6258,7.008,4.150127569692787,1.4,0.6,1.0,33.8,0.8,0.44784039489921845,-1.1546476596250095,2010,0.26682036647499935,0.22065997741683596,NYG vs. DAL,DAL,1387.063431123872,25.0,NYG,1598.4646016199836,4.0,0,-6,-3.5,0,-180.0,162.0,1,0
JAX,7.0,3.0,0.42857142857142855,10.285714285714286,72,9.857142857142858,69,-17.757142857142856,0.07774551574752804,14.942857142857147,0.5301657231369438,1.837950937950938,3.10974025974026,-1.271789321789322,2.1666576452411053,18.571428571428573,130.0,26.0,29.857142857142858,209.0,33.0,AFC South,-2,-11.285714285714286,-79,0.39444444444444443,0.6427142857142857,5.42,4.0438374697705175,1.5714285714285714,0.2857142857142857,1.0,46.857142857142854,2.4285714285714284,-10.0,0.3829758476817301,0.6737142857142857,9.59,4.4962576771599325,2.2857142857142856,1.4285714285714286,1.0,56.857142857142854,1.0,0.3829758476817301,0.8333423547588947,2010-10-31,2010,0.4041009944915303,0.46687432237483134,DAL,6.0,1.0,0.16666666666666666,10.5,63,10.666666666666666,64,-4.899999999999999,-0.1554281679968843,-5.183333333333334,0.39324858828856774,2.16712962962963,2.3057239057239056,-0.13859427609427608,2.5619832583747604,22.833333333333332,137.0,22.0,25.333333333333332,152.0,26.0,NFC East,-3,-2.5,-15,0.6833333333333333,0.6715,7.021666666666667,3.8106637860261046,2.1666666666666665,0.16666666666666666,0.6666666666666666,74.33333333333333,1.8333333333333333,-2.0,0.373200329082682,0.6405,6.991666666666667,4.359340542311557,1.8333333333333333,0.6666666666666666,1.0,35.833333333333336,1.5,0.373200329082682,-1.5619832583747604,2010,0.25829727067660124,0.23278238354754224,JAX vs. DAL,DAL,1364.215590543417,25.0,JAX,1435.6600951672922,17.0,0,-18,-6.5,0,-278.0,246.0,0,0
DAL,7.0,1.0,0.14285714285714285,10.571428571428571,74,10.714285714285714,75,-9.385714285714284,-0.3751333841824317,3.1999999999999997,0.39653607384069833,2.078318903318903,2.4308802308802306,-0.3525613275613275,2.714957794565136,22.0,154.0,25.0,26.714285714285715,187.0,31.0,NFC East,-4,-4.714285714285714,-33,0.6408730158730159,0.6747142857142857,6.615714285714286,3.590958569840557,2.0,0.2857142857142857,0.7222222222222222,66.57142857142857,2.142857142857143,-5.0,0.3858200622906506,0.6647142857142858,8.155714285714286,4.362628027863687,2.142857142857143,0.7142857142857143,1.0,35.857142857142854,1.4285714285714286,0.3858200622906506,-1.714957794565136,2010-11-07,2010,0.25506960450940463,0.2530215397494872,GNB,8.0,5.0,0.625,10.5,84,11.125,89,-15.5,0.4805609230327012,-36.0,0.6942253747210638,2.2138618326118324,1.5928030303030303,0.6210588023088024,4.978502578918198,22.0,176.0,30.0,17.0,136.0,27.0,NFC North,2,5.0,40,0.46190476190476193,0.612875,6.66625,4.446652877055691,1.5,0.75,0.7916666666666666,48.75,1.625,2.0,0.3641754079254079,0.56825,4.28,4.660317328744053,1.0,0.5,0.7452380952380953,51.0,1.875,0.3641754079254079,0.021497421081802415,2010,0.3581025634411519,0.26626464939495603,DAL vs. GNB,GNB,1574.9577403353517,7.0,DAL,1324.3547698786224,24.0,1,38,-7.0,1,-326.0,286.0,0,0
DAL,8.0,1.0,0.125,10.625,85,10.5,84,-13.062499999999998,-0.4757889196982157,6.2875000000000005,0.3440647132148803,1.898074494949495,2.7520202020202023,-0.853945707070707,2.7269672000179215,20.125,161.0,26.0,29.0,232.0,36.0,NFC East,-5,-8.875,-71,0.6386054421768707,0.6695,6.188750000000001,3.4903030343247736,1.875,0.25,0.7222222222222222,63.25,2.375,-9.0,0.38759255450431923,0.678,8.34,4.3101566672378695,2.25,0.75,0.9285714285714286,33.875,1.25,0.38759255450431923,-1.7269672000179215,2010-11-14,2010,0.23985125411696184,0.2824838999990399,NYG,8.0,6.0,0.75,12.0,96,12.125,97,-7.662500000000001,0.803137947421008,-28.312500000000004,-0.6729596995668194,2.2594246031746033,1.6943181818181818,0.5651064213564213,5.142767223677499,27.0,216.0,36.0,20.0,160.0,27.0,NFC East,5,7.0,56,0.4602040816326531,0.649625,6.8149999999999995,4.769229901443997,2.125,1.25,0.8055555555555555,54.375,2.75,-3.0,0.3709727772227772,0.5575,4.745,3.29313225445617,1.375,0.5,1.0,63.5,2.375,0.3709727772227772,0.8572327763225012,2010,0.41518278639011724,0.2733830991761695,DAL vs. NYG,NYG,1598.4646016199836,4.0,DAL,1387.063431123872,25.0,0,-13,-11.5,0,-530.0,446.0,1,0
DET,9.0,2.0,0.2222222222222222,12.666666666666666,114,12.555555555555555,113,-19.34444444444445,-0.5429944667149755,-15.422222222222224,0.6845373270143477,1.983915004748338,1.8138468013468012,0.17006820340153686,4.187702198020123,23.88888888888889,215.0,36.0,22.444444444444443,202.0,33.0,NFC North,-2,1.4444444444444444,13,0.381547619047619,0.5961111111111111,5.638888888888889,3.4230974873080138,1.8888888888888888,0.5555555555555556,0.8523809523809524,72.88888888888889,1.8888888888888888,3.0,0.36303037634306984,0.6074444444444445,6.535555555555556,4.650629281037336,1.4444444444444444,1.1111111111111112,0.8333333333333334,63.0,2.2222222222222223,0.36303037634306984,-2.187702198020123,2010-11-21,2010,0.2390279930519255,0.18859963369256239,DAL,9.0,2.0,0.2222222222222222,10.666666666666666,96,10.666666666666666,96,-8.933333333333332,-0.4667749711311269,4.288888888888889,0.2897615914582917,2.0205106621773288,2.631425364758698,-0.6109147025813693,3.4931421644556657,21.555555555555557,194.0,31.0,28.0,252.0,40.0,NFC East,1,-6.444444444444445,-58,0.6525297619047619,0.6607777777777778,7.228888888888889,3.499316982891862,2.0,0.2222222222222222,0.7142857142857143,62.888888888888886,2.2222222222222223,-7.0,0.3748297454179807,0.6791111111111111,8.161111111111111,4.255853545481281,2.2222222222222223,0.6666666666666666,0.9375,37.77777777777778,1.4444444444444444,0.3748297454179807,-1.4931421644556657,2010,0.26934327882161385,0.3012434183122377,DET vs. DAL,DAL,1393.625376582679,24.0,DET,1346.569852181079,24.0,1,16,-5.0,1,-237.0,211.0,0,0
NOR,10.0,7.0,0.7,10.3,103,9.7,97,-6.24,-0.3399923433845852,-23.089999999999996,0.12798163394062442,2.3108333333333335,1.81489898989899,0.49593434343434345,6.421322010004645,23.5,235.0,41.0,17.0,170.0,28.0,NFC South,3,6.5,65,0.38315696649029984,0.6971,6.6,3.6260996106384042,2.2,0.4,0.6666666666666666,49.4,1.9,-4.0,0.5026893939393939,0.6021,5.5329999999999995,4.094073587963614,0.7,0.6,0.75,46.8,1.5,0.5026893939393939,0.5786779899953549,2010-11-25,2010,0.42109300736874716,0.2764979213606906,DAL,10.0,3.0,0.3,10.5,105,10.7,107,-5.349999999999999,-0.37004000275364646,2.6100000000000003,0.23917623691016363,2.207348484848485,2.5410101010101007,-0.33366161616161616,4.302810188143864,22.9,229.0,35.0,27.1,271.0,43.0,NFC East,2,-4.2,-42,0.6047178130511464,0.6697,7.302,3.5960519512693425,2.1,0.3,0.7142857142857143,60.5,2.1,-6.0,0.39189222542163715,0.6793,7.894,4.205268190933152,2.2,0.6,0.9444444444444444,41.6,1.5,0.39189222542163715,-1.302810188143864,2010,0.2899063270618712,0.30932631954188206,NOR vs. DAL,DAL,1436.8946461744172,23.0,NOR,1621.3753484165252,4.0,0,-3,4.5,1,185.0,-206.0,0,0
DAL,11.0,3.0,0.2727272727272727,10.727272727272727,118,10.727272727272727,118,-6.436363636363635,-0.2878629074144958,0.9818181818181823,0.20752847929286403,2.1954916295825386,2.557943067033976,-0.36245143745143743,4.740706440387661,23.272727272727273,256.0,40.0,27.363636363636363,301.0,49.0,NFC East,-1,-4.090909090909091,-45,0.6142460317460318,0.6737272727272727,7.218181818181819,3.678229046608493,1.9090909090909092,0.5454545454545454,0.7083333333333333,56.72727272727273,2.1818181818181817,-7.0,0.39868990189845804,0.6711818181818182,7.8945454545454545,4.173620433315853,2.090909090909091,0.7272727272727273,0.95,40.54545454545455,1.5454545454545454,0.39868990189845804,-1.7407064403876609,2010-12-05,2010,0.2853403254117824,0.31179151342142114,IND,11.0,6.0,0.5454545454545454,10.545454545454545,116,10.454545454545455,115,-7.918181818181819,-0.5189891703744619,-13.236363636363633,0.7630646385586511,2.5046176046176045,2.3292830906467272,0.17533451397087765,6.3867906112491095,25.636363636363637,282.0,47.0,22.90909090909091,252.0,46.0,AFC South,-2,2.727272727272727,30,0.619920634920635,0.653090909090909,6.846363636363637,3.4471027836485275,2.0,0.7272727272727273,0.9375,44.18181818181818,1.6363636363636365,-2.0,0.4440204180845892,0.6525454545454545,6.151818181818182,4.7291565925816395,1.1818181818181819,1.0909090909090908,0.925,47.18181818181818,1.4545454545454546,0.4440204180845892,-0.3867906112491095,2010,0.39092542419380233,0.3495712505000324,DAL vs. IND,IND,1512.7553318211285,13.0,DAL,1411.201067856713,26.0,0,-3,-5.5,0,-235.0,210.0,0,0
PHI,12.0,8.0,0.6666666666666666,11.25,135,11.583333333333334,139,-0.9499999999999993,1.271746979557436,-23.400000000000002,0.06758620079003426,2.555393217893218,2.034573297073297,0.5208199208199208,6.971509610107747,28.666666666666668,344.0,62.0,23.416666666666668,281.0,47.0,NFC East,1,5.25,63,0.4850452577725305,0.6414166666666666,8.091666666666667,5.237838933580425,1.75,1.25,0.8716666666666667,75.83333333333333,1.0833333333333333,15.0,0.4137108262108262,0.5666666666666667,5.739166666666667,4.033678154813024,2.0,0.75,0.9090909090909091,44.166666666666664,2.3333333333333335,0.4137108262108262,1.0284903898922533,2010-12-12,2010,0.49862123714402445,0.33893228316842683,DAL,12.0,4.0,0.3333333333333333,10.666666666666666,128,10.75,129,-6.166666666666665,-0.20126605260288474,-1.1499999999999992,0.05580520788909197,2.3292006604506605,2.6099326599326598,-0.28073199948199945,5.2892788480863135,24.5,294.0,45.0,28.0,336.0,53.0,NFC East,1,-3.5,-42,0.6079922602649875,0.67525,7.165,3.7648259014201044,1.8333333333333333,0.5833333333333334,0.7129629629629629,54.916666666666664,2.0,-3.0,0.4099101878513643,0.67775,7.6275,4.021897161912081,2.0833333333333335,0.8333333333333334,0.95,39.5,1.75,0.4099101878513643,-1.2892788480863135,2010,0.31379065874747125,0.3324730110151327,PHI vs. DAL,DAL,1475.4134325148452,25.0,PHI,1640.7530574228888,7.0,0,-3,4.0,1,187.0,-209.0,1,0
WAS,13.0,5.0,0.38461538461538464,12.153846153846153,158,12.0,156,-26.076923076923077,0.25661279652120544,-11.069230769230769,0.9813366329814,1.5296379902149133,1.9575925143232835,-0.4279545241083703,5.662606233813654,18.307692307692307,238.0,44.0,23.846153846153847,310.0,53.0,NFC East,-3,-5.538461538461538,-72,0.5458543771043771,0.574076923076923,5.6984615384615385,4.222704750544195,1.0769230769230769,0.6153846153846154,0.6875,42.84615384615385,1.7692307692307692,1.0,0.28016625154634206,0.637,7.148461538461539,4.9474285870043895,1.4615384615384615,0.9230769230769231,0.7916666666666666,52.23076923076923,1.8461538461538463,0.28016625154634206,-0.662606233813654,2010-12-19,2010,0.264286916120837,0.2962928351123651,DAL,13.0,4.0,0.3076923076923077,10.76923076923077,140,10.76923076923077,140,-7.007692307692306,-0.13830394245571329,-1.961538461538461,0.23360799030611135,2.323108301954456,2.618958818958819,-0.2958505170043631,5.72717510033011,24.692307692307693,321.0,50.0,28.153846153846153,366.0,59.0,NFC East,-1,-3.4615384615384617,-45,0.6128817941317941,0.676076923076923,7.029230769230769,3.827788011567276,1.8461538461538463,0.6153846153846154,0.7416666666666666,53.76923076923077,2.0,-3.0,0.39935765591874184,0.6729230769230768,7.656153846153846,4.199699944329101,2.076923076923077,0.8461538461538461,0.9545454545454546,41.0,1.7692307692307692,0.39935765591874184,-1.7271751003301103,2010,0.30969299174917275,0.33302014784644146,WAS vs. DAL,DAL,1500.0,1.0,WAS,1500.0,1.0,1,3,-9.5,0,-450.0,385.0,1,0
DAL,15.0,5.0,0.3333333333333333,10.933333333333334,164,10.733333333333333,161,-7.273333333333332,-0.0016801049088326656,-3.5933333333333324,0.21333053741143765,2.3466938616938617,2.6315824915824915,-0.28488862988862984,6.7610612362308515,25.333333333333332,380.0,62.0,28.2,423.0,66.0,NFC East,-1,-2.8666666666666667,-43,0.5732079428508,0.6724666666666667,6.973333333333334,3.9644118491141564,1.8666666666666667,0.6666666666666666,0.7680555555555556,54.53333333333333,1.9333333333333333,-3.0,0.4013806237335649,0.6512666666666667,7.591333333333334,4.179422491434427,2.1333333333333333,0.7333333333333333,0.9305555555555555,40.06666666666667,1.7333333333333334,0.4013806237335649,-1.7610612362308515,2011-01-02,2010,0.3336643103063769,0.33448031404089595,PHI,15.0,10.0,0.6666666666666666,11.4,171,11.666666666666666,175,-3.8466666666666667,1.596040664702823,-20.68,0.12769644796363028,2.491933621933622,2.0852776852776853,0.40665593665593663,8.36994779043306,28.4,426.0,75.0,24.2,363.0,60.0,NFC East,-1,4.2,63,0.47987726559155125,0.6328666666666667,7.764666666666667,5.562132618725812,1.8,1.2,0.8243589743589743,70.73333333333333,1.4,12.0,0.4036959336959337,0.5820000000000001,5.914,4.093788401986619,2.0,0.8,0.9285714285714286,45.266666666666666,2.2,0.4036959336959337,1.6300522095669407,2010,0.486258836537045,0.3572583362186729,DAL vs. PHI,PHI,1640.7530574228888,7.0,DAL,1475.4134325148452,25.0,0,-1,1.5,1,117.0,-129.0,1,0
SEA,1.0,1.0,1.0,10.0,10,11.0,11,7.400000000000006,-0.6182658670664671,-48.5,-1.3871445856019364,3.1,0.5454545454545454,2.5545454545454547,0.9800050842820274,31.0,31.0,4.0,6.0,6.0,2.0,NFC West,1,25.0,25,0.5,0.7829999999999999,6.96,3.347826086956522,2.0,1.0,1.0,35.0,1.0,1.0,0.45454545454545453,0.578,2.76,2.5789473684210527,0.0,0.0,1.0,60.0,2.0,0.45454545454545453,0.019994915717972628,2010-09-19,2010,0.4079979662871891,0.0036354392214495686,DEN,1.0,0.0,0.0,10.0,10,9.0,9,-12.799999999999997,-0.40609195402298903,37.900000000000006,-0.02491548343475314,1.7,2.6666666666666665,-0.9666666666666666,0.30634305530877154,17.0,17.0,3.0,24.0,24.0,4.0,AFC West,-1,-7.0,-7,0.5,0.636,7.55,3.56,1.0,1.0,1.0,70.0,2.0,-2.0,0.3,0.762,10.71,3.941176470588236,3.0,0.0,1.0,47.0,0.0,0.3,-0.30634305530877154,2010,0.20809708340736852,-0.13615246902612071,SEA vs. DEN,DEN,1450.0,17.0,SEA,1550.0,1.0,1,17,-3.5,1,-175.0,158.0,0,0
IND,2.0,1.0,0.5,10.5,21,10.5,21,26.699999999999996,0.09437316225608106,-26.65,1.4934318555008201,2.9272727272727272,2.4722222222222223,0.45505050505050515,1.2188380691753857,31.0,62.0,9.0,24.0,48.0,8.0,AFC South,1,7.0,14,1.0,0.7355,10.16,4.060465116279071,3.0,0.5,1.0,64.0,1.0,2.0,0.3484848484848485,0.5355000000000001,4.895,5.459523809523809,1.5,1.5,1.0,37.5,2.0,0.3484848484848485,-0.21883806917538573,2010-09-26,2010,0.38167755660527447,0.14879274872849796,DEN,2.0,1.0,0.5,9.5,19,9.0,18,2.0,-1.3308287961282523,-5.599999999999998,0.729496281271129,2.5722222222222224,2.111111111111111,0.46111111111111125,1.1744110998789479,24.0,48.0,8.0,19.0,38.0,6.0,AFC West,1,5.0,10,1.0,0.675,8.69,2.635263157894737,1.5,1.5,1.0,52.5,1.0,2.0,0.5,0.6665000000000001,7.0,4.695588235294118,2.0,0.5,1.0,55.5,2.0,0.5,-0.17441109987894787,2010,0.38433450528864255,0.13759815002017534,IND vs. DEN,DEN,1514.0064999802885,9.0,IND,1514.0064999802885,9.0,0,-14,5.5,0,225.0,-253.0,0,0
DEN,3.0,1.0,0.3333333333333333,10.0,30,9.666666666666666,29,-2.2666666666666657,-1.3388794783894609,-0.6666666666666643,-0.22963919109963774,2.108754208754209,2.2255892255892253,-0.11683501683501674,1.3247170581548264,20.333333333333332,61.0,11.0,21.666666666666668,65.0,11.0,AFC West,-1,-1.3333333333333333,-4,0.75,0.6663333333333333,8.406666666666666,2.627212475633528,1.3333333333333333,1.0,1.0,55.0,1.3333333333333333,0.0,0.4444444444444444,0.6536666666666667,7.6499999999999995,3.736452762923351,2.3333333333333335,0.3333333333333333,1.0,46.0,1.3333333333333333,0.4444444444444444,-0.32471705815482643,2010-10-03,2010,0.32697902622552116,0.21181738345168857,TEN,3.0,2.0,0.6666666666666666,11.666666666666666,35,11.333333333333334,34,-0.3999999999999986,-0.20804241548564573,-33.233333333333334,0.6315381936071583,2.38008658008658,1.2186609686609686,1.1614256114256114,2.0677635610626037,26.0,78.0,13.0,14.0,42.0,9.0,AFC South,1,12.0,36,0.75,0.6920000000000001,6.973333333333334,3.758049538537344,1.3333333333333333,1.6666666666666667,1.0,77.66666666666667,2.6666666666666665,-2.0,0.42686202686202684,0.6106666666666666,3.4433333333333334,4.597630147630148,0.3333333333333333,0.3333333333333333,0.6666666666666666,66.0,2.0,0.42686202686202684,-0.06776356106260373,2010,0.3630387972017729,0.17049145049447617,DEN vs. TEN,TEN,1547.9853938919734,4.0,DEN,1464.0064999802885,19.0,0,-6,-6.0,0,-275.0,244.0,0,0
NYJ,5.0,4.0,0.8,11.2,56,11.4,57,-5.26,1.0786022167487679,-23.22,-0.21065717141429346,2.4366278166278166,1.434188034188034,1.0024397824397826,3.566824492795281,27.0,135.0,25.0,16.2,81.0,14.0,AFC East,4,10.8,54,0.5833333333333334,0.5608,7.126,5.044694170771757,1.8,0.8,0.8,69.8,0.2,11.0,0.3717372823255176,0.5032,6.186,3.7554347826086953,1.8,0.2,0.6666666666666666,50.4,2.4,0.3717372823255176,0.433175507204719,2010-10-17,2010,0.4851049560004214,0.21777002491531952,DEN,5.0,2.0,0.4,10.8,54,10.2,51,-2.4,-1.599764468642872,-6.699999999999998,0.3672690654331493,1.9743434343434345,2.288686868686869,-0.3143434343434343,2.169406858714387,20.8,104.0,20.0,23.2,116.0,19.0,AFC West,-1,-2.4,-12,0.7291666666666666,0.6608,8.081999999999999,2.366327485380117,1.6,0.6,1.0,65.8,1.2,0.0,0.3835897435897436,0.6256,7.382,4.333361019456138,1.6,1.0,0.9166666666666666,63.0,1.2,0.3835897435897436,-0.1694068587143871,2010,0.35782171416930464,0.28541674386049665,NYJ vs. DEN,DEN,1485.3604379898409,17.0,NYJ,1629.584336584434,1.0,0,-4,3.5,0,162.0,-180.0,0,0
LVR,6.0,2.0,0.3333333333333333,11.666666666666666,70,11.5,69,-38.65,0.3126978672668322,-2.316666666666665,0.8536085068065041,1.788993413993414,2.1843434343434343,-0.39535002035002037,2.309498119215918,20.0,120.0,23.0,25.166666666666668,151.0,24.0,AFC West,-1,-5.166666666666667,-31,0.3333333333333333,0.5298333333333334,4.238333333333333,4.278789821289821,1.0,0.5,0.8194444444444443,76.33333333333333,1.6666666666666667,-2.0,0.34045284780578894,0.5778333333333333,7.596666666666667,4.819700460829494,2.0,1.0,0.75,83.16666666666667,1.3333333333333333,0.34045284780578894,-0.3094981192159181,2010-10-24,2010,0.31162272204293784,0.27191315250922216,DEN,6.0,2.0,0.3333333333333333,11.333333333333334,68,10.5,63,-6.866666666666667,-1.3409992297197384,-12.416666666666666,0.3617088955237929,1.8833814333814336,2.2405723905723907,-0.3571909571909571,2.5630313425697273,20.666666666666668,124.0,24.0,23.333333333333332,140.0,23.0,AFC West,-2,-2.6666666666666665,-16,0.7433333333333334,0.6193333333333334,7.8183333333333325,2.6250927243032507,1.5,0.6666666666666666,0.9444444444444445,68.33333333333333,1.3333333333333333,1.0,0.38447293447293446,0.6158333333333333,6.8183333333333325,4.327800849546782,1.5,1.1666666666666667,0.9333333333333332,64.83333333333333,1.5,0.38447293447293446,-0.5630313425697273,2010,0.3198216857311925,0.26997428338861446,LVR vs. DEN,DEN,1455.0005719291466,22.0,LVR,1404.661620464784,22.0,0,-45,-7.0,0,-300.0,264.0,1,0
DEN,7.0,2.0,0.2857142857142857,11.714285714285714,82,10.714285714285714,75,-10.328571428571427,-1.085760375208438,-7.371428571428569,0.6445505324017252,1.7571840857555145,2.6228715728715732,-0.8656874871160586,2.5950405844222564,19.714285714285715,138.0,26.0,28.428571428571427,199.0,31.0,AFC West,-3,-8.714285714285714,-61,0.6749999999999999,0.59,7.49,2.8803315788145514,1.5714285714285714,0.5714285714285714,0.9444444444444445,67.71428571428571,1.5714285714285714,-2.0,0.3555222555222555,0.6135714285714285,7.4157142857142855,4.610642486424714,1.5714285714285714,1.7142857142857142,0.9444444444444443,69.0,1.2857142857142858,0.3555222555222555,-0.5950405844222564,2010-10-31,2010,0.29012011290073403,0.3191499845388763,SFO,7.0,1.0,0.14285714285714285,11.0,77,11.142857142857142,78,-28.25714285714286,-0.0533344991307441,-14.914285714285711,-0.4446987416296884,1.4777333777333777,2.085714285714286,-0.607980907980908,2.597705533896387,16.142857142857142,113.0,18.0,23.142857142857142,162.0,30.0,NFC West,-1,-7.0,-49,0.5944444444444444,0.5807142857142856,5.087142857142857,3.912757454892245,1.2857142857142858,0.2857142857142857,0.9,69.28571428571429,2.2857142857142856,-6.0,0.3846225669755082,0.6369999999999999,6.1000000000000005,3.5213932123933005,1.5714285714285714,0.42857142857142855,0.880952380952381,44.857142857142854,1.4285714285714286,0.3846225669755082,-1.597705533896387,2010,0.18041057586245832,0.24188431132437435,DEN vs. SFO,SFO,1337.8175287734691,27.0,DEN,1397.806484282038,22.0,1,8,-2.0,1,-124.0,112.0,0,0
KAN,8.0,5.0,0.625,11.25,90,11.625,93,-9.812499999999998,0.9141191475116419,-22.45,-0.131917792231789,2.15385101010101,1.6692307692307693,0.4846202408702409,4.733290177800199,22.875,183.0,30.0,18.125,145.0,26.0,AFC West,-1,4.75,38,0.3,0.5865,6.8325,4.880211101534631,1.5,0.75,0.8194444444444443,52.5,0.75,6.0,0.3248579545454545,0.5706249999999999,5.911250000000001,3.8341741617912,1.25,0.625,0.7083333333333334,59.875,1.5,0.3248579545454545,0.2667098221998012,2010-11-14,2010,0.34444624259165835,0.2539441604532188,DEN,8.0,2.0,0.25,11.75,94,10.75,86,-9.8375,-1.0119782931484922,-4.549999999999998,0.493815459693874,1.7042027417027417,2.567739898989899,-0.8635371572871573,2.8717281522467535,19.25,154.0,29.0,27.875,223.0,35.0,AFC West,-4,-8.625,-69,0.5989795918367348,0.60375,7.535,2.954113660874497,1.5,0.625,0.9523809523809524,66.75,1.625,-4.0,0.33608197358197356,0.6158750000000001,7.91,4.459907413716863,1.5,1.75,0.8809523809523808,68.75,1.125,0.33608197358197356,-0.8717281522467535,2010,0.2748934622138885,0.311758015510703,KAN vs. DEN,DEN,1339.2581593782384,22.0,KAN,1506.164355952153,9.0,1,20,1.0,1,-101.0,-109.0,1,0
DEN,9.0,3.0,0.3333333333333333,11.555555555555555,104,10.88888888888889,98,-5.188888888888889,-0.791826047582576,-2.5777777777777757,0.25584594907886904,2.0592913259579926,2.5509539842873177,-0.4916626583293249,3.6478353001793025,22.555555555555557,203.0,35.0,28.0,252.0,40.0,AFC West,1,-5.444444444444445,-49,0.6022321428571429,0.6096666666666667,7.964444444444445,3.174265906440413,1.8888888888888888,0.6666666666666666,0.8333333333333334,62.44444444444444,1.4444444444444444,-3.0,0.36540619873953206,0.6166666666666667,8.106666666666666,4.221937903101858,1.7777777777777777,1.5555555555555556,0.8333333333333333,65.55555555555556,1.1111111111111112,0.36540619873953206,-0.6478353001793025,2010-11-22,2010,0.31231385095483377,0.3334315056608026,LAC,9.0,4.0,0.4444444444444444,11.333333333333334,102,10.333333333333334,93,5.566666666666665,-0.025678182297164415,-27.633333333333336,-0.44991220154292694,2.4729128895795562,2.1548260381593716,0.3180868514201847,4.965492193353844,26.555555555555557,239.0,39.0,21.88888888888889,197.0,31.0,AFC West,2,4.666666666666667,42,0.6127976190476191,0.6709999999999999,9.217777777777778,3.9404137717258245,2.111111111111111,1.0,0.8333333333333333,51.0,2.3333333333333335,-9.0,0.4470017636684303,0.5661111111111111,5.195555555555555,3.516179752480062,0.8888888888888888,0.7777777777777778,1.0,46.22222222222222,1.3333333333333333,0.4470017636684303,-0.9654921933538443,2010,0.34133529897516346,0.2605373261720798,DEN vs. LAC,LAC,1522.3838245661489,18.0,DEN,1411.5861402162195,19.0,1,21,-9.0,1,-390.0,338.0,1,0
LAR,10.0,4.0,0.4,11.4,114,11.1,111,-19.8,-0.047690581591444216,-19.18,0.31539394306537477,1.5976881451881453,1.867035742035742,-0.2693475968475969,5.060819364296511,17.7,177.0,35.0,19.8,198.0,40.0,NFC West,-2,-2.1,-21,0.3734567901234568,0.6054999999999999,5.322,3.918401372431545,1.4,0.4,0.8083333333333332,64.6,1.3,2.0,0.3458193277310925,0.594,6.215999999999999,4.2814858970883645,1.2,0.4,0.925,64.2,1.5,0.3458193277310925,-1.0608193642965107,2010-11-28,2010,0.27444852828914224,0.2860965994848104,DEN,10.0,3.0,0.3,11.6,116,10.9,109,-7.529999999999999,-0.6892526382266174,-0.5699999999999982,0.22049426403184097,1.9700288600288602,2.614040404040404,-0.6440115440115439,3.750164436512358,21.7,217.0,37.0,28.7,287.0,45.0,AFC West,-1,-7.0,-70,0.5847001763668431,0.6119,7.555,3.2768393157963716,1.8,0.7,0.8333333333333334,61.8,1.4,-3.0,0.3371989121989122,0.6165,8.404,4.1865862180548294,2.0,1.5,0.7407407407407407,63.0,1.1,0.3371989121989122,-0.7501644365123581,2010,0.29503785849055414,0.34058954161187516,LAR vs. DEN,DEN,1377.0118000575444,23.0,LAR,1411.5542818677582,21.0,0,-3,-3.0,0,-180.0,162.0,0,0
DEN,11.0,3.0,0.2727272727272727,11.727272727272727,129,11.090909090909092,122,-6.045454545454546,-0.38613702047073206,0.6909090909090924,0.1593760364164668,2.0217045580681945,2.62814861905771,-0.6064440609895154,4.19879211926134,22.727272727272727,250.0,43.0,29.363636363636363,323.0,52.0,AFC West,-2,-6.636363636363637,-73,0.5662301587301587,0.6094545454545455,7.732727272727273,3.579954933552257,1.9090909090909092,0.7272727272727273,0.8518518518518519,61.63636363636363,1.4545454545454546,-5.0,0.31664547573638485,0.6145454545454545,8.544545454545455,4.125467990439455,2.090909090909091,1.4545454545454546,0.7416666666666666,60.0,1.0,0.31664547573638485,-1.1987921192613404,2010-12-05,2010,0.297006299416323,0.3410304096858497,KAN,11.0,7.0,0.6363636363636364,11.454545454545455,126,11.454545454545455,126,-1.863636363636361,0.8036925233541492,-17.700000000000003,-0.11831524202626097,2.3360387087659817,1.948696757787667,0.3873419509783146,6.634325261120518,25.90909090909091,285.0,46.0,21.0,231.0,38.0,AFC West,2,4.909090909090909,54,0.31833333333333336,0.6025454545454546,7.620909090909091,4.769784477377138,2.0,0.9090909090909091,0.7129629629629629,48.45454545454545,0.7272727272727273,7.0,0.3631067461949815,0.5732727272727273,6.465454545454546,3.847776711996728,1.6363636363636365,0.5454545454545454,0.6944444444444444,57.18181818181818,1.3636363636363635,0.3631067461949815,0.3656747388794823,2010,0.37721575612442726,0.28419598851184724,DEN vs. KAN,KAN,1506.164355952153,9.0,DEN,1339.2581593782384,22.0,1,4,-9.0,0,-360.0,314.0,1,0
DEN,13.0,3.0,0.23076923076923078,11.923076923076923,155,11.384615384615385,148,-15.284615384615384,-0.07089435516115374,-4.576923076923075,0.36695573762046746,1.8193269337500106,2.514260952722491,-0.6949340189724804,4.483832888755905,20.692307692307693,269.0,48.0,28.923076923076923,376.0,62.0,AFC West,-4,-8.23076923076923,-107,0.545722101972102,0.576,6.818461538461539,3.8951975988618353,1.6153846153846154,0.6923076923076923,0.8484848484848485,59.92307692307692,1.7692307692307692,-10.0,0.302546171776941,0.5925384615384616,8.006923076923076,4.333047691643457,1.8461538461538463,1.4615384615384615,0.7708333333333334,60.15384615384615,1.0,0.302546171776941,-1.483832888755905,2010-12-19,2010,0.2743305316822415,0.3388785659548513,LVR,13.0,6.0,0.46153846153846156,12.0,156,12.23076923076923,159,-23.73076923076923,0.5346068984066327,-10.12307692307692,0.4242801558548349,2.0764901764901764,1.9612157073695538,0.11527446912062299,6.273067540065961,24.153846153846153,314.0,54.0,23.615384615384617,307.0,52.0,AFC West,-1,0.5384615384615384,7,0.47303391053391053,0.5524615384615384,6.084615384615384,4.500698852429622,1.1538461538461537,1.0769230769230769,0.8722222222222222,77.07692307692308,1.6923076923076923,-3.0,0.34459637898551926,0.548923076923077,7.176153846153847,4.390372109877824,1.9230769230769231,0.8461538461538461,0.7424242424242423,75.92307692307692,1.4615384615384615,0.34459637898551926,-0.273067540065961,2010,0.33888281698049216,0.29501716880337203,DEN vs. LVR,LVR,1404.661620464784,22.0,DEN,1455.0005719291466,22.0,1,16,-9.0,1,-345.0,301.0,1,0
HOU,14.0,5.0,0.35714285714285715,10.357142857142858,145,10.285714285714286,144,-12.071428571428571,0.4752525558089157,1.7428571428571433,-0.26929105952345517,2.3365800865800863,2.729766067266067,-0.39318598068598076,5.926559691698301,23.785714285714285,333.0,60.0,27.571428571428573,386.0,63.0,AFC South,-3,-3.7857142857142856,-53,0.5454171896479589,0.6237142857142857,6.785714285714286,4.441344509831905,1.5714285714285714,1.1428571428571428,0.9166666666666666,44.142857142857146,1.2142857142857142,-2.0,0.42163788592360024,0.6635,8.269285714285715,3.696800894499534,2.2142857142857144,0.9285714285714286,0.8712121212121212,57.785714285714285,1.0714285714285714,0.42163788592360024,-0.9265596916983014,2010-12-26,2010,0.38640710270842454,0.3772950096344281,DEN,14.0,3.0,0.21428571428571427,12.0,168,11.571428571428571,162,-14.321428571428571,-0.11968552564262683,-6.4571428571428555,0.5173826446633565,1.8157486362843507,2.5336504765076193,-0.7179018402232688,4.706270052148204,20.857142857142858,292.0,53.0,29.642857142857142,415.0,69.0,AFC West,-5,-8.785714285714286,-123,0.5392464373233604,0.5705714285714285,6.996428571428572,3.8464064283803623,1.5714285714285714,0.7142857142857143,0.8611111111111112,62.285714285714285,1.7142857142857142,-8.0,0.29284049284049285,0.5914285714285714,7.896428571428571,4.483474598686345,1.7857142857142858,1.5714285714285714,0.7884615384615384,61.857142857142854,1.1428571428571428,0.29284049284049285,-1.706270052148204,2010,0.2770270779065243,0.3435923132282954,HOU vs. DEN,DEN,1230.047201784066,30.0,HOU,1334.4092934982427,21.0,1,1,2.0,1,110.0,-121.0,0,0
LAC,15.0,8.0,0.5333333333333333,10.733333333333333,161,10.4,156,5.819999999999999,-0.22552839507970643,-22.80666666666667,-0.49321853401334614,2.6518958818958818,1.9043434343434344,0.7475524475524475,9.104455044460616,27.2,408.0,68.0,19.6,294.0,45.0,AFC West,-1,7.6,114,0.5397019647019647,0.6836666666666668,9.015333333333333,3.740563558943283,2.0,1.0,0.8076923076923077,43.0,1.8666666666666667,-7.0,0.43452584452584453,0.591,5.508666666666667,3.472873420009643,1.0666666666666667,0.8666666666666667,1.0,48.266666666666666,1.4,0.43452584452584453,-1.1044550444606163,2011-01-02,2010,0.39126172131539466,0.2479912491449881,DEN,15.0,4.0,0.26666666666666666,11.8,177,11.466666666666667,172,-14.1,-0.12156716632252981,-6.239999999999999,0.4942419138418426,1.8724765049765049,2.518073778073778,-0.645597273097273,5.231465265954397,21.066666666666666,316.0,57.0,29.2,438.0,74.0,AFC West,1,-8.133333333333333,-122,0.5262390387390388,0.5693333333333332,7.174,3.8445247877004594,1.5333333333333334,0.8,0.8717948717948718,59.93333333333333,1.6666666666666667,-8.0,0.3036208236208236,0.5984666666666667,7.946,4.460333867864832,1.7333333333333334,1.5333333333333334,0.8035714285714286,59.333333333333336,1.1333333333333333,0.3036208236208236,-1.2314652659543972,2010,0.2955956609569112,0.366229290821463,LAC vs. DEN,DEN,1411.5861402162195,19.0,LAC,1522.3838245661489,18.0,0,-5,5.0,0,200.0,-224.0,1,0
PHI,1.0,0.0,0.0,11.0,11,11.0,11,-15.700000000000003,3.483908045977011,-29.799999999999997,0.033908045977010914,1.8181818181818181,2.4545454545454546,-0.6363636363636365,0.3293231620763674,20.0,20.0,4.0,27.0,27.0,5.0,NFC East,-1,-7.0,-7,0.5,0.618,5.62,7.45,1.0,1.0,1.0,80.0,1.0,1.0,0.38461538461538464,0.613,3.77,4.0,2.0,1.0,1.0,15.0,2.0,0.38461538461538464,-0.3293231620763674,2010-09-19,2010,0.24388248651768457,-0.14969234639834886,DET,1.0,0.0,0.0,14.0,14,14.0,14,-43.0,-3.0137110016420365,7.099999999999994,-0.7080274378939566,1.0,1.3571428571428572,-0.3571428571428572,0.3265667507715856,14.0,14.0,2.0,19.0,19.0,4.0,NFC North,-1,-5.0,-5,0.5,0.588,3.03,0.9523809523809524,0.0,2.0,,40.0,3.0,1.0,0.2857142857142857,0.657,10.2,3.2580645161290325,2.0,0.0,1.0,100.0,4.0,0.2857142857142857,-0.3265667507715856,2010,0.09620474988977348,-0.0933047859347387,PHI vs. DET,DET,1450.0,17.0,PHI,1450.0,17.0,0,-3,6.5,1,244.0,-276.0,0,0
DET,2.0,0.0,0.0,13.5,27,13.0,26,-33.95,-1.2783630162940511,5.349999999999994,0.45604375231738925,1.7307692307692308,2.136904761904762,-0.406135531135531,0.7736702249476364,23.0,46.0,7.0,27.0,54.0,9.0,NFC North,-2,-4.0,-8,0.0,0.5720000000000001,4.615,2.687728937728938,1.0,2.0,1.0,45.5,2.5,-1.0,0.34285714285714286,0.6375,9.335,4.422135706340378,2.0,1.5,1.0,87.5,2.0,0.34285714285714286,-0.7736702249476364,2010-09-26,2010,0.1589686745438249,0.03917246106675524,MIN,2.0,0.0,0.0,10.5,21,9.0,18,-43.650000000000006,0.3758052791785924,2.0,-0.31712643678160957,0.9045454545454545,1.5555555555555556,-0.651010101010101,0.5703475457093441,9.5,19.0,4.0,14.0,28.0,3.0,NFC North,-2,-4.5,-9,1.0,0.5835,3.55,4.341897233201582,0.5,0.5,1.0,52.0,2.5,-3.0,0.3708791208791209,0.675,7.66,3.6489655172413795,1.0,0.5,0.0,17.5,1.0,0.3708791208791209,-0.5703475457093441,2010,0.1361573765991101,0.03580437119088799,DET vs. MIN,MIN,1414.0064999802885,25.0,DET,1400.0,25.0,1,14,-13.0,1,-650.0,534.0,1,0
DET,3.0,0.0,0.0,13.333333333333334,40,12.666666666666666,38,-32.93333333333334,-1.0690095043089602,-7.6333333333333355,1.0153318502039297,1.4102564102564104,2.0912698412698414,-0.6810134310134309,0.8852345509152988,18.666666666666668,56.0,9.0,26.0,78.0,13.0,NFC North,-3,-7.333333333333333,-22,0.0,0.606,4.333333333333333,2.897082449714029,1.0,1.3333333333333333,0.75,52.666666666666664,2.6666666666666665,-1.0,0.3119047619047619,0.6503333333333333,7.3500000000000005,4.981423804226918,1.6666666666666667,1.6666666666666667,1.0,91.66666666666667,2.3333333333333335,0.3119047619047619,-0.8852345509152988,2010-10-03,2010,0.15860740868135262,0.12712237577281682,GNB,3.0,2.0,0.6666666666666666,9.666666666666666,29,9.666666666666666,29,-7.0,-0.10930183056619895,-36.26666666666667,1.2348339719029369,2.707070707070707,1.6727272727272726,1.0343434343434343,2.052482598804179,26.0,78.0,14.0,15.666666666666666,47.0,8.0,NFC North,-1,10.333333333333334,31,0.5,0.6746666666666666,6.803333333333334,3.85679012345679,1.6666666666666667,1.3333333333333333,0.8333333333333334,72.0,1.3333333333333333,0.0,0.4706349206349207,0.6073333333333334,3.5,5.200925925925926,0.6666666666666666,0.6666666666666666,0.8333333333333333,51.0,1.3333333333333333,0.4706349206349207,-0.05248259880417905,2010,0.4743131450200172,0.1790820598800755,DET vs. GNB,GNB,1535.9935000197115,4.0,DET,1352.0146061080266,28.0,1,2,-14.5,0,-1100.0,816.0,1,0
LAR,4.0,2.0,0.5,12.75,51,11.75,47,-26.85,-0.5034552101362451,-29.975,0.8210403989181873,1.5444638694638695,1.1166958041958042,0.42776806526806527,2.572756281578807,19.25,77.0,15.0,13.0,52.0,12.0,NFC West,2,6.25,25,0.38888888888888884,0.58125,4.825,3.462636743886744,1.5,0.5,0.6041666666666666,68.0,2.0,2.0,0.36875,0.55675,5.4875,4.7871323529411764,0.75,0.25,0.9375,69.0,2.5,0.36875,-0.572756281578807,2010-10-10,2010,0.25200321458979363,0.15493045011199102,DET,4.0,0.0,0.0,13.0,52,12.0,48,-30.900000000000002,-0.32899440245175327,-5.150000000000002,0.8652139943852953,1.5993589743589745,2.2684523809523807,-0.6690934065934065,1.3414381055154023,20.5,82.0,15.0,26.5,106.0,16.0,NFC North,-4,-6.0,-24,0.2222222222222222,0.612,4.445,3.6370975515712356,1.25,1.0,0.7666666666666666,65.0,2.75,0.0,0.38098739495798317,0.66425,7.5575,4.831305948408284,2.0,1.25,1.0,76.5,2.75,0.38098739495798317,-1.3414381055154023,2010,0.19172321354456232,0.1382134912070498,LAR vs. DET,DET,1326.2658392079998,25.0,LAR,1524.7739350827935,10.0,1,38,-3.0,1,-143.0,129.0,0,0
DET,5.0,1.0,0.2,12.2,61,11.8,59,-21.92,-0.37179852815061587,-14.940000000000003,0.8132385189893526,2.2572649572649572,1.923852813852814,0.33341214341214365,2.3326197244930302,25.2,126.0,21.0,22.4,112.0,18.0,NFC North,1,2.8,14,0.29166666666666663,0.619,5.279999999999999,3.5942934258723733,1.6,0.8,0.825,67.6,2.2,3.0,0.39709760827407886,0.6336,6.5920000000000005,4.779330473012342,1.6,1.0,1.0,69.2,2.8,0.39709760827407886,-1.3326197244930302,2010-10-17,2010,0.25250815011687333,0.16275540664110325,NYG,5.0,3.0,0.6,11.8,59,12.2,61,-17.9,0.6319636015325664,-28.860000000000003,-0.6373733871861578,1.7817460317460316,1.7375757575757576,0.044170274170274124,2.8756061130880806,21.2,106.0,18.0,19.6,98.0,17.0,NFC East,2,1.6,8,0.5625,0.632,5.954,4.598055555555556,1.6,1.0,0.7083333333333333,66.8,3.0,-4.0,0.3474025974025974,0.5684,4.64,3.328718566836831,1.0,0.8,1.0,61.0,2.2,0.3474025974025974,0.12439388691191944,2010,0.3126748812353036,0.22988424943443483,DET vs. NYG,NYG,1571.0266614077948,7.0,DET,1402.0834226367856,24.0,1,8,-10.0,0,-500.0,423.0,0,0
WAS,7.0,4.0,0.5714285714285714,11.714285714285714,82,12.142857142857142,85,-27.128571428571426,0.039454177473087375,-16.185714285714287,0.9361141211546883,1.6187241330098472,1.5478458049886623,0.07087832802118514,3.7941822890586563,18.571428571428573,130.0,24.0,19.0,133.0,25.0,NFC East,1,-0.42857142857142855,-3,0.6138888888888888,0.561,5.852857142857142,4.005546131496076,0.8571428571428571,0.7142857142857143,0.75,46.285714285714285,1.2857142857142858,8.0,0.24871011341599578,0.6481428571428571,6.130000000000001,4.902206075177678,1.4285714285714286,0.42857142857142855,0.5833333333333334,62.0,2.4285714285714284,0.24871011341599578,0.2058177109413437,2010-10-31,2010,0.30128854540521294,0.2607486433168632,DET,6.0,1.0,0.16666666666666666,12.166666666666666,73,11.833333333333334,71,-21.51666666666667,-0.46291092452617016,-11.933333333333337,0.9444612179317401,2.158831908831909,1.992099567099567,0.1667323417323419,2.6431932894643273,24.333333333333332,146.0,25.0,23.333333333333332,140.0,22.0,NFC North,-1,1.0,6,0.35333333333333333,0.6110000000000001,5.41,3.503181029496819,1.6666666666666667,0.6666666666666666,0.86,71.5,2.3333333333333335,1.0,0.40591467356173244,0.6391666666666667,6.6433333333333335,4.910553171954729,1.6666666666666667,1.1666666666666667,1.0,60.166666666666664,2.5,0.40591467356173244,-1.6431932894643273,2010,0.24867618210820044,0.17335621509808638,WAS vs. DET,DET,1374.6454824245968,26.0,WAS,1561.6748501137404,10.0,1,12,-2.5,1,-135.0,122.0,0,0
NYJ,7.0,5.0,0.7142857142857143,11.428571428571429,80,11.857142857142858,83,-17.942857142857143,0.8377536359371328,-26.75714285714286,-0.2787380329734159,2.026162726162726,1.3356445142159428,0.6905182119467834,4.173200008939941,22.714285714285715,159.0,29.0,15.714285714285714,110.0,21.0,AFC East,-1,7.0,49,0.5507936507936507,0.5417142857142857,6.228571428571429,4.803845589960122,1.4285714285714286,0.8571428571428571,0.7142857142857143,68.28571428571429,1.0,7.0,0.3792952145893323,0.48128571428571426,6.002857142857143,3.6873539210495734,1.4285714285714286,0.2857142857142857,0.6833333333333333,49.714285714285715,2.0,0.3792952145893323,0.8267999910600592,2010-11-07,2010,0.4053164281084673,0.24675180690578524,DET,7.0,2.0,0.2857142857142857,12.714285714285714,89,12.428571428571429,87,-19.97142857142857,-0.3805082144542871,-14.642857142857148,0.8444573813367037,2.1807844932844938,1.9307282003710573,0.2500562929134359,3.3600940158960175,26.142857142857142,183.0,30.0,23.571428571428573,165.0,26.0,NFC North,1,2.5714285714285716,18,0.38968253968253963,0.6062857142857142,5.39,3.5855837395687016,2.0,0.5714285714285714,0.8833333333333333,70.57142857142857,2.2857142857142856,1.0,0.3815403084310648,0.6289999999999999,6.3500000000000005,4.810549335359693,1.5714285714285714,1.1428571428571428,1.0,62.57142857142857,2.4285714285714284,0.3815403084310648,-1.3600940158960175,2010,0.2715845578220216,0.19809122428030143,NYJ vs. DET,DET,1449.2310078993582,19.0,NYJ,1588.8847677139163,2.0,0,-3,5.5,1,214.0,-240.0,0,0
NWE,10.0,8.0,0.8,9.6,96,10.0,100,-0.0799999999999983,0.1405581995686272,-4.609999999999999,0.0936689321496619,3.183712121212121,2.474250194250194,0.7094619269619269,5.770642280060714,28.9,289.0,43.0,24.2,242.0,41.0,AFC East,2,4.7,47,0.4261904761904762,0.6599,7.508,4.106650153591616,1.9,1.1,0.7916666666666666,49.9,0.9,9.0,0.4474991674991674,0.6990999999999999,7.108,4.0597608861726515,2.0,0.7,0.7685185185185186,44.0,1.8,0.4474991674991674,2.229357719939286,2010-11-25,2010,0.5477733145389473,0.4604036665175107,DET,10.0,2.0,0.2,12.5,125,12.2,122,-18.660000000000004,-0.5103042154457769,-11.190000000000001,0.6661410655772807,1.9582507770007773,2.02135101010101,-0.06310023310023301,4.378034174331924,23.4,234.0,39.0,23.7,237.0,37.0,NFC North,-3,-0.3,-3,0.3638447971781305,0.6046,5.624,3.455787738577212,1.9,0.5,0.8708333333333333,73.2,1.9,2.0,0.38228289426431844,0.6216999999999999,6.678,4.632233019600269,1.6,1.1,0.8333333333333334,60.6,2.1,0.38228289426431844,-2.3780341743319244,2010,0.23780533376084395,0.2008301111063269,NWE vs. DET,DET,1303.3005825893413,29.0,NWE,1692.9771396124172,1.0,0,-21,6.0,0,244.0,-275.0,0,0
GNB,12.0,8.0,0.6666666666666666,10.083333333333334,121,10.666666666666666,128,-0.983333333333332,0.19201134427638764,-34.175000000000004,0.5320200313734791,2.6131373256373256,1.4815656565656565,1.131571669071669,8.223932594094013,25.25,303.0,49.0,15.166666666666666,182.0,37.0,NFC North,1,10.083333333333334,121,0.44301456119637933,0.653,7.978333333333334,4.158103298299377,1.9166666666666667,0.75,0.7916666666666667,43.416666666666664,1.1666666666666667,8.0,0.4230866355866356,0.5735833333333333,4.551666666666667,4.498111985396468,0.9166666666666666,0.4166666666666667,0.8216666666666667,48.333333333333336,1.8333333333333333,0.4230866355866356,-0.22393259409401267,2010-12-12,2010,0.39740172375302574,0.25957974870997497,DET,12.0,2.0,0.16666666666666666,12.083333333333334,145,11.666666666666666,140,-18.391666666666666,-0.27454044348025053,-3.5416666666666674,0.5967212765962834,1.9988790145040145,2.309459175084175,-0.3105801605801605,4.955610027698874,23.166666666666668,278.0,47.0,25.5,306.0,48.0,NFC North,-5,-2.3333333333333335,-28,0.43653417289780927,0.6083333333333333,5.714166666666666,3.691551510542739,1.75,0.6666666666666666,0.8466666666666667,70.0,1.75,1.0,0.3959500309345511,0.65025,7.550833333333333,4.562813230619272,1.75,1.25,0.875,56.75,1.8333333333333333,0.3959500309345511,-2.9556100276988744,2010,0.2443024877575591,0.22983971349431787,GNB vs. DET,DET,1352.0146061080266,28.0,GNB,1535.9935000197115,4.0,1,4,7.0,1,281.0,-320.0,1,0
DET,13.0,3.0,0.23076923076923078,12.153846153846153,158,11.76923076923077,153,-21.946153846153848,-0.20203314879404471,-7.061538461538462,0.4995817973178778,1.8865392086545933,2.14955994859841,-0.2630207399438168,5.837254509207916,21.923076923076923,285.0,48.0,23.76923076923077,309.0,49.0,NFC North,1,-1.8461538461538463,-24,0.45571188071188073,0.5965384615384616,5.365384615384615,3.7640588052289443,1.6923076923076923,0.6153846153846154,0.7696969696969697,67.3076923076923,1.7692307692307692,2.0,0.3808769516318933,0.646,7.182307692307693,4.465673751340867,1.6153846153846154,1.1538461538461537,0.8888888888888888,53.92307692307692,1.9230769230769231,0.3808769516318933,-2.8372545092079164,2010-12-19,2010,0.2374935655102337,0.22572877277466669,TAM,13.0,8.0,0.6153846153846154,10.538461538461538,137,10.538461538461538,137,-9.292307692307695,0.38451553922223525,-22.60769230769231,0.7128111069398949,1.8794647660032275,2.063153726615265,-0.18368896061203757,6.639110580810058,20.0,260.0,43.0,20.53846153846154,267.0,42.0,NFC South,1,-0.5384615384615384,-7,0.517288961038961,0.5958461538461538,7.233846153846154,4.350607493245224,1.3846153846153846,0.6153846153846154,0.7916666666666666,53.53846153846154,1.3076923076923077,8.0,0.42542340766322667,0.5864615384615385,5.621538461538462,4.6789030609628846,1.6153846153846154,0.6923076923076923,0.7592592592592592,43.38461538461539,1.9230769230769231,0.42542340766322667,1.3608894191899417,2010,0.34672557272609067,0.3150799301549565,DET vs. TAM,TAM,1565.6944149642052,10.0,DET,1369.6640822988138,28.0,0,-3,-3.5,0,-197.0,177.0,0,0
DET,14.0,4.0,0.2857142857142857,11.928571428571429,167,11.428571428571429,160,-21.17142857142857,-0.009159798147132556,-6.814285714285715,0.6295846926302647,1.9343260905760906,2.2001015849230137,-0.2657754943469229,6.41931454564428,22.0,308.0,53.0,23.5,329.0,53.0,NFC North,2,-1.5,-21,0.4679943987636295,0.5971428571428571,5.493571428571428,3.956932155875857,1.6428571428571428,0.6428571428571429,0.7888888888888889,66.57142857142857,1.6428571428571428,2.0,0.38938574080104377,0.6475,7.203571428571428,4.595676646653254,1.5714285714285714,1.1428571428571428,0.9,54.714285714285715,1.7857142857142858,0.38938574080104377,-2.41931454564428,2010-12-26,2010,0.26252195426897057,0.2503465754825237,MIA,14.0,7.0,0.5,11.142857142857142,156,10.714285714285714,150,-25.49285714285714,-0.3008045463839963,-17.764285714285712,-0.5434175623306466,1.5266983016983016,1.9468666254380538,-0.4201683237397523,6.825059986412706,17.071428571428573,239.0,49.0,18.642857142857142,261.0,47.0,AFC East,-1,-1.5714285714285714,-22,0.5192583057967673,0.5929285714285715,5.327142857142857,3.6652874076389925,1.0714285714285714,0.42857142857142855,0.6944444444444443,35.92857142857143,1.8571428571428572,-8.0,0.389805762815493,0.5904285714285714,6.302142857142857,3.4226743916923428,1.2142857142857142,0.42857142857142855,0.882051282051282,43.214285714285715,1.2857142857142858,0.389805762815493,0.17494001358729427,2010,0.3180275003048431,0.29486770506600135,DET vs. MIA,MIA,1489.2689243742618,16.0,DET,1445.2191955640128,27.0,0,-7,-3.5,0,-186.0,167.0,0,0
MIN,15.0,6.0,0.4,11.266666666666667,169,10.933333333333334,164,-31.086666666666662,0.4342684082566174,-12.7,-0.12867864178063745,1.5959174159174159,2.024763014763015,-0.4288455988455989,6.159898303703901,17.866666666666667,268.0,45.0,21.866666666666667,328.0,49.0,NFC North,1,-4.0,-60,0.5577606916892631,0.6047999999999999,4.424666666666667,4.400360362279607,0.9333333333333333,1.0666666666666667,0.9743589743589743,49.6,2.4,-12.0,0.3356508306508307,0.6229333333333333,6.382666666666666,3.8374133122423517,1.6,0.6,0.6851851851851851,50.2,1.6,0.3356508306508307,-0.15989830370390123,2011-01-02,2010,0.26343375792241597,0.2756768224058979,DET,15.0,5.0,0.3333333333333333,11.866666666666667,178,11.466666666666667,172,-19.366666666666667,-0.06025686250711028,-8.273333333333333,0.6006837269975254,2.0114316239316237,2.2034281459281457,-0.19199652199652195,7.052600821250001,22.8,342.0,58.0,23.733333333333334,356.0,58.0,NFC North,3,-0.9333333333333333,-14,0.470280513137656,0.5932,5.763333333333334,3.9058350915158786,1.6666666666666667,0.6666666666666666,0.8051282051282052,65.66666666666667,1.5333333333333334,5.0,0.38564891363652976,0.6482666666666667,7.0280000000000005,4.5667756810205145,1.5333333333333334,1.2,0.9090909090909091,55.266666666666666,1.8666666666666667,0.38564891363652976,-2.0526008212500013,2010,0.28125436418258426,0.26858494277810074,MIN vs. DET,DET,1400.0,25.0,MIN,1414.0064999802885,25.0,1,7,-3.5,1,-190.0,171.0,1,0
GNB,4.0,3.0,0.75,9.75,39,10.25,41,-4.675000000000001,0.021738733807698862,-33.400000000000006,1.3988882047071696,2.7303030303030305,1.7962121212121211,0.9340909090909091,2.5962790442040755,26.5,106.0,17.0,18.25,73.0,14.0,NFC North,1,8.25,33,0.3333333333333333,0.6825,7.1475,3.987830687830688,2.0,1.0,0.8333333333333334,61.75,2.0,-1.0,0.46011904761904765,0.613,3.8200000000000003,5.364980158730159,1.0,0.5,0.8222222222222223,63.75,1.75,0.46011904761904765,0.4037209557959245,2010-10-10,2010,0.47989266825981225,0.2905615450069692,WAS,4.0,2.0,0.5,10.0,40,10.75,43,-20.549999999999997,0.17903044276181157,-11.45,-0.19282209325312827,1.8106060606060606,1.7444444444444445,0.06616161616161617,2.1298671189347105,18.25,73.0,14.0,19.75,79.0,16.0,NFC East,1,-1.5,-6,0.5555555555555555,0.55525,6.9675,4.145122396784801,0.75,0.75,0.875,48.75,0.75,3.0,0.24632867132867134,0.6605,6.565,3.7732698607698607,1.5,0.5,0.625,76.25,1.5,0.24632867132867134,-0.12986711893471048,2010,0.3386366270932128,0.2669891052153758,GNB vs. WAS,WAS,1501.574497334724,10.0,GNB,1561.7422669197383,1.0,1,3,2.5,1,136.0,-150.0,0,0
MIA,4.0,2.0,0.5,10.25,41,10.0,40,-17.224999999999998,-0.006660955236667876,-15.249999999999998,0.13932853509742427,1.6025252525252525,2.6748917748917744,-1.0723665223665224,1.8155614272048555,16.5,66.0,11.0,23.0,92.0,13.0,AFC East,-2,-6.5,-26,0.38888888888888884,0.6194999999999999,6.1875,3.959430998786321,1.25,0.25,0.5555555555555555,30.5,1.75,-3.0,0.5080808080808081,0.617,6.06,4.105420489120413,1.25,0.75,0.75,47.75,1.0,0.5080808080808081,0.18443857279514453,2010-10-17,2010,0.28066356280943044,0.25873563403960553,GNB,5.0,3.0,0.6,10.6,53,11.2,56,-9.020000000000001,1.071231419770973,-32.32000000000001,0.8116064586754235,2.3699567099567096,1.6503030303030304,0.7196536796536797,2.9756767838299414,23.8,119.0,20.0,17.8,89.0,18.0,NFC North,-1,6.0,30,0.375,0.6634,6.784000000000001,5.037323373793962,1.8,0.8,0.75,62.0,2.0,-2.0,0.39886446886446886,0.5966,4.268,4.777698412698412,1.0,0.4,0.8041666666666667,56.6,1.6,0.39886446886446886,0.024323216170058615,2010,0.3791942049939667,0.2587064924680752,MIA vs. GNB,GNB,1503.168962977846,7.0,MIA,1475.7794834620518,10.0,0,-3,-3.0,0,-153.0,138.0,0,0
MIN,5.0,2.0,0.4,11.0,55,10.8,54,-27.3,0.469238367829072,-14.059999999999999,-0.2031692809610237,1.6028438228438227,1.6422222222222225,-0.03937839937839942,2.330299091066543,17.4,87.0,14.0,17.6,88.0,14.0,NFC North,1,-0.2,-1,0.5,0.5984,4.786,4.435330321852061,1.2,0.8,1.0,60.0,2.4,-5.0,0.3962304362304362,0.6502,5.792,3.762922673061966,1.2,0.4,0.5,49.6,1.4,0.3962304362304362,-0.33029909106654287,2010-10-24,2010,0.2377302280911578,0.1902807878706237,GNB,6.0,3.0,0.5,10.5,63,11.166666666666666,67,-10.733333333333334,0.8348521273132491,-29.883333333333336,0.6563490309179958,2.3082972582972583,1.7237373737373736,0.5845598845598846,3.393616747393578,23.166666666666668,139.0,24.0,18.666666666666668,112.0,23.0,NFC North,-2,4.5,27,0.4,0.6436666666666667,6.956666666666667,4.8009440813362385,1.6666666666666667,0.8333333333333334,0.8,59.166666666666664,1.8333333333333333,-2.0,0.37084859584859586,0.5955,4.5216666666666665,4.622440984940985,1.1666666666666667,0.3333333333333333,0.8433333333333334,52.166666666666664,1.5,0.37084859584859586,-0.3936167473935779,2010,0.35596084143532836,0.2635492905720092,MIN vs. GNB,GNB,1449.235445173166,17.0,MIN,1481.7307389789828,21.0,1,4,-2.5,1,-130.0,118.0,1,0
GNB,7.0,4.0,0.5714285714285714,10.285714285714286,72,11.0,77,-11.714285714285714,0.6707421032714261,-32.81428571428572,0.7737780965613472,2.42298495155638,1.8203463203463204,0.6026386312100599,3.9839485288331096,23.857142857142858,167.0,27.0,19.428571428571427,136.0,27.0,NFC North,1,4.428571428571429,31,0.39999999999999997,0.6374285714285713,6.9628571428571435,4.636834057294416,1.7142857142857142,0.8571428571428571,0.8,53.57142857142857,1.8571428571428572,-1.0,0.3957923029351601,0.5892857142857143,4.324285714285714,4.7398700505843365,1.1428571428571428,0.5714285714285714,0.8694444444444445,50.42857142857143,1.7142857142857142,0.3957923029351601,0.01605147116689043,2010-10-31,2010,0.3758599002410834,0.30136064883396296,NYJ,6.0,5.0,0.8333333333333334,11.333333333333334,68,11.833333333333334,71,-11.216666666666667,0.9544865216201416,-24.21666666666667,-0.1834098153625896,2.363856513856514,1.4332519332519331,0.9306045806045806,4.173200008939941,26.5,159.0,29.0,16.833333333333332,101.0,18.0,AFC East,5,9.666666666666666,58,0.5466666666666666,0.5618333333333333,6.605,4.92057847564313,1.6666666666666667,1.0,0.8333333333333334,70.5,0.6666666666666666,10.0,0.37388363270716213,0.488,6.238333333333333,3.7826821386603995,1.6666666666666667,0.3333333333333333,0.6666666666666666,55.5,2.3333333333333335,0.37388363270716213,0.8267999910600592,2010,0.4852382346586806,0.24620281652366446,GNB vs. NYJ,NYJ,1659.944202645128,1.0,GNB,1503.8983054041398,10.0,0,-9,-6.5,0,-260.0,231.0,0,0
GNB,9.0,6.0,0.6666666666666666,10.333333333333334,93,11.11111111111111,100,-10.677777777777777,0.42458361923286264,-36.31111111111111,0.48593614771775634,2.5234327400994068,1.4865319865319866,1.0369007535674202,5.9664931734654125,24.555555555555557,221.0,35.0,15.88888888888889,143.0,28.0,NFC North,3,8.666666666666666,78,0.4220238095238095,0.6304444444444444,6.995555555555556,4.390675573255852,1.6666666666666667,0.7777777777777778,0.75,45.55555555555556,1.4444444444444444,6.0,0.3977855477855478,0.5754444444444444,4.16,4.452028101740746,1.0,0.4444444444444444,0.7452380952380953,49.77777777777778,2.111111111111111,0.3977855477855478,0.033506826534587475,2010-11-21,2010,0.3777452078001321,0.2499313234921872,MIN,9.0,3.0,0.3333333333333333,11.0,99,10.555555555555555,95,-28.22222222222222,0.39693026262241604,-12.233333333333333,-0.29691097244578235,1.7304972804972805,2.0961279461279463,-0.36563066563066565,3.7193840402939062,18.77777777777778,169.0,29.0,21.666666666666668,195.0,28.0,NFC North,-1,-2.888888888888889,-26,0.5483630952380952,0.6194444444444445,4.855555555555556,4.363022216645406,1.2222222222222223,0.8888888888888888,0.9583333333333334,51.0,2.5555555555555554,-11.0,0.3482745649412316,0.6295555555555556,6.49,3.669180981577207,1.4444444444444444,0.6666666666666666,0.6333333333333333,52.22222222222222,1.3333333333333333,0.3482745649412316,-0.7193840402939062,2010,0.2695149975661916,0.23842952850499485,GNB vs. MIN,MIN,1481.7307389789828,21.0,GNB,1449.235445173166,17.0,0,-28,3.0,0,133.0,-147.0,1,0
SFO,11.0,4.0,0.36363636363636365,11.090909090909092,122,11.363636363636363,125,-23.772727272727273,0.03944720889015052,-14.209090909090907,-0.5576705818101169,1.545016599562054,1.8188508461235735,-0.27383424656151933,4.875550693587515,17.0,187.0,32.0,20.454545454545453,225.0,42.0,NFC West,1,-3.4545454545454546,-38,0.5319047619047619,0.5725454545454546,5.993636363636364,4.00553916291314,1.0909090909090908,0.6363636363636364,0.8125,65.0,1.7272727272727273,-5.0,0.3514031719914073,0.6332727272727273,6.24,3.4084213722128722,1.3636363636363635,0.5454545454545454,0.8333333333333333,55.0,1.2727272727272727,0.3514031719914073,-0.875550693587515,2010-12-05,2010,0.24141756915439608,0.27871045154132684,GNB,11.0,7.0,0.6363636363636364,10.090909090909092,111,10.727272727272727,118,-3.963636363636363,0.2063843713945128,-33.70909090909091,0.5401128564921662,2.5416043552407186,1.4707988980716253,1.0708054571690935,7.367442440629682,24.454545454545453,269.0,43.0,15.090909090909092,166.0,33.0,NFC North,-1,9.363636363636363,103,0.45095238095238094,0.6487272727272727,7.691818181818181,4.172476325417502,1.8181818181818181,0.7272727272727273,0.8055555555555556,43.72727272727273,1.2727272727272727,7.0,0.4070036024581479,0.5893636363636364,4.430909090909091,4.506204810515156,0.9090909090909091,0.45454545454545453,0.8018518518518518,49.81818181818182,1.9090909090909092,0.4070036024581479,-0.3674424406296817,2010,0.3744471540154985,0.24489553117043178,SFO vs. GNB,GNB,1583.524900541618,8.0,SFO,1460.6693006861292,23.0,1,18,-9.0,1,-420.0,361.0,0,0
GNB,13.0,8.0,0.6153846153846154,10.307692307692308,134,10.846153846153847,141,-4.699999999999998,0.12600339825335863,-36.51538461538461,0.542484212609398,2.429878241416703,1.409019185942263,1.0208590554744401,8.34228811258497,23.53846153846154,306.0,50.0,14.538461538461538,189.0,38.0,NFC North,-1,9.0,117,0.41998556998556996,0.6485384615384615,7.576923076923077,4.092095352276347,1.7692307692307692,0.6923076923076923,0.8106060606060606,41.61538461538461,1.3076923076923077,7.0,0.4033620225927918,0.5644615384615385,4.292307692307692,4.508576166632387,0.9230769230769231,0.38461538461538464,0.746969696969697,47.30769230769231,1.8461538461538463,0.4033620225927918,-0.3422881125849706,2010-12-19,2010,0.36330975566633267,0.24167651485093897,NWE,13.0,11.0,0.8461538461538461,9.615384615384615,125,10.0,130,8.830769230769231,0.0995983585453717,-17.26153846153846,0.15973537698460766,3.449009324009324,2.1505887275118045,1.2984205964975195,8.564851228529925,31.923076923076923,415.0,63.0,21.23076923076923,276.0,47.0,AFC East,5,10.692307692307692,139,0.466991341991342,0.675076923076923,8.736923076923077,4.0656903125683606,2.230769230769231,1.2307692307692308,0.8484848484848485,46.30769230769231,0.6923076923076923,18.0,0.4620438940276997,0.658076923076923,5.988461538461538,4.1258273310075975,1.6153846153846154,0.7692307692307693,0.7196969696969697,45.53846153846154,2.076923076923077,0.4620438940276997,2.4351487714700752,2010,0.5984088446785322,0.4014508829935465,GNB vs. NWE,NWE,1788.030075202282,1.0,GNB,1529.2943152242658,10.0,1,4,-14.0,0,-950.0,736.0,0,0
NYG,14.0,9.0,0.6428571428571429,12.071428571428571,169,12.071428571428571,169,-12.721428571428572,0.7969989975524179,-26.1,0.210744420775791,2.1617172510029654,1.7493609565038137,0.4123562944991516,8.576637505141802,25.714285714285715,360.0,61.0,20.571428571428573,288.0,49.0,NFC East,-1,5.142857142857143,72,0.47512423473961934,0.6327857142857143,6.375,4.763090951575407,2.0,1.1428571428571428,0.893939393939394,50.57142857142857,2.5,-1.0,0.35883465274221577,0.5665,5.350714285714285,4.17683637479878,1.2857142857142858,0.6428571428571429,0.882051282051282,60.214285714285715,2.4285714285714284,0.35883465274221577,0.423362494858198,2010-12-26,2010,0.3718618394701395,0.2779986315503177,GNB,14.0,8.0,0.5714285714285714,10.428571428571429,146,10.714285714285714,150,-4.549999999999998,0.10250786557196537,-33.50714285714286,0.7249073435642275,2.4170297956012243,1.5544067044067043,0.8626230911945197,8.761157521693953,23.785714285714285,333.0,55.0,15.714285714285714,220.0,42.0,NFC North,-2,8.071428571428571,113,0.4527677450754374,0.6485714285714286,7.500714285714286,4.068599819594954,1.8571428571428572,0.6428571428571429,0.8263888888888888,39.714285714285715,1.3571428571428572,5.0,0.41590383300909617,0.5687857142857143,4.509285714285714,4.690999297587217,1.0,0.42857142857142855,0.7680555555555556,47.642857142857146,1.7142857142857142,0.41590383300909617,-0.7611575216939528,2010,0.35623108429884176,0.24477684956612097,NYG vs. GNB,GNB,1510.8931765427117,11.0,NYG,1601.1075357512052,9.0,1,28,-3.0,1,-154.0,139.0,0,0
GNB,16.0,10.0,0.625,10.6875,171,10.9375,175,-2.2312499999999984,-0.030523633616534374,-35.5,0.7501395742229683,2.383330558330558,1.4574616355866357,0.9258689227439227,10.616113741746304,24.25,388.0,64.0,15.0,240.0,46.0,NFC North,2,9.25,148,0.4841447441447441,0.6521875,7.81125,3.9355683204064547,1.9375,0.6875,0.8511904761904762,38.5625,1.375,10.0,0.40412564409274937,0.5635,4.284375,4.716231528245958,1.0,0.375,0.8011904761904762,47.375,2.0,0.40412564409274937,-0.6161137417463038,2011-01-09,2010,0.35985698849716247,0.23630670281416785,PHI,16.0,10.0,0.625,11.625,186,11.6875,187,-7.825,1.5184966617467452,-21.525,0.16411408460417246,2.3903544372294374,2.0278644966144967,0.3624899406149406,8.826151345033162,27.4375,439.0,78.0,23.5625,377.0,61.0,NFC East,-2,3.875,62,0.47010767010767013,0.6245625,7.293125000000001,5.484588615769734,1.75,1.125,0.8369047619047619,68.8125,1.5625,9.0,0.39408993783993784,0.5710625,5.8525,4.130206038627161,1.9375,0.75,0.8666666666666667,45.25,2.125,0.39408993783993784,1.1738486549668377,2010,0.45012103329550185,0.3297475828719844,GNB vs. PHI,PHI,1500.0,1.0,GNB,1500.0,1.0,0,-7,3.0,0,125.0,-138.0,0,0
HOU,1.0,1.0,1.0,9.0,9,10.0,10,-34.7,2.1529556650246295,8.700000000000003,0.43390804597701127,3.7777777777777777,2.4,1.3777777777777778,0.6953998064617208,34.0,34.0,6.0,24.0,24.0,4.0,AFC South,1,10.0,10,0.5,0.529,4.29,6.119047619047619,1.0,3.0,1.0,50.0,1.0,0.0,0.5454545454545454,0.7020000000000001,8.4,4.4,3.0,0.0,1.0,73.0,1.0,0.5454545454545454,0.30460019353827916,2010-09-19,2010,0.8697334623588527,0.12184007741531167,WAS,1.0,1.0,1.0,9.0,9,9.0,9,-37.9,-0.09652673663168487,-13.099999999999994,0.7157262277951926,1.4444444444444444,0.7777777777777778,0.6666666666666666,0.8126196907175841,13.0,13.0,2.0,7.0,7.0,1.0,NFC East,1,6.0,6,0.5,0.469,5.03,3.869565217391304,0.0,0.0,1.0,42.0,0.0,1.0,0.23076923076923078,0.6459999999999999,6.19,4.681818181818182,1.0,0.0,0.0,81.0,1.0,0.23076923076923078,0.1873803092824159,2010,0.2638622909516479,0.020820034364712876,HOU vs. WAS,WAS,1550.0,1.0,HOU,1550.0,1.0,0,-3,2.5,0,129.0,-143.0,0,0
HOU,3.0,2.0,0.6666666666666666,10.0,30,9.666666666666666,29,-16.166666666666668,0.7579340200029848,17.566666666666666,-0.8995705306388205,2.574074074074074,2.7431818181818186,-0.16910774410774412,1.4078095124938035,25.666666666666668,77.0,15.0,26.0,78.0,14.0,AFC South,-1,-0.3333333333333333,-1,0.5,0.6596666666666667,6.046666666666666,4.724025974025974,1.6666666666666667,1.0,0.9166666666666666,42.333333333333336,1.6666666666666667,-4.0,0.4728234728234728,0.7353333333333333,10.110000000000001,3.066521423384169,2.0,1.0,0.8333333333333334,60.0,0.3333333333333333,0.4728234728234728,0.5921904875061965,2010-10-03,2010,0.5986984145843661,0.4171341014377788,LVR,3.0,1.0,0.3333333333333333,12.333333333333334,37,11.333333333333334,34,-35.06666666666667,0.5625987996677647,-3.999999999999995,0.5021620142309793,1.3935786435786435,2.2424242424242427,-0.8488455988455987,1.1262240453789476,17.333333333333332,52.0,12.0,25.333333333333332,76.0,11.0,AFC West,-1,-8.0,-24,0.25,0.541,4.636666666666667,4.5286907536907535,1.0,0.3333333333333333,0.6388888888888888,96.66666666666667,1.6666666666666667,0.0,0.29757236227824463,0.5956666666666667,6.583333333333333,4.468253968253968,2.0,1.0,0.6666666666666666,92.33333333333333,1.6666666666666667,0.29757236227824463,-0.1262240453789476,2010,0.3106784815806543,0.20207387745913308,HOU vs. LVR,LVR,1447.9853938919734,19.0,HOU,1525.527670641467,4.0,0,-7,3.5,0,162.0,-180.0,0,0
NYG,4.0,2.0,0.5,11.75,47,12.25,49,-19.65,0.8674149904214552,-23.575000000000006,-0.20519374547695002,1.5188492063492065,1.9636363636363636,-0.44478715728715734,1.9277424871860138,18.0,72.0,12.0,22.0,88.0,15.0,NFC East,1,-4.0,-16,0.5,0.62925,5.8525,4.833506944444444,1.25,1.0,0.611111111111111,62.5,3.25,-4.0,0.3449675324675325,0.59275,4.8725000000000005,3.760898208546039,1.25,0.75,1.0,59.5,2.25,0.3449675324675325,0.07225751281398618,2010-10-10,2010,0.25993133060514806,0.2351217484296418,HOU,4.0,3.0,0.75,10.5,42,10.5,42,-12.475000000000001,1.3060941931631582,7.0,-0.4862008864848627,2.576388888888889,2.518924825174825,0.05746406371406371,2.054965684060499,27.0,108.0,20.0,25.5,102.0,18.0,AFC South,1,1.5,6,0.4444444444444444,0.63275,6.534999999999999,5.272186147186147,1.75,1.25,0.8125,38.25,1.25,-1.0,0.47000222000222,0.70525,8.8325,3.4798910675381265,2.0,1.0,0.875,50.75,1.0,0.47000222000222,0.9450343159395009,2010,0.5886945614213691,0.42268224813637506,NYG vs. HOU,HOU,1564.5501067406503,1.0,NYG,1513.770479695154,10.0,0,-24,-3.0,0,-175.0,158.0,0,0
KAN,4.0,3.0,0.75,11.25,45,11.75,47,-26.475,0.6026402397092049,-24.925,-0.8255889735033234,1.671969696969697,1.2745726495726495,0.3973970473970474,2.383128200570769,19.25,77.0,13.0,14.25,57.0,11.0,AFC West,-1,5.0,20,0.16666666666666666,0.5427500000000001,5.3925,4.568732193732194,1.0,0.5,0.75,35.75,1.0,1.0,0.25606060606060604,0.55475,5.8925,3.1405029805196656,1.0,0.5,0.6666666666666666,52.0,1.25,0.25606060606060604,0.616871799429231,2010-10-17,2010,0.33344074106988886,0.21162547762617842,HOU,5.0,3.0,0.6,10.8,54,10.8,54,-19.98,0.5716569637259287,3.419999999999999,-0.450929099992488,2.227777777777778,2.5818065268065267,-0.35402874902874903,2.1071020581584325,23.6,118.0,22.0,27.2,136.0,24.0,AFC South,-1,-3.6,-18,0.4583333333333333,0.6004,5.97,4.537748917748917,1.4,1.2,0.85,44.0,1.4,-1.0,0.41236541236541235,0.6928,8.338000000000001,3.515162854030501,2.2,1.0,0.9,57.4,1.2,0.41236541236541235,0.8928979418415675,2010,0.480162054520424,0.4349242614970282,KAN vs. HOU,HOU,1507.2939250280094,7.0,KAN,1546.9254200250562,5.0,1,4,-4.5,0,-222.0,199.0,0,0
HOU,6.0,4.0,0.6666666666666666,10.5,63,10.5,63,-13.0,0.8153654774344424,6.383333333333333,-0.03678957566423816,2.5046296296296298,2.725579513079513,-0.2209498834498835,2.678516709199469,25.5,153.0,27.0,27.833333333333332,167.0,29.0,AFC South,1,-2.3333333333333335,-14,0.5166666666666666,0.6266666666666667,6.636666666666666,4.781457431457432,1.5,1.5,0.85,45.5,1.1666666666666667,-1.0,0.426971176971177,0.6923333333333334,8.38,3.929302378358751,2.3333333333333335,1.0,0.9166666666666666,53.666666666666664,1.0,0.426971176971177,1.321483290800531,2010-11-01,2010,0.5229630922000379,0.48498152231009356,IND,6.0,4.0,0.6666666666666666,10.5,63,10.833333333333334,65,5.599999999999999,-0.30228447847814177,-16.98333333333333,0.5997590159946476,2.6414622414622415,2.0308321308321307,0.6106301106301107,3.932422724011221,27.166666666666668,163.0,28.0,20.833333333333332,125.0,23.0,AFC South,2,6.333333333333333,38,0.6866666666666666,0.6775000000000001,8.361666666666666,3.6638074755448478,2.1666666666666665,0.8333333333333334,0.9,41.666666666666664,1.3333333333333333,1.0,0.4326882268058738,0.6148333333333333,5.89,4.565850970017636,1.1666666666666667,1.1666666666666667,0.85,45.166666666666664,1.5,0.4326882268058738,0.06757727598877894,2010,0.44945016859176135,0.29885712140446646,HOU vs. IND,IND,1500.0,1.0,HOU,1500.0,1.0,1,13,-5.5,1,-230.0,205.0,1,0
LAC,8.0,3.0,0.375,11.625,93,10.375,83,1.612499999999999,0.09668123147625596,-28.1625,-0.5250956148358603,2.379249222999223,2.136679292929293,0.24256993006992997,4.3315028200411065,26.25,210.0,35.0,21.75,174.0,26.0,AFC West,1,4.5,36,0.6187074829931972,0.6625,8.60375,4.062773185499245,1.875,1.125,0.8333333333333333,49.625,2.375,-8.0,0.44732142857142854,0.554875,5.03625,3.4409963391871288,1.0,0.625,1.0,48.125,1.375,0.44732142857142854,-1.3315028200411065,2010-11-07,2010,0.31370618454107696,0.22195922692610126,HOU,7.0,4.0,0.5714285714285714,10.571428571428571,74,10.285714285714286,72,-15.685714285714285,0.9894429872262379,3.8999999999999995,-0.05220011951140657,2.3676046176046173,2.8124014874014875,-0.4447968697968699,2.885021782025769,24.285714285714285,170.0,30.0,28.142857142857142,197.0,34.0,AFC South,-1,-3.857142857142857,-27,0.5416666666666666,0.6198571428571429,6.282857142857142,4.955534941249227,1.4285714285714286,1.4285714285714286,0.875,43.285714285714285,1.2857142857142858,-3.0,0.40493633350776204,0.676,8.131428571428572,3.9138918345115825,2.2857142857142856,0.8571428571428571,0.9285714285714286,55.857142857142854,0.8571428571428571,0.40493633350776204,1.114978217974231,2010,0.46997943347341103,0.47997868930778537,LAC vs. HOU,HOU,1520.0393913055316,10.0,LAC,1464.451677043392,18.0,0,-6,3.0,0,123.0,-136.0,0,0
HOU,8.0,4.0,0.5,10.5,84,10.125,81,-16.65,0.8847070019230256,8.062499999999998,-0.17124429113304668,2.3591540404040403,2.8636290792540793,-0.504475038850039,3.2510324087130313,24.125,193.0,35.0,28.25,226.0,38.0,AFC South,-2,-4.125,-33,0.5178571428571429,0.624375,6.3062499999999995,4.850798955946015,1.25,1.5,0.8928571428571429,41.75,1.25,-2.0,0.4120115995115995,0.683875,8.88125,3.7948476628899424,2.5,0.75,0.9285714285714286,56.625,1.0,0.4120115995115995,0.7489675912869687,2010-11-14,2010,0.4556753953795296,0.45441476615571724,JAX,8.0,4.0,0.5,10.375,83,10.0,80,-8.85,0.12005994967327227,8.537500000000003,0.25222442258286126,2.0059343434343435,2.9142045454545458,-0.908270202020202,3.0136831090507297,20.625,165.0,31.0,28.25,226.0,36.0,AFC South,1,-7.625,-61,0.3619047619047619,0.663625,6.635,4.086151903696262,1.875,0.375,1.0,45.5,2.25,-7.0,0.3976038667215138,0.67625,8.91375,4.21831637660585,2.125,1.375,1.0,52.25,1.375,0.3976038667215138,0.9863168909492703,2010,0.4195419030413063,0.44923032511589644,HOU vs. JAX,JAX,1475.5209158320868,13.0,HOU,1462.1072437827747,15.0,1,7,-1.0,1,-111.0,101.0,1,0
HOU,9.0,4.0,0.4444444444444444,10.333333333333334,93,10.11111111111111,91,-12.455555555555556,0.7743007687226748,10.71111111111111,-0.08363477219489217,2.3933221099887767,2.889892514892515,-0.4965704049037384,3.6038762371463355,24.11111111111111,217.0,39.0,28.555555555555557,257.0,43.0,AFC South,-3,-4.444444444444445,-40,0.515625,0.6314444444444445,6.834444444444444,4.740392722745664,1.3333333333333333,1.4444444444444444,0.90625,42.55555555555556,1.2222222222222223,-3.0,0.41067697734364406,0.6938888888888889,9.206666666666667,3.8824571818280966,2.4444444444444446,0.8888888888888888,0.8541666666666666,57.22222222222222,0.8888888888888888,0.41067697734364406,0.39612376285366446,2010-11-21,2010,0.4378122183408517,0.4408221267432327,NYJ,9.0,7.0,0.7777777777777778,11.777777777777779,106,11.777777777777779,106,-17.54444444444444,0.6023311591558712,-23.211111111111112,-0.31307065034951154,1.9991847658514326,1.4260400093733425,0.5731447564780898,5.40588861674298,23.11111111111111,208.0,39.0,16.666666666666668,150.0,28.0,AFC East,2,6.444444444444445,58,0.4956845238095238,0.5522222222222222,6.408888888888889,4.56842311317886,1.4444444444444444,0.8888888888888888,0.7111111111111111,71.88888888888889,1.1111111111111112,6.0,0.39594349006113716,0.49899999999999994,6.247777777777777,3.6530213036734773,1.4444444444444444,0.4444444444444444,0.736111111111111,55.77777777777778,1.7777777777777777,0.39594349006113716,1.5941113832570197,2010,0.43309260371805425,0.2815881747706463,HOU vs. NYJ,NYJ,1658.4764216019137,1.0,HOU,1414.036667824635,16.0,1,3,-6.5,0,-275.0,244.0,0,0
TEN,10.0,5.0,0.5,11.2,112,11.7,117,-8.239999999999998,0.4633825866505247,-24.490000000000002,-0.08586014448555308,2.3783383283383284,1.6782822732822733,0.7000560550560551,5.836051541691202,25.7,257.0,44.0,19.8,198.0,43.0,AFC South,-3,5.9,59,0.5181657848324515,0.5952,7.223000000000001,4.429474540673514,1.5,1.0,0.9666666666666666,69.4,1.8,3.0,0.36359598734598736,0.633,5.039,3.880231809537436,1.2,0.4,0.8333333333333334,70.5,2.1,0.36359598734598736,-0.8360515416912024,2010-11-28,2010,0.3600122608621313,0.30004255017716097,HOU,10.0,4.0,0.4,10.5,105,10.4,104,-12.09,0.6733384195250315,9.48,-0.1396224258615728,2.378989898989899,2.8316724941724942,-0.4526825951825953,4.041772489390132,24.4,244.0,44.0,28.7,287.0,49.0,AFC South,-4,-4.3,-43,0.5447530864197531,0.6259,6.956999999999999,4.639430373548021,1.3,1.5,0.9166666666666666,40.8,1.2,-2.0,0.4029426129426129,0.6824,9.11,3.8264695281614167,2.5,0.8,0.8425925925925926,55.4,1.0,0.4029426129426129,-0.041772489390131895,2010,0.4172971528255564,0.42207033463450344,TEN vs. HOU,HOU,1394.3676129416976,21.0,TEN,1438.9436075846604,15.0,1,20,-5.0,1,-200.0,180.0,1,0
HOU,11.0,5.0,0.45454545454545453,10.363636363636363,114,10.363636363636363,114,-11.036363636363637,0.6898004601581952,1.9545454545454546,-0.30566511023988335,2.3647382920110194,2.5742477219749946,-0.2095094299639755,5.040947970369919,24.0,264.0,48.0,26.09090909090909,287.0,49.0,AFC South,1,-2.090909090909091,-23,0.5402777777777777,0.6339090909090909,6.83909090909091,4.655892414181184,1.3636363636363635,1.3636363636363635,0.925,43.27272727272727,1.0909090909090908,1.0,0.41176601176601174,0.6701818181818182,8.290909090909091,3.6604268437831062,2.272727272727273,0.7272727272727273,0.8425925925925926,57.54545454545455,1.1818181818181819,0.41176601176601174,-0.04094797036991871,2010-12-02,2010,0.41948524515330454,0.3891495609664067,PHI,11.0,7.0,0.6363636363636364,11.363636363636363,125,11.818181818181818,130,-1.3272727272727267,1.3874125879393555,-25.281818181818185,0.05666183724156782,2.478610783156238,1.9771102634739,0.5015005196823379,6.276109803646025,28.181818181818183,310.0,56.0,23.363636363636363,257.0,43.0,NFC East,-1,4.818181818181818,53,0.488095238095238,0.6390909090909092,8.011818181818184,5.353504541962345,1.7272727272727273,1.1818181818181819,0.8574074074074074,75.0,1.0909090909090908,14.0,0.4058663558663559,0.5626363636363636,5.458181818181818,4.022753791264557,2.0,0.7272727272727273,0.9,45.90909090909091,2.3636363636363638,0.4058663558663559,0.7238901963539748,2010,0.47748207345150734,0.32246662828197264,HOU vs. PHI,PHI,1612.481128275734,8.0,HOU,1450.7476455768715,17.0,1,10,-8.5,1,-365.0,318.0,0,0
HOU,13.0,5.0,0.38461538461538464,10.384615384615385,135,10.307692307692308,134,-11.715384615384616,0.6811478348457591,2.0384615384615383,-0.3618448368696449,2.3855477855477853,2.7012865339788417,-0.3157387484310562,5.732498462505417,24.307692307692307,316.0,57.0,27.307692307692307,355.0,58.0,AFC South,-2,-3.0,-39,0.5588173400673401,0.6218461538461538,6.897692307692308,4.647239788868748,1.5384615384615385,1.2307692307692308,0.9097222222222222,42.46153846153846,1.2307692307692308,-2.0,0.4244857706396168,0.6696923076923077,8.241538461538461,3.6042471171533443,2.230769230769231,0.8461538461538461,0.8583333333333334,56.38461538461539,1.0769230769230769,0.4244857706396168,-0.7324984625054167,2010-12-19,2010,0.39843167386734546,0.3751521751863868,TEN,13.0,5.0,0.38461538461538464,10.846153846153847,141,11.0,143,-16.03076923076923,0.2805368135280654,-18.307692307692307,-0.026899227546906983,2.0829875252952177,1.8817983298752528,0.20118919541996466,6.3733785756782355,22.384615384615383,291.0,50.0,20.384615384615383,265.0,56.0,AFC South,-6,2.0,26,0.5090788840788841,0.5889230769230769,6.338461538461539,4.246628767551055,1.3846153846153846,0.8461538461538461,0.9696969696969696,64.0,1.9230769230769231,-4.0,0.3496192909654448,0.6534615384615385,5.566923076923077,3.939192726476082,1.2307692307692308,0.5384615384615384,0.8205128205128205,66.46153846153847,1.6153846153846154,0.3496192909654448,-1.3733785756782355,2010,0.31714733836120473,0.32011339416999396,HOU vs. TEN,TEN,1438.9436075846604,15.0,HOU,1394.3676129416976,21.0,1,14,-2.0,1,-121.0,110.0,1,0
JAX,15.0,8.0,0.5333333333333333,10.466666666666667,157,10.266666666666667,154,-12.633333333333333,0.4823341558671102,-0.7199999999999984,0.44204308053309815,2.157937062937063,2.5635053835053836,-0.4055683205683206,6.910550603032014,22.4,336.0,59.0,25.666666666666668,385.0,64.0,AFC South,-2,-3.2666666666666666,-49,0.4154868940583226,0.6448666666666667,6.383333333333334,4.448426109890099,1.6666666666666667,0.8666666666666667,0.869047619047619,44.0,2.066666666666667,-13.0,0.40974336121394944,0.6416000000000001,8.126666666666667,4.408135034556087,1.8,1.0666666666666667,0.9583333333333334,46.666666666666664,1.2,0.40974336121394944,1.0894493969679857,2011-01-02,2010,0.40309023966926166,0.4180626672753035,HOU,15.0,5.0,0.3333333333333333,10.333333333333334,155,10.2,153,-11.48,0.4549204975776978,0.8933333333333338,-0.26119899794463625,2.3341414141414143,2.7255594405594405,-0.3914180264180265,6.401364477892109,23.733333333333334,356.0,65.0,27.333333333333332,410.0,67.0,AFC South,-4,-3.6,-54,0.5217649414077986,0.6286,6.9093333333333335,4.421012451600687,1.5333333333333334,1.1333333333333333,0.9226190476190476,42.8,1.2,-2.0,0.4018620268620269,0.6560666666666666,8.362,3.704892956078353,2.1333333333333333,1.0,0.8819444444444445,55.733333333333334,1.0666666666666667,0.4018620268620269,-1.401364477892109,2010,0.380176907069683,0.36780330282406476,JAX vs. HOU,HOU,1462.1072437827747,15.0,JAX,1475.5209158320868,13.0,1,17,-4.5,1,-208.0,186.0,1,0
NYG,1.0,1.0,1.0,12.0,12,14.0,14,-12.799999999999997,-0.6883141762452114,-73.2,-0.2577586206896556,2.5833333333333335,1.2857142857142858,1.2976190476190477,0.7838709312268021,31.0,31.0,5.0,18.0,18.0,4.0,NFC East,1,13.0,13,0.5,0.667,6.1,3.2777777777777777,3.0,1.0,1.0,95.0,4.0,1.0,0.35714285714285715,0.4,0.94,3.7083333333333335,1.0,0.0,1.0,63.0,5.0,0.35714285714285715,0.21612906877319793,2010-09-19,2010,0.5067204453221658,0.061751162506627974,IND,1.0,0.0,0.0,10.0,10,9.0,9,8.700000000000003,0.43390804597701127,-34.7,2.1529556650246295,2.4,3.7777777777777777,-1.3777777777777778,0.30460019353827916,24.0,24.0,4.0,34.0,34.0,6.0,AFC South,-1,-10.0,-10,0.5,0.7020000000000001,8.4,4.4,3.0,0.0,1.0,73.0,1.0,0.0,0.3333333333333333,0.529,4.29,6.119047619047619,1.0,3.0,1.0,50.0,1.0,0.3333333333333333,-0.30460019353827916,2010,0.27815992258468836,-0.2030667956921861,NYG vs. IND,IND,1450.0,17.0,NYG,1550.0,1.0,1,24,-4.0,1,-207.0,186.0,0,0
IND,3.0,2.0,0.6666666666666666,10.666666666666666,32,10.666666666666666,32,20.866666666666664,-0.6530546037763364,-21.366666666666664,0.5439609560299208,2.7696969696969695,2.042087542087542,0.7276094276094277,2.068532110899507,29.666666666666668,89.0,14.0,20.333333333333332,61.0,11.0,AFC South,2,9.333333333333334,28,0.75,0.6996666666666668,9.756666666666666,3.3130373502466526,3.0,0.3333333333333333,1.0,51.666666666666664,0.6666666666666666,4.0,0.3751803751803752,0.5733333333333334,5.876666666666666,4.51005291005291,1.3333333333333333,1.0,1.0,45.0,2.0,0.3751803751803752,-0.06853211089950717,2010-10-03,2010,0.4275057338271552,0.2213140289594315,JAX,3.0,1.0,0.3333333333333333,10.333333333333334,31,11.0,33,-25.2,-0.21833868604913276,7.000000000000004,0.5808921729611382,1.3737373737373737,2.495959595959596,-1.122222222222222,0.7716110902761804,13.333333333333334,40.0,8.0,27.666666666666668,83.0,13.0,AFC South,-2,-14.333333333333334,-43,0.25,0.6046666666666667,4.590000000000001,3.7477532679738563,1.3333333333333333,0.0,1.0,49.0,2.3333333333333335,-2.0,0.3647058823529412,0.6476666666666667,9.436666666666667,4.546984126984127,2.3333333333333335,1.3333333333333333,1.0,59.666666666666664,1.6666666666666667,0.3647058823529412,0.22838890972381964,2010,0.27771087395473715,0.2926167255192894,IND vs. JAX,JAX,1438.008106127738,19.0,IND,1564.0064999802885,4.0,1,3,7.0,1,254.0,-288.0,1,0
KAN,3.0,3.0,1.0,11.666666666666666,35,12.666666666666666,38,-25.066666666666666,0.7304892425582078,-21.566666666666666,-0.8217653993516069,1.9292929292929293,0.9957264957264957,0.9335664335664337,2.2376975276020707,22.666666666666668,68.0,10.0,12.666666666666666,38.0,6.0,AFC West,3,10.0,30,0.0,0.5396666666666667,5.489999999999999,4.696581196581197,1.3333333333333333,0.6666666666666666,0.75,35.0,1.0,1.0,0.30808080808080807,0.5426666666666666,6.3500000000000005,3.144326554671382,1.3333333333333333,0.3333333333333333,0.5,54.333333333333336,1.3333333333333333,0.30808080808080807,0.7623024723979293,2010-10-10,2010,0.35831452118075513,0.1453843406525226,IND,4.0,2.0,0.5,10.0,40,10.25,41,15.349999999999998,-0.7181560466011574,-9.099999999999998,0.6593048713738364,2.952272727272727,2.3926767676767677,0.5595959595959596,2.5085166053269496,29.25,117.0,18.0,23.0,92.0,16.0,AFC South,-1,6.25,25,0.611111111111111,0.7040000000000001,9.1825,3.247935907421832,2.75,0.75,1.0,47.5,1.0,2.0,0.45638528138528134,0.6232500000000001,6.715,4.625396825396825,1.5,1.25,1.0,45.0,1.5,0.45638528138528134,-0.5085166053269496,2010,0.3927918819007182,0.2430715506998098,KAN vs. IND,IND,1496.6290844145808,10.0,KAN,1613.0839817871451,1.0,1,10,-7.5,1,-355.0,310.0,0,0
IND,5.0,3.0,0.6,9.8,49,10.2,51,5.2799999999999985,-0.7419367764726206,-13.419999999999998,0.5712625433315084,2.784040404040404,2.094141414141414,0.68989898989899,3.3630859323582514,27.2,136.0,23.0,20.2,101.0,19.0,AFC South,1,7.0,35,0.7083333333333333,0.6814,8.25,3.2241551775503687,2.2,0.8,1.0,47.0,1.0,2.0,0.45922587216704863,0.609,6.392,4.537354497354498,1.2,1.0,0.9375,43.6,1.4,0.45922587216704863,-0.3630859323582514,2010-10-17,2010,0.43530213696228665,0.2709857540595813,WAS,5.0,3.0,0.6,11.0,55,11.4,57,-22.04,-0.16427975088086288,-14.440000000000001,0.899582758122311,1.6618181818181816,1.5812698412698414,0.08054834054834055,2.750469379308845,17.8,89.0,18.0,18.4,92.0,19.0,NFC East,2,-0.6,-3,0.6041666666666666,0.5504,6.786,3.801812203142126,0.8,0.6,0.85,44.6,0.8,4.0,0.25588646647470176,0.6458,6.318,4.8656747121453,1.4,0.4,0.6,73.6,1.6,0.25588646647470176,0.24953062069115495,2010,0.34360564062705745,0.2833020413794103,IND vs. WAS,WAS,1560.1478012766163,7.0,IND,1562.7876461766698,7.0,0,-3,3.0,0,148.0,-164.0,0,0
IND,7.0,5.0,0.7142857142857143,10.285714285714286,72,10.857142857142858,76,3.2285714285714278,-0.2797671790661811,-19.099999999999998,0.804637448849271,2.7403009688723974,1.96149247577819,0.7788084930942075,4.725917651184921,27.571428571428573,193.0,33.0,20.285714285714285,142.0,26.0,AFC South,3,7.285714285714286,51,0.6833333333333332,0.6632857142857143,8.115714285714285,3.686324774956808,2.142857142857143,0.7142857142857143,0.9166666666666666,45.57142857142857,1.1428571428571428,3.0,0.43754228964312997,0.6097142857142857,5.642857142857143,4.77072940287226,1.1428571428571428,1.1428571428571428,0.875,43.0,1.5714285714285714,0.43754228964312997,0.274082348815079,2010-11-07,2010,0.4762792014105111,0.3066280847165264,PHI,7.0,4.0,0.5714285714285714,11.571428571428571,81,11.714285714285714,82,-4.185714285714285,1.0754919249409782,-29.08571428571429,-0.07113442095455362,2.128293135435993,1.883810633810634,0.2444825016253587,3.727955483505015,24.571428571428573,172.0,30.0,22.428571428571427,157.0,27.0,NFC East,-1,2.142857142857143,15,0.3833333333333333,0.6341428571428571,7.517142857142858,5.0415838789639675,1.7142857142857142,1.0,0.7833333333333333,75.28571428571429,1.2857142857142858,7.0,0.4086429443572301,0.5371428571428571,4.9399999999999995,3.8949575330684354,1.8571428571428572,0.5714285714285714,0.8571428571428571,42.142857142857146,2.2857142857142856,0.4086429443572301,0.2720445164949852,2010,0.3847642601320098,0.2950264842253739,IND vs. PHI,PHI,1532.1170668741486,10.0,IND,1655.3411046519204,2.0,1,2,-3.5,0,-162.0,146.0,0,0
IND,9.0,6.0,0.6666666666666666,10.555555555555555,95,10.88888888888889,98,-4.7444444444444445,-0.3525389791363277,-18.34444444444444,0.8434000905048977,2.5858906525573193,1.9719015552348889,0.6139890973224307,5.850449089487471,26.666666666666668,240.0,41.0,20.555555555555557,185.0,35.0,AFC South,1,6.111111111111111,55,0.6151785714285714,0.6452222222222223,7.316666666666666,3.613552974886661,1.7777777777777777,0.8888888888888888,0.9375,47.0,1.1111111111111112,6.0,0.4276122570240217,0.6213333333333334,5.7188888888888885,4.809492044527887,1.2222222222222223,1.0,0.90625,51.55555555555556,1.7777777777777777,0.4276122570240217,0.149550910512529,2010-11-21,2010,0.43875039453919734,0.32339487740129086,NWE,9.0,7.0,0.7777777777777778,9.777777777777779,88,10.11111111111111,91,-2.4999999999999982,0.047833053235669394,-4.71111111111111,0.15030903061328982,3.106902356902357,2.403487870154537,0.70341448674782,5.210626774488157,28.666666666666668,258.0,38.0,23.77777777777778,214.0,37.0,AFC East,1,4.888888888888889,44,0.39613095238095236,0.6487777777777778,7.373333333333333,4.013925007258659,1.8888888888888888,1.0,0.7619047619047619,53.77777777777778,1.0,6.0,0.4265142265142265,0.6955555555555555,7.168888888888889,4.116400984636279,1.7777777777777777,0.7777777777777778,0.7685185185185186,43.55555555555556,1.6666666666666667,0.4265142265142265,1.7893732255118433,2010,0.5176719476886996,0.442254956463905,IND vs. NWE,NWE,1648.8490282001842,1.0,IND,1607.8578239208011,4.0,1,3,-4.0,0,-198.0,178.0,0,0
LAC,10.0,5.0,0.5,11.3,113,10.5,105,6.759999999999998,-0.03287745420658914,-27.73,-0.38153017679093315,2.5438034188034186,2.0560101010101013,0.4877933177933177,5.863163057020788,27.4,274.0,44.0,21.1,211.0,33.0,AFC West,3,6.3,63,0.5817460317460318,0.6654,9.404,3.9332144998164,2.3,1.0,0.7291666666666666,49.9,2.2,-9.0,0.4523015873015873,0.5727,5.063,3.584561777232056,0.9,0.8,1.0,47.2,1.3,0.4523015873015873,-0.8631630570207882,2010-11-28,2010,0.35577064202750913,0.25572916106506094,IND,10.0,6.0,0.6,10.4,104,10.6,106,-4.640000000000001,-0.35889427662499385,-14.339999999999998,0.8565685331109327,2.638412698412698,2.1622113997114,0.47620129870129874,6.290433583914913,26.8,268.0,45.0,21.6,216.0,40.0,AFC South,-1,5.2,52,0.6332451499118166,0.6538,7.241,3.6071976773979957,2.0,0.8,0.9375,47.1,1.3,3.0,0.4634224598930481,0.6352,6.019,4.822660487133922,1.3,1.1,0.9166666666666666,47.9,1.6,0.4634224598930481,-0.29043358391491303,2010,0.4201254699267586,0.3286628836258524,LAC vs. IND,IND,1563.729712508568,11.0,LAC,1556.9581647248242,15.0,0,-22,-2.0,0,-131.0,119.0,0,0
IND,12.0,6.0,0.5,10.583333333333334,127,10.416666666666666,125,-9.308333333333334,-0.6101693043059568,-12.399999999999999,0.7620841978724999,2.561050986050986,2.451842833092833,0.109208152958153,6.838218203550456,26.416666666666668,317.0,51.0,24.166666666666668,290.0,51.0,AFC South,-3,2.25,27,0.5883576019939656,0.6611666666666667,6.666666666666667,3.3559226497170322,2.0,0.8333333333333334,0.9375,42.833333333333336,1.8333333333333333,-6.0,0.45247326203208554,0.6558333333333334,6.1875,4.728176151895489,1.1666666666666667,1.0833333333333333,0.9090909090909091,46.166666666666664,1.3333333333333333,0.45247326203208554,-0.838218203550456,2010-12-09,2010,0.3735241939756737,0.34550058107928444,TEN,12.0,5.0,0.4166666666666667,10.833333333333334,130,11.166666666666666,134,-18.5,0.23108921082398667,-21.316666666666666,0.07480433299276652,2.044448606948607,1.7608370795870796,0.2836115273615274,5.914166016265494,21.916666666666668,263.0,46.0,19.583333333333332,235.0,50.0,AFC South,-5,2.3333333333333335,28,0.5099042371769644,0.5781666666666666,6.2175,4.197181164846976,1.25,0.8333333333333334,0.9696969696969696,66.91666666666667,1.9166666666666667,-2.0,0.340875444000444,0.6484166666666666,5.1925,4.040896287015756,1.1666666666666667,0.5,0.8055555555555555,67.0,1.75,0.340875444000444,-0.9141660162654937,2010,0.3268899764434534,0.3136142407877645,IND vs. TEN,TEN,1350.6703015434225,20.0,IND,1448.542967162996,14.0,0,-2,3.0,1,161.0,-179.0,1,0
JAX,13.0,8.0,0.6153846153846154,10.307692307692308,134,9.923076923076923,129,-11.384615384615385,0.6715721040593846,1.9615384615384637,0.37021770123403464,2.20472027972028,2.6102384794692486,-0.40551819974896897,6.20106981287971,22.692307692307693,295.0,53.0,25.46153846153846,331.0,55.0,AFC South,2,-2.769230769230769,-36,0.4101010101010101,0.6509230769230769,6.41,4.637664058082374,1.6923076923076923,0.9230769230769231,0.8888888888888888,41.46153846153846,2.076923076923077,-10.0,0.4115207944393465,0.6456153846153847,8.572307692307692,4.336309655257024,1.8461538461538463,1.0769230769230769,0.95,45.53846153846154,1.3076923076923077,0.4115207944393465,1.7989301871202903,2010-12-19,2010,0.45025447756450937,0.4525588314201645,IND,13.0,7.0,0.5384615384615384,10.461538461538462,136,10.461538461538462,136,-7.223076923076923,-0.6591825850534209,-10.399999999999999,0.7706860323420777,2.6204573204573203,2.459043734043734,0.16141358641358647,7.379005644137715,26.692307692307693,347.0,57.0,24.46153846153846,318.0,55.0,AFC South,1,2.230769230769231,29,0.574050024050024,0.6652307692307692,6.927692307692308,3.3069093689695683,2.0,0.8461538461538461,0.9444444444444444,44.15384615384615,1.6923076923076923,-4.0,0.4586932675167969,0.6606153846153847,6.310769230769231,4.736777986365067,1.3076923076923077,1.0769230769230769,0.9090909090909091,44.84615384615385,1.3846153846153846,0.4586932675167969,-0.379005644137715,2010,0.4068985736901302,0.36151283346856655,JAX vs. IND,IND,1564.0064999802885,4.0,JAX,1438.008106127738,19.0,1,10,-4.0,1,-218.0,195.0,1,0
IND,14.0,8.0,0.5714285714285714,10.5,147,10.428571428571429,146,-6.364285714285715,-0.43408087331315187,-10.157142857142857,0.6498772151341833,2.654061018346733,2.4548263244691815,0.19923469387755108,8.074405450599436,27.214285714285715,381.0,62.0,24.428571428571427,342.0,58.0,AFC South,2,2.7857142857142856,39,0.5772296079988387,0.6708571428571428,6.910714285714286,3.532011080709837,2.0,0.8571428571428571,0.95,45.857142857142854,1.5714285714285714,-2.0,0.453401990166696,0.6585714285714286,6.393571428571429,4.6159691691571725,1.3571428571428572,1.0,0.9166666666666666,45.57142857142857,1.4285714285714286,0.453401990166696,-0.0744054505994356,2010-12-26,2010,0.41952714385949225,0.366773230853832,LVR,14.0,7.0,0.5,12.142857142857142,170,12.285714285714286,172,-24.242857142857144,0.6730587225362241,-9.528571428571427,0.34011937744364834,2.127149041434756,1.9475024975024975,0.17964654393225826,7.050630376673662,25.214285714285715,353.0,61.0,23.571428571428573,330.0,57.0,AFC West,1,1.6428571428571428,23,0.45439816593662746,0.5542142857142858,6.111428571428571,4.639150676559213,1.1428571428571428,1.2142857142857142,0.882051282051282,77.57142857142857,1.7857142857142858,-5.0,0.332969364902138,0.5454285714285715,7.328571428571428,4.3062113314666375,1.8571428571428572,0.8571428571428571,0.7638888888888888,77.14285714285714,1.4285714285714286,0.332969364902138,-0.05063037667366199,2010,0.3575258600936583,0.30652577596744235,IND vs. LVR,LVR,1513.028564039036,16.0,IND,1550.262323948412,11.0,0,-5,1.0,0,112.0,-124.0,0,0
TEN,15.0,6.0,0.4,10.933333333333334,164,11.066666666666666,166,-17.16,0.2784863111879249,-16.206666666666667,-0.18114453225352187,2.083717393717394,1.9185841935841936,0.16513320013320015,7.28813179112202,22.4,336.0,57.0,21.066666666666666,316.0,64.0,AFC South,-1,1.3333333333333333,20,0.5097442240299384,0.5744666666666666,6.362666666666667,4.244578265210914,1.4666666666666666,0.8666666666666667,0.9722222222222222,65.46666666666667,1.8666666666666667,-4.0,0.33785187035187036,0.6557999999999999,5.774666666666667,3.784947421769467,1.4,0.4666666666666667,0.8222222222222223,67.6,1.6,0.33785187035187036,-1.2881317911220203,2011-01-02,2010,0.31771401947400196,0.3267307491438517,IND,15.0,9.0,0.6,10.666666666666666,160,10.6,159,-7.48,-0.3430525521980812,-10.253333333333332,0.6088126038570384,2.636097976097976,2.4245045695045695,0.21159340659340664,8.677137293028977,27.466666666666665,412.0,67.0,24.533333333333335,368.0,63.0,AFC South,3,2.933333333333333,44,0.5717132074274931,0.6616666666666667,6.781333333333333,3.6230394018249075,2.066666666666667,0.8666666666666667,0.9545454545454546,45.6,1.6,-4.0,0.44741761506467387,0.6606666666666666,6.332666666666666,4.574904557880028,1.3333333333333333,0.9333333333333333,0.9076923076923078,50.266666666666666,1.3333333333333333,0.44741761506467387,0.3228627069710228,2010,0.42776325056960773,0.3783397696181025,TEN vs. IND,IND,1448.542967162996,14.0,TEN,1350.6703015434225,20.0,1,3,-9.0,0,-434.0,372.0,1,0
NYJ,16.0,11.0,0.6875,11.6875,187,11.6875,187,-23.068749999999998,0.4290280420382438,-23.6625,-0.32304030724511945,2.011034104784105,1.6999268093018092,0.31110729548229543,9.169941658952283,22.9375,367.0,64.0,19.0,304.0,53.0,AFC East,1,3.9375,63,0.5118857068857069,0.5525625,5.84625,4.395119996061233,1.25,0.875,0.759375,58.375,1.3125,9.0,0.3911362534524299,0.4996875,5.85375,3.6430516467778697,1.5,0.6875,0.7847222222222222,42.4375,1.875,0.3911362534524299,1.8300583410477174,2011-01-08,2010,0.38139162226840034,0.29812603344770355,IND,16.0,10.0,0.625,10.6875,171,10.625,170,-7.05625,-0.31699251481213797,-8.987499999999999,0.4556935689895367,2.602023670773671,2.3866093975468976,0.21541427322677326,9.25919732946534,27.1875,435.0,72.0,24.25,388.0,67.0,AFC South,4,2.9375,47,0.5602656602656603,0.6615,6.81,3.6490994392108513,2.0625,0.8125,0.9583333333333334,44.3125,1.5625,-4.0,0.4421812868504045,0.66425,6.465625,4.421785523012526,1.375,0.875,0.8904761904761905,50.75,1.3125,0.4421812868504045,0.7408026705346593,2010,0.4405474386982805,0.3877330069580228,NYJ vs. IND,IND,1614.380930572844,8.0,NYJ,1620.1049271983245,5.0,0,-1,-1.0,0,-130.0,118.0,0,1
JAX,1.0,1.0,1.0,9.0,9,10.0,10,37.900000000000006,-0.02491548343475314,-12.799999999999997,-0.40609195402298903,2.6666666666666665,1.7,0.9666666666666666,0.6936569446912285,24.0,24.0,4.0,17.0,17.0,3.0,AFC South,1,7.0,7,0.5,0.762,10.71,3.941176470588236,3.0,0.0,1.0,47.0,0.0,2.0,0.3,0.636,7.55,3.56,1.0,1.0,1.0,70.0,2.0,0.3,0.3063430553087715,2010-09-19,2010,0.580596913470565,0.09190291659263145,LAC,1.0,0.0,0.0,13.0,13,12.0,12,-3.9000000000000057,-0.2074712643678165,-32.400000000000006,1.2262157382847034,1.0769230769230769,1.75,-0.6730769230769231,0.27668756782449705,14.0,14.0,2.0,21.0,21.0,2.0,AFC West,-1,-7.0,-7,0.5,0.564,8.21,3.7586206896551726,2.0,0.0,,30.0,1.0,-1.0,0.26666666666666666,0.455,3.73,5.1923076923076925,1.0,1.0,,35.0,0.0,0.26666666666666666,-0.27668756782449705,2010,0.11127883571930815,-0.046114594637416184,JAX vs. LAC,LAC,1450.0,17.0,JAX,1550.0,1.0,1,25,-7.0,1,-300.0,264.0,0,0
PHI,2.0,1.0,0.5,11.5,23,12.0,24,-6.050000000000004,2.552011494252873,-27.35,0.2454465075154726,2.367424242424242,2.4580419580419584,-0.09061771561771581,0.8822196879003166,27.5,55.0,9.0,29.5,59.0,10.0,NFC East,1,-2.0,-4,0.0,0.618,7.045,6.518103448275863,1.5,2.0,1.0,77.5,0.5,3.0,0.4065934065934066,0.5845,4.985,4.211538461538462,2.0,1.5,1.0,33.0,2.0,0.4065934065934066,0.11778031209968343,2010-09-26,2010,0.41434832193254684,0.2328708983541007,JAX,2.0,1.0,0.5,10.0,20,10.5,21,-6.199999999999996,-0.5163370520622046,2.5500000000000043,0.33057471264367755,1.9242424242424243,2.577272727272727,-0.653030303030303,0.7666126260241957,18.5,37.0,7.0,27.5,55.0,9.0,AFC South,-1,-9.0,-18,0.0,0.6905,6.7700000000000005,3.4497549019607847,2.0,0.0,1.0,40.0,3.0,-1.0,0.4,0.6975,8.88,4.296666666666667,2.0,1.5,1.0,47.5,2.5,0.4,0.23338737397580434,2010,0.39084279044576575,0.2642972944233866,PHI vs. JAX,JAX,1485.9935000197115,9.0,PHI,1500.0,9.0,0,-25,2.0,0,115.0,-127.0,0,0
TEN,5.0,3.0,0.6,11.6,58,11.8,59,-3.179999999999997,0.5591081394697873,-24.46,0.2085730910768385,2.3795670995670997,1.5811965811965814,0.7983705183705183,3.0504212653016496,26.4,132.0,22.0,19.0,95.0,20.0,AFC South,1,7.4,37,0.5416666666666666,0.6325999999999999,7.144,4.525200093492776,1.4,1.4,0.9333333333333332,76.8,2.0,0.0,0.3727838827838828,0.6412,4.5600000000000005,4.174665045099827,1.2,0.2,0.7333333333333333,81.0,2.0,0.3727838827838828,-0.05042126530164959,2010-10-18,2010,0.3754852833219438,0.26776804981005764,JAX,5.0,3.0,0.6,10.4,52,10.4,52,-5.619999999999999,0.35684572104703927,7.600000000000003,0.42024388557600856,2.113131313131313,2.6703030303030304,-0.5571717171717171,2.015418063106842,21.4,107.0,21.0,27.4,137.0,22.0,AFC South,2,-6.0,-30,0.29166666666666663,0.6774,6.4,4.322937675070028,1.8,0.4,1.0,46.0,2.0,-3.0,0.4300123406005759,0.6654,8.86,4.386335839598997,2.4,1.2,1.0,49.8,1.4,0.4300123406005759,0.9845819368931581,2010,0.4833700795182936,0.4217723177371134,TEN vs. JAX,JAX,1534.4274772697634,7.0,TEN,1536.4678886809747,7.0,0,-27,3.0,0,129.0,-143.0,1,0
JAX,6.0,3.0,0.5,10.333333333333334,62,10.0,60,-15.35,0.14302277520203455,10.216666666666669,0.3430340661556628,1.810942760942761,2.8502525252525253,-1.0393097643097642,2.0196657385812586,18.333333333333332,110.0,22.0,27.833333333333332,167.0,28.0,AFC South,-1,-9.5,-57,0.35333333333333333,0.6616666666666666,5.510000000000001,4.109114729225023,1.5,0.3333333333333333,1.0,47.5,2.3333333333333335,-7.0,0.39680515562868507,0.6656666666666667,9.058333333333334,4.309126020178652,2.3333333333333335,1.1666666666666667,1.0,51.0,1.1666666666666667,0.39680515562868507,0.9803342614187414,2010-10-24,2010,0.41281546707315137,0.4651371092214577,KAN,5.0,3.0,0.6,10.8,54,11.2,56,-16.94,0.8888938009627662,-15.559999999999999,-0.2536895696072565,2.0264646464646465,1.7974358974358975,0.2290287490287491,2.8117135495297325,21.6,108.0,18.0,18.4,92.0,16.0,AFC West,-2,3.2,16,0.275,0.5722,6.032,4.854985754985755,1.4,0.6,0.8125,35.6,0.8,1.0,0.3173484848484848,0.5953999999999999,6.708000000000001,3.712402384415732,1.2,1.0,0.6666666666666666,52.2,1.0,0.3173484848484848,0.18828645047026749,2010,0.34588576336468446,0.2393306543125867,JAX vs. KAN,KAN,1491.2465983631828,13.0,JAX,1484.7211127001808,17.0,1,22,-9.0,1,-415.0,358.0,0,0
JAX,10.0,6.0,0.6,10.5,105,10.0,100,-8.279999999999998,0.2790200451244962,6.810000000000002,0.13273697143751537,2.1147474747474746,2.7798484848484852,-0.6651010101010101,4.267214796762085,22.0,220.0,40.0,27.0,270.0,43.0,AFC South,3,-5.0,-50,0.37407407407407406,0.6654,6.735000000000001,4.245111999147485,1.9,0.6,0.925925925925926,43.6,2.4,-11.0,0.3908103661044838,0.6705,8.844,4.098828925460504,2.0,1.2,0.9285714285714286,51.2,1.3,0.3908103661044838,1.7327852032379152,2010-11-28,2010,0.4469632458376348,0.46150976373923036,NYG,10.0,6.0,0.6,12.1,121,12.0,120,-11.950000000000001,0.5524874558540132,-22.090000000000003,-0.40521252408442693,2.10497557997558,1.8804545454545454,0.2245210345210345,5.627003961508546,25.3,253.0,43.0,22.0,220.0,38.0,NFC East,-2,3.3,33,0.44589947089947085,0.6491,6.2829999999999995,4.5185794098770025,2.1,1.0,0.8541666666666666,55.8,3.0,-8.0,0.3822327672327672,0.5683,5.993,3.560879429938562,1.4,0.6,0.9407407407407408,68.7,2.2,0.3822327672327672,0.37299603849145413,2010,0.36862713194639046,0.296811541218896,JAX vs. NYG,NYG,1528.5296692835673,11.0,JAX,1570.3493826041415,11.0,1,4,-8.0,0,-315.0,277.0,0,0
JAX,11.0,6.0,0.5454545454545454,10.363636363636363,114,9.818181818181818,108,-11.872727272727273,0.4465767083036018,7.8000000000000025,0.23214413205998702,2.1245179063360884,2.7998622589531683,-0.6753443526170799,4.6608392806174255,21.818181818181817,240.0,44.0,26.727272727272727,294.0,48.0,AFC South,-1,-4.909090909090909,-54,0.39666666666666667,0.6568181818181819,6.319999999999999,4.412668662326591,1.7272727272727273,0.7272727272727273,0.9333333333333333,41.45454545454545,2.3636363636363638,-13.0,0.41210033282225794,0.6625454545454545,9.047272727272727,4.198236086082976,2.0,1.0909090909090908,0.9375,48.81818181818182,1.1818181818181819,0.41210033282225794,1.3391607193825745,2010-12-05,2010,0.4329530076976341,0.45814790785384135,TEN,11.0,5.0,0.45454545454545453,11.090909090909092,122,11.454545454545455,126,-14.154545454545454,0.24252126477111435,-22.30909090909091,-0.0003800525786999661,2.162125753034844,1.7277313595495414,0.4343943934853026,5.836051541691202,23.363636363636363,257.0,44.0,19.818181818181817,218.0,47.0,AFC South,-4,3.5454545454545454,39,0.5063492063492063,0.5909090909090909,6.575454545454545,4.208613218794103,1.3636363636363635,0.9090909090909091,0.9666666666666666,70.27272727272727,1.9090909090909092,0.0,0.3553351951079224,0.6403636363636364,5.095454545454545,3.9657119014442888,1.2727272727272727,0.36363636363636365,0.8484848484848485,70.27272727272727,1.9090909090909092,0.3553351951079224,-0.8360515416912024,2010,0.3332442117478295,0.31075438494986546,JAX vs. TEN,TEN,1536.4678886809747,7.0,JAX,1534.4274772697634,7.0,0,-11,-3.0,0,-173.0,156.0,1,0
LVR,12.0,6.0,0.5,11.916666666666666,143,12.25,147,-26.208333333333332,0.3996651361091012,-10.383333333333331,0.21661508657994766,2.050813075813076,1.8607614607614609,0.19005161505161508,5.8914125469025365,23.583333333333332,283.0,49.0,22.416666666666668,269.0,46.0,AFC West,1,1.1666666666666667,14,0.4630066902794175,0.5429166666666667,5.788333333333334,4.36575709013209,1.0833333333333333,1.0,0.8606060606060606,81.41666666666667,1.6666666666666667,-2.0,0.33485120543944075,0.553,7.145,4.182707040602937,1.8333333333333333,0.75,0.7166666666666666,77.91666666666667,1.5,0.33485120543944075,0.10858745309746354,2010-12-12,2010,0.34575803333436816,0.2896797181646731,JAX,12.0,7.0,0.5833333333333334,10.166666666666666,122,9.666666666666666,116,-11.75,0.48451469713487644,1.6250000000000024,0.22157683917211993,2.124558080808081,2.629040404040404,-0.5044823232323232,5.582724806043134,21.416666666666668,257.0,47.0,25.0,300.0,50.0,AFC South,1,-3.5833333333333335,-43,0.40192837465564735,0.6635,6.315,4.450606651157866,1.5833333333333333,0.8333333333333334,0.8787878787878788,40.583333333333336,2.1666666666666665,-11.0,0.41109197175373646,0.6438333333333334,8.483333333333333,4.187668793195109,1.8333333333333333,1.0,0.9444444444444444,47.25,1.25,0.41109197175373646,1.4172751939568657,2010,0.4307458566365933,0.4460228158748874,LVR vs. JAX,JAX,1546.253212934699,12.0,LVR,1542.7694317168202,14.0,1,7,-3.5,1,-190.0,171.0,0,0
WAS,14.0,5.0,0.35714285714285715,12.071428571428571,169,11.928571428571429,167,-24.935714285714287,0.21689579052995347,-9.549999999999999,0.9367046371354643,1.6151833285761856,2.0320501918716203,-0.41686686329543476,6.106373849714768,19.142857142857142,268.0,48.0,24.5,343.0,60.0,NFC East,-4,-5.357142857142857,-75,0.5275342179188333,0.5745714285714286,5.75,4.182987744552943,1.2857142857142858,0.5714285714285714,0.6875,41.57142857142857,1.8571428571428572,-2.0,0.286128402409915,0.6397857142857143,7.2942857142857145,4.902796591158453,1.5,0.9285714285714286,0.7923076923076924,53.5,1.7142857142857142,0.286128402409915,-1.1063738497147684,2010-12-26,2010,0.26157821437603174,0.3052256497079187,JAX,14.0,8.0,0.5714285714285714,10.285714285714286,144,10.0,140,-11.071428571428571,0.5578428531573969,2.164285714285716,0.5217908210966281,2.218668831168831,2.6445720945720947,-0.4259032634032634,6.505670006417989,22.785714285714285,319.0,56.0,26.071428571428573,365.0,60.0,AFC South,-1,-3.2857142857142856,-46,0.4199748968979738,0.6495714285714286,6.485714285714286,4.523934807180386,1.7142857142857142,0.8571428571428571,0.8974358974358974,42.42857142857143,2.0714285714285716,-12.0,0.40959897945192064,0.6526428571428572,8.437857142857142,4.487882775119617,1.8571428571428572,1.0714285714285714,0.9545454545454546,47.142857142857146,1.2142857142857142,0.40959897945192064,1.494329993582011,2010,0.43039805537727804,0.44370397939536765,WAS vs. JAX,JAX,1530.3086214806335,11.0,WAS,1338.222139497978,21.0,0,-3,-7.0,0,-305.0,269.0,0,0
SFO,2.0,0.0,0.0,10.5,21,10.5,21,-33.15,0.05415096095676808,7.200000000000003,-1.2505122438780616,1.3727272727272728,2.6863636363636365,-1.3136363636363637,0.44482771838274243,14.0,28.0,5.0,28.0,56.0,9.0,NFC West,-2,-14.0,-28,1.0,0.6485000000000001,4.585,4.020242914979757,0.5,1.0,1.0,50.0,3.0,-5.0,0.3111111111111111,0.76,7.125,2.7155797101449277,2.0,0.5,1.0,44.5,0.5,0.3111111111111111,-0.44482771838274243,2010-09-26,2010,0.18513955733538778,0.11896548891798375,KAN,2.0,2.0,1.0,11.5,23,13.0,26,-43.45,0.4249336870026521,-15.550000000000004,-0.682935455349249,1.6022727272727273,1.0769230769230769,0.5253496503496504,1.3017760100276763,18.5,37.0,5.0,14.0,28.0,4.0,AFC West,2,4.5,9,0.0,0.513,3.33,4.391025641025641,0.5,0.5,1.0,32.5,1.0,1.0,0.2121212121212121,0.54,7.345000000000001,3.28315649867374,1.5,0.5,0.0,54.0,1.5,0.2121212121212121,0.6982239899723237,2010,0.2932852163013395,0.13063261461325568,SFO vs. KAN,KAN,1585.9935000197115,1.0,SFO,1414.0064999802885,25.0,1,21,2.5,1,125.0,-138.0,0,0
KAN,7.0,5.0,0.7142857142857143,10.571428571428571,74,11.142857142857142,78,-8.457142857142856,1.1743173721006228,-21.62857142857143,-0.19956324164623304,2.282972582972583,1.6886446886446886,0.5943278943278943,4.315350214236562,23.285714285714285,163.0,26.0,17.428571428571427,122.0,22.0,AFC West,2,5.857142857142857,41,0.26666666666666666,0.5887142857142857,7.012857142857143,5.140409326123612,1.4285714285714286,0.8571428571428571,0.7833333333333333,45.714285714285715,0.5714285714285714,5.0,0.3426948051948052,0.5722857142857143,5.982857142857143,3.7665287123767563,1.2857142857142858,0.7142857142857143,0.7,48.42857142857143,1.2857142857142858,0.3426948051948052,0.6846497857634377,2010-11-07,2010,0.3857160124128367,0.26934486316262934,LVR,8.0,4.0,0.5,11.875,95,12.0,96,-23.5875,0.7974875914315565,-13.349999999999998,0.5093645061502144,2.273636086136086,1.7921037296037297,0.48153235653235654,4.274097127515354,26.5,212.0,38.0,21.0,168.0,27.0,AFC West,2,5.5,44,0.38095238095238093,0.541875,6.155,4.7635795454545455,1.25,1.125,0.8395833333333333,82.125,1.25,2.0,0.34979664942900235,0.535875,6.66875,4.475456460173204,1.75,0.75,0.6904761904761905,77.25,1.5,0.34979664942900235,-0.2740971275153541,2010,0.38629514362423234,0.23645752286078833,KAN vs. LVR,LVR,1529.8732501538705,13.0,KAN,1560.5705999733618,2.0,1,3,1.0,1,-103.0,-107.0,1,0
KAN,10.0,6.0,0.6,11.3,113,11.4,114,-4.979999999999999,0.718170971091863,-16.75,0.09979576250674516,2.2465656565656564,1.9435664335664338,0.302999222999223,5.844099062589003,24.3,243.0,40.0,20.7,207.0,35.0,AFC West,1,3.6,36,0.2981481481481481,0.5940000000000001,7.404999999999999,4.684262925114853,1.8,0.8,0.8020833333333333,48.3,0.7,5.0,0.33471153846153845,0.5765,6.523000000000001,4.065887716529734,1.6,0.6,0.65625,60.3,1.2,0.33471153846153845,0.15590093741099675,2010-11-28,2010,0.35950091813844237,0.28110222176261834,SEA,10.0,5.0,0.5,11.1,111,11.9,119,-26.559999999999995,-0.44438503740382795,-15.069999999999999,-0.08730157339282005,1.7108974358974358,2.072066822066822,-0.3611693861693861,4.299380148955723,18.5,185.0,34.0,23.3,233.0,41.0,NFC West,-1,-4.8,-48,0.49087301587301585,0.5972,5.281000000000001,3.5217069166191615,0.9,0.6,0.880952380952381,61.3,1.7,1.0,0.37121697746697746,0.5597000000000001,7.258,3.878790380630169,1.6,0.9,0.8466666666666667,48.8,1.8,0.37121697746697746,0.7006198510442774,2010,0.327766734176131,0.3342230368847188,KAN vs. SEA,SEA,1482.8074032429363,15.0,KAN,1472.9206894083602,11.0,0,-18,1.0,0,108.0,-119.0,0,0
KAN,12.0,8.0,0.6666666666666666,11.416666666666666,137,11.333333333333334,136,-3.2166666666666637,0.8015096288718663,-21.083333333333332,0.1443700319740117,2.217126392126392,1.8363053613053613,0.38082103082103086,7.404740390049958,24.583333333333332,295.0,48.0,19.75,237.0,40.0,AFC West,3,4.833333333333333,58,0.31418732782369146,0.598,7.5075,4.767601582894856,1.9166666666666667,0.8333333333333334,0.7416666666666666,49.416666666666664,0.75,7.0,0.3685621363930187,0.55225,6.1825,4.110461985997001,1.5,0.5,0.725,55.333333333333336,1.3333333333333333,0.3685621363930187,0.595259609950042,2010-12-12,2010,0.3677448061299282,0.2841975394595599,LAC,12.0,6.0,0.5,11.0,132,10.5,126,3.566666666666665,-0.1534867335877538,-26.041666666666668,-0.42286739607319884,2.561502849002849,2.069823232323232,0.4916796166796166,6.906432635998466,26.916666666666668,323.0,53.0,21.083333333333332,253.0,39.0,AFC West,-1,5.833333333333333,70,0.5718417945690674,0.6725,8.9725,3.8126052204352354,2.0,0.9166666666666666,0.75,46.5,2.0,-5.0,0.4019179894179894,0.5831666666666667,5.174166666666667,3.5432245579497903,1.0,0.9166666666666666,1.0,49.333333333333336,1.5833333333333333,0.4019179894179894,-0.906432635998466,2010,0.3711862817500513,0.2603499518492459,KAN vs. LAC,LAC,1500.0,1.0,KAN,1500.0,1.0,1,31,-10.0,1,-510.0,431.0,1,0
KAN,13.0,8.0,0.6153846153846154,11.153846153846153,145,11.153846153846153,145,-6.6538461538461515,0.6519656157080086,-18.46153846153846,0.19848476292594183,2.04657820811667,1.9600083677006757,0.08656984041599426,7.404740390049958,22.692307692307693,295.0,48.0,20.615384615384617,268.0,45.0,AFC West,-1,2.076923076923077,27,0.32967171717171717,0.5866153846153846,7.003076923076923,4.618057569730998,1.7692307692307692,0.7692307692307693,0.7416666666666666,46.76923076923077,0.6923076923076923,9.0,0.340211202824325,0.5674615384615385,6.393076923076923,4.164576716948931,1.5384615384615385,0.6153846153846154,0.75,54.69230769230769,1.3846153846153846,0.340211202824325,0.595259609950042,2010-12-19,2010,0.3461922871499215,0.30068259015795856,LAR,13.0,6.0,0.46153846153846156,11.384615384615385,148,11.076923076923077,144,-21.015384615384615,0.008563558348040585,-21.56923076923077,0.6111395851615854,1.6790715694561849,1.9160629968322276,-0.23699142737604278,6.664155758309542,18.846153846153847,245.0,50.0,20.615384615384617,268.0,52.0,NFC West,-1,-1.7692307692307692,-23,0.39031986531986534,0.6026153846153846,5.431538461538461,3.9746555123710294,1.3076923076923077,0.5384615384615384,0.8076923076923077,56.15384615384615,1.3076923076923077,5.0,0.3290033495915849,0.5791538461538461,5.9423076923076925,4.577231539184575,1.3846153846153846,0.38461538461538464,0.9423076923076923,62.38461538461539,1.6923076923076923,0.3290033495915849,-0.6641557583095423,2010,0.3205780728090036,0.3148845622691793,KAN vs. LAR,LAR,1456.5651033521335,17.0,KAN,1497.8026893314288,10.0,0,-14,-3.0,0,-138.0,125.0,0,0
TEN,14.0,6.0,0.42857142857142855,10.785714285714286,151,10.928571428571429,153,-15.035714285714286,0.3272061872744187,-18.192857142857143,-0.18221971641284562,2.1556312734884164,1.8688127348841637,0.28681853860425294,7.179317346485351,23.0,322.0,55.0,20.142857142857142,282.0,59.0,AFC South,1,2.857142857142857,40,0.49950476873553795,0.5884999999999999,6.502142857142857,4.293298141297408,1.4285714285714286,0.9285714285714286,0.9722222222222222,64.85714285714286,1.8571428571428572,-4.0,0.34412700394843254,0.6530714285714286,5.55,3.7838722376101432,1.2857142857142858,0.5,0.8333333333333333,66.42857142857143,1.5714285714285714,0.34412700394843254,-1.1793173464853508,2010-12-26,2010,0.3335560766051588,0.325593032939946,KAN,14.0,9.0,0.6428571428571429,11.285714285714286,158,11.357142857142858,159,-8.521428571428569,0.6792472178700802,-21.542857142857144,0.13570887498061004,2.048745698745699,1.886334300620015,0.16241139812568386,8.25443443177408,23.0,322.0,53.0,20.071428571428573,281.0,48.0,AFC West,1,2.9285714285714284,41,0.339815312892236,0.5816428571428572,6.867142857142857,4.645339171893069,1.7142857142857142,0.8571428571428571,0.7651515151515151,46.285714285714285,0.7142857142857143,10.0,0.33691880598393203,0.5617857142857143,6.0442857142857145,4.101800829003599,1.4285714285714286,0.6428571428571429,0.7708333333333334,55.07142857142857,1.4285714285714286,0.33691880598393203,0.7455655682259206,2010,0.3533069507757567,0.2964003357029848,TEN vs. KAN,KAN,1541.8958354968715,9.0,TEN,1375.917760836821,18.0,1,20,-4.0,1,-190.0,171.0,0,0
LVR,15.0,7.0,0.4666666666666667,12.2,183,12.333333333333334,185,-23.4,0.6304486774322766,-10.43333333333333,0.3795343485082657,2.1186724386724385,1.9766433566433568,0.14202908202908204,7.44789853424412,25.266666666666666,379.0,66.0,24.066666666666666,361.0,62.0,AFC West,-1,1.2,18,0.46275748061462346,0.5632666666666667,6.069333333333334,4.596540631455266,1.1333333333333333,1.1333333333333333,0.8761904761904761,80.13333333333334,1.6666666666666667,-3.0,0.32854918501977326,0.5446000000000001,7.171333333333334,4.345626302531255,1.9333333333333333,0.8666666666666667,0.782051282051282,74.8,1.4666666666666666,0.32854918501977326,-0.4478985342441204,2011-01-02,2010,0.3498865926192671,0.30278569040607733,KAN,15.0,10.0,0.6666666666666666,11.4,171,11.466666666666667,172,-7.179999999999997,0.622891273077209,-23.233333333333334,0.09975548638037009,2.0865216265216264,1.8323735523735525,0.25414807414807417,9.14561998713741,23.733333333333334,356.0,58.0,19.666666666666668,295.0,50.0,AFC West,2,4.066666666666666,61,0.34615503544074977,0.5891333333333333,7.0040000000000004,4.588983227100198,1.8,0.8,0.7569444444444445,48.8,0.8,10.0,0.34779088558500326,0.5495333333333333,5.935333333333333,4.065847440403359,1.4666666666666666,0.6,0.7708333333333334,56.333333333333336,1.4666666666666666,0.34779088558500326,0.85438001286259,2010,0.35850060068071354,0.28787558164462385,LVR vs. KAN,KAN,1560.5705999733618,2.0,LVR,1529.8732501538705,13.0,0,-21,-4.5,0,-210.0,188.0,1,0
LAC,2.0,1.0,0.5,12.0,24,11.5,23,7.0,0.4298850574712638,-41.35,0.10922855879752369,2.265734265734266,1.4659090909090908,0.7998251748251747,1.2037318864915298,26.0,52.0,8.0,17.0,34.0,5.0,AFC West,1,9.0,18,1.0,0.6615,9.21,4.395977011494253,2.5,1.0,1.0,27.5,2.0,2.0,0.3833333333333333,0.537,3.2800000000000002,4.075320512820513,1.0,0.5,1.0,34.0,3.0,0.3833333333333333,-0.20373188649152985,2010-09-26,2010,0.29937801891807836,0.08655088190309458,SEA,2.0,1.0,0.5,9.5,19,10.0,20,-20.849999999999998,0.432821089455272,-15.850000000000001,-1.821355111917726,2.327777777777778,1.994949494949495,0.3328282828282828,1.111937039711851,22.5,45.0,6.0,18.5,37.0,7.0,NFC West,-1,4.0,8,0.0,0.677,5.125,4.398913043478261,1.5,1.0,1.0,49.5,2.5,-3.0,0.5454545454545454,0.646,6.295,2.1447368421052633,1.0,1.0,1.0,47.5,1.0,0.5454545454545454,-0.1119370397118511,2010,0.2981152042560235,0.15541101805042604,LAC vs. SEA,SEA,1485.9935000197115,9.0,LAC,1514.0064999802885,9.0,1,7,3.5,1,171.0,-190.0,0,0
LAC,4.0,2.0,0.5,12.0,48,10.75,43,9.249999999999996,0.4756308875637363,-44.349999999999994,-0.27962217380320886,2.605089355089355,1.6579545454545455,0.9471348096348094,2.498964144741339,28.25,113.0,17.0,17.75,71.0,9.0,AFC West,1,10.5,42,0.7222222222222222,0.658,9.715,4.441722841586725,2.25,1.0,0.8888888888888888,45.5,2.5,1.0,0.4238095238095238,0.551,3.0025,3.68646978021978,0.75,0.25,1.0,33.5,2.75,0.4238095238095238,-0.4989641447413389,2010-10-10,2010,0.30998754968436065,0.13086815521702297,LVR,4.0,1.0,0.25,12.5,50,11.5,46,-32.475,0.6104261112450762,-3.349999999999998,1.114265188834154,1.5067224442224443,2.327651515151515,-0.8209290709290709,1.479067873812252,19.0,76.0,16.0,26.75,107.0,16.0,AFC West,-2,-7.75,-31,0.38888888888888884,0.5595,4.7275,4.576518065268065,1.25,0.5,0.7291666666666666,78.25,2.0,-3.0,0.32734593837535014,0.5847500000000001,6.9375,5.080357142857143,2.0,1.25,0.625,75.75,1.25,0.32734593837535014,-0.479067873812252,2010,0.28167457009501984,0.21921148923371722,LAC vs. LVR,LVR,1408.96295779279,23.0,LAC,1521.027385437485,10.0,1,8,7.0,1,256.0,-290.0,1,0
LAC,5.0,2.0,0.4,12.0,60,10.4,52,9.939999999999998,0.2872863192463912,-37.46,-0.27691612984716485,2.5340714840714837,2.104141414141414,0.42993006993006977,2.849874160308127,28.0,140.0,22.0,21.2,106.0,13.0,AFC West,-1,6.8,34,0.6041666666666666,0.655,9.937999999999999,4.25337827326938,2.2,1.0,0.9166666666666666,47.0,2.6,-2.0,0.4223809523809524,0.5528000000000001,3.9059999999999997,3.689175824175824,0.8,0.4,1.0,43.8,2.2,0.4223809523809524,-0.849874160308127,2010-10-17,2010,0.30434256157740397,0.15750629198459365,LAR,5.0,2.0,0.4,12.4,62,11.2,56,-32.3,-0.28169684462787964,-21.18,0.5482293129453366,1.3446620046620048,1.8711344211344212,-0.5264724164724166,2.581574662601179,16.6,83.0,17.0,19.2,96.0,18.0,NFC West,-1,-2.6,-13,0.29166666666666663,0.5672,4.406000000000001,3.6843951093951093,1.2,0.4,0.6833333333333333,62.4,2.2,-1.0,0.38071428571428567,0.5748,6.114,4.5143212669683255,1.2,0.2,0.95,70.8,2.0,0.38071428571428567,-0.5815746626011791,2010,0.24230074430896759,0.21975591454706708,LAC vs. LAR,LAR,1448.956351654008,17.0,LAC,1455.4369639331355,17.0,1,3,9.5,1,326.0,-376.0,0,0
NWE,5.0,4.0,0.8,9.6,48,10.0,50,1.3600000000000023,0.3532996583691955,-2.219999999999999,0.15511813001062436,3.521111111111111,2.4099145299145297,1.1111965811965812,3.0562138419776677,30.8,154.0,21.0,23.2,116.0,20.0,AFC East,3,7.6,38,0.3666666666666667,0.6908000000000001,7.4079999999999995,4.3193916123921845,2.0,0.8,0.6666666666666666,50.6,1.2,2.0,0.49408924408924404,0.7094,7.017999999999999,4.121210084033613,2.2,0.2,0.75,43.0,1.6,0.49408924408924404,0.9437861580223323,2010-10-24,2010,0.5200812888269541,0.3955028926417866,LAC,6.0,2.0,0.3333333333333333,11.833333333333334,71,10.333333333333334,62,3.749999999999998,0.35289974428972987,-33.583333333333336,-0.3346359100669451,2.369301994301994,2.086784511784512,0.2825174825174824,3.254754756922152,26.166666666666668,157.0,25.0,21.0,126.0,17.0,AFC West,-2,5.166666666666667,31,0.5633333333333332,0.645,9.106666666666667,4.318991698312719,2.0,1.0,0.8333333333333333,44.333333333333336,2.3333333333333335,-3.0,0.4075396825396826,0.5575,4.346666666666667,3.631456043956044,0.8333333333333334,0.5,1.0,42.333333333333336,1.8333333333333333,0.4075396825396826,-1.2547547569221522,2010,0.2784768335139582,0.17115368046323495,NWE vs. LAC,LAC,1404.5044370031894,22.0,NWE,1633.9652933542222,2.0,0,-3,-2.5,0,-125.0,113.0,0,0
TEN,7.0,5.0,0.7142857142857143,11.285714285714286,79,11.857142857142858,83,-0.7714285714285692,0.2387212995707523,-32.82857142857143,0.03938307819117348,2.6419984777127636,1.3661608233036804,1.2758376544090828,4.875315085968914,28.428571428571427,199.0,34.0,16.714285714285715,117.0,26.0,AFC South,3,11.714285714285714,82,0.5722222222222222,0.6254285714285714,7.565714285714286,4.204813253593741,1.7142857142857142,1.1428571428571428,0.9523809523809523,68.28571428571429,1.8571428571428572,5.0,0.39186289900575616,0.6187142857142857,3.8757142857142854,4.005475032214163,1.0,0.14285714285714285,0.8095238095238094,80.0,2.5714285714285716,0.39186289900575616,0.12468491403108573,2010-10-31,2010,0.4380457270832856,0.27408228530948064,LAC,7.0,2.0,0.2857142857142857,11.714285714285714,82,10.285714285714286,72,0.9571428571428555,0.02161521595934143,-31.842857142857145,-0.5222465137489773,2.2905705405705405,2.117243867243867,0.17332667332667323,3.672694720485789,25.285714285714285,177.0,29.0,21.285714285714285,149.0,22.0,AFC West,-3,4.0,28,0.6027777777777777,0.65,8.662857142857144,3.9877071699823303,1.8571428571428572,1.0,0.8055555555555555,47.857142857142854,2.5714285714285716,-7.0,0.4159863945578231,0.5627142857142857,4.387142857142857,3.4438454402740115,0.8571428571428571,0.5714285714285714,1.0,43.57142857142857,1.5714285714285714,0.4159863945578231,-1.6726947204857892,2010,0.26914956987092703,0.1888903098200648,TEN vs. LAC,LAC,1383.4372925305718,22.0,TEN,1635.4922749212308,3.0,1,8,-6.0,1,-221.0,198.0,0,0
LVR,11.0,5.0,0.45454545454545453,12.181818181818182,134,12.454545454545455,137,-29.09090909090909,0.35774095549173873,-9.27272727272727,0.358224817543851,1.9544223453314364,1.911739775376139,0.04268256995529725,5.031039153214411,23.181818181818183,255.0,45.0,23.272727272727273,256.0,43.0,AFC West,-2,-0.09090909090909091,-1,0.45476190476190476,0.5354545454545455,5.536363636363636,4.323832909514728,1.0909090909090908,0.8181818181818182,0.8606060606060606,79.27272727272727,1.7272727272727273,-3.0,0.31680737563090505,0.5496363636363637,7.235454545454545,4.32431677156684,1.9090909090909092,0.8181818181818182,0.7222222222222222,83.27272727272727,1.4545454545454546,0.31680737563090505,-0.031039153214410753,2010-12-05,2010,0.33487329586523173,0.28444944685585954,LAC,11.0,6.0,0.5454545454545454,11.090909090909092,122,10.636363636363637,117,5.9454545454545435,-0.04552262263909606,-28.90909090909091,-0.5395672614344067,2.676184926184926,1.9751606978879706,0.7010242282969554,6.766806029686592,28.181818181818183,310.0,50.0,20.454545454545453,225.0,35.0,AFC West,4,7.7272727272727275,85,0.5835714285714285,0.68,9.22909090909091,3.920569331383893,2.090909090909091,1.0,0.7592592592592592,49.0,2.0,-4.0,0.41118326118326115,0.5793636363636364,4.866363636363636,3.426524692588582,1.0,0.7272727272727273,1.0,44.27272727272727,1.6363636363636365,0.41118326118326115,-0.7668060296865917,2010,0.3812665413678617,0.25109696111963425,LVR vs. LAC,LAC,1521.027385437485,10.0,LVR,1408.96295779279,23.0,0,-15,-12.5,0,-650.0,525.0,1,0
SFO,13.0,5.0,0.38461538461538464,11.076923076923077,144,11.307692307692308,147,-20.923076923076923,0.03302652441193118,-12.699999999999998,-0.48064449921349583,1.6868089175781482,1.9351814851814853,-0.24837256760333684,5.84064598350523,18.692307692307693,243.0,43.0,21.53846153846154,280.0,50.0,NFC West,1,-2.8461538461538463,-37,0.537950937950938,0.5636923076923076,6.3815384615384625,3.9991184784349203,1.2307692307692308,0.5384615384615384,0.85,58.61538461538461,1.5384615384615385,-1.0,0.3482461229067564,0.6391538461538461,6.386923076923077,3.4854474548094934,1.5384615384615385,0.5384615384615384,0.7564102564102565,55.38461538461539,1.4615384615384615,0.3482461229067564,-0.8406459835052296,2010-12-16,2010,0.2793014010199119,0.2919768188512499,LAC,13.0,7.0,0.5384615384615384,10.846153846153847,141,10.307692307692308,134,4.292307692307691,-0.07645994374645709,-27.723076923076924,-0.4782285611643592,2.6294214332675874,1.9106060606060604,0.7188153726615265,7.906140660798949,27.23076923076923,354.0,58.0,19.46153846153846,253.0,39.0,AFC West,1,7.769230769230769,101,0.5797438672438672,0.6784615384615384,8.968461538461538,3.889632010276532,2.0,1.0,0.7727272727272727,46.53846153846154,2.0,-7.0,0.4274114774114774,0.5729230769230769,4.849230769230769,3.48786339285863,0.9230769230769231,0.8461538461538461,1.0,46.69230769230769,1.4615384615384615,0.4274114774114774,-0.9061406607989486,2010,0.3826753091509334,0.2483699852059937,SFO vs. LAC,LAC,1590.9915326037378,14.0,SFO,1482.0443297705012,20.0,1,27,-10.0,1,-520.0,439.0,0,0
LAR,1.0,0.0,0.0,15.0,15,13.0,13,-47.9,-0.42442528735632257,-18.0,1.367241379310344,0.8666666666666667,1.3076923076923077,-0.441025641025641,0.346199819674727,13.0,13.0,3.0,17.0,17.0,3.0,NFC West,-1,-4.0,-4,0.5,0.5820000000000001,2.27,3.5416666666666665,1.0,0.0,0.6666666666666666,40.0,4.0,0.0,0.4,0.537,6.98,5.333333333333333,1.0,1.0,1.0,72.0,4.0,0.4,-0.346199819674727,2010-09-19,2010,0.1307600360650546,-0.07989226607878319,LVR,1.0,0.0,0.0,12.0,12,11.0,11,-33.7,1.2646772767462418,39.30000000000001,1.2903183023872673,1.0833333333333333,3.4545454545454546,-2.371212121212121,0.07295568133296715,13.0,13.0,3.0,38.0,38.0,6.0,AFC West,-1,-25.0,-25,0.5,0.595,3.38,5.230769230769231,1.0,0.0,0.6666666666666666,77.0,2.0,-1.0,0.21428571428571427,0.765,10.59,5.256410256410256,2.0,3.0,1.0,81.0,1.0,0.21428571428571427,-0.07295568133296715,2010,0.2317610796667582,-0.03979400799980032,LAR vs. LVR,LVR,1450.0,17.0,LAR,1450.0,17.0,1,2,-3.0,0,-180.0,162.0,0,0
WAS,2.0,1.0,0.5,10.0,20,10.5,21,-10.749999999999996,-1.5018975806214547,-0.6999999999999957,-0.416849529780565,1.9494949494949494,1.6388888888888888,0.3106060606060606,1.2505159429613801,20.0,40.0,7.0,18.5,37.0,7.0,NFC East,-1,1.5,3,1.0,0.603,8.08,2.4641943734015346,0.5,1.0,0.75,50.0,0.0,2.0,0.2153846153846154,0.6884999999999999,7.74,3.549242424242424,2.0,0.0,0.375,63.0,1.0,0.2153846153846154,-0.25051594296138013,2010-09-26,2010,0.30615970998175845,0.12491400950643664,LAR,2.0,0.0,0.0,13.0,26,12.0,24,-33.349999999999994,-0.4095443349753698,-29.55,0.8630747126436775,1.0696969696969698,1.3811188811188813,-0.31142191142191145,0.7677362418225535,13.5,27.0,5.0,16.5,33.0,7.0,NFC West,-2,-3.0,-6,0.0,0.5710000000000001,3.7350000000000003,3.5565476190476195,1.5,0.0,0.3333333333333333,66.0,2.5,1.0,0.30000000000000004,0.5325,5.725,4.829166666666667,1.0,0.5,0.875,81.0,3.0,0.30000000000000004,-0.7677362418225535,2010,0.11848689982475448,0.033871798067544284,WAS vs. LAR,LAR,1400.0,25.0,WAS,1500.0,9.0,1,14,4.5,1,197.0,-220.0,0,0
SEA,3.0,2.0,0.6666666666666666,9.666666666666666,29,11.666666666666666,35,-22.099999999999994,0.045881820994264334,-17.8,-1.1235689799210677,2.451851851851852,1.7744107744107744,0.6774410774410775,1.7826138776354836,24.0,72.0,9.0,19.0,57.0,10.0,NFC West,1,5.0,15,0.25,0.6493333333333333,5.27,4.011973775017253,1.3333333333333333,0.6666666666666666,1.0,43.666666666666664,2.3333333333333335,0.0,0.5174825174825175,0.613,6.580000000000001,2.8425229741019216,1.3333333333333333,0.6666666666666666,1.0,59.333333333333336,2.3333333333333335,0.5174825174825175,0.21738612236451638,2010-10-03,2010,0.3328330471411569,0.2111796307013825,LAR,3.0,1.0,0.3333333333333333,12.666666666666666,38,11.666666666666666,35,-29.633333333333336,-0.39686200979304465,-26.600000000000005,1.5278622943430238,1.5464646464646465,1.4055944055944056,0.14087024087024083,1.5837848723109438,19.0,57.0,11.0,16.333333333333332,49.0,11.0,NFC West,1,2.6666666666666665,8,0.25,0.5880000000000001,4.353333333333333,3.5692299442299444,1.3333333333333333,0.6666666666666666,0.47222222222222215,77.0,2.3333333333333335,1.0,0.3458333333333334,0.553,5.983333333333333,5.493954248366013,1.0,0.3333333333333333,0.9166666666666666,75.66666666666667,2.6666666666666665,0.3458333333333334,-0.5837848723109438,2010,0.23314356495245278,0.14836539432932971,SEA vs. LAR,LAR,1464.0064999802885,19.0,SEA,1540.0161815928163,4.0,1,17,1.5,1,113.0,-125.0,1,0
LAR,6.0,3.0,0.5,12.0,72,11.166666666666666,67,-29.28333333333333,-0.33861983905087406,-22.183333333333337,0.570352239038851,1.453885003885004,1.816854441854442,-0.3629694379694381,3.176694065987154,17.166666666666668,103.0,21.0,18.833333333333332,113.0,21.0,NFC West,1,-1.6666666666666667,-10,0.31333333333333335,0.5695,4.763333333333333,3.627472114972115,1.1666666666666667,0.5,0.736111111111111,57.833333333333336,1.8333333333333333,0.0,0.38588935574229694,0.5781666666666666,5.920000000000001,4.53644419306184,1.1666666666666667,0.3333333333333333,0.875,64.16666666666667,1.8333333333333333,0.38588935574229694,-0.17669406598715387,2010-10-24,2010,0.28307737179229114,0.2519637428215666,TAM,5.0,3.0,0.6,10.6,53,10.8,54,-15.62,-0.2966190739618736,-23.939999999999998,1.3050037075618028,1.4715384615384615,2.27482905982906,-0.8032905982905983,2.207765712903153,16.0,80.0,14.0,22.2,111.0,17.0,NFC South,-1,-6.2,-31,0.525,0.5986,6.37,3.6694728800611154,1.2,0.4,0.8,37.0,1.6,5.0,0.4246906035141329,0.5892,5.696,5.271095661584792,2.0,0.6,0.625,51.0,2.6,0.4246906035141329,0.7922342870968468,2010,0.3060048302617202,0.30173326992832,LAR vs. TAM,TAM,1517.3164475953893,13.0,LAR,1499.888878583954,17.0,1,1,-3.0,0,-165.0,149.0,0,0
LAR,8.0,4.0,0.5,11.25,90,10.875,87,-21.8625,-0.349340238483558,-25.775000000000002,0.3581599582803938,1.606038752913753,1.7262771950271951,-0.1202384421134422,4.48078938148827,17.5,140.0,28.0,17.625,141.0,28.0,NFC West,1,-0.125,-1,0.33333333333333337,0.58725,5.23625,3.616751715539431,1.375,0.375,0.7604166666666666,57.125,1.5,3.0,0.4019170168067227,0.58325,5.3,4.324251912303383,1.125,0.25,0.90625,63.375,1.875,0.4019170168067227,-0.48078938148827,2010-11-14,2010,0.2924137462754562,0.26226709384817304,SFO,8.0,2.0,0.25,11.0,88,11.25,90,-22.825,-0.11683394289703664,-13.849999999999998,-0.45104936376708626,1.5657439782439782,1.9916666666666667,-0.4259226884226885,3.3210179660718895,17.125,137.0,22.0,22.25,178.0,33.0,NFC West,1,-5.125,-41,0.5503401360544218,0.5871249999999999,5.8725000000000005,3.8492580111259525,1.25,0.5,0.8333333333333334,69.0,2.0,-4.0,0.38462166918049273,0.644875,6.31875,3.515042590255903,1.5,0.5,0.8958333333333334,46.75,1.5,0.38462166918049273,-1.3210179660718895,2010,0.20871818856025345,0.2602866765550384,LAR vs. SFO,SFO,1396.365853677269,22.0,LAR,1492.904768246069,13.0,1,3,-4.5,0,-220.0,197.0,1,0
LAR,12.0,6.0,0.5,11.416666666666666,137,11.166666666666666,134,-18.416666666666668,-0.13243737117659585,-21.74166666666667,0.6132652019327137,1.720509351759352,1.8174015799015797,-0.0968922281422282,6.551071791030896,19.333333333333332,232.0,47.0,19.75,237.0,48.0,NFC West,2,-0.4166666666666667,-5,0.3576216712580349,0.6059166666666667,5.620833333333334,3.833654582846393,1.4166666666666667,0.5,0.8194444444444443,57.583333333333336,1.1666666666666667,5.0,0.3488445378151261,0.5753333333333334,6.055833333333333,4.5793571559557025,1.25,0.4166666666666667,0.9375,63.0,1.5833333333333333,0.3488445378151261,-0.5510717910308962,2010-12-12,2010,0.32731120792064955,0.31190830474534637,NOR,12.0,9.0,0.75,10.333333333333334,124,9.916666666666666,119,-5.058333333333334,-0.0698834040321114,-20.899999999999995,0.1283283436389966,2.436300505050505,1.9632705257705256,0.47302997927997925,7.557045870281471,24.916666666666668,299.0,53.0,18.916666666666668,227.0,39.0,NFC South,5,6.0,72,0.3572937163846255,0.6990833333333333,6.9775,3.8962085499908774,2.0833333333333335,0.6666666666666666,0.7222222222222222,52.0,1.8333333333333333,-4.0,0.4650387806637806,0.6193333333333334,5.735833333333333,4.094420297661986,0.6666666666666666,0.9166666666666666,0.7666666666666667,44.166666666666664,1.5,0.4650387806637806,1.4429541297185287,2010,0.4788148984375551,0.33982857917298503,LAR vs. NOR,NOR,1657.0399158950522,3.0,LAR,1483.4767495384745,14.0,1,18,-9.5,1,-425.0,365.0,0,0
SFO,14.0,5.0,0.35714285714285715,11.071428571428571,155,11.142857142857142,156,-22.207142857142856,0.037851394999913045,-8.271428571428569,-0.5414517215953586,1.6117771117771118,2.0667955060812204,-0.45501839430410856,5.863720819238709,17.857142857142858,250.0,44.0,22.428571428571427,314.0,56.0,NFC West,-1,-4.571428571428571,-64,0.5379902149132918,0.5702142857142857,6.137857142857143,4.003943349022903,1.1428571428571428,0.5714285714285714,0.85,58.714285714285715,1.5,-2.0,0.33527616174675,0.6477857142857142,6.862142857142857,3.4246402324276306,1.6428571428571428,0.5714285714285714,0.7738095238095238,53.92857142857143,1.3571428571428572,0.33527616174675,-0.8637208192387087,2010-12-26,2010,0.26635773454078193,0.31118664566054594,LAR,14.0,6.0,0.42857142857142855,11.571428571428571,162,11.214285714285714,157,-23.914285714285715,-0.04064652927029828,-22.371428571428574,0.6413373323626873,1.6254644165358452,1.9275530025530025,-0.3020885860171575,6.814461716585421,18.428571428571427,258.0,53.0,21.071428571428573,295.0,57.0,NFC West,-2,-2.642857142857143,-37,0.40763253840176916,0.5944285714285714,5.151428571428572,3.925445424752691,1.2142857142857142,0.5714285714285714,0.8214285714285714,56.42857142857143,1.3571428571428572,4.0,0.33071319436865654,0.5747142857142856,5.882142857142857,4.607429286385676,1.3571428571428572,0.5,0.9464285714285714,60.785714285714285,1.6428571428571428,0.33071319436865654,-0.8144617165854209,2010,0.3081276582984888,0.31600349506580117,SFO vs. LAR,LAR,1492.904768246069,13.0,SFO,1396.365853677269,22.0,1,8,-2.0,1,-134.0,121.0,1,0
LAR,15.0,7.0,0.4666666666666667,11.666666666666666,175,11.2,168,-21.98,-0.15948574806333482,-22.78666666666667,0.6040166497782453,1.6453052503052503,1.9020797720797722,-0.2567745217745218,7.528283807046925,18.866666666666667,283.0,58.0,20.8,312.0,59.0,NFC West,1,-1.9333333333333333,-29,0.4040261325975612,0.6052666666666667,5.339333333333333,3.806606205959654,1.2,0.6,0.8333333333333334,55.4,1.3333333333333333,5.0,0.32771326712503185,0.5697333333333333,5.923333333333333,4.570108603801234,1.3333333333333333,0.4666666666666667,0.9166666666666666,62.53333333333333,1.6666666666666667,0.32771326712503185,-0.5282838070469253,2011-01-02,2010,0.31975601493001077,0.31540922832707596,SEA,15.0,6.0,0.4,11.0,165,11.666666666666666,175,-31.426666666666666,-0.4032196149725946,-7.533333333333331,0.23035722198604583,1.8174669774669776,2.3838332038332037,-0.5663662263662262,5.83645820412941,19.6,294.0,48.0,26.733333333333334,401.0,67.0,NFC West,-3,-7.133333333333334,-107,0.48997728462014173,0.5936,4.759333333333333,3.5628723390503945,0.8666666666666667,0.8666666666666667,0.7878787878787878,54.666666666666664,2.0,-9.0,0.36858909608909607,0.5890666666666667,7.5806666666666676,4.196449176009035,2.066666666666667,0.8666666666666667,0.7833333333333333,44.2,1.4,0.36858909608909607,0.16354179587059026,2010,0.29408081058658114,0.361507542980316,LAR vs. SEA,SEA,1540.0161815928163,4.0,LAR,1464.0064999802885,19.0,1,10,3.0,1,148.0,-164.0,1,0
LVR,5.0,2.0,0.4,11.8,59,11.6,58,-27.96,0.43512249819146315,-0.13999999999999774,0.7981937602627254,1.983155733155733,2.312121212121212,-0.32896547896547895,2.128157858245464,22.2,111.0,20.0,26.8,134.0,21.0,AFC West,1,-4.6,-23,0.41666666666666663,0.5596,5.286,4.401214452214452,1.2,0.6,0.7833333333333333,79.6,1.6,0.0,0.3418767507002801,0.5964,7.715999999999999,4.764285714285714,2.0,1.2,0.7,71.2,1.6,0.3418767507002801,-0.12815785824546388,2010-10-17,2010,0.33029438249183296,0.280374775782225,SFO,5.0,0.0,0.0,11.0,55,11.0,55,-28.879999999999995,-0.4075863558835235,-1.6399999999999977,-0.2165336135351132,1.396099456099456,2.373030303030303,-0.976930846930847,1.3611058313032047,15.2,76.0,12.0,26.0,130.0,22.0,NFC West,-5,-10.8,-54,0.7916666666666666,0.6284,4.734,3.558505598139466,1.2,0.4,0.8333333333333334,52.2,3.0,-10.0,0.3945801910507793,0.679,7.286,3.7495583404878756,1.8,0.6,0.8333333333333334,43.8,1.0,0.3945801910507793,-1.3611058313032047,2010,0.1587881091794965,0.21111153349574363,LVR vs. SFO,SFO,1328.257145862464,26.0,LVR,1474.5533792971396,17.0,1,8,-9.0,0,-350.0,305.0,0,0
SEA,6.0,4.0,0.6666666666666666,11.166666666666666,67,12.166666666666666,73,-24.45,-0.2522197618548642,-28.833333333333332,-0.3531638003053617,1.8445156695156697,1.5495985495985496,0.2949171199171199,3.2420037973140414,20.0,120.0,19.0,17.833333333333332,107.0,19.0,NFC West,2,2.1666666666666665,13,0.44666666666666666,0.6111666666666666,5.173333333333333,3.713872192168125,1.0,0.6666666666666666,1.0,59.666666666666664,1.6666666666666667,3.0,0.42355607355607355,0.5333333333333333,5.73,3.6129281537176277,1.0,0.6666666666666666,0.9444444444444445,44.833333333333336,2.1666666666666665,0.42355607355607355,0.7579962026859586,2010-10-31,2010,0.3194077807239632,0.2497760909840941,LVR,7.0,3.0,0.42857142857142855,11.714285714285714,82,11.857142857142858,83,-29.857142857142858,0.6025410796100447,-6.428571428571426,0.7953319703854841,2.2358038786610215,2.015151515151515,0.2206523635095064,3.277488877363389,25.571428571428573,179.0,31.0,23.571428571428573,165.0,26.0,AFC West,1,2.0,14,0.3333333333333333,0.5398571428571428,5.204285714285715,4.568633033633033,1.1428571428571428,1.1428571428571428,0.8452380952380951,78.85714285714286,1.4285714285714286,1.0,0.3577507926247422,0.5544285714285715,7.3,4.761423924408474,2.0,0.8571428571428571,0.75,80.42857142857143,1.5714285714285714,0.3577507926247422,-0.277488877363389,2010,0.3630624473897821,0.2560848350921719,SEA vs. LVR,LVR,1461.8557081118925,17.0,SEA,1592.9393465374576,7.0,1,30,-1.5,1,-118.0,107.0,0,0
LVR,9.0,5.0,0.5555555555555556,12.222222222222221,110,12.444444444444445,112,-24.1,0.746833453902419,-14.01111111111111,0.3519608471767212,2.191380224713558,1.7318699818699819,0.4595102428435762,4.856157163951717,26.11111111111111,235.0,42.0,20.88888888888889,188.0,31.0,AFC West,3,5.222222222222222,47,0.4226190476190476,0.5437777777777778,6.072222222222222,4.7129254079254075,1.2222222222222223,1.0,0.8296296296296296,88.55555555555556,1.4444444444444444,1.0,0.3387081328257799,0.5397777777777778,6.546666666666667,4.31805280119971,1.7777777777777777,0.6666666666666666,0.7291666666666666,79.77777777777777,1.5555555555555556,0.3387081328257799,0.1438428360482833,2010-11-21,2010,0.3879206051656848,0.2504554840451357,PIT,9.0,6.0,0.6666666666666666,11.0,99,11.333333333333334,102,-12.022222222222224,0.0891062345533358,-17.711111111111112,-1.118480655856135,2.0688638521971856,1.6144318644318645,0.4544319877653212,5.3990392186369665,22.22222222222222,200.0,35.0,18.0,162.0,32.0,AFC North,-1,4.222222222222222,38,0.6342261904761904,0.6285555555555555,6.843333333333334,4.055198188576325,1.4444444444444444,0.7777777777777778,0.6583333333333333,42.55555555555556,1.4444444444444444,8.0,0.36359628026294694,0.6744444444444445,5.71,2.847611298166854,1.2222222222222223,0.4444444444444444,0.8055555555555556,49.666666666666664,2.3333333333333335,0.36359628026294694,0.6009607813630335,2010,0.3771421182353605,0.29981562636559594,LVR vs. PIT,PIT,1548.9257129422358,4.0,LVR,1584.2794941750792,14.0,1,32,-7.0,1,-290.0,256.0,0,0
MIA,10.0,5.0,0.5,10.5,105,10.1,101,-23.35,-0.2282616832209879,-14.669999999999998,-0.0876528996039649,1.5915151515151513,2.261067821067821,-0.6695526695526696,4.490253554427775,17.2,172.0,36.0,20.8,208.0,37.0,AFC East,-1,-3.6,-36,0.5451058201058201,0.6237999999999999,5.575,3.737830270802001,1.0,0.4,0.7708333333333333,36.0,1.7,-5.0,0.4164548849842967,0.6028,6.495,3.8784390544190246,1.3,0.6,0.8666666666666667,44.6,1.2,0.4164548849842967,0.5097464455722251,2010-11-28,2010,0.3603341638481906,0.3483768499863092,LVR,10.0,5.0,0.5,12.3,123,12.5,125,-28.29,0.6567909131098781,-9.919999999999998,0.41106465796584113,1.9953191253191254,1.8279137529137528,0.16740537240537243,4.859108729039359,23.8,238.0,43.0,22.3,223.0,36.0,AFC West,-1,1.5,15,0.4497354497354497,0.5359,5.537,4.6228828671328674,1.1,0.9,0.8466666666666667,85.2,1.6,-1.0,0.32626589097177333,0.5479,7.026000000000001,4.3771566119888305,1.9,0.8,0.7291666666666666,88.1,1.5,0.32626589097177333,0.14089127096064136,2010,0.3545189631311444,0.26325766860366645,MIA vs. LVR,LVR,1529.2091640071712,15.0,MIA,1496.0566210608804,15.0,0,-16,-3.0,0,-140.0,127.0,0,0
MIA,1.0,1.0,1.0,11.0,11,12.0,12,-26.299999999999997,-0.29942528735632257,-29.799999999999997,-1.0249154834347536,1.3636363636363635,0.8333333333333334,0.5303030303030302,0.7233124321755029,15.0,15.0,3.0,10.0,10.0,2.0,AFC East,1,5.0,5,0.5,0.618,4.82,3.6666666666666665,0.0,1.0,0.6666666666666666,15.0,0.0,0.0,0.4444444444444444,0.529,4.0,2.9411764705882355,1.0,0.0,0.5,35.0,0.0,0.4444444444444444,0.2766875678244971,2010-09-19,2010,0.3481875184975901,0.046114594637416184,MIN,1.0,0.0,0.0,10.0,10,9.0,9,-29.700000000000003,-0.009570214892554496,0.29999999999999716,-0.8060919540229889,0.9,1.5555555555555556,-0.6555555555555556,0.2597739807380468,9.0,9.0,2.0,14.0,14.0,2.0,NFC North,-1,-5.0,-5,0.5,0.556,5.07,3.9565217391304346,1.0,0.0,1.0,60.0,1.0,-1.0,0.38461538461538464,0.75,6.92,3.16,1.0,1.0,0.0,20.0,0.0,0.38461538461538464,-0.2597739807380468,2010,0.14804520385239064,-0.05772755127512151,MIA vs. MIN,MIN,1450.0,17.0,MIA,1550.0,1.0,0,-4,-5.5,0,-222.0,199.0,0,0
NYJ,2.0,1.0,0.5,10.0,20,10.0,20,-12.100000000000001,0.9208128078817728,-34.05,-1.966091954022989,1.9646464646464648,1.2323232323232323,0.7323232323232324,1.2758062329991924,18.5,37.0,8.0,12.0,24.0,4.0,AFC East,1,6.5,13,1.0,0.588,5.765,4.886904761904762,1.5,0.0,1.0,91.5,0.5,5.0,0.27622377622377625,0.541,5.1,2.0,1.0,0.5,0.5,58.5,3.0,0.27622377622377625,-0.2758062329991924,2010-09-26,2010,0.34483875340016157,0.07241937670008076,MIA,2.0,2.0,1.0,10.0,20,11.5,23,-11.299999999999997,-0.06379310344827638,-43.7,-0.13186735509250713,1.4595959595959596,0.8712121212121212,0.5883838383838383,1.4127388672042056,14.5,29.0,4.0,10.0,20.0,4.0,AFC East,2,4.5,9,0.0,0.609,6.61,3.902298850574713,0.5,0.5,0.6666666666666666,15.0,1.0,2.0,0.4494949494949495,0.5700000000000001,3.0149999999999997,3.834224598930482,0.5,0.5,0.75,39.5,2.0,0.4494949494949495,0.5872611327957944,2010,0.25872611327957945,0.1380227071996343,NYJ vs. MIA,MIA,1585.9935000197115,1.0,NYJ,1514.0064999802885,9.0,0,-8,-1.0,0,-131.0,119.0,1,0
NWE,3.0,2.0,0.6666666666666666,9.0,27,9.0,27,11.266666666666671,0.3651056050921902,1.7000000000000028,0.47168582375478857,3.3685185185185182,3.0370370370370368,0.33148148148148143,1.5468090431736234,30.0,90.0,12.0,27.333333333333332,82.0,14.0,AFC East,1,2.6666666666666665,8,0.0,0.6826666666666666,8.546666666666667,4.3311975591151795,2.6666666666666665,0.6666666666666666,0.4444444444444444,48.0,1.3333333333333333,0.0,0.5767288267288267,0.6980000000000001,7.3933333333333335,4.437777777777778,2.3333333333333335,0.3333333333333333,0.9166666666666666,36.0,1.3333333333333333,0.5767288267288267,0.45319095682637656,2010-10-04,2010,0.5115838454557595,0.4240083135255466,MIA,3.0,2.0,0.6666666666666666,10.333333333333334,31,11.0,33,-11.399999999999997,-0.1471680826253546,-22.3,0.26821869813756205,1.6700336700336702,1.6141414141414143,0.055892255892255806,1.7429061895725362,17.333333333333332,52.0,9.0,17.0,51.0,9.0,AFC East,-1,0.3333333333333333,1,0.25,0.5986666666666666,6.976666666666667,3.8189238713976343,1.0,0.3333333333333333,0.8333333333333333,27.333333333333332,1.0,1.0,0.4552188552188552,0.5586666666666668,5.773333333333333,4.234310652160551,1.3333333333333333,0.6666666666666666,0.6666666666666666,53.333333333333336,1.3333333333333333,0.4552188552188552,0.2570938104274638,2010,0.31520262681556105,0.2051903464024967,NWE vs. MIA,MIA,1525.7794834620518,4.0,NWE,1525.7794834620518,4.0,0,-27,-1.0,0,-111.0,101.0,1,0
PIT,5.0,4.0,0.8,11.0,55,11.2,56,-17.919999999999998,0.16881372721333737,-28.640000000000004,-1.1939630458940809,2.175843045843046,1.1071428571428572,1.0687001887001888,3.78929580242451,22.8,114.0,19.0,12.0,60.0,13.0,AFC North,1,10.8,54,0.7166666666666667,0.6182000000000001,6.146,4.134905681236327,1.2,1.0,0.65,38.6,1.2,9.0,0.3454256854256854,0.6698000000000001,4.6579999999999995,2.7721289081289084,0.6,0.4,0.85,46.8,3.0,0.3454256854256854,0.21070419757548997,2010-10-24,2010,0.36001229001430657,0.1954969806017192,MIA,5.0,3.0,0.6,10.4,52,10.0,50,-17.32,-0.029316385763162867,-16.059999999999995,0.04205396108286541,1.70020202020202,2.5399134199134195,-0.8397113997113997,2.3976214636412188,17.8,89.0,16.0,22.4,112.0,17.0,AFC East,1,-4.6,-23,0.44166666666666665,0.6136,6.108,3.9367755682598258,1.4,0.2,0.6666666666666666,30.4,1.6,-3.0,0.49217893217893216,0.6026,6.412000000000001,4.008145915105855,1.2,0.8,0.8,47.2,1.0,0.49217893217893216,0.6023785363587812,2010,0.3447617560836173,0.3129617404723971,PIT vs. MIA,MIA,1529.713001266732,13.0,PIT,1609.220134686934,2.0,0,-1,3.0,1,129.0,-142.0,0,0
TEN,8.0,5.0,0.625,11.25,90,11.75,94,-0.9749999999999988,0.1407512218189031,-27.950000000000003,0.112228110929109,2.5958395770895772,1.5703907203907204,1.0254488566988567,5.216506986413596,28.0,224.0,38.0,18.75,150.0,32.0,AFC South,-1,9.25,74,0.5312925170068027,0.60975,7.817500000000001,4.106843175841892,1.75,1.125,0.9583333333333333,69.75,1.625,6.0,0.38134157509157507,0.6351249999999999,4.415,4.0783200649520985,1.125,0.375,0.8333333333333333,77.75,2.375,0.38134157509157507,-0.216506986413596,2010-11-14,2010,0.4107954646059491,0.2886592771738895,MIA,8.0,4.0,0.5,10.625,85,10.0,80,-23.725,-0.035470782187154215,-7.575,-0.2149181359992089,1.6598484848484847,2.427029220779221,-0.767180735930736,3.710234830295573,17.875,143.0,30.0,21.875,175.0,30.0,AFC East,-1,-4.0,-32,0.5163265306122449,0.625375,5.47375,3.930621171835835,1.0,0.375,0.738095238095238,31.5,1.875,-7.0,0.4430284992784993,0.61425,7.3525,3.7511738180237804,1.5,0.5,0.8285714285714285,43.25,1.0,0.4430284992784993,0.289765169704427,2010,0.3657249339575483,0.34170774232989504,TEN vs. MIA,MIA,1487.848146310618,15.0,TEN,1554.4778904084103,7.0,1,12,-1.0,1,-123.0,111.0,0,0
MIA,12.0,6.0,0.5,10.833333333333334,130,10.416666666666666,125,-24.958333333333332,-0.2380318644090765,-15.716666666666667,-0.4259786005929942,1.619531857031857,2.096344396344396,-0.47681253931253936,5.667694558886047,17.916666666666668,215.0,45.0,19.833333333333332,238.0,42.0,AFC East,-1,-1.9166666666666667,-23,0.5245080676898859,0.60875,5.559166666666667,3.7280600896139124,1.0833333333333333,0.4166666666666667,0.7333333333333333,36.0,1.75,-6.0,0.4103289455069641,0.6054166666666667,6.4125000000000005,3.540113353429995,1.25,0.5,0.8606060606060606,42.583333333333336,1.25,0.4103289455069641,0.3323054411139532,2010-12-12,2010,0.3557395800321333,0.3173045523511907,NYJ,12.0,9.0,0.75,11.75,141,11.75,141,-22.058333333333334,0.528592134711781,-19.491666666666667,-0.40004392498582964,1.8861407111407111,1.696132571132571,0.19000814000813993,6.875520747848602,22.25,267.0,49.0,19.333333333333332,232.0,42.0,AFC East,-1,2.9166666666666665,35,0.4934638593729503,0.5529166666666666,5.8975,4.49468408873477,1.4166666666666667,0.75,0.6791666666666667,67.16666666666667,1.3333333333333333,4.0,0.37591060899884426,0.5189166666666667,6.5616666666666665,3.5660480290371592,1.5833333333333333,0.6666666666666666,0.7685185185185185,46.833333333333336,1.6666666666666667,0.37591060899884426,2.1244792521513984,2010,0.4090422478459921,0.32578494597538926,MIA vs. NYJ,NYJ,1514.0064999802885,9.0,MIA,1585.9935000197115,1.0,0,-4,-5.0,0,-220.0,197.0,1,0
MIA,15.0,7.0,0.4666666666666667,11.2,168,10.733333333333333,161,-25.706666666666667,-0.26767956274911836,-16.186666666666667,-0.5588974424117233,1.5749184149184148,2.023136123136123,-0.44821770821770823,7.191773710806984,17.733333333333334,266.0,54.0,19.666666666666668,295.0,52.0,AFC East,-2,-1.9333333333333333,-29,0.5025765900765901,0.5973333333333334,5.276666666666667,3.6984123912738704,1.0666666666666667,0.5333333333333333,0.7179487179487178,37.733333333333334,1.9333333333333333,-11.0,0.39519126098073465,0.5869333333333333,6.518,3.407194511611266,1.2666666666666666,0.4666666666666667,0.8904761904761905,43.86666666666667,1.2,0.39519126098073465,-0.19177371080698435,2011-01-02,2010,0.3173191347684218,0.297319986351154,NWE,15.0,13.0,0.8666666666666667,9.733333333333333,146,10.266666666666667,154,8.4,0.3811851786582082,-19.38,0.27716892583271757,3.4076599326599326,2.0305102305102305,1.3771497021497021,10.142821016289696,32.0,480.0,73.0,20.4,306.0,53.0,AFC East,7,11.6,174,0.4646425003567861,0.6638000000000001,8.532,4.347277132681198,2.2666666666666666,1.2,0.8717948717948718,46.266666666666666,0.6,27.0,0.45847725717694754,0.646,5.820666666666667,4.243260879855707,1.6,0.6666666666666666,0.7628205128205128,43.13333333333333,2.4,0.45847725717694754,2.8571789837103037,2010,0.5952392994570102,0.38676644421499834,MIA vs. NWE,NWE,1525.7794834620518,4.0,MIA,1525.7794834620518,4.0,1,31,-4.0,1,-205.0,184.0,1,0
MIN,3.0,1.0,0.3333333333333333,11.0,33,10.333333333333334,31,-40.300000000000004,0.9618395347780652,-8.966666666666669,-0.42818511796733255,1.2696969696969698,1.2934472934472934,-0.023750323750323748,1.4587832197416817,14.333333333333334,43.0,8.0,12.666666666666666,38.0,5.0,NFC North,1,1.6666666666666667,5,0.5,0.6143333333333333,3.4933333333333336,4.927931488801054,0.6666666666666666,1.0,1.0,68.0,2.6666666666666665,-3.0,0.33816183816183815,0.6746666666666666,6.363333333333333,3.5379068360556567,1.0,0.3333333333333333,0.25,34.0,1.6666666666666667,0.33816183816183815,-0.4587832197416817,2010-10-11,2010,0.20535085092996513,0.08286111721818916,NYJ,4.0,3.0,0.75,10.75,43,11.0,44,3.875,1.128838259441707,-24.775,-0.2717984757621196,2.488092463092463,1.408119658119658,1.079972804972805,2.8598767862679684,26.5,106.0,19.0,15.25,61.0,11.0,AFC East,3,11.25,45,0.6666666666666666,0.58175,7.925,5.094930213464696,2.25,0.75,0.75,73.5,0.25,8.0,0.3911421911421912,0.526,5.8575,3.6942934782608696,1.5,0.25,0.6666666666666666,50.25,2.25,0.3911421911421912,0.14012321373203163,2010,0.45733919221458497,0.19625770085825198,MIN vs. NYJ,NYJ,1598.2458238731524,1.0,MIN,1461.991893872262,19.0,1,9,-4.0,1,-215.0,193.0,0,0
MIN,6.0,2.0,0.3333333333333333,10.833333333333334,65,10.5,63,-31.149999999999995,0.6374240549278026,-14.649999999999999,-0.2216274076307716,1.7357031857031855,1.887037037037037,-0.15133385133385138,2.739967309627011,18.5,111.0,18.0,19.333333333333332,116.0,17.0,NFC North,-1,-0.8333333333333334,-5,0.5,0.5906666666666667,4.511666666666667,4.603516008950792,1.1666666666666667,1.0,1.0,56.666666666666664,2.5,-6.0,0.40162060162060165,0.6418333333333334,5.993333333333333,3.7444645463922175,1.3333333333333333,0.5,0.5,44.666666666666664,1.5,0.40162060162060165,-0.7399673096270112,2010-10-31,2010,0.2427707395556764,0.19158877178926137,NWE,6.0,5.0,0.8333333333333334,9.666666666666666,58,10.166666666666666,61,-2.4333333333333322,0.019764692667467793,-4.483333333333332,-0.1984168839949779,3.3175925925925926,2.311292411292411,1.0063001813001813,3.6382738784140307,29.5,177.0,26.0,22.666666666666668,136.0,24.0,AFC East,4,6.833333333333333,41,0.36,0.6746666666666666,6.945,3.9858566466904564,1.8333333333333333,0.8333333333333334,0.7222222222222222,50.666666666666664,1.0,6.0,0.45340770340770337,0.7045,6.848333333333333,3.767675070028011,2.0,0.3333333333333333,0.7361111111111112,47.333333333333336,2.0,0.45340770340770337,1.3617261215859693,2010,0.5500140205782621,0.4171623686285882,MIN vs. NWE,NWE,1655.03243782684,1.0,MIN,1427.067878748009,20.0,1,10,-5.0,1,-212.0,190.0,0,0
MIN,10.0,3.0,0.3,10.9,109,10.6,106,-30.29,0.4772947076245423,-7.169999999999999,-0.3604957372701697,1.5874475524475524,2.1683333333333334,-0.5808857808857809,3.723315369743662,17.2,172.0,30.0,22.6,226.0,33.0,NFC North,-2,-5.4,-54,0.5615079365079365,0.6022000000000001,4.796,4.443386661647532,1.1,0.8,0.9629629629629629,50.9,2.5,-13.0,0.3442163392163392,0.6385,6.975,3.6055962167528195,1.7,0.6,0.6944444444444443,47.5,1.2,0.3442163392163392,-0.7233153697436618,2010-11-28,2010,0.2553215953281561,0.2576703705645841,WAS,10.0,5.0,0.5,12.3,123,12.3,123,-27.46,0.1664187271789693,-10.1,1.1616628249171748,1.663074841824842,1.96640873015873,-0.3033338883338884,4.823704009863935,20.2,202.0,37.0,24.5,245.0,41.0,NFC East,1,-4.3,-43,0.5589506172839506,0.5643,5.787000000000001,4.132510681201959,1.0,0.8,0.7685185185185186,46.2,1.5,6.0,0.23838279367691131,0.6429,6.997,5.127754778940163,1.8,0.6,0.7222222222222222,61.5,2.1,0.23838279367691131,0.17629599013606523,2010,0.3061162208414914,0.3058765330045355,MIN vs. WAS,WAS,1508.7396213198265,15.0,MIN,1390.0879336871492,23.0,0,-4,1.0,0,115.0,-127.0,0,0
NYG,12.0,8.0,0.6666666666666666,11.833333333333334,142,11.916666666666666,143,-11.633333333333335,0.6881017137520057,-25.308333333333337,-0.10592282123105001,2.202864265364265,1.7938973063973063,0.40896695896695895,7.204818652306032,25.666666666666668,308.0,53.0,20.583333333333332,247.0,43.0,NFC East,2,5.083333333333333,61,0.4606946084218811,0.6395,6.545833333333333,4.654193667774995,1.9166666666666667,1.1666666666666667,0.8833333333333334,51.5,2.5833333333333335,-1.0,0.3601939726939727,0.5704166666666667,5.5425,3.8601691327919387,1.25,0.6666666666666666,0.8606060606060606,61.833333333333336,2.5,0.3601939726939727,0.7951813476939682,2010-12-13,2010,0.39797218980503535,0.2955668985727509,MIN,12.0,5.0,0.4166666666666667,11.083333333333334,133,10.666666666666666,128,-28.266666666666666,0.4746688605078484,-10.424999999999999,-0.4711831780779138,1.6907301032301032,2.0124999999999997,-0.3217698967698968,5.291353425706041,18.916666666666668,227.0,39.0,21.083333333333332,253.0,37.0,NFC North,2,-2.1666666666666665,-26,0.5213990554899646,0.6104999999999999,4.7175,4.4407608145308375,1.0833333333333333,1.0833333333333333,0.9696969696969696,45.333333333333336,2.4166666666666665,-11.0,0.3479580604580605,0.6320833333333333,6.631666666666667,3.4949087759450754,1.5833333333333333,0.5,0.738095238095238,47.0,1.5,0.3479580604580605,-0.29135342570604106,2010,0.28611354410868695,0.2579556791984873,NYG vs. MIN,MIN,1492.46503471447,20.0,NYG,1615.123344732744,7.0,0,-18,4.5,0,205.0,-230.0,0,0
MIN,14.0,5.0,0.35714285714285715,11.357142857142858,159,10.928571428571429,153,-32.22142857142857,0.3776121207696769,-11.485714285714284,-0.20198028830878115,1.538482945625803,2.078479853479853,-0.5399969078540507,5.377887729436435,17.428571428571427,244.0,42.0,22.428571428571427,314.0,47.0,NFC North,-2,-5.0,-70,0.5457203053356899,0.6012857142857142,4.257142857142857,4.343704074792666,1.0,1.0,0.9722222222222222,47.857142857142854,2.5,-14.0,0.3266588570159999,0.6259285714285714,6.507857142857143,3.764111665714208,1.6428571428571428,0.5714285714285714,0.7708333333333333,49.357142857142854,1.5,0.3266588570159999,-0.3778877294364351,2010-12-28,2010,0.2570209862370484,0.27695577811227245,PHI,14.0,10.0,0.7142857142857143,11.428571428571429,160,11.785714285714286,165,-2.0,1.6459332543520693,-21.071428571428573,0.049142163312904934,2.5790197897340756,2.062797519940377,0.5162222697936983,8.151958364700526,29.428571428571427,412.0,73.0,24.214285714285715,339.0,57.0,NFC East,3,5.214285714285714,73,0.48931837393375854,0.6365714285714287,7.988571428571428,5.612025208375059,1.8571428571428572,1.2142857142857142,0.8930555555555556,71.35714285714286,1.2857142857142858,14.0,0.4065573315573316,0.5768571428571428,5.852857142857142,4.015234117335894,2.142857142857143,0.7142857142857143,0.9230769230769231,43.214285714285715,2.2857142857142856,0.4065573315573316,1.8480416352994737,2010,0.5164763568646703,0.36638024814375325,MIN vs. PHI,PHI,1715.6683424340272,3.0,MIN,1431.6329347205965,21.0,0,-10,-14.0,0,-1000.0,760.0,0,0
NWE,1.0,1.0,1.0,8.0,8,9.0,9,20.900000000000006,1.1643428285857063,-7.799999999999997,-0.4860919540229891,4.75,2.6666666666666665,2.0833333333333335,0.748210629257221,38.0,38.0,4.0,24.0,24.0,4.0,AFC East,1,14.0,14,0.5,0.7140000000000001,9.09,5.130434782608695,3.0,0.0,0.3333333333333333,30.0,0.0,2.0,0.6923076923076923,0.68,6.72,3.48,2.0,1.0,1.0,5.0,2.0,0.6923076923076923,0.25178937074277896,2010-09-19,2010,0.6258946853713895,0.11190638699679065,NYJ,1.0,0.0,0.0,11.0,11,11.0,11,-45.7,1.5577175697865346,-39.5,-2.566091954022989,0.8181818181818182,0.9090909090909091,-0.09090909090909083,0.4378962522437961,9.0,9.0,3.0,10.0,10.0,2.0,AFC East,-1,-1.0,-1,0.5,0.476,2.86,5.523809523809524,0.0,0.0,1.0,125.0,1.0,2.0,0.09090909090909091,0.526,4.95,1.4,0.0,1.0,1.0,38.0,3.0,0.09090909090909091,-0.4378962522437961,2010,0.1533010221153283,-0.07961750040796294,NWE vs. NYJ,NYJ,1450.0,17.0,NWE,1550.0,1.0,1,14,3.0,1,140.0,-155.0,1,0
NWE,8.0,6.0,0.75,9.625,77,10.0,80,-4.987499999999999,0.013115345809668333,-4.637499999999999,0.07110915369282467,3.052083333333333,2.4084693084693085,0.6436140248640249,4.487314342312653,27.375,219.0,32.0,23.5,188.0,33.0,AFC East,-1,3.875,31,0.34557823129251697,0.642625,7.10375,3.9792072998326575,1.75,1.0,0.7222222222222222,46.375,1.125,5.0,0.44232850482850483,0.706,7.1362499999999995,4.037201107715814,1.625,0.875,0.8020833333333334,43.375,1.75,0.44232850482850483,1.5126856576873466,2010-11-14,2010,0.494165488711031,0.43893535422450375,PIT,8.0,6.0,0.75,11.0,88,11.375,91,-12.8625,0.0022560081253764075,-22.1,-1.2989875769186119,2.0320172882672884,1.3730540293040292,0.658963258963259,5.122351650812469,21.75,174.0,31.0,15.375,123.0,26.0,AFC North,1,6.375,51,0.6176870748299319,0.630625,6.7700000000000005,3.9683479621483655,1.25,0.875,0.680952380952381,42.25,1.5,9.0,0.3569624819624819,0.6715,5.2325,2.667104377104377,1.0,0.375,0.78125,41.75,2.625,0.3569624819624819,0.8776483491875311,2010,0.3909191744670646,0.2813445838995547,NWE vs. PIT,PIT,1598.941208841591,1.0,NWE,1598.833532300829,1.0,0,-13,-4.5,0,-190.0,171.0,0,0
NYJ,11.0,9.0,0.8181818181818182,12.0,132,11.909090909090908,131,-17.327272727272724,0.4914519785557043,-25.41818181818182,-0.4290045936747591,2.027305018214109,1.441235532144623,0.5860694860694861,6.873891618313939,24.0,264.0,48.0,17.0,187.0,35.0,AFC East,4,7.0,77,0.4609920634920635,0.5563636363636364,6.395454545454545,4.457543932578694,1.5454545454545454,0.8181818181818182,0.6954545454545454,68.18181818181819,1.1818181818181819,7.0,0.3873570279987392,0.5002727272727273,5.954545454545454,3.5370873603482305,1.3636363636363635,0.5454545454545454,0.7395833333333333,50.18181818181818,1.8181818181818181,0.3873570279987392,2.126108381686061,2010-12-06,2010,0.43392093823755573,0.294527268118676,NWE,11.0,9.0,0.8181818181818182,9.636363636363637,106,10.090909090909092,111,5.22727272727273,0.1635900037875712,-7.354545454545454,0.15894319502285523,3.303374655647383,2.447665465847284,0.8557091898000988,6.586690910549104,30.363636363636363,334.0,50.0,24.181818181818183,266.0,45.0,AFC East,3,6.181818181818182,68,0.4035714285714286,0.6706363636363636,8.232727272727272,4.12968195781056,2.090909090909091,1.1818181818181819,0.8148148148148148,49.90909090909091,0.8181818181818182,11.0,0.4522719704537886,0.6889090909090909,6.870909090909091,4.125035149045844,1.9090909090909092,0.8181818181818182,0.7416666666666667,46.0,1.8181818181818181,0.4522719704537886,2.4133090894508964,2010,0.5751847808512391,0.4574929639846768,NYJ vs. NWE,NWE,1550.0,1.0,NYJ,1450.0,17.0,1,42,-4.0,1,-201.0,180.0,1,0
NYJ,1.0,12.0,12.0,11.529411764705882,196,11.470588235294118,195,-23.958823529411763,0.43210147880244376,-21.81764705882353,-0.334723083852968,2.003849092084386,1.7175781734605262,0.2862709186238598,9.705800080024465,22.58823529411765,384.0,67.0,18.823529411764707,320.0,57.0,AFC East,2,3.764705882352941,64,0.5189553502053502,0.554235294117647,5.765882352941176,4.398193432825432,1.1764705882352942,0.9411764705882353,0.7735294117647059,55.8235294117647,1.2941176470588236,8.0,0.3995007875630713,0.5110000000000001,6.05,3.631368870170021,1.4705882352941178,0.6470588235294118,0.8012820512820512,40.529411764705884,1.7647058823529411,0.3995007875630713,2.2941999199755347,2011-01-16,2010,1.1260785440732695,0.670612284300541,NWE,16.0,14.0,0.875,9.75,156,10.3125,165,9.84375,0.36086924675452225,-20.724999999999998,0.1838401208417359,3.4321811868686867,1.9433760683760684,1.4888051184926185,11.124997847656825,32.375,518.0,78.0,19.5625,313.0,54.0,AFC East,8,12.8125,205,0.46477744477744476,0.6589375000000001,8.82,4.326961200777511,2.3125,1.1875,0.880952380952381,47.875,0.625,28.0,0.4702636050739766,0.632625,5.7625,4.149932074864725,1.5625,0.625,0.7083333333333333,42.9375,2.375,0.4702636050739766,2.875002152343175,2010,0.5898438172607242,0.3656250440252013,NYJ vs. NWE,NWE,1550.0,1.0,NYJ,1450.0,17.0,1,42,-4.0,1,-201.0,180.0,1,0
NOR,1.0,1.0,1.0,9.0,9,10.0,10,0.29999999999999716,-0.8060919540229889,-29.700000000000003,-0.009570214892554496,1.5555555555555556,0.9,0.6555555555555556,0.7402260192619532,14.0,14.0,2.0,9.0,9.0,2.0,NFC South,1,5.0,5,0.5,0.75,6.92,3.16,1.0,1.0,0.0,20.0,0.0,1.0,0.2727272727272727,0.556,5.07,3.9565217391304346,1.0,0.0,1.0,60.0,1.0,0.2727272727272727,0.2597739807380468,2010-09-20,2010,0.27994977349734373,0.05195479614760937,SFO,1.0,0.0,0.0,11.0,11,10.0,10,-48.5,-1.3871445856019364,7.400000000000006,-0.6182658670664671,0.5454545454545454,3.1,-2.5545454545454547,0.019994915717972586,6.0,6.0,2.0,31.0,31.0,4.0,NFC West,-1,-25.0,-25,0.5,0.578,2.76,2.5789473684210527,0.0,0.0,1.0,60.0,2.0,-1.0,0.06666666666666667,0.7829999999999999,6.96,3.347826086956522,2.0,1.0,1.0,35.0,1.0,0.06666666666666667,-0.019994915717972586,2010,0.17818274259673225,-0.00799796628718905,NOR vs. SFO,SFO,1450.0,17.0,NOR,1550.0,1.0,0,-3,4.5,1,193.0,-215.0,0,0
NOR,5.0,3.0,0.6,10.4,52,10.0,50,-5.200000000000003,-0.7727152560083599,-18.24,0.09327370929919584,1.890909090909091,2.0575757575757576,-0.1666666666666667,2.6012075706208844,19.8,99.0,19.0,20.4,102.0,15.0,NFC South,-1,-0.6,-3,0.25,0.7158,6.640000000000001,3.193376698014629,1.8,0.2,0.6333333333333333,38.6,1.8,-1.0,0.4545454545454545,0.6106,6.198,4.059365663322184,1.0,0.8,1.0,45.2,1.6,0.4545454545454545,0.39879242937911563,2010-10-17,2010,0.3945271390700123,0.26392754576274696,TAM,4.0,3.0,0.75,11.25,45,11.5,46,-14.0,0.037415812720071995,-32.225,0.9665276229580008,1.6519230769230768,1.8747863247863248,-0.2228632478632479,2.1877707971851805,18.5,74.0,13.0,20.0,80.0,12.0,NFC South,1,-1.5,-6,0.5,0.60475,6.605,4.003507766743061,1.25,0.5,1.0,38.75,1.75,5.0,0.43086325439266615,0.5725,4.9475,4.93261957698099,1.75,0.5,0.6666666666666666,43.75,3.0,0.43086325439266615,0.8122292028148195,2010,0.34754988686995913,0.24862364366183604,NOR vs. TAM,TAM,1579.270230156499,5.0,NOR,1494.567693533966,7.0,0,-25,5.5,0,205.0,-230.0,1,0
PIT,6.0,5.0,0.8333333333333334,10.833333333333334,65,11.333333333333334,68,-9.900000000000002,-0.16231252830135898,-26.900000000000002,-1.1480480226457244,2.1965358715358714,1.228174603174603,0.9683612683612685,4.315609139119594,22.833333333333332,137.0,24.0,13.666666666666666,82.0,19.0,AFC North,2,9.166666666666666,55,0.6933333333333334,0.6325,7.158333333333334,3.8037794257216304,1.3333333333333333,0.8333333333333334,0.72,37.833333333333336,1.3333333333333333,9.0,0.3545214045214045,0.6646666666666666,4.918333333333334,2.8180439313772645,0.6666666666666666,0.3333333333333333,0.875,44.833333333333336,2.8333333333333335,0.3545214045214045,0.6843908608804057,2010-10-31,2010,0.41134712990033273,0.26471428028609734,NOR,7.0,4.0,0.5714285714285714,10.142857142857142,71,9.428571428571429,66,-7.500000000000002,-0.2783625665522222,-20.199999999999996,-0.09545661627585021,2.125,2.1125541125541125,0.012445887445887418,3.787717727729212,21.0,147.0,27.0,19.714285714285715,138.0,20.0,NFC South,-1,1.2857142857142858,9,0.3194444444444445,0.6994285714285714,6.484285714285714,3.687729387470767,2.0,0.2857142857142857,0.6666666666666666,53.0,2.0,-5.0,0.47943722943722944,0.6021428571428571,5.917142857142857,3.8706353377471387,0.8571428571428571,0.7142857142857143,0.8,40.857142857142854,1.2857142857142858,0.47943722943722944,0.21228227227078822,2010,0.3918141274674271,0.2689299684965709,PIT vs. NOR,NOR,1484.2392498052063,10.0,PIT,1647.9737718794352,1.0,1,10,-1.0,1,-117.0,106.0,0,0
SEA,9.0,5.0,0.5555555555555556,11.333333333333334,102,12.11111111111111,109,-30.055555555555557,-0.4321692362108493,-17.511111111111113,-0.08544363838027255,1.6664292497625832,1.9245186911853578,-0.2580894414227747,4.098235253607006,18.444444444444443,166.0,29.0,22.11111111111111,199.0,36.0,NFC West,1,-3.6666666666666665,-33,0.4688988095238095,0.5827777777777778,4.8933333333333335,3.53392271781214,0.8888888888888888,0.6666666666666666,0.8611111111111112,59.333333333333336,1.6666666666666667,1.0,0.3476484934818268,0.547,7.1033333333333335,3.8806483156427163,1.3333333333333333,0.8888888888888888,0.9407407407407408,51.55555555555556,1.7777777777777777,0.3476484934818268,0.9017647463929936,2010-11-21,2010,0.3128008471082754,0.32667026592267867,NOR,9.0,6.0,0.6666666666666666,10.333333333333334,93,9.777777777777779,88,-7.700000000000001,-0.36621116059334496,-26.2,0.2037937319496534,2.189814814814815,1.781986531986532,0.4078282828282828,5.622466905353361,22.333333333333332,201.0,36.0,16.77777777777778,151.0,23.0,NFC South,2,5.555555555555555,50,0.36160714285714285,0.6996666666666667,6.372222222222223,3.599880793429644,2.0,0.3333333333333333,0.7407407407407407,52.22222222222222,1.8888888888888888,-4.0,0.4770622895622895,0.5882222222222223,5.173333333333334,4.169885685972642,0.6666666666666666,0.6666666666666666,0.7142857142857143,43.22222222222222,1.4444444444444444,0.4770622895622895,0.37753309464663865,2010,0.40333475675899516,0.2432869459303948,SEA vs. NOR,NOR,1579.0819465237194,7.0,SEA,1525.1008051357423,11.0,1,15,-11.0,1,-510.0,431.0,0,0
TAM,15.0,9.0,0.6,10.266666666666667,154,10.333333333333334,155,-5.586666666666669,0.7568154925038243,-22.266666666666666,0.7341954607162723,2.0726789876789877,2.0695480445480445,0.0031309431309430795,7.957569152827078,21.2,318.0,53.0,20.333333333333332,305.0,49.0,NFC South,1,0.8666666666666667,13,0.4904862994148708,0.6156,7.556,4.722907446526814,1.6,0.6,0.7857142857142857,52.2,1.1333333333333333,8.0,0.4328417007828772,0.591,5.604,4.700287414739262,1.4666666666666666,0.8,0.7833333333333333,42.06666666666667,1.6666666666666667,0.4328417007828772,1.0424308471729216,2011-01-02,2010,0.36807308870137007,0.3170232737683755,NOR,15.0,11.0,0.7333333333333333,10.533333333333333,158,10.133333333333333,152,-7.626666666666667,-0.21710540959678937,-21.219999999999995,0.27005034471266004,2.3834848484848483,1.916070966070966,0.4674138824138824,9.427796701059238,24.733333333333334,371.0,64.0,18.933333333333334,284.0,49.0,NFC South,1,5.8,87,0.4271201021201021,0.6905333333333333,6.567333333333334,3.7489865444262,2.1333333333333333,0.6,0.7777777777777778,55.93333333333333,1.8666666666666667,-5.0,0.47487793252499133,0.6008,5.794,4.236142298735649,0.7333333333333333,0.8666666666666667,0.7777777777777778,43.13333333333333,1.5333333333333334,0.47487793252499133,1.572203298940762,2010,0.4475194139798349,0.3346657726526743,TAM vs. NOR,NOR,1494.567693533966,7.0,TAM,1579.270230156499,5.0,0,-10,-7.0,0,-280.0,248.0,1,0
NOR,16.0,11.0,0.6875,10.4375,167,10.0,160,-9.08125,-0.1502807049870632,-18.1875,0.224041451041682,2.324794823232323,1.9760040306915307,0.3487907925407925,9.633309050645504,24.0,384.0,67.0,19.1875,307.0,54.0,NFC South,-1,4.8125,77,0.43864542864542866,0.6839375,6.421875,3.8158112490359257,2.0625,0.5625,0.7916666666666666,55.25,1.9375,-6.0,0.47644806174217935,0.6118750000000001,6.06375,4.190133405064671,0.8125,0.8125,0.7948717948717949,43.8125,1.5625,0.47644806174217935,1.3666909493544956,2011-01-08,2010,0.43546717575102967,0.34523488721294643,SEA,16.0,7.0,0.4375,11.0625,177,11.75,188,-30.43125,-0.37411342187753,-10.16875,0.1639124818188145,1.7872086247086247,2.2636897824397826,-0.4764811577311577,6.747349401186294,19.375,310.0,52.0,25.4375,407.0,69.0,NFC West,1,-6.0625,-97,0.4884232434232434,0.5946875,4.83,3.591978532145459,0.875,0.8125,0.8055555555555555,55.625,1.9375,-9.0,0.36221894425019424,0.58525,7.266875,4.130004435841804,1.9375,0.8125,0.7977777777777778,44.3125,1.375,0.36221894425019424,0.2526505988137062,2010,0.2984243754019466,0.349877955890341,NOR vs. SEA,SEA,1422.4547561262823,17.0,NOR,1624.8098791332493,5.0,1,5,9.5,1,423.0,-500.0,0,1
TEN,2.0,1.0,0.5,12.5,25,12.5,25,-2.399999999999995,-0.2924322803633155,-37.5,0.2553532674222323,2.1201298701298703,1.2724358974358974,0.8476939726939727,1.141999951982756,24.5,49.0,8.0,16.0,32.0,7.0,AFC South,-1,8.5,17,1.0,0.7255,6.395,3.6736596736596736,1.5,1.5,1.0,76.5,4.0,-5.0,0.4095238095238095,0.562,2.31,4.221445221445221,0.5,0.0,0.8333333333333333,56.0,1.5,0.4095238095238095,-0.14199995198275595,2010-09-26,2010,0.29728000768275903,0.12012000672241419,NYG,2.0,1.0,0.5,12.0,24,12.5,25,-15.699999999999996,0.07279693486589967,-14.250000000000007,-0.2514601710772524,1.875,2.3701298701298703,-0.4951298701298702,0.8696330555896955,22.5,45.0,7.0,28.0,56.0,9.0,NFC East,-1,-5.5,-11,0.0,0.6045,5.8,4.038888888888889,2.5,0.5,1.0,60.0,3.5,-1.0,0.31493506493506496,0.5845,6.43,3.7146317829457365,2.0,0.5,1.0,59.0,3.0,0.31493506493506496,0.1303669444103045,2010,0.31067851272650276,0.20346604999385481,TEN vs. NYG,NYG,1485.9935000197115,9.0,TEN,1500.0,9.0,0,-19,-3.0,0,-147.0,133.0,0,0
NYG,7.0,5.0,0.7142857142857143,12.285714285714286,86,12.428571428571429,87,-12.442857142857145,0.885672310241275,-24.400000000000002,-0.7025122346445095,1.996485260770975,1.8363636363636364,0.16012162440733868,4.157696949367032,25.0,175.0,29.0,21.857142857142858,153.0,26.0,NFC East,4,3.142857142857143,22,0.44166666666666665,0.6487142857142858,6.225714285714285,4.851764264264264,2.0,1.1428571428571428,0.7666666666666666,56.42857142857143,3.0,-5.0,0.35803482232053657,0.5625714285714286,5.155714285714287,3.26357971937848,1.4285714285714286,0.5714285714285714,1.0,62.57142857142857,2.2857142857142856,0.35803482232053657,0.8423030506329683,2010-11-07,2010,0.37778536290424597,0.2921180284342483,SEA,7.0,4.0,0.5714285714285714,11.428571428571429,80,12.285714285714286,86,-29.785714285714285,-0.4293894735179798,-21.814285714285713,0.0061614817642813135,1.613980463980464,1.690864690864691,-0.07688422688422689,3.245395547162077,17.571428571428573,123.0,20.0,20.0,140.0,26.0,NFC West,-1,-2.4285714285714284,-17,0.44365079365079363,0.581857142857143,4.755714285714285,3.5367024805050096,0.8571428571428571,0.5714285714285714,0.8666666666666666,59.0,1.5714285714285714,2.0,0.3719766344766345,0.5365714285714286,6.741428571428571,3.9722534357872705,1.1428571428571428,0.7142857142857143,0.9238095238095239,53.42857142857143,1.8571428571428572,0.3719766344766345,0.7546044528379232,2010,0.2769501590299258,0.29172710261426243,NYG vs. SEA,SEA,1524.9218044954796,10.0,NYG,1621.312442200439,3.0,0,-34,7.0,0,278.0,-316.0,0,0
NYG,9.0,6.0,0.6666666666666666,12.0,108,12.0,108,-8.111111111111112,0.6978266885304052,-22.488888888888894,-0.6420378865698857,2.193562610229277,1.8393939393939394,0.3541686708353375,5.376592259239755,26.22222222222222,236.0,40.0,21.444444444444443,193.0,32.0,NFC East,-1,4.777777777777778,43,0.41830357142857144,0.6538888888888889,6.805555555555555,4.663918642553394,2.111111111111111,1.1111111111111112,0.8333333333333333,56.0,2.7777777777777777,-5.0,0.3741980241980242,0.5612222222222223,5.945555555555556,3.324054067453103,1.5555555555555556,0.4444444444444444,0.9583333333333334,63.111111111111114,2.2222222222222223,0.3741980241980242,0.6234077407602454,2010-11-21,2010,0.396025009907829,0.28389819722667475,PHI,9.0,6.0,0.6666666666666666,11.444444444444445,103,11.88888888888889,107,1.5,1.414298601149325,-30.233333333333334,0.07404070814914683,2.4905242905242906,1.9267245100578434,0.5637997804664471,5.129253348344359,28.555555555555557,257.0,44.0,23.22222222222222,209.0,35.0,NFC East,2,5.333333333333333,48,0.4392857142857143,0.6376666666666666,8.351111111111111,5.380390555172315,1.8888888888888888,1.2222222222222223,0.8452380952380951,76.33333333333333,1.0,12.0,0.43806132139465476,0.5462222222222222,4.9188888888888895,4.0401326621721365,1.7777777777777777,0.8888888888888888,0.875,43.888888888888886,2.3333333333333335,0.43806132139465476,0.870746651655641,2010,0.46851440417782975,0.3224051223343171,NYG vs. PHI,PHI,1633.5535211465535,4.0,NYG,1569.4008722924666,4.0,1,10,-3.5,1,-181.0,163.0,1,0
WAS,11.0,5.0,0.45454545454545453,12.090909090909092,133,12.090909090909092,133,-27.50909090909091,-0.006466859224005927,-10.472727272727273,1.0232544957312266,1.6300680380225834,1.9421897546897546,-0.31212171666717126,5.169903829538662,19.545454545454547,215.0,40.0,23.818181818181817,262.0,44.0,NFC East,-1,-4.2727272727272725,-47,0.5330555555555556,0.5675454545454546,5.681818181818182,3.9596250947989833,1.0,0.7272727272727273,0.7916666666666667,45.18181818181818,1.4545454545454546,5.0,0.2591358730396163,0.6437272727272727,7.000909090909091,4.9893464497542155,1.6363636363636365,0.7272727272727273,0.75,57.27272727272727,1.9090909090909092,0.2591358730396163,-0.16990382953866234,2010-12-05,2010,0.2961065255081705,0.2956419900890628,NYG,11.0,7.0,0.6363636363636364,11.727272727272727,129,11.727272727272727,129,-9.254545454545456,0.6137354815295304,-24.427272727272733,-0.17545290006814646,2.1863414363414364,1.9115243342516068,0.27481710208982935,6.233379477653205,25.181818181818183,277.0,48.0,21.818181818181817,240.0,42.0,NFC East,1,3.3636363636363638,37,0.46130952380952384,0.643090909090909,6.719090909090909,4.579827435552519,2.090909090909091,0.9090909090909091,0.8703703703703703,53.0,2.727272727272727,-6.0,0.37475706112069745,0.5685454545454546,5.6454545454545455,3.7906390539548425,1.2727272727272727,0.7272727272727273,0.9466666666666667,64.27272727272727,2.1818181818181817,0.37475706112069745,0.7666205223467948,2010,0.3980252185149021,0.3186737575324633,WAS vs. NYG,NYG,1584.5191123590737,8.0,WAS,1442.2985150532656,17.0,1,24,-7.0,1,-355.0,310.0,1,0
PHI,13.0,9.0,0.6923076923076923,11.23076923076923,146,11.615384615384615,151,-1.7769230769230764,1.3560157795384291,-22.915384615384614,0.10986736836851962,2.5686147186147186,2.051144581913813,0.5174701367009059,7.53361335786395,28.76923076923077,374.0,68.0,23.692307692307693,308.0,52.0,NFC East,2,5.076923076923077,66,0.4724025974025974,0.6393846153846153,8.084615384615386,5.322107733561419,1.7692307692307692,1.2307692307692308,0.8833333333333333,74.53846153846153,1.1538461538461537,15.0,0.4098589444743291,0.5758461538461538,5.7130769230769225,4.075959322391508,2.0,0.7692307692307693,0.9166666666666666,43.84615384615385,2.3076923076923075,0.4098589444743291,1.46638664213605,2010-12-19,2010,0.5182899323842209,0.35672547396386883,NYG,13.0,9.0,0.6923076923076923,11.923076923076923,155,11.923076923076923,155,-13.923076923076923,0.9152516513956873,-27.73076923076923,-0.18957219508217818,2.1576735230581385,1.6751359751359751,0.4825375479221633,8.194982511978377,25.307692307692307,329.0,56.0,19.23076923076923,250.0,44.0,NFC East,3,6.076923076923077,79,0.45702561327561325,0.6360769230769231,6.275384615384615,4.881343605418676,1.8461538461538463,1.2307692307692308,0.8833333333333334,51.76923076923077,2.5384615384615383,-2.0,0.35023822331514637,0.563923076923077,5.243846153846154,3.7765197589408106,1.1538461538461537,0.6153846153846154,0.8722222222222222,62.53846153846154,2.3846153846153846,0.35023822331514637,0.8050174880216225,2010,0.3836630170368292,0.2796132850982389,PHI vs. NYG,NYG,1569.4008722924666,4.0,PHI,1633.5535211465535,4.0,0,-7,-3.0,0,-155.0,140.0,1,0
NYG,15.0,9.0,0.6,12.133333333333333,182,12.133333333333333,182,-14.34,0.7651738864950097,-21.76,0.158955329122539,2.104782254782255,1.8635061235061234,0.24127613127613123,8.667176253496685,25.133333333333333,377.0,64.0,22.2,333.0,56.0,NFC East,-2,2.933333333333333,44,0.4820031159316874,0.6249333333333333,6.265333333333333,4.731265840517998,2.0,1.0666666666666667,0.9027777777777778,50.2,2.7333333333333334,-6.0,0.3571345647816236,0.5738,5.851333333333333,4.125047283145528,1.4666666666666666,0.7333333333333333,0.8904761904761905,58.266666666666666,2.3333333333333335,0.3571345647816236,0.3328237465033155,2011-01-02,2010,0.3594508131048397,0.2940066409539142,WAS,15.0,6.0,0.4,12.2,183,12.0,180,-26.013333333333332,0.15747438533753505,-11.213333333333333,0.8359384875799732,1.602742535242535,1.9837596662596662,-0.3810171310171311,6.701493253100743,19.2,288.0,52.0,24.0,360.0,63.0,NFC East,1,-4.8,-72,0.5306695288838146,0.5687333333333334,5.617999999999999,4.123566339360524,1.2666666666666666,0.6,0.7115384615384616,41.46666666666667,1.8,-1.0,0.2848309533603651,0.6357333333333333,7.138000000000001,4.802030441602962,1.4666666666666666,0.9333333333333333,0.7714285714285715,54.333333333333336,1.7333333333333334,0.2848309533603651,-0.7014932531007432,2010,0.2708642443857054,0.31029849076098265,NYG vs. WAS,WAS,1442.2985150532656,17.0,NYG,1584.5191123590737,8.0,0,-3,4.5,1,186.0,-208.0,1,0
NYJ,13.0,9.0,0.6923076923076923,12.0,156,12.0,156,-24.738461538461536,0.39872809810935456,-21.292307692307695,-0.43156685029638037,1.771822194899118,1.6169428861736554,0.1548793087254625,7.105105618919162,21.0,273.0,51.0,18.615384615384617,242.0,44.0,AFC East,-2,2.3846153846153846,31,0.49400853775853776,0.5400769230769231,5.702307692307692,4.364820052132344,1.3076923076923077,0.6923076923076923,0.7038461538461539,65.84615384615384,1.3846153846153846,5.0,0.36897243028464743,0.49923076923076926,6.259230769230769,3.5345251037266086,1.5384615384615385,0.6153846153846154,0.7916666666666666,46.0,1.7692307692307692,0.36897243028464743,1.8948943810808379,2010-12-19,2010,0.37457574626978435,0.30146713647315426,PIT,13.0,10.0,0.7692307692307693,10.846153846153847,141,11.153846153846153,145,-10.984615384615385,0.09461634902402369,-25.353846153846156,-1.0143600856734736,2.0934119299503915,1.3840753263830186,0.7093366035673727,8.590863594774529,22.307692307692307,290.0,51.0,15.23076923076923,198.0,40.0,AFC North,4,7.076923076923077,92,0.5602753727753728,0.623,7.084615384615384,4.060708303047013,1.3076923076923077,0.7692307692307693,0.7515151515151515,61.76923076923077,1.2307692307692308,14.0,0.3966404940089151,0.6296923076923077,5.073076923076924,2.951731868349515,1.0769230769230769,0.3076923076923077,0.8541666666666666,46.15384615384615,2.3076923076923075,0.3966404940089151,1.4091364052254711,2010,0.4009088688851605,0.28454400859894896,NYJ vs. PIT,PIT,1687.3513966081364,3.0,NYJ,1569.13211840219,5.0,0,-5,-3.5,0,-194.0,174.0,0,0
NYJ,2.0,13.0,6.5,11.5,207,11.444444444444445,206,-21.11111111111111,0.41764245667229516,-21.422222222222224,-0.31225944965606445,2.033938283938284,1.7282177698844365,0.3057205140538473,10.369941852787687,22.88888888888889,412.0,71.0,18.944444444444443,341.0,61.0,AFC East,3,3.9444444444444446,71,0.5398991531344473,0.5589999999999999,6.010000000000001,4.3837344106952845,1.2777777777777777,0.9444444444444444,0.7305555555555556,54.666666666666664,1.2222222222222223,9.0,0.40294732500614855,0.5183888888888889,6.027222222222222,3.6538325043669246,1.5,0.6111111111111112,0.8154761904761905,40.72222222222222,1.7222222222222223,0.40294732500614855,2.6300581472123135,2011-01-23,2010,0.7940437885315804,0.5374600654853182,PIT,1.0,13.0,13.0,10.647058823529411,181,10.764705882352942,183,-7.317647058823528,0.018479360002784134,-30.605882352941173,-1.0169194371255585,2.2959891415773765,1.4525090922149746,0.8434800493624024,11.557632943489155,23.88235294117647,406.0,71.0,15.058823529411764,256.0,49.0,AFC North,3,8.823529411764707,150,1.305737665112665,0.6237647058823529,7.497647058823529,3.9845713140257732,1.411764705882353,1.0,0.7622222222222222,58.588235294117645,1.1764705882352942,18.0,0.42659430555077976,0.6057058823529412,4.445294117647059,2.9491725168974305,0.9411764705882353,0.35294117647058826,0.890625,47.11764705882353,2.235294117647059,0.42659430555077976,1.4423670565108448,2010,0.9580555857031491,0.38620757250836835,NYJ vs. PIT,PIT,1687.3513966081364,3.0,NYJ,1569.13211840219,5.0,0,-5,-3.5,0,-194.0,174.0,0,0
WAS,3.0,1.0,0.3333333333333333,10.333333333333334,31,11.0,33,-14.066666666666665,-0.048785901167064306,-7.8666666666666645,-0.4017321396631748,1.7845117845117846,1.9259259259259258,-0.1414141414141414,1.4344673124729899,18.666666666666668,56.0,11.0,22.333333333333332,67.0,13.0,NFC East,-2,-3.6666666666666665,-11,0.5,0.6,7.553333333333335,3.9173060528559254,0.6666666666666666,0.6666666666666666,0.8333333333333334,55.0,0.6666666666666666,2.0,0.17692307692307693,0.6663333333333333,7.023333333333333,3.5643598143598143,1.6666666666666667,0.6666666666666666,0.5,75.0,1.3333333333333333,0.17692307692307693,-0.43446731247298986,2010-10-03,2010,0.3034501028257754,0.2055749993722336,PHI,3.0,2.0,0.6666666666666666,11.666666666666666,35,11.666666666666666,35,1.2666666666666657,2.0618500273672686,-39.300000000000004,0.28951702033598536,2.356060606060606,1.7296037296037297,0.6264568764568763,1.8772212236483319,27.666666666666668,83.0,13.0,20.666666666666668,62.0,11.0,NFC East,2,7.0,21,0.25,0.5946666666666666,8.213333333333333,6.027941981390257,2.0,1.6666666666666667,1.0,79.66666666666667,0.3333333333333333,4.0,0.39926739926739924,0.534,3.4,4.2556089743589745,1.3333333333333333,1.0,1.0,44.333333333333336,1.6666666666666667,0.39926739926739924,0.12277877635166812,2010,0.3866297532625875,0.22238634799874615,WAS vs. PHI,PHI,1547.9853938919734,4.0,WAS,1435.9935000197115,19.0,0,-5,-5.0,0,-240.0,214.0,1,0
PHI,4.0,2.0,0.5,11.25,45,11.0,44,-4.600000000000001,1.6548645320197042,-39.475,0.4327576338890988,2.0670454545454544,1.7694250194250194,0.297620435120435,2.181821417186611,23.75,95.0,16.0,19.75,79.0,14.0,NFC East,-1,4.0,16,0.27777777777777773,0.60675,7.4575000000000005,5.620956486042694,1.75,1.25,1.0,79.75,0.75,3.0,0.38873626373626374,0.50575,3.8525,4.398849587912088,1.25,1.0,1.0,40.75,1.5,0.38873626373626374,-0.18182141718661082,2010-10-10,2010,0.33939365180563463,0.22417329636015595,SFO,4.0,0.0,0.0,10.5,42,11.0,44,-33.8,-0.35886904725774815,-1.9999999999999964,-0.43655143582055167,1.2835858585858586,2.352651515151515,-1.0690656565656567,0.9304426229561744,13.0,52.0,8.0,25.75,103.0,18.0,NFC West,-4,-12.75,-51,0.8888888888888888,0.62525,4.25,3.607222906765241,0.75,0.5,1.0,49.0,2.5,-6.0,0.3393790849673203,0.6795,7.115,3.5295405182024373,2.0,0.5,0.875,47.25,1.0,0.3393790849673203,-0.9304426229561744,2010,0.14616939890684882,0.211659277197664,PHI vs. SFO,SFO,1361.531553354465,25.0,PHI,1482.4043965769608,10.0,0,-3,-3.0,0,-175.0,158.0,0,0
PHI,6.0,4.0,0.6666666666666666,11.166666666666666,67,11.5,69,2.366666666666667,1.2282559047683062,-31.8,0.09725593712095486,2.256818181818182,1.7234200984200985,0.5333980833980833,3.5570969796466962,25.5,153.0,25.0,20.0,120.0,21.0,NFC East,2,5.5,33,0.32666666666666666,0.6495,8.225,5.1943478587912955,1.8333333333333333,1.1666666666666667,0.7291666666666666,71.16666666666667,0.8333333333333334,8.0,0.3841575091575091,0.5353333333333333,4.565,4.063347891143944,1.6666666666666667,0.6666666666666666,0.8333333333333334,43.0,2.1666666666666665,0.3841575091575091,0.44290302035330376,2010-10-24,2010,0.4006780485294343,0.27608928364110963,TEN,6.0,4.0,0.6666666666666666,11.0,66,11.5,69,1.2333333333333354,0.4587542777338118,-31.05,0.019462250226867244,2.607972582972583,1.3676638176638176,1.2403087653087652,4.046173589827233,27.0,162.0,28.0,16.333333333333332,98.0,21.0,AFC South,2,10.666666666666666,64,0.5533333333333333,0.6383333333333333,7.628333333333334,4.424846231756801,1.5,1.3333333333333333,0.9444444444444443,73.5,1.6666666666666667,4.0,0.40589133089133095,0.6315,3.9766666666666666,3.985554204249856,1.0,0.16666666666666666,0.7777777777777777,76.66666666666667,2.3333333333333335,0.40589133089133095,-0.04617358982723285,2010,0.4209776249617108,0.2512810497913723,PHI vs. TEN,TEN,1586.1742532505573,4.0,PHI,1581.435088544822,4.0,1,18,-3.0,1,-142.0,129.0,0,0
PHI,8.0,5.0,0.625,11.375,91,11.75,94,-4.637499999999999,1.2315842626511273,-29.762500000000003,-0.1501093757460028,2.1872564935064935,1.8983343045843046,0.2889221889221889,4.275239074991136,24.75,198.0,36.0,22.625,181.0,31.0,NFC East,1,2.125,17,0.4306122448979592,0.628125,7.55625,5.197676216674116,1.625,1.0,0.8194444444444443,81.5,1.125,9.0,0.41589590964590967,0.5459999999999999,4.8275,3.8159825782769863,1.75,0.75,0.875,44.25,2.25,0.41589590964590967,0.724760925008864,2010-11-15,2010,0.43144422156637235,0.31844094238733345,WAS,8.0,4.0,0.5,12.25,98,12.625,101,-27.6,0.065076700509762,-15.5,0.8333383617574787,1.6116961163836163,1.6434275793650794,-0.031731462981462996,4.077281562626966,19.375,155.0,28.0,21.25,170.0,30.0,NFC East,-1,-1.875,-15,0.55,0.561875,5.695,4.031168654532751,0.875,0.75,0.78125,50.125,1.375,8.0,0.23547849209613916,0.639375,6.0225,4.799430315780468,1.75,0.375,0.6428571428571429,62.375,2.375,0.23547849209613916,-0.07728156262696562,2010,0.2829542299061798,0.2570316251499889,PHI vs. WAS,WAS,1435.9935000197115,19.0,PHI,1547.9853938919734,4.0,0,-31,3.5,0,163.0,-181.0,1,0
PIT,1.0,1.0,1.0,12.0,12,12.0,12,-22.400000000000006,0.6468112717834629,-33.8,-1.6460919540229892,1.25,0.75,0.5,0.7704151289294398,15.0,15.0,4.0,9.0,9.0,3.0,AFC North,1,6.0,6,0.5,0.6920000000000001,6.38,4.612903225806452,0.0,1.0,0.6,25.0,1.0,0.0,0.2857142857142857,0.614,4.36,2.32,0.0,0.0,0.75,24.0,1.0,0.2857142857142857,0.22958487107056025,2010-09-19,2010,0.4098616236901867,0.05739621776764006,TEN,1.0,1.0,1.0,11.0,11,12.0,12,39.30000000000001,1.2903183023872673,-33.7,1.2646772767462418,3.4545454545454546,1.0833333333333333,2.371212121212121,0.9270443186670329,38.0,38.0,6.0,13.0,13.0,3.0,AFC South,1,25.0,25,0.5,0.765,10.59,5.256410256410256,2.0,3.0,1.0,81.0,1.0,1.0,0.5333333333333333,0.595,3.38,5.230769230769231,1.0,0.0,0.6666666666666666,77.0,2.0,0.5333333333333333,0.07295568133296715,2010,0.5852485534543458,0.018238920333241787,PIT vs. TEN,TEN,1550.0,1.0,PIT,1550.0,1.0,0,-8,-6.0,0,-260.0,231.0,0,0
PIT,2.0,2.0,1.0,12.5,25,13.0,26,-31.85,-0.05357973505915714,-38.95,-1.7606374085684438,1.3557692307692308,0.7678571428571428,0.5879120879120878,1.5554594956137169,17.0,34.0,8.0,10.0,20.0,5.0,AFC North,2,7.0,14,1.0,0.6105,3.81,3.912512218963832,0.0,0.5,0.8,30.0,1.0,6.0,0.2095238095238095,0.6499999999999999,3.2800000000000002,2.205454545454545,0.5,0.0,0.875,48.0,4.0,0.2095238095238095,0.4445405043862831,2010-09-26,2010,0.3911264807018053,0.138898125421758,TAM,2.0,2.0,1.0,11.5,23,11.5,23,-7.399999999999999,-0.5856997971602438,-47.05,0.09780791422470503,1.6538461538461537,0.8884615384615384,0.7653846153846154,1.5363515380000399,18.5,37.0,7.0,10.5,21.0,3.0,NFC South,2,8.0,16,0.0,0.5435,7.290000000000001,3.3803921568627455,2.0,0.0,1.0,42.5,1.0,4.0,0.4201680672268907,0.5005,3.7199999999999998,4.063899868247694,1.0,0.5,0.0,47.5,3.0,0.4201680672268907,0.4636484619999601,2010,0.3749030268260809,0.09545533447825827,PIT vs. TAM,TAM,1585.9935000197115,1.0,PIT,1600.0,1.0,0,-25,2.0,0,127.0,-140.0,0,0
SEA,12.0,6.0,0.5,11.083333333333334,133,11.916666666666666,143,-28.50833333333333,-0.4596516023600681,-14.066666666666665,0.09887225205770729,1.8507478632478633,2.102013727013727,-0.25126586376586374,5.377221994994385,20.0,240.0,41.0,24.083333333333332,289.0,49.0,NFC West,1,-4.083333333333333,-49,0.46443329397874855,0.59,5.225,3.506440351662921,0.9166666666666666,0.75,0.8518518518518519,54.916666666666664,1.8333333333333333,-2.0,0.37184748122248124,0.5678333333333333,7.1258333333333335,4.064964206080696,1.6666666666666667,1.0833333333333333,0.7696969696969697,49.25,1.6666666666666667,0.37184748122248124,0.6227780050056149,2010-12-12,2010,0.32426935977771315,0.3318858521242862,SFO,12.0,4.0,0.3333333333333333,11.0,132,11.25,135,-25.066666666666666,0.07307652107163132,-10.374999999999998,-0.5083723628278561,1.5495985495985496,1.9506132756132757,-0.40101472601472604,5.019060540123183,16.916666666666668,203.0,36.0,21.583333333333332,259.0,48.0,NFC West,-1,-4.666666666666667,-56,0.541401023219205,0.5581666666666666,5.984166666666667,4.039168475094621,1.0833333333333333,0.5833333333333334,0.8333333333333334,62.25,1.6666666666666667,-6.0,0.34295290765879,0.6388333333333334,6.6475,3.457719591195133,1.5,0.5833333333333334,0.8194444444444445,53.75,1.1666666666666667,0.34295290765879,-1.0190605401231831,2010,0.24956680590629127,0.29573153955190573,SEA vs. SFO,SFO,1500.0,1.0,SEA,1500.0,1.0,1,19,-4.5,1,-203.0,182.0,1,0
SEA,14.0,6.0,0.42857142857142855,11.142857142857142,156,11.785714285714286,165,-31.599999999999998,-0.37832057034654604,-10.97142857142857,-0.041324979727594524,1.8282384282384283,2.282678432678433,-0.4544400044400044,5.736976812582793,19.928571428571427,279.0,46.0,25.928571428571427,363.0,61.0,NFC West,-2,-6.0,-84,0.4837118010194933,0.5905714285714286,4.826428571428571,3.587771383676443,0.9285714285714286,0.7857142857142857,0.7878787878787878,57.857142857142854,2.142857142857143,-9.0,0.3711073648573649,0.5725,7.277857142857143,3.9247669742953946,1.8571428571428572,0.9285714285714286,0.8051282051282052,45.785714285714285,1.5,0.3711073648573649,0.26302318741720665,2010-12-26,2010,0.3004116605408386,0.35023567724348464,TAM,14.0,8.0,0.5714285714285714,10.285714285714286,144,10.428571428571429,146,-8.885714285714288,0.5227374529700253,-21.785714285714285,0.840338439320097,1.949298915370344,2.0983252858252857,-0.1490263704549419,7.057050544373695,20.0,280.0,47.0,20.714285714285715,290.0,47.0,NFC South,-1,-0.7142857142857143,-10,0.49524898178744337,0.6009285714285715,7.251428571428571,4.488829406993014,1.3571428571428572,0.6428571428571429,0.8076923076923077,54.357142857142854,1.2142857142857142,8.0,0.4247979261634724,0.5877857142857142,5.731428571428571,4.806430393343086,1.5714285714285714,0.7142857142857143,0.7833333333333333,44.357142857142854,1.7857142857142858,0.4247979261634724,0.9429494556263052,2010,0.3483723335389069,0.3206059806332859,SEA vs. TAM,TAM,1490.1393016990062,11.0,SEA,1393.5286533988558,18.0,1,23,-5.0,1,-230.0,205.0,0,0
TAM,9.0,6.0,0.6666666666666666,10.444444444444445,94,10.444444444444445,94,-8.744444444444447,0.3829097341943856,-22.455555555555556,0.8650635956634161,1.9693278943278945,2.3356664939998275,-0.36633859967193305,4.472929271410728,20.88888888888889,188.0,30.0,22.88888888888889,206.0,33.0,NFC South,1,-2.0,-18,0.49241071428571426,0.6153333333333334,7.273333333333334,4.349001688217374,1.3333333333333333,0.6666666666666666,0.8125,51.888888888888886,1.5555555555555556,5.0,0.4339449221802163,0.585,5.783333333333333,4.831155549686405,1.6666666666666667,0.8888888888888888,0.7857142857142857,48.44444444444444,2.111111111111111,0.4339449221802163,1.5270707285892717,2010-11-21,2010,0.37330038044642805,0.37162332629248934,SFO,9.0,3.0,0.3333333333333333,11.222222222222221,101,11.555555555555555,104,-18.88888888888889,-0.1257258586631681,-13.177777777777775,-0.36012817009181625,1.588353621686955,1.929100529100529,-0.3407469074135741,3.903078002508253,17.77777777777778,160.0,27.0,22.0,198.0,37.0,NFC West,2,-4.222222222222222,-38,0.544047619047619,0.5893333333333333,6.581111111111111,3.840366095359821,1.2222222222222223,0.5555555555555556,0.8571428571428571,73.0,1.7777777777777777,-4.0,0.341885928160438,0.6525555555555556,6.272222222222222,3.6059637839311733,1.4444444444444444,0.5555555555555556,0.9074074074074073,56.55555555555556,1.3333333333333333,0.341885928160438,-0.903078002508253,2010,0.24050263358886378,0.2805407199863191,TAM vs. SFO,SFO,1459.9120807562329,19.0,TAM,1573.807983001754,4.0,0,-21,-3.5,0,-199.0,179.0,0,0
TAM,12.0,7.0,0.5833333333333334,10.583333333333334,127,10.5,126,-10.825000000000003,0.41693795853113214,-24.375,0.5431958858296589,1.8944201631701632,2.1138710826210825,-0.21945091945091946,6.103252159737877,20.25,243.0,39.0,20.916666666666668,251.0,39.0,NFC South,-2,-0.6666666666666666,-8,0.5264364423455332,0.5955,6.896666666666667,4.383029912554121,1.4166666666666667,0.6666666666666666,0.7727272727272727,56.833333333333336,1.25,9.0,0.4261531360796067,0.5829166666666666,5.4925,4.509287839852648,1.5833333333333333,0.75,0.8125,44.916666666666664,2.0,0.4261531360796067,0.8967478402621234,2010-12-12,2010,0.33003488567599926,0.3068605593718405,WAS,12.0,5.0,0.4166666666666667,12.25,147,12.166666666666666,146,-28.133333333333336,0.04898104954274548,-12.75,1.0634941434368939,1.5358957015207013,1.9790585571835573,-0.44316285566285574,5.198464654885836,18.5,222.0,41.0,24.416666666666668,293.0,49.0,NFC East,-2,-5.916666666666667,-71,0.5424471992653811,0.5695,5.575833333333333,4.0150730035657345,1.0,0.6666666666666666,0.7196969696969697,44.333333333333336,1.8333333333333333,0.0,0.2722634391752039,0.6400833333333333,6.804166666666667,5.029586097459883,1.5,1.0,0.7727272727272727,55.416666666666664,1.8333333333333333,0.2722634391752039,-0.19846465488583576,2010,0.2742987240077555,0.30209773510878657,TAM vs. WAS,WAS,1411.6942826795953,20.0,TAM,1532.3984452087366,12.0,0,-1,1.0,0,106.0,-117.0,0,0
WAS,9.0,4.0,0.4444444444444444,12.333333333333334,111,12.555555555555555,113,-28.311111111111114,0.2653172203764933,-8.155555555555557,1.060302244799415,1.6719350094350094,2.0071208112874777,-0.3351858018524686,4.223267289273743,20.333333333333332,183.0,32.0,25.444444444444443,229.0,38.0,NFC East,-2,-5.111111111111111,-46,0.559375,0.5603333333333333,5.69,4.231409174399483,1.0,0.8888888888888888,0.78125,49.111111111111114,1.5555555555555556,5.0,0.20931421519656815,0.6476666666666666,6.987777777777778,5.026394198822405,2.0,0.6666666666666666,0.6875,59.333333333333336,2.111111111111111,0.20931421519656815,-0.22326728927374262,2010-11-21,2010,0.2811365833265668,0.2905760501549634,TEN,9.0,5.0,0.5555555555555556,11.333333333333334,102,11.666666666666666,105,-6.088888888888888,0.2844353133920262,-25.011111111111113,-0.014992637028531548,2.4648203648203646,1.6888321554988222,0.7759882093215427,5.436488262281395,26.77777777777778,241.0,41.0,19.88888888888889,179.0,38.0,AFC South,-2,6.888888888888889,62,0.5273809523809524,0.5946666666666667,7.23888888888889,4.250527267415015,1.6666666666666667,1.1111111111111112,0.9629629629629629,68.11111111111111,1.7777777777777777,4.0,0.3736925111925112,0.6366666666666667,4.858888888888889,3.9510993169944575,1.2222222222222223,0.4444444444444444,0.8518518518518517,76.11111111111111,2.2222222222222223,0.3736925111925112,-0.4364882622813946,2010,0.38246621050812946,0.30414121273365824,WAS vs. TEN,TEN,1495.0049475465678,11.0,WAS,1452.678281357919,16.0,0,-3,-7.0,0,-310.0,273.0,0,0
